Transaction_ID,CDR_ID,Relationship_Type,Time_Difference_Seconds,Is_Correlated
TXN2501013A3ZMF,,NO_MATCH,,0
TXN250101PJA1WJ,,NO_MATCH,,0
ATM250101TZK3NY,,NO_MATCH,,0
TXN250101XB9YO1,,NO_MATCH,,0
UPI250101RUJOQW,,NO_MATCH,,0
ATM250101OZJCNS,,NO_MATCH,,0
TXN250101KL8CGN,,NO_MATCH,,0
ATM250101IJC1YD,,NO_MATCH,,0
UPI250101D3GO8J,,NO_MATCH,,0
UPI250101TAJW25,,NO_MATCH,,0
TXN250101HUB2RT,,NO_MATCH,,0
UPI250101K2LSLA,,NO_MATCH,,0
UPI250102G585I8,,NO_MATCH,,0
IMPS2501022LG1ZH,,NO_MATCH,,0
ATM250102Z43XZ6,,NO_MATCH,,0
UPI250102B7V80L,,NO_MATCH,,0
UPI250102JPT2ZL,,NO_MATCH,,0
ATM250102R0XAFG,,NO_MATCH,,0
UPI250102D0771H,,NO_MATCH,,0
ATM250102W165AE,,NO_MATCH,,0
TXN250102KMU6U4,,NO_MATCH,,0
UPI2501035EP4CW,,NO_MATCH,,0
UPI250103TNYFM7,,NO_MATCH,,0
ATM250103JMK3TG,,NO_MATCH,,0
ATM250103I2NR1P,,NO_MATCH,,0
ATM250103GB205H,,NO_MATCH,,0
UPI25010327PSQZ,,NO_MATCH,,0
TXN250103DF4HRA,,NO_MATCH,,0
ATM2501036DF08U,,NO_MATCH,,0
UPI250103VMSR75,,NO_MATCH,,0
UPI250103E0JXYO,,NO_MATCH,,0
ATM250103XHBQAM,,NO_MATCH,,0
ATM250103NFMOCT,,NO_MATCH,,0
IMPS250103486D43,,NO_MATCH,,0
UPI250104IO2F2N,,NO_MATCH,,0
UPI250104BV0DEO,,NO_MATCH,,0
ATM2501040O7Y4X,,NO_MATCH,,0
ATM250104NC19AR,,NO_MATCH,,0
UPI250104NQ06UJ,,NO_MATCH,,0
TXN2501046I62R2,,NO_MATCH,,0
UPI250104RTP08I,,NO_MATCH,,0
TXN2501049DSSRK,,NO_MATCH,,0
ATM2501045TK9VJ,,NO_MATCH,,0
UPI250105FXH8P0,,NO_MATCH,,0
UPI2501050SZKBN,,NO_MATCH,,0
ATM250105112CD4,,NO_MATCH,,0
ATM250105LKW5E1,,NO_MATCH,,0
UPI250105ZUNQ2W,,NO_MATCH,,0
IMPS250106B8X6JM,,NO_MATCH,,0
ATM2501069PQRMO,,NO_MATCH,,0
UPI250106NYMSOR,,NO_MATCH,,0
ATM250106AH35QR,,NO_MATCH,,0
ATM250106MEMTO2,,NO_MATCH,,0
UPI250106FTIXDW,,NO_MATCH,,0
TXN250106AO765Z,,NO_MATCH,,0
UPI25010600H4FL,,NO_MATCH,,0
UPI250107X2N2SU,,NO_MATCH,,0
UPI250107WNT0Z8,,NO_MATCH,,0
IMPS250107DO8YU9,,NO_MATCH,,0
ATM250107XFE3JW,,NO_MATCH,,0
UPI2501078HCQUT,,NO_MATCH,,0
ATM250107O9NLUP,,NO_MATCH,,0
ATM2501070NT95O,,NO_MATCH,,0
TXN250107Q3T08A,,NO_MATCH,,0
ATM250107IC0OQF,,NO_MATCH,,0
TXN250107L30PYN,,NO_MATCH,,0
TXN250107IGKPLR,,NO_MATCH,,0
ATM250107GSHXM4,,NO_MATCH,,0
ATM250108VUNSVQ,,NO_MATCH,,0
ATM250108OTWSJ5,,NO_MATCH,,0
ATM250108PRYVF3,,NO_MATCH,,0
UPI250108XJ2EZN,,NO_MATCH,,0
TXN2501091MPYYN,,NO_MATCH,,0
ATM250109SM4FSH,,NO_MATCH,,0
ATM250109MUB6QF,,NO_MATCH,,0
TXN250109VC1U5W,,NO_MATCH,,0
UPI2501091PLAYY,,NO_MATCH,,0
TXN2501095IPRUI,,NO_MATCH,,0
UPI2501090EN9UU,,NO_MATCH,,0
ATM25011042Q5IM,,NO_MATCH,,0
TXN250110K9L1WD,,NO_MATCH,,0
ATM250110H640IW,,NO_MATCH,,0
TXN250110P1DHDG,,NO_MATCH,,0
ATM25011010LGS4,,NO_MATCH,,0
IMPS250110CP1YB3,,NO_MATCH,,0
TXN250110BVJIH4,,NO_MATCH,,0
ATM250110E1SFXU,,NO_MATCH,,0
ATM25011078LZX4,,NO_MATCH,,0
ATM250110QP6I0T,,NO_MATCH,,0
ATM2501106KD7GI,,NO_MATCH,,0
ATM250111D2XD3T,,NO_MATCH,,0
ATM250111B9VDX0,,NO_MATCH,,0
ATM250111DZ63MJ,,NO_MATCH,,0
UPI250111DE5E8N,,NO_MATCH,,0
ATM250111BYVSCA,,NO_MATCH,,0
UPI250111FVSXCV,,NO_MATCH,,0
TXN2501113FRLIM,,NO_MATCH,,0
UPI2501119X9CQJ,,NO_MATCH,,0
IMPS250111GO93KH,,NO_MATCH,,0
ATM250111K7DCU8,,NO_MATCH,,0
IMPS250111GD4PUH,,NO_MATCH,,0
UPI250112ONY8MZ,,NO_MATCH,,0
UPI250112KZW4QV,,NO_MATCH,,0
ATM250112IFR8H6,,NO_MATCH,,0
ATM250112TEKATK,,NO_MATCH,,0
TXN250112BWQTVL,,NO_MATCH,,0
UPI250112X89J8E,,NO_MATCH,,0
UPI250112R7I2HM,,NO_MATCH,,0
TXN250112A0H6IP,,NO_MATCH,,0
ATM250112W2LMEG,,NO_MATCH,,0
TXN250113CBZ2DL,,NO_MATCH,,0
TXN250113DT62IN,,NO_MATCH,,0
TXN2501137XZUY8,,NO_MATCH,,0
TXN250113K0I5FX,,NO_MATCH,,0
UPI250113QIVUL5,,NO_MATCH,,0
ATM250113R0UPP3,,NO_MATCH,,0
ATM250113THV1D1,,NO_MATCH,,0
TXN250113FFO678,,NO_MATCH,,0
ATM250113JYRGJ0,,NO_MATCH,,0
ATM2501132BWQNX,,NO_MATCH,,0
UPI250113VYL6CA,,NO_MATCH,,0
ATM25011403Y3PA,,NO_MATCH,,0
UPI250114YGXJEX,,NO_MATCH,,0
TXN250114YEBK9F,,NO_MATCH,,0
IMPS2501140X2HZ4,,NO_MATCH,,0
UPI250114E2X0L1,,NO_MATCH,,0
UPI250114VKKZCO,,NO_MATCH,,0
UPI250114C6FS87,,NO_MATCH,,0
ATM250114C83O3N,,NO_MATCH,,0
TXN250114MWBV6I,,NO_MATCH,,0
IMPS250114WOZMLB,,NO_MATCH,,0
TXN2501153RXDT5,,NO_MATCH,,0
UPI2501150ML2NY,,NO_MATCH,,0
IMPS250115UAHPC6,,NO_MATCH,,0
TXN250115OM3TC2,,NO_MATCH,,0
ATM250115VIZEUU,,NO_MATCH,,0
ATM250115JWI7N5,,NO_MATCH,,0
UPI250115GAVJBS,,NO_MATCH,,0
ATM250115ADC13V,,NO_MATCH,,0
ATM250115Q3Q4TJ,,NO_MATCH,,0
TXN2501168TZPH2,,NO_MATCH,,0
TXN250116F1SOYX,,NO_MATCH,,0
UPI250116YI3LP9,,NO_MATCH,,0
UPI25011626ER86,,NO_MATCH,,0
ATM250116CIZHD8,,NO_MATCH,,0
UPI250116OL6X9Q,,NO_MATCH,,0
UPI250116TYVQ0U,,NO_MATCH,,0
TXN250116RFW122,,NO_MATCH,,0
UPI2501164PKUQ5,,NO_MATCH,,0
IMPS250116FXHP9V,,NO_MATCH,,0
UPI250116QH1CPM,,NO_MATCH,,0
TXN250117FTGQP2,,NO_MATCH,,0
TXN250117M6595R,,NO_MATCH,,0
IMPS25011792V33P,,NO_MATCH,,0
UPI250117MYUI9H,,NO_MATCH,,0
IMPS250117TM7XL8,,NO_MATCH,,0
IMPS250117W0Y0U4,,NO_MATCH,,0
ATM2501171USP91,,NO_MATCH,,0
TXN2501178SO4VR,,NO_MATCH,,0
ATM250117HDVHRO,,NO_MATCH,,0
ATM250117EE1R0W,,NO_MATCH,,0
IMPS250117G8RAXV,,NO_MATCH,,0
UPI250117HP59MG,,NO_MATCH,,0
ATM250118DT79T6,,NO_MATCH,,0
UPI2501186Y5ULU,,NO_MATCH,,0
IMPS250118KKVOP6,,NO_MATCH,,0
UPI250119Z05H5R,,NO_MATCH,,0
TXN250119YYPC4C,,NO_MATCH,,0
UPI250119V3H06S,,NO_MATCH,,0
UPI250119FMQML2,,NO_MATCH,,0
UPI250119KE1FQG,,NO_MATCH,,0
UPI25011939UJW1,,NO_MATCH,,0
ATM250119P41MX7,,NO_MATCH,,0
ATM250119MVFTM1,,NO_MATCH,,0
IMPS250120CAX7VI,,NO_MATCH,,0
TXN250120V4PV82,,NO_MATCH,,0
TXN2501201TTJWY,,NO_MATCH,,0
ATM250120HWWOSO,,NO_MATCH,,0
IMPS250120NHWIC9,,NO_MATCH,,0
UPI250121OWRMUS,,NO_MATCH,,0
UPI2501212H3TX4,,NO_MATCH,,0
ATM250121TDMEHZ,,NO_MATCH,,0
ATM2501217YW5RE,,NO_MATCH,,0
UPI250121OUI871,,NO_MATCH,,0
TXN250121UA110O,,NO_MATCH,,0
IMPS250121UTRBLS,,NO_MATCH,,0
ATM250121GYFU2H,,NO_MATCH,,0
ATM2501217G7V0I,,NO_MATCH,,0
ATM2501219JQADK,,NO_MATCH,,0
UPI250121KNR7C8,,NO_MATCH,,0
TXN250121X324KH,,NO_MATCH,,0
UPI250121V47IQR,,NO_MATCH,,0
TXN25012182PPBQ,,NO_MATCH,,0
TXN250122NSA65S,,NO_MATCH,,0
TXN250122I2NT5N,,NO_MATCH,,0
IMPS25012234B2NC,,NO_MATCH,,0
ATM250122PX5JLF,,NO_MATCH,,0
ATM250122HAT9AY,,NO_MATCH,,0
IMPS250122JFSJU0,,NO_MATCH,,0
IMPS2501224EZP98,,NO_MATCH,,0
UPI2501223JLN69,,NO_MATCH,,0
ATM2501222X24B0,,NO_MATCH,,0
UPI250122HZX7L4,,NO_MATCH,,0
UPI250122BYLXFH,,NO_MATCH,,0
IMPS250122635XPG,,NO_MATCH,,0
UPI2501230FZPTR,,NO_MATCH,,0
TXN250123V2GKOO,,NO_MATCH,,0
ATM250123FKNR9V,,NO_MATCH,,0
UPI2501239GPLN8,,NO_MATCH,,0
TXN250123PFIIA9,,NO_MATCH,,0
ATM2501235JHL7I,,NO_MATCH,,0
ATM250123EV7PG7,,NO_MATCH,,0
ATM250124D4NRE6,,NO_MATCH,,0
ATM25012465FM6L,,NO_MATCH,,0
ATM2501244CD0TX,,NO_MATCH,,0
ATM2501241HVS96,,NO_MATCH,,0
ATM250124QPIG4E,,NO_MATCH,,0
ATM2501240J7H4W,,NO_MATCH,,0
ATM2501249U8013,,NO_MATCH,,0
UPI250124NHL2CS,,NO_MATCH,,0
ATM250125TW91DL,,NO_MATCH,,0
ATM250125VMKNQA,,NO_MATCH,,0
TXN250125IQJKK0,,NO_MATCH,,0
ATM250125WS02NU,,NO_MATCH,,0
UPI250125WLQYL2,,NO_MATCH,,0
UPI250125GJRK0C,,NO_MATCH,,0
UPI250125S17P4E,,NO_MATCH,,0
UPI2501259ZZ4VV,,NO_MATCH,,0
ATM250125JCXE4O,,NO_MATCH,,0
ATM250126MNLWQE,,NO_MATCH,,0
ATM250126CXHW7V,,NO_MATCH,,0
ATM250126DFZEAL,,NO_MATCH,,0
ATM250126EVCKG6,,NO_MATCH,,0
UPI250126ZMZ4ZK,,NO_MATCH,,0
UPI250126321S87,,NO_MATCH,,0
ATM250126A5EFS0,,NO_MATCH,,0
UPI250126WEF39Z,,NO_MATCH,,0
ATM250126VL5TCN,,NO_MATCH,,0
ATM250126YDEIJ3,,NO_MATCH,,0
UPI25012698Z7P8,,NO_MATCH,,0
ATM2501265HE83S,,NO_MATCH,,0
TXN250126ROHKU7,,NO_MATCH,,0
UPI250126V9UTTB,,NO_MATCH,,0
TXN250126WZ70G5,,NO_MATCH,,0
ATM2501270ELB2G,,NO_MATCH,,0
ATM2501273XN2SU,,NO_MATCH,,0
UPI250127UDWDU4,,NO_MATCH,,0
TXN250127C2KHGQ,,NO_MATCH,,0
TXN250127ZP6CYY,,NO_MATCH,,0
TXN2501272945SB,,NO_MATCH,,0
ATM250127A0QPLS,,NO_MATCH,,0
IMPS2501274J6X87,,NO_MATCH,,0
ATM250127TAY9VK,,NO_MATCH,,0
UPI250128TR6OOL,,NO_MATCH,,0
ATM250128FS936A,,NO_MATCH,,0
ATM250128RCLMV4,,NO_MATCH,,0
ATM250128VJKCH9,,NO_MATCH,,0
TXN250128PN927P,,NO_MATCH,,0
ATM250128J1JD6W,,NO_MATCH,,0
IMPS250128V3LE1S,,NO_MATCH,,0
IMPS25012845S4HN,,NO_MATCH,,0
IMPS25012820DUCG,,NO_MATCH,,0
TXN250129FFDDIF,,NO_MATCH,,0
UPI250129I8AILW,,NO_MATCH,,0
ATM250129P4Z3OA,,NO_MATCH,,0
IMPS250129T6JSZS,,NO_MATCH,,0
UPI250129YQIYOU,,NO_MATCH,,0
UPI250129V2X8TD,,NO_MATCH,,0
ATM250129SVM4O2,,NO_MATCH,,0
UPI2501294WK54Z,,NO_MATCH,,0
UPI250129SAODOH,,NO_MATCH,,0
UPI250129LWF99I,,NO_MATCH,,0
ATM25012979F3SP,,NO_MATCH,,0
TXN250129RGT21G,,NO_MATCH,,0
UPI2501307Y08ZU,,NO_MATCH,,0
UPI250130O9315L,,NO_MATCH,,0
UPI250130RX3DA1,,NO_MATCH,,0
TXN25013095JV0V,,NO_MATCH,,0
ATM250130BGW8L6,,NO_MATCH,,0
TXN250130DY1TEH,,NO_MATCH,,0
TXN250130W9ZR1K,,NO_MATCH,,0
IMPS250131T6Z652,,NO_MATCH,,0
TXN250131IPQOPH,,NO_MATCH,,0
TXN250131EWSBCY,,NO_MATCH,,0
ATM250131653247,,NO_MATCH,,0
UPI250131K4V0YV,,NO_MATCH,,0
UPI250131EY0W36,,NO_MATCH,,0
ATM2501314HGI3C,,NO_MATCH,,0
IMPS250131NQYHX2,,NO_MATCH,,0
UPI250131TOK841,,NO_MATCH,,0
ATM250201AIWRKR,,NO_MATCH,,0
UPI250201A2OT7H,,NO_MATCH,,0
ATM250201JWOFR8,,NO_MATCH,,0
UPI25020121AR8F,,NO_MATCH,,0
TXN250201X04N3J,,NO_MATCH,,0
UPI2502018YHDS2,,NO_MATCH,,0
TXN250201CM9CV3,,NO_MATCH,,0
IMPS2502014G4SM0,,NO_MATCH,,0
ATM2502014I173S,,NO_MATCH,,0
ATM2502012KEVZ6,,NO_MATCH,,0
TXN250201XLTF7R,,NO_MATCH,,0
TXN250201UPHEZU,,NO_MATCH,,0
UPI250202I24GME,,NO_MATCH,,0
ATM250202CBFKC2,,NO_MATCH,,0
ATM250202V8LBMR,,NO_MATCH,,0
TXN250202GBTK7F,,NO_MATCH,,0
ATM2502023QWSP4,,NO_MATCH,,0
ATM250202RB7KTT,,NO_MATCH,,0
IMPS250202FW4Z7Y,,NO_MATCH,,0
ATM250202PWA8AA,,NO_MATCH,,0
UPI250202NCQ4RG,,NO_MATCH,,0
TXN250202NMTSOX,,NO_MATCH,,0
IMPS250202BF0V74,,NO_MATCH,,0
ATM250203242BDO,,NO_MATCH,,0
ATM250203YB6COG,,NO_MATCH,,0
ATM2502039J8O82,,NO_MATCH,,0
UPI250203C7CMWE,,NO_MATCH,,0
UPI250203V42IX1,,NO_MATCH,,0
TXN250203BCL9PU,,NO_MATCH,,0
TXN250203AG8CE7,,NO_MATCH,,0
TXN250203OSUGBZ,,NO_MATCH,,0
IMPS25020311SSD4,,NO_MATCH,,0
TXN250203KH79UJ,,NO_MATCH,,0
UPI250203GZFMYU,,NO_MATCH,,0
UPI250203FH8CFU,,NO_MATCH,,0
ATM250204JXNS1C,,NO_MATCH,,0
TXN25020468HORW,,NO_MATCH,,0
TXN250204M1PEEK,,NO_MATCH,,0
UPI250204EC28V7,,NO_MATCH,,0
UPI250204Y24ALF,,NO_MATCH,,0
TXN250204BRL0JB,,NO_MATCH,,0
ATM250204SR8VEA,,NO_MATCH,,0
ATM250204YCCSAU,,NO_MATCH,,0
TXN2502042ZEO8T,,NO_MATCH,,0
IMPS250204I8JQ9E,,NO_MATCH,,0
ATM2502040FXWM6,,NO_MATCH,,0
UPI25020485JXAW,,NO_MATCH,,0
UPI2502040I1VZY,,NO_MATCH,,0
UPI2502043KK6OD,,NO_MATCH,,0
UPI2502048H5RSP,,NO_MATCH,,0
TXN250205LJTN1L,,NO_MATCH,,0
ATM250205920GRR,,NO_MATCH,,0
ATM250205TGUSSD,,NO_MATCH,,0
TXN250205NC9A1X,,NO_MATCH,,0
UPI250205NWDZ4R,,NO_MATCH,,0
ATM250205E4ZQIT,,NO_MATCH,,0
ATM250205BN4APF,,NO_MATCH,,0
ATM250205736UOV,,NO_MATCH,,0
UPI250205MJYBPY,,NO_MATCH,,0
UPI250205RDMNEJ,,NO_MATCH,,0
IMPS250205GYTG98,,NO_MATCH,,0
ATM250205J8NKAO,,NO_MATCH,,0
ATM2502058RS3A3,,NO_MATCH,,0
UPI2502058TSTXZ,,NO_MATCH,,0
ATM250205XA5KNR,,NO_MATCH,,0
TXN250206ALZU2R,,NO_MATCH,,0
ATM250206GXK02J,,NO_MATCH,,0
UPI250206FS3EQW,,NO_MATCH,,0
TXN250206W7SHK7,,NO_MATCH,,0
TXN2502067CHGV1,,NO_MATCH,,0
UPI250206DULU6I,,NO_MATCH,,0
TXN250206OY3NEI,,NO_MATCH,,0
ATM250206EOHKTE,,NO_MATCH,,0
TXN250206BZCOF8,,NO_MATCH,,0
UPI2502069BGMTQ,,NO_MATCH,,0
UPI250206G5PCPO,,NO_MATCH,,0
TXN250207TLBGNK,,NO_MATCH,,0
UPI2502072A8E9F,,NO_MATCH,,0
ATM250207SKDKDV,,NO_MATCH,,0
ATM250207UM3ZCY,,NO_MATCH,,0
UPI2502078GWLK2,,NO_MATCH,,0
UPI250207P90OT7,,NO_MATCH,,0
ATM250207S698U6,,NO_MATCH,,0
TXN2502078K8IH5,,NO_MATCH,,0
ATM250207X3VCL7,,NO_MATCH,,0
UPI250207SXNYND,,NO_MATCH,,0
ATM2502087KP75Q,,NO_MATCH,,0
UPI250208KYH53Z,,NO_MATCH,,0
TXN250208LETCMA,,NO_MATCH,,0
IMPS25020862U2AU,,NO_MATCH,,0
ATM250208FIZ5C8,,NO_MATCH,,0
UPI250208GCL8K3,,NO_MATCH,,0
UPI2502096JXIJJ,,NO_MATCH,,0
ATM250209R421U7,,NO_MATCH,,0
TXN250209DXDY58,,NO_MATCH,,0
ATM250209H9FVX7,,NO_MATCH,,0
UPI250209BUXA44,,NO_MATCH,,0
UPI250209GHHH7D,,NO_MATCH,,0
TXN250209XWGXLZ,,NO_MATCH,,0
UPI2502106BKK2N,,NO_MATCH,,0
ATM250210MSRN3L,,NO_MATCH,,0
TXN25021061YS89,,NO_MATCH,,0
UPI250210HQ8PJZ,,NO_MATCH,,0
ATM250210BGFS6R,,NO_MATCH,,0
UPI250210KWEKXH,,NO_MATCH,,0
IMPS250210PLXL37,,NO_MATCH,,0
ATM250210RQOP1D,,NO_MATCH,,0
UPI250211PO030P,,NO_MATCH,,0
IMPS250211SM5BS4,,NO_MATCH,,0
TXN250211FVAWW1,,NO_MATCH,,0
UPI250211R3SGLC,,NO_MATCH,,0
ATM250211QVFIH5,,NO_MATCH,,0
ATM250211EPN04R,,NO_MATCH,,0
IMPS2502119NMG56,,NO_MATCH,,0
UPI25021172982R,,NO_MATCH,,0
ATM250211OCNUYN,,NO_MATCH,,0
UPI250211ESI0OD,,NO_MATCH,,0
ATM250211B2KE8I,,NO_MATCH,,0
ATM250211IUAFYF,,NO_MATCH,,0
UPI250211CGA59O,,NO_MATCH,,0
ATM250211GYAPNF,,NO_MATCH,,0
TXN250212SMBFZP,,NO_MATCH,,0
ATM250212M1VTJP,,NO_MATCH,,0
IMPS250212BYA3OZ,,NO_MATCH,,0
UPI2502121MU3VE,,NO_MATCH,,0
TXN250212T6WYRQ,,NO_MATCH,,0
IMPS250212PR07E3,,NO_MATCH,,0
ATM250212NCBCDV,,NO_MATCH,,0
UPI2502120QYTA7,,NO_MATCH,,0
TXN2502123VKP40,,NO_MATCH,,0
TXN250212ZYKZQY,,NO_MATCH,,0
ATM250213WXKYCG,,NO_MATCH,,0
TXN250213FZX9RH,,NO_MATCH,,0
ATM250213YH4PM6,,NO_MATCH,,0
ATM250214BWYPAE,,NO_MATCH,,0
TXN250214QER3MW,,NO_MATCH,,0
TXN250214REM7WF,,NO_MATCH,,0
ATM250214ZKFE99,,NO_MATCH,,0
TXN250215GVLOXU,,NO_MATCH,,0
TXN250215HIEM6T,,NO_MATCH,,0
ATM250215JXH5P5,,NO_MATCH,,0
ATM250215X7XMFK,,NO_MATCH,,0
UPI250215B8MVHE,,NO_MATCH,,0
TXN250215PUINDB,,NO_MATCH,,0
UPI2502152ST3GW,,NO_MATCH,,0
ATM250215HWKYV4,,NO_MATCH,,0
UPI250215T7U8WR,,NO_MATCH,,0
ATM250216GSTY66,,NO_MATCH,,0
ATM250216BTG5O0,,NO_MATCH,,0
TXN250216X5AO52,,NO_MATCH,,0
IMPS250216A5SHI5,,NO_MATCH,,0
TXN250217NYVA1C,,NO_MATCH,,0
TXN250217CYHJUO,,NO_MATCH,,0
ATM2502178XRZ2S,,NO_MATCH,,0
TXN250217YLJ6KC,,NO_MATCH,,0
UPI250217XQLJCK,,NO_MATCH,,0
ATM250217J66M2W,,NO_MATCH,,0
UPI250217WE8EN3,,NO_MATCH,,0
TXN250217Q7Q0DA,,NO_MATCH,,0
ATM250217SBLZS4,,NO_MATCH,,0
TXN250217V44JT6,,NO_MATCH,,0
TXN250217QUG3FX,,NO_MATCH,,0
ATM250217RUHFCW,,NO_MATCH,,0
ATM250218WRX04E,,NO_MATCH,,0
ATM2502181FI2DU,,NO_MATCH,,0
TXN250218R5RPQ2,,NO_MATCH,,0
TXN25021851VJQD,,NO_MATCH,,0
ATM25021865PYMT,,NO_MATCH,,0
UPI250218BGI0UP,,NO_MATCH,,0
ATM2502185DAMX3,,NO_MATCH,,0
UPI250218HZFTZK,,NO_MATCH,,0
TXN250218TH1L8W,,NO_MATCH,,0
UPI250218YS8TJV,,NO_MATCH,,0
ATM250218A3AR0M,,NO_MATCH,,0
ATM250218S2OML5,,NO_MATCH,,0
TXN250218VFGF84,,NO_MATCH,,0
TXN250218HW85N0,,NO_MATCH,,0
IMPS250218D4B9AD,,NO_MATCH,,0
IMPS25021957IQOE,,NO_MATCH,,0
TXN250219YCNHKN,,NO_MATCH,,0
TXN250219S56YNY,,NO_MATCH,,0
ATM2502199EJBCZ,,NO_MATCH,,0
UPI250219EKBITO,,NO_MATCH,,0
ATM250219PRWU1S,,NO_MATCH,,0
UPI250219KOR1AL,,NO_MATCH,,0
ATM250219SJTWMN,,NO_MATCH,,0
UPI25021939VATG,,NO_MATCH,,0
TXN250219UBE9T8,,NO_MATCH,,0
UPI250219TCPIW4,,NO_MATCH,,0
IMPS2502195KIYPI,,NO_MATCH,,0
IMPS250220ME0934,,NO_MATCH,,0
ATM250220KI092Z,,NO_MATCH,,0
TXN250220NX2CAY,,NO_MATCH,,0
TXN250220RP1WVP,,NO_MATCH,,0
IMPS250220UL6SQ8,,NO_MATCH,,0
ATM250220D0ODGT,,NO_MATCH,,0
ATM2502209MRP3V,,NO_MATCH,,0
ATM25022049I5BA,,NO_MATCH,,0
ATM250220MP65W6,,NO_MATCH,,0
ATM250220F3M5AD,,NO_MATCH,,0
ATM250220SOZROS,,NO_MATCH,,0
ATM250220OSWAAQ,,NO_MATCH,,0
ATM250221JLNA4B,,NO_MATCH,,0
TXN250221UI2D9T,,NO_MATCH,,0
ATM250221W8U9TT,,NO_MATCH,,0
ATM2502216KJ53E,,NO_MATCH,,0
ATM250222SX3YYG,,NO_MATCH,,0
UPI250222X6SMA0,,NO_MATCH,,0
UPI2502222EPJXY,,NO_MATCH,,0
ATM250222RZ2693,,NO_MATCH,,0
UPI2502223PBTBA,,NO_MATCH,,0
UPI250222UF68MV,,NO_MATCH,,0
UPI2502228LLE1L,,NO_MATCH,,0
UPI25022227922F,,NO_MATCH,,0
ATM250222SJQUD8,,NO_MATCH,,0
UPI250222XLUGW5,,NO_MATCH,,0
IMPS250222RN6829,,NO_MATCH,,0
ATM250222UU3S0P,,NO_MATCH,,0
ATM250223I6T7XN,,NO_MATCH,,0
TXN2502239HJLIT,,NO_MATCH,,0
UPI250223DFIIXG,,NO_MATCH,,0
TXN250223MBA1AC,,NO_MATCH,,0
UPI250223011GPL,,NO_MATCH,,0
ATM250223VP25PT,,NO_MATCH,,0
ATM2502233O9CZN,,NO_MATCH,,0
UPI250223Y69D4S,,NO_MATCH,,0
UPI250223YGI57I,,NO_MATCH,,0
TXN250224S0M34N,,NO_MATCH,,0
IMPS25022407MLOB,,NO_MATCH,,0
ATM250224CYOBQU,,NO_MATCH,,0
UPI25022473ASSC,,NO_MATCH,,0
ATM250224RHYKF8,,NO_MATCH,,0
ATM250225KDJ1HA,,NO_MATCH,,0
TXN250225LESH90,,NO_MATCH,,0
TXN250225BO6XFQ,,NO_MATCH,,0
ATM250225DQR6CG,,NO_MATCH,,0
UPI25022511533K,,NO_MATCH,,0
ATM250225W8T5YR,,NO_MATCH,,0
TXN2502255ZKJ98,,NO_MATCH,,0
ATM250225GIW9G5,,NO_MATCH,,0
UPI2502262DETY7,,NO_MATCH,,0
UPI250226E7QO06,,NO_MATCH,,0
TXN250226UN2QLM,,NO_MATCH,,0
TXN250226TXNVZP,,NO_MATCH,,0
ATM25022617T36B,,NO_MATCH,,0
IMPS250226MBK4RB,,NO_MATCH,,0
IMPS250226VYSIJ2,,NO_MATCH,,0
TXN250226XL7L72,,NO_MATCH,,0
ATM250226P5YC3A,,NO_MATCH,,0
ATM25022696B1JZ,,NO_MATCH,,0
ATM25022670KMQQ,,NO_MATCH,,0
IMPS250226ATD3GW,,NO_MATCH,,0
TXN25022677CRZM,,NO_MATCH,,0
UPI250226BXPYBO,,NO_MATCH,,0
TXN250227ILUEBB,,NO_MATCH,,0
IMPS250227VU0XI0,,NO_MATCH,,0
UPI250227Y7ZZ5C,,NO_MATCH,,0
UPI250227K3PED3,,NO_MATCH,,0
TXN250227VEXYLN,,NO_MATCH,,0
UPI250227CPGVV4,,NO_MATCH,,0
TXN250227KKZKRI,,NO_MATCH,,0
IMPS250227NRZ1XH,,NO_MATCH,,0
UPI250227LUIB4U,,NO_MATCH,,0
TXN25022743I7I8,,NO_MATCH,,0
UPI250228Y2RKGU,,NO_MATCH,,0
UPI250228YA21CS,,NO_MATCH,,0
TXN250228KZ85CE,,NO_MATCH,,0
ATM250228M5VK2E,,NO_MATCH,,0
ATM250228NRZKLB,,NO_MATCH,,0
UPI2502286KKOKM,,NO_MATCH,,0
TXN2502284YSO83,,NO_MATCH,,0
UPI250228F6KFH4,,NO_MATCH,,0
TXN250228PVCANM,,NO_MATCH,,0
ATM250301WMC2AA,,NO_MATCH,,0
UPI250301XBK8MZ,,NO_MATCH,,0
ATM2503013T2Y89,,NO_MATCH,,0
ATM250301KM2V63,,NO_MATCH,,0
TXN250301DL16VT,,NO_MATCH,,0
ATM250301FF3K3U,,NO_MATCH,,0
ATM250301K3NRE9,,NO_MATCH,,0
UPI250301G7BR25,,NO_MATCH,,0
ATM250301MO4SNK,,NO_MATCH,,0
TXN2503010TNYK7,,NO_MATCH,,0
UPI25030186M7RW,,NO_MATCH,,0
ATM2503017MYXB5,,NO_MATCH,,0
TXN250301AYKOQ8,,NO_MATCH,,0
UPI250301U1Z34P,,NO_MATCH,,0
ATM250302MFSJ08,,NO_MATCH,,0
ATM250302BIPNZD,,NO_MATCH,,0
UPI250302HZD5DJ,,NO_MATCH,,0
ATM250302U9TREC,,NO_MATCH,,0
ATM250302MDZRK1,,NO_MATCH,,0
TXN250302Q6KABS,,NO_MATCH,,0
TXN250302NEIREK,,NO_MATCH,,0
IMPS25030225RC9V,,NO_MATCH,,0
UPI250302KLXDF5,,NO_MATCH,,0
ATM250302PJKDVX,,NO_MATCH,,0
ATM250302S6GFLY,,NO_MATCH,,0
IMPS2503027F7DX4,,NO_MATCH,,0
ATM250302GCYY2F,,NO_MATCH,,0
IMPS250303C22MWY,,NO_MATCH,,0
ATM250303WV3HFT,,NO_MATCH,,0
ATM250303M8P6MS,,NO_MATCH,,0
ATM250303L21Q81,,NO_MATCH,,0
TXN2503034G91TI,,NO_MATCH,,0
TXN250304EOQNKU,,NO_MATCH,,0
UPI250304K8KHQK,,NO_MATCH,,0
TXN250304M30QYF,,NO_MATCH,,0
TXN2503044G6UGK,,NO_MATCH,,0
ATM2503049YEXBC,,NO_MATCH,,0
ATM2503040KYC3H,,NO_MATCH,,0
UPI2503041VHHQH,,NO_MATCH,,0
ATM250305T0HLJY,,NO_MATCH,,0
UPI250305CCTZ5A,,NO_MATCH,,0
TXN250306EM5NPT,,NO_MATCH,,0
IMPS250306U2AG7S,,NO_MATCH,,0
UPI250306OC08P2,,NO_MATCH,,0
TXN250306ZWWHZ3,,NO_MATCH,,0
ATM250306IB24K7,,NO_MATCH,,0
TXN250306H2JS27,,NO_MATCH,,0
UPI250306BTJPEH,,NO_MATCH,,0
UPI250306UMHZRR,,NO_MATCH,,0
UPI250306ONRJL9,,NO_MATCH,,0
ATM250306Q2P6HH,,NO_MATCH,,0
UPI25030632F6T3,,NO_MATCH,,0
UPI250307U527FE,,NO_MATCH,,0
ATM250307CLHPFP,,NO_MATCH,,0
TXN250307MVFLO5,,NO_MATCH,,0
UPI250307TJCUKG,,NO_MATCH,,0
UPI250307A22VAI,,NO_MATCH,,0
UPI250307ADUAYD,,NO_MATCH,,0
UPI250307T3AFFV,,NO_MATCH,,0
TXN250308EFSHAR,,NO_MATCH,,0
TXN250308MQY9ZS,,NO_MATCH,,0
ATM250308DZRBLQ,,NO_MATCH,,0
ATM250308R73BVR,,NO_MATCH,,0
UPI250308WE4FTC,,NO_MATCH,,0
TXN2503084AKWF3,,NO_MATCH,,0
UPI250308J889W5,,NO_MATCH,,0
UPI250308GMP9E9,,NO_MATCH,,0
ATM250308ZJPXTP,,NO_MATCH,,0
TXN25030803O6WY,,NO_MATCH,,0
IMPS250308NA3G1B,,NO_MATCH,,0
UPI250308PNN621,,NO_MATCH,,0
TXN25030887LNH8,,NO_MATCH,,0
UPI2503082W0SXX,,NO_MATCH,,0
UPI250309K4ZR8J,,NO_MATCH,,0
IMPS2503092TPNOT,,NO_MATCH,,0
TXN250309L4WPE1,,NO_MATCH,,0
ATM250309TF7F7F,,NO_MATCH,,0
ATM250309XROXLU,,NO_MATCH,,0
IMPS2503098M9ESE,,NO_MATCH,,0
ATM250309FBD1R5,,NO_MATCH,,0
UPI250309B04L0L,,NO_MATCH,,0
TXN250309YTXLGJ,,NO_MATCH,,0
TXN250309AQ97HJ,,NO_MATCH,,0
UPI250309CQMBYS,,NO_MATCH,,0
ATM2503094Q5YBF,,NO_MATCH,,0
UPI250309YA5OGB,,NO_MATCH,,0
ATM250309XCG2FT,,NO_MATCH,,0
ATM250310Z9F459,,NO_MATCH,,0
UPI2503102IGK7N,,NO_MATCH,,0
UPI2503105JT5RF,,NO_MATCH,,0
UPI250310OYTOL2,,NO_MATCH,,0
UPI250310O5XAJL,,NO_MATCH,,0
ATM250310JRGRWY,,NO_MATCH,,0
ATM250310SGMAHK,,NO_MATCH,,0
ATM250310FFRYQA,,NO_MATCH,,0
UPI25031087PFP2,,NO_MATCH,,0
ATM250311SCVXOX,,NO_MATCH,,0
TXN250311WY0X8O,,NO_MATCH,,0
ATM2503114W16DY,,NO_MATCH,,0
ATM250311TIVMJJ,,NO_MATCH,,0
UPI250312PX6R4K,,NO_MATCH,,0
IMPS250312N21DQT,,NO_MATCH,,0
ATM2503128JXND0,,NO_MATCH,,0
UPI250312FZDC3Y,,NO_MATCH,,0
UPI250312IF6QZI,,NO_MATCH,,0
ATM250312X69XX6,,NO_MATCH,,0
UPI2503136GGQ44,,NO_MATCH,,0
ATM250313DX7NT2,,NO_MATCH,,0
UPI250313BOH997,,NO_MATCH,,0
ATM250313FB3K2O,,NO_MATCH,,0
UPI250313ZF65N3,,NO_MATCH,,0
TXN250313CRWJ80,,NO_MATCH,,0
UPI250313O1BPJ3,,NO_MATCH,,0
UPI250314NJ01KM,,NO_MATCH,,0
IMPS250314LNWOYQ,,NO_MATCH,,0
TXN2503144FZ1I7,,NO_MATCH,,0
TXN250314B45RXI,,NO_MATCH,,0
UPI250314RHPK5T,,NO_MATCH,,0
ATM250314ELZ7XL,,NO_MATCH,,0
UPI250314L0PAQX,,NO_MATCH,,0
ATM250314VUBSRJ,,NO_MATCH,,0
ATM250315IJFYOI,,NO_MATCH,,0
UPI250315GS2EDY,,NO_MATCH,,0
TXN25031568RQJI,,NO_MATCH,,0
IMPS25031529GFB2,,NO_MATCH,,0
ATM250315BSKYEM,,NO_MATCH,,0
ATM250315XAVL28,,NO_MATCH,,0
UPI250315062OMO,,NO_MATCH,,0
UPI250315DL2ELL,,NO_MATCH,,0
TXN250316H7N4ZR,,NO_MATCH,,0
UPI250316N1HR6X,,NO_MATCH,,0
UPI250316RTENS6,,NO_MATCH,,0
TXN2503167536QY,,NO_MATCH,,0
UPI250316M7IIJ1,,NO_MATCH,,0
ATM2503168T5XYK,,NO_MATCH,,0
ATM250316NBPAW5,,NO_MATCH,,0
TXN250316DHAK6E,,NO_MATCH,,0
ATM250316TCOXW9,,NO_MATCH,,0
ATM250316XQV65L,,NO_MATCH,,0
ATM250316ENVWA9,,NO_MATCH,,0
UPI25031659RZMY,,NO_MATCH,,0
TXN250316A7B9V5,,NO_MATCH,,0
IMPS250316TW5DAV,,NO_MATCH,,0
IMPS250317B2WDM9,,NO_MATCH,,0
UPI250317MHKX7L,,NO_MATCH,,0
UPI25031754J86Q,,NO_MATCH,,0
ATM250317ES8MOX,,NO_MATCH,,0
IMPS250317E8FVNC,,NO_MATCH,,0
ATM250317ZUQGTB,,NO_MATCH,,0
ATM250317KOSKCM,,NO_MATCH,,0
UPI250317NEECM4,,NO_MATCH,,0
ATM250317TYGLV8,,NO_MATCH,,0
UPI250317X910YU,,NO_MATCH,,0
ATM250318S79OFF,,NO_MATCH,,0
UPI250318L630MC,,NO_MATCH,,0
UPI250318CLJOP3,,NO_MATCH,,0
UPI2503186HTRFD,,NO_MATCH,,0
IMPS25031878H3I0,,NO_MATCH,,0
UPI250318DE1TTM,,NO_MATCH,,0
ATM2503198EFMZA,,NO_MATCH,,0
ATM250319DZRC5P,,NO_MATCH,,0
UPI250319ANZXYN,,NO_MATCH,,0
UPI250319643ZCJ,,NO_MATCH,,0
ATM250319T6F7DJ,,NO_MATCH,,0
ATM250319Z5SILK,,NO_MATCH,,0
UPI2503197OUD8O,,NO_MATCH,,0
ATM2503196D711K,,NO_MATCH,,0
TXN250319AN7W5V,,NO_MATCH,,0
ATM250319HISXVQ,,NO_MATCH,,0
ATM250319GA155A,,NO_MATCH,,0
UPI250320ZIP4XH,,NO_MATCH,,0
UPI250320RB8JCW,,NO_MATCH,,0
ATM250320T0FB7I,,NO_MATCH,,0
UPI250320HYS1BE,,NO_MATCH,,0
UPI25032019UXQB,,NO_MATCH,,0
ATM250320OWAA0D,,NO_MATCH,,0
TXN250320EJUTA8,,NO_MATCH,,0
ATM2503201ZJHX8,,NO_MATCH,,0
ATM25032047H92L,,NO_MATCH,,0
UPI250320WQJ4H8,,NO_MATCH,,0
ATM250321SHDRU9,,NO_MATCH,,0
ATM250321JKCHBB,,NO_MATCH,,0
ATM250321JJ1X6Q,,NO_MATCH,,0
ATM2503211LCU0E,,NO_MATCH,,0
ATM2503212IPK8E,,NO_MATCH,,0
TXN2503216ZT329,,NO_MATCH,,0
ATM250321RSSG0P,,NO_MATCH,,0
TXN250322U2R1WN,,NO_MATCH,,0
TXN2503227X6Q04,,NO_MATCH,,0
TXN250322BHH84F,,NO_MATCH,,0
TXN250322BUOB55,,NO_MATCH,,0
ATM2503226WTX16,,NO_MATCH,,0
UPI250322IUPDNT,,NO_MATCH,,0
UPI250322ZV0RN5,,NO_MATCH,,0
IMPS250322DB3F9Z,,NO_MATCH,,0
ATM2503229LBMDM,,NO_MATCH,,0
UPI2503224C0LY6,,NO_MATCH,,0
TXN250322K1810O,,NO_MATCH,,0
TXN250322KR6LSQ,,NO_MATCH,,0
ATM250322TUKV0M,,NO_MATCH,,0
IMPS250322ZJTKZ1,,NO_MATCH,,0
UPI250323SYU947,,NO_MATCH,,0
ATM250323DK7MU5,,NO_MATCH,,0
ATM2503233LKHJI,,NO_MATCH,,0
TXN250323D4BVKH,,NO_MATCH,,0
UPI2503238VXT2M,,NO_MATCH,,0
UPI250323NI86PY,,NO_MATCH,,0
ATM250324RP2FCN,,NO_MATCH,,0
UPI250324R31EXJ,,NO_MATCH,,0
UPI250324RP8KNX,,NO_MATCH,,0
ATM250324VZLALR,,NO_MATCH,,0
ATM250324BF9ZQU,,NO_MATCH,,0
UPI250324V7KAOZ,,NO_MATCH,,0
TXN2503240AOIJ9,,NO_MATCH,,0
ATM2503246XHJWW,,NO_MATCH,,0
ATM2503249PT6GM,,NO_MATCH,,0
TXN2503242OAAUU,,NO_MATCH,,0
UPI250325HP2OQN,,NO_MATCH,,0
IMPS250325L7ARPZ,,NO_MATCH,,0
ATM250325RIDXLH,,NO_MATCH,,0
ATM250325XK2GTW,,NO_MATCH,,0
TXN250325TZI635,,NO_MATCH,,0
TXN2503257GOMKI,,NO_MATCH,,0
ATM250325OHCAPH,,NO_MATCH,,0
UPI250325AJ8SPQ,,NO_MATCH,,0
TXN25032567DTG0,,NO_MATCH,,0
ATM25032521FO69,,NO_MATCH,,0
TXN250325RUU3JN,,NO_MATCH,,0
ATM250325Q4695E,,NO_MATCH,,0
ATM2503258J1LQ0,,NO_MATCH,,0
TXN250325R8E5XC,,NO_MATCH,,0
TXN250325XMAGQ5,,NO_MATCH,,0
UPI250325ZB4HXX,,NO_MATCH,,0
ATM250325FBNEZX,,NO_MATCH,,0
TXN250326WWXYP0,,NO_MATCH,,0
TXN250326804PIU,,NO_MATCH,,0
ATM2503264IGLDZ,,NO_MATCH,,0
UPI250326RPFIE2,,NO_MATCH,,0
ATM250326MOZIMJ,,NO_MATCH,,0
TXN250326H6U6J7,,NO_MATCH,,0
UPI250326O3AQY5,,NO_MATCH,,0
ATM25032623CVOI,,NO_MATCH,,0
ATM2503265AU5Y7,,NO_MATCH,,0
TXN2503274W6RRA,,NO_MATCH,,0
TXN250327Z7WDHN,,NO_MATCH,,0
ATM250327WBUFSZ,,NO_MATCH,,0
UPI250327ITDVR8,,NO_MATCH,,0
UPI2503277GA2L8,,NO_MATCH,,0
ATM250327VJ7UXM,,NO_MATCH,,0
UPI250327AMVNFW,,NO_MATCH,,0
TXN250327GZWO69,,NO_MATCH,,0
TXN250327KWWDCK,,NO_MATCH,,0
UPI2503284W8RFK,,NO_MATCH,,0
ATM250328P7VPWX,,NO_MATCH,,0
IMPS250328S8DP3L,,NO_MATCH,,0
UPI250328TXHT5K,,NO_MATCH,,0
UPI250328163API,,NO_MATCH,,0
ATM250328N3N160,,NO_MATCH,,0
ATM250328OD73VK,,NO_MATCH,,0
TXN2503289QVMZV,,NO_MATCH,,0
ATM250328IY6JVK,,NO_MATCH,,0
UPI250328LZ86MP,,NO_MATCH,,0
ATM250329MLOZFS,,NO_MATCH,,0
ATM2503291ZUPH4,,NO_MATCH,,0
UPI2503295SDGHE,,NO_MATCH,,0
UPI250329I787R5,,NO_MATCH,,0
UPI250329X3WZF2,,NO_MATCH,,0
UPI250330UV081L,,NO_MATCH,,0
IMPS250330YLKP83,,NO_MATCH,,0
ATM2503305QQ8H7,,NO_MATCH,,0
TXN250330S99DQ0,,NO_MATCH,,0
TXN250330Z8FTNS,,NO_MATCH,,0
UPI250330KZWEAK,,NO_MATCH,,0
TXN250330ZPWRYZ,,NO_MATCH,,0
ATM250330J55RVT,,NO_MATCH,,0
ATM250330478CX2,,NO_MATCH,,0
UPI250330LL2KX3,,NO_MATCH,,0
ATM2503305HVL2O,,NO_MATCH,,0
UPI250330G0DNXF,,NO_MATCH,,0
TXN250331J3QQUC,,NO_MATCH,,0
UPI250331GL80DE,,NO_MATCH,,0
ATM2503318RE3VB,,NO_MATCH,,0
UPI250331R13LMG,,NO_MATCH,,0
TXN250331GH3H6R,,NO_MATCH,,0
UPI250331MD8XF4,,NO_MATCH,,0
IMPS2503319KKFL6,,NO_MATCH,,0
IMPS250331BSF6NE,,NO_MATCH,,0
UPI250331MFLVT3,,NO_MATCH,,0
ATM2503314O8KGH,,NO_MATCH,,0
TXN2503310YKHZZ,,NO_MATCH,,0
ATM250331LIPS99,,NO_MATCH,,0
UPI2504016ZR23Y,,NO_MATCH,,0
ATM250401F9H2Q3,,NO_MATCH,,0
UPI250401MWMX0W,,NO_MATCH,,0
UPI2504014Y04V9,,NO_MATCH,,0
ATM250401UZ94TO,,NO_MATCH,,0
UPI250402PU2M5E,,NO_MATCH,,0
TXN250402LK1R4M,,NO_MATCH,,0
TXN250402J2ESJS,,NO_MATCH,,0
TXN250402UE894K,,NO_MATCH,,0
ATM250402C6OR66,,NO_MATCH,,0
UPI250402OA6BHI,,NO_MATCH,,0
UPI250402SK5BTH,,NO_MATCH,,0
ATM250402E37P41,,NO_MATCH,,0
TXN250403CEKSTI,,NO_MATCH,,0
UPI250403CIRD90,,NO_MATCH,,0
UPI250403LERA6B,,NO_MATCH,,0
IMPS250403NMTYAU,,NO_MATCH,,0
UPI250403YFCSQ9,,NO_MATCH,,0
TXN250403RXC2XE,,NO_MATCH,,0
UPI250403AAMEDP,,NO_MATCH,,0
TXN250403VAMK0J,,NO_MATCH,,0
TXN250403G56JOD,,NO_MATCH,,0
ATM250403CAMG6F,,NO_MATCH,,0
ATM250403744PVP,,NO_MATCH,,0
ATM250403EAGJV8,,NO_MATCH,,0
ATM2504030PS5PQ,,NO_MATCH,,0
IMPS250403MD6SU4,,NO_MATCH,,0
ATM250403MAGDTV,,NO_MATCH,,0
ATM250404N2DRX5,,NO_MATCH,,0
ATM2504045Q8G8Z,,NO_MATCH,,0
IMPS2504042H4CGN,,NO_MATCH,,0
TXN250404UMEOBG,,NO_MATCH,,0
TXN250404OV8BQZ,,NO_MATCH,,0
ATM250404FE9YQ9,,NO_MATCH,,0
UPI2504053NUV17,,NO_MATCH,,0
UPI25040522NS7M,,NO_MATCH,,0
IMPS250405WULO5E,,NO_MATCH,,0
ATM250405MSMRST,,NO_MATCH,,0
UPI250405QT8AE1,,NO_MATCH,,0
TXN250405P0HHYA,,NO_MATCH,,0
ATM2504057BE2F7,,NO_MATCH,,0
ATM250405WO11TX,,NO_MATCH,,0
TXN25040571URWA,,NO_MATCH,,0
ATM250405HB1XDQ,,NO_MATCH,,0
UPI2504052H9E5M,,NO_MATCH,,0
TXN2504068407UQ,,NO_MATCH,,0
TXN2504062LOCBO,,NO_MATCH,,0
ATM250406UD4I3G,,NO_MATCH,,0
ATM250406GBE9EU,,NO_MATCH,,0
TXN250406DV7IAU,,NO_MATCH,,0
UPI250406IE06Y2,,NO_MATCH,,0
UPI250407N91O4W,,NO_MATCH,,0
UPI25040792VPDF,,NO_MATCH,,0
ATM250408KEVWQ5,,NO_MATCH,,0
UPI250408ULYC9O,,NO_MATCH,,0
ATM250408IZ8A7K,,NO_MATCH,,0
ATM250408VVQX2K,,NO_MATCH,,0
TXN250408RM18CB,,NO_MATCH,,0
ATM250408GY1YIH,,NO_MATCH,,0
UPI250408BKK9MH,,NO_MATCH,,0
UPI250408C1C0XQ,,NO_MATCH,,0
ATM250408F5BID5,,NO_MATCH,,0
ATM250408OW7UQ0,,NO_MATCH,,0
ATM250408OH3ZPD,,NO_MATCH,,0
UPI250409TWVM78,,NO_MATCH,,0
UPI250409N83N12,,NO_MATCH,,0
ATM250409EVZ8O3,,NO_MATCH,,0
UPI250409DYMHPZ,,NO_MATCH,,0
ATM250409TKG3R3,,NO_MATCH,,0
TXN2504097G7GRV,,NO_MATCH,,0
IMPS250409W4M5FD,,NO_MATCH,,0
ATM250409T5XTDA,,NO_MATCH,,0
UPI250409I55IDA,,NO_MATCH,,0
UPI250410OL4KPZ,,NO_MATCH,,0
ATM250410AI4JX5,,NO_MATCH,,0
UPI250410KQM7I7,,NO_MATCH,,0
UPI25041028CEO7,,NO_MATCH,,0
UPI250410QJ9NLB,,NO_MATCH,,0
ATM250410VVJZLM,,NO_MATCH,,0
TXN250410HWIZJK,,NO_MATCH,,0
UPI250410CRKT7V,,NO_MATCH,,0
ATM2504100S6MEK,,NO_MATCH,,0
TXN250410VNZL74,,NO_MATCH,,0
ATM250410ZWUA08,,NO_MATCH,,0
UPI2504110EEYJK,,NO_MATCH,,0
TXN2504113V45UC,,NO_MATCH,,0
TXN250411VRV542,,NO_MATCH,,0
ATM250411M47R1N,,NO_MATCH,,0
ATM2504118EN7R0,,NO_MATCH,,0
ATM250411TIKPTD,,NO_MATCH,,0
TXN250411P90TL0,,NO_MATCH,,0
UPI250411GATZHW,,NO_MATCH,,0
TXN25041108OUS3,,NO_MATCH,,0
ATM250411KDYXCW,,NO_MATCH,,0
ATM250412GDQU9M,,NO_MATCH,,0
ATM2504123YA16X,,NO_MATCH,,0
UPI250412B1Z0IS,,NO_MATCH,,0
UPI250412R2W6KY,,NO_MATCH,,0
UPI250412QQ1F2V,,NO_MATCH,,0
TXN250412BI87PU,,NO_MATCH,,0
UPI250412UBLDTB,,NO_MATCH,,0
ATM250412CVT2HT,,NO_MATCH,,0
TXN250412KXJ23S,,NO_MATCH,,0
ATM2504120LLYCC,,NO_MATCH,,0
ATM250412H2LUPW,,NO_MATCH,,0
TXN250412UEUN7Q,,NO_MATCH,,0
UPI2504121252QM,,NO_MATCH,,0
ATM250412JD3CVK,,NO_MATCH,,0
ATM250412VJXGSE,,NO_MATCH,,0
ATM250412RPAYIS,,NO_MATCH,,0
ATM250413649AVQ,,NO_MATCH,,0
UPI250413LKM0DB,,NO_MATCH,,0
ATM2504139F3O1T,,NO_MATCH,,0
TXN250413E5NL02,,NO_MATCH,,0
UPI2504137O254Y,,NO_MATCH,,0
UPI2504133E6YEK,,NO_MATCH,,0
ATM250413Q4OPRY,,NO_MATCH,,0
UPI250413Q2WPLG,,NO_MATCH,,0
TXN250414TQWS1T,,NO_MATCH,,0
UPI250414U1GS6P,,NO_MATCH,,0
ATM250414ZQB43R,,NO_MATCH,,0
TXN250414SXOZR3,,NO_MATCH,,0
TXN250414ICCCIB,,NO_MATCH,,0
TXN2504148OXSC6,,NO_MATCH,,0
IMPS250414CD037Z,,NO_MATCH,,0
ATM250414MMYM16,,NO_MATCH,,0
UPI250414U3LEN1,,NO_MATCH,,0
ATM250414M9LF1B,,NO_MATCH,,0
ATM250414T3ORYM,,NO_MATCH,,0
ATM250415K7A7SN,,NO_MATCH,,0
TXN250415ZMUHK9,,NO_MATCH,,0
IMPS2504158SJKBI,,NO_MATCH,,0
UPI250415655TI1,,NO_MATCH,,0
ATM250415JOXXJD,,NO_MATCH,,0
UPI250415HHVHR7,,NO_MATCH,,0
TXN2504154XM8E4,,NO_MATCH,,0
ATM250415120GNZ,,NO_MATCH,,0
TXN2504153ESKHR,,NO_MATCH,,0
ATM250416D5WVUU,,NO_MATCH,,0
TXN250416HWVNQC,,NO_MATCH,,0
UPI250416T4C8YM,,NO_MATCH,,0
TXN250416D2BWI1,,NO_MATCH,,0
UPI250416YPVDA8,,NO_MATCH,,0
ATM250416VI00NO,,NO_MATCH,,0
IMPS250416B6Y28C,,NO_MATCH,,0
ATM250416NJAZKV,,NO_MATCH,,0
UPI250417TKAPA0,,NO_MATCH,,0
ATM250417SOS4QN,,NO_MATCH,,0
ATM25041773ZLUJ,,NO_MATCH,,0
UPI250417FE0H7J,,NO_MATCH,,0
ATM250417E6P17W,,NO_MATCH,,0
ATM2504177Y9XX5,,NO_MATCH,,0
TXN250417H2X5M9,,NO_MATCH,,0
TXN250417FQ8OVI,,NO_MATCH,,0
IMPS250417VR3AW6,,NO_MATCH,,0
TXN250417HJ146K,,NO_MATCH,,0
UPI250417DO0WUS,,NO_MATCH,,0
ATM2504174T242M,,NO_MATCH,,0
TXN250418LSMFW9,,NO_MATCH,,0
TXN2504189PI5HX,,NO_MATCH,,0
TXN250418RMUZEC,,NO_MATCH,,0
UPI250418UJLZGS,,NO_MATCH,,0
ATM250418YI6OI3,,NO_MATCH,,0
ATM250418VAVFRW,,NO_MATCH,,0
IMPS250418V4Q48Y,,NO_MATCH,,0
TXN25041864Y0U3,,NO_MATCH,,0
ATM2504185KCGW3,,NO_MATCH,,0
UPI250418NLX051,,NO_MATCH,,0
UPI250418FOWAM4,,NO_MATCH,,0
ATM250419H1YVDA,,NO_MATCH,,0
ATM2504192HR41K,,NO_MATCH,,0
ATM2504193JQPI6,,NO_MATCH,,0
UPI250419X6PAP9,,NO_MATCH,,0
ATM250419TBUA4C,,NO_MATCH,,0
TXN250419GL4CLY,,NO_MATCH,,0
IMPS250419X08T2A,,NO_MATCH,,0
TXN250419ZQ79BC,,NO_MATCH,,0
TXN2504194PKYAM,,NO_MATCH,,0
UPI250420UOUGCF,,NO_MATCH,,0
ATM250420BZPIGP,,NO_MATCH,,0
UPI250420MUT53W,,NO_MATCH,,0
TXN25042034FNKH,,NO_MATCH,,0
ATM250420WVR9U7,,NO_MATCH,,0
UPI250420KIPT9G,,NO_MATCH,,0
IMPS250420EYSYPH,,NO_MATCH,,0
ATM250421H869ZG,,NO_MATCH,,0
ATM250421UBZRUE,,NO_MATCH,,0
UPI25042123HWJT,,NO_MATCH,,0
UPI250421CHRGIT,,NO_MATCH,,0
ATM250422KV6DT5,,NO_MATCH,,0
ATM250422YOLYTL,,NO_MATCH,,0
ATM250422LN41YS,,NO_MATCH,,0
UPI250422IJCTZG,,NO_MATCH,,0
TXN250422LZNELR,,NO_MATCH,,0
ATM250422OZCB1T,,NO_MATCH,,0
ATM250422SEIAST,,NO_MATCH,,0
ATM250422ZSMPQI,,NO_MATCH,,0
ATM2504221Q24E0,,NO_MATCH,,0
UPI250422HT8XBY,,NO_MATCH,,0
TXN250422QRKACJ,,NO_MATCH,,0
UPI250422UINR33,,NO_MATCH,,0
ATM2504228SVMCH,,NO_MATCH,,0
UPI250422HSM9A6,,NO_MATCH,,0
UPI250422CF7QT4,,NO_MATCH,,0
ATM250422J3TC2Q,,NO_MATCH,,0
ATM2504226Z8CVQ,,NO_MATCH,,0
ATM250423P3KTVI,,NO_MATCH,,0
UPI250423K3TOEA,,NO_MATCH,,0
ATM250423TQPP94,,NO_MATCH,,0
IMPS250423O58WKW,,NO_MATCH,,0
ATM250423CNLVM6,,NO_MATCH,,0
IMPS250423SZP8NS,,NO_MATCH,,0
ATM25042389LFMS,,NO_MATCH,,0
ATM250423M7VL53,,NO_MATCH,,0
UPI250423CRVZ22,,NO_MATCH,,0
ATM250424NVVTQT,,NO_MATCH,,0
UPI250424P135V1,,NO_MATCH,,0
TXN250424F2QO9O,,NO_MATCH,,0
ATM250424JAE7JD,,NO_MATCH,,0
TXN250424X9FCC5,,NO_MATCH,,0
UPI250424Z8V5XQ,,NO_MATCH,,0
UPI2504245PI0HU,,NO_MATCH,,0
UPI250424R8OSBY,,NO_MATCH,,0
UPI250425BO0DDI,,NO_MATCH,,0
UPI250425MIHYSI,,NO_MATCH,,0
IMPS250425A8IXZZ,,NO_MATCH,,0
UPI250425WY4O3L,,NO_MATCH,,0
ATM250425NXW06P,,NO_MATCH,,0
UPI25042561X29I,,NO_MATCH,,0
UPI250425Z7CW26,,NO_MATCH,,0
IMPS250425IVPIRE,,NO_MATCH,,0
TXN250425E68OQ6,,NO_MATCH,,0
UPI25042653HT4G,,NO_MATCH,,0
IMPS250426VT264N,,NO_MATCH,,0
ATM2504264TCR9Q,,NO_MATCH,,0
ATM250426ZYYVI6,,NO_MATCH,,0
ATM2504266JENTF,,NO_MATCH,,0
IMPS2504263HJ4QQ,,NO_MATCH,,0
TXN250426472HE4,,NO_MATCH,,0
ATM250426F5TGS9,,NO_MATCH,,0
TXN250427PUIKC3,,NO_MATCH,,0
TXN250427NNONE2,,NO_MATCH,,0
IMPS250427ZER9PY,,NO_MATCH,,0
ATM25042758GN2G,,NO_MATCH,,0
TXN2504278X0TN1,,NO_MATCH,,0
TXN2504273MU76T,,NO_MATCH,,0
IMPS250427MTDB7H,,NO_MATCH,,0
ATM250427VLSFBV,,NO_MATCH,,0
ATM250427NOYAMN,,NO_MATCH,,0
UPI2504277DO3UN,,NO_MATCH,,0
TXN250427AWY0DV,,NO_MATCH,,0
TXN250428DM1OWX,,NO_MATCH,,0
IMPS2504285X6U4S,,NO_MATCH,,0
ATM2504289RTWKY,,NO_MATCH,,0
TXN250428Z2W6QN,,NO_MATCH,,0
ATM250428V9Z5VO,,NO_MATCH,,0
UPI250428P6J13R,,NO_MATCH,,0
UPI250428FC248H,,NO_MATCH,,0
ATM250428FY1LA4,,NO_MATCH,,0
ATM2504289DIMWK,,NO_MATCH,,0
ATM250428IQUMJY,,NO_MATCH,,0
ATM250428IFHJ2I,,NO_MATCH,,0
ATM250428BTPGDZ,,NO_MATCH,,0
ATM250428QXZASY,,NO_MATCH,,0
ATM250428H86SDN,,NO_MATCH,,0
UPI250428QQ6RPR,,NO_MATCH,,0
ATM2504287EX65E,,NO_MATCH,,0
UPI2504287UKE1X,,NO_MATCH,,0
TXN250428BQK3WB,,NO_MATCH,,0
ATM250429XHACT7,,NO_MATCH,,0
TXN250429L0Z9P2,,NO_MATCH,,0
TXN250429UMFSY8,,NO_MATCH,,0
ATM250429CZFFFR,,NO_MATCH,,0
ATM250429ZRRMU0,,NO_MATCH,,0
UPI250430KGCUJM,,NO_MATCH,,0
TXN250430V8RFIE,,NO_MATCH,,0
UPI2504301LJADO,,NO_MATCH,,0
TXN250430HNTZJY,,NO_MATCH,,0
UPI250430TVC1M9,,NO_MATCH,,0
UPI250430XINIUV,,NO_MATCH,,0
UPI2504303USNSY,,NO_MATCH,,0
ATM25043051C89I,,NO_MATCH,,0
ATM250430VYS37X,,NO_MATCH,,0
TXN2504300LPCN6,,NO_MATCH,,0
ATM250430TKOO94,,NO_MATCH,,0
ATM2504300G7KNU,,NO_MATCH,,0
TXN250430EKVAJG,,NO_MATCH,,0
ATM250430DBVNW2,,NO_MATCH,,0
TXN250501QB0KAN,,NO_MATCH,,0
ATM2505014E0R5K,,NO_MATCH,,0
UPI25050149Y72U,,NO_MATCH,,0
TXN250501OLCWBP,,NO_MATCH,,0
TXN250501P7ZR4U,,NO_MATCH,,0
UPI2505012UCL96,,NO_MATCH,,0
UPI250501LWTZNU,,NO_MATCH,,0
UPI250501BP3PTM,,NO_MATCH,,0
TXN250501XIEFOW,,NO_MATCH,,0
UPI250501E31Z4V,,NO_MATCH,,0
ATM250501L5D4O6,,NO_MATCH,,0
ATM250501SQ8LWI,,NO_MATCH,,0
ATM250502RDZTBP,,NO_MATCH,,0
ATM250502FV8G6R,,NO_MATCH,,0
IMPS250502B7HAAV,,NO_MATCH,,0
ATM2505021L5V3D,,NO_MATCH,,0
TXN250502H442PR,,NO_MATCH,,0
TXN250502HLT7SF,,NO_MATCH,,0
ATM2505020X9S34,,NO_MATCH,,0
UPI250502QZECEI,,NO_MATCH,,0
UPI2505028070E9,,NO_MATCH,,0
ATM250502MWHGAK,,NO_MATCH,,0
ATM2505034BHC6Y,,NO_MATCH,,0
ATM250503CR4M4C,,NO_MATCH,,0
UPI2505031PX05O,,NO_MATCH,,0
ATM2505030D69P1,,NO_MATCH,,0
TXN250503QIPRKA,,NO_MATCH,,0
IMPS250503AKEWO4,,NO_MATCH,,0
TXN250503OLFQFU,,NO_MATCH,,0
UPI250503PZLGVE,,NO_MATCH,,0
ATM250504HJOX74,,NO_MATCH,,0
TXN250504RV85D8,,NO_MATCH,,0
IMPS2505046YLD29,,NO_MATCH,,0
UPI250504IYA3IY,,NO_MATCH,,0
UPI250504K0KATK,,NO_MATCH,,0
TXN250504KEZQT4,,NO_MATCH,,0
UPI250504H0TH49,,NO_MATCH,,0
ATM250504JSUBOX,,NO_MATCH,,0
ATM250504VLG2PZ,,NO_MATCH,,0
UPI2505046JL49B,,NO_MATCH,,0
IMPS250504XP8KUH,,NO_MATCH,,0
TXN250504MD7VHY,,NO_MATCH,,0
TXN250505A2RSEF,,NO_MATCH,,0
UPI250505RANU50,,NO_MATCH,,0
TXN250505WHUMYZ,,NO_MATCH,,0
ATM2505053RDZYQ,,NO_MATCH,,0
ATM250505Y3AFL6,,NO_MATCH,,0
ATM250505QCSTUD,,NO_MATCH,,0
UPI2505059PNQVG,,NO_MATCH,,0
UPI2505051YWFUJ,,NO_MATCH,,0
TXN250505Y6LXG3,,NO_MATCH,,0
ATM25050550WHWE,,NO_MATCH,,0
UPI25050540S71R,,NO_MATCH,,0
UPI2505051BKUP9,,NO_MATCH,,0
UPI250506DTT4FL,,NO_MATCH,,0
UPI250506VD1T1Y,,NO_MATCH,,0
TXN250506U3IL8G,,NO_MATCH,,0
TXN250506C6XOXZ,,NO_MATCH,,0
ATM250506R29HV7,,NO_MATCH,,0
ATM2505062FIQXY,,NO_MATCH,,0
TXN2505068DN32I,,NO_MATCH,,0
ATM250506FPVNCL,,NO_MATCH,,0
ATM250506ANCI9K,,NO_MATCH,,0
TXN2505068FC4HR,,NO_MATCH,,0
UPI2505075FS5MB,,NO_MATCH,,0
TXN2505077OEDOP,,NO_MATCH,,0
UPI250507BVF7US,,NO_MATCH,,0
ATM250507L2UP2E,,NO_MATCH,,0
ATM2505073BZAHT,,NO_MATCH,,0
ATM250507G0FMWH,,NO_MATCH,,0
TXN250507WDSHAV,,NO_MATCH,,0
ATM250507PBPVGU,,NO_MATCH,,0
TXN250507OP3VDE,,NO_MATCH,,0
ATM250507DYCR9C,,NO_MATCH,,0
UPI250507N4H68A,,NO_MATCH,,0
IMPS250507GBOZR5,,NO_MATCH,,0
ATM25050796RTKK,,NO_MATCH,,0
TXN2505071W3DH8,,NO_MATCH,,0
UPI250507YZPPOR,,NO_MATCH,,0
TXN250508Y0KUO9,,NO_MATCH,,0
UPI250508EY65GQ,,NO_MATCH,,0
ATM250508TN1AFE,,NO_MATCH,,0
UPI250508RMSTYP,,NO_MATCH,,0
ATM250508QXY4WI,,NO_MATCH,,0
IMPS250508A0K35E,,NO_MATCH,,0
UPI250508XTMZ70,,NO_MATCH,,0
ATM250508G0FJMB,,NO_MATCH,,0
UPI250508PDMZML,,NO_MATCH,,0
UPI250508EI0LGY,,NO_MATCH,,0
ATM250508O70NMY,,NO_MATCH,,0
TXN250508PCF07U,,NO_MATCH,,0
ATM2505089P5G9B,,NO_MATCH,,0
IMPS250508H5TRCI,,NO_MATCH,,0
UPI250509G8S8I8,,NO_MATCH,,0
TXN250509TFBRT0,,NO_MATCH,,0
UPI250509U74KZG,,NO_MATCH,,0
IMPS250509UYQTWU,,NO_MATCH,,0
ATM250509B9R1N3,,NO_MATCH,,0
TXN25050900I2LV,,NO_MATCH,,0
UPI250509Z64WJ9,,NO_MATCH,,0
ATM2505093XXGYV,,NO_MATCH,,0
UPI250509J8T8YG,,NO_MATCH,,0
ATM250510AZTZKU,,NO_MATCH,,0
TXN250510JNXOJL,,NO_MATCH,,0
TXN25051035QS1X,,NO_MATCH,,0
UPI250510P8LN9T,,NO_MATCH,,0
ATM250510WTD2WZ,,NO_MATCH,,0
UPI250510FJ88L0,,NO_MATCH,,0
TXN250510ZUZWM8,,NO_MATCH,,0
UPI2505108OL6Y6,,NO_MATCH,,0
IMPS250510476AWW,,NO_MATCH,,0
UPI250510BNC947,,NO_MATCH,,0
UPI250510ZL4DCL,,NO_MATCH,,0
ATM250510ASPNG3,,NO_MATCH,,0
TXN250510FHKWQB,,NO_MATCH,,0
UPI25051001SFF7,,NO_MATCH,,0
TXN250511PO75EJ,,NO_MATCH,,0
ATM250511P0P1NG,,NO_MATCH,,0
IMPS250511SD9JM2,,NO_MATCH,,0
ATM250511G52BHR,,NO_MATCH,,0
UPI250511HLDEXB,,NO_MATCH,,0
TXN250511413H6B,,NO_MATCH,,0
TXN250511ZX9FL7,,NO_MATCH,,0
UPI2505116614R5,,NO_MATCH,,0
UPI250511ESBKKN,,NO_MATCH,,0
ATM2505111XRSEO,,NO_MATCH,,0
TXN250512KP23D8,,NO_MATCH,,0
ATM250512C9WAKK,,NO_MATCH,,0
TXN2505125YC4A8,,NO_MATCH,,0
TXN250512SUGW1E,,NO_MATCH,,0
UPI250512FJ9GBE,,NO_MATCH,,0
UPI250512H0S1FF,,NO_MATCH,,0
UPI250512O1L2SL,,NO_MATCH,,0
ATM250512D28QUW,,NO_MATCH,,0
UPI250512LMQ8X1,,NO_MATCH,,0
IMPS250512BD2E4I,,NO_MATCH,,0
UPI2505127R3SIT,,NO_MATCH,,0
ATM250512J2IH1T,,NO_MATCH,,0
UPI250513IPSDRP,,NO_MATCH,,0
UPI25051318P79K,,NO_MATCH,,0
ATM250513BW3AP5,,NO_MATCH,,0
UPI250513OD58YJ,,NO_MATCH,,0
UPI250513WI2OCV,,NO_MATCH,,0
UPI2505139W94XH,,NO_MATCH,,0
ATM250513LEYJRC,,NO_MATCH,,0
TXN250513BZHLL7,,NO_MATCH,,0
IMPS250513JQ8VU4,,NO_MATCH,,0
TXN250513QUCLIU,,NO_MATCH,,0
ATM250513I81RYG,,NO_MATCH,,0
ATM250513T3ULHL,,NO_MATCH,,0
TXN250513XPHPFC,,NO_MATCH,,0
UPI250513FOYSLI,,NO_MATCH,,0
ATM250513J9FK1U,,NO_MATCH,,0
ATM250514SS2AQY,,NO_MATCH,,0
TXN250514JTX3I9,,NO_MATCH,,0
TXN250514CUW9Q0,,NO_MATCH,,0
TXN250514PLD9BB,,NO_MATCH,,0
IMPS25051411GMTA,,NO_MATCH,,0
IMPS250514TITPL5,,NO_MATCH,,0
UPI250514HWG9I2,,NO_MATCH,,0
ATM250514N026FT,,NO_MATCH,,0
UPI2505145MAWO8,,NO_MATCH,,0
ATM250514ZK2PPQ,,NO_MATCH,,0
ATM250514URY7LO,,NO_MATCH,,0
TXN250514NVOGXZ,,NO_MATCH,,0
TXN250514A5P96W,,NO_MATCH,,0
UPI2505146T2JFQ,,NO_MATCH,,0
UPI25051427H28W,,NO_MATCH,,0
UPI2505152VHL59,,NO_MATCH,,0
TXN250515FJU5SY,,NO_MATCH,,0
TXN250515EFNK0P,,NO_MATCH,,0
TXN250515371CNN,,NO_MATCH,,0
UPI2505153WYCFK,,NO_MATCH,,0
UPI2505154JV22H,,NO_MATCH,,0
TXN2505150DL6B8,,NO_MATCH,,0
ATM250516M7DZ3R,,NO_MATCH,,0
UPI250516T59IOW,,NO_MATCH,,0
IMPS2505165QHMJF,,NO_MATCH,,0
UPI250516DKWD2F,,NO_MATCH,,0
ATM250516825R7I,,NO_MATCH,,0
UPI250516SNO0HU,,NO_MATCH,,0
UPI250516DN12HQ,,NO_MATCH,,0
TXN250516ENKFJK,,NO_MATCH,,0
TXN250516UYM9MX,,NO_MATCH,,0
ATM2505170D044Q,,NO_MATCH,,0
UPI250517RF9URW,,NO_MATCH,,0
TXN250517IS92I1,,NO_MATCH,,0
ATM250517TYG052,,NO_MATCH,,0
TXN250517RH4WVS,,NO_MATCH,,0
IMPS250517CL5MNI,,NO_MATCH,,0
ATM250517T074C8,,NO_MATCH,,0
UPI250517K88O9P,,NO_MATCH,,0
TXN250517LUSBZ8,,NO_MATCH,,0
ATM250517J8ZR3L,,NO_MATCH,,0
UPI250517PGFL8P,,NO_MATCH,,0
UPI2505177PPHB4,,NO_MATCH,,0
ATM2505171W9ROC,,NO_MATCH,,0
ATM250518976EI1,,NO_MATCH,,0
UPI250518H98VZI,,NO_MATCH,,0
TXN250518ALQSJE,,NO_MATCH,,0
UPI25051865SFYH,,NO_MATCH,,0
IMPS250518D8LL6W,,NO_MATCH,,0
ATM250518G7GJK5,,NO_MATCH,,0
TXN250518V7ATQ7,,NO_MATCH,,0
IMPS2505185ROVT5,,NO_MATCH,,0
UPI250518PQ8W77,,NO_MATCH,,0
TXN250519E6ZLAI,,NO_MATCH,,0
UPI250519MKLFYN,,NO_MATCH,,0
TXN250519YXDQCY,,NO_MATCH,,0
ATM250519G7AC4Z,,NO_MATCH,,0
TXN250519KKWUK5,,NO_MATCH,,0
ATM25051911MDUT,,NO_MATCH,,0
ATM250519EPAQ87,,NO_MATCH,,0
UPI2505192AAQR0,,NO_MATCH,,0
IMPS250519DQPBS2,,NO_MATCH,,0
UPI25051912HM2H,,NO_MATCH,,0
UPI250520MAXFKO,,NO_MATCH,,0
TXN2505209YEYD2,,NO_MATCH,,0
TXN250520464LDJ,,NO_MATCH,,0
UPI250520GBAPXF,,NO_MATCH,,0
ATM2505209HH2VE,,NO_MATCH,,0
UPI250520E3KHNK,,NO_MATCH,,0
TXN250520WBQVIC,,NO_MATCH,,0
ATM2505206QXDNL,,NO_MATCH,,0
UPI250520OZ5P6M,,NO_MATCH,,0
ATM2505200EP0ZJ,,NO_MATCH,,0
ATM250520228ZTU,,NO_MATCH,,0
IMPS2505200HS1JM,,NO_MATCH,,0
UPI250520F1G9WC,,NO_MATCH,,0
IMPS250520T9SQV5,,NO_MATCH,,0
TXN250520SNB0R9,,NO_MATCH,,0
UPI25052047AZVN,,NO_MATCH,,0
ATM250521V8CAB5,,NO_MATCH,,0
TXN250521ETRPE0,,NO_MATCH,,0
TXN250521IFIMWK,,NO_MATCH,,0
UPI250521BC6MZZ,,NO_MATCH,,0
ATM250521C8M4E6,,NO_MATCH,,0
ATM250521M69EPG,,NO_MATCH,,0
UPI250521S6EXRI,,NO_MATCH,,0
ATM250521ZWQEJK,,NO_MATCH,,0
UPI2505222QEI9M,,NO_MATCH,,0
UPI250522ZMP2UX,,NO_MATCH,,0
UPI250522Y1YX4V,,NO_MATCH,,0
UPI250522RC0F0C,,NO_MATCH,,0
UPI2505226R60AT,,NO_MATCH,,0
ATM250522CS59R7,,NO_MATCH,,0
IMPS250522LNPFR5,,NO_MATCH,,0
ATM25052268CRL5,,NO_MATCH,,0
UPI250522PUTC0W,,NO_MATCH,,0
ATM2505230Y6LKS,,NO_MATCH,,0
UPI250523PUQ977,,NO_MATCH,,0
ATM250523TR564P,,NO_MATCH,,0
UPI250523J3KAIG,,NO_MATCH,,0
ATM2505232GZJIL,,NO_MATCH,,0
UPI250523ECWI8R,,NO_MATCH,,0
ATM250523F30AUH,,NO_MATCH,,0
ATM2505246WZXAH,,NO_MATCH,,0
ATM250524WNJA11,,NO_MATCH,,0
TXN250524P0TJSP,,NO_MATCH,,0
TXN2505240K8EOS,,NO_MATCH,,0
UPI2505242Y88P2,,NO_MATCH,,0
ATM250524FKBMA2,,NO_MATCH,,0
TXN2505246IL52A,,NO_MATCH,,0
UPI250524S40ZIZ,,NO_MATCH,,0
ATM2505241R5099,,NO_MATCH,,0
TXN250524Y5WMLQ,,NO_MATCH,,0
TXN250524ZEDXSF,,NO_MATCH,,0
UPI250524HWGLS6,,NO_MATCH,,0
ATM250524GT9W9M,,NO_MATCH,,0
UPI250525EIOQ7R,,NO_MATCH,,0
ATM250525HJ4NGW,,NO_MATCH,,0
UPI250525WHN94W,,NO_MATCH,,0
UPI250525HJBT2B,,NO_MATCH,,0
TXN250526TUH39M,,NO_MATCH,,0
TXN250526AYF50O,,NO_MATCH,,0
ATM250526PIXL8S,,NO_MATCH,,0
ATM250526ZMIH41,,NO_MATCH,,0
UPI250526CNAKOT,,NO_MATCH,,0
UPI250526EI0XYV,,NO_MATCH,,0
TXN250526MLD6KM,,NO_MATCH,,0
ATM2505269ILQFE,,NO_MATCH,,0
ATM250527AAXPPQ,,NO_MATCH,,0
TXN250527XOEVEV,,NO_MATCH,,0
UPI250527GAOPL9,,NO_MATCH,,0
TXN250527BIPDSG,,NO_MATCH,,0
ATM250527EATCOT,,NO_MATCH,,0
ATM2505273PRTND,,NO_MATCH,,0
ATM250527KS9A1U,,NO_MATCH,,0
TXN250527L6O0BY,,NO_MATCH,,0
ATM250528AHJ7FW,,NO_MATCH,,0
UPI250528596OYZ,,NO_MATCH,,0
ATM2505281GDVP0,,NO_MATCH,,0
ATM250528FHQD5U,,NO_MATCH,,0
ATM250528Z0AVEL,,NO_MATCH,,0
IMPS250528ZPDB8B,,NO_MATCH,,0
IMPS2505290FFIRO,,NO_MATCH,,0
TXN250529S8L967,,NO_MATCH,,0
IMPS250529QWASMT,,NO_MATCH,,0
TXN250529G68ZPM,,NO_MATCH,,0
NEFT250529BVISX5,,NO_MATCH,,0
ATM250529MZNY65,,NO_MATCH,,0
ATM250529IJ4I2P,,NO_MATCH,,0
ATM2505293W6I83,,NO_MATCH,,0
UPI250529WV6VN9,,NO_MATCH,,0
UPI250529SCLUG4,,NO_MATCH,,0
ATM250530TVR0SW,,NO_MATCH,,0
IMPS250530K4DCF3,,NO_MATCH,,0
UPI250530HZQOA6,,NO_MATCH,,0
UPI250530FUN6AY,,NO_MATCH,,0
UPI250530JXWYFH,,NO_MATCH,,0
UPI250530Z57UZZ,,NO_MATCH,,0
ATM250531P0B0Y3,,NO_MATCH,,0
UPI2505315MB226,,NO_MATCH,,0
ATM250531HKH4YC,,NO_MATCH,,0
ATM250531ZCQYUW,,NO_MATCH,,0
ATM250531QV0238,,NO_MATCH,,0
ATM250531ZKWFHT,,NO_MATCH,,0
IMPS2505315SEDKQ,,NO_MATCH,,0
UPI250531QRD5VD,,NO_MATCH,,0
ATM250531FQAH1W,,NO_MATCH,,0
TXN250531L0YUF4,,NO_MATCH,,0
ATM250531JDG3UQ,,NO_MATCH,,0
UPI25060150P1Y0,,NO_MATCH,,0
UPI25060122F69B,,NO_MATCH,,0
TXN250601GM5FQ7,,NO_MATCH,,0
ATM250601HWP3V1,,NO_MATCH,,0
UPI2506026YTQ3Y,,NO_MATCH,,0
ATM250602QENJS1,,NO_MATCH,,0
UPI250602G5K6CN,,NO_MATCH,,0
ATM250602UW8UBK,,NO_MATCH,,0
UPI250602KN0WEB,,NO_MATCH,,0
IMPS2506020LKNSR,,NO_MATCH,,0
ATM250602BPMG75,,NO_MATCH,,0
TXN250603725PVM,,NO_MATCH,,0
ATM250603RQJNY5,,NO_MATCH,,0
IMPS250603PHOB72,,NO_MATCH,,0
UPI250603GZRK73,,NO_MATCH,,0
ATM250603AGMA63,,NO_MATCH,,0
ATM250603JMZ0YA,,NO_MATCH,,0
UPI250603EVQ0QP,,NO_MATCH,,0
ATM250603PSRK1B,,NO_MATCH,,0
UPI250604H6QMGK,,NO_MATCH,,0
TXN250604KG5X13,,NO_MATCH,,0
ATM250604J0VSTN,,NO_MATCH,,0
UPI25060438MVO7,,NO_MATCH,,0
IMPS2506048GE3EU,,NO_MATCH,,0
TXN250604RY56DB,,NO_MATCH,,0
TXN2506048TNTW5,,NO_MATCH,,0
ATM250605498WMK,,NO_MATCH,,0
ATM250605JRYJE0,,NO_MATCH,,0
ATM250605ZLZCEL,,NO_MATCH,,0
IMPS250605MG8K80,,NO_MATCH,,0
IMPS2506050IUS9Q,,NO_MATCH,,0
IMPS2506053KB7N1,,NO_MATCH,,0
TXN250605Y5ZLY9,,NO_MATCH,,0
TXN250605TOC8V3,,NO_MATCH,,0
UPI2506051NSKST,,NO_MATCH,,0
TXN250605MVM8WU,,NO_MATCH,,0
TXN2506055WOR43,,NO_MATCH,,0
ATM2506053EKIN9,,NO_MATCH,,0
TXN250605ZAY14C,,NO_MATCH,,0
ATM2506052XFTRH,,NO_MATCH,,0
TXN250606YU1B56,,NO_MATCH,,0
TXN25060697SMPW,,NO_MATCH,,0
ATM250606OJR9N3,,NO_MATCH,,0
TXN250606Z3O3QD,,NO_MATCH,,0
UPI250606XJGDVH,,NO_MATCH,,0
TXN2506060XUPZZ,,NO_MATCH,,0
ATM250607EN953Y,,NO_MATCH,,0
UPI250607SVHNM8,,NO_MATCH,,0
TXN2506073UQQBD,,NO_MATCH,,0
IMPS250607HOL92I,,NO_MATCH,,0
UPI250607U5P3J5,,NO_MATCH,,0
ATM250607AH5PWN,,NO_MATCH,,0
UPI250607C2W8KK,,NO_MATCH,,0
ATM250607Q5LMHH,,NO_MATCH,,0
ATM250607EUZC93,,NO_MATCH,,0
TXN250607HLCYP2,,NO_MATCH,,0
ATM250607W359P8,,NO_MATCH,,0
UPI25060732TWTS,,NO_MATCH,,0
ATM250608N8JEHL,,NO_MATCH,,0
ATM250608DK9ZQU,,NO_MATCH,,0
UPI250608D4ZW2J,,NO_MATCH,,0
ATM250608MNNKDN,,NO_MATCH,,0
ATM250608Z3KT6U,,NO_MATCH,,0
UPI250608G8GURT,,NO_MATCH,,0
UPI2506090Y2PSP,,NO_MATCH,,0
UPI250609ITBZE7,,NO_MATCH,,0
UPI2506095VXNOU,,NO_MATCH,,0
TXN250609R9PZCB,,NO_MATCH,,0
IMPS2506091DY991,,NO_MATCH,,0
UPI25060963TGPO,,NO_MATCH,,0
UPI250609AEIOT2,,NO_MATCH,,0
UPI2506098G3NKI,,NO_MATCH,,0
UPI250609UI4O5J,,NO_MATCH,,0
IMPS250609KB24L9,,NO_MATCH,,0
UPI2506091QDURX,,NO_MATCH,,0
UPI250609UC1IJM,,NO_MATCH,,0
UPI250609DOCKIR,,NO_MATCH,,0
UPI250609WIUKZN,,NO_MATCH,,0
UPI250609R7NYU9,,NO_MATCH,,0
UPI250610Q77LDC,,NO_MATCH,,0
ATM2506107HMAY9,,NO_MATCH,,0
ATM250610INZL6V,,NO_MATCH,,0
ATM250610GMQ3Z3,,NO_MATCH,,0
UPI250610OZQJP3,,NO_MATCH,,0
UPI250610151XGF,,NO_MATCH,,0
ATM250610XW2B3K,,NO_MATCH,,0
ATM250610I4HQGM,,NO_MATCH,,0
IMPS250611VAWKWD,,NO_MATCH,,0
UPI250611JVZ6ZL,,NO_MATCH,,0
ATM25061173L9ZV,,NO_MATCH,,0
ATM250611TM1TZJ,,NO_MATCH,,0
TXN250611HJXKUC,,NO_MATCH,,0
UPI2506117WWPT5,,NO_MATCH,,0
UPI250611XRL4V5,,NO_MATCH,,0
UPI250611KJJZ62,,NO_MATCH,,0
IMPS25061140D6BM,,NO_MATCH,,0
IMPS250611EGS77R,,NO_MATCH,,0
ATM250612I0NPTA,,NO_MATCH,,0
UPI250612HV9K8L,,NO_MATCH,,0
ATM250612FFJLVW,,NO_MATCH,,0
ATM2506120YQ2WK,,NO_MATCH,,0
ATM2506123MCKCH,,NO_MATCH,,0
UPI2506128OLVGR,,NO_MATCH,,0
UPI250613BJVSVH,,NO_MATCH,,0
ATM250613FRHXUC,,NO_MATCH,,0
IMPS250613F29V57,,NO_MATCH,,0
ATM25061396EFRA,,NO_MATCH,,0
TXN2506135ZVNGN,,NO_MATCH,,0
ATM250613EEOTWU,,NO_MATCH,,0
UPI25061356OGUA,,NO_MATCH,,0
ATM250614X67S4C,,NO_MATCH,,0
ATM250614AD6S7H,,NO_MATCH,,0
UPI250614SWG2IB,,NO_MATCH,,0
UPI250614P60OQ2,,NO_MATCH,,0
IMPS250614LVLD5C,,NO_MATCH,,0
UPI2506141FPJMV,,NO_MATCH,,0
ATM250614XROXAZ,,NO_MATCH,,0
UPI250614KFZ058,,NO_MATCH,,0
ATM250614S1NPPB,,NO_MATCH,,0
UPI2506145BCJKS,,NO_MATCH,,0
ATM250614EJZQA3,,NO_MATCH,,0
UPI250614T30037,,NO_MATCH,,0
UPI250614240TCH,,NO_MATCH,,0
ATM250615RER3L0,,NO_MATCH,,0
UPI250615HGNH8N,,NO_MATCH,,0
ATM250615SJXQES,,NO_MATCH,,0
UPI250615GYM6CK,,NO_MATCH,,0
ATM2506151CDIIV,,NO_MATCH,,0
TXN250615CH8CCC,,NO_MATCH,,0
UPI2506150FZXQX,,NO_MATCH,,0
TXN2506150SL2SX,,NO_MATCH,,0
TXN250615Y29N4A,,NO_MATCH,,0
UPI250615HEMX54,,NO_MATCH,,0
ATM2506153WCO7S,,NO_MATCH,,0
ATM250615A7S9D1,,NO_MATCH,,0
TXN2506161C7B83,,NO_MATCH,,0
ATM250616CXR1WT,,NO_MATCH,,0
UPI2506168W1OU5,,NO_MATCH,,0
IMPS250616SOQFHV,,NO_MATCH,,0
UPI250616LJK1Q5,,NO_MATCH,,0
IMPS250616X1CZ37,,NO_MATCH,,0
ATM25061677STM7,,NO_MATCH,,0
IMPS2506160FBXZL,,NO_MATCH,,0
UPI250616EA2O5A,,NO_MATCH,,0
ATM250616XXW28P,,NO_MATCH,,0
ATM2506172DFYR1,,NO_MATCH,,0
ATM250617629C23,,NO_MATCH,,0
TXN2506178XM1Q9,,NO_MATCH,,0
UPI2506170YYSP3,,NO_MATCH,,0
TXN250617AA4MQK,,NO_MATCH,,0
ATM250617B9VIY1,,NO_MATCH,,0
UPI25061730K8WL,,NO_MATCH,,0
ATM250617HWLAZX,,NO_MATCH,,0
UPI250617JDP66T,,NO_MATCH,,0
ATM25061717U391,,NO_MATCH,,0
UPI250617ETXBWB,,NO_MATCH,,0
UPI2506179M9TY5,,NO_MATCH,,0
ATM250617H07RYC,,NO_MATCH,,0
UPI250618UFDNKJ,,NO_MATCH,,0
ATM250618OWOFMA,,NO_MATCH,,0
UPI250618969LWR,,NO_MATCH,,0
ATM2506182FPH22,,NO_MATCH,,0
ATM2506180HQ5E9,,NO_MATCH,,0
TXN250618HBOSAJ,,NO_MATCH,,0
UPI250618RNQNRI,,NO_MATCH,,0
ATM2506185T63TV,,NO_MATCH,,0
IMPS2506181M5W63,,NO_MATCH,,0
ATM250618PNOUZ6,,NO_MATCH,,0
ATM250619560K4T,,NO_MATCH,,0
IMPS250619CG4G5D,,NO_MATCH,,0
ATM2506191CHL9C,,NO_MATCH,,0
UPI250619W6AU3P,,NO_MATCH,,0
UPI250619K2TWGN,,NO_MATCH,,0
UPI2506198WAFCR,,NO_MATCH,,0
IMPS250619YV4CYR,,NO_MATCH,,0
UPI250619U3A41H,,NO_MATCH,,0
ATM250619BNC4FZ,,NO_MATCH,,0
IMPS250619T4RKLZ,,NO_MATCH,,0
TXN250619GGZNT8,,NO_MATCH,,0
TXN250620FTTEUA,,NO_MATCH,,0
TXN250620VYO0E1,,NO_MATCH,,0
TXN250620EFRQQC,,NO_MATCH,,0
ATM250620TRCX8Z,,NO_MATCH,,0
UPI250620EC22G1,,NO_MATCH,,0
ATM250621C5LN8W,,NO_MATCH,,0
ATM250621ILXVZO,,NO_MATCH,,0
UPI250621K22MGK,,NO_MATCH,,0
TXN250621H3C0FS,,NO_MATCH,,0
TXN250621UBRLY0,,NO_MATCH,,0
TXN250621XKW09E,,NO_MATCH,,0
ATM250621J54DHT,,NO_MATCH,,0
IMPS250621KYF8AQ,,NO_MATCH,,0
ATM250621QANM4L,,NO_MATCH,,0
UPI250621HDSWTY,,NO_MATCH,,0
UPI250621I4OGV3,,NO_MATCH,,0
UPI250622GBFD4J,,NO_MATCH,,0
IMPS25062228M3S5,,NO_MATCH,,0
TXN250622I5KC6J,,NO_MATCH,,0
ATM250622X9UZHN,,NO_MATCH,,0
UPI2506225M4ZOU,,NO_MATCH,,0
TXN250622FG1GHS,,NO_MATCH,,0
ATM250622F4XPA1,,NO_MATCH,,0
IMPS2506229005PL,,NO_MATCH,,0
ATM250622B537LJ,,NO_MATCH,,0
TXN250622SW6OSN,,NO_MATCH,,0
UPI250623FIJCX8,,NO_MATCH,,0
UPI2506232EWO7H,,NO_MATCH,,0
IMPS250623PBXSQR,,NO_MATCH,,0
ATM250623ZMGL4W,,NO_MATCH,,0
UPI250623WJL8IJ,,NO_MATCH,,0
ATM250623E1ZIE7,,NO_MATCH,,0
TXN250623UV8DO1,,NO_MATCH,,0
UPI2506230H2JL2,,NO_MATCH,,0
UPI250623A3GZ6Q,,NO_MATCH,,0
ATM250623DLUSQQ,,NO_MATCH,,0
TXN250623D0UV2Q,,NO_MATCH,,0
TXN2506234QU1CV,,NO_MATCH,,0
ATM250623OU4YRY,,NO_MATCH,,0
UPI250623KDSDW0,,NO_MATCH,,0
TXN2506245WKYQ5,,NO_MATCH,,0
ATM250624CFNA5T,,NO_MATCH,,0
IMPS250624I8MU77,,NO_MATCH,,0
IMPS250624LJR0TZ,,NO_MATCH,,0
TXN2506242TV1MS,,NO_MATCH,,0
ATM250624NYRUUH,,NO_MATCH,,0
UPI250624RMXCSE,,NO_MATCH,,0
UPI250624Q7TX8C,,NO_MATCH,,0
TXN25062425VSZX,,NO_MATCH,,0
ATM2506244P3TOL,,NO_MATCH,,0
TXN250624DEEKTF,,NO_MATCH,,0
ATM250624PVZ4ZA,,NO_MATCH,,0
ATM250624VGGE8W,,NO_MATCH,,0
IMPS2506259A46PM,,NO_MATCH,,0
ATM2506254EH87K,,NO_MATCH,,0
TXN250625X8XFKB,,NO_MATCH,,0
UPI250625Z1N1S3,,NO_MATCH,,0
IMPS250626OGKPT2,,NO_MATCH,,0
TXN2506262NJE4J,,NO_MATCH,,0
UPI250626K5YK4K,,NO_MATCH,,0
IMPS250626X8OF96,,NO_MATCH,,0
TXN250626BNFHHL,,NO_MATCH,,0
UPI250626DSRM5N,,NO_MATCH,,0
TXN25062627HRPA,,NO_MATCH,,0
ATM2506262YDT7G,,NO_MATCH,,0
TXN250626A7W5E2,,NO_MATCH,,0
ATM250627B78JVX,,NO_MATCH,,0
UPI250627KWV5PF,,NO_MATCH,,0
UPI250627P6XOP0,,NO_MATCH,,0
UPI250627DW367X,,NO_MATCH,,0
ATM250627YMRWET,,NO_MATCH,,0
UPI250627ENF8EN,,NO_MATCH,,0
UPI250627QUMPPW,,NO_MATCH,,0
IMPS250627LD26O1,,NO_MATCH,,0
TXN2506272P05PM,,NO_MATCH,,0
UPI2506286YS63E,,NO_MATCH,,0
ATM250628FMH77I,,NO_MATCH,,0
ATM250628UJVACW,,NO_MATCH,,0
UPI250628F95GK7,,NO_MATCH,,0
ATM2506281WSD75,,NO_MATCH,,0
TXN250628WBEWQ4,,NO_MATCH,,0
ATM2506284TFZP2,,NO_MATCH,,0
UPI250628X8EB3D,,NO_MATCH,,0
UPI250628KGT0GJ,,NO_MATCH,,0
UPI250628WD57FX,,NO_MATCH,,0
TXN250628RL7WKD,,NO_MATCH,,0
ATM250628AXS7LX,,NO_MATCH,,0
ATM250629ELL5RY,,NO_MATCH,,0
UPI2506292CG188,,NO_MATCH,,0
IMPS2506298IGKL5,,NO_MATCH,,0
ATM2506296QFT1S,,NO_MATCH,,0
IMPS25062932ZLEU,,NO_MATCH,,0
ATM250629FLNOBG,,NO_MATCH,,0
ATM250629XR7SLO,,NO_MATCH,,0
ATM250629T7AZ6W,,NO_MATCH,,0
UPI250629FL57MQ,,NO_MATCH,,0
ATM250629MX6BAY,,NO_MATCH,,0
UPI250629SG6D38,,NO_MATCH,,0
UPI250629YFJ1GP,,NO_MATCH,,0
TXN2506299MTQH5,,NO_MATCH,,0
IMPS250629E03H5J,,NO_MATCH,,0
IMPS2506303HQX9U,,NO_MATCH,,0
UPI250630GNG62U,,NO_MATCH,,0
UPI250630UFA2WA,,NO_MATCH,,0
ATM250630F9CMWM,,NO_MATCH,,0
UPI250701L493Y7,,NO_MATCH,,0
ATM2507013S1CNM,,NO_MATCH,,0
ATM250701QNPWEV,,NO_MATCH,,0
UPI2507015M8A1R,,NO_MATCH,,0
UPI250701375RPZ,,NO_MATCH,,0
TXN250701ASAFNW,,NO_MATCH,,0
ATM250701XFMUEB,,NO_MATCH,,0
ATM250701QWNS20,,NO_MATCH,,0
UPI250701FL01M1,,NO_MATCH,,0
UPI250702JNL391,,NO_MATCH,,0
TXN2507026N1GUG,,NO_MATCH,,0
UPI250702RSAITC,,NO_MATCH,,0
UPI250702YCVWP9,,NO_MATCH,,0
TXN25070211R0PF,,NO_MATCH,,0
TXN250702KD1REL,,NO_MATCH,,0
ATM250702L7N8GD,,NO_MATCH,,0
IMPS250702SYOWJP,,NO_MATCH,,0
ATM2507020AH94G,,NO_MATCH,,0
TXN250702T1415O,,NO_MATCH,,0
ATM2507027PVG8R,,NO_MATCH,,0
TXN2507038AEZZ5,,NO_MATCH,,0
UPI250703B0U61P,,NO_MATCH,,0
TXN250703W3TDTH,,NO_MATCH,,0
ATM250703GA0633,,NO_MATCH,,0
UPI250703CKD01Y,,NO_MATCH,,0
UPI2507038XRZ6Q,,NO_MATCH,,0
UPI250703MRMK1C,,NO_MATCH,,0
UPI2507049L7CYA,,NO_MATCH,,0
TXN250704G59KPH,,NO_MATCH,,0
IMPS250704JA14CJ,,NO_MATCH,,0
UPI2507040LWHKJ,,NO_MATCH,,0
TXN250704F5S5DU,,NO_MATCH,,0
ATM250705IWTV1B,,NO_MATCH,,0
UPI25070564MJNI,,NO_MATCH,,0
UPI250705ZHKH6O,,NO_MATCH,,0
ATM250705XUUQ0A,,NO_MATCH,,0
ATM250705ST492O,,NO_MATCH,,0
ATM250705PER2U6,,NO_MATCH,,0
UPI250705YPH40W,,NO_MATCH,,0
UPI250705CSXQX9,,NO_MATCH,,0
UPI250705OKYH3R,,NO_MATCH,,0
UPI2507064Z60N7,,NO_MATCH,,0
UPI250706SMMUSD,,NO_MATCH,,0
TXN2507067EID2Z,,NO_MATCH,,0
ATM250706OIICQM,,NO_MATCH,,0
UPI250706RBAOB8,,NO_MATCH,,0
TXN250706CBTC9G,,NO_MATCH,,0
TXN250706X4VJLG,,NO_MATCH,,0
UPI250706MJLCPH,,NO_MATCH,,0
ATM2507061V49Y3,,NO_MATCH,,0
UPI250706NHW6QQ,,NO_MATCH,,0
ATM250707AR46SF,,NO_MATCH,,0
UPI250707IV6QAR,,NO_MATCH,,0
TXN250707IY39QW,,NO_MATCH,,0
ATM2507071OKLP4,,NO_MATCH,,0
IMPS250707P3JUJU,,NO_MATCH,,0
ATM250707FIDO17,,NO_MATCH,,0
UPI250707B2KPN2,,NO_MATCH,,0
UPI2507087O54J3,,NO_MATCH,,0
IMPS250708F5JJM9,,NO_MATCH,,0
UPI2507088VBNQN,,NO_MATCH,,0
ATM250708DC2E9B,,NO_MATCH,,0
ATM250708MVGVXX,,NO_MATCH,,0
UPI250708YZV6CQ,,NO_MATCH,,0
TXN250708AOR1RN,,NO_MATCH,,0
TXN25070834WKDC,,NO_MATCH,,0
UPI250709FRCPJB,,NO_MATCH,,0
UPI2507098H7J9M,,NO_MATCH,,0
UPI250709OZ037H,,NO_MATCH,,0
TXN250709KB7OJU,,NO_MATCH,,0
ATM250709YWJMTP,,NO_MATCH,,0
UPI250709R8Z6AL,,NO_MATCH,,0
UPI250709KNVL06,,NO_MATCH,,0
IMPS2507102SFY0Q,,NO_MATCH,,0
ATM2507108TFMX2,,NO_MATCH,,0
UPI250710G7RMNY,,NO_MATCH,,0
IMPS250710UQHLWX,,NO_MATCH,,0
TXN250710GEKDT7,,NO_MATCH,,0
ATM2507101P0J4C,,NO_MATCH,,0
UPI2507108JBFWC,,NO_MATCH,,0
UPI250710OK3ATJ,,NO_MATCH,,0
ATM250710H6B93Y,,NO_MATCH,,0
TXN2507116NOFON,,NO_MATCH,,0
TXN250711AVY8CN,,NO_MATCH,,0
UPI250711FPZQ0M,,NO_MATCH,,0
UPI250711SW9568,,NO_MATCH,,0
ATM250711K1FJ5B,,NO_MATCH,,0
UPI250711VNVGUC,,NO_MATCH,,0
IMPS2507112ONHU8,,NO_MATCH,,0
ATM250711VIITSB,,NO_MATCH,,0
UPI250711ACMF16,,NO_MATCH,,0
IMPS250711DWC5CX,,NO_MATCH,,0
TXN2507118IJOMA,,NO_MATCH,,0
UPI2507118KQ2QZ,,NO_MATCH,,0
TXN250711BOISLA,,NO_MATCH,,0
ATM25071109RQHC,,NO_MATCH,,0
TXN250712VKZM6I,,NO_MATCH,,0
TXN250712OU71R1,,NO_MATCH,,0
UPI250712LTZ6AH,,NO_MATCH,,0
UPI250712GBL2S1,,NO_MATCH,,0
IMPS250712TN9RV4,,NO_MATCH,,0
ATM250712EHK5VY,,NO_MATCH,,0
UPI250712C4FMD6,,NO_MATCH,,0
ATM25071232C2DT,,NO_MATCH,,0
TXN250712NYTXHV,,NO_MATCH,,0
UPI250712E9R1OC,,NO_MATCH,,0
UPI250712B0WSVL,,NO_MATCH,,0
UPI2507135ZSGON,,NO_MATCH,,0
UPI2507137KV6VA,,NO_MATCH,,0
UPI250713GL75JW,,NO_MATCH,,0
ATM250713931QVG,,NO_MATCH,,0
UPI2507134SG1EZ,,NO_MATCH,,0
UPI25071305L67E,,NO_MATCH,,0
TXN250713ZU8MLW,,NO_MATCH,,0
IMPS250713AP9DUO,,NO_MATCH,,0
TXN250714YYIPTG,,NO_MATCH,,0
TXN250714OH1HVB,,NO_MATCH,,0
IMPS250714RKYQ05,,NO_MATCH,,0
ATM250714F35L2R,,NO_MATCH,,0
TXN250714EKBJAC,,NO_MATCH,,0
UPI250714ZJG4MM,,NO_MATCH,,0
UPI250714WPD7FS,,NO_MATCH,,0
UPI250715F1OXCD,,NO_MATCH,,0
TXN250715SFTBHI,,NO_MATCH,,0
ATM250715908AVJ,,NO_MATCH,,0
IMPS250715B0TPY4,,NO_MATCH,,0
ATM250715BGJM5I,,NO_MATCH,,0
UPI2507154B516U,,NO_MATCH,,0
UPI250715USAQ4I,,NO_MATCH,,0
TXN2507155278YA,,NO_MATCH,,0
UPI250715KFUN7A,,NO_MATCH,,0
UPI250715ZFW5O7,,NO_MATCH,,0
UPI250715RF9DUT,,NO_MATCH,,0
TXN250715TYOXM2,,NO_MATCH,,0
ATM250715KGDCNM,,NO_MATCH,,0
IMPS25071591ZSVF,,NO_MATCH,,0
ATM250716N4625Y,,NO_MATCH,,0
TXN250716E4JJCF,,NO_MATCH,,0
ATM250716I93IRA,,NO_MATCH,,0
UPI250716ZIEW9U,,NO_MATCH,,0
TXN250716UUX7HU,,NO_MATCH,,0
TXN250716KFS9FF,,NO_MATCH,,0
ATM25071767444G,,NO_MATCH,,0
ATM2507176TM4UT,,NO_MATCH,,0
UPI250717SQO23Q,,NO_MATCH,,0
UPI250717SW3BV7,,NO_MATCH,,0
UPI250717IH9TEN,,NO_MATCH,,0
ATM250717W9L3TI,,NO_MATCH,,0
UPI250717VN3VGG,,NO_MATCH,,0
ATM250717WDEPPS,,NO_MATCH,,0
ATM2507175NK1CE,,NO_MATCH,,0
UPI250717WVN78I,,NO_MATCH,,0
UPI250717VENCIT,,NO_MATCH,,0
ATM250717A65N4Z,,NO_MATCH,,0
TXN2507188Y4YQJ,,NO_MATCH,,0
UPI250718BVJY31,,NO_MATCH,,0
UPI250718EJI762,,NO_MATCH,,0
ATM250718FED6ZV,,NO_MATCH,,0
ATM250718KC4IX3,,NO_MATCH,,0
ATM2507185T0HVK,,NO_MATCH,,0
TXN250718TK2YND,,NO_MATCH,,0
UPI2507184JGXQE,,NO_MATCH,,0
ATM250718AF6XIT,,NO_MATCH,,0
TXN250718WNJAU6,,NO_MATCH,,0
UPI250718MA9PY1,,NO_MATCH,,0
TXN2507186KRIAA,,NO_MATCH,,0
TXN25071993KJDK,,NO_MATCH,,0
ATM250719DOQZSI,,NO_MATCH,,0
ATM250719F47BGN,,NO_MATCH,,0
ATM250719UPE0ES,,NO_MATCH,,0
UPI250719JQIAEH,,NO_MATCH,,0
UPI250719CTZAIO,,NO_MATCH,,0
UPI250719G6PXOR,,NO_MATCH,,0
ATM2507199FBFOH,,NO_MATCH,,0
ATM250719B2GERR,,NO_MATCH,,0
ATM250719RIV1EX,,NO_MATCH,,0
UPI250719PUH6ID,,NO_MATCH,,0
IMPS250720QY6XF9,,NO_MATCH,,0
TXN250720OT7L7N,,NO_MATCH,,0
UPI250720WGRHVC,,NO_MATCH,,0
UPI2507202PFSWY,,NO_MATCH,,0
ATM250720G5LPJS,,NO_MATCH,,0
ATM250720R10SN0,,NO_MATCH,,0
TXN250720W2RMED,,NO_MATCH,,0
ATM250720RAXX9O,,NO_MATCH,,0
ATM250720IZ3FA5,,NO_MATCH,,0
ATM250720P2PHT3,,NO_MATCH,,0
ATM250721DTJW7D,,NO_MATCH,,0
ATM250721672WWB,,NO_MATCH,,0
ATM250721IYWYXE,,NO_MATCH,,0
TXN250721JSVTIO,,NO_MATCH,,0
TXN250721NA4DAN,,NO_MATCH,,0
TXN250721NP65RR,,NO_MATCH,,0
ATM250722C0ENE3,,NO_MATCH,,0
UPI250722PKW1C5,,NO_MATCH,,0
IMPS250722T912WN,,NO_MATCH,,0
TXN250722OZP7GQ,,NO_MATCH,,0
IMPS2507226XJCVC,,NO_MATCH,,0
UPI250723UM82NI,,NO_MATCH,,0
TXN2507238H56YU,,NO_MATCH,,0
IMPS250723YNVHXO,,NO_MATCH,,0
UPI250723VUHK1A,,NO_MATCH,,0
TXN2507233K18AI,,NO_MATCH,,0
TXN250723IW3P8V,,NO_MATCH,,0
UPI2507245XHH32,,NO_MATCH,,0
UPI2507240394FZ,,NO_MATCH,,0
UPI250724OQZAO0,,NO_MATCH,,0
UPI250724JBD5F8,,NO_MATCH,,0
ATM250724LHQBEA,,NO_MATCH,,0
ATM250724ZKBHEA,,NO_MATCH,,0
UPI250724X75NLH,,NO_MATCH,,0
UPI250724QP2XSN,,NO_MATCH,,0
ATM250724Z7R162,,NO_MATCH,,0
UPI250725S2TF2M,,NO_MATCH,,0
ATM250725EEDAWI,,NO_MATCH,,0
ATM2507255II5MD,,NO_MATCH,,0
ATM250725MFS6TU,,NO_MATCH,,0
IMPS25072524E0KF,,NO_MATCH,,0
TXN2507253ECCZS,,NO_MATCH,,0
UPI250725UDOJTZ,,NO_MATCH,,0
ATM2507257X60N2,,NO_MATCH,,0
UPI250725HFFZNH,,NO_MATCH,,0
ATM25072568I04Z,,NO_MATCH,,0
ATM250726XBDUHN,,NO_MATCH,,0
TXN2507265UEX9Q,,NO_MATCH,,0
IMPS250726IYV9TE,,NO_MATCH,,0
ATM250726OORKFA,,NO_MATCH,,0
IMPS250726ZK7VVS,,NO_MATCH,,0
UPI250726BLX6FA,,NO_MATCH,,0
IMPS250726DK31CU,,NO_MATCH,,0
ATM2507264YCSD3,,NO_MATCH,,0
ATM250727VB3G1N,,NO_MATCH,,0
UPI25072710IH5I,,NO_MATCH,,0
ATM250727Z9YI96,,NO_MATCH,,0
UPI250727QZRJ8M,,NO_MATCH,,0
TXN250727FI47RB,,NO_MATCH,,0
UPI250727A7PBC0,,NO_MATCH,,0
TXN25072702XJOD,,NO_MATCH,,0
ATM250727S22CP9,,NO_MATCH,,0
UPI250727J4D8VW,,NO_MATCH,,0
UPI25072724ZBT2,,NO_MATCH,,0
UPI250727P43U40,,NO_MATCH,,0
ATM250727AS7S3T,,NO_MATCH,,0
TXN250727GSOKX9,,NO_MATCH,,0
TXN250728OBFCPW,,NO_MATCH,,0
UPI250728H7IU8V,,NO_MATCH,,0
TXN250728PR69MU,,NO_MATCH,,0
IMPS250728CW9PET,,NO_MATCH,,0
TXN250728M674ZC,,NO_MATCH,,0
UPI250728VQNF7C,,NO_MATCH,,0
TXN2507283YEPTI,,NO_MATCH,,0
ATM250728D6XC5V,,NO_MATCH,,0
UPI2507285CA7ZV,,NO_MATCH,,0
UPI25072893Z5V9,,NO_MATCH,,0
IMPS250728Z11BXB,,NO_MATCH,,0
UPI250728HZWFKE,,NO_MATCH,,0
TXN250729JO8DR2,,NO_MATCH,,0
TXN2507296Y33LC,,NO_MATCH,,0
TXN250729EXY8DI,,NO_MATCH,,0
UPI25072999GFF3,,NO_MATCH,,0
IMPS2507290OPTPB,,NO_MATCH,,0
TXN250729QHFI63,,NO_MATCH,,0
ATM250729FTQFCD,,NO_MATCH,,0
ATM250729X1SQZP,,NO_MATCH,,0
UPI250730EDJPQS,,NO_MATCH,,0
UPI250730WVLJBX,,NO_MATCH,,0
TXN250730XXZPRB,,NO_MATCH,,0
ATM250730NCHV10,,NO_MATCH,,0
UPI250730BJ27NL,,NO_MATCH,,0
UPI250730Y65ZEN,,NO_MATCH,,0
ATM250730PDYNKT,,NO_MATCH,,0
ATM250731MI0UFP,,NO_MATCH,,0
UPI250731AUK9WQ,,NO_MATCH,,0
UPI2507316BDYYJ,,NO_MATCH,,0
TXN250731GFBTT8,,NO_MATCH,,0
TXN250731IR9K89,,NO_MATCH,,0
ATM250731KREBLH,,NO_MATCH,,0
UPI250731GJ677V,,NO_MATCH,,0
IMPS2507315F77H3,,NO_MATCH,,0
IMPS250731X2X92W,,NO_MATCH,,0
UPI250731A7OCGW,,NO_MATCH,,0
TXN250731VG8IPG,,NO_MATCH,,0
TXN2507317W70E6,,NO_MATCH,,0
TXN250731H3W6A1,,NO_MATCH,,0
TXN250731JT1ZV6,,NO_MATCH,,0
ATM2507317LJRYA,,NO_MATCH,,0
TXN2507312P6EVG,,NO_MATCH,,0
NEFT250801UDX3TB,,NO_MATCH,,0
UPI250801YEVHBI,,NO_MATCH,,0
TXN25080105AD9R,,NO_MATCH,,0
TXN250801LLAB9F,,NO_MATCH,,0
UPI2508018TKLWG,,NO_MATCH,,0
ATM2508016DFD4E,,NO_MATCH,,0
ATM250802MQQ7X0,,NO_MATCH,,0
UPI250802TMK8TV,,NO_MATCH,,0
IMPS250802QVMY2F,,NO_MATCH,,0
IMPS25080273NVL8,,NO_MATCH,,0
UPI2508023S1TL9,,NO_MATCH,,0
ATM250802LKD5HZ,,NO_MATCH,,0
UPI250802SPL1WC,,NO_MATCH,,0
ATM250803DBBISK,,NO_MATCH,,0
TXN2508037M1C8E,,NO_MATCH,,0
UPI2508039A4ZQ3,,NO_MATCH,,0
IMPS250803J4LEZ7,,NO_MATCH,,0
ATM250803PL0E8G,,NO_MATCH,,0
ATM2508036W9A0A,,NO_MATCH,,0
IMPS250803FW41FX,,NO_MATCH,,0
ATM250803SGOGNF,,NO_MATCH,,0
IMPS250803M8IJ06,,NO_MATCH,,0
TXN250803JRT3MP,,NO_MATCH,,0
ATM250803XGTGAX,,NO_MATCH,,0
IMPS250804WZETK3,,NO_MATCH,,0
ATM250804S101OA,,NO_MATCH,,0
TXN2508043M986Z,,NO_MATCH,,0
ATM250804H7XS78,,NO_MATCH,,0
UPI250804H5SQX7,,NO_MATCH,,0
ATM25080476OEJL,,NO_MATCH,,0
IMPS250804EFZV4N,,NO_MATCH,,0
TXN250804HPGVVW,,NO_MATCH,,0
UPI250804ZL1PXZ,,NO_MATCH,,0
ATM250805WTB677,,NO_MATCH,,0
IMPS2508055169W3,,NO_MATCH,,0
TXN250805OCJZFA,,NO_MATCH,,0
TXN250805ZQLEEC,,NO_MATCH,,0
TXN2508055O5CO5,,NO_MATCH,,0
ATM25080512P3P0,,NO_MATCH,,0
ATM250805WH42QJ,,NO_MATCH,,0
ATM2508059HTCSN,,NO_MATCH,,0
ATM250805AOH8DT,,NO_MATCH,,0
UPI250805UQDHS7,,NO_MATCH,,0
UPI250805FXHU33,,NO_MATCH,,0
TXN25080504SKNV,,NO_MATCH,,0
UPI250805HPDQ47,,NO_MATCH,,0
UPI250805XS38G6,,NO_MATCH,,0
ATM2508054X962C,,NO_MATCH,,0
UPI250806LJWHHC,,NO_MATCH,,0
UPI250806K8VMV0,,NO_MATCH,,0
UPI250806O9NCB7,,NO_MATCH,,0
ATM250806XYIY2P,,NO_MATCH,,0
ATM2508063MIUCN,,NO_MATCH,,0
UPI250806KE7XOD,,NO_MATCH,,0
ATM250806IH2EV0,,NO_MATCH,,0
ATM250806T05RE0,,NO_MATCH,,0
ATM250807ISIWHN,,NO_MATCH,,0
UPI250807DUCNWI,,NO_MATCH,,0
ATM2508072CVJ9A,,NO_MATCH,,0
UPI2508070GDZO5,,NO_MATCH,,0
ATM250807DD0A0L,,NO_MATCH,,0
ATM250807EMK7QC,,NO_MATCH,,0
ATM2508076VTF0T,,NO_MATCH,,0
TXN250807LAH2WS,,NO_MATCH,,0
UPI250807K5955Z,,NO_MATCH,,0
ATM250807E3FDM0,,NO_MATCH,,0
ATM2508071GYSG5,,NO_MATCH,,0
UPI2508074M91CW,,NO_MATCH,,0
TXN250807EY4RSI,,NO_MATCH,,0
IMPS250807NFW61C,,NO_MATCH,,0
ATM25080730EHBI,,NO_MATCH,,0
UPI250807XALQFX,,NO_MATCH,,0
UPI250808CHO9RI,,NO_MATCH,,0
UPI250808DLO7PE,,NO_MATCH,,0
UPI250808I4DYJ3,,NO_MATCH,,0
UPI250808URV3M5,,NO_MATCH,,0
TXN250808P8CT2J,,NO_MATCH,,0
UPI250809X763RL,,NO_MATCH,,0
ATM2508099GKD7N,,NO_MATCH,,0
UPI250809CSY5FW,,NO_MATCH,,0
ATM250809L50L0X,,NO_MATCH,,0
UPI250809TDUY8I,,NO_MATCH,,0
ATM2508095DWOVH,,NO_MATCH,,0
UPI2508094DB4IA,,NO_MATCH,,0
UPI250809KJL7KU,,NO_MATCH,,0
UPI2508107W3SOP,,NO_MATCH,,0
UPI250810HMNPPH,,NO_MATCH,,0
UPI2508107ROMU7,,NO_MATCH,,0
UPI250810LZXIZ4,,NO_MATCH,,0
ATM250810E8VNTV,,NO_MATCH,,0
ATM250810AQ7W5J,,NO_MATCH,,0
ATM250810JN3W6L,,NO_MATCH,,0
IMPS250810HDBKPR,,NO_MATCH,,0
ATM25081068QEU1,,NO_MATCH,,0
ATM250810LGO38Y,,NO_MATCH,,0
UPI250810MY4WOZ,,NO_MATCH,,0
UPI2508114PN513,,NO_MATCH,,0
UPI250811F66RFI,,NO_MATCH,,0
ATM250811EE7DIT,,NO_MATCH,,0
TXN250811GS848L,,NO_MATCH,,0
UPI250811OLVT0M,,NO_MATCH,,0
ATM2508119UBSKB,,NO_MATCH,,0
ATM250811RJAA03,,NO_MATCH,,0
ATM250811DG6FKT,,NO_MATCH,,0
ATM2508128YI9RH,,NO_MATCH,,0
TXN2508125T69JC,,NO_MATCH,,0
UPI250812HKWC8N,,NO_MATCH,,0
UPI250812Q8AOF6,,NO_MATCH,,0
ATM2508126IU8MN,,NO_MATCH,,0
UPI250812945YAZ,,NO_MATCH,,0
TXN250812HQNH76,,NO_MATCH,,0
UPI250812RV5PT3,,NO_MATCH,,0
ATM2508127WMF1L,,NO_MATCH,,0
UPI250812FD3GSP,,NO_MATCH,,0
UPI25081264KTNL,,NO_MATCH,,0
ATM250812MDZTGX,,NO_MATCH,,0
UPI2508122L9KCH,,NO_MATCH,,0
TXN2508135Q70GL,,NO_MATCH,,0
UPI250813HO8KAS,,NO_MATCH,,0
ATM250813FFI6Q3,,NO_MATCH,,0
TXN250813EPX3D9,,NO_MATCH,,0
TXN250813IMR58K,,NO_MATCH,,0
UPI250813UQ53YW,,NO_MATCH,,0
ATM250813O8QW5A,,NO_MATCH,,0
ATM250813RJZAOQ,,NO_MATCH,,0
ATM250813GRHIW7,,NO_MATCH,,0
UPI25081485B2NV,,NO_MATCH,,0
UPI2508141XBIV7,,NO_MATCH,,0
ATM2508141HBQR3,,NO_MATCH,,0
ATM250814OS4VYJ,,NO_MATCH,,0
UPI250814I7VYQH,,NO_MATCH,,0
UPI250814DX69F7,,NO_MATCH,,0
ATM250814SUNTR2,,NO_MATCH,,0
ATM250814ZQ8MEP,,NO_MATCH,,0
UPI2508149JJ3GY,,NO_MATCH,,0
TXN250815BDQD5S,,NO_MATCH,,0
ATM2508158NSUXU,,NO_MATCH,,0
UPI250815KG35A8,,NO_MATCH,,0
UPI250815LEYK1C,,NO_MATCH,,0
ATM250815TCVY8Z,,NO_MATCH,,0
UPI250815XJ4U09,,NO_MATCH,,0
TXN250815K85QXI,,NO_MATCH,,0
ATM250815K9TH8T,,NO_MATCH,,0
ATM2508157F495M,,NO_MATCH,,0
ATM250815UMC7VC,,NO_MATCH,,0
UPI25081593AM1S,,NO_MATCH,,0
ATM250816IEZ52R,,NO_MATCH,,0
ATM250816SAAO0R,,NO_MATCH,,0
ATM2508164KF4JK,,NO_MATCH,,0
ATM250816VIP5E2,,NO_MATCH,,0
ATM250816NNRUX0,,NO_MATCH,,0
IMPS250816VR8Q0R,,NO_MATCH,,0
ATM250816FWFVT9,,NO_MATCH,,0
ATM2508161B7DBE,,NO_MATCH,,0
ATM2508164A9AR0,,NO_MATCH,,0
UPI250816NB89S8,,NO_MATCH,,0
ATM250816HD9K4I,,NO_MATCH,,0
ATM2508162AA08W,,NO_MATCH,,0
ATM250816SNGYEM,,NO_MATCH,,0
UPI250816NADM8T,,NO_MATCH,,0
IMPS250817PHVXS8,,NO_MATCH,,0
TXN250817D0SLW0,,NO_MATCH,,0
TXN2508178BV7KT,,NO_MATCH,,0
TXN250817RBDRSN,,NO_MATCH,,0
IMPS250817ODQHDU,,NO_MATCH,,0
ATM250817D80VVJ,,NO_MATCH,,0
ATM250817D3H05G,,NO_MATCH,,0
UPI250817JGAVGP,,NO_MATCH,,0
ATM250817BGPWOX,,NO_MATCH,,0
ATM250817NZQ67A,,NO_MATCH,,0
UPI250817QCD403,,NO_MATCH,,0
TXN250817GXGHGI,,NO_MATCH,,0
ATM250818MY0TH7,,NO_MATCH,,0
UPI2508185Y64JS,,NO_MATCH,,0
UPI250818AZIGZT,,NO_MATCH,,0
TXN2508185IWLL2,,NO_MATCH,,0
ATM25081866FEWK,,NO_MATCH,,0
IMPS250818U7ULYB,,NO_MATCH,,0
ATM250818I8HHGQ,,NO_MATCH,,0
TXN250818CRYFTT,,NO_MATCH,,0
TXN250818CWJG4B,,NO_MATCH,,0
UPI2508193T7HE2,,NO_MATCH,,0
UPI250819E6XQ54,,NO_MATCH,,0
IMPS250819EJZTXT,,NO_MATCH,,0
TXN250819E88Q9I,,NO_MATCH,,0
UPI250819KQGQON,,NO_MATCH,,0
ATM250819QWJFQN,,NO_MATCH,,0
TXN25081959KPI4,,NO_MATCH,,0
ATM2508192LNU7W,,NO_MATCH,,0
UPI250819OPFXV7,,NO_MATCH,,0
ATM2508194GWS8K,,NO_MATCH,,0
UPI25082050XYQQ,,NO_MATCH,,0
UPI250820A7891L,,NO_MATCH,,0
UPI2508204PT2LT,,NO_MATCH,,0
ATM250820RMQ5QT,,NO_MATCH,,0
ATM2508205OVRFK,,NO_MATCH,,0
TXN250820HPY3RK,,NO_MATCH,,0
ATM250820YMVEKR,,NO_MATCH,,0
UPI250820YO8S6P,,NO_MATCH,,0
ATM250820H7XY7E,,NO_MATCH,,0
ATM250820LPAW56,,NO_MATCH,,0
TXN25082004M812,,NO_MATCH,,0
UPI250820EPZBXB,,NO_MATCH,,0
ATM250821BG8VJ2,,NO_MATCH,,0
ATM2508218QJ3UN,,NO_MATCH,,0
ATM250821NFL3ZW,,NO_MATCH,,0
ATM250821ZRIBIM,,NO_MATCH,,0
TXN25082196WDKG,,NO_MATCH,,0
ATM250821QNNGQN,,NO_MATCH,,0
ATM2508212OMJOP,,NO_MATCH,,0
UPI2508211C3RUH,,NO_MATCH,,0
UPI250822NR7YAA,,NO_MATCH,,0
TXN250822OZ6A67,,NO_MATCH,,0
UPI250822HMO0L2,,NO_MATCH,,0
ATM250822DU5848,,NO_MATCH,,0
ATM250823714WAM,,NO_MATCH,,0
TXN250823RFO9MM,,NO_MATCH,,0
UPI250823T1ZMYO,,NO_MATCH,,0
IMPS25082341NN87,,NO_MATCH,,0
TXN250824VEDIG1,,NO_MATCH,,0
TXN2508245BNABK,,NO_MATCH,,0
UPI250824AMEVY0,,NO_MATCH,,0
UPI250824J9ZX6A,,NO_MATCH,,0
IMPS250824AHO9ZW,,NO_MATCH,,0
ATM250824WJXTXZ,,NO_MATCH,,0
IMPS250824ZEZ3EY,,NO_MATCH,,0
IMPS2508243DDS1Q,,NO_MATCH,,0
ATM250824D1IMZU,,NO_MATCH,,0
ATM2508241JYT8T,,NO_MATCH,,0
ATM250824BQGY1G,,NO_MATCH,,0
TXN2508240MDL8Z,,NO_MATCH,,0
ATM250824ACP8KG,,NO_MATCH,,0
UPI250824EK0YNE,,NO_MATCH,,0
TXN25082539A2P0,,NO_MATCH,,0
TXN250825XST9TF,,NO_MATCH,,0
UPI250825U2L4QT,,NO_MATCH,,0
UPI250825687SYY,,NO_MATCH,,0
UPI250825XTFC65,,NO_MATCH,,0
UPI250825MXMKA0,,NO_MATCH,,0
UPI250825HADVQQ,,NO_MATCH,,0
IMPS250826CEMICS,,NO_MATCH,,0
ATM250826IQQFRY,,NO_MATCH,,0
UPI250826DVZZI6,,NO_MATCH,,0
TXN250826RXVY4O,,NO_MATCH,,0
IMPS250826QXNAR6,,NO_MATCH,,0
TXN250826K20O0D,,NO_MATCH,,0
UPI2508260EN0Y1,,NO_MATCH,,0
IMPS250827I2XP3O,,NO_MATCH,,0
TXN250827UIX30Z,,NO_MATCH,,0
IMPS250827HCGX24,,NO_MATCH,,0
UPI2508271N0SY7,,NO_MATCH,,0
UPI250827FU525C,,NO_MATCH,,0
IMPS250827CMS6BZ,,NO_MATCH,,0
ATM250827UGLXLR,,NO_MATCH,,0
UPI2508277KN7R8,,NO_MATCH,,0
UPI250827KK5XY7,,NO_MATCH,,0
UPI250827QV0CX9,,NO_MATCH,,0
UPI2508277M6KJD,,NO_MATCH,,0
ATM2508271IO8O7,,NO_MATCH,,0
UPI250827AV86S3,,NO_MATCH,,0
ATM250827A6CLHS,,NO_MATCH,,0
UPI250827BKO7T7,,NO_MATCH,,0
TXN250827VVDFNO,,NO_MATCH,,0
TXN2508288SJKRC,,NO_MATCH,,0
UPI2508288T8WGY,,NO_MATCH,,0
ATM250828WLI0A5,,NO_MATCH,,0
ATM250828C3C5D4,,NO_MATCH,,0
UPI250828NK49QO,,NO_MATCH,,0
UPI250828WCQGFS,,NO_MATCH,,0
ATM250828ZRDQR2,,NO_MATCH,,0
TXN250828D5J37Z,,NO_MATCH,,0
UPI250828K3ZLVD,,NO_MATCH,,0
UPI250828U06Z8I,,NO_MATCH,,0
UPI25082837FHC4,,NO_MATCH,,0
IMPS25082815KB95,,NO_MATCH,,0
UPI250828KRRS57,,NO_MATCH,,0
TXN250828NHFGCM,,NO_MATCH,,0
IMPS250829Y5G3C9,,NO_MATCH,,0
ATM2508291AD2WE,,NO_MATCH,,0
UPI250829YG0W21,,NO_MATCH,,0
UPI2508293JIUQG,,NO_MATCH,,0
TXN250830GOUVHB,,NO_MATCH,,0
TXN2508301TRDSU,,NO_MATCH,,0
UPI25083050WG0C,,NO_MATCH,,0
ATM250830O6M2PF,,NO_MATCH,,0
UPI250830NI0OOC,,NO_MATCH,,0
TXN250830B3TVGW,,NO_MATCH,,0
ATM2508309PNR6N,,NO_MATCH,,0
TXN250830WDU34O,,NO_MATCH,,0
TXN25083082UQHW,,NO_MATCH,,0
ATM250830MJQ90L,,NO_MATCH,,0
TXN250831XGTWB7,,NO_MATCH,,0
UPI2508313PC19R,,NO_MATCH,,0
UPI25083133VTKE,,NO_MATCH,,0
UPI250831F4QY0W,,NO_MATCH,,0
TXN250831YC2F0L,,NO_MATCH,,0
TXN250831JAJSVH,,NO_MATCH,,0
IMPS250831XOR5YR,,NO_MATCH,,0
ATM250831B19J7H,,NO_MATCH,,0
ATM250831X0FCMD,,NO_MATCH,,0
IMPS250831M1RYPW,,NO_MATCH,,0
TXN250901V6R7ZD,,NO_MATCH,,0
ATM25090121MJFR,,NO_MATCH,,0
ATM250901TGEDS6,,NO_MATCH,,0
TXN250901007GH0,,NO_MATCH,,0
UPI250901A50I6X,,NO_MATCH,,0
TXN2509019W7TIJ,,NO_MATCH,,0
ATM250901LK30ZX,,NO_MATCH,,0
ATM250901VV28JW,,NO_MATCH,,0
UPI2509017C1N51,,NO_MATCH,,0
TXN250901H8TO24,,NO_MATCH,,0
TXN250901G2JDZL,,NO_MATCH,,0
UPI250901QVPK2A,,NO_MATCH,,0
IMPS250901TDYMDE,,NO_MATCH,,0
ATM2509022J4ZVE,,NO_MATCH,,0
IMPS250902GNLNEH,,NO_MATCH,,0
ATM2509021NI7UU,,NO_MATCH,,0
UPI250902S7857S,,NO_MATCH,,0
TXN250902LXU21D,,NO_MATCH,,0
UPI250902ZK2H6O,,NO_MATCH,,0
TXN250903THOHLJ,,NO_MATCH,,0
UPI250903RC92BA,,NO_MATCH,,0
UPI250903SAHSFC,,NO_MATCH,,0
TXN25090388QF2U,,NO_MATCH,,0
IMPS250903TH2L3C,,NO_MATCH,,0
TXN250903RT46BC,,NO_MATCH,,0
UPI250903KIP90Q,,NO_MATCH,,0
ATM250903RHCEJM,,NO_MATCH,,0
ATM250904YKZVBB,,NO_MATCH,,0
ATM250904A37BLF,,NO_MATCH,,0
UPI2509046E0KRL,,NO_MATCH,,0
UPI250904VJL2QE,,NO_MATCH,,0
TXN250904GRUZDP,,NO_MATCH,,0
ATM250904JZ5W19,,NO_MATCH,,0
UPI250905E542GU,,NO_MATCH,,0
IMPS250905P9YT0W,,NO_MATCH,,0
TXN250905OMUC4I,,NO_MATCH,,0
IMPS2509056W21CF,,NO_MATCH,,0
TXN2509068YXEFN,,NO_MATCH,,0
ATM250906T27V1H,,NO_MATCH,,0
TXN250906XAMVW5,,NO_MATCH,,0
ATM250906UAA2W9,,NO_MATCH,,0
ATM250906EN6WLL,,NO_MATCH,,0
UPI250906KAKKDD,,NO_MATCH,,0
TXN250906CYTM13,,NO_MATCH,,0
ATM2509066D0D6Y,,NO_MATCH,,0
ATM25090634BBA8,,NO_MATCH,,0
TXN250906MNM2MW,,NO_MATCH,,0
ATM250906ZN12DD,,NO_MATCH,,0
ATM250906KZZXOH,,NO_MATCH,,0
ATM250906Z77H8I,,NO_MATCH,,0
UPI250907V2T0M4,,NO_MATCH,,0
TXN250907TZ8LTZ,,NO_MATCH,,0
TXN250907M6FKAJ,,NO_MATCH,,0
ATM250907TF6O4S,,NO_MATCH,,0
ATM250907R16L0L,,NO_MATCH,,0
TXN2509072HD7JJ,,NO_MATCH,,0
IMPS250907YZHJ86,,NO_MATCH,,0
UPI250907N38JYO,,NO_MATCH,,0
ATM250907IC1LMG,,NO_MATCH,,0
ATM250908N2DF7G,,NO_MATCH,,0
UPI250908HN2B6V,,NO_MATCH,,0
UPI250908I7XUJ5,,NO_MATCH,,0
TXN2509080SJHJ6,,NO_MATCH,,0
IMPS250908085V56,,NO_MATCH,,0
ATM250908EFQQTK,,NO_MATCH,,0
TXN250908VQHNFF,,NO_MATCH,,0
TXN250908K5QOX1,,NO_MATCH,,0
TXN25090851N9KH,,NO_MATCH,,0
UPI250908JN58VL,,NO_MATCH,,0
ATM250908SIOCNO,,NO_MATCH,,0
UPI2509089A54OV,,NO_MATCH,,0
ATM25090862TYW2,,NO_MATCH,,0
TXN250909CPL8HG,,NO_MATCH,,0
TXN2509094JFWPF,,NO_MATCH,,0
TXN2509095Z12RI,,NO_MATCH,,0
TXN250909XGPJWL,,NO_MATCH,,0
UPI250909ONQSFQ,,NO_MATCH,,0
UPI250909WBR7EE,,NO_MATCH,,0
UPI250909QDESIV,,NO_MATCH,,0
UPI2509109B61EP,,NO_MATCH,,0
TXN2509100PWMLD,,NO_MATCH,,0
ATM250910C1OTE1,,NO_MATCH,,0
UPI2509106XV0ZM,,NO_MATCH,,0
UPI250911FYKL45,,NO_MATCH,,0
ATM2509111FNX01,,NO_MATCH,,0
IMPS250911C0CGDS,,NO_MATCH,,0
TXN250911WV2TIL,,NO_MATCH,,0
ATM250911L6G9EM,,NO_MATCH,,0
ATM2509113RJVWQ,,NO_MATCH,,0
UPI2509115EQOVZ,,NO_MATCH,,0
ATM250911QRKRMG,,NO_MATCH,,0
ATM250911F2YQIO,,NO_MATCH,,0
ATM2509111GIPLQ,,NO_MATCH,,0
ATM2509124EDS39,,NO_MATCH,,0
ATM250912DPNMNF,,NO_MATCH,,0
IMPS2509120EHCZ0,,NO_MATCH,,0
ATM250912BISK2D,,NO_MATCH,,0
UPI250912P3G16R,,NO_MATCH,,0
ATM250912UOGNNY,,NO_MATCH,,0
ATM250912X3BYUL,,NO_MATCH,,0
TXN2509127O6SQ5,,NO_MATCH,,0
UPI2509134F675B,,NO_MATCH,,0
TXN2509138JHUWT,,NO_MATCH,,0
ATM250913NBUQ28,,NO_MATCH,,0
ATM250913EMOH85,,NO_MATCH,,0
UPI2509132Y1KTT,,NO_MATCH,,0
ATM250913AO9TLJ,,NO_MATCH,,0
TXN250913V8LDIJ,,NO_MATCH,,0
ATM250913K68Q8E,,NO_MATCH,,0
TXN250913WPO810,,NO_MATCH,,0
UPI2509133W3ZCY,,NO_MATCH,,0
UPI250913Q6FV8X,,NO_MATCH,,0
UPI2509137DOK72,,NO_MATCH,,0
UPI250913K7ATYT,,NO_MATCH,,0
TXN2509142ZJCAE,,NO_MATCH,,0
UPI250914CL5RLC,,NO_MATCH,,0
IMPS250914KP2BKI,,NO_MATCH,,0
ATM2509146L8VVA,,NO_MATCH,,0
UPI2509144ZQJ0R,,NO_MATCH,,0
TXN250914L3RGNB,,NO_MATCH,,0
UPI250914VRT7S7,,NO_MATCH,,0
ATM250914LSGZQR,,NO_MATCH,,0
TXN250914E4W13J,,NO_MATCH,,0
UPI250914MJ1N6M,,NO_MATCH,,0
ATM2509141BYKGE,,NO_MATCH,,0
TXN2509143B2Z46,,NO_MATCH,,0
ATM2509141EEQ5G,,NO_MATCH,,0
ATM250914H1FHGQ,,NO_MATCH,,0
IMPS250914KLTZQH,,NO_MATCH,,0
ATM250914NNPJP9,,NO_MATCH,,0
ATM250914D7LR53,,NO_MATCH,,0
UPI250915K6HHHZ,,NO_MATCH,,0
UPI250915YD2CXD,,NO_MATCH,,0
UPI250915U198M7,,NO_MATCH,,0
UPI250915HBYU2Y,,NO_MATCH,,0
UPI250915XPDFYC,,NO_MATCH,,0
ATM2509155PSZ0W,,NO_MATCH,,0
TXN250915OMQGGK,,NO_MATCH,,0
IMPS250915KPSBJR,,NO_MATCH,,0
UPI250916ZAG7X4,,NO_MATCH,,0
ATM250916RUSUKA,,NO_MATCH,,0
UPI250916U0K1DM,,NO_MATCH,,0
TXN250916SW1K5M,,NO_MATCH,,0
ATM250916ZJWHZJ,,NO_MATCH,,0
UPI250916EYN9QJ,,NO_MATCH,,0
ATM25091693KI0Y,,NO_MATCH,,0
ATM2509168XJ7NI,,NO_MATCH,,0
TXN25091690I7R3,,NO_MATCH,,0
ATM250916AI5VSW,,NO_MATCH,,0
ATM250917JJHFLI,,NO_MATCH,,0
UPI2509176RSIWA,,NO_MATCH,,0
ATM25091722V7RG,,NO_MATCH,,0
ATM250917362AL3,,NO_MATCH,,0
UPI250917ZFTSWU,,NO_MATCH,,0
UPI250917CMROV8,,NO_MATCH,,0
UPI250917RJB10J,,NO_MATCH,,0
TXN2509175TQC9C,,NO_MATCH,,0
ATM25091704WXLQ,,NO_MATCH,,0
TXN2509180HAWAT,,NO_MATCH,,0
IMPS250918HP1BEK,,NO_MATCH,,0
UPI250918NECRMA,,NO_MATCH,,0
IMPS250918IT2MQ5,,NO_MATCH,,0
UPI250918F1WMQK,,NO_MATCH,,0
ATM250918Z8P8WP,,NO_MATCH,,0
UPI250918JN7K86,,NO_MATCH,,0
ATM250918KW0LQS,,NO_MATCH,,0
TXN250918VTUX46,,NO_MATCH,,0
UPI250919FJU5UJ,,NO_MATCH,,0
TXN2509190HQQIN,,NO_MATCH,,0
IMPS250920DHSW9E,,NO_MATCH,,0
TXN250920IFVFN2,,NO_MATCH,,0
ATM2509205BCUUO,,NO_MATCH,,0
ATM250920BLBBRQ,,NO_MATCH,,0
TXN250920EALXJY,,NO_MATCH,,0
ATM2509201GWNFB,,NO_MATCH,,0
TXN250920SO5CJF,,NO_MATCH,,0
ATM2509206WIC5L,,NO_MATCH,,0
ATM2509205ZPCZS,,NO_MATCH,,0
UPI250920QIO2NZ,,NO_MATCH,,0
TXN250920BNJYYP,,NO_MATCH,,0
ATM2509207SLAU2,,NO_MATCH,,0
ATM2509203A74XU,,NO_MATCH,,0
TXN250920P81FMN,,NO_MATCH,,0
TXN250920DUHARV,,NO_MATCH,,0
UPI250920T46JZA,,NO_MATCH,,0
IMPS250921AWUQO0,,NO_MATCH,,0
UPI250921TP2O1Y,,NO_MATCH,,0
ATM2509219LK9S7,,NO_MATCH,,0
IMPS250921HSXE7V,,NO_MATCH,,0
UPI250921K1QTK1,,NO_MATCH,,0
ATM250921472UWN,,NO_MATCH,,0
UPI25092116RZ8O,,NO_MATCH,,0
ATM250921EOI5BA,,NO_MATCH,,0
ATM25092153RB8R,,NO_MATCH,,0
IMPS250922X8TSBK,,NO_MATCH,,0
ATM250922DWKLNY,,NO_MATCH,,0
UPI2509221PAUVC,,NO_MATCH,,0
TXN250922W132RH,,NO_MATCH,,0
UPI25092292UMS2,,NO_MATCH,,0
UPI250922COZ5HM,,NO_MATCH,,0
ATM250922XHMROU,,NO_MATCH,,0
TXN2509220GJ103,,NO_MATCH,,0
ATM2509227JS7R9,,NO_MATCH,,0
ATM250922LPQA8V,,NO_MATCH,,0
ATM250923G7C7OZ,,NO_MATCH,,0
UPI250923DUECZ4,,NO_MATCH,,0
IMPS250923J3MXOT,,NO_MATCH,,0
IMPS250923BBOVXE,,NO_MATCH,,0
TXN2509231518R5,,NO_MATCH,,0
ATM250923IJ7KVQ,,NO_MATCH,,0
UPI250923AFYV5H,,NO_MATCH,,0
IMPS250923DH8EF6,,NO_MATCH,,0
ATM250924IZLVER,,NO_MATCH,,0
TXN2509249V7UV6,,NO_MATCH,,0
ATM2509243E6COJ,,NO_MATCH,,0
IMPS250924NFBURP,,NO_MATCH,,0
UPI250924IL21UL,,NO_MATCH,,0
TXN2509248YRV0T,,NO_MATCH,,0
TXN250924R23NLV,,NO_MATCH,,0
TXN2509249VSGTQ,,NO_MATCH,,0
UPI250924D2A2BG,,NO_MATCH,,0
UPI250924HNJURV,,NO_MATCH,,0
ATM250924KYN9PL,,NO_MATCH,,0
TXN250925OV7T8K,,NO_MATCH,,0
ATM250925SHDM9W,,NO_MATCH,,0
UPI250925UJ6J6X,,NO_MATCH,,0
ATM25092578MXCE,,NO_MATCH,,0
ATM2509254AZIAR,,NO_MATCH,,0
IMPS250925ESDXCQ,,NO_MATCH,,0
ATM250925QP3VW9,,NO_MATCH,,0
TXN250925CDZ9IG,,NO_MATCH,,0
TXN2509267T2U6N,,NO_MATCH,,0
TXN250926BQGCI4,,NO_MATCH,,0
ATM2509260UFTV1,,NO_MATCH,,0
ATM250926R0JR34,,NO_MATCH,,0
ATM250926VWEOAG,,NO_MATCH,,0
ATM250926BQMBNL,,NO_MATCH,,0
UPI2509269FEPY1,,NO_MATCH,,0
ATM250926AP8HBF,,NO_MATCH,,0
ATM250926FF7N2S,,NO_MATCH,,0
ATM250926GHV0ET,,NO_MATCH,,0
IMPS250927C76NZW,,NO_MATCH,,0
UPI2509274XBPSG,,NO_MATCH,,0
TXN2509276Z3D3M,,NO_MATCH,,0
ATM250927MBIQK1,,NO_MATCH,,0
UPI250927RJGVTE,,NO_MATCH,,0
ATM250927STRWBQ,,NO_MATCH,,0
ATM250927R8OXNS,,NO_MATCH,,0
UPI250928HMA8XN,,NO_MATCH,,0
TXN250928YCCL3O,,NO_MATCH,,0
IMPS250928DPHIXA,,NO_MATCH,,0
IMPS250928X0UIDE,,NO_MATCH,,0
ATM250928WPMYN4,,NO_MATCH,,0
TXN250929Z1JO0G,,NO_MATCH,,0
ATM2509299PUEJJ,,NO_MATCH,,0
IMPS250929XP4YXX,,NO_MATCH,,0
UPI250929BV9VQR,,NO_MATCH,,0
ATM250929DVZNG0,,NO_MATCH,,0
UPI250929GJXSWX,,NO_MATCH,,0
UPI250929XFIWZW,,NO_MATCH,,0
IMPS250929AYJIT1,,NO_MATCH,,0
UPI250929RIQPUP,,NO_MATCH,,0
ATM250930XW6E6I,,NO_MATCH,,0
ATM250930RB3OAX,,NO_MATCH,,0
ATM250930PH3MLK,,NO_MATCH,,0
UPI250930FF2Z3R,,NO_MATCH,,0
UPI250930NK9F3V,,NO_MATCH,,0
UPI25093013IR5H,,NO_MATCH,,0
ATM250930D8TJ32,,NO_MATCH,,0
UPI250930VY1DFB,,NO_MATCH,,0
TXN251001V0SGH6,,NO_MATCH,,0
ATM2510017CPWHW,,NO_MATCH,,0
TXN251001VCHYCO,,NO_MATCH,,0
TXN2510017WFXNU,,NO_MATCH,,0
UPI251001BTB634,,NO_MATCH,,0
TXN251001SPQEQ3,,NO_MATCH,,0
TXN251001MR9WAE,,NO_MATCH,,0
UPI25100176D69L,,NO_MATCH,,0
IMPS251001AVVPUI,,NO_MATCH,,0
ATM2510014BIRQH,,NO_MATCH,,0
ATM2510010QKTSA,,NO_MATCH,,0
IMPS2510024N2UIW,,NO_MATCH,,0
IMPS251002YKACWT,,NO_MATCH,,0
TXN2510024HO63C,,NO_MATCH,,0
ATM251002EA7TGZ,,NO_MATCH,,0
IMPS251002G9482E,,NO_MATCH,,0
UPI2510025EX7Z3,,NO_MATCH,,0
TXN2510029NSZL3,,NO_MATCH,,0
TXN251002VLGTCT,,NO_MATCH,,0
TXN251002YC4TUX,,NO_MATCH,,0
UPI251002V85LDT,,NO_MATCH,,0
TXN2510020F0BFO,,NO_MATCH,,0
UPI251002COVFS3,,NO_MATCH,,0
UPI25100229E0UU,,NO_MATCH,,0
UPI251002A5176V,,NO_MATCH,,0
TXN2510037EJ1Y9,,NO_MATCH,,0
IMPS251003Y40BMH,,NO_MATCH,,0
ATM251003XOHERG,,NO_MATCH,,0
UPI2510036Z9PJ4,,NO_MATCH,,0
UPI251003XAJETN,,NO_MATCH,,0
ATM251003PQF64Q,,NO_MATCH,,0
ATM251003T5JNAK,,NO_MATCH,,0
TXN251003RT0NR8,,NO_MATCH,,0
ATM251003FHNW09,,NO_MATCH,,0
IMPS251003BW9JW2,,NO_MATCH,,0
TXN2510037CQIH2,,NO_MATCH,,0
TXN251003UCL4EA,,NO_MATCH,,0
UPI251003KWW2CD,,NO_MATCH,,0
ATM251003TLDJM6,,NO_MATCH,,0
TXN251004FR1EAY,,NO_MATCH,,0
ATM251004GGKQLI,,NO_MATCH,,0
UPI2510049QSEGS,,NO_MATCH,,0
ATM251004I9QXMF,,NO_MATCH,,0
TXN251004S4RBZR,,NO_MATCH,,0
TXN251004918ZPG,,NO_MATCH,,0
TXN251004BU5JSV,,NO_MATCH,,0
UPI251004AC2ACP,,NO_MATCH,,0
ATM2510044EVWUO,,NO_MATCH,,0
TXN2510046SSXE9,,NO_MATCH,,0
TXN251005FAA24V,,NO_MATCH,,0
UPI25100597WX1M,,NO_MATCH,,0
UPI251005VBJOJR,,NO_MATCH,,0
UPI2510057GS97Q,,NO_MATCH,,0
UPI251005TCZTAU,,NO_MATCH,,0
ATM2510050J6CCA,,NO_MATCH,,0
UPI251005OETUVD,,NO_MATCH,,0
UPI251005M1M682,,NO_MATCH,,0
ATM25100536OYWI,,NO_MATCH,,0
TXN251005J0H2NI,,NO_MATCH,,0
TXN251005TXA417,,NO_MATCH,,0
UPI251005JZHPPQ,,NO_MATCH,,0
UPI25100616FJ5E,,NO_MATCH,,0
ATM251006N3RRQ5,,NO_MATCH,,0
TXN251006MY7FGI,,NO_MATCH,,0
ATM251006X278S5,,NO_MATCH,,0
ATM251006ZYXWZ0,,NO_MATCH,,0
ATM251006GF10W0,,NO_MATCH,,0
UPI251006N3Q5LT,,NO_MATCH,,0
IMPS2510060UUQLD,,NO_MATCH,,0
IMPS251007YIJM74,,NO_MATCH,,0
TXN251007617UIY,,NO_MATCH,,0
UPI251007NW32J3,,NO_MATCH,,0
TXN251007A0GHVK,,NO_MATCH,,0
ATM251007V43RU2,,NO_MATCH,,0
UPI251007B6OYL4,,NO_MATCH,,0
ATM251007LHFQFF,,NO_MATCH,,0
UPI251007J6ZIK6,,NO_MATCH,,0
UPI25100794MNJB,,NO_MATCH,,0
TXN251007A2DPEL,,NO_MATCH,,0
ATM251007BLEDIX,,NO_MATCH,,0
ATM2510070HSK47,,NO_MATCH,,0
ATM251008EKJR57,,NO_MATCH,,0
UPI251008PFM31H,,NO_MATCH,,0
UPI251008NTABV4,,NO_MATCH,,0
UPI251008XC8HEH,,NO_MATCH,,0
TXN251008LQJJPR,,NO_MATCH,,0
TXN251008WWKDHS,,NO_MATCH,,0
UPI251008MOW448,,NO_MATCH,,0
ATM251009ENF1O6,,NO_MATCH,,0
ATM251009W39XB5,,NO_MATCH,,0
UPI2510095ZMMOC,,NO_MATCH,,0
TXN2510094KUPUS,,NO_MATCH,,0
ATM2510096UQSOE,,NO_MATCH,,0
UPI251009ALKIHJ,,NO_MATCH,,0
TXN2510094FWQM9,,NO_MATCH,,0
UPI251009DFTS8D,,NO_MATCH,,0
ATM251009YI8N4G,,NO_MATCH,,0
UPI251009IZBW6Q,,NO_MATCH,,0
TXN251009ULPCBN,,NO_MATCH,,0
UPI251009EBWH69,,NO_MATCH,,0
ATM25101068WAV0,,NO_MATCH,,0
UPI2510105VGO2X,,NO_MATCH,,0
ATM251010J9FHHI,,NO_MATCH,,0
UPI251010LPGHKN,,NO_MATCH,,0
TXN2510102TJ3LA,,NO_MATCH,,0
ATM2510106KYWO2,,NO_MATCH,,0
ATM25101001MJYR,,NO_MATCH,,0
UPI251010817YGZ,,NO_MATCH,,0
UPI251010QD6K7T,,NO_MATCH,,0
ATM251010KCGSB8,,NO_MATCH,,0
UPI251011JTDFFR,,NO_MATCH,,0
UPI25101188D26Q,,NO_MATCH,,0
UPI251011BDKTS6,,NO_MATCH,,0
IMPS2510117Z9EGC,,NO_MATCH,,0
TXN251011ZHOIYT,,NO_MATCH,,0
TXN251011SKLFZV,,NO_MATCH,,0
UPI251011OZV1VM,,NO_MATCH,,0
UPI251011SBEYTD,,NO_MATCH,,0
TXN251011QBDJP5,,NO_MATCH,,0
ATM251011NO4ETW,,NO_MATCH,,0
TXN251011MI7O2V,,NO_MATCH,,0
TXN251011P2QYL8,,NO_MATCH,,0
ATM2510124G2FY9,,NO_MATCH,,0
UPI2510129DGB6P,,NO_MATCH,,0
UPI251012FYRQB5,,NO_MATCH,,0
ATM251012O3J661,,NO_MATCH,,0
TXN2510122NNWBK,,NO_MATCH,,0
IMPS251012TD1M3Z,,NO_MATCH,,0
UPI2510122FS7KS,,NO_MATCH,,0
ATM251012ATJQMO,,NO_MATCH,,0
ATM251012DQMEED,,NO_MATCH,,0
UPI251013U6O61K,,NO_MATCH,,0
IMPS251013EA8H11,,NO_MATCH,,0
ATM2510138MDS5B,,NO_MATCH,,0
ATM251013XBNE9F,,NO_MATCH,,0
TXN251013CLK97T,,NO_MATCH,,0
TXN25101301ZNZQ,,NO_MATCH,,0
ATM251013CTTD7V,,NO_MATCH,,0
IMPS251013YMEZV8,,NO_MATCH,,0
UPI251013NZRT9C,,NO_MATCH,,0
ATM2510144RVTGC,,NO_MATCH,,0
UPI251014QGZTZB,,NO_MATCH,,0
UPI251014KRA0NG,,NO_MATCH,,0
UPI251014U5T8J4,,NO_MATCH,,0
TXN251014SPUXFH,,NO_MATCH,,0
ATM251014O56KEU,,NO_MATCH,,0
TXN251014KNJZY8,,NO_MATCH,,0
TXN251014NQSWG1,,NO_MATCH,,0
UPI251014YQRTGB,,NO_MATCH,,0
ATM251015QKJLDJ,,NO_MATCH,,0
UPI251015IWKOKF,,NO_MATCH,,0
UPI251015WOBITQ,,NO_MATCH,,0
TXN251015JP8PXX,,NO_MATCH,,0
ATM251015XCGT28,,NO_MATCH,,0
UPI251015PAHPEE,,NO_MATCH,,0
TXN251015XBFJ4R,,NO_MATCH,,0
UPI251016OMXUP4,,NO_MATCH,,0
ATM251016NXV54J,,NO_MATCH,,0
UPI251016RM8ISY,,NO_MATCH,,0
UPI2510160B5HDX,,NO_MATCH,,0
TXN2510164N56DJ,,NO_MATCH,,0
TXN251016ONQE5H,,NO_MATCH,,0
UPI251016576C07,,NO_MATCH,,0
TXN251016YU12N0,,NO_MATCH,,0
TXN251016DO6SHI,,NO_MATCH,,0
IMPS251017L971O6,,NO_MATCH,,0
UPI251017OL37TD,,NO_MATCH,,0
ATM2510177JT17W,,NO_MATCH,,0
ATM251017ALUX2S,,NO_MATCH,,0
TXN251017ZYAXZG,,NO_MATCH,,0
ATM25101715HM1E,,NO_MATCH,,0
ATM251017IGS6O9,,NO_MATCH,,0
UPI251018YQOAYF,,NO_MATCH,,0
ATM2510188ZCYMF,,NO_MATCH,,0
ATM251018ZW44O7,,NO_MATCH,,0
IMPS251018HW74HP,,NO_MATCH,,0
ATM251018LV4XLU,,NO_MATCH,,0
ATM251018PSGPY6,,NO_MATCH,,0
UPI251019P1RU43,,NO_MATCH,,0
ATM251019A8FZYU,,NO_MATCH,,0
UPI251019B8VYWT,,NO_MATCH,,0
TXN25101996AFV5,,NO_MATCH,,0
TXN2510199961LN,,NO_MATCH,,0
ATM251019ENC2QE,,NO_MATCH,,0
UPI251019LEUL3O,,NO_MATCH,,0
ATM251019MUHO8J,,NO_MATCH,,0
TXN251020Y5VEI1,,NO_MATCH,,0
ATM25102029M5RQ,,NO_MATCH,,0
TXN251020NLHJ3J,,NO_MATCH,,0
UPI251020V25252,,NO_MATCH,,0
UPI2510205WY27L,,NO_MATCH,,0
IMPS2510208M45JC,,NO_MATCH,,0
IMPS251020WLCR8S,,NO_MATCH,,0
ATM251020IAYMCS,,NO_MATCH,,0
ATM251020CIN8Y0,,NO_MATCH,,0
UPI251020JOBJPS,,NO_MATCH,,0
ATM251020VHTGIJ,,NO_MATCH,,0
UPI251020MHMHC4,,NO_MATCH,,0
UPI251020AIL5GT,,NO_MATCH,,0
IMPS25102039ZH7S,,NO_MATCH,,0
ATM251021D6WTWG,,NO_MATCH,,0
UPI251021ABFAW1,,NO_MATCH,,0
IMPS251021ZJ441B,,NO_MATCH,,0
TXN251021XU6ZT5,,NO_MATCH,,0
ATM251021Y8ZDC7,,NO_MATCH,,0
ATM251021IEPRYL,,NO_MATCH,,0
ATM251021AKXDZ3,,NO_MATCH,,0
TXN2510212JD2CX,,NO_MATCH,,0
IMPS251021N4RG8R,,NO_MATCH,,0
TXN2510214WKU38,,NO_MATCH,,0
ATM2510228BQ4B8,,NO_MATCH,,0
UPI251022B65GZJ,,NO_MATCH,,0
TXN2510223ZW2MI,,NO_MATCH,,0
ATM2510222C0YIE,,NO_MATCH,,0
UPI2510225LZ2KX,,NO_MATCH,,0
UPI251022D3CCOU,,NO_MATCH,,0
ATM2510220AM4C0,,NO_MATCH,,0
UPI251022TYVFKK,,NO_MATCH,,0
TXN2510222BJE16,,NO_MATCH,,0
ATM251022GF4OOG,,NO_MATCH,,0
UPI251022FBVO2L,,NO_MATCH,,0
UPI25102221O47F,,NO_MATCH,,0
UPI251022TTB5TS,,NO_MATCH,,0
ATM251023TJQ5F9,,NO_MATCH,,0
ATM251023U56HN1,,NO_MATCH,,0
TXN251023Z8EC7Z,,NO_MATCH,,0
ATM251023RXX8PB,,NO_MATCH,,0
UPI251023IDMQ9R,,NO_MATCH,,0
TXN25102341AW37,,NO_MATCH,,0
UPI251024YH4U45,,NO_MATCH,,0
TXN2510249WOZWU,,NO_MATCH,,0
ATM251024VAPYC4,,NO_MATCH,,0
IMPS251024YUB79J,,NO_MATCH,,0
ATM2510244EC620,,NO_MATCH,,0
ATM251024P8WZPK,,NO_MATCH,,0
IMPS251024URWMC5,,NO_MATCH,,0
IMPS2510257NQBDD,,NO_MATCH,,0
IMPS2510257JGD2R,,NO_MATCH,,0
ATM251025QQ91UQ,,NO_MATCH,,0
ATM251025ZGMWE8,,NO_MATCH,,0
UPI2510252KNKA9,,NO_MATCH,,0
ATM251025B03TWA,,NO_MATCH,,0
ATM251025J0FZ6Z,,NO_MATCH,,0
ATM2510265XCYY5,,NO_MATCH,,0
TXN251026L4G8NH,,NO_MATCH,,0
ATM251026AJAQ56,,NO_MATCH,,0
IMPS251026Y44C04,,NO_MATCH,,0
UPI251026N0L5YJ,,NO_MATCH,,0
UPI251027F43VY9,,NO_MATCH,,0
TXN251027T4NT04,,NO_MATCH,,0
UPI251027KIE1HH,,NO_MATCH,,0
ATM251027MD6XBX,,NO_MATCH,,0
UPI251027VGQU37,,NO_MATCH,,0
ATM251027KG38SJ,,NO_MATCH,,0
ATM251027EVJ92J,,NO_MATCH,,0
ATM251027BOYWXE,,NO_MATCH,,0
ATM2510276405P9,,NO_MATCH,,0
ATM251027RODR76,,NO_MATCH,,0
IMPS251027F344P3,,NO_MATCH,,0
UPI251027RZJFNI,,NO_MATCH,,0
ATM251028FHHF91,,NO_MATCH,,0
UPI2510285YTHGZ,,NO_MATCH,,0
ATM251028SW5PF5,,NO_MATCH,,0
ATM251028M3TCOA,,NO_MATCH,,0
UPI2510283YQJU5,,NO_MATCH,,0
UPI251029NTF3OH,,NO_MATCH,,0
TXN251029SCY653,,NO_MATCH,,0
UPI251029N20O31,,NO_MATCH,,0
ATM251029LM9OR6,,NO_MATCH,,0
TXN251029W68NB3,,NO_MATCH,,0
UPI251030VHCU5X,,NO_MATCH,,0
UPI251030SYP5VK,,NO_MATCH,,0
TXN251030OSNZAR,,NO_MATCH,,0
TXN251030RXC3OH,,NO_MATCH,,0
UPI251030QN78XW,,NO_MATCH,,0
IMPS251030JPUDV4,,NO_MATCH,,0
UPI251030IZF4A5,,NO_MATCH,,0
UPI251030R95B0Q,,NO_MATCH,,0
ATM2510319ZQJAZ,,NO_MATCH,,0
TXN2510311VQDRC,,NO_MATCH,,0
UPI2510310AK5WC,,NO_MATCH,,0
IMPS251031SE6KKA,,NO_MATCH,,0
TXN25103171ROJG,,NO_MATCH,,0
UPI251031JCXX1M,,NO_MATCH,,0
UPI251031PDV4G0,,NO_MATCH,,0
TXN2510318FWOSY,,NO_MATCH,,0
ATM251031L2XM5S,,NO_MATCH,,0
IMPS251031YG98ZG,,NO_MATCH,,0
ATM2510311A9N25,,NO_MATCH,,0
ATM251101NMDN53,,NO_MATCH,,0
UPI251101C7X8XD,,NO_MATCH,,0
ATM251101LEB0RC,,NO_MATCH,,0
UPI251101UWUFB8,,NO_MATCH,,0
ATM2511014B3EF0,,NO_MATCH,,0
UPI251101567WIZ,,NO_MATCH,,0
UPI25110164GVJ8,,NO_MATCH,,0
TXN251101HCS2AM,,NO_MATCH,,0
TXN251101RLVL04,,NO_MATCH,,0
TXN251101R7FAMR,,NO_MATCH,,0
IMPS251101IEIEYQ,,NO_MATCH,,0
TXN251101JSOP3Z,,NO_MATCH,,0
UPI2511012YWVGT,,NO_MATCH,,0
UPI251101SUPXMF,,NO_MATCH,,0
IMPS2511028HXUQM,,NO_MATCH,,0
TXN251102EZJ59C,,NO_MATCH,,0
TXN2511025EV1C2,,NO_MATCH,,0
TXN2511024L0L6A,,NO_MATCH,,0
TXN251102XP0122,,NO_MATCH,,0
UPI25110284S460,,NO_MATCH,,0
UPI251102VHUD6B,,NO_MATCH,,0
IMPS251102FENOS9,,NO_MATCH,,0
UPI251102S10TYI,,NO_MATCH,,0
ATM251102XBK17D,,NO_MATCH,,0
TXN251102O274AW,,NO_MATCH,,0
ATM251102R7HF78,,NO_MATCH,,0
UPI2511020IC9WL,,NO_MATCH,,0
UPI251102HETTD3,,NO_MATCH,,0
UPI251102N3CAQT,,NO_MATCH,,0
UPI251103CRRO8S,,NO_MATCH,,0
IMPS251103C38PPW,,NO_MATCH,,0
ATM251103UT3OGT,,NO_MATCH,,0
TXN251103FLISU6,,NO_MATCH,,0
TXN25110353RNBD,,NO_MATCH,,0
UPI251103HMEB4Y,,NO_MATCH,,0
TXN2511034JPI4P,,NO_MATCH,,0
UPI251104MUETVN,,NO_MATCH,,0
UPI251104BHQ761,,NO_MATCH,,0
UPI2511049ZKP1N,,NO_MATCH,,0
ATM251104ZV8EUP,,NO_MATCH,,0
UPI251104UAYQYS,,NO_MATCH,,0
TXN25110480SUVK,,NO_MATCH,,0
ATM251104OHCXFZ,,NO_MATCH,,0
TXN2511046O4PWF,,NO_MATCH,,0
UPI251104JO2VDZ,,NO_MATCH,,0
UPI251104ZCHT7Q,,NO_MATCH,,0
UPI251104GNFTF1,,NO_MATCH,,0
UPI251105DEAIYX,,NO_MATCH,,0
IMPS2511057G9FDO,,NO_MATCH,,0
TXN251105AYPRMO,,NO_MATCH,,0
TXN251105QGJ1M9,,NO_MATCH,,0
UPI251105XHYQ4V,,NO_MATCH,,0
ATM251105PL6N19,,NO_MATCH,,0
UPI251105ZFWK4S,,NO_MATCH,,0
TXN251105A3S6GX,,NO_MATCH,,0
UPI251105EQ0XZH,,NO_MATCH,,0
TXN251105NI0LMJ,,NO_MATCH,,0
TXN251105S4NW1L,,NO_MATCH,,0
ATM2511051GD7QD,,NO_MATCH,,0
ATM251105O869C7,,NO_MATCH,,0
ATM251105JE4BIR,,NO_MATCH,,0
ATM251105JZQBGA,,NO_MATCH,,0
ATM25110684U6SM,,NO_MATCH,,0
TXN251106DJQOIN,,NO_MATCH,,0
UPI251106AU0P79,,NO_MATCH,,0
UPI251106JC0H8B,,NO_MATCH,,0
ATM251106N9NQ3I,,NO_MATCH,,0
ATM251106W8RN2T,,NO_MATCH,,0
ATM251106WBWZ1T,,NO_MATCH,,0
UPI251106A5Z0DI,,NO_MATCH,,0
TXN25110641GGXZ,,NO_MATCH,,0
UPI251106OWZGN7,,NO_MATCH,,0
IMPS251106VXDAD5,,NO_MATCH,,0
UPI251107OLOWQO,,NO_MATCH,,0
ATM251107S94V8O,,NO_MATCH,,0
UPI251107M6FN42,,NO_MATCH,,0
ATM251107F7TAPY,,NO_MATCH,,0
IMPS251107WD572V,,NO_MATCH,,0
TXN251107ELCQ48,,NO_MATCH,,0
UPI251107FWL4UY,,NO_MATCH,,0
ATM251107HXPQU0,,NO_MATCH,,0
ATM251108GUUOP8,,NO_MATCH,,0
UPI251108AS7QD8,,NO_MATCH,,0
ATM251108YYVFGU,,NO_MATCH,,0
UPI251108VOATIA,,NO_MATCH,,0
IMPS251108HQIQ7V,,NO_MATCH,,0
UPI2511084L02UZ,,NO_MATCH,,0
ATM251108EPF0W4,,NO_MATCH,,0
UPI251108PZ8A15,,NO_MATCH,,0
ATM251108F0GR19,,NO_MATCH,,0
ATM25110833A67H,,NO_MATCH,,0
UPI251108R6NHXP,,NO_MATCH,,0
ATM251108R70QOT,,NO_MATCH,,0
UPI2511083BJRXG,,NO_MATCH,,0
TXN251109XVITIG,,NO_MATCH,,0
ATM251109VPQCEI,,NO_MATCH,,0
ATM25110982IIKJ,,NO_MATCH,,0
ATM251109KRR84D,,NO_MATCH,,0
TXN251109KY60MH,,NO_MATCH,,0
UPI251109YIO0KF,,NO_MATCH,,0
ATM251109DB6M5G,,NO_MATCH,,0
ATM251109PTCNVY,,NO_MATCH,,0
TXN251109EHRG8T,,NO_MATCH,,0
TXN2511099QFBGY,,NO_MATCH,,0
TXN251110E8T6G0,,NO_MATCH,,0
ATM251110MAYYOP,,NO_MATCH,,0
TXN2511106SZ60Q,,NO_MATCH,,0
TXN2511102SVSUL,,NO_MATCH,,0
ATM2511109PL213,,NO_MATCH,,0
ATM2511106B2B8O,,NO_MATCH,,0
IMPS251110AGE3OC,,NO_MATCH,,0
TXN251110LXSM00,,NO_MATCH,,0
TXN25111075AJ01,,NO_MATCH,,0
ATM251110NGIBLE,,NO_MATCH,,0
TXN251110MJZ8F9,,NO_MATCH,,0
UPI2511101TP9E9,,NO_MATCH,,0
TXN251111CFNAY1,,NO_MATCH,,0
UPI251111NC7LQB,,NO_MATCH,,0
TXN251111UVK7D1,,NO_MATCH,,0
UPI251111CSKBG6,,NO_MATCH,,0
ATM251111AEYNGW,,NO_MATCH,,0
ATM2511116IPAMZ,,NO_MATCH,,0
IMPS251112ATXL7Q,,NO_MATCH,,0
ATM2511128S7OE0,,NO_MATCH,,0
UPI2511120DXLXS,,NO_MATCH,,0
TXN25111259XRZB,,NO_MATCH,,0
UPI251112OEU3I8,,NO_MATCH,,0
TXN2511128EFFVK,,NO_MATCH,,0
ATM251112SSTVZG,,NO_MATCH,,0
ATM251112WDISTG,,NO_MATCH,,0
ATM2511124VUGSS,,NO_MATCH,,0
ATM2511120INTCE,,NO_MATCH,,0
UPI25111299Q29W,,NO_MATCH,,0
ATM251112ZPWHEU,,NO_MATCH,,0
TXN251113OZ1YVW,,NO_MATCH,,0
UPI2511135RCJZY,,NO_MATCH,,0
UPI2511135EY3W2,,NO_MATCH,,0
UPI2511136UVXZ9,,NO_MATCH,,0
ATM251113QXYAYU,,NO_MATCH,,0
TXN2511137AHZ2U,,NO_MATCH,,0
UPI2511134CMR5U,,NO_MATCH,,0
UPI2511135R3MRB,,NO_MATCH,,0
TXN2511136TV5T3,,NO_MATCH,,0
UPI251114ELMA1T,,NO_MATCH,,0
TXN251114BQ7QSP,,NO_MATCH,,0
UPI251114VQOZ2R,,NO_MATCH,,0
TXN251114MFXPR2,,NO_MATCH,,0
IMPS25111483126H,,NO_MATCH,,0
ATM251114W0369T,,NO_MATCH,,0
UPI251114JRU8AR,,NO_MATCH,,0
ATM251114HOBPVY,,NO_MATCH,,0
ATM251114XMBHZ3,,NO_MATCH,,0
ATM2511142XL7DS,,NO_MATCH,,0
TXN251114OMHKC9,,NO_MATCH,,0
TXN251114B53TT9,,NO_MATCH,,0
UPI251115EO1MBZ,,NO_MATCH,,0
IMPS251115HK10WB,,NO_MATCH,,0
TXN251115KFQ2SK,,NO_MATCH,,0
UPI251115VELF1K,,NO_MATCH,,0
UPI251115YNGM9J,,NO_MATCH,,0
UPI251115SK78AD,,NO_MATCH,,0
ATM251115IXYB3D,,NO_MATCH,,0
UPI251116K8AIXL,,NO_MATCH,,0
TXN25111601N2AD,,NO_MATCH,,0
ATM251116MBP02P,,NO_MATCH,,0
UPI251116TYY17O,,NO_MATCH,,0
UPI251116BAT3ZE,,NO_MATCH,,0
TXN25111605AEPU,,NO_MATCH,,0
ATM251116QRE8CC,,NO_MATCH,,0
ATM2511164UV5V2,,NO_MATCH,,0
TXN251116TWW76C,,NO_MATCH,,0
ATM25111652XJ6R,,NO_MATCH,,0
IMPS251116H8FLMC,,NO_MATCH,,0
UPI251116LIJ66B,,NO_MATCH,,0
UPI251116XDKKLT,,NO_MATCH,,0
ATM25111625KLUF,,NO_MATCH,,0
ATM251117PM4NEU,,NO_MATCH,,0
ATM251117GCWAI3,,NO_MATCH,,0
TXN251117K4TCWP,,NO_MATCH,,0
TXN2511175GN4YE,,NO_MATCH,,0
TXN251117ITLZKJ,,NO_MATCH,,0
ATM2511176D06QX,,NO_MATCH,,0
IMPS2511171L6GVF,,NO_MATCH,,0
UPI251117WA2U73,,NO_MATCH,,0
UPI25111762MVL9,,NO_MATCH,,0
UPI251117D30N36,,NO_MATCH,,0
ATM2511176QU2WP,,NO_MATCH,,0
ATM251118OMX1SM,,NO_MATCH,,0
ATM251118BMZW95,,NO_MATCH,,0
UPI251118UGV33J,,NO_MATCH,,0
UPI25111882EG1Q,,NO_MATCH,,0
ATM251118YFYKVN,,NO_MATCH,,0
UPI25111987L8B9,,NO_MATCH,,0
IMPS251119KZHCVD,,NO_MATCH,,0
TXN251119DSB54M,,NO_MATCH,,0
ATM251119NGDKJJ,,NO_MATCH,,0
ATM251119YJ4475,,NO_MATCH,,0
UPI251119GR93EM,,NO_MATCH,,0
ATM2511196AAYTK,,NO_MATCH,,0
ATM251119HFDN1C,,NO_MATCH,,0
UPI251119IG2NNM,,NO_MATCH,,0
ATM251120O6338X,,NO_MATCH,,0
ATM25112081NPL4,,NO_MATCH,,0
ATM251120T13VIU,,NO_MATCH,,0
ATM251120QIDPY5,,NO_MATCH,,0
UPI251120GHQ08M,,NO_MATCH,,0
TXN2511200K2N0W,,NO_MATCH,,0
ATM251120W1NT20,,NO_MATCH,,0
ATM251120WSDMG3,,NO_MATCH,,0
TXN2511202X50YJ,,NO_MATCH,,0
UPI2511206AVACG,,NO_MATCH,,0
UPI251121XPIS69,,NO_MATCH,,0
ATM25112132QEUO,,NO_MATCH,,0
TXN251121H8M8FY,,NO_MATCH,,0
UPI251121UA70UV,,NO_MATCH,,0
UPI2511214NYVR8,,NO_MATCH,,0
TXN251121JHLRZ5,,NO_MATCH,,0
ATM251121RV0N9B,,NO_MATCH,,0
ATM251121JN8UQW,,NO_MATCH,,0
ATM251121K3WOBK,,NO_MATCH,,0
ATM251121DC2HMC,,NO_MATCH,,0
UPI251121LQLSW1,,NO_MATCH,,0
UPI251121GRFROZ,,NO_MATCH,,0
TXN251122POIFYT,,NO_MATCH,,0
IMPS2511228T12TM,,NO_MATCH,,0
ATM251122UAM7RZ,,NO_MATCH,,0
ATM2511220CMUIJ,,NO_MATCH,,0
UPI251122F70YZ6,,NO_MATCH,,0
TXN2511222MRD7X,,NO_MATCH,,0
UPI251122KDDRAT,,NO_MATCH,,0
TXN251122UPS0Z8,,NO_MATCH,,0
ATM25112268ABAX,,NO_MATCH,,0
TXN251122YVBF03,,NO_MATCH,,0
UPI251122YT8GR9,,NO_MATCH,,0
ATM2511236Q5XO9,,NO_MATCH,,0
ATM251123G3L5U9,,NO_MATCH,,0
ATM251123H2V97L,,NO_MATCH,,0
TXN251123JQX3F4,,NO_MATCH,,0
TXN251123WLGKO9,,NO_MATCH,,0
UPI251123H6ITLJ,,NO_MATCH,,0
IMPS2511234G7LB8,,NO_MATCH,,0
UPI251123CILJBN,,NO_MATCH,,0
TXN251123L50PPF,,NO_MATCH,,0
ATM251123XIDBTG,,NO_MATCH,,0
TXN251123HD8RPE,,NO_MATCH,,0
ATM25112494RKOG,,NO_MATCH,,0
IMPS2511249PCFV4,,NO_MATCH,,0
UPI251124M8Q1U2,,NO_MATCH,,0
ATM251124TN8GEA,,NO_MATCH,,0
IMPS251124I1OX1D,,NO_MATCH,,0
IMPS2511242IFKGX,,NO_MATCH,,0
TXN251124NGBK3T,,NO_MATCH,,0
IMPS251124JQ2M8G,,NO_MATCH,,0
UPI251124QUJLDE,,NO_MATCH,,0
TXN2511243SCJJ6,,NO_MATCH,,0
ATM251124N1KAU9,,NO_MATCH,,0
ATM251124KY2V6N,,NO_MATCH,,0
UPI2511249UANU1,,NO_MATCH,,0
UPI2511246VDBPJ,,NO_MATCH,,0
ATM2511241AQ6HY,,NO_MATCH,,0
TXN251124ZDN7QY,,NO_MATCH,,0
TXN2511258HZABA,,NO_MATCH,,0
ATM251125GZRB92,,NO_MATCH,,0
TXN251125VB6YY4,,NO_MATCH,,0
UPI251125Q6S6E5,,NO_MATCH,,0
IMPS251125OBTP07,,NO_MATCH,,0
ATM251125XCZL6Q,,NO_MATCH,,0
ATM251126Q5A8YM,,NO_MATCH,,0
UPI251126SY9EPJ,,NO_MATCH,,0
IMPS251126H52G7S,,NO_MATCH,,0
TXN251127KH8IMO,,NO_MATCH,,0
UPI251127UW1MO6,,NO_MATCH,,0
ATM251127UKX30F,,NO_MATCH,,0
UPI251127XC8RYC,,NO_MATCH,,0
ATM251127RISK76,,NO_MATCH,,0
TXN251127FWTCSR,,NO_MATCH,,0
TXN251127L4X8LW,,NO_MATCH,,0
ATM2511270MRW5I,,NO_MATCH,,0
TXN251127QDLPMU,,NO_MATCH,,0
UPI251127ZU9N6H,,NO_MATCH,,0
UPI251128JLXCT0,,NO_MATCH,,0
IMPS251128P88YPU,,NO_MATCH,,0
IMPS251128SZXI8R,,NO_MATCH,,0
ATM251128TJNOZH,,NO_MATCH,,0
TXN251128DUJDFX,,NO_MATCH,,0
IMPS2511283EFUIA,,NO_MATCH,,0
ATM251128J33TNT,,NO_MATCH,,0
UPI2511288FO3D3,,NO_MATCH,,0
UPI251128HYLQN2,,NO_MATCH,,0
UPI2511285XL312,,NO_MATCH,,0
IMPS251129UILMM3,,NO_MATCH,,0
IMPS25112914RO7F,,NO_MATCH,,0
TXN2511290T0775,,NO_MATCH,,0
ATM251129SCF7AG,,NO_MATCH,,0
TXN251129U612FH,,NO_MATCH,,0
ATM251129JO3R0P,,NO_MATCH,,0
ATM251129S33EK9,,NO_MATCH,,0
ATM251129IRX8SC,,NO_MATCH,,0
TXN2511296CGHII,,NO_MATCH,,0
ATM251129A35BO5,,NO_MATCH,,0
ATM251129U0ELG8,,NO_MATCH,,0
UPI25113054KHVB,,NO_MATCH,,0
IMPS251130TR4TS2,,NO_MATCH,,0
ATM251130YRM8Y7,,NO_MATCH,,0
TXN251130FOEF1R,,NO_MATCH,,0
UPI251130S1OGG4,,NO_MATCH,,0
IMPS251130Q509U1,,NO_MATCH,,0
IMPS251201DLTUJ6,,NO_MATCH,,0
TXN251201J48P1O,,NO_MATCH,,0
TXN251201VUZYNE,,NO_MATCH,,0
ATM251201VH0MCC,,NO_MATCH,,0
ATM251201RI7WT9,,NO_MATCH,,0
TXN2512011O0HD8,,NO_MATCH,,0
UPI2512016XNRYQ,,NO_MATCH,,0
UPI251201MQ5A5J,,NO_MATCH,,0
ATM251201Y0HXHU,,NO_MATCH,,0
ATM251201T2NNB4,,NO_MATCH,,0
ATM25120191QP45,,NO_MATCH,,0
UPI251201G06SAK,,NO_MATCH,,0
ATM251201UDIBMU,,NO_MATCH,,0
TXN251201O7SBV9,,NO_MATCH,,0
ATM251201026RAO,,NO_MATCH,,0
UPI251202HUAY0R,,NO_MATCH,,0
UPI2512024B5VD5,,NO_MATCH,,0
ATM251202QCUJP8,,NO_MATCH,,0
TXN251202LA8UNQ,,NO_MATCH,,0
ATM251202OZ87QF,,NO_MATCH,,0
UPI251202UZLYOW,,NO_MATCH,,0
UPI251202DB2R3E,,NO_MATCH,,0
ATM251202NB0ZKS,,NO_MATCH,,0
UPI251202LHAMDY,,NO_MATCH,,0
ATM251202VSU6H2,,NO_MATCH,,0
UPI251203X0EOEQ,,NO_MATCH,,0
ATM2512033TB1X1,,NO_MATCH,,0
IMPS251203TNE0RA,,NO_MATCH,,0
IMPS251203QTFL4Q,,NO_MATCH,,0
UPI251203K593LW,,NO_MATCH,,0
ATM251203LKHONN,,NO_MATCH,,0
ATM251203X3135E,,NO_MATCH,,0
ATM251203CYNBJQ,,NO_MATCH,,0
ATM251204AUBDZH,,NO_MATCH,,0
ATM251204NBHSE4,,NO_MATCH,,0
UPI2512048W8438,,NO_MATCH,,0
UPI2512042UMJMP,,NO_MATCH,,0
ATM251204871XQS,,NO_MATCH,,0
TXN251204446JQH,,NO_MATCH,,0
TXN2512042TRM57,,NO_MATCH,,0
UPI2512055I8ZRW,,NO_MATCH,,0
UPI251205QU1Q4X,,NO_MATCH,,0
ATM25120560WVSW,,NO_MATCH,,0
ATM251205S9LLUJ,,NO_MATCH,,0
UPI251205R3KPNO,,NO_MATCH,,0
TXN251205P3FFOT,,NO_MATCH,,0
UPI25120502CWHZ,,NO_MATCH,,0
UPI251205GGUX5F,,NO_MATCH,,0
ATM251205G1R0WH,,NO_MATCH,,0
TXN251205PN63XC,,NO_MATCH,,0
UPI251205ZLPB3P,,NO_MATCH,,0
UPI251205K7ESM6,,NO_MATCH,,0
UPI251206MO2D1I,,NO_MATCH,,0
ATM251206TPV664,,NO_MATCH,,0
ATM251206U9FOZ1,,NO_MATCH,,0
ATM251206ECG0B4,,NO_MATCH,,0
TXN251206L2F4AH,,NO_MATCH,,0
ATM251206MC60TA,,NO_MATCH,,0
ATM2512066OF686,,NO_MATCH,,0
IMPS251206YXJMMZ,,NO_MATCH,,0
ATM25120645ZZ7P,,NO_MATCH,,0
UPI251206MFHSHC,,NO_MATCH,,0
UPI251207NT4RKB,,NO_MATCH,,0
UPI251207C1V1L8,,NO_MATCH,,0
UPI251207ZKE0ED,,NO_MATCH,,0
IMPS251207VJFA76,,NO_MATCH,,0
ATM251207OPX4PK,,NO_MATCH,,0
ATM2512075RCJUW,,NO_MATCH,,0
ATM251208JWG0N0,,NO_MATCH,,0
IMPS2512082I30G6,,NO_MATCH,,0
ATM2512089Z2A1O,,NO_MATCH,,0
ATM2512086E3UOE,,NO_MATCH,,0
ATM251208I2EKFP,,NO_MATCH,,0
TXN251208XUFQ1V,,NO_MATCH,,0
TXN2512089DHFH5,,NO_MATCH,,0
ATM251209EQSQPN,,NO_MATCH,,0
UPI251209QEUE9R,,NO_MATCH,,0
UPI251209D0L32V,,NO_MATCH,,0
IMPS251209H3BY5N,,NO_MATCH,,0
UPI251209THAB1F,,NO_MATCH,,0
IMPS251209SAP207,,NO_MATCH,,0
UPI251210985FDW,,NO_MATCH,,0
TXN251210HOEU5X,,NO_MATCH,,0
ATM251210XXXBR3,,NO_MATCH,,0
TXN251210OK4GYX,,NO_MATCH,,0
ATM251210DFY7KA,,NO_MATCH,,0
IMPS2512103B78QX,,NO_MATCH,,0
ATM251210T5A3W7,,NO_MATCH,,0
UPI25121059BT4L,,NO_MATCH,,0
IMPS251210Y29L8E,,NO_MATCH,,0
UPI2512107SEFTD,,NO_MATCH,,0
ATM251210PB7V3N,,NO_MATCH,,0
UPI251210UZ7PQ8,,NO_MATCH,,0
IMPS2512106AJ4HO,,NO_MATCH,,0
ATM251210XL7M4E,,NO_MATCH,,0
UPI251210GKD7CH,,NO_MATCH,,0
ATM251210Z9QT1Y,,NO_MATCH,,0
ATM251210L8E2BJ,,NO_MATCH,,0
UPI2512112HIR7W,,NO_MATCH,,0
TXN2512110LK0IC,,NO_MATCH,,0
ATM251211Z1I58Q,,NO_MATCH,,0
TXN251211BNDJOS,,NO_MATCH,,0
UPI251211TMWBEY,,NO_MATCH,,0
IMPS251211X1I4PM,,NO_MATCH,,0
ATM251211FXKD50,,NO_MATCH,,0
UPI251211VSQBSQ,,NO_MATCH,,0
UPI251211KOFJ56,,NO_MATCH,,0
UPI251212EMKGZ7,,NO_MATCH,,0
UPI251212EQTW0C,,NO_MATCH,,0
TXN251212EJ0VOT,,NO_MATCH,,0
TXN251212EL6N54,,NO_MATCH,,0
ATM251212UAR550,,NO_MATCH,,0
TXN251212U5O3SL,,NO_MATCH,,0
ATM251212P4Y88Q,,NO_MATCH,,0
UPI2512128UZERM,,NO_MATCH,,0
IMPS251212ZWK32Y,,NO_MATCH,,0
ATM25121255FGP0,,NO_MATCH,,0
ATM251212IXWYS3,,NO_MATCH,,0
IMPS251212VI4UV4,,NO_MATCH,,0
TXN251213DAHXKG,,NO_MATCH,,0
UPI251213BUGBBT,,NO_MATCH,,0
TXN251213M1VN72,,NO_MATCH,,0
IMPS251213Q7NMAT,,NO_MATCH,,0
ATM251213C9BD09,,NO_MATCH,,0
ATM251213BVWZNJ,,NO_MATCH,,0
UPI2512131K34L7,,NO_MATCH,,0
TXN25121324OKZZ,,NO_MATCH,,0
ATM251214KSCNYB,,NO_MATCH,,0
IMPS251214D2250B,,NO_MATCH,,0
UPI251214532IXU,,NO_MATCH,,0
ATM251214THNLGC,,NO_MATCH,,0
TXN251215NYW20S,,NO_MATCH,,0
TXN251215UJAUHC,,NO_MATCH,,0
ATM251215UJARH4,,NO_MATCH,,0
UPI251215MV26HP,,NO_MATCH,,0
ATM251215L1YODX,,NO_MATCH,,0
TXN2512162QOARE,,NO_MATCH,,0
IMPS251216ELANZY,,NO_MATCH,,0
ATM251216YR7TDP,,NO_MATCH,,0
UPI251216JFOMYQ,,NO_MATCH,,0
TXN251216BSSAEJ,,NO_MATCH,,0
UPI25121655VR6G,,NO_MATCH,,0
IMPS2512161UJJHX,,NO_MATCH,,0
TXN25121645WEJ6,,NO_MATCH,,0
ATM25121604259G,,NO_MATCH,,0
IMPS251217KJQQ8U,,NO_MATCH,,0
UPI2512172ZH4FY,,NO_MATCH,,0
UPI251217YR0AH7,,NO_MATCH,,0
TXN251217TETOG1,,NO_MATCH,,0
TXN251217L65Q7X,,NO_MATCH,,0
UPI251217U6U7WL,,NO_MATCH,,0
UPI2512179UTVP8,,NO_MATCH,,0
ATM251218XYINBE,,NO_MATCH,,0
ATM251218ESA1EE,,NO_MATCH,,0
ATM251218LYUSHF,,NO_MATCH,,0
ATM251218PN7DSX,,NO_MATCH,,0
UPI251218QL3ZAW,,NO_MATCH,,0
TXN2512189WXOAD,,NO_MATCH,,0
TXN251218IZUP4D,,NO_MATCH,,0
ATM251218FNYV0Z,,NO_MATCH,,0
TXN251218Z33SPN,,NO_MATCH,,0
ATM2512186UQ1JW,,NO_MATCH,,0
ATM251218N7CJ2U,,NO_MATCH,,0
TXN2512183I2YCA,,NO_MATCH,,0
IMPS251219ZPFZUR,,NO_MATCH,,0
UPI251219Z9T2ZD,,NO_MATCH,,0
TXN2512194ZOL2C,,NO_MATCH,,0
TXN251219Z6P4Q0,,NO_MATCH,,0
UPI251219QT8KB0,,NO_MATCH,,0
TXN251219AVG3BR,,NO_MATCH,,0
ATM251219UFPHJY,,NO_MATCH,,0
UPI251219HKNVPN,,NO_MATCH,,0
ATM251219JEF8E7,,NO_MATCH,,0
TXN2512202PXC6Q,,NO_MATCH,,0
UPI251220G9RJJM,,NO_MATCH,,0
ATM251220EITJ1H,,NO_MATCH,,0
IMPS251220UY7YQ9,,NO_MATCH,,0
ATM251220Q48J0D,,NO_MATCH,,0
ATM2512207F6Y92,,NO_MATCH,,0
UPI251220PZX5RO,,NO_MATCH,,0
ATM251220Y4TF6H,,NO_MATCH,,0
ATM251220HGZA1W,,NO_MATCH,,0
UPI251220I7PFMJ,,NO_MATCH,,0
ATM251221YO4E2I,,NO_MATCH,,0
TXN251221FPJICU,,NO_MATCH,,0
ATM251221LD4STA,,NO_MATCH,,0
UPI2512217MDSSZ,,NO_MATCH,,0
ATM251221GY7DT0,,NO_MATCH,,0
ATM251221FWN16I,,NO_MATCH,,0
TXN2512215HLDZ4,,NO_MATCH,,0
TXN2512220IZ0EG,,NO_MATCH,,0
ATM2512228YADPE,,NO_MATCH,,0
UPI2512225G43UJ,,NO_MATCH,,0
UPI251222NAXPPK,,NO_MATCH,,0
ATM251222UY7ZN5,,NO_MATCH,,0
ATM251222DLXKY4,,NO_MATCH,,0
UPI2512226ZMUE5,,NO_MATCH,,0
ATM251222G0J99W,,NO_MATCH,,0
TXN251222BTEIXM,,NO_MATCH,,0
UPI2512229S0F1O,,NO_MATCH,,0
UPI251223GMIYNP,,NO_MATCH,,0
TXN2512236L493J,,NO_MATCH,,0
IMPS2512236TOMR0,,NO_MATCH,,0
UPI25122303F8JY,,NO_MATCH,,0
UPI251224Q31FRZ,,NO_MATCH,,0
UPI251224GW6AGV,,NO_MATCH,,0
ATM251224M0EMCB,,NO_MATCH,,0
UPI251224RZ34BT,,NO_MATCH,,0
TXN251224AOESLB,,NO_MATCH,,0
UPI251224SQDJID,,NO_MATCH,,0
TXN251224HP4WVD,,NO_MATCH,,0
UPI2512245BTO8R,,NO_MATCH,,0
TXN251224I7Y4IZ,,NO_MATCH,,0
ATM251224L4N4LB,,NO_MATCH,,0
TXN251224P6N1FW,,NO_MATCH,,0
ATM251225AFJ5I4,,NO_MATCH,,0
UPI251225NS0L8V,,NO_MATCH,,0
IMPS251225YWDQ9A,,NO_MATCH,,0
ATM2512251LEU3H,,NO_MATCH,,0
ATM251225F4AWWE,,NO_MATCH,,0
ATM251225QR4PCQ,,NO_MATCH,,0
TXN251225DYZLFK,,NO_MATCH,,0
ATM251225TJUN6P,,NO_MATCH,,0
ATM251225FIIP5H,,NO_MATCH,,0
UPI2512262PLN3W,,NO_MATCH,,0
UPI251226EBMBEQ,,NO_MATCH,,0
ATM251226U44OVB,,NO_MATCH,,0
ATM251226OFMW0U,,NO_MATCH,,0
TXN251226NRUCWE,,NO_MATCH,,0
UPI251226U6T19Y,,NO_MATCH,,0
TXN251226LLK0Z5,,NO_MATCH,,0
ATM2512266UZEL1,,NO_MATCH,,0
UPI251226WX6NPS,,NO_MATCH,,0
IMPS251227YQMYN4,,NO_MATCH,,0
TXN2512270WMQXJ,,NO_MATCH,,0
UPI251227L9NLW1,,NO_MATCH,,0
UPI251227PVNQUW,,NO_MATCH,,0
TXN251227F0EQ9X,,NO_MATCH,,0
UPI251227KMXWJU,,NO_MATCH,,0
TXN251227IWWSXJ,,NO_MATCH,,0
ATM2512278P027Z,,NO_MATCH,,0
ATM251227OQ9NU6,,NO_MATCH,,0
ATM251227PR1W5F,,NO_MATCH,,0
UPI251227CHDM37,,NO_MATCH,,0
ATM251227ZRZ822,,NO_MATCH,,0
ATM251227L9R41C,,NO_MATCH,,0
UPI251227JVF21I,,NO_MATCH,,0
UPI2512276NE33J,,NO_MATCH,,0
TXN2512278ZYUAY,,NO_MATCH,,0
ATM251228DSOD3Y,,NO_MATCH,,0
ATM251228Q7RZBI,,NO_MATCH,,0
UPI251228BBP0QG,,NO_MATCH,,0
ATM251228G5L6AQ,,NO_MATCH,,0
TXN251228FZRGQ5,,NO_MATCH,,0
TXN2512284WP7R5,,NO_MATCH,,0
TXN251228MAMDDZ,,NO_MATCH,,0
TXN251228HNY1OE,,NO_MATCH,,0
TXN251228775NZT,,NO_MATCH,,0
ATM2512282SX4QS,,NO_MATCH,,0
UPI251228LZXCOR,,NO_MATCH,,0
ATM251229P9E1CC,,NO_MATCH,,0
ATM2512294GSWQY,,NO_MATCH,,0
ATM251229YJBRWW,,NO_MATCH,,0
ATM251229NX6HFH,,NO_MATCH,,0
UPI2512292GLZ5H,,NO_MATCH,,0
UPI251229596UVJ,,NO_MATCH,,0
IMPS251229YYD06Q,,NO_MATCH,,0
IMPS251229OYR0VP,,NO_MATCH,,0
ATM251230QIM0S6,,NO_MATCH,,0
TXN251230MJ9B1C,,NO_MATCH,,0
ATM251230WSZTYC,,NO_MATCH,,0
IMPS2512300TXN12,,NO_MATCH,,0
TXN251230T61A1J,,NO_MATCH,,0
UPI251230CJHRAT,,NO_MATCH,,0
TXN251230PQ6VOP,,NO_MATCH,,0
TXN251230O1P6NF,,NO_MATCH,,0
ATM251231388OH7,,NO_MATCH,,0
UPI251231GGBSM2,,NO_MATCH,,0
TXN251231Y9Y7SB,,NO_MATCH,,0
UPI251231CA7118,,NO_MATCH,,0
TXN251231DCKCK2,,NO_MATCH,,0
UPI2512314CPCFI,,NO_MATCH,,0
TXN25123168ZXL9,,NO_MATCH,,0
IMPS2512310B3EI8,,NO_MATCH,,0
ATM251231TH9S0L,,NO_MATCH,,0
ATM25123129578H,,NO_MATCH,,0
TXN2508184RNRHT,CDR202600000010,DIRECT,-19,1
UPI251219UAA27X,CDR202600000012,RECEIVER_INCOMING_ACTIVITY,-6,1
UPI2502218RS0KJ,CDR202600000020,SENDER_OUTGOING_ACTIVITY,799,1
ATM2507250X6FYE,CDR202600000028,RECEIVER_OUTGOING_ACTIVITY,-1090,1
UPI2505188EJIRM,CDR202600000031,DIRECT,-44,1
UPI2512228MD3CS,CDR202600000040,REVERSE,792,1
UPI2506150BWUUL,CDR202600000054,RECEIVER_INCOMING_ACTIVITY,232,1
UPI250130BRE72T,CDR202600000064,DIRECT,-579,1
TXN250326TJ0CYZ,CDR202600000083,DIRECT,27,1
ATM250103BPAVAJ,CDR202600000090,RECEIVER_INCOMING_ACTIVITY,-656,1
TXN250727351K4M,CDR202600000093,RECEIVER_INCOMING_ACTIVITY,-140,1
TXN251111IQ9HVO,CDR202600000100,RECEIVER_INCOMING_ACTIVITY,-209,1
ATM251114O6DJD5,CDR202600000116,RECEIVER_INCOMING_ACTIVITY,-140,1
ATM251122TTBD3B,CDR202600000122,RECEIVER_INCOMING_ACTIVITY,-310,1
ATM250714I6KW4K,CDR202600000155,DIRECT,-48,1
UPI250719W6R443,CDR202600000198,REVERSE,1555,1
UPI250606Q7IY6E,CDR202600000201,RECEIVER_OUTGOING_ACTIVITY,-221,1
UPI250201569EGT,CDR202600000235,DIRECT,-18,1
ATM251128V0OP4W,CDR202600000239,DIRECT,1013,1
ATM251222F39DT9,CDR202600000266,DIRECT,62,1
IMPS25092734IWH6,CDR202600000267,DIRECT,-1254,1
UPI250625BVJKFM,CDR202600000269,REVERSE,-116,1
UPI250924N5IB2N,CDR202600000295,SENDER_OUTGOING_ACTIVITY,40,1
UPI25062644MWXI,CDR202600000330,SENDER_OUTGOING_ACTIVITY,71,1
IMPS250301PHJ5HP,CDR202600000334,RECEIVER_OUTGOING_ACTIVITY,209,1
ATM2501044L2E4F,CDR202600000347,DIRECT,140,1
UPI2507087GY21G,CDR202600000357,SENDER_OUTGOING_ACTIVITY,180,1
TXN2501207WN4KF,CDR202600000384,SENDER_OUTGOING_ACTIVITY,698,1
TXN2508151BZDZR,CDR202600000392,DIRECT,-179,1
ATM250120W0O7CZ,CDR202600000399,RECEIVER_INCOMING_ACTIVITY,450,1
ATM2512108H683N,CDR202600000412,DIRECT,58,1
TXN250912B43BUX,CDR202600000473,SENDER_INCOMING_ACTIVITY,764,1
TXN250410K6ALWM,CDR202600000482,DIRECT,134,1
ATM251211UL4CS6,CDR202600000485,SENDER_INCOMING_ACTIVITY,-18,1
ATM250128CLC5R0,CDR202600000506,DIRECT,-35,1
ATM251109QOM10Z,CDR202600000509,DIRECT,17,1
ATM2509155AYMRJ,CDR202600000512,SENDER_OUTGOING_ACTIVITY,892,1
ATM2508092E8ZFP,CDR202600000520,SENDER_INCOMING_ACTIVITY,-45,1
TXN25060838JA21,CDR202600000529,DIRECT,35,1
ATM250106CCRBF4,CDR202600000532,SENDER_INCOMING_ACTIVITY,95,1
TXN250218XW0Y4E,CDR202600000548,DIRECT,-203,1
ATM250903YNQGE5,CDR202600000556,DIRECT,702,1
UPI250323MQJ457,CDR202600000559,REVERSE,-225,1
TXN250529NLFR1R,CDR202600000569,SENDER_INCOMING_ACTIVITY,1021,1
UPI251212OGL3HH,CDR202600000581,DIRECT,-41,1
ATM250509YJ4536,CDR202600000591,DIRECT,-226,1
ATM2505079IN5WP,CDR202600000603,RECEIVER_OUTGOING_ACTIVITY,-422,1
ATM2506263MDUFB,CDR202600000612,DIRECT,10,1
UPI2511233W9PXQ,CDR202600000615,DIRECT,196,1
UPI251125B878W1,CDR202600000650,DIRECT,-899,1
ATM250629CR6U5E,CDR202600000663,RECEIVER_OUTGOING_ACTIVITY,-755,1
UPI251116Y78E2N,CDR202600000676,SENDER_INCOMING_ACTIVITY,5,1
ATM2506050VTH03,CDR202600000696,DIRECT,145,1
ATM251030TZ2RKQ,CDR202600000697,DIRECT,-22,1
UPI250615EECIBM,CDR202600000703,REVERSE,-298,1
ATM251117EOS0YP,CDR202600000744,SENDER_OUTGOING_ACTIVITY,247,1
ATM25040164CEDQ,CDR202600000748,DIRECT,271,1
UPI251016UKVJTI,CDR202600000749,SENDER_INCOMING_ACTIVITY,559,1
UPI250227O4FZMB,CDR202600000758,REVERSE,162,1
IMPS250115LFDF1E,CDR202600000762,RECEIVER_INCOMING_ACTIVITY,-610,1
ATM25033049BZ70,CDR202600000765,RECEIVER_INCOMING_ACTIVITY,5,1
ATM25022328R7A3,CDR202600000785,DIRECT,-1586,1
UPI250617KC0SAJ,CDR202600000805,DIRECT,85,1
UPI251021PP4TTC,CDR202600000823,DIRECT,370,1
ATM251022ZJL3XW,CDR202600000825,SENDER_INCOMING_ACTIVITY,-1107,1
UPI2505190VMRDO,CDR202600000826,RECEIVER_INCOMING_ACTIVITY,27,1
UPI25020673GI3G,CDR202600000831,DIRECT,353,1
ATM2504162FWUWP,CDR202600000836,RECEIVER_INCOMING_ACTIVITY,177,1
ATM250908KVNOGC,CDR202600000853,SENDER_INCOMING_ACTIVITY,413,1
UPI2504283VPR08,CDR202600000857,DIRECT,891,1
UPI250601Z8X1JA,CDR202600000859,REVERSE,-217,1
UPI250122IVDV5S,CDR202600000864,SENDER_INCOMING_ACTIVITY,-296,1
UPI250413N4FJIA,CDR202600000897,DIRECT,76,1
ATM250911CZD4LK,CDR202600000924,DIRECT,30,1
TXN250131P2JF6G,CDR202600000939,SENDER_INCOMING_ACTIVITY,-525,1
ATM2508247I5N3P,CDR202600000963,SENDER_INCOMING_ACTIVITY,35,1
UPI250531RJ1WEI,CDR202600000980,RECEIVER_OUTGOING_ACTIVITY,-221,1
IMPS250707C45P3K,CDR202600001001,DIRECT,44,1
UPI2508296CERDY,CDR202600001026,DIRECT,68,1
ATM250819MIEN1F,CDR202600001028,DIRECT,53,1
UPI2509114V46K2,CDR202600001037,SENDER_INCOMING_ACTIVITY,1409,1
UPI250404413F1Q,CDR202600001039,RECEIVER_OUTGOING_ACTIVITY,69,1
UPI250904CG5IVO,CDR202600001056,DIRECT,-54,1
TXN250220L2670C,CDR202600001077,REVERSE,582,1
UPI250805RUW17L,CDR202600001078,DIRECT,-1475,1
ATM250208BXTJEZ,CDR202600001086,REVERSE,-72,1
UPI250728EXZ340,CDR202600001087,DIRECT,259,1
UPI250615JVOD2B,CDR202600001091,DIRECT,1532,1
ATM251104J57DKW,CDR202600001128,REVERSE,130,1
TXN250918RDV2WN,CDR202600001131,RECEIVER_OUTGOING_ACTIVITY,123,1
ATM250304GK2FNQ,CDR202600001145,SENDER_INCOMING_ACTIVITY,4,1
ATM250514U6XPIC,CDR202600001151,RECEIVER_INCOMING_ACTIVITY,-300,1
IMPS250916CA8EFT,CDR202600001164,DIRECT,-186,1
ATM251128ZL9SVE,CDR202600001173,SENDER_OUTGOING_ACTIVITY,-1748,1
ATM250920A914LX,CDR202600001196,REVERSE,-1618,1
ATM2503313O4692,CDR202600001203,DIRECT,-1157,1
ATM2508290L0RMG,CDR202600001253,SENDER_OUTGOING_ACTIVITY,27,1
ATM2512268C731D,CDR202600001259,DIRECT,636,1
UPI250222B58LWP,CDR202600001305,SENDER_OUTGOING_ACTIVITY,745,1
TXN250527MFOYCT,CDR202600001332,SENDER_OUTGOING_ACTIVITY,19,1
ATM2510014AI20O,CDR202600001334,SENDER_OUTGOING_ACTIVITY,50,1
IMPS2504040BZHS0,CDR202600001375,DIRECT,265,1
ATM2501294GU4R9,CDR202600001380,DIRECT,-949,1
TXN2506128TQJCH,CDR202600001394,SENDER_OUTGOING_ACTIVITY,-431,1
UPI251001MCNIYA,CDR202600001403,DIRECT,8,1
ATM250103DJM5GH,CDR202600001407,RECEIVER_OUTGOING_ACTIVITY,-58,1
UPI25112798QBCO,CDR202600001410,DIRECT,78,1
ATM2509272WIRSD,CDR202600001433,DIRECT,217,1
TXN2502088L00YA,CDR202600001442,RECEIVER_OUTGOING_ACTIVITY,-819,1
ATM250312ZJGFZ5,CDR202600001445,RECEIVER_OUTGOING_ACTIVITY,257,1
ATM251225T4L1FH,CDR202600001448,RECEIVER_OUTGOING_ACTIVITY,21,1
ATM250803CK9OE7,CDR202600001449,DIRECT,45,1
IMPS2512016VNX3Q,CDR202600001460,DIRECT,-508,1
TXN2506086BLIIF,CDR202600001469,DIRECT,-15,1
UPI250827331DF2,CDR202600001484,DIRECT,16,1
UPI2507189P9J85,CDR202600001487,REVERSE,6,1
ATM2501113XS2PJ,CDR202600001505,SENDER_INCOMING_ACTIVITY,-11,1
TXN2511266H785I,CDR202600001530,REVERSE,-12,1
ATM251129SZQM9N,CDR202600001588,REVERSE,4,1
UPI2509121XYQ2C,CDR202600001589,DIRECT,1023,1
UPI251225YTYYIT,CDR202600001610,DIRECT,50,1
UPI250123CRPG94,CDR202600001622,RECEIVER_OUTGOING_ACTIVITY,198,1
ATM251201XNL9WS,CDR202600001641,DIRECT,-595,1
TXN250104NKX5ZT,CDR202600001671,DIRECT,-685,1
ATM25110444S2UA,CDR202600001674,REVERSE,533,1
ATM250926JWNKN9,CDR202600001678,REVERSE,-1086,1
UPI251109M5THCL,CDR202600001685,DIRECT,224,1
IMPS251202K09X07,CDR202600001702,DIRECT,-794,1
UPI250207HBJWK0,CDR202600001715,SENDER_OUTGOING_ACTIVITY,-24,1
ATM250629NC9VP0,CDR202600001777,SENDER_OUTGOING_ACTIVITY,487,1
UPI251030YAYJB5,CDR202600001785,DIRECT,836,1
IMPS250228BK11XV,CDR202600001797,RECEIVER_INCOMING_ACTIVITY,263,1
ATM2509278BA4L4,CDR202600001800,RECEIVER_OUTGOING_ACTIVITY,-1371,1
ATM250823U3EXQZ,CDR202600001816,SENDER_INCOMING_ACTIVITY,-19,1
ATM2511165AJ33M,CDR202600001826,REVERSE,11,1
UPI250612HHN4A7,CDR202600001833,DIRECT,-232,1
UPI250627MM7PE9,CDR202600001838,SENDER_INCOMING_ACTIVITY,15,1
TXN250707R1LSIV,CDR202600001844,RECEIVER_OUTGOING_ACTIVITY,16,1
UPI250422TJQIN6,CDR202600001861,REVERSE,455,1
ATM250620O40B4F,CDR202600001882,REVERSE,-399,1
ATM2507112DC14O,CDR202600001891,DIRECT,375,1
TXN2506299GTBZ0,CDR202600001908,REVERSE,-488,1
ATM250530037X8L,CDR202600001935,REVERSE,-608,1
TXN250120IJNGK3,CDR202600001937,REVERSE,-58,1
ATM2511171UL8TK,CDR202600001952,SENDER_INCOMING_ACTIVITY,663,1
UPI250820OM2CKH,CDR202600001963,DIRECT,-15,1
TXN250213K7RFJH,CDR202600001977,SENDER_INCOMING_ACTIVITY,57,1
ATM250616AFGMBV,CDR202600001992,DIRECT,284,1
TXN251024OHUX08,CDR202600002010,REVERSE,1397,1
TXN250327D6POG6,CDR202600002021,RECEIVER_OUTGOING_ACTIVITY,659,1
TXN250331IQNP71,CDR202600002035,DIRECT,-222,1
UPI2503195FIPJR,CDR202600002056,DIRECT,-51,1
ATM250313WHDRK2,CDR202600002059,REVERSE,1677,1
TXN251029D9BCIA,CDR202600002061,RECEIVER_OUTGOING_ACTIVITY,-527,1
ATM250310QLOAYS,CDR202600002072,RECEIVER_INCOMING_ACTIVITY,44,1
UPI25031210BAYX,CDR202600002108,SENDER_INCOMING_ACTIVITY,36,1
UPI251126LIY0ET,CDR202600002124,SENDER_OUTGOING_ACTIVITY,-427,1
UPI251019VWSLQW,CDR202600002126,SENDER_INCOMING_ACTIVITY,1131,1
ATM250819LC9Z6V,CDR202600002131,DIRECT,-1719,1
IMPS25070351HKDG,CDR202600002134,SENDER_OUTGOING_ACTIVITY,261,1
ATM250402Y026DN,CDR202600002139,SENDER_OUTGOING_ACTIVITY,-1756,1
UPI250613PM4VUC,CDR202600002162,DIRECT,-558,1
ATM2510041CMLCD,CDR202600002203,SENDER_OUTGOING_ACTIVITY,-117,1
TXN250604ZTNGZW,CDR202600002215,SENDER_INCOMING_ACTIVITY,39,1
UPI250923G7WYO6,CDR202600002222,DIRECT,-58,1
ATM250212LZAX76,CDR202600002229,SENDER_INCOMING_ACTIVITY,184,1
ATM250106N1EEXB,CDR202600002252,RECEIVER_OUTGOING_ACTIVITY,1138,1
ATM25032934BGE0,CDR202600002278,REVERSE,716,1
TXN250830OJM67M,CDR202600002305,SENDER_OUTGOING_ACTIVITY,250,1
UPI250104NZ5X51,CDR202600002311,SENDER_OUTGOING_ACTIVITY,65,1
ATM250101QPGB7R,CDR202600002329,REVERSE,68,1
IMPS2511129ZLP15,CDR202600002346,DIRECT,-856,1
ATM2504156JIM4S,CDR202600002369,DIRECT,1712,1
ATM250113SNBZQY,CDR202600002401,DIRECT,-730,1
UPI250715NNU57O,CDR202600002404,RECEIVER_INCOMING_ACTIVITY,-42,1
ATM2501204T69W9,CDR202600002413,RECEIVER_OUTGOING_ACTIVITY,-537,1
ATM251210N15YD5,CDR202600002414,SENDER_INCOMING_ACTIVITY,37,1
UPI2502148VXJ6K,CDR202600002451,DIRECT,-56,1
TXN250111JCMVYB,CDR202600002485,RECEIVER_INCOMING_ACTIVITY,68,1
IMPS2506076APVHT,CDR202600002487,DIRECT,-12,1
ATM25122068MXEG,CDR202600002499,REVERSE,9,1
IMPS250807W5P6I4,CDR202600002500,REVERSE,-1452,1
ATM2512262G3QK8,CDR202600002511,DIRECT,-536,1
UPI2510010J4V2M,CDR202600002515,SENDER_INCOMING_ACTIVITY,-23,1
UPI250716TB9O96,CDR202600002521,REVERSE,-85,1
UPI250813LM9ZJC,CDR202600002525,DIRECT,206,1
TXN250212BOIMYT,CDR202600002527,SENDER_OUTGOING_ACTIVITY,-9,1
UPI250209ZZ9ZM8,CDR202600002530,DIRECT,3,1
UPI2511164G0SCR,CDR202600002539,REVERSE,-46,1
TXN251129OYR87V,CDR202600002561,SENDER_INCOMING_ACTIVITY,-1671,1
IMPS250123OWZ3DY,CDR202600002584,REVERSE,802,1
UPI250304GUA09M,CDR202600002599,SENDER_INCOMING_ACTIVITY,19,1
TXN25053033RQ1M,CDR202600002600,SENDER_OUTGOING_ACTIVITY,59,1
ATM2510217PAOJX,CDR202600002604,DIRECT,-630,1
UPI2507215QGSP3,CDR202600002608,DIRECT,-29,1
UPI250523WIYTRF,CDR202600002611,DIRECT,459,1
TXN251201BPCHBD,CDR202600002671,SENDER_INCOMING_ACTIVITY,-36,1
UPI250923WQTGZC,CDR202600002677,REVERSE,651,1
IMPS2506242V7LS8,CDR202600002697,SENDER_OUTGOING_ACTIVITY,246,1
UPI25011772IQEZ,CDR202600002707,DIRECT,-1199,1
TXN2501150YT2ID,CDR202600002738,DIRECT,-610,1
UPI250830CQ6TWR,CDR202600002777,RECEIVER_INCOMING_ACTIVITY,380,1
UPI250129V6VLFQ,CDR202600002781,DIRECT,154,1
IMPS250207ZE1E7B,CDR202600002852,RECEIVER_INCOMING_ACTIVITY,1145,1
IMPS250727R8M7N5,CDR202600002855,SENDER_INCOMING_ACTIVITY,-21,1
IMPS251211SNQ6SH,CDR202600002859,DIRECT,-859,1
ATM251223SKMM41,CDR202600002862,REVERSE,-311,1
UPI25052896ZU1V,CDR202600002865,SENDER_OUTGOING_ACTIVITY,47,1
ATM2507300QDAT7,CDR202600002907,SENDER_INCOMING_ACTIVITY,-280,1
UPI2501283MXZEA,CDR202600002918,DIRECT,-102,1
TXN2503170CDGBI,CDR202600002924,REVERSE,-262,1
TXN2508102FVT1T,CDR202600002929,REVERSE,-1263,1
UPI2502010J681V,CDR202600002932,RECEIVER_OUTGOING_ACTIVITY,399,1
ATM25020434TFTU,CDR202600002997,SENDER_INCOMING_ACTIVITY,-108,1
UPI251130UHH3R0,CDR202600003001,SENDER_OUTGOING_ACTIVITY,328,1
TXN250808XOL764,CDR202600003016,SENDER_OUTGOING_ACTIVITY,-15,1
UPI251224W198JQ,CDR202600003023,RECEIVER_OUTGOING_ACTIVITY,125,1
ATM250514WYHVSA,CDR202600003029,REVERSE,60,1
ATM250731BADYSP,CDR202600003072,REVERSE,-196,1
ATM251208FAO8PL,CDR202600003073,SENDER_OUTGOING_ACTIVITY,800,1
IMPS250907ZRRAUW,CDR202600003084,DIRECT,-53,1
ATM250812XWPNW7,CDR202600003125,DIRECT,57,1
ATM25101415PELD,CDR202600003141,RECEIVER_INCOMING_ACTIVITY,1411,1
ATM250405T3PHX4,CDR202600003142,SENDER_INCOMING_ACTIVITY,-50,1
TXN250712347C1Q,CDR202600003145,SENDER_INCOMING_ACTIVITY,-108,1
TXN250310ON09BL,CDR202600003175,SENDER_INCOMING_ACTIVITY,-16,1
UPI25070326D6MA,CDR202600003182,DIRECT,15,1
ATM251114GG35MZ,CDR202600003190,SENDER_INCOMING_ACTIVITY,-74,1
TXN2502065XDOMJ,CDR202600003199,SENDER_OUTGOING_ACTIVITY,-49,1
TXN250320DX1FSF,CDR202600003213,SENDER_INCOMING_ACTIVITY,-185,1
UPI250419PLBVRV,CDR202600003222,SENDER_INCOMING_ACTIVITY,185,1
UPI250117D8BE4E,CDR202600003236,DIRECT,36,1
UPI2501023X8MBG,CDR202600003245,REVERSE,-322,1
TXN2507128TBUHH,CDR202600003250,SENDER_INCOMING_ACTIVITY,748,1
ATM250213124QTQ,CDR202600003260,REVERSE,-466,1
UPI250326FVWYTZ,CDR202600003264,REVERSE,16,1
ATM251028BQ8G9O,CDR202600003274,RECEIVER_OUTGOING_ACTIVITY,-56,1
UPI250513P0NZJK,CDR202600003319,DIRECT,216,1
TXN250107CZAFR0,CDR202600003329,DIRECT,241,1
UPI250830V5PIN7,CDR202600003359,REVERSE,-18,1
ATM250701GFIOLH,CDR202600003366,DIRECT,241,1
UPI2512090Y6ZUP,CDR202600003374,REVERSE,-23,1
ATM250525LKVVI3,CDR202600003387,RECEIVER_INCOMING_ACTIVITY,17,1
TXN250806XU4Q6U,CDR202600003402,DIRECT,-653,1
ATM250401IE8KL1,CDR202600003408,SENDER_INCOMING_ACTIVITY,-64,1
UPI2509141EIP5M,CDR202600003420,SENDER_OUTGOING_ACTIVITY,-780,1
UPI250515LTD2M4,CDR202600003425,DIRECT,43,1
ATM2504037PPL2W,CDR202600003430,SENDER_OUTGOING_ACTIVITY,-577,1
ATM2501012QE4PA,CDR202600003458,RECEIVER_OUTGOING_ACTIVITY,226,1
ATM2501017LN23Y,CDR202600003484,RECEIVER_OUTGOING_ACTIVITY,186,1
TXN250726V1294F,CDR202600003497,REVERSE,-22,1
ATM250622LG8D32,CDR202600003502,SENDER_OUTGOING_ACTIVITY,606,1
ATM2506276PWJZ8,CDR202600003560,RECEIVER_OUTGOING_ACTIVITY,40,1
UPI250214EA2F7Y,CDR202600003565,SENDER_INCOMING_ACTIVITY,-6,1
ATM251116P484PZ,CDR202600003599,REVERSE,-757,1
UPI250809JYP5RO,CDR202600003604,DIRECT,790,1
TXN2506022MMIWD,CDR202600003608,DIRECT,-7,1
TXN250921PCS0UO,CDR202600003660,DIRECT,221,1
UPI251111LPQ4YD,CDR202600003673,DIRECT,-1,1
TXN2501208JNLHD,CDR202600003680,SENDER_INCOMING_ACTIVITY,210,1
UPI250820FJ9C9H,CDR202600003704,RECEIVER_OUTGOING_ACTIVITY,-645,1
UPI250408RLYG2G,CDR202600003710,SENDER_OUTGOING_ACTIVITY,633,1
ATM250623P5CN23,CDR202600003715,DIRECT,201,1
TXN251214CXBYAD,CDR202600003733,RECEIVER_OUTGOING_ACTIVITY,186,1
UPI251010GY4DNS,CDR202600003737,DIRECT,698,1
ATM250622HDXNH1,CDR202600003742,DIRECT,-19,1
UPI250302K9GK4R,CDR202600003743,DIRECT,54,1
TXN251209Z7MGD4,CDR202600003777,SENDER_OUTGOING_ACTIVITY,-458,1
ATM251103I5045Y,CDR202600003792,SENDER_OUTGOING_ACTIVITY,459,1
ATM250819ZWJ52L,CDR202600003799,DIRECT,-229,1
ATM250910CPTUL2,CDR202600003811,DIRECT,210,1
UPI2512226K9PRY,CDR202600003816,REVERSE,-186,1
ATM250803B2HV2N,CDR202600003822,SENDER_OUTGOING_ACTIVITY,-186,1
UPI251016NRVTJI,CDR202600003833,RECEIVER_INCOMING_ACTIVITY,282,1
UPI25053010PY37,CDR202600003883,RECEIVER_INCOMING_ACTIVITY,-28,1
ATM250127DAVDRM,CDR202600003893,DIRECT,1557,1
IMPS251122QOJP6D,CDR202600003894,SENDER_INCOMING_ACTIVITY,535,1
ATM25101017IFSB,CDR202600003897,SENDER_OUTGOING_ACTIVITY,20,1
UPI2504196VUXZX,CDR202600003902,DIRECT,-36,1
IMPS250315RCJ175,CDR202600003932,SENDER_INCOMING_ACTIVITY,1074,1
TXN250601AOAYDT,CDR202600003934,DIRECT,-679,1
UPI250819FAS27E,CDR202600003942,DIRECT,35,1
ATM250714DP1L3Z,CDR202600003950,SENDER_OUTGOING_ACTIVITY,45,1
TXN250926SG0JIU,CDR202600003957,RECEIVER_INCOMING_ACTIVITY,-1375,1
UPI250201Q4B9PC,CDR202600003965,RECEIVER_INCOMING_ACTIVITY,-192,1
UPI250126ERA23U,CDR202600003968,RECEIVER_INCOMING_ACTIVITY,31,1
TXN251222I2NE0B,CDR202600003988,SENDER_INCOMING_ACTIVITY,-289,1
ATM250909YA4HNW,CDR202600004000,REVERSE,908,1
TXN250820TQ2V6R,CDR202600004020,DIRECT,-592,1
TXN251205QZD03G,CDR202600004025,DIRECT,-109,1
UPI250331LTKT1M,CDR202600004034,REVERSE,38,1
TXN2508222OZCF9,CDR202600004037,DIRECT,134,1
ATM251214C2GL9I,CDR202600004059,DIRECT,-614,1
UPI251120WR4VYC,CDR202600004067,DIRECT,44,1
IMPS251030PPWFQ3,CDR202600004094,DIRECT,-181,1
UPI25030118H47N,CDR202600004112,SENDER_INCOMING_ACTIVITY,619,1
ATM250330QFYLK5,CDR202600004116,RECEIVER_INCOMING_ACTIVITY,-42,1
ATM251005R6586G,CDR202600004131,DIRECT,36,1
TXN2504198KNFQV,CDR202600004137,SENDER_INCOMING_ACTIVITY,56,1
IMPS2508036UYXDM,CDR202600004147,REVERSE,17,1
ATM2507222CJS5U,CDR202600004169,DIRECT,778,1
ATM251012GLH5ZH,CDR202600004188,SENDER_OUTGOING_ACTIVITY,-300,1
TXN251018SFUJK4,CDR202600004198,DIRECT,760,1
ATM251123KC3SPW,CDR202600004246,RECEIVER_OUTGOING_ACTIVITY,950,1
ATM25062850U4CU,CDR202600004257,REVERSE,-154,1
UPI250721U8JG3T,CDR202600004262,SENDER_INCOMING_ACTIVITY,606,1
TXN2508193XLD1E,CDR202600004263,REVERSE,542,1
UPI251019XC4MSG,CDR202600004266,DIRECT,-159,1
TXN250520N847B3,CDR202600004269,REVERSE,-18,1
ATM2503086NFGVI,CDR202600004273,RECEIVER_OUTGOING_ACTIVITY,153,1
UPI250202EBL647,CDR202600004281,DIRECT,516,1
ATM250923NZZ8QO,CDR202600004317,RECEIVER_INCOMING_ACTIVITY,-214,1
IMPS250210LH49MK,CDR202600004320,REVERSE,252,1
TXN250527CNBYKZ,CDR202600004343,SENDER_INCOMING_ACTIVITY,21,1
UPI250813ET6KTP,CDR202600004355,SENDER_OUTGOING_ACTIVITY,-21,1
UPI25061134AT0N,CDR202600004370,REVERSE,41,1
ATM250129SBK426,CDR202600004374,DIRECT,205,1
UPI251017BF8IYX,CDR202600004377,RECEIVER_INCOMING_ACTIVITY,109,1
UPI2503197ZXEK9,CDR202600004386,SENDER_INCOMING_ACTIVITY,-8,1
IMPS250722N4P6QK,CDR202600004396,DIRECT,31,1
ATM2503074C1KSL,CDR202600004403,SENDER_INCOMING_ACTIVITY,-1543,1
ATM25050293111E,CDR202600004431,REVERSE,-88,1
UPI250607WB0DAZ,CDR202600004450,DIRECT,-640,1
UPI2506117ZTNB7,CDR202600004460,SENDER_INCOMING_ACTIVITY,-122,1
ATM2502251N6DOQ,CDR202600004469,SENDER_INCOMING_ACTIVITY,1697,1
ATM251211D55JDY,CDR202600004482,SENDER_INCOMING_ACTIVITY,-668,1
IMPS2508103IZ0HC,CDR202600004483,RECEIVER_INCOMING_ACTIVITY,-1148,1
ATM25010589FIQ0,CDR202600004491,DIRECT,-713,1
TXN250225MN02R6,CDR202600004492,DIRECT,-1060,1
ATM251021JCW4CL,CDR202600004528,DIRECT,625,1
TXN250124340TFX,CDR202600004530,RECEIVER_INCOMING_ACTIVITY,-5,1
TXN250114M00IAL,CDR202600004558,DIRECT,-22,1
UPI2510141ZREVT,CDR202600004569,REVERSE,370,1
TXN251127WEHPLA,CDR202600004575,DIRECT,-196,1
UPI2502121CT1S4,CDR202600004577,DIRECT,297,1
UPI25031693GNFZ,CDR202600004588,RECEIVER_OUTGOING_ACTIVITY,-4,1
UPI251027V5HDPC,CDR202600004631,DIRECT,-296,1
IMPS2503198D0ATA,CDR202600004636,DIRECT,-32,1
ATM251215G0A9KT,CDR202600004637,SENDER_OUTGOING_ACTIVITY,60,1
TXN250303HH4Q6E,CDR202600004651,SENDER_OUTGOING_ACTIVITY,-38,1
TXN250316EX4AOD,CDR202600004695,SENDER_INCOMING_ACTIVITY,53,1
TXN2511268HT0N6,CDR202600004713,RECEIVER_OUTGOING_ACTIVITY,650,1
ATM250210K5PEU5,CDR202600004729,SENDER_OUTGOING_ACTIVITY,-35,1
TXN250729F7EK3A,CDR202600004732,DIRECT,53,1
TXN250219431C4R,CDR202600004747,DIRECT,39,1
IMPS251126OTU0IF,CDR202600004751,RECEIVER_OUTGOING_ACTIVITY,-183,1
UPI250702F3WQ38,CDR202600004752,SENDER_INCOMING_ACTIVITY,84,1
UPI250527E9H5HS,CDR202600004766,DIRECT,-50,1
IMPS250624Q55EEP,CDR202600004779,REVERSE,111,1
UPI25053127TP22,CDR202600004781,DIRECT,758,1
ATM251106Z765H5,CDR202600004795,SENDER_OUTGOING_ACTIVITY,-394,1
ATM250504GYE98E,CDR202600004825,SENDER_OUTGOING_ACTIVITY,50,1
TXN251104S87AP8,CDR202600004831,SENDER_OUTGOING_ACTIVITY,-48,1
ATM250831ACY98Y,CDR202600004833,SENDER_OUTGOING_ACTIVITY,540,1
TXN251215XWTJ4I,CDR202600004835,SENDER_INCOMING_ACTIVITY,-188,1
UPI251212K92AVB,CDR202600004837,REVERSE,138,1
UPI251117QBX4IH,CDR202600004858,SENDER_INCOMING_ACTIVITY,-205,1
ATM250401RSAUDF,CDR202600004862,SENDER_OUTGOING_ACTIVITY,-1666,1
TXN25112200IXZZ,CDR202600004865,SENDER_INCOMING_ACTIVITY,-175,1
ATM2509076J02G5,CDR202600004867,REVERSE,-673,1
TXN250412ZQP8KY,CDR202600004870,DIRECT,69,1
UPI2507137ABY9T,CDR202600004877,REVERSE,23,1
ATM250806VU6I0V,CDR202600004898,SENDER_INCOMING_ACTIVITY,-8,1
ATM25071530K7SM,CDR202600004919,RECEIVER_OUTGOING_ACTIVITY,-410,1
TXN251118G4QM0W,CDR202600004947,DIRECT,282,1
UPI250313WO9WA1,CDR202600004949,DIRECT,784,1
ATM250831Q9VH0O,CDR202600004958,RECEIVER_INCOMING_ACTIVITY,-251,1
ATM250503OMW3EI,CDR202600004959,DIRECT,-110,1
ATM250531I88B86,CDR202600004977,DIRECT,-1178,1
TXN2503117IS5VU,CDR202600005033,DIRECT,-6,1
UPI250214S37UW5,CDR202600005050,DIRECT,104,1
ATM2507036Q4S00,CDR202600005078,REVERSE,-1544,1
ATM250629CMXG7T,CDR202600005108,REVERSE,19,1
UPI25082608JX5M,CDR202600005113,SENDER_INCOMING_ACTIVITY,234,1
IMPS250924ESVFAC,CDR202600005120,REVERSE,-325,1
UPI251109R1VE0B,CDR202600005127,RECEIVER_OUTGOING_ACTIVITY,-3,1
IMPS250107OIQND8,CDR202600005130,SENDER_OUTGOING_ACTIVITY,-1653,1
UPI25010896MEF1,CDR202600005176,RECEIVER_INCOMING_ACTIVITY,49,1
ATM251218XRLY45,CDR202600005223,SENDER_INCOMING_ACTIVITY,4,1
UPI2505288N23KM,CDR202600005229,RECEIVER_OUTGOING_ACTIVITY,759,1
UPI250226K3QEHQ,CDR202600005262,SENDER_INCOMING_ACTIVITY,-211,1
IMPS250828ECAKDT,CDR202600005281,RECEIVER_INCOMING_ACTIVITY,710,1
UPI2511116V6JRC,CDR202600005289,SENDER_OUTGOING_ACTIVITY,-223,1
UPI250114EQH11K,CDR202600005296,SENDER_INCOMING_ACTIVITY,-58,1
IMPS250618WWXCDY,CDR202600005307,DIRECT,41,1
ATM250808RIXPUC,CDR202600005351,RECEIVER_OUTGOING_ACTIVITY,-20,1
UPI250629ZYCGC6,CDR202600005369,DIRECT,177,1
UPI250925SL7QMC,CDR202600005370,REVERSE,295,1
UPI250422YV7ODY,CDR202600005372,SENDER_OUTGOING_ACTIVITY,985,1
UPI250912JB78X1,CDR202600005393,REVERSE,396,1
ATM250117OHVVAS,CDR202600005400,SENDER_OUTGOING_ACTIVITY,-954,1
TXN250825KFMSNC,CDR202600005401,DIRECT,-684,1
ATM250424LA3D1V,CDR202600005414,REVERSE,-2,1
UPI251005QA4T4A,CDR202600005428,SENDER_INCOMING_ACTIVITY,149,1
ATM250518QR2OFR,CDR202600005434,REVERSE,-160,1
IMPS250804WQZP8Y,CDR202600005435,SENDER_INCOMING_ACTIVITY,-1279,1
ATM251208SGUIQ4,CDR202600005437,DIRECT,-709,1
UPI250615Q81DXS,CDR202600005443,SENDER_INCOMING_ACTIVITY,188,1
UPI250103FDXK31,CDR202600005447,RECEIVER_OUTGOING_ACTIVITY,38,1
UPI250619OF10SR,CDR202600005488,SENDER_OUTGOING_ACTIVITY,-299,1
TXN250929R1QANB,CDR202600005492,RECEIVER_INCOMING_ACTIVITY,-426,1
UPI250310D8FVUL,CDR202600005513,RECEIVER_INCOMING_ACTIVITY,-70,1
ATM2508272HWVPV,CDR202600005514,DIRECT,50,1
IMPS250126MCC8JD,CDR202600005540,RECEIVER_OUTGOING_ACTIVITY,35,1
UPI250228Z7FKOA,CDR202600005542,REVERSE,460,1
TXN250715V59Z19,CDR202600005551,DIRECT,179,1
TXN2509151CVZ78,CDR202600005552,DIRECT,-274,1
ATM250922DHNQOW,CDR202600005557,DIRECT,34,1
TXN250907S1NHO4,CDR202600005563,SENDER_OUTGOING_ACTIVITY,100,1
UPI250415ZOCN5C,CDR202600005578,SENDER_OUTGOING_ACTIVITY,291,1
UPI2504078JC07S,CDR202600005591,SENDER_INCOMING_ACTIVITY,-51,1
TXN250726111NUX,CDR202600005595,RECEIVER_OUTGOING_ACTIVITY,-243,1
UPI251102KR47VK,CDR202600005597,DIRECT,-291,1
ATM2508272UJ4HR,CDR202600005633,RECEIVER_INCOMING_ACTIVITY,422,1
UPI2511283M3HV2,CDR202600005636,DIRECT,-71,1
ATM250719DGLO5K,CDR202600005647,SENDER_INCOMING_ACTIVITY,587,1
UPI250730PH8BY9,CDR202600005652,RECEIVER_INCOMING_ACTIVITY,-12,1
UPI250716R32LYS,CDR202600005665,REVERSE,255,1
TXN25092993TKMR,CDR202600005700,SENDER_INCOMING_ACTIVITY,455,1
IMPS250626ATTT9J,CDR202600005720,SENDER_INCOMING_ACTIVITY,-44,1
UPI250306JFY8GB,CDR202600005734,REVERSE,60,1
TXN250324G6XP3H,CDR202600005750,DIRECT,-8,1
ATM250908PWWFV5,CDR202600005763,SENDER_INCOMING_ACTIVITY,1,1
TXN250327R9SUQ2,CDR202600005769,SENDER_INCOMING_ACTIVITY,284,1
ATM250714NI2HCK,CDR202600005802,DIRECT,-16,1
TXN250629ZO0WBY,CDR202600005823,DIRECT,518,1
UPI250321WK0QGX,CDR202600005832,RECEIVER_INCOMING_ACTIVITY,746,1
ATM250517KDWE84,CDR202600005869,DIRECT,-65,1
UPI25072151ORTY,CDR202600005880,DIRECT,-806,1
ATM250913KDJZZM,CDR202600005896,DIRECT,220,1
TXN2507025UWBQI,CDR202600005907,SENDER_OUTGOING_ACTIVITY,163,1
UPI250314QUZJ6Q,CDR202600005914,SENDER_OUTGOING_ACTIVITY,3,1
IMPS251103RFTBTD,CDR202600005915,SENDER_INCOMING_ACTIVITY,-58,1
UPI250416GRBEJ2,CDR202600005922,DIRECT,571,1
UPI2507179BK79K,CDR202600005933,SENDER_INCOMING_ACTIVITY,12,1
ATM250514IWY2DS,CDR202600005934,REVERSE,-26,1
TXN251013VE4HGT,CDR202600005975,SENDER_INCOMING_ACTIVITY,66,1
UPI250709MF8WD7,CDR202600005985,RECEIVER_INCOMING_ACTIVITY,-1534,1
ATM250113F3LRCX,CDR202600005994,DIRECT,893,1
ATM251102Z6GFCP,CDR202600006021,DIRECT,-440,1
UPI251122KQT50G,CDR202600006066,RECEIVER_INCOMING_ACTIVITY,846,1
UPI251125JSOILQ,CDR202600006070,DIRECT,38,1
UPI251028VWR7SB,CDR202600006073,SENDER_INCOMING_ACTIVITY,24,1
TXN250805SYVR30,CDR202600006077,RECEIVER_OUTGOING_ACTIVITY,-966,1
UPI250406XV845M,CDR202600006092,SENDER_OUTGOING_ACTIVITY,1768,1
TXN25082968Y8F8,CDR202600006107,RECEIVER_OUTGOING_ACTIVITY,57,1
TXN250914UTUSF4,CDR202600006112,RECEIVER_INCOMING_ACTIVITY,-462,1
IMPS25122587GVVM,CDR202600006127,RECEIVER_OUTGOING_ACTIVITY,-40,1
TXN250718RAWL81,CDR202600006129,SENDER_OUTGOING_ACTIVITY,-413,1
ATM2511214O2LA9,CDR202600006136,DIRECT,-556,1
UPI250413U9L2Z6,CDR202600006161,REVERSE,-291,1
ATM2508287ABRTQ,CDR202600006183,SENDER_INCOMING_ACTIVITY,11,1
ATM250223TTYOTK,CDR202600006206,SENDER_INCOMING_ACTIVITY,94,1
ATM250317G5Q04M,CDR202600006209,DIRECT,-6,1
IMPS2511251EI337,CDR202600006211,SENDER_INCOMING_ACTIVITY,-262,1
ATM251008QJ8RLJ,CDR202600006218,SENDER_INCOMING_ACTIVITY,-27,1
UPI250217RIBIPL,CDR202600006221,REVERSE,60,1
ATM250322AMCS8C,CDR202600006254,SENDER_INCOMING_ACTIVITY,1481,1
ATM250617CMIY1V,CDR202600006258,REVERSE,148,1
TXN251006T5L5EL,CDR202600006266,DIRECT,35,1
UPI2512302DFHQ2,CDR202600006307,RECEIVER_OUTGOING_ACTIVITY,-16,1
ATM250529SCQ8DW,CDR202600006310,SENDER_INCOMING_ACTIVITY,156,1
TXN250717M6C0V7,CDR202600006320,DIRECT,-751,1
UPI250526YBXG0X,CDR202600006335,REVERSE,298,1
ATM250515ZBK3JN,CDR202600006338,REVERSE,158,1
UPI25092088R0WE,CDR202600006352,REVERSE,-30,1
IMPS250801QT3GXH,CDR202600006354,SENDER_INCOMING_ACTIVITY,140,1
UPI250518RQP08C,CDR202600006359,DIRECT,-5,1
ATM2512060M8CPK,CDR202600006368,SENDER_INCOMING_ACTIVITY,205,1
ATM250619YG9Q9W,CDR202600006390,DIRECT,-959,1
ATM250830WCMRH5,CDR202600006397,RECEIVER_INCOMING_ACTIVITY,903,1
TXN251011IK83C5,CDR202600006398,DIRECT,-873,1
UPI250226WLIKA4,CDR202600006409,RECEIVER_INCOMING_ACTIVITY,189,1
ATM251118RKGTU4,CDR202600006416,DIRECT,-29,1
UPI250201B3YTJO,CDR202600006441,DIRECT,-1324,1
TXN250802PTELN1,CDR202600006442,DIRECT,-274,1
IMPS251209P02AIU,CDR202600006444,DIRECT,-343,1
UPI2507161J5F88,CDR202600006445,REVERSE,-101,1
UPI250609BRVAAC,CDR202600006456,SENDER_INCOMING_ACTIVITY,-48,1
IMPS251003V4AMEC,CDR202600006471,SENDER_OUTGOING_ACTIVITY,646,1
TXN251206IYSBME,CDR202600006478,DIRECT,-8,1
UPI250809X6XDO9,CDR202600006479,DIRECT,1188,1
IMPS250528KB0EUD,CDR202600006483,SENDER_INCOMING_ACTIVITY,-913,1
ATM250414BDNUZD,CDR202600006519,REVERSE,144,1
TXN250204QMNKXE,CDR202600006524,SENDER_OUTGOING_ACTIVITY,1131,1
TXN250827GBEM5K,CDR202600006529,DIRECT,-836,1
UPI250318GPHJIY,CDR202600006546,RECEIVER_OUTGOING_ACTIVITY,-676,1
ATM250926UOSHD6,CDR202600006561,SENDER_INCOMING_ACTIVITY,-302,1
TXN250906VNF1ZS,CDR202600006566,SENDER_OUTGOING_ACTIVITY,379,1
ATM251214JLR5WL,CDR202600006570,DIRECT,-246,1
ATM2510285KK22C,CDR202600006572,DIRECT,468,1
ATM25033170TK58,CDR202600006578,RECEIVER_OUTGOING_ACTIVITY,-634,1
UPI250806ZLIOHA,CDR202600006582,SENDER_OUTGOING_ACTIVITY,1532,1
UPI251005XGMRYV,CDR202600006586,RECEIVER_OUTGOING_ACTIVITY,-47,1
IMPS25051449Y2YB,CDR202600006598,DIRECT,168,1
UPI250723YBVAJ7,CDR202600006600,DIRECT,230,1
ATM250619DKA3DD,CDR202600006606,DIRECT,215,1
ATM250306RBTGF6,CDR202600006609,REVERSE,-186,1
ATM250529MK48RP,CDR202600006610,SENDER_OUTGOING_ACTIVITY,168,1
TXN2512031BS7GV,CDR202600006619,RECEIVER_INCOMING_ACTIVITY,818,1
UPI250308ZOIFC7,CDR202600006651,SENDER_INCOMING_ACTIVITY,-277,1
UPI250221HCRY5Z,CDR202600006661,DIRECT,-829,1
UPI250319793TAP,CDR202600006681,SENDER_OUTGOING_ACTIVITY,-890,1
TXN250916Z9I6WK,CDR202600006686,SENDER_OUTGOING_ACTIVITY,-241,1
IMPS250530I15QAG,CDR202600006713,SENDER_INCOMING_ACTIVITY,71,1
ATM2506133AG9DH,CDR202600006715,DIRECT,1228,1
ATM250520SBNABJ,CDR202600006748,SENDER_INCOMING_ACTIVITY,112,1
UPI250421GG38AN,CDR202600006764,REVERSE,-95,1
TXN250418M8R56T,CDR202600006800,DIRECT,443,1
ATM250323DUFMCA,CDR202600006813,RECEIVER_INCOMING_ACTIVITY,57,1
UPI250924U7NNTB,CDR202600006836,RECEIVER_OUTGOING_ACTIVITY,295,1
ATM250105FU547O,CDR202600006861,DIRECT,17,1
TXN250607YY7ZBR,CDR202600006873,RECEIVER_OUTGOING_ACTIVITY,834,1
UPI251112QLGNI3,CDR202600006883,RECEIVER_OUTGOING_ACTIVITY,741,1
UPI250907BGV8PO,CDR202600006902,SENDER_INCOMING_ACTIVITY,30,1
TXN250810SRL2Z2,CDR202600006908,DIRECT,25,1
IMPS250805Z80CPG,CDR202600006930,SENDER_OUTGOING_ACTIVITY,19,1
UPI251117GCWDCW,CDR202600006952,RECEIVER_OUTGOING_ACTIVITY,640,1
UPI2501319X5TBG,CDR202600006962,RECEIVER_OUTGOING_ACTIVITY,501,1
ATM250930B24OFF,CDR202600006973,SENDER_OUTGOING_ACTIVITY,-30,1
UPI251126EDXZWP,CDR202600006976,RECEIVER_OUTGOING_ACTIVITY,-14,1
ATM25102191XA4R,CDR202600006977,DIRECT,54,1
IMPS2506013KL47V,CDR202600006982,SENDER_OUTGOING_ACTIVITY,-69,1
ATM2503264BGJE2,CDR202600006986,DIRECT,-147,1
ATM2512029BUSZD,CDR202600006988,RECEIVER_INCOMING_ACTIVITY,234,1
TXN251007ENTC3M,CDR202600007016,REVERSE,467,1
UPI25080803FWE2,CDR202600007018,SENDER_INCOMING_ACTIVITY,-55,1
ATM251214270IEL,CDR202600007031,REVERSE,-13,1
UPI250812KMFVJR,CDR202600007061,RECEIVER_OUTGOING_ACTIVITY,226,1
TXN2503022GXM02,CDR202600007091,DIRECT,312,1
ATM2504192G4DVD,CDR202600007097,SENDER_OUTGOING_ACTIVITY,-58,1
ATM2510043XEC1D,CDR202600007102,DIRECT,1622,1
UPI250823VJ9NAK,CDR202600007108,DIRECT,-257,1
UPI251226TD3S12,CDR202600007110,REVERSE,-405,1
IMPS2510109OBY7D,CDR202600007192,SENDER_INCOMING_ACTIVITY,-129,1
IMPS250925QTT48G,CDR202600007199,SENDER_OUTGOING_ACTIVITY,-242,1
UPI250729I4KL4B,CDR202600007215,DIRECT,-469,1
UPI250327EX7O7D,CDR202600007229,SENDER_OUTGOING_ACTIVITY,40,1
UPI250811HQQGMP,CDR202600007250,DIRECT,-82,1
IMPS250810UY3FYO,CDR202600007251,DIRECT,-68,1
TXN2504261VAAT5,CDR202600007315,SENDER_OUTGOING_ACTIVITY,17,1
UPI251113BWBQTC,CDR202600007355,SENDER_OUTGOING_ACTIVITY,1488,1
ATM251229SKRTMW,CDR202600007369,DIRECT,-59,1
TXN2506151POC0P,CDR202600007384,RECEIVER_INCOMING_ACTIVITY,-24,1
ATM250817P84V53,CDR202600007393,DIRECT,-110,1
UPI2509227738QE,CDR202600007427,DIRECT,47,1
ATM250704CESIYE,CDR202600007438,RECEIVER_INCOMING_ACTIVITY,855,1
ATM250623J15HAJ,CDR202600007452,SENDER_INCOMING_ACTIVITY,-161,1
ATM250324RMEUOJ,CDR202600007475,REVERSE,585,1
TXN250726200SEQ,CDR202600007478,SENDER_INCOMING_ACTIVITY,-244,1
TXN250302DXQUDO,CDR202600007485,DIRECT,39,1
ATM251118E9MNSY,CDR202600007531,SENDER_INCOMING_ACTIVITY,-158,1
UPI250823UJ7G95,CDR202600007537,DIRECT,-560,1
TXN250622XOCORY,CDR202600007545,SENDER_OUTGOING_ACTIVITY,-195,1
ATM251126441IVX,CDR202600007550,SENDER_INCOMING_ACTIVITY,-856,1
ATM250517DSQYYR,CDR202600007584,REVERSE,-1137,1
UPI251224K0TC1R,CDR202600007606,SENDER_OUTGOING_ACTIVITY,314,1
ATM250730479E0Y,CDR202600007614,RECEIVER_OUTGOING_ACTIVITY,29,1
UPI250404XCM0A8,CDR202600007619,RECEIVER_OUTGOING_ACTIVITY,703,1
IMPS250520E0FT7D,CDR202600007666,DIRECT,12,1
ATM251208E20JJV,CDR202600007709,REVERSE,457,1
UPI2507076UKXU3,CDR202600007721,RECEIVER_OUTGOING_ACTIVITY,-69,1
ATM2502218YY6U3,CDR202600007723,SENDER_OUTGOING_ACTIVITY,-1644,1
ATM250416AXWLNI,CDR202600007738,DIRECT,-13,1
UPI250717F2TGJD,CDR202600007752,REVERSE,-142,1
ATM250715BZ8VFC,CDR202600007780,REVERSE,22,1
UPI250621LSWSJG,CDR202600007794,SENDER_INCOMING_ACTIVITY,-39,1
ATM251024BSLIKU,CDR202600007798,DIRECT,-1211,1
UPI2507072X22IN,CDR202600007848,DIRECT,182,1
TXN251012KPW809,CDR202600007851,DIRECT,-184,1
UPI250518AG8EJV,CDR202600007872,DIRECT,228,1
ATM251017NLYXSQ,CDR202600007899,DIRECT,-22,1
ATM25111741XD0S,CDR202600007910,DIRECT,55,1
ATM250808YCI92Z,CDR202600007925,DIRECT,226,1
TXN251126T1UBBM,CDR202600007929,SENDER_OUTGOING_ACTIVITY,-489,1
TXN2508014H01YF,CDR202600007932,REVERSE,-40,1
UPI251011V64J41,CDR202600007964,DIRECT,-1221,1
UPI250718CD4CCF,CDR202600007970,SENDER_OUTGOING_ACTIVITY,-141,1
UPI250318FWKE0H,CDR202600007979,DIRECT,871,1
TXN250612W46UCJ,CDR202600007994,SENDER_INCOMING_ACTIVITY,-237,1
ATM250909E6HNCG,CDR202600008021,DIRECT,10,1
UPI250702CSYVMD,CDR202600008028,DIRECT,-269,1
ATM2510279C9J6J,CDR202600008039,DIRECT,-6,1
ATM250821ISKFYI,CDR202600008046,SENDER_OUTGOING_ACTIVITY,404,1
UPI250321JS23XQ,CDR202600008057,SENDER_INCOMING_ACTIVITY,-64,1
ATM2508270T3NSQ,CDR202600008081,DIRECT,609,1
TXN251102D27SBO,CDR202600008103,DIRECT,58,1
UPI2504194A1J3M,CDR202600008115,RECEIVER_INCOMING_ACTIVITY,898,1
UPI2503204EMZ2Q,CDR202600008135,REVERSE,-33,1
ATM2504098IVLC8,CDR202600008157,RECEIVER_OUTGOING_ACTIVITY,-37,1
IMPS25020516B8MP,CDR202600008162,REVERSE,-36,1
UPI251005CN463O,CDR202600008164,DIRECT,-201,1
ATM250407V5QTF1,CDR202600008179,RECEIVER_OUTGOING_ACTIVITY,174,1
ATM250802WQWM18,CDR202600008194,REVERSE,-339,1
ATM250708NVR0OS,CDR202600008211,DIRECT,-253,1
ATM2503114HQ1RR,CDR202600008245,SENDER_OUTGOING_ACTIVITY,-1112,1
ATM251003CKOESU,CDR202600008259,DIRECT,205,1
IMPS2507276O1Z66,CDR202600008314,RECEIVER_OUTGOING_ACTIVITY,35,1
TXN250605LIIPA3,CDR202600008318,DIRECT,680,1
UPI25101940O7TD,CDR202600008331,DIRECT,-123,1
IMPS250916CNYSXF,CDR202600008390,DIRECT,-369,1
UPI2507281XPKXY,CDR202600008406,SENDER_OUTGOING_ACTIVITY,317,1
UPI251221VGKXBB,CDR202600008407,DIRECT,12,1
ATM251004EWNS5D,CDR202600008411,DIRECT,-1020,1
UPI250601BOOSLJ,CDR202600008449,SENDER_INCOMING_ACTIVITY,186,1
UPI250915ZEQ5AE,CDR202600008455,RECEIVER_INCOMING_ACTIVITY,146,1
UPI250218X9C9ZF,CDR202600008458,RECEIVER_OUTGOING_ACTIVITY,-1616,1
UPI250706K2I918,CDR202600008484,DIRECT,-140,1
ATM250821Y2KDXV,CDR202600008488,RECEIVER_INCOMING_ACTIVITY,-8,1
UPI250116H83H9M,CDR202600008492,DIRECT,-662,1
ATM250402QPWC3E,CDR202600008495,SENDER_INCOMING_ACTIVITY,-348,1
TXN250530WCFZRX,CDR202600008512,SENDER_INCOMING_ACTIVITY,185,1
UPI251002VWM3V9,CDR202600008541,SENDER_INCOMING_ACTIVITY,-54,1
UPI250628AKURC1,CDR202600008566,REVERSE,50,1
ATM2509108PU3IY,CDR202600008571,RECEIVER_OUTGOING_ACTIVITY,1699,1
IMPS25013097I5KP,CDR202600008572,RECEIVER_INCOMING_ACTIVITY,343,1
TXN251028ASNUXB,CDR202600008592,DIRECT,-34,1
IMPS2509270CT6XC,CDR202600008598,RECEIVER_OUTGOING_ACTIVITY,-1,1
IMPS250508K6NM0J,CDR202600008608,SENDER_OUTGOING_ACTIVITY,-825,1
UPI250627O373OD,CDR202600008622,RECEIVER_OUTGOING_ACTIVITY,-21,1
UPI251226RAKFEQ,CDR202600008626,SENDER_INCOMING_ACTIVITY,304,1
ATM250907GSNDWT,CDR202600008633,SENDER_OUTGOING_ACTIVITY,-431,1
UPI2505166VWV4T,CDR202600008663,SENDER_OUTGOING_ACTIVITY,-135,1
TXN2508111Y6DID,CDR202600008680,REVERSE,670,1
UPI250511AF13OH,CDR202600008697,RECEIVER_INCOMING_ACTIVITY,-1,1
ATM250804YCU5GS,CDR202600008699,REVERSE,185,1
TXN250620JXCTQL,CDR202600008702,RECEIVER_INCOMING_ACTIVITY,-9,1
ATM2502287FKYK9,CDR202600008735,DIRECT,-201,1
ATM2504214HVAN2,CDR202600008739,REVERSE,-275,1
UPI250703FLXNO4,CDR202600008746,RECEIVER_OUTGOING_ACTIVITY,42,1
TXN250923VHA3WT,CDR202600008764,DIRECT,541,1
UPI251011MFB7Q9,CDR202600008765,DIRECT,-2,1
UPI251021EEIVLV,CDR202600008777,SENDER_INCOMING_ACTIVITY,-40,1
ATM25010557HLSZ,CDR202600008812,SENDER_OUTGOING_ACTIVITY,-50,1
TXN250904VC2IOD,CDR202600008840,DIRECT,-523,1
UPI251106JAVHR7,CDR202600008885,DIRECT,-59,1
UPI2510145YMAW5,CDR202600008903,SENDER_INCOMING_ACTIVITY,-734,1
UPI250402H41QOS,CDR202600008904,DIRECT,-155,1
UPI25092273REBH,CDR202600008923,DIRECT,-37,1
IMPS251029NSX3M5,CDR202600008924,SENDER_INCOMING_ACTIVITY,-772,1
UPI2506247OP340,CDR202600008931,REVERSE,-701,1
TXN251028TKFKI9,CDR202600008943,RECEIVER_OUTGOING_ACTIVITY,-862,1
UPI2501318MV8ST,CDR202600008947,DIRECT,-144,1
TXN251005LRQHC8,CDR202600008951,REVERSE,1681,1
UPI250705EYLI8M,CDR202600008965,DIRECT,348,1
UPI250101OYC3RW,CDR202600008967,SENDER_INCOMING_ACTIVITY,7,1
TXN251122P18525,CDR202600008983,REVERSE,367,1
ATM2505094T4WFS,CDR202600008984,DIRECT,-55,1
UPI2502200M3KC7,CDR202600008989,SENDER_INCOMING_ACTIVITY,40,1
ATM250516O6G8MF,CDR202600008996,SENDER_INCOMING_ACTIVITY,106,1
ATM251210DQR92F,CDR202600009006,DIRECT,54,1
ATM250804V731WN,CDR202600009019,REVERSE,812,1
UPI250908E15NA8,CDR202600009028,RECEIVER_OUTGOING_ACTIVITY,-435,1
UPI250804JWM765,CDR202600009042,DIRECT,471,1
ATM250725HK7RGU,CDR202600009044,DIRECT,100,1
TXN251219VDFWOX,CDR202600009059,SENDER_INCOMING_ACTIVITY,4,1
UPI2503068KQQ08,CDR202600009069,SENDER_INCOMING_ACTIVITY,-1,1
ATM2505051WSIC5,CDR202600009081,DIRECT,-615,1
TXN250520VX2E92,CDR202600009091,RECEIVER_INCOMING_ACTIVITY,-16,1
UPI250728PDXNOL,CDR202600009094,SENDER_INCOMING_ACTIVITY,-12,1
UPI250703GLD8NJ,CDR202600009101,DIRECT,-1685,1
TXN2511215QLA8J,CDR202600009106,DIRECT,550,1
ATM250313ZY7ZX5,CDR202600009127,SENDER_OUTGOING_ACTIVITY,1611,1
TXN2501306I7J84,CDR202600009145,DIRECT,-889,1
IMPS251027QF2N00,CDR202600009160,SENDER_OUTGOING_ACTIVITY,-178,1
UPI250505FS7DL1,CDR202600009161,DIRECT,1684,1
TXN2509188X2YK6,CDR202600009172,DIRECT,60,1
TXN250305X6QMEC,CDR202600009178,SENDER_OUTGOING_ACTIVITY,-1248,1
UPI2505087S9QZK,CDR202600009179,DIRECT,64,1
TXN251031DVMI0M,CDR202600009181,SENDER_OUTGOING_ACTIVITY,305,1
UPI250427PZCOJJ,CDR202600009187,SENDER_INCOMING_ACTIVITY,-147,1
ATM2512189ERFT8,CDR202600009188,SENDER_INCOMING_ACTIVITY,775,1
IMPS250816T9260R,CDR202600009189,DIRECT,-154,1
TXN250407NBE3NN,CDR202600009193,DIRECT,51,1
UPI250410EOJ9UV,CDR202600009199,DIRECT,-984,1
UPI2511219WI3L1,CDR202600009221,SENDER_OUTGOING_ACTIVITY,46,1
ATM251204EU10EG,CDR202600009233,DIRECT,6,1
ATM2503153GE45Y,CDR202600009238,SENDER_OUTGOING_ACTIVITY,802,1
ATM250820RUQZMU,CDR202600009241,RECEIVER_INCOMING_ACTIVITY,399,1
UPI250222A2VXQI,CDR202600009243,SENDER_OUTGOING_ACTIVITY,336,1
TXN250830OMWDMC,CDR202600009266,SENDER_INCOMING_ACTIVITY,-130,1
UPI250109HJ99VA,CDR202600009279,REVERSE,-39,1
ATM250601W5GPR7,CDR202600009286,SENDER_INCOMING_ACTIVITY,135,1
ATM250423G4KVYN,CDR202600009288,SENDER_INCOMING_ACTIVITY,1181,1
ATM250401ZEIT35,CDR202600009290,DIRECT,-59,1
ATM250202T8UEUC,CDR202600009300,DIRECT,1196,1
UPI250503EW5IDB,CDR202600009308,DIRECT,-50,1
IMPS251229XQ1VQL,CDR202600009316,DIRECT,-26,1
UPI251128EZDDX4,CDR202600009323,REVERSE,573,1
UPI251126R4M0JB,CDR202600009328,DIRECT,1368,1
ATM2508081M7X41,CDR202600009333,SENDER_INCOMING_ACTIVITY,-76,1
TXN251230M51Y0V,CDR202600009338,DIRECT,1164,1
UPI2510182YJEPI,CDR202600009361,DIRECT,-180,1
ATM2501148WKDEF,CDR202600009369,RECEIVER_OUTGOING_ACTIVITY,1415,1
IMPS250225HVM19V,CDR202600009370,REVERSE,-179,1
IMPS25110116D77I,CDR202600009375,DIRECT,84,1
TXN25122279I18D,CDR202600009376,REVERSE,257,1
UPI250927JQNMAX,CDR202600009377,REVERSE,710,1
ATM251228D8USHV,CDR202600009379,DIRECT,-35,1
ATM250722INKVAB,CDR202600009383,SENDER_OUTGOING_ACTIVITY,-196,1
UPI250522DO7DS2,CDR202600009417,SENDER_INCOMING_ACTIVITY,-1227,1
UPI250721LIKI8S,CDR202600009418,SENDER_INCOMING_ACTIVITY,72,1
ATM251229IM9H1X,CDR202600009427,REVERSE,146,1
ATM251009HFZ9D0,CDR202600009448,SENDER_OUTGOING_ACTIVITY,-272,1
ATM251025A04D04,CDR202600009451,SENDER_OUTGOING_ACTIVITY,49,1
UPI250331QQRXTB,CDR202600009454,REVERSE,9,1
TXN251128PF4792,CDR202600009478,DIRECT,-273,1
ATM2503072BTLJ9,CDR202600009485,DIRECT,-62,1
ATM250607X2MOJW,CDR202600009495,DIRECT,1372,1
UPI250205N9VHWD,CDR202600009513,RECEIVER_INCOMING_ACTIVITY,-36,1
ATM250616CYDA62,CDR202600009536,REVERSE,267,1
ATM251217DHDO8T,CDR202600009559,DIRECT,1545,1
TXN250121S7DE8I,CDR202600009564,SENDER_INCOMING_ACTIVITY,4,1
ATM251124FJLV4K,CDR202600009576,SENDER_OUTGOING_ACTIVITY,17,1
UPI2508121X0MY0,CDR202600009583,RECEIVER_INCOMING_ACTIVITY,577,1
ATM2505083Z61KP,CDR202600009588,SENDER_INCOMING_ACTIVITY,-1,1
IMPS2508296KZ6MF,CDR202600009652,SENDER_OUTGOING_ACTIVITY,218,1
TXN250220YLGP7L,CDR202600009659,SENDER_INCOMING_ACTIVITY,-13,1
ATM250102MF07OL,CDR202600009670,SENDER_OUTGOING_ACTIVITY,29,1
ATM25071678W6J8,CDR202600009714,DIRECT,-914,1
ATM251213F93V0B,CDR202600009723,REVERSE,-171,1
TXN250918XQK2LW,CDR202600009747,DIRECT,-1026,1
UPI250210GSJ55U,CDR202600009756,SENDER_INCOMING_ACTIVITY,883,1
UPI2511081Y5NMW,CDR202600009791,RECEIVER_OUTGOING_ACTIVITY,143,1
ATM250817MW984E,CDR202600009801,DIRECT,-1385,1
ATM251215XVPI3G,CDR202600009807,RECEIVER_INCOMING_ACTIVITY,479,1
UPI2511043LAWKE,CDR202600009815,SENDER_OUTGOING_ACTIVITY,250,1
ATM250903V1WGSK,CDR202600009829,RECEIVER_INCOMING_ACTIVITY,-94,1
UPI250223M7V3P5,CDR202600009830,RECEIVER_INCOMING_ACTIVITY,-162,1
UPI25093022COSN,CDR202600009832,SENDER_OUTGOING_ACTIVITY,292,1
UPI25080158ZWEM,CDR202600009848,RECEIVER_INCOMING_ACTIVITY,-43,1
UPI25100996QX8N,CDR202600009849,RECEIVER_INCOMING_ACTIVITY,-185,1
TXN250702HNX6KB,CDR202600009876,DIRECT,339,1
TXN25032699RZ6M,CDR202600009877,RECEIVER_OUTGOING_ACTIVITY,-426,1
ATM2504180OTDYT,CDR202600009879,DIRECT,71,1
ATM250215717PZ0,CDR202600009899,DIRECT,-608,1
UPI2511294HNFN4,CDR202600009906,REVERSE,-183,1
ATM250522P4EIOZ,CDR202600009941,SENDER_INCOMING_ACTIVITY,251,1
TXN250212O0ZFF7,CDR202600009951,REVERSE,-1354,1
ATM2509142Q9LB8,CDR202600009967,RECEIVER_OUTGOING_ACTIVITY,10,1
IMPS250512O0OQAD,CDR202600009992,REVERSE,277,1
ATM251126H8JARB,CDR202600009997,SENDER_OUTGOING_ACTIVITY,27,1
TXN251008TOPMKO,CDR202600010000,SENDER_INCOMING_ACTIVITY,786,1
ATM251102D228GP,CDR202600010006,DIRECT,873,1
UPI250612XU87Q5,CDR202600010023,DIRECT,-80,1
UPI2509157CPKKI,CDR202600010035,DIRECT,140,1
TXN250225TCMU6B,CDR202600010051,SENDER_INCOMING_ACTIVITY,-984,1
IMPS2512242QOCAL,CDR202600010077,DIRECT,57,1
TXN2506185IQ7E4,CDR202600010096,RECEIVER_OUTGOING_ACTIVITY,-24,1
ATM250702PJ8J6U,CDR202600010144,REVERSE,1217,1
TXN250119E7CFT0,CDR202600010157,RECEIVER_INCOMING_ACTIVITY,-890,1
ATM250429ZYIZAN,CDR202600010183,REVERSE,-85,1
UPI2502068TFSHM,CDR202600010200,SENDER_INCOMING_ACTIVITY,-247,1
UPI250710JZP74K,CDR202600010222,SENDER_OUTGOING_ACTIVITY,57,1
TXN2504221W5SPK,CDR202600010225,REVERSE,-198,1
IMPS251126X9KMR7,CDR202600010230,DIRECT,-430,1
TXN250409EVC4I5,CDR202600010234,RECEIVER_INCOMING_ACTIVITY,260,1
UPI250103NNLO0H,CDR202600010243,DIRECT,-390,1
IMPS25072841JA6G,CDR202600010252,DIRECT,131,1
TXN250820N34NX7,CDR202600010255,DIRECT,29,1
ATM2504057F57LZ,CDR202600010309,REVERSE,-726,1
TXN250920SJCWDL,CDR202600010331,RECEIVER_OUTGOING_ACTIVITY,283,1
ATM250104RN4FLH,CDR202600010350,REVERSE,-273,1
IMPS250808DN5DF9,CDR202600010352,SENDER_INCOMING_ACTIVITY,-500,1
ATM250206VZPS3L,CDR202600010376,DIRECT,24,1
ATM251227Y7TGYP,CDR202600010386,SENDER_OUTGOING_ACTIVITY,-298,1
UPI251123DAXSEL,CDR202600010395,DIRECT,873,1
UPI251005KNWYV8,CDR202600010408,SENDER_INCOMING_ACTIVITY,-1478,1
TXN250627VEGXOY,CDR202600010420,DIRECT,28,1
ATM250403RDNJ3Z,CDR202600010460,SENDER_OUTGOING_ACTIVITY,4,1
TXN25081613U8OQ,CDR202600010469,SENDER_OUTGOING_ACTIVITY,1418,1
UPI2511251QHHN2,CDR202600010487,DIRECT,198,1
TXN2507281EPSBR,CDR202600010493,REVERSE,76,1
ATM250817IPWTE1,CDR202600010514,SENDER_OUTGOING_ACTIVITY,290,1
ATM250124B49AZ3,CDR202600010515,SENDER_INCOMING_ACTIVITY,25,1
ATM250823PSKK0Q,CDR202600010525,REVERSE,-46,1
UPI250109YLJZCC,CDR202600010548,REVERSE,417,1
UPI2508034V5RXU,CDR202600010555,DIRECT,74,1
UPI2511258JCHR3,CDR202600010569,REVERSE,19,1
UPI250613I6FYYI,CDR202600010582,REVERSE,-195,1
ATM250109DO0FK4,CDR202600010606,RECEIVER_INCOMING_ACTIVITY,-121,1
TXN251014ZTVWNY,CDR202600010619,REVERSE,102,1
TXN2512103Y5NAL,CDR202600010626,RECEIVER_OUTGOING_ACTIVITY,2,1
TXN251205P6C6NY,CDR202600010631,DIRECT,37,1
TXN250223FR5QQ6,CDR202600010632,DIRECT,56,1
ATM251223LBWW8Y,CDR202600010653,DIRECT,1169,1
UPI250827GUF29Y,CDR202600010674,DIRECT,1241,1
UPI250120T4U2YP,CDR202600010678,DIRECT,-10,1
UPI2510014ITQB5,CDR202600010691,SENDER_OUTGOING_ACTIVITY,-105,1
ATM2506183BFTTI,CDR202600010697,REVERSE,13,1
UPI2501138T8VLP,CDR202600010712,SENDER_INCOMING_ACTIVITY,-222,1
ATM2502057CAG2L,CDR202600010714,DIRECT,-70,1
TXN250202L14FWJ,CDR202600010764,REVERSE,-21,1
UPI2508274MRVY1,CDR202600010772,SENDER_INCOMING_ACTIVITY,26,1
TXN25072988Y67C,CDR202600010844,SENDER_OUTGOING_ACTIVITY,93,1
ATM251225M39S9C,CDR202600010860,DIRECT,4,1
ATM2506163Q9Y2C,CDR202600010862,RECEIVER_OUTGOING_ACTIVITY,-738,1
IMPS250502MF1AGS,CDR202600010870,DIRECT,-81,1
TXN250605H4RRD8,CDR202600010871,RECEIVER_INCOMING_ACTIVITY,-100,1
IMPS250530FKICZD,CDR202600010884,DIRECT,7,1
IMPS2506085USBWH,CDR202600010885,RECEIVER_INCOMING_ACTIVITY,-599,1
IMPS251231DP0ZTI,CDR202600010911,REVERSE,-257,1
UPI251207MNVLZ8,CDR202600010918,DIRECT,645,1
IMPS250215872N3M,CDR202600010929,SENDER_INCOMING_ACTIVITY,-151,1
TXN250617RGQT5Y,CDR202600010941,DIRECT,885,1
TXN251106CRWKQC,CDR202600011010,RECEIVER_INCOMING_ACTIVITY,-656,1
UPI250719SX14SI,CDR202600011025,SENDER_INCOMING_ACTIVITY,84,1
UPI251001RZX0Y4,CDR202600011069,REVERSE,-33,1
ATM250515DY39GJ,CDR202600011084,SENDER_INCOMING_ACTIVITY,-798,1
TXN250102SMZOCX,CDR202600011107,DIRECT,391,1
UPI251123QBV7I2,CDR202600011111,SENDER_OUTGOING_ACTIVITY,-421,1
IMPS250127EX195D,CDR202600011112,DIRECT,129,1
UPI2504121ZKAY6,CDR202600011136,DIRECT,-441,1
ATM2507267SE4ZL,CDR202600011183,RECEIVER_OUTGOING_ACTIVITY,246,1
ATM250828DNLFH2,CDR202600011193,DIRECT,-138,1
ATM2502165O3SB3,CDR202600011206,DIRECT,-42,1
TXN250218FQSTAK,CDR202600011216,SENDER_OUTGOING_ACTIVITY,27,1
TXN250512FML2HH,CDR202600011218,SENDER_OUTGOING_ACTIVITY,2,1
TXN2509194C5LAR,CDR202600011236,RECEIVER_INCOMING_ACTIVITY,43,1
TXN250524JGOWHM,CDR202600011238,DIRECT,-236,1
UPI2510136K6EVS,CDR202600011264,DIRECT,-451,1
TXN250811YJKZ1G,CDR202600011266,DIRECT,11,1
TXN250530MVYUZY,CDR202600011294,SENDER_OUTGOING_ACTIVITY,21,1
ATM250204MBX77G,CDR202600011298,REVERSE,-29,1
UPI2502149IOHN6,CDR202600011304,SENDER_OUTGOING_ACTIVITY,-30,1
TXN250618GEMW8G,CDR202600011312,DIRECT,-69,1
TXN250512YTJZ0N,CDR202600011314,DIRECT,282,1
TXN250701DH536G,CDR202600011315,REVERSE,-23,1
IMPS250706UU88BA,CDR202600011319,SENDER_INCOMING_ACTIVITY,-106,1
TXN250818Z6V8Q8,CDR202600011331,RECEIVER_INCOMING_ACTIVITY,-739,1
ATM25041507D3GX,CDR202600011338,REVERSE,40,1
ATM2502225QVX4G,CDR202600011339,SENDER_OUTGOING_ACTIVITY,288,1
TXN251215EUI8OZ,CDR202600011345,SENDER_INCOMING_ACTIVITY,-164,1
ATM251229FREGCW,CDR202600011354,SENDER_INCOMING_ACTIVITY,-131,1
TXN2509104QNA0S,CDR202600011363,RECEIVER_OUTGOING_ACTIVITY,1,1
UPI251108PEWSRD,CDR202600011364,RECEIVER_INCOMING_ACTIVITY,3,1
ATM250630B72GK3,CDR202600011375,SENDER_INCOMING_ACTIVITY,-21,1
UPI250909CG6PWO,CDR202600011392,RECEIVER_OUTGOING_ACTIVITY,-424,1
IMPS2502231PZL35,CDR202600011399,SENDER_INCOMING_ACTIVITY,-467,1
TXN25070593SSU8,CDR202600011423,DIRECT,-1780,1
UPI250413TB89EK,CDR202600011429,REVERSE,600,1
UPI250928V284XQ,CDR202600011430,DIRECT,-840,1
ATM250511H8FFFI,CDR202600011471,RECEIVER_OUTGOING_ACTIVITY,915,1
TXN250616DAFQTL,CDR202600011475,DIRECT,294,1
ATM250503GJE6K1,CDR202600011495,SENDER_INCOMING_ACTIVITY,-198,1
IMPS2511041JGB8A,CDR202600011517,DIRECT,-109,1
UPI251228M5T9ZC,CDR202600011518,SENDER_INCOMING_ACTIVITY,-116,1
ATM250930FTJBAX,CDR202600011523,DIRECT,-59,1
IMPS250330MBCS1F,CDR202600011543,REVERSE,347,1
UPI250323XK5UM9,CDR202600011546,SENDER_OUTGOING_ACTIVITY,-1521,1
IMPS250121XP1L3L,CDR202600011582,DIRECT,308,1
TXN250401B0RMA8,CDR202600011613,RECEIVER_OUTGOING_ACTIVITY,-145,1
ATM250215C4Z8E1,CDR202600011621,DIRECT,-783,1
ATM2508101FAPAA,CDR202600011642,SENDER_OUTGOING_ACTIVITY,-780,1
UPI2510267Q55IM,CDR202600011653,RECEIVER_INCOMING_ACTIVITY,-22,1
ATM250313D6309P,CDR202600011667,REVERSE,271,1
ATM251105XQG1SW,CDR202600011689,SENDER_OUTGOING_ACTIVITY,336,1
TXN250524ZP8YDU,CDR202600011713,RECEIVER_INCOMING_ACTIVITY,-738,1
TXN250216591MB0,CDR202600011745,RECEIVER_OUTGOING_ACTIVITY,-712,1
UPI2507151O10I6,CDR202600011775,DIRECT,-57,1
ATM250821ZWTR8Y,CDR202600011777,DIRECT,-757,1
UPI250731BZDADC,CDR202600011781,SENDER_OUTGOING_ACTIVITY,-11,1
IMPS250928G0ORBR,CDR202600011782,DIRECT,-237,1
TXN2507121BSKZ8,CDR202600011789,RECEIVER_INCOMING_ACTIVITY,-219,1
ATM250323J7CDL0,CDR202600011793,REVERSE,133,1
ATM250203QRD5B5,CDR202600011807,RECEIVER_INCOMING_ACTIVITY,-429,1
ATM251219M6BZ8L,CDR202600011809,DIRECT,160,1
TXN250107DYF7BN,CDR202600011825,RECEIVER_OUTGOING_ACTIVITY,-215,1
ATM250721RVBFRJ,CDR202600011843,DIRECT,-455,1
ATM250605MF5IYD,CDR202600011859,SENDER_INCOMING_ACTIVITY,-17,1
UPI2501243DAIAM,CDR202600011866,SENDER_INCOMING_ACTIVITY,283,1
ATM250125GYVGK5,CDR202600011882,SENDER_INCOMING_ACTIVITY,-331,1
UPI250617S8V8LT,CDR202600011897,DIRECT,27,1
TXN251007L5XWGS,CDR202600011916,RECEIVER_OUTGOING_ACTIVITY,-799,1
IMPS2505308TWLH2,CDR202600011927,SENDER_INCOMING_ACTIVITY,-253,1
ATM250613P21QHH,CDR202600011942,SENDER_INCOMING_ACTIVITY,918,1
UPI25020786GM45,CDR202600011962,SENDER_INCOMING_ACTIVITY,42,1
ATM250215DJNQEP,CDR202600011967,RECEIVER_OUTGOING_ACTIVITY,-268,1
UPI250524J3RAFV,CDR202600011991,REVERSE,29,1
TXN250421PABGPE,CDR202600011992,DIRECT,-8,1
UPI250503A1WNFF,CDR202600012007,SENDER_OUTGOING_ACTIVITY,288,1
ATM250930ZLXTKC,CDR202600012014,DIRECT,16,1
UPI251101WC8DK6,CDR202600012018,RECEIVER_OUTGOING_ACTIVITY,344,1
UPI251126OVOVJH,CDR202600012021,DIRECT,1493,1
ATM250119VSG4FK,CDR202600012030,SENDER_OUTGOING_ACTIVITY,-896,1
UPI250405W2NL2T,CDR202600012033,RECEIVER_INCOMING_ACTIVITY,-757,1
TXN251103Z1G0PW,CDR202600012048,DIRECT,-842,1
UPI251029VOX4KO,CDR202600012054,SENDER_INCOMING_ACTIVITY,1026,1
ATM2506269RCY96,CDR202600012066,RECEIVER_OUTGOING_ACTIVITY,93,1
TXN2512057YJJCY,CDR202600012073,SENDER_OUTGOING_ACTIVITY,20,1
ATM250503ZYP1W4,CDR202600012079,DIRECT,-495,1
ATM250821BU2IA9,CDR202600012095,REVERSE,1305,1
UPI2508251ORZWM,CDR202600012103,SENDER_OUTGOING_ACTIVITY,-1,1
TXN250110X30F0Q,CDR202600012115,SENDER_OUTGOING_ACTIVITY,159,1
IMPS250327CZNC5A,CDR202600012127,SENDER_INCOMING_ACTIVITY,1568,1
TXN2511021DJNJ1,CDR202600012142,RECEIVER_OUTGOING_ACTIVITY,-106,1
ATM250501LPIZ3F,CDR202600012154,RECEIVER_OUTGOING_ACTIVITY,-1556,1
ATM251201ECFXYS,CDR202600012176,SENDER_OUTGOING_ACTIVITY,101,1
TXN251022K16XGP,CDR202600012195,RECEIVER_OUTGOING_ACTIVITY,136,1
ATM251104GMA9CW,CDR202600012201,RECEIVER_OUTGOING_ACTIVITY,-102,1
UPI250822A6ZSVH,CDR202600012240,SENDER_OUTGOING_ACTIVITY,127,1
TXN250422SAORUS,CDR202600012246,DIRECT,15,1
TXN2505180M0P89,CDR202600012277,SENDER_OUTGOING_ACTIVITY,-156,1
UPI2502196TVZYH,CDR202600012319,DIRECT,860,1
UPI25062531WU34,CDR202600012331,DIRECT,-186,1
UPI250317Y8PDUP,CDR202600012333,DIRECT,-434,1
UPI251112JCTH1S,CDR202600012336,REVERSE,751,1
IMPS250322FECN1B,CDR202600012363,SENDER_INCOMING_ACTIVITY,16,1
IMPS251205H5EZNX,CDR202600012370,DIRECT,-1396,1
UPI250325OCPP8O,CDR202600012375,DIRECT,38,1
TXN250518PTNEWT,CDR202600012410,RECEIVER_INCOMING_ACTIVITY,-922,1
ATM250910PN2QTF,CDR202600012418,DIRECT,-22,1
UPI251102I8A82J,CDR202600012434,RECEIVER_INCOMING_ACTIVITY,-884,1
IMPS250417OHMIRV,CDR202600012446,DIRECT,108,1
UPI2506254R3OFV,CDR202600012471,DIRECT,-1008,1
UPI251122QN08E1,CDR202600012501,RECEIVER_OUTGOING_ACTIVITY,-1070,1
ATM25082087GS2L,CDR202600012508,SENDER_OUTGOING_ACTIVITY,692,1
TXN2512252JO9QM,CDR202600012518,SENDER_INCOMING_ACTIVITY,7,1
UPI251010LB5UPD,CDR202600012524,DIRECT,772,1
UPI250802ZBMZAG,CDR202600012528,DIRECT,-58,1
ATM2506084FHV31,CDR202600012530,SENDER_INCOMING_ACTIVITY,636,1
ATM25011883F7N8,CDR202600012533,DIRECT,2,1
UPI251014YQ1K7E,CDR202600012538,SENDER_INCOMING_ACTIVITY,-791,1
UPI2506279ZPWBK,CDR202600012547,DIRECT,-277,1
ATM251002AANXXL,CDR202600012557,DIRECT,820,1
IMPS250107S5DUPX,CDR202600012588,DIRECT,23,1
UPI2510046E5ZLQ,CDR202600012614,RECEIVER_INCOMING_ACTIVITY,242,1
UPI250723XP1BQ8,CDR202600012648,SENDER_INCOMING_ACTIVITY,583,1
ATM250913IF7T95,CDR202600012691,SENDER_OUTGOING_ACTIVITY,-86,1
UPI251005CLEBKN,CDR202600012708,REVERSE,-30,1
ATM25093078GWUK,CDR202600012717,SENDER_INCOMING_ACTIVITY,-123,1
ATM250908SG3WMZ,CDR202600012723,REVERSE,44,1
UPI250222INUXWA,CDR202600012731,SENDER_OUTGOING_ACTIVITY,1515,1
TXN251012PIIUOZ,CDR202600012742,SENDER_INCOMING_ACTIVITY,26,1
UPI250711WRGTD8,CDR202600012791,RECEIVER_INCOMING_ACTIVITY,-35,1
TXN251031RDX2LU,CDR202600012799,DIRECT,-297,1
ATM250711C2Y5GA,CDR202600012810,DIRECT,48,1
IMPS250517VQZV8H,CDR202600012825,DIRECT,1402,1
TXN250608BN3T69,CDR202600012828,SENDER_OUTGOING_ACTIVITY,-67,1
TXN251029L9YTGM,CDR202600012850,REVERSE,597,1
UPI250530MIG340,CDR202600012852,RECEIVER_OUTGOING_ACTIVITY,104,1
ATM250117XI4ZJB,CDR202600012861,RECEIVER_INCOMING_ACTIVITY,-186,1
ATM250509P6P5M5,CDR202600012869,SENDER_INCOMING_ACTIVITY,210,1
ATM251201ERYRRI,CDR202600012896,SENDER_OUTGOING_ACTIVITY,52,1
ATM250519LDLUWY,CDR202600012913,SENDER_OUTGOING_ACTIVITY,137,1
ATM250525FA5QW0,CDR202600012922,RECEIVER_INCOMING_ACTIVITY,82,1
ATM250205NMR3CK,CDR202600012955,RECEIVER_INCOMING_ACTIVITY,27,1
TXN250813K5BZDA,CDR202600012962,SENDER_OUTGOING_ACTIVITY,-1678,1
IMPS250208O9MY39,CDR202600012968,DIRECT,-138,1
UPI250318PJA2D5,CDR202600013007,DIRECT,40,1
UPI250302M8G71I,CDR202600013024,REVERSE,918,1
IMPS251110YLQCPA,CDR202600013039,RECEIVER_INCOMING_ACTIVITY,-167,1
UPI2504063S3XX0,CDR202600013072,DIRECT,24,1
IMPS250528PY4XFR,CDR202600013074,SENDER_INCOMING_ACTIVITY,40,1
UPI251125INYGOV,CDR202600013077,DIRECT,152,1
ATM2509194WJCJG,CDR202600013079,RECEIVER_OUTGOING_ACTIVITY,13,1
ATM250629R0CJR7,CDR202600013080,RECEIVER_INCOMING_ACTIVITY,-195,1
ATM250427T7HJQK,CDR202600013094,RECEIVER_OUTGOING_ACTIVITY,239,1
ATM250716ACL5EH,CDR202600013108,DIRECT,-138,1
TXN250703MSXZDR,CDR202600013109,REVERSE,44,1
IMPS251117BBL503,CDR202600013120,DIRECT,155,1
ATM250407UDW9AD,CDR202600013143,DIRECT,709,1
ATM250820KHVIZ7,CDR202600013151,DIRECT,179,1
IMPS250620EDTWC5,CDR202600013161,SENDER_OUTGOING_ACTIVITY,-1,1
TXN2506144PBEV6,CDR202600013162,DIRECT,52,1
IMPS250502YLYP9C,CDR202600013176,SENDER_INCOMING_ACTIVITY,213,1
ATM250212CMLAGX,CDR202600013197,SENDER_OUTGOING_ACTIVITY,147,1
TXN250427PZM9NN,CDR202600013211,SENDER_OUTGOING_ACTIVITY,271,1
UPI250910IS682R,CDR202600013215,RECEIVER_OUTGOING_ACTIVITY,-791,1
IMPS2511060Q2KG8,CDR202600013239,REVERSE,-5,1
UPI250524FR60C7,CDR202600013248,SENDER_OUTGOING_ACTIVITY,44,1
UPI250828IK2AFW,CDR202600013262,SENDER_OUTGOING_ACTIVITY,540,1
ATM250826W5648D,CDR202600013264,DIRECT,-54,1
TXN25072221V1H6,CDR202600013391,RECEIVER_OUTGOING_ACTIVITY,-30,1
UPI250414NN0W8C,CDR202600013402,REVERSE,18,1
TXN250121K89RZM,CDR202600013428,REVERSE,-793,1
ATM250427L7WNT1,CDR202600013452,DIRECT,-478,1
ATM25031548B02Y,CDR202600013460,SENDER_OUTGOING_ACTIVITY,-24,1
UPI250606MYFX8L,CDR202600013464,REVERSE,-249,1
ATM2509071KFS7C,CDR202600013474,RECEIVER_OUTGOING_ACTIVITY,100,1
UPI2501016DUT07,CDR202600013475,DIRECT,-28,1
UPI251127Q33K1X,CDR202600013494,SENDER_OUTGOING_ACTIVITY,756,1
ATM250212CYFKKD,CDR202600013495,REVERSE,71,1
TXN250819HIOLXG,CDR202600013511,REVERSE,-106,1
UPI250909CBXFVB,CDR202600013540,REVERSE,12,1
ATM250408ZXQGOF,CDR202600013542,RECEIVER_INCOMING_ACTIVITY,28,1
UPI250122GXXHQB,CDR202600013549,REVERSE,-160,1
UPI250912QI0JXM,CDR202600013551,SENDER_INCOMING_ACTIVITY,23,1
UPI250130EO5A2U,CDR202600013561,SENDER_OUTGOING_ACTIVITY,-89,1
IMPS2506265MOJ9I,CDR202600013568,SENDER_INCOMING_ACTIVITY,-908,1
TXN2501186SSJUV,CDR202600013573,RECEIVER_OUTGOING_ACTIVITY,1625,1
ATM2503299HNLXQ,CDR202600013585,DIRECT,867,1
IMPS2508230IPK81,CDR202600013594,REVERSE,546,1
TXN251122QSU9YM,CDR202600013614,RECEIVER_OUTGOING_ACTIVITY,-1774,1
UPI251111Z8JKTH,CDR202600013621,RECEIVER_INCOMING_ACTIVITY,131,1
UPI25101675TB5Q,CDR202600013644,SENDER_INCOMING_ACTIVITY,274,1
UPI250810GR37MH,CDR202600013652,RECEIVER_OUTGOING_ACTIVITY,59,1
ATM250910TBH4FH,CDR202600013661,REVERSE,294,1
TXN250420HMRLTY,CDR202600013669,RECEIVER_INCOMING_ACTIVITY,-20,1
TXN2505286VVY1I,CDR202600013673,RECEIVER_INCOMING_ACTIVITY,-227,1
ATM250201RP31CO,CDR202600013719,SENDER_INCOMING_ACTIVITY,263,1
TXN250614C2TI2F,CDR202600013737,SENDER_OUTGOING_ACTIVITY,-169,1
ATM251008D0Y4CO,CDR202600013745,RECEIVER_INCOMING_ACTIVITY,-167,1
ATM250116P4TVC0,CDR202600013767,SENDER_OUTGOING_ACTIVITY,-1345,1
IMPS251114JGUL4X,CDR202600013770,DIRECT,621,1
ATM251007O1ZHLB,CDR202600013775,SENDER_INCOMING_ACTIVITY,-182,1
UPI2508070HTV8P,CDR202600013786,RECEIVER_INCOMING_ACTIVITY,574,1
ATM250120DV2PZ4,CDR202600013790,SENDER_INCOMING_ACTIVITY,-180,1
ATM250608BW1MCV,CDR202600013796,RECEIVER_OUTGOING_ACTIVITY,-558,1
UPI250418Q3IU82,CDR202600013801,DIRECT,39,1
TXN250615VBP3SP,CDR202600013825,DIRECT,2,1
ATM250924VFNY08,CDR202600013907,RECEIVER_INCOMING_ACTIVITY,298,1
ATM251221XXY6AU,CDR202600013933,DIRECT,157,1
UPI250714WT4IV6,CDR202600013939,DIRECT,148,1
ATM250204OQPL5S,CDR202600013962,RECEIVER_INCOMING_ACTIVITY,-539,1
IMPS250707E47CJD,CDR202600014001,DIRECT,200,1
ATM250330XPRWMS,CDR202600014014,DIRECT,1625,1
UPI250220JBEOSA,CDR202600014015,DIRECT,-7,1
TXN250222IKYME4,CDR202600014024,REVERSE,217,1
TXN250317LUI170,CDR202600014036,REVERSE,328,1
TXN2506150961QC,CDR202600014047,REVERSE,-26,1
ATM250709M6YKQG,CDR202600014089,DIRECT,211,1
UPI250113JQAYZM,CDR202600014091,RECEIVER_INCOMING_ACTIVITY,230,1
ATM250616JFWH0W,CDR202600014092,SENDER_OUTGOING_ACTIVITY,23,1
UPI250625117IS7,CDR202600014096,REVERSE,-119,1
UPI250116B9EJ6Y,CDR202600014107,RECEIVER_INCOMING_ACTIVITY,-131,1
UPI2510059NUB2U,CDR202600014109,SENDER_OUTGOING_ACTIVITY,-304,1
IMPS251021QSVYT8,CDR202600014129,DIRECT,-567,1
ATM251205LXVTG2,CDR202600014144,DIRECT,-9,1
TXN2503217J1XQA,CDR202600014162,REVERSE,-631,1
TXN2501307DTJXJ,CDR202600014173,REVERSE,32,1
ATM250213BTZWVW,CDR202600014186,DIRECT,711,1
UPI250327RK9TYN,CDR202600014196,DIRECT,-1352,1
ATM250628P55VR4,CDR202600014211,DIRECT,-1797,1
ATM250628QDXCC1,CDR202600014215,SENDER_OUTGOING_ACTIVITY,-45,1
TXN250903SMWTNZ,CDR202600014217,DIRECT,409,1
UPI2503104XXP7U,CDR202600014242,SENDER_OUTGOING_ACTIVITY,14,1
ATM250714NFCMOW,CDR202600014247,REVERSE,-168,1
UPI250615V46BY2,CDR202600014263,DIRECT,981,1
ATM250401LRCZN4,CDR202600014268,SENDER_OUTGOING_ACTIVITY,-109,1
TXN250930RXPN51,CDR202600014278,DIRECT,126,1
TXN250213M68V1X,CDR202600014291,RECEIVER_OUTGOING_ACTIVITY,1160,1
TXN250326GQ3G67,CDR202600014320,RECEIVER_INCOMING_ACTIVITY,91,1
ATM250914GB2M7A,CDR202600014340,DIRECT,-359,1
TXN250603XJORFB,CDR202600014341,SENDER_INCOMING_ACTIVITY,228,1
UPI2506275VMR0U,CDR202600014345,RECEIVER_INCOMING_ACTIVITY,-1106,1
ATM2509011GMWJ5,CDR202600014354,DIRECT,275,1
UPI25102501QU9Q,CDR202600014369,SENDER_INCOMING_ACTIVITY,-1479,1
ATM2505032MKAQ6,CDR202600014392,SENDER_OUTGOING_ACTIVITY,-224,1
UPI2511256YLPCN,CDR202600014395,DIRECT,-144,1
ATM250227FU2IPY,CDR202600014402,RECEIVER_OUTGOING_ACTIVITY,-572,1
TXN2506076IIS8L,CDR202600014442,REVERSE,76,1
ATM2501136CO55A,CDR202600014446,SENDER_INCOMING_ACTIVITY,-182,1
UPI251214CW63SS,CDR202600014496,SENDER_INCOMING_ACTIVITY,-839,1
TXN251013LPVDQT,CDR202600014506,SENDER_INCOMING_ACTIVITY,-1614,1
IMPS2509225YBRZ8,CDR202600014511,RECEIVER_INCOMING_ACTIVITY,-590,1
ATM251026IV3AQ5,CDR202600014514,SENDER_INCOMING_ACTIVITY,457,1
ATM250707RXRX9N,CDR202600014519,SENDER_OUTGOING_ACTIVITY,42,1
UPI2510050NPNJC,CDR202600014547,DIRECT,30,1
TXN2506190MD76R,CDR202600014605,DIRECT,490,1
ATM251012ARXPO0,CDR202600014617,SENDER_OUTGOING_ACTIVITY,26,1
ATM250425SIM5SM,CDR202600014621,RECEIVER_INCOMING_ACTIVITY,208,1
TXN250815UHSYN0,CDR202600014627,SENDER_INCOMING_ACTIVITY,30,1
UPI251002ISJVZ9,CDR202600014644,DIRECT,-1159,1
ATM2509196H8ISI,CDR202600014646,DIRECT,32,1
ATM251023FT2F2U,CDR202600014656,DIRECT,-686,1
UPI250625VBNDYG,CDR202600014666,DIRECT,-1585,1
UPI25040408QTTQ,CDR202600014700,RECEIVER_OUTGOING_ACTIVITY,-11,1
TXN250426RLV1BI,CDR202600014701,SENDER_OUTGOING_ACTIVITY,-318,1
ATM2505077ZAGXV,CDR202600014703,DIRECT,-8,1
ATM250823IOVN8R,CDR202600014717,SENDER_OUTGOING_ACTIVITY,49,1
ATM251024AHJW00,CDR202600014730,DIRECT,-50,1
UPI2503124I26VP,CDR202600014741,REVERSE,28,1
UPI250716SE0AVB,CDR202600014745,RECEIVER_INCOMING_ACTIVITY,-15,1
UPI250910Q69XET,CDR202600014750,SENDER_OUTGOING_ACTIVITY,-84,1
ATM250806T27M84,CDR202600014761,RECEIVER_INCOMING_ACTIVITY,371,1
ATM250208NOTFPF,CDR202600014767,DIRECT,57,1
ATM251003K4L7YU,CDR202600014779,DIRECT,-787,1
TXN250819JX9XK7,CDR202600014788,DIRECT,26,1
IMPS2505044RCKFM,CDR202600014797,DIRECT,-291,1
TXN250524C0LXY7,CDR202600014811,RECEIVER_INCOMING_ACTIVITY,-111,1
IMPS250317X8ZR5Y,CDR202600014812,REVERSE,-126,1
ATM250829QFDLFU,CDR202600014861,SENDER_OUTGOING_ACTIVITY,-124,1
IMPS2510218R3JJ7,CDR202600014926,SENDER_OUTGOING_ACTIVITY,-72,1
UPI250218Q4ZGSS,CDR202600014929,RECEIVER_INCOMING_ACTIVITY,393,1
IMPS2510244ADGFR,CDR202600014943,SENDER_INCOMING_ACTIVITY,-44,1
TXN250102V1MZB3,CDR202600014949,RECEIVER_OUTGOING_ACTIVITY,-306,1
UPI250930KKSXOU,CDR202600014981,SENDER_OUTGOING_ACTIVITY,-40,1
UPI251004O2BOGD,CDR202600014998,DIRECT,-71,1
ATM250726B402IE,CDR202600015009,REVERSE,-272,1
ATM250427GR17BH,CDR202600015019,SENDER_OUTGOING_ACTIVITY,-107,1
UPI2508214ML59F,CDR202600015025,DIRECT,-9,1
UPI250919T8294K,CDR202600015032,DIRECT,40,1
IMPS2512230NMT7R,CDR202600015038,RECEIVER_INCOMING_ACTIVITY,-298,1
UPI251116G9B58X,CDR202600015039,SENDER_INCOMING_ACTIVITY,-674,1
TXN250118I4OUI7,CDR202600015040,DIRECT,-365,1
UPI251006UL5GI7,CDR202600015052,DIRECT,567,1
UPI250801L250M9,CDR202600015070,SENDER_OUTGOING_ACTIVITY,56,1
TXN250114ICZKK0,CDR202600015074,DIRECT,244,1
TXN251115V41RPB,CDR202600015101,SENDER_OUTGOING_ACTIVITY,31,1
UPI250422JUHOYV,CDR202600015110,DIRECT,-14,1
UPI250703EOP6AR,CDR202600015140,SENDER_INCOMING_ACTIVITY,891,1
TXN251029967GHK,CDR202600015165,RECEIVER_INCOMING_ACTIVITY,837,1
TXN251006AEEWKE,CDR202600015172,DIRECT,216,1
TXN250922GOH85Y,CDR202600015191,SENDER_OUTGOING_ACTIVITY,144,1
UPI250815QG47KR,CDR202600015199,RECEIVER_INCOMING_ACTIVITY,-43,1
UPI2506059CGC14,CDR202600015204,DIRECT,-497,1
TXN251112JAX468,CDR202600015205,SENDER_INCOMING_ACTIVITY,-179,1
UPI2506290ODK0Y,CDR202600015220,RECEIVER_OUTGOING_ACTIVITY,-872,1
ATM250629JKL9DX,CDR202600015227,REVERSE,-19,1
UPI250830LZ240W,CDR202600015230,DIRECT,249,1
TXN251026Z5AY7N,CDR202600015273,REVERSE,230,1
IMPS250224UEFR85,CDR202600015288,RECEIVER_INCOMING_ACTIVITY,180,1
ATM250723C4NGXD,CDR202600015293,SENDER_OUTGOING_ACTIVITY,-23,1
TXN2504184QY8I4,CDR202600015299,REVERSE,356,1
ATM250715XF1F15,CDR202600015307,RECEIVER_OUTGOING_ACTIVITY,55,1
ATM2504272OO52E,CDR202600015327,SENDER_OUTGOING_ACTIVITY,-456,1
TXN2502161HIZ1M,CDR202600015344,RECEIVER_INCOMING_ACTIVITY,280,1
ATM250307D10ZZ3,CDR202600015346,SENDER_OUTGOING_ACTIVITY,-1500,1
ATM251213WJYGJQ,CDR202600015348,DIRECT,-1228,1
UPI2508249E1CL6,CDR202600015358,DIRECT,-17,1
UPI250120260HBW,CDR202600015363,REVERSE,-231,1
TXN250506CBJQJS,CDR202600015369,REVERSE,354,1
ATM251117PIEVF3,CDR202600015373,REVERSE,-84,1
IMPS250404S3F780,CDR202600015377,SENDER_OUTGOING_ACTIVITY,-261,1
ATM251028CWCFAJ,CDR202600015453,REVERSE,-22,1
TXN2506132F8FZF,CDR202600015457,RECEIVER_OUTGOING_ACTIVITY,402,1
UPI250609O1XD6H,CDR202600015464,SENDER_INCOMING_ACTIVITY,157,1
TXN2512246OKSJK,CDR202600015470,RECEIVER_OUTGOING_ACTIVITY,56,1
UPI251119WJGPMI,CDR202600015472,DIRECT,-441,1
TXN250318YVIDW3,CDR202600015476,REVERSE,4,1
ATM251016FWAOI9,CDR202600015477,REVERSE,33,1
UPI25032354AA7M,CDR202600015481,DIRECT,-506,1
TXN2502034X6M8J,CDR202600015493,DIRECT,629,1
ATM251129APIE2X,CDR202600015500,DIRECT,-252,1
UPI250606AOWG36,CDR202600015502,SENDER_INCOMING_ACTIVITY,-44,1
TXN2504274A0R1G,CDR202600015574,RECEIVER_INCOMING_ACTIVITY,-642,1
TXN2504213ASD2O,CDR202600015578,DIRECT,-274,1
TXN250601CTO0J7,CDR202600015590,SENDER_OUTGOING_ACTIVITY,-34,1
UPI250122YR2DLG,CDR202600015601,DIRECT,-845,1
ATM250301BQ7PSM,CDR202600015642,REVERSE,-662,1
UPI2504078WMWS2,CDR202600015653,DIRECT,-229,1
TXN25112995Q4Z9,CDR202600015666,RECEIVER_OUTGOING_ACTIVITY,336,1
ATM250220D63W1F,CDR202600015679,SENDER_INCOMING_ACTIVITY,-54,1
ATM250605STWC74,CDR202600015690,REVERSE,-431,1
UPI251213AEU4A4,CDR202600015693,RECEIVER_OUTGOING_ACTIVITY,-183,1
ATM250407HCNMS3,CDR202600015711,RECEIVER_INCOMING_ACTIVITY,-2,1
IMPS251209N9O4BU,CDR202600015723,RECEIVER_OUTGOING_ACTIVITY,9,1
TXN250509PZVWEW,CDR202600015729,DIRECT,848,1
TXN2501240LSN6M,CDR202600015756,DIRECT,-69,1
TXN25022544WPAH,CDR202600015783,SENDER_INCOMING_ACTIVITY,-194,1
ATM250117TGNGWR,CDR202600015803,SENDER_OUTGOING_ACTIVITY,792,1
TXN250719XGYLSO,CDR202600015804,REVERSE,96,1
UPI250912JDCYSZ,CDR202600015809,SENDER_INCOMING_ACTIVITY,8,1
UPI2505103DTT13,CDR202600015823,SENDER_INCOMING_ACTIVITY,-17,1
ATM250426LY7E1O,CDR202600015837,DIRECT,-873,1
ATM251116GWF76Z,CDR202600015849,RECEIVER_INCOMING_ACTIVITY,-968,1
TXN2512176QPRQQ,CDR202600015854,DIRECT,128,1
UPI251122CZT7DP,CDR202600015855,SENDER_INCOMING_ACTIVITY,159,1
ATM251024ISRPF0,CDR202600015869,DIRECT,26,1
UPI250228AGMPI4,CDR202600015887,DIRECT,-213,1
IMPS250406JWYCCD,CDR202600015921,DIRECT,-1402,1
IMPS251205N0N934,CDR202600015950,SENDER_OUTGOING_ACTIVITY,-428,1
TXN251111JGFGZ0,CDR202600015953,SENDER_INCOMING_ACTIVITY,423,1
TXN251014LOIX2Q,CDR202600015967,SENDER_INCOMING_ACTIVITY,435,1
TXN250531KEQGK1,CDR202600015973,SENDER_INCOMING_ACTIVITY,1701,1
TXN250709XFDVS6,CDR202600015980,REVERSE,109,1
ATM250417H2CVP9,CDR202600015982,RECEIVER_OUTGOING_ACTIVITY,995,1
TXN250630FXLJZU,CDR202600015985,DIRECT,8,1
UPI25082851T5T0,CDR202600016000,RECEIVER_OUTGOING_ACTIVITY,-189,1
UPI250423DMEY5T,CDR202600016009,DIRECT,-45,1
ATM2503062Y03O9,CDR202600016044,RECEIVER_OUTGOING_ACTIVITY,962,1
TXN2510304L9J2W,CDR202600016052,SENDER_INCOMING_ACTIVITY,427,1
UPI250906P7E9PS,CDR202600016068,REVERSE,-630,1
UPI250901RZE53P,CDR202600016090,SENDER_INCOMING_ACTIVITY,-213,1
ATM2507054460N3,CDR202600016113,DIRECT,-1006,1
UPI2505300ZLRSL,CDR202600016120,RECEIVER_INCOMING_ACTIVITY,-24,1
TXN250923PBUF6T,CDR202600016161,RECEIVER_INCOMING_ACTIVITY,-4,1
UPI251228MKCJYG,CDR202600016165,SENDER_INCOMING_ACTIVITY,-707,1
UPI250712WXI8VM,CDR202600016186,RECEIVER_INCOMING_ACTIVITY,80,1
TXN25111993WA4C,CDR202600016188,DIRECT,296,1
ATM250208RP8JQS,CDR202600016201,SENDER_OUTGOING_ACTIVITY,49,1
ATM250608SK21PU,CDR202600016204,RECEIVER_OUTGOING_ACTIVITY,707,1
ATM251208IIODG9,CDR202600016268,DIRECT,60,1
TXN250119IQ487A,CDR202600016329,RECEIVER_INCOMING_ACTIVITY,68,1
ATM250806CXLSAC,CDR202600016330,SENDER_INCOMING_ACTIVITY,-321,1
UPI251230MAXZPB,CDR202600016338,DIRECT,179,1
TXN2506217QOT6Y,CDR202600016401,SENDER_OUTGOING_ACTIVITY,672,1
UPI250319GYW51W,CDR202600016415,REVERSE,-1,1
TXN251110QO3ZWD,CDR202600016418,SENDER_OUTGOING_ACTIVITY,-271,1
ATM251019LMX0TL,CDR202600016420,DIRECT,41,1
IMPS250420CNT4OB,CDR202600016421,SENDER_INCOMING_ACTIVITY,-66,1
ATM250613SHWI28,CDR202600016428,DIRECT,-1470,1
IMPS25122939WUNJ,CDR202600016443,RECEIVER_OUTGOING_ACTIVITY,-1736,1
IMPS251121WGHM4V,CDR202600016455,RECEIVER_OUTGOING_ACTIVITY,191,1
UPI250813TCE9TC,CDR202600016457,RECEIVER_OUTGOING_ACTIVITY,-898,1
ATM250606GQIWYR,CDR202600016466,DIRECT,-276,1
TXN251113ICUH5P,CDR202600016471,SENDER_INCOMING_ACTIVITY,1579,1
ATM250815VS2EPT,CDR202600016484,DIRECT,-598,1
UPI250820O3J0GH,CDR202600016485,REVERSE,-312,1
TXN250331IYFX4Q,CDR202600016490,REVERSE,968,1
TXN250626G9GBDJ,CDR202600016508,SENDER_INCOMING_ACTIVITY,39,1
ATM251102CRAIZ0,CDR202600016514,RECEIVER_OUTGOING_ACTIVITY,43,1
TXN2502076NPMFP,CDR202600016516,RECEIVER_OUTGOING_ACTIVITY,-288,1
IMPS250902XNEOFY,CDR202600016539,SENDER_OUTGOING_ACTIVITY,-1427,1
ATM25080759GJMH,CDR202600016540,REVERSE,-164,1
UPI251123O6MPN4,CDR202600016562,SENDER_INCOMING_ACTIVITY,820,1
ATM25122462JNND,CDR202600016564,DIRECT,-52,1
UPI250717KQ0BYA,CDR202600016569,DIRECT,813,1
UPI250106Q3CYFW,CDR202600016571,DIRECT,-916,1
ATM2506217LSH1A,CDR202600016589,SENDER_OUTGOING_ACTIVITY,-24,1
ATM250619MIDQ1F,CDR202600016645,DIRECT,-268,1
UPI250310PA61V7,CDR202600016648,RECEIVER_OUTGOING_ACTIVITY,514,1
TXN251208IHQA9N,CDR202600016654,DIRECT,-265,1
UPI251029Y73W56,CDR202600016682,DIRECT,-358,1
UPI250326IQ4RON,CDR202600016708,SENDER_INCOMING_ACTIVITY,236,1
UPI250729H8BM1E,CDR202600016724,SENDER_OUTGOING_ACTIVITY,895,1
TXN2505292J835V,CDR202600016737,DIRECT,52,1
TXN2509291FJOZL,CDR202600016739,SENDER_INCOMING_ACTIVITY,1229,1
TXN250225EMFNF6,CDR202600016741,REVERSE,86,1
UPI251227J3HZ1P,CDR202600016748,SENDER_OUTGOING_ACTIVITY,-604,1
ATM250609BIE50P,CDR202600016755,DIRECT,-20,1
TXN251014O1IXY5,CDR202600016763,SENDER_OUTGOING_ACTIVITY,156,1
UPI250831Q8SLI8,CDR202600016764,DIRECT,-45,1
UPI251113KLX20R,CDR202600016774,REVERSE,-162,1
ATM250721UE534W,CDR202600016788,SENDER_INCOMING_ACTIVITY,24,1
ATM250821S7RHHM,CDR202600016828,SENDER_INCOMING_ACTIVITY,426,1
TXN250725UE78IS,CDR202600016847,SENDER_OUTGOING_ACTIVITY,-243,1
UPI250125FANN2T,CDR202600016852,REVERSE,-156,1
UPI2509183YMNF2,CDR202600016885,REVERSE,-42,1
TXN2504186YSJDM,CDR202600016888,DIRECT,1189,1
ATM250902GS03AF,CDR202600016896,SENDER_INCOMING_ACTIVITY,13,1
ATM250613OVS2ZL,CDR202600016922,RECEIVER_INCOMING_ACTIVITY,-9,1
ATM2505240RIYSA,CDR202600016926,REVERSE,1552,1
ATM250711RSBP2B,CDR202600016930,SENDER_OUTGOING_ACTIVITY,82,1
ATM250716B8GAQG,CDR202600016936,DIRECT,-2,1
ATM250914RWBBNB,CDR202600016958,SENDER_INCOMING_ACTIVITY,-230,1
UPI250130I7B5RL,CDR202600016962,DIRECT,-105,1
ATM250212U4S2I0,CDR202600016968,RECEIVER_OUTGOING_ACTIVITY,-1561,1
ATM251011L5SEMV,CDR202600016975,RECEIVER_INCOMING_ACTIVITY,148,1
IMPS250616XQUXG5,CDR202600016983,DIRECT,146,1
ATM250813JE1T19,CDR202600016985,DIRECT,-30,1
TXN250723UM4TC7,CDR202600017044,DIRECT,103,1
TXN250625K7V1NK,CDR202600017061,RECEIVER_OUTGOING_ACTIVITY,-262,1
IMPS251001HWBAB2,CDR202600017077,DIRECT,-1589,1
ATM25122908D1HE,CDR202600017083,REVERSE,837,1
UPI250628Y5B3TE,CDR202600017104,REVERSE,-229,1
ATM251015E1WOOY,CDR202600017115,DIRECT,-5,1
UPI250112NCAD4Z,CDR202600017124,RECEIVER_OUTGOING_ACTIVITY,-1440,1
TXN250605UP44XC,CDR202600017125,DIRECT,37,1
TXN250223YGXDHX,CDR202600017136,RECEIVER_OUTGOING_ACTIVITY,870,1
TXN250413L7RY9R,CDR202600017140,DIRECT,-197,1
UPI250410PJVONJ,CDR202600017188,RECEIVER_OUTGOING_ACTIVITY,565,1
TXN25122576KJU5,CDR202600017195,SENDER_OUTGOING_ACTIVITY,-646,1
TXN250322MVS27X,CDR202600017207,RECEIVER_INCOMING_ACTIVITY,131,1
ATM250113SP10Y6,CDR202600017222,DIRECT,235,1
TXN250210582YEK,CDR202600017244,DIRECT,54,1
ATM25060434UKSB,CDR202600017277,RECEIVER_INCOMING_ACTIVITY,26,1
TXN251106KK6GK2,CDR202600017308,RECEIVER_INCOMING_ACTIVITY,288,1
UPI250815ZUDZV4,CDR202600017326,SENDER_INCOMING_ACTIVITY,18,1
UPI250406DJH387,CDR202600017346,SENDER_OUTGOING_ACTIVITY,-400,1
ATM250526BA4C80,CDR202600017352,DIRECT,169,1
UPI250509IDRWYI,CDR202600017389,RECEIVER_OUTGOING_ACTIVITY,-23,1
ATM250101Q85JSG,CDR202600017407,DIRECT,-9,1
UPI250326THYGI1,CDR202600017427,REVERSE,1580,1
UPI250224984C8M,CDR202600017431,SENDER_OUTGOING_ACTIVITY,17,1
TXN250326LN5A9A,CDR202600017496,SENDER_INCOMING_ACTIVITY,-834,1
UPI251001AEBLU1,CDR202600017512,RECEIVER_OUTGOING_ACTIVITY,109,1
IMPS251112FXTJLC,CDR202600017515,SENDER_INCOMING_ACTIVITY,-3,1
ATM2506304LLFHH,CDR202600017528,RECEIVER_OUTGOING_ACTIVITY,-14,1
IMPS2508227DKI6U,CDR202600017529,RECEIVER_OUTGOING_ACTIVITY,520,1
UPI251001UNFJH3,CDR202600017541,RECEIVER_OUTGOING_ACTIVITY,183,1
IMPS2504121CUI32,CDR202600017557,DIRECT,28,1
ATM250524F84S2A,CDR202600017558,SENDER_OUTGOING_ACTIVITY,41,1
TXN250328H0FMG6,CDR202600017564,SENDER_OUTGOING_ACTIVITY,-275,1
UPI2511073XP2S8,CDR202600017572,SENDER_INCOMING_ACTIVITY,-44,1
TXN250312RM77TJ,CDR202600017575,SENDER_OUTGOING_ACTIVITY,-134,1
TXN250823VTZJ4P,CDR202600017586,SENDER_INCOMING_ACTIVITY,28,1
ATM25102398MUD7,CDR202600017590,SENDER_INCOMING_ACTIVITY,-59,1
UPI2502234J7YQ1,CDR202600017591,DIRECT,-512,1
UPI250607L29OTT,CDR202600017604,DIRECT,-149,1
ATM25052230M9TD,CDR202600017614,DIRECT,410,1
ATM250518W9ZMAP,CDR202600017641,DIRECT,26,1
UPI251202CXW0VU,CDR202600017671,RECEIVER_INCOMING_ACTIVITY,-676,1
UPI250414FB308S,CDR202600017672,REVERSE,-836,1
ATM250309NM0IMU,CDR202600017674,DIRECT,2,1
UPI2509264IV6SZ,CDR202600017686,RECEIVER_INCOMING_ACTIVITY,736,1
ATM25060651ZXIM,CDR202600017688,DIRECT,45,1
ATM25062621EOIT,CDR202600017699,REVERSE,-59,1
UPI250820XCAKT0,CDR202600017714,RECEIVER_INCOMING_ACTIVITY,582,1
UPI251221V6D088,CDR202600017734,DIRECT,-161,1
ATM2504156L2LI2,CDR202600017754,SENDER_OUTGOING_ACTIVITY,383,1
ATM251227ACOF3H,CDR202600017755,DIRECT,447,1
TXN250203LBS9NA,CDR202600017768,DIRECT,24,1
TXN250729BGOK53,CDR202600017779,RECEIVER_OUTGOING_ACTIVITY,55,1
TXN250205OFSRL7,CDR202600017790,SENDER_OUTGOING_ACTIVITY,-1463,1
ATM250928DLYVVW,CDR202600017798,DIRECT,1570,1
UPI250224XLQNSN,CDR202600017806,DIRECT,-194,1
TXN250522ATFX1Q,CDR202600017825,DIRECT,645,1
UPI251002HHGZYE,CDR202600017832,RECEIVER_INCOMING_ACTIVITY,-36,1
UPI25041477HCCR,CDR202600017835,RECEIVER_INCOMING_ACTIVITY,180,1
TXN250324OJ0PTB,CDR202600017847,SENDER_OUTGOING_ACTIVITY,10,1
UPI2502071D5TQY,CDR202600017851,RECEIVER_INCOMING_ACTIVITY,-229,1
UPI250929MLXH5R,CDR202600017864,SENDER_OUTGOING_ACTIVITY,-241,1
UPI250817MG5W4J,CDR202600017867,DIRECT,245,1
IMPS250410WJNW40,CDR202600017869,DIRECT,176,1
TXN250806VFGIWN,CDR202600017873,DIRECT,170,1
TXN250111EU3QAH,CDR202600017878,SENDER_OUTGOING_ACTIVITY,471,1
ATM250105AZHXDO,CDR202600017881,DIRECT,1501,1
UPI2501172C9J2S,CDR202600017884,DIRECT,-151,1
ATM250819HG2IU7,CDR202600017889,DIRECT,-1,1
ATM251127IJDDIX,CDR202600017909,DIRECT,-60,1
UPI250814AA4JLI,CDR202600017915,DIRECT,196,1
IMPS251104SN1RQ4,CDR202600017920,SENDER_INCOMING_ACTIVITY,-290,1
ATM251210GR2D6W,CDR202600017928,DIRECT,-2,1
ATM251019RMMD4P,CDR202600017932,RECEIVER_INCOMING_ACTIVITY,-163,1
UPI251202Q6X4DT,CDR202600017934,DIRECT,537,1
ATM251018M3BBT3,CDR202600017948,REVERSE,486,1
ATM250708TSTPC3,CDR202600018000,SENDER_OUTGOING_ACTIVITY,707,1
ATM2504134BXG63,CDR202600018004,RECEIVER_INCOMING_ACTIVITY,1322,1
UPI2508206O545K,CDR202600018045,SENDER_INCOMING_ACTIVITY,-533,1
ATM2510126CGDKD,CDR202600018047,DIRECT,-523,1
ATM250715AJE82Z,CDR202600018075,RECEIVER_OUTGOING_ACTIVITY,8,1
UPI250828TAP7TB,CDR202600018096,SENDER_OUTGOING_ACTIVITY,-170,1
UPI25042289A1ET,CDR202600018099,DIRECT,27,1
ATM250915DKO99N,CDR202600018152,RECEIVER_INCOMING_ACTIVITY,185,1
UPI250329GUIGAX,CDR202600018197,DIRECT,36,1
IMPS250113G97P4B,CDR202600018219,DIRECT,-247,1
ATM250814DC15O7,CDR202600018231,REVERSE,22,1
ATM2510168XG6WG,CDR202600018239,DIRECT,-13,1
UPI2504215HHHWH,CDR202600018267,RECEIVER_INCOMING_ACTIVITY,-517,1
ATM251222ICOSB7,CDR202600018269,SENDER_OUTGOING_ACTIVITY,-734,1
TXN250626URBPZ9,CDR202600018271,SENDER_OUTGOING_ACTIVITY,710,1
UPI250304G7L71C,CDR202600018293,SENDER_INCOMING_ACTIVITY,51,1
TXN250518HP1GKI,CDR202600018294,REVERSE,806,1
UPI250719KRKNZB,CDR202600018297,SENDER_INCOMING_ACTIVITY,-259,1
UPI250421SON4SI,CDR202600018306,DIRECT,40,1
ATM2502148PEN4C,CDR202600018308,RECEIVER_OUTGOING_ACTIVITY,233,1
ATM2509089S2D5K,CDR202600018312,DIRECT,265,1
UPI250326KF5PLZ,CDR202600018313,SENDER_INCOMING_ACTIVITY,-577,1
IMPS250126JNCGBE,CDR202600018325,RECEIVER_INCOMING_ACTIVITY,-468,1
ATM2501066F7761,CDR202600018380,RECEIVER_INCOMING_ACTIVITY,44,1
UPI2504030OEB0U,CDR202600018385,REVERSE,-181,1
ATM250212X82USQ,CDR202600018387,DIRECT,271,1
TXN2505315F5KJX,CDR202600018388,DIRECT,-250,1
ATM250725R4HHWP,CDR202600018399,REVERSE,546,1
TXN250824G46W6W,CDR202600018400,DIRECT,405,1
ATM2501092073O9,CDR202600018438,RECEIVER_OUTGOING_ACTIVITY,-31,1
UPI251024XN796I,CDR202600018439,RECEIVER_INCOMING_ACTIVITY,1210,1
UPI251010SLV51O,CDR202600018446,SENDER_INCOMING_ACTIVITY,266,1
TXN2511281VGTG1,CDR202600018466,REVERSE,81,1
TXN250305D52VB7,CDR202600018476,SENDER_INCOMING_ACTIVITY,1395,1
TXN25032225Y7J0,CDR202600018498,RECEIVER_OUTGOING_ACTIVITY,1231,1
ATM250215YBW722,CDR202600018507,SENDER_INCOMING_ACTIVITY,1374,1
UPI250429ZFXS2C,CDR202600018528,REVERSE,-118,1
ATM250909L92JAN,CDR202600018529,REVERSE,99,1
UPI250823L8BWW4,CDR202600018539,DIRECT,-37,1
ATM2505158SE3V3,CDR202600018550,DIRECT,2,1
ATM251127SAZK39,CDR202600018593,SENDER_INCOMING_ACTIVITY,-1054,1
ATM250215Z2CO9Y,CDR202600018638,REVERSE,1568,1
UPI250925CKJUCR,CDR202600018640,RECEIVER_OUTGOING_ACTIVITY,54,1
ATM250630P61VUJ,CDR202600018648,DIRECT,1010,1
ATM251108HT3RFC,CDR202600018651,SENDER_INCOMING_ACTIVITY,127,1
TXN250114XPCZ07,CDR202600018661,DIRECT,-1198,1
ATM250128UB87WX,CDR202600018672,DIRECT,-272,1
UPI250103Z4UR2Y,CDR202600018685,DIRECT,-511,1
UPI2501170P7T5M,CDR202600018694,REVERSE,200,1
UPI250529W96VI1,CDR202600018695,SENDER_OUTGOING_ACTIVITY,-622,1
ATM250716LZT5P3,CDR202600018717,DIRECT,-244,1
ATM250929GMD3HO,CDR202600018719,SENDER_INCOMING_ACTIVITY,-156,1
TXN251226WDBSFY,CDR202600018731,DIRECT,-214,1
ATM251024Q60NU4,CDR202600018734,RECEIVER_OUTGOING_ACTIVITY,-625,1
UPI2511229ISQTT,CDR202600018756,DIRECT,197,1
IMPS250212PPV55J,CDR202600018795,RECEIVER_INCOMING_ACTIVITY,-60,1
UPI250905VAVKOI,CDR202600018817,DIRECT,757,1
ATM251021G82UZO,CDR202600018851,RECEIVER_INCOMING_ACTIVITY,-11,1
UPI250305XSWQGI,CDR202600018852,SENDER_INCOMING_ACTIVITY,-413,1
ATM250727O5EB4P,CDR202600018872,RECEIVER_OUTGOING_ACTIVITY,-152,1
TXN250315GIPDI1,CDR202600018883,REVERSE,1527,1
TXN25110776XIB3,CDR202600018887,DIRECT,566,1
ATM251006CT0OUD,CDR202600018888,SENDER_INCOMING_ACTIVITY,747,1
UPI2501089NUFHN,CDR202600018942,SENDER_INCOMING_ACTIVITY,143,1
UPI251015IAAVQ1,CDR202600018958,DIRECT,-1704,1
IMPS251222DY9KKD,CDR202600018972,SENDER_INCOMING_ACTIVITY,-45,1
ATM2508248TZPPW,CDR202600018981,DIRECT,43,1
ATM250209X4LCRJ,CDR202600019001,DIRECT,733,1
IMPS251201G5DAE7,CDR202600019022,SENDER_INCOMING_ACTIVITY,-1166,1
UPI250918X27QA6,CDR202600019028,SENDER_INCOMING_ACTIVITY,394,1
IMPS251123HVQZ9X,CDR202600019062,SENDER_OUTGOING_ACTIVITY,47,1
UPI251101KOD7K1,CDR202600019066,SENDER_INCOMING_ACTIVITY,-196,1
ATM250613J1465H,CDR202600019089,SENDER_INCOMING_ACTIVITY,96,1
UPI250111ZMZUQ8,CDR202600019090,DIRECT,-689,1
IMPS251225WPWJG6,CDR202600019101,DIRECT,-123,1
UPI250530X5B1DV,CDR202600019110,RECEIVER_OUTGOING_ACTIVITY,168,1
UPI250321NP2EA5,CDR202600019112,DIRECT,846,1
TXN2501111F997E,CDR202600019119,RECEIVER_INCOMING_ACTIVITY,-75,1
ATM2506065KAZUR,CDR202600019121,SENDER_INCOMING_ACTIVITY,125,1
TXN250126C2HYS0,CDR202600019152,DIRECT,275,1
UPI2505084JJAPY,CDR202600019167,RECEIVER_OUTGOING_ACTIVITY,10,1
ATM250303AIK5ZH,CDR202600019192,DIRECT,51,1
ATM251029J8GVGR,CDR202600019199,DIRECT,34,1
ATM251205T7G8Y5,CDR202600019210,RECEIVER_INCOMING_ACTIVITY,-214,1
UPI251217WRZ17E,CDR202600019228,REVERSE,-561,1
UPI25092109L8ME,CDR202600019229,DIRECT,-723,1
UPI2504237KRG46,CDR202600019232,DIRECT,1438,1
IMPS250602O8KX87,CDR202600019233,SENDER_OUTGOING_ACTIVITY,273,1
UPI251005CTIRVZ,CDR202600019244,DIRECT,-620,1
UPI2503085S4465,CDR202600019255,RECEIVER_INCOMING_ACTIVITY,-269,1
TXN250129ZGA3Q9,CDR202600019266,DIRECT,-785,1
ATM250717200VCQ,CDR202600019269,DIRECT,465,1
ATM250522E2Z3XL,CDR202600019275,DIRECT,-1,1
UPI250909PEWLXX,CDR202600019298,DIRECT,-105,1
UPI2507198XR1O4,CDR202600019308,SENDER_OUTGOING_ACTIVITY,41,1
ATM251203SYA5IT,CDR202600019327,SENDER_INCOMING_ACTIVITY,-80,1
ATM2512027YCNEO,CDR202600019349,DIRECT,37,1
UPI250601B1DVM4,CDR202600019358,DIRECT,-627,1
ATM251223L1ZFTQ,CDR202600019376,REVERSE,-66,1
UPI250127DX61FH,CDR202600019411,DIRECT,-939,1
UPI250319ZNIAN9,CDR202600019427,RECEIVER_OUTGOING_ACTIVITY,-26,1
UPI250124986TC5,CDR202600019441,DIRECT,48,1
TXN250325O0H27C,CDR202600019449,RECEIVER_OUTGOING_ACTIVITY,-54,1
UPI2507078A8I78,CDR202600019453,DIRECT,-195,1
TXN251016NJS7PX,CDR202600019474,DIRECT,-20,1
IMPS2508053PZWRD,CDR202600019477,REVERSE,161,1
TXN250829JAAUBE,CDR202600019482,DIRECT,334,1
ATM250927ZIUWNF,CDR202600019484,REVERSE,-13,1
TXN251124YTLDWD,CDR202600019485,DIRECT,591,1
UPI251222KIVPE1,CDR202600019514,SENDER_INCOMING_ACTIVITY,-316,1
UPI251012HFX7CJ,CDR202600019528,SENDER_OUTGOING_ACTIVITY,267,1
UPI250913QS2JZM,CDR202600019542,DIRECT,37,1
UPI25011372VFW1,CDR202600019546,SENDER_OUTGOING_ACTIVITY,70,1
UPI250408N1ZPLV,CDR202600019574,DIRECT,-15,1
UPI250322H94ZBY,CDR202600019632,RECEIVER_INCOMING_ACTIVITY,-59,1
UPI25122725QMRB,CDR202600019689,DIRECT,406,1
UPI250505Y1TAAH,CDR202600019694,RECEIVER_OUTGOING_ACTIVITY,-28,1
IMPS250315G7QRCE,CDR202600019700,SENDER_OUTGOING_ACTIVITY,57,1
UPI250718J6ZLPX,CDR202600019722,SENDER_INCOMING_ACTIVITY,-378,1
UPI250510H8E7RC,CDR202600019730,SENDER_OUTGOING_ACTIVITY,28,1
ATM250401T1X08F,CDR202600019734,RECEIVER_OUTGOING_ACTIVITY,-657,1
UPI250405XH7OXX,CDR202600019779,SENDER_OUTGOING_ACTIVITY,-5,1
UPI251008TK6SUI,CDR202600019781,SENDER_INCOMING_ACTIVITY,-195,1
UPI250323PHTYPF,CDR202600019787,SENDER_OUTGOING_ACTIVITY,-38,1
ATM250813E4C7UC,CDR202600019789,REVERSE,-3,1
ATM250525QM78G3,CDR202600019790,REVERSE,214,1
UPI250202MZI3C4,CDR202600019791,DIRECT,-402,1
TXN2509225RQLRT,CDR202600019815,REVERSE,1507,1
IMPS25052583OSJT,CDR202600019819,SENDER_INCOMING_ACTIVITY,115,1
ATM2509285GWOQH,CDR202600019822,DIRECT,-566,1
ATM251201TDFJMY,CDR202600019824,SENDER_OUTGOING_ACTIVITY,-640,1
TXN250117XCZG7V,CDR202600019829,RECEIVER_OUTGOING_ACTIVITY,18,1
TXN2508230ITCZU,CDR202600019854,RECEIVER_INCOMING_ACTIVITY,535,1
UPI2505191AJB45,CDR202600019867,RECEIVER_INCOMING_ACTIVITY,16,1
ATM251001K0F81Y,CDR202600019869,REVERSE,418,1
ATM250124CDKJAL,CDR202600019882,REVERSE,42,1
UPI2502155LDTBR,CDR202600019884,REVERSE,33,1
ATM250730OP6FL6,CDR202600019887,SENDER_INCOMING_ACTIVITY,38,1
ATM250127V2250S,CDR202600019893,RECEIVER_OUTGOING_ACTIVITY,162,1
UPI250810DUUNJS,CDR202600019911,DIRECT,1564,1
UPI250309J9XA7P,CDR202600019912,REVERSE,-294,1
ATM25060694J5W8,CDR202600019914,DIRECT,806,1
UPI251010XZ76JS,CDR202600019918,DIRECT,-605,1
TXN250805ZTEXGF,CDR202600019939,SENDER_OUTGOING_ACTIVITY,124,1
ATM250216X4CBRX,CDR202600019942,SENDER_OUTGOING_ACTIVITY,372,1
ATM250415DMAPH0,CDR202600019981,DIRECT,-1208,1
UPI2503317J8DGC,CDR202600019992,DIRECT,-249,1
UPI250909Y632WS,CDR202600019997,RECEIVER_OUTGOING_ACTIVITY,1135,1
TXN2506022NKO6X,CDR202600020018,SENDER_OUTGOING_ACTIVITY,-721,1
UPI2505076FOQ1G,CDR202600020019,REVERSE,-53,1
ATM2502224ICI5K,CDR202600020020,REVERSE,-541,1
UPI250323R7FR4K,CDR202600020058,DIRECT,-38,1
ATM250407776VR3,CDR202600020083,SENDER_INCOMING_ACTIVITY,-232,1
IMPS251014WJQISG,CDR202600020094,SENDER_INCOMING_ACTIVITY,769,1
ATM250330BO2JLG,CDR202600020101,SENDER_OUTGOING_ACTIVITY,130,1
ATM2510135G0HCB,CDR202600020108,SENDER_OUTGOING_ACTIVITY,6,1
UPI2509295CYTYN,CDR202600020117,DIRECT,-21,1
ATM250403WF4DUK,CDR202600020123,DIRECT,625,1
UPI250623N42YCG,CDR202600020124,REVERSE,-48,1
ATM2501059PVMTM,CDR202600020129,SENDER_INCOMING_ACTIVITY,253,1
UPI251212ZN6LEA,CDR202600020142,SENDER_OUTGOING_ACTIVITY,-212,1
TXN250807ATJIP3,CDR202600020156,DIRECT,295,1
UPI2503113MM23Q,CDR202600020160,SENDER_OUTGOING_ACTIVITY,270,1
ATM251117JRBVH7,CDR202600020184,SENDER_INCOMING_ACTIVITY,77,1
UPI251201GAX80H,CDR202600020193,RECEIVER_INCOMING_ACTIVITY,-280,1
ATM251023MGPE94,CDR202600020198,RECEIVER_OUTGOING_ACTIVITY,171,1
UPI2509110ME23X,CDR202600020210,RECEIVER_OUTGOING_ACTIVITY,1038,1
ATM250321Z25EOZ,CDR202600020229,DIRECT,562,1
IMPS250726P90DZ9,CDR202600020246,SENDER_INCOMING_ACTIVITY,428,1
TXN251227E5MW3N,CDR202600020267,SENDER_OUTGOING_ACTIVITY,-714,1
ATM250318YYV5BD,CDR202600020280,DIRECT,-203,1
TXN2503128JFMX2,CDR202600020302,DIRECT,-809,1
TXN2511176A76XO,CDR202600020330,DIRECT,-8,1
UPI250102N48UAC,CDR202600020332,DIRECT,-27,1
TXN250301W04CZ1,CDR202600020337,REVERSE,-188,1
ATM250216COKVB0,CDR202600020342,SENDER_OUTGOING_ACTIVITY,-103,1
ATM250227VF4TPU,CDR202600020372,RECEIVER_INCOMING_ACTIVITY,-666,1
IMPS2512284EZ3MA,CDR202600020378,RECEIVER_OUTGOING_ACTIVITY,11,1
IMPS251101QR1JTR,CDR202600020409,DIRECT,243,1
UPI250122OSVFBL,CDR202600020411,SENDER_INCOMING_ACTIVITY,1,1
TXN250804UNEDNN,CDR202600020417,SENDER_INCOMING_ACTIVITY,-27,1
ATM2511079513PD,CDR202600020427,DIRECT,-885,1
TXN250907680A5L,CDR202600020428,SENDER_OUTGOING_ACTIVITY,-712,1
ATM250917M0J8E8,CDR202600020455,DIRECT,47,1
ATM251014WUNP51,CDR202600020456,RECEIVER_INCOMING_ACTIVITY,26,1
UPI250814TY7636,CDR202600020472,DIRECT,-154,1
ATM250803HEUDAX,CDR202600020475,SENDER_INCOMING_ACTIVITY,-22,1
UPI251119KMYV8A,CDR202600020506,SENDER_OUTGOING_ACTIVITY,227,1
ATM2501172PRJ7Q,CDR202600020508,DIRECT,887,1
ATM2510287D3G9Y,CDR202600020509,REVERSE,203,1
UPI250123PTC378,CDR202600020510,DIRECT,197,1
ATM2505054ZQFVZ,CDR202600020524,SENDER_INCOMING_ACTIVITY,-361,1
ATM250718T9RMTL,CDR202600020543,SENDER_OUTGOING_ACTIVITY,341,1
IMPS2511076F6OAB,CDR202600020577,SENDER_INCOMING_ACTIVITY,44,1
ATM2510171IS47E,CDR202600020583,SENDER_INCOMING_ACTIVITY,113,1
IMPS2506201V5JDN,CDR202600020585,DIRECT,-149,1
UPI2511157SGY2O,CDR202600020602,SENDER_INCOMING_ACTIVITY,274,1
TXN250410P62MEH,CDR202600020612,SENDER_OUTGOING_ACTIVITY,56,1
UPI250726UEKO9V,CDR202600020621,SENDER_OUTGOING_ACTIVITY,-192,1
UPI2501030YEH8U,CDR202600020644,RECEIVER_OUTGOING_ACTIVITY,-590,1
ATM250609WDJZJI,CDR202600020659,REVERSE,-299,1
ATM251113OO6JOV,CDR202600020683,SENDER_OUTGOING_ACTIVITY,-373,1
IMPS251108U7F2V2,CDR202600020686,SENDER_OUTGOING_ACTIVITY,-1640,1
UPI25012106VWLQ,CDR202600020706,SENDER_INCOMING_ACTIVITY,-435,1
TXN2510284NXVIV,CDR202600020708,SENDER_OUTGOING_ACTIVITY,22,1
UPI251203TCYTWL,CDR202600020723,SENDER_INCOMING_ACTIVITY,53,1
ATM250515DH8DWG,CDR202600020737,DIRECT,504,1
IMPS250208F3F91Q,CDR202600020762,DIRECT,10,1
TXN250324A85KJJ,CDR202600020771,REVERSE,163,1
UPI2507120TNJE2,CDR202600020778,REVERSE,-149,1
TXN250123YA8GVA,CDR202600020799,RECEIVER_INCOMING_ACTIVITY,162,1
IMPS250703OAODV1,CDR202600020811,SENDER_INCOMING_ACTIVITY,155,1
UPI251115W0ELQR,CDR202600020818,SENDER_OUTGOING_ACTIVITY,46,1
UPI250524Y58LU7,CDR202600020832,SENDER_OUTGOING_ACTIVITY,-455,1
UPI251215PV6UIY,CDR202600020836,DIRECT,258,1
IMPS250220XOZCCL,CDR202600020841,DIRECT,-294,1
ATM250224AJRYDG,CDR202600020863,SENDER_OUTGOING_ACTIVITY,729,1
ATM251127HVSI7F,CDR202600020867,REVERSE,107,1
UPI250316NVKH52,CDR202600020889,SENDER_INCOMING_ACTIVITY,-1202,1
ATM2511271JC7ON,CDR202600020901,DIRECT,545,1
TXN251208WEY84A,CDR202600020921,SENDER_OUTGOING_ACTIVITY,-44,1
UPI250803FK5K4I,CDR202600020936,RECEIVER_INCOMING_ACTIVITY,741,1
ATM251218A66P2B,CDR202600020952,SENDER_OUTGOING_ACTIVITY,111,1
TXN250813D4P470,CDR202600020953,DIRECT,-19,1
UPI250614LB3SEG,CDR202600020961,RECEIVER_OUTGOING_ACTIVITY,-377,1
ATM2509092YVRG3,CDR202600020970,RECEIVER_INCOMING_ACTIVITY,-281,1
ATM250417F3BVZ7,CDR202600020980,SENDER_INCOMING_ACTIVITY,27,1
UPI25021674CEZE,CDR202600020983,SENDER_INCOMING_ACTIVITY,672,1
ATM2507298196LE,CDR202600020995,REVERSE,-9,1
ATM250918Y7RLJI,CDR202600021014,DIRECT,-224,1
ATM2504148B8QVL,CDR202600021022,SENDER_INCOMING_ACTIVITY,91,1
IMPS250805OF86IG,CDR202600021029,DIRECT,836,1
UPI250728UMZBJS,CDR202600021050,DIRECT,-3,1
UPI250216UAYIL7,CDR202600021051,DIRECT,12,1
IMPS251216LVPGET,CDR202600021052,RECEIVER_OUTGOING_ACTIVITY,2,1
TXN2506093UEK9D,CDR202600021073,RECEIVER_OUTGOING_ACTIVITY,300,1
UPI2505031HT767,CDR202600021081,RECEIVER_OUTGOING_ACTIVITY,233,1
UPI250827UBFG5J,CDR202600021097,RECEIVER_INCOMING_ACTIVITY,22,1
ATM250414KKT8N1,CDR202600021130,SENDER_OUTGOING_ACTIVITY,-390,1
ATM2509074S5IJ2,CDR202600021134,SENDER_OUTGOING_ACTIVITY,219,1
UPI250117NDSMR3,CDR202600021150,REVERSE,-19,1
IMPS250325M65UBB,CDR202600021155,DIRECT,51,1
UPI2507269GD7PQ,CDR202600021173,SENDER_INCOMING_ACTIVITY,-203,1
TXN250831WOVSIS,CDR202600021190,RECEIVER_INCOMING_ACTIVITY,-31,1
TXN250803QOAWH0,CDR202600021215,RECEIVER_OUTGOING_ACTIVITY,118,1
TXN251124R9M1M3,CDR202600021222,SENDER_INCOMING_ACTIVITY,825,1
TXN250110LTYHMP,CDR202600021225,RECEIVER_INCOMING_ACTIVITY,-60,1
TXN250314BN0HY5,CDR202600021231,SENDER_INCOMING_ACTIVITY,-238,1
ATM251127OFYC3K,CDR202600021241,REVERSE,-49,1
UPI250316IGCBF3,CDR202600021256,DIRECT,-79,1
TXN251214IHYVWM,CDR202600021258,DIRECT,186,1
UPI250504ZUQIK6,CDR202600021275,SENDER_OUTGOING_ACTIVITY,541,1
ATM2504041BI9EJ,CDR202600021283,DIRECT,527,1
TXN251108HZ5FQ2,CDR202600021292,DIRECT,102,1
TXN250416WJ5Z8O,CDR202600021324,REVERSE,-395,1
ATM2510138GOXKH,CDR202600021326,REVERSE,-713,1
ATM250320AATGUK,CDR202600021337,REVERSE,-58,1
UPI251116TZKZYE,CDR202600021343,SENDER_OUTGOING_ACTIVITY,-28,1
UPI2508119DCB93,CDR202600021366,SENDER_OUTGOING_ACTIVITY,-238,1
ATM250513RB4YSU,CDR202600021383,SENDER_OUTGOING_ACTIVITY,-87,1
UPI250805YW8XOC,CDR202600021386,DIRECT,-94,1
UPI2504035MFHTP,CDR202600021392,DIRECT,-1533,1
TXN251112QPXVQN,CDR202600021394,RECEIVER_OUTGOING_ACTIVITY,467,1
UPI251229WW7TU2,CDR202600021400,SENDER_OUTGOING_ACTIVITY,-300,1
TXN250203ZK2QSS,CDR202600021413,DIRECT,-231,1
UPI250309952PWU,CDR202600021415,REVERSE,-65,1
TXN250725489606,CDR202600021431,DIRECT,275,1
ATM251113WZURQO,CDR202600021438,DIRECT,1275,1
UPI250407WCY6FK,CDR202600021507,RECEIVER_OUTGOING_ACTIVITY,-899,1
ATM250520TAQ12W,CDR202600021513,SENDER_INCOMING_ACTIVITY,270,1
ATM250505RVWOTF,CDR202600021536,SENDER_INCOMING_ACTIVITY,-459,1
UPI2505307EQ8MO,CDR202600021544,RECEIVER_INCOMING_ACTIVITY,101,1
TXN250901DC02K4,CDR202600021582,RECEIVER_OUTGOING_ACTIVITY,47,1
ATM250325Y2L6HF,CDR202600021607,REVERSE,-29,1
UPI2507233QU6XM,CDR202600021620,DIRECT,486,1
IMPS250527EFE3U9,CDR202600021621,SENDER_INCOMING_ACTIVITY,-285,1
UPI251119BPACZ6,CDR202600021635,SENDER_INCOMING_ACTIVITY,-75,1
TXN251024TXMOXW,CDR202600021646,RECEIVER_INCOMING_ACTIVITY,78,1
UPI250127XYHEFU,CDR202600021682,REVERSE,-1169,1
ATM251102N43MDG,CDR202600021714,DIRECT,-1775,1
UPI250516PVPWQX,CDR202600021720,REVERSE,432,1
UPI250804YTWNVJ,CDR202600021742,REVERSE,241,1
UPI250227ZM6OKN,CDR202600021763,SENDER_OUTGOING_ACTIVITY,-195,1
UPI251125919BG6,CDR202600021789,REVERSE,-16,1
TXN2504145H6CUT,CDR202600021842,SENDER_OUTGOING_ACTIVITY,156,1
TXN250318ONNPDX,CDR202600021846,DIRECT,179,1
TXN250714W92ABH,CDR202600021848,DIRECT,238,1
UPI250721CFXRMX,CDR202600021854,DIRECT,-794,1
ATM25122729TCBA,CDR202600021855,RECEIVER_INCOMING_ACTIVITY,-294,1
ATM250224QIUO2D,CDR202600021866,SENDER_OUTGOING_ACTIVITY,49,1
UPI250627CFQVDO,CDR202600021875,SENDER_INCOMING_ACTIVITY,-5,1
ATM250319ZTO6FJ,CDR202600021879,SENDER_OUTGOING_ACTIVITY,822,1
TXN251226WWJPJK,CDR202600021882,RECEIVER_INCOMING_ACTIVITY,-157,1
IMPS251117FHSLMH,CDR202600021886,SENDER_OUTGOING_ACTIVITY,-292,1
ATM250111CE9F1A,CDR202600021929,REVERSE,-432,1
ATM251201NFYQX2,CDR202600021936,RECEIVER_INCOMING_ACTIVITY,-23,1
TXN250524FCW7VZ,CDR202600021938,DIRECT,-77,1
ATM251019CGZ82N,CDR202600021949,RECEIVER_OUTGOING_ACTIVITY,-279,1
UPI250910J0IC94,CDR202600021956,DIRECT,-173,1
UPI250826Q48NL7,CDR202600021966,DIRECT,-278,1
UPI2503267J43UR,CDR202600021997,RECEIVER_INCOMING_ACTIVITY,-99,1
ATM250623CHW1JF,CDR202600022004,DIRECT,-913,1
IMPS250422SD5TR1,CDR202600022018,SENDER_OUTGOING_ACTIVITY,14,1
ATM250301HD0KU9,CDR202600022027,REVERSE,102,1
ATM250417IM102S,CDR202600022032,SENDER_OUTGOING_ACTIVITY,-203,1
UPI2507271AJQDF,CDR202600022056,REVERSE,-156,1
ATM2511163PBHT1,CDR202600022070,DIRECT,133,1
ATM250407260TD5,CDR202600022073,SENDER_OUTGOING_ACTIVITY,1765,1
UPI250505W8JKUV,CDR202600022120,SENDER_INCOMING_ACTIVITY,-16,1
ATM251019J68TL2,CDR202600022122,DIRECT,12,1
TXN251226TQEDRX,CDR202600022133,REVERSE,-146,1
IMPS2502265IF738,CDR202600022144,RECEIVER_INCOMING_ACTIVITY,60,1
UPI2512210K8NAO,CDR202600022148,DIRECT,657,1
IMPS250524M62TDL,CDR202600022150,REVERSE,-271,1
ATM251017DFDMP8,CDR202600022154,SENDER_INCOMING_ACTIVITY,276,1
IMPS250620A8EHN6,CDR202600022157,REVERSE,1288,1
UPI251204P75OE5,CDR202600022180,SENDER_OUTGOING_ACTIVITY,239,1
TXN250412O5YHZH,CDR202600022188,DIRECT,-284,1
UPI250520A9UBIU,CDR202600022195,RECEIVER_INCOMING_ACTIVITY,-76,1
TXN250925MEEANU,CDR202600022218,DIRECT,755,1
UPI2505134DXIVD,CDR202600022239,REVERSE,161,1
TXN250601F3SD7N,CDR202600022243,SENDER_OUTGOING_ACTIVITY,398,1
TXN2501144Y6ER0,CDR202600022258,REVERSE,-439,1
TXN2512167BFOU4,CDR202600022265,DIRECT,35,1
UPI250922LGDREO,CDR202600022280,DIRECT,149,1
UPI250112FIKCSD,CDR202600022292,DIRECT,-1385,1
TXN250725UA9CXX,CDR202600022303,REVERSE,48,1
TXN2506121EDSZ0,CDR202600022334,REVERSE,-50,1
TXN251105NGPM0L,CDR202600022363,RECEIVER_INCOMING_ACTIVITY,-52,1
TXN250203PFLW1L,CDR202600022390,SENDER_OUTGOING_ACTIVITY,-39,1
ATM250227BOUXM7,CDR202600022392,SENDER_INCOMING_ACTIVITY,-895,1
ATM250417AM1YSW,CDR202600022422,RECEIVER_OUTGOING_ACTIVITY,26,1
UPI250824P74DY3,CDR202600022423,REVERSE,7,1
UPI250924A9GVT3,CDR202600022454,SENDER_INCOMING_ACTIVITY,-66,1
ATM250327PV3SIJ,CDR202600022458,DIRECT,-364,1
ATM250331INRXCU,CDR202600022471,DIRECT,-271,1
ATM250325XWB6Q0,CDR202600022472,SENDER_OUTGOING_ACTIVITY,-204,1
TXN2507235KQAW1,CDR202600022474,RECEIVER_INCOMING_ACTIVITY,637,1
ATM250718T8PY93,CDR202600022498,REVERSE,500,1
ATM25111264V1RC,CDR202600022537,DIRECT,-74,1
IMPS250904IG6LAN,CDR202600022573,REVERSE,961,1
UPI250414K6HLKU,CDR202600022595,DIRECT,-232,1
UPI251028O1LL8L,CDR202600022597,SENDER_OUTGOING_ACTIVITY,194,1
IMPS251230I0JI2P,CDR202600022618,DIRECT,-170,1
IMPS2507085P50A3,CDR202600022624,DIRECT,-12,1
ATM250827AJL11J,CDR202600022630,SENDER_INCOMING_ACTIVITY,15,1
UPI251021X47YNU,CDR202600022637,RECEIVER_INCOMING_ACTIVITY,-872,1
TXN250621IDGX2B,CDR202600022655,DIRECT,-45,1
ATM250407OIBCW7,CDR202600022690,SENDER_OUTGOING_ACTIVITY,-39,1
ATM250729DCMB6T,CDR202600022709,DIRECT,15,1
UPI250524U1VIHI,CDR202600022730,DIRECT,-20,1
IMPS25080469AANW,CDR202600022762,RECEIVER_OUTGOING_ACTIVITY,-98,1
ATM250704MNYSA2,CDR202600022766,DIRECT,188,1
TXN2512276FZYH3,CDR202600022889,RECEIVER_OUTGOING_ACTIVITY,-21,1
UPI250301L4FJ47,CDR202600022914,SENDER_INCOMING_ACTIVITY,-356,1
ATM251004GC9NLF,CDR202600022929,SENDER_INCOMING_ACTIVITY,114,1
UPI250828437F9T,CDR202600022934,REVERSE,13,1
ATM250601DSC76R,CDR202600022938,REVERSE,211,1
IMPS250319W86S1F,CDR202600022948,SENDER_OUTGOING_ACTIVITY,50,1
ATM25042437Q2C4,CDR202600022962,REVERSE,-53,1
UPI251021UQFTH9,CDR202600022969,DIRECT,-937,1
UPI250507SLGZYK,CDR202600022990,SENDER_OUTGOING_ACTIVITY,124,1
UPI250530XUKM32,CDR202600022995,DIRECT,404,1
IMPS25110288DPEZ,CDR202600023016,RECEIVER_OUTGOING_ACTIVITY,13,1
UPI250308HGZUXA,CDR202600023021,DIRECT,235,1
UPI250908NNVSQK,CDR202600023036,DIRECT,389,1
TXN250814LC2DZ9,CDR202600023055,RECEIVER_INCOMING_ACTIVITY,-367,1
ATM2511163XRG4U,CDR202600023079,DIRECT,753,1
UPI251210KEIQ8M,CDR202600023101,REVERSE,2,1
UPI250121F56G2P,CDR202600023116,RECEIVER_INCOMING_ACTIVITY,-20,1
TXN251025O3EY0S,CDR202600023122,RECEIVER_INCOMING_ACTIVITY,-21,1
UPI250729G7I6U9,CDR202600023129,DIRECT,740,1
ATM250620T8OCYH,CDR202600023145,SENDER_INCOMING_ACTIVITY,59,1
UPI25050618JV8Q,CDR202600023179,SENDER_INCOMING_ACTIVITY,-11,1
UPI2502060JP2MM,CDR202600023187,REVERSE,-870,1
UPI250930JK8ZV2,CDR202600023261,SENDER_INCOMING_ACTIVITY,1708,1
UPI250117EK6KKX,CDR202600023270,SENDER_INCOMING_ACTIVITY,1422,1
IMPS251218CMPO4J,CDR202600023305,SENDER_OUTGOING_ACTIVITY,-244,1
UPI250408TTUH40,CDR202600023306,SENDER_OUTGOING_ACTIVITY,-25,1
UPI250124KX0WLJ,CDR202600023317,REVERSE,1255,1
TXN250319BHZHPE,CDR202600023321,RECEIVER_OUTGOING_ACTIVITY,580,1
UPI250402LTFAO5,CDR202600023328,SENDER_OUTGOING_ACTIVITY,-29,1
ATM250607F23GHX,CDR202600023350,DIRECT,236,1
TXN250727BVNSTO,CDR202600023369,DIRECT,-110,1
ATM251230QL7ZCW,CDR202600023398,SENDER_INCOMING_ACTIVITY,2,1
ATM250412XISJ9D,CDR202600023400,RECEIVER_INCOMING_ACTIVITY,-193,1
UPI250118MU6GHV,CDR202600023432,DIRECT,215,1
UPI250430MUVL3L,CDR202600023438,SENDER_OUTGOING_ACTIVITY,-1741,1
UPI250713OQPNZJ,CDR202600023442,RECEIVER_OUTGOING_ACTIVITY,-830,1
ATM25080134LSNJ,CDR202600023501,RECEIVER_OUTGOING_ACTIVITY,-98,1
UPI250416EUBS2R,CDR202600023512,SENDER_INCOMING_ACTIVITY,-37,1
UPI2501158THLJD,CDR202600023523,REVERSE,-380,1
TXN250112FKKPD4,CDR202600023538,DIRECT,853,1
UPI250128PZGL3A,CDR202600023544,SENDER_OUTGOING_ACTIVITY,-20,1
TXN2504218HVOHY,CDR202600023568,REVERSE,-197,1
TXN2512102688K1,CDR202600023577,DIRECT,383,1
TXN250503HXADOZ,CDR202600023588,REVERSE,199,1
UPI250430Y50ETW,CDR202600023591,REVERSE,504,1
TXN251110V8S0EM,CDR202600023594,DIRECT,-1593,1
ATM25041795BL4Y,CDR202600023600,SENDER_OUTGOING_ACTIVITY,-127,1
ATM250716Z58SID,CDR202600023617,RECEIVER_OUTGOING_ACTIVITY,778,1
ATM250315RKRD4M,CDR202600023642,DIRECT,-94,1
TXN250806HBO9ST,CDR202600023644,DIRECT,-1302,1
UPI250921P6OTGZ,CDR202600023646,DIRECT,1122,1
TXN251124UTXW0X,CDR202600023654,DIRECT,200,1
ATM250822F29VD3,CDR202600023657,DIRECT,-56,1
ATM251128OJKJC8,CDR202600023658,DIRECT,-58,1
UPI250814723BDO,CDR202600023659,DIRECT,-23,1
UPI251030AF5FRB,CDR202600023661,SENDER_INCOMING_ACTIVITY,-60,1
UPI2510288FTIRM,CDR202600023673,DIRECT,187,1
TXN250729BEZSQZ,CDR202600023677,RECEIVER_INCOMING_ACTIVITY,-96,1
UPI250616QRL6ZP,CDR202600023702,SENDER_INCOMING_ACTIVITY,9,1
ATM250426XMDX36,CDR202600023709,DIRECT,42,1
ATM250228U6575F,CDR202600023721,DIRECT,896,1
UPI250805VZXOQF,CDR202600023726,DIRECT,-7,1
IMPS250502HO3ZUP,CDR202600023740,REVERSE,17,1
TXN250328M7WJRL,CDR202600023753,DIRECT,9,1
UPI250508BMP2IG,CDR202600023780,SENDER_INCOMING_ACTIVITY,281,1
ATM251013T0N1AU,CDR202600023782,DIRECT,-39,1
UPI2511178JZXQN,CDR202600023795,RECEIVER_INCOMING_ACTIVITY,-123,1
UPI2512174UXPCZ,CDR202600023806,DIRECT,-19,1
IMPS250120SK33XR,CDR202600023823,SENDER_INCOMING_ACTIVITY,-1519,1
UPI250910M3BGLM,CDR202600023826,RECEIVER_OUTGOING_ACTIVITY,30,1
ATM250129XQEGCC,CDR202600023849,DIRECT,1386,1
UPI2505116L4DKX,CDR202600023851,RECEIVER_INCOMING_ACTIVITY,865,1
UPI251017LSQT43,CDR202600023852,DIRECT,-99,1
UPI2505278CNJU8,CDR202600023877,RECEIVER_INCOMING_ACTIVITY,-731,1
UPI251119RLMCXG,CDR202600023906,DIRECT,-118,1
TXN250512W7C7U9,CDR202600023913,DIRECT,17,1
UPI2504180R3G9K,CDR202600023924,SENDER_OUTGOING_ACTIVITY,-496,1
TXN250406BSEZF4,CDR202600023927,RECEIVER_OUTGOING_ACTIVITY,7,1
UPI25032052I36L,CDR202600023928,SENDER_INCOMING_ACTIVITY,-914,1
ATM250309G5PQKH,CDR202600023937,RECEIVER_INCOMING_ACTIVITY,-85,1
UPI2502031SRT6U,CDR202600023952,REVERSE,-278,1
TXN2501150CSFHS,CDR202600023958,DIRECT,58,1
TXN250401UP5ISN,CDR202600023963,DIRECT,-717,1
UPI250811T7QIWC,CDR202600023977,SENDER_OUTGOING_ACTIVITY,-79,1
UPI250620CSLJI0,CDR202600023980,RECEIVER_INCOMING_ACTIVITY,-194,1
IMPS2504302ZBTWV,CDR202600023993,REVERSE,1565,1
ATM25041490NCSP,CDR202600023994,REVERSE,38,1
UPI250309556C84,CDR202600024000,DIRECT,145,1
IMPS250823P84ESU,CDR202600024009,RECEIVER_OUTGOING_ACTIVITY,-67,1
UPI250310PDLLE1,CDR202600024056,REVERSE,9,1
IMPS251026L1SS32,CDR202600024072,DIRECT,15,1
ATM251109YBV9MO,CDR202600024073,SENDER_INCOMING_ACTIVITY,751,1
TXN250527IV4YAX,CDR202600024093,DIRECT,-337,1
IMPS250703ASGJE9,CDR202600024103,SENDER_INCOMING_ACTIVITY,-26,1
UPI250306QQ6W7X,CDR202600024107,DIRECT,54,1
ATM250226DDIBZ4,CDR202600024122,SENDER_OUTGOING_ACTIVITY,25,1
UPI251010N4PRGO,CDR202600024158,DIRECT,48,1
ATM2505125D50X9,CDR202600024183,DIRECT,-215,1
TXN250322EOWIOO,CDR202600024195,RECEIVER_OUTGOING_ACTIVITY,-516,1
TXN251118SWLZEX,CDR202600024209,DIRECT,1687,1
ATM250818V0M85N,CDR202600024216,RECEIVER_OUTGOING_ACTIVITY,-830,1
ATM250525JAKVQV,CDR202600024219,RECEIVER_INCOMING_ACTIVITY,1755,1
UPI25092910O0NM,CDR202600024278,DIRECT,192,1
UPI250722TZUY1C,CDR202600024285,SENDER_INCOMING_ACTIVITY,33,1
ATM250309XWMNQB,CDR202600024323,DIRECT,-321,1
UPI2510053EJR9L,CDR202600024333,DIRECT,-18,1
ATM250314D11RN8,CDR202600024349,DIRECT,-7,1
ATM251028Z4AG88,CDR202600024367,SENDER_OUTGOING_ACTIVITY,155,1
UPI2505018L88MO,CDR202600024389,DIRECT,-439,1
ATM250908XXNIEL,CDR202600024406,RECEIVER_INCOMING_ACTIVITY,832,1
UPI250814OBSYQA,CDR202600024412,DIRECT,-736,1
UPI251121V4LEI8,CDR202600024420,SENDER_INCOMING_ACTIVITY,-220,1
UPI25102188IBXH,CDR202600024432,RECEIVER_INCOMING_ACTIVITY,-49,1
ATM250206DJ27HG,CDR202600024433,DIRECT,-297,1
UPI250309WIHFWQ,CDR202600024439,DIRECT,-11,1
ATM250216KFQR5E,CDR202600024460,DIRECT,-222,1
ATM251005ZUHWNH,CDR202600024472,DIRECT,259,1
TXN251203OS7Y2Z,CDR202600024475,DIRECT,-322,1
TXN250513BGMH5V,CDR202600024479,SENDER_OUTGOING_ACTIVITY,171,1
UPI250604M4TQGQ,CDR202600024496,REVERSE,-688,1
ATM250319PO2KVC,CDR202600024503,RECEIVER_INCOMING_ACTIVITY,212,1
ATM2506080XJYG4,CDR202600024523,SENDER_OUTGOING_ACTIVITY,-828,1
UPI2512167Z87N8,CDR202600024533,RECEIVER_OUTGOING_ACTIVITY,-1111,1
ATM250604ND9AZH,CDR202600024539,SENDER_OUTGOING_ACTIVITY,-9,1
UPI2508033FZ91D,CDR202600024541,REVERSE,-740,1
TXN250827MI5R19,CDR202600024566,RECEIVER_OUTGOING_ACTIVITY,227,1
ATM2505099LFJGT,CDR202600024575,DIRECT,-417,1
TXN250613CYTPJI,CDR202600024599,RECEIVER_OUTGOING_ACTIVITY,35,1
UPI251206WAA893,CDR202600024614,DIRECT,-50,1
UPI2510046RREC7,CDR202600024629,DIRECT,-156,1
TXN250910HHSMLJ,CDR202600024634,SENDER_OUTGOING_ACTIVITY,48,1
TXN250629RHFKJJ,CDR202600024682,DIRECT,308,1
TXN250601LFGDQV,CDR202600024702,RECEIVER_OUTGOING_ACTIVITY,-704,1
UPI251125YPDD83,CDR202600024706,REVERSE,235,1
UPI250405MB9MPZ,CDR202600024755,RECEIVER_OUTGOING_ACTIVITY,-526,1
IMPS2509103TAIK3,CDR202600024759,RECEIVER_OUTGOING_ACTIVITY,-118,1
TXN250923XEJDZB,CDR202600024781,SENDER_OUTGOING_ACTIVITY,50,1
UPI250605M16YEQ,CDR202600024803,DIRECT,-213,1
UPI251227LTFVZ8,CDR202600024804,DIRECT,751,1
ATM250730R8WRFD,CDR202600024819,REVERSE,-147,1
UPI251206DVSL9U,CDR202600024842,SENDER_INCOMING_ACTIVITY,-154,1
ATM250705REIGPK,CDR202600024854,SENDER_INCOMING_ACTIVITY,281,1
ATM2506064FWIOD,CDR202600024858,REVERSE,-1794,1
TXN250618CMWO6Y,CDR202600024859,RECEIVER_OUTGOING_ACTIVITY,-18,1
UPI2507124J2LFL,CDR202600024865,DIRECT,249,1
ATM2509042CLP7J,CDR202600024884,RECEIVER_INCOMING_ACTIVITY,-69,1
ATM2512255EUX2V,CDR202600024887,RECEIVER_OUTGOING_ACTIVITY,-208,1
ATM250512Z1X9VK,CDR202600024891,RECEIVER_INCOMING_ACTIVITY,-168,1
UPI251115Y396VJ,CDR202600024910,REVERSE,-728,1
ATM250603ZLKOTP,CDR202600024911,SENDER_INCOMING_ACTIVITY,-137,1
TXN250315MWAEVR,CDR202600024915,SENDER_INCOMING_ACTIVITY,888,1
UPI2511173HAG03,CDR202600024963,RECEIVER_OUTGOING_ACTIVITY,1321,1
IMPS251120FJ600B,CDR202600024976,DIRECT,-848,1
ATM2504225NDVZ5,CDR202600024996,SENDER_OUTGOING_ACTIVITY,-523,1
UPI2501052Y3C0E,CDR202600025009,DIRECT,-746,1
UPI2505238QGC9M,CDR202600025052,RECEIVER_INCOMING_ACTIVITY,128,1
ATM250215Y24ANP,CDR202600025061,RECEIVER_INCOMING_ACTIVITY,53,1
IMPS250614J5XOBO,CDR202600025096,SENDER_INCOMING_ACTIVITY,1329,1
UPI250125N9H3KY,CDR202600025126,RECEIVER_INCOMING_ACTIVITY,-194,1
TXN250321CX80J3,CDR202600025158,SENDER_INCOMING_ACTIVITY,409,1
ATM250610B6J6Y9,CDR202600025164,RECEIVER_INCOMING_ACTIVITY,-22,1
ATM250620BQUSQP,CDR202600025177,SENDER_OUTGOING_ACTIVITY,25,1
UPI25063083YH0F,CDR202600025187,SENDER_INCOMING_ACTIVITY,1098,1
TXN2510133VXGJX,CDR202600025201,RECEIVER_OUTGOING_ACTIVITY,-269,1
UPI250429FHW1ZG,CDR202600025202,DIRECT,-215,1
ATM2505219TZKJP,CDR202600025227,DIRECT,616,1
ATM250528KZ0GZC,CDR202600025245,DIRECT,-1493,1
UPI2503155WTZGX,CDR202600025260,DIRECT,833,1
ATM250630YAD3H3,CDR202600025272,DIRECT,-132,1
UPI250726CLBD6C,CDR202600025301,SENDER_OUTGOING_ACTIVITY,-534,1
ATM2501145903KL,CDR202600025314,RECEIVER_INCOMING_ACTIVITY,-17,1
TXN250610TJUJHJ,CDR202600025324,RECEIVER_OUTGOING_ACTIVITY,6,1
TXN250711RINMG8,CDR202600025355,DIRECT,191,1
UPI2505042YBBT7,CDR202600025379,SENDER_INCOMING_ACTIVITY,-15,1
UPI250903VZ3H11,CDR202600025390,SENDER_OUTGOING_ACTIVITY,10,1
ATM2502236AEMBJ,CDR202600025412,RECEIVER_OUTGOING_ACTIVITY,-1,1
UPI2508158Y1VG7,CDR202600025426,RECEIVER_INCOMING_ACTIVITY,161,1
ATM250717OX7PXZ,CDR202600025449,SENDER_INCOMING_ACTIVITY,52,1
ATM251113LLK1CH,CDR202600025450,REVERSE,239,1
ATM250516VQAKQU,CDR202600025460,RECEIVER_OUTGOING_ACTIVITY,45,1
IMPS250204UGGSMI,CDR202600025484,RECEIVER_INCOMING_ACTIVITY,-7,1
UPI250308DMLSQM,CDR202600025494,REVERSE,1742,1
TXN250829I521O5,CDR202600025498,SENDER_INCOMING_ACTIVITY,-46,1
UPI250910XB2HQJ,CDR202600025513,SENDER_OUTGOING_ACTIVITY,-97,1
UPI250808US6WVJ,CDR202600025534,DIRECT,340,1
UPI25090223M14V,CDR202600025547,RECEIVER_INCOMING_ACTIVITY,1154,1
TXN251001G1HREB,CDR202600025554,DIRECT,-48,1
TXN250401PIWMJM,CDR202600025580,RECEIVER_OUTGOING_ACTIVITY,-220,1
UPI251117Y0619M,CDR202600025603,DIRECT,-1739,1
TXN250521TQZ00N,CDR202600025607,DIRECT,-187,1
ATM250713R9HBCO,CDR202600025609,SENDER_OUTGOING_ACTIVITY,3,1
TXN251112EOTOD8,CDR202600025620,SENDER_OUTGOING_ACTIVITY,-684,1
ATM250716LN0RD2,CDR202600025633,RECEIVER_OUTGOING_ACTIVITY,-1764,1
UPI251216JEG1K9,CDR202600025643,SENDER_OUTGOING_ACTIVITY,-217,1
TXN250316IZJ5UH,CDR202600025658,DIRECT,-1369,1
ATM250223TEZPIX,CDR202600025684,RECEIVER_INCOMING_ACTIVITY,38,1
ATM250513U3ZBQT,CDR202600025730,RECEIVER_OUTGOING_ACTIVITY,1074,1
ATM250209GWYTWX,CDR202600025743,RECEIVER_INCOMING_ACTIVITY,-23,1
UPI251218P7JXJ6,CDR202600025750,DIRECT,670,1
UPI251213DSOZVW,CDR202600025751,RECEIVER_INCOMING_ACTIVITY,-144,1
TXN251128EWDNN4,CDR202600025755,REVERSE,181,1
TXN25112144OAES,CDR202600025757,SENDER_OUTGOING_ACTIVITY,1009,1
UPI250301OL7GQC,CDR202600025768,REVERSE,63,1
UPI250923YJGF0Y,CDR202600025803,DIRECT,29,1
UPI250905UJNVUZ,CDR202600025808,SENDER_OUTGOING_ACTIVITY,-85,1
TXN250916CXE0G4,CDR202600025815,DIRECT,3,1
UPI250227PM5C3T,CDR202600025817,SENDER_OUTGOING_ACTIVITY,31,1
TXN250728265X6J,CDR202600025826,SENDER_INCOMING_ACTIVITY,28,1
ATM251209XRZCGY,CDR202600025848,REVERSE,193,1
TXN250402ZTVB6F,CDR202600025852,SENDER_OUTGOING_ACTIVITY,845,1
UPI250609TIGVBA,CDR202600025868,DIRECT,-29,1
UPI250929Y0X1F9,CDR202600025891,DIRECT,-47,1
TXN250707FYD8EQ,CDR202600025916,REVERSE,185,1
UPI250225CSYH8C,CDR202600025917,DIRECT,86,1
UPI250506KFVK0Y,CDR202600025936,REVERSE,49,1
TXN250917C10JWD,CDR202600025939,SENDER_INCOMING_ACTIVITY,-23,1
IMPS250524GWQI4P,CDR202600025940,REVERSE,-80,1
ATM250420DR9IYR,CDR202600025962,REVERSE,-23,1
UPI250503QYHUOD,CDR202600025970,REVERSE,575,1
UPI2509097GZ5WT,CDR202600025974,DIRECT,-278,1
UPI250604OVY32O,CDR202600025992,RECEIVER_INCOMING_ACTIVITY,69,1
ATM250422D9SSHB,CDR202600026037,DIRECT,-134,1
UPI2509294NLZ14,CDR202600026041,DIRECT,-300,1
IMPS251212X9B3ZI,CDR202600026097,DIRECT,18,1
IMPS250831W3383R,CDR202600026110,RECEIVER_OUTGOING_ACTIVITY,39,1
IMPS250712ZHU1E2,CDR202600026118,DIRECT,1676,1
ATM250325YAZ26A,CDR202600026140,REVERSE,-19,1
UPI2504296ZVVKR,CDR202600026161,RECEIVER_OUTGOING_ACTIVITY,788,1
UPI250130ZENYEI,CDR202600026187,DIRECT,301,1
UPI251216ICV6LM,CDR202600026226,DIRECT,272,1
UPI251104Y76ESX,CDR202600026244,DIRECT,-84,1
UPI250910D9VWBF,CDR202600026271,DIRECT,-30,1
UPI2507203JOY5B,CDR202600026274,REVERSE,-45,1
UPI251013HVMUJS,CDR202600026355,REVERSE,1772,1
ATM250702RPRFP3,CDR202600026364,RECEIVER_INCOMING_ACTIVITY,-58,1
UPI250830PGSDUU,CDR202600026372,DIRECT,-193,1
UPI2502091XZS15,CDR202600026376,RECEIVER_OUTGOING_ACTIVITY,43,1
ATM251008N6DEQO,CDR202600026390,REVERSE,1331,1
ATM250713PXC5OI,CDR202600026395,RECEIVER_OUTGOING_ACTIVITY,-265,1
UPI250909FREJ1N,CDR202600026423,REVERSE,-57,1
UPI250712BA2GO1,CDR202600026426,RECEIVER_INCOMING_ACTIVITY,-608,1
UPI2512160Y1VLN,CDR202600026456,RECEIVER_INCOMING_ACTIVITY,-1650,1
TXN251031IE8HQY,CDR202600026532,SENDER_OUTGOING_ACTIVITY,12,1
UPI250724D2KP4B,CDR202600026534,REVERSE,78,1
ATM250519RBS702,CDR202600026562,RECEIVER_INCOMING_ACTIVITY,-11,1
ATM250920U2LQS0,CDR202600026567,SENDER_OUTGOING_ACTIVITY,890,1
IMPS250326AVU4ZV,CDR202600026574,SENDER_INCOMING_ACTIVITY,222,1
ATM2506014DL88O,CDR202600026599,DIRECT,-193,1
ATM250925SL4Y5D,CDR202600026601,RECEIVER_INCOMING_ACTIVITY,-580,1
ATM250702Q1NXW1,CDR202600026603,SENDER_OUTGOING_ACTIVITY,580,1
ATM2507271GI03R,CDR202600026640,RECEIVER_INCOMING_ACTIVITY,-569,1
UPI250321S6IZIK,CDR202600026650,DIRECT,395,1
UPI250716IWF608,CDR202600026668,SENDER_OUTGOING_ACTIVITY,-184,1
ATM2501023IH66W,CDR202600026672,RECEIVER_INCOMING_ACTIVITY,1224,1
UPI250829YO0U27,CDR202600026673,DIRECT,826,1
ATM250314FXZ8OR,CDR202600026688,RECEIVER_OUTGOING_ACTIVITY,384,1
UPI251215LLPLUS,CDR202600026709,DIRECT,199,1
UPI250310WDCHPZ,CDR202600026717,DIRECT,-35,1
TXN250110IIE80Y,CDR202600026720,DIRECT,2,1
ATM250131OIIBFB,CDR202600026743,SENDER_INCOMING_ACTIVITY,-847,1
UPI250312T25GQ0,CDR202600026750,RECEIVER_INCOMING_ACTIVITY,117,1
UPI250816C4I0BO,CDR202600026751,DIRECT,-811,1
UPI250823T9G508,CDR202600026754,RECEIVER_INCOMING_ACTIVITY,1589,1
ATM250902F78Y9F,CDR202600026760,DIRECT,401,1
TXN2509245LU83D,CDR202600026789,SENDER_OUTGOING_ACTIVITY,-15,1
ATM250106EPFEKX,CDR202600026803,SENDER_INCOMING_ACTIVITY,-3,1
ATM250119CN54H7,CDR202600026820,REVERSE,99,1
ATM250113E7H8LG,CDR202600026829,SENDER_INCOMING_ACTIVITY,-386,1
ATM250919537KYH,CDR202600026835,DIRECT,838,1
IMPS250120Y6X113,CDR202600026849,RECEIVER_OUTGOING_ACTIVITY,115,1
UPI250713K6FYK7,CDR202600026868,SENDER_OUTGOING_ACTIVITY,674,1
TXN250705389CY2,CDR202600026888,RECEIVER_OUTGOING_ACTIVITY,-260,1
TXN2504172S5KGA,CDR202600026889,DIRECT,27,1
TXN251026UM68E9,CDR202600026900,DIRECT,-820,1
UPI250920OF5ZNM,CDR202600026908,DIRECT,52,1
UPI2512019CCUEM,CDR202600026916,RECEIVER_OUTGOING_ACTIVITY,-56,1
UPI250219262EBH,CDR202600026953,DIRECT,-345,1
UPI250829XKNJ86,CDR202600026959,DIRECT,-13,1
UPI250614BE3U8M,CDR202600026964,REVERSE,676,1
ATM251230Q53HTX,CDR202600026976,SENDER_OUTGOING_ACTIVITY,-891,1
ATM250407CYJKDC,CDR202600026991,REVERSE,351,1
TXN250211CWARNR,CDR202600027006,REVERSE,223,1
UPI250601UQBRAP,CDR202600027009,DIRECT,267,1
UPI251130J5H8U9,CDR202600027035,REVERSE,-106,1
UPI251121CJSFD3,CDR202600027042,RECEIVER_INCOMING_ACTIVITY,-124,1
IMPS251211UYJF27,CDR202600027051,RECEIVER_INCOMING_ACTIVITY,-33,1
TXN250917T7I5E6,CDR202600027063,SENDER_OUTGOING_ACTIVITY,-870,1
TXN250202NQ3V1U,CDR202600027078,DIRECT,167,1
ATM251102RQDP90,CDR202600027103,SENDER_INCOMING_ACTIVITY,-725,1
ATM251019LSA5AP,CDR202600027107,SENDER_OUTGOING_ACTIVITY,13,1
UPI2512248F2479,CDR202600027108,DIRECT,334,1
ATM2508094HXKWH,CDR202600027118,DIRECT,3,1
ATM2510130AYA8B,CDR202600027121,DIRECT,-621,1
UPI2511146IJAZ0,CDR202600027125,REVERSE,71,1
TXN2503297SLJX5,CDR202600027134,DIRECT,1324,1
UPI2504144XJ6BQ,CDR202600027138,SENDER_OUTGOING_ACTIVITY,-12,1
IMPS2510134IOOA6,CDR202600027140,REVERSE,11,1
UPI25041701EH4U,CDR202600027145,DIRECT,-849,1
UPI250912UQ3ADH,CDR202600027178,DIRECT,226,1
ATM251026J7GI2G,CDR202600027206,RECEIVER_INCOMING_ACTIVITY,1714,1
ATM250627JZXX0T,CDR202600027222,SENDER_INCOMING_ACTIVITY,-416,1
ATM250822FK7BRY,CDR202600027244,RECEIVER_INCOMING_ACTIVITY,-225,1
UPI250320IMUO3N,CDR202600027245,SENDER_INCOMING_ACTIVITY,209,1
UPI250203XEFDU7,CDR202600027246,SENDER_OUTGOING_ACTIVITY,7,1
ATM251023FCFP7N,CDR202600027327,SENDER_OUTGOING_ACTIVITY,-43,1
IMPS25061254XPCP,CDR202600027348,SENDER_INCOMING_ACTIVITY,-368,1
TXN251120YTETMG,CDR202600027354,DIRECT,540,1
TXN250511H7C1I0,CDR202600027368,RECEIVER_INCOMING_ACTIVITY,86,1
UPI2507081AG9UF,CDR202600027382,DIRECT,-535,1
UPI2506123H2US4,CDR202600027383,SENDER_OUTGOING_ACTIVITY,-1695,1
TXN2510078FDQNJ,CDR202600027395,SENDER_INCOMING_ACTIVITY,205,1
TXN251104JINQ3C,CDR202600027404,REVERSE,491,1
UPI251001ZV51NP,CDR202600027429,SENDER_OUTGOING_ACTIVITY,-1722,1
ATM250328D3PT8W,CDR202600027444,REVERSE,58,1
UPI251007R8VHVL,CDR202600027478,DIRECT,253,1
ATM250513Z0PFYX,CDR202600027479,DIRECT,-257,1
UPI251120ZWOPM0,CDR202600027480,DIRECT,4,1
UPI250115FV2074,CDR202600027510,RECEIVER_INCOMING_ACTIVITY,-19,1
TXN250410B0O76U,CDR202600027517,REVERSE,-1659,1
UPI251119O333MZ,CDR202600027549,DIRECT,551,1
ATM251103M8AJCE,CDR202600027554,RECEIVER_INCOMING_ACTIVITY,831,1
IMPS2507234BSQHM,CDR202600027557,SENDER_INCOMING_ACTIVITY,-31,1
UPI25031692A9FI,CDR202600027604,SENDER_OUTGOING_ACTIVITY,31,1
ATM250514W4O5KZ,CDR202600027631,DIRECT,23,1
UPI251014NINUTL,CDR202600027634,REVERSE,370,1
ATM2511168YJA3O,CDR202600027643,REVERSE,-21,1
TXN250712P75PKI,CDR202600027655,REVERSE,447,1
ATM2505146LEM90,CDR202600027694,DIRECT,142,1
UPI250508PXVQ03,CDR202600027698,DIRECT,35,1
IMPS251229NMG6Y1,CDR202600027700,DIRECT,-11,1
ATM250216LDKAD0,CDR202600027703,DIRECT,-436,1
UPI2501273KJSGS,CDR202600027727,SENDER_INCOMING_ACTIVITY,37,1
ATM251021MIJQR7,CDR202600027757,DIRECT,150,1
TXN250417XYFFTJ,CDR202600027761,DIRECT,28,1
TXN250403GN3CQ5,CDR202600027794,RECEIVER_OUTGOING_ACTIVITY,17,1
IMPS2503209JKD2X,CDR202600027801,REVERSE,-15,1
ATM251008PB43YJ,CDR202600027802,REVERSE,23,1
UPI250301429KU9,CDR202600027817,DIRECT,-20,1
IMPS250712T3YU7P,CDR202600027823,REVERSE,120,1
UPI2505100YUY2Y,CDR202600027833,RECEIVER_OUTGOING_ACTIVITY,-383,1
ATM250206MX56XQ,CDR202600027841,RECEIVER_INCOMING_ACTIVITY,32,1
ATM250608NA6PFN,CDR202600027889,SENDER_OUTGOING_ACTIVITY,700,1
IMPS250426ZPLEVV,CDR202600027893,DIRECT,28,1
IMPS250126MESTHW,CDR202600027914,SENDER_OUTGOING_ACTIVITY,-27,1
UPI25040732HNSV,CDR202600027946,DIRECT,33,1
UPI250215H0SENA,CDR202600027948,DIRECT,832,1
TXN251212DENBQC,CDR202600027951,RECEIVER_OUTGOING_ACTIVITY,144,1
ATM250206N0IVVB,CDR202600027962,SENDER_INCOMING_ACTIVITY,1709,1
ATM250608FCV5LF,CDR202600027963,RECEIVER_INCOMING_ACTIVITY,-139,1
ATM250325OS5TL6,CDR202600027985,DIRECT,-42,1
TXN25012736EP2R,CDR202600027994,RECEIVER_INCOMING_ACTIVITY,820,1
UPI250601H73UDL,CDR202600028000,DIRECT,-127,1
UPI2511107UJIUO,CDR202600028021,REVERSE,-6,1
ATM250911BEEWAH,CDR202600028034,SENDER_OUTGOING_ACTIVITY,594,1
ATM251215SGZSBS,CDR202600028057,REVERSE,1348,1
TXN251028TLPN6G,CDR202600028084,DIRECT,205,1
UPI2512072SOHHM,CDR202600028095,DIRECT,-1658,1
UPI250102VXNZ0N,CDR202600028106,REVERSE,8,1
ATM250311ZDQPGL,CDR202600028110,DIRECT,77,1
UPI2507065X0X8B,CDR202600028147,SENDER_INCOMING_ACTIVITY,-19,1
UPI250411XJ1QC9,CDR202600028156,REVERSE,140,1
UPI251208R7Y1FU,CDR202600028172,SENDER_OUTGOING_ACTIVITY,64,1
ATM250223Y74L2C,CDR202600028195,RECEIVER_INCOMING_ACTIVITY,-49,1
TXN250723G9V6DI,CDR202600028212,RECEIVER_OUTGOING_ACTIVITY,352,1
IMPS251019N13OBY,CDR202600028215,SENDER_INCOMING_ACTIVITY,-53,1
UPI250815BSYP6S,CDR202600028232,DIRECT,1464,1
UPI250608GTFD3A,CDR202600028233,SENDER_INCOMING_ACTIVITY,-39,1
ATM2510054FFI5F,CDR202600028251,SENDER_OUTGOING_ACTIVITY,20,1
ATM251019ATDO2W,CDR202600028265,RECEIVER_INCOMING_ACTIVITY,-390,1
IMPS251209EE2ATG,CDR202600028280,REVERSE,-188,1
ATM251213RUYNT7,CDR202600028287,DIRECT,-173,1
ATM250606OY5K3M,CDR202600028298,DIRECT,-222,1
ATM250904134TYS,CDR202600028317,DIRECT,-741,1
TXN250418O2M2EI,CDR202600028332,REVERSE,-269,1
UPI250818Z5Z6N8,CDR202600028334,RECEIVER_OUTGOING_ACTIVITY,206,1
ATM251204H4JOLW,CDR202600028362,SENDER_INCOMING_ACTIVITY,136,1
UPI250527GO4EZO,CDR202600028377,REVERSE,-569,1
UPI250217BF62BP,CDR202600028379,RECEIVER_INCOMING_ACTIVITY,1117,1
ATM250606UJ5BXN,CDR202600028380,REVERSE,81,1
TXN251004T6LOCC,CDR202600028393,DIRECT,1564,1
TXN251221F58PCO,CDR202600028398,RECEIVER_OUTGOING_ACTIVITY,-46,1
ATM250911BMRAY8,CDR202600028403,SENDER_INCOMING_ACTIVITY,17,1
TXN251201WBC60Q,CDR202600028409,DIRECT,-1332,1
ATM251108BN5DLQ,CDR202600028411,REVERSE,-62,1
UPI250103E41OFV,CDR202600028417,DIRECT,-1233,1
IMPS250424LP439E,CDR202600028420,SENDER_INCOMING_ACTIVITY,-521,1
TXN250216XZHJ7P,CDR202600028425,SENDER_OUTGOING_ACTIVITY,-1075,1
TXN2512025RCWY5,CDR202600028431,DIRECT,-51,1
ATM250603F4E72O,CDR202600028432,DIRECT,-1278,1
UPI250128IU1TMH,CDR202600028445,REVERSE,131,1
TXN2501120JMO05,CDR202600028449,SENDER_OUTGOING_ACTIVITY,-46,1
UPI25092000AYLT,CDR202600028515,SENDER_INCOMING_ACTIVITY,-1010,1
ATM250214B99Q7Q,CDR202600028535,REVERSE,-501,1
ATM250922F8H0H5,CDR202600028540,RECEIVER_INCOMING_ACTIVITY,-168,1
ATM2510122HM3QD,CDR202600028561,RECEIVER_OUTGOING_ACTIVITY,1702,1
ATM2504154P1QE8,CDR202600028606,RECEIVER_OUTGOING_ACTIVITY,60,1
TXN250905RFALYP,CDR202600028617,REVERSE,-238,1
UPI251208RBTT4Q,CDR202600028627,REVERSE,57,1
IMPS251108LQ117R,CDR202600028629,DIRECT,-43,1
TXN250517OUG4PO,CDR202600028634,SENDER_OUTGOING_ACTIVITY,-45,1
UPI250724AKPHCE,CDR202600028660,SENDER_OUTGOING_ACTIVITY,-121,1
UPI250323Q6BD0X,CDR202600028673,DIRECT,5,1
ATM2503272YABNN,CDR202600028687,SENDER_INCOMING_ACTIVITY,-234,1
IMPS2505265BG58B,CDR202600028712,SENDER_OUTGOING_ACTIVITY,684,1
TXN250116UV0T0A,CDR202600028722,REVERSE,-129,1
ATM250207ZTXV54,CDR202600028724,REVERSE,-37,1
IMPS250726K8U0J0,CDR202600028745,DIRECT,499,1
ATM251003PGUR8W,CDR202600028753,RECEIVER_INCOMING_ACTIVITY,-374,1
ATM251209DJ89HR,CDR202600028776,REVERSE,371,1
UPI251005815PXT,CDR202600028825,DIRECT,-23,1
TXN250122RU7J7M,CDR202600028831,REVERSE,31,1
TXN250605FGE0LC,CDR202600028834,RECEIVER_OUTGOING_ACTIVITY,-907,1
UPI250212ENRJKB,CDR202600028851,DIRECT,-225,1
ATM250312PUA7DS,CDR202600028890,SENDER_OUTGOING_ACTIVITY,1796,1
IMPS250314VMRCFP,CDR202600028894,RECEIVER_INCOMING_ACTIVITY,1072,1
ATM250223A3WBM6,CDR202600028899,DIRECT,16,1
UPI250122KUU2LT,CDR202600028916,REVERSE,4,1
ATM250619INUJVO,CDR202600028934,DIRECT,-251,1
TXN250617E0J1BW,CDR202600028941,DIRECT,-211,1
ATM251227ZV3G7G,CDR202600028972,RECEIVER_INCOMING_ACTIVITY,-380,1
TXN25071874UGNS,CDR202600029007,RECEIVER_OUTGOING_ACTIVITY,34,1
TXN2501038NOZEM,CDR202600029016,DIRECT,990,1
TXN250322RA77U2,CDR202600029040,SENDER_INCOMING_ACTIVITY,235,1
IMPS250713QYRTSA,CDR202600029058,DIRECT,473,1
TXN250609AUI0LS,CDR202600029066,DIRECT,359,1
UPI250511BTKG6R,CDR202600029068,REVERSE,280,1
UPI250802QIU0Q0,CDR202600029071,DIRECT,-39,1
ATM2512037Z69ZG,CDR202600029074,DIRECT,203,1
UPI251006VWX2UI,CDR202600029077,SENDER_INCOMING_ACTIVITY,676,1
UPI250703LY7Z7H,CDR202600029087,DIRECT,-99,1
TXN2504178EFPO7,CDR202600029106,SENDER_INCOMING_ACTIVITY,-854,1
ATM2512315JORKQ,CDR202600029122,DIRECT,-47,1
UPI2505234HAPHH,CDR202600029131,REVERSE,144,1
UPI25021908VZFS,CDR202600029140,DIRECT,273,1
ATM2501173V6LGB,CDR202600029160,RECEIVER_OUTGOING_ACTIVITY,-27,1
UPI250907VXU7B0,CDR202600029183,DIRECT,-349,1
ATM2507016EBDSJ,CDR202600029185,REVERSE,-610,1
UPI250110ZRJ48L,CDR202600029196,DIRECT,623,1
TXN250527P0XUNJ,CDR202600029223,DIRECT,859,1
UPI250714ABGD93,CDR202600029239,RECEIVER_INCOMING_ACTIVITY,-98,1
IMPS2511139022MV,CDR202600029240,DIRECT,276,1
UPI25060679Y7LN,CDR202600029270,DIRECT,-337,1
ATM251028ZRX2AJ,CDR202600029314,REVERSE,209,1
UPI251003UHZ1GY,CDR202600029319,REVERSE,-405,1
ATM2510225Q1AHU,CDR202600029320,RECEIVER_OUTGOING_ACTIVITY,164,1
TXN250828G8I4TI,CDR202600029323,SENDER_OUTGOING_ACTIVITY,-454,1
UPI251028QPZ5G5,CDR202600029345,DIRECT,116,1
UPI2510083966MN,CDR202600029365,SENDER_OUTGOING_ACTIVITY,-24,1
ATM2511234PKG11,CDR202600029388,REVERSE,9,1
TXN251122E7NNF1,CDR202600029392,DIRECT,-128,1
ATM250707B6G0QU,CDR202600029394,DIRECT,-74,1
ATM251024ZYSRI2,CDR202600029396,RECEIVER_OUTGOING_ACTIVITY,-21,1
ATM2511282QCX4F,CDR202600029398,DIRECT,-320,1
UPI250416NKPLC6,CDR202600029400,RECEIVER_OUTGOING_ACTIVITY,-577,1
UPI251003F00A6I,CDR202600029435,DIRECT,238,1
UPI250927IFJQLW,CDR202600029436,RECEIVER_INCOMING_ACTIVITY,-1336,1
TXN250609OWEWYQ,CDR202600029456,DIRECT,-13,1
TXN250527IUM62J,CDR202600029475,DIRECT,-868,1
UPI250706KUJGX6,CDR202600029481,DIRECT,279,1
ATM250727EAV8PE,CDR202600029518,DIRECT,-308,1
UPI250323C48PDC,CDR202600029519,REVERSE,676,1
ATM251121RAO89T,CDR202600029529,SENDER_INCOMING_ACTIVITY,1145,1
UPI2505013I18XX,CDR202600029533,SENDER_OUTGOING_ACTIVITY,-39,1
UPI250408J0M6WV,CDR202600029534,SENDER_OUTGOING_ACTIVITY,29,1
TXN251024VVPBOT,CDR202600029540,DIRECT,157,1
UPI250117TE65I0,CDR202600029544,REVERSE,834,1
UPI250113D81MGQ,CDR202600029547,DIRECT,-34,1
UPI251006CLV9M8,CDR202600029573,SENDER_INCOMING_ACTIVITY,-1149,1
ATM250514U5LGWA,CDR202600029579,DIRECT,364,1
ATM250624WD1R83,CDR202600029607,RECEIVER_OUTGOING_ACTIVITY,182,1
ATM250326ETM3IG,CDR202600029613,RECEIVER_INCOMING_ACTIVITY,14,1
ATM250228URTK3S,CDR202600029615,SENDER_OUTGOING_ACTIVITY,-679,1
UPI250324749KBJ,CDR202600029623,DIRECT,601,1
UPI2505111S8Q3T,CDR202600029634,DIRECT,5,1
UPI250309AJEFZR,CDR202600029636,RECEIVER_INCOMING_ACTIVITY,-77,1
ATM251224WYSZBC,CDR202600029645,DIRECT,-42,1
TXN2504258ANPNG,CDR202600029676,DIRECT,-322,1
UPI250920UYYW4R,CDR202600029707,SENDER_OUTGOING_ACTIVITY,829,1
IMPS250512X05NP2,CDR202600029709,DIRECT,299,1
TXN250201CV59Q4,CDR202600029723,SENDER_INCOMING_ACTIVITY,24,1
IMPS251113NIGR29,CDR202600029735,SENDER_OUTGOING_ACTIVITY,25,1
IMPS250810Y45G95,CDR202600029749,RECEIVER_INCOMING_ACTIVITY,-242,1
ATM250709NZOHZW,CDR202600029767,DIRECT,60,1
ATM250512PAEFN7,CDR202600029773,DIRECT,17,1
TXN25051282QGI0,CDR202600029792,DIRECT,733,1
ATM250616AA0F6I,CDR202600029801,DIRECT,-38,1
IMPS250107ADN2TV,CDR202600029814,SENDER_OUTGOING_ACTIVITY,-166,1
TXN250629O4YLGL,CDR202600029879,REVERSE,-537,1
ATM250116YSQNPM,CDR202600029881,SENDER_INCOMING_ACTIVITY,-59,1
TXN2505062QQQGZ,CDR202600029916,SENDER_OUTGOING_ACTIVITY,-132,1
TXN250817FD3UQ0,CDR202600029974,REVERSE,70,1
IMPS250727LX7SN4,CDR202600029975,SENDER_OUTGOING_ACTIVITY,-717,1
UPI250406W4OLIV,CDR202600029982,DIRECT,-491,1
UPI250618T70951,CDR202600030034,REVERSE,523,1
UPI2502258VPC8C,CDR202600030045,RECEIVER_INCOMING_ACTIVITY,478,1
ATM250715814MHQ,CDR202600030057,DIRECT,429,1
UPI25042450B7IO,CDR202600030062,DIRECT,1520,1
ATM250723NIG9UO,CDR202600030064,SENDER_OUTGOING_ACTIVITY,1508,1
ATM250603Y84IY3,CDR202600030069,SENDER_OUTGOING_ACTIVITY,-57,1
UPI2506221XPGLZ,CDR202600030078,REVERSE,-484,1
ATM251003GVM32M,CDR202600030093,REVERSE,-576,1
ATM250728JR66XP,CDR202600030119,SENDER_OUTGOING_ACTIVITY,-1550,1
UPI250106PSLSIY,CDR202600030133,REVERSE,-134,1
TXN2512305KKVLB,CDR202600030150,DIRECT,3,1
ATM250812E0V1HY,CDR202600030159,DIRECT,3,1
UPI250310MV6RO6,CDR202600030166,DIRECT,-214,1
TXN250708UA4QWP,CDR202600030191,REVERSE,34,1
IMPS250417HTKQSU,CDR202600030220,REVERSE,-48,1
ATM250515N41558,CDR202600030233,REVERSE,-231,1
UPI2504068EWNKF,CDR202600030269,DIRECT,353,1
IMPS25112690GCDN,CDR202600030279,RECEIVER_OUTGOING_ACTIVITY,33,1
ATM250917VYODW8,CDR202600030283,DIRECT,728,1
ATM251013RDQ3DU,CDR202600030300,SENDER_INCOMING_ACTIVITY,-3,1
ATM250115ETN3GU,CDR202600030301,REVERSE,193,1
UPI251130LTR2OE,CDR202600030311,DIRECT,168,1
UPI250216HQY8J1,CDR202600030327,DIRECT,42,1
TXN250222DUACIX,CDR202600030339,RECEIVER_OUTGOING_ACTIVITY,1581,1
UPI250724MD5EK4,CDR202600030372,SENDER_INCOMING_ACTIVITY,135,1
NEFT250726NTCMY4,CDR202600030408,RECEIVER_INCOMING_ACTIVITY,-121,1
UPI2510036O2LU8,CDR202600030425,DIRECT,-28,1
TXN2505103GW22I,CDR202600030455,RECEIVER_INCOMING_ACTIVITY,-227,1
UPI251013GLDT70,CDR202600030466,SENDER_OUTGOING_ACTIVITY,-63,1
ATM250422BVCBXO,CDR202600030494,DIRECT,-18,1
UPI2509251C2ED2,CDR202600030511,SENDER_OUTGOING_ACTIVITY,1459,1
IMPS250705WLPWP8,CDR202600030514,RECEIVER_INCOMING_ACTIVITY,796,1
UPI250727OKJAFN,CDR202600030544,REVERSE,-271,1
TXN2510187G5530,CDR202600030547,RECEIVER_OUTGOING_ACTIVITY,1408,1
TXN251024VU6GEP,CDR202600030559,REVERSE,563,1
ATM250108Z2HO7D,CDR202600030577,RECEIVER_OUTGOING_ACTIVITY,-76,1
ATM25112932SHLV,CDR202600030580,SENDER_INCOMING_ACTIVITY,8,1
UPI2503043XN0HM,CDR202600030597,DIRECT,13,1
TXN251123IPNI2Z,CDR202600030619,REVERSE,-655,1
ATM2503095FSZUF,CDR202600030625,RECEIVER_INCOMING_ACTIVITY,-47,1
ATM250614J6ARPJ,CDR202600030630,SENDER_OUTGOING_ACTIVITY,-286,1
UPI250401L59T51,CDR202600030697,DIRECT,86,1
UPI250726CKTR5J,CDR202600030699,DIRECT,-825,1
UPI2511186F2JZV,CDR202600030701,DIRECT,-20,1
ATM250316U0HMCR,CDR202600030722,RECEIVER_OUTGOING_ACTIVITY,71,1
ATM250905UBABZB,CDR202600030733,RECEIVER_OUTGOING_ACTIVITY,39,1
UPI250414Q3JXPD,CDR202600030743,RECEIVER_INCOMING_ACTIVITY,58,1
TXN250728K43G56,CDR202600030752,DIRECT,-321,1
ATM251116TYQJVN,CDR202600030764,DIRECT,234,1
ATM2505028QF0LB,CDR202600030770,DIRECT,-261,1
TXN251118T56VQ0,CDR202600030777,REVERSE,124,1
UPI250731FA2B42,CDR202600030783,SENDER_INCOMING_ACTIVITY,826,1
UPI250404CN6R1G,CDR202600030813,DIRECT,-862,1
UPI2508027YJ2EK,CDR202600030827,DIRECT,-81,1
ATM250619F796I7,CDR202600030829,SENDER_INCOMING_ACTIVITY,86,1
UPI250712P388C3,CDR202600030838,REVERSE,-265,1
TXN251021ZUHYQG,CDR202600030846,DIRECT,1440,1
ATM250816QPSPU9,CDR202600030849,SENDER_INCOMING_ACTIVITY,-100,1
UPI250929D5MML1,CDR202600030865,DIRECT,-40,1
IMPS250504AGEXG6,CDR202600030869,DIRECT,1397,1
TXN251103V2QU1G,CDR202600030880,SENDER_INCOMING_ACTIVITY,-165,1
ATM2512300GGHYB,CDR202600030890,RECEIVER_OUTGOING_ACTIVITY,3,1
ATM251222LN3B1J,CDR202600030913,SENDER_OUTGOING_ACTIVITY,11,1
UPI2508155K7ZR0,CDR202600030914,SENDER_INCOMING_ACTIVITY,-49,1
TXN251122FIDHDN,CDR202600030929,RECEIVER_OUTGOING_ACTIVITY,-54,1
IMPS251017MBNPQA,CDR202600030930,SENDER_INCOMING_ACTIVITY,139,1
ATM251024DG88N8,CDR202600030932,REVERSE,-480,1
ATM250106B3Z30Z,CDR202600030937,DIRECT,588,1
UPI250323LVPCIS,CDR202600030954,DIRECT,-1,1
ATM250723IUJ8ST,CDR202600030996,SENDER_OUTGOING_ACTIVITY,-60,1
IMPS250919VBP52K,CDR202600031048,DIRECT,45,1
UPI250331KFOGVK,CDR202600031049,SENDER_INCOMING_ACTIVITY,838,1
TXN250928XCCVPX,CDR202600031065,DIRECT,-1591,1
ATM250819IHB3XK,CDR202600031068,RECEIVER_INCOMING_ACTIVITY,-191,1
TXN250623E9E1F6,CDR202600031108,DIRECT,-23,1
IMPS250413T3G63F,CDR202600031139,REVERSE,985,1
TXN251225CIGQRO,CDR202600031140,DIRECT,-881,1
TXN25022639V61V,CDR202600031148,DIRECT,-200,1
ATM25011522SWTB,CDR202600031159,DIRECT,-60,1
UPI250812F9X0FE,CDR202600031198,SENDER_OUTGOING_ACTIVITY,268,1
UPI250823DXLVWP,CDR202600031211,DIRECT,572,1
TXN250206PIB6JT,CDR202600031219,SENDER_OUTGOING_ACTIVITY,60,1
ATM2502166Q4ZR4,CDR202600031251,SENDER_OUTGOING_ACTIVITY,60,1
TXN250427LSP8TH,CDR202600031272,DIRECT,1245,1
UPI250210PLD00D,CDR202600031276,DIRECT,1446,1
UPI250715WV1QQB,CDR202600031281,SENDER_INCOMING_ACTIVITY,17,1
ATM2510189BBEDY,CDR202600031324,REVERSE,185,1
TXN250522JALLHH,CDR202600031326,SENDER_INCOMING_ACTIVITY,172,1
ATM251124YN62LX,CDR202600031352,REVERSE,-245,1
ATM251003JOJRW6,CDR202600031357,REVERSE,-33,1
UPI250317PB80RK,CDR202600031359,SENDER_OUTGOING_ACTIVITY,774,1
UPI250803RJC4XM,CDR202600031367,SENDER_INCOMING_ACTIVITY,43,1
ATM251112GY1DC2,CDR202600031372,DIRECT,148,1
UPI251219TVDC92,CDR202600031378,SENDER_OUTGOING_ACTIVITY,-332,1
ATM25042816UD8G,CDR202600031411,REVERSE,262,1
IMPS250920CO44XR,CDR202600031424,SENDER_INCOMING_ACTIVITY,782,1
IMPS250803W0FSJL,CDR202600031432,SENDER_OUTGOING_ACTIVITY,-1389,1
ATM25112138ZMCZ,CDR202600031452,DIRECT,-438,1
IMPS250822I093QW,CDR202600031461,REVERSE,235,1
UPI251219YF94QR,CDR202600031469,RECEIVER_INCOMING_ACTIVITY,122,1
UPI251005XQ6EJ2,CDR202600031470,DIRECT,-14,1
UPI250927NI5UWS,CDR202600031488,SENDER_OUTGOING_ACTIVITY,-59,1
TXN250225BJAM3V,CDR202600031512,RECEIVER_OUTGOING_ACTIVITY,-491,1
ATM251115D85PNF,CDR202600031529,DIRECT,-375,1
UPI250216SRIHR2,CDR202600031531,SENDER_INCOMING_ACTIVITY,-38,1
TXN25061692N2AZ,CDR202600031558,DIRECT,250,1
UPI250821WWJ8NE,CDR202600031577,REVERSE,1094,1
UPI250814MTDJOE,CDR202600031591,DIRECT,191,1
UPI250902MQTWAG,CDR202600031649,DIRECT,262,1
TXN251216ARF3H7,CDR202600031660,DIRECT,-793,1
ATM250912XI0J6C,CDR202600031668,REVERSE,210,1
UPI2504129JNOE0,CDR202600031696,DIRECT,-114,1
ATM250531B7SH8G,CDR202600031751,SENDER_OUTGOING_ACTIVITY,-103,1
ATM250411N1Q3W2,CDR202600031763,REVERSE,75,1
IMPS250605OAMIVT,CDR202600031764,DIRECT,91,1
UPI2507072N9HIJ,CDR202600031776,DIRECT,319,1
UPI250407QYSI6K,CDR202600031783,DIRECT,-246,1
ATM25123117FJPC,CDR202600031786,DIRECT,36,1
ATM250903WWSAZ1,CDR202600031817,RECEIVER_INCOMING_ACTIVITY,333,1
ATM25040461ZOE2,CDR202600031823,DIRECT,-307,1
UPI2512312EKAKR,CDR202600031829,DIRECT,52,1
UPI25053119Z9KU,CDR202600031866,RECEIVER_OUTGOING_ACTIVITY,166,1
TXN250702CJB7DY,CDR202600031871,REVERSE,-401,1
ATM250819JGMQUG,CDR202600031883,RECEIVER_OUTGOING_ACTIVITY,-10,1
IMPS250621U84NRC,CDR202600031886,DIRECT,33,1
UPI2508266DWV0Z,CDR202600031888,SENDER_OUTGOING_ACTIVITY,-17,1
IMPS250304A4W4WM,CDR202600031897,DIRECT,67,1
ATM250601RVRH6P,CDR202600031898,SENDER_OUTGOING_ACTIVITY,-405,1
UPI250126VKWH20,CDR202600031907,RECEIVER_INCOMING_ACTIVITY,-57,1
ATM250718N82FAN,CDR202600031914,RECEIVER_OUTGOING_ACTIVITY,60,1
UPI250302Q72HSD,CDR202600031915,DIRECT,-86,1
UPI250219H93XQO,CDR202600031924,REVERSE,232,1
TXN250531RMWQ5A,CDR202600031932,DIRECT,-819,1
UPI2501111R1Y9C,CDR202600031947,DIRECT,704,1
UPI25101333XISZ,CDR202600031954,DIRECT,140,1
IMPS251205DJLUE3,CDR202600031972,DIRECT,-56,1
ATM250822YCEBGP,CDR202600031986,SENDER_OUTGOING_ACTIVITY,177,1
ATM250810SCC42L,CDR202600031999,RECEIVER_INCOMING_ACTIVITY,218,1
UPI250208AUWKP5,CDR202600032028,SENDER_INCOMING_ACTIVITY,-9,1
IMPS250325Y5J8I2,CDR202600032035,DIRECT,693,1
ATM250330J3MCBF,CDR202600032039,SENDER_OUTGOING_ACTIVITY,-988,1
IMPS250506MIWAW5,CDR202600032047,REVERSE,619,1
IMPS250111XGF73N,CDR202600032058,DIRECT,-167,1
TXN250428EGECGY,CDR202600032062,DIRECT,235,1
UPI250228EARAO7,CDR202600032066,DIRECT,637,1
ATM250323JZ7HX2,CDR202600032075,SENDER_INCOMING_ACTIVITY,-40,1
ATM25012090V33F,CDR202600032076,SENDER_INCOMING_ACTIVITY,-653,1
TXN25060900WG22,CDR202600032077,REVERSE,12,1
IMPS250529AIJSXC,CDR202600032083,RECEIVER_INCOMING_ACTIVITY,-133,1
ATM250904QM2OEQ,CDR202600032092,RECEIVER_OUTGOING_ACTIVITY,783,1
ATM25091218QQ57,CDR202600032099,DIRECT,-52,1
UPI250712TZCFL7,CDR202600032102,DIRECT,-117,1
ATM250819A5R9WV,CDR202600032125,REVERSE,192,1
UPI250412UL2G6M,CDR202600032140,SENDER_OUTGOING_ACTIVITY,283,1
UPI2504277NM81D,CDR202600032155,DIRECT,41,1
UPI250726VFWDB6,CDR202600032172,SENDER_OUTGOING_ACTIVITY,46,1
IMPS250803FZ3QIV,CDR202600032230,REVERSE,-295,1
UPI250914EG1U5G,CDR202600032241,REVERSE,377,1
UPI250130YB006A,CDR202600032265,SENDER_INCOMING_ACTIVITY,360,1
UPI250522U2RGU8,CDR202600032275,DIRECT,578,1
UPI250225JRWD9G,CDR202600032279,DIRECT,-863,1
TXN251230HZEXQ9,CDR202600032291,RECEIVER_OUTGOING_ACTIVITY,-179,1
ATM250303PX1PIS,CDR202600032297,DIRECT,-15,1
UPI251005QYVKZ2,CDR202600032303,DIRECT,1152,1
ATM250308H75VMP,CDR202600032340,RECEIVER_INCOMING_ACTIVITY,-21,1
UPI251115716XGN,CDR202600032349,DIRECT,48,1
TXN250530K1677F,CDR202600032356,RECEIVER_INCOMING_ACTIVITY,-74,1
UPI25031872ZVSF,CDR202600032365,REVERSE,58,1
ATM2505075WQEZZ,CDR202600032384,RECEIVER_OUTGOING_ACTIVITY,27,1
UPI251105D11R5O,CDR202600032409,SENDER_INCOMING_ACTIVITY,-31,1
ATM25121944Y0ZJ,CDR202600032438,DIRECT,-1795,1
TXN250419M5ZLEV,CDR202600032455,DIRECT,20,1
ATM251212AGTS0J,CDR202600032472,RECEIVER_INCOMING_ACTIVITY,-151,1
ATM250129DME27P,CDR202600032478,DIRECT,17,1
TXN2502090GR4U1,CDR202600032483,SENDER_OUTGOING_ACTIVITY,141,1
ATM251224245FK3,CDR202600032489,SENDER_INCOMING_ACTIVITY,-247,1
IMPS2509290EYN20,CDR202600032506,DIRECT,387,1
ATM250816FN1DI9,CDR202600032552,RECEIVER_OUTGOING_ACTIVITY,-8,1
TXN250625D0RIOI,CDR202600032576,DIRECT,-135,1
ATM2503020860PI,CDR202600032619,REVERSE,239,1
UPI250309EBFZ0P,CDR202600032623,SENDER_INCOMING_ACTIVITY,55,1
UPI2504222IVOXO,CDR202600032634,RECEIVER_INCOMING_ACTIVITY,-224,1
TXN250729I2G2L9,CDR202600032637,SENDER_INCOMING_ACTIVITY,1278,1
ATM25112612QB3E,CDR202600032641,REVERSE,374,1
TXN2512214RIQ7E,CDR202600032645,DIRECT,-8,1
UPI250821ST8QSY,CDR202600032654,DIRECT,-425,1
IMPS250702O1DIUS,CDR202600032655,SENDER_INCOMING_ACTIVITY,-1343,1
ATM250509EIBQYH,CDR202600032669,DIRECT,157,1
UPI2510295PN16B,CDR202600032701,SENDER_INCOMING_ACTIVITY,8,1
UPI250308XQDRSL,CDR202600032719,RECEIVER_INCOMING_ACTIVITY,17,1
UPI25120357NOKS,CDR202600032749,RECEIVER_INCOMING_ACTIVITY,216,1
ATM250705FGACPC,CDR202600032763,SENDER_INCOMING_ACTIVITY,-170,1
UPI251101J00HX2,CDR202600032776,RECEIVER_INCOMING_ACTIVITY,67,1
TXN2509236YYGXS,CDR202600032844,DIRECT,-5,1
TXN2510154G6URY,CDR202600032846,DIRECT,-621,1
UPI250111CS4V63,CDR202600032869,RECEIVER_OUTGOING_ACTIVITY,159,1
ATM25051471JRQN,CDR202600032887,SENDER_INCOMING_ACTIVITY,630,1
UPI250727KQYH2F,CDR202600032901,REVERSE,1447,1
TXN250806EPWS9B,CDR202600032907,SENDER_INCOMING_ACTIVITY,-294,1
UPI250109KJ20Z0,CDR202600032923,SENDER_INCOMING_ACTIVITY,1334,1
ATM250506LFWJZP,CDR202600032939,SENDER_OUTGOING_ACTIVITY,86,1
UPI250429CJ1VOK,CDR202600032958,SENDER_OUTGOING_ACTIVITY,98,1
IMPS2508245U52UL,CDR202600032967,SENDER_OUTGOING_ACTIVITY,281,1
UPI251205QV7O77,CDR202600033014,RECEIVER_OUTGOING_ACTIVITY,-171,1
IMPS250217G452IN,CDR202600033016,SENDER_OUTGOING_ACTIVITY,-613,1
TXN2509247VFM5H,CDR202600033032,SENDER_OUTGOING_ACTIVITY,713,1
ATM2509017OYSJ4,CDR202600033035,DIRECT,1160,1
UPI250808V31KY5,CDR202600033043,REVERSE,38,1
ATM251006JKYOZJ,CDR202600033054,DIRECT,289,1
TXN2511102M38ZF,CDR202600033078,DIRECT,29,1
ATM251117AMSY29,CDR202600033095,DIRECT,684,1
UPI25040934MZRP,CDR202600033111,DIRECT,-562,1
UPI250620FXFBYG,CDR202600033118,DIRECT,-1293,1
UPI250905RS02TL,CDR202600033123,RECEIVER_OUTGOING_ACTIVITY,85,1
ATM250312GSCPSM,CDR202600033127,DIRECT,56,1
UPI2510052FJDMD,CDR202600033130,DIRECT,-57,1
TXN250427W8D5LC,CDR202600033131,SENDER_INCOMING_ACTIVITY,241,1
UPI251116H1PC8O,CDR202600033132,SENDER_OUTGOING_ACTIVITY,976,1
TXN250226TGEJ05,CDR202600033139,SENDER_INCOMING_ACTIVITY,-175,1
TXN2512179MYX8R,CDR202600033149,SENDER_INCOMING_ACTIVITY,7,1
UPI2508270FU30K,CDR202600033157,DIRECT,4,1
TXN251009GL4TTD,CDR202600033189,DIRECT,54,1
ATM250904F6IXNY,CDR202600033203,DIRECT,23,1
UPI250103D7V911,CDR202600033213,DIRECT,694,1
TXN250831WKYEVD,CDR202600033245,DIRECT,-206,1
TXN250528BD6QNG,CDR202600033266,DIRECT,6,1
TXN250908YRND63,CDR202600033277,DIRECT,466,1
IMPS250705LBL6DC,CDR202600033296,REVERSE,-36,1
TXN250504X26UUB,CDR202600033299,DIRECT,1400,1
IMPS250102BHAIIW,CDR202600033313,RECEIVER_INCOMING_ACTIVITY,-349,1
ATM2508200M08YR,CDR202600033351,SENDER_OUTGOING_ACTIVITY,62,1
ATM250512O8U05M,CDR202600033374,SENDER_OUTGOING_ACTIVITY,98,1
UPI250519KTA3X4,CDR202600033404,DIRECT,605,1
TXN250524F16FYR,CDR202600033412,DIRECT,741,1
UPI250114YMSE6A,CDR202600033428,DIRECT,37,1
ATM250905SZRTKQ,CDR202600033439,SENDER_INCOMING_ACTIVITY,454,1
UPI250626Y52JS4,CDR202600033458,DIRECT,-78,1
TXN251128FAINOZ,CDR202600033462,RECEIVER_OUTGOING_ACTIVITY,-1485,1
IMPS2509060IO10Z,CDR202600033485,DIRECT,54,1
ATM251007TTWA52,CDR202600033534,SENDER_INCOMING_ACTIVITY,-53,1
UPI2507289M1NB0,CDR202600033538,DIRECT,-182,1
UPI250616153D8U,CDR202600033546,REVERSE,147,1
IMPS251228DIM6II,CDR202600033550,REVERSE,590,1
UPI250328CN9OWK,CDR202600033560,DIRECT,-17,1
ATM250713U2KW83,CDR202600033561,RECEIVER_INCOMING_ACTIVITY,427,1
ATM250524APC0F1,CDR202600033564,DIRECT,-10,1
TXN2510313NBHKI,CDR202600033570,DIRECT,1742,1
UPI251130WI8DN2,CDR202600033573,SENDER_INCOMING_ACTIVITY,-21,1
UPI250609RQWW3J,CDR202600033604,DIRECT,33,1
IMPS25062504RU35,CDR202600033613,RECEIVER_OUTGOING_ACTIVITY,-168,1
UPI2507150TKAZ9,CDR202600033626,SENDER_OUTGOING_ACTIVITY,-334,1
UPI250429CILFHA,CDR202600033632,REVERSE,1488,1
UPI250107J9U6V6,CDR202600033654,REVERSE,19,1
TXN250308JK9W0G,CDR202600033656,DIRECT,365,1
ATM250310RF5DXO,CDR202600033659,RECEIVER_OUTGOING_ACTIVITY,8,1
ATM250408H27A5S,CDR202600033664,RECEIVER_INCOMING_ACTIVITY,-146,1
UPI250401M7US7A,CDR202600033677,SENDER_INCOMING_ACTIVITY,50,1
UPI2502224X4C2T,CDR202600033699,SENDER_INCOMING_ACTIVITY,4,1
TXN250818LBIW5E,CDR202600033704,SENDER_OUTGOING_ACTIVITY,-25,1
UPI250726OICXSG,CDR202600033705,SENDER_OUTGOING_ACTIVITY,-16,1
ATM250122XNK44S,CDR202600033707,DIRECT,167,1
ATM25042479HH1X,CDR202600033720,DIRECT,99,1
TXN25072661MQZU,CDR202600033729,DIRECT,-789,1
ATM2505187WQA3U,CDR202600033736,SENDER_INCOMING_ACTIVITY,31,1
ATM2504241Z6J9X,CDR202600033753,REVERSE,182,1
ATM2509123OZVLA,CDR202600033784,SENDER_OUTGOING_ACTIVITY,262,1
IMPS250711B1GKXZ,CDR202600033788,DIRECT,467,1
UPI251027ZZP8NH,CDR202600033824,DIRECT,69,1
ATM251021DIIPYU,CDR202600033865,RECEIVER_INCOMING_ACTIVITY,-1620,1
TXN2506048TDHYN,CDR202600033874,REVERSE,-2,1
ATM250106IVWOE5,CDR202600033882,REVERSE,-87,1
ATM25012435BYLL,CDR202600033900,RECEIVER_OUTGOING_ACTIVITY,-423,1
ATM251228XMUAX1,CDR202600033923,RECEIVER_INCOMING_ACTIVITY,165,1
UPI2505110DH88W,CDR202600033937,SENDER_INCOMING_ACTIVITY,266,1
ATM250705J9I8ZH,CDR202600033950,DIRECT,-7,1
UPI2503053SRY3C,CDR202600033952,RECEIVER_OUTGOING_ACTIVITY,556,1
ATM251104B4RVC3,CDR202600033962,DIRECT,-375,1
TXN2501050DJQ1P,CDR202600033964,SENDER_INCOMING_ACTIVITY,13,1
ATM251106IX3VIX,CDR202600033972,DIRECT,-38,1
ATM250706YSSF4C,CDR202600033981,DIRECT,21,1
ATM250407KD08O9,CDR202600034013,RECEIVER_INCOMING_ACTIVITY,-292,1
ATM2501072WC3BN,CDR202600034017,DIRECT,206,1
UPI2504178LZ6U1,CDR202600034027,SENDER_INCOMING_ACTIVITY,122,1
TXN250817606KFR,CDR202600034034,RECEIVER_OUTGOING_ACTIVITY,537,1
TXN250408BZ1L00,CDR202600034035,RECEIVER_OUTGOING_ACTIVITY,49,1
ATM251005LPZQ0T,CDR202600034042,RECEIVER_OUTGOING_ACTIVITY,-44,1
UPI251219IK7E69,CDR202600034043,DIRECT,-1229,1
UPI250106G3DCMY,CDR202600034054,RECEIVER_OUTGOING_ACTIVITY,748,1
TXN250418EDP3VL,CDR202600034057,SENDER_OUTGOING_ACTIVITY,377,1
UPI2502056AZYLX,CDR202600034061,DIRECT,168,1
ATM250124V5AOSB,CDR202600034065,SENDER_INCOMING_ACTIVITY,425,1
ATM2510098PSZ5X,CDR202600034069,RECEIVER_INCOMING_ACTIVITY,-148,1
ATM250906B93LCY,CDR202600034074,RECEIVER_INCOMING_ACTIVITY,-185,1
UPI250831INQ7BV,CDR202600034082,SENDER_OUTGOING_ACTIVITY,362,1
UPI250413A5XUQH,CDR202600034086,SENDER_INCOMING_ACTIVITY,322,1
ATM250411NAZ89I,CDR202600034094,DIRECT,-132,1
ATM25030362TV5E,CDR202600034100,REVERSE,314,1
TXN250824RDPG1W,CDR202600034123,SENDER_OUTGOING_ACTIVITY,428,1
UPI250329SD9OHE,CDR202600034136,RECEIVER_OUTGOING_ACTIVITY,-309,1
ATM2507010LRV1Y,CDR202600034137,DIRECT,342,1
ATM2508241ZZO9X,CDR202600034138,DIRECT,-117,1
UPI25050180KRNF,CDR202600034142,DIRECT,-131,1
ATM250305IB1BAE,CDR202600034156,SENDER_OUTGOING_ACTIVITY,-246,1
IMPS251205N8IOK8,CDR202600034157,DIRECT,57,1
UPI250225WORD59,CDR202600034159,RECEIVER_OUTGOING_ACTIVITY,-12,1
UPI250116FVN9U4,CDR202600034183,SENDER_OUTGOING_ACTIVITY,572,1
TXN2505032M7XA2,CDR202600034188,RECEIVER_OUTGOING_ACTIVITY,-295,1
IMPS2502241KLU2R,CDR202600034211,REVERSE,1182,1
ATM250102WQ1GAZ,CDR202600034216,DIRECT,-952,1
ATM251210PD1CWC,CDR202600034224,RECEIVER_OUTGOING_ACTIVITY,693,1
UPI250314LO5GLF,CDR202600034232,REVERSE,-238,1
ATM250315GB44GV,CDR202600034261,DIRECT,46,1
ATM250121KKJWWE,CDR202600034281,REVERSE,-102,1
UPI251118EIEVYU,CDR202600034282,DIRECT,216,1
TXN250410XFU7J6,CDR202600034284,SENDER_OUTGOING_ACTIVITY,-145,1
UPI2508159P0C85,CDR202600034289,SENDER_INCOMING_ACTIVITY,-115,1
TXN251101E4LZQE,CDR202600034296,DIRECT,15,1
ATM2503243ZZCKG,CDR202600034300,SENDER_OUTGOING_ACTIVITY,-34,1
IMPS2507314DQG8A,CDR202600034313,SENDER_OUTGOING_ACTIVITY,10,1
TXN2501215OVYPK,CDR202600034329,RECEIVER_OUTGOING_ACTIVITY,135,1
UPI250522ZDRJ27,CDR202600034338,SENDER_OUTGOING_ACTIVITY,128,1
UPI250703G3Y8V7,CDR202600034360,DIRECT,16,1
TXN250916FG5U9M,CDR202600034361,RECEIVER_INCOMING_ACTIVITY,-803,1
UPI251103YOJYJ0,CDR202600034373,REVERSE,38,1
IMPS250811KTYSBV,CDR202600034376,SENDER_INCOMING_ACTIVITY,645,1
IMPS250412RZ8QMJ,CDR202600034388,DIRECT,-26,1
UPI2512150JTAHD,CDR202600034408,RECEIVER_INCOMING_ACTIVITY,-12,1
ATM251006JOHAB3,CDR202600034416,DIRECT,-119,1
ATM250128G52NB6,CDR202600034423,SENDER_OUTGOING_ACTIVITY,205,1
UPI251226UB8L0N,CDR202600034429,REVERSE,11,1
ATM251118VV4O63,CDR202600034434,REVERSE,-7,1
TXN250224MNWAQU,CDR202600034448,SENDER_OUTGOING_ACTIVITY,627,1
ATM250502KSTWU2,CDR202600034455,DIRECT,291,1
TXN25070479P0TC,CDR202600034461,SENDER_INCOMING_ACTIVITY,720,1
ATM2508092N2YG2,CDR202600034463,DIRECT,1,1
ATM250828BW5DN7,CDR202600034480,DIRECT,-23,1
UPI250207GJEF9K,CDR202600034482,RECEIVER_OUTGOING_ACTIVITY,767,1
UPI250509CT7K2Y,CDR202600034527,DIRECT,246,1
IMPS251104HO8G3X,CDR202600034535,REVERSE,-34,1
ATM250711XLRZ4L,CDR202600034540,RECEIVER_OUTGOING_ACTIVITY,1019,1
ATM250723N2YEG6,CDR202600034546,DIRECT,-109,1
UPI250803BWU1SO,CDR202600034581,REVERSE,12,1
TXN251206UVNQ3P,CDR202600034612,RECEIVER_INCOMING_ACTIVITY,59,1
UPI250416M25L62,CDR202600034632,SENDER_INCOMING_ACTIVITY,-130,1
UPI2510120IEVJL,CDR202600034643,DIRECT,-59,1
ATM251231HHG06T,CDR202600034649,SENDER_OUTGOING_ACTIVITY,-120,1
ATM25050287R2TE,CDR202600034655,SENDER_INCOMING_ACTIVITY,-143,1
UPI250920ELZNZS,CDR202600034707,SENDER_INCOMING_ACTIVITY,420,1
ATM2501209E8IEU,CDR202600034733,RECEIVER_OUTGOING_ACTIVITY,-117,1
UPI25061173L95T,CDR202600034749,RECEIVER_INCOMING_ACTIVITY,-113,1
ATM250626SZX0D9,CDR202600034758,DIRECT,91,1
UPI251014ZCQXRB,CDR202600034788,DIRECT,107,1
ATM251221ZLM54Q,CDR202600034791,SENDER_OUTGOING_ACTIVITY,831,1
ATM250315YXPFPB,CDR202600034801,DIRECT,19,1
UPI2505272L2OEJ,CDR202600034802,RECEIVER_OUTGOING_ACTIVITY,-728,1
UPI2509147CTK98,CDR202600034809,DIRECT,32,1
UPI250304BWNMPB,CDR202600034827,DIRECT,57,1
ATM251030EJBQ0K,CDR202600034832,REVERSE,-7,1
UPI250118L5Y4RG,CDR202600034851,DIRECT,12,1
ATM2504030XOD2S,CDR202600034852,DIRECT,1223,1
TXN250116FFKBOV,CDR202600034853,DIRECT,-90,1
TXN2505150BGOIV,CDR202600034903,DIRECT,164,1
TXN250904QWYTTD,CDR202600034913,DIRECT,15,1
UPI250731YAFBCV,CDR202600034923,DIRECT,-117,1
UPI2506289R0VMF,CDR202600034986,DIRECT,-18,1
ATM250212HXBGOF,CDR202600034987,RECEIVER_INCOMING_ACTIVITY,-782,1
UPI2503247DWG5P,CDR202600034991,DIRECT,-100,1
ATM250729UZJONR,CDR202600035013,SENDER_INCOMING_ACTIVITY,-44,1
ATM250323LMTKYU,CDR202600035037,SENDER_OUTGOING_ACTIVITY,-9,1
ATM251205I6UTZT,CDR202600035044,DIRECT,37,1
UPI250917LRXUSB,CDR202600035062,DIRECT,-2,1
ATM2510072OL4W4,CDR202600035092,RECEIVER_OUTGOING_ACTIVITY,34,1
TXN250623CW5TX2,CDR202600035096,SENDER_OUTGOING_ACTIVITY,-297,1
UPI250129H1CMDD,CDR202600035102,DIRECT,-60,1
UPI250909C8HFKJ,CDR202600035143,DIRECT,796,1
TXN250719B8RPP2,CDR202600035155,REVERSE,18,1
ATM250128U8VW5C,CDR202600035169,RECEIVER_OUTGOING_ACTIVITY,982,1
TXN250621WNW7TB,CDR202600035199,SENDER_OUTGOING_ACTIVITY,-624,1
ATM250826X06RJP,CDR202600035222,SENDER_OUTGOING_ACTIVITY,-39,1
ATM250206NGTIBL,CDR202600035223,SENDER_INCOMING_ACTIVITY,90,1
ATM251111Z6K729,CDR202600035263,REVERSE,-509,1
IMPS250306UJZVT7,CDR202600035279,REVERSE,-150,1
ATM250908ZO6ELP,CDR202600035287,RECEIVER_INCOMING_ACTIVITY,51,1
ATM250705FC8OUI,CDR202600035296,SENDER_OUTGOING_ACTIVITY,1647,1
UPI250326IP52L9,CDR202600035322,SENDER_OUTGOING_ACTIVITY,-12,1
UPI250213H8MXQ2,CDR202600035329,SENDER_OUTGOING_ACTIVITY,-534,1
TXN250625R2RF1F,CDR202600035351,REVERSE,19,1
UPI250306BVZ3BN,CDR202600035371,DIRECT,-167,1
ATM2509201K35XK,CDR202600035389,DIRECT,-855,1
TXN250404F1CZ2P,CDR202600035403,SENDER_OUTGOING_ACTIVITY,357,1
IMPS251121BDHFFA,CDR202600035418,SENDER_OUTGOING_ACTIVITY,54,1
TXN250124CUDAHA,CDR202600035427,RECEIVER_OUTGOING_ACTIVITY,-139,1
UPI251122078EIX,CDR202600035439,REVERSE,228,1
ATM250207D3IZC0,CDR202600035451,SENDER_OUTGOING_ACTIVITY,-789,1
ATM251227UT7YUU,CDR202600035456,DIRECT,-49,1
TXN250929KJIS8Y,CDR202600035460,SENDER_INCOMING_ACTIVITY,-12,1
TXN250611MRT5KN,CDR202600035463,DIRECT,-245,1
UPI25102318UK3J,CDR202600035487,SENDER_OUTGOING_ACTIVITY,-48,1
UPI251214O4LH73,CDR202600035497,SENDER_INCOMING_ACTIVITY,114,1
ATM251111R3RN2V,CDR202600035512,REVERSE,-24,1
UPI2509198MTURV,CDR202600035514,REVERSE,60,1
TXN2509202GDIUX,CDR202600035532,RECEIVER_INCOMING_ACTIVITY,245,1
UPI250719UANAAF,CDR202600035536,SENDER_OUTGOING_ACTIVITY,-49,1
TXN25071545NZC3,CDR202600035573,REVERSE,-112,1
UPI250501WMC20H,CDR202600035575,REVERSE,-34,1
ATM251019FHF03M,CDR202600035577,RECEIVER_INCOMING_ACTIVITY,285,1
ATM250628ZWGI8U,CDR202600035588,SENDER_INCOMING_ACTIVITY,541,1
TXN25010694E82X,CDR202600035595,RECEIVER_INCOMING_ACTIVITY,-99,1
ATM251007H4FM2Q,CDR202600035602,SENDER_OUTGOING_ACTIVITY,6,1
TXN250428O10CRF,CDR202600035653,DIRECT,1314,1
UPI251230JIN8E6,CDR202600035658,SENDER_OUTGOING_ACTIVITY,1119,1
UPI250828FTI0MB,CDR202600035663,DIRECT,-48,1
TXN250122ZUYLFZ,CDR202600035688,REVERSE,1069,1
TXN251226A3266A,CDR202600035694,SENDER_OUTGOING_ACTIVITY,191,1
TXN251014QP9FOU,CDR202600035717,DIRECT,-269,1
UPI250109T2G431,CDR202600035724,REVERSE,-55,1
ATM251207DTP84Z,CDR202600035776,DIRECT,82,1
UPI25100992BESV,CDR202600035795,SENDER_INCOMING_ACTIVITY,-276,1
TXN250617EZ9Q37,CDR202600035801,RECEIVER_INCOMING_ACTIVITY,221,1
UPI250205CY8RA8,CDR202600035846,RECEIVER_OUTGOING_ACTIVITY,-34,1
TXN250420H2MSG7,CDR202600035862,DIRECT,38,1
ATM250514LMKXME,CDR202600035870,SENDER_OUTGOING_ACTIVITY,-464,1
ATM250725FRDND8,CDR202600035884,SENDER_INCOMING_ACTIVITY,1268,1
TXN250815317I49,CDR202600035911,SENDER_OUTGOING_ACTIVITY,-459,1
ATM250801RTQUDW,CDR202600035912,SENDER_INCOMING_ACTIVITY,-871,1
UPI2506200YZWPS,CDR202600035943,SENDER_INCOMING_ACTIVITY,491,1
IMPS2511309D6F8E,CDR202600035963,RECEIVER_INCOMING_ACTIVITY,58,1
TXN250528Z6SNX1,CDR202600035965,REVERSE,-30,1
ATM250125I58MFV,CDR202600035972,SENDER_INCOMING_ACTIVITY,604,1
IMPS2508146E1SUS,CDR202600035974,REVERSE,-282,1
ATM251220G9CUMN,CDR202600035980,SENDER_INCOMING_ACTIVITY,-292,1
IMPS2508082A557C,CDR202600035990,DIRECT,-218,1
TXN250403L3AER6,CDR202600036000,DIRECT,39,1
ATM250331D8GO6K,CDR202600036003,DIRECT,-216,1
ATM250221AR57NG,CDR202600036007,DIRECT,-129,1
IMPS2506276Q9Q2X,CDR202600036017,DIRECT,-705,1
ATM250107J9S8U2,CDR202600036065,REVERSE,524,1
ATM25052836GK52,CDR202600036098,SENDER_OUTGOING_ACTIVITY,23,1
ATM250802XY94GA,CDR202600036100,RECEIVER_OUTGOING_ACTIVITY,1795,1
ATM250909WCLNZC,CDR202600036102,DIRECT,44,1
IMPS250218SRGQXA,CDR202600036140,DIRECT,580,1
ATM250607QJ1OIF,CDR202600036141,SENDER_OUTGOING_ACTIVITY,-140,1
ATM250720OZAHWE,CDR202600036165,RECEIVER_INCOMING_ACTIVITY,675,1
ATM2511232GMTJ2,CDR202600036200,RECEIVER_INCOMING_ACTIVITY,-543,1
ATM251209GYQP9L,CDR202600036241,DIRECT,788,1
IMPS251026HDQRSE,CDR202600036287,DIRECT,-47,1
TXN250410XE7UWW,CDR202600036324,DIRECT,-6,1
TXN250205FXN1XS,CDR202600036333,SENDER_INCOMING_ACTIVITY,-140,1
ATM250611L6C9XJ,CDR202600036341,SENDER_OUTGOING_ACTIVITY,520,1
ATM251028ZUSYJN,CDR202600036346,DIRECT,274,1
TXN250512I44IA3,CDR202600036352,RECEIVER_INCOMING_ACTIVITY,6,1
UPI251213T2WNYY,CDR202600036353,DIRECT,287,1
ATM2505128TMKF9,CDR202600036365,REVERSE,-604,1
TXN2512010OM1IX,CDR202600036372,RECEIVER_OUTGOING_ACTIVITY,290,1
TXN25090535S5C4,CDR202600036375,RECEIVER_INCOMING_ACTIVITY,175,1
TXN251003TE0RV0,CDR202600036383,DIRECT,-220,1
TXN250815DUBJIJ,CDR202600036390,DIRECT,-30,1
UPI250226DGZ19U,CDR202600036398,RECEIVER_INCOMING_ACTIVITY,117,1
ATM250309Z4UO7M,CDR202600036418,SENDER_OUTGOING_ACTIVITY,1478,1
ATM250802R2JEJI,CDR202600036431,DIRECT,30,1
ATM251124DAKZZJ,CDR202600036432,SENDER_INCOMING_ACTIVITY,677,1
TXN25052684MLXJ,CDR202600036438,SENDER_INCOMING_ACTIVITY,1009,1
UPI250515L3VN4K,CDR202600036459,DIRECT,-95,1
UPI250820LXOCTF,CDR202600036491,DIRECT,861,1
UPI250221BD9D42,CDR202600036498,REVERSE,125,1
ATM250613ZY53N1,CDR202600036511,REVERSE,-10,1
IMPS2505015WD2IO,CDR202600036512,REVERSE,186,1
ATM250331QT6OHG,CDR202600036518,SENDER_OUTGOING_ACTIVITY,-256,1
ATM251127AXT79J,CDR202600036537,DIRECT,-28,1
ATM2504271QO6Z0,CDR202600036539,SENDER_INCOMING_ACTIVITY,-529,1
ATM251007GDP9BY,CDR202600036541,DIRECT,-834,1
TXN2501220Q49RQ,CDR202600036572,SENDER_OUTGOING_ACTIVITY,-57,1
ATM25010998E3R0,CDR202600036580,RECEIVER_OUTGOING_ACTIVITY,-62,1
TXN251024VKM6WQ,CDR202600036598,SENDER_INCOMING_ACTIVITY,-190,1
UPI251201470VDB,CDR202600036607,RECEIVER_INCOMING_ACTIVITY,-331,1
ATM250203ENKFBH,CDR202600036629,SENDER_OUTGOING_ACTIVITY,-73,1
ATM250329EV20ZT,CDR202600036641,REVERSE,-981,1
ATM25082790IXIF,CDR202600036667,RECEIVER_OUTGOING_ACTIVITY,738,1
UPI250222QC7GGF,CDR202600036676,RECEIVER_OUTGOING_ACTIVITY,12,1
UPI250118TQ8MDE,CDR202600036690,REVERSE,-237,1
ATM25031791NCLP,CDR202600036693,RECEIVER_INCOMING_ACTIVITY,-529,1
UPI2509107OFZJR,CDR202600036695,REVERSE,-50,1
ATM250107BLA91J,CDR202600036705,DIRECT,1087,1
TXN250801WNZ1R2,CDR202600036722,DIRECT,847,1
TXN251127YJZVTL,CDR202600036724,SENDER_OUTGOING_ACTIVITY,-725,1
TXN250624H0MQE5,CDR202600036762,SENDER_INCOMING_ACTIVITY,-691,1
ATM250423SRPXVL,CDR202600036763,SENDER_INCOMING_ACTIVITY,78,1
UPI2511068UDND5,CDR202600036771,REVERSE,1798,1
IMPS250610O5DE1R,CDR202600036866,SENDER_OUTGOING_ACTIVITY,1593,1
ATM250428QESEL9,CDR202600036868,REVERSE,190,1
TXN2508229PCT5Z,CDR202600036872,RECEIVER_OUTGOING_ACTIVITY,-744,1
IMPS250119HMBZXI,CDR202600036892,DIRECT,338,1
ATM250422DJ4E7V,CDR202600036899,DIRECT,1563,1
ATM250619YBTSPE,CDR202600036915,DIRECT,-624,1
ATM25020828HJGP,CDR202600036919,RECEIVER_OUTGOING_ACTIVITY,1323,1
ATM250909FVAS4A,CDR202600036923,RECEIVER_OUTGOING_ACTIVITY,-174,1
TXN251109LF2U2M,CDR202600036926,REVERSE,53,1
ATM250128A3C1SP,CDR202600036944,SENDER_INCOMING_ACTIVITY,-28,1
UPI2502035TFU4C,CDR202600036986,DIRECT,-46,1
ATM2502033ZNV7K,CDR202600036996,SENDER_OUTGOING_ACTIVITY,-187,1
UPI2503262HNLBM,CDR202600037002,SENDER_INCOMING_ACTIVITY,-147,1
TXN250604IZ143T,CDR202600037005,SENDER_INCOMING_ACTIVITY,39,1
ATM251031K9I1ZK,CDR202600037017,RECEIVER_INCOMING_ACTIVITY,-867,1
ATM250713N5UOM0,CDR202600037020,RECEIVER_OUTGOING_ACTIVITY,-49,1
UPI250423DTD7ON,CDR202600037024,DIRECT,229,1
UPI250309FL7RWR,CDR202600037030,SENDER_OUTGOING_ACTIVITY,-169,1
UPI250814BGHF36,CDR202600037035,SENDER_INCOMING_ACTIVITY,100,1
UPI250809U52A8Y,CDR202600037036,DIRECT,-71,1
UPI250111T5SB65,CDR202600037041,SENDER_OUTGOING_ACTIVITY,682,1
UPI250611CRDQY9,CDR202600037042,DIRECT,15,1
UPI251101IVU273,CDR202600037045,DIRECT,656,1
ATM250525S06BWA,CDR202600037046,SENDER_INCOMING_ACTIVITY,589,1
UPI250227T9VMUA,CDR202600037049,RECEIVER_OUTGOING_ACTIVITY,-134,1
TXN250513W9Q0YC,CDR202600037111,SENDER_INCOMING_ACTIVITY,-109,1
UPI250926UAO4T3,CDR202600037113,DIRECT,-198,1
ATM25033167QDTK,CDR202600037118,DIRECT,255,1
ATM2512032I51F4,CDR202600037126,DIRECT,-692,1
TXN251006UDN3VD,CDR202600037128,SENDER_OUTGOING_ACTIVITY,10,1
ATM250801SFA67Q,CDR202600037133,DIRECT,-427,1
ATM2505041G567M,CDR202600037151,RECEIVER_INCOMING_ACTIVITY,-49,1
ATM250312HMT1CV,CDR202600037179,RECEIVER_INCOMING_ACTIVITY,-664,1
TXN250423A0MI02,CDR202600037180,DIRECT,-392,1
IMPS250718QK004S,CDR202600037197,DIRECT,125,1
UPI250321XE4KE4,CDR202600037213,REVERSE,19,1
TXN25101569QBSC,CDR202600037214,SENDER_INCOMING_ACTIVITY,182,1
ATM2504083UY128,CDR202600037218,SENDER_INCOMING_ACTIVITY,-41,1
IMPS250107FE5WMD,CDR202600037224,DIRECT,52,1
ATM250501RVBPSF,CDR202600037264,RECEIVER_OUTGOING_ACTIVITY,616,1
UPI250620SQXXSX,CDR202600037282,SENDER_INCOMING_ACTIVITY,804,1
TXN250523I286N9,CDR202600037288,REVERSE,-22,1
UPI250125QE12ZA,CDR202600037303,REVERSE,285,1
UPI250130DIB968,CDR202600037320,DIRECT,819,1
ATM250705D9AGWI,CDR202600037323,RECEIVER_OUTGOING_ACTIVITY,-1749,1
UPI250720F56Y08,CDR202600037325,DIRECT,248,1
UPI250523PFVF4Q,CDR202600037330,DIRECT,457,1
ATM250206SMPYOZ,CDR202600037348,SENDER_INCOMING_ACTIVITY,89,1
TXN250807QR842V,CDR202600037363,SENDER_OUTGOING_ACTIVITY,-144,1
TXN251106KRY04N,CDR202600037369,DIRECT,-96,1
ATM250615BTHKUK,CDR202600037371,SENDER_INCOMING_ACTIVITY,-22,1
ATM251117GV5GTA,CDR202600037411,SENDER_INCOMING_ACTIVITY,106,1
ATM2502262G7GJO,CDR202600037450,SENDER_OUTGOING_ACTIVITY,-203,1
UPI250901L2EL0K,CDR202600037508,SENDER_OUTGOING_ACTIVITY,-421,1
ATM250524CFTLG3,CDR202600037541,SENDER_INCOMING_ACTIVITY,-362,1
ATM250727MA3T2X,CDR202600037563,DIRECT,-360,1
UPI2507091ECZIW,CDR202600037591,SENDER_OUTGOING_ACTIVITY,204,1
UPI251215FZ5ZUM,CDR202600037601,SENDER_INCOMING_ACTIVITY,3,1
TXN250715MBTRSL,CDR202600037613,SENDER_OUTGOING_ACTIVITY,-1043,1
UPI251121DK6TLV,CDR202600037641,SENDER_INCOMING_ACTIVITY,-3,1
ATM251102YT67OR,CDR202600037664,DIRECT,-126,1
UPI251014S85643,CDR202600037706,SENDER_INCOMING_ACTIVITY,-138,1
UPI250610CA1AU6,CDR202600037724,DIRECT,896,1
ATM251022VI7WFD,CDR202600037746,SENDER_INCOMING_ACTIVITY,-39,1
TXN250122KQ9DT1,CDR202600037749,DIRECT,48,1
IMPS2505037PVW9J,CDR202600037755,DIRECT,14,1
ATM251212TVU0JW,CDR202600037773,DIRECT,-12,1
UPI250626KALSW3,CDR202600037779,SENDER_INCOMING_ACTIVITY,140,1
ATM250506LWJF5H,CDR202600037783,SENDER_OUTGOING_ACTIVITY,-162,1
TXN250425AVGR8O,CDR202600037786,DIRECT,-18,1
TXN251112EBP4LB,CDR202600037789,SENDER_INCOMING_ACTIVITY,-170,1
TXN251215JLDMLY,CDR202600037821,DIRECT,190,1
TXN251222G6WCME,CDR202600037856,DIRECT,1179,1
TXN2507083CU0MP,CDR202600037862,DIRECT,32,1
ATM250602PGG2AD,CDR202600037879,DIRECT,-772,1
TXN251012C1IKM1,CDR202600037911,DIRECT,574,1
TXN250306L2WB0S,CDR202600037935,RECEIVER_OUTGOING_ACTIVITY,-99,1
ATM250804EZITUD,CDR202600037950,RECEIVER_OUTGOING_ACTIVITY,54,1
UPI2507027B740D,CDR202600037984,DIRECT,-49,1
UPI250108O9O2M4,CDR202600038003,RECEIVER_OUTGOING_ACTIVITY,260,1
TXN250625E3EY4M,CDR202600038017,DIRECT,-795,1
IMPS250128THZ89P,CDR202600038028,REVERSE,292,1
UPI250827M8CAXE,CDR202600038043,SENDER_OUTGOING_ACTIVITY,-126,1
ATM250312OVLH75,CDR202600038063,DIRECT,-490,1
UPI251001TML43Z,CDR202600038078,SENDER_OUTGOING_ACTIVITY,453,1
TXN250620B9S2SZ,CDR202600038079,DIRECT,-419,1
TXN250201BXNCO9,CDR202600038094,SENDER_OUTGOING_ACTIVITY,7,1
ATM250421MF29BS,CDR202600038099,DIRECT,223,1
ATM2506259G5U7P,CDR202600038102,SENDER_INCOMING_ACTIVITY,33,1
IMPS250609I50K0I,CDR202600038107,SENDER_INCOMING_ACTIVITY,671,1
UPI250803AAAGGZ,CDR202600038117,RECEIVER_INCOMING_ACTIVITY,-61,1
ATM251212XMZBXE,CDR202600038124,DIRECT,785,1
UPI250104TTQAYI,CDR202600038144,SENDER_INCOMING_ACTIVITY,-888,1
UPI251016BIZPEZ,CDR202600038166,DIRECT,278,1
ATM250424OWGZY2,CDR202600038176,SENDER_OUTGOING_ACTIVITY,-80,1
ATM251216UHXHI4,CDR202600038177,RECEIVER_INCOMING_ACTIVITY,88,1
TXN250718G7JSH0,CDR202600038186,RECEIVER_OUTGOING_ACTIVITY,561,1
ATM250608ZXYJK2,CDR202600038196,DIRECT,-380,1
ATM250503FJG48T,CDR202600038197,SENDER_INCOMING_ACTIVITY,-44,1
UPI250910XPOJOM,CDR202600038198,RECEIVER_INCOMING_ACTIVITY,60,1
UPI251127B4465W,CDR202600038202,RECEIVER_OUTGOING_ACTIVITY,501,1
TXN250529KRH30F,CDR202600038211,DIRECT,769,1
ATM2503077XWIO6,CDR202600038220,SENDER_OUTGOING_ACTIVITY,-28,1
UPI250809O91M1K,CDR202600038241,DIRECT,507,1
IMPS250826OZXZIX,CDR202600038269,REVERSE,-21,1
TXN250819XKPW0X,CDR202600038290,DIRECT,279,1
ATM25081571HSBW,CDR202600038337,REVERSE,-177,1
UPI250308P4BFUM,CDR202600038358,SENDER_OUTGOING_ACTIVITY,-33,1
TXN251014EI2HKU,CDR202600038385,RECEIVER_INCOMING_ACTIVITY,-51,1
ATM250316191IIN,CDR202600038396,DIRECT,-11,1
UPI250602P0XTB3,CDR202600038406,SENDER_INCOMING_ACTIVITY,-1110,1
ATM251123BKXI3H,CDR202600038447,DIRECT,485,1
TXN2507152M6IAT,CDR202600038462,RECEIVER_OUTGOING_ACTIVITY,-616,1
UPI251224BCZSE9,CDR202600038468,REVERSE,-79,1
ATM250119HUZEXB,CDR202600038517,SENDER_INCOMING_ACTIVITY,-359,1
ATM250302AL3GPE,CDR202600038523,SENDER_INCOMING_ACTIVITY,415,1
UPI2511171IRU5L,CDR202600038528,SENDER_OUTGOING_ACTIVITY,882,1
UPI250207YNYJCA,CDR202600038535,DIRECT,663,1
UPI250210LN2PWW,CDR202600038550,SENDER_OUTGOING_ACTIVITY,-183,1
TXN251224VG1CD3,CDR202600038560,SENDER_OUTGOING_ACTIVITY,-29,1
ATM2503262KLGKQ,CDR202600038572,REVERSE,-274,1
UPI250428BKLPO9,CDR202600038579,RECEIVER_OUTGOING_ACTIVITY,-57,1
ATM251221XX7C6C,CDR202600038580,RECEIVER_OUTGOING_ACTIVITY,-67,1
UPI251204WS93MJ,CDR202600038597,SENDER_INCOMING_ACTIVITY,-487,1
UPI250130SOVT7W,CDR202600038607,DIRECT,-41,1
ATM250822DE02VW,CDR202600038641,DIRECT,-1702,1
ATM250208DR4NEU,CDR202600038662,DIRECT,-629,1
UPI250121K0NPI8,CDR202600038670,DIRECT,-54,1
ATM2507205YF4M1,CDR202600038673,DIRECT,548,1
ATM25110284E6NN,CDR202600038681,DIRECT,-26,1
UPI251009DDJLMY,CDR202600038684,REVERSE,-306,1
ATM2502289EXX5Z,CDR202600038685,DIRECT,1118,1
UPI2502089PXPOG,CDR202600038719,DIRECT,51,1
UPI250922GHG7RX,CDR202600038725,SENDER_OUTGOING_ACTIVITY,-1752,1
TXN250918N0WKYJ,CDR202600038750,REVERSE,-1287,1
UPI2505236CH9G3,CDR202600038782,SENDER_INCOMING_ACTIVITY,509,1
ATM250429A2TO6T,CDR202600038802,SENDER_OUTGOING_ACTIVITY,-618,1
ATM251031AKR0IN,CDR202600038805,DIRECT,-35,1
ATM250115F56PY4,CDR202600038818,DIRECT,31,1
TXN2510300BOR53,CDR202600038827,DIRECT,-97,1
ATM250806CMZP65,CDR202600038840,SENDER_OUTGOING_ACTIVITY,-709,1
ATM2512053GR8I2,CDR202600038866,RECEIVER_OUTGOING_ACTIVITY,-2,1
UPI251029MWI6HI,CDR202600038879,RECEIVER_INCOMING_ACTIVITY,34,1
IMPS250601QW02Q8,CDR202600038909,REVERSE,-478,1
TXN250703KQDO6J,CDR202600038923,SENDER_INCOMING_ACTIVITY,722,1
ATM250317LM0RHM,CDR202600038942,DIRECT,699,1
ATM250407RJW19H,CDR202600038946,SENDER_INCOMING_ACTIVITY,-10,1
ATM250814TP96EW,CDR202600038951,DIRECT,-188,1
TXN250803IFOIXJ,CDR202600038965,DIRECT,-240,1
IMPS250126WUHLIK,CDR202600038972,RECEIVER_OUTGOING_ACTIVITY,17,1
TXN250710K8EKC4,CDR202600038990,DIRECT,56,1
ATM250228IT3346,CDR202600038999,DIRECT,21,1
UPI250706BD2TSJ,CDR202600039011,RECEIVER_OUTGOING_ACTIVITY,-8,1
TXN25040639JTLU,CDR202600039025,RECEIVER_OUTGOING_ACTIVITY,-24,1
UPI250808C02XC6,CDR202600039042,SENDER_INCOMING_ACTIVITY,-68,1
TXN250828I2R7QY,CDR202600039056,SENDER_OUTGOING_ACTIVITY,581,1
UPI250815IXIJQR,CDR202600039067,RECEIVER_OUTGOING_ACTIVITY,259,1
UPI250514FQEJV1,CDR202600039068,SENDER_INCOMING_ACTIVITY,530,1
UPI250819Z6VM2W,CDR202600039073,RECEIVER_OUTGOING_ACTIVITY,812,1
UPI250712AQKSF6,CDR202600039085,DIRECT,-233,1
ATM250119EPWBUZ,CDR202600039111,DIRECT,909,1
ATM250928C91TXC,CDR202600039134,REVERSE,-170,1
IMPS2502054O404J,CDR202600039181,RECEIVER_INCOMING_ACTIVITY,227,1
TXN251020S9E2LL,CDR202600039184,SENDER_INCOMING_ACTIVITY,-1256,1
UPI251206T7AIL4,CDR202600039191,DIRECT,18,1
IMPS250408GATQUW,CDR202600039192,DIRECT,1615,1
ATM250411LMM9U5,CDR202600039213,DIRECT,-206,1
UPI250530O0LJ7T,CDR202600039226,DIRECT,240,1
UPI251005CWKTYZ,CDR202600039228,DIRECT,-591,1
UPI25100294XVAI,CDR202600039241,REVERSE,-47,1
ATM250325VN429F,CDR202600039248,DIRECT,-133,1
ATM250523W0XIBK,CDR202600039292,SENDER_INCOMING_ACTIVITY,421,1
IMPS2502100UXAFL,CDR202600039294,DIRECT,34,1
UPI250207K1QP39,CDR202600039300,SENDER_OUTGOING_ACTIVITY,-166,1
TXN250621KSLX39,CDR202600039307,DIRECT,269,1
TXN250723JPQX2X,CDR202600039317,SENDER_OUTGOING_ACTIVITY,5,1
UPI250301141R1O,CDR202600039319,SENDER_INCOMING_ACTIVITY,-261,1
TXN250222LJYN5I,CDR202600039327,DIRECT,-29,1
ATM250623LYK57I,CDR202600039372,RECEIVER_INCOMING_ACTIVITY,1400,1
TXN250102DP4FMP,CDR202600039407,DIRECT,731,1
ATM250425GCXY4H,CDR202600039424,SENDER_INCOMING_ACTIVITY,29,1
ATM25060633G1YC,CDR202600039428,SENDER_OUTGOING_ACTIVITY,239,1
IMPS250614T7MDXN,CDR202600039446,DIRECT,-23,1
ATM250920MLNI4M,CDR202600039461,DIRECT,-267,1
ATM2502150M3N3A,CDR202600039466,SENDER_OUTGOING_ACTIVITY,7,1
IMPS2512183ER317,CDR202600039483,SENDER_OUTGOING_ACTIVITY,-1414,1
TXN250731UBI5J5,CDR202600039488,RECEIVER_INCOMING_ACTIVITY,199,1
UPI25080138DA29,CDR202600039493,DIRECT,-41,1
ATM250420WLT3BZ,CDR202600039499,SENDER_OUTGOING_ACTIVITY,-16,1
UPI250614DQ5JDO,CDR202600039511,REVERSE,3,1
UPI2510114RWX3Q,CDR202600039548,DIRECT,128,1
TXN250921RYZJS6,CDR202600039560,SENDER_INCOMING_ACTIVITY,196,1
ATM2509039Z11JH,CDR202600039563,SENDER_INCOMING_ACTIVITY,1294,1
UPI250913CGVHI8,CDR202600039565,SENDER_INCOMING_ACTIVITY,48,1
TXN250119TYPD67,CDR202600039568,SENDER_INCOMING_ACTIVITY,-41,1
UPI2505190GN5BW,CDR202600039572,DIRECT,-11,1
ATM251109PFV8GL,CDR202600039578,REVERSE,-824,1
TXN25080886OG34,CDR202600039582,DIRECT,-124,1
UPI250602W5FQ8O,CDR202600039602,SENDER_OUTGOING_ACTIVITY,-11,1
ATM2509200U04ET,CDR202600039605,SENDER_OUTGOING_ACTIVITY,-6,1
UPI250221ZQGYOB,CDR202600039703,DIRECT,335,1
UPI251229RDGFSB,CDR202600039716,DIRECT,-24,1
UPI251031JX3O1Z,CDR202600039731,DIRECT,140,1
ATM250205W4ZHVE,CDR202600039739,REVERSE,-42,1
TXN2506117UTYX9,CDR202600039744,REVERSE,-709,1
ATM250404AC33M8,CDR202600039750,SENDER_INCOMING_ACTIVITY,696,1
UPI2508037WVQ3H,CDR202600039762,SENDER_INCOMING_ACTIVITY,-161,1
UPI250525SC62ST,CDR202600039776,DIRECT,-196,1
ATM251115YVWHPI,CDR202600039792,DIRECT,-176,1
ATM251102FMDIRE,CDR202600039793,DIRECT,-276,1
UPI2510292OVAIH,CDR202600039812,REVERSE,-1247,1
UPI250715XMYO4C,CDR202600039822,RECEIVER_OUTGOING_ACTIVITY,2,1
UPI250506WL62GT,CDR202600039851,DIRECT,58,1
IMPS251002DU5NGM,CDR202600039863,SENDER_OUTGOING_ACTIVITY,-128,1
TXN251212ET4DQE,CDR202600039880,DIRECT,-81,1
ATM250507MPONQZ,CDR202600039887,DIRECT,18,1
UPI2503278YN9G6,CDR202600039888,DIRECT,237,1
UPI250107G1KVR6,CDR202600039895,SENDER_OUTGOING_ACTIVITY,1646,1
IMPS250204XIEQOE,CDR202600039935,REVERSE,43,1
TXN251224RGMFF5,CDR202600039956,REVERSE,-212,1
ATM251006RDSTHK,CDR202600039958,DIRECT,-19,1
ATM2511282M9OID,CDR202600039982,REVERSE,-164,1
UPI250403B1FPVG,CDR202600039985,REVERSE,-23,1
ATM251111GUR4V6,CDR202600039989,SENDER_INCOMING_ACTIVITY,118,1
TXN250318P9L6YP,CDR202600040007,RECEIVER_OUTGOING_ACTIVITY,-275,1
ATM250607YALS1W,CDR202600040010,DIRECT,-226,1
ATM250326NJCD8J,CDR202600040018,RECEIVER_OUTGOING_ACTIVITY,440,1
ATM250818OJLWOQ,CDR202600040036,RECEIVER_INCOMING_ACTIVITY,351,1
TXN251220IUJMOL,CDR202600040037,SENDER_INCOMING_ACTIVITY,-19,1
ATM251101F12GZK,CDR202600040062,REVERSE,19,1
UPI250121RZXN9B,CDR202600040065,DIRECT,-284,1
TXN250328CE6WZM,CDR202600040131,SENDER_INCOMING_ACTIVITY,-21,1
ATM2512173LJVG2,CDR202600040137,REVERSE,-34,1
UPI251024RKTF5O,CDR202600040144,RECEIVER_OUTGOING_ACTIVITY,-4,1
UPI251227TYEUR7,CDR202600040172,SENDER_INCOMING_ACTIVITY,-508,1
TXN250226GTOYRC,CDR202600040173,SENDER_OUTGOING_ACTIVITY,-11,1
ATM250818XSH5IZ,CDR202600040179,SENDER_INCOMING_ACTIVITY,-308,1
ATM250420GDD9NQ,CDR202600040183,REVERSE,-323,1
TXN250226CFOSDK,CDR202600040192,REVERSE,-378,1
TXN250514EI49SJ,CDR202600040218,DIRECT,-241,1
ATM2504106ED9S1,CDR202600040244,REVERSE,84,1
ATM251001NY74LI,CDR202600040261,SENDER_INCOMING_ACTIVITY,-152,1
UPI251107V8Q4C6,CDR202600040286,SENDER_OUTGOING_ACTIVITY,-54,1
TXN250222NEI377,CDR202600040302,DIRECT,-152,1
UPI250506IZACJD,CDR202600040306,REVERSE,57,1
TXN2508045L93PF,CDR202600040316,REVERSE,197,1
ATM250710MR8TJ2,CDR202600040322,DIRECT,-292,1
UPI251126A6LB1Y,CDR202600040324,RECEIVER_OUTGOING_ACTIVITY,-17,1
ATM250712QLVA7W,CDR202600040334,SENDER_OUTGOING_ACTIVITY,18,1
UPI250626APBCVT,CDR202600040336,RECEIVER_INCOMING_ACTIVITY,-202,1
TXN2509087UCP6F,CDR202600040342,SENDER_INCOMING_ACTIVITY,-526,1
UPI251113ZY366I,CDR202600040358,DIRECT,285,1
ATM250409UDAXHE,CDR202600040359,DIRECT,-1062,1
TXN250718B1P0LN,CDR202600040361,DIRECT,99,1
UPI250404BFR4Q8,CDR202600040365,RECEIVER_INCOMING_ACTIVITY,-719,1
ATM2502162V4R4K,CDR202600040373,RECEIVER_INCOMING_ACTIVITY,1713,1
TXN251018BD18CM,CDR202600040379,SENDER_INCOMING_ACTIVITY,52,1
ATM250818NDC7U7,CDR202600040386,DIRECT,-522,1
ATM250609F9J73P,CDR202600040416,DIRECT,-675,1
UPI251102JFPK1N,CDR202600040426,DIRECT,-11,1
TXN251118LOHU60,CDR202600040438,DIRECT,672,1
UPI2512110WHEP6,CDR202600040440,DIRECT,55,1
UPI250512AQ0PKV,CDR202600040446,DIRECT,235,1
ATM250714XTKN4U,CDR202600040452,SENDER_OUTGOING_ACTIVITY,50,1
TXN250718W91UKV,CDR202600040456,RECEIVER_OUTGOING_ACTIVITY,-294,1
ATM250316ZGF1NX,CDR202600040487,RECEIVER_INCOMING_ACTIVITY,15,1
ATM251128VD9FM3,CDR202600040489,SENDER_INCOMING_ACTIVITY,75,1
UPI2506309JAUD6,CDR202600040508,DIRECT,-1462,1
ATM251130GOIZ6F,CDR202600040537,DIRECT,20,1
TXN250116OCH380,CDR202600040550,DIRECT,-1155,1
ATM251122T9QLYZ,CDR202600040554,DIRECT,-1006,1
ATM250720HCE1DM,CDR202600040558,REVERSE,-279,1
ATM2510290J90L6,CDR202600040576,RECEIVER_OUTGOING_ACTIVITY,218,1
ATM250805SOVN10,CDR202600040578,SENDER_OUTGOING_ACTIVITY,186,1
UPI250621PDW2HT,CDR202600040584,DIRECT,-114,1
ATM250416I4WLX0,CDR202600040620,SENDER_INCOMING_ACTIVITY,-248,1
ATM251226ZMSP86,CDR202600040627,DIRECT,-124,1
ATM2502058VW164,CDR202600040639,RECEIVER_OUTGOING_ACTIVITY,124,1
IMPS250406PJHAHZ,CDR202600040668,SENDER_OUTGOING_ACTIVITY,33,1
TXN250124CXJ6AB,CDR202600040680,DIRECT,-134,1
ATM25082224ABRD,CDR202600040740,REVERSE,269,1
ATM251101APVMSH,CDR202600040741,REVERSE,41,1
ATM2502228MXWUS,CDR202600040746,DIRECT,-9,1
TXN250205DN2D0B,CDR202600040750,SENDER_INCOMING_ACTIVITY,1,1
UPI251011RUNNTN,CDR202600040765,DIRECT,-126,1
UPI250908MKKF6L,CDR202600040769,DIRECT,-922,1
UPI251229IZO7A2,CDR202600040770,REVERSE,-42,1
TXN250829OSYNL3,CDR202600040777,DIRECT,-28,1
UPI251114MPVGWS,CDR202600040802,RECEIVER_INCOMING_ACTIVITY,-557,1
IMPS250202CCL3F3,CDR202600040811,SENDER_OUTGOING_ACTIVITY,-176,1
ATM250727R32MY3,CDR202600040819,REVERSE,-481,1
ATM250117KPL1N7,CDR202600040832,RECEIVER_INCOMING_ACTIVITY,-512,1
ATM2502184FTFJI,CDR202600040835,DIRECT,164,1
UPI2505018CGP0G,CDR202600040845,SENDER_OUTGOING_ACTIVITY,-199,1
ATM250912URLLGG,CDR202600040872,DIRECT,-143,1
ATM2511180MUADX,CDR202600040879,DIRECT,228,1
UPI250205WA6VYU,CDR202600040964,SENDER_OUTGOING_ACTIVITY,-33,1
UPI250306R376IK,CDR202600040966,DIRECT,123,1
ATM251009AHTOMY,CDR202600040972,REVERSE,-129,1
UPI2508272SI5PN,CDR202600041019,RECEIVER_INCOMING_ACTIVITY,-274,1
ATM250906MQZY8U,CDR202600041027,RECEIVER_INCOMING_ACTIVITY,653,1
ATM250526OZCVAQ,CDR202600041039,SENDER_INCOMING_ACTIVITY,-29,1
UPI2512230PBIEL,CDR202600041051,SENDER_INCOMING_ACTIVITY,49,1
UPI25010574V6AO,CDR202600041054,SENDER_INCOMING_ACTIVITY,20,1
ATM251016A1P6NE,CDR202600041072,RECEIVER_INCOMING_ACTIVITY,1535,1
TXN25061445DWRJ,CDR202600041098,DIRECT,1769,1
ATM251228BIOQGE,CDR202600041115,RECEIVER_OUTGOING_ACTIVITY,163,1
UPI250610FCNUGA,CDR202600041121,DIRECT,71,1
UPI250905YPUUQD,CDR202600041130,DIRECT,-19,1
IMPS250529JZEB6H,CDR202600041131,SENDER_OUTGOING_ACTIVITY,-166,1
UPI250305EMYLKZ,CDR202600041154,RECEIVER_OUTGOING_ACTIVITY,1,1
ATM250321ZGR9HI,CDR202600041164,SENDER_INCOMING_ACTIVITY,-11,1
IMPS250222ZCCS1Y,CDR202600041181,SENDER_OUTGOING_ACTIVITY,60,1
UPI2508312H48LM,CDR202600041182,REVERSE,30,1
UPI2501088LBKYY,CDR202600041183,DIRECT,152,1
ATM251201GN7YI9,CDR202600041190,SENDER_INCOMING_ACTIVITY,-59,1
UPI250501RMJ5XD,CDR202600041196,DIRECT,47,1
TXN2509023ECPSQ,CDR202600041202,DIRECT,1170,1
UPI250319CTXVI9,CDR202600041220,SENDER_INCOMING_ACTIVITY,-1502,1
UPI250125KOBPQX,CDR202600041240,DIRECT,12,1
ATM250307C9OKT8,CDR202600041281,DIRECT,898,1
TXN250824OWX234,CDR202600041285,REVERSE,284,1
UPI251026WLAUWF,CDR202600041294,REVERSE,19,1
ATM2504242PEBNY,CDR202600041299,SENDER_INCOMING_ACTIVITY,-379,1
ATM25030890KTXO,CDR202600041302,DIRECT,70,1
ATM2508169T45RW,CDR202600041323,RECEIVER_OUTGOING_ACTIVITY,-1283,1
TXN250402UYWEI1,CDR202600041324,DIRECT,-472,1
TXN2511126PQ2WC,CDR202600041331,SENDER_OUTGOING_ACTIVITY,105,1
ATM251118JSCM8K,CDR202600041333,SENDER_OUTGOING_ACTIVITY,375,1
IMPS251214MJURAL,CDR202600041339,DIRECT,40,1
UPI251125YFWL9T,CDR202600041348,RECEIVER_INCOMING_ACTIVITY,-823,1
ATM250329PEM4L7,CDR202600041351,DIRECT,-120,1
UPI250325GJPKUQ,CDR202600041364,REVERSE,-115,1
ATM2509126X5KIS,CDR202600041410,DIRECT,-235,1
TXN250221N5PQI5,CDR202600041417,SENDER_OUTGOING_ACTIVITY,-412,1
ATM2510085N9FR8,CDR202600041423,DIRECT,158,1
ATM250304GEHLF7,CDR202600041427,SENDER_INCOMING_ACTIVITY,1394,1
ATM250922OOYTQU,CDR202600041429,DIRECT,392,1
TXN250816ARQ4VV,CDR202600041441,REVERSE,-81,1
ATM25021701M0NB,CDR202600041455,DIRECT,33,1
TXN2509052C1YYY,CDR202600041473,DIRECT,809,1
ATM251125RTXESB,CDR202600041474,SENDER_INCOMING_ACTIVITY,-1188,1
UPI250725VSF3OD,CDR202600041516,RECEIVER_OUTGOING_ACTIVITY,-270,1
ATM2507224CCAIF,CDR202600041525,DIRECT,794,1
TXN2509176WT1IF,CDR202600041528,SENDER_OUTGOING_ACTIVITY,1510,1
UPI250920224NGJ,CDR202600041549,DIRECT,-1518,1
UPI250127JNBRXL,CDR202600041551,DIRECT,-221,1
IMPS250330XVJK98,CDR202600041587,DIRECT,-11,1
ATM251230LG5R9R,CDR202600041607,RECEIVER_INCOMING_ACTIVITY,35,1
ATM250626W8KOWK,CDR202600041610,SENDER_INCOMING_ACTIVITY,983,1
UPI2506033XBF36,CDR202600041613,DIRECT,231,1
UPI2501256RR2RS,CDR202600041647,RECEIVER_INCOMING_ACTIVITY,-271,1
ATM2510147RBSOD,CDR202600041649,SENDER_INCOMING_ACTIVITY,-26,1
UPI251027JFXGIG,CDR202600041650,DIRECT,-428,1
IMPS2508256A7SQQ,CDR202600041651,DIRECT,-853,1
UPI251116BVY9YP,CDR202600041695,SENDER_OUTGOING_ACTIVITY,-238,1
UPI250305BLC98E,CDR202600041697,REVERSE,-65,1
ATM25033193M4LO,CDR202600041727,SENDER_OUTGOING_ACTIVITY,772,1
ATM250502U43ZVM,CDR202600041739,DIRECT,25,1
ATM251204O3E7LK,CDR202600041787,DIRECT,-1664,1
ATM251016HJQQCM,CDR202600041823,DIRECT,1028,1
UPI250805EQCPH1,CDR202600041877,RECEIVER_INCOMING_ACTIVITY,401,1
TXN250608CZWVQY,CDR202600041881,REVERSE,-49,1
UPI250313W5SPRY,CDR202600041944,RECEIVER_INCOMING_ACTIVITY,73,1
UPI250514PB95YB,CDR202600041950,RECEIVER_INCOMING_ACTIVITY,194,1
TXN250114PM1N3U,CDR202600041969,DIRECT,25,1
UPI2509208LVKAV,CDR202600041975,DIRECT,1367,1
TXN251031GUZAZ0,CDR202600042008,REVERSE,290,1
IMPS25073190Y903,CDR202600042038,DIRECT,157,1
ATM251117MQLQ5A,CDR202600042060,DIRECT,-1733,1
UPI250425238INM,CDR202600042074,DIRECT,-281,1
ATM250418ROSWC7,CDR202600042087,RECEIVER_INCOMING_ACTIVITY,32,1
UPI2510317T04C2,CDR202600042123,DIRECT,860,1
ATM2512021MQZMP,CDR202600042127,DIRECT,-514,1
UPI251222KU9PXM,CDR202600042134,REVERSE,102,1
TXN251010YS4NK5,CDR202600042153,REVERSE,-181,1
TXN250415O141QE,CDR202600042162,SENDER_OUTGOING_ACTIVITY,92,1
IMPS250826TU3DXB,CDR202600042197,DIRECT,246,1
TXN2504231ZORFU,CDR202600042205,DIRECT,788,1
ATM250903KQ689G,CDR202600042220,REVERSE,-222,1
TXN251020FQRXPU,CDR202600042227,DIRECT,170,1
ATM25102393VZND,CDR202600042280,SENDER_INCOMING_ACTIVITY,29,1
ATM251025YBQM5E,CDR202600042347,SENDER_OUTGOING_ACTIVITY,-43,1
UPI251025E8E0GW,CDR202600042352,RECEIVER_OUTGOING_ACTIVITY,-1,1
ATM250929RW6KO1,CDR202600042363,DIRECT,2,1
TXN250613GBCIWL,CDR202600042364,DIRECT,-233,1
ATM2502094VEHUE,CDR202600042395,REVERSE,1389,1
UPI2506103A5JVN,CDR202600042401,SENDER_INCOMING_ACTIVITY,151,1
UPI2505055LE1HP,CDR202600042411,DIRECT,110,1
TXN2506025ZGU3M,CDR202600042421,RECEIVER_INCOMING_ACTIVITY,-28,1
UPI251202MP7ZHJ,CDR202600042423,SENDER_INCOMING_ACTIVITY,192,1
UPI250809TGQTIB,CDR202600042426,REVERSE,112,1
TXN250828QUE1BQ,CDR202600042448,SENDER_INCOMING_ACTIVITY,-156,1
UPI250821RWZ2RR,CDR202600042450,REVERSE,-25,1
IMPS251011W6KAL7,CDR202600042463,RECEIVER_OUTGOING_ACTIVITY,-250,1
UPI2504105XC722,CDR202600042470,DIRECT,-735,1
ATM25041701R8DD,CDR202600042477,RECEIVER_OUTGOING_ACTIVITY,16,1
UPI250329GAWOCE,CDR202600042487,REVERSE,-57,1
UPI250601YBI9UD,CDR202600042491,DIRECT,313,1
TXN2505143WC15D,CDR202600042500,SENDER_INCOMING_ACTIVITY,429,1
ATM250306VZQ147,CDR202600042530,RECEIVER_OUTGOING_ACTIVITY,-516,1
UPI250314XLAUED,CDR202600042539,SENDER_INCOMING_ACTIVITY,274,1
TXN250910XOBHZH,CDR202600042547,SENDER_INCOMING_ACTIVITY,-1393,1
UPI25051712ZDO2,CDR202600042556,RECEIVER_OUTGOING_ACTIVITY,-1752,1
TXN250814APH9MA,CDR202600042586,REVERSE,43,1
IMPS25061726XZIE,CDR202600042587,DIRECT,6,1
UPI250515XRBMGH,CDR202600042588,RECEIVER_INCOMING_ACTIVITY,228,1
TXN250115GZ4MX8,CDR202600042591,DIRECT,-39,1
IMPS2511083TL5N6,CDR202600042622,DIRECT,145,1
ATM250129WRCO93,CDR202600042624,DIRECT,137,1
IMPS2504229YUMVY,CDR202600042649,RECEIVER_INCOMING_ACTIVITY,-5,1
ATM250721M3LG0P,CDR202600042669,DIRECT,49,1
ATM250819NODHZU,CDR202600042671,DIRECT,-748,1
ATM250404D18N99,CDR202600042704,SENDER_OUTGOING_ACTIVITY,-46,1
UPI250912NH6XMZ,CDR202600042725,DIRECT,-178,1
TXN250910XAGKHQ,CDR202600042737,RECEIVER_INCOMING_ACTIVITY,850,1
UPI250926TFDAYY,CDR202600042763,REVERSE,-226,1
UPI251211IRUC0D,CDR202600042766,SENDER_INCOMING_ACTIVITY,-228,1
UPI2507206VGW4K,CDR202600042799,RECEIVER_OUTGOING_ACTIVITY,5,1
ATM250623VROZLO,CDR202600042809,DIRECT,-749,1
UPI250919RPWOPS,CDR202600042833,DIRECT,210,1
ATM251126L0D5TE,CDR202600042839,DIRECT,250,1
TXN250219UK2ANM,CDR202600042840,DIRECT,102,1
ATM250102SPD2SW,CDR202600042844,SENDER_OUTGOING_ACTIVITY,280,1
ATM250227MTUGS4,CDR202600042853,DIRECT,-618,1
TXN250119Z7ZANU,CDR202600042884,DIRECT,-862,1
ATM250624UML223,CDR202600042914,DIRECT,12,1
ATM25102528WZEA,CDR202600042932,SENDER_INCOMING_ACTIVITY,-231,1
IMPS250913KQRTY9,CDR202600042935,DIRECT,46,1
UPI251026JCAWCI,CDR202600042961,REVERSE,-124,1
UPI2511238H0FGK,CDR202600042962,DIRECT,18,1
ATM251213UIM5BX,CDR202600042975,REVERSE,989,1
UPI250615KAEDCU,CDR202600042979,DIRECT,-963,1
UPI2501162560P7,CDR202600042986,REVERSE,41,1
TXN250411OC0DBO,CDR202600043009,SENDER_OUTGOING_ACTIVITY,-6,1
ATM250401HMOFV1,CDR202600043028,DIRECT,-50,1
ATM250901CHXUF2,CDR202600043046,DIRECT,-69,1
UPI250823QI98DS,CDR202600043052,SENDER_INCOMING_ACTIVITY,-338,1
UPI25010321ID9V,CDR202600043053,RECEIVER_INCOMING_ACTIVITY,-20,1
UPI250104RC0ERJ,CDR202600043078,DIRECT,-282,1
IMPS250903R4CA0O,CDR202600043104,SENDER_INCOMING_ACTIVITY,-1,1
UPI250301VDDKEW,CDR202600043120,SENDER_OUTGOING_ACTIVITY,-214,1
UPI2501087ZJ8FN,CDR202600043136,DIRECT,-31,1
IMPS250117MGKMZ1,CDR202600043138,DIRECT,-405,1
ATM250213YL0L1K,CDR202600043142,DIRECT,-270,1
ATM251205W34VD1,CDR202600043154,DIRECT,779,1
ATM250812U1Z3SG,CDR202600043185,DIRECT,139,1
TXN250103JV07IR,CDR202600043193,SENDER_OUTGOING_ACTIVITY,208,1
ATM250102PWG3XG,CDR202600043215,REVERSE,636,1
ATM2512018WKJOV,CDR202600043238,SENDER_INCOMING_ACTIVITY,-17,1
UPI250327BD7WKG,CDR202600043239,DIRECT,-25,1
UPI25032966QB7I,CDR202600043247,DIRECT,-1019,1
ATM250718EE7KPF,CDR202600043250,DIRECT,195,1
ATM250629OE6DX6,CDR202600043262,SENDER_OUTGOING_ACTIVITY,-188,1
ATM2511144WM1J3,CDR202600043278,SENDER_INCOMING_ACTIVITY,-446,1
TXN250302IQ76K5,CDR202600043279,RECEIVER_OUTGOING_ACTIVITY,204,1
TXN2503237AF5E0,CDR202600043289,DIRECT,-1298,1
UPI251030281WBK,CDR202600043333,DIRECT,12,1
UPI2507178GJFJP,CDR202600043334,RECEIVER_INCOMING_ACTIVITY,-57,1
TXN250608PMSMLM,CDR202600043338,RECEIVER_INCOMING_ACTIVITY,695,1
UPI25072544P1Q1,CDR202600043340,SENDER_OUTGOING_ACTIVITY,-54,1
UPI251106G2037K,CDR202600043346,SENDER_OUTGOING_ACTIVITY,166,1
ATM2506240ZDILG,CDR202600043354,DIRECT,15,1
IMPS250923Z653WH,CDR202600043355,SENDER_INCOMING_ACTIVITY,-187,1
UPI251216F6WPD2,CDR202600043357,SENDER_INCOMING_ACTIVITY,-144,1
ATM250405SNZH90,CDR202600043399,REVERSE,-379,1
TXN251205GTSFR4,CDR202600043421,SENDER_INCOMING_ACTIVITY,-152,1
TXN250101MLY4LY,CDR202600043441,DIRECT,-37,1
ATM250121GG5EL5,CDR202600043475,DIRECT,157,1
ATM250308N6UB4E,CDR202600043481,DIRECT,-129,1
UPI250812G72TBR,CDR202600043485,DIRECT,672,1
ATM2501157CGNI7,CDR202600043499,SENDER_INCOMING_ACTIVITY,-137,1
UPI250621YMS0AM,CDR202600043504,DIRECT,-894,1
IMPS250902T6URB7,CDR202600043511,RECEIVER_INCOMING_ACTIVITY,-422,1
ATM251014QBMYD7,CDR202600043518,DIRECT,129,1
TXN250426P3DFBY,CDR202600043526,SENDER_OUTGOING_ACTIVITY,-423,1
UPI250303WE3ZLB,CDR202600043529,REVERSE,180,1
UPI2501041ZOPQZ,CDR202600043536,DIRECT,-1500,1
ATM251214F4RULI,CDR202600043540,SENDER_OUTGOING_ACTIVITY,853,1
TXN250829LXSX5F,CDR202600043542,DIRECT,44,1
UPI250308BXF5V9,CDR202600043554,RECEIVER_OUTGOING_ACTIVITY,-27,1
IMPS250604W3TZLS,CDR202600043575,RECEIVER_INCOMING_ACTIVITY,1096,1
UPI250730FBVXTJ,CDR202600043579,SENDER_INCOMING_ACTIVITY,-269,1
TXN250320Q0N2SE,CDR202600043620,DIRECT,-652,1
ATM251013WQKUNT,CDR202600043628,DIRECT,856,1
TXN250909RZVYOL,CDR202600043661,REVERSE,-57,1
ATM2508227MSHK4,CDR202600043677,REVERSE,-197,1
ATM250227FRV0VN,CDR202600043688,RECEIVER_INCOMING_ACTIVITY,-962,1
ATM250515OS3FSD,CDR202600043717,DIRECT,144,1
ATM250727AIUDHX,CDR202600043757,SENDER_INCOMING_ACTIVITY,-280,1
UPI250422XB2N3H,CDR202600043815,SENDER_INCOMING_ACTIVITY,94,1
ATM250111BWU5P8,CDR202600043831,REVERSE,910,1
UPI250317741MCS,CDR202600043839,REVERSE,419,1
TXN250718B9OHCJ,CDR202600043843,SENDER_INCOMING_ACTIVITY,-1232,1
ATM250429EPK062,CDR202600043861,DIRECT,-423,1
IMPS250320DOYWTQ,CDR202600043871,REVERSE,-28,1
UPI250111VVW8X1,CDR202600043887,SENDER_INCOMING_ACTIVITY,36,1
UPI2507159EUJTZ,CDR202600043944,REVERSE,25,1
ATM250403N5NY1P,CDR202600043961,RECEIVER_OUTGOING_ACTIVITY,49,1
TXN250628VQT2JY,CDR202600043987,SENDER_INCOMING_ACTIVITY,-628,1
ATM250114PM9OTT,CDR202600043990,REVERSE,418,1
UPI251026LH7DN4,CDR202600043991,SENDER_OUTGOING_ACTIVITY,1355,1
ATM250204VTNYYM,CDR202600044001,SENDER_OUTGOING_ACTIVITY,24,1
ATM251017P976Y9,CDR202600044026,DIRECT,-195,1
TXN251229H9M7M6,CDR202600044048,SENDER_INCOMING_ACTIVITY,-751,1
ATM250814YO3XKY,CDR202600044076,RECEIVER_INCOMING_ACTIVITY,-47,1
UPI250527QTFQKX,CDR202600044096,DIRECT,7,1
TXN251205K2K2HC,CDR202600044118,DIRECT,199,1
ATM2510314IUJ18,CDR202600044124,DIRECT,-39,1
UPI25010425Y7KH,CDR202600044126,RECEIVER_INCOMING_ACTIVITY,157,1
TXN250408QDJII5,CDR202600044128,RECEIVER_INCOMING_ACTIVITY,134,1
TXN250319U6VJJC,CDR202600044152,SENDER_OUTGOING_ACTIVITY,1399,1
ATM251025GW4VPI,CDR202600044164,RECEIVER_OUTGOING_ACTIVITY,-124,1
IMPS250115LQ6ZUD,CDR202600044224,RECEIVER_INCOMING_ACTIVITY,-962,1
TXN250914N8CFE3,CDR202600044231,RECEIVER_INCOMING_ACTIVITY,-257,1
UPI2504071X4NED,CDR202600044234,REVERSE,509,1
TXN2505031Y7LDC,CDR202600044244,SENDER_OUTGOING_ACTIVITY,120,1
TXN251104LMQHVW,CDR202600044257,RECEIVER_INCOMING_ACTIVITY,643,1
ATM251117OUOYOM,CDR202600044275,SENDER_OUTGOING_ACTIVITY,139,1
UPI250129V6EJ1C,CDR202600044277,DIRECT,-282,1
UPI250301WSKKSQ,CDR202600044282,DIRECT,-263,1
UPI250909IYB7L5,CDR202600044288,DIRECT,-356,1
TXN250717YHTFX5,CDR202600044297,RECEIVER_INCOMING_ACTIVITY,-245,1
TXN250309UGBIUZ,CDR202600044298,DIRECT,-4,1
TXN250403HCA6UH,CDR202600044299,DIRECT,-325,1
ATM250624RFNHR2,CDR202600044325,RECEIVER_OUTGOING_ACTIVITY,-24,1
UPI250908WVP9R0,CDR202600044346,DIRECT,-22,1
UPI250621BV59GC,CDR202600044358,RECEIVER_OUTGOING_ACTIVITY,-260,1
UPI250122HXVCYT,CDR202600044369,DIRECT,15,1
ATM250703S1MSSP,CDR202600044378,DIRECT,-89,1
ATM25101727DHRS,CDR202600044388,SENDER_OUTGOING_ACTIVITY,-333,1
ATM2510271LI4D5,CDR202600044407,REVERSE,334,1
ATM2510171WNQ4Z,CDR202600044427,SENDER_OUTGOING_ACTIVITY,129,1
ATM250521YB0BDC,CDR202600044435,REVERSE,213,1
IMPS250814URA56N,CDR202600044455,SENDER_OUTGOING_ACTIVITY,-295,1
TXN251220NQYCFO,CDR202600044475,REVERSE,-37,1
TXN2510012JSK1H,CDR202600044477,DIRECT,1016,1
ATM2511265J8XKO,CDR202600044491,REVERSE,15,1
IMPS25030166J4BN,CDR202600044496,RECEIVER_INCOMING_ACTIVITY,118,1
ATM25032560DM5C,CDR202600044499,REVERSE,-2,1
ATM250507NS8O3P,CDR202600044546,RECEIVER_INCOMING_ACTIVITY,22,1
TXN250520CWCLOO,CDR202600044558,REVERSE,-730,1
TXN250730QZ7TPB,CDR202600044566,RECEIVER_INCOMING_ACTIVITY,-877,1
ATM250627VRFD7T,CDR202600044571,REVERSE,-48,1
UPI250724I0IM08,CDR202600044595,DIRECT,48,1
TXN2504142F3FZU,CDR202600044603,SENDER_INCOMING_ACTIVITY,-59,1
ATM250701TOWUCG,CDR202600044613,SENDER_OUTGOING_ACTIVITY,-810,1
UPI250506UVTRKK,CDR202600044634,DIRECT,400,1
UPI250105NZKRSN,CDR202600044639,REVERSE,34,1
ATM251010AW9TF4,CDR202600044641,SENDER_OUTGOING_ACTIVITY,-813,1
IMPS251010UK6SB0,CDR202600044644,SENDER_OUTGOING_ACTIVITY,236,1
TXN251114U6BTVS,CDR202600044656,SENDER_INCOMING_ACTIVITY,150,1
TXN250310RN4GAW,CDR202600044687,SENDER_INCOMING_ACTIVITY,-888,1
UPI250805K4F4JU,CDR202600044694,DIRECT,875,1
IMPS2508048UATNE,CDR202600044702,RECEIVER_OUTGOING_ACTIVITY,-806,1
ATM250130NAD921,CDR202600044716,SENDER_INCOMING_ACTIVITY,42,1
ATM25062946B5TE,CDR202600044724,REVERSE,856,1
IMPS250730CMJNRU,CDR202600044746,DIRECT,-49,1
ATM250930DT6LMY,CDR202600044768,SENDER_INCOMING_ACTIVITY,-597,1
UPI2507257NHKCS,CDR202600044770,SENDER_OUTGOING_ACTIVITY,-399,1
UPI250925LG5LEF,CDR202600044776,SENDER_OUTGOING_ACTIVITY,73,1
UPI250328A0PCVT,CDR202600044780,DIRECT,487,1
UPI250817BG7C5L,CDR202600044783,DIRECT,34,1
ATM250313V09UHE,CDR202600044790,SENDER_INCOMING_ACTIVITY,13,1
TXN250730WMCUHD,CDR202600044792,DIRECT,-665,1
TXN250208SBTPPJ,CDR202600044805,REVERSE,-32,1
ATM251202BOL6W8,CDR202600044820,DIRECT,109,1
TXN251125N1EQRK,CDR202600044823,DIRECT,-25,1
IMPS250825YNKHQR,CDR202600044833,DIRECT,895,1
ATM2501074G8QDE,CDR202600044871,DIRECT,31,1
UPI250925XT1IH0,CDR202600044891,DIRECT,-152,1
ATM250926B1ZKNY,CDR202600044901,SENDER_INCOMING_ACTIVITY,-235,1
UPI250915EX3M9E,CDR202600044910,RECEIVER_INCOMING_ACTIVITY,15,1
ATM250929GUCE9J,CDR202600044936,DIRECT,12,1
IMPS250309829FKB,CDR202600044941,DIRECT,-77,1
ATM25112892B6I6,CDR202600044942,DIRECT,184,1
ATM251215J28ETA,CDR202600044962,SENDER_OUTGOING_ACTIVITY,28,1
ATM2508175NSHVX,CDR202600044973,DIRECT,593,1
ATM250907LSIZ1P,CDR202600044977,SENDER_INCOMING_ACTIVITY,703,1
IMPS250918FSTTDF,CDR202600044982,SENDER_OUTGOING_ACTIVITY,552,1
ATM250109CHGTWY,CDR202600044995,SENDER_INCOMING_ACTIVITY,1061,1
UPI250320U7RCOR,CDR202600045020,RECEIVER_OUTGOING_ACTIVITY,-24,1
ATM250303OBLQCY,CDR202600045029,SENDER_OUTGOING_ACTIVITY,79,1
ATM250907ERLP9X,CDR202600045043,SENDER_INCOMING_ACTIVITY,-158,1
UPI2504075KJFSJ,CDR202600045059,RECEIVER_OUTGOING_ACTIVITY,-5,1
TXN2509080AE3X7,CDR202600045075,SENDER_OUTGOING_ACTIVITY,-54,1
TXN250819K0J7YU,CDR202600045092,DIRECT,90,1
ATM251011PUQMOI,CDR202600045097,DIRECT,-728,1
ATM250409QXW49O,CDR202600045136,SENDER_OUTGOING_ACTIVITY,-643,1
ATM250408J1EQY2,CDR202600045137,RECEIVER_INCOMING_ACTIVITY,-55,1
TXN250809KN7TZ8,CDR202600045190,RECEIVER_INCOMING_ACTIVITY,808,1
TXN250622YMF7YY,CDR202600045206,RECEIVER_INCOMING_ACTIVITY,-188,1
ATM2506292EBRB0,CDR202600045207,SENDER_INCOMING_ACTIVITY,-758,1
UPI251214I2Z3DK,CDR202600045217,SENDER_INCOMING_ACTIVITY,110,1
ATM250201MS4MWA,CDR202600045256,REVERSE,7,1
ATM250524DQ578F,CDR202600045272,DIRECT,-126,1
UPI250323MMVJHB,CDR202600045299,SENDER_OUTGOING_ACTIVITY,283,1
TXN251013NEW80I,CDR202600045311,RECEIVER_OUTGOING_ACTIVITY,85,1
TXN250603PSPC83,CDR202600045325,DIRECT,484,1
TXN251001Q5X6ET,CDR202600045326,SENDER_INCOMING_ACTIVITY,1514,1
IMPS250707FY5Q5R,CDR202600045327,REVERSE,-218,1
ATM250118HSA5RA,CDR202600045360,DIRECT,-290,1
ATM250718CYYNHG,CDR202600045405,RECEIVER_INCOMING_ACTIVITY,-13,1
IMPS250920PUHE0T,CDR202600045418,DIRECT,523,1
UPI250517HCMBGS,CDR202600045435,REVERSE,372,1
TXN25022769OLY8,CDR202600045458,SENDER_OUTGOING_ACTIVITY,-47,1
UPI250518YMVG1A,CDR202600045459,DIRECT,16,1
TXN250827Z2TJ6R,CDR202600045468,SENDER_OUTGOING_ACTIVITY,-22,1
ATM251113YH4O7O,CDR202600045485,RECEIVER_OUTGOING_ACTIVITY,-947,1
UPI250416VQIEW7,CDR202600045486,SENDER_OUTGOING_ACTIVITY,828,1
ATM251212UY39J8,CDR202600045500,DIRECT,-1143,1
ATM25040811KICK,CDR202600045505,SENDER_OUTGOING_ACTIVITY,553,1
UPI2508279ZXNPM,CDR202600045517,DIRECT,94,1
IMPS2509056K9ZVO,CDR202600045535,RECEIVER_OUTGOING_ACTIVITY,525,1
ATM250509W2BZ95,CDR202600045542,DIRECT,-15,1
IMPS250215ZYA0U3,CDR202600045573,REVERSE,21,1
IMPS250710ULQZGN,CDR202600045599,SENDER_OUTGOING_ACTIVITY,-11,1
ATM250629ICMVZT,CDR202600045602,SENDER_INCOMING_ACTIVITY,1551,1
IMPS251119X72N9B,CDR202600045606,SENDER_OUTGOING_ACTIVITY,-45,1
UPI251011R7F4Y9,CDR202600045634,REVERSE,-219,1
TXN2509195K8A30,CDR202600045649,SENDER_INCOMING_ACTIVITY,20,1
UPI250629BBOK5E,CDR202600045656,RECEIVER_OUTGOING_ACTIVITY,652,1
UPI251126FA27Y4,CDR202600045664,DIRECT,-311,1
UPI250924CQSCK3,CDR202600045673,DIRECT,291,1
UPI250616AC8BFG,CDR202600045679,DIRECT,335,1
ATM250605L8JATR,CDR202600045683,DIRECT,-774,1
UPI250614PR2T87,CDR202600045692,SENDER_OUTGOING_ACTIVITY,201,1
UPI250918SN36PD,CDR202600045713,DIRECT,-27,1
IMPS2509132JTY1Q,CDR202600045720,SENDER_OUTGOING_ACTIVITY,780,1
UPI251116R68TBE,CDR202600045725,REVERSE,-20,1
UPI250717RZR80K,CDR202600045727,REVERSE,-383,1
UPI2510170NAIRM,CDR202600045753,RECEIVER_OUTGOING_ACTIVITY,105,1
ATM2505302OZD5I,CDR202600045759,DIRECT,1622,1
TXN251214GCL1VH,CDR202600045769,REVERSE,-232,1
ATM2503076JD1SO,CDR202600045790,RECEIVER_OUTGOING_ACTIVITY,1052,1
TXN251019I3SE3E,CDR202600045802,DIRECT,-16,1
UPI250508Q4XNDY,CDR202600045811,RECEIVER_OUTGOING_ACTIVITY,167,1
UPI2506272H6Y6R,CDR202600045838,REVERSE,-18,1
UPI2510058K3DIM,CDR202600045857,RECEIVER_INCOMING_ACTIVITY,-708,1
UPI250205T5VA0O,CDR202600045864,RECEIVER_INCOMING_ACTIVITY,199,1
TXN250714XLFZNU,CDR202600045877,SENDER_INCOMING_ACTIVITY,572,1
UPI250405B14WV1,CDR202600045882,DIRECT,210,1
TXN251107Q6ECFH,CDR202600045884,REVERSE,-1758,1
UPI250920GHRP3G,CDR202600045885,RECEIVER_INCOMING_ACTIVITY,-52,1
ATM250105MCZH78,CDR202600045897,REVERSE,215,1
TXN250908E96QR2,CDR202600045913,REVERSE,-212,1
ATM250226RW7DGB,CDR202600045928,SENDER_OUTGOING_ACTIVITY,-285,1
UPI25021742SPC5,CDR202600045933,SENDER_INCOMING_ACTIVITY,-173,1
ATM2503136O6ERZ,CDR202600045938,SENDER_INCOMING_ACTIVITY,-384,1
TXN25060300B2PA,CDR202600045941,RECEIVER_OUTGOING_ACTIVITY,-730,1
ATM250328M5ZWPT,CDR202600045945,DIRECT,284,1
ATM250220H915LE,CDR202600046002,DIRECT,-58,1
ATM251004E75UX7,CDR202600046029,SENDER_INCOMING_ACTIVITY,-172,1
UPI251019R3CSJ9,CDR202600046030,REVERSE,137,1
TXN251005TUD5GB,CDR202600046035,DIRECT,-158,1
ATM250524EJWODD,CDR202600046044,SENDER_INCOMING_ACTIVITY,-57,1
ATM251229ES59CY,CDR202600046054,REVERSE,845,1
UPI250512OBM657,CDR202600046075,SENDER_INCOMING_ACTIVITY,221,1
UPI250926YFHDB2,CDR202600046076,SENDER_INCOMING_ACTIVITY,-199,1
UPI2507091XWR4H,CDR202600046080,DIRECT,23,1
ATM250801ZDGA8P,CDR202600046081,RECEIVER_INCOMING_ACTIVITY,-52,1
UPI2502268W8VLV,CDR202600046091,RECEIVER_OUTGOING_ACTIVITY,-57,1
TXN250626R99ZUC,CDR202600046110,REVERSE,-596,1
TXN2512244S8R89,CDR202600046138,RECEIVER_OUTGOING_ACTIVITY,59,1
TXN250615J47DKX,CDR202600046149,DIRECT,217,1
ATM2502075EXMNN,CDR202600046159,DIRECT,-283,1
TXN2506060X0WWW,CDR202600046161,REVERSE,-228,1
TXN2510304G88L9,CDR202600046162,RECEIVER_OUTGOING_ACTIVITY,1366,1
TXN250510VAOG57,CDR202600046214,DIRECT,240,1
ATM250420F9K4GJ,CDR202600046217,SENDER_INCOMING_ACTIVITY,193,1
ATM251119NUG1P0,CDR202600046219,SENDER_INCOMING_ACTIVITY,87,1
UPI250518B4GPQX,CDR202600046222,SENDER_INCOMING_ACTIVITY,-790,1
ATM251227VS30TR,CDR202600046224,RECEIVER_INCOMING_ACTIVITY,-494,1
UPI250708J7DE3O,CDR202600046231,DIRECT,-124,1
UPI2509056IAS9I,CDR202600046238,REVERSE,232,1
UPI251028KDUL8P,CDR202600046263,SENDER_OUTGOING_ACTIVITY,-219,1
ATM250509HVZV7A,CDR202600046264,DIRECT,392,1
UPI251202CIED0P,CDR202600046291,SENDER_INCOMING_ACTIVITY,11,1
TXN250623D0HE4I,CDR202600046303,SENDER_INCOMING_ACTIVITY,83,1
TXN2510228VM65P,CDR202600046307,RECEIVER_INCOMING_ACTIVITY,179,1
UPI2505232TME4X,CDR202600046308,DIRECT,349,1
TXN250227MDH6IN,CDR202600046315,DIRECT,-72,1
TXN250511YV81T7,CDR202600046316,DIRECT,143,1
UPI250803QTMXQA,CDR202600046333,SENDER_INCOMING_ACTIVITY,729,1
ATM251104B7MGJ5,CDR202600046334,SENDER_OUTGOING_ACTIVITY,550,1
UPI250727AOUTEV,CDR202600046338,RECEIVER_OUTGOING_ACTIVITY,-24,1
ATM250316SJNT2X,CDR202600046340,DIRECT,-231,1
UPI2501183COT9R,CDR202600046356,REVERSE,42,1
TXN250217JMQL4U,CDR202600046363,REVERSE,-279,1
UPI251023TQVJPM,CDR202600046373,REVERSE,-17,1
UPI250813NSTT35,CDR202600046375,SENDER_OUTGOING_ACTIVITY,239,1
UPI250310XEI1TI,CDR202600046379,RECEIVER_INCOMING_ACTIVITY,-26,1
TXN250902KFM2R0,CDR202600046390,SENDER_OUTGOING_ACTIVITY,123,1
TXN250830NMVNOF,CDR202600046392,REVERSE,-102,1
ATM251009W8BEVP,CDR202600046412,REVERSE,-539,1
ATM2505306BZJBM,CDR202600046442,REVERSE,-25,1
TXN2509144M1NXT,CDR202600046443,REVERSE,-186,1
ATM250504PB5DFX,CDR202600046445,REVERSE,895,1
UPI2509120XWL9S,CDR202600046463,REVERSE,833,1
UPI25112860KSIA,CDR202600046512,SENDER_OUTGOING_ACTIVITY,-204,1
UPI251223UF144Y,CDR202600046518,RECEIVER_INCOMING_ACTIVITY,-133,1
ATM2503299BVQIK,CDR202600046576,RECEIVER_INCOMING_ACTIVITY,-636,1
TXN25082236TCUZ,CDR202600046624,SENDER_INCOMING_ACTIVITY,-483,1
UPI251203YSPHEE,CDR202600046686,DIRECT,28,1
TXN250820ZNFVT3,CDR202600046706,DIRECT,-65,1
IMPS2502220DD9BS,CDR202600046707,REVERSE,-633,1
ATM2501212QJ9W9,CDR202600046723,RECEIVER_OUTGOING_ACTIVITY,-153,1
ATM251103OX2ODD,CDR202600046731,RECEIVER_OUTGOING_ACTIVITY,-45,1
UPI250130EXG8TR,CDR202600046735,SENDER_INCOMING_ACTIVITY,1648,1
ATM250207NMN8P2,CDR202600046743,DIRECT,781,1
UPI251024NSYRUB,CDR202600046747,DIRECT,-1793,1
UPI250212BIB2GR,CDR202600046762,DIRECT,-220,1
ATM251207O952UY,CDR202600046775,REVERSE,105,1
ATM251027LC0JKR,CDR202600046781,REVERSE,23,1
ATM25060113SFN5,CDR202600046792,DIRECT,-36,1
TXN251113XMD5YD,CDR202600046826,REVERSE,-59,1
IMPS250418F6WI7B,CDR202600046840,SENDER_INCOMING_ACTIVITY,-54,1
ATM2511121TVV6E,CDR202600046880,SENDER_INCOMING_ACTIVITY,-810,1
ATM251129JPPIFH,CDR202600046886,RECEIVER_INCOMING_ACTIVITY,-541,1
TXN251023WEBOBI,CDR202600046926,RECEIVER_INCOMING_ACTIVITY,40,1
ATM250128AC10SI,CDR202600046927,REVERSE,-114,1
ATM250814NZVRHL,CDR202600046935,SENDER_OUTGOING_ACTIVITY,73,1
ATM250525XQIG6A,CDR202600046946,DIRECT,-902,1
UPI250317PTADWK,CDR202600046960,REVERSE,472,1
UPI250522EZHUZV,CDR202600046964,DIRECT,-782,1
IMPS250316IEQ3B8,CDR202600046992,SENDER_INCOMING_ACTIVITY,289,1
TXN2510164QW9O5,CDR202600047022,SENDER_INCOMING_ACTIVITY,864,1
TXN2512284S5D9W,CDR202600047028,SENDER_INCOMING_ACTIVITY,155,1
UPI2505287PKJTD,CDR202600047092,RECEIVER_OUTGOING_ACTIVITY,-58,1
IMPS2502142ARYCC,CDR202600047093,RECEIVER_OUTGOING_ACTIVITY,842,1
ATM2503148FK1QB,CDR202600047103,DIRECT,11,1
IMPS250310H2UHD2,CDR202600047137,SENDER_OUTGOING_ACTIVITY,804,1
UPI250210PGFKVC,CDR202600047139,DIRECT,1697,1
UPI250213TDU1PN,CDR202600047152,SENDER_OUTGOING_ACTIVITY,-40,1
UPI25020924CPHK,CDR202600047161,DIRECT,-736,1
ATM2504114363TM,CDR202600047175,RECEIVER_INCOMING_ACTIVITY,-275,1
ATM250901KSZFSS,CDR202600047189,DIRECT,-271,1
UPI25100573RFM3,CDR202600047204,DIRECT,30,1
UPI250524WG7UNW,CDR202600047213,DIRECT,-38,1
TXN250224E2ELE9,CDR202600047219,SENDER_INCOMING_ACTIVITY,-1174,1
TXN250207LINMW7,CDR202600047220,SENDER_INCOMING_ACTIVITY,581,1
TXN250314U8F6AU,CDR202600047234,RECEIVER_INCOMING_ACTIVITY,-25,1
TXN251116OFU3Z1,CDR202600047238,REVERSE,-84,1
UPI2512050K6G1I,CDR202600047243,REVERSE,-299,1
ATM251211VG50VH,CDR202600047269,RECEIVER_OUTGOING_ACTIVITY,31,1
UPI250929R7F3QH,CDR202600047273,SENDER_INCOMING_ACTIVITY,-244,1
ATM250810Z3HVPY,CDR202600047291,RECEIVER_INCOMING_ACTIVITY,-413,1
ATM2505213B2AEM,CDR202600047293,DIRECT,-113,1
TXN2510297MJOVO,CDR202600047308,RECEIVER_INCOMING_ACTIVITY,-59,1
TXN250706SJ3DRO,CDR202600047320,RECEIVER_INCOMING_ACTIVITY,17,1
UPI2508025STHAS,CDR202600047324,SENDER_OUTGOING_ACTIVITY,1519,1
ATM250820WUUJ3P,CDR202600047345,RECEIVER_INCOMING_ACTIVITY,-271,1
TXN250424PRC4R4,CDR202600047352,DIRECT,568,1
TXN250415UL2KUN,CDR202600047367,SENDER_OUTGOING_ACTIVITY,2,1
IMPS250302PJGBS0,CDR202600047417,REVERSE,292,1
TXN250406PNVE4X,CDR202600047418,RECEIVER_OUTGOING_ACTIVITY,-1651,1
ATM250925XJ1FMU,CDR202600047420,RECEIVER_INCOMING_ACTIVITY,-181,1
ATM250809NV9L3T,CDR202600047433,SENDER_INCOMING_ACTIVITY,151,1
UPI250804VFYTYM,CDR202600047436,RECEIVER_INCOMING_ACTIVITY,25,1
ATM251228239UMA,CDR202600047467,REVERSE,-137,1
UPI250119RFBR49,CDR202600047488,REVERSE,1524,1
ATM2509116XW9QB,CDR202600047502,RECEIVER_OUTGOING_ACTIVITY,-695,1
UPI250410XBCPDD,CDR202600047538,RECEIVER_INCOMING_ACTIVITY,-278,1
UPI250124KG0OX7,CDR202600047542,SENDER_INCOMING_ACTIVITY,1496,1
UPI250105A5PMLQ,CDR202600047569,SENDER_OUTGOING_ACTIVITY,-883,1
ATM250107ZG2VG3,CDR202600047573,SENDER_INCOMING_ACTIVITY,61,1
TXN250901BDZ8XO,CDR202600047576,DIRECT,15,1
ATM250807OL7CTX,CDR202600047585,DIRECT,-115,1
UPI250629HE31D7,CDR202600047601,DIRECT,40,1
UPI250806UQTSO1,CDR202600047612,DIRECT,-1540,1
IMPS2506243MXPJU,CDR202600047638,SENDER_OUTGOING_ACTIVITY,-1282,1
UPI250327MIUAS4,CDR202600047642,SENDER_OUTGOING_ACTIVITY,393,1
UPI250601T6JF39,CDR202600047657,DIRECT,-17,1
IMPS25101606QH5A,CDR202600047658,SENDER_INCOMING_ACTIVITY,-17,1
UPI250729SPQ7I5,CDR202600047659,RECEIVER_INCOMING_ACTIVITY,351,1
IMPS251030E1QFAG,CDR202600047683,RECEIVER_INCOMING_ACTIVITY,81,1
TXN250225UBJISZ,CDR202600047708,RECEIVER_OUTGOING_ACTIVITY,101,1
UPI25081987C2VO,CDR202600047722,DIRECT,-167,1
TXN2512163320RV,CDR202600047735,SENDER_INCOMING_ACTIVITY,-60,1
ATM250508MCRA3M,CDR202600047773,DIRECT,1714,1
UPI250423S8LSWX,CDR202600047785,SENDER_INCOMING_ACTIVITY,-213,1
ATM250904A6TMEW,CDR202600047804,RECEIVER_INCOMING_ACTIVITY,-677,1
TXN250109BUPL5R,CDR202600047811,RECEIVER_INCOMING_ACTIVITY,305,1
UPI250222CCIG4Y,CDR202600047862,DIRECT,428,1
UPI251030E4UJC0,CDR202600047869,DIRECT,267,1
ATM2503069C34R7,CDR202600047890,REVERSE,45,1
UPI250211UDP63P,CDR202600047892,RECEIVER_OUTGOING_ACTIVITY,151,1
ATM2506156REMDY,CDR202600047922,DIRECT,175,1
UPI2510241B4U0U,CDR202600047954,DIRECT,-79,1
IMPS250403V0SXD8,CDR202600047958,DIRECT,-116,1
TXN250114JPWIT7,CDR202600047961,SENDER_INCOMING_ACTIVITY,722,1
TXN2509294VKEYY,CDR202600048000,REVERSE,179,1
TXN2506282TUM0I,CDR202600048049,RECEIVER_OUTGOING_ACTIVITY,584,1
ATM250224Z0NHAU,CDR202600048052,RECEIVER_INCOMING_ACTIVITY,29,1
ATM251126H98O20,CDR202600048063,DIRECT,841,1
ATM251002A46YB2,CDR202600048068,REVERSE,-408,1
IMPS2510037ATSDY,CDR202600048070,RECEIVER_OUTGOING_ACTIVITY,41,1
UPI250508X0E8XC,CDR202600048075,RECEIVER_OUTGOING_ACTIVITY,-295,1
UPI250408O08W6D,CDR202600048085,DIRECT,52,1
IMPS250715LS1ABW,CDR202600048100,RECEIVER_OUTGOING_ACTIVITY,-900,1
TXN250810WEQZ0Z,CDR202600048111,RECEIVER_INCOMING_ACTIVITY,48,1
UPI2512125HBJD0,CDR202600048126,REVERSE,137,1
UPI250921VT6PLH,CDR202600048195,SENDER_OUTGOING_ACTIVITY,-55,1
UPI251115X8QFES,CDR202600048212,RECEIVER_OUTGOING_ACTIVITY,-17,1
UPI2509131P3EWE,CDR202600048221,SENDER_INCOMING_ACTIVITY,215,1
TXN250201KTHBAH,CDR202600048225,SENDER_OUTGOING_ACTIVITY,-239,1
IMPS2509081ZDNQM,CDR202600048245,SENDER_INCOMING_ACTIVITY,193,1
ATM251213YJT6KR,CDR202600048247,SENDER_OUTGOING_ACTIVITY,-51,1
ATM251206RYJSG3,CDR202600048261,REVERSE,141,1
ATM250811M2M5GL,CDR202600048315,RECEIVER_INCOMING_ACTIVITY,-21,1
UPI250908KQQ98D,CDR202600048336,REVERSE,-119,1
UPI250120OLCK43,CDR202600048337,RECEIVER_OUTGOING_ACTIVITY,-135,1
UPI250128MA082F,CDR202600048372,DIRECT,54,1
UPI250412GPK124,CDR202600048374,RECEIVER_INCOMING_ACTIVITY,-40,1
ATM2510313OIAY0,CDR202600048417,DIRECT,23,1
ATM250929B2KOP2,CDR202600048420,SENDER_INCOMING_ACTIVITY,-169,1
ATM250527H8GEE6,CDR202600048429,DIRECT,-238,1
TXN250607GA2WWB,CDR202600048432,SENDER_OUTGOING_ACTIVITY,985,1
ATM251012KZ8RNU,CDR202600048450,SENDER_OUTGOING_ACTIVITY,57,1
ATM2510084C6XJQ,CDR202600048469,DIRECT,-17,1
ATM250116F139FD,CDR202600048482,RECEIVER_INCOMING_ACTIVITY,-261,1
TXN25102756514L,CDR202600048486,SENDER_INCOMING_ACTIVITY,-617,1
UPI250813SPOKOD,CDR202600048531,RECEIVER_INCOMING_ACTIVITY,4,1
ATM250415W0DHFC,CDR202600048545,REVERSE,103,1
UPI251025SJYFX0,CDR202600048553,DIRECT,-75,1
IMPS251121BT4E4H,CDR202600048565,REVERSE,-56,1
UPI2509144J3HRF,CDR202600048572,SENDER_INCOMING_ACTIVITY,745,1
UPI250623IDBVR5,CDR202600048578,REVERSE,-380,1
UPI250206RVZU9E,CDR202600048602,RECEIVER_INCOMING_ACTIVITY,1198,1
ATM251012FFETZR,CDR202600048603,DIRECT,-42,1
UPI2507316XXIC0,CDR202600048606,DIRECT,93,1
ATM250121W8BEAV,CDR202600048607,SENDER_INCOMING_ACTIVITY,-22,1
ATM2505248V8RIH,CDR202600048615,DIRECT,787,1
UPI250201HJQ2Q8,CDR202600048616,RECEIVER_INCOMING_ACTIVITY,32,1
TXN250408XSWFTI,CDR202600048631,SENDER_OUTGOING_ACTIVITY,-247,1
TXN250522RS4MGH,CDR202600048633,DIRECT,176,1
TXN251021N6J9B5,CDR202600048649,REVERSE,-883,1
TXN251114HN8RW9,CDR202600048677,DIRECT,-33,1
IMPS251212O293NZ,CDR202600048681,RECEIVER_INCOMING_ACTIVITY,-50,1
TXN251205E8NB1S,CDR202600048697,DIRECT,-1727,1
ATM250520VPKCM7,CDR202600048711,DIRECT,-214,1
UPI250410P9V34A,CDR202600048718,RECEIVER_OUTGOING_ACTIVITY,-337,1
ATM250511JQO45V,CDR202600048720,DIRECT,-267,1
ATM2503077C47B9,CDR202600048727,RECEIVER_OUTGOING_ACTIVITY,-10,1
IMPS250406I09CJH,CDR202600048738,SENDER_INCOMING_ACTIVITY,-215,1
ATM250901A82QRH,CDR202600048758,SENDER_INCOMING_ACTIVITY,-49,1
TXN250519RRGPU2,CDR202600048777,DIRECT,948,1
UPI2507201N6M8V,CDR202600048796,DIRECT,269,1
UPI250817UKPOES,CDR202600048802,SENDER_OUTGOING_ACTIVITY,804,1
ATM250806HY4NV7,CDR202600048804,SENDER_INCOMING_ACTIVITY,44,1
IMPS250416JTOEFN,CDR202600048837,DIRECT,-24,1
ATM250619LEGPNY,CDR202600048857,REVERSE,-30,1
UPI2505277L56E6,CDR202600048883,RECEIVER_OUTGOING_ACTIVITY,271,1
TXN250618N21BA3,CDR202600048908,SENDER_OUTGOING_ACTIVITY,37,1
UPI250308ZGJ4XW,CDR202600048922,RECEIVER_INCOMING_ACTIVITY,78,1
IMPS2507291WR5ZC,CDR202600048931,REVERSE,-71,1
UPI250301WDWN7X,CDR202600048935,DIRECT,1361,1
UPI2508104JXW8P,CDR202600048948,RECEIVER_INCOMING_ACTIVITY,-756,1
TXN250618XXXL74,CDR202600048952,RECEIVER_INCOMING_ACTIVITY,-332,1
TXN250908F9CHBT,CDR202600048968,SENDER_OUTGOING_ACTIVITY,153,1
UPI250303GFQAGL,CDR202600048995,DIRECT,-280,1
UPI250701BZZA3I,CDR202600049021,RECEIVER_INCOMING_ACTIVITY,7,1
ATM25032199YCE5,CDR202600049052,REVERSE,-4,1
TXN250501YBFQ5Y,CDR202600049053,RECEIVER_OUTGOING_ACTIVITY,22,1
TXN250326O2N9RU,CDR202600049056,SENDER_OUTGOING_ACTIVITY,433,1
IMPS250914N0DJNW,CDR202600049072,REVERSE,851,1
TXN250810I0QZ1Y,CDR202600049078,REVERSE,192,1
ATM250101DU0ISB,CDR202600049085,REVERSE,-511,1
UPI250905UA1R66,CDR202600049094,RECEIVER_OUTGOING_ACTIVITY,73,1
ATM250425GKW6HD,CDR202600049106,SENDER_INCOMING_ACTIVITY,-169,1
TXN250329BTDRJG,CDR202600049115,DIRECT,-28,1
ATM25103148HTFX,CDR202600049133,DIRECT,-55,1
UPI251113BIZBIS,CDR202600049135,DIRECT,175,1
ATM250114WSU536,CDR202600049160,DIRECT,1,1
ATM251203OC4N0U,CDR202600049164,DIRECT,-263,1
ATM250205WGKDBS,CDR202600049211,DIRECT,-144,1
UPI250115EJ2037,CDR202600049213,SENDER_OUTGOING_ACTIVITY,-675,1
IMPS251008AZ8A8C,CDR202600049226,SENDER_OUTGOING_ACTIVITY,212,1
ATM251210R7DPA4,CDR202600049269,RECEIVER_INCOMING_ACTIVITY,377,1
TXN250116V0FJPS,CDR202600049271,DIRECT,4,1
TXN251102XN82SD,CDR202600049284,RECEIVER_INCOMING_ACTIVITY,688,1
UPI2506066PYFS5,CDR202600049312,DIRECT,157,1
UPI250303OOBOQN,CDR202600049327,SENDER_INCOMING_ACTIVITY,-450,1
TXN251122NT0802,CDR202600049329,SENDER_INCOMING_ACTIVITY,-1593,1
ATM250427BN7OA6,CDR202600049361,DIRECT,-117,1
UPI2505232L9JTW,CDR202600049375,SENDER_OUTGOING_ACTIVITY,15,1
ATM250403HY1U50,CDR202600049387,REVERSE,-80,1
TXN250327D2WWS3,CDR202600049397,RECEIVER_INCOMING_ACTIVITY,326,1
UPI251215119BEF,CDR202600049404,DIRECT,14,1
UPI250523CAZ4XA,CDR202600049427,RECEIVER_OUTGOING_ACTIVITY,50,1
ATM250330YV7186,CDR202600049429,DIRECT,1477,1
ATM250315KDBNMC,CDR202600049432,RECEIVER_INCOMING_ACTIVITY,-585,1
UPI2503272D7KW7,CDR202600049446,SENDER_OUTGOING_ACTIVITY,-143,1
ATM2501247YY1HU,CDR202600049458,SENDER_INCOMING_ACTIVITY,-109,1
ATM251231AOG7ST,CDR202600049470,REVERSE,1794,1
ATM250209QBTPXE,CDR202600049490,RECEIVER_INCOMING_ACTIVITY,158,1
TXN251214BIT8SP,CDR202600049492,DIRECT,80,1
ATM250404BY9K8R,CDR202600049496,DIRECT,55,1
ATM250228JNYDYQ,CDR202600049504,SENDER_INCOMING_ACTIVITY,1,1
TXN250905XS62Q6,CDR202600049515,DIRECT,-262,1
UPI250518X2ZQWE,CDR202600049520,SENDER_INCOMING_ACTIVITY,802,1
TXN250108F2TBW4,CDR202600049554,REVERSE,401,1
ATM250127H4TVSD,CDR202600049558,SENDER_INCOMING_ACTIVITY,-8,1
IMPS25112326HJPG,CDR202600049564,DIRECT,125,1
UPI250717WOT9LG,CDR202600049571,RECEIVER_INCOMING_ACTIVITY,711,1
ATM250703A5H68H,CDR202600049590,DIRECT,564,1
ATM250219C55XMT,CDR202600049598,REVERSE,-1564,1
IMPS251109D4D1GQ,CDR202600049601,DIRECT,-17,1
ATM250828SPGLA0,CDR202600049613,DIRECT,-42,1
UPI250317NSDD8Z,CDR202600049614,SENDER_OUTGOING_ACTIVITY,-36,1
ATM251119FBE51O,CDR202600049615,DIRECT,1060,1
ATM2501101DGTG6,CDR202600049619,SENDER_INCOMING_ACTIVITY,154,1
ATM250624AF8G17,CDR202600049621,RECEIVER_OUTGOING_ACTIVITY,11,1
UPI2508283I2SSD,CDR202600049622,RECEIVER_INCOMING_ACTIVITY,-555,1
ATM2510020182NY,CDR202600049627,SENDER_INCOMING_ACTIVITY,20,1
ATM250713BATOVT,CDR202600049630,SENDER_OUTGOING_ACTIVITY,-822,1
TXN2501305DVWGW,CDR202600049646,SENDER_OUTGOING_ACTIVITY,-18,1
IMPS250618MNX8FL,CDR202600049652,REVERSE,190,1
ATM250618O98GHC,CDR202600049712,SENDER_INCOMING_ACTIVITY,235,1
UPI2512260FEDAV,CDR202600049714,SENDER_INCOMING_ACTIVITY,350,1
UPI250515YRNYWJ,CDR202600049757,DIRECT,-371,1
ATM251028I3BMAI,CDR202600049771,SENDER_OUTGOING_ACTIVITY,43,1
ATM250718L1X5X4,CDR202600049773,SENDER_INCOMING_ACTIVITY,1079,1
UPI2506051EN36C,CDR202600049778,RECEIVER_OUTGOING_ACTIVITY,-747,1
TXN250916YIBQN0,CDR202600049798,DIRECT,-9,1
TXN250517DIGABH,CDR202600049815,DIRECT,258,1
UPI250723RZ41YI,CDR202600049817,RECEIVER_INCOMING_ACTIVITY,-896,1
TXN250316167IH2,CDR202600049825,RECEIVER_INCOMING_ACTIVITY,-729,1
UPI251023D0PBWZ,CDR202600049827,DIRECT,37,1
IMPS250122TDU651,CDR202600049829,SENDER_OUTGOING_ACTIVITY,75,1
TXN250907NIK4TU,CDR202600049841,REVERSE,637,1
UPI250226L19SJB,CDR202600049846,DIRECT,-17,1
IMPS250403BXRWPP,CDR202600049868,DIRECT,-65,1
ATM250527XMHWWD,CDR202600049882,REVERSE,182,1
UPI251219RCHM5V,CDR202600049888,RECEIVER_INCOMING_ACTIVITY,-1408,1
TXN250724UU94AV,CDR202600049896,SENDER_INCOMING_ACTIVITY,-1669,1
UPI250317X6CNAR,CDR202600049898,DIRECT,-157,1
TXN250614LCJI53,CDR202600049907,DIRECT,492,1
IMPS250128Q2PE7Z,CDR202600049912,DIRECT,-899,1
TXN251019QMIT3C,CDR202600049919,RECEIVER_OUTGOING_ACTIVITY,-4,1
TXN251003XEAJ5G,CDR202600049927,REVERSE,88,1
TXN250208I5LJ4U,CDR202600049929,DIRECT,-4,1
UPI250504I0J0A0,CDR202600049931,DIRECT,-127,1
IMPS250519MOV9U4,CDR202600049935,SENDER_INCOMING_ACTIVITY,-5,1
ATM2506258YHITR,CDR202600049941,RECEIVER_OUTGOING_ACTIVITY,-41,1
UPI251130PAPQXB,CDR202600049944,REVERSE,411,1
IMPS250418DLCKFF,CDR202600049952,SENDER_INCOMING_ACTIVITY,110,1
TXN250504VSI786,CDR202600049959,RECEIVER_INCOMING_ACTIVITY,44,1
UPI250708PT9U70,CDR202600049961,RECEIVER_INCOMING_ACTIVITY,338,1
ATM25060616O7LK,CDR202600049977,SENDER_INCOMING_ACTIVITY,-805,1
UPI250707LA7KJD,CDR202600050020,RECEIVER_OUTGOING_ACTIVITY,11,1
ATM2507062P4I4W,CDR202600050031,RECEIVER_OUTGOING_ACTIVITY,141,1
ATM2506193BEVY7,CDR202600050037,RECEIVER_INCOMING_ACTIVITY,160,1
UPI251125DRW9E6,CDR202600050038,DIRECT,-492,1
UPI25032113TD5G,CDR202600050055,DIRECT,27,1
UPI251117NPT8SV,CDR202600050059,DIRECT,605,1
ATM2511192XDGWB,CDR202600050073,DIRECT,-3,1
ATM2503041WV96D,CDR202600050093,RECEIVER_INCOMING_ACTIVITY,36,1
UPI250703JR3V8S,CDR202600050100,SENDER_INCOMING_ACTIVITY,-5,1
IMPS251215JIR084,CDR202600050102,RECEIVER_OUTGOING_ACTIVITY,-746,1
TXN250228119IK7,CDR202600050109,SENDER_OUTGOING_ACTIVITY,60,1
TXN251119LBTIJU,CDR202600050121,RECEIVER_OUTGOING_ACTIVITY,214,1
IMPS250825KHISMM,CDR202600050122,SENDER_INCOMING_ACTIVITY,111,1
ATM250104N9UQ7R,CDR202600050140,RECEIVER_INCOMING_ACTIVITY,-140,1
UPI250221GGLSIM,CDR202600050173,DIRECT,-517,1
ATM250624JKBIJK,CDR202600050180,SENDER_OUTGOING_ACTIVITY,496,1
ATM250614B2C83E,CDR202600050183,SENDER_INCOMING_ACTIVITY,17,1
TXN250116CYFHTJ,CDR202600050224,DIRECT,-41,1
TXN251127AJFGZR,CDR202600050267,SENDER_INCOMING_ACTIVITY,-252,1
TXN250509Y2ERT3,CDR202600050278,REVERSE,45,1
ATM2506269Z0QYB,CDR202600050279,DIRECT,-69,1
ATM250221JBA438,CDR202600050310,REVERSE,-73,1
ATM250309CAQYGF,CDR202600050330,DIRECT,-608,1
ATM2503054E6GYX,CDR202600050333,SENDER_INCOMING_ACTIVITY,458,1
TXN250607MY0UKA,CDR202600050343,SENDER_INCOMING_ACTIVITY,-444,1
ATM2511125A8PK6,CDR202600050350,SENDER_INCOMING_ACTIVITY,-1341,1
ATM250413OM1NZZ,CDR202600050361,REVERSE,76,1
ATM250517YS6U0P,CDR202600050375,SENDER_OUTGOING_ACTIVITY,106,1
TXN250418CFW9AT,CDR202600050394,SENDER_OUTGOING_ACTIVITY,-38,1
TXN2506123T9FR5,CDR202600050430,DIRECT,282,1
ATM2508112O1UTS,CDR202600050463,DIRECT,-284,1
TXN250504G3XV9Z,CDR202600050475,SENDER_INCOMING_ACTIVITY,745,1
UPI250520QHW29K,CDR202600050521,REVERSE,554,1
ATM251217RY9QOC,CDR202600050530,DIRECT,54,1
UPI251017PJXKI6,CDR202600050547,DIRECT,-1768,1
TXN2508016ULUFO,CDR202600050550,DIRECT,-271,1
UPI251121BQVCXB,CDR202600050556,REVERSE,-427,1
ATM250806PO4KFU,CDR202600050563,SENDER_OUTGOING_ACTIVITY,392,1
ATM251007B9X95H,CDR202600050580,REVERSE,42,1
UPI251220P0AM86,CDR202600050607,REVERSE,-109,1
IMPS250806GAIPWC,CDR202600050617,REVERSE,-105,1
UPI2503188Z1L87,CDR202600050630,RECEIVER_INCOMING_ACTIVITY,286,1
IMPS250810I8UIEF,CDR202600050645,DIRECT,-161,1
UPI251020Q97SL8,CDR202600050682,DIRECT,-685,1
UPI2509229XJ8Y0,CDR202600050684,DIRECT,483,1
ATM251118HVB6DW,CDR202600050689,RECEIVER_OUTGOING_ACTIVITY,-418,1
UPI2502288X9PYO,CDR202600050710,RECEIVER_INCOMING_ACTIVITY,-643,1
ATM250627153TEF,CDR202600050713,SENDER_OUTGOING_ACTIVITY,171,1
UPI2512011X8LI5,CDR202600050725,SENDER_INCOMING_ACTIVITY,572,1
ATM251017JASZV5,CDR202600050754,SENDER_INCOMING_ACTIVITY,-760,1
ATM2502242Y45GW,CDR202600050771,SENDER_INCOMING_ACTIVITY,1203,1
UPI250116W03BKF,CDR202600050782,SENDER_OUTGOING_ACTIVITY,93,1
UPI250819167CJ3,CDR202600050784,DIRECT,445,1
ATM25062077HQM5,CDR202600050787,REVERSE,49,1
UPI2504124VBL4G,CDR202600050788,DIRECT,18,1
ATM2507108PFBB4,CDR202600050793,REVERSE,644,1
IMPS2501073FM348,CDR202600050810,REVERSE,-184,1
TXN2501252NKMBG,CDR202600050820,REVERSE,-20,1
ATM250627HJ7EFZ,CDR202600050831,DIRECT,108,1
ATM250406XC4PW4,CDR202600050839,SENDER_OUTGOING_ACTIVITY,-78,1
UPI2502210PHLLZ,CDR202600050847,RECEIVER_INCOMING_ACTIVITY,318,1
ATM250113O82H3R,CDR202600050852,DIRECT,-884,1
IMPS250421CEJYHH,CDR202600050876,SENDER_OUTGOING_ACTIVITY,126,1
ATM250507YCUB36,CDR202600050898,DIRECT,221,1
ATM250222MU1EHM,CDR202600050904,DIRECT,5,1
ATM250127DC9V3W,CDR202600050906,DIRECT,850,1
ATM250912G6I0L6,CDR202600050910,REVERSE,79,1
UPI250912PMXPEV,CDR202600050929,SENDER_OUTGOING_ACTIVITY,-10,1
IMPS250606QDJUR0,CDR202600050934,DIRECT,-181,1
UPI251028V5HD30,CDR202600050937,SENDER_INCOMING_ACTIVITY,-658,1
ATM250319D5KLS5,CDR202600050953,DIRECT,-837,1
UPI250812TDCS6J,CDR202600050957,DIRECT,-38,1
ATM250731R6SKV1,CDR202600050967,RECEIVER_INCOMING_ACTIVITY,-27,1
IMPS251027ALNJOB,CDR202600050974,SENDER_INCOMING_ACTIVITY,1396,1
UPI251129TJLIC0,CDR202600050982,DIRECT,-275,1
ATM250807F84P4L,CDR202600050988,REVERSE,-52,1
TXN2506130RG3GT,CDR202600050994,RECEIVER_INCOMING_ACTIVITY,236,1
TXN251219HDE204,CDR202600051012,RECEIVER_OUTGOING_ACTIVITY,-111,1
UPI250112511VS0,CDR202600051014,SENDER_OUTGOING_ACTIVITY,53,1
UPI251019LEV3EJ,CDR202600051018,DIRECT,11,1
TXN251119HFP4XA,CDR202600051062,DIRECT,-731,1
ATM251028V0ZXC6,CDR202600051067,REVERSE,1070,1
UPI250806MXPAID,CDR202600051068,SENDER_INCOMING_ACTIVITY,-60,1
ATM25021978OU0V,CDR202600051082,RECEIVER_OUTGOING_ACTIVITY,35,1
TXN251212ZBQC65,CDR202600051087,SENDER_INCOMING_ACTIVITY,24,1
UPI2502156UW6HN,CDR202600051091,RECEIVER_OUTGOING_ACTIVITY,-519,1
UPI250712GOIIVD,CDR202600051107,DIRECT,1608,1
TXN250615TNKI8M,CDR202600051111,DIRECT,-243,1
UPI250522001EP2,CDR202600051153,SENDER_OUTGOING_ACTIVITY,763,1
IMPS251004IEENXC,CDR202600051178,REVERSE,18,1
ATM250502SUJYL0,CDR202600051179,DIRECT,-44,1
UPI250121H0VT87,CDR202600051209,SENDER_INCOMING_ACTIVITY,-841,1
UPI250505FEFOJK,CDR202600051211,REVERSE,190,1
ATM250522UM61V3,CDR202600051218,REVERSE,73,1
UPI2509098K3LBP,CDR202600051225,REVERSE,-1758,1
ATM2504028CGY31,CDR202600051234,SENDER_INCOMING_ACTIVITY,65,1
ATM251214JWEBS0,CDR202600051237,DIRECT,285,1
IMPS25071476HQLH,CDR202600051249,DIRECT,281,1
TXN250714VAXKTO,CDR202600051269,SENDER_OUTGOING_ACTIVITY,858,1
UPI2501076K52BI,CDR202600051282,SENDER_OUTGOING_ACTIVITY,512,1
UPI250908TI5ZW1,CDR202600051297,SENDER_INCOMING_ACTIVITY,1302,1
ATM250913ZVO4K9,CDR202600051304,DIRECT,-512,1
TXN250509WF5W0K,CDR202600051314,REVERSE,-171,1
ATM251122F1A6BS,CDR202600051365,DIRECT,180,1
UPI250809KD5NGH,CDR202600051368,DIRECT,262,1
UPI250810Z5UCE5,CDR202600051371,RECEIVER_OUTGOING_ACTIVITY,-247,1
UPI2501255ERNKD,CDR202600051372,SENDER_OUTGOING_ACTIVITY,49,1
UPI250809CAUUEN,CDR202600051388,REVERSE,-193,1
UPI2508263FKOK2,CDR202600051394,RECEIVER_OUTGOING_ACTIVITY,60,1
ATM250605CKQBOF,CDR202600051399,DIRECT,51,1
ATM250308QXIRXS,CDR202600051411,RECEIVER_INCOMING_ACTIVITY,776,1
TXN251026TQOWEO,CDR202600051420,SENDER_INCOMING_ACTIVITY,1072,1
TXN250703BZ93A4,CDR202600051435,RECEIVER_OUTGOING_ACTIVITY,-1266,1
ATM250816S1V12K,CDR202600051463,SENDER_INCOMING_ACTIVITY,-54,1
ATM2506172Y8K2H,CDR202600051470,DIRECT,25,1
IMPS250223WI6CTK,CDR202600051475,SENDER_OUTGOING_ACTIVITY,835,1
TXN250520JO4UJL,CDR202600051483,SENDER_OUTGOING_ACTIVITY,602,1
ATM250115T8T6RI,CDR202600051535,SENDER_OUTGOING_ACTIVITY,458,1
IMPS251212FEBYYJ,CDR202600051544,DIRECT,-124,1
TXN250719HBIZYT,CDR202600051545,SENDER_INCOMING_ACTIVITY,-102,1
UPI2503284M8N1Z,CDR202600051548,DIRECT,-215,1
TXN250711R041SH,CDR202600051565,DIRECT,-151,1
ATM250102V4KFQ5,CDR202600051591,DIRECT,1464,1
UPI251216J8P1BY,CDR202600051605,REVERSE,-54,1
ATM250426R5QKVA,CDR202600051636,RECEIVER_OUTGOING_ACTIVITY,-771,1
TXN250408LP5HOC,CDR202600051672,DIRECT,-809,1
TXN250904OFOHOG,CDR202600051707,SENDER_OUTGOING_ACTIVITY,-38,1
ATM250314Z2QTMV,CDR202600051739,REVERSE,-723,1
ATM2508137LKYOP,CDR202600051745,REVERSE,-19,1
TXN250531NKRFHM,CDR202600051801,RECEIVER_OUTGOING_ACTIVITY,-852,1
TXN250520980RK2,CDR202600051803,DIRECT,-296,1
UPI251214B8HLR7,CDR202600051815,SENDER_OUTGOING_ACTIVITY,389,1
TXN250208W0SNX0,CDR202600051828,DIRECT,-27,1
UPI250614X5PZ7Q,CDR202600051836,REVERSE,-192,1
TXN251203CKQ0G5,CDR202600051840,DIRECT,1467,1
UPI2510082DPPQG,CDR202600051847,DIRECT,401,1
UPI250626LF9H2N,CDR202600051850,SENDER_OUTGOING_ACTIVITY,48,1
ATM2508305EZGVM,CDR202600051860,RECEIVER_OUTGOING_ACTIVITY,-234,1
UPI2509249750VA,CDR202600051874,SENDER_INCOMING_ACTIVITY,127,1
TXN2511192Q5R27,CDR202600051880,DIRECT,415,1
TXN250223PLABBL,CDR202600051884,DIRECT,594,1
UPI250719IFIB4I,CDR202600051919,DIRECT,208,1
TXN2507237B44XK,CDR202600051926,RECEIVER_INCOMING_ACTIVITY,-19,1
UPI250528E76FML,CDR202600051928,REVERSE,-1215,1
ATM250301PXJ6Q2,CDR202600051931,DIRECT,-806,1
IMPS250228U490K7,CDR202600051939,REVERSE,-443,1
ATM251003AQCD5R,CDR202600051944,DIRECT,75,1
TXN250520BGLGFB,CDR202600051971,SENDER_OUTGOING_ACTIVITY,-1468,1
ATM250414SIGLDK,CDR202600051992,SENDER_OUTGOING_ACTIVITY,-223,1
UPI250621FWN7HS,CDR202600052001,DIRECT,43,1
ATM250203V94WYC,CDR202600052008,DIRECT,789,1
UPI250110QOUQ6T,CDR202600052010,RECEIVER_INCOMING_ACTIVITY,-1587,1
UPI250312KSEKM2,CDR202600052019,DIRECT,-137,1
TXN250722QNCY13,CDR202600052026,SENDER_OUTGOING_ACTIVITY,-20,1
TXN251103M7ILRS,CDR202600052049,DIRECT,-260,1
TXN250805K3VEZ0,CDR202600052060,DIRECT,-226,1
ATM250204VBBYZQ,CDR202600052065,DIRECT,-238,1
IMPS250206SSN4RW,CDR202600052066,RECEIVER_OUTGOING_ACTIVITY,-1220,1
TXN251113XNDKXG,CDR202600052068,DIRECT,-34,1
UPI251123JJOLSC,CDR202600052082,REVERSE,415,1
IMPS250811KM2EOJ,CDR202600052091,DIRECT,-38,1
TXN251113PLWKXD,CDR202600052103,REVERSE,66,1
TXN250120K3F9W9,CDR202600052108,SENDER_OUTGOING_ACTIVITY,-733,1
ATM250627VOWMXE,CDR202600052118,SENDER_INCOMING_ACTIVITY,11,1
UPI250911518NWJ,CDR202600052120,DIRECT,29,1
UPI251126MEZSOI,CDR202600052126,RECEIVER_INCOMING_ACTIVITY,887,1
IMPS250409WCAIAR,CDR202600052131,DIRECT,-236,1
UPI250805EAT5I2,CDR202600052152,SENDER_OUTGOING_ACTIVITY,1040,1
TXN251117EO7I66,CDR202600052170,DIRECT,26,1
ATM2509108XX27M,CDR202600052187,SENDER_INCOMING_ACTIVITY,-1710,1
UPI250406866W28,CDR202600052196,RECEIVER_OUTGOING_ACTIVITY,982,1
IMPS250622JCS49T,CDR202600052219,RECEIVER_INCOMING_ACTIVITY,-222,1
ATM251124VFI0R5,CDR202600052224,DIRECT,268,1
UPI251106UVX6Z6,CDR202600052240,DIRECT,48,1
ATM251104QREMEI,CDR202600052251,SENDER_OUTGOING_ACTIVITY,817,1
UPI2512176N4OFY,CDR202600052255,DIRECT,-49,1
IMPS251211A0CSYA,CDR202600052285,REVERSE,645,1
ATM251020WY8LGX,CDR202600052303,RECEIVER_OUTGOING_ACTIVITY,2,1
ATM250703FATB2R,CDR202600052345,DIRECT,19,1
UPI2511125GJZPX,CDR202600052363,SENDER_OUTGOING_ACTIVITY,-23,1
ATM2509062X0DWN,CDR202600052369,DIRECT,-32,1
UPI25120901739F,CDR202600052405,SENDER_INCOMING_ACTIVITY,-144,1
UPI2507012TNODZ,CDR202600052418,REVERSE,-148,1
ATM250518F7FZXS,CDR202600052424,SENDER_OUTGOING_ACTIVITY,-1646,1
UPI250802CPGTBL,CDR202600052426,RECEIVER_OUTGOING_ACTIVITY,-638,1
ATM250130R6I1LG,CDR202600052427,SENDER_INCOMING_ACTIVITY,897,1
ATM250720H1M50D,CDR202600052431,DIRECT,-129,1
ATM251019X5M0QK,CDR202600052442,SENDER_OUTGOING_ACTIVITY,-130,1
UPI2507072IWCZM,CDR202600052448,DIRECT,273,1
ATM2503261ZXO5N,CDR202600052456,SENDER_OUTGOING_ACTIVITY,29,1
ATM250121B32RJX,CDR202600052462,DIRECT,35,1
UPI250917Z8KRA0,CDR202600052464,SENDER_OUTGOING_ACTIVITY,327,1
IMPS250615W9GB76,CDR202600052470,RECEIVER_OUTGOING_ACTIVITY,270,1
UPI250919STD83S,CDR202600052477,REVERSE,-57,1
ATM250921WT1LQC,CDR202600052479,DIRECT,717,1
ATM251006K41LMX,CDR202600052480,DIRECT,-378,1
TXN2504222FP2AJ,CDR202600052531,DIRECT,4,1
TXN250923UK6CUX,CDR202600052535,REVERSE,1648,1
ATM250528W2UZE5,CDR202600052555,REVERSE,-2,1
IMPS250227QIUL0S,CDR202600052577,DIRECT,-15,1
TXN250330Z7JKCL,CDR202600052586,RECEIVER_OUTGOING_ACTIVITY,412,1
UPI2512026KCXAI,CDR202600052611,RECEIVER_OUTGOING_ACTIVITY,-76,1
ATM250409EN0Q5B,CDR202600052619,SENDER_INCOMING_ACTIVITY,152,1
UPI251121Z1JJK8,CDR202600052620,SENDER_OUTGOING_ACTIVITY,-34,1
TXN2503141GBYU1,CDR202600052643,DIRECT,5,1
TXN250824BI57UX,CDR202600052648,DIRECT,-126,1
UPI250131D7T3C4,CDR202600052655,RECEIVER_OUTGOING_ACTIVITY,956,1
ATM250301C997H2,CDR202600052657,RECEIVER_OUTGOING_ACTIVITY,246,1
UPI251223HFOPUR,CDR202600052665,SENDER_OUTGOING_ACTIVITY,-12,1
ATM250913AO7637,CDR202600052683,DIRECT,40,1
ATM251220CYFLTB,CDR202600052687,RECEIVER_INCOMING_ACTIVITY,-154,1
ATM250813213F48,CDR202600052717,SENDER_OUTGOING_ACTIVITY,-41,1
TXN250721NST6G2,CDR202600052719,REVERSE,-284,1
TXN2507022XMUTD,CDR202600052725,RECEIVER_OUTGOING_ACTIVITY,-181,1
ATM251215J31ZLV,CDR202600052732,RECEIVER_OUTGOING_ACTIVITY,-249,1
TXN251215IM1TPE,CDR202600052736,RECEIVER_INCOMING_ACTIVITY,-7,1
ATM2501193YL7WC,CDR202600052747,SENDER_INCOMING_ACTIVITY,-21,1
UPI250228ZSCPRD,CDR202600052783,DIRECT,-1369,1
UPI251218JIW92O,CDR202600052843,RECEIVER_INCOMING_ACTIVITY,-35,1
UPI2502050HSYTR,CDR202600052854,SENDER_INCOMING_ACTIVITY,-22,1
ATM250208N23FTY,CDR202600052939,DIRECT,-1312,1
UPI250204BMW948,CDR202600052946,SENDER_OUTGOING_ACTIVITY,124,1
UPI250323ZPG4CU,CDR202600052949,DIRECT,-604,1
ATM251118S0R4ZW,CDR202600052956,DIRECT,-14,1
IMPS250912OIJD9H,CDR202600052967,SENDER_OUTGOING_ACTIVITY,67,1
UPI250223VZBEUA,CDR202600053000,SENDER_INCOMING_ACTIVITY,176,1
TXN250311POI20I,CDR202600053016,DIRECT,-428,1
UPI251016EXZIFX,CDR202600053018,REVERSE,-273,1
TXN250712MD9TF2,CDR202600053025,RECEIVER_OUTGOING_ACTIVITY,1,1
UPI25010939MXFG,CDR202600053026,RECEIVER_OUTGOING_ACTIVITY,-1415,1
IMPS250207OJ3OXE,CDR202600053027,DIRECT,620,1
TXN2503186PSGI7,CDR202600053037,SENDER_OUTGOING_ACTIVITY,49,1
UPI250216SPQ3RK,CDR202600053041,RECEIVER_INCOMING_ACTIVITY,-362,1
TXN250429KHHE7H,CDR202600053060,DIRECT,-211,1
ATM251212NZ0S2K,CDR202600053063,RECEIVER_INCOMING_ACTIVITY,28,1
ATM250406LYPT84,CDR202600053066,REVERSE,17,1
TXN2502139ITNRM,CDR202600053083,SENDER_OUTGOING_ACTIVITY,-303,1
UPI250211T0GSXR,CDR202600053101,SENDER_INCOMING_ACTIVITY,-173,1
UPI251008QLJ4LG,CDR202600053105,DIRECT,-35,1
IMPS250618KDADCD,CDR202600053106,DIRECT,-261,1
UPI251011EPU8IP,CDR202600053109,RECEIVER_OUTGOING_ACTIVITY,1083,1
IMPS250728D45B0G,CDR202600053116,SENDER_OUTGOING_ACTIVITY,40,1
TXN250323R1CCDA,CDR202600053118,SENDER_OUTGOING_ACTIVITY,-57,1
UPI251115SW4GC4,CDR202600053125,SENDER_INCOMING_ACTIVITY,-66,1
UPI250820QEEYR7,CDR202600053127,DIRECT,1,1
UPI2508104L64FW,CDR202600053128,DIRECT,-22,1
ATM2508125GHP5K,CDR202600053152,RECEIVER_OUTGOING_ACTIVITY,823,1
ATM2509308SMAQ9,CDR202600053180,DIRECT,-286,1
ATM250125FQAF00,CDR202600053185,SENDER_INCOMING_ACTIVITY,-8,1
UPI250418770FXN,CDR202600053190,REVERSE,-180,1
ATM251224AOVSYA,CDR202600053191,SENDER_OUTGOING_ACTIVITY,107,1
TXN250301MDZKGW,CDR202600053199,SENDER_OUTGOING_ACTIVITY,317,1
ATM25060931AGKM,CDR202600053245,RECEIVER_OUTGOING_ACTIVITY,124,1
IMPS250124X3N5H4,CDR202600053259,DIRECT,-123,1
UPI25022847R2A0,CDR202600053278,RECEIVER_OUTGOING_ACTIVITY,-394,1
ATM25041310BFUQ,CDR202600053288,SENDER_INCOMING_ACTIVITY,26,1
TXN250920NRTO7K,CDR202600053303,DIRECT,-1175,1
ATM2508168BGX4Q,CDR202600053304,DIRECT,5,1
TXN2508084J053N,CDR202600053305,REVERSE,59,1
ATM251214WSQNOI,CDR202600053333,DIRECT,-16,1
UPI250416YDU46W,CDR202600053343,SENDER_OUTGOING_ACTIVITY,1161,1
ATM25030203S2TT,CDR202600053368,SENDER_OUTGOING_ACTIVITY,-31,1
UPI250520NPNE5Y,CDR202600053381,SENDER_OUTGOING_ACTIVITY,14,1
ATM2507129DKFWH,CDR202600053400,DIRECT,-531,1
TXN250716PYY5RL,CDR202600053413,REVERSE,-200,1
UPI251103U6LYSG,CDR202600053428,DIRECT,-4,1
ATM2506149TX5SM,CDR202600053431,RECEIVER_OUTGOING_ACTIVITY,-192,1
TXN250613T96E9B,CDR202600053438,RECEIVER_OUTGOING_ACTIVITY,-248,1
UPI250715VCI00A,CDR202600053439,SENDER_INCOMING_ACTIVITY,3,1
TXN250313ZBN2DU,CDR202600053445,REVERSE,222,1
UPI25122248BX9Q,CDR202600053451,REVERSE,-100,1
ATM250428IRZW7Z,CDR202600053457,RECEIVER_OUTGOING_ACTIVITY,-15,1
ATM250629PMSO8F,CDR202600053461,REVERSE,-1014,1
TXN251221KE0CUV,CDR202600053465,DIRECT,-134,1
ATM2506174Q3EYG,CDR202600053490,SENDER_INCOMING_ACTIVITY,37,1
TXN25062441Y3H7,CDR202600053500,RECEIVER_OUTGOING_ACTIVITY,15,1
UPI2501202L1D5V,CDR202600053515,DIRECT,-1102,1
UPI2501120AKN05,CDR202600053532,DIRECT,1738,1
UPI250627CLUPAC,CDR202600053534,RECEIVER_OUTGOING_ACTIVITY,-408,1
TXN250301HDPGQJ,CDR202600053542,RECEIVER_INCOMING_ACTIVITY,499,1
ATM2504121MV975,CDR202600053558,DIRECT,176,1
UPI250328GWIMAC,CDR202600053559,RECEIVER_OUTGOING_ACTIVITY,293,1
ATM250702310W3Z,CDR202600053562,SENDER_OUTGOING_ACTIVITY,-25,1
ATM250417C2VH3X,CDR202600053564,DIRECT,1770,1
UPI25102534KYFV,CDR202600053596,RECEIVER_OUTGOING_ACTIVITY,545,1
ATM250925R6VSXI,CDR202600053648,DIRECT,-904,1
UPI251117UISF4U,CDR202600053683,DIRECT,1321,1
ATM250326AVEJ8D,CDR202600053684,DIRECT,-140,1
IMPS25082103C3OS,CDR202600053742,SENDER_INCOMING_ACTIVITY,-272,1
TXN2502082RPPBX,CDR202600053758,REVERSE,-699,1
TXN250719TF2IV0,CDR202600053768,DIRECT,163,1
UPI250506WOGLQU,CDR202600053775,DIRECT,-2,1
TXN251024QUOH73,CDR202600053776,SENDER_OUTGOING_ACTIVITY,534,1
ATM25082824T34W,CDR202600053778,SENDER_INCOMING_ACTIVITY,89,1
TXN251108TZPZMH,CDR202600053789,DIRECT,-629,1
ATM250518EUGP15,CDR202600053796,REVERSE,-164,1
UPI250324SV6OX7,CDR202600053801,SENDER_OUTGOING_ACTIVITY,658,1
ATM250816NPRJDQ,CDR202600053802,RECEIVER_INCOMING_ACTIVITY,-9,1
ATM250423AMETAF,CDR202600053808,SENDER_INCOMING_ACTIVITY,203,1
ATM250528BW0CPR,CDR202600053817,RECEIVER_INCOMING_ACTIVITY,-567,1
ATM251119VQ3UCJ,CDR202600053842,DIRECT,113,1
ATM250504T4XA5M,CDR202600053884,SENDER_OUTGOING_ACTIVITY,-263,1
TXN251117BS5PNE,CDR202600053894,RECEIVER_INCOMING_ACTIVITY,-57,1
IMPS2503073V9UVF,CDR202600053917,RECEIVER_INCOMING_ACTIVITY,48,1
UPI250914OO65C5,CDR202600053922,REVERSE,828,1
ATM251029HSZXCM,CDR202600053935,DIRECT,-272,1
TXN2509072A4TV8,CDR202600053942,SENDER_INCOMING_ACTIVITY,126,1
ATM251025E39SLB,CDR202600053961,DIRECT,27,1
UPI250430EMS0AA,CDR202600053979,REVERSE,-215,1
ATM251216FDORU5,CDR202600054004,SENDER_OUTGOING_ACTIVITY,-162,1
ATM2507147UIYQF,CDR202600054042,RECEIVER_OUTGOING_ACTIVITY,-1057,1
IMPS250125AXHZES,CDR202600054047,RECEIVER_OUTGOING_ACTIVITY,45,1
ATM251119XC0DXH,CDR202600054052,SENDER_INCOMING_ACTIVITY,-23,1
ATM251202OH8IS4,CDR202600054063,SENDER_OUTGOING_ACTIVITY,260,1
ATM251225W7NUO5,CDR202600054066,REVERSE,636,1
IMPS250220AJXHS7,CDR202600054081,REVERSE,5,1
TXN250307IMBT4Q,CDR202600054128,RECEIVER_INCOMING_ACTIVITY,-146,1
TXN250627PC3WWT,CDR202600054166,DIRECT,786,1
ATM251106X03MPK,CDR202600054178,SENDER_INCOMING_ACTIVITY,212,1
UPI251003GUC4N2,CDR202600054181,DIRECT,246,1
TXN2502288ADF3T,CDR202600054205,DIRECT,90,1
UPI250626YNNOQW,CDR202600054208,REVERSE,729,1
UPI250825W9X0GR,CDR202600054219,DIRECT,-180,1
ATM250611EOHKFE,CDR202600054234,DIRECT,769,1
UPI2511252ATTOP,CDR202600054237,SENDER_OUTGOING_ACTIVITY,160,1
UPI25092187JTUQ,CDR202600054242,SENDER_INCOMING_ACTIVITY,289,1
ATM250404AVV7ZJ,CDR202600054246,SENDER_INCOMING_ACTIVITY,-639,1
TXN250707M9ZC82,CDR202600054255,DIRECT,322,1
TXN251017SRGED5,CDR202600054262,DIRECT,446,1
UPI2510082B6J3Q,CDR202600054273,RECEIVER_OUTGOING_ACTIVITY,17,1
ATM2512046A8M8V,CDR202600054330,DIRECT,-13,1
UPI250905LARHEI,CDR202600054345,DIRECT,40,1
UPI250307OI6KRY,CDR202600054347,REVERSE,605,1
UPI251012F6P5CM,CDR202600054369,DIRECT,6,1
ATM2503237STF0J,CDR202600054373,SENDER_INCOMING_ACTIVITY,-1527,1
TXN250531M0SH4U,CDR202600054375,DIRECT,-13,1
TXN2503303OTXUV,CDR202600054378,SENDER_INCOMING_ACTIVITY,153,1
ATM250103TEK17M,CDR202600054405,REVERSE,703,1
UPI250815FKZ72Q,CDR202600054454,REVERSE,767,1
UPI251210FB0X2D,CDR202600054474,SENDER_INCOMING_ACTIVITY,-282,1
ATM250316CC19VN,CDR202600054503,RECEIVER_OUTGOING_ACTIVITY,-340,1
UPI250128RZF6JG,CDR202600054519,SENDER_INCOMING_ACTIVITY,-277,1
UPI250605IOA8AE,CDR202600054557,DIRECT,-38,1
TXN250119JAYLLW,CDR202600054566,SENDER_INCOMING_ACTIVITY,10,1
TXN251115PAJ5DT,CDR202600054586,RECEIVER_INCOMING_ACTIVITY,210,1
IMPS2504290PRKRT,CDR202600054590,SENDER_INCOMING_ACTIVITY,-20,1
TXN250218V5B9R7,CDR202600054595,DIRECT,155,1
TXN250611ISRTK4,CDR202600054605,DIRECT,-551,1
TXN251228WLUYH2,CDR202600054634,RECEIVER_OUTGOING_ACTIVITY,264,1
UPI250902Q7MHVS,CDR202600054652,DIRECT,-248,1
UPI251128NACKZ6,CDR202600054654,REVERSE,1472,1
IMPS250612278JA0,CDR202600054655,SENDER_OUTGOING_ACTIVITY,571,1
ATM2511283S6YI0,CDR202600054658,RECEIVER_INCOMING_ACTIVITY,424,1
ATM25081299WRRP,CDR202600054668,SENDER_OUTGOING_ACTIVITY,162,1
ATM250926W29XU0,CDR202600054693,RECEIVER_OUTGOING_ACTIVITY,261,1
UPI250119SC41IA,CDR202600054694,DIRECT,796,1
IMPS251127JU73BY,CDR202600054723,RECEIVER_INCOMING_ACTIVITY,1235,1
UPI250818W9D9LL,CDR202600054725,DIRECT,-46,1
UPI250314U87OFD,CDR202600054743,DIRECT,-59,1
ATM25101683OKZ0,CDR202600054747,SENDER_OUTGOING_ACTIVITY,392,1
ATM251011OC1D4R,CDR202600054761,SENDER_INCOMING_ACTIVITY,46,1
IMPS251021QZEGUD,CDR202600054791,SENDER_OUTGOING_ACTIVITY,-841,1
ATM251025Q591PR,CDR202600054817,SENDER_OUTGOING_ACTIVITY,-638,1
ATM251227Y49EKG,CDR202600054833,SENDER_INCOMING_ACTIVITY,556,1
TXN250309AOUR45,CDR202600054867,DIRECT,-484,1
ATM250715SOZ7WL,CDR202600054874,DIRECT,61,1
ATM250820EG8V1N,CDR202600054880,SENDER_INCOMING_ACTIVITY,154,1
ATM251111GV63JX,CDR202600054887,SENDER_INCOMING_ACTIVITY,-397,1
ATM250915FE4O14,CDR202600054891,RECEIVER_OUTGOING_ACTIVITY,643,1
UPI251205IPW69A,CDR202600054899,RECEIVER_INCOMING_ACTIVITY,-97,1
ATM2506241BYSWY,CDR202600054917,DIRECT,-51,1
ATM2505210VXRCD,CDR202600054930,SENDER_INCOMING_ACTIVITY,-172,1
TXN250321NWEX0M,CDR202600054937,SENDER_OUTGOING_ACTIVITY,-195,1
TXN250205XZFTLA,CDR202600054964,SENDER_OUTGOING_ACTIVITY,278,1
ATM2506074LQ493,CDR202600055006,RECEIVER_OUTGOING_ACTIVITY,-362,1
TXN250323QF8ZXH,CDR202600055032,DIRECT,-652,1
TXN2503265SI1LV,CDR202600055034,DIRECT,-187,1
ATM250130H3YY95,CDR202600055049,SENDER_INCOMING_ACTIVITY,-416,1
ATM2503243DB8K8,CDR202600055104,SENDER_INCOMING_ACTIVITY,847,1
ATM250630JMFPSU,CDR202600055125,RECEIVER_INCOMING_ACTIVITY,611,1
UPI250227Z6JQXJ,CDR202600055130,REVERSE,-83,1
ATM250403GMRTZQ,CDR202600055142,DIRECT,-41,1
UPI250608HMVZSX,CDR202600055156,REVERSE,271,1
ATM2512234QO42D,CDR202600055167,SENDER_INCOMING_ACTIVITY,17,1
ATM250519EBBMCR,CDR202600055191,SENDER_OUTGOING_ACTIVITY,683,1
IMPS2503115ZAU67,CDR202600055192,DIRECT,129,1
TXN250113ZKEHL3,CDR202600055199,SENDER_OUTGOING_ACTIVITY,52,1
TXN25020347ND99,CDR202600055209,DIRECT,12,1
ATM250307DNTMYW,CDR202600055213,DIRECT,-227,1
ATM250805A9DCDC,CDR202600055242,DIRECT,-429,1
TXN250831PVFL3J,CDR202600055248,RECEIVER_INCOMING_ACTIVITY,-859,1
TXN250307BCKR5Q,CDR202600055251,SENDER_OUTGOING_ACTIVITY,706,1
ATM250711URFVUI,CDR202600055268,DIRECT,344,1
UPI2511034S2PWS,CDR202600055269,DIRECT,-1574,1
TXN250127KPWZG0,CDR202600055295,SENDER_INCOMING_ACTIVITY,22,1
UPI2507177RAOXY,CDR202600055298,REVERSE,-203,1
ATM2503047J75CD,CDR202600055301,REVERSE,-438,1
UPI2508154SY875,CDR202600055324,SENDER_OUTGOING_ACTIVITY,247,1
TXN250505XTGD0M,CDR202600055325,SENDER_INCOMING_ACTIVITY,-692,1
TXN25071681S0T8,CDR202600055361,SENDER_OUTGOING_ACTIVITY,549,1
UPI250707C01FFN,CDR202600055370,SENDER_INCOMING_ACTIVITY,-276,1
ATM251222I2OK3E,CDR202600055395,DIRECT,-88,1
TXN2504147XU2UJ,CDR202600055412,SENDER_INCOMING_ACTIVITY,480,1
IMPS2508089RTB7K,CDR202600055414,DIRECT,39,1
UPI250702ALWC2A,CDR202600055421,REVERSE,41,1
UPI250821TEGNKD,CDR202600055424,RECEIVER_INCOMING_ACTIVITY,275,1
UPI250727C2N8E3,CDR202600055463,RECEIVER_OUTGOING_ACTIVITY,-861,1
ATM250712NJQJY6,CDR202600055471,RECEIVER_INCOMING_ACTIVITY,-138,1
TXN250817URQL4M,CDR202600055493,RECEIVER_OUTGOING_ACTIVITY,-237,1
TXN250809TH0BCX,CDR202600055501,RECEIVER_INCOMING_ACTIVITY,553,1
TXN251010E237UA,CDR202600055505,DIRECT,-736,1
UPI251219AEY72H,CDR202600055518,SENDER_INCOMING_ACTIVITY,-747,1
ATM250807ZCIKN1,CDR202600055568,SENDER_OUTGOING_ACTIVITY,-177,1
ATM250709CKVY2P,CDR202600055584,DIRECT,-212,1
IMPS250921DWUIXK,CDR202600055604,REVERSE,262,1
ATM250702QPX5NT,CDR202600055613,RECEIVER_OUTGOING_ACTIVITY,144,1
ATM250723KUIXVH,CDR202600055635,RECEIVER_OUTGOING_ACTIVITY,729,1
UPI250215L8F978,CDR202600055638,SENDER_OUTGOING_ACTIVITY,-1282,1
ATM250702J0CKVL,CDR202600055659,RECEIVER_INCOMING_ACTIVITY,197,1
ATM250115FZOD7E,CDR202600055673,RECEIVER_INCOMING_ACTIVITY,180,1
ATM251218206BB4,CDR202600055689,DIRECT,255,1
ATM250701Y6WZ2O,CDR202600055711,DIRECT,-300,1
UPI251107OGFB3F,CDR202600055717,SENDER_INCOMING_ACTIVITY,-521,1
TXN250828SX8R6N,CDR202600055724,DIRECT,-35,1
TXN250504WF9PQP,CDR202600055739,RECEIVER_INCOMING_ACTIVITY,-281,1
ATM2512230GEDS2,CDR202600055743,REVERSE,1169,1
UPI251110HPGJGW,CDR202600055747,SENDER_OUTGOING_ACTIVITY,-19,1
ATM2511194E3PLZ,CDR202600055765,DIRECT,290,1
UPI25092680C3UN,CDR202600055776,SENDER_INCOMING_ACTIVITY,26,1
IMPS2502150FTQ32,CDR202600055778,SENDER_INCOMING_ACTIVITY,-883,1
ATM250714J6N9U0,CDR202600055804,RECEIVER_INCOMING_ACTIVITY,-14,1
TXN250327OS981D,CDR202600055857,DIRECT,82,1
ATM251015LELC2R,CDR202600055858,DIRECT,128,1
ATM250520LUE4HT,CDR202600055869,DIRECT,300,1
TXN250118T4C2N6,CDR202600055897,SENDER_OUTGOING_ACTIVITY,372,1
ATM251019718FJP,CDR202600055916,SENDER_INCOMING_ACTIVITY,-248,1
TXN250505O5M9FA,CDR202600055929,DIRECT,-13,1
TXN250518IPNJFP,CDR202600055957,DIRECT,861,1
IMPS250812XVACY8,CDR202600055962,RECEIVER_OUTGOING_ACTIVITY,-609,1
ATM2502089FAC5J,CDR202600055965,SENDER_OUTGOING_ACTIVITY,114,1
UPI250629CQGQQW,CDR202600055973,RECEIVER_INCOMING_ACTIVITY,45,1
TXN250808PNSKI0,CDR202600055976,SENDER_OUTGOING_ACTIVITY,1,1
UPI250119I9MJET,CDR202600056001,SENDER_OUTGOING_ACTIVITY,-299,1
UPI250513QG7D12,CDR202600056017,SENDER_INCOMING_ACTIVITY,-14,1
ATM251018GQNFCX,CDR202600056071,RECEIVER_INCOMING_ACTIVITY,-287,1
UPI2503140BTG9K,CDR202600056073,RECEIVER_INCOMING_ACTIVITY,-316,1
TXN250728TU7YCV,CDR202600056086,RECEIVER_INCOMING_ACTIVITY,-225,1
TXN2510122EWDRE,CDR202600056096,DIRECT,98,1
UPI251208A0QY0M,CDR202600056100,SENDER_INCOMING_ACTIVITY,-21,1
ATM25040127QPLB,CDR202600056115,SENDER_OUTGOING_ACTIVITY,-202,1
ATM250424YLYT32,CDR202600056117,REVERSE,164,1
UPI250519V4H8LV,CDR202600056129,DIRECT,-219,1
TXN251128H4JXN8,CDR202600056131,SENDER_INCOMING_ACTIVITY,273,1
UPI251125MEN6Y0,CDR202600056142,SENDER_OUTGOING_ACTIVITY,104,1
UPI250308ZSLU7M,CDR202600056146,REVERSE,1301,1
ATM251230DRRSWW,CDR202600056149,DIRECT,-23,1
UPI2507261JJC1R,CDR202600056155,DIRECT,263,1
UPI251118YY1058,CDR202600056174,DIRECT,-248,1
UPI251119LDTCX9,CDR202600056179,DIRECT,260,1
ATM250131F3GSOB,CDR202600056182,REVERSE,-60,1
IMPS250226N9HQV6,CDR202600056200,SENDER_INCOMING_ACTIVITY,-57,1
TXN2504149JL58N,CDR202600056205,DIRECT,-477,1
TXN251016AB4UV5,CDR202600056208,DIRECT,-435,1
UPI250118FL5GYB,CDR202600056212,REVERSE,-34,1
ATM250516C20PUK,CDR202600056257,DIRECT,-1704,1
TXN251203NEYTZA,CDR202600056267,RECEIVER_OUTGOING_ACTIVITY,180,1
UPI251022MRY71Z,CDR202600056269,DIRECT,-775,1
TXN251121TYNW1R,CDR202600056288,RECEIVER_OUTGOING_ACTIVITY,-80,1
ATM250313EGC1ZX,CDR202600056319,SENDER_INCOMING_ACTIVITY,39,1
UPI250927SXIC7R,CDR202600056323,SENDER_INCOMING_ACTIVITY,1593,1
ATM250714Z2C8DP,CDR202600056353,RECEIVER_INCOMING_ACTIVITY,456,1
TXN250214VDQM2C,CDR202600056362,SENDER_INCOMING_ACTIVITY,6,1
UPI250417UV9WQ2,CDR202600056363,DIRECT,1254,1
TXN250706S1Y4ME,CDR202600056377,DIRECT,661,1
TXN251022DSYWWD,CDR202600056380,DIRECT,8,1
TXN2502015H1LSK,CDR202600056381,SENDER_OUTGOING_ACTIVITY,-632,1
UPI251202KIBE7L,CDR202600056449,DIRECT,130,1
TXN2505129985LS,CDR202600056498,REVERSE,50,1
UPI250313MYFJ99,CDR202600056509,REVERSE,11,1
UPI250309L5BJ5F,CDR202600056521,RECEIVER_INCOMING_ACTIVITY,245,1
UPI250801OO570X,CDR202600056592,SENDER_INCOMING_ACTIVITY,35,1
IMPS251118MZMZAG,CDR202600056619,SENDER_OUTGOING_ACTIVITY,127,1
ATM2503102C5QCR,CDR202600056630,RECEIVER_INCOMING_ACTIVITY,-217,1
ATM2502277MGU4B,CDR202600056653,SENDER_OUTGOING_ACTIVITY,631,1
ATM250102XQJ7DP,CDR202600056658,DIRECT,-531,1
TXN250203FWWS49,CDR202600056663,REVERSE,36,1
TXN2508084Q8JD4,CDR202600056722,SENDER_INCOMING_ACTIVITY,-404,1
UPI250723AD3CT0,CDR202600056727,SENDER_OUTGOING_ACTIVITY,-159,1
ATM250730MEQKKP,CDR202600056744,DIRECT,-216,1
TXN2507121UHLGE,CDR202600056749,REVERSE,1523,1
ATM2503047T4NYG,CDR202600056774,RECEIVER_OUTGOING_ACTIVITY,-228,1
ATM251224WWJYH3,CDR202600056775,SENDER_OUTGOING_ACTIVITY,-593,1
ATM250304U6WN0K,CDR202600056782,SENDER_INCOMING_ACTIVITY,687,1
ATM250814PW836P,CDR202600056811,DIRECT,847,1
ATM25052175JFFY,CDR202600056839,DIRECT,-224,1
UPI250620Z6P2AT,CDR202600056865,DIRECT,195,1
TXN250625R5TR3D,CDR202600056868,DIRECT,-8,1
IMPS250930O5QBX8,CDR202600056875,RECEIVER_OUTGOING_ACTIVITY,431,1
TXN251101UU2379,CDR202600056921,DIRECT,-27,1
ATM25050429OT19,CDR202600056927,DIRECT,-890,1
TXN2509244ZNO5T,CDR202600056933,DIRECT,272,1
UPI251206CA0K1L,CDR202600056938,DIRECT,-144,1
TXN251022A2T5TR,CDR202600056942,DIRECT,67,1
ATM250112MSSF83,CDR202600056974,SENDER_INCOMING_ACTIVITY,20,1
TXN251024G8IBQZ,CDR202600056986,DIRECT,-588,1
ATM251030YQ5IY3,CDR202600056990,DIRECT,-70,1
TXN2509199J9ZNM,CDR202600057008,SENDER_INCOMING_ACTIVITY,-110,1
ATM250828LL08C1,CDR202600057015,REVERSE,542,1
IMPS250201IHERBN,CDR202600057087,DIRECT,-223,1
ATM251124LIX0NO,CDR202600057101,SENDER_OUTGOING_ACTIVITY,292,1
ATM250214RLIUOE,CDR202600057118,REVERSE,-601,1
TXN2503082XLXVP,CDR202600057121,REVERSE,-265,1
ATM2510104C8TSQ,CDR202600057122,DIRECT,209,1
TXN2512176UK6M1,CDR202600057126,DIRECT,145,1
ATM2502245XE3RZ,CDR202600057140,RECEIVER_OUTGOING_ACTIVITY,-93,1
UPI251031CWUWSP,CDR202600057150,SENDER_INCOMING_ACTIVITY,680,1
UPI2510159B02CR,CDR202600057156,DIRECT,230,1
TXN251009GSLQSM,CDR202600057170,DIRECT,548,1
UPI250624BYOWGK,CDR202600057177,RECEIVER_OUTGOING_ACTIVITY,493,1
UPI250829SN4CK7,CDR202600057179,DIRECT,236,1
ATM250219UNTYZK,CDR202600057191,DIRECT,-1707,1
TXN250121RNWY4J,CDR202600057201,DIRECT,-448,1
IMPS250425ZXPK5X,CDR202600057219,DIRECT,-23,1
UPI250830TPM76J,CDR202600057220,SENDER_INCOMING_ACTIVITY,-252,1
UPI250117ZDY5DD,CDR202600057224,DIRECT,58,1
TXN251012030YGE,CDR202600057229,DIRECT,-225,1
TXN250222GD45P5,CDR202600057234,SENDER_INCOMING_ACTIVITY,-21,1
ATM2512197KOPD4,CDR202600057246,REVERSE,-112,1
ATM250502SMSNDS,CDR202600057248,DIRECT,1508,1
ATM250508TQ5PUD,CDR202600057254,SENDER_INCOMING_ACTIVITY,-359,1
IMPS251011BVCAZ7,CDR202600057255,RECEIVER_OUTGOING_ACTIVITY,-60,1
ATM2501210PY33D,CDR202600057290,RECEIVER_INCOMING_ACTIVITY,26,1
UPI250223SQXTB4,CDR202600057302,RECEIVER_INCOMING_ACTIVITY,-32,1
ATM250815CK5HQC,CDR202600057311,DIRECT,867,1
TXN250705E10FSM,CDR202600057319,RECEIVER_OUTGOING_ACTIVITY,1635,1
TXN250719DGQGF2,CDR202600057325,DIRECT,179,1
ATM250207BJK3UT,CDR202600057339,RECEIVER_OUTGOING_ACTIVITY,-11,1
IMPS2507162C4XCC,CDR202600057351,REVERSE,673,1
IMPS251009JSGEM4,CDR202600057377,REVERSE,-36,1
UPI250127GFMIJC,CDR202600057402,SENDER_OUTGOING_ACTIVITY,174,1
ATM2510166X7TB2,CDR202600057459,REVERSE,13,1
IMPS251002Y2TBU6,CDR202600057463,DIRECT,639,1
TXN2511238WL2R4,CDR202600057490,DIRECT,191,1
TXN250606OBFMCT,CDR202600057493,RECEIVER_INCOMING_ACTIVITY,-730,1
UPI250617ZIASI7,CDR202600057513,DIRECT,-176,1
TXN25042703Q8ZW,CDR202600057520,DIRECT,845,1
TXN251023RDTLVY,CDR202600057555,DIRECT,55,1
UPI251128CO4C2X,CDR202600057567,REVERSE,-1314,1
UPI250131RFG53V,CDR202600057582,RECEIVER_INCOMING_ACTIVITY,-630,1
TXN250328M1GHF0,CDR202600057600,DIRECT,280,1
TXN2511203HZQ5X,CDR202600057601,REVERSE,72,1
ATM2507184MG48Y,CDR202600057604,DIRECT,97,1
ATM250508NZG8JD,CDR202600057616,RECEIVER_OUTGOING_ACTIVITY,-499,1
ATM250729USX2SW,CDR202600057631,SENDER_INCOMING_ACTIVITY,-832,1
TXN250105BF8W80,CDR202600057641,SENDER_OUTGOING_ACTIVITY,-36,1
ATM250119P00F3I,CDR202600057664,RECEIVER_OUTGOING_ACTIVITY,-232,1
IMPS250810YBYRLJ,CDR202600057666,RECEIVER_OUTGOING_ACTIVITY,188,1
ATM2511155I46JM,CDR202600057667,REVERSE,-230,1
ATM250715R2JP8K,CDR202600057675,REVERSE,1483,1
TXN251118Y0K545,CDR202600057688,SENDER_INCOMING_ACTIVITY,14,1
TXN251006F1HZAQ,CDR202600057693,DIRECT,274,1
ATM251029PSPRMB,CDR202600057700,SENDER_OUTGOING_ACTIVITY,-1116,1
ATM250719S8P2G2,CDR202600057720,SENDER_OUTGOING_ACTIVITY,60,1
ATM2510039AMIUL,CDR202600057721,DIRECT,38,1
TXN250310AH2KT9,CDR202600057746,REVERSE,127,1
TXN25072860Y70S,CDR202600057759,RECEIVER_INCOMING_ACTIVITY,6,1
UPI250424WCQWG2,CDR202600057767,RECEIVER_OUTGOING_ACTIVITY,-198,1
UPI2506134CTTCY,CDR202600057791,DIRECT,-615,1
TXN250706ZAZPC4,CDR202600057814,SENDER_OUTGOING_ACTIVITY,-360,1
UPI250806IYDOTG,CDR202600057826,DIRECT,-271,1
ATM2508116REWSY,CDR202600057851,RECEIVER_INCOMING_ACTIVITY,-236,1
UPI250706WEQNN1,CDR202600057856,SENDER_INCOMING_ACTIVITY,17,1
ATM250227FR0K8Q,CDR202600057875,SENDER_INCOMING_ACTIVITY,-8,1
UPI250913GH5ECY,CDR202600057886,DIRECT,-50,1
TXN251227Q5KZXV,CDR202600057916,RECEIVER_INCOMING_ACTIVITY,1658,1
TXN250804XLGLWF,CDR202600057924,SENDER_OUTGOING_ACTIVITY,-199,1
ATM251020IZ8GQH,CDR202600057934,RECEIVER_OUTGOING_ACTIVITY,-145,1
TXN250405GKBB33,CDR202600057942,REVERSE,172,1
TXN251027WP9EXY,CDR202600057947,DIRECT,-429,1
ATM250330IJ2WF4,CDR202600057961,DIRECT,34,1
UPI250226FOCCK3,CDR202600057965,RECEIVER_INCOMING_ACTIVITY,58,1
TXN250914AUS8OK,CDR202600057986,DIRECT,-680,1
TXN2511166OOYTC,CDR202600058005,RECEIVER_OUTGOING_ACTIVITY,868,1
UPI250809WJDBU8,CDR202600058008,RECEIVER_INCOMING_ACTIVITY,36,1
UPI250331P8VF3X,CDR202600058010,DIRECT,107,1
IMPS251121AQMNU6,CDR202600058016,DIRECT,1411,1
UPI25090437MPRC,CDR202600058023,DIRECT,-253,1
IMPS251111SHN5XI,CDR202600058073,RECEIVER_INCOMING_ACTIVITY,-1577,1
UPI250604AY74WP,CDR202600058091,SENDER_INCOMING_ACTIVITY,-137,1
TXN250824GZKO7P,CDR202600058100,RECEIVER_INCOMING_ACTIVITY,-29,1
ATM2507087NBXVA,CDR202600058154,RECEIVER_INCOMING_ACTIVITY,1434,1
TXN250427ZYI9H6,CDR202600058172,RECEIVER_OUTGOING_ACTIVITY,40,1
UPI250305AQX4HR,CDR202600058182,DIRECT,211,1
UPI251118LTN8PE,CDR202600058186,DIRECT,-14,1
ATM2512312L8NMN,CDR202600058190,RECEIVER_OUTGOING_ACTIVITY,669,1
UPI251128VRGKLK,CDR202600058230,REVERSE,-339,1
ATM2506239IJ7KL,CDR202600058256,SENDER_INCOMING_ACTIVITY,-821,1
UPI2508249VHL9I,CDR202600058260,SENDER_INCOMING_ACTIVITY,-96,1
ATM250724KMRJSM,CDR202600058294,SENDER_INCOMING_ACTIVITY,86,1
ATM250826I7HVOC,CDR202600058301,DIRECT,169,1
TXN250808ZNOAW7,CDR202600058305,DIRECT,29,1
UPI25121867ZB8U,CDR202600058317,REVERSE,314,1
TXN250117B2DB8T,CDR202600058366,SENDER_OUTGOING_ACTIVITY,-24,1
ATM250123AYDRUR,CDR202600058368,DIRECT,1594,1
UPI250708FL07O8,CDR202600058381,DIRECT,585,1
UPI251219RAE923,CDR202600058387,DIRECT,258,1
IMPS250120ZXHZAX,CDR202600058413,RECEIVER_OUTGOING_ACTIVITY,1103,1
UPI2511300DI54K,CDR202600058440,RECEIVER_INCOMING_ACTIVITY,883,1
ATM2512262NKAX8,CDR202600058448,REVERSE,-20,1
IMPS250308D73VDS,CDR202600058450,DIRECT,-492,1
ATM2507195NDRIN,CDR202600058469,SENDER_INCOMING_ACTIVITY,-126,1
UPI250127RADUDB,CDR202600058488,REVERSE,47,1
UPI250730IK2XET,CDR202600058497,SENDER_OUTGOING_ACTIVITY,4,1
UPI250309H2NBW3,CDR202600058521,SENDER_INCOMING_ACTIVITY,-351,1
ATM250703FZQBV1,CDR202600058539,DIRECT,-135,1
UPI251024HWXYCI,CDR202600058540,SENDER_OUTGOING_ACTIVITY,-38,1
TXN251015X2UCQG,CDR202600058549,SENDER_OUTGOING_ACTIVITY,-468,1
TXN251121MGI7MA,CDR202600058556,RECEIVER_INCOMING_ACTIVITY,192,1
UPI250901KVZN48,CDR202600058565,RECEIVER_INCOMING_ACTIVITY,-60,1
UPI2502116O8H6V,CDR202600058579,SENDER_OUTGOING_ACTIVITY,10,1
UPI251002AULGZN,CDR202600058583,RECEIVER_INCOMING_ACTIVITY,35,1
UPI250224J5QRWU,CDR202600058595,DIRECT,-758,1
TXN250427JSZB6T,CDR202600058596,RECEIVER_OUTGOING_ACTIVITY,-33,1
IMPS250315K95ZGD,CDR202600058606,DIRECT,-47,1
UPI250808QLBWYL,CDR202600058641,REVERSE,-1116,1
ATM250423RV7DV3,CDR202600058688,RECEIVER_INCOMING_ACTIVITY,-40,1
TXN250708ECYCI9,CDR202600058690,DIRECT,-172,1
TXN250701GQQURJ,CDR202600058696,DIRECT,-1569,1
UPI2503026PHGAF,CDR202600058713,REVERSE,33,1
UPI2512271WTX1T,CDR202600058741,DIRECT,-6,1
UPI251105YBBMEE,CDR202600058751,REVERSE,-286,1
TXN250206L9THI6,CDR202600058766,REVERSE,43,1
TXN250504IYGYS5,CDR202600058770,REVERSE,116,1
IMPS2508030FRGUX,CDR202600058771,DIRECT,-1400,1
ATM2511098SHQ81,CDR202600058786,RECEIVER_OUTGOING_ACTIVITY,-249,1
UPI2512114VPBF9,CDR202600058791,RECEIVER_INCOMING_ACTIVITY,-1,1
UPI250707VL43BG,CDR202600058793,SENDER_OUTGOING_ACTIVITY,548,1
ATM250812BUPZYT,CDR202600058821,RECEIVER_OUTGOING_ACTIVITY,179,1
UPI2510211SBL94,CDR202600058839,DIRECT,-49,1
UPI250123HLZFLF,CDR202600058849,DIRECT,-459,1
IMPS250216O25MCU,CDR202600058883,DIRECT,443,1
TXN250530NWW0O3,CDR202600058910,SENDER_OUTGOING_ACTIVITY,58,1
UPI250125KIUUV3,CDR202600058923,DIRECT,113,1
UPI250627Z1UX7N,CDR202600058927,DIRECT,-1089,1
ATM250501T2FM15,CDR202600058940,REVERSE,-84,1
UPI250104NXPWNU,CDR202600058960,SENDER_OUTGOING_ACTIVITY,5,1
ATM2503248A3P0C,CDR202600058989,DIRECT,-208,1
TXN2504092FV0VS,CDR202600058992,RECEIVER_INCOMING_ACTIVITY,181,1
ATM250212VPLWUH,CDR202600059013,RECEIVER_OUTGOING_ACTIVITY,235,1
TXN2503091PM563,CDR202600059043,DIRECT,22,1
UPI250725MFBEJF,CDR202600059065,SENDER_OUTGOING_ACTIVITY,184,1
UPI250602EK6J4A,CDR202600059068,SENDER_OUTGOING_ACTIVITY,-334,1
ATM250827M87FO7,CDR202600059089,RECEIVER_OUTGOING_ACTIVITY,147,1
UPI250628N2I84V,CDR202600059094,SENDER_OUTGOING_ACTIVITY,-1013,1
TXN251122AHNAQB,CDR202600059142,REVERSE,134,1
UPI2512144XIVOX,CDR202600059145,SENDER_INCOMING_ACTIVITY,-338,1
UPI251108LWIHTP,CDR202600059160,REVERSE,273,1
TXN250524N99DDC,CDR202600059177,REVERSE,52,1
ATM250905SQT4QJ,CDR202600059196,DIRECT,273,1
UPI250716W6M3CF,CDR202600059202,DIRECT,322,1
ATM251202IRJ91T,CDR202600059224,RECEIVER_INCOMING_ACTIVITY,458,1
UPI250812UNIO6U,CDR202600059269,SENDER_OUTGOING_ACTIVITY,-138,1
UPI250613CXU5QR,CDR202600059274,REVERSE,-223,1
UPI250926VQ5IOO,CDR202600059289,SENDER_OUTGOING_ACTIVITY,-201,1
UPI250327E18D7G,CDR202600059323,REVERSE,965,1
TXN250511ZHCL20,CDR202600059331,RECEIVER_INCOMING_ACTIVITY,16,1
IMPS250826PGMHIY,CDR202600059337,RECEIVER_INCOMING_ACTIVITY,629,1
TXN2509088M4G6V,CDR202600059338,SENDER_OUTGOING_ACTIVITY,1193,1
TXN251114CKBIDY,CDR202600059348,DIRECT,227,1
ATM2508041BT41E,CDR202600059356,DIRECT,-581,1
ATM251025XOQXY4,CDR202600059375,REVERSE,-164,1
ATM250608MXJGHZ,CDR202600059381,DIRECT,-824,1
ATM250831RBOXS6,CDR202600059409,DIRECT,-1781,1
ATM2508035SXTCY,CDR202600059410,RECEIVER_INCOMING_ACTIVITY,23,1
ATM251105DYTP0K,CDR202600059436,DIRECT,-21,1
UPI25092615W7OT,CDR202600059441,RECEIVER_OUTGOING_ACTIVITY,-857,1
TXN250521AN9AAT,CDR202600059474,REVERSE,1247,1
UPI250704QXYQN8,CDR202600059479,REVERSE,316,1
UPI2503242BLVDF,CDR202600059497,SENDER_INCOMING_ACTIVITY,1543,1
ATM250617SLJMIW,CDR202600059500,RECEIVER_INCOMING_ACTIVITY,-236,1
ATM250611QFD8C0,CDR202600059522,DIRECT,182,1
UPI251008IX89JI,CDR202600059532,REVERSE,-45,1
UPI250812IZJ6EL,CDR202600059535,DIRECT,-866,1
UPI250320BVMN22,CDR202600059557,SENDER_OUTGOING_ACTIVITY,-3,1
ATM2509295IZIK6,CDR202600059559,DIRECT,-1669,1
TXN251203IM2G34,CDR202600059560,DIRECT,-34,1
UPI251222DAW2OQ,CDR202600059593,DIRECT,-280,1
UPI2505038I0R29,CDR202600059612,DIRECT,1089,1
ATM250516C17I6A,CDR202600059643,SENDER_OUTGOING_ACTIVITY,-49,1
TXN250924BO1T85,CDR202600059650,SENDER_OUTGOING_ACTIVITY,-808,1
ATM250825EARIEO,CDR202600059671,SENDER_INCOMING_ACTIVITY,537,1
IMPS250103VSKP30,CDR202600059684,SENDER_INCOMING_ACTIVITY,-546,1
TXN250802PKLY0D,CDR202600059692,SENDER_INCOMING_ACTIVITY,-8,1
ATM2501042E077U,CDR202600059698,DIRECT,-48,1
UPI250921OW5MU9,CDR202600059717,REVERSE,-40,1
IMPS250329C8M72V,CDR202600059794,DIRECT,-1724,1
UPI250205U4P7OH,CDR202600059808,DIRECT,82,1
ATM251206P17IAH,CDR202600059838,DIRECT,59,1
ATM251103PN453E,CDR202600059857,RECEIVER_INCOMING_ACTIVITY,-497,1
IMPS250622JYPLWC,CDR202600059864,RECEIVER_INCOMING_ACTIVITY,184,1
UPI25050465N89X,CDR202600059867,DIRECT,561,1
TXN25092493KXRH,CDR202600059870,REVERSE,-50,1
TXN25070179SKBU,CDR202600059883,SENDER_OUTGOING_ACTIVITY,58,1
ATM250115BEI3ZY,CDR202600059912,DIRECT,-60,1
UPI251003FYSJCZ,CDR202600059933,SENDER_OUTGOING_ACTIVITY,892,1
IMPS250210YPM5VH,CDR202600059941,SENDER_INCOMING_ACTIVITY,760,1
TXN250512DN4GEQ,CDR202600059950,DIRECT,-19,1
ATM251001VW24GT,CDR202600059956,REVERSE,15,1
UPI251117RQ9PLR,CDR202600059959,DIRECT,6,1
ATM250223V49VZP,CDR202600059966,REVERSE,-59,1
UPI250226B0JJYT,CDR202600059970,DIRECT,643,1
ATM2505212DKTTS,CDR202600059977,RECEIVER_OUTGOING_ACTIVITY,-861,1
UPI250311MQXUOO,CDR202600059981,SENDER_INCOMING_ACTIVITY,128,1
ATM25031056YEQJ,CDR202600059992,RECEIVER_OUTGOING_ACTIVITY,39,1
UPI250219WIH4KO,CDR202600059994,SENDER_INCOMING_ACTIVITY,-12,1
UPI250116C7IH8U,CDR202600060012,SENDER_INCOMING_ACTIVITY,-180,1
TXN2505057I3S7Y,CDR202600060037,SENDER_OUTGOING_ACTIVITY,-1,1
ATM250409EC8VAK,CDR202600060051,RECEIVER_INCOMING_ACTIVITY,590,1
UPI2510068RGYRL,CDR202600060080,REVERSE,-810,1
ATM2507022643R1,CDR202600060107,SENDER_INCOMING_ACTIVITY,53,1
UPI2503281HQNWD,CDR202600060109,DIRECT,670,1
ATM250813B67KEM,CDR202600060129,DIRECT,285,1
ATM250315DN09EQ,CDR202600060130,RECEIVER_OUTGOING_ACTIVITY,276,1
TXN2511283V3DCX,CDR202600060146,DIRECT,-2,1
ATM250828C7WVP3,CDR202600060154,SENDER_OUTGOING_ACTIVITY,310,1
TXN250301JXJXA4,CDR202600060157,REVERSE,1130,1
ATM251005MKSK8G,CDR202600060180,SENDER_INCOMING_ACTIVITY,5,1
ATM2501313IYMAI,CDR202600060194,REVERSE,-1404,1
TXN251027D48VBE,CDR202600060217,DIRECT,33,1
TXN250217YK310I,CDR202600060221,SENDER_OUTGOING_ACTIVITY,53,1
ATM250710T48J2P,CDR202600060234,SENDER_INCOMING_ACTIVITY,-542,1
ATM251205E77PDM,CDR202600060265,SENDER_OUTGOING_ACTIVITY,-602,1
ATM2507220LOHZL,CDR202600060290,RECEIVER_INCOMING_ACTIVITY,320,1
IMPS250630MRSM0Z,CDR202600060309,SENDER_INCOMING_ACTIVITY,365,1
ATM251029QZLEQH,CDR202600060332,SENDER_INCOMING_ACTIVITY,-839,1
ATM2505220WC24P,CDR202600060338,SENDER_INCOMING_ACTIVITY,-58,1
TXN2506295OPWWU,CDR202600060363,DIRECT,45,1
UPI250708QED397,CDR202600060378,DIRECT,-86,1
TXN251005NYFHAH,CDR202600060403,RECEIVER_INCOMING_ACTIVITY,-27,1
TXN2505205ODZGC,CDR202600060413,REVERSE,155,1
ATM250720WC5061,CDR202600060417,DIRECT,49,1
UPI250226CUWNDV,CDR202600060423,DIRECT,33,1
UPI250612FHCD5V,CDR202600060446,RECEIVER_INCOMING_ACTIVITY,275,1
UPI251118W1YCQM,CDR202600060451,REVERSE,11,1
UPI250606TFGYZ1,CDR202600060525,SENDER_OUTGOING_ACTIVITY,1167,1
UPI251223FSCZ84,CDR202600060528,RECEIVER_OUTGOING_ACTIVITY,-60,1
TXN2509083G39LQ,CDR202600060538,SENDER_OUTGOING_ACTIVITY,-25,1
UPI250421KGMNC8,CDR202600060553,DIRECT,266,1
ATM251109OMI6TS,CDR202600060576,REVERSE,38,1
TXN250426USZOET,CDR202600060585,DIRECT,-69,1
UPI251125BOEBJU,CDR202600060594,RECEIVER_OUTGOING_ACTIVITY,-2,1
IMPS251215K2GYIN,CDR202600060597,SENDER_OUTGOING_ACTIVITY,871,1
UPI251129J31BKE,CDR202600060607,SENDER_OUTGOING_ACTIVITY,329,1
UPI250105N04FDT,CDR202600060618,SENDER_OUTGOING_ACTIVITY,-5,1
ATM250806C2MP1Y,CDR202600060622,REVERSE,81,1
UPI250408Y65POQ,CDR202600060630,REVERSE,-224,1
ATM250403KRJ5GN,CDR202600060649,RECEIVER_INCOMING_ACTIVITY,-1022,1
IMPS25110903AMH5,CDR202600060651,SENDER_INCOMING_ACTIVITY,229,1
TXN250907ZDJNLU,CDR202600060658,DIRECT,150,1
UPI2512147G10B3,CDR202600060660,SENDER_OUTGOING_ACTIVITY,-1199,1
UPI250130LF4VPN,CDR202600060669,SENDER_INCOMING_ACTIVITY,43,1
ATM250320HVOATN,CDR202600060697,DIRECT,-136,1
UPI25022134L1JM,CDR202600060702,DIRECT,42,1
IMPS25020370LDQ7,CDR202600060711,DIRECT,-494,1
UPI251228IGVOK6,CDR202600060718,DIRECT,252,1
IMPS251030CMMOS3,CDR202600060755,RECEIVER_OUTGOING_ACTIVITY,-259,1
TXN2502171E74M8,CDR202600060757,DIRECT,455,1
IMPS25101375THRJ,CDR202600060778,SENDER_INCOMING_ACTIVITY,513,1
ATM250808RL1S1M,CDR202600060779,SENDER_INCOMING_ACTIVITY,-132,1
ATM2501246FV7OI,CDR202600060781,DIRECT,-17,1
ATM250803S6XJYQ,CDR202600060801,DIRECT,-167,1
UPI2507160MQWU6,CDR202600060814,DIRECT,58,1
TXN25123091ZK74,CDR202600060824,REVERSE,-268,1
IMPS251102579AE0,CDR202600060831,REVERSE,-122,1
UPI250415CTZB0T,CDR202600060858,SENDER_OUTGOING_ACTIVITY,-1,1
UPI250210GCRRFS,CDR202600060870,SENDER_OUTGOING_ACTIVITY,-1116,1
ATM250913H76BQ8,CDR202600060873,RECEIVER_INCOMING_ACTIVITY,58,1
TXN250203VLIJ93,CDR202600060894,REVERSE,155,1
TXN2512239LRKZZ,CDR202600060899,DIRECT,-21,1
TXN251124C5NTBN,CDR202600060916,RECEIVER_INCOMING_ACTIVITY,-39,1
IMPS250609252LOT,CDR202600060923,SENDER_OUTGOING_ACTIVITY,59,1
ATM250824Y14EPS,CDR202600060951,SENDER_OUTGOING_ACTIVITY,-140,1
UPI25013125LFW1,CDR202600060985,RECEIVER_INCOMING_ACTIVITY,29,1
UPI250509YECI25,CDR202600060992,RECEIVER_INCOMING_ACTIVITY,-32,1
TXN250826S2G42M,CDR202600060999,REVERSE,-41,1
UPI250119OD1CT3,CDR202600061030,DIRECT,270,1
TXN250329XOYYUJ,CDR202600061046,DIRECT,-811,1
UPI251109ARATSD,CDR202600061047,RECEIVER_INCOMING_ACTIVITY,151,1
ATM2504093T3K9N,CDR202600061055,DIRECT,195,1
ATM2504258FR2VF,CDR202600061105,DIRECT,-1146,1
TXN250416X7BPIC,CDR202600061119,RECEIVER_OUTGOING_ACTIVITY,-15,1
UPI250807EGP5R3,CDR202600061127,DIRECT,21,1
UPI250105K1D8NR,CDR202600061129,REVERSE,-211,1
ATM250718F3RSK7,CDR202600061132,DIRECT,-4,1
UPI2501257LON01,CDR202600061137,REVERSE,-51,1
ATM2501074BW34S,CDR202600061142,REVERSE,-92,1
UPI250123KJMY94,CDR202600061153,DIRECT,-739,1
UPI250128EY4MLA,CDR202600061165,DIRECT,-85,1
UPI251111L9O03K,CDR202600061179,SENDER_INCOMING_ACTIVITY,-1289,1
UPI2508306LF6UO,CDR202600061194,REVERSE,-632,1
ATM251116OTSQ6C,CDR202600061203,DIRECT,153,1
TXN2503295CCSMF,CDR202600061208,SENDER_INCOMING_ACTIVITY,613,1
ATM250816RU3BBZ,CDR202600061215,DIRECT,-21,1
UPI250705YPHZ9N,CDR202600061218,REVERSE,-100,1
ATM250703O2AGF6,CDR202600061225,REVERSE,-22,1
TXN251119BCS2XU,CDR202600061239,REVERSE,299,1
ATM250810D3KPKS,CDR202600061242,REVERSE,-13,1
ATM250603L4FOYW,CDR202600061243,DIRECT,641,1
TXN250205JCEYRI,CDR202600061249,SENDER_OUTGOING_ACTIVITY,616,1
UPI250208M7YWY9,CDR202600061268,REVERSE,-35,1
ATM251203SDI3JI,CDR202600061283,SENDER_OUTGOING_ACTIVITY,1735,1
ATM251202X6DQP6,CDR202600061312,DIRECT,186,1
UPI250315WVWUYR,CDR202600061313,DIRECT,-168,1
UPI250312SPXJDQ,CDR202600061322,DIRECT,-245,1
UPI251207MY5GCJ,CDR202600061324,DIRECT,-323,1
TXN250801NP0030,CDR202600061348,DIRECT,-308,1
UPI250606O0VDRZ,CDR202600061350,RECEIVER_OUTGOING_ACTIVITY,-434,1
UPI251002CL5PCH,CDR202600061374,REVERSE,50,1
TXN25022376EWR2,CDR202600061380,REVERSE,27,1
ATM250620UVG7DT,CDR202600061382,DIRECT,143,1
UPI250319LU6F9Q,CDR202600061428,RECEIVER_OUTGOING_ACTIVITY,-345,1
UPI2510186MDASE,CDR202600061446,DIRECT,508,1
IMPS250127Q5L56K,CDR202600061470,DIRECT,145,1
UPI25121348R8WS,CDR202600061491,REVERSE,70,1
IMPS250808D027QS,CDR202600061550,RECEIVER_OUTGOING_ACTIVITY,1627,1
TXN251222T2ESJV,CDR202600061571,SENDER_INCOMING_ACTIVITY,-378,1
ATM25101765PTRV,CDR202600061589,REVERSE,-530,1
IMPS250117TVIBE4,CDR202600061603,DIRECT,243,1
IMPS251018Y9AORX,CDR202600061612,SENDER_INCOMING_ACTIVITY,-130,1
ATM250222DQYPPC,CDR202600061613,SENDER_INCOMING_ACTIVITY,29,1
UPI250316OVWL28,CDR202600061634,RECEIVER_INCOMING_ACTIVITY,254,1
UPI250321T1JOU8,CDR202600061635,RECEIVER_OUTGOING_ACTIVITY,538,1
TXN251223CNKLQX,CDR202600061644,DIRECT,281,1
TXN251106ET8OVR,CDR202600061647,SENDER_OUTGOING_ACTIVITY,40,1
ATM250819MCNMF7,CDR202600061656,SENDER_INCOMING_ACTIVITY,857,1
ATM2512215GHJ19,CDR202600061661,DIRECT,-285,1
UPI251029TEG6BF,CDR202600061677,DIRECT,-103,1
ATM250123I7BMAJ,CDR202600061688,SENDER_INCOMING_ACTIVITY,412,1
UPI251026RC2EE8,CDR202600061693,DIRECT,-779,1
UPI251223R7RIZA,CDR202600061710,DIRECT,-47,1
ATM251007ATK7TA,CDR202600061712,DIRECT,-33,1
TXN250906WRKVM5,CDR202600061715,DIRECT,-41,1
UPI251218PV5V3U,CDR202600061718,DIRECT,1218,1
TXN250629PG3S3R,CDR202600061727,DIRECT,-270,1
UPI2504145RCKK3,CDR202600061761,DIRECT,698,1
UPI250731FSX3H7,CDR202600061773,REVERSE,-258,1
UPI250523UNDI2R,CDR202600061797,DIRECT,1042,1
ATM250801JT2PIN,CDR202600061815,DIRECT,130,1
ATM250606N9FKQW,CDR202600061817,DIRECT,160,1
UPI251002FKOT7G,CDR202600061826,SENDER_INCOMING_ACTIVITY,126,1
TXN2510319TZNVC,CDR202600061849,DIRECT,786,1
ATM2512265SZINQ,CDR202600061850,RECEIVER_OUTGOING_ACTIVITY,7,1
TXN2510318DD69A,CDR202600061877,SENDER_INCOMING_ACTIVITY,166,1
TXN251219JB2DEP,CDR202600061880,SENDER_INCOMING_ACTIVITY,-113,1
UPI251116CUPW78,CDR202600061893,SENDER_INCOMING_ACTIVITY,-1128,1
ATM250413CA4ANC,CDR202600061927,REVERSE,308,1
UPI250802WTGHCW,CDR202600061940,SENDER_OUTGOING_ACTIVITY,-381,1
UPI250616XSHNLN,CDR202600061960,DIRECT,194,1
TXN250614MV1MIZ,CDR202600061964,SENDER_INCOMING_ACTIVITY,-203,1
IMPS2503309VDI6F,CDR202600061965,REVERSE,33,1
ATM250930WZLRPD,CDR202600061975,RECEIVER_OUTGOING_ACTIVITY,-18,1
UPI250915RRCCY4,CDR202600061976,RECEIVER_OUTGOING_ACTIVITY,-1402,1
UPI250526W39PVR,CDR202600061977,DIRECT,134,1
IMPS251229HIGVX1,CDR202600061987,REVERSE,-143,1
UPI250904944W40,CDR202600062003,DIRECT,577,1
ATM250415DSGG1W,CDR202600062011,RECEIVER_INCOMING_ACTIVITY,-38,1
TXN250423IRU1RO,CDR202600062060,RECEIVER_OUTGOING_ACTIVITY,911,1
UPI250505B7Z29Y,CDR202600062065,SENDER_OUTGOING_ACTIVITY,-123,1
ATM250115L9V3L1,CDR202600062072,RECEIVER_OUTGOING_ACTIVITY,44,1
ATM250412MIZLIK,CDR202600062077,RECEIVER_INCOMING_ACTIVITY,221,1
UPI250914OIEDU9,CDR202600062126,REVERSE,228,1
UPI2503171GJQ5G,CDR202600062127,SENDER_INCOMING_ACTIVITY,-24,1
IMPS2510151S0H97,CDR202600062154,RECEIVER_OUTGOING_ACTIVITY,17,1
UPI250308JVIEE1,CDR202600062162,REVERSE,378,1
ATM25071144BXA3,CDR202600062203,RECEIVER_OUTGOING_ACTIVITY,-130,1
ATM250928RAG2UI,CDR202600062211,SENDER_OUTGOING_ACTIVITY,-288,1
ATM250503532JHM,CDR202600062225,DIRECT,-280,1
ATM251102WO44OV,CDR202600062269,RECEIVER_INCOMING_ACTIVITY,671,1
TXN250416SC1SFB,CDR202600062283,SENDER_OUTGOING_ACTIVITY,38,1
TXN250907BN54ED,CDR202600062298,SENDER_OUTGOING_ACTIVITY,58,1
ATM250102B2VI10,CDR202600062301,REVERSE,-44,1
UPI2510186ITBF0,CDR202600062304,SENDER_INCOMING_ACTIVITY,-9,1
UPI25040691AKSS,CDR202600062306,RECEIVER_OUTGOING_ACTIVITY,-1639,1
TXN25083181OTM2,CDR202600062313,REVERSE,-35,1
TXN250207JQSFC1,CDR202600062321,SENDER_INCOMING_ACTIVITY,556,1
ATM250411E1QN8Q,CDR202600062325,SENDER_OUTGOING_ACTIVITY,-28,1
ATM250110Z67YYK,CDR202600062339,RECEIVER_INCOMING_ACTIVITY,-1119,1
UPI250217ZY75YY,CDR202600062352,SENDER_INCOMING_ACTIVITY,99,1
ATM250310HHZU47,CDR202600062360,DIRECT,148,1
UPI250818UOAI1M,CDR202600062382,SENDER_OUTGOING_ACTIVITY,-21,1
UPI250220RG8UFS,CDR202600062394,SENDER_OUTGOING_ACTIVITY,591,1
UPI250923G8YPWR,CDR202600062396,DIRECT,90,1
UPI250913HNOEO1,CDR202600062403,SENDER_OUTGOING_ACTIVITY,-110,1
UPI251003Z2D9UF,CDR202600062421,DIRECT,-635,1
IMPS250313J6GZWD,CDR202600062493,DIRECT,-73,1
TXN251104YJV9JV,CDR202600062544,SENDER_OUTGOING_ACTIVITY,-45,1
ATM250613AGUBG7,CDR202600062559,DIRECT,150,1
TXN250428LE4KDA,CDR202600062565,DIRECT,-133,1
TXN251110JL2AZE,CDR202600062611,RECEIVER_OUTGOING_ACTIVITY,-651,1
UPI25100920E887,CDR202600062616,RECEIVER_INCOMING_ACTIVITY,795,1
ATM250429SZ6ZBG,CDR202600062626,DIRECT,236,1
UPI250425O8JI7V,CDR202600062629,RECEIVER_OUTGOING_ACTIVITY,-104,1
UPI2507026IOVMW,CDR202600062635,REVERSE,-908,1
TXN251225YW3W60,CDR202600062659,SENDER_INCOMING_ACTIVITY,-1231,1
ATM250330VKH73S,CDR202600062669,RECEIVER_OUTGOING_ACTIVITY,896,1
UPI250511SM3IDO,CDR202600062682,DIRECT,-9,1
ATM2503184Q0LEL,CDR202600062688,DIRECT,-62,1
UPI250312FUNZ3Y,CDR202600062709,RECEIVER_INCOMING_ACTIVITY,-26,1
TXN250106WVTQQK,CDR202600062718,REVERSE,-420,1
ATM251024EEWFQ2,CDR202600062733,DIRECT,-43,1
UPI251221MZTLBC,CDR202600062776,SENDER_INCOMING_ACTIVITY,-279,1
ATM2502244OC5BE,CDR202600062782,DIRECT,-1776,1
UPI250119M0AEYY,CDR202600062793,SENDER_OUTGOING_ACTIVITY,21,1
ATM250113Q9JUUL,CDR202600062802,RECEIVER_OUTGOING_ACTIVITY,18,1
UPI2509165CVSXX,CDR202600062833,REVERSE,43,1
UPI250512HNZ43K,CDR202600062841,DIRECT,-1542,1
TXN250922YNBQ0K,CDR202600062860,RECEIVER_OUTGOING_ACTIVITY,-629,1
IMPS250506C6JVV7,CDR202600062862,DIRECT,659,1
ATM250429TX8E7U,CDR202600062881,DIRECT,-177,1
ATM251030BQUBPN,CDR202600062894,SENDER_INCOMING_ACTIVITY,67,1
ATM250824ETX1GP,CDR202600062901,RECEIVER_OUTGOING_ACTIVITY,90,1
TXN250909W6WE8J,CDR202600062903,SENDER_OUTGOING_ACTIVITY,-14,1
TXN250128UEKYIM,CDR202600062906,SENDER_INCOMING_ACTIVITY,3,1
ATM2510231YJ31B,CDR202600062920,SENDER_OUTGOING_ACTIVITY,47,1
TXN250224UPASN3,CDR202600062933,RECEIVER_OUTGOING_ACTIVITY,183,1
ATM2503148Q5ZX7,CDR202600062941,DIRECT,172,1
ATM250713Y2314H,CDR202600062950,REVERSE,-40,1
UPI250317BUA5SU,CDR202600062967,SENDER_OUTGOING_ACTIVITY,-186,1
UPI250322W8F8IV,CDR202600062972,RECEIVER_OUTGOING_ACTIVITY,-218,1
UPI2510154F9SCF,CDR202600062984,REVERSE,-32,1
ATM250905W47TGW,CDR202600063018,DIRECT,-272,1
UPI250405816PF8,CDR202600063057,DIRECT,-1114,1
TXN251101G62ZYB,CDR202600063067,RECEIVER_OUTGOING_ACTIVITY,113,1
TXN2503116OXU0N,CDR202600063074,SENDER_INCOMING_ACTIVITY,50,1
TXN250216V23ET3,CDR202600063079,DIRECT,114,1
TXN25112004QRVB,CDR202600063082,SENDER_INCOMING_ACTIVITY,-494,1
ATM2509203IR5A3,CDR202600063086,DIRECT,-45,1
TXN250418KOKK7N,CDR202600063089,SENDER_OUTGOING_ACTIVITY,-125,1
ATM251217WMHH2O,CDR202600063097,SENDER_OUTGOING_ACTIVITY,1642,1
UPI250328WOTV44,CDR202600063100,SENDER_OUTGOING_ACTIVITY,-224,1
ATM251022D8U9LI,CDR202600063112,DIRECT,-43,1
UPI2502178NMSZ0,CDR202600063122,DIRECT,-624,1
ATM250729ICSE9Y,CDR202600063125,DIRECT,18,1
UPI2509248AUS49,CDR202600063130,DIRECT,-561,1
TXN25122465ME3T,CDR202600063164,DIRECT,-1085,1
IMPS250220GPKE95,CDR202600063167,SENDER_OUTGOING_ACTIVITY,-643,1
ATM250629IS6YKY,CDR202600063184,SENDER_OUTGOING_ACTIVITY,979,1
IMPS250318CD9Q01,CDR202600063204,DIRECT,285,1
TXN250121C4EBX2,CDR202600063207,DIRECT,-312,1
TXN250423ELDPN3,CDR202600063209,DIRECT,290,1
UPI250409XQ6REM,CDR202600063240,RECEIVER_INCOMING_ACTIVITY,-494,1
UPI25032171CTRS,CDR202600063249,RECEIVER_INCOMING_ACTIVITY,102,1
ATM25031982HTOL,CDR202600063263,DIRECT,296,1
UPI250616UT97I0,CDR202600063266,SENDER_OUTGOING_ACTIVITY,-3,1
UPI25060507XMGX,CDR202600063274,DIRECT,-38,1
TXN250228AFE2EL,CDR202600063277,DIRECT,154,1
ATM2502088PCU24,CDR202600063300,RECEIVER_INCOMING_ACTIVITY,97,1
UPI250829YNP9I0,CDR202600063306,DIRECT,-19,1
UPI2502046NBPOE,CDR202600063338,SENDER_OUTGOING_ACTIVITY,-507,1
ATM251105C2K03T,CDR202600063378,REVERSE,-890,1
ATM2508129EPSD4,CDR202600063383,SENDER_OUTGOING_ACTIVITY,-9,1
TXN251103AEZFC8,CDR202600063394,SENDER_INCOMING_ACTIVITY,-90,1
ATM250211AQ0NK7,CDR202600063396,REVERSE,1759,1
IMPS2501168M7F2S,CDR202600063399,SENDER_OUTGOING_ACTIVITY,-1069,1
ATM250620YRSUA6,CDR202600063411,REVERSE,281,1
TXN250508XF772Q,CDR202600063422,RECEIVER_INCOMING_ACTIVITY,643,1
ATM250812D8JVV8,CDR202600063428,RECEIVER_INCOMING_ACTIVITY,-249,1
TXN2503188ALTPD,CDR202600063435,SENDER_OUTGOING_ACTIVITY,-182,1
ATM250613KL2869,CDR202600063437,SENDER_INCOMING_ACTIVITY,336,1
UPI250608EG8PKS,CDR202600063444,DIRECT,53,1
TXN250224R8OUBB,CDR202600063466,SENDER_INCOMING_ACTIVITY,-102,1
ATM250825BQ06BE,CDR202600063471,REVERSE,-239,1
ATM2504254G1VFR,CDR202600063486,SENDER_OUTGOING_ACTIVITY,-238,1
ATM25092544GRXF,CDR202600063490,DIRECT,728,1
ATM250424Q50CYO,CDR202600063517,SENDER_OUTGOING_ACTIVITY,-14,1
ATM250426QMAKAO,CDR202600063520,RECEIVER_OUTGOING_ACTIVITY,-1127,1
ATM250406VEVZ9B,CDR202600063548,DIRECT,-718,1
TXN250616F77E1K,CDR202600063604,DIRECT,-709,1
ATM250712Y6NKAG,CDR202600063623,DIRECT,189,1
TXN250326CEU1L4,CDR202600063640,DIRECT,347,1
ATM2507198P1DRN,CDR202600063676,DIRECT,484,1
IMPS250516O38C2P,CDR202600063677,RECEIVER_INCOMING_ACTIVITY,7,1
UPI251119IIX9V4,CDR202600063688,SENDER_OUTGOING_ACTIVITY,162,1
ATM251021AYR3IU,CDR202600063697,DIRECT,-3,1
IMPS250118SC17F0,CDR202600063705,DIRECT,51,1
TXN250316S85WK0,CDR202600063730,RECEIVER_INCOMING_ACTIVITY,-23,1
ATM2509241T5QUO,CDR202600063744,DIRECT,1545,1
UPI250404OJWLK9,CDR202600063747,SENDER_OUTGOING_ACTIVITY,-9,1
TXN250202GA0Z8K,CDR202600063751,DIRECT,780,1
ATM2506271M591X,CDR202600063765,DIRECT,385,1
TXN250609TEOML9,CDR202600063787,RECEIVER_OUTGOING_ACTIVITY,52,1
ATM250911DPW3EV,CDR202600063796,REVERSE,-296,1
ATM251021KKHABA,CDR202600063820,DIRECT,-36,1
IMPS250603PSOLMO,CDR202600063830,DIRECT,67,1
ATM250316P0RQSP,CDR202600063864,SENDER_INCOMING_ACTIVITY,44,1
ATM250530FZ02XI,CDR202600063888,SENDER_INCOMING_ACTIVITY,1068,1
UPI2503022ZZXOK,CDR202600063898,SENDER_INCOMING_ACTIVITY,-1,1
ATM250729BUTR7O,CDR202600063908,DIRECT,54,1
UPI251223PV0LLW,CDR202600063932,RECEIVER_OUTGOING_ACTIVITY,-38,1
UPI2507169060QV,CDR202600063979,DIRECT,993,1
ATM250410IFMCWE,CDR202600063987,DIRECT,144,1
TXN250511W5KZ0L,CDR202600063999,DIRECT,-35,1
ATM250605B64DN1,CDR202600064011,DIRECT,13,1
ATM2510183SB3L2,CDR202600064046,SENDER_INCOMING_ACTIVITY,48,1
ATM250301CASZVJ,CDR202600064073,DIRECT,208,1
TXN251119TPI4DI,CDR202600064074,REVERSE,143,1
UPI250624GZ57RI,CDR202600064086,RECEIVER_OUTGOING_ACTIVITY,-1439,1
TXN250208I7MWLR,CDR202600064105,RECEIVER_INCOMING_ACTIVITY,-1142,1
ATM251223HUOIVC,CDR202600064123,REVERSE,-954,1
ATM2505289R3C4S,CDR202600064129,RECEIVER_OUTGOING_ACTIVITY,-314,1
ATM250823RMN6DA,CDR202600064175,SENDER_INCOMING_ACTIVITY,-25,1
ATM250704JTKGU5,CDR202600064188,REVERSE,-911,1
ATM2506060UETZH,CDR202600064189,REVERSE,739,1
ATM2512051EYTBR,CDR202600064191,DIRECT,-38,1
UPI2501024SE2KY,CDR202600064196,DIRECT,-157,1
ATM25071117TBD4,CDR202600064234,DIRECT,244,1
UPI2506190QCZA5,CDR202600064240,REVERSE,-10,1
ATM251025YGSXQ6,CDR202600064243,SENDER_OUTGOING_ACTIVITY,845,1
ATM251123EO5B1C,CDR202600064265,DIRECT,-200,1
UPI250310ICSCBA,CDR202600064266,SENDER_OUTGOING_ACTIVITY,-126,1
TXN250312I481IC,CDR202600064289,SENDER_INCOMING_ACTIVITY,-44,1
UPI250910C4LXUL,CDR202600064308,REVERSE,391,1
UPI250730FE89ZN,CDR202600064315,DIRECT,-559,1
UPI250608C5YAL2,CDR202600064325,SENDER_INCOMING_ACTIVITY,14,1
UPI251110JS13ZP,CDR202600064350,SENDER_OUTGOING_ACTIVITY,-42,1
UPI2512280CZX0J,CDR202600064378,RECEIVER_INCOMING_ACTIVITY,-1053,1
TXN250306HVR51N,CDR202600064379,RECEIVER_OUTGOING_ACTIVITY,219,1
UPI250124ZZUWDW,CDR202600064406,DIRECT,-252,1
ATM250608R5T3UZ,CDR202600064443,DIRECT,-10,1
ATM250508SO17A3,CDR202600064449,SENDER_OUTGOING_ACTIVITY,201,1
ATM250528YUKVIS,CDR202600064457,SENDER_OUTGOING_ACTIVITY,184,1
ATM250208KIG5JQ,CDR202600064466,DIRECT,-1326,1
ATM25030911XK05,CDR202600064491,SENDER_INCOMING_ACTIVITY,-124,1
ATM250128AKQIVC,CDR202600064514,RECEIVER_OUTGOING_ACTIVITY,275,1
ATM250919WYDVPX,CDR202600064543,REVERSE,885,1
TXN2511175OAH6G,CDR202600064551,DIRECT,41,1
IMPS250205OS6K9V,CDR202600064566,REVERSE,-242,1
IMPS250321DM7HYB,CDR202600064577,SENDER_INCOMING_ACTIVITY,-334,1
IMPS251130YRIN2D,CDR202600064587,SENDER_INCOMING_ACTIVITY,-12,1
IMPS251225F5TQKH,CDR202600064595,DIRECT,-366,1
ATM2511120DXDIK,CDR202600064599,RECEIVER_INCOMING_ACTIVITY,822,1
UPI251129GHB3LT,CDR202600064606,RECEIVER_INCOMING_ACTIVITY,-204,1
UPI25051544IC75,CDR202600064616,RECEIVER_INCOMING_ACTIVITY,9,1
UPI2502287EPZ7T,CDR202600064638,SENDER_OUTGOING_ACTIVITY,-183,1
ATM250303XGRS49,CDR202600064641,SENDER_OUTGOING_ACTIVITY,224,1
TXN250618MS9M6V,CDR202600064660,DIRECT,3,1
ATM250517U2HXTH,CDR202600064665,SENDER_OUTGOING_ACTIVITY,215,1
ATM250702B53X52,CDR202600064673,SENDER_OUTGOING_ACTIVITY,-140,1
TXN250519LZVADB,CDR202600064685,REVERSE,844,1
UPI251106MDP63P,CDR202600064690,SENDER_OUTGOING_ACTIVITY,343,1
ATM251130B79UU6,CDR202600064693,DIRECT,-237,1
ATM250522MMIB99,CDR202600064694,SENDER_INCOMING_ACTIVITY,1525,1
UPI251026XBENE1,CDR202600064718,RECEIVER_INCOMING_ACTIVITY,59,1
ATM25050975H5CB,CDR202600064727,REVERSE,-237,1
TXN250616X970FF,CDR202600064762,SENDER_OUTGOING_ACTIVITY,223,1
ATM250123VJGU4P,CDR202600064772,DIRECT,-216,1
UPI25050901VVK5,CDR202600064778,SENDER_OUTGOING_ACTIVITY,-1197,1
ATM250519YKGOQS,CDR202600064795,DIRECT,-249,1
UPI2507101GIHHS,CDR202600064796,REVERSE,-8,1
UPI2512013IG28J,CDR202600064804,DIRECT,116,1
ATM251104UT7RZX,CDR202600064820,DIRECT,14,1
ATM250415QLLSXT,CDR202600064832,SENDER_OUTGOING_ACTIVITY,150,1
ATM250628SKR9WY,CDR202600064869,REVERSE,-1705,1
UPI250606VPZWQV,CDR202600064873,REVERSE,581,1
ATM250711ZPSGMK,CDR202600064883,SENDER_OUTGOING_ACTIVITY,-92,1
UPI251127KL5VT1,CDR202600064889,REVERSE,120,1
ATM251018ABDZZP,CDR202600064908,SENDER_OUTGOING_ACTIVITY,783,1
UPI2507234JGU2Z,CDR202600064956,DIRECT,-41,1
ATM250429XPGU2V,CDR202600064963,DIRECT,-1,1
UPI250124H85SCX,CDR202600065015,DIRECT,-1703,1
ATM2508087556KX,CDR202600065027,DIRECT,273,1
ATM2509278072PB,CDR202600065052,REVERSE,-655,1
TXN250220KRNNXO,CDR202600065056,REVERSE,-743,1
TXN250906WS5SIJ,CDR202600065099,SENDER_INCOMING_ACTIVITY,673,1
IMPS250319M7QOER,CDR202600065110,SENDER_INCOMING_ACTIVITY,417,1
TXN250228HL49WO,CDR202600065143,DIRECT,372,1
UPI250927HEFC1Z,CDR202600065172,DIRECT,-519,1
ATM2502155TPY6M,CDR202600065179,DIRECT,10,1
ATM250114XWI7G3,CDR202600065201,DIRECT,-160,1
IMPS250716SULF4D,CDR202600065204,SENDER_OUTGOING_ACTIVITY,149,1
ATM2503122BAGXK,CDR202600065211,RECEIVER_INCOMING_ACTIVITY,-58,1
ATM250119N7ASEJ,CDR202600065214,RECEIVER_INCOMING_ACTIVITY,211,1
TXN2511079AM12N,CDR202600065216,DIRECT,-96,1
TXN251114DEFD5H,CDR202600065224,DIRECT,19,1
IMPS250201WR4DQJ,CDR202600065229,SENDER_OUTGOING_ACTIVITY,286,1
ATM251126L51EPP,CDR202600065231,REVERSE,-378,1
UPI251209DS5J58,CDR202600065248,SENDER_INCOMING_ACTIVITY,-12,1
TXN250321VUHROZ,CDR202600065253,RECEIVER_INCOMING_ACTIVITY,-109,1
UPI250821QHTALG,CDR202600065293,DIRECT,-10,1
UPI251222PMZ50E,CDR202600065303,DIRECT,-103,1
TXN251118BZXB7W,CDR202600065306,SENDER_OUTGOING_ACTIVITY,155,1
ATM25121357K8RR,CDR202600065334,RECEIVER_INCOMING_ACTIVITY,235,1
TXN250201H6R2LW,CDR202600065357,RECEIVER_OUTGOING_ACTIVITY,-234,1
UPI250124ZOX9KV,CDR202600065376,SENDER_OUTGOING_ACTIVITY,220,1
ATM250919MYMVXJ,CDR202600065400,DIRECT,-210,1
UPI251030EPYPQZ,CDR202600065422,RECEIVER_OUTGOING_ACTIVITY,-58,1
UPI250119QMJG2F,CDR202600065432,RECEIVER_INCOMING_ACTIVITY,38,1
ATM250119Y593NG,CDR202600065442,RECEIVER_INCOMING_ACTIVITY,-24,1
UPI2510201RX7NV,CDR202600065451,SENDER_INCOMING_ACTIVITY,-180,1
TXN25031768KJZK,CDR202600065502,RECEIVER_INCOMING_ACTIVITY,295,1
IMPS251226P66KP2,CDR202600065503,RECEIVER_INCOMING_ACTIVITY,110,1
ATM250413Q2IU37,CDR202600065514,DIRECT,-1594,1
ATM250502CE9DSE,CDR202600065533,RECEIVER_INCOMING_ACTIVITY,-788,1
UPI25051358R20G,CDR202600065554,SENDER_OUTGOING_ACTIVITY,-577,1
ATM250820E63FOL,CDR202600065578,DIRECT,101,1
TXN250422BNCNAB,CDR202600065585,SENDER_OUTGOING_ACTIVITY,194,1
UPI250708NUE4RH,CDR202600065597,SENDER_INCOMING_ACTIVITY,-23,1
TXN250404UBRMW9,CDR202600065639,DIRECT,-10,1
ATM250718C5HQ8M,CDR202600065644,RECEIVER_OUTGOING_ACTIVITY,-369,1
ATM250817LL4T4G,CDR202600065652,DIRECT,-215,1
UPI250825WU32R4,CDR202600065655,DIRECT,281,1
ATM250504S7N0MU,CDR202600065663,DIRECT,52,1
ATM250614GY54I2,CDR202600065664,SENDER_INCOMING_ACTIVITY,-53,1
TXN251004IE0Q43,CDR202600065680,RECEIVER_OUTGOING_ACTIVITY,-124,1
UPI25121669LWDL,CDR202600065699,REVERSE,14,1
UPI250731HJ2EZZ,CDR202600065702,DIRECT,1071,1
ATM250317U802E6,CDR202600065706,SENDER_OUTGOING_ACTIVITY,1151,1
TXN250816YV3Z3X,CDR202600065762,DIRECT,500,1
TXN250912HSSHH9,CDR202600065774,SENDER_OUTGOING_ACTIVITY,-4,1
TXN250111P4H78Q,CDR202600065782,RECEIVER_INCOMING_ACTIVITY,-20,1
TXN250823NP4ADE,CDR202600065798,RECEIVER_INCOMING_ACTIVITY,458,1
TXN251229MMIY2Z,CDR202600065814,DIRECT,-247,1
ATM250803ZW29N1,CDR202600065821,DIRECT,294,1
ATM251114PIL1Z5,CDR202600065831,RECEIVER_INCOMING_ACTIVITY,-71,1
ATM251004FQNIK1,CDR202600065834,DIRECT,24,1
UPI250128258XXG,CDR202600065853,SENDER_INCOMING_ACTIVITY,749,1
IMPS250710D6GHD9,CDR202600065863,DIRECT,585,1
ATM250630S982JJ,CDR202600065873,SENDER_OUTGOING_ACTIVITY,120,1
ATM250821BJ754J,CDR202600065874,DIRECT,594,1
ATM2505036THCKW,CDR202600065882,DIRECT,-872,1
IMPS25092435NMSC,CDR202600065886,SENDER_INCOMING_ACTIVITY,75,1
IMPS250419UYNX96,CDR202600065909,SENDER_INCOMING_ACTIVITY,-1,1
UPI2504257PXRVP,CDR202600065928,SENDER_OUTGOING_ACTIVITY,673,1
UPI25021383NGGO,CDR202600065932,SENDER_OUTGOING_ACTIVITY,1159,1
UPI250521Z863D8,CDR202600065939,REVERSE,-468,1
IMPS2510192RH2F8,CDR202600065945,SENDER_INCOMING_ACTIVITY,-106,1
UPI251014QUZSY9,CDR202600065966,SENDER_INCOMING_ACTIVITY,-15,1
UPI2506275IFUHE,CDR202600065969,RECEIVER_OUTGOING_ACTIVITY,-16,1
UPI25101592BDJD,CDR202600066005,DIRECT,-746,1
UPI250119TH9GTA,CDR202600066021,DIRECT,44,1
UPI250124TWJTJQ,CDR202600066025,DIRECT,203,1
TXN250216H5EJSI,CDR202600066029,RECEIVER_OUTGOING_ACTIVITY,275,1
UPI250613RV4IHO,CDR202600066030,REVERSE,124,1
UPI250124JYJQ9U,CDR202600066048,SENDER_INCOMING_ACTIVITY,595,1
TXN251202ZEFQFV,CDR202600066054,RECEIVER_OUTGOING_ACTIVITY,-58,1
ATM251119GTJOAU,CDR202600066064,SENDER_OUTGOING_ACTIVITY,-99,1
TXN250219G881WC,CDR202600066068,DIRECT,-626,1
UPI250206S3W0P4,CDR202600066069,SENDER_OUTGOING_ACTIVITY,624,1
ATM250730YI1Y16,CDR202600066074,DIRECT,-245,1
TXN250130CHEIP6,CDR202600066090,SENDER_INCOMING_ACTIVITY,587,1
ATM250314UJ8GRS,CDR202600066092,SENDER_INCOMING_ACTIVITY,55,1
ATM2512130DTAJ4,CDR202600066114,REVERSE,-67,1
ATM251203K800CW,CDR202600066127,REVERSE,115,1
ATM250620P1LK9O,CDR202600066133,SENDER_INCOMING_ACTIVITY,-5,1
UPI250816W1WTR3,CDR202600066150,RECEIVER_INCOMING_ACTIVITY,-21,1
UPI2512053CJEX7,CDR202600066172,DIRECT,-592,1
ATM250813W5W7OW,CDR202600066176,DIRECT,-57,1
TXN250608BYGSBD,CDR202600066218,DIRECT,97,1
IMPS250322KU6UEH,CDR202600066235,SENDER_OUTGOING_ACTIVITY,105,1
TXN250730FTV1Y5,CDR202600066239,DIRECT,749,1
UPI250808QYEUG6,CDR202600066243,SENDER_INCOMING_ACTIVITY,-36,1
UPI250117Z3Q045,CDR202600066304,REVERSE,40,1
UPI250523ENI32X,CDR202600066305,SENDER_OUTGOING_ACTIVITY,-1090,1
TXN250517MBP00V,CDR202600066309,REVERSE,58,1
TXN250921SIP9PC,CDR202600066326,RECEIVER_INCOMING_ACTIVITY,255,1
TXN251229EU3EXP,CDR202600066328,DIRECT,256,1
UPI250918UC5IR1,CDR202600066331,DIRECT,-15,1
UPI250604D18MPW,CDR202600066338,DIRECT,1415,1
ATM250707X054GY,CDR202600066342,REVERSE,56,1
UPI250709TJSXH9,CDR202600066354,DIRECT,-46,1
ATM251013FLYKXI,CDR202600066361,SENDER_INCOMING_ACTIVITY,230,1
ATM2510168VT5DW,CDR202600066365,DIRECT,-2,1
UPI251012PKU1UN,CDR202600066369,SENDER_OUTGOING_ACTIVITY,-1585,1
ATM2512252L6ZRD,CDR202600066383,SENDER_OUTGOING_ACTIVITY,-135,1
UPI2509302OX11M,CDR202600066385,SENDER_OUTGOING_ACTIVITY,-39,1
ATM250920EHQDDA,CDR202600066394,DIRECT,-279,1
UPI250113YE29A3,CDR202600066395,DIRECT,-285,1
UPI251223I77OJA,CDR202600066412,SENDER_OUTGOING_ACTIVITY,494,1
ATM251223PR2KLH,CDR202600066413,SENDER_INCOMING_ACTIVITY,-907,1
ATM251109SBDV3T,CDR202600066417,REVERSE,-51,1
TXN250326XJ0KWW,CDR202600066443,RECEIVER_OUTGOING_ACTIVITY,183,1
UPI250409AESFHH,CDR202600066450,SENDER_INCOMING_ACTIVITY,286,1
TXN250122JFZYPE,CDR202600066467,REVERSE,-709,1
TXN250622G4AAQN,CDR202600066490,DIRECT,1,1
UPI2502112MQCXW,CDR202600066495,REVERSE,-8,1
UPI2507099H9NK7,CDR202600066510,DIRECT,-1228,1
TXN250218MOA7DC,CDR202600066512,DIRECT,603,1
ATM2506170YRRD1,CDR202600066520,RECEIVER_OUTGOING_ACTIVITY,-1069,1
UPI250514PWD67T,CDR202600066523,SENDER_INCOMING_ACTIVITY,221,1
IMPS251010JQ9NOP,CDR202600066544,RECEIVER_INCOMING_ACTIVITY,-457,1
UPI2503273FY5IV,CDR202600066560,DIRECT,-279,1
UPI2504090KJQF8,CDR202600066567,SENDER_OUTGOING_ACTIVITY,1321,1
TXN250103MPQ0HZ,CDR202600066568,SENDER_INCOMING_ACTIVITY,80,1
ATM250612N998AO,CDR202600066571,DIRECT,51,1
TXN250114H1ADRG,CDR202600066576,DIRECT,-1073,1
ATM250624J6Y1HO,CDR202600066599,REVERSE,1174,1
ATM2505181ZKV39,CDR202600066601,SENDER_INCOMING_ACTIVITY,-209,1
TXN250826R7YPSZ,CDR202600066640,SENDER_INCOMING_ACTIVITY,-25,1
IMPS2501015LXO6Q,CDR202600066661,SENDER_OUTGOING_ACTIVITY,-14,1
UPI250920EKQ1YC,CDR202600066674,REVERSE,112,1
ATM251231A3PFP3,CDR202600066692,SENDER_OUTGOING_ACTIVITY,213,1
UPI250609SRGY0E,CDR202600066706,RECEIVER_OUTGOING_ACTIVITY,156,1
UPI25053179XGGJ,CDR202600066713,SENDER_OUTGOING_ACTIVITY,919,1
UPI250321NQF2SD,CDR202600066750,DIRECT,-12,1
UPI250730R3XJS2,CDR202600066753,DIRECT,-63,1
ATM250410UCORGO,CDR202600066763,SENDER_INCOMING_ACTIVITY,-103,1
ATM2508046VDU2O,CDR202600066785,RECEIVER_OUTGOING_ACTIVITY,-313,1
UPI250216ATPUQ8,CDR202600066799,RECEIVER_INCOMING_ACTIVITY,28,1
TXN250312VWTOK0,CDR202600066816,SENDER_INCOMING_ACTIVITY,-21,1
IMPS250728J3VHCM,CDR202600066817,REVERSE,160,1
ATM2510180J1KY5,CDR202600066833,SENDER_OUTGOING_ACTIVITY,-384,1
UPI2506159VA2RA,CDR202600066837,DIRECT,9,1
ATM250728GTJZ3W,CDR202600066845,SENDER_INCOMING_ACTIVITY,1794,1
UPI250125XM5MEC,CDR202600066858,SENDER_INCOMING_ACTIVITY,263,1
ATM2512013WQ74J,CDR202600066861,REVERSE,-938,1
UPI25032276OJM6,CDR202600066878,RECEIVER_INCOMING_ACTIVITY,-771,1
UPI2508288PF20V,CDR202600066885,DIRECT,-21,1
TXN2507314H7UVA,CDR202600066929,DIRECT,-38,1
TXN25021337BG08,CDR202600066958,DIRECT,-51,1
ATM250227KHGGZR,CDR202600066965,SENDER_OUTGOING_ACTIVITY,-130,1
UPI2512054W6T12,CDR202600066967,DIRECT,-1750,1
ATM251008EFGDZ4,CDR202600066997,REVERSE,236,1
ATM251003W560TF,CDR202600067015,DIRECT,-1739,1
TXN250924LOU9DL,CDR202600067017,DIRECT,246,1
ATM250312NKEV1T,CDR202600067044,RECEIVER_INCOMING_ACTIVITY,293,1
ATM250108ZN5H5J,CDR202600067045,DIRECT,-623,1
ATM250207WEEY7L,CDR202600067048,SENDER_OUTGOING_ACTIVITY,122,1
IMPS250622GUSPQB,CDR202600067071,SENDER_OUTGOING_ACTIVITY,573,1
ATM250128S41TPC,CDR202600067091,SENDER_OUTGOING_ACTIVITY,37,1
UPI250930O4FNBY,CDR202600067096,SENDER_OUTGOING_ACTIVITY,140,1
UPI251201ZZJ8VF,CDR202600067118,DIRECT,-121,1
TXN2504026RZ7MX,CDR202600067126,RECEIVER_INCOMING_ACTIVITY,-20,1
UPI250517XO80XF,CDR202600067154,RECEIVER_INCOMING_ACTIVITY,-697,1
UPI250116T904V5,CDR202600067159,SENDER_OUTGOING_ACTIVITY,-711,1
UPI250611TMBLW6,CDR202600067163,RECEIVER_INCOMING_ACTIVITY,-242,1
TXN2512173RG4X0,CDR202600067184,SENDER_OUTGOING_ACTIVITY,401,1
TXN2509060OOYXV,CDR202600067195,DIRECT,582,1
TXN250219FOL7L9,CDR202600067196,RECEIVER_INCOMING_ACTIVITY,128,1
TXN2505201303OZ,CDR202600067241,RECEIVER_OUTGOING_ACTIVITY,82,1
IMPS251002VLQZQB,CDR202600067305,SENDER_OUTGOING_ACTIVITY,-27,1
TXN250518I1CH7T,CDR202600067307,REVERSE,92,1
IMPS2508174UBF4W,CDR202600067316,DIRECT,807,1
TXN251009YCWHTY,CDR202600067321,SENDER_INCOMING_ACTIVITY,44,1
UPI2510226DW71P,CDR202600067324,SENDER_INCOMING_ACTIVITY,-208,1
UPI2506032REAZJ,CDR202600067329,DIRECT,-169,1
ATM250630N89URP,CDR202600067336,DIRECT,-573,1
TXN250818KNKA8R,CDR202600067340,DIRECT,-251,1
ATM250709GUX2H9,CDR202600067357,DIRECT,-860,1
ATM250524QI9E1V,CDR202600067363,DIRECT,56,1
ATM250623THKK3W,CDR202600067364,DIRECT,1719,1
UPI2511017S2TJ3,CDR202600067381,SENDER_OUTGOING_ACTIVITY,10,1
UPI25092990C04Q,CDR202600067395,DIRECT,-8,1
IMPS251218UZR14L,CDR202600067407,RECEIVER_INCOMING_ACTIVITY,-95,1
ATM251122SW48DH,CDR202600067416,SENDER_INCOMING_ACTIVITY,263,1
UPI251007MZOM7M,CDR202600067423,REVERSE,51,1
ATM250406WPGSIG,CDR202600067435,REVERSE,-15,1
TXN25082079A5K3,CDR202600067487,RECEIVER_INCOMING_ACTIVITY,820,1
UPI2502089IR8OI,CDR202600067489,REVERSE,-1680,1
IMPS250226GLAF6T,CDR202600067513,REVERSE,-390,1
UPI251029OXUX99,CDR202600067534,RECEIVER_INCOMING_ACTIVITY,-258,1
UPI251224TX51L2,CDR202600067537,SENDER_OUTGOING_ACTIVITY,6,1
ATM250812ZNHGIF,CDR202600067562,SENDER_OUTGOING_ACTIVITY,428,1
IMPS250818YSA4V3,CDR202600067581,DIRECT,-651,1
IMPS251204GLMO24,CDR202600067595,RECEIVER_OUTGOING_ACTIVITY,1790,1
ATM250201I4V6K7,CDR202600067599,DIRECT,188,1
ATM251213U7Z4Y2,CDR202600067609,DIRECT,-1427,1
UPI250623YRJVQE,CDR202600067614,DIRECT,-624,1
TXN250725LZWVLZ,CDR202600067622,DIRECT,39,1
TXN250529NMKAI8,CDR202600067626,DIRECT,-51,1
ATM250604MRWEID,CDR202600067636,RECEIVER_INCOMING_ACTIVITY,-281,1
ATM2507030TW19I,CDR202600067648,SENDER_OUTGOING_ACTIVITY,552,1
TXN250821ZIHABE,CDR202600067686,SENDER_OUTGOING_ACTIVITY,523,1
UPI250520D9GERO,CDR202600067689,RECEIVER_OUTGOING_ACTIVITY,7,1
ATM251201FUTDDL,CDR202600067693,DIRECT,9,1
TXN250716F06UI5,CDR202600067720,SENDER_INCOMING_ACTIVITY,-164,1
TXN250913RI7DQ9,CDR202600067731,RECEIVER_OUTGOING_ACTIVITY,-47,1
ATM250525V6V6XV,CDR202600067752,DIRECT,-94,1
ATM2501129UNLXY,CDR202600067791,SENDER_OUTGOING_ACTIVITY,-272,1
ATM250604IM0ZAL,CDR202600067795,SENDER_INCOMING_ACTIVITY,-28,1
UPI251217Z62O67,CDR202600067826,DIRECT,19,1
ATM250220C7M077,CDR202600067835,DIRECT,57,1
ATM2510017E4FN3,CDR202600067850,SENDER_INCOMING_ACTIVITY,-44,1
UPI2503077MPCG9,CDR202600067856,REVERSE,460,1
ATM250126MUUPRX,CDR202600067859,DIRECT,22,1
ATM250308XFPGIK,CDR202600067864,SENDER_INCOMING_ACTIVITY,-260,1
ATM250310ZSN9RG,CDR202600067869,DIRECT,-8,1
ATM2504152RFHIQ,CDR202600067878,SENDER_INCOMING_ACTIVITY,8,1
TXN250814C9J9NX,CDR202600067879,SENDER_INCOMING_ACTIVITY,-47,1
IMPS2505314VDIYS,CDR202600067880,REVERSE,-870,1
ATM250115Y924UU,CDR202600067908,DIRECT,-230,1
ATM250520KDSPZC,CDR202600067912,REVERSE,-205,1
ATM251115UTRQ28,CDR202600067924,RECEIVER_OUTGOING_ACTIVITY,809,1
UPI250513HN38Q0,CDR202600067941,DIRECT,-49,1
ATM2507140TXPO6,CDR202600067950,SENDER_OUTGOING_ACTIVITY,-41,1
UPI250503U79PZ4,CDR202600067978,DIRECT,83,1
UPI2509067Z1W3B,CDR202600068026,RECEIVER_OUTGOING_ACTIVITY,362,1
ATM250904Q6ZF2E,CDR202600068029,RECEIVER_INCOMING_ACTIVITY,-735,1
ATM250707UBPU5I,CDR202600068041,SENDER_OUTGOING_ACTIVITY,46,1
TXN25072526MVSQ,CDR202600068046,DIRECT,138,1
IMPS25021800W2B6,CDR202600068065,RECEIVER_OUTGOING_ACTIVITY,-287,1
TXN250327K8YIEO,CDR202600068073,SENDER_OUTGOING_ACTIVITY,631,1
ATM251106OL4PN5,CDR202600068082,RECEIVER_INCOMING_ACTIVITY,-1550,1
TXN250410F7G6Y3,CDR202600068106,RECEIVER_INCOMING_ACTIVITY,-341,1
ATM2512240BAT6V,CDR202600068112,SENDER_OUTGOING_ACTIVITY,-673,1
ATM250922KEXA4C,CDR202600068139,SENDER_OUTGOING_ACTIVITY,-74,1
ATM251031YWBRD2,CDR202600068184,DIRECT,11,1
UPI250519VT34O7,CDR202600068191,REVERSE,369,1
UPI250919KL441A,CDR202600068207,REVERSE,147,1
UPI2506117RR1NI,CDR202600068216,RECEIVER_INCOMING_ACTIVITY,-112,1
UPI250702D29VPK,CDR202600068219,SENDER_OUTGOING_ACTIVITY,-46,1
ATM250612KT0JCP,CDR202600068223,DIRECT,399,1
TXN250627T50HAE,CDR202600068238,RECEIVER_OUTGOING_ACTIVITY,-301,1
ATM250428ILSYEI,CDR202600068260,DIRECT,505,1
ATM2505149NV48B,CDR202600068261,DIRECT,41,1
UPI250728ZTV39M,CDR202600068278,DIRECT,240,1
ATM250915V4LNL5,CDR202600068281,RECEIVER_OUTGOING_ACTIVITY,37,1
IMPS250819XKEJDS,CDR202600068290,DIRECT,1478,1
ATM250419P5LUBG,CDR202600068323,DIRECT,21,1
UPI250618B068V2,CDR202600068379,SENDER_OUTGOING_ACTIVITY,-35,1
TXN25081805GJMM,CDR202600068420,DIRECT,129,1
TXN250329BRO916,CDR202600068461,REVERSE,1396,1
UPI250903SS421R,CDR202600068473,SENDER_OUTGOING_ACTIVITY,-3,1
UPI250123RW4FQM,CDR202600068498,DIRECT,-311,1
TXN250630M36EHR,CDR202600068509,SENDER_OUTGOING_ACTIVITY,189,1
ATM250616AO9IHJ,CDR202600068514,DIRECT,202,1
ATM2505054BESEY,CDR202600068527,REVERSE,-15,1
UPI250909RSOQGN,CDR202600068537,RECEIVER_INCOMING_ACTIVITY,-384,1
TXN250710TEQIHQ,CDR202600068567,DIRECT,1694,1
TXN250425CMPS74,CDR202600068568,SENDER_INCOMING_ACTIVITY,-11,1
TXN2510184NM3JN,CDR202600068576,DIRECT,-1728,1
ATM2510135RZA1F,CDR202600068600,DIRECT,-623,1
UPI2502150PWP1O,CDR202600068627,RECEIVER_INCOMING_ACTIVITY,-41,1
UPI251103D3HYG0,CDR202600068629,RECEIVER_INCOMING_ACTIVITY,294,1
ATM251213TZEM6F,CDR202600068656,SENDER_OUTGOING_ACTIVITY,-146,1
UPI250129EY9HU2,CDR202600068686,DIRECT,-282,1
ATM250414C86SNR,CDR202600068701,RECEIVER_INCOMING_ACTIVITY,106,1
ATM251223DU4Q2O,CDR202600068708,SENDER_OUTGOING_ACTIVITY,42,1
UPI251005CNK8R4,CDR202600068709,SENDER_OUTGOING_ACTIVITY,-496,1
ATM2501107HEKDZ,CDR202600068736,REVERSE,209,1
UPI25122024IBXC,CDR202600068766,RECEIVER_OUTGOING_ACTIVITY,-366,1
UPI250221S8WTJP,CDR202600068813,DIRECT,-816,1
ATM251201BYVUZJ,CDR202600068816,SENDER_OUTGOING_ACTIVITY,1401,1
ATM2511158J3PJ2,CDR202600068819,RECEIVER_OUTGOING_ACTIVITY,-5,1
UPI250616ELKFFN,CDR202600068828,REVERSE,202,1
ATM251217ZSPT5N,CDR202600068829,DIRECT,41,1
IMPS250416GX92S5,CDR202600068835,SENDER_INCOMING_ACTIVITY,615,1
UPI25120360E26Y,CDR202600068863,RECEIVER_OUTGOING_ACTIVITY,152,1
UPI250330GPUO9D,CDR202600068870,REVERSE,39,1
UPI250121IU56TA,CDR202600068888,RECEIVER_INCOMING_ACTIVITY,-190,1
ATM251022AK4KB1,CDR202600068889,REVERSE,-47,1
ATM251206TCNMIF,CDR202600068946,REVERSE,74,1
TXN2509067Z1G87,CDR202600068947,SENDER_OUTGOING_ACTIVITY,-221,1
UPI251221Z3LABK,CDR202600068963,SENDER_INCOMING_ACTIVITY,610,1
TXN251031MRPH8N,CDR202600068975,SENDER_INCOMING_ACTIVITY,388,1
UPI250418CWY2Z4,CDR202600068981,RECEIVER_OUTGOING_ACTIVITY,-28,1
ATM2503262SIO8Z,CDR202600068982,RECEIVER_OUTGOING_ACTIVITY,-51,1
UPI250716KN2OIC,CDR202600068986,DIRECT,55,1
ATM250303VSCLLG,CDR202600068991,RECEIVER_INCOMING_ACTIVITY,-81,1
ATM251120VT0ILW,CDR202600069006,DIRECT,230,1
ATM250416O7Q69C,CDR202600069010,RECEIVER_INCOMING_ACTIVITY,-587,1
ATM25011120TSGT,CDR202600069024,SENDER_OUTGOING_ACTIVITY,698,1
TXN250827ZPYKCE,CDR202600069027,SENDER_OUTGOING_ACTIVITY,21,1
IMPS250309NITH2Q,CDR202600069042,SENDER_OUTGOING_ACTIVITY,-45,1
UPI250305BCU5FY,CDR202600069048,RECEIVER_INCOMING_ACTIVITY,44,1
UPI250107JP1ILR,CDR202600069081,DIRECT,-1728,1
ATM25042981RL7W,CDR202600069090,DIRECT,-118,1
ATM2505128JH43N,CDR202600069113,DIRECT,620,1
ATM250806FEFEOB,CDR202600069131,DIRECT,-79,1
UPI251109PLYP5Y,CDR202600069177,SENDER_OUTGOING_ACTIVITY,-46,1
UPI250620QBT5IS,CDR202600069179,SENDER_INCOMING_ACTIVITY,-56,1
UPI250429R8L5BH,CDR202600069219,REVERSE,-55,1
IMPS250816S8E5MQ,CDR202600069221,DIRECT,-1010,1
ATM250625BFW129,CDR202600069231,SENDER_OUTGOING_ACTIVITY,43,1
ATM250613SFLJYR,CDR202600069234,DIRECT,291,1
ATM251031CO98ST,CDR202600069243,DIRECT,25,1
UPI250320AF2U0H,CDR202600069276,REVERSE,-31,1
TXN251026LW0WE2,CDR202600069283,RECEIVER_INCOMING_ACTIVITY,416,1
UPI250114PNVJAZ,CDR202600069285,SENDER_OUTGOING_ACTIVITY,-494,1
UPI250816L3Z5JB,CDR202600069289,SENDER_OUTGOING_ACTIVITY,-83,1
UPI25033193VQ0P,CDR202600069292,REVERSE,-384,1
UPI25100453ZPPM,CDR202600069309,SENDER_OUTGOING_ACTIVITY,589,1
UPI250328AB1L3I,CDR202600069311,DIRECT,-130,1
TXN2510252UVJK3,CDR202600069313,SENDER_OUTGOING_ACTIVITY,-108,1
UPI251112I5C14B,CDR202600069345,SENDER_INCOMING_ACTIVITY,-282,1
IMPS250604ZSBP2N,CDR202600069372,SENDER_OUTGOING_ACTIVITY,-122,1
UPI251009UAIFEO,CDR202600069374,REVERSE,581,1
ATM250219UX6TXG,CDR202600069377,SENDER_INCOMING_ACTIVITY,46,1
ATM250528IIDHH3,CDR202600069405,RECEIVER_OUTGOING_ACTIVITY,49,1
ATM250524I2HCBQ,CDR202600069407,RECEIVER_OUTGOING_ACTIVITY,3,1
ATM250101TD96QE,CDR202600069426,DIRECT,59,1
UPI251218FMQD3N,CDR202600069428,SENDER_OUTGOING_ACTIVITY,-538,1
TXN250423P3XIZ6,CDR202600069460,DIRECT,169,1
ATM2505207RJSLT,CDR202600069475,DIRECT,153,1
ATM250925RWXEYW,CDR202600069481,REVERSE,494,1
UPI251109QNRBR9,CDR202600069482,RECEIVER_INCOMING_ACTIVITY,165,1
ATM250320XXX8T6,CDR202600069486,REVERSE,43,1
IMPS250510WPZ97G,CDR202600069493,DIRECT,5,1
TXN251123YYTIPM,CDR202600069495,SENDER_INCOMING_ACTIVITY,1642,1
IMPS250428BT6FJN,CDR202600069497,RECEIVER_OUTGOING_ACTIVITY,-91,1
ATM250829R9DMZO,CDR202600069504,REVERSE,895,1
TXN25051619836I,CDR202600069522,RECEIVER_OUTGOING_ACTIVITY,141,1
ATM251209IFKEI8,CDR202600069553,DIRECT,29,1
ATM251216TT2FO2,CDR202600069560,DIRECT,1033,1
TXN250204LWT1ZP,CDR202600069579,SENDER_OUTGOING_ACTIVITY,916,1
UPI2501067DGT60,CDR202600069595,DIRECT,-7,1
ATM250416N5N14U,CDR202600069600,SENDER_INCOMING_ACTIVITY,9,1
TXN250929S1ZK1X,CDR202600069613,DIRECT,-168,1
TXN250425U2ZFTW,CDR202600069626,SENDER_INCOMING_ACTIVITY,877,1
UPI251202JRUACD,CDR202600069638,REVERSE,-275,1
TXN250914Q6MU0W,CDR202600069642,SENDER_INCOMING_ACTIVITY,181,1
UPI250508YIO8J1,CDR202600069656,SENDER_INCOMING_ACTIVITY,-276,1
ATM250920NL4QCI,CDR202600069668,RECEIVER_OUTGOING_ACTIVITY,-435,1
TXN250909EGRTTC,CDR202600069675,SENDER_INCOMING_ACTIVITY,-285,1
UPI250808T56CKU,CDR202600069678,SENDER_INCOMING_ACTIVITY,-67,1
UPI2504043YS069,CDR202600069690,SENDER_OUTGOING_ACTIVITY,-89,1
ATM251122A5BW69,CDR202600069728,SENDER_OUTGOING_ACTIVITY,37,1
UPI250224LG2DGF,CDR202600069748,DIRECT,-385,1
ATM25091492S60G,CDR202600069749,SENDER_OUTGOING_ACTIVITY,-3,1
ATM2507016EJ114,CDR202600069753,RECEIVER_INCOMING_ACTIVITY,1060,1
UPI2504308Y920K,CDR202600069772,RECEIVER_OUTGOING_ACTIVITY,-55,1
ATM250207KTGGB7,CDR202600069795,SENDER_INCOMING_ACTIVITY,112,1
TXN251102KLN0T4,CDR202600069811,SENDER_OUTGOING_ACTIVITY,199,1
UPI251110IJQBW8,CDR202600069820,REVERSE,-32,1
UPI251223QS23PU,CDR202600069888,SENDER_OUTGOING_ACTIVITY,-283,1
TXN250820O1RWBV,CDR202600069898,RECEIVER_OUTGOING_ACTIVITY,-42,1
TXN2510029CQ3RB,CDR202600069912,RECEIVER_OUTGOING_ACTIVITY,234,1
TXN250112LPSV0F,CDR202600069950,SENDER_INCOMING_ACTIVITY,-41,1
UPI2501158QBA3J,CDR202600069951,REVERSE,-275,1
ATM250129PXHOTR,CDR202600069959,SENDER_OUTGOING_ACTIVITY,472,1
TXN250428G5X4LF,CDR202600069965,SENDER_INCOMING_ACTIVITY,-196,1
ATM25020536SL78,CDR202600069971,DIRECT,128,1
ATM250526Q4WUEZ,CDR202600069994,SENDER_INCOMING_ACTIVITY,-44,1
TXN250727DVBOXG,CDR202600070009,SENDER_OUTGOING_ACTIVITY,-211,1
UPI251001X93RZS,CDR202600070015,REVERSE,209,1
IMPS250613G521ES,CDR202600070016,SENDER_INCOMING_ACTIVITY,286,1
UPI25042405HTEC,CDR202600070021,DIRECT,-895,1
TXN251017EFN5RW,CDR202600070028,REVERSE,867,1
ATM2503079DQP42,CDR202600070031,REVERSE,234,1
NEFT2511073H8OWS,CDR202600070063,SENDER_OUTGOING_ACTIVITY,-4,1
TXN251028B8V84X,CDR202600070069,SENDER_OUTGOING_ACTIVITY,187,1
TXN251216JK08N5,CDR202600070077,RECEIVER_INCOMING_ACTIVITY,-64,1
ATM250705PVG63O,CDR202600070125,REVERSE,-1710,1
TXN250123MK5HW1,CDR202600070131,SENDER_INCOMING_ACTIVITY,-68,1
TXN25091501GDQW,CDR202600070133,DIRECT,48,1
UPI251110AVV56I,CDR202600070134,DIRECT,-802,1
ATM251005MCCSYG,CDR202600070143,RECEIVER_OUTGOING_ACTIVITY,320,1
IMPS2509120BFF3S,CDR202600070156,SENDER_INCOMING_ACTIVITY,-25,1
ATM250901A2NJT1,CDR202600070178,SENDER_OUTGOING_ACTIVITY,58,1
UPI251229DTLZO3,CDR202600070190,SENDER_INCOMING_ACTIVITY,26,1
ATM250404MQQD08,CDR202600070191,SENDER_OUTGOING_ACTIVITY,146,1
ATM2502199WAQZ6,CDR202600070207,SENDER_OUTGOING_ACTIVITY,-462,1
ATM2507057MNRYF,CDR202600070275,DIRECT,8,1
UPI250524OCW9X9,CDR202600070278,DIRECT,-464,1
ATM250623QLZZKS,CDR202600070306,REVERSE,68,1
TXN250422ORQ7KS,CDR202600070308,DIRECT,39,1
ATM251002X22A0Y,CDR202600070313,DIRECT,-18,1
IMPS250310D2VFEK,CDR202600070316,DIRECT,403,1
ATM2510063G73F1,CDR202600070334,REVERSE,171,1
TXN251031VNSNNJ,CDR202600070354,REVERSE,34,1
ATM250901F8C5S0,CDR202600070355,REVERSE,-823,1
UPI250228JFXHMY,CDR202600070370,DIRECT,17,1
TXN25010592WMSJ,CDR202600070396,SENDER_INCOMING_ACTIVITY,665,1
ATM2507125ML44L,CDR202600070405,SENDER_OUTGOING_ACTIVITY,40,1
IMPS251001KT6ROQ,CDR202600070412,RECEIVER_OUTGOING_ACTIVITY,-1293,1
TXN250323HAZPOR,CDR202600070422,DIRECT,283,1
ATM250523YOLZNI,CDR202600070423,SENDER_INCOMING_ACTIVITY,7,1
ATM251211L58HH5,CDR202600070453,SENDER_INCOMING_ACTIVITY,-389,1
UPI250929XCOVQ1,CDR202600070454,SENDER_OUTGOING_ACTIVITY,13,1
UPI250303ZVLFRV,CDR202600070455,SENDER_INCOMING_ACTIVITY,1474,1
ATM2507027MDTKR,CDR202600070468,RECEIVER_INCOMING_ACTIVITY,-242,1
TXN250729VB9DO2,CDR202600070473,DIRECT,-117,1
IMPS250506KWGKC1,CDR202600070498,RECEIVER_INCOMING_ACTIVITY,-204,1
ATM250608N3GLX7,CDR202600070499,SENDER_INCOMING_ACTIVITY,-403,1
UPI251225CUYTGL,CDR202600070529,DIRECT,249,1
ATM250719JA8RED,CDR202600070549,RECEIVER_INCOMING_ACTIVITY,-1363,1
ATM250719LJDM3Y,CDR202600070568,SENDER_INCOMING_ACTIVITY,34,1
IMPS251203IJPN3M,CDR202600070590,RECEIVER_INCOMING_ACTIVITY,-618,1
TXN250120SL1HAU,CDR202600070600,SENDER_OUTGOING_ACTIVITY,-15,1
TXN251219Z0M4WQ,CDR202600070601,SENDER_INCOMING_ACTIVITY,-550,1
ATM2505132NBX5O,CDR202600070622,SENDER_OUTGOING_ACTIVITY,-10,1
TXN250929XPIFW0,CDR202600070630,RECEIVER_INCOMING_ACTIVITY,5,1
UPI251005V0YD5N,CDR202600070638,REVERSE,-26,1
ATM250702IMGIXG,CDR202600070704,DIRECT,-37,1
UPI250314Q5ZKYQ,CDR202600070707,SENDER_INCOMING_ACTIVITY,-555,1
UPI251001L1ALH4,CDR202600070720,REVERSE,23,1
ATM2506042EBBT3,CDR202600070722,DIRECT,49,1
ATM250116KI7TFP,CDR202600070732,REVERSE,-260,1
TXN250817IR35IE,CDR202600070745,RECEIVER_INCOMING_ACTIVITY,744,1
UPI251220U5T48X,CDR202600070773,SENDER_INCOMING_ACTIVITY,-48,1
TXN2501133VQJDD,CDR202600070780,DIRECT,-54,1
ATM250712ABTQIA,CDR202600070790,DIRECT,-484,1
UPI250926TT4E4T,CDR202600070791,REVERSE,33,1
ATM250312GZT935,CDR202600070825,DIRECT,-195,1
ATM251101XVCI2B,CDR202600070871,SENDER_INCOMING_ACTIVITY,826,1
ATM250915PHRQ4U,CDR202600070884,SENDER_INCOMING_ACTIVITY,41,1
UPI2508035ZJLXK,CDR202600070902,SENDER_OUTGOING_ACTIVITY,1289,1
ATM250424T9AQQV,CDR202600070910,DIRECT,-53,1
TXN250523NSV8UB,CDR202600070919,DIRECT,-25,1
TXN250113T1T4X6,CDR202600070937,DIRECT,96,1
UPI250402WUG430,CDR202600070962,REVERSE,-878,1
TXN250607SZ5A4M,CDR202600070970,RECEIVER_INCOMING_ACTIVITY,-1682,1
UPI251006W1ITKS,CDR202600070995,DIRECT,29,1
TXN251211AIJ5DT,CDR202600071011,REVERSE,11,1
ATM251229E9Q8VL,CDR202600071061,DIRECT,125,1
IMPS251226I62LY4,CDR202600071065,SENDER_INCOMING_ACTIVITY,146,1
UPI2504051TYSIG,CDR202600071075,RECEIVER_INCOMING_ACTIVITY,23,1
TXN251101Z5GGHZ,CDR202600071083,DIRECT,-488,1
ATM2510192EGRPJ,CDR202600071111,DIRECT,-31,1
TXN250703QUP3K7,CDR202600071118,SENDER_OUTGOING_ACTIVITY,5,1
UPI251120OX7ZEQ,CDR202600071120,RECEIVER_OUTGOING_ACTIVITY,-4,1
UPI250928C3CDNB,CDR202600071140,SENDER_INCOMING_ACTIVITY,-50,1
ATM250512P8DEFA,CDR202600071158,RECEIVER_OUTGOING_ACTIVITY,1377,1
UPI251102EZ7FZM,CDR202600071162,SENDER_OUTGOING_ACTIVITY,-18,1
UPI251017JUCSRT,CDR202600071170,REVERSE,-1459,1
UPI250405NINPUR,CDR202600071192,SENDER_INCOMING_ACTIVITY,-10,1
TXN2503150QLXYU,CDR202600071208,RECEIVER_INCOMING_ACTIVITY,694,1
UPI2507071387PG,CDR202600071212,DIRECT,294,1
ATM250505Q97INX,CDR202600071222,DIRECT,24,1
IMPS25122962X6ME,CDR202600071228,REVERSE,-218,1
UPI250222RRYBNN,CDR202600071259,SENDER_OUTGOING_ACTIVITY,-112,1
UPI2504258AMJBJ,CDR202600071275,DIRECT,-603,1
IMPS250706U9NTQ3,CDR202600071280,SENDER_INCOMING_ACTIVITY,-919,1
UPI251025NU7L67,CDR202600071283,RECEIVER_OUTGOING_ACTIVITY,-51,1
ATM250421YZL6TR,CDR202600071290,SENDER_INCOMING_ACTIVITY,104,1
IMPS250824VTBEBA,CDR202600071300,RECEIVER_INCOMING_ACTIVITY,-256,1
IMPS250409FN1Y2X,CDR202600071329,DIRECT,-182,1
IMPS251217WPOAJ3,CDR202600071332,RECEIVER_OUTGOING_ACTIVITY,-1362,1
ATM251028AUT7IB,CDR202600071334,SENDER_INCOMING_ACTIVITY,231,1
UPI250622R3BB3L,CDR202600071366,RECEIVER_OUTGOING_ACTIVITY,40,1
TXN250525L0U7I9,CDR202600071417,REVERSE,211,1
IMPS250118SBVCCV,CDR202600071449,SENDER_OUTGOING_ACTIVITY,98,1
TXN250714PACP0D,CDR202600071469,REVERSE,76,1
ATM250727991S7B,CDR202600071479,SENDER_INCOMING_ACTIVITY,289,1
TXN250115PY2YLA,CDR202600071498,SENDER_OUTGOING_ACTIVITY,215,1
ATM250511I5WR7M,CDR202600071511,DIRECT,102,1
TXN250630CQKH77,CDR202600071520,SENDER_INCOMING_ACTIVITY,-48,1
UPI250115TY01P1,CDR202600071523,SENDER_INCOMING_ACTIVITY,29,1
UPI25100166M201,CDR202600071524,SENDER_INCOMING_ACTIVITY,458,1
UPI250605K1CI7N,CDR202600071549,SENDER_INCOMING_ACTIVITY,-178,1
ATM250814DV8BH7,CDR202600071611,SENDER_OUTGOING_ACTIVITY,224,1
TXN250115IKZN44,CDR202600071616,DIRECT,157,1
ATM250322K5GT9H,CDR202600071617,DIRECT,834,1
ATM250426PMNJ9O,CDR202600071640,RECEIVER_OUTGOING_ACTIVITY,18,1
TXN251128YT0QXL,CDR202600071644,REVERSE,28,1
UPI2501300GGVA1,CDR202600071656,RECEIVER_OUTGOING_ACTIVITY,54,1
ATM250930IJ0IAJ,CDR202600071672,DIRECT,39,1
ATM251209H90M9Q,CDR202600071719,SENDER_INCOMING_ACTIVITY,637,1
UPI2504127P67OY,CDR202600071728,SENDER_OUTGOING_ACTIVITY,22,1
ATM250112YOA0Y3,CDR202600071786,REVERSE,-445,1
UPI251203I2ZNVZ,CDR202600071820,REVERSE,-84,1
TXN2502196QP8ZZ,CDR202600071830,SENDER_INCOMING_ACTIVITY,236,1
UPI250806QILWZM,CDR202600071851,DIRECT,-750,1
IMPS251107TONCAH,CDR202600071885,DIRECT,-607,1
IMPS251110W5QCOA,CDR202600071904,SENDER_INCOMING_ACTIVITY,-44,1
TXN250724Z8KEP7,CDR202600071912,RECEIVER_INCOMING_ACTIVITY,-47,1
UPI2506275NZYRU,CDR202600071935,RECEIVER_INCOMING_ACTIVITY,-8,1
ATM250125IR22JE,CDR202600071955,DIRECT,748,1
ATM250507H96OIQ,CDR202600071957,DIRECT,-47,1
ATM251207GOSDAV,CDR202600071976,SENDER_OUTGOING_ACTIVITY,-1022,1
UPI250915NMEBTL,CDR202600072040,SENDER_INCOMING_ACTIVITY,-173,1
UPI2511128S4IWX,CDR202600072046,DIRECT,-40,1
ATM251121QYIHVB,CDR202600072063,SENDER_OUTGOING_ACTIVITY,10,1
TXN250804GYVL7T,CDR202600072064,DIRECT,-1782,1
ATM251111WBS22C,CDR202600072089,DIRECT,31,1
UPI251002ORPIQ5,CDR202600072101,DIRECT,-151,1
TXN2510044JLXDD,CDR202600072127,DIRECT,90,1
UPI250104IQICB5,CDR202600072138,SENDER_INCOMING_ACTIVITY,-299,1
UPI250108TPN9HT,CDR202600072155,DIRECT,443,1
UPI250816E58HOS,CDR202600072160,RECEIVER_OUTGOING_ACTIVITY,-891,1
ATM250730MFOYCT,CDR202600072192,SENDER_INCOMING_ACTIVITY,-234,1
ATM250515CAD5ZT,CDR202600072198,SENDER_OUTGOING_ACTIVITY,-57,1
IMPS250915U46YPN,CDR202600072202,DIRECT,-37,1
TXN251215IWY9OA,CDR202600072203,RECEIVER_OUTGOING_ACTIVITY,307,1
ATM25071966FGDX,CDR202600072227,SENDER_INCOMING_ACTIVITY,288,1
IMPS250422AL55WI,CDR202600072230,SENDER_INCOMING_ACTIVITY,221,1
ATM250924ZZLEYU,CDR202600072249,RECEIVER_INCOMING_ACTIVITY,61,1
ATM25072090QYAN,CDR202600072250,DIRECT,-792,1
ATM250824D9UW8R,CDR202600072251,REVERSE,-290,1
TXN2510240VA9TD,CDR202600072256,REVERSE,-1557,1
ATM250719NJB9UP,CDR202600072268,REVERSE,-320,1
TXN251204H2QN6T,CDR202600072297,SENDER_INCOMING_ACTIVITY,675,1
TXN250623NWUR7B,CDR202600072305,SENDER_INCOMING_ACTIVITY,67,1
ATM250302JUOTW0,CDR202600072313,DIRECT,-33,1
UPI2506035OKEJE,CDR202600072317,REVERSE,176,1
UPI250510B5B14V,CDR202600072336,SENDER_INCOMING_ACTIVITY,-183,1
ATM2505065DJ26W,CDR202600072354,SENDER_INCOMING_ACTIVITY,156,1
ATM250708BC2HR2,CDR202600072371,RECEIVER_INCOMING_ACTIVITY,-234,1
IMPS2503260VCGFD,CDR202600072376,SENDER_INCOMING_ACTIVITY,-20,1
ATM250918M5TZ7I,CDR202600072377,DIRECT,-787,1
TXN2509145KLT5I,CDR202600072379,SENDER_OUTGOING_ACTIVITY,60,1
IMPS250920RB86XJ,CDR202600072386,REVERSE,-4,1
TXN251228RU5ANM,CDR202600072394,RECEIVER_OUTGOING_ACTIVITY,-29,1
ATM251205THUPXQ,CDR202600072402,SENDER_OUTGOING_ACTIVITY,-189,1
UPI251025CHQHI5,CDR202600072408,DIRECT,-13,1
ATM251128IQYLGR,CDR202600072413,REVERSE,-103,1
UPI25120625PHW4,CDR202600072460,DIRECT,2,1
IMPS2509103BH92I,CDR202600072477,RECEIVER_OUTGOING_ACTIVITY,142,1
ATM2511127JG28H,CDR202600072498,DIRECT,-798,1
ATM250920SGC0P8,CDR202600072520,RECEIVER_INCOMING_ACTIVITY,-11,1
TXN250510VNBEC5,CDR202600072526,REVERSE,-6,1
ATM2512074EYOR7,CDR202600072549,DIRECT,-38,1
ATM250713O96WBW,CDR202600072557,RECEIVER_INCOMING_ACTIVITY,-583,1
UPI250629CHLPSG,CDR202600072564,DIRECT,40,1
TXN25101598X2ZQ,CDR202600072568,DIRECT,62,1
ATM250812XDDJK2,CDR202600072570,SENDER_INCOMING_ACTIVITY,-24,1
ATM250308FHLPYO,CDR202600072574,SENDER_OUTGOING_ACTIVITY,-50,1
TXN250621FJ74N6,CDR202600072576,DIRECT,15,1
ATM2504058GJX5U,CDR202600072627,SENDER_INCOMING_ACTIVITY,3,1
TXN250427VSYEK1,CDR202600072656,DIRECT,-373,1
TXN250217BP9RMD,CDR202600072660,SENDER_INCOMING_ACTIVITY,-15,1
ATM250913OOS6P4,CDR202600072662,DIRECT,-175,1
TXN25110757AFDX,CDR202600072674,SENDER_OUTGOING_ACTIVITY,414,1
ATM250531ISCJ77,CDR202600072678,RECEIVER_OUTGOING_ACTIVITY,-1058,1
UPI250621DCE51G,CDR202600072696,DIRECT,-37,1
ATM250426V63ZNG,CDR202600072726,REVERSE,-1186,1
ATM250608CJNUWC,CDR202600072743,REVERSE,-31,1
ATM251219JKTCZU,CDR202600072753,DIRECT,-121,1
ATM250711XQV1CM,CDR202600072779,RECEIVER_INCOMING_ACTIVITY,26,1
IMPS250115WW2SGA,CDR202600072819,SENDER_OUTGOING_ACTIVITY,-300,1
UPI2506105P22UX,CDR202600072823,RECEIVER_OUTGOING_ACTIVITY,-7,1
UPI251023GSLC3K,CDR202600072830,DIRECT,229,1
UPI251004HXMU08,CDR202600072856,SENDER_INCOMING_ACTIVITY,38,1
TXN250731P148BY,CDR202600072857,REVERSE,296,1
ATM250621F8J7RG,CDR202600072882,REVERSE,639,1
TXN250419R5P2TL,CDR202600072883,REVERSE,-413,1
ATM2501042PJ0MM,CDR202600072917,RECEIVER_INCOMING_ACTIVITY,55,1
ATM251218EDX4YE,CDR202600072939,REVERSE,-82,1
ATM250811L56NJP,CDR202600072950,SENDER_INCOMING_ACTIVITY,-1789,1
UPI250104MVU2YE,CDR202600072953,REVERSE,-1470,1
UPI250901NGYYCL,CDR202600072958,DIRECT,1469,1
TXN25080265LSHS,CDR202600072963,REVERSE,158,1
UPI250624G1VAS3,CDR202600072993,SENDER_OUTGOING_ACTIVITY,320,1
UPI250722P9J954,CDR202600073005,SENDER_OUTGOING_ACTIVITY,-462,1
TXN250530X1UU6K,CDR202600073006,SENDER_OUTGOING_ACTIVITY,-35,1
ATM2504216NIXM2,CDR202600073017,RECEIVER_OUTGOING_ACTIVITY,275,1
ATM250928PL3K0F,CDR202600073023,SENDER_OUTGOING_ACTIVITY,-84,1
TXN250421RB64II,CDR202600073034,DIRECT,45,1
UPI2503189HW89A,CDR202600073058,SENDER_INCOMING_ACTIVITY,96,1
IMPS251015CKZYWJ,CDR202600073077,DIRECT,199,1
TXN250525KWV43B,CDR202600073078,SENDER_INCOMING_ACTIVITY,-423,1
ATM250827D4T900,CDR202600073082,REVERSE,279,1
ATM251105XKKGSD,CDR202600073096,SENDER_INCOMING_ACTIVITY,1183,1
ATM250328R3ACWR,CDR202600073115,DIRECT,-29,1
IMPS250621BEC2EY,CDR202600073124,REVERSE,-660,1
UPI250627EPIV3U,CDR202600073125,DIRECT,-1054,1
UPI251003A0LVOG,CDR202600073138,DIRECT,720,1
TXN250623PPHSMJ,CDR202600073153,SENDER_INCOMING_ACTIVITY,-278,1
UPI2511155AQ02D,CDR202600073155,RECEIVER_OUTGOING_ACTIVITY,-42,1
TXN250301Z9OH82,CDR202600073157,DIRECT,45,1
UPI250611JNDDN3,CDR202600073168,DIRECT,1595,1
IMPS2503061Y5XDL,CDR202600073171,DIRECT,-881,1
UPI250715NTBALK,CDR202600073190,DIRECT,119,1
ATM250912U5W6VA,CDR202600073192,DIRECT,-365,1
UPI250612CZAKCO,CDR202600073204,SENDER_OUTGOING_ACTIVITY,819,1
UPI250422AIBZR2,CDR202600073207,DIRECT,-12,1
ATM250707U7ZV4I,CDR202600073232,SENDER_INCOMING_ACTIVITY,-1362,1
TXN2509063ODH2E,CDR202600073233,SENDER_OUTGOING_ACTIVITY,36,1
ATM250729F0ZOO7,CDR202600073240,RECEIVER_OUTGOING_ACTIVITY,-16,1
TXN251218KHFTNV,CDR202600073270,DIRECT,-421,1
UPI251014XV6DRD,CDR202600073274,RECEIVER_INCOMING_ACTIVITY,584,1
UPI251129E6HNYR,CDR202600073278,DIRECT,43,1
TXN251226V4TBGL,CDR202600073280,DIRECT,-534,1
UPI2502034GCH5D,CDR202600073293,REVERSE,-7,1
UPI250518CBLRBF,CDR202600073300,SENDER_INCOMING_ACTIVITY,-45,1
ATM250923L3J2HA,CDR202600073302,REVERSE,-133,1
ATM2503248FYTXT,CDR202600073311,RECEIVER_OUTGOING_ACTIVITY,-747,1
ATM250725OAD96L,CDR202600073319,DIRECT,-300,1
TXN250116X8XFI2,CDR202600073324,SENDER_OUTGOING_ACTIVITY,1451,1
ATM250126M25WAZ,CDR202600073331,DIRECT,-515,1
ATM2503185V1GB8,CDR202600073333,REVERSE,313,1
TXN2507170MR9C5,CDR202600073334,DIRECT,1597,1
IMPS25020790B2DF,CDR202600073337,DIRECT,206,1
UPI2508188QPW1I,CDR202600073347,DIRECT,267,1
IMPS2510217VH7YN,CDR202600073354,DIRECT,706,1
ATM25061921JSC4,CDR202600073360,DIRECT,-5,1
TXN2502164O6CME,CDR202600073367,SENDER_OUTGOING_ACTIVITY,7,1
TXN250823EN40ER,CDR202600073395,RECEIVER_INCOMING_ACTIVITY,-1360,1
TXN250821JDUAWZ,CDR202600073425,RECEIVER_OUTGOING_ACTIVITY,19,1
ATM25042508K03F,CDR202600073444,RECEIVER_OUTGOING_ACTIVITY,-157,1
TXN251119DJ7PHO,CDR202600073445,DIRECT,276,1
UPI2505060PPP70,CDR202600073489,DIRECT,731,1
ATM251204KZA4PK,CDR202600073511,DIRECT,-750,1
ATM250611YTMVZA,CDR202600073530,RECEIVER_OUTGOING_ACTIVITY,-1509,1
UPI250124C7BFMO,CDR202600073603,DIRECT,509,1
IMPS251029YHV9K1,CDR202600073611,REVERSE,-576,1
ATM2505195IRDDA,CDR202600073685,DIRECT,-246,1
TXN251116V6QO1Y,CDR202600073694,RECEIVER_OUTGOING_ACTIVITY,-500,1
UPI250617NW5QQF,CDR202600073708,REVERSE,72,1
TXN250314WCF63E,CDR202600073725,SENDER_OUTGOING_ACTIVITY,-793,1
TXN251123C58QYD,CDR202600073753,DIRECT,829,1
TXN251228JJGDK4,CDR202600073762,RECEIVER_INCOMING_ACTIVITY,10,1
ATM2507128T38CB,CDR202600073765,REVERSE,116,1
ATM250826ROEYAI,CDR202600073774,SENDER_INCOMING_ACTIVITY,31,1
IMPS2503192WIGYV,CDR202600073799,DIRECT,559,1
UPI250815O6NG5V,CDR202600073816,SENDER_INCOMING_ACTIVITY,19,1
TXN2510052ACFRR,CDR202600073819,SENDER_INCOMING_ACTIVITY,-25,1
UPI25120250F7SM,CDR202600073844,DIRECT,-54,1
TXN250106L104S2,CDR202600073855,SENDER_INCOMING_ACTIVITY,806,1
ATM250811JW9HYW,CDR202600073857,SENDER_OUTGOING_ACTIVITY,246,1
IMPS2505011LVNJX,CDR202600073873,SENDER_INCOMING_ACTIVITY,351,1
TXN250706Z9KPJZ,CDR202600073874,DIRECT,-285,1
ATM2503035MP8J7,CDR202600073905,RECEIVER_OUTGOING_ACTIVITY,-1055,1
ATM250625AH5IPV,CDR202600073910,REVERSE,-51,1
ATM250406JTHLVM,CDR202600073920,REVERSE,-670,1
ATM251123HV260P,CDR202600073934,DIRECT,288,1
UPI250518N51AJ6,CDR202600073955,SENDER_INCOMING_ACTIVITY,203,1
TXN250710IY52E8,CDR202600073961,REVERSE,245,1
IMPS250516QN6CKG,CDR202600073966,DIRECT,-468,1
TXN250609FCG2LN,CDR202600073967,SENDER_OUTGOING_ACTIVITY,-710,1
TXN250426SYX5QD,CDR202600073972,RECEIVER_OUTGOING_ACTIVITY,292,1
UPI251025YMQOMT,CDR202600073974,DIRECT,-1430,1
TXN251105Q330EI,CDR202600073979,DIRECT,-8,1
UPI2505101FDOW0,CDR202600073997,REVERSE,116,1
ATM250118F22HDZ,CDR202600073998,DIRECT,-13,1
ATM250404ZLRQC3,CDR202600074061,DIRECT,-75,1
ATM250928A4DEVQ,CDR202600074099,REVERSE,26,1
ATM251019T6AEHD,CDR202600074100,DIRECT,-21,1
TXN2510310CU96S,CDR202600074145,REVERSE,1154,1
UPI250822VW1KS5,CDR202600074159,REVERSE,1768,1
ATM251222XVI42N,CDR202600074164,RECEIVER_INCOMING_ACTIVITY,50,1
ATM2509168O1C6D,CDR202600074213,SENDER_INCOMING_ACTIVITY,-41,1
ATM250304I32F94,CDR202600074239,DIRECT,-212,1
TXN251023DLAVU3,CDR202600074249,DIRECT,-74,1
TXN251107OX5LQK,CDR202600074312,REVERSE,564,1
TXN251205NM6LG7,CDR202600074329,DIRECT,-838,1
UPI25011360Q75T,CDR202600074337,SENDER_INCOMING_ACTIVITY,351,1
TXN2509254V53NC,CDR202600074354,REVERSE,36,1
UPI250201J14SK8,CDR202600074373,DIRECT,-15,1
UPI2511041HE9BJ,CDR202600074398,REVERSE,145,1
IMPS25042900UMCU,CDR202600074405,SENDER_OUTGOING_ACTIVITY,-1583,1
UPI250712CE6QKT,CDR202600074406,DIRECT,-132,1
ATM250717MJICPT,CDR202600074415,DIRECT,-119,1
TXN250324K47T4P,CDR202600074427,SENDER_OUTGOING_ACTIVITY,-1274,1
UPI250321YI15V4,CDR202600074448,SENDER_INCOMING_ACTIVITY,-820,1
ATM2511018UOPWQ,CDR202600074454,SENDER_INCOMING_ACTIVITY,1252,1
ATM250225MNRM8C,CDR202600074461,RECEIVER_OUTGOING_ACTIVITY,1141,1
ATM250110U0D1TT,CDR202600074493,SENDER_INCOMING_ACTIVITY,50,1
UPI2501032B4JTJ,CDR202600074512,DIRECT,-1620,1
ATM250509UJ33SJ,CDR202600074521,DIRECT,175,1
UPI251214ZYOP1P,CDR202600074526,SENDER_INCOMING_ACTIVITY,-208,1
TXN251031YJ8HSM,CDR202600074528,REVERSE,267,1
ATM251225ZQSH4W,CDR202600074535,SENDER_OUTGOING_ACTIVITY,-6,1
UPI250523XLCGRB,CDR202600074545,SENDER_OUTGOING_ACTIVITY,169,1
ATM250720TZD3EJ,CDR202600074560,DIRECT,-827,1
UPI250427OIRMW0,CDR202600074561,RECEIVER_OUTGOING_ACTIVITY,-43,1
ATM250927P2FHAH,CDR202600074578,REVERSE,222,1
TXN2508223UWCP0,CDR202600074597,DIRECT,-101,1
TXN250215FPD5MJ,CDR202600074604,REVERSE,883,1
IMPS250107IH0FUO,CDR202600074628,RECEIVER_OUTGOING_ACTIVITY,649,1
ATM250309POZKXG,CDR202600074634,SENDER_OUTGOING_ACTIVITY,-314,1
ATM251116X5E9IR,CDR202600074645,SENDER_OUTGOING_ACTIVITY,-230,1
ATM250202KULHK4,CDR202600074649,SENDER_INCOMING_ACTIVITY,-19,1
UPI2502135X1T92,CDR202600074666,SENDER_INCOMING_ACTIVITY,-806,1
ATM250501XJM1D6,CDR202600074686,RECEIVER_INCOMING_ACTIVITY,85,1
ATM250705X4XL8O,CDR202600074724,SENDER_INCOMING_ACTIVITY,1135,1
UPI25051052GMC5,CDR202600074734,REVERSE,115,1
ATM250120DCSEVY,CDR202600074743,DIRECT,-461,1
UPI2510061GGOXK,CDR202600074754,SENDER_INCOMING_ACTIVITY,-442,1
UPI250421RX1PU3,CDR202600074777,SENDER_INCOMING_ACTIVITY,30,1
UPI250114I0PRCP,CDR202600074803,SENDER_OUTGOING_ACTIVITY,581,1
UPI250625UUR8XZ,CDR202600074817,REVERSE,-777,1
ATM250206I5GO8S,CDR202600074849,DIRECT,1694,1
ATM2512124JZCCZ,CDR202600074851,SENDER_INCOMING_ACTIVITY,-246,1
ATM2501133JPOBM,CDR202600074852,SENDER_OUTGOING_ACTIVITY,1624,1
TXN250902F4O6RI,CDR202600074926,REVERSE,53,1
ATM250821QB593O,CDR202600074927,SENDER_INCOMING_ACTIVITY,5,1
ATM251130RGKAUF,CDR202600074936,DIRECT,-771,1
UPI250710L1H2CU,CDR202600074941,RECEIVER_OUTGOING_ACTIVITY,2,1
ATM25111946PRC6,CDR202600074945,DIRECT,-33,1
UPI250419H10ECF,CDR202600074956,RECEIVER_INCOMING_ACTIVITY,-878,1
ATM2509259N5X2P,CDR202600074965,REVERSE,-529,1
TXN250202OG9PQ7,CDR202600074971,REVERSE,-62,1
ATM250216KDX20Q,CDR202600074995,DIRECT,-62,1
UPI251218CW0DGU,CDR202600074996,REVERSE,-1728,1
TXN2505084ABQ05,CDR202600074998,DIRECT,12,1
IMPS250215U15DKE,CDR202600075002,SENDER_INCOMING_ACTIVITY,-88,1
ATM250213J8VAMY,CDR202600075013,DIRECT,-673,1
ATM250225UC4B30,CDR202600075048,DIRECT,1101,1
ATM2510050HSG8J,CDR202600075061,SENDER_INCOMING_ACTIVITY,-592,1
UPI250604JNKGY7,CDR202600075063,RECEIVER_OUTGOING_ACTIVITY,-430,1
UPI250207UAILLJ,CDR202600075076,DIRECT,248,1
IMPS250914FQ3L80,CDR202600075080,RECEIVER_OUTGOING_ACTIVITY,-198,1
UPI251102PLRVBP,CDR202600075092,SENDER_OUTGOING_ACTIVITY,-214,1
UPI25011047DVCF,CDR202600075101,DIRECT,-108,1
TXN250408LNRTM3,CDR202600075124,SENDER_INCOMING_ACTIVITY,244,1
TXN25022668QBBJ,CDR202600075147,RECEIVER_OUTGOING_ACTIVITY,-276,1
UPI250319QWDTHM,CDR202600075152,REVERSE,-36,1
IMPS250521703CKK,CDR202600075169,DIRECT,205,1
UPI2502026J4P9U,CDR202600075203,DIRECT,-161,1
TXN251113ZYBTPX,CDR202600075244,DIRECT,-951,1
TXN250108SRK6M8,CDR202600075249,DIRECT,-779,1
UPI250402J3J8H7,CDR202600075295,REVERSE,-47,1
ATM250324IYM8HV,CDR202600075298,DIRECT,132,1
TXN250312UHF63R,CDR202600075303,SENDER_INCOMING_ACTIVITY,-55,1
UPI2509051NUNIB,CDR202600075328,RECEIVER_INCOMING_ACTIVITY,850,1
UPI2511069OCG0Z,CDR202600075330,SENDER_INCOMING_ACTIVITY,-427,1
UPI250528PF2YF5,CDR202600075381,RECEIVER_INCOMING_ACTIVITY,-218,1
ATM251003XC61U4,CDR202600075383,DIRECT,59,1
TXN250624E0VARU,CDR202600075397,DIRECT,825,1
UPI250527QYRFDP,CDR202600075400,SENDER_INCOMING_ACTIVITY,136,1
TXN2503269KUC3U,CDR202600075401,SENDER_OUTGOING_ACTIVITY,-703,1
UPI250911KGTOVD,CDR202600075414,RECEIVER_OUTGOING_ACTIVITY,-390,1
ATM25042368324A,CDR202600075417,DIRECT,-132,1
ATM2510075M3D9G,CDR202600075426,REVERSE,-54,1
UPI251223RDLQW5,CDR202600075451,SENDER_OUTGOING_ACTIVITY,-472,1
UPI250320EHCZSV,CDR202600075476,DIRECT,605,1
ATM250711SCLYWL,CDR202600075489,RECEIVER_INCOMING_ACTIVITY,890,1
ATM2510288TWDOQ,CDR202600075491,DIRECT,37,1
TXN251128MVCNAO,CDR202600075495,DIRECT,-357,1
ATM251022W16S5P,CDR202600075525,SENDER_OUTGOING_ACTIVITY,-521,1
UPI251207W4CDO0,CDR202600075541,SENDER_INCOMING_ACTIVITY,-94,1
UPI251119SNN4Z2,CDR202600075554,DIRECT,-205,1
TXN251005BWL8U2,CDR202600075558,DIRECT,43,1
TXN250501623BJ6,CDR202600075587,DIRECT,-7,1
UPI250801OIYNAG,CDR202600075596,SENDER_OUTGOING_ACTIVITY,201,1
UPI251104HXSLC3,CDR202600075615,RECEIVER_INCOMING_ACTIVITY,-1582,1
ATM250522XR8G4T,CDR202600075626,DIRECT,-865,1
IMPS250611GP5GYF,CDR202600075628,DIRECT,-21,1
ATM2504074XWN0Z,CDR202600075641,DIRECT,-300,1
UPI250509JGGI4L,CDR202600075703,DIRECT,-53,1
UPI250420VAL8NJ,CDR202600075710,DIRECT,-332,1
ATM2508266NLH8J,CDR202600075714,SENDER_INCOMING_ACTIVITY,232,1
TXN251223LCFKR5,CDR202600075715,DIRECT,489,1
TXN250525L5CY5M,CDR202600075739,DIRECT,20,1
UPI250611LS57PR,CDR202600075753,RECEIVER_OUTGOING_ACTIVITY,-733,1
IMPS250507EF2331,CDR202600075773,DIRECT,780,1
TXN250506ZPUJ3M,CDR202600075787,SENDER_OUTGOING_ACTIVITY,-144,1
UPI2503241XPHMG,CDR202600075807,DIRECT,259,1
IMPS250106IPUV58,CDR202600075810,SENDER_OUTGOING_ACTIVITY,232,1
TXN251129SJ7199,CDR202600075817,REVERSE,-284,1
ATM251018OLMTOV,CDR202600075819,SENDER_OUTGOING_ACTIVITY,33,1
UPI250531M28AQM,CDR202600075821,SENDER_OUTGOING_ACTIVITY,142,1
TXN250408I9GOQJ,CDR202600075848,SENDER_INCOMING_ACTIVITY,900,1
ATM250530KL5NDA,CDR202600075868,REVERSE,-641,1
ATM2502033G2YUH,CDR202600075869,RECEIVER_OUTGOING_ACTIVITY,-336,1
ATM250511W9KJ74,CDR202600075876,REVERSE,744,1
IMPS250425JL14C7,CDR202600075880,REVERSE,-57,1
TXN250914KPPGVI,CDR202600075886,RECEIVER_INCOMING_ACTIVITY,954,1
IMPS250528G905TW,CDR202600075903,DIRECT,-1,1
IMPS251025XDFDSA,CDR202600075908,SENDER_OUTGOING_ACTIVITY,-1654,1
IMPS2511109YCYHL,CDR202600075915,RECEIVER_INCOMING_ACTIVITY,2,1
TXN250630BKM47R,CDR202600075933,DIRECT,-863,1
IMPS250720GYZN00,CDR202600075946,RECEIVER_INCOMING_ACTIVITY,1172,1
TXN2502204K6SX4,CDR202600075950,DIRECT,47,1
ATM2507302LTP6Z,CDR202600075955,DIRECT,13,1
TXN250331GVYFOP,CDR202600075959,SENDER_OUTGOING_ACTIVITY,-1549,1
ATM251112Z6H97R,CDR202600075963,SENDER_OUTGOING_ACTIVITY,217,1
ATM2509053EP2OY,CDR202600075965,RECEIVER_INCOMING_ACTIVITY,-663,1
UPI250105F4OHEU,CDR202600075977,SENDER_OUTGOING_ACTIVITY,288,1
ATM250218XJYTAX,CDR202600076007,SENDER_OUTGOING_ACTIVITY,-278,1
ATM250706NE8X6U,CDR202600076010,DIRECT,188,1
IMPS250609AX9FFF,CDR202600076035,SENDER_INCOMING_ACTIVITY,-272,1
UPI250705BUWJKR,CDR202600076045,SENDER_OUTGOING_ACTIVITY,-64,1
IMPS250717H4JGO6,CDR202600076115,REVERSE,-288,1
TXN250517SS1LM2,CDR202600076128,SENDER_INCOMING_ACTIVITY,-1023,1
ATM250929H9NKF4,CDR202600076149,DIRECT,-383,1
UPI251224YBLZAO,CDR202600076162,REVERSE,-657,1
ATM251130ZHFSKT,CDR202600076171,DIRECT,30,1
ATM250603NZ1YXS,CDR202600076174,REVERSE,-557,1
ATM250314U8ZDP9,CDR202600076181,RECEIVER_OUTGOING_ACTIVITY,47,1
ATM251106P6GJLB,CDR202600076206,SENDER_INCOMING_ACTIVITY,-1381,1
UPI250808AZK6LU,CDR202600076220,DIRECT,7,1
ATM250218DVHS2A,CDR202600076238,DIRECT,712,1
UPI251209AD546X,CDR202600076249,SENDER_OUTGOING_ACTIVITY,-180,1
UPI2507223FHRLX,CDR202600076304,DIRECT,744,1
UPI2509176SSJ0D,CDR202600076307,REVERSE,43,1
ATM250310VQBY1Z,CDR202600076312,REVERSE,-462,1
UPI250503ZD2OL7,CDR202600076316,REVERSE,55,1
UPI250818AUQTV3,CDR202600076329,RECEIVER_INCOMING_ACTIVITY,-165,1
UPI25081012GGSU,CDR202600076350,SENDER_OUTGOING_ACTIVITY,-170,1
UPI251022KO73NK,CDR202600076395,RECEIVER_INCOMING_ACTIVITY,132,1
UPI2504183FQN3R,CDR202600076401,DIRECT,-163,1
ATM251216P00TDE,CDR202600076408,DIRECT,289,1
ATM250418DI8LWZ,CDR202600076412,SENDER_OUTGOING_ACTIVITY,-58,1
ATM2506078HC495,CDR202600076446,SENDER_OUTGOING_ACTIVITY,38,1
IMPS2502226SYSRB,CDR202600076449,REVERSE,-157,1
TXN250124E25I7D,CDR202600076472,REVERSE,-294,1
IMPS251013RA2SAF,CDR202600076524,RECEIVER_INCOMING_ACTIVITY,-1112,1
UPI251223L21QX4,CDR202600076544,SENDER_INCOMING_ACTIVITY,-350,1
UPI25052701T4OW,CDR202600076555,SENDER_INCOMING_ACTIVITY,154,1
UPI2510038PN6YY,CDR202600076579,RECEIVER_INCOMING_ACTIVITY,-80,1
ATM250424WPLIF9,CDR202600076689,DIRECT,-1444,1
ATM25021329O56E,CDR202600076691,REVERSE,-1315,1
UPI251013FSCY48,CDR202600076702,DIRECT,46,1
UPI251007OH0O56,CDR202600076704,DIRECT,-1573,1
ATM250508EARJP5,CDR202600076722,RECEIVER_OUTGOING_ACTIVITY,-1,1
ATM250121Y3FSSR,CDR202600076725,DIRECT,-7,1
ATM250224C24I4I,CDR202600076728,DIRECT,-237,1
ATM2512284PIZQ6,CDR202600076730,RECEIVER_OUTGOING_ACTIVITY,-59,1
ATM2504213GMIEQ,CDR202600076754,DIRECT,-238,1
UPI250126H6RUCK,CDR202600076785,SENDER_OUTGOING_ACTIVITY,-653,1
UPI250202S4IAWF,CDR202600076801,RECEIVER_OUTGOING_ACTIVITY,807,1
UPI250124749SET,CDR202600076809,SENDER_OUTGOING_ACTIVITY,6,1
ATM250904OKQEW2,CDR202600076813,SENDER_INCOMING_ACTIVITY,1419,1
UPI250721STA6D6,CDR202600076840,SENDER_INCOMING_ACTIVITY,270,1
ATM251119R1IJIT,CDR202600076843,RECEIVER_INCOMING_ACTIVITY,-34,1
UPI250107BHEYYS,CDR202600076869,DIRECT,55,1
UPI251019XAPURY,CDR202600076879,REVERSE,-597,1
ATM2510051QVDP6,CDR202600076892,REVERSE,-18,1
TXN250502RZNQWA,CDR202600076897,DIRECT,-1263,1
ATM2502211FSWE1,CDR202600076921,REVERSE,9,1
ATM2502283PC1Z3,CDR202600076932,DIRECT,432,1
UPI2512229XWGVP,CDR202600076956,DIRECT,-129,1
ATM251007VNRPRQ,CDR202600076958,DIRECT,-78,1
UPI250921XA7OVU,CDR202600076960,DIRECT,-116,1
TXN250706RXW0HJ,CDR202600076966,DIRECT,50,1
UPI2503303RIBOP,CDR202600076977,DIRECT,9,1
UPI250813Q0DCWR,CDR202600076978,REVERSE,-118,1
TXN25030447ABPE,CDR202600076981,DIRECT,-83,1
ATM250502WZ57TR,CDR202600076997,RECEIVER_OUTGOING_ACTIVITY,-80,1
UPI250528XNVPSS,CDR202600077003,SENDER_INCOMING_ACTIVITY,-262,1
TXN250510XC4K57,CDR202600077024,RECEIVER_OUTGOING_ACTIVITY,42,1
IMPS250717RMMILT,CDR202600077038,DIRECT,300,1
ATM250409CY84LY,CDR202600077050,SENDER_INCOMING_ACTIVITY,1584,1
TXN25020431CSCW,CDR202600077057,DIRECT,566,1
UPI250126OB8U0Z,CDR202600077072,REVERSE,-36,1
TXN250829RED22Y,CDR202600077077,REVERSE,-62,1
TXN250108HMRYI0,CDR202600077093,SENDER_INCOMING_ACTIVITY,58,1
UPI2510254Z6DVZ,CDR202600077101,DIRECT,800,1
UPI25052609C6WU,CDR202600077117,SENDER_OUTGOING_ACTIVITY,-296,1
TXN250117UXGILU,CDR202600077151,DIRECT,-8,1
TXN2501086080YA,CDR202600077165,SENDER_OUTGOING_ACTIVITY,126,1
ATM250802GB0HYT,CDR202600077175,DIRECT,534,1
UPI251007D4E17V,CDR202600077184,REVERSE,-35,1
ATM251027W6MMOA,CDR202600077199,RECEIVER_OUTGOING_ACTIVITY,51,1
UPI251106XEYLV4,CDR202600077274,SENDER_INCOMING_ACTIVITY,-387,1
TXN250706YCLX3G,CDR202600077275,SENDER_OUTGOING_ACTIVITY,1716,1
ATM250529QBT32S,CDR202600077316,SENDER_OUTGOING_ACTIVITY,404,1
ATM250505CNX0RS,CDR202600077331,REVERSE,-16,1
ATM251026EBFN6M,CDR202600077339,DIRECT,291,1
UPI250414VP60IH,CDR202600077347,SENDER_INCOMING_ACTIVITY,-534,1
ATM251128Z025EU,CDR202600077377,DIRECT,1356,1
ATM250722KCBPBB,CDR202600077389,REVERSE,-70,1
ATM250529XJSNF1,CDR202600077393,SENDER_INCOMING_ACTIVITY,-16,1
ATM251104A31AXA,CDR202600077409,SENDER_OUTGOING_ACTIVITY,1669,1
UPI250131W25FL7,CDR202600077436,SENDER_INCOMING_ACTIVITY,39,1
ATM251207TW6K8Y,CDR202600077453,SENDER_OUTGOING_ACTIVITY,-696,1
ATM250713VFY64B,CDR202600077454,SENDER_OUTGOING_ACTIVITY,-48,1
UPI2506247ZU9LK,CDR202600077483,SENDER_INCOMING_ACTIVITY,-189,1
ATM2509177ESSX5,CDR202600077489,SENDER_OUTGOING_ACTIVITY,-241,1
UPI250107ZBMP4J,CDR202600077495,DIRECT,251,1
TXN2504180LNWUH,CDR202600077531,DIRECT,812,1
ATM250327WRHOHG,CDR202600077544,RECEIVER_OUTGOING_ACTIVITY,-238,1
ATM250909BFE0PQ,CDR202600077549,RECEIVER_OUTGOING_ACTIVITY,243,1
TXN2504148L9HQF,CDR202600077554,DIRECT,247,1
UPI250103AO2QWK,CDR202600077595,DIRECT,854,1
TXN2504203UWAME,CDR202600077596,RECEIVER_OUTGOING_ACTIVITY,752,1
ATM251001L63OZU,CDR202600077656,SENDER_OUTGOING_ACTIVITY,196,1
TXN251231ZSDLU2,CDR202600077680,REVERSE,-809,1
ATM251103LRYDQM,CDR202600077693,DIRECT,849,1
UPI250413V7N11J,CDR202600077694,SENDER_OUTGOING_ACTIVITY,-1555,1
UPI25121848RYAJ,CDR202600077754,REVERSE,44,1
IMPS25010893NYH9,CDR202600077758,SENDER_INCOMING_ACTIVITY,71,1
TXN250219W0P9SE,CDR202600077786,REVERSE,1160,1
ATM250531HWL43S,CDR202600077807,SENDER_OUTGOING_ACTIVITY,573,1
ATM250715E99XP2,CDR202600077858,REVERSE,-27,1
UPI250224G4BQDI,CDR202600077884,REVERSE,-174,1
IMPS25042996A6QN,CDR202600077908,DIRECT,809,1
TXN2506202HNNWB,CDR202600077912,DIRECT,-1,1
UPI250223U00UG1,CDR202600077923,SENDER_OUTGOING_ACTIVITY,72,1
UPI2506024X7UYN,CDR202600077945,SENDER_OUTGOING_ACTIVITY,-513,1
TXN250104IEW6OR,CDR202600077958,DIRECT,580,1
ATM250110B9M9W4,CDR202600077963,DIRECT,-193,1
ATM25021151LAS5,CDR202600077969,RECEIVER_OUTGOING_ACTIVITY,3,1
TXN250318EIUXGH,CDR202600077987,REVERSE,46,1
UPI250513618YN6,CDR202600077989,DIRECT,296,1
TXN2506302A3UBV,CDR202600078032,REVERSE,154,1
ATM250130MCAKHD,CDR202600078038,DIRECT,157,1
IMPS250921J6TT89,CDR202600078044,REVERSE,-162,1
ATM2504299FIOQ7,CDR202600078047,REVERSE,449,1
TXN250625MRHU91,CDR202600078117,DIRECT,-52,1
TXN25080736XLVT,CDR202600078120,SENDER_INCOMING_ACTIVITY,171,1
UPI2512147UMQAY,CDR202600078126,DIRECT,-118,1
IMPS2512105QKY30,CDR202600078133,DIRECT,-20,1
TXN250819C93MKH,CDR202600078145,DIRECT,381,1
TXN250206A2EFXF,CDR202600078161,DIRECT,28,1
UPI251009V8PU8F,CDR202600078162,RECEIVER_OUTGOING_ACTIVITY,689,1
ATM250417VBSI44,CDR202600078177,SENDER_INCOMING_ACTIVITY,10,1
ATM250308LDJLI8,CDR202600078178,RECEIVER_OUTGOING_ACTIVITY,210,1
TXN250125R67BU5,CDR202600078180,RECEIVER_OUTGOING_ACTIVITY,686,1
UPI250509F63438,CDR202600078193,RECEIVER_OUTGOING_ACTIVITY,-28,1
UPI250309LFT3QT,CDR202600078195,RECEIVER_OUTGOING_ACTIVITY,29,1
UPI250223QEPHKE,CDR202600078233,DIRECT,174,1
TXN250119J32DCI,CDR202600078236,DIRECT,-128,1
TXN250922UTN5YU,CDR202600078260,SENDER_INCOMING_ACTIVITY,278,1
TXN250804004EMT,CDR202600078266,DIRECT,278,1
UPI250712YGRALI,CDR202600078273,SENDER_INCOMING_ACTIVITY,72,1
UPI250926RPHNQS,CDR202600078280,DIRECT,-255,1
ATM250520W263DY,CDR202600078322,DIRECT,-59,1
TXN251028XOLL0S,CDR202600078330,REVERSE,-735,1
UPI250128C6KH4X,CDR202600078355,DIRECT,158,1
UPI250915JWGQKZ,CDR202600078356,RECEIVER_OUTGOING_ACTIVITY,231,1
TXN250424TT6YYL,CDR202600078384,RECEIVER_OUTGOING_ACTIVITY,1407,1
ATM250525I7OQJR,CDR202600078423,DIRECT,475,1
TXN251218H2GTV8,CDR202600078424,SENDER_INCOMING_ACTIVITY,89,1
TXN251004WIW8OG,CDR202600078427,SENDER_INCOMING_ACTIVITY,152,1
UPI2510210FQDBZ,CDR202600078445,DIRECT,-2,1
UPI2511052T13EQ,CDR202600078452,SENDER_OUTGOING_ACTIVITY,-24,1
TXN250627IJM5QK,CDR202600078490,DIRECT,-17,1
UPI250622YSPQ20,CDR202600078500,DIRECT,-43,1
ATM250507CQQRST,CDR202600078521,RECEIVER_INCOMING_ACTIVITY,-180,1
UPI2509225TAJIM,CDR202600078545,DIRECT,-9,1
ATM250820SJSBUA,CDR202600078554,SENDER_INCOMING_ACTIVITY,-35,1
ATM251226RMBBS2,CDR202600078560,REVERSE,-504,1
ATM250509V8OZ96,CDR202600078655,SENDER_INCOMING_ACTIVITY,-47,1
IMPS250131DD7ERH,CDR202600078664,SENDER_OUTGOING_ACTIVITY,146,1
UPI2507267B2WQC,CDR202600078673,SENDER_OUTGOING_ACTIVITY,-53,1
UPI25041332X7IU,CDR202600078675,REVERSE,454,1
TXN250529DC2AUE,CDR202600078696,SENDER_INCOMING_ACTIVITY,-204,1
UPI2505299M4AYA,CDR202600078727,DIRECT,196,1
ATM250722HI4448,CDR202600078731,RECEIVER_INCOMING_ACTIVITY,785,1
UPI250218N6YGC9,CDR202600078732,REVERSE,99,1
TXN250123IY309L,CDR202600078740,REVERSE,-246,1
ATM250201YWBHMO,CDR202600078743,RECEIVER_INCOMING_ACTIVITY,-1395,1
ATM2510155K7VQM,CDR202600078747,DIRECT,-207,1
TXN250208RBOWIO,CDR202600078750,DIRECT,802,1
ATM250314UJJFU2,CDR202600078796,RECEIVER_OUTGOING_ACTIVITY,-96,1
IMPS250507D7D74X,CDR202600078823,DIRECT,168,1
ATM250415VFRQEE,CDR202600078827,DIRECT,25,1
UPI250613QI2O0X,CDR202600078840,REVERSE,-69,1
UPI250504GV01HH,CDR202600078878,DIRECT,-58,1
TXN2508049ZFUME,CDR202600078883,REVERSE,-217,1
TXN2505284FVFEM,CDR202600078900,DIRECT,124,1
ATM2507113UUJGK,CDR202600078903,DIRECT,679,1
ATM250317NFSMYW,CDR202600078906,DIRECT,153,1
IMPS2507099Z465T,CDR202600078923,DIRECT,-185,1
ATM251103991VTX,CDR202600078935,SENDER_INCOMING_ACTIVITY,54,1
IMPS251014109VWO,CDR202600078963,REVERSE,1662,1
TXN250503LKWAK7,CDR202600078988,DIRECT,111,1
ATM251010M0JN9T,CDR202600079008,RECEIVER_INCOMING_ACTIVITY,85,1
TXN2503247MZZX8,CDR202600079016,SENDER_OUTGOING_ACTIVITY,-869,1
TXN25020402B0X6,CDR202600079018,DIRECT,-145,1
ATM250609ODB2LX,CDR202600079029,DIRECT,-180,1
ATM251216S3OGPI,CDR202600079035,RECEIVER_OUTGOING_ACTIVITY,-53,1
ATM250319BG5FTJ,CDR202600079038,DIRECT,217,1
UPI250215NBEYK3,CDR202600079043,SENDER_INCOMING_ACTIVITY,-32,1
IMPS2510294B7K9T,CDR202600079049,SENDER_INCOMING_ACTIVITY,-41,1
UPI250419RCV197,CDR202600079056,SENDER_OUTGOING_ACTIVITY,639,1
UPI25071126ES2E,CDR202600079063,SENDER_INCOMING_ACTIVITY,10,1
ATM250117MBGMUV,CDR202600079084,RECEIVER_OUTGOING_ACTIVITY,43,1
ATM250301FBVQKO,CDR202600079104,RECEIVER_OUTGOING_ACTIVITY,-815,1
TXN2512058XLWFX,CDR202600079142,DIRECT,498,1
TXN2502288UVNCV,CDR202600079147,REVERSE,-27,1
UPI25032331OO23,CDR202600079151,DIRECT,1284,1
ATM250917BTVCHS,CDR202600079152,REVERSE,584,1
UPI250325H1Y8U0,CDR202600079158,DIRECT,240,1
UPI2504069ZPR0B,CDR202600079160,RECEIVER_INCOMING_ACTIVITY,293,1
IMPS2506102DY8OU,CDR202600079170,SENDER_INCOMING_ACTIVITY,44,1
TXN251101LRKASR,CDR202600079213,DIRECT,-34,1
UPI251029966VGF,CDR202600079214,SENDER_OUTGOING_ACTIVITY,80,1
TXN251021JZR5BZ,CDR202600079226,RECEIVER_OUTGOING_ACTIVITY,-46,1
UPI2508077SF2NF,CDR202600079258,DIRECT,-42,1
ATM250525JBHOMR,CDR202600079266,REVERSE,-1007,1
ATM251023DD5Q6Q,CDR202600079288,DIRECT,-743,1
UPI250602VPKBUG,CDR202600079289,RECEIVER_INCOMING_ACTIVITY,-1327,1
TXN250329LQQTZP,CDR202600079302,DIRECT,86,1
UPI250724BDD7H4,CDR202600079310,RECEIVER_OUTGOING_ACTIVITY,-223,1
ATM251120OV8LND,CDR202600079314,REVERSE,504,1
ATM2501022R9PEG,CDR202600079321,SENDER_OUTGOING_ACTIVITY,-103,1
UPI250319EXLWO1,CDR202600079334,SENDER_OUTGOING_ACTIVITY,136,1
ATM250122EY7AVK,CDR202600079377,SENDER_INCOMING_ACTIVITY,28,1
TXN250822Y358T8,CDR202600079383,SENDER_OUTGOING_ACTIVITY,143,1
ATM250714APG4AL,CDR202600079384,RECEIVER_OUTGOING_ACTIVITY,6,1
UPI250518HHHXZ0,CDR202600079434,REVERSE,-13,1
UPI250728ZTHWJ2,CDR202600079439,RECEIVER_INCOMING_ACTIVITY,4,1
UPI2508096UMCGB,CDR202600079440,REVERSE,48,1
UPI2512143VIQSL,CDR202600079442,DIRECT,-271,1
ATM250827G0EYO4,CDR202600079462,SENDER_INCOMING_ACTIVITY,604,1
ATM250317KZENAX,CDR202600079467,RECEIVER_INCOMING_ACTIVITY,-745,1
ATM250705XIPUTV,CDR202600079479,REVERSE,-776,1
UPI250925IKFYFB,CDR202600079487,SENDER_OUTGOING_ACTIVITY,-484,1
UPI250919SO4TH8,CDR202600079503,DIRECT,-1591,1
IMPS251215XW21TA,CDR202600079509,REVERSE,-47,1
TXN2506301K9U5V,CDR202600079536,DIRECT,14,1
TXN250728GCT9WD,CDR202600079539,SENDER_INCOMING_ACTIVITY,-23,1
IMPS250705HTLHUQ,CDR202600079549,SENDER_OUTGOING_ACTIVITY,-10,1
TXN2505179MFG8B,CDR202600079562,REVERSE,16,1
ATM250826LSKBU2,CDR202600079565,DIRECT,-695,1
UPI250911RDGUP9,CDR202600079567,REVERSE,-60,1
ATM250729JR7S48,CDR202600079573,SENDER_INCOMING_ACTIVITY,278,1
ATM25100431ZCMT,CDR202600079584,REVERSE,56,1
TXN251225WQOC1A,CDR202600079617,DIRECT,-28,1
ATM250402U3PUPO,CDR202600079624,DIRECT,1614,1
UPI250204O9S4VN,CDR202600079628,DIRECT,174,1
ATM251226DDNR21,CDR202600079646,SENDER_INCOMING_ACTIVITY,-238,1
ATM250221XCW50I,CDR202600079655,DIRECT,2,1
ATM2511094QKCBP,CDR202600079660,RECEIVER_INCOMING_ACTIVITY,-1256,1
UPI2510060MEMKZ,CDR202600079663,DIRECT,295,1
IMPS251122BU1TXU,CDR202600079670,SENDER_INCOMING_ACTIVITY,29,1
UPI250303QQM9PX,CDR202600079675,DIRECT,-648,1
ATM250618916165,CDR202600079684,DIRECT,-48,1
ATM250618VRWYP5,CDR202600079701,DIRECT,174,1
ATM251222R6HO4G,CDR202600079727,RECEIVER_OUTGOING_ACTIVITY,153,1
TXN251126MPLUKJ,CDR202600079730,DIRECT,-57,1
ATM2502287R0K1Q,CDR202600079737,DIRECT,56,1
TXN251216BA0LV2,CDR202600079786,RECEIVER_INCOMING_ACTIVITY,-50,1
ATM250826MZDXFC,CDR202600079792,RECEIVER_INCOMING_ACTIVITY,-53,1
TXN2501215X2E8N,CDR202600079806,REVERSE,45,1
ATM250104HAEWAB,CDR202600079849,DIRECT,609,1
UPI251106GRP8OH,CDR202600079875,REVERSE,249,1
ATM251111W5J6C4,CDR202600079889,DIRECT,-48,1
IMPS250117TWJJG7,CDR202600079924,SENDER_INCOMING_ACTIVITY,94,1
IMPS250520K93ZDJ,CDR202600079988,DIRECT,56,1
ATM2508091BXEN2,CDR202600080027,SENDER_OUTGOING_ACTIVITY,-123,1
ATM250530QLU489,CDR202600080062,DIRECT,-14,1
UPI250314F1TY55,CDR202600080071,RECEIVER_OUTGOING_ACTIVITY,230,1
UPI250313PIFS9W,CDR202600080072,DIRECT,-831,1
IMPS2504219QRLN7,CDR202600080120,SENDER_INCOMING_ACTIVITY,135,1
UPI250704PL148W,CDR202600080130,DIRECT,-49,1
ATM250715KJKOCW,CDR202600080136,SENDER_INCOMING_ACTIVITY,-45,1
ATM2503084WCD26,CDR202600080138,RECEIVER_INCOMING_ACTIVITY,442,1
ATM250425N3WQ41,CDR202600080159,DIRECT,-403,1
UPI250903JICPOM,CDR202600080172,SENDER_INCOMING_ACTIVITY,-55,1
UPI250218MCV5JZ,CDR202600080174,DIRECT,-788,1
IMPS250330ZGFRRS,CDR202600080202,RECEIVER_INCOMING_ACTIVITY,-294,1
UPI251024OTR9NL,CDR202600080212,REVERSE,811,1
UPI250313JXMG2U,CDR202600080213,RECEIVER_INCOMING_ACTIVITY,-36,1
ATM250428U7KGR8,CDR202600080226,SENDER_OUTGOING_ACTIVITY,57,1
ATM251212ZI6357,CDR202600080261,DIRECT,72,1
UPI250701BHK5QQ,CDR202600080281,RECEIVER_OUTGOING_ACTIVITY,209,1
TXN25030406SPD8,CDR202600080314,DIRECT,28,1
ATM25042998T4UI,CDR202600080318,REVERSE,49,1
TXN251022I4T4MG,CDR202600080336,RECEIVER_INCOMING_ACTIVITY,-21,1
UPI250731Q1MNLS,CDR202600080342,RECEIVER_INCOMING_ACTIVITY,-60,1
TXN250105TEVTX3,CDR202600080355,RECEIVER_INCOMING_ACTIVITY,44,1
UPI250711EFZTTI,CDR202600080360,REVERSE,-289,1
ATM2512258UWG2A,CDR202600080364,SENDER_OUTGOING_ACTIVITY,743,1
ATM250607C2OSU3,CDR202600080382,SENDER_OUTGOING_ACTIVITY,845,1
ATM250720T8V8B2,CDR202600080391,SENDER_OUTGOING_ACTIVITY,101,1
TXN251130OKRI23,CDR202600080394,DIRECT,-739,1
TXN250520CVE5B8,CDR202600080396,SENDER_OUTGOING_ACTIVITY,55,1
IMPS25070154WTJ1,CDR202600080410,DIRECT,-1,1
TXN2506283UVALF,CDR202600080442,REVERSE,4,1
TXN251031QEUE9A,CDR202600080448,SENDER_INCOMING_ACTIVITY,58,1
UPI251014CAAMBU,CDR202600080453,RECEIVER_OUTGOING_ACTIVITY,-718,1
UPI250923ID9DIU,CDR202600080455,REVERSE,-58,1
ATM250116GDGMLE,CDR202600080469,SENDER_OUTGOING_ACTIVITY,268,1
TXN250806KLNAVK,CDR202600080474,DIRECT,50,1
TXN250710CE7TKW,CDR202600080477,DIRECT,119,1
UPI250912HZUYMD,CDR202600080493,SENDER_OUTGOING_ACTIVITY,-55,1
UPI250118MBGCN9,CDR202600080500,SENDER_OUTGOING_ACTIVITY,-27,1
UPI251231J5MMHZ,CDR202600080531,DIRECT,-185,1
TXN250503YUOBEK,CDR202600080540,SENDER_OUTGOING_ACTIVITY,778,1
IMPS251030RO29D6,CDR202600080557,DIRECT,-207,1
ATM2505010DICKO,CDR202600080559,DIRECT,-23,1
TXN2501157O9IZW,CDR202600080566,DIRECT,-26,1
ATM2501129F42J0,CDR202600080571,RECEIVER_INCOMING_ACTIVITY,-206,1
UPI2509236DNJRI,CDR202600080589,DIRECT,-42,1
UPI251002UGZ3CL,CDR202600080601,RECEIVER_INCOMING_ACTIVITY,570,1
UPI250904RHR1R4,CDR202600080603,DIRECT,-505,1
TXN250812LF14EX,CDR202600080612,DIRECT,77,1
TXN2507081JX461,CDR202600080621,REVERSE,185,1
TXN251001QOMQTA,CDR202600080637,SENDER_INCOMING_ACTIVITY,-239,1
ATM250809HWXNZF,CDR202600080647,RECEIVER_OUTGOING_ACTIVITY,-662,1
UPI250110KR4WG7,CDR202600080651,DIRECT,-1624,1
ATM2504114GHKOT,CDR202600080657,DIRECT,-160,1
ATM250317Q1J2NH,CDR202600080665,SENDER_INCOMING_ACTIVITY,1760,1
ATM250629AEB9PN,CDR202600080671,DIRECT,-118,1
ATM250911LVGVJN,CDR202600080713,DIRECT,-28,1
IMPS250504UN2CP2,CDR202600080714,DIRECT,310,1
ATM250613MJMBVP,CDR202600080721,REVERSE,875,1
ATM251124MEXYC2,CDR202600080730,SENDER_INCOMING_ACTIVITY,35,1
ATM250630G5AQDP,CDR202600080745,SENDER_OUTGOING_ACTIVITY,84,1
ATM250109LQKIXE,CDR202600080747,RECEIVER_OUTGOING_ACTIVITY,852,1
UPI2502211K3PU7,CDR202600080749,DIRECT,1307,1
TXN250604P3TCUE,CDR202600080751,SENDER_INCOMING_ACTIVITY,9,1
UPI251128U85FMZ,CDR202600080784,SENDER_OUTGOING_ACTIVITY,288,1
ATM251226LVVDA2,CDR202600080789,REVERSE,188,1
ATM25042350WK0W,CDR202600080792,DIRECT,54,1
ATM251021U3YC3I,CDR202600080819,DIRECT,-48,1
TXN250522FN3I5V,CDR202600080823,SENDER_INCOMING_ACTIVITY,48,1
TXN2508081KBTL1,CDR202600080841,REVERSE,1248,1
UPI2509254CO47P,CDR202600080857,DIRECT,-986,1
UPI250119G2UUB5,CDR202600080862,DIRECT,257,1
ATM250509F85GR9,CDR202600080864,DIRECT,-1771,1
UPI250822WZ4YS6,CDR202600080871,DIRECT,-73,1
ATM2501268HIP5U,CDR202600080877,REVERSE,41,1
UPI2511052BVBR1,CDR202600080899,RECEIVER_INCOMING_ACTIVITY,1274,1
UPI2504227SQJBJ,CDR202600080911,SENDER_OUTGOING_ACTIVITY,-455,1
UPI250209DFJPLA,CDR202600080956,RECEIVER_OUTGOING_ACTIVITY,-57,1
IMPS250306YY8XSI,CDR202600080977,REVERSE,844,1
UPI250628VV3QLB,CDR202600080983,DIRECT,339,1
IMPS250416JMVT13,CDR202600081009,DIRECT,579,1
TXN25031612WR24,CDR202600081018,REVERSE,-1596,1
TXN250318QHQZ7M,CDR202600081027,REVERSE,-856,1
ATM250421TOWFGH,CDR202600081035,SENDER_OUTGOING_ACTIVITY,4,1
TXN250517SRIDL1,CDR202600081040,SENDER_INCOMING_ACTIVITY,-81,1
ATM250703I4K25H,CDR202600081044,SENDER_OUTGOING_ACTIVITY,568,1
IMPS250613W7VC3L,CDR202600081059,RECEIVER_INCOMING_ACTIVITY,858,1
IMPS2503317POM95,CDR202600081063,DIRECT,-14,1
TXN250916DCHADQ,CDR202600081073,DIRECT,462,1
UPI2506042FS37E,CDR202600081083,DIRECT,285,1
TXN250727AWC7KE,CDR202600081106,DIRECT,-14,1
ATM25082005W4NH,CDR202600081112,DIRECT,49,1
ATM250814PXPN6E,CDR202600081121,DIRECT,512,1
UPI250719TYTSED,CDR202600081127,RECEIVER_OUTGOING_ACTIVITY,-31,1
ATM250101D32LX2,CDR202600081153,SENDER_OUTGOING_ACTIVITY,790,1
TXN2503222TOC2W,CDR202600081182,SENDER_INCOMING_ACTIVITY,180,1
ATM2505208JWJZR,CDR202600081190,REVERSE,-86,1
TXN250605NSHIQT,CDR202600081191,DIRECT,-244,1
UPI250326P4HDX3,CDR202600081202,REVERSE,-168,1
UPI2507304XNRW7,CDR202600081209,DIRECT,-6,1
ATM25091753WYDR,CDR202600081249,RECEIVER_OUTGOING_ACTIVITY,585,1
TXN250131JAY0B0,CDR202600081267,DIRECT,-550,1
TXN250109O6969P,CDR202600081270,REVERSE,138,1
IMPS250722EKPJYG,CDR202600081307,REVERSE,-48,1
UPI250227IGGNK5,CDR202600081321,SENDER_OUTGOING_ACTIVITY,-32,1
IMPS250618OJ8Q9F,CDR202600081374,RECEIVER_INCOMING_ACTIVITY,741,1
UPI251006KC836K,CDR202600081401,DIRECT,-19,1
TXN250611PY450N,CDR202600081408,RECEIVER_OUTGOING_ACTIVITY,-162,1
ATM250709G4IP93,CDR202600081420,RECEIVER_OUTGOING_ACTIVITY,21,1
ATM251219BZL4YD,CDR202600081462,DIRECT,-280,1
ATM250705REBRJK,CDR202600081463,REVERSE,188,1
UPI2507195IANEY,CDR202600081476,SENDER_INCOMING_ACTIVITY,44,1
ATM251021AOD0RL,CDR202600081479,SENDER_OUTGOING_ACTIVITY,422,1
IMPS250810ZAS534,CDR202600081494,DIRECT,-173,1
UPI250830DOZ7FK,CDR202600081510,SENDER_OUTGOING_ACTIVITY,35,1
ATM250105B57L13,CDR202600081543,RECEIVER_INCOMING_ACTIVITY,26,1
ATM250102C58CU4,CDR202600081547,RECEIVER_INCOMING_ACTIVITY,-543,1
IMPS250411UVFR65,CDR202600081568,SENDER_OUTGOING_ACTIVITY,16,1
UPI250224XEZT95,CDR202600081581,RECEIVER_INCOMING_ACTIVITY,-253,1
UPI250329Q8J3Z6,CDR202600081582,RECEIVER_INCOMING_ACTIVITY,378,1
ATM250926XRBZUI,CDR202600081595,DIRECT,108,1
UPI250708GJMS34,CDR202600081599,DIRECT,-533,1
TXN2507292REEM0,CDR202600081605,DIRECT,823,1
UPI250426U19X76,CDR202600081615,RECEIVER_OUTGOING_ACTIVITY,21,1
UPI250401U3SUM0,CDR202600081626,RECEIVER_INCOMING_ACTIVITY,-314,1
ATM2508042WJ381,CDR202600081629,DIRECT,-8,1
TXN25081790GBMH,CDR202600081634,REVERSE,-148,1
ATM251027XJT6NU,CDR202600081643,DIRECT,42,1
TXN250519DNDZW2,CDR202600081655,DIRECT,-496,1
TXN251117J99UEJ,CDR202600081668,DIRECT,-31,1
UPI2511303VMW36,CDR202600081673,RECEIVER_INCOMING_ACTIVITY,-707,1
TXN250221D0GRWH,CDR202600081678,SENDER_INCOMING_ACTIVITY,-1,1
TXN251012SJC961,CDR202600081701,DIRECT,470,1
UPI2506240Z4O41,CDR202600081716,REVERSE,131,1
IMPS2502128SWPEA,CDR202600081721,SENDER_OUTGOING_ACTIVITY,-221,1
TXN2503259ONNMI,CDR202600081722,DIRECT,188,1
UPI250107W4JSNY,CDR202600081746,DIRECT,577,1
UPI2510265Z166F,CDR202600081749,SENDER_OUTGOING_ACTIVITY,210,1
ATM2502286DJOLU,CDR202600081766,DIRECT,-485,1
ATM250918AHWYAO,CDR202600081771,REVERSE,-213,1
ATM2502173TEM72,CDR202600081777,SENDER_INCOMING_ACTIVITY,-248,1
ATM250227CHNTCF,CDR202600081778,DIRECT,361,1
ATM251212O8DTF1,CDR202600081790,DIRECT,702,1
UPI250529BJLER6,CDR202600081792,RECEIVER_OUTGOING_ACTIVITY,-1200,1
ATM2509244B870Y,CDR202600081823,SENDER_INCOMING_ACTIVITY,16,1
UPI250915K6G6WY,CDR202600081842,DIRECT,-236,1
UPI250324TKJD4T,CDR202600081843,SENDER_OUTGOING_ACTIVITY,39,1
ATM250801SLRTF4,CDR202600081864,SENDER_OUTGOING_ACTIVITY,-47,1
ATM250630B450PA,CDR202600081870,SENDER_INCOMING_ACTIVITY,-206,1
ATM250126G5JFJZ,CDR202600081905,REVERSE,-46,1
TXN250415BV1SMW,CDR202600081906,RECEIVER_OUTGOING_ACTIVITY,-58,1
IMPS251111L9Y6IR,CDR202600081924,RECEIVER_INCOMING_ACTIVITY,51,1
ATM250621VCAIAZ,CDR202600081928,DIRECT,-236,1
ATM2504054T6L0H,CDR202600081981,REVERSE,183,1
UPI251109PHXWNF,CDR202600081997,RECEIVER_INCOMING_ACTIVITY,-228,1
TXN251025QQDE3S,CDR202600082003,DIRECT,-60,1
UPI250220X9VEVT,CDR202600082005,SENDER_INCOMING_ACTIVITY,-454,1
UPI2508059968N2,CDR202600082014,REVERSE,-287,1
UPI25020297C2HV,CDR202600082020,DIRECT,527,1
ATM250118GM4DUO,CDR202600082022,DIRECT,-142,1
ATM250725K0HXR3,CDR202600082025,SENDER_INCOMING_ACTIVITY,-95,1
ATM2511033NKZQQ,CDR202600082066,REVERSE,-124,1
TXN251024N3UHID,CDR202600082090,SENDER_OUTGOING_ACTIVITY,277,1
UPI25081105EP9Z,CDR202600082142,RECEIVER_OUTGOING_ACTIVITY,320,1
TXN250626HL7MLL,CDR202600082145,SENDER_OUTGOING_ACTIVITY,559,1
TXN251222SZ5P4N,CDR202600082147,SENDER_INCOMING_ACTIVITY,587,1
ATM250721XYWOQ1,CDR202600082173,SENDER_INCOMING_ACTIVITY,49,1
ATM250921OV8BQ2,CDR202600082181,DIRECT,-626,1
ATM2504123FTO5D,CDR202600082189,DIRECT,-422,1
IMPS251116JXW0K3,CDR202600082190,DIRECT,485,1
UPI25083050WTD5,CDR202600082192,RECEIVER_INCOMING_ACTIVITY,-11,1
ATM250224PCDIEB,CDR202600082215,REVERSE,-44,1
UPI250503KOS3YX,CDR202600082239,RECEIVER_INCOMING_ACTIVITY,637,1
ATM251212O49Z7Z,CDR202600082246,DIRECT,-55,1
TXN25042859635V,CDR202600082319,DIRECT,-1025,1
TXN250509Q4UEBP,CDR202600082321,SENDER_OUTGOING_ACTIVITY,-1157,1
ATM250328MPVSCU,CDR202600082324,SENDER_OUTGOING_ACTIVITY,205,1
UPI250703ENFWYE,CDR202600082325,DIRECT,-844,1
TXN25060148JLXA,CDR202600082341,REVERSE,7,1
UPI250704ISS48E,CDR202600082372,SENDER_OUTGOING_ACTIVITY,600,1
ATM250427JB7ZTH,CDR202600082374,DIRECT,-8,1
IMPS251207PRFVBU,CDR202600082381,REVERSE,159,1
UPI250702OD7WLX,CDR202600082395,DIRECT,-193,1
UPI251201EDFJ2J,CDR202600082400,RECEIVER_INCOMING_ACTIVITY,-296,1
TXN250716BJP3I2,CDR202600082402,SENDER_OUTGOING_ACTIVITY,-345,1
UPI250416GTVQEY,CDR202600082407,SENDER_INCOMING_ACTIVITY,-93,1
TXN250926XPCV9C,CDR202600082413,RECEIVER_INCOMING_ACTIVITY,1417,1
UPI250124CO5NIS,CDR202600082416,REVERSE,-155,1
TXN2501107N0UJO,CDR202600082425,RECEIVER_OUTGOING_ACTIVITY,791,1
UPI250630YZ6H75,CDR202600082439,DIRECT,11,1
UPI2504199YB09R,CDR202600082440,REVERSE,1395,1
UPI250705S37HYI,CDR202600082464,SENDER_INCOMING_ACTIVITY,-8,1
TXN2511125EE2WG,CDR202600082467,RECEIVER_OUTGOING_ACTIVITY,-9,1
ATM2504269P5WUA,CDR202600082476,REVERSE,38,1
UPI250309RN6IK6,CDR202600082500,SENDER_OUTGOING_ACTIVITY,-30,1
ATM25081866DYJQ,CDR202600082528,REVERSE,49,1
UPI250116TINM5D,CDR202600082544,RECEIVER_INCOMING_ACTIVITY,280,1
UPI2508194Z489H,CDR202600082554,SENDER_INCOMING_ACTIVITY,-167,1
ATM250625W8EZFO,CDR202600082556,SENDER_OUTGOING_ACTIVITY,38,1
TXN250327WZ9J8Y,CDR202600082564,RECEIVER_OUTGOING_ACTIVITY,-732,1
UPI250416MGFFWU,CDR202600082568,DIRECT,-11,1
ATM250622BAH8J8,CDR202600082571,DIRECT,-765,1
UPI2504106LSI7L,CDR202600082581,RECEIVER_INCOMING_ACTIVITY,27,1
UPI250521CTJGQP,CDR202600082605,REVERSE,678,1
ATM250207T5J0FZ,CDR202600082618,SENDER_OUTGOING_ACTIVITY,208,1
UPI250901YJ5F6L,CDR202600082650,SENDER_INCOMING_ACTIVITY,166,1
UPI25080687JQO5,CDR202600082661,DIRECT,342,1
TXN250309P83USB,CDR202600082665,DIRECT,-8,1
ATM250306UGZ597,CDR202600082671,SENDER_OUTGOING_ACTIVITY,-190,1
ATM250430EOKH0W,CDR202600082686,SENDER_OUTGOING_ACTIVITY,-714,1
ATM250118EJ7ZRL,CDR202600082693,SENDER_INCOMING_ACTIVITY,-106,1
TXN251028ZPV8GW,CDR202600082740,REVERSE,-40,1
ATM250625Y68MI7,CDR202600082748,DIRECT,607,1
UPI251209F3L7QV,CDR202600082768,DIRECT,-87,1
UPI250623YV6180,CDR202600082788,RECEIVER_INCOMING_ACTIVITY,298,1
IMPS250120TA57AG,CDR202600082790,DIRECT,654,1
UPI250624C10132,CDR202600082825,SENDER_INCOMING_ACTIVITY,846,1
UPI25043074JCIA,CDR202600082827,SENDER_INCOMING_ACTIVITY,-15,1
ATM2506164JF38L,CDR202600082829,DIRECT,32,1
ATM250918YAFU8K,CDR202600082856,RECEIVER_INCOMING_ACTIVITY,-242,1
ATM2507271YQ681,CDR202600082866,SENDER_INCOMING_ACTIVITY,20,1
ATM2501270JI6IP,CDR202600082868,RECEIVER_OUTGOING_ACTIVITY,55,1
TXN2501304O30RA,CDR202600082879,REVERSE,88,1
IMPS250507W7G7QL,CDR202600082880,RECEIVER_OUTGOING_ACTIVITY,-299,1
ATM2511103SW4UL,CDR202600082881,DIRECT,9,1
ATM250525RKKZJ1,CDR202600082890,SENDER_INCOMING_ACTIVITY,-172,1
UPI250322KRIG27,CDR202600082906,DIRECT,-45,1
ATM251002DXRCP0,CDR202600082925,RECEIVER_INCOMING_ACTIVITY,-8,1
ATM251228W9IYDV,CDR202600082928,DIRECT,208,1
ATM25040674B2UM,CDR202600083010,SENDER_OUTGOING_ACTIVITY,-493,1
UPI2508207G8I9S,CDR202600083015,SENDER_INCOMING_ACTIVITY,-863,1
ATM250615G8EQW2,CDR202600083019,SENDER_INCOMING_ACTIVITY,-881,1
ATM250730UFF81N,CDR202600083023,SENDER_INCOMING_ACTIVITY,-510,1
UPI2511027BVA66,CDR202600083082,REVERSE,401,1
ATM251108W727AO,CDR202600083100,SENDER_OUTGOING_ACTIVITY,34,1
TXN250420BC7LZP,CDR202600083107,SENDER_OUTGOING_ACTIVITY,621,1
UPI250316YUY3VO,CDR202600083110,DIRECT,-58,1
UPI250508M1KH12,CDR202600083120,DIRECT,36,1
UPI250324IWWSVJ,CDR202600083122,DIRECT,-71,1
UPI2504301W7O2G,CDR202600083138,DIRECT,45,1
ATM251125OG5KVT,CDR202600083142,SENDER_OUTGOING_ACTIVITY,44,1
TXN250129LCVOUD,CDR202600083160,REVERSE,-561,1
ATM250714IDE8Y3,CDR202600083183,DIRECT,94,1
ATM251107NCFF5I,CDR202600083187,DIRECT,-83,1
UPI250320KZ68FA,CDR202600083212,RECEIVER_INCOMING_ACTIVITY,-811,1
ATM2501050X7H2C,CDR202600083223,RECEIVER_OUTGOING_ACTIVITY,-322,1
UPI250429K94POS,CDR202600083232,SENDER_OUTGOING_ACTIVITY,873,1
ATM25062382U6CH,CDR202600083236,REVERSE,357,1
UPI251026J9VXVE,CDR202600083254,SENDER_OUTGOING_ACTIVITY,53,1
IMPS250329E9UZ6Z,CDR202600083271,DIRECT,-63,1
ATM250317PN3MAN,CDR202600083277,RECEIVER_INCOMING_ACTIVITY,-40,1
ATM250423ZAOJ76,CDR202600083282,SENDER_OUTGOING_ACTIVITY,-208,1
UPI250109QIYFTL,CDR202600083283,SENDER_INCOMING_ACTIVITY,-108,1
UPI250818O4BZL8,CDR202600083337,RECEIVER_INCOMING_ACTIVITY,178,1
ATM25052144XVK6,CDR202600083348,SENDER_OUTGOING_ACTIVITY,885,1
TXN250711C5RD83,CDR202600083365,REVERSE,-1601,1
UPI250526H51SR6,CDR202600083366,RECEIVER_OUTGOING_ACTIVITY,-742,1
UPI25110554O068,CDR202600083390,RECEIVER_INCOMING_ACTIVITY,21,1
IMPS250203JS2M4T,CDR202600083421,RECEIVER_OUTGOING_ACTIVITY,-877,1
UPI251208TT7GTU,CDR202600083424,SENDER_INCOMING_ACTIVITY,593,1
UPI250303AC3HWC,CDR202600083449,RECEIVER_OUTGOING_ACTIVITY,-234,1
UPI2503076PJBO6,CDR202600083483,DIRECT,-16,1
UPI250417Z8AZ4I,CDR202600083503,REVERSE,55,1
ATM250730M3L1WA,CDR202600083541,REVERSE,-806,1
ATM251016ETKT97,CDR202600083562,SENDER_OUTGOING_ACTIVITY,502,1
TXN250403KRNE09,CDR202600083568,DIRECT,283,1
UPI250917E57D34,CDR202600083586,DIRECT,-57,1
TXN250720I4W4AQ,CDR202600083594,SENDER_OUTGOING_ACTIVITY,-664,1
ATM250814F4HPVL,CDR202600083619,DIRECT,763,1
TXN250623L8IAB5,CDR202600083625,RECEIVER_OUTGOING_ACTIVITY,1472,1
ATM2503056SN2EQ,CDR202600083629,REVERSE,122,1
ATM251108UOZWCP,CDR202600083636,DIRECT,38,1
ATM250417E6OWHJ,CDR202600083656,DIRECT,-47,1
TXN250623KLXA1D,CDR202600083668,REVERSE,268,1
TXN250504CZSDFW,CDR202600083686,REVERSE,102,1
TXN250902L8Q7AE,CDR202600083696,DIRECT,-133,1
TXN250919BZDQPF,CDR202600083698,SENDER_INCOMING_ACTIVITY,4,1
ATM250621ISY2GI,CDR202600083721,REVERSE,167,1
UPI250821BF5ARD,CDR202600083739,SENDER_OUTGOING_ACTIVITY,-155,1
TXN251016XCMVH3,CDR202600083745,REVERSE,-27,1
UPI250126YM3RZX,CDR202600083752,REVERSE,-405,1
ATM251001Z0Q3BA,CDR202600083753,DIRECT,245,1
TXN250711F7U1EC,CDR202600083767,REVERSE,216,1
UPI250419MP9V0U,CDR202600083785,DIRECT,-503,1
ATM250117WTJQ42,CDR202600083803,SENDER_OUTGOING_ACTIVITY,158,1
TXN251009ISNJIC,CDR202600083806,SENDER_OUTGOING_ACTIVITY,-603,1
UPI250313XEKYXJ,CDR202600083818,SENDER_OUTGOING_ACTIVITY,-175,1
UPI250722TODS8Y,CDR202600083828,DIRECT,-445,1
UPI2504240EWQ5U,CDR202600083853,REVERSE,67,1
UPI250802XOJTZK,CDR202600083881,SENDER_INCOMING_ACTIVITY,-745,1
IMPS250915TAVSVI,CDR202600083917,DIRECT,495,1
ATM2510124E4YJO,CDR202600083940,SENDER_INCOMING_ACTIVITY,-519,1
TXN250811ZL1YFT,CDR202600083944,RECEIVER_OUTGOING_ACTIVITY,90,1
IMPS250201I2K3WO,CDR202600083972,REVERSE,-14,1
TXN250324T5WAHG,CDR202600083993,SENDER_INCOMING_ACTIVITY,195,1
TXN2503281N2H24,CDR202600084003,DIRECT,285,1
ATM25110253Y52O,CDR202600084025,SENDER_INCOMING_ACTIVITY,-50,1
UPI250118OC806S,CDR202600084044,RECEIVER_OUTGOING_ACTIVITY,1380,1
ATM251008QCZRIS,CDR202600084046,RECEIVER_INCOMING_ACTIVITY,37,1
TXN250907GBKXSU,CDR202600084097,SENDER_INCOMING_ACTIVITY,-841,1
UPI25033118KRG0,CDR202600084100,DIRECT,-159,1
UPI250114DUQI8U,CDR202600084107,DIRECT,1736,1
TXN250902AWIJUO,CDR202600084134,REVERSE,108,1
ATM25082629BCVD,CDR202600084139,SENDER_OUTGOING_ACTIVITY,219,1
ATM251217P2L9CX,CDR202600084173,REVERSE,-157,1
UPI250614W3REXY,CDR202600084175,SENDER_INCOMING_ACTIVITY,34,1
ATM250616IS1J3M,CDR202600084182,DIRECT,-374,1
TXN250707XZCQ6U,CDR202600084188,RECEIVER_INCOMING_ACTIVITY,-99,1
UPI250429A0H7H1,CDR202600084202,RECEIVER_INCOMING_ACTIVITY,130,1
ATM250926XHI3RI,CDR202600084226,RECEIVER_INCOMING_ACTIVITY,-496,1
UPI250919QHZU1M,CDR202600084255,REVERSE,-533,1
UPI250414T8OLVO,CDR202600084278,DIRECT,46,1
IMPS251014HMEUNW,CDR202600084304,DIRECT,186,1
TXN250730C3QCC3,CDR202600084314,DIRECT,121,1
ATM250424SK88RW,CDR202600084319,RECEIVER_INCOMING_ACTIVITY,-1666,1
ATM250819BWAHPW,CDR202600084321,RECEIVER_INCOMING_ACTIVITY,-835,1
ATM251209H2V71C,CDR202600084329,SENDER_OUTGOING_ACTIVITY,233,1
UPI251122QWP278,CDR202600084339,SENDER_INCOMING_ACTIVITY,-669,1
ATM2508291L1LJT,CDR202600084341,REVERSE,-270,1
UPI251208OBL1YQ,CDR202600084366,REVERSE,-251,1
TXN251003FEWD4I,CDR202600084391,DIRECT,-293,1
ATM2502243LGEGX,CDR202600084409,REVERSE,227,1
UPI2505298CHXUE,CDR202600084446,DIRECT,-609,1
ATM251007HA17F7,CDR202600084461,DIRECT,87,1
UPI250425TTZH7V,CDR202600084466,REVERSE,300,1
TXN2507279N7CTJ,CDR202600084467,DIRECT,-198,1
TXN250312VICRD7,CDR202600084475,DIRECT,-234,1
IMPS250403WMHUCM,CDR202600084486,SENDER_INCOMING_ACTIVITY,-40,1
UPI251012X6DDAF,CDR202600084503,DIRECT,-791,1
UPI251127KYBR3Y,CDR202600084522,REVERSE,10,1
TXN250518UW7BAP,CDR202600084538,SENDER_INCOMING_ACTIVITY,686,1
UPI251125DQWLQV,CDR202600084555,SENDER_OUTGOING_ACTIVITY,1114,1
UPI2511145XA9HK,CDR202600084570,SENDER_INCOMING_ACTIVITY,-43,1
TXN250803XTOKWP,CDR202600084580,SENDER_INCOMING_ACTIVITY,52,1
ATM25072933DISY,CDR202600084598,SENDER_INCOMING_ACTIVITY,-824,1
TXN251213Q2E4MI,CDR202600084609,RECEIVER_OUTGOING_ACTIVITY,673,1
ATM2511161X2XFH,CDR202600084638,DIRECT,-295,1
ATM250731RGHGBA,CDR202600084642,SENDER_OUTGOING_ACTIVITY,-1217,1
ATM250426AFZ2PH,CDR202600084647,DIRECT,141,1
UPI25072861DUNB,CDR202600084658,RECEIVER_OUTGOING_ACTIVITY,583,1
UPI251016SIU5HB,CDR202600084665,DIRECT,85,1
UPI250610HT3LDG,CDR202600084668,DIRECT,58,1
ATM251123T3T7UY,CDR202600084680,DIRECT,-161,1
TXN251215RFS658,CDR202600084683,REVERSE,58,1
UPI2509282I01TL,CDR202600084700,REVERSE,-8,1
TXN251105EGDOQ6,CDR202600084710,RECEIVER_OUTGOING_ACTIVITY,-73,1
UPI250307WHJ0CA,CDR202600084714,RECEIVER_INCOMING_ACTIVITY,804,1
UPI251220OC9J1E,CDR202600084716,RECEIVER_INCOMING_ACTIVITY,41,1
TXN250119L99OWN,CDR202600084720,SENDER_OUTGOING_ACTIVITY,-436,1
IMPS250531M9EVEP,CDR202600084739,DIRECT,31,1
ATM25012569W8CL,CDR202600084759,SENDER_INCOMING_ACTIVITY,220,1
UPI250911ZIZHDZ,CDR202600084790,SENDER_OUTGOING_ACTIVITY,62,1
UPI2507152Y8JTO,CDR202600084791,SENDER_OUTGOING_ACTIVITY,-186,1
TXN250716THAJOI,CDR202600084798,DIRECT,1525,1
UPI250502YRYZSO,CDR202600084813,SENDER_INCOMING_ACTIVITY,-679,1
TXN250428TPHGLO,CDR202600084821,DIRECT,6,1
TXN250807KLMXMJ,CDR202600084825,SENDER_OUTGOING_ACTIVITY,-142,1
ATM251103TAZGOW,CDR202600084832,DIRECT,-89,1
ATM250226IX3YI9,CDR202600084840,DIRECT,61,1
IMPS250216CATE9R,CDR202600084844,RECEIVER_OUTGOING_ACTIVITY,-576,1
TXN2506021O7V23,CDR202600084850,REVERSE,670,1
ATM25020670VZKU,CDR202600084894,RECEIVER_OUTGOING_ACTIVITY,-92,1
ATM250115AX7GS7,CDR202600084897,SENDER_OUTGOING_ACTIVITY,894,1
ATM250623MB8H41,CDR202600084924,DIRECT,-338,1
UPI250905YO4SD2,CDR202600084933,SENDER_OUTGOING_ACTIVITY,-1457,1
ATM251010JO16RJ,CDR202600084940,SENDER_OUTGOING_ACTIVITY,214,1
ATM251029LVFPTS,CDR202600084958,REVERSE,8,1
ATM2512171WOVB2,CDR202600084969,SENDER_OUTGOING_ACTIVITY,-1374,1
UPI250114J01V1P,CDR202600084975,SENDER_OUTGOING_ACTIVITY,-395,1
TXN250219N153I4,CDR202600084984,RECEIVER_INCOMING_ACTIVITY,-50,1
TXN2501179NNDIO,CDR202600085024,DIRECT,453,1
ATM250722HZNJY9,CDR202600085025,RECEIVER_INCOMING_ACTIVITY,60,1
UPI250914LTK1L9,CDR202600085026,SENDER_OUTGOING_ACTIVITY,201,1
ATM2512133AA672,CDR202600085031,RECEIVER_INCOMING_ACTIVITY,-78,1
TXN2504124Q9DY9,CDR202600085036,SENDER_OUTGOING_ACTIVITY,877,1
IMPS250917S7IEZE,CDR202600085063,REVERSE,-693,1
TXN250114C8TUUZ,CDR202600085066,RECEIVER_INCOMING_ACTIVITY,288,1
ATM250318EYP9KD,CDR202600085084,DIRECT,-284,1
UPI250908DDK2C7,CDR202600085099,DIRECT,-2,1
UPI250513AOX7RJ,CDR202600085102,SENDER_INCOMING_ACTIVITY,-585,1
TXN250213V46YOA,CDR202600085111,REVERSE,1342,1
TXN250510UC9EWC,CDR202600085129,REVERSE,883,1
ATM2503070IW32F,CDR202600085138,SENDER_INCOMING_ACTIVITY,-1788,1
IMPS250403YJEDNO,CDR202600085151,REVERSE,60,1
ATM250904LIHG4L,CDR202600085155,DIRECT,-536,1
IMPS250608AK954Z,CDR202600085158,RECEIVER_OUTGOING_ACTIVITY,-256,1
TXN2507033MDZO6,CDR202600085184,RECEIVER_INCOMING_ACTIVITY,-33,1
TXN2507122P3ELA,CDR202600085191,SENDER_INCOMING_ACTIVITY,847,1
ATM2501319MA7OI,CDR202600085193,DIRECT,-254,1
ATM251007K7BCDR,CDR202600085197,SENDER_OUTGOING_ACTIVITY,-171,1
ATM250918F9IXRV,CDR202600085207,DIRECT,-21,1
UPI250127DVK1UD,CDR202600085223,DIRECT,464,1
TXN250116OULMN3,CDR202600085225,RECEIVER_OUTGOING_ACTIVITY,-296,1
ATM251231222UF2,CDR202600085240,REVERSE,8,1
UPI250205I7CL1Y,CDR202600085246,SENDER_OUTGOING_ACTIVITY,898,1
IMPS250216WLBEUE,CDR202600085263,SENDER_OUTGOING_ACTIVITY,-26,1
UPI250711VF5XSC,CDR202600085270,SENDER_INCOMING_ACTIVITY,364,1
ATM250502IESVAH,CDR202600085274,SENDER_OUTGOING_ACTIVITY,-560,1
UPI250822OOA7Q7,CDR202600085311,DIRECT,-230,1
UPI250627K2PJNQ,CDR202600085312,REVERSE,268,1
UPI250811QV2JY7,CDR202600085319,DIRECT,292,1
TXN251026XLB13R,CDR202600085353,DIRECT,40,1
ATM250915N9QCJF,CDR202600085357,DIRECT,-111,1
ATM250906YNZW5A,CDR202600085393,SENDER_OUTGOING_ACTIVITY,18,1
ATM2505194BM076,CDR202600085394,DIRECT,-297,1
ATM250314DNH9SO,CDR202600085397,REVERSE,-1053,1
IMPS250202O3CCZ1,CDR202600085411,SENDER_INCOMING_ACTIVITY,771,1
UPI250628PSIGD8,CDR202600085425,SENDER_INCOMING_ACTIVITY,30,1
UPI2506084EN42U,CDR202600085428,DIRECT,37,1
UPI250402WOLYCA,CDR202600085436,SENDER_OUTGOING_ACTIVITY,-27,1
TXN250521D93LI8,CDR202600085438,SENDER_OUTGOING_ACTIVITY,209,1
UPI2512150IVPU1,CDR202600085451,RECEIVER_OUTGOING_ACTIVITY,-64,1
UPI251030IKCU0D,CDR202600085457,SENDER_INCOMING_ACTIVITY,-14,1
ATM250429CM6HST,CDR202600085461,RECEIVER_OUTGOING_ACTIVITY,226,1
IMPS251126WYC4CT,CDR202600085497,RECEIVER_INCOMING_ACTIVITY,-276,1
TXN25040343U76U,CDR202600085504,SENDER_OUTGOING_ACTIVITY,13,1
ATM250702NNVOX4,CDR202600085520,RECEIVER_INCOMING_ACTIVITY,24,1
ATM250219ICZPMB,CDR202600085524,DIRECT,342,1
ATM250203IUYGOO,CDR202600085534,REVERSE,-31,1
ATM2508059769FA,CDR202600085569,REVERSE,41,1
ATM251030K97H9D,CDR202600085582,SENDER_INCOMING_ACTIVITY,224,1
ATM2510130410EV,CDR202600085590,RECEIVER_INCOMING_ACTIVITY,-107,1
TXN250802QVLX71,CDR202600085593,DIRECT,229,1
UPI250419G1MQUB,CDR202600085602,SENDER_INCOMING_ACTIVITY,-182,1
UPI2502231ZKCLS,CDR202600085606,RECEIVER_INCOMING_ACTIVITY,10,1
ATM2511107IDPYO,CDR202600085644,DIRECT,227,1
UPI2508223JWT1P,CDR202600085650,SENDER_INCOMING_ACTIVITY,9,1
UPI2511080LWOQ6,CDR202600085653,DIRECT,-419,1
ATM251114SWHUSP,CDR202600085670,RECEIVER_OUTGOING_ACTIVITY,21,1
ATM250331M4U2RM,CDR202600085703,DIRECT,-811,1
UPI2506154F9SM3,CDR202600085705,RECEIVER_INCOMING_ACTIVITY,774,1
UPI250204VHUKTO,CDR202600085706,SENDER_OUTGOING_ACTIVITY,-23,1
TXN251128HO256X,CDR202600085714,RECEIVER_INCOMING_ACTIVITY,-24,1
ATM250315DYNG44,CDR202600085729,REVERSE,-293,1
TXN25081700FLX0,CDR202600085743,DIRECT,-1054,1
TXN250407J32HH1,CDR202600085747,DIRECT,-48,1
ATM2510230IKE0G,CDR202600085769,REVERSE,103,1
UPI2511232YIXBI,CDR202600085777,DIRECT,-619,1
UPI250104PYI46N,CDR202600085793,RECEIVER_OUTGOING_ACTIVITY,253,1
TXN250211O9GRCV,CDR202600085794,REVERSE,-149,1
ATM2509024VEACX,CDR202600085798,SENDER_INCOMING_ACTIVITY,278,1
TXN250302QRX5DM,CDR202600085833,SENDER_INCOMING_ACTIVITY,593,1
IMPS251123CJ9ZVC,CDR202600085842,RECEIVER_OUTGOING_ACTIVITY,-529,1
TXN250304Z60OEA,CDR202600085862,SENDER_INCOMING_ACTIVITY,-138,1
ATM2511235V91PD,CDR202600085863,DIRECT,31,1
ATM250822ZP42ZT,CDR202600085883,RECEIVER_INCOMING_ACTIVITY,39,1
UPI250517MG6X0U,CDR202600085908,RECEIVER_OUTGOING_ACTIVITY,-1067,1
UPI251229A7ENQW,CDR202600085929,SENDER_INCOMING_ACTIVITY,-13,1
ATM251017N1OP8Y,CDR202600085938,SENDER_INCOMING_ACTIVITY,-27,1
UPI2509095XJGBH,CDR202600085946,DIRECT,281,1
ATM250130ANQHD3,CDR202600085964,DIRECT,486,1
ATM250917N4J5ZL,CDR202600085973,SENDER_INCOMING_ACTIVITY,10,1
TXN2501163YXIOV,CDR202600085999,REVERSE,-24,1
ATM25032760BI0I,CDR202600086013,DIRECT,-1782,1
UPI2512297P8N4T,CDR202600086022,DIRECT,232,1
UPI250612EW9KHA,CDR202600086023,DIRECT,46,1
TXN250401QWSYTZ,CDR202600086033,SENDER_INCOMING_ACTIVITY,-50,1
IMPS2503230ZEDYX,CDR202600086036,SENDER_OUTGOING_ACTIVITY,57,1
UPI250515MACWP4,CDR202600086041,RECEIVER_OUTGOING_ACTIVITY,322,1
UPI250612ZURC52,CDR202600086047,RECEIVER_OUTGOING_ACTIVITY,-183,1
ATM250621EUGPGS,CDR202600086061,REVERSE,-421,1
ATM250718NSTB7U,CDR202600086069,SENDER_INCOMING_ACTIVITY,-18,1
ATM2504161P981I,CDR202600086076,RECEIVER_OUTGOING_ACTIVITY,-4,1
TXN251204GI97A1,CDR202600086081,RECEIVER_OUTGOING_ACTIVITY,28,1
ATM250514OP0ZQ8,CDR202600086087,SENDER_OUTGOING_ACTIVITY,-30,1
ATM250829VZA68Q,CDR202600086092,SENDER_INCOMING_ACTIVITY,-8,1
ATM250508URXF60,CDR202600086105,REVERSE,-18,1
TXN250706T1S4IU,CDR202600086111,SENDER_INCOMING_ACTIVITY,267,1
UPI2509159EPDNJ,CDR202600086114,SENDER_INCOMING_ACTIVITY,579,1
TXN251130S8OENL,CDR202600086123,SENDER_OUTGOING_ACTIVITY,-93,1
UPI2512098MP6SU,CDR202600086130,RECEIVER_OUTGOING_ACTIVITY,-277,1
ATM251028CDSJJ6,CDR202600086134,DIRECT,883,1
IMPS250325L6JG6C,CDR202600086135,DIRECT,37,1
TXN250525WSO68C,CDR202600086156,SENDER_INCOMING_ACTIVITY,-50,1
ATM251220VG58CZ,CDR202600086165,DIRECT,250,1
UPI250602G9ESH6,CDR202600086176,REVERSE,-25,1
TXN2511106I6VJU,CDR202600086196,DIRECT,-79,1
UPI250110TBJ91Q,CDR202600086204,SENDER_OUTGOING_ACTIVITY,95,1
TXN251020IWLQKQ,CDR202600086208,REVERSE,22,1
TXN250802YPP9Q1,CDR202600086224,DIRECT,1288,1
ATM25060737FCR6,CDR202600086253,REVERSE,103,1
TXN250715ITLGUD,CDR202600086313,SENDER_OUTGOING_ACTIVITY,-31,1
ATM250513UNLLVW,CDR202600086336,SENDER_OUTGOING_ACTIVITY,-290,1
ATM251204POQOYY,CDR202600086352,SENDER_INCOMING_ACTIVITY,52,1
TXN250819UI7P38,CDR202600086362,RECEIVER_INCOMING_ACTIVITY,-206,1
ATM251121RZYTGH,CDR202600086366,SENDER_OUTGOING_ACTIVITY,600,1
TXN250128FAGFK3,CDR202600086372,REVERSE,751,1
TXN2511012Q715O,CDR202600086379,RECEIVER_INCOMING_ACTIVITY,-72,1
UPI250831MAVDWS,CDR202600086384,DIRECT,12,1
UPI2502212S3TB0,CDR202600086389,SENDER_INCOMING_ACTIVITY,-703,1
UPI250904P34GF0,CDR202600086395,REVERSE,14,1
IMPS250430BXLKDI,CDR202600086399,SENDER_INCOMING_ACTIVITY,-723,1
TXN250330864HFM,CDR202600086405,RECEIVER_OUTGOING_ACTIVITY,612,1
ATM250403XV4UQ2,CDR202600086406,DIRECT,-51,1
ATM251006YVWZU4,CDR202600086416,SENDER_OUTGOING_ACTIVITY,-796,1
ATM250911T4V0MJ,CDR202600086418,DIRECT,270,1
ATM250222EOLKM8,CDR202600086428,RECEIVER_INCOMING_ACTIVITY,290,1
UPI250824JWT43Q,CDR202600086429,SENDER_OUTGOING_ACTIVITY,998,1
TXN2502058UGPLW,CDR202600086431,DIRECT,143,1
UPI250516HBDLW7,CDR202600086439,DIRECT,335,1
TXN250807KM722M,CDR202600086441,SENDER_OUTGOING_ACTIVITY,-247,1
TXN251226YMF3D8,CDR202600086451,REVERSE,-204,1
ATM251110SIKB0K,CDR202600086454,RECEIVER_OUTGOING_ACTIVITY,-81,1
UPI250824N16SRL,CDR202600086463,SENDER_INCOMING_ACTIVITY,26,1
UPI2511092WLX1X,CDR202600086481,DIRECT,-23,1
TXN250711APZ6Y5,CDR202600086505,REVERSE,9,1
UPI251118TVGAY7,CDR202600086506,RECEIVER_OUTGOING_ACTIVITY,-1529,1
ATM250524O6ASV3,CDR202600086509,DIRECT,-41,1
ATM250206PARYBH,CDR202600086511,REVERSE,-40,1
TXN251208P1EY0W,CDR202600086518,REVERSE,-128,1
UPI250404166U1L,CDR202600086559,RECEIVER_INCOMING_ACTIVITY,19,1
IMPS250710JNGG42,CDR202600086562,SENDER_OUTGOING_ACTIVITY,125,1
UPI250112LKFBK9,CDR202600086563,REVERSE,-223,1
UPI250519HJO63Z,CDR202600086564,RECEIVER_OUTGOING_ACTIVITY,-758,1
TXN250927SXJGWY,CDR202600086594,RECEIVER_OUTGOING_ACTIVITY,-215,1
UPI2504164GTKJX,CDR202600086620,DIRECT,-152,1
IMPS2504268UK22J,CDR202600086645,RECEIVER_OUTGOING_ACTIVITY,-42,1
TXN250105HDM6K6,CDR202600086654,RECEIVER_INCOMING_ACTIVITY,-24,1
UPI250920F8QIVL,CDR202600086655,REVERSE,-54,1
UPI250214WY93EI,CDR202600086656,SENDER_INCOMING_ACTIVITY,114,1
UPI250502WASHH8,CDR202600086657,DIRECT,46,1
UPI250617N6KLO5,CDR202600086662,DIRECT,91,1
TXN250425ALA61E,CDR202600086677,REVERSE,-2,1
TXN251104DD6AM3,CDR202600086705,RECEIVER_OUTGOING_ACTIVITY,500,1
ATM250409S4HRPH,CDR202600086708,REVERSE,323,1
ATM2510129E2637,CDR202600086728,RECEIVER_INCOMING_ACTIVITY,30,1
UPI250908LLBAT4,CDR202600086731,SENDER_INCOMING_ACTIVITY,-723,1
UPI250814JKNBRX,CDR202600086745,SENDER_OUTGOING_ACTIVITY,-193,1
UPI251002HXRVSU,CDR202600086759,DIRECT,447,1
UPI250721WKMSUW,CDR202600086760,SENDER_OUTGOING_ACTIVITY,386,1
TXN250221M20P6Z,CDR202600086774,SENDER_OUTGOING_ACTIVITY,51,1
ATM2501219T57L9,CDR202600086776,SENDER_INCOMING_ACTIVITY,-773,1
IMPS250322G4DIPH,CDR202600086783,SENDER_OUTGOING_ACTIVITY,5,1
TXN250407QXQFHJ,CDR202600086794,DIRECT,-89,1
UPI251016P8KZCN,CDR202600086801,DIRECT,471,1
UPI251206GMJL2Q,CDR202600086831,SENDER_OUTGOING_ACTIVITY,620,1
ATM250403JD43L9,CDR202600086842,RECEIVER_OUTGOING_ACTIVITY,784,1
TXN250205IC2U3F,CDR202600086848,RECEIVER_OUTGOING_ACTIVITY,420,1
ATM251111MGOHJQ,CDR202600086867,RECEIVER_INCOMING_ACTIVITY,18,1
TXN2511064OFIVA,CDR202600086926,SENDER_INCOMING_ACTIVITY,26,1
UPI250601GY01TS,CDR202600086951,REVERSE,297,1
IMPS250228L5BOLY,CDR202600086963,RECEIVER_OUTGOING_ACTIVITY,508,1
ATM250327Q2MO2H,CDR202600086987,DIRECT,-8,1
UPI250206F4HQG3,CDR202600087001,REVERSE,-780,1
TXN2507263H50ND,CDR202600087043,DIRECT,-16,1
ATM2505174HY9IW,CDR202600087051,DIRECT,31,1
UPI251007RLWW52,CDR202600087095,SENDER_INCOMING_ACTIVITY,283,1
ATM250728TGKP60,CDR202600087147,DIRECT,-1,1
IMPS2505179MEN58,CDR202600087158,REVERSE,190,1
UPI250327765PZH,CDR202600087226,DIRECT,150,1
ATM250602U8VSFA,CDR202600087237,DIRECT,252,1
ATM250106REWMUB,CDR202600087244,RECEIVER_OUTGOING_ACTIVITY,-3,1
TXN250224EGYAAD,CDR202600087266,SENDER_INCOMING_ACTIVITY,-979,1
UPI2504063OYYGH,CDR202600087283,REVERSE,-163,1
ATM251128XJRTEE,CDR202600087292,DIRECT,10,1
TXN251212X5GZXE,CDR202600087320,RECEIVER_OUTGOING_ACTIVITY,-36,1
ATM250714LKOPO8,CDR202600087322,REVERSE,41,1
UPI2509302IU8X0,CDR202600087324,DIRECT,-1078,1
ATM250308FKYFJZ,CDR202600087346,DIRECT,24,1
IMPS250124FME5CN,CDR202600087352,SENDER_OUTGOING_ACTIVITY,-172,1
UPI250908ZIWAV7,CDR202600087382,SENDER_OUTGOING_ACTIVITY,975,1
IMPS250625RJDITE,CDR202600087383,DIRECT,-759,1
ATM2503181FUXKC,CDR202600087395,RECEIVER_OUTGOING_ACTIVITY,46,1
ATM250708EZIGQI,CDR202600087399,DIRECT,-606,1
ATM2511127U5IEA,CDR202600087428,RECEIVER_OUTGOING_ACTIVITY,-58,1
ATM25031684TTZN,CDR202600087429,REVERSE,-361,1
TXN251121WYD9GD,CDR202600087446,RECEIVER_OUTGOING_ACTIVITY,48,1
TXN250709H8JW47,CDR202600087462,REVERSE,-140,1
UPI250630DWIHXG,CDR202600087492,DIRECT,40,1
ATM250627BZ0WS0,CDR202600087495,RECEIVER_INCOMING_ACTIVITY,578,1
ATM251216IQTTDL,CDR202600087512,SENDER_INCOMING_ACTIVITY,805,1
TXN251106FTE0Y5,CDR202600087530,DIRECT,247,1
ATM251204M8AH41,CDR202600087545,REVERSE,173,1
ATM251122OAREIJ,CDR202600087547,DIRECT,892,1
TXN250119JIWU08,CDR202600087560,RECEIVER_INCOMING_ACTIVITY,109,1
IMPS250815SR95ER,CDR202600087567,RECEIVER_INCOMING_ACTIVITY,280,1
TXN250528F3RLJ5,CDR202600087588,DIRECT,-49,1
TXN250809A58BAH,CDR202600087595,DIRECT,-23,1
ATM2507267T0GNW,CDR202600087597,SENDER_OUTGOING_ACTIVITY,-43,1
ATM25021558SC8O,CDR202600087599,RECEIVER_OUTGOING_ACTIVITY,153,1
ATM250503LU0N5S,CDR202600087606,REVERSE,-15,1
IMPS250218NXB930,CDR202600087617,RECEIVER_OUTGOING_ACTIVITY,769,1
UPI251226ZWE7L7,CDR202600087635,SENDER_OUTGOING_ACTIVITY,-117,1
ATM250508BZUZA5,CDR202600087647,RECEIVER_INCOMING_ACTIVITY,-353,1
UPI250531M1KZTN,CDR202600087655,SENDER_INCOMING_ACTIVITY,-170,1
UPI250208R0FE7E,CDR202600087656,SENDER_OUTGOING_ACTIVITY,-742,1
TXN250103DFPPWC,CDR202600087675,DIRECT,-442,1
ATM250820LLFQR7,CDR202600087678,REVERSE,922,1
UPI251220F0SZPL,CDR202600087682,DIRECT,-279,1
ATM25053045OSP4,CDR202600087720,DIRECT,-1443,1
UPI2501108BKI5P,CDR202600087722,SENDER_INCOMING_ACTIVITY,6,1
ATM250407647PJL,CDR202600087734,DIRECT,-396,1
IMPS250104SJQA0P,CDR202600087737,DIRECT,165,1
UPI250307V4TMCM,CDR202600087744,SENDER_INCOMING_ACTIVITY,281,1
ATM250213I6QGWB,CDR202600087761,SENDER_OUTGOING_ACTIVITY,-95,1
IMPS250228BO45JN,CDR202600087771,REVERSE,-51,1
ATM250327000OJE,CDR202600087798,REVERSE,-30,1
TXN250605CRWHR9,CDR202600087806,DIRECT,-47,1
IMPS251020DS58A3,CDR202600087813,REVERSE,30,1
ATM251008RH30LN,CDR202600087834,DIRECT,623,1
TXN2502077UOGUN,CDR202600087839,RECEIVER_OUTGOING_ACTIVITY,235,1
TXN250907693V2Y,CDR202600087849,DIRECT,5,1
TXN251017ZVBLLH,CDR202600087876,SENDER_INCOMING_ACTIVITY,-25,1
IMPS250418VTF5XV,CDR202600087959,DIRECT,-153,1
TXN250331G140JA,CDR202600087965,DIRECT,3,1
UPI2511037TWEW2,CDR202600087968,RECEIVER_OUTGOING_ACTIVITY,-133,1
ATM250722X59UH2,CDR202600087974,REVERSE,248,1
TXN251023RH0D96,CDR202600087983,DIRECT,473,1
ATM2510173CW66L,CDR202600087998,RECEIVER_INCOMING_ACTIVITY,286,1
TXN251108HHCX1V,CDR202600088044,DIRECT,-459,1
UPI250413FF2TRO,CDR202600088070,SENDER_OUTGOING_ACTIVITY,-5,1
UPI2511253DK10K,CDR202600088086,SENDER_INCOMING_ACTIVITY,939,1
ATM2503224PG8NG,CDR202600088096,RECEIVER_INCOMING_ACTIVITY,1148,1
TXN2502064SBC85,CDR202600088107,DIRECT,686,1
ATM2510076J6I7C,CDR202600088130,RECEIVER_INCOMING_ACTIVITY,-31,1
ATM250110QZLVZY,CDR202600088138,DIRECT,-456,1
UPI250816D41YNE,CDR202600088144,DIRECT,764,1
TXN250101CN0DL5,CDR202600088159,SENDER_OUTGOING_ACTIVITY,-57,1
IMPS250203B1UGA4,CDR202600088167,REVERSE,-242,1
ATM251217UQWSR5,CDR202600088181,REVERSE,28,1
TXN250520UPOCMZ,CDR202600088198,RECEIVER_INCOMING_ACTIVITY,-28,1
ATM250916DC7NZS,CDR202600088211,REVERSE,21,1
UPI2503294BOQAU,CDR202600088216,DIRECT,-317,1
ATM250523Q1N0NJ,CDR202600088222,SENDER_OUTGOING_ACTIVITY,-5,1
ATM251018LB51NJ,CDR202600088244,DIRECT,4,1
ATM250413HK8L6S,CDR202600088246,DIRECT,-28,1
UPI250726SX8YBR,CDR202600088251,SENDER_INCOMING_ACTIVITY,26,1
UPI250803JH1Y4S,CDR202600088291,SENDER_INCOMING_ACTIVITY,-26,1
ATM250723YBCYOO,CDR202600088302,RECEIVER_OUTGOING_ACTIVITY,-41,1
UPI2508284XDZEA,CDR202600088303,RECEIVER_OUTGOING_ACTIVITY,439,1
UPI250624E5WDWP,CDR202600088346,SENDER_INCOMING_ACTIVITY,-1302,1
TXN2509217DPCRO,CDR202600088349,SENDER_INCOMING_ACTIVITY,-185,1
ATM250819E1CU8Z,CDR202600088350,SENDER_INCOMING_ACTIVITY,282,1
ATM251016SJZKX0,CDR202600088375,DIRECT,16,1
ATM251130QFZJ8I,CDR202600088388,RECEIVER_INCOMING_ACTIVITY,-60,1
UPI250502RX72H8,CDR202600088407,SENDER_OUTGOING_ACTIVITY,-18,1
ATM25080478ZT48,CDR202600088409,RECEIVER_INCOMING_ACTIVITY,822,1
ATM251105M0J52D,CDR202600088412,SENDER_OUTGOING_ACTIVITY,-16,1
IMPS251228FPHS3F,CDR202600088417,RECEIVER_INCOMING_ACTIVITY,46,1
TXN250301D6HKLJ,CDR202600088423,RECEIVER_OUTGOING_ACTIVITY,16,1
UPI25020296GV8T,CDR202600088443,SENDER_INCOMING_ACTIVITY,117,1
ATM2503312R6O3X,CDR202600088445,REVERSE,-147,1
ATM250130WJPTYW,CDR202600088465,DIRECT,-110,1
ATM251117YHDS4M,CDR202600088466,DIRECT,-217,1
UPI250408KA5FFG,CDR202600088470,REVERSE,-130,1
TXN2507102L0ADQ,CDR202600088521,REVERSE,-155,1
UPI250208SKFN8A,CDR202600088522,RECEIVER_OUTGOING_ACTIVITY,-25,1
ATM250729HSI4IQ,CDR202600088527,REVERSE,-18,1
IMPS2509123HHHGE,CDR202600088529,SENDER_OUTGOING_ACTIVITY,1298,1
UPI250327M8ON7Z,CDR202600088534,DIRECT,-661,1
UPI250418YY9071,CDR202600088550,DIRECT,1251,1
ATM25032340YOUK,CDR202600088566,SENDER_OUTGOING_ACTIVITY,897,1
TXN250329KOC98X,CDR202600088579,DIRECT,272,1
ATM250718SL3O4A,CDR202600088616,RECEIVER_OUTGOING_ACTIVITY,152,1
UPI2501024BKTCV,CDR202600088634,DIRECT,-180,1
ATM250309SB0JS6,CDR202600088643,DIRECT,-112,1
ATM251008JNTQ7F,CDR202600088656,RECEIVER_INCOMING_ACTIVITY,-98,1
ATM251212J356MP,CDR202600088698,DIRECT,667,1
ATM250409U6H7M1,CDR202600088703,RECEIVER_OUTGOING_ACTIVITY,-439,1
UPI251216OR0ONN,CDR202600088757,SENDER_OUTGOING_ACTIVITY,43,1
UPI250603R6NBV2,CDR202600088780,RECEIVER_OUTGOING_ACTIVITY,-394,1
UPI251007I5OP85,CDR202600088782,REVERSE,33,1
TXN251019CRK1WY,CDR202600088788,DIRECT,-90,1
TXN2507158B7O5D,CDR202600088812,RECEIVER_OUTGOING_ACTIVITY,393,1
UPI250606ES0OCV,CDR202600088847,DIRECT,115,1
ATM2505046T14A0,CDR202600088857,REVERSE,-20,1
ATM250519R09O3Z,CDR202600088862,DIRECT,300,1
TXN250629MXCRHI,CDR202600088864,SENDER_INCOMING_ACTIVITY,180,1
UPI250101CQ99CH,CDR202600088880,SENDER_OUTGOING_ACTIVITY,-108,1
ATM25070407VG5X,CDR202600088917,SENDER_INCOMING_ACTIVITY,1052,1
TXN250210U63YLW,CDR202600088923,DIRECT,-1753,1
ATM251014MRSM91,CDR202600088953,REVERSE,408,1
UPI250518JRU4QT,CDR202600088973,SENDER_OUTGOING_ACTIVITY,292,1
UPI25100872MCGH,CDR202600088989,SENDER_OUTGOING_ACTIVITY,-37,1
ATM250313ZUH7QZ,CDR202600089013,REVERSE,-8,1
TXN250109HXG0QG,CDR202600089020,DIRECT,33,1
ATM2507163BPJ69,CDR202600089053,REVERSE,-640,1
UPI250923VNJQIO,CDR202600089066,RECEIVER_INCOMING_ACTIVITY,1419,1
UPI25040841RZ0R,CDR202600089089,RECEIVER_INCOMING_ACTIVITY,31,1
UPI2510259KV74H,CDR202600089095,SENDER_OUTGOING_ACTIVITY,-88,1
ATM25030958WJEH,CDR202600089109,SENDER_INCOMING_ACTIVITY,182,1
UPI250724IDR86Y,CDR202600089119,SENDER_OUTGOING_ACTIVITY,201,1
UPI250124SS8XES,CDR202600089139,SENDER_OUTGOING_ACTIVITY,-7,1
TXN2506192JC6WQ,CDR202600089156,REVERSE,1309,1
UPI250511DF7C6S,CDR202600089159,RECEIVER_INCOMING_ACTIVITY,382,1
UPI250207PYFIJQ,CDR202600089187,SENDER_INCOMING_ACTIVITY,101,1
ATM251005EX6FFM,CDR202600089196,SENDER_OUTGOING_ACTIVITY,693,1
TXN250503BB21OW,CDR202600089206,SENDER_OUTGOING_ACTIVITY,449,1
ATM251216NPTU2B,CDR202600089229,REVERSE,49,1
IMPS251101W99DCS,CDR202600089242,SENDER_OUTGOING_ACTIVITY,208,1
UPI250602JVZ2YG,CDR202600089269,DIRECT,-48,1
UPI250328AMZQRR,CDR202600089275,SENDER_INCOMING_ACTIVITY,1051,1
UPI250909DO7YYV,CDR202600089286,RECEIVER_INCOMING_ACTIVITY,-60,1
ATM250114257HAY,CDR202600089297,SENDER_OUTGOING_ACTIVITY,111,1
ATM250909IZ1ICC,CDR202600089302,DIRECT,-388,1
TXN250730CA2N0T,CDR202600089312,SENDER_OUTGOING_ACTIVITY,371,1
ATM25091928WJ4D,CDR202600089313,SENDER_OUTGOING_ACTIVITY,-244,1
ATM251214OWPWNH,CDR202600089327,REVERSE,655,1
ATM250321QBM2KU,CDR202600089334,RECEIVER_INCOMING_ACTIVITY,260,1
ATM250507866TR9,CDR202600089349,DIRECT,-392,1
UPI250519KSBDTD,CDR202600089351,RECEIVER_OUTGOING_ACTIVITY,58,1
TXN250811FVSHF9,CDR202600089353,RECEIVER_INCOMING_ACTIVITY,97,1
ATM250306JL88AV,CDR202600089358,DIRECT,-90,1
TXN250925Q9DXX8,CDR202600089363,SENDER_OUTGOING_ACTIVITY,-15,1
IMPS250714FU4CZU,CDR202600089368,RECEIVER_OUTGOING_ACTIVITY,156,1
TXN251008D6IOZI,CDR202600089436,RECEIVER_INCOMING_ACTIVITY,-148,1
IMPS2501027BXCD2,CDR202600089457,RECEIVER_OUTGOING_ACTIVITY,8,1
UPI2507021CY8FI,CDR202600089501,SENDER_OUTGOING_ACTIVITY,267,1
UPI250627AUA7YO,CDR202600089507,RECEIVER_OUTGOING_ACTIVITY,47,1
ATM250915IS1A53,CDR202600089515,RECEIVER_INCOMING_ACTIVITY,-494,1
ATM250523HGT1EJ,CDR202600089523,REVERSE,-1204,1
TXN2503049F2IKR,CDR202600089532,SENDER_INCOMING_ACTIVITY,175,1
ATM2510157ZSA4G,CDR202600089552,SENDER_INCOMING_ACTIVITY,60,1
TXN250420KJ10NI,CDR202600089568,REVERSE,268,1
TXN2508087SNYDG,CDR202600089577,REVERSE,-42,1
ATM2503232ZJH50,CDR202600089603,SENDER_OUTGOING_ACTIVITY,-49,1
UPI250810N3YO3I,CDR202600089623,SENDER_OUTGOING_ACTIVITY,-126,1
UPI250915BF6RUL,CDR202600089626,SENDER_INCOMING_ACTIVITY,926,1
ATM250921MMJEZ9,CDR202600089632,RECEIVER_INCOMING_ACTIVITY,-602,1
TXN250811JCKMXV,CDR202600089638,DIRECT,-1796,1
UPI25082239LS0R,CDR202600089661,SENDER_INCOMING_ACTIVITY,40,1
ATM250827ZLI2OS,CDR202600089666,RECEIVER_OUTGOING_ACTIVITY,-38,1
IMPS250601P826UR,CDR202600089677,RECEIVER_INCOMING_ACTIVITY,97,1
UPI250322HYLYP4,CDR202600089714,DIRECT,-32,1
ATM250422W0J58V,CDR202600089719,SENDER_INCOMING_ACTIVITY,-408,1
TXN250904CQ5MEE,CDR202600089744,DIRECT,-915,1
UPI250904JAKGXK,CDR202600089752,REVERSE,43,1
UPI250923Z5E4RL,CDR202600089753,RECEIVER_OUTGOING_ACTIVITY,1795,1
TXN251205N0JKJD,CDR202600089816,SENDER_INCOMING_ACTIVITY,-746,1
ATM251106CRMS1S,CDR202600089817,DIRECT,-94,1
TXN2507133TPMIU,CDR202600089839,REVERSE,-135,1
UPI2508211BUX28,CDR202600089873,SENDER_INCOMING_ACTIVITY,1662,1
TXN25032953Z44E,CDR202600089877,RECEIVER_OUTGOING_ACTIVITY,-129,1
TXN250124APYV25,CDR202600089879,REVERSE,-39,1
TXN251129URCLI1,CDR202600089912,SENDER_OUTGOING_ACTIVITY,38,1
UPI250303F2GMHY,CDR202600089923,RECEIVER_INCOMING_ACTIVITY,56,1
UPI2506110O23AI,CDR202600089931,DIRECT,172,1
TXN251125NL4HYN,CDR202600089950,SENDER_INCOMING_ACTIVITY,692,1
TXN250521FRAHN3,CDR202600089969,DIRECT,159,1
IMPS251124MKROI4,CDR202600089973,DIRECT,31,1
ATM250916ZWXCOL,CDR202600089979,RECEIVER_INCOMING_ACTIVITY,170,1
UPI251218FODKRP,CDR202600089981,SENDER_OUTGOING_ACTIVITY,577,1
IMPS251211QLLA8K,CDR202600090023,DIRECT,234,1
ATM250219FGRWK4,CDR202600090033,SENDER_INCOMING_ACTIVITY,-23,1
UPI251114HI9FOP,CDR202600090034,REVERSE,-15,1
TXN2507196XHUJ2,CDR202600090045,DIRECT,-99,1
TXN250908PNK9V2,CDR202600090051,SENDER_OUTGOING_ACTIVITY,433,1
UPI250618U0O31A,CDR202600090055,REVERSE,128,1
ATM250321ATJY4A,CDR202600090076,SENDER_INCOMING_ACTIVITY,-352,1
ATM251013LV8Q9P,CDR202600090111,SENDER_INCOMING_ACTIVITY,-105,1
ATM2503309SNLRP,CDR202600090122,DIRECT,232,1
ATM250630HS0966,CDR202600090129,SENDER_OUTGOING_ACTIVITY,-93,1
ATM2506136HDQND,CDR202600090132,DIRECT,47,1
IMPS2509031GQZIA,CDR202600090150,DIRECT,462,1
TXN250627ZI8O9X,CDR202600090161,DIRECT,-722,1
ATM250815YZ2GL8,CDR202600090163,DIRECT,-260,1
UPI250914FT9Q11,CDR202600090186,DIRECT,197,1
UPI251031BFJ53T,CDR202600090191,DIRECT,-724,1
UPI2505301IPINH,CDR202600090208,DIRECT,-7,1
UPI2502189I41M3,CDR202600090224,REVERSE,255,1
ATM250515V4GH3M,CDR202600090238,SENDER_INCOMING_ACTIVITY,64,1
TXN250908RYY3YB,CDR202600090240,SENDER_OUTGOING_ACTIVITY,211,1
ATM2506075VLSB6,CDR202600090251,RECEIVER_INCOMING_ACTIVITY,-55,1
IMPS2510060JIZ74,CDR202600090268,SENDER_INCOMING_ACTIVITY,260,1
ATM250612IDRF2M,CDR202600090291,SENDER_INCOMING_ACTIVITY,-845,1
ATM250326J2F76H,CDR202600090327,DIRECT,-200,1
TXN250515XVCN19,CDR202600090342,RECEIVER_OUTGOING_ACTIVITY,-84,1
TXN251102QOB9SM,CDR202600090418,DIRECT,-262,1
ATM251221UJHUX1,CDR202600090433,REVERSE,587,1
UPI250406ITZPTG,CDR202600090445,DIRECT,-9,1
TXN251202M2VSSG,CDR202600090469,DIRECT,436,1
TXN25012299U8ZE,CDR202600090475,SENDER_OUTGOING_ACTIVITY,-157,1
ATM2502237OUV5F,CDR202600090479,SENDER_INCOMING_ACTIVITY,-28,1
UPI250715Q1F5SW,CDR202600090498,RECEIVER_INCOMING_ACTIVITY,-182,1
IMPS250814QFABGD,CDR202600090502,DIRECT,7,1
UPI251022RCDW2Z,CDR202600090506,SENDER_INCOMING_ACTIVITY,-242,1
TXN2505169DO6OL,CDR202600090510,SENDER_OUTGOING_ACTIVITY,10,1
UPI250422DZV9SU,CDR202600090522,DIRECT,-156,1
TXN250824J4Q6WN,CDR202600090556,RECEIVER_INCOMING_ACTIVITY,-742,1
ATM251001JTN16H,CDR202600090561,SENDER_INCOMING_ACTIVITY,-581,1
ATM2512245XJ56U,CDR202600090585,SENDER_INCOMING_ACTIVITY,-82,1
UPI251005FLJ8W0,CDR202600090590,RECEIVER_OUTGOING_ACTIVITY,-25,1
UPI2505084S2YIJ,CDR202600090593,SENDER_INCOMING_ACTIVITY,-1208,1
ATM251029GVTVKK,CDR202600090614,SENDER_INCOMING_ACTIVITY,711,1
ATM250122GIY4XQ,CDR202600090638,RECEIVER_INCOMING_ACTIVITY,60,1
TXN250204UMAG40,CDR202600090642,REVERSE,-88,1
IMPS250222U501Y5,CDR202600090646,SENDER_INCOMING_ACTIVITY,248,1
ATM250612IZPZNB,CDR202600090650,DIRECT,344,1
IMPS250221ZP0YQL,CDR202600090687,RECEIVER_INCOMING_ACTIVITY,-68,1
UPI250217KSLSY3,CDR202600090719,DIRECT,-298,1
TXN2501224GXK74,CDR202600090729,DIRECT,350,1
TXN251124B0DP2R,CDR202600090732,DIRECT,284,1
ATM251219B506MN,CDR202600090746,REVERSE,-227,1
TXN2512287YL0UY,CDR202600090757,RECEIVER_INCOMING_ACTIVITY,283,1
ATM250216OE7Y3V,CDR202600090778,REVERSE,-1186,1
TXN250228EN0KAC,CDR202600090790,REVERSE,-43,1
UPI2501143V7Q82,CDR202600090792,DIRECT,239,1
TXN250410VT3HN4,CDR202600090810,SENDER_OUTGOING_ACTIVITY,-1219,1
UPI251212LITSKG,CDR202600090819,RECEIVER_INCOMING_ACTIVITY,73,1
TXN250316LA0N91,CDR202600090820,DIRECT,194,1
ATM251020G9XQFN,CDR202600090839,DIRECT,67,1
ATM251130I2O2ZH,CDR202600090840,DIRECT,-32,1
ATM250629WMMZBG,CDR202600090845,SENDER_INCOMING_ACTIVITY,1109,1
ATM250503I0R6MT,CDR202600090854,REVERSE,7,1
UPI250315WO0RTS,CDR202600090869,SENDER_INCOMING_ACTIVITY,1596,1
IMPS25030973VRW9,CDR202600090871,RECEIVER_INCOMING_ACTIVITY,-18,1
ATM251121HYBZXY,CDR202600090880,DIRECT,628,1
TXN250422ZUZFFZ,CDR202600090883,REVERSE,336,1
ATM250619ZCDM6Y,CDR202600090899,RECEIVER_OUTGOING_ACTIVITY,-51,1
UPI250223KS80TQ,CDR202600090901,DIRECT,40,1
UPI250812CX0Y4I,CDR202600090929,DIRECT,31,1
ATM250302A0L2VZ,CDR202600090933,SENDER_OUTGOING_ACTIVITY,-31,1
TXN251121HLY0LT,CDR202600090934,DIRECT,-275,1
IMPS250724DSW3JY,CDR202600090952,REVERSE,63,1
TXN250327C2WO5M,CDR202600090974,DIRECT,-1347,1
ATM251229LSFFK3,CDR202600090995,RECEIVER_OUTGOING_ACTIVITY,10,1
IMPS251006S9NC8S,CDR202600090996,DIRECT,510,1
UPI251207KOY0T6,CDR202600091002,RECEIVER_INCOMING_ACTIVITY,-250,1
UPI250519OR858E,CDR202600091048,DIRECT,5,1
TXN2503249KV4OT,CDR202600091065,DIRECT,-827,1
TXN250503FD0QP8,CDR202600091068,DIRECT,343,1
TXN251023WJPM2N,CDR202600091073,DIRECT,121,1
ATM251002QIX5SN,CDR202600091084,SENDER_INCOMING_ACTIVITY,25,1
UPI251009DNONIB,CDR202600091108,RECEIVER_INCOMING_ACTIVITY,-116,1
ATM25012636M4D8,CDR202600091143,SENDER_INCOMING_ACTIVITY,-214,1
