CDR_ID,Call_Date,Call_Start_Time,A_Party_Number,B_Party_Number,Call_Type,Call_Duration_Seconds,IMSI,IMEI,First_BTS_Location,First_Cell_Global_ID,Roaming_Network_Circle
CDR202600000010,2025-08-18,06:01:45,+919543348878,+916937837972,VOICE,152,404369428835073,353216220039136,Delhi_BTS_006,404-45-548-922,Delhi
CDR202600000012,2025-12-19,08:39:17,+918839373225,+917539670608,VOICE,221,404442311813437,352196543537589,WestBengal_BTS_003,404-45-735-768,West Bengal
CDR202600000020,2025-02-21,21:08:11,+916316168850,+918917637941,VOICE,56,404082440143170,355716322763748,Maharashtra_BTS_008,404-45-799-664,Maharashtra
CDR202600000028,2025-07-25,20:16:44,+917921011784,+919722693016,VOICE,114,404535527281114,357798259705658,TamilNadu_BTS_004,404-45-513-123,Tamil Nadu
CDR202600000031,2025-05-18,12:01:33,+916186997295,+917233331922,VOICE,28,404609248080594,353782003990751,Rajasthan_BTS_008,404-45-981-113,Rajasthan
CDR202600000040,2025-12-22,21:41:00,+918998819735,+918770594376,VOICE,98,404374999963416,359473310591229,UttarPradesh_BTS_006,404-45-108-684,Uttar Pradesh
CDR202600000054,2025-06-15,03:40:58,+917108246205,+916861162202,SMS,0,404937076872196,359329111794583,WestBengal_BTS_004,404-45-522-026,West Bengal
CDR202600000064,2025-01-30,13:50:15,+916416972559,+917110206042,VOICE,63,404484192780684,353352510328825,UttarPradesh_BTS_003,404-45-736-577,Uttar Pradesh
CDR202600000083,2025-03-26,07:18:00,+918038021334,+917906523487,SMS,0,404466639978406,352870361731726,Mumbai_BTS_002,404-45-702-226,Mumbai
CDR202600000090,2025-01-03,21:45:55,+918890247937,+916620449138,VOICE,189,404982579988976,351289975050541,TamilNadu_BTS_001,404-45-698-489,Tamil Nadu
CDR202600000093,2025-07-27,09:57:17,+919180002437,+919862546050,VOICE,52,404208698233021,353983382361384,Rajasthan_BTS_019,404-45-119-115,Rajasthan
CDR202600000100,2025-11-11,07:43:56,+917922676193,+916512704513,VOICE,138,404988532983129,354133818053888,UttarPradesh_BTS_001,404-45-371-406,Uttar Pradesh
CDR202600000116,2025-11-14,17:24:32,+918261018158,+916618794445,SMS,0,404407947579052,351884425696727,UttarPradesh_BTS_004,404-45-170-901,Uttar Pradesh
CDR202600000122,2025-11-22,03:27:48,+917826916923,+918447532959,SMS,0,404984001382747,350776938575879,WestBengal_BTS_009,404-45-571-359,West Bengal
CDR202600000155,2025-07-14,13:26:31,+917039452657,+919972880601,VOICE,28,404858712022109,358460283729650,Rajasthan_BTS_007,404-45-697-409,Rajasthan
CDR202600000198,2025-07-19,12:25:39,+917838092720,+917278712227,VOICE,13,404437013938350,355604528438772,Mumbai_BTS_011,404-45-287-286,Mumbai
CDR202600000201,2025-06-06,15:49:19,+916544428627,+918499989574,MISSED,0,404449379788765,357553918925184,Rajasthan_BTS_001,404-45-801-333,Rajasthan
CDR202600000235,2025-02-01,12:27:08,+919686240092,+919384855691,VOICE,328,404141156656873,352964962748550,Rajasthan_BTS_016,404-45-619-624,Rajasthan
CDR202600000239,2025-11-28,03:46:27,+917459240913,919551126024,VOICE,19,404238516403650,352583236938253,WestBengal_BTS_006,404-45-906-719,West Bengal
CDR202600000266,2025-12-22,12:52:45,+916856748346,+916045551968,VOICE,21,404010275344440,352396657932851,Gujarat_BTS_006,404-45-818-559,Gujarat
CDR202600000267,2025-09-27,07:07:15,+917345321729,+919761446279,SMS,0,404400175986968,359760698860219,Delhi_BTS_006,404-45-223-254,Delhi
CDR202600000269,2025-06-25,02:54:38,+916771922145,+916419503238,VOICE,14,404006607586349,356076787321251,WestBengal_BTS_006,404-45-373-164,West Bengal
CDR202600000295,2025-09-24,07:57:17,+917074279351,+918389681306,VOICE,153,404733520790615,353399590268932,Mumbai_BTS_011,404-45-243-433,Mumbai
CDR202600000330,2025-06-26,12:55:20,+917615893220,+917758245655,VOICE,40,404489415582765,356914301005088,Rajasthan_BTS_017,404-45-897-945,Rajasthan
CDR202600000334,2025-03-01,05:17:33,+917719582304,+919955856036,SMS,0,404141578438189,356658309701361,Mumbai_BTS_007,404-45-584-827,Mumbai
CDR202600000347,2025-01-04,07:58:19,+918741550706,917746151048,VOICE,120,404503668221584,357972942224507,WestBengal_BTS_009,404-45-571-359,West Bengal
CDR202600000357,2025-07-08,16:55:07,+917545752288,+919833230612,VOICE,53,404475113780964,352800270256052,Mumbai_BTS_011,404-45-573-256,Mumbai
CDR202600000384,2025-01-20,10:31:05,+916026163308,+919306339691,VOICE,69,404200076173034,359000273871296,Rajasthan_BTS_004,404-45-835-323,Rajasthan
CDR202600000392,2025-08-15,18:34:32,+917853209083,+918847017234,VOICE,43,404000619432812,356610058589581,UttarPradesh_BTS_004,404-45-457-903,Uttar Pradesh
CDR202600000399,2025-01-20,16:00:05,+917871367367,+916906896879,VOICE,67,404333102455694,359277956937867,Maharashtra_BTS_008,404-45-818-960,Maharashtra
CDR202600000412,2025-12-10,02:26:28,+917177023411,+918365467938,VOICE,166,404620998741764,352952570631966,WestBengal_BTS_006,404-45-373-164,West Bengal
CDR202600000473,2025-09-12,04:49:46,+917261310519,+919099798724,VOICE,124,404016051763377,358576978158239,Rajasthan_BTS_005,404-45-505-906,Rajasthan
CDR202600000482,2025-04-10,18:34:52,+918644753678,+919794732472,SMS,0,404351258123474,359066942631623,Karnataka_BTS_006,404-45-813-981,Karnataka
CDR202600000485,2025-12-11,17:18:28,+918742144142,+919881228463,VOICE,145,404524631117047,353683859932087,Rajasthan_BTS_014,404-45-839-897,Rajasthan
CDR202600000506,2025-01-28,03:09:09,+917214613995,+918310372935,SMS,0,404000816632428,351630794046504,Rajasthan_BTS_016,404-45-619-624,Rajasthan
CDR202600000509,2025-11-09,21:26:45,+919840755464,+919685948210,VOICE,5,404840801033483,350312434611115,Rajasthan_BTS_018,404-45-713-332,Rajasthan
CDR202600000512,2025-09-15,10:58:35,+919685948210,+918764403762,VOICE,159,404969546620187,355494841110764,Rajasthan_BTS_013,404-45-448-115,Rajasthan
CDR202600000520,2025-08-09,22:38:07,+918739072677,+918086119754,SMS,0,404567982481979,359907274249144,Rajasthan_BTS_003,404-45-924-324,Rajasthan
CDR202600000529,2025-06-08,03:13:21,+919289658822,+918370544176,VOICE,499,404741769507509,350081289203775,Mumbai_BTS_010,404-45-919-883,Mumbai
CDR202600000532,2025-01-06,19:36:14,+918522730869,+916243340467,VOICE,77,404443251673896,359455671117815,Rajasthan_BTS_010,404-45-641-258,Rajasthan
CDR202600000548,2025-02-18,07:09:41,+918601678460,+916637351217,VOICE,146,404727812152075,356445824819018,TamilNadu_BTS_002,404-45-158-984,Tamil Nadu
CDR202600000556,2025-09-04,00:10:37,+918442782692,+919368799167,VOICE,68,404643711503373,350790045417054,Maharashtra_BTS_002,404-45-718-271,Maharashtra
CDR202600000559,2025-03-23,14:18:34,+919297898204,+916850067098,VOICE,247,404760445197508,354357601117156,UttarPradesh_BTS_006,404-45-726-827,Uttar Pradesh
CDR202600000569,2025-05-29,07:41:40,+918301052635,+918696518496,VOICE,23,404269636243100,354829168668657,UttarPradesh_BTS_009,404-45-378-289,Uttar Pradesh
CDR202600000581,2025-12-12,05:48:56,+917685568330,+919088282045,VOICE,17,404538801443233,356861719798878,Gujarat_BTS_007,404-45-928-891,Gujarat
CDR202600000591,2025-05-09,06:18:07,+918172835235,+917652537154,SMS,0,404465424533323,352772497900443,Mumbai_BTS_007,404-45-348-804,Mumbai
CDR202600000603,2025-05-07,23:42:33,+918916760794,+917865730155,VOICE,138,404314766401059,355974034938205,WestBengal_BTS_008,404-45-979-482,West Bengal
CDR202600000612,2025-06-26,17:04:02,+917033743556,+919160449642,VOICE,391,404552918981175,351254731911273,Karnataka_BTS_001,404-45-767-554,Karnataka
CDR202600000615,2025-11-23,01:16:55,+916324927197,+917838092720,SMS,0,404974475881983,359623747783904,UttarPradesh_BTS_003,404-45-618-272,Uttar Pradesh
CDR202600000650,2025-11-25,01:50:28,+919931602912,+916442684297,MISSED,0,404590206810548,352267125251728,Maharashtra_BTS_003,404-45-665-301,Maharashtra
CDR202600000663,2025-06-29,14:10:49,+919035872592,+917856026674,VOICE,61,404176513677180,358147382867368,Delhi_BTS_002,404-45-935-071,Delhi
CDR202600000676,2025-11-16,00:40:18,+917157933424,+916591627817,SMS,0,404790762450803,354252673595644,WestBengal_BTS_003,404-45-735-768,West Bengal
CDR202600000696,2025-06-05,17:23:08,+916885062905,+916658111686,VOICE,90,404106549030016,355260172538765,Rajasthan_BTS_007,404-45-605-094,Rajasthan
CDR202600000697,2025-10-30,10:05:52,+916514444241,+916510536250,VOICE,91,404954341991008,354682315116551,UttarPradesh_BTS_015,404-45-658-037,Uttar Pradesh
CDR202600000703,2025-06-15,23:20:55,+917673887251,+916661818948,VOICE,28,404034660586964,357154305569131,TamilNadu_BTS_006,404-45-678-536,Tamil Nadu
CDR202600000744,2025-11-17,02:29:51,+917050477573,+917433585027,VOICE,7,404434289472964,358822575952937,Maharashtra_BTS_008,404-45-173-624,Maharashtra
CDR202600000748,2025-04-01,23:28:00,+918279910426,+918613480895,VOICE,39,404145706757068,354004430320884,Mumbai_BTS_011,404-45-995-946,Mumbai
CDR202600000749,2025-10-16,04:28:20,+919228648661,+917488910754,VOICE,136,404062074871707,352732202314545,UttarPradesh_BTS_004,404-45-170-901,Uttar Pradesh
CDR202600000758,2025-02-27,06:52:23,+918659293528,+917669267123,VOICE,120,404403593901531,357850888001352,WestBengal_BTS_001,404-45-415-374,West Bengal
CDR202600000762,2025-01-15,16:23:15,+917121502730,+917278712227,VOICE,233,404041583460793,353992451997602,Maharashtra_BTS_008,404-45-173-624,Maharashtra
CDR202600000765,2025-03-30,03:47:26,+918821361584,+917309279648,VOICE,61,404264036882514,351191519429282,UttarPradesh_BTS_013,404-45-265-760,Uttar Pradesh
CDR202600000785,2025-02-23,17:49:23,+917057475889,+917113752610,VOICE,97,404390080579944,356450181783976,Mumbai_BTS_011,404-45-243-433,Mumbai
CDR202600000805,2025-06-17,13:58:13,+917970169332,+918328592327,SMS,0,404164984931394,359981012273854,Mumbai_BTS_011,404-45-243-433,Mumbai
CDR202600000823,2025-10-21,22:32:59,+917853209083,+916410834554,VOICE,85,404000619432812,356610058589581,Rajasthan_BTS_019,404-45-414-246,Rajasthan
CDR202600000825,2025-10-22,09:51:24,+917807628036,+919391140734,VOICE,234,404935550451991,357123717764417,UttarPradesh_BTS_007,404-45-370-119,Uttar Pradesh
CDR202600000826,2025-05-19,03:07:30,+917120205782,+916098490653,VOICE,93,404174217073515,350906177101656,Mumbai_BTS_006,404-45-235-741,Mumbai
CDR202600000831,2025-02-06,01:28:25,+916746930885,+917695817918,VOICE,71,404587502169657,358480295229847,Rajasthan_BTS_015,404-45-612-781,Rajasthan
CDR202600000836,2025-04-16,04:24:47,+919054417755,+916620449138,SMS,0,404672964671416,357560770657471,Rajasthan_BTS_016,404-45-961-655,Rajasthan
CDR202600000853,2025-09-08,21:01:35,+919238646572,+918645734403,VOICE,78,404122546600227,356699898161116,Maharashtra_BTS_002,404-45-718-271,Maharashtra
CDR202600000857,2025-04-28,16:37:37,+919072974918,+917898791568,VOICE,24,404104894938660,351057867197891,Rajasthan_BTS_010,404-45-641-258,Rajasthan
CDR202600000859,2025-06-01,12:37:19,+918179229014,+919758829816,VOICE,497,404426577272797,353309923582225,Maharashtra_BTS_001,404-45-204-095,Maharashtra
CDR202600000864,2025-01-22,06:14:51,+919584865696,+917165016325,VOICE,93,404454113880758,351111817005243,Rajasthan_BTS_013,404-45-400-446,Rajasthan
CDR202600000897,2025-04-13,00:25:47,+918268162582,+916819468956,VOICE,36,404801572112221,353560041063325,Maharashtra_BTS_003,404-45-949-644,Maharashtra
CDR202600000924,2025-09-11,17:03:59,+919264151644,+918666798076,VOICE,165,404688185064574,355552234536942,Delhi_BTS_003,404-45-993-622,Delhi
CDR202600000939,2025-01-31,09:04:03,+917281380741,+917691970519,VOICE,24,404799259442598,359333505100280,TamilNadu_BTS_004,404-45-683-253,Tamil Nadu
CDR202600000963,2025-08-24,17:16:11,+918292296529,+918656840206,VOICE,119,404382658365193,354945589008114,Mumbai_BTS_010,404-45-211-255,Mumbai
CDR202600000980,2025-05-30,23:59:47,+916323610446,+917733617976,SMS,0,404102448409285,357016599069501,UttarPradesh_BTS_009,404-45-378-289,Uttar Pradesh
CDR202600001001,2025-07-07,20:59:39,+916259148611,+916048012150,VOICE,29,404617825779155,352262798414567,WestBengal_BTS_001,404-45-915-996,West Bengal
CDR202600001026,2025-08-29,10:01:43,+919083548905,+919035872592,SMS,0,404016310765459,354321078343470,Mumbai_BTS_011,404-45-287-286,Mumbai
CDR202600001028,2025-08-19,23:21:59,+916427419510,+919780125713,VOICE,139,404618998841302,356756287779275,WestBengal_BTS_006,404-45-906-719,West Bengal
CDR202600001037,2025-09-11,19:05:29,+918168567845,+918328592327,VOICE,95,404952803342322,351897341850605,Maharashtra_BTS_009,404-45-350-168,Maharashtra
CDR202600001039,2025-04-04,23:58:36,+917719582304,+919471554324,MISSED,0,404141578438189,356658309701361,TamilNadu_BTS_005,404-45-734-084,Tamil Nadu
CDR202600001056,2025-09-04,14:29:28,+919885116593,+916587191479,MISSED,0,404573554584697,350387864187171,Rajasthan_BTS_010,404-45-494-391,Rajasthan
CDR202600001077,2025-02-20,21:26:12,+919987672814,+916798129927,MISSED,0,404337914103881,358766259201169,Maharashtra_BTS_008,404-45-818-960,Maharashtra
CDR202600001078,2025-08-05,20:52:32,+916812910123,+917027859936,VOICE,97,404386230778435,354514605780261,WestBengal_BTS_002,404-45-205-363,West Bengal
CDR202600001086,2025-02-08,20:15:00,+919481578095,+919514705651,VOICE,206,404731184559838,353363302337556,TamilNadu_BTS_001,404-45-614-942,Tamil Nadu
CDR202600001087,2025-07-28,16:50:03,+916935232307,+919939243535,MISSED,0,404572288052010,359075642747298,Maharashtra_BTS_007,404-45-479-364,Maharashtra
CDR202600001091,2025-06-15,15:57:26,+918237244526,+916910071557,VOICE,103,404887443731900,359768822021950,UttarPradesh_BTS_011,404-45-533-850,Uttar Pradesh
CDR202600001128,2025-11-04,13:05:00,+917286120422,+917508657835,VOICE,186,404638322742938,355157312403493,Maharashtra_BTS_007,404-45-473-167,Maharashtra
CDR202600001131,2025-09-18,18:00:42,+917337882917,+919353016701,VOICE,45,404033985038244,353428765450910,Maharashtra_BTS_004,404-45-691-197,Maharashtra
CDR202600001145,2025-03-04,09:28:06,+919901118259,+919646677603,VOICE,69,404666084841069,355406627758639,Karnataka_BTS_004,404-45-985-411,Karnataka
CDR202600001151,2025-05-14,10:51:08,+917224334070,+919630217946,VOICE,273,404643011346784,356500291529912,Rajasthan_BTS_013,404-45-400-446,Rajasthan
CDR202600001164,2025-09-16,20:59:14,+916208722564,+917143289283,VOICE,19,404928364320131,350868336622722,UttarPradesh_BTS_003,404-45-736-577,Uttar Pradesh
CDR202600001173,2025-11-28,03:54:29,+917246431648,+919411799141,VOICE,22,404012363005894,356383342247027,UttarPradesh_BTS_012,404-45-233-653,Uttar Pradesh
CDR202600001196,2025-09-20,00:23:36,+918248898163,+919455198541,VOICE,6,404750252756005,353516979591158,Gujarat_BTS_005,404-45-338-518,Gujarat
CDR202600001203,2025-03-31,20:14:12,+919256264316,+916689624081,VOICE,73,404504327748677,356164543648007,UttarPradesh_BTS_001,404-45-371-406,Uttar Pradesh
CDR202600001253,2025-08-29,00:39:00,+916466618745,+917826829645,SMS,0,404067443426390,353004037130724,Gujarat_BTS_007,404-45-703-285,Gujarat
CDR202600001259,2025-12-26,17:23:34,+919251407196,+918317688836,SMS,0,404080962022018,351035090039455,Gujarat_BTS_008,404-45-814-433,Gujarat
CDR202600001305,2025-02-22,21:56:20,+918513829615,+917356164222,VOICE,2,404363714909452,353790820506270,WestBengal_BTS_004,404-45-283-755,West Bengal
CDR202600001332,2025-05-27,13:56:22,+917805833995,+919356297038,SMS,0,404200528997250,359929817415965,Rajasthan_BTS_017,404-45-652-977,Rajasthan
CDR202600001334,2025-10-01,02:27:04,+919689954668,+919714952391,VOICE,92,404962482169580,354487431859263,WestBengal_BTS_003,404-45-735-768,West Bengal
CDR202600001375,2025-04-04,08:04:43,+917801519560,+919201163316,VOICE,3,404794358148161,351276565466601,Rajasthan_BTS_007,404-45-241-522,Rajasthan
CDR202600001380,2025-01-29,07:42:18,+917385213450,+917314734437,SMS,0,404729372928571,354775270289013,Delhi_BTS_003,404-45-662-170,Delhi
CDR202600001394,2025-06-12,03:04:34,+917973251352,+917294504936,SMS,0,404842703324974,350053906234228,Karnataka_BTS_004,404-45-160-169,Karnataka
CDR202600001403,2025-10-01,03:02:40,+917725121411,+917101589949,VOICE,205,404273671133775,353741809469609,Maharashtra_BTS_007,404-45-479-364,Maharashtra
CDR202600001407,2025-01-03,20:14:31,+917114445865,+919831801291,MISSED,0,404790210119349,359824433046521,UttarPradesh_BTS_012,404-45-233-653,Uttar Pradesh
CDR202600001410,2025-11-27,03:45:06,+918584425155,+919075387950,VOICE,99,404576877276392,355808173884923,Maharashtra_BTS_002,404-45-926-045,Maharashtra
CDR202600001433,2025-09-27,12:22:49,+918335471524,+916009017229,VOICE,582,404943595860397,350947287373773,UttarPradesh_BTS_003,404-45-618-272,Uttar Pradesh
CDR202600001442,2025-02-08,18:05:44,+919513296299,+918097404542,VOICE,6,404236173707456,351412412328100,Delhi_BTS_006,404-45-629-463,Delhi
CDR202600001445,2025-03-12,11:21:16,+916082929566,+919489797515,VOICE,66,404761228926790,350254229679963,Mumbai_BTS_007,404-45-196-100,Mumbai
CDR202600001448,2025-12-25,14:13:19,+916294765738,+917179683262,SMS,0,404436117525370,357147122376668,Delhi_BTS_001,404-45-180-088,Delhi
CDR202600001449,2025-08-03,19:35:24,+917776631300,+919966441687,VOICE,39,404198544869698,353663425013585,UttarPradesh_BTS_011,404-45-966-053,Uttar Pradesh
CDR202600001460,2025-12-01,00:33:50,+919677377861,+919713366185,VOICE,662,404890412617546,352285292131740,Rajasthan_BTS_019,404-45-119-115,Rajasthan
CDR202600001469,2025-06-08,14:30:29,+916915091394,+919810694473,VOICE,46,404678390636710,353917473967662,Rajasthan_BTS_017,404-45-652-977,Rajasthan
CDR202600001484,2025-08-27,00:09:28,+919546879057,+919993767689,SMS,0,404161839733863,357925257574864,Maharashtra_BTS_003,404-45-487-081,Maharashtra
CDR202600001487,2025-07-18,19:57:37,+918048118059,+916117522771,VOICE,184,404377242000887,355827202728097,TamilNadu_BTS_003,404-45-169-692,Tamil Nadu
CDR202600001505,2025-01-11,08:01:33,+917490888299,+918984132297,VOICE,195,404858443106377,356536638709319,Mumbai_BTS_011,404-45-287-286,Mumbai
CDR202600001530,2025-11-26,18:24:17,+919869682734,+917221820048,VOICE,87,404840763541305,357055689869382,Mumbai_BTS_010,404-45-211-255,Mumbai
CDR202600001588,2025-11-29,15:01:12,+919435465077,+919952426960,VOICE,377,404951762216179,359979462132885,Mumbai_BTS_010,404-45-296-195,Mumbai
CDR202600001589,2025-09-12,13:09:21,+919951974036,+917230760386,SMS,0,404729973304856,351587713694089,Gujarat_BTS_007,404-45-325-460,Gujarat
CDR202600001610,2025-12-25,04:49:55,+917526964242,+917368161949,VOICE,5,404916845285673,357785855799387,Rajasthan_BTS_012,404-45-798-907,Rajasthan
CDR202600001622,2025-01-23,16:22:42,+918579387995,+918966786260,VOICE,266,404601407442411,351451522781984,Karnataka_BTS_005,404-45-902-804,Karnataka
CDR202600001641,2025-12-01,17:26:56,+916161636790,+918502236248,SMS,0,404032416006259,353937103207004,UttarPradesh_BTS_008,404-45-860-567,Uttar Pradesh
CDR202600001671,2025-01-04,15:20:42,+917549758539,+918912372592,MISSED,0,404332920636521,356622671054620,WestBengal_BTS_005,404-45-785-885,West Bengal
CDR202600001674,2025-11-04,00:15:14,+916565419648,+917640376327,VOICE,396,404188706948239,355941350535795,UttarPradesh_BTS_001,404-45-371-406,Uttar Pradesh
CDR202600001678,2025-09-26,14:53:50,+916429632648,+918796913605,VOICE,129,404858566180420,353977887341390,TamilNadu_BTS_003,404-45-169-692,Tamil Nadu
CDR202600001685,2025-11-09,10:44:58,+917657239820,+919413815735,VOICE,174,404084153171513,353059818724403,Rajasthan_BTS_005,404-45-505-906,Rajasthan
CDR202600001702,2025-12-02,05:05:46,+919561046066,+917066829794,VOICE,18,404446274868719,351051835678147,Rajasthan_BTS_019,404-45-414-246,Rajasthan
CDR202600001715,2025-02-07,12:32:49,+919505479050,+917423945257,SMS,0,404499298404027,351598353762720,Rajasthan_BTS_007,404-45-605-094,Rajasthan
CDR202600001777,2025-06-29,00:38:30,+916138868243,+919432573996,VOICE,7,404209190449383,353481552324366,Gujarat_BTS_003,404-45-704-433,Gujarat
CDR202600001785,2025-10-30,18:48:09,+916983923513,+916356168385,VOICE,12,404363989843685,354481823348266,Rajasthan_BTS_013,404-45-448-115,Rajasthan
CDR202600001797,2025-02-28,08:04:07,+919808010443,+916462747289,VOICE,83,404234136209345,352209915393604,Maharashtra_BTS_005,404-45-181-876,Maharashtra
CDR202600001800,2025-09-27,11:51:27,+917525859950,+917827621750,VOICE,42,404435701007261,353205244452659,Delhi_BTS_003,404-45-371-541,Delhi
CDR202600001816,2025-08-23,21:04:16,+919087336721,+918329684319,VOICE,18,404034854348728,356841696744299,Rajasthan_BTS_007,404-45-470-225,Rajasthan
CDR202600001826,2025-11-16,13:06:42,+918849056087,+917803278203,SMS,0,404554305257637,352996233130498,Rajasthan_BTS_015,404-45-208-892,Rajasthan
CDR202600001833,2025-06-12,17:21:43,+918750445092,+917133264916,VOICE,24,404829745533858,358188229109013,UttarPradesh_BTS_006,404-45-726-827,Uttar Pradesh
CDR202600001838,2025-06-27,05:14:03,+918135847227,+918376125529,VOICE,133,404705839709427,352274483685648,Mumbai_BTS_008,404-45-984-747,Mumbai
CDR202600001844,2025-07-07,17:38:40,+919181703697,+918892470993,VOICE,196,404195778210088,353461687222650,Rajasthan_BTS_001,404-45-755-705,Rajasthan
CDR202600001861,2025-04-22,04:21:01,+917654232184,+918148392067,SMS,0,404850782025279,359043332001581,Rajasthan_BTS_006,404-45-246-272,Rajasthan
CDR202600001882,2025-06-20,23:00:17,+918641911927,+919898277174,VOICE,165,404537909276345,351316554821625,UttarPradesh_BTS_006,404-45-726-827,Uttar Pradesh
CDR202600001891,2025-07-11,16:47:27,+918535912450,+918001718408,VOICE,138,404181531758121,352125690015872,Rajasthan_BTS_019,404-45-414-246,Rajasthan
CDR202600001908,2025-06-29,05:24:09,+917501730315,+918024212426,VOICE,163,404520349735961,357930870044264,Maharashtra_BTS_003,404-45-487-081,Maharashtra
CDR202600001935,2025-05-30,16:38:49,+917893772136,+919862546050,VOICE,123,404429532819085,353373947208139,Rajasthan_BTS_016,404-45-961-655,Rajasthan
CDR202600001937,2025-01-20,15:36:34,+917975423561,+919395517234,VOICE,20,404972382407472,354824819097886,Rajasthan_BTS_006,404-45-862-575,Rajasthan
CDR202600001952,2025-11-17,13:37:19,+918338611439,+918207421117,VOICE,333,404664037892493,356158644387525,Maharashtra_BTS_003,404-45-649-128,Maharashtra
CDR202600001963,2025-08-20,05:58:32,+919545954622,+917429125374,SMS,0,404811126705487,350421196296396,Rajasthan_BTS_010,404-45-641-258,Rajasthan
CDR202600001977,2025-02-13,21:54:20,+919811226045,+919384954099,VOICE,10,404638213725374,350524536878750,Gujarat_BTS_001,404-45-859-282,Gujarat
CDR202600001992,2025-06-16,15:40:57,+919939243535,+918358273972,VOICE,314,404534470716340,352191846903788,Maharashtra_BTS_003,404-45-949-644,Maharashtra
CDR202600002010,2025-10-24,11:00:58,+917309336129,+916365135813,VOICE,374,404982581860448,358566519455425,WestBengal_BTS_003,404-45-342-886,West Bengal
CDR202600002021,2025-03-27,01:17:41,+917136919849,+917529034884,VOICE,111,404686926242393,351556743422821,Karnataka_BTS_006,404-45-669-678,Karnataka
CDR202600002035,2025-03-31,07:16:56,+918700671092,+919425196407,VOICE,345,404353205594019,358268170015396,Mumbai_BTS_008,404-45-520-479,Mumbai
CDR202600002056,2025-03-19,02:08:50,+917668323714,+917676778478,VOICE,29,404911142353809,353310635461271,Rajasthan_BTS_004,404-45-374-068,Rajasthan
CDR202600002059,2025-03-13,13:06:22,+916965898142,+916448080635,VOICE,147,404262293943609,359645365912099,Rajasthan_BTS_017,404-45-652-977,Rajasthan
CDR202600002061,2025-10-29,19:29:03,+919470525787,+919732696528,VOICE,46,404511572349636,353167444461153,Mumbai_BTS_007,404-45-196-100,Mumbai
CDR202600002072,2025-03-10,09:14:39,+918628943401,+918679677646,VOICE,291,404435931818199,353550522096207,Maharashtra_BTS_008,404-45-799-664,Maharashtra
CDR202600002108,2025-03-12,17:48:06,+919461257360,+917594521346,VOICE,173,404124789873520,350217871310549,Karnataka_BTS_003,404-45-597-493,Karnataka
CDR202600002124,2025-11-26,19:48:18,+918750445092,+919115239082,VOICE,126,404829745533858,352429317504650,Maharashtra_BTS_007,404-45-473-167,Maharashtra
CDR202600002126,2025-10-19,20:16:11,+919480087794,+917638080920,VOICE,76,404788837955307,359328123776725,UttarPradesh_BTS_015,404-45-658-037,Uttar Pradesh
CDR202600002131,2025-08-19,21:40:37,+916908228505,+919780125713,VOICE,75,404906057084823,351426409714398,TamilNadu_BTS_004,404-45-683-253,Tamil Nadu
CDR202600002134,2025-07-03,02:48:10,+919210440205,+918432597979,SMS,0,404614263663820,350677466958333,Mumbai_BTS_003,404-45-334-070,Mumbai
CDR202600002139,2025-04-02,08:01:58,+917725121411,+918817995230,VOICE,75,404273671133775,353741809469609,UttarPradesh_BTS_002,404-45-568-324,Uttar Pradesh
CDR202600002162,2025-06-13,16:39:24,+916525185027,+916348016574,MISSED,0,404326868524567,350916689779859,Karnataka_BTS_008,404-45-693-754,Karnataka
CDR202600002203,2025-10-04,00:53:24,+917542475562,+918224409672,VOICE,23,404368384365362,355926837760321,Karnataka_BTS_002,404-45-195-949,Karnataka
CDR202600002215,2025-06-04,04:23:30,+919696482418,+918278086239,VOICE,120,404680864369710,350447888309040,Karnataka_BTS_005,404-45-902-804,Karnataka
CDR202600002222,2025-09-23,14:02:58,+919947355979,+916674498908,MISSED,0,404337269587496,352607597038756,UttarPradesh_BTS_013,404-45-265-760,Uttar Pradesh
CDR202600002229,2025-02-12,00:05:09,+917439684478,+919318512872,VOICE,74,404373437976019,359597030288832,UttarPradesh_BTS_015,404-45-658-037,Uttar Pradesh
CDR202600002252,2025-01-06,23:06:32,+918707498242,+918303854300,VOICE,152,404424071853869,358972338624894,UttarPradesh_BTS_014,404-45-214-078,Uttar Pradesh
CDR202600002278,2025-03-29,12:28:18,+919359991607,+917016256207,VOICE,355,404715151074566,356015168849759,Maharashtra_BTS_005,404-45-181-876,Maharashtra
CDR202600002305,2025-08-30,03:35:32,+918133493776,+919272430756,VOICE,242,404851434879460,357292330025722,Karnataka_BTS_003,404-45-597-493,Karnataka
CDR202600002311,2025-01-04,01:52:18,+918912372592,+919913844773,VOICE,57,404393736192069,352817084443637,UttarPradesh_BTS_013,404-45-552-565,Uttar Pradesh
CDR202600002329,2025-01-01,03:12:27,+918237244526,+916447047934,VOICE,114,404887443731900,359768822021950,Maharashtra_BTS_002,404-45-967-353,Maharashtra
CDR202600002346,2025-11-12,16:01:25,+918407317690,+916115268967,SMS,0,404328511152985,358813516346780,Gujarat_BTS_007,404-45-928-891,Gujarat
CDR202600002369,2025-04-15,10:58:15,+917412022460,+919061094674,VOICE,1,404127799645791,359981504094539,Mumbai_BTS_005,404-45-626-244,Mumbai
CDR202600002401,2025-01-13,13:26:39,+918537038492,+918644955582,VOICE,16,404663224404233,353005724366776,Maharashtra_BTS_007,404-45-314-687,Maharashtra
CDR202600002404,2025-07-15,11:21:47,+917932714229,+919295208447,VOICE,3,404343294383778,359890553206851,TamilNadu_BTS_002,404-45-620-083,Tamil Nadu
CDR202600002413,2025-01-20,19:56:29,+918601678460,+919188828804,VOICE,31,404727812152075,356445824819018,Mumbai_BTS_009,404-45-162-413,Mumbai
CDR202600002414,2025-12-10,21:41:25,+917771619502,+918984132297,SMS,0,404335107906843,351690190987287,Maharashtra_BTS_007,404-45-750-855,Maharashtra
CDR202600002451,2025-02-14,03:27:56,+919942872445,+918023743035,VOICE,74,404333479022394,351865889370906,Delhi_BTS_001,404-45-999-581,Delhi
CDR202600002485,2025-01-11,02:28:00,+919746008283,+916996856686,VOICE,95,404334499511132,356513671900448,Gujarat_BTS_005,404-45-338-518,Gujarat
CDR202600002487,2025-06-07,06:23:11,+918338572713,+916243076353,VOICE,399,404486680876769,359089063237279,Delhi_BTS_001,404-45-180-088,Delhi
CDR202600002499,2025-12-20,05:44:28,+916101094421,+916658481061,VOICE,123,404540278138947,354038409418467,Rajasthan_BTS_012,404-45-798-907,Rajasthan
CDR202600002500,2025-08-07,13:00:48,+919505939409,+918560214777,VOICE,2,404566555215293,351942426647075,Delhi_BTS_005,404-45-508-688,Delhi
CDR202600002511,2025-12-26,21:14:35,+918438901003,+919063194499,VOICE,275,404300837083033,353626590330348,Maharashtra_BTS_006,404-45-489-285,Maharashtra
CDR202600002515,2025-10-01,09:20:39,+918229691970,+916927808946,VOICE,82,404710227528762,358889692984773,TamilNadu_BTS_001,404-45-158-052,Tamil Nadu
CDR202600002521,2025-07-16,12:50:37,+917668323714,+917327208351,VOICE,91,404911142353809,353310635461271,Maharashtra_BTS_003,404-45-665-301,Maharashtra
CDR202600002525,2025-08-13,10:10:13,+916573120507,+918802121362,VOICE,138,404973490169939,350726608773068,Rajasthan_BTS_010,404-45-641-258,Rajasthan
CDR202600002527,2025-02-12,01:06:53,+917206337895,+919451072788,SMS,0,404815564135365,355264736263514,Delhi_BTS_004,404-45-847-707,Delhi
CDR202600002530,2025-02-09,23:27:25,+917490292707,+916352073232,VOICE,7,404467706002278,351005446328721,Mumbai_BTS_011,404-45-243-433,Mumbai
CDR202600002539,2025-11-16,07:41:56,+919577730855,+918581648684,VOICE,283,404278748409547,357107146514053,WestBengal_BTS_004,404-45-522-026,West Bengal
CDR202600002561,2025-11-29,13:04:54,+917846405724,+916401402202,VOICE,58,404634678235611,354937861047167,Rajasthan_BTS_014,404-45-564-004,Rajasthan
CDR202600002584,2025-01-23,11:29:02,+917626526174,+918750445092,VOICE,705,404389859076199,357601285089590,UttarPradesh_BTS_005,404-45-478-292,Uttar Pradesh
CDR202600002599,2025-03-04,23:44:53,+918698090248,+919269942245,VOICE,114,404444847520739,358964812715201,WestBengal_BTS_009,404-45-304-837,West Bengal
CDR202600002600,2025-05-30,19:20:12,+919463351743,+918508994332,VOICE,214,404428572919739,353680846543826,Rajasthan_BTS_004,404-45-316-936,Rajasthan
CDR202600002604,2025-10-21,20:54:58,+916817019152,+917072123291,VOICE,16,404231217152799,351462525351204,WestBengal_BTS_001,404-45-981-041,West Bengal
CDR202600002608,2025-07-21,08:40:25,+917228675938,+918782882163,SMS,0,404440284116771,356185755968848,Rajasthan_BTS_004,404-45-316-936,Rajasthan
CDR202600002611,2025-05-23,06:46:56,+919976782155,+916484393957,VOICE,145,404964747345476,358908149840555,Rajasthan_BTS_015,404-45-612-781,Rajasthan
CDR202600002671,2025-12-01,14:59:51,+918943125746,+919322807894,VOICE,11,404168942611256,351784686010715,Delhi_BTS_006,404-45-629-463,Delhi
CDR202600002677,2025-09-23,16:08:55,+919018461351,+916769659872,VOICE,225,404773704391020,350784103760163,Rajasthan_BTS_009,404-45-742-164,Rajasthan
CDR202600002697,2025-06-24,16:17:40,+918473269592,+919108306719,VOICE,35,404467580289227,358129775878723,Mumbai_BTS_007,404-45-348-804,Mumbai
CDR202600002707,2025-01-17,00:51:18,+917113752610,+918555023947,VOICE,193,404965372788505,358467100462428,Karnataka_BTS_007,404-45-294-304,Karnataka
CDR202600002738,2025-01-15,05:59:55,+917108740274,+917545752288,VOICE,28,404284426326187,355625048600552,Rajasthan_BTS_006,404-45-246-272,Rajasthan
CDR202600002777,2025-08-30,09:11:39,+918958328128,+918819627982,VOICE,38,404255811615132,354261399918380,Karnataka_BTS_005,404-45-102-400,Karnataka
CDR202600002781,2025-01-29,12:40:39,+916084590218,+916580744080,VOICE,134,404710489379335,355052302074090,Karnataka_BTS_005,404-45-102-400,Karnataka
CDR202600002852,2025-02-07,00:28:15,+918160527579,+917549758539,SMS,0,404006528525093,358801880623086,Gujarat_BTS_005,404-45-716-028,Gujarat
CDR202600002855,2025-07-27,22:54:34,+917392333759,+919034522106,SMS,0,404572775144766,353860277588013,UttarPradesh_BTS_007,404-45-999-138,Uttar Pradesh
CDR202600002859,2025-12-11,11:06:02,+918279910426,+919558612529,SMS,0,404145706757068,354004430320884,Mumbai_BTS_007,404-45-196-100,Mumbai
CDR202600002862,2025-12-23,22:41:15,+916845331824,+919164081065,VOICE,44,404628334104639,355902365483111,UttarPradesh_BTS_012,404-45-233-653,Uttar Pradesh
CDR202600002865,2025-05-28,23:36:50,+917475788834,+919819865320,VOICE,70,404018421647527,352331354067753,WestBengal_BTS_005,404-45-901-954,West Bengal
CDR202600002907,2025-07-30,15:46:48,+918404329290,+919294197334,VOICE,16,404269251601076,358894153132956,UttarPradesh_BTS_005,404-45-478-292,Uttar Pradesh
CDR202600002918,2025-01-28,16:01:33,+918984132297,+919378862324,VOICE,226,404120193048594,351266724525504,UttarPradesh_BTS_013,404-45-265-760,Uttar Pradesh
CDR202600002924,2025-03-17,00:44:35,+919500387142,+918978860352,SMS,0,404723869506877,355298936817240,UttarPradesh_BTS_011,404-45-357-928,Uttar Pradesh
CDR202600002929,2025-08-10,17:58:16,+917794181831,+917298856988,VOICE,231,404812323546107,350590506979434,UttarPradesh_BTS_010,404-45-749-874,Uttar Pradesh
CDR202600002932,2025-02-01,11:37:26,+919282430009,+919281112714,MISSED,0,404555561566700,358438580519187,Maharashtra_BTS_006,404-45-987-104,Maharashtra
CDR202600002997,2025-02-04,23:05:19,+918107066285,+919451505924,VOICE,52,404549174076855,358850283648944,Mumbai_BTS_007,404-45-196-100,Mumbai
CDR202600003001,2025-11-30,02:47:16,+918279910426,+917159170816,SMS,0,404145706757068,354004430320884,Karnataka_BTS_006,404-45-669-678,Karnataka
CDR202600003016,2025-08-08,04:42:09,+917750018186,+918147188723,VOICE,135,404501555353412,359396441541553,UttarPradesh_BTS_013,404-45-822-438,Uttar Pradesh
CDR202600003023,2025-12-24,15:37:47,+919762234042,+919590554638,VOICE,147,404301171300967,353279036701435,Delhi_BTS_005,404-45-830-320,Delhi
CDR202600003029,2025-05-14,19:06:00,+919689954668,+918328382428,VOICE,9,404962482169580,354487431859263,WestBengal_BTS_002,404-45-315-699,West Bengal
CDR202600003072,2025-07-31,15:27:29,+916028073851,+918621001114,SMS,0,404331703235308,352624009006363,Mumbai_BTS_007,404-45-348-804,Mumbai
CDR202600003073,2025-12-08,22:53:18,+916737515115,+918524506203,MISSED,0,404360316056171,351269428395635,UttarPradesh_BTS_010,404-45-370-518,Uttar Pradesh
CDR202600003084,2025-09-07,01:49:25,+917795530276,+919521875296,VOICE,299,404388681313721,351611048138259,Mumbai_BTS_002,404-45-702-226,Mumbai
CDR202600003125,2025-08-12,13:41:56,+919318156546,+919648858310,VOICE,48,404673932649158,355201666013101,UttarPradesh_BTS_005,404-45-478-292,Uttar Pradesh
CDR202600003141,2025-10-14,18:31:15,+918501533467,+918571323060,VOICE,85,404131687956177,352429709512718,Rajasthan_BTS_006,404-45-651-270,Rajasthan
CDR202600003142,2025-04-05,08:29:47,+918850787121,+919287806866,VOICE,76,404454555808620,356330698553503,Rajasthan_BTS_001,404-45-670-225,Rajasthan
CDR202600003145,2025-07-12,21:54:15,+917650687520,+917627289560,VOICE,2,404004633415544,350153309014082,Maharashtra_BTS_002,404-45-967-353,Maharashtra
CDR202600003175,2025-03-10,18:00:56,+918089636555,+916801079158,VOICE,112,404486303553143,350252839904629,Karnataka_BTS_003,404-45-270-417,Karnataka
CDR202600003182,2025-07-03,16:20:12,+919141769180,+918859333151,VOICE,72,404155677639442,359039561439856,Rajasthan_BTS_012,404-45-798-907,Rajasthan
CDR202600003190,2025-11-14,22:54:26,+919902167173,+919721137696,VOICE,56,404885809111241,350376403525825,Maharashtra_BTS_002,404-45-199-368,Maharashtra
CDR202600003199,2025-02-06,04:31:26,+916045551968,+919783341503,VOICE,5,404941451916968,359060440546821,Delhi_BTS_004,404-45-652-774,Delhi
CDR202600003213,2025-03-20,17:26:29,+917150010477,+916866588584,SMS,0,404379997963274,358862571013301,Rajasthan_BTS_017,404-45-880-166,Rajasthan
CDR202600003222,2025-04-19,13:40:18,+917368231220,+916911142376,VOICE,131,404249370085214,352799831662494,Maharashtra_BTS_007,404-45-314-687,Maharashtra
CDR202600003236,2025-01-17,22:14:08,+916177150902,+917308030520,VOICE,3,404672777539381,350485103528476,Maharashtra_BTS_001,404-45-204-095,Maharashtra
CDR202600003245,2025-01-02,20:12:16,+918741550706,+917835301377,VOICE,143,404503668221584,357972942224507,TamilNadu_BTS_004,404-45-513-123,Tamil Nadu
CDR202600003250,2025-07-12,13:54:05,+918028365101,+919333238923,VOICE,3,404306689023286,354283499867601,Karnataka_BTS_007,404-45-322-992,Karnataka
CDR202600003260,2025-02-13,08:42:51,+917429104397,+917202552638,VOICE,9,404006156605622,355563126910038,Maharashtra_BTS_009,404-45-646-747,Maharashtra
CDR202600003264,2025-03-26,11:17:14,+916040197081,+916015450890,SMS,0,404410923528424,359667456124028,WestBengal_BTS_001,404-45-915-996,West Bengal
CDR202600003274,2025-10-28,06:25:56,+916356003739,+917336869670,MISSED,0,404030289094045,355003111474583,WestBengal_BTS_004,404-45-522-026,West Bengal
CDR202600003319,2025-05-13,18:34:02,+917330684763,+916906737601,VOICE,6,404994905952113,352705936611789,WestBengal_BTS_003,404-45-266-820,West Bengal
CDR202600003329,2025-01-07,05:24:21,+917750018186,+919976782155,VOICE,42,404501555353412,359396441541553,Mumbai_BTS_006,404-45-319-553,Mumbai
CDR202600003359,2025-08-30,13:08:47,+919412279889,+917291698031,VOICE,73,404742125811759,355669329206147,UttarPradesh_BTS_008,404-45-860-567,Uttar Pradesh
CDR202600003366,2025-07-01,15:03:49,+916045551968,+916356168385,VOICE,108,404941451916968,359060440546821,UttarPradesh_BTS_001,404-45-234-688,Uttar Pradesh
CDR202600003374,2025-12-09,12:47:48,+919345231893,+916798129927,VOICE,62,404841123582734,357477266962404,Rajasthan_BTS_008,404-45-981-113,Rajasthan
CDR202600003387,2025-05-25,22:47:03,+918537191794,+919726146663,VOICE,131,404002422058820,359844095525162,Gujarat_BTS_002,404-45-854-105,Gujarat
CDR202600003402,2025-08-06,17:31:06,+919458003318,+917338873625,VOICE,189,404149788244076,350705976494619,UttarPradesh_BTS_003,404-45-736-577,Uttar Pradesh
CDR202600003408,2025-04-01,18:48:29,+919521039482,+918841644330,VOICE,135,404466115222472,350581266035703,UttarPradesh_BTS_003,404-45-736-577,Uttar Pradesh
CDR202600003420,2025-09-14,03:39:18,+919990782892,+918168929275,VOICE,44,404515736538903,352655559422146,Maharashtra_BTS_003,404-45-487-081,Maharashtra
CDR202600003425,2025-05-15,18:30:51,+918682534164,+919295208447,VOICE,5,404398224101371,356644749682183,Mumbai_BTS_010,404-45-296-195,Mumbai
CDR202600003430,2025-04-03,19:22:20,+919181703697,+917454988072,SMS,0,404195778210088,353461687222650,UttarPradesh_BTS_012,404-45-233-653,Uttar Pradesh
CDR202600003458,2025-01-01,12:26:30,+916586472494,+918653181719,VOICE,10,404877334535763,352143295907109,Delhi_BTS_002,404-45-884-129,Delhi
CDR202600003484,2025-01-01,06:07:43,+916995819189,+917317107948,SMS,0,404635454737221,351157124795211,Rajasthan_BTS_007,404-45-241-522,Rajasthan
CDR202600003497,2025-07-26,07:41:29,+917151832568,+918155040073,VOICE,6,404281632319340,357634324256395,Rajasthan_BTS_012,404-45-798-907,Rajasthan
CDR202600003502,2025-06-22,05:04:05,+919893131754,+918349992667,VOICE,282,404260928004629,350830075504748,Maharashtra_BTS_004,404-45-691-197,Maharashtra
CDR202600003560,2025-06-27,19:23:12,+917896616394,+918395953111,SMS,0,404591387784449,358927117625226,Mumbai_BTS_011,404-45-573-256,Mumbai
CDR202600003565,2025-02-14,17:48:28,+919948601321,+917082905925,VOICE,38,404987431130739,351836348769988,UttarPradesh_BTS_003,404-45-618-272,Uttar Pradesh
CDR202600003599,2025-11-16,01:00:36,+917461491478,+916813042097,VOICE,141,404398198011560,358198234070620,UttarPradesh_BTS_010,404-45-370-518,Uttar Pradesh
CDR202600003604,2025-08-09,04:23:54,+916703211022,+918182107087,MISSED,0,404192686356883,359390218447852,Gujarat_BTS_007,404-45-106-778,Gujarat
CDR202600003608,2025-06-02,04:38:26,+917461491478,+919983692422,VOICE,96,404398198011560,356077732474515,TamilNadu_BTS_006,404-45-367-210,Tamil Nadu
CDR202600003660,2025-09-21,18:54:10,+918400893265,+916433419172,VOICE,51,404986933178149,354156849302189,Mumbai_BTS_007,404-45-516-195,Mumbai
CDR202600003673,2025-11-11,23:58:53,+918038021334,+916554854531,VOICE,37,404466639978406,352870361731726,Rajasthan_BTS_010,404-45-641-258,Rajasthan
CDR202600003680,2025-01-20,02:57:35,+918053012888,+916048012150,VOICE,68,404510812631536,353490562176164,Rajasthan_BTS_003,404-45-924-324,Rajasthan
CDR202600003704,2025-08-20,07:36:06,+916347851781,+919668763787,VOICE,48,404199709609987,357478574556269,Delhi_BTS_002,404-45-231-676,Delhi
CDR202600003710,2025-04-08,16:45:32,+919899054849,+919506465538,VOICE,186,404077851458618,355207790911692,Mumbai_BTS_009,404-45-162-413,Mumbai
CDR202600003715,2025-06-23,17:45:54,+918161092580,+917685736858,VOICE,36,404210462818783,356729822138852,Mumbai_BTS_005,404-45-626-244,Mumbai
CDR202600003733,2025-12-14,22:29:28,+916391469193,+917326440547,SMS,0,404168582404303,352750066121920,Mumbai_BTS_006,404-45-785-498,Mumbai
CDR202600003737,2025-10-10,22:36:42,+917701689307,+917001870786,MISSED,0,404210206920260,352686153796303,Rajasthan_BTS_007,404-45-241-522,Rajasthan
CDR202600003742,2025-06-22,01:06:01,+917937550668,+919377120878,VOICE,98,404328676535974,356532030347240,Rajasthan_BTS_006,404-45-651-270,Rajasthan
CDR202600003743,2025-03-02,06:10:53,+918048118059,+916744202557,VOICE,199,404377242000887,355827202728097,WestBengal_BTS_005,404-45-521-822,West Bengal
CDR202600003777,2025-12-09,06:57:14,+919938247444,+917324389138,VOICE,302,404181150208640,353001387531480,Rajasthan_BTS_010,404-45-710-066,Rajasthan
CDR202600003792,2025-11-03,10:12:37,+917253451310,+919021104070,VOICE,49,404101208334605,351834242207603,Maharashtra_BTS_004,404-45-146-678,Maharashtra
CDR202600003799,2025-08-19,04:09:43,+919377120878,+919839346283,VOICE,76,404701041975815,350956831409566,WestBengal_BTS_004,404-45-522-026,West Bengal
CDR202600003811,2025-09-10,16:59:26,+916320853787,+917221820048,VOICE,477,404219702317039,351234250113016,UttarPradesh_BTS_012,404-45-145-004,Uttar Pradesh
CDR202600003816,2025-12-22,05:49:42,+916278217913,+918645734403,MISSED,0,404259022656763,355805165909224,Mumbai_BTS_011,404-45-573-256,Mumbai
CDR202600003822,2025-08-03,17:02:12,+917308030520,+917359214926,VOICE,83,404141085729438,356833672174535,Maharashtra_BTS_007,404-45-314-687,Maharashtra
CDR202600003833,2025-10-16,23:23:03,+917087455813,+917537891077,VOICE,353,404625100793347,358823910068242,Mumbai_BTS_005,404-45-626-244,Mumbai
CDR202600003883,2025-05-30,22:40:14,+919234911225,+916737986034,VOICE,161,404140644645267,352963611414607,WestBengal_BTS_004,404-45-283-755,West Bengal
CDR202600003893,2025-01-27,23:50:48,+916915091394,+916812527503,VOICE,7,404678390636710,353917473967662,UttarPradesh_BTS_011,404-45-966-053,Uttar Pradesh
CDR202600003894,2025-11-22,08:19:49,+918451295238,+918917058490,VOICE,458,404865087357160,356996084476529,Rajasthan_BTS_001,404-45-670-225,Rajasthan
CDR202600003897,2025-10-10,13:21:43,+918537675188,+918654893141,VOICE,203,404238339791786,357982534383911,WestBengal_BTS_003,404-45-266-820,West Bengal
CDR202600003902,2025-04-19,05:49:51,+918648812335,+916813042097,VOICE,242,404626063690153,352561621655971,Rajasthan_BTS_001,404-45-670-225,Rajasthan
CDR202600003932,2025-03-15,19:51:22,+917439098498,+916541196865,VOICE,28,404123690617632,356937589106593,Delhi_BTS_003,404-45-371-541,Delhi
CDR202600003934,2025-06-01,17:24:50,+917654232184,+919332010730,SMS,0,404850782025279,359043332001581,Delhi_BTS_006,404-45-223-254,Delhi
CDR202600003942,2025-08-19,12:29:56,+918155040073,+916906737601,VOICE,31,404597732804868,359769031075160,Rajasthan_BTS_012,404-45-798-907,Rajasthan
CDR202600003950,2025-07-14,10:50:29,+918386857947,+919963923994,VOICE,124,404078416980158,354034089734219,Maharashtra_BTS_005,404-45-891-297,Maharashtra
CDR202600003957,2025-09-26,23:01:01,+917735506680,+918916760794,VOICE,155,404180501337592,357499946852853,Maharashtra_BTS_009,404-45-350-168,Maharashtra
CDR202600003965,2025-02-01,06:53:57,+917222107735,+917924995621,VOICE,324,404758513221061,352182253294109,WestBengal_BTS_006,404-45-373-164,West Bengal
CDR202600003968,2025-01-26,18:36:52,+917445304099,+916537754178,VOICE,92,404531470466848,359579162032643,Karnataka_BTS_001,404-45-767-554,Karnataka
CDR202600003988,2025-12-22,10:52:07,+917935702426,+917599232407,VOICE,130,404080880735091,351941214544527,Gujarat_BTS_005,404-45-338-518,Gujarat
CDR202600004000,2025-09-09,11:07:38,+917685568330,+917600606591,VOICE,197,404538801443233,356861719798878,TamilNadu_BTS_006,404-45-678-536,Tamil Nadu
CDR202600004020,2025-08-20,20:25:21,+918897183146,+916720582936,VOICE,180,404171778971064,357654444675242,Maharashtra_BTS_001,404-45-204-095,Maharashtra
CDR202600004025,2025-12-05,17:37:34,+917970169332,+918847017234,VOICE,15,404164984931394,359981012273854,WestBengal_BTS_001,404-45-915-996,West Bengal
CDR202600004034,2025-03-31,00:55:34,+916763975075,+917670399159,VOICE,204,404772074110695,352556284894219,Rajasthan_BTS_019,404-45-471-900,Rajasthan
CDR202600004037,2025-08-22,03:59:57,+917861070842,+916189433325,VOICE,19,404678079569957,358269007097758,UttarPradesh_BTS_006,404-45-769-542,Uttar Pradesh
CDR202600004059,2025-12-14,12:57:55,+917881796471,+917640376327,VOICE,174,404164399349034,356455639145259,Delhi_BTS_002,404-45-935-071,Delhi
CDR202600004067,2025-11-20,16:31:04,+917285876259,+916239903629,VOICE,107,404979128966102,352485798085342,Rajasthan_BTS_010,404-45-710-480,Rajasthan
CDR202600004094,2025-10-30,18:28:03,+916804593310,+918560214777,VOICE,26,404667659729163,358633520978762,Delhi_BTS_002,404-45-935-071,Delhi
CDR202600004112,2025-03-01,12:18:16,+919555172985,+919686242865,VOICE,277,404604201208544,358425382156771,TamilNadu_BTS_006,404-45-678-536,Tamil Nadu
CDR202600004116,2025-03-30,12:24:48,+917057305763,+917139435997,SMS,0,404434453836044,352803608790508,UttarPradesh_BTS_006,404-45-108-684,Uttar Pradesh
CDR202600004131,2025-10-05,02:49:42,+918293896404,+917129098232,VOICE,187,404482953113495,352852321828278,Mumbai_BTS_008,404-45-984-747,Mumbai
CDR202600004137,2025-04-19,11:36:58,+917188146830,+917055020289,VOICE,26,404102946232568,353042767210796,Maharashtra_BTS_007,404-45-750-855,Maharashtra
CDR202600004147,2025-08-03,02:58:51,+916899271434,+918365467938,VOICE,403,404421629476650,357285006818961,Maharashtra_BTS_001,404-45-881-345,Maharashtra
CDR202600004169,2025-07-22,14:22:52,+919181703697,+916182088860,VOICE,175,404195778210088,353461687222650,Maharashtra_BTS_005,404-45-891-297,Maharashtra
CDR202600004188,2025-10-12,11:48:36,+916082929566,+919278852144,VOICE,62,404761228926790,352559665473969,Delhi_BTS_003,404-45-662-170,Delhi
CDR202600004198,2025-10-18,17:32:51,+916308738289,+916724635767,VOICE,22,404709937393612,351921504599232,Delhi_BTS_004,404-45-652-774,Delhi
CDR202600004246,2025-11-23,11:06:49,+916618794445,+919130586165,VOICE,100,404023856599305,356046545386272,Rajasthan_BTS_006,404-45-242-253,Rajasthan
CDR202600004257,2025-06-28,11:43:03,+917245082128,+917044675054,VOICE,137,404636703990686,354207865340319,Maharashtra_BTS_007,404-45-479-364,Maharashtra
CDR202600004262,2025-07-21,10:18:24,+918162606199,+918373340094,MISSED,0,404401946268946,358070891815511,Maharashtra_BTS_006,404-45-987-104,Maharashtra
CDR202600004263,2025-08-19,04:17:55,+919934674128,+918881476163,VOICE,58,404020713383902,355999713874232,Karnataka_BTS_004,404-45-160-169,Karnataka
CDR202600004266,2025-10-19,00:53:29,+916769659872,+916790845663,VOICE,29,404477243766572,357392726908890,Rajasthan_BTS_012,404-45-798-907,Rajasthan
CDR202600004269,2025-05-20,14:20:32,+918810305517,+918279910426,VOICE,149,404314836235386,350856106789044,Mumbai_BTS_007,404-45-348-804,Mumbai
CDR202600004273,2025-03-08,12:32:27,+917626526174,+918036813239,VOICE,109,404389859076199,357601285089590,Delhi_BTS_003,404-45-533-988,Delhi
CDR202600004281,2025-02-02,23:28:32,+917824786178,+919535247972,VOICE,1,404091082809777,354429422256553,TamilNadu_BTS_004,404-45-683-253,Tamil Nadu
CDR202600004317,2025-09-23,21:37:32,+918195378631,+918613480895,VOICE,63,404698053053455,350108333731199,Rajasthan_BTS_007,404-45-470-225,Rajasthan
CDR202600004320,2025-02-10,02:46:12,+919306698575,+916850067098,VOICE,78,404408764215537,353364932792650,WestBengal_BTS_003,404-45-258-948,West Bengal
CDR202600004343,2025-05-27,08:14:11,+919621768862,+919859196436,VOICE,149,404971922494749,356604195330948,Mumbai_BTS_001,404-45-446-022,Mumbai
CDR202600004355,2025-08-13,01:54:05,+916373848076,+918834836903,SMS,0,404509580685639,352268362480440,UttarPradesh_BTS_005,404-45-261-449,Uttar Pradesh
CDR202600004370,2025-06-11,08:18:32,+917880299136,+917414233317,MISSED,0,404707459088072,356825955376238,Delhi_BTS_001,404-45-180-088,Delhi
CDR202600004374,2025-01-29,18:33:38,+919349124692,+916737413407,VOICE,106,404929195916365,357142952978753,WestBengal_BTS_009,404-45-571-359,West Bengal
CDR202600004377,2025-10-17,21:32:10,+917775289058,+919359991607,VOICE,256,404307119585581,354353774633082,WestBengal_BTS_003,404-45-266-820,West Bengal
CDR202600004386,2025-03-19,05:25:03,+918195330106,+917862795714,VOICE,17,404445931302866,351437987633186,Mumbai_BTS_008,404-45-984-747,Mumbai
CDR202600004396,2025-07-22,05:38:23,+918796913605,+917066829794,VOICE,36,404709089507140,353125055140913,Mumbai_BTS_001,404-45-446-022,Mumbai
CDR202600004403,2025-03-07,11:18:32,+919500939012,+919671899518,VOICE,76,404128292672883,357968907185166,Delhi_BTS_003,404-45-371-541,Delhi
CDR202600004431,2025-05-02,13:15:54,+917657701816,+916931620641,VOICE,205,404290177904632,359051882662015,Gujarat_BTS_004,404-45-130-096,Gujarat
CDR202600004450,2025-06-07,06:13:55,+919346555742,+918682534164,VOICE,3,404100635335247,359831867403427,Mumbai_BTS_002,404-45-107-073,Mumbai
CDR202600004460,2025-06-11,23:53:37,+917097587727,+917641309711,VOICE,113,404431273722786,357840756073592,Mumbai_BTS_003,404-45-334-070,Mumbai
CDR202600004469,2025-02-25,01:27:37,+919206603918,+917803278203,VOICE,10,404134848887340,354142905288675,WestBengal_BTS_001,404-45-230-043,West Bengal
CDR202600004482,2025-12-11,03:01:37,+917040011170,+917030398399,VOICE,36,404463136955121,354560862477565,WestBengal_BTS_002,404-45-315-699,West Bengal
CDR202600004483,2025-08-10,18:45:38,+917643657778,+918206334544,MISSED,0,404149433513759,352391277831116,Rajasthan_BTS_013,404-45-400-446,Rajasthan
CDR202600004491,2025-01-05,13:58:48,+919083834177,+916759102103,SMS,0,404592093640428,355586761871825,Maharashtra_BTS_002,404-45-199-368,Maharashtra
CDR202600004492,2025-02-25,18:54:44,+918407317690,+916938174319,VOICE,31,404328511152985,358813516346780,Karnataka_BTS_005,404-45-102-400,Karnataka
CDR202600004528,2025-10-21,06:34:11,+917691728825,+919582303603,SMS,0,404010972084597,357918586892171,Rajasthan_BTS_015,404-45-612-781,Rajasthan
CDR202600004530,2025-01-24,05:54:59,+918792088200,+917221820048,VOICE,5,404614676891916,353122788406575,UttarPradesh_BTS_001,404-45-371-406,Uttar Pradesh
CDR202600004558,2025-01-14,02:22:26,+919311039653,+917686460305,VOICE,210,404193726016782,359886921315183,Rajasthan_BTS_013,404-45-400-446,Rajasthan
CDR202600004569,2025-10-14,06:25:03,+919271437076,+918088194577,VOICE,100,404258355879605,350977320006271,Rajasthan_BTS_001,404-45-670-225,Rajasthan
CDR202600004575,2025-11-27,07:03:02,+918705996388,+917901077252,VOICE,48,404373245654123,359995468015621,Delhi_BTS_003,404-45-993-622,Delhi
CDR202600004577,2025-02-12,17:06:54,+917797590950,+919298342479,VOICE,23,404363576290828,355299542232771,UttarPradesh_BTS_008,404-45-860-567,Uttar Pradesh
CDR202600004588,2025-03-16,15:25:42,+916636863156,+918867938108,VOICE,515,404652074524965,358252347842938,UttarPradesh_BTS_007,404-45-999-138,Uttar Pradesh
CDR202600004631,2025-10-27,12:46:56,+917017625630,+916692588788,VOICE,150,404833694031235,352387059860152,UttarPradesh_BTS_010,404-45-370-518,Uttar Pradesh
CDR202600004636,2025-03-19,13:28:02,+919723545847,+918358273972,VOICE,67,404359207584664,359715617536835,Rajasthan_BTS_014,404-45-564-004,Rajasthan
CDR202600004637,2025-12-15,22:16:57,+917078809729,+918746274594,VOICE,91,404302692889995,355535501741869,Rajasthan_BTS_014,404-45-839-897,Rajasthan
CDR202600004651,2025-03-03,13:15:23,+919240363637,+918137341935,VOICE,57,404465420703959,357973934949640,Delhi_BTS_004,404-45-847-707,Delhi
CDR202600004695,2025-03-16,15:25:43,+917226403351,+916308738289,VOICE,343,404895412388700,354044539069036,Mumbai_BTS_002,404-45-107-073,Mumbai
CDR202600004713,2025-11-26,08:27:46,+917308030520,+917195168188,SMS,0,404141085729438,356833672174535,Maharashtra_BTS_007,404-45-750-855,Maharashtra
CDR202600004729,2025-02-10,21:49:58,+918659465845,+918662203610,VOICE,405,404879049829459,359442273430042,Mumbai_BTS_005,404-45-626-244,Mumbai
CDR202600004732,2025-07-29,06:59:39,+918277560490,+918051141100,VOICE,2,404282448607808,354325059591230,Mumbai_BTS_008,404-45-462-434,Mumbai
CDR202600004747,2025-02-19,17:37:46,+917455222130,+917881301993,VOICE,167,404723170823423,359851756080712,UttarPradesh_BTS_001,404-45-371-406,Uttar Pradesh
CDR202600004751,2025-11-26,07:42:27,+918293896404,+918696388632,VOICE,23,404482953113495,352852321828278,UttarPradesh_BTS_011,404-45-194-650,Uttar Pradesh
CDR202600004752,2025-07-02,17:56:11,+919363697606,+918863921078,VOICE,88,404238473067099,352472627682694,UttarPradesh_BTS_010,404-45-749-874,Uttar Pradesh
CDR202600004766,2025-05-27,19:43:21,+918995868367,+917338873625,SMS,0,404135949503513,359592557620186,Gujarat_BTS_008,404-45-814-433,Gujarat
CDR202600004779,2025-06-24,00:31:32,+919526506513,+916078436731,VOICE,133,404446338186619,352115924164061,WestBengal_BTS_007,404-45-491-894,West Bengal
CDR202600004781,2025-05-31,22:03:49,+919281751844,+919942741583,VOICE,135,404043958219375,351870197548711,Mumbai_BTS_008,404-45-155-690,Mumbai
CDR202600004795,2025-11-06,13:37:26,+916588879633,+917578901919,VOICE,54,404377638742321,357905320447166,Rajasthan_BTS_007,404-45-470-225,Rajasthan
CDR202600004825,2025-05-04,16:09:19,+919325366085,+919219970523,MISSED,0,404507976539953,359659953668973,Rajasthan_BTS_004,404-45-316-936,Rajasthan
CDR202600004831,2025-11-04,19:15:53,+917226941237,+917881990309,SMS,0,404457894361315,351691655867750,WestBengal_BTS_001,404-45-915-996,West Bengal
CDR202600004833,2025-08-31,13:52:48,+916005441336,+917392818570,VOICE,46,404078819000182,351877947969270,UttarPradesh_BTS_013,404-45-265-760,Uttar Pradesh
CDR202600004835,2025-12-15,11:31:58,+919961445534,+918877939425,VOICE,278,404638865540470,352069480416397,Rajasthan_BTS_016,404-45-961-655,Rajasthan
CDR202600004837,2025-12-12,02:54:44,+917600606591,+918579835476,VOICE,74,404921353457784,359509388730128,Delhi_BTS_002,404-45-231-676,Delhi
CDR202600004858,2025-11-17,00:05:45,+919697049534,+918362157761,VOICE,40,404992246085565,358562484022557,Delhi_BTS_003,404-45-371-541,Delhi
CDR202600004862,2025-04-01,20:10:27,+918948400859,+918178901903,VOICE,24,404731417085587,350122550236034,Rajasthan_BTS_006,404-45-246-272,Rajasthan
CDR202600004865,2025-11-22,16:43:43,+917182748370,+918500889903,VOICE,141,404741656704603,355489581219642,Karnataka_BTS_005,404-45-371-949,Karnataka
CDR202600004867,2025-09-07,11:35:20,+917650607684,+916623239400,VOICE,118,404372349320132,359539179295784,Mumbai_BTS_008,404-45-984-747,Mumbai
CDR202600004870,2025-04-12,09:48:52,+919271326972,+916001009798,VOICE,5,404560726519571,357847163292681,Mumbai_BTS_011,404-45-573-256,Mumbai
CDR202600004877,2025-07-13,15:55:07,+919683122388,+918873378830,VOICE,115,404354117671729,357675451912233,Maharashtra_BTS_009,404-45-350-168,Maharashtra
CDR202600004898,2025-08-06,04:32:44,+917075183030,+918005798364,VOICE,147,404565790288387,358851872335653,Mumbai_BTS_010,404-45-919-883,Mumbai
CDR202600004919,2025-07-15,21:36:04,+919182023723,+918077478410,VOICE,70,404433448622774,351494757968606,WestBengal_BTS_007,404-45-491-894,West Bengal
CDR202600004947,2025-11-18,12:25:43,+917190444185,+916818661231,VOICE,14,404672251893467,356729489790697,UttarPradesh_BTS_001,404-45-371-406,Uttar Pradesh
CDR202600004949,2025-03-13,13:59:22,+919976782155,+917075710577,VOICE,34,404964747345476,358908149840555,Rajasthan_BTS_015,404-45-282-520,Rajasthan
CDR202600004958,2025-08-31,14:58:51,+917075682909,+919513296299,VOICE,141,404124199233409,354309957093943,Rajasthan_BTS_006,404-45-246-272,Rajasthan
CDR202600004959,2025-05-03,16:38:12,+918654875595,+919070922218,VOICE,79,404421861171602,354178540656616,Karnataka_BTS_002,404-45-195-949,Karnataka
CDR202600004977,2025-05-31,14:25:32,+916351363179,+916063966410,VOICE,453,404118638505033,356302824447568,UttarPradesh_BTS_015,404-45-658-037,Uttar Pradesh
CDR202600005033,2025-03-11,13:23:47,+918705996388,+919862611497,VOICE,20,404373245654123,359995468015621,Rajasthan_BTS_011,404-45-796-739,Rajasthan
CDR202600005050,2025-02-14,22:13:52,+916368537920,+917623359882,SMS,0,404565811653973,354624037089035,Rajasthan_BTS_001,404-45-376-948,Rajasthan
CDR202600005078,2025-07-03,03:04:24,+919408805716,+917361672964,VOICE,208,404281548886529,353467891943528,Rajasthan_BTS_009,404-45-911-697,Rajasthan
CDR202600005108,2025-06-29,13:42:38,+916290799564,+917461491478,VOICE,381,404052659085463,358277919689351,Delhi_BTS_005,404-45-508-688,Delhi
CDR202600005113,2025-08-26,13:57:40,+918421108338,+917293737752,MISSED,0,404385666505191,352856720813225,Delhi_BTS_001,404-45-180-088,Delhi
CDR202600005120,2025-09-24,06:33:08,+917791878352,+916658111686,SMS,0,404518506117834,355766411819796,Delhi_BTS_006,404-45-223-254,Delhi
CDR202600005127,2025-11-09,14:59:36,+917685736858,+918586591845,VOICE,23,404564053991206,353783552124256,Rajasthan_BTS_007,404-45-605-094,Rajasthan
CDR202600005130,2025-01-07,02:30:16,+918310460462,+917591354018,SMS,0,404376649331652,354775998622848,TamilNadu_BTS_006,404-45-773-598,Tamil Nadu
CDR202600005176,2025-01-08,19:14:44,+917757062203,+918644753678,VOICE,148,404038282650306,353389046145632,Rajasthan_BTS_007,404-45-241-522,Rajasthan
CDR202600005223,2025-12-18,18:57:10,+917233457403,+917001870786,VOICE,176,404874723961090,359492262836828,UttarPradesh_BTS_003,404-45-618-272,Uttar Pradesh
CDR202600005229,2025-05-28,14:35:48,+919840755464,+919241275576,VOICE,3,404840801033483,350312434611115,Mumbai_BTS_007,404-45-516-195,Mumbai
CDR202600005262,2025-02-26,18:04:35,+917493127741,+918068277597,SMS,0,404677834533997,350892564107612,Mumbai_BTS_006,404-45-785-498,Mumbai
CDR202600005281,2025-08-28,04:20:02,+918211368437,+917702931016,SMS,0,404691174043661,356243224243737,Rajasthan_BTS_015,404-45-282-520,Rajasthan
CDR202600005289,2025-11-11,15:48:58,+919441396016,+917113655449,MISSED,0,404039964898085,355114973608338,UttarPradesh_BTS_006,404-45-769-542,Uttar Pradesh
CDR202600005296,2025-01-14,01:38:04,+919730978351,+917464104824,VOICE,105,404177482451144,356892784736811,UttarPradesh_BTS_011,404-45-533-850,Uttar Pradesh
CDR202600005307,2025-06-18,19:40:17,+918335471524,+917224475724,VOICE,57,404943595860397,350947287373773,Maharashtra_BTS_002,404-45-967-353,Maharashtra
CDR202600005351,2025-08-08,17:09:13,+916101094421,+917471436301,VOICE,186,404540278138947,354038409418467,UttarPradesh_BTS_003,404-45-736-577,Uttar Pradesh
CDR202600005369,2025-06-29,15:44:58,+917493206855,+918649961413,VOICE,29,404776741929420,358197450561608,TamilNadu_BTS_001,404-45-614-942,Tamil Nadu
CDR202600005370,2025-09-25,07:20:11,+918491357224,+918688240084,MISSED,0,404815788527820,358040877547756,Karnataka_BTS_005,404-45-102-400,Karnataka
CDR202600005372,2025-04-22,16:02:41,+916670907079,+917305902172,VOICE,254,404870316583064,353781619008048,Rajasthan_BTS_009,404-45-742-164,Rajasthan
CDR202600005393,2025-09-12,08:54:30,+916618077628,+918750445092,VOICE,264,404073833840805,355032352577373,Gujarat_BTS_002,404-45-854-105,Gujarat
CDR202600005400,2025-01-17,18:12:18,+919646677603,+917390291134,VOICE,211,404906353162020,358393665012573,Maharashtra_BTS_008,404-45-818-960,Maharashtra
CDR202600005401,2025-08-25,03:50:41,+919765733100,+918571323060,VOICE,133,404982534700901,353153006434927,Rajasthan_BTS_003,404-45-924-324,Rajasthan
CDR202600005414,2025-04-24,13:35:42,+917819700767,+917020407324,VOICE,174,404666027931160,357905341339581,UttarPradesh_BTS_003,404-45-650-219,Uttar Pradesh
CDR202600005428,2025-10-05,16:44:24,+919145474344,+918101927440,VOICE,37,404921586110666,356502040599480,Rajasthan_BTS_006,404-45-246-272,Rajasthan
CDR202600005434,2025-05-18,01:13:24,+917348304130,+916696771398,VOICE,312,404265087488764,356589570743259,Karnataka_BTS_006,404-45-669-678,Karnataka
CDR202600005435,2025-08-04,02:50:39,+918699860828,+918347908058,VOICE,28,404176648155085,356695365403140,WestBengal_BTS_009,404-45-304-837,West Bengal
CDR202600005437,2025-12-08,03:07:59,+919526506513,+917916697566,SMS,0,404446338186619,352115924164061,UttarPradesh_BTS_003,404-45-650-219,Uttar Pradesh
CDR202600005443,2025-06-15,16:06:46,+917051842548,+918695760563,VOICE,333,404809718385775,358505903268481,Maharashtra_BTS_004,404-45-146-678,Maharashtra
CDR202600005447,2025-01-03,10:41:57,+919941240635,+919835223456,VOICE,84,404429628875403,351968390974092,Maharashtra_BTS_001,404-45-204-095,Maharashtra
CDR202600005488,2025-06-19,10:21:00,+917549758539,+919668913997,VOICE,15,404332920636521,356622671054620,TamilNadu_BTS_001,404-45-698-489,Tamil Nadu
CDR202600005492,2025-09-29,02:49:05,+919155344474,+918877660189,VOICE,87,404503313065769,350694325357474,TamilNadu_BTS_001,404-45-614-942,Tamil Nadu
CDR202600005513,2025-03-10,02:05:46,+917861121687,+919938247444,VOICE,177,404827018881959,354971499251024,WestBengal_BTS_005,404-45-901-954,West Bengal
CDR202600005514,2025-08-27,00:18:01,+916915091394,+919313120072,VOICE,49,404678390636710,353917473967662,Rajasthan_BTS_014,404-45-839-897,Rajasthan
CDR202600005540,2025-01-26,22:11:39,+916101094421,+919349326213,VOICE,115,404540278138947,354038409418467,Delhi_BTS_002,404-45-231-676,Delhi
CDR202600005542,2025-02-28,04:09:50,+919384855691,+919810694473,VOICE,164,404068272243444,352783838320264,Delhi_BTS_003,404-45-371-541,Delhi
CDR202600005551,2025-07-15,20:20:53,+918654875595,+918336143633,VOICE,70,404421861171602,354178540656616,Maharashtra_BTS_008,404-45-799-664,Maharashtra
CDR202600005552,2025-09-15,21:57:31,+919164081065,+919393824493,MISSED,0,404187218987005,352142356461322,Karnataka_BTS_004,404-45-160-169,Karnataka
CDR202600005557,2025-09-22,16:45:07,+919637359630,+917702931016,VOICE,64,404294511194170,359817314903635,Rajasthan_BTS_019,404-45-414-246,Rajasthan
CDR202600005563,2025-09-07,20:33:35,+919942872445,+918062535314,VOICE,80,404333479022394,351865889370906,WestBengal_BTS_005,404-45-785-885,West Bengal
CDR202600005578,2025-04-15,23:28:57,+916971932873,+918538394749,VOICE,64,404865438417548,356486390125849,Maharashtra_BTS_001,404-45-204-095,Maharashtra
CDR202600005591,2025-04-07,05:18:01,+917254082588,+917113752610,MISSED,0,404477124695472,350550485168737,Mumbai_BTS_011,404-45-243-433,Mumbai
CDR202600005595,2025-07-26,06:19:22,+919217831562,+917495613905,SMS,0,404986363806886,355122530191812,Delhi_BTS_001,404-45-180-088,Delhi
CDR202600005597,2025-11-02,12:36:24,+917842720451,+916473360711,VOICE,81,404995404914739,357383694304817,Mumbai_BTS_003,404-45-334-070,Mumbai
CDR202600005633,2025-08-27,18:44:27,+917311737549,+917887984391,VOICE,180,404235105504759,357707129587149,WestBengal_BTS_006,404-45-373-164,West Bengal
CDR202600005636,2025-11-28,20:36:28,+919557588766,+916086029184,VOICE,55,404589068738516,350910209009419,WestBengal_BTS_003,404-45-266-820,West Bengal
CDR202600005647,2025-07-19,13:27:34,+917102301089,+918919039211,VOICE,67,404602771767988,359137352095206,UttarPradesh_BTS_004,404-45-457-903,Uttar Pradesh
CDR202600005652,2025-07-30,14:39:34,+918628074426,+916798129927,VOICE,113,404271690619903,351111481221907,Karnataka_BTS_002,404-45-195-949,Karnataka
CDR202600005665,2025-07-16,22:35:23,+918001733816,+917960741167,VOICE,195,404026004113130,359265622181357,UttarPradesh_BTS_006,404-45-108-684,Uttar Pradesh
CDR202600005700,2025-09-29,14:58:34,+919358992524,+918408536997,VOICE,87,404466206004666,353930733171652,Karnataka_BTS_005,404-45-902-804,Karnataka
CDR202600005720,2025-06-26,12:00:37,+918665933138,+918491357224,SMS,0,404768589980468,359070082477050,TamilNadu_BTS_006,404-45-367-210,Tamil Nadu
CDR202600005734,2025-03-06,08:11:07,+919987020808,+919113796021,VOICE,96,404310282307704,350581346307906,UttarPradesh_BTS_004,404-45-457-903,Uttar Pradesh
CDR202600005750,2025-03-24,16:11:46,+917419433566,+919769437321,VOICE,226,404915396580315,350868705936434,WestBengal_BTS_003,404-45-258-948,West Bengal
CDR202600005763,2025-09-08,19:07:49,+917757450276,+918542476320,VOICE,86,404810975540327,352591214844969,Karnataka_BTS_004,404-45-985-411,Karnataka
CDR202600005769,2025-03-27,22:21:47,+917567027422,+917766519653,VOICE,103,404786117018562,359300835392298,Gujarat_BTS_008,404-45-448-285,Gujarat
CDR202600005802,2025-07-14,04:57:30,+918254119750,+918090152731,SMS,0,404180396020173,353334346236386,Gujarat_BTS_007,404-45-703-285,Gujarat
CDR202600005823,2025-06-29,12:52:14,+917074279351,+917696453514,VOICE,6,404733520790615,353399590268932,Gujarat_BTS_002,404-45-854-105,Gujarat
CDR202600005832,2025-03-21,19:35:11,+918625148286,+916921607323,VOICE,113,404663366443310,356994703728379,TamilNadu_BTS_006,404-45-423-958,Tamil Nadu
CDR202600005869,2025-05-17,01:44:36,+917633445418,+917288633010,VOICE,109,404696915032208,350706153083736,Mumbai_BTS_005,404-45-626-244,Mumbai
CDR202600005880,2025-07-21,08:53:28,+919934674128,+916040197081,VOICE,13,404020713383902,355999713874232,Delhi_BTS_003,404-45-993-622,Delhi
CDR202600005896,2025-09-13,11:28:49,+918713047173,+919917377313,VOICE,133,404504965124159,350321517068664,Rajasthan_BTS_004,404-45-374-068,Rajasthan
CDR202600005907,2025-07-02,03:28:14,+916254465133,+919009421692,VOICE,9,404755051273415,351750625023399,WestBengal_BTS_002,404-45-355-683,West Bengal
CDR202600005914,2025-03-14,22:31:43,+918392224753,+917661700149,VOICE,64,404031696528619,359370603530216,Rajasthan_BTS_005,404-45-505-906,Rajasthan
CDR202600005915,2025-11-03,10:27:26,+919607739288,+917542475562,VOICE,1,404171277834039,350481410473117,Mumbai_BTS_007,404-45-196-100,Mumbai
CDR202600005922,2025-04-16,03:00:36,+917298856988,+917795530276,SMS,0,404393927569136,358215375753417,Karnataka_BTS_003,404-45-270-417,Karnataka
CDR202600005933,2025-07-17,21:30:42,+919267601890,+918088194577,MISSED,0,404040140404208,353226491121200,Mumbai_BTS_003,404-45-334-070,Mumbai
CDR202600005934,2025-05-14,06:58:11,+917419433566,+916839947164,VOICE,31,404915396580315,350868705936434,Rajasthan_BTS_018,404-45-713-332,Rajasthan
CDR202600005975,2025-10-13,11:12:56,+917500079032,+916248625695,VOICE,102,404282506886424,354751475411917,Maharashtra_BTS_005,404-45-891-297,Maharashtra
CDR202600005985,2025-07-09,15:29:42,+919810794668,+919627533531,VOICE,243,404017994591933,357232101469938,Karnataka_BTS_003,404-45-597-493,Karnataka
CDR202600005994,2025-01-13,16:22:25,+918310597374,+917297878100,VOICE,502,404578790520999,352141082234429,Rajasthan_BTS_019,404-45-414-246,Rajasthan
CDR202600006021,2025-11-02,23:08:26,+917384387838,+918236349159,MISSED,0,404325600373291,351469415133815,Rajasthan_BTS_004,404-45-316-936,Rajasthan
CDR202600006066,2025-11-23,00:03:09,+917585992429,+917171842568,VOICE,170,404294556422072,356973154224603,Maharashtra_BTS_002,404-45-199-368,Maharashtra
CDR202600006070,2025-11-25,21:57:25,+916701277247,+916760898731,VOICE,88,404411483673290,354177844894845,Rajasthan_BTS_010,404-45-710-066,Rajasthan
CDR202600006073,2025-10-28,17:38:53,+917862487852,+919409400327,VOICE,197,404699475580222,351122495687131,Rajasthan_BTS_009,404-45-742-164,Rajasthan
CDR202600006077,2025-08-05,01:30:16,+918897623722,+919156330332,SMS,0,404581066134024,351146025840107,Rajasthan_BTS_014,404-45-839-897,Rajasthan
CDR202600006092,2025-04-06,17:58:54,+918671851303,+918554216659,SMS,0,404457182642696,354493985875994,Gujarat_BTS_007,404-45-325-460,Gujarat
CDR202600006107,2025-08-29,17:27:44,+919248670364,+918869249227,MISSED,0,404315333047812,357135237451625,Karnataka_BTS_006,404-45-669-678,Karnataka
CDR202600006112,2025-09-14,09:41:09,+917451446996,+918914201301,VOICE,4,404481744767569,352933724934641,Mumbai_BTS_009,404-45-162-413,Mumbai
CDR202600006127,2025-12-25,14:27:02,+918857736272,+919412225139,VOICE,187,404815577559186,355392412826461,WestBengal_BTS_003,404-45-258-948,West Bengal
CDR202600006129,2025-07-18,14:38:08,+917956715869,+917029250293,VOICE,123,404064578569697,354154495564015,Maharashtra_BTS_002,404-45-926-045,Maharashtra
CDR202600006136,2025-11-21,04:35:15,+918846306138,+917230153967,VOICE,123,404652612376469,356532719280666,Maharashtra_BTS_004,404-45-821-072,Maharashtra
CDR202600006161,2025-04-13,19:24:13,+917384387838,+918946516483,SMS,0,404325600373291,351469415133815,UttarPradesh_BTS_006,404-45-108-684,Uttar Pradesh
CDR202600006183,2025-08-28,03:54:30,+918184777058,+916086985443,VOICE,593,404582871508607,358193463376375,Maharashtra_BTS_002,404-45-926-045,Maharashtra
CDR202600006206,2025-02-23,23:56:37,+917666785621,+919831927521,VOICE,37,404323912550235,357713158563966,UttarPradesh_BTS_002,404-45-174-010,Uttar Pradesh
CDR202600006209,2025-03-17,19:14:38,+917274550287,+919505939409,VOICE,74,404847037780590,357248787990325,Mumbai_BTS_010,404-45-919-883,Mumbai
CDR202600006211,2025-11-25,23:49:43,+918707581947,+919898277174,VOICE,56,404717857304141,355354551398221,Maharashtra_BTS_008,404-45-818-960,Maharashtra
CDR202600006218,2025-10-08,13:09:47,+919129474855,+916696771398,VOICE,35,404661629079336,356442971633772,UttarPradesh_BTS_008,404-45-860-567,Uttar Pradesh
CDR202600006221,2025-02-17,14:23:56,+918442782692,+918600460393,VOICE,9,404643711503373,350790045417054,Gujarat_BTS_004,404-45-130-096,Gujarat
CDR202600006254,2025-03-22,15:39:22,+917363585589,+917526964242,VOICE,183,404559700999634,357906790073437,UttarPradesh_BTS_008,404-45-860-567,Uttar Pradesh
CDR202600006258,2025-06-17,18:14:46,+919072974918,+918529864215,SMS,0,404104894938660,351057867197891,Maharashtra_BTS_001,404-45-204-095,Maharashtra
CDR202600006266,2025-10-06,18:06:59,+916280269526,+916474035758,VOICE,161,404988750332190,350750000931976,Rajasthan_BTS_006,404-45-651-270,Rajasthan
CDR202600006307,2025-12-30,10:15:44,+918756810071,+917543863286,VOICE,245,404570990544120,358383209029293,Mumbai_BTS_011,404-45-243-433,Mumbai
CDR202600006310,2025-05-29,05:09:03,+918747403462,+918675450204,VOICE,691,404761933416594,351572048448779,UttarPradesh_BTS_010,404-45-749-874,Uttar Pradesh
CDR202600006320,2025-07-17,13:15:45,+919692768318,+918981781049,VOICE,327,404874841638061,352230698514635,Rajasthan_BTS_006,404-45-246-272,Rajasthan
CDR202600006335,2025-05-26,19:03:11,+917900254663,+917455222130,VOICE,116,404155538112761,358001207637750,Rajasthan_BTS_015,404-45-612-781,Rajasthan
CDR202600006338,2025-05-15,10:15:37,+917447850192,+918828081982,VOICE,266,404905543743590,353730691242345,Delhi_BTS_002,404-45-231-676,Delhi
CDR202600006352,2025-09-20,12:38:44,+916364909509,+917560992338,VOICE,9,404889996491290,356044494524640,WestBengal_BTS_004,404-45-283-755,West Bengal
CDR202600006354,2025-08-01,16:57:14,+919523091626,+918502236248,SMS,0,404803517390392,351582539146275,Karnataka_BTS_008,404-45-693-754,Karnataka
CDR202600006359,2025-05-18,22:01:37,+917464713073,+917965466436,VOICE,139,404338715236735,351910468990952,UttarPradesh_BTS_011,404-45-533-850,Uttar Pradesh
CDR202600006368,2025-12-06,16:28:55,+919303342587,+918064175201,VOICE,3,404554053662506,354769019342108,Rajasthan_BTS_009,404-45-911-697,Rajasthan
CDR202600006390,2025-06-19,01:39:19,+918688240084,+917691970519,VOICE,8,404546528208371,358499586876263,Mumbai_BTS_003,404-45-334-070,Mumbai
CDR202600006397,2025-08-30,08:37:45,+918311138648,+918364246419,MISSED,0,404879771481631,352327270327494,Rajasthan_BTS_019,404-45-414-246,Rajasthan
CDR202600006398,2025-10-11,07:37:47,+918490503411,+916796962812,VOICE,32,404244804282797,352767762527009,UttarPradesh_BTS_010,404-45-749-874,Uttar Pradesh
CDR202600006409,2025-02-26,15:48:24,+918316859880,+918857736272,VOICE,125,404326236130291,356383363807730,Delhi_BTS_002,404-45-935-071,Delhi
CDR202600006416,2025-11-18,20:34:34,+918001733816,+919881228463,VOICE,8,404026004113130,359265622181357,Delhi_BTS_002,404-45-884-129,Delhi
CDR202600006441,2025-02-01,14:35:31,+917418992908,+917114445865,VOICE,103,404898511297569,355242957187276,TamilNadu_BTS_003,404-45-170-610,Tamil Nadu
CDR202600006442,2025-08-02,12:12:34,+917444247535,+916618794445,VOICE,11,404355890466229,359321396188940,Karnataka_BTS_005,404-45-371-949,Karnataka
CDR202600006444,2025-12-09,14:25:56,+917392102359,+917863119852,VOICE,48,404874204692135,356135599789349,Maharashtra_BTS_002,404-45-718-271,Maharashtra
CDR202600006445,2025-07-16,18:18:07,+918095899253,+919214351370,VOICE,128,404457915134285,354804686469646,UttarPradesh_BTS_007,404-45-999-138,Uttar Pradesh
CDR202600006456,2025-06-09,04:30:01,+918815516963,+916278217913,VOICE,36,404914430403651,354088937600065,UttarPradesh_BTS_001,404-45-234-688,Uttar Pradesh
CDR202600006471,2025-10-03,00:37:07,+918435706138,+919163789873,VOICE,124,404051141076574,351695592401100,Karnataka_BTS_005,404-45-902-804,Karnataka
CDR202600006478,2025-12-06,21:24:44,+919784562292,+919072558176,VOICE,89,404208383513020,355791348337095,Mumbai_BTS_008,404-45-155-690,Mumbai
CDR202600006479,2025-08-09,13:41:20,+918048480344,+916148259773,VOICE,43,404604302768463,357021229133539,Rajasthan_BTS_004,404-45-835-323,Rajasthan
CDR202600006483,2025-05-28,10:39:18,+917265468131,+916555703019,VOICE,225,404375277835211,355029300499816,Karnataka_BTS_004,404-45-985-411,Karnataka
CDR202600006519,2025-04-14,10:38:01,+918474679334,+919298701709,VOICE,27,404395881495393,356934049814931,Rajasthan_BTS_007,404-45-470-225,Rajasthan
CDR202600006524,2025-02-04,01:49:35,+917810804663,+918913912106,VOICE,69,404290872131123,357748880327797,Rajasthan_BTS_019,404-45-119-115,Rajasthan
CDR202600006529,2025-08-27,05:39:37,+918310460462,+918942896065,VOICE,72,404376649331652,354775998622848,Karnataka_BTS_005,404-45-902-804,Karnataka
CDR202600006546,2025-03-18,11:15:58,+916316168850,+917699320249,VOICE,58,404082440143170,355716322763748,Gujarat_BTS_008,404-45-448-285,Gujarat
CDR202600006561,2025-09-26,02:01:46,+919822176934,+919545365324,SMS,0,404004617568718,354874516872577,WestBengal_BTS_006,404-45-373-164,West Bengal
CDR202600006566,2025-09-06,23:19:25,+916813042097,+919112013687,MISSED,0,404950896610922,356982821500687,Rajasthan_BTS_019,404-45-414-246,Rajasthan
CDR202600006570,2025-12-14,22:30:27,+918899007800,+916945270946,VOICE,147,404130608450420,354671212764471,Karnataka_BTS_006,404-45-835-499,Karnataka
CDR202600006572,2025-10-28,12:12:20,+918537038492,+916943301385,SMS,0,404663224404233,353005724366776,WestBengal_BTS_005,404-45-901-954,West Bengal
CDR202600006578,2025-03-31,08:42:56,+918085348128,+917266247849,VOICE,76,404379201733777,354583644015014,TamilNadu_BTS_001,404-45-614-942,Tamil Nadu
CDR202600006582,2025-08-06,08:25:28,+918024984130,+919896710608,SMS,0,404812426892064,358842844188707,Rajasthan_BTS_013,404-45-400-446,Rajasthan
CDR202600006586,2025-10-05,14:56:49,+918542476320,+918490625176,VOICE,241,404118250933553,354990189489307,WestBengal_BTS_007,404-45-491-894,West Bengal
CDR202600006598,2025-05-14,23:00:19,+919993767689,+918847148726,SMS,0,404769690343980,357673782107520,Karnataka_BTS_005,404-45-102-400,Karnataka
CDR202600006600,2025-07-23,16:22:38,+918978860352,+918575336363,VOICE,72,404598035071597,358703493299422,TamilNadu_BTS_002,404-45-620-083,Tamil Nadu
CDR202600006606,2025-06-19,15:04:49,+919759038664,+917108603202,VOICE,166,404164985334690,350553265034404,UttarPradesh_BTS_007,404-45-370-119,Uttar Pradesh
CDR202600006609,2025-03-06,12:18:36,+919421577568,+917702931016,VOICE,115,404013834138433,355799564922412,Gujarat_BTS_002,404-45-854-105,Gujarat
CDR202600006610,2025-05-29,04:03:19,+916608790123,+918021265490,VOICE,92,404965817337180,355383450533192,Rajasthan_BTS_007,404-45-697-409,Rajasthan
CDR202600006619,2025-12-03,03:54:58,+917026739345,+918849056087,MISSED,0,404364650108603,358003424280805,UttarPradesh_BTS_011,404-45-357-928,Uttar Pradesh
CDR202600006651,2025-03-08,03:36:42,+917487495346,+918284997074,VOICE,58,404707888009845,350780400520215,Rajasthan_BTS_013,404-45-887-657,Rajasthan
CDR202600006661,2025-02-21,04:38:43,+916562108246,+917139435997,VOICE,140,404327738390276,355153740521855,Rajasthan_BTS_007,404-45-241-522,Rajasthan
CDR202600006681,2025-03-19,04:44:53,+917421862969,+917913121511,SMS,0,404053723761452,350706799336933,UttarPradesh_BTS_002,404-45-568-324,Uttar Pradesh
CDR202600006686,2025-09-16,06:21:30,+916000914011,+917843703401,VOICE,39,404219362934400,355106855474818,Rajasthan_BTS_009,404-45-911-697,Rajasthan
CDR202600006713,2025-05-30,10:51:10,+917852429981,+917801519560,SMS,0,404850734370087,355970453702560,UttarPradesh_BTS_007,404-45-999-138,Uttar Pradesh
CDR202600006715,2025-06-13,10:40:00,+917308030520,+918284997074,VOICE,10,404141085729438,356833672174535,TamilNadu_BTS_002,404-45-158-984,Tamil Nadu
CDR202600006748,2025-05-20,14:45:04,+917593244681,+916994020707,VOICE,50,404844504193171,355012609737415,WestBengal_BTS_003,404-45-266-820,West Bengal
CDR202600006764,2025-04-21,09:55:27,+917655762735,+919917377313,SMS,0,404407624881922,354267708718085,Mumbai_BTS_007,404-45-584-827,Mumbai
CDR202600006800,2025-04-18,09:42:39,+917646673923,+916067063475,VOICE,97,404274962209849,355572692888992,Rajasthan_BTS_013,404-45-887-657,Rajasthan
CDR202600006813,2025-03-23,13:01:08,+919404408950,+919164081065,VOICE,68,404217944928692,354570064922634,Maharashtra_BTS_009,404-45-350-168,Maharashtra
CDR202600006836,2025-09-24,16:52:23,+917003418190,+918388659740,VOICE,11,404533453938630,355464043747160,WestBengal_BTS_001,404-45-415-374,West Bengal
CDR202600006861,2025-01-05,10:51:16,+917375530261,+919316737376,VOICE,29,404156411350746,355238630437835,Maharashtra_BTS_004,404-45-146-678,Maharashtra
CDR202600006873,2025-06-07,08:41:32,+917810804663,+917292368208,VOICE,137,404290872131123,357658927871219,Delhi_BTS_002,404-45-231-676,Delhi
CDR202600006883,2025-11-12,00:51:35,+918392224753,+919098970951,VOICE,54,404031696528619,359370603530216,Mumbai_BTS_004,404-45-980-339,Mumbai
CDR202600006902,2025-09-07,02:18:18,+918639271328,+916558226485,VOICE,195,404109859600111,355699406909464,UttarPradesh_BTS_004,404-45-170-901,Uttar Pradesh
CDR202600006908,2025-08-10,05:12:20,+918579835476,+918404028992,VOICE,75,404255406589881,359841254917359,UttarPradesh_BTS_003,404-45-650-219,Uttar Pradesh
CDR202600006930,2025-08-05,19:34:14,+917611934656,+919142371311,VOICE,106,404750374657876,356910138095787,UttarPradesh_BTS_004,404-45-170-901,Uttar Pradesh
CDR202600006952,2025-11-17,23:21:13,+918256587235,+918645144407,VOICE,71,404759884792979,356567463047881,Rajasthan_BTS_013,404-45-887-657,Rajasthan
CDR202600006962,2025-01-31,06:28:19,+917967577356,+917488673544,VOICE,65,404537593379561,358174374611262,Rajasthan_BTS_017,404-45-897-945,Rajasthan
CDR202600006973,2025-09-30,15:00:59,+917404000152,+917365579605,VOICE,182,404967270035012,354392592563246,Mumbai_BTS_009,404-45-162-413,Mumbai
CDR202600006976,2025-11-26,17:34:59,+916861162202,+919233462132,VOICE,152,404969721934546,351218164653593,Maharashtra_BTS_009,404-45-350-168,Maharashtra
CDR202600006977,2025-10-21,16:23:26,+916892819698,+916256464659,SMS,0,404931956410866,358888492800630,WestBengal_BTS_003,404-45-342-886,West Bengal
CDR202600006982,2025-06-01,10:33:15,+917233331922,+919082822015,SMS,0,404588928455012,358886660910832,Maharashtra_BTS_009,404-45-646-747,Maharashtra
CDR202600006986,2025-03-26,01:25:48,+917038470095,+919806527236,VOICE,10,404641044073124,358452025917614,Rajasthan_BTS_012,404-45-798-907,Rajasthan
CDR202600006988,2025-12-02,01:51:25,+917975862736,+916268922270,VOICE,32,404737740527859,356387506897845,Maharashtra_BTS_007,404-45-750-855,Maharashtra
CDR202600007016,2025-10-07,06:19:00,+917937550668,+916162337929,SMS,0,404328676535974,356532030347240,Mumbai_BTS_003,404-45-334-070,Mumbai
CDR202600007018,2025-08-08,09:50:42,+919225147017,+917820630428,MISSED,0,404645056685264,350549796886684,Gujarat_BTS_005,404-45-338-518,Gujarat
CDR202600007031,2025-12-14,07:33:27,+916754675819,+917416087505,VOICE,142,404610960537893,355606665740104,TamilNadu_BTS_002,404-45-158-984,Tamil Nadu
CDR202600007061,2025-08-12,18:24:59,+917349092870,+917712938282,VOICE,56,404441885659405,351124306861122,Rajasthan_BTS_018,404-45-713-332,Rajasthan
CDR202600007091,2025-03-02,05:52:49,+918012312159,+918240892208,VOICE,92,404161335718090,355747753468987,Maharashtra_BTS_007,404-45-479-364,Maharashtra
CDR202600007097,2025-04-19,22:22:01,+919669988212,+917855309872,VOICE,286,404470050844943,356886931026580,Mumbai_BTS_011,404-45-995-946,Mumbai
CDR202600007102,2025-10-04,01:37:31,+918169143695,+916920060828,VOICE,326,404875334740367,358595520523073,Delhi_BTS_001,404-45-999-581,Delhi
CDR202600007108,2025-08-23,08:02:56,+916503380680,+917685568330,VOICE,65,404137753014185,356016106519964,UttarPradesh_BTS_014,404-45-214-078,Uttar Pradesh
CDR202600007110,2025-12-26,17:21:18,+918364246419,+916203754666,MISSED,0,404996215596955,351155923342744,Gujarat_BTS_007,404-45-703-285,Gujarat
CDR202600007192,2025-10-10,05:25:42,+917434754293,+916858578040,VOICE,30,404841984639674,353264650193302,Rajasthan_BTS_015,404-45-208-892,Rajasthan
CDR202600007199,2025-09-25,20:16:39,+917685568330,+917295640664,VOICE,29,404538801443233,356861719798878,WestBengal_BTS_004,404-45-283-755,West Bengal
CDR202600007215,2025-07-29,21:55:51,+918329684319,+918490503411,VOICE,279,404149843184740,352339869982745,Maharashtra_BTS_004,404-45-691-197,Maharashtra
CDR202600007229,2025-03-27,20:35:07,+917154170859,+918997361532,VOICE,40,404792088077237,351155594221053,Mumbai_BTS_012,404-45-553-828,Mumbai
CDR202600007250,2025-08-11,11:05:20,+917779511488,+917975468413,VOICE,44,404831814949565,350091597848433,Gujarat_BTS_007,404-45-106-778,Gujarat
CDR202600007251,2025-08-10,00:01:29,+916008471797,+918765396450,VOICE,128,404555943159902,355462289062364,TamilNadu_BTS_006,404-45-423-958,Tamil Nadu
CDR202600007315,2025-04-26,07:05:48,+916406226532,+917335034544,VOICE,142,404149716264583,352500288814248,TamilNadu_BTS_003,404-45-170-610,Tamil Nadu
CDR202600007355,2025-11-13,17:28:13,+918508939960,+917675532479,VOICE,21,404730405969824,351628072218271,UttarPradesh_BTS_013,404-45-552-565,Uttar Pradesh
CDR202600007369,2025-12-29,22:37:58,+916866588584,+918186879810,VOICE,250,404301488517843,359372063334515,Rajasthan_BTS_016,404-45-303-157,Rajasthan
CDR202600007384,2025-06-15,11:55:12,+917336601856,+917339269344,VOICE,486,404459624425606,355834900326035,Mumbai_BTS_008,404-45-520-479,Mumbai
CDR202600007393,2025-08-17,01:01:46,+918438901003,+919253446305,VOICE,41,404300837083033,353626590330348,WestBengal_BTS_004,404-45-315-699,West Bengal
CDR202600007427,2025-09-22,15:14:09,+918857736272,+917000634345,VOICE,153,404815577559186,351679862018521,Maharashtra_BTS_003,404-45-665-301,Maharashtra
CDR202600007438,2025-07-04,21:20:58,+918817773995,+918847017234,SMS,0,404467502438849,352433387596951,Karnataka_BTS_004,404-45-985-411,Karnataka
CDR202600007452,2025-06-23,00:54:42,+917560105755,+918758985879,VOICE,116,404614830469076,353053335884383,Delhi_BTS_002,404-45-231-676,Delhi
CDR202600007475,2025-03-24,09:41:53,+919183000493,+916703033328,VOICE,296,404409204540723,357881931390994,Delhi_BTS_003,404-45-662-170,Delhi
CDR202600007478,2025-07-26,17:23:03,+918248909975,+918717621688,SMS,0,404434737694125,359094139242801,UttarPradesh_BTS_013,404-45-552-565,Uttar Pradesh
CDR202600007485,2025-03-02,14:16:06,+916351363179,+919384855691,VOICE,108,404118638505033,356302824447568,Maharashtra_BTS_007,404-45-479-364,Maharashtra
CDR202600007531,2025-11-18,13:46:14,+917765222308,+917105925045,VOICE,25,404790973116784,358506191685785,TamilNadu_BTS_005,404-45-734-084,Tamil Nadu
CDR202600007537,2025-08-23,00:26:30,+917685568330,+917212435998,VOICE,111,404538801443233,356861719798878,Maharashtra_BTS_002,404-45-967-353,Maharashtra
CDR202600007545,2025-06-22,15:42:55,+916439791323,+917852103270,VOICE,3,404094887946128,355546491451313,Rajasthan_BTS_001,404-45-755-705,Rajasthan
CDR202600007550,2025-11-26,02:05:53,+919556915118,+918841644330,VOICE,118,404410037832808,352879682860135,Rajasthan_BTS_013,404-45-400-446,Rajasthan
CDR202600007584,2025-05-17,12:21:33,+918627855226,+919008618280,VOICE,178,404623407165712,357893830512619,Maharashtra_BTS_004,404-45-691-197,Maharashtra
CDR202600007606,2025-12-24,15:04:22,+917614848942,+919130941501,VOICE,116,404756410518885,353424866034816,Delhi_BTS_003,404-45-371-541,Delhi
CDR202600007614,2025-07-30,15:22:35,+917880299136,+918776505661,SMS,0,404707459088072,356825955376238,UttarPradesh_BTS_012,404-45-145-004,Uttar Pradesh
CDR202600007619,2025-04-04,07:11:28,+919281751844,+918839432376,VOICE,56,404043958219375,351870197548711,TamilNadu_BTS_001,404-45-158-052,Tamil Nadu
CDR202600007666,2025-05-20,19:41:59,+916415613537,+917392102359,SMS,0,404639444345978,352684962125496,TamilNadu_BTS_005,404-45-734-084,Tamil Nadu
CDR202600007709,2025-12-08,10:37:11,+919543842342,+917245082128,VOICE,11,404666891432872,357634487674403,Delhi_BTS_004,404-45-847-707,Delhi
CDR202600007721,2025-07-07,13:00:32,+919534776848,+918049962942,MISSED,0,404040919485635,355720285440161,Delhi_BTS_003,404-45-533-988,Delhi
CDR202600007723,2025-02-21,00:04:48,+919233102366,+918238826529,VOICE,228,404335706133292,352373348088172,Gujarat_BTS_004,404-45-130-096,Gujarat
CDR202600007738,2025-04-16,15:24:48,+917214613995,+918978860352,VOICE,12,404000816632428,351630794046504,UttarPradesh_BTS_013,404-45-822-438,Uttar Pradesh
CDR202600007752,2025-07-17,21:14:37,+917423101651,+916321452778,VOICE,221,404397475494230,352841010455181,Mumbai_BTS_008,404-45-520-479,Mumbai
CDR202600007780,2025-07-15,09:42:53,+916189555716,+917211794556,VOICE,215,404225445081734,359905630087187,Maharashtra_BTS_005,404-45-891-297,Maharashtra
CDR202600007794,2025-06-21,05:51:00,+917783428018,+918916760794,VOICE,70,404246003678929,354281862797211,Rajasthan_BTS_018,404-45-713-332,Rajasthan
CDR202600007798,2025-10-24,22:42:51,+916921696345,+917147334289,VOICE,176,404753606026992,359132877795394,Maharashtra_BTS_006,404-45-489-285,Maharashtra
CDR202600007848,2025-07-07,22:30:56,+916897631203,+918828081982,VOICE,88,404762122220239,352242727455299,Karnataka_BTS_005,404-45-102-400,Karnataka
CDR202600007851,2025-10-12,14:16:39,+917537891077,+917545752288,SMS,0,404714731371397,357923048965532,UttarPradesh_BTS_011,404-45-966-053,Uttar Pradesh
CDR202600007872,2025-05-18,09:17:26,+919170525164,+916812910123,VOICE,11,404158011507508,354866482990164,Mumbai_BTS_005,404-45-626-244,Mumbai
CDR202600007899,2025-10-17,04:30:21,+917165016325,+918675450204,VOICE,69,404872370183015,354071294478608,WestBengal_BTS_001,404-45-415-374,West Bengal
CDR202600007910,2025-11-17,20:19:24,+916363734751,+916084272030,VOICE,26,404905190067197,357461234531235,UttarPradesh_BTS_007,404-45-370-119,Uttar Pradesh
CDR202600007925,2025-08-08,19:39:06,+916108198417,+918384683372,VOICE,49,404139508483753,353495352634762,WestBengal_BTS_007,404-45-491-894,West Bengal
CDR202600007929,2025-11-26,18:04:35,+918555023947,+917736507224,SMS,0,404834907742668,354648232657988,Delhi_BTS_002,404-45-884-129,Delhi
CDR202600007932,2025-08-01,21:49:33,+917016396826,+917403046171,VOICE,54,404169924410029,354473548493242,Rajasthan_BTS_016,404-45-961-655,Rajasthan
CDR202600007964,2025-10-11,08:52:20,+916710095087,+916937837972,SMS,0,404269914058997,357068618911508,Rajasthan_BTS_002,404-45-334-842,Rajasthan
CDR202600007970,2025-07-18,19:39:13,+917829802427,+919344102433,VOICE,143,404967880034549,359865788442559,Mumbai_BTS_012,404-45-553-828,Mumbai
CDR202600007979,2025-03-18,05:06:57,+917685568330,+916066479338,SMS,0,404538801443233,356861719798878,Gujarat_BTS_004,404-45-130-096,Gujarat
CDR202600007994,2025-06-12,15:19:19,+918736302005,+918679570092,VOICE,39,404569800892655,354466056463341,Maharashtra_BTS_008,404-45-818-960,Maharashtra
CDR202600008021,2025-09-09,02:53:46,+916469404237,+917970169332,VOICE,95,404292750859975,353752578646631,UttarPradesh_BTS_010,404-45-308-704,Uttar Pradesh
CDR202600008028,2025-07-02,06:20:43,+917467444699,+917719582304,SMS,0,404839170437940,351847207600726,Rajasthan_BTS_007,404-45-241-522,Rajasthan
CDR202600008039,2025-10-27,17:19:44,+919170525164,+917891674997,VOICE,57,404158011507508,354866482990164,UttarPradesh_BTS_001,404-45-234-688,Uttar Pradesh
CDR202600008046,2025-08-21,12:45:21,+916886702566,+918672001923,VOICE,96,404649535143005,350562615161541,Rajasthan_BTS_004,404-45-316-936,Rajasthan
CDR202600008057,2025-03-21,13:19:27,+918147227499,+916529654829,VOICE,119,404261629226195,359434299203119,UttarPradesh_BTS_010,404-45-308-704,Uttar Pradesh
CDR202600008081,2025-08-27,22:48:07,+918573923267,+919508970153,MISSED,0,404909962289811,355184534326544,Rajasthan_BTS_010,404-45-710-066,Rajasthan
CDR202600008103,2025-11-02,00:59:07,+919604500442,+917107268969,SMS,0,404292336632952,359135417682798,Rajasthan_BTS_007,404-45-605-094,Rajasthan
CDR202600008115,2025-04-19,03:31:40,+919596305523,+919316737376,VOICE,5,404701017726536,358902738376851,Rajasthan_BTS_017,404-45-897-945,Rajasthan
CDR202600008135,2025-03-20,15:53:05,+918870387542,+916160680569,VOICE,127,404831891143260,358152570851604,Maharashtra_BTS_005,404-45-891-297,Maharashtra
CDR202600008157,2025-04-09,19:34:51,+917297744721,+918439137438,MISSED,0,404054730595033,352610816260974,TamilNadu_BTS_001,404-45-614-942,Tamil Nadu
CDR202600008162,2025-02-05,20:13:19,+918473249061,+916678848724,VOICE,55,404123192972838,354556746588317,Rajasthan_BTS_019,404-45-414-246,Rajasthan
CDR202600008164,2025-10-05,08:54:40,+917488910754,+918819627982,VOICE,113,404237753259187,353538491323507,UttarPradesh_BTS_013,404-45-265-760,Uttar Pradesh
CDR202600008179,2025-04-07,21:19:08,+917779511488,+918609820008,SMS,0,404831814949565,352592110805620,UttarPradesh_BTS_007,404-45-779-107,Uttar Pradesh
CDR202600008194,2025-08-02,02:12:49,+917492476795,+919766255695,VOICE,45,404198809086291,358782928639596,Rajasthan_BTS_012,404-45-798-907,Rajasthan
CDR202600008211,2025-07-08,17:39:50,+918495071116,+917330670712,VOICE,174,404349215116533,359023935335194,Delhi_BTS_002,404-45-884-129,Delhi
CDR202600008245,2025-03-11,20:26:40,+919523870498,+919327348202,SMS,0,404759754019652,357947200296961,Karnataka_BTS_003,404-45-597-493,Karnataka
CDR202600008259,2025-10-03,00:47:19,+917327775699,+919879733060,VOICE,310,404020607104529,352651221779408,Rajasthan_BTS_017,404-45-652-977,Rajasthan
CDR202600008314,2025-07-27,19:32:55,+919420722750,+917166722920,VOICE,14,404687076367863,357259607585564,Maharashtra_BTS_002,404-45-199-368,Maharashtra
CDR202600008318,2025-06-05,09:41:02,+917965466436,+919939243535,VOICE,7,404564462007243,352902013886867,Rajasthan_BTS_016,404-45-961-655,Rajasthan
CDR202600008331,2025-10-19,19:37:25,+917130406708,+917019844892,VOICE,253,404695818926139,357766542171284,Karnataka_BTS_001,404-45-767-554,Karnataka
CDR202600008390,2025-09-16,16:10:49,+919388684996,+917882935563,SMS,0,404550804338879,350220566440073,Gujarat_BTS_002,404-45-328-143,Gujarat
CDR202600008406,2025-07-28,23:22:27,+917074279351,+918845021024,VOICE,107,404733520790615,358228777172424,Maharashtra_BTS_001,404-45-204-095,Maharashtra
CDR202600008407,2025-12-21,17:44:04,+917885171272,+916025749167,VOICE,19,404250955064612,350308628096569,Gujarat_BTS_005,404-45-338-518,Gujarat
CDR202600008411,2025-10-04,11:31:44,+916861162202,+918319568494,VOICE,4,404969721934546,351218164653593,WestBengal_BTS_003,404-45-342-886,West Bengal
CDR202600008449,2025-06-01,04:24:10,+918777234318,+918406034410,VOICE,111,404381651942056,353376454013038,UttarPradesh_BTS_007,404-45-779-107,Uttar Pradesh
CDR202600008455,2025-09-15,21:16:55,+917265468436,+916826741529,VOICE,37,404254307063928,352816712140995,Rajasthan_BTS_014,404-45-839-897,Rajasthan
CDR202600008458,2025-02-18,00:13:38,+918917058490,+919192819986,VOICE,115,404548793872722,353425914817948,Rajasthan_BTS_017,404-45-652-977,Rajasthan
CDR202600008484,2025-07-06,05:10:49,+919070922218,+917887984391,VOICE,247,404951411042453,351532343430391,Delhi_BTS_006,404-45-223-254,Delhi
CDR202600008488,2025-08-21,18:40:25,+918405940013,+917655762735,SMS,0,404763060914622,356161535766086,Delhi_BTS_002,404-45-231-676,Delhi
CDR202600008492,2025-01-16,07:27:52,+918693165315,+918240892208,SMS,0,404029769774650,353031454715894,Maharashtra_BTS_007,404-45-479-364,Maharashtra
CDR202600008495,2025-04-02,18:06:38,+918433603215,+916983699346,SMS,0,404416291954965,352011261061733,Mumbai_BTS_006,404-45-319-553,Mumbai
CDR202600008512,2025-05-30,19:27:49,+918258816834,+918774258277,VOICE,219,404469158921031,356149088447330,Maharashtra_BTS_003,404-45-487-081,Maharashtra
CDR202600008541,2025-10-02,06:14:41,+919247718639,+917185827271,VOICE,1,404188510617312,351213276663474,Karnataka_BTS_006,404-45-669-678,Karnataka
CDR202600008566,2025-06-28,22:17:02,+919462586403,+919936202674,SMS,0,404917118152530,352722320288557,Delhi_BTS_004,404-45-847-707,Delhi
CDR202600008571,2025-09-10,17:25:59,+919414634098,+917691819832,VOICE,87,404073260347191,355926245057177,Rajasthan_BTS_013,404-45-887-657,Rajasthan
CDR202600008572,2025-01-30,18:23:12,+918494029203,+918616416794,VOICE,30,404314928610480,357331642785755,Rajasthan_BTS_010,404-45-710-480,Rajasthan
CDR202600008592,2025-10-28,09:46:56,+916110600292,+917421862969,VOICE,134,404020859659608,353159266338933,UttarPradesh_BTS_007,404-45-370-119,Uttar Pradesh
CDR202600008598,2025-09-27,04:04:33,+918845953682,+919868270615,VOICE,79,404866672963042,354778962422388,Gujarat_BTS_005,404-45-716-028,Gujarat
CDR202600008608,2025-05-08,22:46:46,+916897631203,+917696354742,SMS,0,404762122220239,352242727455299,Karnataka_BTS_003,404-45-597-493,Karnataka
CDR202600008622,2025-06-27,13:38:39,+916048585340,+918639429502,VOICE,95,404940233340484,353281869224953,Rajasthan_BTS_006,404-45-862-575,Rajasthan
CDR202600008626,2025-12-26,19:38:52,+917766300339,+917725121411,SMS,0,404788687151436,354921322912683,Rajasthan_BTS_017,404-45-652-977,Rajasthan
CDR202600008633,2025-09-07,05:24:02,+916810780965,+919008348589,VOICE,9,404278371268641,353184037566106,Rajasthan_BTS_010,404-45-710-066,Rajasthan
CDR202600008663,2025-05-16,13:37:03,+917268536558,+919533377977,VOICE,399,404875755141788,353826740758730,Mumbai_BTS_006,404-45-319-553,Mumbai
CDR202600008680,2025-08-11,06:14:38,+916979318103,+917918652002,VOICE,43,404115915747624,358858816302790,Rajasthan_BTS_013,404-45-448-115,Rajasthan
CDR202600008697,2025-05-11,06:34:55,+917866810512,+919142172705,VOICE,20,404564506678201,359625897757849,WestBengal_BTS_003,404-45-735-768,West Bengal
CDR202600008699,2025-08-04,19:04:09,+919683122388,+918987755941,VOICE,14,404354117671729,357675451912233,Gujarat_BTS_005,404-45-338-518,Gujarat
CDR202600008702,2025-06-20,10:50:21,+918620549656,+917685568330,VOICE,27,404312779325617,352404413789505,UttarPradesh_BTS_012,404-45-441-790,Uttar Pradesh
CDR202600008735,2025-02-28,15:25:44,+919594849368,+916938174319,VOICE,24,404812624536468,350835273872658,TamilNadu_BTS_003,404-45-169-692,Tamil Nadu
CDR202600008739,2025-04-21,02:18:35,+916005708056,+917398664340,VOICE,29,404353366677138,350457157239469,Rajasthan_BTS_007,404-45-470-225,Rajasthan
CDR202600008746,2025-07-03,18:56:44,+918061588925,+917201086437,VOICE,84,404118234541364,351517536665007,WestBengal_BTS_009,404-45-571-359,West Bengal
CDR202600008764,2025-09-23,18:09:00,+916958719481,+918962428972,VOICE,1,404326304828095,353515951626370,Rajasthan_BTS_006,404-45-246-272,Rajasthan
CDR202600008765,2025-10-11,21:37:12,+919939243535,+917520981557,VOICE,578,404534470716340,352191846903788,Rajasthan_BTS_007,404-45-241-522,Rajasthan
CDR202600008777,2025-10-21,00:10:51,+917746280836,+916101521841,VOICE,142,404465232051026,356477494640906,UttarPradesh_BTS_003,404-45-618-272,Uttar Pradesh
CDR202600008812,2025-01-05,16:12:23,+919083548905,+919838670052,MISSED,0,404016310765459,354321078343470,Rajasthan_BTS_013,404-45-887-657,Rajasthan
CDR202600008840,2025-09-04,16:09:10,+919019032610,+917057475889,VOICE,142,404829339959359,358068801797683,TamilNadu_BTS_001,404-45-614-942,Tamil Nadu
CDR202600008885,2025-11-06,10:08:53,+916182088860,+918761808684,VOICE,62,404392068612533,354947118152750,Rajasthan_BTS_015,404-45-282-520,Rajasthan
CDR202600008903,2025-10-14,05:47:09,+918283893558,+919534747003,SMS,0,404305949781244,359474135502952,WestBengal_BTS_003,404-45-266-820,West Bengal
CDR202600008904,2025-04-02,12:10:27,+916719191067,+919936202674,VOICE,97,404022775753116,354933313416895,Delhi_BTS_001,404-45-180-088,Delhi
CDR202600008923,2025-09-22,16:35:54,+916122817537,+916931620641,VOICE,10,404447478619287,354509351130454,UttarPradesh_BTS_015,404-45-954-379,Uttar Pradesh
CDR202600008924,2025-10-29,03:56:10,+917221460042,+918176056203,VOICE,33,404937781226888,358538743130676,UttarPradesh_BTS_003,404-45-650-219,Uttar Pradesh
CDR202600008931,2025-06-24,16:36:57,+917038470095,+917846879565,VOICE,158,404641044073124,358452025917614,WestBengal_BTS_004,404-45-283-755,West Bengal
CDR202600008943,2025-10-28,08:06:17,+918711207314,+918379272031,VOICE,84,404505299165215,356779991722385,Mumbai_BTS_005,404-45-626-244,Mumbai
CDR202600008947,2025-01-31,19:56:35,+916996698129,+916268821410,SMS,0,404535388947837,359053332726449,Delhi_BTS_003,404-45-662-170,Delhi
CDR202600008951,2025-10-05,23:43:25,+917539670608,+919280256210,VOICE,7,404151794353114,358220238320192,Delhi_BTS_001,404-45-180-088,Delhi
CDR202600008965,2025-07-05,10:55:01,+918453494614,+918356452421,VOICE,55,404877664623260,354564989791516,UttarPradesh_BTS_011,404-45-357-928,Uttar Pradesh
CDR202600008967,2025-01-01,18:59:53,+919268019163,+919842762982,MISSED,0,404464418723640,351240949920534,WestBengal_BTS_006,404-45-373-164,West Bengal
CDR202600008983,2025-11-22,23:10:46,+919533878042,+916920060828,VOICE,12,404817092051627,356906097490463,Rajasthan_BTS_001,404-45-755-705,Rajasthan
CDR202600008984,2025-05-09,13:40:30,+918644753678,+917960741167,MISSED,0,404351258123474,359066942631623,TamilNadu_BTS_002,404-45-620-083,Tamil Nadu
CDR202600008989,2025-02-20,12:59:42,+919732094590,+919521875296,VOICE,356,404374243802486,358388520487096,Delhi_BTS_006,404-45-629-463,Delhi
CDR202600008996,2025-05-16,16:01:04,+919293897466,+916509404669,VOICE,140,404542241611030,358741692078093,Delhi_BTS_001,404-45-180-088,Delhi
CDR202600009006,2025-12-10,04:27:04,+917304545626,+916438482536,VOICE,95,404789078770769,351128680552947,UttarPradesh_BTS_001,404-45-234-688,Uttar Pradesh
CDR202600009019,2025-08-04,21:49:14,+917019844892,+917028242355,SMS,0,404256124995500,358909584606312,Mumbai_BTS_002,404-45-107-073,Mumbai
CDR202600009028,2025-09-08,05:55:22,+918651935198,+919655483027,VOICE,62,404976508666392,354895805684085,Mumbai_BTS_001,404-45-446-022,Mumbai
CDR202600009042,2025-08-04,10:33:11,+916949722710,+916632730803,VOICE,89,404294384972853,357611220325372,Maharashtra_BTS_005,404-45-891-297,Maharashtra
CDR202600009044,2025-07-25,14:26:51,+918248669894,+917139435997,VOICE,46,404964488907819,359302259087647,Rajasthan_BTS_004,404-45-680-898,Rajasthan
CDR202600009059,2025-12-19,09:10:08,+919901961037,+919531565815,VOICE,150,404826190489465,352857763007783,Delhi_BTS_003,404-45-371-541,Delhi
CDR202600009069,2025-03-06,11:20:34,+918362725720,+918555623598,VOICE,197,404160776929969,352245600171480,Rajasthan_BTS_010,404-45-641-258,Rajasthan
CDR202600009081,2025-05-05,02:57:40,+919789433033,+917668069108,VOICE,124,404369581250376,353338644750489,Rajasthan_BTS_016,404-45-303-157,Rajasthan
CDR202600009091,2025-05-20,12:58:28,+918371580400,+916996698129,VOICE,12,404989055223355,357411391131708,Maharashtra_BTS_002,404-45-926-045,Maharashtra
CDR202600009094,2025-07-28,04:51:54,+917438651338,+919942872445,VOICE,64,404110587907627,350787291592425,UttarPradesh_BTS_003,404-45-618-272,Uttar Pradesh
CDR202600009101,2025-07-03,13:31:32,+919594968091,+916392963980,SMS,0,404381221037682,357636533407931,Mumbai_BTS_010,404-45-211-255,Mumbai
CDR202600009106,2025-11-21,23:21:54,+918801848568,+919061843686,MISSED,0,404598063668226,355318849925715,Maharashtra_BTS_002,404-45-718-271,Maharashtra
CDR202600009127,2025-03-13,22:11:45,+917498561685,+919256110923,MISSED,0,404866470920456,353031761633947,Mumbai_BTS_007,404-45-584-827,Mumbai
CDR202600009145,2025-01-30,01:38:51,+916278756030,+918476762224,SMS,0,404647050093258,356253955882930,Rajasthan_BTS_005,404-45-505-906,Rajasthan
CDR202600009160,2025-10-27,17:55:28,+917669267123,+918972021941,VOICE,220,404250533405594,354303757411481,TamilNadu_BTS_004,404-45-683-253,Tamil Nadu
CDR202600009161,2025-05-05,04:35:20,+918915331163,+918940237490,VOICE,179,404571851886125,359211008963511,Karnataka_BTS_008,404-45-693-754,Karnataka
CDR202600009172,2025-09-18,23:54:44,+918948299991,+918115991701,VOICE,213,404484800360225,356992147157992,Delhi_BTS_002,404-45-231-676,Delhi
CDR202600009178,2025-03-05,10:56:38,+919186381655,+919545780532,SMS,0,404857395156794,350151640854786,Karnataka_BTS_004,404-45-160-169,Karnataka
CDR202600009179,2025-05-08,00:25:22,+916854171547,+918639338747,VOICE,59,404178588112455,359001100547860,UttarPradesh_BTS_011,404-45-357-928,Uttar Pradesh
CDR202600009181,2025-10-31,09:33:01,+916992723510,+917284670301,VOICE,39,404302355036720,355795663033332,Rajasthan_BTS_019,404-45-414-246,Rajasthan
CDR202600009187,2025-04-27,20:59:44,+919352850014,+916587191479,VOICE,61,404907280490724,357032167485732,Rajasthan_BTS_018,404-45-713-332,Rajasthan
CDR202600009188,2025-12-18,14:36:10,+917267465869,+917078809729,VOICE,133,404562697333098,356960342947991,Gujarat_BTS_008,404-45-448-285,Gujarat
CDR202600009189,2025-08-16,12:20:26,+919656599129,+918253233543,VOICE,30,404560145858744,357937636685555,Rajasthan_BTS_009,404-45-742-164,Rajasthan
CDR202600009193,2025-04-07,22:57:51,+919566779728,+919507571068,VOICE,193,404754460889147,357056712706686,Rajasthan_BTS_019,404-45-119-115,Rajasthan
CDR202600009199,2025-04-10,07:55:00,+918193199750,+919594849368,VOICE,52,404422089614356,354281342559296,Mumbai_BTS_001,404-45-446-022,Mumbai
CDR202600009221,2025-11-21,03:17:34,+918132420926,+917136199795,VOICE,41,404387050182283,355647341958329,Gujarat_BTS_007,404-45-325-460,Gujarat
CDR202600009233,2025-12-04,14:03:17,+916392171813,+919381446478,VOICE,21,404312977760892,356010553251353,WestBengal_BTS_006,404-45-906-719,West Bengal
CDR202600009238,2025-03-15,04:21:17,+916439791323,+917922003769,VOICE,91,404094887946128,355546491451313,Gujarat_BTS_007,404-45-325-460,Gujarat
CDR202600009241,2025-08-20,04:34:25,+919446186056,+917751155343,MISSED,0,404660830201605,356269417016203,Delhi_BTS_002,404-45-231-676,Delhi
CDR202600009243,2025-02-22,09:00:45,+917995290724,+917981544924,VOICE,106,404505214624609,350559534692073,Gujarat_BTS_001,404-45-859-282,Gujarat
CDR202600009266,2025-08-30,06:36:33,+918576647869,+918621518958,VOICE,112,404606956398470,358023346601295,Karnataka_BTS_004,404-45-160-169,Karnataka
CDR202600009279,2025-01-09,15:54:48,+916337646547,+917668323714,VOICE,192,404099126604773,357955190463578,Delhi_BTS_001,404-45-999-581,Delhi
CDR202600009286,2025-06-01,12:17:25,+917965661592,+919002053613,VOICE,422,404823993876244,354527434118642,Gujarat_BTS_007,404-45-325-460,Gujarat
CDR202600009288,2025-04-23,21:22:29,+918742571146,+918443105482,SMS,0,404168546584322,356795365215469,Karnataka_BTS_005,404-45-902-804,Karnataka
CDR202600009290,2025-04-01,11:27:50,+919801513821,+919947003973,VOICE,142,404029499637788,358437916304910,Rajasthan_BTS_003,404-45-924-324,Rajasthan
CDR202600009300,2025-02-02,16:01:58,+919784562292,+916911142376,VOICE,1,404208383513020,355791348337095,Rajasthan_BTS_006,404-45-651-270,Rajasthan
CDR202600009308,2025-05-03,22:53:41,+916746930885,+919297898204,VOICE,154,404587502169657,358480295229847,Maharashtra_BTS_003,404-45-949-644,Maharashtra
CDR202600009316,2025-12-29,17:17:13,+918157830462,+916286992966,VOICE,73,404807782805943,350416621844336,Gujarat_BTS_007,404-45-928-891,Gujarat
CDR202600009323,2025-11-28,17:06:49,+919490686177,+918639338747,VOICE,108,404737022699609,354548242674104,UttarPradesh_BTS_010,404-45-370-518,Uttar Pradesh
CDR202600009328,2025-11-26,09:32:12,+916531562749,+917295568841,VOICE,99,404974628809410,350068029913499,UttarPradesh_BTS_002,404-45-568-324,Uttar Pradesh
CDR202600009333,2025-08-08,07:59:35,+917330739569,+917819700767,MISSED,0,404746036375642,352279600196157,Rajasthan_BTS_007,404-45-605-094,Rajasthan
CDR202600009338,2025-12-30,18:37:06,+916658481061,+917093495892,VOICE,180,404863693383866,357618160312468,Rajasthan_BTS_004,404-45-680-898,Rajasthan
CDR202600009361,2025-10-18,12:46:58,+918805064101,+918662175081,VOICE,24,404696218624923,355613482300948,Delhi_BTS_001,404-45-180-088,Delhi
CDR202600009369,2025-01-14,12:08:32,+918443105482,+917625477969,VOICE,8,404458199537205,352198883533000,Delhi_BTS_002,404-45-878-546,Delhi
CDR202600009370,2025-02-25,13:58:46,+917011948874,+918926189084,VOICE,39,404831262956639,350015423725335,UttarPradesh_BTS_009,404-45-378-289,Uttar Pradesh
CDR202600009375,2025-11-01,11:33:23,+918778912285,+918729346255,VOICE,38,404002894732604,359305341344678,Karnataka_BTS_006,404-45-848-803,Karnataka
CDR202600009376,2025-12-22,10:51:50,+917489362264,+916189555716,VOICE,66,404349864737503,357502923302707,Maharashtra_BTS_002,404-45-926-045,Maharashtra
CDR202600009377,2025-09-27,13:27:53,+917338873625,+916337646547,VOICE,258,404323717470055,357998036614084,Gujarat_BTS_001,404-45-859-282,Gujarat
CDR202600009379,2025-12-28,17:54:07,+916611411515,+916373848076,VOICE,172,404796341799558,355582847446381,Mumbai_BTS_010,404-45-211-255,Mumbai
CDR202600009383,2025-07-22,03:40:16,+918298954274,+919559515863,VOICE,73,404881706569391,359320168809306,Karnataka_BTS_008,404-45-693-754,Karnataka
CDR202600009417,2025-05-22,07:49:15,+918431737659,+916538610778,VOICE,539,404082454007852,351685609949752,Maharashtra_BTS_003,404-45-649-128,Maharashtra
CDR202600009418,2025-07-21,05:06:14,+919058042006,+917433389841,VOICE,69,404884543486756,350197470290346,Mumbai_BTS_012,404-45-553-828,Mumbai
CDR202600009427,2025-12-29,19:47:57,+918084588830,+917414233317,SMS,0,404702006491799,353596667778355,Gujarat_BTS_003,404-45-704-433,Gujarat
CDR202600009448,2025-10-09,15:27:46,+918554513007,+917624645988,VOICE,286,404147780160389,357460000829010,UttarPradesh_BTS_003,404-45-202-076,Uttar Pradesh
CDR202600009451,2025-10-25,21:38:07,+916329228510,+918815273444,SMS,0,404041750860644,356344443007285,WestBengal_BTS_001,404-45-415-374,West Bengal
CDR202600009454,2025-03-31,01:24:22,+919136542310,+916821556270,VOICE,47,404100734413135,352585287545502,WestBengal_BTS_003,404-45-342-886,West Bengal
CDR202600009478,2025-11-28,01:02:08,+917201965416,+918888536314,VOICE,49,404363562122751,353002394875542,Maharashtra_BTS_003,404-45-487-081,Maharashtra
CDR202600009485,2025-03-07,18:01:26,+916398996879,+918814548537,VOICE,10,404911116875002,351777156173851,Delhi_BTS_004,404-45-847-707,Delhi
CDR202600009495,2025-06-07,23:42:31,+918785518381,+919701145555,VOICE,72,404316335438599,352461010231389,TamilNadu_BTS_006,404-45-367-210,Tamil Nadu
CDR202600009513,2025-02-05,14:35:50,+918674077462,+917314734437,SMS,0,404621095600489,351944477213714,Rajasthan_BTS_007,404-45-470-225,Rajasthan
CDR202600009536,2025-06-16,03:30:40,+917779098299,+919612549351,SMS,0,404433977280921,350725981945852,TamilNadu_BTS_006,404-45-367-210,Tamil Nadu
CDR202600009559,2025-12-17,06:35:53,+916341686359,+918965928635,VOICE,28,404623667724578,354449803024132,Karnataka_BTS_001,404-45-767-554,Karnataka
CDR202600009564,2025-01-21,02:45:31,+918925511758,+916005441336,VOICE,151,404240945649269,356905259334553,Rajasthan_BTS_004,404-45-374-068,Rajasthan
CDR202600009576,2025-11-24,20:18:28,+919875402560,+917478138043,VOICE,162,404146364090277,351954343185633,Gujarat_BTS_005,404-45-338-518,Gujarat
CDR202600009583,2025-08-12,02:43:32,+918957004550,+918485572124,VOICE,273,404183998586794,356084268156012,Rajasthan_BTS_006,404-45-242-253,Rajasthan
CDR202600009588,2025-05-08,04:53:16,+918655838146,+919748278152,VOICE,21,404481114913793,356926421740362,Maharashtra_BTS_004,404-45-146-678,Maharashtra
CDR202600009652,2025-08-29,19:51:50,+919210440205,+919201985691,MISSED,0,404614263663820,350677466958333,TamilNadu_BTS_003,404-45-170-610,Tamil Nadu
CDR202600009659,2025-02-20,12:08:34,+919400349727,+917297336967,VOICE,28,404664107863789,359612521938376,TamilNadu_BTS_005,404-45-734-084,Tamil Nadu
CDR202600009670,2025-01-02,12:58:30,+918871167031,+919613123290,MISSED,0,404622527765708,353155879733353,WestBengal_BTS_006,404-45-373-164,West Bengal
CDR202600009714,2025-07-16,16:06:53,+919178210985,+919651650123,VOICE,74,404425048093655,359903198641263,Karnataka_BTS_006,404-45-813-981,Karnataka
CDR202600009723,2025-12-13,12:33:44,+916323610446,+917853209083,VOICE,199,404102448409285,357016599069501,TamilNadu_BTS_001,404-45-614-942,Tamil Nadu
CDR202600009747,2025-09-18,06:48:20,+919526506513,+919677377861,VOICE,167,404446338186619,352115924164061,Karnataka_BTS_005,404-45-565-293,Karnataka
CDR202600009756,2025-02-10,19:08:26,+918249740665,+918291453350,VOICE,14,404406716564726,354000315774062,Delhi_BTS_002,404-45-884-129,Delhi
CDR202600009791,2025-11-08,10:20:21,+917332349279,+918540481457,VOICE,58,404279116032571,357975387416216,UttarPradesh_BTS_011,404-45-533-850,Uttar Pradesh
CDR202600009801,2025-08-17,14:16:53,+917663263059,+917356404102,VOICE,66,404831033471550,355937757111546,Karnataka_BTS_005,404-45-902-804,Karnataka
CDR202600009807,2025-12-15,21:07:32,+918610478793,+917900254663,VOICE,208,404799005573672,351405704009628,WestBengal_BTS_003,404-45-266-820,West Bengal
CDR202600009815,2025-11-04,07:03:37,+917327208351,+917476820879,VOICE,13,404158262383517,356215675926584,Rajasthan_BTS_019,404-45-951-827,Rajasthan
CDR202600009829,2025-09-03,01:40:26,+918612004345,+917230760386,SMS,0,404853590215047,357271041221096,WestBengal_BTS_005,404-45-521-822,West Bengal
CDR202600009830,2025-02-23,04:54:08,+919352151635,+917121441593,VOICE,118,404493747473454,352090906504859,Delhi_BTS_003,404-45-993-622,Delhi
CDR202600009832,2025-09-30,03:26:30,+917211794556,+918516039550,VOICE,168,404238864942417,358752122174704,TamilNadu_BTS_004,404-45-513-123,Tamil Nadu
CDR202600009848,2025-08-01,00:16:41,+917008931206,+917691970519,MISSED,0,404090022246725,352153095189458,UttarPradesh_BTS_006,404-45-769-542,Uttar Pradesh
CDR202600009849,2025-10-09,17:39:58,+918073535615,+919404337425,VOICE,37,404742516479362,350118230520952,UttarPradesh_BTS_007,404-45-779-107,Uttar Pradesh
CDR202600009876,2025-07-02,18:49:16,+919023140164,+918761259355,VOICE,26,404424638219452,356872601576585,Rajasthan_BTS_019,404-45-471-900,Rajasthan
CDR202600009877,2025-03-26,23:07:20,+917249394599,+918766299914,VOICE,55,404396918084058,354853750998154,Rajasthan_BTS_011,404-45-796-739,Rajasthan
CDR202600009879,2025-04-18,09:41:14,+918256204328,+918237244526,VOICE,23,404041818012574,356258422028037,Rajasthan_BTS_005,404-45-505-906,Rajasthan
CDR202600009899,2025-02-15,12:12:15,+919378091283,+919062068156,VOICE,47,404200369986631,352938340882729,Mumbai_BTS_008,404-45-155-690,Mumbai
CDR202600009906,2025-11-29,00:42:28,+917795530276,+916608790123,VOICE,44,404388681313721,351611048138259,Rajasthan_BTS_010,404-45-710-480,Rajasthan
CDR202600009941,2025-05-22,20:28:32,+917358285820,+919393824493,VOICE,58,404687170514705,359921200948332,Maharashtra_BTS_002,404-45-926-045,Maharashtra
CDR202600009951,2025-02-12,03:36:33,+919577730855,+918455401495,VOICE,27,404278748409547,357107146514053,UttarPradesh_BTS_007,404-45-999-138,Uttar Pradesh
CDR202600009967,2025-09-14,17:21:05,+919904689017,+918617430042,VOICE,205,404301554184284,350693201657943,UttarPradesh_BTS_012,404-45-145-004,Uttar Pradesh
CDR202600009992,2025-05-12,07:33:32,+916019571525,+917726107989,VOICE,2,404708481961094,359511499339966,Delhi_BTS_001,404-45-180-088,Delhi
CDR202600009997,2025-11-26,07:55:38,+918542480602,+917518635538,VOICE,120,404205366893078,351765439737216,UttarPradesh_BTS_009,404-45-378-289,Uttar Pradesh
CDR202600010000,2025-10-08,06:47:33,+918411684425,+916796962812,VOICE,290,404055726910458,359614071139405,Maharashtra_BTS_005,404-45-181-876,Maharashtra
CDR202600010006,2025-11-02,18:07:27,+917903729364,+919686242865,VOICE,442,404139551237261,357432343582392,UttarPradesh_BTS_001,404-45-371-406,Uttar Pradesh
CDR202600010023,2025-06-12,17:59:57,+917356404102,+919879733060,SMS,0,404766386298850,359927081670520,WestBengal_BTS_003,404-45-266-820,West Bengal
CDR202600010035,2025-09-15,10:02:40,+918001733816,+918132420926,MISSED,0,404026004113130,359265622181357,Rajasthan_BTS_015,404-45-282-520,Rajasthan
CDR202600010051,2025-02-25,20:57:58,+917051992241,+917274878619,VOICE,38,404809328126292,351474911392078,Karnataka_BTS_005,404-45-371-949,Karnataka
CDR202600010077,2025-12-24,20:54:33,+917431858283,+917009571916,VOICE,699,404146917230391,352341563482188,Maharashtra_BTS_008,404-45-818-960,Maharashtra
CDR202600010096,2025-06-18,13:47:30,+919333568762,+917401536397,VOICE,39,404011064152668,359776468629413,UttarPradesh_BTS_011,404-45-533-850,Uttar Pradesh
CDR202600010144,2025-07-02,22:00:09,+916704041859,+919295275637,VOICE,2,404520732707622,354578992946178,UttarPradesh_BTS_007,404-45-999-138,Uttar Pradesh
CDR202600010157,2025-01-19,18:35:26,+919279379224,+919143666828,SMS,0,404132050260189,353445902126119,Gujarat_BTS_003,404-45-704-433,Gujarat
CDR202600010183,2025-04-29,14:55:39,+916337646547,+917423101651,SMS,0,404099126604773,357955190463578,WestBengal_BTS_002,404-45-315-699,West Bengal
CDR202600010200,2025-02-06,05:54:28,+919847793012,+916214559749,VOICE,78,404027690499282,350235136680858,Delhi_BTS_002,404-45-878-546,Delhi
CDR202600010222,2025-07-10,06:44:26,+916356168385,+919016806935,VOICE,115,404438340090633,359810156099465,Gujarat_BTS_007,404-45-106-778,Gujarat
CDR202600010225,2025-04-22,15:22:07,+918502488426,+918639338747,VOICE,316,404763406377809,351348069280781,Rajasthan_BTS_016,404-45-619-624,Rajasthan
CDR202600010230,2025-11-26,09:41:55,+917779098299,+919637359630,VOICE,117,404433977280921,350725981945852,Rajasthan_BTS_017,404-45-880-166,Rajasthan
CDR202600010234,2025-04-09,01:24:02,+918604203496,+916137018109,VOICE,167,404089452302709,355436631301725,Gujarat_BTS_002,404-45-328-143,Gujarat
CDR202600010243,2025-01-03,10:34:47,+918805064101,+916893592412,SMS,0,404696218624923,355613482300948,UttarPradesh_BTS_001,404-45-234-688,Uttar Pradesh
CDR202600010252,2025-07-28,17:48:29,+919931602912,+917921011784,VOICE,334,404590206810548,352267125251728,Gujarat_BTS_001,404-45-859-282,Gujarat
CDR202600010255,2025-08-20,05:41:23,+918987755941,+919934674128,VOICE,3,404093364784909,354883202351727,WestBengal_BTS_007,404-45-491-894,West Bengal
CDR202600010309,2025-04-05,13:59:41,+916538610778,+916248625695,VOICE,236,404140699966200,353070700865665,UttarPradesh_BTS_007,404-45-779-107,Uttar Pradesh
CDR202600010331,2025-09-20,14:14:41,+917916468521,+919425468974,VOICE,35,404618617542694,356361440450368,UttarPradesh_BTS_003,404-45-736-577,Uttar Pradesh
CDR202600010350,2025-01-04,10:03:03,+916821556270,+917501730315,VOICE,361,404734190637428,353186199399166,TamilNadu_BTS_002,404-45-158-984,Tamil Nadu
CDR202600010352,2025-08-08,22:33:23,+918367661694,+918723496132,VOICE,15,404569844120677,359364775563198,Maharashtra_BTS_005,404-45-181-876,Maharashtra
CDR202600010376,2025-02-06,00:54:56,+918750445092,+917456367813,VOICE,113,404829745533858,358188229109013,Rajasthan_BTS_014,404-45-564-004,Rajasthan
CDR202600010386,2025-12-27,01:32:22,+919503703249,+919377498273,SMS,0,404721539015596,353301039384340,Rajasthan_BTS_004,404-45-835-323,Rajasthan
CDR202600010395,2025-11-23,23:22:46,+918945702124,+919057787504,VOICE,200,404941308964482,350403875875444,UttarPradesh_BTS_006,404-45-108-684,Uttar Pradesh
CDR202600010408,2025-10-05,07:35:25,+919705550803,+917719582304,VOICE,54,404668071492129,356455213857398,Rajasthan_BTS_005,404-45-771-512,Rajasthan
CDR202600010420,2025-06-27,17:02:24,+916516851698,+916366754523,VOICE,148,404088293396145,352982688689933,Gujarat_BTS_005,404-45-338-518,Gujarat
CDR202600010460,2025-04-03,11:45:39,+918873257050,+918904046904,VOICE,33,404188736978541,351914142316888,TamilNadu_BTS_003,404-45-170-610,Tamil Nadu
CDR202600010469,2025-08-16,12:48:56,+919967656270,+917273625858,VOICE,79,404199952099460,357130699488138,UttarPradesh_BTS_010,404-45-749-874,Uttar Pradesh
CDR202600010487,2025-11-25,08:28:28,+916405134888,+919349124692,VOICE,89,404928533489829,357856220782707,UttarPradesh_BTS_007,404-45-779-107,Uttar Pradesh
CDR202600010493,2025-07-28,12:29:45,+918182107087,+918129273278,VOICE,289,404499690366878,354075281242227,Maharashtra_BTS_008,404-45-818-960,Maharashtra
CDR202600010514,2025-08-17,07:35:47,+919318512872,+918676897276,MISSED,0,404871387727488,353105536555652,Maharashtra_BTS_005,404-45-891-297,Maharashtra
CDR202600010515,2025-01-24,12:56:54,+919381866362,+916228320383,VOICE,144,404711474332677,354634621312782,UttarPradesh_BTS_012,404-45-441-790,Uttar Pradesh
CDR202600010525,2025-08-23,13:36:31,+917997413210,+919557588766,VOICE,329,404929845680054,352570508872863,Mumbai_BTS_002,404-45-702-226,Mumbai
CDR202600010548,2025-01-09,08:22:33,+919202545091,+918805603372,VOICE,71,404582720165153,353781504866439,Maharashtra_BTS_006,404-45-987-104,Maharashtra
CDR202600010555,2025-08-03,05:03:51,+918370571122,+919181703697,VOICE,19,404846419661094,352785295148148,Mumbai_BTS_010,404-45-296-195,Mumbai
CDR202600010569,2025-11-25,10:12:52,+917067579725,+917055874204,VOICE,339,404283831678099,351916855510374,Rajasthan_BTS_010,404-45-494-391,Rajasthan
CDR202600010582,2025-06-13,21:50:22,+918174880118,+916184078828,VOICE,186,404180732317038,355027751518736,Maharashtra_BTS_008,404-45-173-624,Maharashtra
CDR202600010606,2025-01-09,18:53:38,+919142715213,+918584425155,VOICE,19,404446366408961,354636947007057,Maharashtra_BTS_001,404-45-204-095,Maharashtra
CDR202600010619,2025-10-14,18:01:57,+917221820048,+919318156546,VOICE,20,404192058054757,356624612407448,UttarPradesh_BTS_015,404-45-658-037,Uttar Pradesh
CDR202600010626,2025-12-10,09:01:00,+916745720308,+917436502967,VOICE,287,404817910330439,351165112662370,Mumbai_BTS_006,404-45-319-553,Mumbai
CDR202600010631,2025-12-05,09:12:21,+918728614929,+918841644330,VOICE,157,404809846897820,359550937294523,UttarPradesh_BTS_010,404-45-308-704,Uttar Pradesh
CDR202600010632,2025-02-23,20:19:16,+916792758063,+919297025335,SMS,0,404768412746758,359234118581757,UttarPradesh_BTS_003,404-45-618-272,Uttar Pradesh
CDR202600010653,2025-12-23,21:50:09,+916931620641,+916935232307,VOICE,78,404092248566540,351194324581419,WestBengal_BTS_009,404-45-571-359,West Bengal
CDR202600010674,2025-08-27,00:27:48,+917876427272,+918947516711,VOICE,49,404126745664155,355367985456922,WestBengal_BTS_004,404-45-283-755,West Bengal
CDR202600010678,2025-01-20,03:58:18,+916591627817,+916198404669,VOICE,41,404424673784024,350982119483365,UttarPradesh_BTS_003,404-45-618-272,Uttar Pradesh
CDR202600010691,2025-10-01,17:47:35,+916554854531,+917955368678,VOICE,78,404362832235865,354290671594197,UttarPradesh_BTS_012,404-45-233-653,Uttar Pradesh
CDR202600010697,2025-06-18,09:24:32,+918675450204,+917627570441,VOICE,171,404606901726649,352109355098802,Gujarat_BTS_008,404-45-448-285,Gujarat
CDR202600010712,2025-01-13,22:01:46,+918934548693,+918443105482,VOICE,56,404621282716284,358912053568582,WestBengal_BTS_003,404-45-258-948,West Bengal
CDR202600010714,2025-02-05,22:26:23,+918412106129,+917261061155,VOICE,44,404970881197658,357535264196094,Mumbai_BTS_008,404-45-155-690,Mumbai
CDR202600010764,2025-02-02,17:20:30,+919136542310,+916701586456,MISSED,0,404100734413135,352585287545502,Mumbai_BTS_009,404-45-162-413,Mumbai
CDR202600010772,2025-08-27,22:15:19,+917988329785,+916908228505,SMS,0,404075523809054,350834084226429,Rajasthan_BTS_016,404-45-619-624,Rajasthan
CDR202600010844,2025-07-29,15:05:13,+919508516277,+917013458244,VOICE,16,404950455336861,359320824505932,Karnataka_BTS_003,404-45-597-493,Karnataka
CDR202600010860,2025-12-25,18:27:09,+916381480141,+917436972675,SMS,0,404202652302409,358349380039358,Mumbai_BTS_007,404-45-348-804,Mumbai
CDR202600010862,2025-06-16,06:46:16,+916515449347,+917889241704,MISSED,0,404291223717950,351906556058785,Rajasthan_BTS_008,404-45-981-113,Rajasthan
CDR202600010870,2025-05-02,05:36:34,+919966441687,+916564902284,VOICE,3,404523052985527,355324421848994,UttarPradesh_BTS_001,404-45-234-688,Uttar Pradesh
CDR202600010871,2025-06-05,12:38:12,+919671219693,+919572350182,VOICE,142,404487991285086,351682009493829,Rajasthan_BTS_019,404-45-414-246,Rajasthan
CDR202600010884,2025-05-30,01:00:32,+917345321729,+919780125713,VOICE,28,404400175986968,359760698860219,Maharashtra_BTS_002,404-45-926-045,Maharashtra
CDR202600010885,2025-06-08,17:52:28,+918852312560,+916864898231,SMS,0,404941465372334,354807410899760,UttarPradesh_BTS_011,404-45-533-850,Uttar Pradesh
CDR202600010911,2025-12-31,16:39:48,+919142172705,+918551596592,VOICE,25,404965195765142,352006958977817,UttarPradesh_BTS_002,404-45-869-959,Uttar Pradesh
CDR202600010918,2025-12-07,05:51:45,+919541078632,+916351363179,VOICE,212,404187617504206,356941933406067,Karnataka_BTS_007,404-45-322-992,Karnataka
CDR202600010929,2025-02-15,19:38:15,+917171725033,+918947516711,SMS,0,404910368316852,352442699105333,Mumbai_BTS_011,404-45-573-256,Mumbai
CDR202600010941,2025-06-17,09:04:55,+918088194577,+919465637402,VOICE,109,404910000290508,357637469314298,Rajasthan_BTS_007,404-45-605-094,Rajasthan
CDR202600011010,2025-11-06,09:37:49,+919991743924,+917330139400,SMS,0,404919390833815,354923448025876,WestBengal_BTS_002,404-45-205-363,West Bengal
CDR202600011025,2025-07-19,06:40:48,+919036882357,+919319179958,VOICE,41,404407262878927,350801885151490,UttarPradesh_BTS_012,404-45-145-004,Uttar Pradesh
CDR202600011069,2025-10-01,17:51:12,+917657701816,+916788282430,VOICE,117,404290177904632,354991052834066,Mumbai_BTS_011,404-45-287-286,Mumbai
CDR202600011084,2025-05-15,16:54:14,+919837367277,+916098490653,VOICE,173,404558235435645,359516012212184,Mumbai_BTS_009,404-45-162-413,Mumbai
CDR202600011107,2025-01-02,22:06:28,+916792758063,+916664850079,VOICE,84,404768412746758,359234118581757,Delhi_BTS_006,404-45-548-922,Delhi
CDR202600011111,2025-11-23,16:30:49,+917230975615,+917226323601,VOICE,74,404337304966670,358676009186964,Maharashtra_BTS_003,404-45-487-081,Maharashtra
CDR202600011112,2025-01-27,01:35:31,+918649961413,+916077085092,VOICE,209,404538400558363,352611912495421,Rajasthan_BTS_006,404-45-862-575,Rajasthan
CDR202600011136,2025-04-12,05:50:15,+916332462710,+918723371913,VOICE,67,404714486511677,354800897311228,WestBengal_BTS_005,404-45-901-954,West Bengal
CDR202600011183,2025-07-26,18:05:15,+917278712227,+918525821894,VOICE,28,404220549706548,359799820184402,UttarPradesh_BTS_001,404-45-234-688,Uttar Pradesh
CDR202600011193,2025-08-28,16:07:32,+918568140964,+917797443799,VOICE,72,404880538701993,358891471590259,WestBengal_BTS_001,404-45-915-996,West Bengal
CDR202600011206,2025-02-16,00:45:36,+916278756030,+916045551968,VOICE,15,404647050093258,356253955882930,Delhi_BTS_005,404-45-830-320,Delhi
CDR202600011216,2025-02-18,21:37:19,+917423101651,+918251172512,VOICE,35,404397475494230,352841010455181,Rajasthan_BTS_019,404-45-414-246,Rajasthan
CDR202600011218,2025-05-12,03:23:09,+918386857947,+917784205571,VOICE,19,404078416980158,354034089734219,Karnataka_BTS_006,404-45-835-499,Karnataka
CDR202600011236,2025-09-19,18:15:59,+918339528349,+917356716278,VOICE,62,404418077540977,357460444700377,UttarPradesh_BTS_006,404-45-769-542,Uttar Pradesh
CDR202600011238,2025-05-24,18:03:31,+916347851781,+916138868243,VOICE,301,404199709609987,357478574556269,Karnataka_BTS_007,404-45-294-304,Karnataka
CDR202600011264,2025-10-13,19:42:00,+916670342442,+917632947740,VOICE,68,404131808431039,357642499373409,WestBengal_BTS_003,404-45-735-768,West Bengal
CDR202600011266,2025-08-11,07:24:52,+918395270269,918112014146,SMS,0,404077627160213,353357584232191,Rajasthan_BTS_001,404-45-376-948,Rajasthan
CDR202600011294,2025-05-30,03:21:34,+917201965416,+917490688317,VOICE,198,404363562122751,354202425112320,Mumbai_BTS_008,404-45-984-747,Mumbai
CDR202600011298,2025-02-04,14:38:36,+917493206855,+919568579913,SMS,0,404776741929420,358197450561608,Rajasthan_BTS_010,404-45-641-258,Rajasthan
CDR202600011304,2025-02-14,23:06:48,+919582910276,+919239985389,VOICE,67,404896044575470,351537600930071,Rajasthan_BTS_016,404-45-619-624,Rajasthan
CDR202600011312,2025-06-18,09:09:28,+916184078828,+918778912285,VOICE,438,404812761170959,353425608553366,Maharashtra_BTS_008,404-45-818-960,Maharashtra
CDR202600011314,2025-05-12,16:13:25,+917927220453,+917801519560,VOICE,145,404382421878463,358493778200652,Rajasthan_BTS_004,404-45-835-323,Rajasthan
CDR202600011315,2025-07-01,21:27:06,+919346979515,+916588879633,VOICE,94,404863373518011,357661821452108,Mumbai_BTS_006,404-45-319-553,Mumbai
CDR202600011319,2025-07-06,19:32:15,+918202407358,+916438482536,VOICE,3,404952699112327,353007320188519,TamilNadu_BTS_001,404-45-158-052,Tamil Nadu
CDR202600011331,2025-08-18,11:19:12,+918434726778,+919870814055,SMS,0,404896398387280,352252083178676,Karnataka_BTS_005,404-45-102-400,Karnataka
CDR202600011338,2025-04-15,23:54:46,+917801519560,+918878165080,VOICE,29,404794358148161,351276565466601,Mumbai_BTS_007,404-45-348-804,Mumbai
CDR202600011339,2025-02-22,11:00:34,+917314734437,+918921614274,VOICE,544,404427973086940,357190655399842,UttarPradesh_BTS_013,404-45-552-565,Uttar Pradesh
CDR202600011345,2025-12-15,16:10:08,+919692551770,+918338786803,SMS,0,404293405776434,351590256084949,Mumbai_BTS_008,404-45-462-434,Mumbai
CDR202600011354,2025-12-29,12:53:32,+918937550635,+919858910547,VOICE,24,404603446788161,354764260135672,UttarPradesh_BTS_007,404-45-779-107,Uttar Pradesh
CDR202600011363,2025-09-10,00:22:52,+918139555438,+917685555237,VOICE,114,404562544369548,355480886433672,Delhi_BTS_003,404-45-662-170,Delhi
CDR202600011364,2025-11-08,14:06:28,+919994409773,+917719582304,VOICE,74,404286083693991,357505953929716,WestBengal_BTS_002,404-45-205-363,West Bengal
CDR202600011375,2025-06-30,07:35:53,+917299514290,+919240363637,VOICE,147,404630029639605,357394892041329,Maharashtra_BTS_007,404-45-750-855,Maharashtra
CDR202600011392,2025-09-09,12:15:36,+917767520527,+918264300336,VOICE,4,404478013364843,350478266597413,UttarPradesh_BTS_010,404-45-749-874,Uttar Pradesh
CDR202600011399,2025-02-23,15:52:36,+917295764474,+917693280362,VOICE,7,404949526554037,354203582669491,Rajasthan_BTS_007,404-45-697-409,Rajasthan
CDR202600011423,2025-07-05,17:55:53,+918899007800,+918384683372,VOICE,154,404130608450420,354671212764471,UttarPradesh_BTS_012,404-45-441-790,Uttar Pradesh
CDR202600011429,2025-04-13,00:52:31,+917628158707,+919505180197,VOICE,6,404508750125467,353521289304301,Gujarat_BTS_005,404-45-338-518,Gujarat
CDR202600011430,2025-09-28,12:18:33,+917488910754,+916269527494,VOICE,64,404237753259187,353281506157269,Rajasthan_BTS_006,404-45-246-272,Rajasthan
CDR202600011471,2025-05-11,01:45:34,+918917058490,+917835256106,VOICE,83,404548793872722,353425914817948,WestBengal_BTS_005,404-45-901-954,West Bengal
CDR202600011475,2025-06-16,23:37:57,+916704041859,+918155040073,VOICE,264,404520732707622,354578992946178,Maharashtra_BTS_008,404-45-818-960,Maharashtra
CDR202600011495,2025-05-03,09:27:04,+918147967632,+919769437321,VOICE,273,404302252492406,356699610106831,Karnataka_BTS_001,404-45-767-554,Karnataka
CDR202600011517,2025-11-04,21:53:51,+917221820048,+918502488426,VOICE,71,404192058054757,356624612407448,Rajasthan_BTS_016,404-45-619-624,Rajasthan
CDR202600011518,2025-12-28,11:20:06,+919167374741,+917178752596,VOICE,67,404792745271153,359489316768338,UttarPradesh_BTS_012,404-45-441-790,Uttar Pradesh
CDR202600011523,2025-09-30,05:17:10,+918881476163,+916271852980,VOICE,44,404817626294215,351213893862496,UttarPradesh_BTS_013,404-45-552-565,Uttar Pradesh
CDR202600011543,2025-03-30,10:23:06,+919801513821,+919545954622,SMS,0,404029499637788,358437916304910,Rajasthan_BTS_001,404-45-376-948,Rajasthan
CDR202600011546,2025-03-23,17:06:24,+918751136354,+918810863361,VOICE,87,404955494298380,358493104613870,UttarPradesh_BTS_011,404-45-357-928,Uttar Pradesh
CDR202600011582,2025-01-21,04:36:11,+917641309711,+916326263871,VOICE,156,404312870409485,353018319589196,Rajasthan_BTS_001,404-45-670-225,Rajasthan
CDR202600011613,2025-04-01,17:52:19,+917230760386,+918923650326,VOICE,25,404482222456113,355319047581581,Rajasthan_BTS_018,404-45-713-332,Rajasthan
CDR202600011621,2025-02-15,18:34:43,+919368799167,+918859333151,VOICE,166,404057592750057,354167510573573,TamilNadu_BTS_003,404-45-169-692,Tamil Nadu
CDR202600011642,2025-08-10,16:13:00,+919393824493,+917290268360,VOICE,303,404486855727635,351854815198580,Rajasthan_BTS_004,404-45-680-898,Rajasthan
CDR202600011653,2025-10-26,16:32:56,+917173642675,+916051757011,MISSED,0,404636760397391,350488395058725,Delhi_BTS_003,404-45-662-170,Delhi
CDR202600011667,2025-03-13,06:33:31,+918311695933,+919930424269,VOICE,54,404380594081089,353211948387231,Maharashtra_BTS_009,404-45-646-747,Maharashtra
CDR202600011689,2025-11-05,21:14:02,+918207421117,+918383331155,MISSED,0,404993155678977,356562521672582,Rajasthan_BTS_002,404-45-334-842,Rajasthan
CDR202600011713,2025-05-24,09:33:42,+918037237647,+919204124085,VOICE,168,404487950355788,351099794315320,WestBengal_BTS_005,404-45-785-885,West Bengal
CDR202600011745,2025-02-16,21:28:27,+917777059287,+917184715665,VOICE,284,404293578651629,356928156896344,TamilNadu_BTS_004,404-45-683-253,Tamil Nadu
CDR202600011775,2025-07-15,21:33:06,+916352073232,+919514705651,VOICE,554,404607636926466,358753366810911,Delhi_BTS_006,404-45-223-254,Delhi
CDR202600011777,2025-08-21,17:19:31,+919349124692,+916294703267,VOICE,38,404929195916365,358860680775821,Mumbai_BTS_011,404-45-573-256,Mumbai
CDR202600011781,2025-07-31,04:42:34,+917405963578,+917034382743,VOICE,56,404228663028666,358220452565866,Maharashtra_BTS_003,404-45-649-128,Maharashtra
CDR202600011782,2025-09-28,04:54:54,+917404000152,+916558226485,VOICE,101,404967270035012,354392592563246,Gujarat_BTS_005,404-45-338-518,Gujarat
CDR202600011789,2025-07-12,21:53:07,+918333039609,+916373848076,VOICE,47,404328049513552,358707570136914,Mumbai_BTS_006,404-45-319-553,Mumbai
CDR202600011793,2025-03-23,22:23:41,+917332349279,+916439420587,SMS,0,404279116032571,357975387416216,UttarPradesh_BTS_008,404-45-860-567,Uttar Pradesh
CDR202600011807,2025-02-03,10:23:38,+918131265893,+917436972675,VOICE,263,404600286667739,357197230007807,Maharashtra_BTS_004,404-45-691-197,Maharashtra
CDR202600011809,2025-12-19,08:12:08,+917443631579,+918810976240,VOICE,54,404977085106351,359800558543544,Mumbai_BTS_008,404-45-984-747,Mumbai
CDR202600011825,2025-01-07,15:04:45,+916075420676,+917021480150,MISSED,0,404778484530636,356098562078761,Mumbai_BTS_009,404-45-162-413,Mumbai
CDR202600011843,2025-07-21,08:22:53,+918335163952,+918256587235,VOICE,210,404203389861791,355195133995413,Rajasthan_BTS_009,404-45-911-697,Rajasthan
CDR202600011859,2025-06-05,17:58:51,+919871652240,+916457913549,VOICE,25,404311093009101,357571822866647,WestBengal_BTS_009,404-45-571-359,West Bengal
CDR202600011866,2025-01-24,14:46:19,+919407545639,+916340951750,VOICE,24,404930402266133,358975275234811,Mumbai_BTS_008,404-45-155-690,Mumbai
CDR202600011882,2025-01-25,11:57:44,+919668874938,+919452078615,VOICE,25,404829727475389,350622346349815,Rajasthan_BTS_011,404-45-796-739,Rajasthan
CDR202600011897,2025-06-17,23:21:58,+917600606591,+917798082866,VOICE,59,404921353457784,359509388730128,Mumbai_BTS_001,404-45-446-022,Mumbai
CDR202600011916,2025-10-07,13:55:05,+919951974036,+918395592096,VOICE,564,404729973304856,351587713694089,UttarPradesh_BTS_007,404-45-999-138,Uttar Pradesh
CDR202600011927,2025-05-30,19:26:15,+918637673043,+918946271950,VOICE,215,404251872145600,352282302729291,UttarPradesh_BTS_004,404-45-457-903,Uttar Pradesh
CDR202600011942,2025-06-13,23:09:32,+918264570620,+917880299136,VOICE,32,404431791964375,357301088058977,TamilNadu_BTS_001,404-45-158-052,Tamil Nadu
CDR202600011962,2025-02-07,15:09:38,+917013608856,+919805128771,VOICE,10,404644376998148,354649383597178,Maharashtra_BTS_008,404-45-173-624,Maharashtra
CDR202600011967,2025-02-15,15:17:14,+916392963980,+919697798060,VOICE,162,404845743811667,352600237407639,Mumbai_BTS_011,404-45-573-256,Mumbai
CDR202600011991,2025-05-24,06:42:00,+916633100802,+916145905329,SMS,0,404909301767649,355764466657461,TamilNadu_BTS_006,404-45-773-598,Tamil Nadu
CDR202600011992,2025-04-21,03:41:57,+916722111115,+917327208351,VOICE,13,404342975168081,357097170895158,WestBengal_BTS_005,404-45-785-885,West Bengal
CDR202600012007,2025-05-03,04:42:41,+918810760694,+917541362688,VOICE,147,404103483912565,355007340603660,Delhi_BTS_002,404-45-878-546,Delhi
CDR202600012014,2025-09-30,17:10:36,+917110206042,+918155040073,VOICE,33,404733499101219,352932437159591,Delhi_BTS_004,404-45-652-774,Delhi
CDR202600012018,2025-11-01,15:38:03,+918328382428,+919028935920,VOICE,125,404315680743434,354916046949658,Karnataka_BTS_007,404-45-294-304,Karnataka
CDR202600012021,2025-11-26,11:56:43,+918810760694,+919936202674,VOICE,42,404103483912565,355007340603660,Rajasthan_BTS_007,404-45-470-225,Rajasthan
CDR202600012030,2025-01-19,12:22:32,+917373608917,+919211943575,VOICE,80,404072363729833,350956831409566,UttarPradesh_BTS_002,404-45-869-959,Uttar Pradesh
CDR202600012033,2025-04-05,00:36:53,+918279192298,+916570999397,VOICE,33,404629464719444,358056622055989,Rajasthan_BTS_017,404-45-652-977,Rajasthan
CDR202600012048,2025-11-03,14:40:11,+919490686177,+917691728825,VOICE,28,404737022699609,355650611904305,Karnataka_BTS_004,404-45-160-169,Karnataka
CDR202600012054,2025-10-29,11:50:18,+919406238631,+916555703019,SMS,0,404117124736274,358572469371322,TamilNadu_BTS_001,404-45-698-489,Tamil Nadu
CDR202600012066,2025-06-26,08:58:06,+918139555438,+919522810615,VOICE,93,404562544369548,355480886433672,UttarPradesh_BTS_009,404-45-378-289,Uttar Pradesh
CDR202600012073,2025-12-05,19:32:49,+917531802722,+919049222973,VOICE,17,404997278936781,351189627151657,Rajasthan_BTS_016,404-45-303-157,Rajasthan
CDR202600012079,2025-05-03,02:51:36,+916919664501,+916674498908,VOICE,178,404556548928363,353682574187864,Gujarat_BTS_004,404-45-130-096,Gujarat
CDR202600012095,2025-08-21,15:19:51,+918281664145,+918948299991,VOICE,183,404058285829410,355374301490384,Mumbai_BTS_008,404-45-520-479,Mumbai
CDR202600012103,2025-08-25,08:08:43,+918959149141,+917151964216,VOICE,142,404268714189829,359669917144203,Mumbai_BTS_011,404-45-573-256,Mumbai
CDR202600012115,2025-01-10,14:07:02,+918639338747,+917487354308,VOICE,5,404442834128049,359991110427423,UttarPradesh_BTS_012,404-45-233-653,Uttar Pradesh
CDR202600012127,2025-03-27,22:43:12,+918754483982,+919777908086,SMS,0,404788242818637,352332469387744,Mumbai_BTS_010,404-45-211-255,Mumbai
CDR202600012142,2025-11-02,12:32:27,+916501612065,+917501999900,VOICE,80,404291541397281,358884023386180,Maharashtra_BTS_002,404-45-718-271,Maharashtra
CDR202600012154,2025-05-01,18:21:23,+916279918988,+919163618672,MISSED,0,404935335073521,350021929986007,Rajasthan_BTS_018,404-45-713-332,Rajasthan
CDR202600012176,2025-12-01,18:29:36,+919939243535,+917581957613,VOICE,169,404534470716340,352191846903788,WestBengal_BTS_001,404-45-230-043,West Bengal
CDR202600012195,2025-10-22,02:55:22,+919042808278,+919237358515,SMS,0,404575712996785,356618332548718,Gujarat_BTS_008,404-45-814-433,Gujarat
CDR202600012201,2025-11-04,15:36:33,+916522202654,+919685174289,VOICE,71,404369018486919,354733076472656,UttarPradesh_BTS_011,404-45-357-928,Uttar Pradesh
CDR202600012240,2025-08-22,23:23:33,+916484393957,+919500848296,VOICE,63,404286505917118,358058474062320,Rajasthan_BTS_009,404-45-742-164,Rajasthan
CDR202600012246,2025-04-22,02:44:41,+919904689017,+919866913702,MISSED,0,404301554184284,350693201657943,TamilNadu_BTS_001,404-45-614-942,Tamil Nadu
CDR202600012277,2025-05-18,06:37:06,+919290632793,+918355975592,MISSED,0,404169713803096,350567505058445,Mumbai_BTS_010,404-45-211-255,Mumbai
CDR202600012319,2025-02-19,02:16:33,+919339073555,+917503486314,VOICE,45,404727251049178,359492724680785,TamilNadu_BTS_006,404-45-773-598,Tamil Nadu
CDR202600012331,2025-06-25,18:06:03,+918176056203,+918005798364,SMS,0,404523501080206,357167012583334,Maharashtra_BTS_002,404-45-926-045,Maharashtra
CDR202600012333,2025-03-17,05:22:34,+918978860352,+916287579696,VOICE,10,404598035071597,358703493299422,TamilNadu_BTS_005,404-45-734-084,Tamil Nadu
CDR202600012336,2025-11-12,20:04:29,+917712822942,+918394889222,SMS,0,404872345820430,352838108480547,UttarPradesh_BTS_004,404-45-170-901,Uttar Pradesh
CDR202600012363,2025-03-22,23:11:44,+919329874040,+918262879060,VOICE,14,404246402423881,350975994555881,Rajasthan_BTS_017,404-45-880-166,Rajasthan
CDR202600012370,2025-12-05,13:23:00,+919367245100,+916183793050,VOICE,310,404495779588060,358381110494562,Rajasthan_BTS_005,404-45-505-906,Rajasthan
CDR202600012375,2025-03-25,09:54:15,+916921607323,+918774258277,VOICE,16,404394931297209,359724926051602,Maharashtra_BTS_005,404-45-891-297,Maharashtra
CDR202600012410,2025-05-18,14:22:08,+919631730983,+917031578057,VOICE,10,404542872819104,350056962522099,UttarPradesh_BTS_011,404-45-533-850,Uttar Pradesh
CDR202600012418,2025-09-10,11:08:53,+919686240092,+916515449347,VOICE,565,404141156656873,352964962748550,Mumbai_BTS_009,404-45-162-413,Mumbai
CDR202600012434,2025-11-02,21:29:26,+919256810437,+916237834522,SMS,0,404325553402057,355232051944757,Mumbai_BTS_011,404-45-243-433,Mumbai
CDR202600012446,2025-04-17,15:26:21,+919628453819,+916510257085,VOICE,293,404408481159629,350939867643621,Karnataka_BTS_005,404-45-902-804,Karnataka
CDR202600012471,2025-06-24,23:58:29,+917031578057,+916876741060,MISSED,0,404267836875268,351743383459115,Rajasthan_BTS_011,404-45-796-739,Rajasthan
CDR202600012501,2025-11-22,11:55:01,+917385213450,+919993308236,VOICE,45,404729372928571,354775270289013,Rajasthan_BTS_010,404-45-710-480,Rajasthan
CDR202600012508,2025-08-20,09:07:29,+916364909509,+919478054786,VOICE,308,404889996491290,356044494524640,Rajasthan_BTS_006,404-45-651-270,Rajasthan
CDR202600012518,2025-12-25,13:37:02,+918059464816,+919316737376,VOICE,63,404157907421050,355185824360120,Delhi_BTS_002,404-45-935-071,Delhi
CDR202600012524,2025-10-10,06:48:14,+917274550287,+917914107048,VOICE,110,404847037780590,357248787990325,Rajasthan_BTS_007,404-45-241-522,Rajasthan
CDR202600012528,2025-08-02,14:08:23,+919298701709,+918627855226,VOICE,188,404456206092491,351667672624382,Rajasthan_BTS_006,404-45-242-253,Rajasthan
CDR202600012530,2025-06-08,18:22:34,+919790736992,+919748278152,VOICE,228,404815758272978,351601161082344,Rajasthan_BTS_008,404-45-981-113,Rajasthan
CDR202600012533,2025-01-18,12:17:09,+916273753603,+916745720308,SMS,0,404679126137888,350931003806598,Mumbai_BTS_011,404-45-243-433,Mumbai
CDR202600012538,2025-10-14,02:00:16,+918749009172,+916661818948,SMS,0,404608236627114,350219945594237,UttarPradesh_BTS_003,404-45-650-219,Uttar Pradesh
CDR202600012547,2025-06-27,07:53:54,+917286120422,+917160690081,VOICE,199,404638322742938,355157312403493,UttarPradesh_BTS_003,404-45-618-272,Uttar Pradesh
CDR202600012557,2025-10-02,21:51:28,+917201965416,+919099798724,VOICE,239,404363562122751,354202425112320,Rajasthan_BTS_005,404-45-505-906,Rajasthan
CDR202600012588,2025-01-07,04:44:59,+918339147499,+916366754523,VOICE,118,404184378641016,353435465976053,Maharashtra_BTS_003,404-45-487-081,Maharashtra
CDR202600012614,2025-10-04,17:49:05,+917931239912,+916712471724,VOICE,48,404933817530916,358348987135995,Rajasthan_BTS_015,404-45-208-892,Rajasthan
CDR202600012648,2025-07-23,17:58:39,+918433345690,+918498410218,VOICE,34,404827006445845,359156349365877,Karnataka_BTS_005,404-45-902-804,Karnataka
CDR202600012691,2025-09-13,00:19:02,+916722111115,+918849637146,VOICE,261,404342975168081,354786100999380,Mumbai_BTS_011,404-45-287-286,Mumbai
CDR202600012708,2025-10-05,18:37:12,+918987497344,+917288633010,VOICE,72,404415669230960,354227976261223,UttarPradesh_BTS_013,404-45-552-565,Uttar Pradesh
CDR202600012717,2025-09-30,04:11:52,+918162043147,+917921011784,VOICE,137,404554701737164,359608904351893,Rajasthan_BTS_009,404-45-911-697,Rajasthan
CDR202600012723,2025-09-08,04:48:40,+916899271434,+917665998990,VOICE,36,404421629476650,351790162581602,TamilNadu_BTS_002,404-45-158-984,Tamil Nadu
CDR202600012731,2025-02-22,09:43:05,+919624202963,+917924463389,VOICE,84,404674301956765,358831567009570,UttarPradesh_BTS_001,404-45-371-406,Uttar Pradesh
CDR202600012742,2025-10-12,18:10:54,+917320711620,+919794732472,VOICE,33,404365906321333,358794240261854,UttarPradesh_BTS_002,404-45-869-959,Uttar Pradesh
CDR202600012791,2025-07-11,08:39:15,+919032839716,+919233492867,VOICE,129,404452775545495,356219198761221,Rajasthan_BTS_001,404-45-376-948,Rajasthan
CDR202600012799,2025-10-31,00:51:56,+917320050330,+917699568264,MISSED,0,404470464801705,350298350050339,Maharashtra_BTS_007,404-45-473-167,Maharashtra
CDR202600012810,2025-07-11,23:15:29,+919061229549,+919282430009,SMS,0,404484403777150,350144284545274,WestBengal_BTS_003,404-45-266-820,West Bengal
CDR202600012825,2025-05-17,05:23:35,+917490292707,+918371507888,SMS,0,404467706002278,351005446328721,WestBengal_BTS_009,404-45-571-359,West Bengal
CDR202600012828,2025-06-08,18:34:37,+918310372935,+917714277654,VOICE,169,404508941668710,353253529030025,Mumbai_BTS_005,404-45-626-244,Mumbai
CDR202600012850,2025-10-29,00:50:41,+917230975615,+916701586456,VOICE,55,404337304966670,358676009186964,Delhi_BTS_003,404-45-533-988,Delhi
CDR202600012852,2025-05-30,00:27:52,+917835301377,+917679735606,VOICE,108,404101456156955,351419668414970,Delhi_BTS_006,404-45-223-254,Delhi
CDR202600012861,2025-01-17,15:58:31,+919341817830,+919412691680,VOICE,476,404927181826076,353072151291091,UttarPradesh_BTS_006,404-45-769-542,Uttar Pradesh
CDR202600012869,2025-05-09,13:08:44,+919530662496,+916737976191,VOICE,23,404435241168416,351933998802533,Rajasthan_BTS_001,404-45-801-333,Rajasthan
CDR202600012896,2025-12-01,16:29:43,+916237834522,+918287652960,VOICE,83,404690884726857,359815806300203,Delhi_BTS_002,404-45-884-129,Delhi
CDR202600012913,2025-05-19,14:31:07,+917297744721,+917020550560,VOICE,265,404054730595033,352610816260974,UttarPradesh_BTS_001,404-45-371-406,Uttar Pradesh
CDR202600012922,2025-05-25,19:56:49,+919042062280,+917881301993,VOICE,20,404808545422974,351030060811431,Delhi_BTS_006,404-45-223-254,Delhi
CDR202600012955,2025-02-05,00:06:10,+919525494771,+917375530261,VOICE,304,404202642095019,354288967708420,UttarPradesh_BTS_002,404-45-869-959,Uttar Pradesh
CDR202600012962,2025-08-13,08:19:48,+918802121362,+918783755825,VOICE,12,404552691093613,352404487034771,UttarPradesh_BTS_007,404-45-779-107,Uttar Pradesh
CDR202600012968,2025-02-08,19:12:10,+916363734751,+918551596592,VOICE,25,404905190067197,357461234531235,WestBengal_BTS_006,404-45-906-719,West Bengal
CDR202600013007,2025-03-18,06:16:23,+916894597697,+916556479131,VOICE,128,404887496905154,354428240124841,Mumbai_BTS_001,404-45-446-022,Mumbai
CDR202600013024,2025-03-02,17:19:24,+918794579254,+917960741167,VOICE,32,404425412701623,352639611289159,Maharashtra_BTS_002,404-45-718-271,Maharashtra
CDR202600013039,2025-11-10,01:31:04,+918913388596,+919726146663,VOICE,39,404398658364057,356273247826276,Rajasthan_BTS_001,404-45-670-225,Rajasthan
CDR202600013072,2025-04-06,04:13:53,+917025743722,+916514444241,VOICE,224,404159498862960,358558961405512,Gujarat_BTS_002,404-45-854-105,Gujarat
CDR202600013074,2025-05-28,15:25:36,+918242925543,+917378976564,VOICE,48,404208357482541,354952360085435,UttarPradesh_BTS_014,404-45-214-078,Uttar Pradesh
CDR202600013077,2025-11-25,06:02:47,+919551913970,+918363215135,VOICE,187,404046114686312,356635285405253,Karnataka_BTS_004,404-45-985-411,Karnataka
CDR202600013079,2025-09-19,19:09:18,+916817019152,+918904548538,VOICE,196,404231217152799,351462525351204,Maharashtra_BTS_008,404-45-818-960,Maharashtra
CDR202600013080,2025-06-29,11:10:58,+917644371643,+916714343605,VOICE,91,404503966485376,357814934307292,Mumbai_BTS_002,404-45-702-226,Mumbai
CDR202600013094,2025-04-27,03:09:43,+917412022460,+917137434687,VOICE,21,404127799645791,359981504094539,UttarPradesh_BTS_009,404-45-719-216,Uttar Pradesh
CDR202600013108,2025-07-16,23:43:52,+919513296299,+919769437321,VOICE,112,404236173707456,351412412328100,Rajasthan_BTS_001,404-45-376-948,Rajasthan
CDR202600013109,2025-07-03,18:58:25,+916453040604,+917361964508,VOICE,125,404147121030284,350008835775743,Rajasthan_BTS_015,404-45-208-892,Rajasthan
CDR202600013120,2025-11-17,00:20:31,+919018461351,+916340951750,VOICE,21,404773704391020,350784103760163,Rajasthan_BTS_004,404-45-374-068,Rajasthan
CDR202600013143,2025-04-07,05:09:50,+919412279889,+917117365819,SMS,0,404742125811759,355669329206147,Maharashtra_BTS_007,404-45-750-855,Maharashtra
CDR202600013151,2025-08-20,19:49:43,+917594521346,+918247714890,VOICE,51,404033597748234,351685181442511,TamilNadu_BTS_006,404-45-367-210,Tamil Nadu
CDR202600013161,2025-06-20,00:00:04,+919798695428,+917663874894,VOICE,720,404013978309028,353841781533109,Maharashtra_BTS_001,404-45-881-345,Maharashtra
CDR202600013162,2025-06-14,04:57:43,+919860882785,+916995819189,VOICE,528,404314479510459,359925939009870,Maharashtra_BTS_007,404-45-479-364,Maharashtra
CDR202600013176,2025-05-02,03:46:31,+917388043691,+917320050330,VOICE,10,404890176498913,351805609453005,Karnataka_BTS_008,404-45-693-754,Karnataka
CDR202600013197,2025-02-12,21:02:13,+918622131877,+918789497862,SMS,0,404664841132803,351512264570871,Rajasthan_BTS_017,404-45-652-977,Rajasthan
CDR202600013211,2025-04-27,23:13:23,+917556076685,+919171862651,VOICE,21,404719434900278,356301056114751,WestBengal_BTS_008,404-45-979-482,West Bengal
CDR202600013215,2025-09-10,17:16:32,+919840755464,+919529125301,VOICE,82,404840801033483,350312434611115,Maharashtra_BTS_002,404-45-199-368,Maharashtra
CDR202600013239,2025-11-06,11:54:36,+916294703267,+918113345078,VOICE,11,404491467083287,351538544237022,Mumbai_BTS_007,404-45-584-827,Mumbai
CDR202600013248,2025-05-24,11:30:35,+919083834177,+919821668998,VOICE,81,404592093640428,355586761871825,UttarPradesh_BTS_013,404-45-265-760,Uttar Pradesh
CDR202600013262,2025-08-28,13:17:57,+919777908086,+918903730290,VOICE,28,404295856517706,355456024331348,Gujarat_BTS_005,404-45-716-028,Gujarat
CDR202600013264,2025-08-26,15:03:36,+917657350844,+917686460305,VOICE,26,404963470593409,350752353140124,Rajasthan_BTS_006,404-45-651-270,Rajasthan
CDR202600013391,2025-07-22,01:27:01,+918810305517,+919371905657,VOICE,716,404314836235386,350856106789044,WestBengal_BTS_002,404-45-355-683,West Bengal
CDR202600013402,2025-04-14,11:34:53,+916256464659,+916615153351,VOICE,77,404822827196505,351780425492485,Maharashtra_BTS_002,404-45-967-353,Maharashtra
CDR202600013428,2025-01-21,01:43:22,+917685568330,+919614333439,VOICE,87,404538801443233,356861719798878,Rajasthan_BTS_004,404-45-835-323,Rajasthan
CDR202600013452,2025-04-27,19:28:39,+918473269592,+916355796475,VOICE,451,404467580289227,358129775878723,Gujarat_BTS_003,404-45-704-433,Gujarat
CDR202600013460,2025-03-15,19:53:19,+918182074379,+919874407155,VOICE,250,404239400612104,357524464232014,UttarPradesh_BTS_011,404-45-357-928,Uttar Pradesh
CDR202600013464,2025-06-06,08:20:05,+917711738473,+917340570013,VOICE,77,404955397697977,356819561153673,Rajasthan_BTS_001,404-45-376-948,Rajasthan
CDR202600013474,2025-09-07,05:24:55,+918086119754,+918886469563,VOICE,143,404258137470391,356685883909132,UttarPradesh_BTS_006,404-45-726-827,Uttar Pradesh
CDR202600013475,2025-01-01,08:45:02,+918339147499,+917657701816,SMS,0,404184378641016,353435465976053,Delhi_BTS_002,404-45-231-676,Delhi
CDR202600013494,2025-11-27,04:44:30,+919097960696,+917013550466,VOICE,162,404603148529475,355050636765998,Rajasthan_BTS_008,404-45-981-113,Rajasthan
CDR202600013495,2025-02-12,23:02:32,+917903729364,+918353878878,VOICE,62,404139551237261,357432343582392,Rajasthan_BTS_010,404-45-710-480,Rajasthan
CDR202600013511,2025-08-19,03:07:16,+916590477036,+919247226702,VOICE,287,404935262930492,355893147725767,Gujarat_BTS_007,404-45-928-891,Gujarat
CDR202600013540,2025-09-09,15:25:26,+919686240092,+916856748346,VOICE,68,404141156656873,352964962748550,Maharashtra_BTS_006,404-45-489-285,Maharashtra
CDR202600013542,2025-04-08,16:24:49,+919058550604,+916323610446,SMS,0,404631522699145,354953770169041,Rajasthan_BTS_015,404-45-612-781,Rajasthan
CDR202600013549,2025-01-22,02:56:39,+919748278152,+918339147499,VOICE,74,404216115345152,353711309664537,Rajasthan_BTS_017,404-45-880-166,Rajasthan
CDR202600013551,2025-09-12,13:11:14,+919898006331,+917154170859,VOICE,88,404136962253338,358217526433299,Rajasthan_BTS_015,404-45-282-520,Rajasthan
CDR202600013561,2025-01-30,01:46:19,+917815142697,+917569906776,VOICE,106,404606943001039,356026719009536,Gujarat_BTS_002,404-45-854-105,Gujarat
CDR202600013568,2025-06-26,06:28:26,+918174562700,+918948299991,SMS,0,404676758406660,350655006236853,Rajasthan_BTS_013,404-45-448-115,Rajasthan
CDR202600013573,2025-01-18,09:46:12,+917188845567,+917355330266,VOICE,78,404035668188829,352889816599510,Mumbai_BTS_001,404-45-446-022,Mumbai
CDR202600013585,2025-03-29,21:59:16,+919267423926,+916996856686,VOICE,137,404040534052725,351391803722053,Karnataka_BTS_005,404-45-371-949,Karnataka
CDR202600013594,2025-08-23,07:19:27,+919063194499,+918206334544,VOICE,275,404753725667694,358253392310536,Karnataka_BTS_005,404-45-102-400,Karnataka
CDR202600013614,2025-11-22,21:54:09,+917901495401,+919617377227,VOICE,42,404375288641790,358118380546351,Rajasthan_BTS_013,404-45-448-115,Rajasthan
CDR202600013621,2025-11-11,08:11:41,+917306280031,+917615893220,VOICE,22,404075215904023,352661105288327,WestBengal_BTS_002,404-45-355-683,West Bengal
CDR202600013644,2025-10-16,10:38:31,+919021595331,+916512822559,VOICE,81,404441009665906,355858788987677,UttarPradesh_BTS_015,404-45-658-037,Uttar Pradesh
CDR202600013652,2025-08-10,22:31:29,+918810305517,+917229999031,VOICE,133,404314836235386,350856106789044,WestBengal_BTS_002,404-45-355-683,West Bengal
CDR202600013661,2025-09-10,05:22:49,+918169255646,+916839947164,VOICE,317,404774589693970,352028603364357,Delhi_BTS_005,404-45-830-320,Delhi
CDR202600013669,2025-04-20,04:58:50,+917950890158,+918113345078,VOICE,139,404528697030785,352604622564017,Maharashtra_BTS_002,404-45-718-271,Maharashtra
CDR202600013673,2025-05-28,18:23:44,+919401122268,+919113796021,VOICE,66,404977633354369,358563947698064,Gujarat_BTS_001,404-45-859-282,Gujarat
CDR202600013719,2025-02-01,09:47:54,+919706179089,+918571323060,VOICE,274,404530046697569,351476872131507,Rajasthan_BTS_007,404-45-241-522,Rajasthan
CDR202600013737,2025-06-14,12:12:47,+918592790155,+918765551387,SMS,0,404751156690579,352615230227423,UttarPradesh_BTS_012,404-45-145-004,Uttar Pradesh
CDR202600013745,2025-10-08,05:39:59,+919694137707,+918098046185,VOICE,80,404577383761577,356286650779969,Delhi_BTS_006,404-45-223-254,Delhi
CDR202600013767,2025-01-16,07:00:39,+918055300959,+919472822748,VOICE,68,404818266832550,355765250276931,TamilNadu_BTS_005,404-45-734-084,Tamil Nadu
CDR202600013770,2025-11-14,12:50:15,+917132946915,+919455198541,VOICE,183,404935790261756,354578275663209,WestBengal_BTS_005,404-45-521-822,West Bengal
CDR202600013775,2025-10-07,02:31:36,+917507921118,+918693165315,VOICE,327,404341286040463,352548386611336,WestBengal_BTS_001,404-45-981-041,West Bengal
CDR202600013786,2025-08-07,04:41:02,+917652989941,+916573120507,MISSED,0,404026913734953,358521259434163,UttarPradesh_BTS_002,404-45-568-324,Uttar Pradesh
CDR202600013790,2025-01-20,04:17:33,+918128404957,+919384954099,VOICE,303,404978958615632,353275871602874,Rajasthan_BTS_013,404-45-448-115,Rajasthan
CDR202600013796,2025-06-08,18:56:42,+919456826264,+919653585213,VOICE,40,404658966662855,354573381595209,Gujarat_BTS_007,404-45-928-891,Gujarat
CDR202600013801,2025-04-18,16:30:48,+918447532959,+916567351370,VOICE,342,404943233949797,351434589932178,Rajasthan_BTS_015,404-45-282-520,Rajasthan
CDR202600013825,2025-06-15,00:30:10,+919447086435,+918491357224,VOICE,151,404220204348291,352601156027113,Maharashtra_BTS_001,404-45-881-345,Maharashtra
CDR202600013907,2025-09-24,01:44:45,+917615585861,+917339269344,VOICE,190,404723179531065,354064115592225,Mumbai_BTS_008,404-45-984-747,Mumbai
CDR202600013933,2025-12-21,21:41:52,+917970852104,+916221886111,VOICE,72,404700666167352,354372323952875,Maharashtra_BTS_007,404-45-314-687,Maharashtra
CDR202600013939,2025-07-14,17:19:21,+916894597697,+918059370861,VOICE,144,404887496905154,354428240124841,Rajasthan_BTS_006,404-45-242-253,Rajasthan
CDR202600013962,2025-02-04,05:28:19,+917898197539,+916976041205,VOICE,135,404495360593854,356006876679303,Rajasthan_BTS_012,404-45-798-907,Rajasthan
CDR202600014001,2025-07-07,08:57:54,+918703981944,+917129098232,SMS,0,404043751183201,357822571845923,Mumbai_BTS_007,404-45-348-804,Mumbai
CDR202600014014,2025-03-30,17:55:35,+918128035533,+917696453514,VOICE,29,404434700863728,357960123840588,WestBengal_BTS_007,404-45-491-894,West Bengal
CDR202600014015,2025-02-20,07:19:24,+917059408778,+918621518958,MISSED,0,404170200048277,353852041551830,Gujarat_BTS_005,404-45-716-028,Gujarat
CDR202600014024,2025-02-22,13:51:36,+918916760794,+918407317690,MISSED,0,404314766401059,355974034938205,Gujarat_BTS_007,404-45-106-778,Gujarat
CDR202600014036,2025-03-17,22:59:15,+917863119852,+918841418832,VOICE,54,404999086804276,353211878273238,UttarPradesh_BTS_002,404-45-869-959,Uttar Pradesh
CDR202600014047,2025-06-15,07:44:42,+918474679334,+917044675054,VOICE,13,404395881495393,356934049814931,WestBengal_BTS_003,404-45-342-886,West Bengal
CDR202600014089,2025-07-09,16:25:21,+916304446754,+917611934656,VOICE,240,404692512715125,358440478852857,Maharashtra_BTS_003,404-45-665-301,Maharashtra
CDR202600014091,2025-01-13,10:36:14,+918937767615,+916524196875,VOICE,115,404840477082676,356645814204965,Mumbai_BTS_010,404-45-919-883,Mumbai
CDR202600014092,2025-06-16,22:52:32,+916280269526,+917281213697,SMS,0,404988750332190,350750000931976,Karnataka_BTS_007,404-45-294-304,Karnataka
CDR202600014096,2025-06-25,12:02:14,+917345321729,+917844910023,VOICE,142,404400175986968,359760698860219,Rajasthan_BTS_007,404-45-697-409,Rajasthan
CDR202600014107,2025-01-16,13:35:32,+919392948088,+918659293528,SMS,0,404275142557565,357824709213614,Gujarat_BTS_007,404-45-325-460,Gujarat
CDR202600014109,2025-10-05,05:39:32,+916324927197,+917892799215,VOICE,438,404974475881983,359623747783904,WestBengal_BTS_001,404-45-415-374,West Bengal
CDR202600014129,2025-10-21,08:07:02,+916632730803,+916304446754,VOICE,71,404946227394122,354609582789310,UttarPradesh_BTS_002,404-45-174-010,Uttar Pradesh
CDR202600014144,2025-12-05,14:57:29,+919088282045,+917205901379,VOICE,144,404738850349737,350499824426279,UttarPradesh_BTS_011,404-45-533-850,Uttar Pradesh
CDR202600014162,2025-03-21,19:34:03,+917212435998,+916626409186,SMS,0,404956865487359,356821781464576,Mumbai_BTS_010,404-45-296-195,Mumbai
CDR202600014173,2025-01-30,21:56:55,+918286062943,+916348016574,VOICE,25,404955381565070,352778820276025,Mumbai_BTS_011,404-45-287-286,Mumbai
CDR202600014186,2025-02-13,09:56:43,+918236349159,+916692585943,VOICE,173,404767944169204,359544269880685,Karnataka_BTS_008,404-45-693-754,Karnataka
CDR202600014196,2025-03-27,08:13:40,+917916468521,+918001162098,VOICE,153,404618617542694,356361440450368,Mumbai_BTS_002,404-45-702-226,Mumbai
CDR202600014211,2025-06-28,06:30:31,+916995819189,+917654232184,SMS,0,404635454737221,351157124795211,Gujarat_BTS_008,404-45-814-433,Gujarat
CDR202600014215,2025-06-28,11:43:03,+916928487160,+918878608296,VOICE,32,404294899697222,359209926292467,TamilNadu_BTS_002,404-45-158-984,Tamil Nadu
CDR202600014217,2025-09-03,13:28:04,+919594849368,+919689954668,VOICE,106,404812624536468,356416763436171,UttarPradesh_BTS_015,404-45-658-037,Uttar Pradesh
CDR202600014242,2025-03-10,01:18:30,+916066479338,+918362518149,VOICE,78,404418186803806,357499025000782,TamilNadu_BTS_004,404-45-683-253,Tamil Nadu
CDR202600014247,2025-07-14,16:12:38,+916692585943,+919094451973,VOICE,131,404185170485234,353538514524936,Maharashtra_BTS_003,404-45-665-301,Maharashtra
CDR202600014263,2025-06-15,21:05:11,+919075134497,+916229037184,VOICE,245,404766282518889,355237367576999,Delhi_BTS_002,404-45-878-546,Delhi
CDR202600014268,2025-04-01,11:38:32,+916755932249,+917903106140,SMS,0,404079315241617,357206712576008,Maharashtra_BTS_008,404-45-799-664,Maharashtra
CDR202600014278,2025-09-30,01:59:35,+918478798838,+918686767865,VOICE,380,404634316521496,350531773142970,UttarPradesh_BTS_009,404-45-378-289,Uttar Pradesh
CDR202600014291,2025-02-13,05:08:08,+919038843593,+918493847477,VOICE,22,404503116121081,351617252870337,WestBengal_BTS_009,404-45-571-359,West Bengal
CDR202600014320,2025-03-26,20:43:32,+917746291730,+919138662151,MISSED,0,404012179841513,356626578255124,Rajasthan_BTS_003,404-45-924-324,Rajasthan
CDR202600014340,2025-09-14,15:25:07,+918284997074,+918665975740,VOICE,15,404946522768679,358692213603300,Maharashtra_BTS_004,404-45-146-678,Maharashtra
CDR202600014341,2025-06-03,01:14:18,+918602285518,+919217424995,VOICE,127,404712811176714,357774305278148,TamilNadu_BTS_002,404-45-158-984,Tamil Nadu
CDR202600014345,2025-06-27,06:01:21,+918725725097,+919572350182,VOICE,157,404645132381834,351309099489572,UttarPradesh_BTS_013,404-45-265-760,Uttar Pradesh
CDR202600014354,2025-09-01,18:27:59,+918602550381,+918560214777,SMS,0,404941139948110,359063850704751,TamilNadu_BTS_006,404-45-678-536,Tamil Nadu
CDR202600014369,2025-10-25,11:45:20,+919508981144,+917364876856,VOICE,117,404043276131067,358288534503053,UttarPradesh_BTS_009,404-45-378-289,Uttar Pradesh
CDR202600014392,2025-05-03,08:24:30,+917298856988,+919876866467,VOICE,11,404393927569136,358215375753417,UttarPradesh_BTS_008,404-45-860-567,Uttar Pradesh
CDR202600014395,2025-11-25,20:49:57,+916840406072,+916415613537,VOICE,137,404924039619328,351773511876437,Rajasthan_BTS_013,404-45-400-446,Rajasthan
CDR202600014402,2025-02-27,11:22:33,+916431310392,+917802904180,SMS,0,404658558989826,356579762556226,Mumbai_BTS_007,404-45-348-804,Mumbai
CDR202600014442,2025-06-07,18:05:18,+918388880450,+918161092580,VOICE,130,404838563817154,355060584999126,Karnataka_BTS_004,404-45-985-411,Karnataka
CDR202600014446,2025-01-13,18:36:31,+917480983192,+918862004084,VOICE,248,404639988018448,356459409037038,UttarPradesh_BTS_015,404-45-954-379,Uttar Pradesh
CDR202600014496,2025-12-14,00:58:25,+919602814619,+918250783118,VOICE,5,404669879629892,350715401152482,Maharashtra_BTS_007,404-45-750-855,Maharashtra
CDR202600014506,2025-10-13,14:01:39,+919656781949,+919624202963,VOICE,65,404976605601708,355598158447004,WestBengal_BTS_007,404-45-491-894,West Bengal
CDR202600014511,2025-09-22,11:10:56,+917241718574,+917366448741,VOICE,9,404672282976889,359279523898969,Maharashtra_BTS_005,404-45-181-876,Maharashtra
CDR202600014514,2025-10-26,09:30:23,+918554370949,+916530710282,VOICE,17,404809858384025,356040976464276,Rajasthan_BTS_010,404-45-494-391,Rajasthan
CDR202600014519,2025-07-07,01:44:33,+918721606129,+919924110764,VOICE,301,404211686083023,355629044724810,Rajasthan_BTS_006,404-45-242-253,Rajasthan
CDR202600014547,2025-10-05,12:00:57,+916000914011,+918146417940,VOICE,4,404219362934400,355106855474818,UttarPradesh_BTS_011,404-45-966-053,Uttar Pradesh
CDR202600014605,2025-06-19,05:23:14,+919083548905,+916015450890,SMS,0,404016310765459,354321078343470,Rajasthan_BTS_010,404-45-641-258,Rajasthan
CDR202600014617,2025-10-12,23:18:22,+918185194936,+917319443262,VOICE,394,404516083446689,355578422779444,Rajasthan_BTS_013,404-45-887-657,Rajasthan
CDR202600014621,2025-04-25,06:24:29,+918285011423,+917764073272,VOICE,202,404780339962232,357968722270580,Rajasthan_BTS_016,404-45-303-157,Rajasthan
CDR202600014627,2025-08-15,07:53:41,+919797154393,+919157797608,VOICE,205,404314130935869,355732873952420,UttarPradesh_BTS_007,404-45-370-119,Uttar Pradesh
CDR202600014644,2025-10-02,08:50:44,+916137018109,+917937550668,SMS,0,404488176328268,354665740374727,Mumbai_BTS_011,404-45-287-286,Mumbai
CDR202600014646,2025-09-19,02:56:49,+919297898204,+918022471766,MISSED,0,404760445197508,354357601117156,Mumbai_BTS_006,404-45-785-498,Mumbai
CDR202600014656,2025-10-23,09:52:29,+918353878878,+919510144962,VOICE,48,404653449225981,354225282336672,UttarPradesh_BTS_011,404-45-357-928,Uttar Pradesh
CDR202600014666,2025-06-25,08:37:49,+916774850187,+919437661194,VOICE,109,404069079530999,350649818456425,Karnataka_BTS_007,404-45-294-304,Karnataka
CDR202600014700,2025-04-04,22:04:46,+919505939409,+918844798609,SMS,0,404566555215293,351942426647075,Rajasthan_BTS_017,404-45-880-166,Rajasthan
CDR202600014701,2025-04-26,06:06:11,+919094451973,+919615867414,VOICE,60,404942039407211,351276461798584,UttarPradesh_BTS_002,404-45-568-324,Uttar Pradesh
CDR202600014703,2025-05-07,13:17:19,+918490503411,+918723496132,VOICE,378,404244804282797,352767762527009,Gujarat_BTS_005,404-45-716-028,Gujarat
CDR202600014717,2025-08-23,21:46:23,+916059885809,+918200899699,VOICE,95,404666772772114,352741168200522,TamilNadu_BTS_006,404-45-367-210,Tamil Nadu
CDR202600014730,2025-10-24,00:32:23,+918767649717,+919384855691,VOICE,346,404938239095131,356861403489979,UttarPradesh_BTS_004,404-45-170-901,Uttar Pradesh
CDR202600014741,2025-03-12,11:00:14,+916160615660,+916575838940,VOICE,17,404656342578681,351731329439168,Mumbai_BTS_006,404-45-319-553,Mumbai
CDR202600014745,2025-07-16,16:47:40,+918571725805,+919419771009,VOICE,59,404534139911068,356679234379494,UttarPradesh_BTS_006,404-45-108-684,Uttar Pradesh
CDR202600014750,2025-09-10,11:41:01,+919269663903,+919180655349,VOICE,23,404905279177010,350761421675308,UttarPradesh_BTS_006,404-45-108-684,Uttar Pradesh
CDR202600014761,2025-08-06,16:18:18,+919903857652,+917233331922,VOICE,45,404262127770739,353707232564641,Gujarat_BTS_007,404-45-703-285,Gujarat
CDR202600014767,2025-02-08,06:29:54,+917431858283,+918186879810,SMS,0,404146917230391,352341563482188,Mumbai_BTS_006,404-45-319-553,Mumbai
CDR202600014779,2025-10-03,16:34:28,+917716485521,+916995819189,VOICE,113,404393304698901,352934073222652,UttarPradesh_BTS_013,404-45-265-760,Uttar Pradesh
CDR202600014788,2025-08-19,23:51:30,+918707498242,+919062637547,VOICE,20,404424071853869,358972338624894,Maharashtra_BTS_002,404-45-718-271,Maharashtra
CDR202600014797,2025-05-04,03:23:14,+916009017229,+919452078615,VOICE,141,404164672702254,355763030352940,UttarPradesh_BTS_006,404-45-769-542,Uttar Pradesh
CDR202600014811,2025-05-24,16:59:23,+919811092985,+918024212426,VOICE,8,404043714608762,350124911244197,Mumbai_BTS_010,404-45-296-195,Mumbai
CDR202600014812,2025-03-17,22:52:42,+916704633347,+919931602912,VOICE,314,404626026212761,353961327635355,Mumbai_BTS_006,404-45-785-498,Mumbai
CDR202600014861,2025-08-29,16:43:04,+916321452778,+918778279685,VOICE,64,404472456530781,359235714087680,UttarPradesh_BTS_006,404-45-769-542,Uttar Pradesh
CDR202600014926,2025-10-21,11:11:11,+917467444699,+919172294037,VOICE,86,404839170437940,351847207600726,Mumbai_BTS_008,404-45-520-479,Mumbai
CDR202600014929,2025-02-18,22:17:44,+919187256253,+917309279648,VOICE,345,404383408827616,353476753893047,TamilNadu_BTS_005,404-45-734-084,Tamil Nadu
CDR202600014943,2025-10-24,14:13:44,+919518673560,+917615893220,VOICE,48,404066835057293,357813246129059,Rajasthan_BTS_009,404-45-742-164,Rajasthan
CDR202600014949,2025-01-02,03:33:33,+918453494614,+918670773109,VOICE,5,404877664623260,351898063338088,WestBengal_BTS_004,404-45-283-755,West Bengal
CDR202600014981,2025-09-30,11:32:33,+917503486314,+918142093954,VOICE,393,404831610321732,359279786530693,UttarPradesh_BTS_012,404-45-441-790,Uttar Pradesh
CDR202600014998,2025-10-04,08:09:20,+917916621634,+916774681896,VOICE,44,404897872118954,352979357894420,Mumbai_BTS_011,404-45-287-286,Mumbai
CDR202600015009,2025-07-26,13:02:19,+918286062943,+918984132297,VOICE,464,404955381565070,350943656900209,UttarPradesh_BTS_003,404-45-736-577,Uttar Pradesh
CDR202600015019,2025-04-27,14:42:31,+916658481061,+919844273151,VOICE,105,404863693383866,357618160312468,UttarPradesh_BTS_010,404-45-749-874,Uttar Pradesh
CDR202600015025,2025-08-21,22:13:53,+918699480610,+919377120878,SMS,0,404584779860566,351235843197593,Karnataka_BTS_007,404-45-322-992,Karnataka
CDR202600015032,2025-09-19,20:11:06,+918829617027,+916348016574,VOICE,80,404166816091031,356479870123653,Karnataka_BTS_006,404-45-848-803,Karnataka
CDR202600015038,2025-12-23,17:18:11,+918360459909,+917151832568,SMS,0,404080556017625,358869953479096,UttarPradesh_BTS_003,404-45-202-076,Uttar Pradesh
CDR202600015039,2025-11-16,18:19:17,+918001246739,+917896616394,VOICE,28,404621470681809,354853474062600,Maharashtra_BTS_009,404-45-646-747,Maharashtra
CDR202600015040,2025-01-18,15:28:12,+917242571242,+917475788834,SMS,0,404976943556771,356969423401903,UttarPradesh_BTS_003,404-45-650-219,Uttar Pradesh
CDR202600015052,2025-10-06,17:41:02,+917565720042,+916486671202,VOICE,93,404832219304868,354040952441589,Maharashtra_BTS_001,404-45-881-345,Maharashtra
CDR202600015070,2025-08-01,23:26:23,+916411140192,+919816022764,VOICE,44,404197524988389,354300791075489,UttarPradesh_BTS_007,404-45-370-119,Uttar Pradesh
CDR202600015074,2025-01-14,05:05:09,+916618794445,+917011948874,SMS,0,404023856599305,356046545386272,Karnataka_BTS_005,404-45-102-400,Karnataka
CDR202600015101,2025-11-15,04:22:50,+918893878802,+918494091482,VOICE,253,404236261230219,355280600006036,Maharashtra_BTS_008,404-45-799-664,Maharashtra
CDR202600015110,2025-04-22,09:03:20,+916599023606,+916618794445,VOICE,31,404744978879946,359345853569253,Rajasthan_BTS_010,404-45-641-258,Rajasthan
CDR202600015140,2025-07-03,16:40:43,+918551712399,+917615893220,VOICE,41,404679923443088,353153266524728,Mumbai_BTS_001,404-45-446-022,Mumbai
CDR202600015165,2025-10-29,01:19:00,+919007482081,+916462747289,SMS,0,404876951631599,353118658249493,Rajasthan_BTS_012,404-45-798-907,Rajasthan
CDR202600015172,2025-10-06,06:59:21,+918765396450,+916086664390,MISSED,0,404011292829339,353445551282313,Mumbai_BTS_002,404-45-702-226,Mumbai
CDR202600015191,2025-09-22,08:32:29,+918064175201,+918582565699,SMS,0,404450153254472,359166087403148,Karnataka_BTS_001,404-45-767-554,Karnataka
CDR202600015199,2025-08-15,09:58:57,+919524372894,+919412279889,VOICE,183,404936931743143,353622449532706,Gujarat_BTS_007,404-45-325-460,Gujarat
CDR202600015204,2025-06-05,07:35:12,+917673887251,+919252186641,VOICE,330,404034660586964,357154305569131,UttarPradesh_BTS_003,404-45-650-219,Uttar Pradesh
CDR202600015205,2025-11-12,23:55:34,+918966488295,+918863054493,VOICE,101,404560170352658,358031684017522,Karnataka_BTS_006,404-45-669-678,Karnataka
CDR202600015220,2025-06-29,16:13:11,+917790056636,+918368982375,VOICE,137,404234553874690,359037807415142,UttarPradesh_BTS_010,404-45-749-874,Uttar Pradesh
CDR202600015227,2025-06-29,15:51:45,+917797590950,+916530710282,VOICE,112,404363576290828,355299542232771,UttarPradesh_BTS_005,404-45-261-449,Uttar Pradesh
CDR202600015230,2025-08-30,10:39:01,+917395231559,+916571755215,SMS,0,404175349258437,355937719814403,Delhi_BTS_006,404-45-548-922,Delhi
CDR202600015273,2025-10-26,23:49:44,+918750445092,+919899054849,SMS,0,404829745533858,358188229109013,Maharashtra_BTS_007,404-45-750-855,Maharashtra
CDR202600015288,2025-02-24,03:27:11,+919719727394,+919514705651,VOICE,254,404721331479942,359489622010993,Rajasthan_BTS_018,404-45-713-332,Rajasthan
CDR202600015293,2025-07-23,18:04:41,+919893380955,+919137581108,VOICE,39,404265803179465,352372570002935,Maharashtra_BTS_005,404-45-891-297,Maharashtra
CDR202600015299,2025-04-18,18:25:24,+919413021386,+919339073555,VOICE,199,404772133050301,357730421798981,UttarPradesh_BTS_011,404-45-966-053,Uttar Pradesh
CDR202600015307,2025-07-15,18:36:15,+919168612085,+917130383913,VOICE,408,404975810072801,351883517587492,TamilNadu_BTS_001,404-45-158-052,Tamil Nadu
CDR202600015327,2025-04-27,02:20:15,+918932345011,+917112950086,VOICE,88,404802941120163,354044609320569,WestBengal_BTS_007,404-45-491-894,West Bengal
CDR202600015344,2025-02-16,18:24:59,+919931047686,+916761030215,MISSED,0,404781363543599,354101635059639,Gujarat_BTS_007,404-45-106-778,Gujarat
CDR202600015346,2025-03-07,08:41:18,+919412279889,+919151508878,VOICE,236,404742125811759,355669329206147,TamilNadu_BTS_003,404-45-169-692,Tamil Nadu
CDR202600015348,2025-12-13,13:37:22,+917416087505,+916219514336,VOICE,144,404788939313119,357961969725136,Mumbai_BTS_009,404-45-162-413,Mumbai
CDR202600015358,2025-08-24,18:59:12,+918656840206,+919810694473,VOICE,88,404316135761082,351599637304858,Mumbai_BTS_012,404-45-553-828,Mumbai
CDR202600015363,2025-01-20,05:27:21,+916019571525,+916658481061,SMS,0,404708481961094,359511499339966,Rajasthan_BTS_017,404-45-897-945,Rajasthan
CDR202600015369,2025-05-06,00:50:51,+916619262865,+916326243819,VOICE,254,404432613761833,353100483085196,WestBengal_BTS_003,404-45-342-886,West Bengal
CDR202600015373,2025-11-17,18:14:15,+919288072196,+917926726384,VOICE,7,404759073062173,355220255701730,Mumbai_BTS_002,404-45-702-226,Mumbai
CDR202600015377,2025-04-04,18:13:00,+917594789568,+917953748482,VOICE,89,404538892677851,351801660599823,Rajasthan_BTS_017,404-45-652-977,Rajasthan
CDR202600015453,2025-10-28,12:33:32,+918256587235,+916363734751,VOICE,130,404759884792979,356567463047881,Rajasthan_BTS_002,404-45-334-842,Rajasthan
CDR202600015457,2025-06-13,05:54:36,+916287445230,+919107053315,VOICE,288,404744465201999,353927035269754,Rajasthan_BTS_010,404-45-494-391,Rajasthan
CDR202600015464,2025-06-09,09:02:03,+918186734279,+918236349159,VOICE,77,404325815476354,352706579634232,Karnataka_BTS_004,404-45-985-411,Karnataka
CDR202600015470,2025-12-24,12:28:54,+917242571242,+918118063900,VOICE,122,404976943556771,354213893246360,UttarPradesh_BTS_011,404-45-533-850,Uttar Pradesh
CDR202600015472,2025-11-19,19:30:15,+919099798724,+918006047998,SMS,0,404290913772444,354662149246057,Rajasthan_BTS_007,404-45-697-409,Rajasthan
CDR202600015476,2025-03-18,22:53:51,+917716485521,+917297336967,MISSED,0,404393304698901,352934073222652,Rajasthan_BTS_006,404-45-651-270,Rajasthan
CDR202600015477,2025-10-16,02:57:40,+918438901003,+919481578095,SMS,0,404300837083033,353626590330348,WestBengal_BTS_005,404-45-785-885,West Bengal
CDR202600015481,2025-03-23,12:36:28,+919275704263,+916366754523,VOICE,245,404296588913500,358822611947033,TamilNadu_BTS_006,404-45-678-536,Tamil Nadu
CDR202600015493,2025-02-03,05:19:41,+919510486031,+918627855226,VOICE,288,404484477839422,350998217560514,Rajasthan_BTS_017,404-45-897-945,Rajasthan
CDR202600015500,2025-11-29,01:09:18,+919160449642,+918621001114,VOICE,11,404983081475248,353944743333722,Mumbai_BTS_011,404-45-243-433,Mumbai
CDR202600015502,2025-06-06,09:03:58,+917770345461,+918273125500,VOICE,277,404514340683264,359212169477394,Rajasthan_BTS_004,404-45-680-898,Rajasthan
CDR202600015574,2025-04-27,22:14:58,+917873482692,+916151083930,SMS,0,404004976646992,353955265696734,Gujarat_BTS_006,404-45-818-559,Gujarat
CDR202600015578,2025-04-21,14:32:08,+917403061355,+918291453350,VOICE,468,404078453465448,356454353901433,UttarPradesh_BTS_006,404-45-108-684,Uttar Pradesh
CDR202600015590,2025-06-01,16:58:52,+917057475889,+917329773446,VOICE,97,404390080579944,356450181783976,Rajasthan_BTS_014,404-45-564-004,Rajasthan
CDR202600015601,2025-01-22,20:32:27,+919414634098,+916306053410,VOICE,159,404073260347191,355926245057177,TamilNadu_BTS_004,404-45-683-253,Tamil Nadu
CDR202600015642,2025-03-01,19:20:04,+917549758539,+919713366185,VOICE,361,404332920636521,356622671054620,UttarPradesh_BTS_015,404-45-954-379,Uttar Pradesh
CDR202600015653,2025-04-07,16:56:34,+917614848942,+919099798724,VOICE,62,404756410518885,353424866034816,Delhi_BTS_003,404-45-533-988,Delhi
CDR202600015666,2025-11-29,17:46:01,+917486762256,+917852714723,SMS,0,404203334519820,352855724936090,Karnataka_BTS_005,404-45-102-400,Karnataka
CDR202600015679,2025-02-20,19:28:17,+918339097561,+917872070881,VOICE,29,404826288112202,351068885251377,Mumbai_BTS_011,404-45-287-286,Mumbai
CDR202600015690,2025-06-05,08:21:28,+919272145577,+917835301377,VOICE,21,404073846799198,354859186804604,UttarPradesh_BTS_006,404-45-769-542,Uttar Pradesh
CDR202600015693,2025-12-13,22:32:29,+916817019152,+919339813488,VOICE,324,404231217152799,351462525351204,TamilNadu_BTS_001,404-45-158-052,Tamil Nadu
CDR202600015711,2025-04-07,10:41:45,+917794366397,+917685568330,SMS,0,404619954521007,356827875342436,UttarPradesh_BTS_010,404-45-308-704,Uttar Pradesh
CDR202600015723,2025-12-09,06:02:39,+917211794556,+917888669797,SMS,0,404238864942417,358752122174704,Maharashtra_BTS_007,404-45-479-364,Maharashtra
CDR202600015729,2025-05-09,19:57:15,+916554854531,+917810864190,SMS,0,404362832235865,354290671594197,Rajasthan_BTS_012,404-45-798-907,Rajasthan
CDR202600015756,2025-01-24,09:34:13,+919316737376,+916398996879,SMS,0,404029477845975,353027003969706,UttarPradesh_BTS_014,404-45-214-078,Uttar Pradesh
CDR202600015783,2025-02-25,04:57:03,+917705512528,+918600460393,VOICE,118,404634597145712,356045154439794,UttarPradesh_BTS_004,404-45-170-901,Uttar Pradesh
CDR202600015803,2025-01-17,11:57:21,+916323610446,+919287471166,VOICE,98,404102448409285,357010127613309,UttarPradesh_BTS_007,404-45-999-138,Uttar Pradesh
CDR202600015804,2025-07-19,10:48:20,+918148458400,+919862611497,VOICE,256,404601001437580,351489012718966,Gujarat_BTS_007,404-45-928-891,Gujarat
CDR202600015809,2025-09-12,22:15:05,+917599870334,+919141769180,VOICE,83,404319398687846,355955463162111,Rajasthan_BTS_015,404-45-208-892,Rajasthan
CDR202600015823,2025-05-10,17:17:02,+919097486103,+918699480610,VOICE,25,404139172628406,356489719534812,Gujarat_BTS_007,404-45-703-285,Gujarat
CDR202600015837,2025-04-26,20:50:36,+916885948778,+919523870498,VOICE,311,404913031229901,351340369541670,Maharashtra_BTS_004,404-45-691-197,Maharashtra
CDR202600015849,2025-11-16,16:17:16,+918111690079,+919860882785,VOICE,249,404270145788735,359749962715728,Karnataka_BTS_005,404-45-565-293,Karnataka
CDR202600015854,2025-12-17,17:35:39,+918435705453,+916438482536,VOICE,5,404975665280218,352397450368280,Rajasthan_BTS_007,404-45-697-409,Rajasthan
CDR202600015855,2025-11-22,01:58:35,+919750319892,+918443036224,VOICE,17,404055083963396,358800858439236,Rajasthan_BTS_017,404-45-652-977,Rajasthan
CDR202600015869,2025-10-24,21:08:26,+918873476503,+917482776881,SMS,0,404845214192969,356175642347742,Mumbai_BTS_008,404-45-984-747,Mumbai
CDR202600015887,2025-02-28,00:56:44,+919585712366,+918579835476,VOICE,27,404794739625257,350504660896122,Rajasthan_BTS_007,404-45-241-522,Rajasthan
CDR202600015921,2025-04-06,15:26:19,+918236781960,+916953509233,VOICE,87,404159891020295,358916005228347,Mumbai_BTS_008,404-45-520-479,Mumbai
CDR202600015950,2025-12-05,07:22:09,+918686483115,+919987377063,VOICE,42,404270719334809,356000727053098,TamilNadu_BTS_005,404-45-734-084,Tamil Nadu
CDR202600015953,2025-11-11,16:25:42,+919767351707,+917223668590,VOICE,111,404655901735368,355642160311622,Delhi_BTS_002,404-45-878-546,Delhi
CDR202600015967,2025-10-14,12:27:39,+919982516936,918959499465,VOICE,85,404563204388462,355455444978319,Rajasthan_BTS_017,404-45-652-977,Rajasthan
CDR202600015973,2025-05-31,09:30:03,+919155841396,+916122316532,SMS,0,404965535720799,357015277425727,Gujarat_BTS_007,404-45-106-778,Gujarat
CDR202600015980,2025-07-09,00:02:15,+918873496910,+918496889952,VOICE,11,404172294915850,357380025428329,Rajasthan_BTS_013,404-45-400-446,Rajasthan
CDR202600015982,2025-04-17,06:05:29,+917822157183,+917823305742,SMS,0,404486575313504,358356580720732,Karnataka_BTS_004,404-45-985-411,Karnataka
CDR202600015985,2025-06-30,18:36:57,+916844915057,+916875703399,VOICE,26,404321544735733,355956834547398,TamilNadu_BTS_006,404-45-423-958,Tamil Nadu
CDR202600016000,2025-08-28,16:00:29,+916599023606,+917495026207,SMS,0,404744978879946,359345853569253,UttarPradesh_BTS_013,404-45-552-565,Uttar Pradesh
CDR202600016009,2025-04-23,13:01:54,+917987290912,+916202477619,VOICE,101,404950495339216,355372655627041,Rajasthan_BTS_006,404-45-862-575,Rajasthan
CDR202600016044,2025-03-06,19:17:19,+918579835476,+919177861947,VOICE,249,404255406589881,352951365294377,Mumbai_BTS_006,404-45-235-741,Mumbai
CDR202600016052,2025-10-30,08:36:37,+919309860189,+917291698031,SMS,0,404814368097725,350122195658651,WestBengal_BTS_005,404-45-521-822,West Bengal
CDR202600016068,2025-09-06,04:06:40,+918395811284,+919767282014,VOICE,142,404417738452479,355942140523770,Mumbai_BTS_011,404-45-995-946,Mumbai
CDR202600016090,2025-09-01,08:06:25,+918176338144,+917662857947,VOICE,200,404437094062680,353748804572794,Karnataka_BTS_002,404-45-195-949,Karnataka
CDR202600016113,2025-07-05,21:22:48,+919455198541,+919983414411,VOICE,81,404232600142320,350510130477483,Delhi_BTS_002,404-45-884-129,Delhi
CDR202600016120,2025-05-30,23:35:45,+918369626650,+917138005903,VOICE,16,404630419476657,358759822612471,Mumbai_BTS_007,404-45-196-100,Mumbai
CDR202600016161,2025-09-23,22:35:05,+917511924186,+916269160160,VOICE,70,404744961393306,352025799060755,UttarPradesh_BTS_002,404-45-869-959,Uttar Pradesh
CDR202600016165,2025-12-28,11:53:01,+919217661027,+919649824597,VOICE,101,404456655596500,353697753719660,Karnataka_BTS_006,404-45-835-499,Karnataka
CDR202600016186,2025-07-12,19:20:19,+918542699457,+919075387950,SMS,0,404032314764920,352093985321230,Maharashtra_BTS_006,404-45-987-104,Maharashtra
CDR202600016188,2025-11-19,11:01:28,+917740535312,+917822157183,VOICE,168,404106169186859,352411324488075,Rajasthan_BTS_004,404-45-835-323,Rajasthan
CDR202600016201,2025-02-08,12:13:15,+919178210985,+919211319764,VOICE,53,404425048093655,359903198641263,WestBengal_BTS_001,404-45-915-996,West Bengal
CDR202600016204,2025-06-08,10:21:15,+916228320383,+918094035590,VOICE,339,404552336396112,353759537195921,TamilNadu_BTS_004,404-45-683-253,Tamil Nadu
CDR202600016268,2025-12-08,03:50:58,+917985473643,+916625071606,VOICE,490,404630513809018,350815060168480,UttarPradesh_BTS_007,404-45-999-138,Uttar Pradesh
CDR202600016329,2025-01-19,06:00:29,+918884745786,+916400529469,VOICE,16,404698079650021,358638699669859,Maharashtra_BTS_002,404-45-718-271,Maharashtra
CDR202600016330,2025-08-06,00:19:02,+918256331468,+919934858141,SMS,0,404723515558816,358638142422442,WestBengal_BTS_004,404-45-283-755,West Bengal
CDR202600016338,2025-12-30,05:56:28,+917657239820,+919863052526,VOICE,138,404084153171513,353059818724403,TamilNadu_BTS_006,404-45-678-536,Tamil Nadu
CDR202600016401,2025-06-21,10:29:30,+919826091713,+918853791660,VOICE,151,404924509594008,354610400425647,Karnataka_BTS_007,404-45-322-992,Karnataka
CDR202600016415,2025-03-19,09:54:37,+917994924479,+917599232407,VOICE,62,404072350916528,354195117934731,UttarPradesh_BTS_004,404-45-170-901,Uttar Pradesh
CDR202600016418,2025-11-10,06:34:33,+918165146912,+919141392372,SMS,0,404422556513608,355756832273549,UttarPradesh_BTS_015,404-45-658-037,Uttar Pradesh
CDR202600016420,2025-10-19,23:14:57,+917234440230,+919092945663,VOICE,89,404818680789400,354756453290941,Gujarat_BTS_007,404-45-325-460,Gujarat
CDR202600016421,2025-04-20,03:39:13,+917530882894,+918751136354,MISSED,0,404565558679332,351212062431280,Maharashtra_BTS_003,404-45-649-128,Maharashtra
CDR202600016428,2025-06-13,06:55:41,+916774681896,+918883344957,SMS,0,404544926126729,354040665862142,Rajasthan_BTS_007,404-45-697-409,Rajasthan
CDR202600016443,2025-12-29,14:26:55,+918641911927,+917855088897,VOICE,359,404537909276345,351316554821625,Rajasthan_BTS_003,404-45-924-324,Rajasthan
CDR202600016455,2025-11-21,11:25:41,+916250021825,+919046375174,SMS,0,404147383567585,355046000395218,Mumbai_BTS_006,404-45-319-553,Mumbai
CDR202600016457,2025-08-13,15:58:06,+916791810425,+919274548216,SMS,0,404778370736783,354664924698572,Mumbai_BTS_002,404-45-702-226,Mumbai
CDR202600016466,2025-06-06,05:33:57,+919657334663,+919696901805,VOICE,52,404338142662248,357177116528414,Maharashtra_BTS_009,404-45-646-747,Maharashtra
CDR202600016471,2025-11-13,07:47:09,+919326007424,+917233331922,VOICE,362,404444201693782,350396141393296,Rajasthan_BTS_001,404-45-801-333,Rajasthan
CDR202600016484,2025-08-15,04:41:44,+919395517234,+917395495786,VOICE,130,404521515300007,350460078749309,Mumbai_BTS_002,404-45-702-226,Mumbai
CDR202600016485,2025-08-20,07:55:19,+918659293528,+919008618280,VOICE,35,404403593901531,357850888001352,Mumbai_BTS_008,404-45-520-479,Mumbai
CDR202600016490,2025-03-31,18:03:15,+917813606859,+919571680333,SMS,0,404606363823504,353422614052321,Rajasthan_BTS_011,404-45-796-739,Rajasthan
CDR202600016508,2025-06-26,15:08:11,+919087299578,+918661420098,VOICE,285,404583900625980,350882707052113,WestBengal_BTS_001,404-45-415-374,West Bengal
CDR202600016514,2025-11-02,06:52:04,+917429104397,+919657261945,SMS,0,404006156605622,352289255995144,Rajasthan_BTS_001,404-45-670-225,Rajasthan
CDR202600016516,2025-02-07,16:56:32,+918061588925,+918453103582,VOICE,33,404118234541364,351517536665007,Mumbai_BTS_008,404-45-462-434,Mumbai
CDR202600016539,2025-09-02,00:47:22,+918738240239,+917399891232,VOICE,212,404900580855518,358953297564590,Mumbai_BTS_008,404-45-984-747,Mumbai
CDR202600016540,2025-08-07,08:26:20,+919879733060,+917285876259,SMS,0,404687402447231,355052128723925,Mumbai_BTS_004,404-45-980-339,Mumbai
CDR202600016562,2025-11-23,06:16:34,+917901452031,+916278150399,VOICE,39,404329231890126,353170339839408,Karnataka_BTS_008,404-45-693-754,Karnataka
CDR202600016564,2025-12-24,11:39:44,+917754642980,+919345231893,VOICE,81,404411081743181,354629650759633,TamilNadu_BTS_001,404-45-158-052,Tamil Nadu
CDR202600016569,2025-07-17,10:16:42,+918508939960,+918476762224,VOICE,137,404730405969824,351628072218271,Rajasthan_BTS_017,404-45-880-166,Rajasthan
CDR202600016571,2025-01-06,09:41:53,+916935232307,+918386857947,MISSED,0,404572288052010,359075642747298,Mumbai_BTS_006,404-45-785-498,Mumbai
CDR202600016589,2025-06-21,08:19:55,+917790056636,918161813346,VOICE,25,404234553874690,359037807415142,Mumbai_BTS_003,404-45-334-070,Mumbai
CDR202600016645,2025-06-19,23:19:40,+919298342479,+916928487160,VOICE,13,404499213326899,356965032387612,Rajasthan_BTS_017,404-45-652-977,Rajasthan
CDR202600016648,2025-03-10,11:38:35,+919490686177,+917063367676,SMS,0,404737022699609,354548242674104,Karnataka_BTS_007,404-45-294-304,Karnataka
CDR202600016654,2025-12-08,11:35:42,+916453571115,+916345205059,SMS,0,404484278949481,353330771788830,Rajasthan_BTS_010,404-45-710-480,Rajasthan
CDR202600016682,2025-10-29,06:46:44,+919359991607,+916259148611,SMS,0,404715151074566,356015168849759,Rajasthan_BTS_005,404-45-771-512,Rajasthan
CDR202600016708,2025-03-26,18:03:07,+918953210155,+916077085092,VOICE,416,404865363783625,357366212396239,Delhi_BTS_001,404-45-999-581,Delhi
CDR202600016724,2025-07-29,09:46:37,+917249394599,+918039689502,VOICE,33,404396918084058,354853750998154,TamilNadu_BTS_001,404-45-158-052,Tamil Nadu
CDR202600016737,2025-05-29,23:26:47,+918711207314,+918064175201,VOICE,433,404505299165215,353273929560536,UttarPradesh_BTS_008,404-45-860-567,Uttar Pradesh
CDR202600016739,2025-09-29,13:35:20,+918447766583,+917206337895,SMS,0,404017490106278,355034286394038,UttarPradesh_BTS_006,404-45-108-684,Uttar Pradesh
CDR202600016741,2025-02-25,07:56:00,+919018841243,+919869682734,VOICE,110,404605438535023,358381376226242,Gujarat_BTS_008,404-45-448-285,Gujarat
CDR202600016748,2025-12-27,17:22:20,+919983692422,+918957615390,VOICE,110,404650444286305,351395367152438,WestBengal_BTS_002,404-45-205-363,West Bengal
CDR202600016755,2025-06-09,12:23:06,+919412279889,+918925576847,VOICE,259,404742125811759,351180589509932,TamilNadu_BTS_004,404-45-513-123,Tamil Nadu
CDR202600016763,2025-10-14,06:17:42,+918948299991,+918561820612,VOICE,306,404484800360225,356992147157992,Rajasthan_BTS_007,404-45-605-094,Rajasthan
CDR202600016764,2025-08-31,08:30:01,+916976041205,+916277018985,SMS,0,404484303053744,356198542294668,Karnataka_BTS_004,404-45-160-169,Karnataka
CDR202600016774,2025-11-13,05:21:33,+917371716581,+918686483115,SMS,0,404639025981827,353895492399076,Rajasthan_BTS_018,404-45-713-332,Rajasthan
CDR202600016788,2025-07-21,11:18:21,+918506991327,+917299769547,SMS,0,404986463354902,359314120281918,Karnataka_BTS_003,404-45-270-417,Karnataka
CDR202600016828,2025-08-21,21:20:29,+918797126010,+916161636790,VOICE,94,404507220141154,350071846015362,Karnataka_BTS_008,404-45-693-754,Karnataka
CDR202600016847,2025-07-25,18:49:41,+918035379117,+917833287088,VOICE,36,404324787907946,356572204841333,UttarPradesh_BTS_010,404-45-308-704,Uttar Pradesh
CDR202600016852,2025-01-25,14:03:23,+919536435182,+919171106732,VOICE,35,404231526898652,351624571867473,Gujarat_BTS_004,404-45-130-096,Gujarat
CDR202600016885,2025-09-18,01:27:37,+919252186641,+917900254663,VOICE,2,404190104225731,356138086966352,Rajasthan_BTS_013,404-45-400-446,Rajasthan
CDR202600016888,2025-04-18,11:41:36,+917417334533,+918062603613,VOICE,147,404371630788727,354073573637362,Delhi_BTS_006,404-45-223-254,Delhi
CDR202600016896,2025-09-02,03:15:15,+918575099045,+919276996642,VOICE,2,404294532424534,359076823458264,Rajasthan_BTS_019,404-45-951-827,Rajasthan
CDR202600016922,2025-06-13,01:29:46,+918096338477,+917230153967,SMS,0,404070792446886,353231664918332,Rajasthan_BTS_013,404-45-887-657,Rajasthan
CDR202600016926,2025-05-24,11:15:36,+919330567977,+917835301377,VOICE,63,404331210079873,357116817729219,TamilNadu_BTS_003,404-45-169-692,Tamil Nadu
CDR202600016930,2025-07-11,11:46:54,+919750518334,+919063455013,VOICE,276,404680770705936,356028474473915,Maharashtra_BTS_003,404-45-949-644,Maharashtra
CDR202600016936,2025-07-16,10:01:20,+919591306535,+917519310681,VOICE,83,404337872228215,354723785175364,TamilNadu_BTS_002,404-45-158-984,Tamil Nadu
CDR202600016958,2025-09-14,09:15:45,+919500570453,+917751155343,VOICE,19,404114243964933,355190607799770,WestBengal_BTS_007,404-45-491-894,West Bengal
CDR202600016962,2025-01-30,09:49:08,+918023844567,+917050477573,VOICE,20,404171825128017,352189169124027,UttarPradesh_BTS_012,404-45-441-790,Uttar Pradesh
CDR202600016968,2025-02-12,10:29:48,+917368161949,+919645265166,VOICE,170,404997723431024,354686215446221,Delhi_BTS_001,404-45-999-581,Delhi
CDR202600016975,2025-10-11,10:06:51,+917995697636,+917290733145,VOICE,103,404622571788163,352966400609784,Mumbai_BTS_009,404-45-162-413,Mumbai
CDR202600016983,2025-06-16,14:13:22,+918438901003,+918553840504,VOICE,82,404300837083033,353626590330348,Rajasthan_BTS_015,404-45-612-781,Rajasthan
CDR202600016985,2025-08-13,08:27:10,+916846943785,+918582590154,VOICE,127,404087287051004,350573033118169,UttarPradesh_BTS_001,404-45-234-688,Uttar Pradesh
CDR202600017044,2025-07-23,07:43:55,+919233832604,+916615153351,VOICE,79,404236496688408,352062119661387,Delhi_BTS_003,404-45-662-170,Delhi
CDR202600017061,2025-06-25,11:58:39,+917970169332,+918096913555,VOICE,9,404164984931394,359981012273854,Mumbai_BTS_007,404-45-584-827,Mumbai
CDR202600017077,2025-10-01,14:26:39,+919808151517,+918240090833,VOICE,127,404557437073856,356751224261973,Rajasthan_BTS_014,404-45-839-897,Rajasthan
CDR202600017083,2025-12-29,20:26:34,+918741550706,+916901719348,VOICE,84,404503668221584,357972942224507,Mumbai_BTS_010,404-45-296-195,Mumbai
CDR202600017104,2025-06-28,22:50:54,+918571323060,+919205870018,VOICE,65,404910222927166,354668153494038,Mumbai_BTS_011,404-45-287-286,Mumbai
CDR202600017115,2025-10-15,17:02:56,+916921607323,+919931602912,VOICE,298,404394931297209,359724926051602,Rajasthan_BTS_004,404-45-835-323,Rajasthan
CDR202600017124,2025-01-12,02:05:34,+919671899518,+918154607780,VOICE,8,404324705189969,358830587223604,UttarPradesh_BTS_012,404-45-441-790,Uttar Pradesh
CDR202600017125,2025-06-05,14:18:16,+919853710386,+919313120072,VOICE,11,404539244478218,350625945342604,WestBengal_BTS_005,404-45-901-954,West Bengal
CDR202600017136,2025-02-23,18:07:38,+919931602912,+918373689020,SMS,0,404590206810548,352267125251728,Mumbai_BTS_008,404-45-520-479,Mumbai
CDR202600017140,2025-04-13,10:25:44,+918318287801,+919180310819,VOICE,265,404988093023556,356513924005498,UttarPradesh_BTS_002,404-45-869-959,Uttar Pradesh
CDR202600017188,2025-04-10,17:29:22,+916897631203,+917244468123,VOICE,2,404762122220239,352242727455299,Rajasthan_BTS_017,404-45-880-166,Rajasthan
CDR202600017195,2025-12-25,13:32:57,+918443105482,+918831253259,VOICE,226,404458199537205,352198883533000,Rajasthan_BTS_004,404-45-835-323,Rajasthan
CDR202600017207,2025-03-22,09:44:26,+917750610373,+918682534164,VOICE,47,404920955983091,354288105583666,Mumbai_BTS_007,404-45-348-804,Mumbai
CDR202600017222,2025-01-13,01:23:55,+919264151644,+919441396016,VOICE,48,404688185064574,355552234536942,UttarPradesh_BTS_003,404-45-650-219,Uttar Pradesh
CDR202600017244,2025-02-10,07:41:49,+919509871784,+919420722750,VOICE,240,404687876144280,354047775846149,Karnataka_BTS_006,404-45-669-678,Karnataka
CDR202600017277,2025-06-04,08:35:13,+917643496599,+918847017234,VOICE,22,404980773139933,354744562717926,Rajasthan_BTS_001,404-45-801-333,Rajasthan
CDR202600017308,2025-11-06,20:06:19,+919868821032,+918113345078,VOICE,161,404343786886545,350193068065855,TamilNadu_BTS_004,404-45-513-123,Tamil Nadu
CDR202600017326,2025-08-15,23:03:04,+919910251193,+916086985443,SMS,0,404097587612874,351810999437524,Rajasthan_BTS_010,404-45-710-066,Rajasthan
CDR202600017346,2025-04-06,15:39:33,+919400363649,+917178628604,VOICE,223,404740654171639,358846382710769,WestBengal_BTS_006,404-45-906-719,West Bengal
CDR202600017352,2025-05-26,15:09:39,+918774643382,+917507250971,VOICE,93,404129771909998,354555895693846,Rajasthan_BTS_004,404-45-835-323,Rajasthan
CDR202600017389,2025-05-09,00:47:28,+918286062943,+919627194623,VOICE,159,404955381565070,352778820276025,Maharashtra_BTS_008,404-45-173-624,Maharashtra
CDR202600017407,2025-01-01,00:23:55,+918590507349,+916484603330,VOICE,110,404556836552726,357710690346293,Delhi_BTS_006,404-45-629-463,Delhi
CDR202600017427,2025-03-26,12:39:07,+917652537154,+916983923513,SMS,0,404942195487237,350923176036450,UttarPradesh_BTS_013,404-45-822-438,Uttar Pradesh
CDR202600017431,2025-02-24,10:35:42,+918862004084,+919077598559,VOICE,347,404319278897660,356538526088248,Mumbai_BTS_004,404-45-980-339,Mumbai
CDR202600017496,2025-03-26,22:01:44,+919378085567,+916323610446,VOICE,209,404389867353781,359958135362956,UttarPradesh_BTS_011,404-45-533-850,Uttar Pradesh
CDR202600017512,2025-10-01,19:27:01,+919759038664,+918071597208,VOICE,53,404164985334690,359391086499199,Karnataka_BTS_005,404-45-565-293,Karnataka
CDR202600017515,2025-11-12,05:22:12,+919955753448,+919526506513,VOICE,102,404995780415499,356066269448236,Gujarat_BTS_005,404-45-716-028,Gujarat
CDR202600017528,2025-06-30,23:12:02,+917017625630,+919565447798,VOICE,45,404833694031235,352387059860152,Rajasthan_BTS_017,404-45-880-166,Rajasthan
CDR202600017529,2025-08-22,00:25:39,+918981781049,+918964358531,MISSED,0,404042780116620,356763845255000,Karnataka_BTS_005,404-45-102-400,Karnataka
CDR202600017541,2025-10-01,12:20:57,+916720582936,+919845387732,VOICE,185,404245556217118,353140537561877,Mumbai_BTS_010,404-45-211-255,Mumbai
CDR202600017557,2025-04-12,10:13:35,+919429605845,+919806527236,VOICE,50,404012631446390,355358689978302,TamilNadu_BTS_005,404-45-734-084,Tamil Nadu
CDR202600017558,2025-05-24,06:08:39,+916424262013,+919695716514,VOICE,80,404254054577702,352693869844785,UttarPradesh_BTS_009,404-45-719-216,Uttar Pradesh
CDR202600017564,2025-03-28,20:47:45,+917862795714,+919238128651,VOICE,189,404560757312807,357768701760648,Maharashtra_BTS_008,404-45-818-960,Maharashtra
CDR202600017572,2025-11-07,17:43:37,+917368966919,+917201965416,VOICE,89,404832071095116,355871304253027,UttarPradesh_BTS_003,404-45-736-577,Uttar Pradesh
CDR202600017575,2025-03-12,20:19:28,+916556479131,+919122230354,VOICE,16,404621138792997,356984291109475,Maharashtra_BTS_004,404-45-691-197,Maharashtra
CDR202600017586,2025-08-23,10:11:54,+917615733539,+917230975615,VOICE,7,404796784132865,354704353133196,Rajasthan_BTS_016,404-45-619-624,Rajasthan
CDR202600017590,2025-10-23,21:59:49,+919162267970,+919765733100,VOICE,33,404094043980892,358040334377083,UttarPradesh_BTS_003,404-45-618-272,Uttar Pradesh
CDR202600017591,2025-02-23,01:46:57,+918196593978,+917593551276,VOICE,101,404772981700004,355746711774077,UttarPradesh_BTS_009,404-45-378-289,Uttar Pradesh
CDR202600017604,2025-06-07,23:15:24,+916063966410,+918897623722,VOICE,339,404070548336706,353875909560799,Mumbai_BTS_006,404-45-785-498,Mumbai
CDR202600017614,2025-05-22,09:41:05,+917149117767,+917506145552,VOICE,246,404171757189309,354376983778660,TamilNadu_BTS_003,404-45-170-610,Tamil Nadu
CDR202600017641,2025-05-18,15:11:36,+918723496132,+918913006378,VOICE,112,404793719156001,352689391863232,Rajasthan_BTS_007,404-45-241-522,Rajasthan
CDR202600017671,2025-12-02,01:08:51,+918299544766,+918555023947,SMS,0,404146707207610,351752847071960,TamilNadu_BTS_001,404-45-614-942,Tamil Nadu
CDR202600017672,2025-04-14,10:48:37,+916893592412,+916280269526,VOICE,9,404369730024607,351905606771244,Maharashtra_BTS_003,404-45-665-301,Maharashtra
CDR202600017674,2025-03-09,20:22:00,+916996698129,+916704633347,VOICE,320,404535388947837,359053332726449,Karnataka_BTS_006,404-45-848-803,Karnataka
CDR202600017686,2025-09-26,03:01:35,+917764439434,+916406226532,SMS,0,404734293072454,354324547988188,UttarPradesh_BTS_007,404-45-370-119,Uttar Pradesh
CDR202600017688,2025-06-06,11:51:15,+919413815735,+918559841026,VOICE,61,404747269139116,350601853893782,UttarPradesh_BTS_011,404-45-194-650,Uttar Pradesh
CDR202600017699,2025-06-26,10:07:38,+918474679334,+916143387394,VOICE,72,404395881495393,356934049814931,Rajasthan_BTS_019,404-45-119-115,Rajasthan
CDR202600017714,2025-08-20,17:18:09,+918387480863,+918005798364,VOICE,141,404699429838968,356354662643472,Rajasthan_BTS_003,404-45-924-324,Rajasthan
CDR202600017734,2025-12-21,22:47:55,+918542355860,+919649824597,VOICE,432,404853825838667,356692608184223,Maharashtra_BTS_007,404-45-314-687,Maharashtra
CDR202600017754,2025-04-15,08:05:32,+917540273705,+918833219322,VOICE,5,404496831945871,356922789139725,Maharashtra_BTS_002,404-45-718-271,Maharashtra
CDR202600017755,2025-12-27,15:42:43,+917230975615,+918474679334,VOICE,39,404337304966670,358676009186964,Mumbai_BTS_004,404-45-980-339,Mumbai
CDR202600017768,2025-02-03,03:31:52,+916326263871,+919696901805,VOICE,207,404619588425230,355377376370777,Rajasthan_BTS_010,404-45-710-066,Rajasthan
CDR202600017779,2025-07-29,06:00:52,+919228256985,+919359017551,VOICE,192,404621397147100,350476430737174,UttarPradesh_BTS_002,404-45-869-959,Uttar Pradesh
CDR202600017790,2025-02-05,10:28:57,+917068162204,+919676891871,VOICE,398,404643767696890,356915323908530,Mumbai_BTS_011,404-45-287-286,Mumbai
CDR202600017798,2025-09-28,09:59:13,+917900254663,+916812527503,VOICE,155,404155538112761,358001207637750,Mumbai_BTS_010,404-45-296-195,Mumbai
CDR202600017806,2025-02-24,17:39:29,+918746005815,+916366754523,MISSED,0,404447625383915,354623710031534,Rajasthan_BTS_014,404-45-564-004,Rajasthan
CDR202600017825,2025-05-22,20:23:08,+917600606591,+916530487548,VOICE,199,404921353457784,359509388730128,WestBengal_BTS_001,404-45-915-996,West Bengal
CDR202600017832,2025-10-02,19:58:18,+918263356332,+916661818948,SMS,0,404747839285978,354592397613084,TamilNadu_BTS_006,404-45-423-958,Tamil Nadu
CDR202600017835,2025-04-14,17:01:42,+917710846447,+918023743035,VOICE,63,404187684520333,350303293320540,Rajasthan_BTS_003,404-45-924-324,Rajasthan
CDR202600017847,2025-03-24,14:28:53,+916143387394,+918910255988,VOICE,17,404068641693264,353725417155268,UttarPradesh_BTS_005,404-45-478-292,Uttar Pradesh
CDR202600017851,2025-02-07,18:19:03,+917460536863,+917849242180,VOICE,372,404726118378358,351889581516687,UttarPradesh_BTS_006,404-45-108-684,Uttar Pradesh
CDR202600017864,2025-09-29,06:28:23,+916758605522,+919848868363,SMS,0,404325285351956,358242165830895,Rajasthan_BTS_017,404-45-652-977,Rajasthan
CDR202600017867,2025-08-17,12:17:46,+918250783118,+919705416563,VOICE,28,404727807031356,359027961940546,Rajasthan_BTS_013,404-45-400-446,Rajasthan
CDR202600017869,2025-04-10,09:04:28,+917696453514,+917906523487,VOICE,43,404649261707261,358238343725756,UttarPradesh_BTS_011,404-45-194-650,Uttar Pradesh
CDR202600017873,2025-08-06,21:43:49,+919767282014,+918435705453,VOICE,32,404263944754814,352237789289013,UttarPradesh_BTS_011,404-45-194-650,Uttar Pradesh
CDR202600017878,2025-01-11,15:22:54,+916953156153,+919634719702,VOICE,73,404230699059693,358505218091123,UttarPradesh_BTS_011,404-45-533-850,Uttar Pradesh
CDR202600017881,2025-01-05,17:09:35,+919412691680,+918407887586,VOICE,15,404878026955266,350012652664033,TamilNadu_BTS_002,404-45-158-984,Tamil Nadu
CDR202600017884,2025-01-17,18:08:53,+917419433566,+917366448741,SMS,0,404915396580315,350868705936434,UttarPradesh_BTS_010,404-45-749-874,Uttar Pradesh
CDR202600017889,2025-08-19,07:15:04,+919947003973,+917701689307,VOICE,18,404805881284951,356472485737618,Maharashtra_BTS_006,404-45-987-104,Maharashtra
CDR202600017909,2025-11-27,14:20:15,+916282421649,+917838092720,VOICE,226,404074609901312,359140188538691,UttarPradesh_BTS_012,404-45-145-004,Uttar Pradesh
CDR202600017915,2025-08-14,07:52:01,+916415613537,+917587761727,VOICE,68,404639444345978,352684962125496,Delhi_BTS_003,404-45-533-988,Delhi
CDR202600017920,2025-11-04,14:32:13,+917520865509,+917190444185,VOICE,467,404120869381399,358699649978270,Rajasthan_BTS_001,404-45-801-333,Rajasthan
CDR202600017928,2025-12-10,19:36:21,+916448080635,+917755598297,VOICE,37,404994117178426,355382723712902,Rajasthan_BTS_006,404-45-242-253,Rajasthan
CDR202600017932,2025-10-19,03:10:05,+918114843217,+919942872445,VOICE,44,404211148585751,358246032303606,Mumbai_BTS_002,404-45-107-073,Mumbai
CDR202600017934,2025-12-02,15:28:05,+916419503238,+919463437589,VOICE,78,404584204829841,357248081683043,Maharashtra_BTS_001,404-45-204-095,Maharashtra
CDR202600017948,2025-10-18,03:59:37,+916453571115,+916473360711,VOICE,62,404484278949481,353330771788830,UttarPradesh_BTS_011,404-45-966-053,Uttar Pradesh
CDR202600018000,2025-07-08,02:20:08,+919669988212,+918260886284,VOICE,134,404470050844943,356886931026580,Mumbai_BTS_008,404-45-984-747,Mumbai
CDR202600018004,2025-04-13,23:11:34,+919035973546,+919359943201,VOICE,44,404046076163455,354239102692091,Mumbai_BTS_004,404-45-980-339,Mumbai
CDR202600018045,2025-08-20,11:46:56,+918088165102,+918899007800,VOICE,28,404347758473643,350385767931120,Mumbai_BTS_005,404-45-626-244,Mumbai
CDR202600018047,2025-10-12,04:10:16,+917466191932,+919435611650,SMS,0,404532821505162,354222519579964,Karnataka_BTS_006,404-45-848-803,Karnataka
CDR202600018075,2025-07-15,13:52:37,+917403408444,+917149068190,SMS,0,404620925784640,350364236173338,TamilNadu_BTS_006,404-45-678-536,Tamil Nadu
CDR202600018096,2025-08-28,12:33:36,+919941240635,+918988098725,VOICE,113,404429628875403,351968390974092,Delhi_BTS_006,404-45-629-463,Delhi
CDR202600018099,2025-04-22,14:49:39,+918172835235,+917831722775,VOICE,14,404465424533323,355865023969301,UttarPradesh_BTS_009,404-45-378-289,Uttar Pradesh
CDR202600018152,2025-09-15,00:40:18,+917388079694,+918318287801,VOICE,28,404782329481346,355307986533015,Rajasthan_BTS_015,404-45-208-892,Rajasthan
CDR202600018197,2025-03-29,02:45:19,+919839346283,+916060422207,VOICE,36,404093781120498,358828861485099,Delhi_BTS_003,404-45-993-622,Delhi
CDR202600018219,2025-01-13,01:13:58,+918873476503,+918062603613,VOICE,20,404845214192969,356175642347742,UttarPradesh_BTS_015,404-45-954-379,Uttar Pradesh
CDR202600018231,2025-08-14,11:28:29,+918502236248,+919359991607,MISSED,0,404133429151873,355815038037471,Gujarat_BTS_004,404-45-130-096,Gujarat
CDR202600018239,2025-10-16,01:43:38,+916031355164,+918942896065,VOICE,449,404351892791956,350431075050735,UttarPradesh_BTS_001,404-45-234-688,Uttar Pradesh
CDR202600018267,2025-04-21,19:52:36,+918946547461,+918962428972,SMS,0,404779721849798,351630315726577,Delhi_BTS_006,404-45-548-922,Delhi
CDR202600018269,2025-12-22,23:33:06,+916971932873,+918708641526,SMS,0,404865438417548,356486390125849,TamilNadu_BTS_006,404-45-423-958,Tamil Nadu
CDR202600018271,2025-06-26,04:39:47,+919759038664,+918146474448,VOICE,7,404164985334690,350553265034404,WestBengal_BTS_002,404-45-205-363,West Bengal
CDR202600018293,2025-03-04,13:52:23,+917575117845,+918353878878,VOICE,73,404361002004738,356256362304604,TamilNadu_BTS_004,404-45-683-253,Tamil Nadu
CDR202600018294,2025-05-18,08:13:03,+916280269526,+918118633802,SMS,0,404988750332190,350750000931976,Maharashtra_BTS_005,404-45-181-876,Maharashtra
CDR202600018297,2025-07-19,00:35:17,+917200141659,+916844915057,VOICE,17,404668094194668,352820877490310,Rajasthan_BTS_019,404-45-414-246,Rajasthan
CDR202600018306,2025-04-21,16:04:45,+919976782155,+919437661194,VOICE,125,404964747345476,358908149840555,Rajasthan_BTS_016,404-45-619-624,Rajasthan
CDR202600018308,2025-02-14,00:06:04,+919840755464,+917737729657,VOICE,105,404840801033483,350312434611115,Rajasthan_BTS_006,404-45-246-272,Rajasthan
CDR202600018312,2025-09-08,23:24:08,+918579835476,+916438711116,VOICE,132,404255406589881,352951365294377,Karnataka_BTS_005,404-45-902-804,Karnataka
CDR202600018313,2025-03-26,03:01:54,+918120876380,+918758985879,VOICE,97,404306749165059,357955930172984,Rajasthan_BTS_004,404-45-835-323,Rajasthan
CDR202600018325,2025-01-26,17:36:34,+917517566815,+917615893220,SMS,0,404558212032016,350660609612551,WestBengal_BTS_004,404-45-283-755,West Bengal
CDR202600018380,2025-01-06,14:50:42,+917310096664,+918916432132,VOICE,73,404379146433818,356861824624918,UttarPradesh_BTS_009,404-45-785-885,Uttar Pradesh
CDR202600018385,2025-04-03,20:54:39,+919505180197,+919318156546,SMS,0,404454347295430,352814461180368,Rajasthan_BTS_013,404-45-400-446,Rajasthan
CDR202600018387,2025-02-12,05:04:44,+916341686359,+918129273278,SMS,0,404623667724578,354449803024132,Maharashtra_BTS_004,404-45-821-072,Maharashtra
CDR202600018388,2025-05-31,05:40:27,+918733363458,+917411730297,VOICE,130,404964620229276,351879029743038,Mumbai_BTS_007,404-45-348-804,Mumbai
CDR202600018399,2025-07-25,10:43:58,+918443105482,+916719191067,VOICE,15,404458199537205,355172643407507,Maharashtra_BTS_004,404-45-146-678,Maharashtra
CDR202600018400,2025-08-24,15:35:36,+917520455369,+919987672814,VOICE,260,404042052431781,351531765634388,UttarPradesh_BTS_004,404-45-457-903,Uttar Pradesh
CDR202600018438,2025-01-09,05:58:42,+917002363705,+917908736650,SMS,0,404206674072926,352465417819900,Maharashtra_BTS_009,404-45-350-168,Maharashtra
CDR202600018439,2025-10-24,09:15:55,+917243181042,+919716542758,VOICE,78,404620522058212,357326747365732,Rajasthan_BTS_015,404-45-612-781,Rajasthan
CDR202600018446,2025-10-10,22:44:24,+918801193746,+917762729779,VOICE,73,404170093904158,354765916744063,Delhi_BTS_003,404-45-533-988,Delhi
CDR202600018466,2025-11-28,20:20:52,+918435705453,+918952279212,MISSED,0,404975665280218,352397450368280,Rajasthan_BTS_013,404-45-448-115,Rajasthan
CDR202600018476,2025-03-05,19:02:38,+917826757884,+916102248346,VOICE,10,404260022293150,353519401263178,UttarPradesh_BTS_012,404-45-233-653,Uttar Pradesh
CDR202600018498,2025-03-22,21:48:26,+919690082317,+919710422517,VOICE,102,404342794229993,353816792356384,Mumbai_BTS_001,404-45-446-022,Mumbai
CDR202600018507,2025-02-15,22:28:19,+918812696910,+918863921078,SMS,0,404040087244690,350213947307100,Rajasthan_BTS_008,404-45-981-113,Rajasthan
CDR202600018528,2025-04-29,02:37:45,+917590663736,+919083834177,VOICE,205,404648222988446,350653832684809,Maharashtra_BTS_002,404-45-967-353,Maharashtra
CDR202600018529,2025-09-09,20:50:50,+919202545091,+916345205059,SMS,0,404582720165153,353781504866439,Delhi_BTS_001,404-45-999-581,Delhi
CDR202600018539,2025-08-23,03:44:02,+919462586403,+917506860658,VOICE,22,404917118152530,352722320288557,Rajasthan_BTS_010,404-45-710-066,Rajasthan
CDR202600018550,2025-05-15,05:10:31,+917108603202,+918912372592,VOICE,98,404004349417450,353283973633958,TamilNadu_BTS_004,404-45-513-123,Tamil Nadu
CDR202600018593,2025-11-27,01:19:45,+917867368207,+918592790155,SMS,0,404646546722313,356414892685443,TamilNadu_BTS_003,404-45-170-610,Tamil Nadu
CDR202600018638,2025-02-15,13:05:38,+917177023411,+918274235495,VOICE,104,404620998741764,352952570631966,TamilNadu_BTS_003,404-45-169-692,Tamil Nadu
CDR202600018640,2025-09-25,08:40:07,+917657350844,+919030022520,VOICE,119,404963470593409,350752353140124,Rajasthan_BTS_019,404-45-951-827,Rajasthan
CDR202600018648,2025-06-30,09:57:25,+917587761727,+919561046066,SMS,0,404398488073035,352771579632821,Rajasthan_BTS_019,404-45-471-900,Rajasthan
CDR202600018651,2025-11-08,10:16:06,+918075263460,+918637416896,VOICE,49,404813750317899,351458661352925,TamilNadu_BTS_006,404-45-367-210,Tamil Nadu
CDR202600018661,2025-01-14,06:40:48,+919533878042,+919779594019,VOICE,248,404817092051627,356906097490463,Karnataka_BTS_003,404-45-597-493,Karnataka
CDR202600018672,2025-01-28,14:48:45,+916071750291,+917705202769,VOICE,29,404499763365347,350614171723380,Mumbai_BTS_006,404-45-785-498,Mumbai
CDR202600018685,2025-01-03,02:22:59,+918289810877,+919534776848,VOICE,122,404091821897521,350111005430085,Mumbai_BTS_012,404-45-553-828,Mumbai
CDR202600018694,2025-01-17,12:36:21,+916552475615,+919346555742,SMS,0,404700745301069,359606771297784,TamilNadu_BTS_006,404-45-678-536,Tamil Nadu
CDR202600018695,2025-05-29,21:01:08,+918467875688,+919173425596,VOICE,54,404391322138882,350919273749971,Delhi_BTS_001,404-45-999-581,Delhi
CDR202600018717,2025-07-16,07:12:17,+917881301993,+916510536250,SMS,0,404044695125571,350283339324234,Maharashtra_BTS_004,404-45-146-678,Maharashtra
CDR202600018719,2025-09-29,19:12:16,+919720578623,+918645954897,SMS,0,404443302686456,351440994711802,Maharashtra_BTS_007,404-45-750-855,Maharashtra
CDR202600018731,2025-12-26,19:58:55,+919972880601,+918888536314,VOICE,14,404209485506141,359865851211506,Delhi_BTS_006,404-45-223-254,Delhi
CDR202600018734,2025-10-24,09:33:48,+916690905073,+918951965482,VOICE,52,404257082431385,355728426202848,Maharashtra_BTS_008,404-45-818-960,Maharashtra
CDR202600018756,2025-11-22,03:27:24,+916801079158,+919952972156,SMS,0,404820682389383,358991875920771,Mumbai_BTS_007,404-45-584-827,Mumbai
CDR202600018795,2025-02-12,07:41:14,+917139665970,+918638184883,VOICE,38,404493223183795,357426351110147,UttarPradesh_BTS_011,404-45-357-928,Uttar Pradesh
CDR202600018817,2025-09-05,06:10:24,+919164081065,+919734426560,VOICE,119,404187218987005,352142356461322,WestBengal_BTS_005,404-45-521-822,West Bengal
CDR202600018851,2025-10-21,07:25:35,+918032441875,+917423498695,SMS,0,404160924999207,351294194735818,Rajasthan_BTS_009,404-45-742-164,Rajasthan
CDR202600018852,2025-03-05,15:44:59,+917703920904,+917233331922,VOICE,68,404181944369256,357320008260923,Maharashtra_BTS_005,404-45-181-876,Maharashtra
CDR202600018872,2025-07-27,21:30:05,+918890491950,+917932166451,VOICE,171,404250890242303,359319999467169,WestBengal_BTS_002,404-45-355-683,West Bengal
CDR202600018883,2025-03-15,20:35:44,+916363734751,+917569488832,VOICE,115,404905190067197,357461234531235,Rajasthan_BTS_011,404-45-796-739,Rajasthan
CDR202600018887,2025-11-07,11:57:24,+917291698031,+916555724622,SMS,0,404598209410548,351027310610965,UttarPradesh_BTS_013,404-45-822-438,Uttar Pradesh
CDR202600018888,2025-10-06,09:23:50,+918377250756,+917139435997,MISSED,0,404898047457988,354101997270665,UttarPradesh_BTS_008,404-45-860-567,Uttar Pradesh
CDR202600018942,2025-01-08,04:59:45,+917036240245,+918286062943,VOICE,249,404505939631139,352987153330726,Rajasthan_BTS_013,404-45-400-446,Rajasthan
CDR202600018958,2025-10-15,21:22:48,+919794710900,+917761792416,VOICE,135,404789904338926,350635142537543,Rajasthan_BTS_002,404-45-334-842,Rajasthan
CDR202600018972,2025-12-22,21:50:45,+919497978527,+918386857947,VOICE,41,404130578586447,359851191408577,Karnataka_BTS_008,404-45-693-754,Karnataka
CDR202600018981,2025-08-24,07:42:44,+918205611760,+916575838940,VOICE,116,404970601771315,355820347032695,Rajasthan_BTS_003,404-45-924-324,Rajasthan
CDR202600019001,2025-02-09,02:02:59,+919421389179,+919541078632,VOICE,82,404586115347819,353095049755065,Karnataka_BTS_004,404-45-985-411,Karnataka
CDR202600019022,2025-12-01,10:06:13,+918556506729,+919527918728,VOICE,36,404316753544797,356972684838088,Maharashtra_BTS_001,404-45-204-095,Maharashtra
CDR202600019028,2025-09-18,18:44:22,+919442464607,+916143387394,VOICE,192,404332323613594,359274914628062,WestBengal_BTS_006,404-45-906-719,West Bengal
CDR202600019062,2025-11-23,17:43:56,+918848132058,+919392725627,VOICE,206,404994270927694,354275598468019,WestBengal_BTS_003,404-45-735-768,West Bengal
CDR202600019066,2025-11-01,04:07:51,+919151219880,+919614333439,VOICE,107,404134600146376,359800929211040,Mumbai_BTS_012,404-45-553-828,Mumbai
CDR202600019089,2025-06-13,19:43:13,+919602976120,+919463351743,SMS,0,404778856267633,355294853015537,Delhi_BTS_006,404-45-629-463,Delhi
CDR202600019090,2025-01-11,15:00:03,+916484393957,+916555703019,VOICE,118,404286505917118,358058474062320,Rajasthan_BTS_016,404-45-303-157,Rajasthan
CDR202600019101,2025-12-25,08:51:52,+918289810877,+917641309711,VOICE,17,404091821897521,350111005430085,Mumbai_BTS_011,404-45-287-286,Mumbai
CDR202600019110,2025-05-30,20:22:11,+917133264916,+918807060321,VOICE,155,404155392341538,355544155606395,Rajasthan_BTS_010,404-45-710-480,Rajasthan
CDR202600019112,2025-03-21,05:03:08,+916326243819,+916512822559,VOICE,29,404101232690789,354980417445130,UttarPradesh_BTS_004,404-45-457-903,Uttar Pradesh
CDR202600019119,2025-01-11,00:16:41,+919203774254,+917078809729,VOICE,63,404524546656126,354424903942357,Maharashtra_BTS_004,404-45-691-197,Maharashtra
CDR202600019121,2025-06-06,05:24:45,+918550728848,+918947516711,SMS,0,404630945540363,350436633039726,Rajasthan_BTS_009,404-45-742-164,Rajasthan
CDR202600019152,2025-01-26,02:34:59,+918733363458,+917330684763,VOICE,260,404964620229276,351879029743038,WestBengal_BTS_006,404-45-906-719,West Bengal
CDR202600019167,2025-05-08,10:06:12,+919217831562,+919384100308,VOICE,32,404986363806886,355122530191812,Rajasthan_BTS_011,404-45-796-739,Rajasthan
CDR202600019192,2025-03-03,05:16:00,+918127570596,+919023071406,VOICE,60,404184163684461,358485545565707,UttarPradesh_BTS_004,404-45-170-901,Uttar Pradesh
CDR202600019199,2025-10-29,15:26:29,+916048585340,+918400893265,VOICE,149,404940233340484,353281869224953,WestBengal_BTS_004,404-45-283-755,West Bengal
CDR202600019210,2025-12-05,09:01:58,+917644177441,+917160690081,MISSED,0,404466066715591,356070515993879,Rajasthan_BTS_018,404-45-713-332,Rajasthan
CDR202600019228,2025-12-17,02:52:32,+918659293528,+916937837972,MISSED,0,404403593901531,357850888001352,UttarPradesh_BTS_015,404-45-658-037,Uttar Pradesh
CDR202600019229,2025-09-21,21:11:52,+919785436959,+916415613537,VOICE,91,404295091793396,351673037284825,Delhi_BTS_003,404-45-371-541,Delhi
CDR202600019232,2025-04-23,23:47:44,+919947003973,+916034102808,VOICE,61,404805881284951,356472485737618,Rajasthan_BTS_004,404-45-374-068,Rajasthan
CDR202600019233,2025-06-02,18:52:28,+917520455369,+918337334870,MISSED,0,404042052431781,351531765634388,WestBengal_BTS_003,404-45-342-886,West Bengal
CDR202600019244,2025-10-05,03:56:19,+918185194936,+918388880450,VOICE,58,404516083446689,355578422779444,UttarPradesh_BTS_006,404-45-769-542,Uttar Pradesh
CDR202600019255,2025-03-08,08:48:33,+919948974185,+917310983111,VOICE,28,404645680175491,352696857289409,Delhi_BTS_003,404-45-993-622,Delhi
CDR202600019266,2025-01-29,20:28:07,+916419179076,+919869682734,VOICE,158,404688682679233,358815964529548,Mumbai_BTS_010,404-45-919-883,Mumbai
CDR202600019269,2025-07-17,06:45:59,+918659293528,+917291698031,VOICE,83,404403593901531,357850888001352,UttarPradesh_BTS_010,404-45-308-704,Uttar Pradesh
CDR202600019275,2025-05-22,10:05:39,+918857736272,+916000914011,VOICE,25,404815577559186,351679862018521,Mumbai_BTS_010,404-45-919-883,Mumbai
CDR202600019298,2025-09-09,11:28:25,+916367460540,+918984132297,VOICE,94,404345987206091,356685502102275,Karnataka_BTS_005,404-45-565-293,Karnataka
CDR202600019308,2025-07-19,22:13:31,+918091766746,+917084107114,VOICE,63,404666711491580,351490039244079,Maharashtra_BTS_002,404-45-199-368,Maharashtra
CDR202600019327,2025-12-03,19:22:28,+919015681852,+917028242355,VOICE,323,404797905115560,353039703150628,Rajasthan_BTS_013,404-45-887-657,Rajasthan
CDR202600019349,2025-12-02,22:51:36,+918133493776,+919289658822,VOICE,8,404851434879460,357292330025722,WestBengal_BTS_002,404-45-315-699,West Bengal
CDR202600019358,2025-06-01,22:52:01,+916400529469,+916555703019,SMS,0,404336708771132,350245176087589,Maharashtra_BTS_005,404-45-891-297,Maharashtra
CDR202600019376,2025-12-23,03:29:29,+919898277174,+918090152731,VOICE,197,404543747173284,353317567421202,Karnataka_BTS_004,404-45-985-411,Karnataka
CDR202600019411,2025-01-27,21:16:59,+917105925045,+917033743556,VOICE,22,404573309674055,350925040163083,UttarPradesh_BTS_003,404-45-202-076,Uttar Pradesh
CDR202600019427,2025-03-19,02:41:11,+919488376410,+917590559888,VOICE,346,404503292743776,358131934606705,WestBengal_BTS_005,404-45-901-954,West Bengal
CDR202600019441,2025-01-24,10:04:19,+919523870498,+919384855691,MISSED,0,404759754019652,357947200296961,Mumbai_BTS_006,404-45-235-741,Mumbai
CDR202600019449,2025-03-25,23:21:21,+918627855226,+917285039603,VOICE,126,404623407165712,357893830512619,WestBengal_BTS_005,404-45-785-885,West Bengal
CDR202600019453,2025-07-07,02:11:07,+916996698129,+917419433566,VOICE,401,404535388947837,359053332726449,UttarPradesh_BTS_013,404-45-552-565,Uttar Pradesh
CDR202600019474,2025-10-16,07:36:00,+917224475724,+919180380303,VOICE,96,404109720835764,355863997306415,Rajasthan_BTS_007,404-45-605-094,Rajasthan
CDR202600019477,2025-08-05,17:36:37,+919515351329,+918641911927,SMS,0,404479867805587,350692850258040,Karnataka_BTS_005,404-45-371-949,Karnataka
CDR202600019482,2025-08-29,04:26:33,+918656840206,+917862795714,MISSED,0,404316135761082,351599637304858,Rajasthan_BTS_017,404-45-897-945,Rajasthan
CDR202600019484,2025-09-27,05:22:36,+917652537154,+917894286734,SMS,0,404942195487237,350923176036450,Mumbai_BTS_006,404-45-235-741,Mumbai
CDR202600019485,2025-11-24,00:55:43,+916901719348,+917105925045,VOICE,139,404638986348965,350375540312976,WestBengal_BTS_002,404-45-355-683,West Bengal
CDR202600019514,2025-12-22,04:51:58,+919226765769,+919942872445,VOICE,315,404482417258577,354342664975162,UttarPradesh_BTS_005,404-45-261-449,Uttar Pradesh
CDR202600019528,2025-10-12,08:14:27,+918491357224,+917585297224,VOICE,6,404815788527820,358040877547756,Rajasthan_BTS_019,404-45-414-246,Rajasthan
CDR202600019542,2025-09-13,02:20:31,+918814548537,+916538903040,VOICE,135,404029426518590,351081902316792,UttarPradesh_BTS_005,404-45-261-449,Uttar Pradesh
CDR202600019546,2025-01-13,06:14:34,+917271368384,+919736716330,VOICE,152,404580834218089,352087511510648,Delhi_BTS_003,404-45-662-170,Delhi
CDR202600019574,2025-04-08,01:03:01,+919690082317,+917295568841,VOICE,51,404342794229993,353816792356384,Mumbai_BTS_010,404-45-211-255,Mumbai
CDR202600019632,2025-03-22,19:04:21,+919339527541,+919157797608,VOICE,22,404479969768520,350434785675876,Rajasthan_BTS_019,404-45-119-115,Rajasthan
CDR202600019689,2025-12-27,08:25:07,+917565720042,+917226941237,VOICE,82,404832219304868,352021146846840,Mumbai_BTS_011,404-45-573-256,Mumbai
CDR202600019694,2025-05-05,22:49:23,+917338873625,+919694237883,VOICE,427,404323717470055,357998036614084,Rajasthan_BTS_015,404-45-282-520,Rajasthan
CDR202600019700,2025-03-15,06:29:16,+916400529469,+919491973266,VOICE,96,404336708771132,350245176087589,Mumbai_BTS_007,404-45-196-100,Mumbai
CDR202600019722,2025-07-18,22:27:11,+917038528246,+918242708372,VOICE,438,404805404597981,350687644251542,WestBengal_BTS_009,404-45-304-837,West Bengal
CDR202600019730,2025-05-10,22:29:05,+918946271950,+919234530625,VOICE,61,404804659173386,357083221808167,Mumbai_BTS_007,404-45-348-804,Mumbai
CDR202600019734,2025-04-01,06:14:27,+918129273278,+917896175003,VOICE,484,404205612375283,354002836777665,UttarPradesh_BTS_013,404-45-552-565,Uttar Pradesh
CDR202600019779,2025-04-05,21:42:13,+916459101839,+917734903847,VOICE,43,404599678419306,359226430262987,TamilNadu_BTS_001,404-45-614-942,Tamil Nadu
CDR202600019781,2025-10-08,07:21:57,+917449263232,+918686767865,VOICE,28,404276321041230,354929797576152,UttarPradesh_BTS_003,404-45-736-577,Uttar Pradesh
CDR202600019787,2025-03-23,16:55:08,+917433422977,+917209181389,VOICE,26,404824972666194,350643031565003,Mumbai_BTS_007,404-45-584-827,Mumbai
CDR202600019789,2025-08-13,12:43:53,+918971088986,+917815456502,VOICE,367,404926798058305,350477114670431,Rajasthan_BTS_005,404-45-771-512,Rajasthan
CDR202600019790,2025-05-25,04:49:14,+918474679334,+916101521841,VOICE,229,404395881495393,356934049814931,Rajasthan_BTS_012,404-45-798-907,Rajasthan
CDR202600019791,2025-02-02,07:48:35,+918250231346,+918717621688,SMS,0,404794409685659,359052294077428,UttarPradesh_BTS_001,404-45-234-688,Uttar Pradesh
CDR202600019815,2025-09-22,11:21:50,+916131684776,+917362895161,MISSED,0,404469926359315,355641679006187,UttarPradesh_BTS_012,404-45-441-790,Uttar Pradesh
CDR202600019819,2025-05-25,19:53:32,+919989301933,+917616390120,VOICE,62,404950564892842,358283885574237,Rajasthan_BTS_019,404-45-119-115,Rajasthan
CDR202600019822,2025-09-28,04:18:51,+918295957246,+917960741167,VOICE,10,404323056001856,355965503482825,TamilNadu_BTS_006,404-45-367-210,Tamil Nadu
CDR202600019824,2025-12-01,01:01:24,+916818661231,+917992268712,VOICE,38,404035718034206,354012741541746,Rajasthan_BTS_007,404-45-241-522,Rajasthan
CDR202600019829,2025-01-17,16:45:32,+919077301821,+918023477429,MISSED,0,404869545700680,357562078217656,Maharashtra_BTS_008,404-45-173-624,Maharashtra
CDR202600019854,2025-08-23,01:28:28,+919970530407,+916758605522,VOICE,98,404357696885267,352865521564378,Rajasthan_BTS_015,404-45-208-892,Rajasthan
CDR202600019867,2025-05-19,12:41:57,+919760004225,+917537780723,VOICE,83,404132390887835,354593999501107,UttarPradesh_BTS_011,404-45-533-850,Uttar Pradesh
CDR202600019869,2025-10-01,10:41:59,+918193199750,+916536374148,VOICE,101,404422089614356,354281342559296,Rajasthan_BTS_007,404-45-605-094,Rajasthan
CDR202600019882,2025-01-24,11:11:59,+919794732472,+916834774991,VOICE,29,404038619977866,351622768337691,Rajasthan_BTS_002,404-45-334-842,Rajasthan
CDR202600019884,2025-02-15,12:06:27,+916670342442,+916769527221,VOICE,373,404131808431039,357642499373409,Mumbai_BTS_011,404-45-287-286,Mumbai
CDR202600019887,2025-07-30,03:38:53,+918617436993,+916919664501,SMS,0,404525838044281,350043615894472,WestBengal_BTS_005,404-45-785-885,West Bengal
CDR202600019893,2025-01-27,21:03:45,+918196593978,+919232781780,VOICE,13,404772981700004,355746711774077,Mumbai_BTS_010,404-45-296-195,Mumbai
CDR202600019911,2025-08-10,23:33:54,+916639964319,+918236781960,VOICE,122,404219005183327,357540578450206,TamilNadu_BTS_005,404-45-734-084,Tamil Nadu
CDR202600019912,2025-03-09,03:11:23,+918311695933,+917096964249,VOICE,183,404380594081089,353211948387231,WestBengal_BTS_003,404-45-258-948,West Bengal
CDR202600019914,2025-06-06,23:13:27,+917699133466,+917228675938,VOICE,606,404403047620659,353340621792836,WestBengal_BTS_006,404-45-906-719,West Bengal
CDR202600019918,2025-10-10,06:08:29,+919346555742,+917130406708,SMS,0,404100635335247,359831867403427,Rajasthan_BTS_017,404-45-880-166,Rajasthan
CDR202600019939,2025-08-05,14:49:38,+918637416896,+917263082336,VOICE,103,404089730393704,350660109278209,Gujarat_BTS_004,404-45-130-096,Gujarat
CDR202600019942,2025-02-16,14:54:08,+916159307599,+917146849285,VOICE,32,404959616141009,355343073528659,Maharashtra_BTS_009,404-45-646-747,Maharashtra
CDR202600019981,2025-04-15,20:54:06,+918424561047,+919484302634,MISSED,0,404197711161657,353133264033617,Rajasthan_BTS_009,404-45-911-697,Rajasthan
CDR202600019992,2025-03-31,12:49:41,+919541078632,+918794579254,VOICE,11,404187617504206,356941933406067,Maharashtra_BTS_004,404-45-146-678,Maharashtra
CDR202600019997,2025-09-09,04:41:01,+919168612085,+917135853917,VOICE,189,404975810072801,351883517587492,Karnataka_BTS_003,404-45-597-493,Karnataka
CDR202600020018,2025-06-02,17:58:19,+918948299991,+919381277896,VOICE,31,404484800360225,351234402167000,Rajasthan_BTS_010,404-45-710-480,Rajasthan
CDR202600020019,2025-05-07,09:18:16,+918927870088,+919054859051,SMS,0,404961039326155,350398250765242,Maharashtra_BTS_007,404-45-473-167,Maharashtra
CDR202600020020,2025-02-22,14:44:29,+919034522106,+918537038492,VOICE,15,404178684364270,351643412985137,Mumbai_BTS_007,404-45-348-804,Mumbai
CDR202600020058,2025-03-23,05:49:53,+917657748109,+918405353666,VOICE,202,404575299080475,352735799387679,Rajasthan_BTS_002,404-45-334-842,Rajasthan
CDR202600020083,2025-04-07,06:26:51,+918452265983,+916555736210,VOICE,81,404387131890538,359877666253576,Mumbai_BTS_009,404-45-162-413,Mumbai
CDR202600020094,2025-10-14,12:05:10,+918866603348,+917944448223,VOICE,46,404080675674116,351636721551324,Delhi_BTS_003,404-45-662-170,Delhi
CDR202600020101,2025-03-30,18:26:40,+916454279208,+918276795675,SMS,0,404353197104983,354477660272227,Karnataka_BTS_003,404-45-597-493,Karnataka
CDR202600020108,2025-10-13,07:57:09,+918180758109,+917858822815,VOICE,73,404712881134095,353249087273281,Maharashtra_BTS_008,404-45-799-664,Maharashtra
CDR202600020117,2025-09-29,00:06:34,+918001733816,+918974264082,VOICE,47,404026004113130,359265622181357,WestBengal_BTS_003,404-45-342-886,West Bengal
CDR202600020123,2025-04-03,18:45:49,+916067063475,+916560482207,VOICE,117,404638895503024,353538772573738,UttarPradesh_BTS_011,404-45-357-928,Uttar Pradesh
CDR202600020124,2025-06-23,22:45:57,+917038064368,+918095899253,VOICE,227,404880000444636,354631040074169,Rajasthan_BTS_006,404-45-242-253,Rajasthan
CDR202600020129,2025-01-05,18:01:51,+919151964020,+918013881810,SMS,0,404051226528655,350720722122306,UttarPradesh_BTS_002,404-45-568-324,Uttar Pradesh
CDR202600020142,2025-12-12,08:33:31,+919272145577,+918335129820,VOICE,162,404073846799198,354859186804604,Mumbai_BTS_007,404-45-584-827,Mumbai
CDR202600020156,2025-08-07,11:34:38,+918673729108,+916724635767,VOICE,53,404687396670402,359983824671767,Rajasthan_BTS_015,404-45-208-892,Rajasthan
CDR202600020160,2025-03-11,15:31:35,+919989000306,+919179142387,VOICE,99,404123699642462,359082032695247,Gujarat_BTS_007,404-45-106-778,Gujarat
CDR202600020184,2025-11-17,03:02:05,+918296416941,+919429605845,SMS,0,404149794288978,354839412815633,UttarPradesh_BTS_007,404-45-779-107,Uttar Pradesh
CDR202600020193,2025-12-01,23:15:07,+918610000903,+916846943785,VOICE,134,404581219589016,352705646220444,WestBengal_BTS_001,404-45-230-043,West Bengal
CDR202600020198,2025-10-23,12:32:15,+916048585340,+919081140349,VOICE,17,404940233340484,353281869224953,WestBengal_BTS_001,404-45-915-996,West Bengal
CDR202600020210,2025-09-11,13:37:28,+919810694473,+918985464265,VOICE,282,404872781535975,357229268434024,Rajasthan_BTS_013,404-45-400-446,Rajasthan
CDR202600020229,2025-03-21,10:23:37,+917356716278,+916897631203,VOICE,186,404681311897035,355975801797029,TamilNadu_BTS_004,404-45-683-253,Tamil Nadu
CDR202600020246,2025-07-26,14:46:20,+919935896587,+917853209083,VOICE,9,404077363496337,359338686814719,TamilNadu_BTS_003,404-45-170-610,Tamil Nadu
CDR202600020267,2025-12-27,22:16:17,+916228320383,+919339800624,VOICE,52,404552336396112,353759537195921,Gujarat_BTS_004,404-45-130-096,Gujarat
CDR202600020280,2025-03-18,04:36:50,+917291698031,+916995819189,VOICE,36,404598209410548,351027310610965,Maharashtra_BTS_006,404-45-987-104,Maharashtra
CDR202600020302,2025-03-12,05:39:29,+916618520377,+916019571525,VOICE,16,404676529022630,357534587243290,Rajasthan_BTS_009,404-45-742-164,Rajasthan
CDR202600020330,2025-11-17,17:06:59,+916754675819,+916641830807,VOICE,37,404610960537893,350872048760978,TamilNadu_BTS_002,404-45-620-083,Tamil Nadu
CDR202600020332,2025-01-02,13:51:55,+917330684763,+916668354911,VOICE,56,404994905952113,352705936611789,WestBengal_BTS_001,404-45-981-041,West Bengal
CDR202600020337,2025-03-01,08:26:10,+916324927197,+917947077688,VOICE,59,404974475881983,359623747783904,TamilNadu_BTS_004,404-45-513-123,Tamil Nadu
CDR202600020342,2025-02-16,07:18:30,+917755598297,+919944316938,MISSED,0,404497657461745,359100844958655,Mumbai_BTS_008,404-45-984-747,Mumbai
CDR202600020372,2025-02-26,23:56:01,+917750023871,+918353878878,VOICE,17,404418111362344,354246519769377,Rajasthan_BTS_018,404-45-713-332,Rajasthan
CDR202600020378,2025-12-28,17:48:18,+916554063783,+917430883451,VOICE,68,404519189662471,357822312444994,Rajasthan_BTS_005,404-45-771-512,Rajasthan
CDR202600020409,2025-11-01,01:50:09,+919930424269,+917819700767,VOICE,454,404157115978046,354413403780185,Rajasthan_BTS_015,404-45-208-892,Rajasthan
CDR202600020411,2025-01-22,00:23:01,+917934673445,+917204001120,VOICE,69,404552732472405,350452209046932,TamilNadu_BTS_004,404-45-513-123,Tamil Nadu
CDR202600020417,2025-08-04,05:57:33,+918128533948,+917657701816,VOICE,58,404415937472935,354886903993663,Gujarat_BTS_007,404-45-703-285,Gujarat
CDR202600020427,2025-11-07,07:58:49,+918395811284,+918412516890,VOICE,260,404417738452479,355942140523770,TamilNadu_BTS_006,404-45-367-210,Tamil Nadu
CDR202600020428,2025-09-07,07:11:38,+916237834522,+918763680491,VOICE,302,404690884726857,359815806300203,Mumbai_BTS_003,404-45-334-070,Mumbai
CDR202600020455,2025-09-17,13:48:10,+919035872592,+919359943201,VOICE,60,404176513677180,358147382867368,TamilNadu_BTS_001,404-45-158-052,Tamil Nadu
CDR202600020456,2025-10-14,23:06:47,+917390993348,+919709224510,VOICE,66,404299680045934,355348745848169,Mumbai_BTS_007,404-45-516-195,Mumbai
CDR202600020472,2025-08-14,03:52:04,+919115697600,+918370544176,VOICE,104,404404356222253,359953385424678,Karnataka_BTS_006,404-45-669-678,Karnataka
CDR202600020475,2025-08-03,01:35:25,+918077765275,+916844915057,VOICE,22,404935313202282,350947854130103,Rajasthan_BTS_019,404-45-471-900,Rajasthan
CDR202600020506,2025-11-19,15:40:15,+919507571068,+919640791239,VOICE,141,404626033355371,353296689410159,Mumbai_BTS_012,404-45-553-828,Mumbai
CDR202600020508,2025-01-17,20:37:06,+919505479050,+919217831562,VOICE,269,404499298404027,351598353762720,WestBengal_BTS_001,404-45-415-374,West Bengal
CDR202600020509,2025-10-28,00:59:08,+917139435997,+919391140734,VOICE,18,404775867779992,353641324305350,WestBengal_BTS_006,404-45-906-719,West Bengal
CDR202600020510,2025-01-23,13:54:16,+919541078632,+917057475889,VOICE,80,404187617504206,356941933406067,UttarPradesh_BTS_015,404-45-658-037,Uttar Pradesh
CDR202600020524,2025-05-05,09:19:57,+919152067546,+917677034529,VOICE,79,404773773669139,355514578405873,Rajasthan_BTS_014,404-45-564-004,Rajasthan
CDR202600020543,2025-07-18,17:09:02,+916457913549,+917514177927,VOICE,39,404582752784935,353191568935760,WestBengal_BTS_009,404-45-304-837,West Bengal
CDR202600020577,2025-11-07,11:23:37,+918925724209,+919298342479,VOICE,209,404740763908851,356474857086482,UttarPradesh_BTS_011,404-45-194-650,Uttar Pradesh
CDR202600020583,2025-10-17,09:56:48,+918653721485,+919083834177,VOICE,71,404060914683539,350411249547039,Rajasthan_BTS_019,404-45-119-115,Rajasthan
CDR202600020585,2025-06-20,11:09:33,+919561046066,+917676395246,VOICE,60,404446274868719,351051835678147,WestBengal_BTS_002,404-45-315-699,West Bengal
CDR202600020602,2025-11-15,14:09:20,+918463907207,+917956864202,VOICE,36,404484980163780,353142722227399,Mumbai_BTS_002,404-45-702-226,Mumbai
CDR202600020612,2025-04-10,18:06:13,+916020248860,+917426221735,SMS,0,404928462128422,353837458083761,Mumbai_BTS_012,404-45-553-828,Mumbai
CDR202600020621,2025-07-26,21:13:04,+918310597374,+919004648355,VOICE,111,404578790520999,352141082234429,UttarPradesh_BTS_011,404-45-194-650,Uttar Pradesh
CDR202600020644,2025-01-03,20:37:11,+918024648441,+917477408435,SMS,0,404424428881000,357645512756860,Gujarat_BTS_007,404-45-928-891,Gujarat
CDR202600020659,2025-06-09,09:59:51,+919753148285,+918621518958,MISSED,0,404948991411399,353845081235182,Karnataka_BTS_006,404-45-848-803,Karnataka
CDR202600020683,2025-11-13,18:56:05,+918310597374,+919095947799,SMS,0,404578790520999,352141082234429,Delhi_BTS_004,404-45-652-774,Delhi
CDR202600020686,2025-11-08,22:41:15,+918207421117,+919500130063,VOICE,81,404993155678977,356562521672582,UttarPradesh_BTS_002,404-45-568-324,Uttar Pradesh
CDR202600020706,2025-01-21,16:34:49,+917528636667,+916804593310,MISSED,0,404611166750250,352257438181756,Rajasthan_BTS_009,404-45-911-697,Rajasthan
CDR202600020708,2025-10-28,21:49:46,+918508939960,+917993494899,VOICE,51,404730405969824,351628072218271,WestBengal_BTS_003,404-45-735-768,West Bengal
CDR202600020723,2025-12-03,09:50:30,+918236825503,+919462586403,VOICE,9,404432081156042,350064556644412,Rajasthan_BTS_006,404-45-242-253,Rajasthan
CDR202600020737,2025-05-16,00:05:29,+918017626271,+917956715869,SMS,0,404144750977371,350383637367553,Mumbai_BTS_007,404-45-196-100,Mumbai
CDR202600020762,2025-02-08,22:39:51,+919898277174,+917863119852,VOICE,14,404543747173284,353317567421202,Maharashtra_BTS_005,404-45-891-297,Maharashtra
CDR202600020771,2025-03-24,04:14:31,+917821133740,+919282430009,VOICE,99,404833478401982,352493642636829,Rajasthan_BTS_001,404-45-801-333,Rajasthan
CDR202600020778,2025-07-12,04:15:56,+919180137802,+917412022460,VOICE,25,404834377833129,359861752224565,UttarPradesh_BTS_004,404-45-170-901,Uttar Pradesh
CDR202600020799,2025-01-23,11:07:24,+917541456340,+917027859936,VOICE,69,404958214854636,355211619169555,TamilNadu_BTS_002,404-45-158-984,Tamil Nadu
CDR202600020811,2025-07-03,17:41:10,+919887721466,+919866913702,VOICE,116,404781261964687,357298828782860,Karnataka_BTS_004,404-45-985-411,Karnataka
CDR202600020818,2025-11-15,17:25:38,+917614418777,+917495584414,SMS,0,404467238625024,352862877403069,Rajasthan_BTS_008,404-45-981-113,Rajasthan
CDR202600020832,2025-05-24,11:28:22,+917691728825,+919641376250,VOICE,150,404010972084597,357918586892171,Rajasthan_BTS_002,404-45-334-842,Rajasthan
CDR202600020836,2025-12-15,04:39:09,+918959149141,+918023844567,VOICE,60,404268714189829,359669917144203,TamilNadu_BTS_003,404-45-170-610,Tamil Nadu
CDR202600020841,2025-02-20,06:47:34,+919054859051,+917815456502,VOICE,206,404492883215470,351513642031699,Maharashtra_BTS_007,404-45-473-167,Maharashtra
CDR202600020863,2025-02-24,22:57:40,+919927499543,+918738227724,SMS,0,404384217172601,358687307358802,Maharashtra_BTS_008,404-45-173-624,Maharashtra
CDR202600020867,2025-11-27,14:20:57,+919137387375,+917001870786,VOICE,153,404931259184740,359912485550477,Maharashtra_BTS_008,404-45-799-664,Maharashtra
CDR202600020889,2025-03-16,03:24:28,+919957493727,+918577435893,VOICE,143,404899228032620,358908776138287,WestBengal_BTS_005,404-45-521-822,West Bengal
CDR202600020901,2025-11-27,16:24:47,+916631863027,+919496142308,VOICE,131,404447154937031,352822632231220,Rajasthan_BTS_010,404-45-494-391,Rajasthan
CDR202600020921,2025-12-08,06:37:06,+917418564165,+917487643912,VOICE,51,404532967206217,355861388831537,Maharashtra_BTS_002,404-45-967-353,Maharashtra
CDR202600020936,2025-08-03,22:33:27,+918650924612,+916222373335,VOICE,87,404805904164733,357554365943806,Karnataka_BTS_004,404-45-160-169,Karnataka
CDR202600020952,2025-12-18,20:28:10,+916271852980,+919976987463,VOICE,149,404681755460597,357972663332478,UttarPradesh_BTS_007,404-45-999-138,Uttar Pradesh
CDR202600020953,2025-08-13,23:22:01,+917875272264,+919810694473,VOICE,205,404641364570037,351878963391607,Maharashtra_BTS_009,404-45-646-747,Maharashtra
CDR202600020961,2025-06-14,21:21:11,+916048585340,+917529367186,VOICE,57,404940233340484,353281869224953,UttarPradesh_BTS_010,404-45-308-704,Uttar Pradesh
CDR202600020970,2025-09-09,07:17:00,+919832116756,+916684600330,VOICE,66,404722819057556,356620545845837,Mumbai_BTS_008,404-45-984-747,Mumbai
CDR202600020980,2025-04-17,11:22:38,+919410265621,+917887984391,SMS,0,404724819950301,355479980392926,Maharashtra_BTS_008,404-45-818-960,Maharashtra
CDR202600020983,2025-02-16,03:19:40,+919134380194,+916462198725,SMS,0,404523646934270,355088462609955,WestBengal_BTS_003,404-45-258-948,West Bengal
CDR202600020995,2025-07-29,10:05:33,+917569488832,+916137132432,VOICE,137,404310924105514,354015229198745,WestBengal_BTS_003,404-45-266-820,West Bengal
CDR202600021014,2025-09-18,07:43:22,+918951119773,+918577435893,MISSED,0,404077557950846,354441118548721,Karnataka_BTS_005,404-45-902-804,Karnataka
CDR202600021022,2025-04-14,22:27:00,+918765200425,+916696288792,VOICE,196,404768685534596,359183035370663,Rajasthan_BTS_004,404-45-835-323,Rajasthan
CDR202600021029,2025-08-05,10:55:12,+917310983111,+917118751028,VOICE,13,404773058174668,350742010959527,Delhi_BTS_006,404-45-548-922,Delhi
CDR202600021050,2025-07-28,14:22:54,+916508315970,+916025749167,VOICE,222,404240174009344,353123130991649,UttarPradesh_BTS_012,404-45-441-790,Uttar Pradesh
CDR202600021051,2025-02-16,03:48:25,+919170994857,+916927808946,VOICE,38,404085866443557,351141553864269,Karnataka_BTS_003,404-45-597-493,Karnataka
CDR202600021052,2025-12-16,23:44:07,+916448080635,+919619289669,SMS,0,404994117178426,355382723712902,WestBengal_BTS_006,404-45-906-719,West Bengal
CDR202600021073,2025-06-09,18:22:02,+919541078632,+918731823241,SMS,0,404187617504206,356941933406067,WestBengal_BTS_009,404-45-304-837,West Bengal
CDR202600021081,2025-05-03,15:49:02,+917594789568,+919165181414,VOICE,322,404538892677851,351801660599823,Gujarat_BTS_007,404-45-928-891,Gujarat
CDR202600021097,2025-08-27,11:02:21,+917648991452,+918317688836,SMS,0,404236386218050,353538607459215,Karnataka_BTS_004,404-45-985-411,Karnataka
CDR202600021130,2025-04-14,21:23:35,+918621001114,+917501670182,VOICE,120,404937119590849,358435979286042,Rajasthan_BTS_010,404-45-710-066,Rajasthan
CDR202600021134,2025-09-07,00:43:14,+919726146663,+918412212108,MISSED,0,404472993768494,351027354312120,Rajasthan_BTS_013,404-45-448-115,Rajasthan
CDR202600021150,2025-01-17,00:52:10,+919306084064,+916894597697,VOICE,187,404706429425683,354956759006552,Maharashtra_BTS_008,404-45-799-664,Maharashtra
CDR202600021155,2025-03-25,22:02:54,+917776631300,+918169255646,VOICE,75,404198544869698,353663425013585,Maharashtra_BTS_004,404-45-821-072,Maharashtra
CDR202600021173,2025-07-26,21:49:19,+918379882069,+916537754178,VOICE,137,404086127535153,354108988532626,Mumbai_BTS_011,404-45-243-433,Mumbai
CDR202600021190,2025-08-31,19:52:29,+919224400569,+918601678460,VOICE,9,404019316974485,355925547749463,Maharashtra_BTS_007,404-45-314-687,Maharashtra
CDR202600021215,2025-08-03,05:26:57,+919509871784,+919979438873,VOICE,105,404687876144280,351260646829093,WestBengal_BTS_008,404-45-979-482,West Bengal
CDR202600021222,2025-11-24,02:04:42,+918723952741,+916427543486,VOICE,338,404784034689819,357989652983395,WestBengal_BTS_007,404-45-491-894,West Bengal
CDR202600021225,2025-01-10,19:05:21,+919067757717,+918291453350,VOICE,348,404220825496971,350664705035057,WestBengal_BTS_006,404-45-906-719,West Bengal
CDR202600021231,2025-03-14,14:17:46,+917515702449,+917789224735,VOICE,114,404507145148380,350179502202224,Gujarat_BTS_007,404-45-928-891,Gujarat
CDR202600021241,2025-11-27,08:41:29,+917345321729,+917072123291,SMS,0,404400175986968,359760698860219,WestBengal_BTS_007,404-45-491-894,West Bengal
CDR202600021256,2025-03-16,14:09:26,+918328592327,+916427543486,SMS,0,404933913108264,351658428499023,Maharashtra_BTS_004,404-45-146-678,Maharashtra
CDR202600021258,2025-12-14,18:48:02,+916703033328,+919577730855,SMS,0,404534663469013,350884351870079,Rajasthan_BTS_007,404-45-605-094,Rajasthan
CDR202600021275,2025-05-04,19:20:08,+916530487548,+917472708580,VOICE,51,404418924740232,355006458520050,TamilNadu_BTS_001,404-45-158-052,Tamil Nadu
CDR202600021283,2025-04-04,19:50:58,+918385484021,+918407317690,VOICE,69,404095127275971,358270765370735,Rajasthan_BTS_019,404-45-471-900,Rajasthan
CDR202600021292,2025-11-08,19:00:23,+918113944188,+916304446754,VOICE,139,404276033913791,354867980316927,Maharashtra_BTS_004,404-45-691-197,Maharashtra
CDR202600021324,2025-04-16,23:10:58,+916078436731,+919295275637,VOICE,20,404798315549985,358028402956737,WestBengal_BTS_008,404-45-979-482,West Bengal
CDR202600021326,2025-10-13,01:35:50,+917990704138,+919685948210,VOICE,352,404115088781645,353391276953655,Karnataka_BTS_002,404-45-195-949,Karnataka
CDR202600021337,2025-03-20,01:36:10,+916169371303,+916637351217,MISSED,0,404358582887757,357050700924912,Gujarat_BTS_001,404-45-859-282,Gujarat
CDR202600021343,2025-11-16,01:40:55,+916462747289,+918494798008,VOICE,22,404684444145774,356854940022610,Rajasthan_BTS_019,404-45-119-115,Rajasthan
CDR202600021366,2025-08-11,21:21:59,+919470525787,+919946510122,VOICE,40,404511572349636,353167444461153,Rajasthan_BTS_016,404-45-619-624,Rajasthan
CDR202600021383,2025-05-13,12:04:49,+918293896404,+919709564755,VOICE,75,404482953113495,352852321828278,Delhi_BTS_003,404-45-371-541,Delhi
CDR202600021386,2025-08-05,11:59:54,+917565720042,+916949722710,VOICE,264,404832219304868,352021146846840,UttarPradesh_BTS_001,404-45-234-688,Uttar Pradesh
CDR202600021392,2025-04-03,14:31:39,+918051141100,+919412279889,VOICE,5,404496530225990,355428594666094,WestBengal_BTS_009,404-45-571-359,West Bengal
CDR202600021394,2025-11-12,22:21:39,+918083429756,+917073969308,VOICE,195,404050260476506,354690956372141,Mumbai_BTS_009,404-45-162-413,Mumbai
CDR202600021400,2025-12-29,07:04:40,+918278622335,+919081345144,VOICE,60,404491408495880,357316123603837,TamilNadu_BTS_004,404-45-683-253,Tamil Nadu
CDR202600021413,2025-02-03,15:47:04,+916864147190,+919930424269,VOICE,141,404174026711328,353166307747684,Rajasthan_BTS_002,404-45-334-842,Rajasthan
CDR202600021415,2025-03-09,02:04:12,+917885171272,+916271852980,VOICE,411,404250955064612,356429030607783,WestBengal_BTS_004,404-45-522-026,West Bengal
CDR202600021431,2025-07-25,11:57:14,+919388897259,+916294703267,VOICE,21,404075298342638,359336167699392,TamilNadu_BTS_004,404-45-683-253,Tamil Nadu
CDR202600021438,2025-11-13,10:04:54,+919686242865,+918386857947,VOICE,137,404587512644392,358106725613538,Gujarat_BTS_001,404-45-859-282,Gujarat
CDR202600021507,2025-04-07,20:15:36,+916949722710,+918451317592,VOICE,145,404294384972853,357611220325372,WestBengal_BTS_003,404-45-258-948,West Bengal
CDR202600021513,2025-05-20,13:35:39,+919820327607,+919917783886,VOICE,148,404436687568462,351241328416226,WestBengal_BTS_002,404-45-355-683,West Bengal
CDR202600021536,2025-05-05,19:39:04,+918370305178,+917038064368,SMS,0,404384003545775,354020416344513,TamilNadu_BTS_002,404-45-158-984,Tamil Nadu
CDR202600021544,2025-05-30,16:11:01,+917947267495,+919701145555,VOICE,221,404936160629676,355161936779491,Delhi_BTS_005,404-45-508-688,Delhi
CDR202600021582,2025-09-01,17:51:40,+919550208458,+917815980567,VOICE,60,404717087797012,359119050327392,Rajasthan_BTS_001,404-45-670-225,Rajasthan
CDR202600021607,2025-03-25,10:41:54,+916740601937,+918392224753,VOICE,104,404805941011930,354548111171848,Karnataka_BTS_007,404-45-294-304,Karnataka
CDR202600021620,2025-07-23,22:57:16,+918166586108,+917358075553,VOICE,118,404294001861468,355293630226494,UttarPradesh_BTS_005,404-45-478-292,Uttar Pradesh
CDR202600021621,2025-05-27,18:55:35,+918863526848,+918801848568,VOICE,277,404853576932581,356562372945826,Karnataka_BTS_001,404-45-767-554,Karnataka
CDR202600021635,2025-11-19,10:37:17,+919568210991,+919568579913,VOICE,75,404765143456724,356983533788784,Maharashtra_BTS_006,404-45-489-285,Maharashtra
CDR202600021646,2025-10-24,11:35:43,+917111097222,+917077627316,VOICE,330,404891824804937,350279811763392,Mumbai_BTS_004,404-45-980-339,Mumbai
CDR202600021682,2025-01-27,09:10:59,+917364822890,+919508516277,SMS,0,404005301411178,355473392718902,WestBengal_BTS_003,404-45-266-820,West Bengal
CDR202600021714,2025-11-02,21:52:53,+916798129927,+918733363458,SMS,0,404863557208941,354559991853679,Delhi_BTS_002,404-45-231-676,Delhi
CDR202600021720,2025-05-16,10:58:13,+919507777512,+917067579725,VOICE,97,404571273735760,357813194116970,Karnataka_BTS_006,404-45-813-981,Karnataka
CDR202600021742,2025-08-04,21:31:52,+916332879166,+917041620315,VOICE,172,404994850203975,351029656867721,Rajasthan_BTS_017,404-45-897-945,Rajasthan
CDR202600021763,2025-02-27,13:41:20,+916503380680,+919765896090,VOICE,70,404137753014185,356016106519964,Rajasthan_BTS_001,404-45-670-225,Rajasthan
CDR202600021789,2025-11-25,22:13:01,+917639581258,+916453571115,SMS,0,404494222714115,355995595781770,Delhi_BTS_001,404-45-999-581,Delhi
CDR202600021842,2025-04-14,07:26:44,+916138868243,+919684173023,MISSED,0,404209190449383,353481552324366,UttarPradesh_BTS_009,404-45-378-289,Uttar Pradesh
CDR202600021846,2025-03-18,17:28:24,+917740535312,+916367952951,VOICE,102,404106169186859,352411324488075,Mumbai_BTS_007,404-45-196-100,Mumbai
CDR202600021848,2025-07-14,12:05:29,+916921696345,+916124948958,SMS,0,404753606026992,359132877795394,Mumbai_BTS_006,404-45-785-498,Mumbai
CDR202600021854,2025-07-21,00:19:22,+918364246419,+917020407324,MISSED,0,404996215596955,351155923342744,Mumbai_BTS_007,404-45-348-804,Mumbai
CDR202600021855,2025-12-27,20:03:44,+918294690389,+918477060151,VOICE,45,404944662729394,356735197801423,UttarPradesh_BTS_014,404-45-214-078,Uttar Pradesh
CDR202600021866,2025-02-24,05:33:31,+917876427272,+917091624367,VOICE,37,404126745664155,355367985456922,Mumbai_BTS_011,404-45-995-946,Mumbai
CDR202600021875,2025-06-27,22:10:14,+918295625243,+917173526045,VOICE,19,404549713118336,356364018258091,UttarPradesh_BTS_012,404-45-441-790,Uttar Pradesh
CDR202600021879,2025-03-19,14:20:27,+916911142376,+919291513542,VOICE,52,404853493889965,353513409444941,Mumbai_BTS_011,404-45-995-946,Mumbai
CDR202600021882,2025-12-26,18:10:28,+919731778817,+917037180152,VOICE,302,404568796151563,358749077987799,UttarPradesh_BTS_005,404-45-261-449,Uttar Pradesh
CDR202600021886,2025-11-17,04:51:10,+917500004938,+918974532133,VOICE,211,404684291254398,350136889981406,Delhi_BTS_001,404-45-180-088,Delhi
CDR202600021929,2025-01-11,04:48:57,+917406446241,+918696608928,VOICE,51,404295883679168,351821414077172,Mumbai_BTS_011,404-45-573-256,Mumbai
CDR202600021936,2025-12-01,20:02:26,+919647628497,+916237834522,VOICE,167,404871854073735,351971377633447,Rajasthan_BTS_010,404-45-641-258,Rajasthan
CDR202600021938,2025-05-24,00:13:39,+919591306535,+916186997295,VOICE,113,404337872228215,354723785175364,Karnataka_BTS_006,404-45-669-678,Karnataka
CDR202600021949,2025-10-19,07:16:24,+917719582304,+918792163245,VOICE,12,404141578438189,356658309701361,Rajasthan_BTS_018,404-45-713-332,Rajasthan
CDR202600021956,2025-09-10,19:15:05,+917392182420,+916711652048,VOICE,68,404207859327537,355379640301539,Maharashtra_BTS_004,404-45-691-197,Maharashtra
CDR202600021966,2025-08-26,22:07:54,+918682534164,+917293737752,VOICE,264,404398224101371,356644749682183,UttarPradesh_BTS_001,404-45-371-406,Uttar Pradesh
CDR202600021997,2025-03-26,20:46:43,+918850818103,+918578598723,VOICE,133,404774142294882,357539469480718,Rajasthan_BTS_003,404-45-924-324,Rajasthan
CDR202600022004,2025-06-23,18:58:40,+917626526174,+917896616394,SMS,0,404389859076199,357601285089590,Rajasthan_BTS_002,404-45-334-842,Rajasthan
CDR202600022018,2025-04-22,07:52:53,+918474679334,+917869306933,SMS,0,404395881495393,356934049814931,Gujarat_BTS_007,404-45-325-460,Gujarat
CDR202600022027,2025-03-01,06:27:15,+916769007696,+919277455301,VOICE,77,404072283190811,352160072310757,Mumbai_BTS_007,404-45-516-195,Mumbai
CDR202600022032,2025-04-17,04:45:44,+917750018186,+917539259412,VOICE,903,404501555353412,359396441541553,UttarPradesh_BTS_010,404-45-749-874,Uttar Pradesh
CDR202600022056,2025-07-27,22:55:58,+917882790641,+917330670712,SMS,0,404063082151866,353651927431798,Rajasthan_BTS_016,404-45-619-624,Rajasthan
CDR202600022070,2025-11-16,17:45:08,+918407468479,+916580744080,SMS,0,404146529918829,355661745230251,Rajasthan_BTS_015,404-45-282-520,Rajasthan
CDR202600022073,2025-04-07,16:05:29,+918553840504,+918726182138,VOICE,81,404552273161789,350979045133925,Mumbai_BTS_011,404-45-995-946,Mumbai
CDR202600022120,2025-05-05,00:09:55,+918893485338,+917211794556,VOICE,101,404307963196367,359158794406850,Karnataka_BTS_004,404-45-985-411,Karnataka
CDR202600022122,2025-10-19,07:30:23,+918659293528,+917941477323,VOICE,206,404403593901531,357850888001352,Maharashtra_BTS_004,404-45-691-197,Maharashtra
CDR202600022133,2025-12-26,02:59:27,+917641309711,+918168728462,MISSED,0,404312870409485,353018319589196,Maharashtra_BTS_009,404-45-646-747,Maharashtra
CDR202600022144,2025-02-26,23:16:59,+918463417079,+917138005903,VOICE,46,404527848344652,359446352255667,Maharashtra_BTS_006,404-45-987-104,Maharashtra
CDR202600022148,2025-12-21,13:53:14,+916958719481,+917310743750,SMS,0,404326304828095,357266323026125,Maharashtra_BTS_008,404-45-173-624,Maharashtra
CDR202600022150,2025-05-24,20:57:23,+917561522014,+917898791568,VOICE,114,404591849220802,353574445817721,Maharashtra_BTS_004,404-45-146-678,Maharashtra
CDR202600022154,2025-10-17,19:36:14,+917458910856,+918862586974,VOICE,193,404184111180133,351853294083698,UttarPradesh_BTS_008,404-45-860-567,Uttar Pradesh
CDR202600022157,2025-06-20,22:19:53,+917129928470,+919392261784,VOICE,91,404937216720317,355827437320306,WestBengal_BTS_009,404-45-304-837,West Bengal
CDR202600022180,2025-12-04,16:22:00,+917209789322,+918597790900,VOICE,98,404032264371542,358699959711908,Gujarat_BTS_005,404-45-338-518,Gujarat
CDR202600022188,2025-04-12,14:07:43,+917591220318,+916626975384,SMS,0,404725090788751,356570179224423,Maharashtra_BTS_007,404-45-750-855,Maharashtra
CDR202600022195,2025-05-20,21:07:57,+919588842627,+916720582936,VOICE,178,404677629148008,351484053636658,TamilNadu_BTS_004,404-45-683-253,Tamil Nadu
CDR202600022218,2025-09-25,07:48:29,+916129129648,+917221851476,VOICE,23,404784521071749,351643596893381,Maharashtra_BTS_008,404-45-799-664,Maharashtra
CDR202600022239,2025-05-13,11:20:38,+916406226532,+919463437589,VOICE,160,404149716264583,352500288814248,Maharashtra_BTS_004,404-45-146-678,Maharashtra
CDR202600022243,2025-06-01,14:49:17,+919871681664,+917962564951,VOICE,2,404021741966791,352606729799457,WestBengal_BTS_001,404-45-981-041,West Bengal
CDR202600022258,2025-01-14,16:26:59,+917729831850,+916524196875,VOICE,113,404449286423279,354638582142023,Rajasthan_BTS_001,404-45-376-948,Rajasthan
CDR202600022265,2025-12-16,00:22:44,+917066829794,+916943301385,VOICE,24,404462820130319,356278875656957,UttarPradesh_BTS_003,404-45-202-076,Uttar Pradesh
CDR202600022280,2025-09-22,00:04:09,+917298856988,+919545365324,VOICE,212,404393927569136,358215375753417,WestBengal_BTS_004,404-45-522-026,West Bengal
CDR202600022292,2025-01-12,17:43:32,+918340879100,+916340951750,SMS,0,404084599137029,352971991192091,UttarPradesh_BTS_005,404-45-261-449,Uttar Pradesh
CDR202600022303,2025-07-25,18:22:35,+916554063783,+918022471766,VOICE,16,404519189662471,357822312444994,TamilNadu_BTS_006,404-45-773-598,Tamil Nadu
CDR202600022334,2025-06-12,06:55:58,+916237834522,+918750445092,VOICE,126,404690884726857,359815806300203,Rajasthan_BTS_019,404-45-119-115,Rajasthan
CDR202600022363,2025-11-05,02:01:30,+919533842621,+919526506513,VOICE,156,404386261739436,352123110781053,Mumbai_BTS_011,404-45-995-946,Mumbai
CDR202600022390,2025-02-03,00:18:52,+916002252699,+918522009669,VOICE,25,404314034281729,354961894521902,Maharashtra_BTS_009,404-45-350-168,Maharashtra
CDR202600022392,2025-02-27,13:56:04,+917890297769,+917819700767,SMS,0,404825129436126,357581975690969,UttarPradesh_BTS_006,404-45-108-684,Uttar Pradesh
CDR202600022422,2025-04-17,18:22:09,+916565419648,+919027570914,VOICE,268,404188706948239,355941350535795,Rajasthan_BTS_016,404-45-961-655,Rajasthan
CDR202600022423,2025-08-24,18:14:34,+916945270946,+919939777816,VOICE,39,404362992853194,359137917587225,Rajasthan_BTS_010,404-45-710-066,Rajasthan
CDR202600022454,2025-09-24,02:03:43,+918333779185,+918311695933,VOICE,80,404337450810707,352566843182481,Maharashtra_BTS_007,404-45-479-364,Maharashtra
CDR202600022458,2025-03-27,15:11:10,+919893704108,+916992723510,VOICE,190,404029496880960,352579242177949,Maharashtra_BTS_008,404-45-818-960,Maharashtra
CDR202600022471,2025-03-31,10:15:11,+918278086239,+918370544176,VOICE,132,404138288349354,354837781550037,Rajasthan_BTS_002,404-45-334-842,Rajasthan
CDR202600022472,2025-03-25,04:16:44,+919973013738,+919238405703,VOICE,84,404936412357742,354404129023387,TamilNadu_BTS_001,404-45-614-942,Tamil Nadu
CDR202600022474,2025-07-23,22:50:55,+918969596954,+919413815735,VOICE,28,404603864984190,359086499537124,Gujarat_BTS_004,404-45-130-096,Gujarat
CDR202600022498,2025-07-18,01:39:05,+919458003318,+919870814055,VOICE,88,404149788244076,350705976494619,Gujarat_BTS_002,404-45-328-143,Gujarat
CDR202600022537,2025-11-12,19:36:40,+916858578040,+916865004561,SMS,0,404273441539796,350753500924898,UttarPradesh_BTS_015,404-45-954-379,Uttar Pradesh
CDR202600022573,2025-09-04,01:05:00,+916363734751,+917565720042,VOICE,63,404905190067197,357461234531235,UttarPradesh_BTS_002,404-45-568-324,Uttar Pradesh
CDR202600022595,2025-04-14,20:34:54,+917339269344,+916637351217,SMS,0,404091036878299,357220169896607,Maharashtra_BTS_004,404-45-821-072,Maharashtra
CDR202600022597,2025-10-28,23:12:04,+916438482536,+918607009878,VOICE,36,404427660585723,353321647417296,UttarPradesh_BTS_001,404-45-371-406,Uttar Pradesh
CDR202600022618,2025-12-30,22:57:07,+917211794556,+916658111686,VOICE,309,404238864942417,358752122174704,Maharashtra_BTS_004,404-45-691-197,Maharashtra
CDR202600022624,2025-07-08,07:20:08,+918438901003,+916983923513,VOICE,21,404300837083033,353626590330348,Rajasthan_BTS_016,404-45-619-624,Rajasthan
CDR202600022630,2025-08-27,20:21:07,+918739227948,+919208661356,VOICE,33,404340954024583,354953832398940,UttarPradesh_BTS_011,404-45-533-850,Uttar Pradesh
CDR202600022637,2025-10-21,20:28:48,+917795580643,+916571755215,VOICE,227,404993296226698,358401732443939,TamilNadu_BTS_006,404-45-423-958,Tamil Nadu
CDR202600022655,2025-06-21,08:44:18,+917067366063,+916005708056,VOICE,461,404368319041272,353579011711734,Maharashtra_BTS_003,404-45-949-644,Maharashtra
CDR202600022690,2025-04-07,17:04:14,+916348016574,+919923376471,VOICE,140,404818211768402,350051758749781,Delhi_BTS_003,404-45-371-541,Delhi
CDR202600022709,2025-07-29,15:03:02,+919023140164,+916075420676,VOICE,60,404424638219452,356872601576585,TamilNadu_BTS_001,404-45-698-489,Tamil Nadu
CDR202600022730,2025-05-24,07:26:21,+919205870018,+917349092870,SMS,0,404493334993242,352835581071489,Rajasthan_BTS_010,404-45-494-391,Rajasthan
CDR202600022762,2025-08-04,17:04:08,+916348016574,+918453853241,VOICE,37,404818211768402,350051758749781,Maharashtra_BTS_007,404-45-473-167,Maharashtra
CDR202600022766,2025-07-04,17:57:22,+919660533700,+916945270946,VOICE,53,404488574908295,354883624702198,Rajasthan_BTS_003,404-45-924-324,Rajasthan
CDR202600022889,2025-12-27,16:57:03,+919317458536,+917448319300,MISSED,0,404530413526928,358536425601722,TamilNadu_BTS_002,404-45-158-984,Tamil Nadu
CDR202600022914,2025-03-01,17:12:18,+919983141994,+916618794445,SMS,0,404677887129726,350065286876384,UttarPradesh_BTS_003,404-45-736-577,Uttar Pradesh
CDR202600022929,2025-10-04,08:31:42,+918403781358,+919546879057,MISSED,0,404833756445912,358876641564773,UttarPradesh_BTS_009,404-45-719-216,Uttar Pradesh
CDR202600022934,2025-08-28,15:42:49,+917230153967,+919062637547,VOICE,120,404859289784526,354413707515187,Maharashtra_BTS_008,404-45-818-960,Maharashtra
CDR202600022938,2025-06-01,19:34:19,+917657701816,+916530487548,VOICE,206,404290177904632,359051882662015,Maharashtra_BTS_008,404-45-173-624,Maharashtra
CDR202600022948,2025-03-19,06:09:08,+918795312826,+919895612409,VOICE,112,404413376973273,359191707927808,Gujarat_BTS_001,404-45-859-282,Gujarat
CDR202600022962,2025-04-24,02:40:28,+918394406759,+916009017229,VOICE,288,404483276346579,357626609238109,Maharashtra_BTS_005,404-45-181-876,Maharashtra
CDR202600022969,2025-10-21,07:31:12,+917750018186,+916411140192,VOICE,79,404501555353412,359396441541553,Mumbai_BTS_009,404-45-162-413,Mumbai
CDR202600022990,2025-05-07,03:35:11,+918965928635,+918714703415,VOICE,54,404549105094754,356826386045928,TamilNadu_BTS_002,404-45-158-984,Tamil Nadu
CDR202600022995,2025-05-30,03:18:28,+917488910754,+918828081982,VOICE,26,404237753259187,353281506157269,Gujarat_BTS_006,404-45-818-559,Gujarat
CDR202600023016,2025-11-02,13:00:26,+916692588788,+918859790044,VOICE,127,404457406303442,355085103203437,Maharashtra_BTS_004,404-45-146-678,Maharashtra
CDR202600023021,2025-03-08,04:07:41,+917263065584,+916231421581,VOICE,30,404658295943072,350665706596039,Rajasthan_BTS_011,404-45-796-739,Rajasthan
CDR202600023036,2025-09-08,08:59:48,+919942872445,+918779429404,VOICE,341,404333479022394,351865889370906,Gujarat_BTS_008,404-45-448-285,Gujarat
CDR202600023055,2025-08-14,12:36:11,+917554392102,+919173863255,VOICE,588,404649075294641,351044883107002,Rajasthan_BTS_019,404-45-414-246,Rajasthan
CDR202600023079,2025-11-16,00:21:41,+917366448741,+917830331812,VOICE,201,404990193093137,351848212161584,Delhi_BTS_005,404-45-508-688,Delhi
CDR202600023101,2025-12-10,20:21:50,+916316168850,+916909536571,VOICE,16,404082440143170,355716322763748,WestBengal_BTS_001,404-45-915-996,West Bengal
CDR202600023116,2025-01-21,06:24:30,+919024927561,+918961683209,VOICE,422,404696922817828,359456155752562,WestBengal_BTS_007,404-45-491-894,West Bengal
CDR202600023122,2025-10-25,03:38:09,+917285241541,+918854666127,VOICE,23,404817606970509,352063684702023,Rajasthan_BTS_001,404-45-376-948,Rajasthan
CDR202600023129,2025-07-29,09:26:28,+918140596093,+916453571115,VOICE,25,404059923557842,352062119376235,Rajasthan_BTS_015,404-45-208-892,Rajasthan
CDR202600023145,2025-06-20,21:13:33,+918018113958,+917274550287,VOICE,432,404070975859607,356763078882792,Maharashtra_BTS_004,404-45-821-072,Maharashtra
CDR202600023179,2025-05-06,07:00:04,+918295395594,+916226265278,VOICE,222,404269904118267,350543372768738,Delhi_BTS_004,404-45-847-707,Delhi
CDR202600023187,2025-02-06,19:07:28,+916248625695,+917668323714,VOICE,807,404511666786182,351489184343970,Mumbai_BTS_011,404-45-995-946,Mumbai
CDR202600023261,2025-09-30,17:05:59,+919042551366,+919723545847,VOICE,66,404463322733879,355243304224797,Karnataka_BTS_003,404-45-597-493,Karnataka
CDR202600023270,2025-01-17,02:38:51,+918323120663,+917663263059,VOICE,140,404715948586330,350297850066153,Rajasthan_BTS_010,404-45-710-066,Rajasthan
CDR202600023305,2025-12-18,09:50:36,+919297898204,+917422271846,VOICE,104,404760445197508,354357601117156,Rajasthan_BTS_013,404-45-400-446,Rajasthan
CDR202600023306,2025-04-08,01:43:35,+919692768318,+917898029201,VOICE,128,404874841638061,352230698514635,Maharashtra_BTS_007,404-45-314-687,Maharashtra
CDR202600023317,2025-01-24,01:40:48,+916553352124,+916711652048,VOICE,56,404355965030963,359734195362772,Mumbai_BTS_011,404-45-995-946,Mumbai
CDR202600023321,2025-03-19,12:50:04,+916348016574,+917136171753,VOICE,75,404818211768402,350051758749781,Karnataka_BTS_003,404-45-270-417,Karnataka
CDR202600023328,2025-04-02,02:25:59,+916039633607,+918657447263,VOICE,296,404348591156005,353312330702314,WestBengal_BTS_003,404-45-266-820,West Bengal
CDR202600023350,2025-06-07,12:44:42,+918835960008,+916256642926,VOICE,366,404344074368255,353336711331569,Mumbai_BTS_001,404-45-446-022,Mumbai
CDR202600023369,2025-07-27,05:15:11,+916701586456,+917090744932,VOICE,197,404619627034911,358274022342041,Rajasthan_BTS_019,404-45-951-827,Rajasthan
CDR202600023398,2025-12-30,16:31:52,+919924841935,+917421862969,VOICE,35,404493589395600,353877971700712,Rajasthan_BTS_013,404-45-887-657,Rajasthan
CDR202600023400,2025-04-12,19:24:31,+918269947242,+918613480895,VOICE,83,404317427525616,354702755306481,Karnataka_BTS_005,404-45-565-293,Karnataka
CDR202600023432,2025-01-18,11:00:47,+918854666127,+916143387394,VOICE,72,404022925067399,351290751329413,Gujarat_BTS_008,404-45-814-433,Gujarat
CDR202600023438,2025-04-30,20:02:34,+918048118059,+917560762102,VOICE,97,404377242000887,355827202728097,Delhi_BTS_006,404-45-223-254,Delhi
CDR202600023442,2025-07-13,00:32:43,+919669988212,+917301194618,VOICE,136,404470050844943,355480147966581,Gujarat_BTS_007,404-45-325-460,Gujarat
CDR202600023501,2025-08-01,13:16:12,+916692588788,+919526081975,VOICE,113,404457406303442,355085103203437,TamilNadu_BTS_001,404-45-614-942,Tamil Nadu
CDR202600023512,2025-04-16,22:55:55,+917612134131,+917330139400,VOICE,9,404729539283945,354322781724290,Maharashtra_BTS_007,404-45-750-855,Maharashtra
CDR202600023523,2025-01-15,13:26:41,+917133264916,+916573120507,VOICE,49,404155392341538,355544155606395,Karnataka_BTS_006,404-45-848-803,Karnataka
CDR202600023538,2025-01-12,16:31:08,+917776631300,918970095655,VOICE,68,404198544869698,353663425013585,Karnataka_BTS_008,404-45-693-754,Karnataka
CDR202600023544,2025-01-28,18:59:10,+919233492867,+919878051946,VOICE,228,404810729956301,352191339101480,TamilNadu_BTS_006,404-45-773-598,Tamil Nadu
CDR202600023568,2025-04-21,06:55:27,+919345231893,+917506860658,VOICE,185,404841123582734,359912610648655,Rajasthan_BTS_006,404-45-242-253,Rajasthan
CDR202600023577,2025-12-10,18:24:23,+919496142308,+917526964242,MISSED,0,404383173465345,354282987873750,UttarPradesh_BTS_007,404-45-999-138,Uttar Pradesh
CDR202600023588,2025-05-03,06:08:49,+918407468479,+917967577356,SMS,0,404146529918829,355661745230251,UttarPradesh_BTS_012,404-45-233-653,Uttar Pradesh
CDR202600023591,2025-04-30,11:35:43,+919484302634,+916745720308,VOICE,41,404472287228034,359214823904679,Mumbai_BTS_002,404-45-107-073,Mumbai
CDR202600023594,2025-11-10,09:37:54,+917667564958,+919484963913,VOICE,200,404213937992862,353488319136712,UttarPradesh_BTS_011,404-45-194-650,Uttar Pradesh
CDR202600023600,2025-04-17,17:40:13,+919376485855,+917068285959,VOICE,336,404565806038870,350490320845893,WestBengal_BTS_001,404-45-415-374,West Bengal
CDR202600023617,2025-07-16,08:56:31,+918925576847,+917911200334,VOICE,61,404448657573107,359089959545425,Rajasthan_BTS_019,404-45-119-115,Rajasthan
CDR202600023642,2025-03-15,21:32:18,+919912838915,+919378091283,MISSED,0,404285934399437,352438208460187,TamilNadu_BTS_001,404-45-614-942,Tamil Nadu
CDR202600023644,2025-08-06,19:58:14,+919630217946,+916530710282,VOICE,97,404836848222467,353766014689767,WestBengal_BTS_003,404-45-258-948,West Bengal
CDR202600023646,2025-09-21,17:25:10,+917246431648,+917882935563,VOICE,68,404012363005894,356383342247027,Rajasthan_BTS_006,404-45-242-253,Rajasthan
CDR202600023654,2025-11-24,21:08:17,+918010291465,+919721191025,VOICE,4,404644228084113,352431674970819,Mumbai_BTS_005,404-45-626-244,Mumbai
CDR202600023657,2025-08-22,13:30:33,+917916468521,+917798082866,VOICE,611,404618617542694,356361440450368,Delhi_BTS_003,404-45-533-988,Delhi
CDR202600023658,2025-11-28,18:11:05,+918963105308,+916845331824,VOICE,91,404479673247656,353293308839052,Delhi_BTS_006,404-45-629-463,Delhi
CDR202600023659,2025-08-14,20:33:34,+916392171813,+917691247999,VOICE,281,404312977760892,356010553251353,Rajasthan_BTS_019,404-45-414-246,Rajasthan
CDR202600023661,2025-10-30,06:18:01,+919934658364,+916258490597,MISSED,0,404063574715942,353363288897513,Mumbai_BTS_007,404-45-516-195,Mumbai
CDR202600023673,2025-10-28,14:18:57,+916701586456,+917171842568,MISSED,0,404619627034911,358274022342041,WestBengal_BTS_009,404-45-571-359,West Bengal
CDR202600023677,2025-07-29,12:39:03,+919124786340,+918651935198,VOICE,61,404184834466674,355231599336351,UttarPradesh_BTS_011,404-45-533-850,Uttar Pradesh
CDR202600023702,2025-06-16,20:51:17,+919891349627,+916326768435,VOICE,58,404012007662619,358848457364701,UttarPradesh_BTS_006,404-45-769-542,Uttar Pradesh
CDR202600023709,2025-04-26,11:53:59,+916703211022,+916009017229,VOICE,24,404192686356883,359390218447852,Karnataka_BTS_005,404-45-902-804,Karnataka
CDR202600023721,2025-02-28,23:01:19,+916278217913,+917332349279,VOICE,12,404259022656763,355805165909224,UttarPradesh_BTS_003,404-45-736-577,Uttar Pradesh
CDR202600023726,2025-08-05,00:53:48,+916556479131,+916256642926,VOICE,206,404621138792997,356984291109475,Karnataka_BTS_004,404-45-160-169,Karnataka
CDR202600023740,2025-05-02,06:36:03,+916431310392,+917810864190,VOICE,167,404658558989826,356579762556226,Maharashtra_BTS_001,404-45-204-095,Maharashtra
CDR202600023753,2025-03-28,23:48:54,+918553840504,+918182107087,VOICE,7,404552273161789,351219077863462,Maharashtra_BTS_004,404-45-146-678,Maharashtra
CDR202600023780,2025-05-08,17:29:02,+919054434520,+916927808946,VOICE,29,404945846931470,353245900663327,Rajasthan_BTS_008,404-45-981-113,Rajasthan
CDR202600023782,2025-10-13,05:51:36,+919952972156,+917815142697,VOICE,61,404786021529062,357522266580633,Maharashtra_BTS_007,404-45-473-167,Maharashtra
CDR202600023795,2025-11-17,12:57:06,+917390838514,+917921011784,MISSED,0,404571921385853,350937029101868,Rajasthan_BTS_009,404-45-911-697,Rajasthan
CDR202600023806,2025-12-17,18:02:07,+919378091283,+918717376633,VOICE,40,404200369986631,352938340882729,Gujarat_BTS_007,404-45-106-778,Gujarat
CDR202600023823,2025-01-20,09:44:41,+919265564012,+917291698031,VOICE,40,404438288320075,352580267305867,Mumbai_BTS_001,404-45-446-022,Mumbai
CDR202600023826,2025-09-10,20:12:39,+916462198725,+918869423003,VOICE,28,404068024688316,355845311879239,Rajasthan_BTS_015,404-45-208-892,Rajasthan
CDR202600023849,2025-01-29,14:54:41,+916207044235,+917256006787,VOICE,25,404283815950469,352146998099793,Rajasthan_BTS_002,404-45-334-842,Rajasthan
CDR202600023851,2025-05-11,01:54:28,+917266945433,+919376485855,VOICE,75,404700393977266,358133433014929,Rajasthan_BTS_019,404-45-471-900,Rajasthan
CDR202600023852,2025-10-17,15:44:31,+918940237490,+918644753678,SMS,0,404884974809132,359120968456605,Mumbai_BTS_010,404-45-718-271,Mumbai
CDR202600023877,2025-05-27,20:25:58,+919783162834,+918794579254,VOICE,173,404677620224363,352563607026411,Delhi_BTS_003,404-45-662-170,Delhi
CDR202600023906,2025-11-19,04:52:52,+919558612529,+919330567977,VOICE,229,404962795594487,357509845936469,Delhi_BTS_006,404-45-223-254,Delhi
CDR202600023913,2025-05-12,21:59:35,+916574652350,+916529654829,VOICE,205,404022713261035,353353509659224,Karnataka_BTS_006,404-45-848-803,Karnataka
CDR202600023924,2025-04-18,07:45:09,+917132946915,+918473535338,VOICE,9,404935790261756,354578275663209,TamilNadu_BTS_003,404-45-169-692,Tamil Nadu
CDR202600023927,2025-04-06,22:42:36,+917464104824,+918553213178,SMS,0,404676694326476,359353490566148,UttarPradesh_BTS_011,404-45-533-850,Uttar Pradesh
CDR202600023928,2025-03-20,13:10:22,+917190910347,+916473360711,SMS,0,404833730909583,351231105103784,TamilNadu_BTS_006,404-45-423-958,Tamil Nadu
CDR202600023937,2025-03-09,16:40:43,+919204439355,+916906737601,SMS,0,404414420898407,358436842039236,Rajasthan_BTS_007,404-45-241-522,Rajasthan
CDR202600023952,2025-02-03,06:25:36,+918196593978,+919447086435,VOICE,21,404772981700004,355746711774077,Rajasthan_BTS_013,404-45-400-446,Rajasthan
CDR202600023958,2025-01-15,21:44:58,+917893772136,+918022471766,VOICE,66,404429532819085,353373947208139,UttarPradesh_BTS_005,404-45-261-449,Uttar Pradesh
CDR202600023963,2025-04-01,19:54:39,+918659293528,+919178210985,SMS,0,404403593901531,357850888001352,TamilNadu_BTS_006,404-45-678-536,Tamil Nadu
CDR202600023977,2025-08-11,02:00:33,+919420722750,+919552506112,VOICE,638,404687076367863,357259607585564,Maharashtra_BTS_005,404-45-181-876,Maharashtra
CDR202600023980,2025-06-20,01:27:05,+919399819155,+919228202848,SMS,0,404766772002125,350048850994724,Delhi_BTS_005,404-45-508-688,Delhi
CDR202600023993,2025-04-30,23:14:39,+919993767689,+916345205059,VOICE,74,404769690343980,357673782107520,TamilNadu_BTS_006,404-45-367-210,Tamil Nadu
CDR202600023994,2025-04-14,20:02:41,+916983699346,+917865754558,VOICE,55,404622798947285,359512766727633,UttarPradesh_BTS_003,404-45-736-577,Uttar Pradesh
CDR202600024000,2025-03-09,01:16:36,+916101094421,+919035872592,VOICE,97,404540278138947,354038409418467,Karnataka_BTS_006,404-45-835-499,Karnataka
CDR202600024009,2025-08-23,07:25:49,+918168728462,+919864598699,VOICE,40,404056362185097,355443514929823,Karnataka_BTS_005,404-45-902-804,Karnataka
CDR202600024056,2025-03-10,12:49:41,+916503638974,+917038470095,VOICE,153,404513585581651,353718430957922,WestBengal_BTS_004,404-45-283-755,West Bengal
CDR202600024072,2025-10-26,08:10:48,+916530710282,+917370031846,VOICE,77,404284744659740,351737528901197,Delhi_BTS_006,404-45-548-922,Delhi
CDR202600024073,2025-11-09,02:32:49,+919313634620,+918001162098,VOICE,21,404067736535248,352913940989206,Rajasthan_BTS_007,404-45-697-409,Rajasthan
CDR202600024093,2025-05-27,18:25:28,+917459642648,+917693280362,VOICE,289,404563831048187,359142967634637,Mumbai_BTS_008,404-45-520-479,Mumbai
CDR202600024103,2025-07-03,03:16:04,+919244132529,+919465710316,VOICE,12,404956134107340,358122707939460,Gujarat_BTS_007,404-45-928-891,Gujarat
CDR202600024107,2025-03-06,18:53:28,+917030398399,+918810976240,VOICE,26,404684557309705,357024334316552,WestBengal_BTS_001,404-45-915-996,West Bengal
CDR202600024122,2025-02-26,06:54:44,+919898277174,+917833991797,SMS,0,404543747173284,353317567421202,UttarPradesh_BTS_009,404-45-378-289,Uttar Pradesh
CDR202600024158,2025-10-10,04:56:31,+917345321729,+918247714890,VOICE,75,404400175986968,353253583618907,Gujarat_BTS_005,404-45-338-518,Gujarat
CDR202600024183,2025-05-12,11:35:22,+917699081158,+916243076353,VOICE,131,404547082956137,358293217640914,Mumbai_BTS_011,404-45-287-286,Mumbai
CDR202600024195,2025-03-22,09:16:12,+917641309711,+919507401261,VOICE,290,404312870409485,353018319589196,UttarPradesh_BTS_006,404-45-108-684,Uttar Pradesh
CDR202600024209,2025-11-18,01:41:09,+916352073232,+916965898142,VOICE,420,404607636926466,358753366810911,Rajasthan_BTS_006,404-45-242-253,Rajasthan
CDR202600024216,2025-08-18,03:21:08,+918474679334,+919255678603,VOICE,88,404395881495393,356934049814931,UttarPradesh_BTS_008,404-45-860-567,Uttar Pradesh
CDR202600024219,2025-05-25,12:21:30,+918225136041,+917330139400,MISSED,0,404830479006918,351697475913277,Rajasthan_BTS_017,404-45-880-166,Rajasthan
CDR202600024278,2025-09-29,17:12:52,+919835720801,+917885171272,VOICE,210,404012136241826,358569068718402,Mumbai_BTS_011,404-45-995-946,Mumbai
CDR202600024285,2025-07-22,20:06:52,+918321294587,+918841644330,VOICE,154,404893079326971,357198872118568,Karnataka_BTS_002,404-45-195-949,Karnataka
CDR202600024323,2025-03-09,08:44:19,+917786379479,+917364822890,VOICE,25,404222557663841,353283893108602,WestBengal_BTS_005,404-45-785-885,West Bengal
CDR202600024333,2025-10-05,22:00:35,+916122316532,+916503380680,VOICE,112,404711420648791,354790439854472,Maharashtra_BTS_007,404-45-750-855,Maharashtra
CDR202600024349,2025-03-14,10:50:50,+918835960008,+917568151922,VOICE,291,404344074368255,353336711331569,WestBengal_BTS_003,404-45-266-820,West Bengal
CDR202600024367,2025-10-28,13:09:54,+919784562292,+918850032657,MISSED,0,404208383513020,355791348337095,Rajasthan_BTS_019,404-45-951-827,Rajasthan
CDR202600024389,2025-05-01,13:18:26,+916722111115,+916186997295,VOICE,214,404342975168081,357097170895158,Karnataka_BTS_005,404-45-902-804,Karnataka
CDR202600024406,2025-09-08,10:10:19,+917422146086,+918520030243,SMS,0,404749026616197,351889917124556,TamilNadu_BTS_003,404-45-170-610,Tamil Nadu
CDR202600024412,2025-08-14,12:53:09,+916198404669,+918295957246,VOICE,182,404420896366243,354418132302718,Rajasthan_BTS_001,404-45-801-333,Rajasthan
CDR202600024420,2025-11-21,01:21:59,+919360475550,+917470562918,VOICE,65,404803887982214,359394196133345,UttarPradesh_BTS_006,404-45-769-542,Uttar Pradesh
CDR202600024432,2025-10-21,05:14:37,+917014700858,+918412516890,VOICE,448,404832200788786,352084933157406,TamilNadu_BTS_006,404-45-367-210,Tamil Nadu
CDR202600024433,2025-02-06,16:01:42,+918696518496,+919417393331,VOICE,263,404446955706436,351926192706658,WestBengal_BTS_006,404-45-373-164,West Bengal
CDR202600024439,2025-03-09,15:23:46,+919099798724,+917813606859,VOICE,175,404290913772444,354662149246057,Mumbai_BTS_007,404-45-348-804,Mumbai
CDR202600024460,2025-02-16,18:06:11,+916351363179,+918338786803,VOICE,15,404118638505033,356302824447568,UttarPradesh_BTS_013,404-45-822-438,Uttar Pradesh
CDR202600024472,2025-10-05,02:15:38,+916086985443,+919183000493,VOICE,36,404035603831211,354282372765833,Rajasthan_BTS_004,404-45-316-936,Rajasthan
CDR202600024475,2025-12-03,16:00:14,+916237834522,+916445008061,VOICE,199,404690884726857,359815806300203,WestBengal_BTS_001,404-45-230-043,West Bengal
CDR202600024479,2025-05-13,16:14:33,+918498733050,+918918526826,VOICE,76,404323330728256,358955755204101,UttarPradesh_BTS_003,404-45-736-577,Uttar Pradesh
CDR202600024496,2025-06-04,12:22:42,+919826091713,+916409475395,VOICE,31,404924509594008,354610400425647,Maharashtra_BTS_005,404-45-181-876,Maharashtra
CDR202600024503,2025-03-19,21:52:50,+919669914728,+918975682465,VOICE,46,404867355795996,356860083644192,Mumbai_BTS_012,404-45-553-828,Mumbai
CDR202600024523,2025-06-08,16:58:51,+919168612085,+917741629049,VOICE,77,404975810072801,351883517587492,Rajasthan_BTS_013,404-45-887-657,Rajasthan
CDR202600024533,2025-12-16,17:49:04,+918155040073,+917174489984,SMS,0,404597732804868,355117540084528,Maharashtra_BTS_004,404-45-146-678,Maharashtra
CDR202600024539,2025-06-04,00:18:07,+918937912502,+919193726710,VOICE,305,404226983141750,351721751819240,TamilNadu_BTS_004,404-45-683-253,Tamil Nadu
CDR202600024541,2025-08-03,13:42:05,+918946516483,+916510536250,VOICE,172,404078561978298,359643431456856,Rajasthan_BTS_007,404-45-697-409,Rajasthan
CDR202600024566,2025-08-27,22:41:18,+916835670988,+919687428101,SMS,0,404313083774948,356009154249096,UttarPradesh_BTS_012,404-45-441-790,Uttar Pradesh
CDR202600024575,2025-05-09,04:34:47,+917668323714,+919526506513,VOICE,13,404911142353809,353310635461271,Karnataka_BTS_003,404-45-597-493,Karnataka
CDR202600024599,2025-06-13,04:35:31,+918174880118,+918055810677,VOICE,85,404180732317038,355027751518736,Maharashtra_BTS_003,404-45-487-081,Maharashtra
CDR202600024614,2025-12-06,04:11:51,+918560366101,+918762440921,VOICE,120,404360442916983,356028653309968,WestBengal_BTS_007,404-45-491-894,West Bengal
CDR202600024629,2025-10-04,19:00:21,+918476762224,+917419433566,VOICE,52,404649195429316,353726098371994,Maharashtra_BTS_004,404-45-146-678,Maharashtra
CDR202600024634,2025-09-10,17:11:28,+919692768318,+919477948239,VOICE,32,404874841638061,352230698514635,Delhi_BTS_006,404-45-223-254,Delhi
CDR202600024682,2025-06-29,17:58:08,+917349092870,+919649824597,VOICE,29,404441885659405,350126049149119,Maharashtra_BTS_006,404-45-987-104,Maharashtra
CDR202600024702,2025-06-01,05:39:23,+918756810071,+918000571118,SMS,0,404570990544120,358383209029293,Mumbai_BTS_011,404-45-573-256,Mumbai
CDR202600024706,2025-11-25,02:53:40,+917701689307,+919930424269,VOICE,51,404210206920260,352686153796303,UttarPradesh_BTS_007,404-45-370-119,Uttar Pradesh
CDR202600024755,2025-04-05,07:27:56,+916202477619,+919260751623,SMS,0,404733998834339,355292252053953,UttarPradesh_BTS_001,404-45-234-688,Uttar Pradesh
CDR202600024759,2025-09-10,12:35:18,+917133264916,+917025950075,VOICE,163,404155392341538,355544155606395,UttarPradesh_BTS_006,404-45-108-684,Uttar Pradesh
CDR202600024781,2025-09-23,22:12:29,+917412022460,+917761493115,VOICE,76,404127799645791,359981504094539,Delhi_BTS_003,404-45-533-988,Delhi
CDR202600024803,2025-06-05,23:35:02,+919180310819,+916048585340,VOICE,202,404813313878769,353282190262848,Maharashtra_BTS_006,404-45-489-285,Maharashtra
CDR202600024804,2025-12-27,02:15:21,+918495071116,+918502488426,VOICE,106,404349215116533,359023935335194,Rajasthan_BTS_017,404-45-897-945,Rajasthan
CDR202600024819,2025-07-30,11:01:55,+916341506720,+916115268967,SMS,0,404139679646912,355827395200777,UttarPradesh_BTS_001,404-45-234-688,Uttar Pradesh
CDR202600024842,2025-12-06,13:37:35,+919947381147,+918502488426,SMS,0,404260461120294,355756676348646,Mumbai_BTS_003,404-45-334-070,Mumbai
CDR202600024854,2025-07-05,02:56:44,+919125934190,+916268922270,SMS,0,404639185945965,352460710769171,Mumbai_BTS_011,404-45-243-433,Mumbai
CDR202600024858,2025-06-06,09:36:00,+916626975384,+916635732541,VOICE,470,404603335093413,356560950964877,Delhi_BTS_002,404-45-878-546,Delhi
CDR202600024859,2025-06-18,20:36:02,+917216811919,+919295010520,VOICE,68,404118753760078,355931816111040,WestBengal_BTS_002,404-45-355-683,West Bengal
CDR202600024865,2025-07-12,12:21:08,+917464713073,+919761446279,VOICE,7,404338715236735,351910468990952,Rajasthan_BTS_011,404-45-796-739,Rajasthan
CDR202600024884,2025-09-04,14:52:56,+919881469031,+916117522771,VOICE,99,404333243345263,357014719559920,Maharashtra_BTS_007,404-45-750-855,Maharashtra
CDR202600024887,2025-12-25,14:45:49,+916737596714,+919411404504,VOICE,83,404454749626021,354870307189105,Rajasthan_BTS_006,404-45-651-270,Rajasthan
CDR202600024891,2025-05-12,20:05:24,+918791145243,+918738240239,VOICE,160,404924958940903,352665170070209,Gujarat_BTS_006,404-45-818-559,Gujarat
CDR202600024910,2025-11-15,15:40:21,+919572350182,+916320853787,VOICE,18,404474316403000,352991293698275,Rajasthan_BTS_019,404-45-119-115,Rajasthan
CDR202600024911,2025-06-03,09:32:24,+919577461420,+917938295768,SMS,0,404389451553070,354737839361434,Maharashtra_BTS_007,404-45-473-167,Maharashtra
CDR202600024915,2025-03-15,08:52:08,+917725701146,+918424242987,VOICE,246,404721720888817,356547301212337,WestBengal_BTS_005,404-45-785-885,West Bengal
CDR202600024963,2025-11-17,02:47:37,+919463351743,+918642296136,VOICE,39,404428572919739,353680846543826,TamilNadu_BTS_001,404-45-698-489,Tamil Nadu
CDR202600024976,2025-11-20,21:46:03,+918890491950,+919092945663,VOICE,41,404250890242303,359319999467169,UttarPradesh_BTS_011,404-45-357-928,Uttar Pradesh
CDR202600024996,2025-04-22,05:19:48,+917755598297,+918187103730,VOICE,3,404497657461745,359100844958655,Rajasthan_BTS_012,404-45-798-907,Rajasthan
CDR202600025009,2025-01-05,02:57:57,+917093495892,+918707498242,VOICE,123,404927472143935,353267460939863,Rajasthan_BTS_019,404-45-119-115,Rajasthan
CDR202600025052,2025-05-23,08:05:22,+919455199876,+917857882724,SMS,0,404898613683716,356482968450571,Maharashtra_BTS_002,404-45-718-271,Maharashtra
CDR202600025061,2025-02-15,02:30:00,+919816858806,+916737986034,VOICE,11,404208795896967,359942333700127,Rajasthan_BTS_003,404-45-924-324,Rajasthan
CDR202600025096,2025-06-14,02:40:23,+919842882772,+916658111686,SMS,0,404231254200507,356536982886455,Gujarat_BTS_002,404-45-854-105,Gujarat
CDR202600025126,2025-01-25,08:13:54,+917372330717,+918335471524,VOICE,163,404853566275992,359014194156148,UttarPradesh_BTS_007,404-45-779-107,Uttar Pradesh
CDR202600025158,2025-03-21,12:58:41,+918886727442,+917230153967,VOICE,58,404775408470637,356743167753238,Mumbai_BTS_010,404-45-211-255,Mumbai
CDR202600025164,2025-06-10,19:27:40,+917508535751,+916243340467,VOICE,47,404078380251166,358868209104062,TamilNadu_BTS_001,404-45-614-942,Tamil Nadu
CDR202600025177,2025-06-20,08:59:56,+916704041859,+918370045385,VOICE,340,404520732707622,356513701625460,UttarPradesh_BTS_011,404-45-194-650,Uttar Pradesh
CDR202600025187,2025-06-30,13:05:40,+917205348972,+918797567516,VOICE,203,404830598007986,359915528130991,WestBengal_BTS_004,404-45-522-026,West Bengal
CDR202600025201,2025-10-13,10:22:24,+918981781049,+918601556899,VOICE,64,404042780116620,356763845255000,Maharashtra_BTS_003,404-45-487-081,Maharashtra
CDR202600025202,2025-04-29,08:40:04,+917670399159,+918113230862,VOICE,145,404176058504179,357788093915647,Gujarat_BTS_002,404-45-328-143,Gujarat
CDR202600025227,2025-05-21,04:54:26,+916462198725,+916402734910,VOICE,47,404068024688316,355845311879239,TamilNadu_BTS_001,404-45-158-052,Tamil Nadu
CDR202600025245,2025-05-28,09:27:33,+918945702124,+916639964319,VOICE,30,404941308964482,350403875875444,UttarPradesh_BTS_013,404-45-265-760,Uttar Pradesh
CDR202600025260,2025-03-15,12:23:28,+918679677646,+918278086239,VOICE,128,404699204474709,355893424604459,Rajasthan_BTS_007,404-45-605-094,Rajasthan
CDR202600025272,2025-06-30,01:24:59,+918995868367,+917010090110,VOICE,40,404135949503513,359592557620186,Delhi_BTS_005,404-45-830-320,Delhi
CDR202600025301,2025-07-26,22:30:05,+917623359882,+919479288922,SMS,0,404438713141191,359567549524015,WestBengal_BTS_005,404-45-901-954,West Bengal
CDR202600025314,2025-01-14,07:57:58,+919873119820,917543965837,VOICE,83,404766500147958,359934982672343,Rajasthan_BTS_005,404-45-771-512,Rajasthan
CDR202600025324,2025-06-10,05:54:13,+917815509489,+917457531597,VOICE,19,404461077043885,355664400682633,Rajasthan_BTS_007,404-45-470-225,Rajasthan
CDR202600025355,2025-07-11,09:56:06,+919752202559,+916921696345,SMS,0,404077652065588,357251015323074,Karnataka_BTS_003,404-45-270-417,Karnataka
CDR202600025379,2025-05-04,06:31:40,+918958778089,+917078809729,VOICE,186,404836273792755,350797777780177,Delhi_BTS_002,404-45-935-071,Delhi
CDR202600025390,2025-09-03,17:39:59,+917492476795,+918721764946,VOICE,76,404198809086291,358782928639596,Maharashtra_BTS_005,404-45-181-876,Maharashtra
CDR202600025412,2025-02-23,03:48:04,+919298701709,+919409299369,VOICE,111,404456206092491,351667672624382,WestBengal_BTS_001,404-45-981-041,West Bengal
CDR202600025426,2025-08-15,09:14:08,+919048826292,+917956715869,VOICE,83,404181164076914,355711091685703,Mumbai_BTS_005,404-45-626-244,Mumbai
CDR202600025449,2025-07-17,05:29:32,+918952559100,+918338786803,VOICE,6,404955809353671,359419567819614,Maharashtra_BTS_003,404-45-487-081,Maharashtra
CDR202600025450,2025-11-13,08:22:12,+917461491478,+917143289283,VOICE,88,404398198011560,356077732474515,TamilNadu_BTS_003,404-45-170-610,Tamil Nadu
CDR202600025460,2025-05-16,08:01:35,+918705996388,+918795283234,VOICE,33,404373245654123,359995468015621,TamilNadu_BTS_005,404-45-734-084,Tamil Nadu
CDR202600025484,2025-02-04,08:56:43,+917350427599,+919252186641,VOICE,378,404458302882041,356407864209839,Rajasthan_BTS_019,404-45-119-115,Rajasthan
CDR202600025494,2025-03-08,04:38:50,+919113796021,+919339073555,SMS,0,404459656752544,355405373732222,UttarPradesh_BTS_010,404-45-308-704,Uttar Pradesh
CDR202600025498,2025-08-29,18:27:29,+917935198234,+918881476163,VOICE,72,404094539793819,358153577220741,Gujarat_BTS_007,404-45-106-778,Gujarat
CDR202600025513,2025-09-10,04:49:57,+916711652048,+919531129480,VOICE,6,404241083100218,352456009735634,Maharashtra_BTS_008,404-45-799-664,Maharashtra
CDR202600025534,2025-08-08,06:32:24,+916615153351,+919826091713,VOICE,35,404537311112386,352872620094106,Rajasthan_BTS_016,404-45-619-624,Rajasthan
CDR202600025547,2025-09-02,11:44:07,+918497636268,+918555023947,VOICE,249,404085680528391,350585599552674,UttarPradesh_BTS_002,404-45-568-324,Uttar Pradesh
CDR202600025554,2025-10-01,04:24:26,+917443590444,+919858910547,VOICE,26,404232850129230,355497528430951,Delhi_BTS_001,404-45-180-088,Delhi
CDR202600025580,2025-04-01,15:00:48,+916692588788,+917987167392,VOICE,162,404457406303442,355085103203437,Karnataka_BTS_002,404-45-195-949,Karnataka
CDR202600025603,2025-11-17,16:50:54,+918310460462,+917429104397,VOICE,93,404376649331652,354775998622848,UttarPradesh_BTS_015,404-45-658-037,Uttar Pradesh
CDR202600025607,2025-05-21,03:24:32,+919491338072,+919097960696,VOICE,158,404114928222406,356449081467380,Rajasthan_BTS_010,404-45-494-391,Rajasthan
CDR202600025609,2025-07-13,03:18:48,+917568151922,+917213524217,VOICE,49,404306135752809,354410709847742,Mumbai_BTS_010,404-45-919-883,Mumbai
CDR202600025620,2025-11-12,06:24:19,+919256264316,+917173362849,VOICE,118,404504327748677,356164543648007,Maharashtra_BTS_009,404-45-350-168,Maharashtra
CDR202600025633,2025-07-16,14:28:25,+917887984391,+917979297515,SMS,0,404162953858781,357157677358250,UttarPradesh_BTS_002,404-45-568-324,Uttar Pradesh
CDR202600025643,2025-12-16,19:19:14,+919912838915,+919288149760,VOICE,87,404285934399437,352438208460187,UttarPradesh_BTS_012,404-45-441-790,Uttar Pradesh
CDR202600025658,2025-03-16,02:55:56,+917927220453,+918370544176,VOICE,137,404382421878463,358493778200652,Gujarat_BTS_003,404-45-704-433,Gujarat
CDR202600025684,2025-02-23,10:57:05,+917448090961,+916696288792,MISSED,0,404669584126648,355970901770864,Rajasthan_BTS_017,404-45-652-977,Rajasthan
CDR202600025730,2025-05-13,07:34:50,+919099798724,+918018258088,VOICE,165,404290913772444,354662149246057,Delhi_BTS_006,404-45-223-254,Delhi
CDR202600025743,2025-02-09,04:24:11,+918711631322,+916696288792,VOICE,63,404986418997216,350482505579319,Rajasthan_BTS_019,404-45-414-246,Rajasthan
CDR202600025750,2025-12-18,06:14:45,+918339938200,+919393824493,VOICE,220,404892348480187,353616759318500,TamilNadu_BTS_001,404-45-698-489,Tamil Nadu
CDR202600025751,2025-12-13,21:49:59,+918462144443,+919170525164,VOICE,306,404223488611019,351554143813879,Karnataka_BTS_002,404-45-195-949,Karnataka
CDR202600025755,2025-11-28,12:09:00,+918659465845,+916086029184,VOICE,483,404879049829459,359442273430042,Delhi_BTS_002,404-45-878-546,Delhi
CDR202600025757,2025-11-21,13:59:25,+917221820048,+919683662704,VOICE,76,404192058054757,356624612407448,Maharashtra_BTS_005,404-45-181-876,Maharashtra
CDR202600025768,2025-03-01,09:26:49,+916846943785,+919646677603,VOICE,9,404087287051004,350573033118169,Rajasthan_BTS_004,404-45-374-068,Rajasthan
CDR202600025803,2025-09-23,13:20:47,+918132420926,+917467444699,VOICE,305,404387050182283,354164549934649,UttarPradesh_BTS_002,404-45-869-959,Uttar Pradesh
CDR202600025808,2025-09-05,03:50:35,+918281664145,+919144540947,VOICE,36,404058285829410,355374301490384,Karnataka_BTS_007,404-45-322-992,Karnataka
CDR202600025815,2025-09-16,05:40:25,+919944634146,+916554854531,SMS,0,404595101509623,353235823849388,TamilNadu_BTS_004,404-45-513-123,Tamil Nadu
CDR202600025817,2025-02-27,11:40:47,+916231421581,+917127051696,VOICE,143,404160712509589,353631700587870,Maharashtra_BTS_005,404-45-181-876,Maharashtra
CDR202600025826,2025-07-28,16:05:31,+917640182246,+918335471524,VOICE,732,404502874575403,357838230114883,TamilNadu_BTS_005,404-45-734-084,Tamil Nadu
CDR202600025848,2025-12-09,07:02:10,+919557588766,+918859333151,VOICE,126,404589068738516,350910209009419,UttarPradesh_BTS_001,404-45-234-688,Uttar Pradesh
CDR202600025852,2025-04-02,06:46:55,+917257605958,+919872534495,VOICE,417,404547339318871,353036693471153,Karnataka_BTS_005,404-45-102-400,Karnataka
CDR202600025868,2025-06-09,07:22:26,+917303258691,+918172835235,VOICE,75,404007448515572,357722509784644,Maharashtra_BTS_006,404-45-489-285,Maharashtra
CDR202600025891,2025-09-29,15:11:03,+917882935563,+919141257788,SMS,0,404969674654992,356294606328765,Maharashtra_BTS_009,404-45-646-747,Maharashtra
CDR202600025916,2025-07-07,18:48:15,+917129098232,+919384855691,VOICE,4,404914853786504,358711487296565,Mumbai_BTS_012,404-45-553-828,Mumbai
CDR202600025917,2025-02-25,05:53:52,+918522100638,+919490686177,VOICE,111,404320250295363,356945249565221,Maharashtra_BTS_001,404-45-204-095,Maharashtra
CDR202600025936,2025-05-06,13:15:05,+916064642439,+916808945172,VOICE,183,404020014283574,357993695949368,TamilNadu_BTS_001,404-45-698-489,Tamil Nadu
CDR202600025939,2025-09-17,00:49:06,+918686517549,+918358273972,SMS,0,404415324133577,356734268012187,Gujarat_BTS_008,404-45-448-285,Gujarat
CDR202600025940,2025-05-24,19:40:14,+916555724622,+917158246139,VOICE,18,404646255271555,355698041907794,UttarPradesh_BTS_007,404-45-779-107,Uttar Pradesh
CDR202600025962,2025-04-20,10:05:05,+919521875296,+919566779728,VOICE,113,404831359029222,351411476110104,WestBengal_BTS_006,404-45-906-719,West Bengal
CDR202600025970,2025-05-03,03:13:23,+917274878619,+919318512872,VOICE,117,404582145852413,350994929026473,Mumbai_BTS_010,404-45-211-255,Mumbai
CDR202600025974,2025-09-09,08:26:05,+919839346283,+919215365161,VOICE,177,404093781120498,358828861485099,Rajasthan_BTS_013,404-45-448-115,Rajasthan
CDR202600025992,2025-06-04,04:41:25,+918079771727,+917667564958,VOICE,285,404274058217058,354326353763340,Rajasthan_BTS_019,404-45-119-115,Rajasthan
CDR202600026037,2025-04-22,12:06:40,+919561046066,+916290799564,VOICE,107,404446274868719,351051835678147,Gujarat_BTS_006,404-45-833-666,Gujarat
CDR202600026041,2025-09-29,07:43:12,+916235230918,+919726146663,VOICE,168,404195257080048,351748208151971,Maharashtra_BTS_005,404-45-181-876,Maharashtra
CDR202600026097,2025-12-12,01:42:46,+919976782155,+917835301377,SMS,0,404964747345476,358908149840555,Rajasthan_BTS_006,404-45-246-272,Rajasthan
CDR202600026110,2025-08-31,23:12:00,+918256204328,+917707737088,VOICE,40,404041818012574,356258422028037,Rajasthan_BTS_018,404-45-713-332,Rajasthan
CDR202600026118,2025-07-12,15:10:02,+918236349159,+916611411515,VOICE,90,404767944169204,359544269880685,Gujarat_BTS_006,404-45-818-559,Gujarat
CDR202600026140,2025-03-25,20:15:47,+916344936147,+916938174319,VOICE,187,404681919741690,355716659789769,Maharashtra_BTS_007,404-45-314-687,Maharashtra
CDR202600026161,2025-04-29,18:37:20,+919290632793,+918934412558,VOICE,367,404169713803096,350567505058445,UttarPradesh_BTS_014,404-45-214-078,Uttar Pradesh
CDR202600026187,2025-01-30,23:15:02,+917327775699,+919370587105,VOICE,11,404020607104529,352651221779408,Rajasthan_BTS_007,404-45-241-522,Rajasthan
CDR202600026226,2025-12-16,06:17:56,+918948400859,+916537754178,VOICE,402,404731417085587,350122550236034,Maharashtra_BTS_009,404-45-646-747,Maharashtra
CDR202600026244,2025-11-04,11:49:08,+919426605477,+918358633681,MISSED,0,404281266825758,351254062917245,Gujarat_BTS_006,404-45-818-559,Gujarat
CDR202600026271,2025-09-10,21:21:15,+916812527503,+919904689017,VOICE,3,404702004554976,350833336721761,Mumbai_BTS_006,404-45-319-553,Mumbai
CDR202600026274,2025-07-20,15:42:10,+919686240092,+916845331824,VOICE,26,404141156656873,352964962748550,Gujarat_BTS_008,404-45-814-433,Gujarat
CDR202600026355,2025-10-13,16:28:54,+916710095087,+918961683209,SMS,0,404269914058997,357068618911508,TamilNadu_BTS_001,404-45-698-489,Tamil Nadu
CDR202600026364,2025-07-02,12:48:10,+917475571215,+916208722564,SMS,0,404102817855106,356899677930523,Rajasthan_BTS_016,404-45-619-624,Rajasthan
CDR202600026372,2025-08-30,04:34:22,+917139435997,+916983923513,SMS,0,404775867779992,353641324305350,Karnataka_BTS_006,404-45-813-981,Karnataka
CDR202600026376,2025-02-09,04:14:31,+916796251165,+919567008668,VOICE,109,404602198462641,356515619806011,WestBengal_BTS_009,404-45-571-359,West Bengal
CDR202600026390,2025-10-08,08:10:20,+919094451973,+916144344588,VOICE,296,404942039407211,351276461798584,WestBengal_BTS_009,404-45-571-359,West Bengal
CDR202600026395,2025-07-13,07:39:04,+919061229549,+917385751477,VOICE,71,404484403777150,350144284545274,TamilNadu_BTS_001,404-45-158-052,Tamil Nadu
CDR202600026423,2025-09-09,05:19:25,+916575277012,+918794579254,VOICE,2,404894376279986,356507167622169,TamilNadu_BTS_001,404-45-158-052,Tamil Nadu
CDR202600026426,2025-07-12,12:02:21,+918977253240,+917803278203,VOICE,307,404342533245168,359193508473533,Gujarat_BTS_002,404-45-854-105,Gujarat
CDR202600026456,2025-12-16,11:07:17,+917536232187,+919289658822,VOICE,96,404438868816640,355366766891803,Mumbai_BTS_005,404-45-626-244,Mumbai
CDR202600026532,2025-10-31,04:20:19,+917320050330,+919922383376,VOICE,91,404470464801705,350298350050339,Delhi_BTS_005,404-45-508-688,Delhi
CDR202600026534,2025-07-24,22:20:28,+917594789568,+919088282045,VOICE,55,404538892677851,351801660599823,WestBengal_BTS_002,404-45-355-683,West Bengal
CDR202600026562,2025-05-19,03:01:59,+918925584531,+917668069108,VOICE,143,404440287303789,359407553595940,TamilNadu_BTS_001,404-45-158-052,Tamil Nadu
CDR202600026567,2025-09-20,10:54:12,+917294415765,+918725167166,VOICE,302,404342247928192,350245305012264,Rajasthan_BTS_006,404-45-246-272,Rajasthan
CDR202600026574,2025-03-26,18:48:59,+918356602474,+916611411515,VOICE,49,404436757917342,351322175802881,TamilNadu_BTS_001,404-45-158-052,Tamil Nadu
CDR202600026599,2025-06-01,15:48:52,+919062068156,+916653181892,VOICE,343,404193501510031,356304910343980,Maharashtra_BTS_002,404-45-718-271,Maharashtra
CDR202600026601,2025-09-25,05:41:56,+919984651647,+917420655631,VOICE,77,404260185388098,352904457132425,UttarPradesh_BTS_003,404-45-618-272,Uttar Pradesh
CDR202600026603,2025-07-02,08:41:25,+918182107087,+917494642558,VOICE,26,404499690366878,354075281242227,UttarPradesh_BTS_010,404-45-749-874,Uttar Pradesh
CDR202600026640,2025-07-27,16:41:52,+918148516314,+918535912450,VOICE,59,404952917546320,355504118565870,TamilNadu_BTS_005,404-45-734-084,Tamil Nadu
CDR202600026650,2025-03-21,20:42:02,+919628453819,+918185194936,VOICE,68,404408481159629,350939867643621,Maharashtra_BTS_002,404-45-926-045,Maharashtra
CDR202600026668,2025-07-16,13:13:57,+917985473643,+917669909894,VOICE,306,404630513809018,358458405249714,Rajasthan_BTS_015,404-45-208-892,Rajasthan
CDR202600026672,2025-01-02,05:52:55,+919208295547,+919004689486,SMS,0,404283909858577,351227048380064,Gujarat_BTS_006,404-45-818-559,Gujarat
CDR202600026673,2025-08-30,00:05:33,+918666798076,+918707498242,VOICE,110,404296283717694,353942080300839,TamilNadu_BTS_006,404-45-773-598,Tamil Nadu
CDR202600026688,2025-03-14,13:06:32,+919381446478,+917953885985,VOICE,177,404650745541299,350105314677989,Mumbai_BTS_011,404-45-243-433,Mumbai
CDR202600026709,2025-12-15,19:58:14,+918481082809,+916050869454,VOICE,266,404639588941901,357400610209384,Maharashtra_BTS_002,404-45-718-271,Maharashtra
CDR202600026717,2025-03-10,04:53:59,+919262309317,+919272145577,VOICE,108,404379669992204,358380868263876,UttarPradesh_BTS_010,404-45-370-518,Uttar Pradesh
CDR202600026720,2025-01-10,08:53:14,+919251407196,+918266082714,VOICE,427,404080962022018,351035090039455,Maharashtra_BTS_009,404-45-350-168,Maharashtra
CDR202600026743,2025-01-31,03:21:13,+918903985515,+919258500437,VOICE,17,404258701031328,358513273934705,Rajasthan_BTS_007,404-45-241-522,Rajasthan
CDR202600026750,2025-03-12,05:28:10,+919750378856,+917055874204,VOICE,75,404664995364232,358137748828115,Mumbai_BTS_010,404-45-919-883,Mumbai
CDR202600026751,2025-08-16,04:15:21,+918023844567,+917591220318,SMS,0,404171825128017,352189169124027,Maharashtra_BTS_004,404-45-691-197,Maharashtra
CDR202600026754,2025-08-23,21:26:36,+917960002774,+917378988701,VOICE,14,404839846479501,354687506850829,Maharashtra_BTS_005,404-45-181-876,Maharashtra
CDR202600026760,2025-09-02,13:12:47,+917716485521,+918132420926,SMS,0,404393304698901,352934073222652,WestBengal_BTS_008,404-45-979-482,West Bengal
CDR202600026789,2025-09-24,06:36:28,+917488910754,+919415447035,VOICE,52,404237753259187,353281506157269,Maharashtra_BTS_003,404-45-487-081,Maharashtra
CDR202600026803,2025-01-06,20:40:34,+917475906236,+916791810425,VOICE,70,404408892442056,353060064204642,Rajasthan_BTS_015,404-45-612-781,Rajasthan
CDR202600026820,2025-01-19,08:19:42,+918338572713,+917896616394,VOICE,88,404486680876769,359089063237279,Maharashtra_BTS_006,404-45-489-285,Maharashtra
CDR202600026829,2025-01-13,08:27:40,+918279397148,+918828081982,SMS,0,404017018891908,351226504896031,Mumbai_BTS_012,404-45-553-828,Mumbai
CDR202600026835,2025-09-19,16:21:46,+918760745567,+916810780965,SMS,0,404054108405290,357580101818420,WestBengal_BTS_001,404-45-415-374,West Bengal
CDR202600026849,2025-01-20,09:46:18,+916060422207,+917164648616,VOICE,5,404392525980142,352278892868956,Delhi_BTS_003,404-45-993-622,Delhi
CDR202600026868,2025-07-13,16:47:16,+917294851749,+917904658078,SMS,0,404845438233639,358708192655994,Karnataka_BTS_003,404-45-270-417,Karnataka
CDR202600026888,2025-07-05,16:39:24,+919425196407,+917434753875,VOICE,87,404430618555028,358104863904378,Gujarat_BTS_005,404-45-716-028,Gujarat
CDR202600026889,2025-04-17,03:21:53,+917749468503,+919136542310,VOICE,206,404098814096347,355114787853361,Mumbai_BTS_008,404-45-462-434,Mumbai
CDR202600026900,2025-10-26,20:32:34,+917990704138,+918991184310,SMS,0,404115088781645,353391276953655,UttarPradesh_BTS_013,404-45-822-438,Uttar Pradesh
CDR202600026908,2025-09-20,12:07:26,+918102703845,+916206407247,VOICE,221,404578706755399,356950737864476,WestBengal_BTS_003,404-45-258-948,West Bengal
CDR202600026916,2025-12-01,22:19:49,+917641747004,+919219963673,SMS,0,404361734397296,356949676164346,WestBengal_BTS_005,404-45-901-954,West Bengal
CDR202600026953,2025-02-19,00:51:51,+916454279208,+917549758539,VOICE,85,404353197104983,354477660272227,Delhi_BTS_003,404-45-993-622,Delhi
CDR202600026959,2025-08-29,00:26:57,+919946024602,+918353900388,VOICE,10,404753780775281,358168039851712,WestBengal_BTS_006,404-45-906-719,West Bengal
CDR202600026964,2025-06-14,10:46:32,+916401402202,+918405353666,VOICE,81,404731980180827,351783452420351,UttarPradesh_BTS_003,404-45-202-076,Uttar Pradesh
CDR202600026976,2025-12-30,05:29:25,+918873496910,+918048877029,VOICE,7,404172294915850,352580095363885,Delhi_BTS_003,404-45-993-622,Delhi
CDR202600026991,2025-04-07,04:58:40,+917861070842,+916744202557,VOICE,207,404678079569957,358269007097758,TamilNadu_BTS_003,404-45-170-610,Tamil Nadu
CDR202600027006,2025-02-11,01:04:16,+916367952951,+918568140964,VOICE,117,404474716368898,354965912856843,Rajasthan_BTS_019,404-45-951-827,Rajasthan
CDR202600027009,2025-06-01,18:00:20,+917699081158,+917429104397,SMS,0,404547082956137,358293217640914,Rajasthan_BTS_006,404-45-242-253,Rajasthan
CDR202600027035,2025-11-30,07:02:37,+919510144962,+918139555438,VOICE,22,404755189021790,351491970500706,Rajasthan_BTS_011,404-45-796-739,Rajasthan
CDR202600027042,2025-11-21,16:30:05,+917858560879,+918274235495,VOICE,152,404705920426942,359732640303115,Delhi_BTS_006,404-45-629-463,Delhi
CDR202600027051,2025-12-11,14:22:51,+918544616224,+917178752596,VOICE,161,404401940561309,352118053627590,UttarPradesh_BTS_004,404-45-457-903,Uttar Pradesh
CDR202600027063,2025-09-17,15:51:38,+918883344957,+917272867429,VOICE,179,404099939728143,358672074793491,Gujarat_BTS_002,404-45-328-143,Gujarat
CDR202600027078,2025-02-02,10:32:24,+917868954432,+916316168850,VOICE,18,404270697551169,352600819820389,WestBengal_BTS_006,404-45-373-164,West Bengal
CDR202600027103,2025-11-02,09:35:15,+918630006675,+918965928635,VOICE,102,404400568596568,351222144005678,WestBengal_BTS_007,404-45-491-894,West Bengal
CDR202600027107,2025-10-19,04:10:58,+917792688833,+917002084527,VOICE,78,404992998419025,353969041878927,Maharashtra_BTS_003,404-45-949-644,Maharashtra
CDR202600027108,2025-12-24,14:35:18,+917726107989,+916133167035,MISSED,0,404407448096702,356620195756441,UttarPradesh_BTS_010,404-45-749-874,Uttar Pradesh
CDR202600027118,2025-08-09,15:28:49,+918169255646,+917221820048,VOICE,288,404774589693970,352028603364357,Karnataka_BTS_004,404-45-160-169,Karnataka
CDR202600027121,2025-10-13,05:14:46,+919780125713,+917330684763,VOICE,3,404235919986727,350768266251576,Gujarat_BTS_003,404-45-704-433,Gujarat
CDR202600027125,2025-11-14,14:18:21,+916653271645,917549965641,VOICE,429,404867621011710,356014704827913,WestBengal_BTS_005,404-45-785-885,West Bengal
CDR202600027134,2025-03-29,06:16:53,+918707498242,+916623239400,VOICE,122,404424071853869,358972338624894,UttarPradesh_BTS_015,404-45-658-037,Uttar Pradesh
CDR202600027138,2025-04-14,14:07:08,+919939243535,+917110115786,VOICE,179,404534470716340,352191846903788,Rajasthan_BTS_004,404-45-316-936,Rajasthan
CDR202600027140,2025-10-13,23:36:55,+918806117659,+918257523357,MISSED,0,404616729746243,354013933929134,Gujarat_BTS_007,404-45-703-285,Gujarat
CDR202600027145,2025-04-17,00:29:01,+918005798364,+917486228408,VOICE,8,404534280817595,351766951928737,UttarPradesh_BTS_014,404-45-214-078,Uttar Pradesh
CDR202600027178,2025-09-12,08:51:18,+919275704263,+918318287801,VOICE,44,404296588913500,358822611947033,Rajasthan_BTS_017,404-45-897-945,Rajasthan
CDR202600027206,2025-10-26,23:37:22,+918943978661,+918998819735,SMS,0,404413863646996,351656971887413,Rajasthan_BTS_011,404-45-796-739,Rajasthan
CDR202600027222,2025-06-27,02:30:28,+919771135790,+917762729779,VOICE,236,404614112520521,356478275572851,Mumbai_BTS_011,404-45-995-946,Mumbai
CDR202600027244,2025-08-22,13:50:43,+917177936189,+919429605845,VOICE,49,404972884782765,357076933482426,Karnataka_BTS_002,404-45-195-949,Karnataka
CDR202600027245,2025-03-20,00:46:15,+919692129084,+917593551276,VOICE,371,404246717152925,354070840778430,Rajasthan_BTS_009,404-45-742-164,Rajasthan
CDR202600027246,2025-02-03,02:33:04,+919292744281,+917589758150,VOICE,43,404228746487191,355684027944136,Karnataka_BTS_008,404-45-693-754,Karnataka
CDR202600027327,2025-10-23,12:07:44,+919170525164,+919335820595,SMS,0,404158011507508,352158436741586,Rajasthan_BTS_010,404-45-710-480,Rajasthan
CDR202600027348,2025-06-12,10:50:51,+917552096511,+919869682734,VOICE,268,404361371900243,359600438415893,Rajasthan_BTS_019,404-45-414-246,Rajasthan
CDR202600027354,2025-11-20,11:20:59,+919734426560,+918127731517,VOICE,63,404293394980830,354639934149270,UttarPradesh_BTS_002,404-45-869-959,Uttar Pradesh
CDR202600027368,2025-05-11,00:06:19,+919971198531,+917088277832,VOICE,30,404725281621233,353816544420858,UttarPradesh_BTS_002,404-45-174-010,Uttar Pradesh
CDR202600027382,2025-07-08,05:49:33,+919384954099,+919526850403,VOICE,246,404535736113603,352957082179306,Gujarat_BTS_001,404-45-859-282,Gujarat
CDR202600027383,2025-06-12,19:51:05,+919798695428,+918673336245,VOICE,31,404013978309028,353841781533109,UttarPradesh_BTS_006,404-45-769-542,Uttar Pradesh
CDR202600027395,2025-10-07,13:42:22,+918259520684,+918774643382,VOICE,359,404320750062347,354937441420823,UttarPradesh_BTS_003,404-45-202-076,Uttar Pradesh
CDR202600027404,2025-11-04,18:57:04,+918250783118,+916271852980,VOICE,147,404727807031356,359027961940546,Maharashtra_BTS_007,404-45-479-364,Maharashtra
CDR202600027429,2025-10-01,06:30:26,+919425196407,+918826116166,VOICE,148,404430618555028,358104863904378,Rajasthan_BTS_015,404-45-282-520,Rajasthan
CDR202600027444,2025-03-28,15:37:34,+918794579254,+917256006787,SMS,0,404425412701623,352639611289159,Rajasthan_BTS_012,404-45-798-907,Rajasthan
CDR202600027478,2025-10-07,18:44:25,+917667564958,+917789224735,SMS,0,404213937992862,353488319136712,UttarPradesh_BTS_006,404-45-726-827,Uttar Pradesh
CDR202600027479,2025-05-13,07:37:11,+916979318103,+916720582936,SMS,0,404115915747624,358858816302790,UttarPradesh_BTS_004,404-45-457-903,Uttar Pradesh
CDR202600027480,2025-11-20,01:20:06,+918022731031,+918072478648,VOICE,29,404839398605771,352777173290326,Maharashtra_BTS_002,404-45-718-271,Maharashtra
CDR202600027510,2025-01-15,15:59:19,+917239239286,+918755260741,VOICE,17,404598970745318,356905781754110,Maharashtra_BTS_006,404-45-489-285,Maharashtra
CDR202600027517,2025-04-10,10:52:06,+916326263871,+916990731677,VOICE,76,404619588425230,355377376370777,UttarPradesh_BTS_002,404-45-568-324,Uttar Pradesh
CDR202600027549,2025-11-19,01:59:44,+917616211754,+919627533531,VOICE,14,404712582421360,358227114764107,Rajasthan_BTS_010,404-45-710-066,Rajasthan
CDR202600027554,2025-11-03,04:26:47,+917431508107,+918805064101,VOICE,13,404540086193080,353932761699170,WestBengal_BTS_008,404-45-979-482,West Bengal
CDR202600027557,2025-07-23,07:34:48,+918603437311,+918418646550,VOICE,107,404439116489632,352211704035244,UttarPradesh_BTS_011,404-45-194-650,Uttar Pradesh
CDR202600027604,2025-03-16,09:55:58,+916326243819,+918152680606,VOICE,53,404101232690789,354980417445130,Gujarat_BTS_008,404-45-448-285,Gujarat
CDR202600027631,2025-05-14,00:35:31,+917767520527,+917039452657,VOICE,142,404478013364843,350478266597413,UttarPradesh_BTS_006,404-45-769-542,Uttar Pradesh
CDR202600027634,2025-10-14,11:28:56,+916704041859,+917221851476,SMS,0,404520732707622,354578992946178,Mumbai_BTS_011,404-45-995-946,Mumbai
CDR202600027643,2025-11-16,00:03:16,+918386857947,+917779098299,VOICE,23,404078416980158,354034089734219,Gujarat_BTS_001,404-45-859-282,Gujarat
CDR202600027655,2025-07-12,23:01:55,+919513060332,+919037166899,SMS,0,404143953775443,357886027669534,Gujarat_BTS_007,404-45-325-460,Gujarat
CDR202600027694,2025-05-14,17:44:10,+919630217946,+918253233543,VOICE,422,404836848222467,351292971223390,Rajasthan_BTS_016,404-45-303-157,Rajasthan
CDR202600027698,2025-05-08,17:56:46,+917634959653,+916804593310,SMS,0,404371579682099,357709956059200,UttarPradesh_BTS_013,404-45-822-438,Uttar Pradesh
CDR202600027700,2025-12-29,11:38:59,+917257605958,+917031578057,VOICE,33,404547339318871,353036693471153,Rajasthan_BTS_017,404-45-652-977,Rajasthan
CDR202600027703,2025-02-16,10:27:32,+917230760386,+917385213450,VOICE,2,404482222456113,355319047581581,Karnataka_BTS_001,404-45-767-554,Karnataka
CDR202600027727,2025-01-27,09:34:53,+917595165225,+916791810425,VOICE,84,404022738276888,350689148589669,Gujarat_BTS_007,404-45-106-778,Gujarat
CDR202600027757,2025-10-21,21:27:32,+918129273278,+917420655631,VOICE,215,404205612375283,354002836777665,UttarPradesh_BTS_007,404-45-779-107,Uttar Pradesh
CDR202600027761,2025-04-17,16:11:39,+917419433566,+916160680569,VOICE,62,404915396580315,350868705936434,UttarPradesh_BTS_011,404-45-194-650,Uttar Pradesh
CDR202600027794,2025-04-03,21:01:31,+919762234042,+918886262264,VOICE,29,404301171300967,354955465611716,Mumbai_BTS_010,404-45-919-883,Mumbai
CDR202600027801,2025-03-20,14:42:51,+916928487160,+916102248346,VOICE,79,404294899697222,358423262558305,Rajasthan_BTS_010,404-45-641-258,Rajasthan
CDR202600027802,2025-10-08,03:35:12,+919819887535,+918520030243,SMS,0,404961080891895,352384767737326,Mumbai_BTS_005,404-45-626-244,Mumbai
CDR202600027817,2025-03-01,03:00:08,+918365467938,+919761446279,VOICE,150,404977390792541,352744075589655,Delhi_BTS_004,404-45-652-774,Delhi
CDR202600027823,2025-07-12,01:13:07,+917565720042,+918247714890,VOICE,42,404832219304868,354040952441589,Karnataka_BTS_001,404-45-767-554,Karnataka
CDR202600027833,2025-05-10,10:53:47,+916958719481,+918426931187,VOICE,112,404326304828095,357266323026125,Delhi_BTS_003,404-45-371-541,Delhi
CDR202600027841,2025-02-06,07:29:35,+917122351911,+919777908086,MISSED,0,404675156630744,353498392947587,UttarPradesh_BTS_007,404-45-999-138,Uttar Pradesh
CDR202600027889,2025-06-08,21:07:12,+917791795228,+919319474284,VOICE,208,404836866697404,355781961930648,WestBengal_BTS_002,404-45-315-699,West Bengal
CDR202600027893,2025-04-26,09:48:23,+917038064368,+916859750986,VOICE,135,404880000444636,354631040074169,Mumbai_BTS_011,404-45-243-433,Mumbai
CDR202600027914,2025-01-26,02:17:04,+916661818948,+917709984827,VOICE,353,404328893621551,352390536422355,Mumbai_BTS_007,404-45-584-827,Mumbai
CDR202600027946,2025-04-07,13:27:41,+916138868243,+918020468718,VOICE,36,404209190449383,353481552324366,Mumbai_BTS_007,404-45-584-827,Mumbai
CDR202600027948,2025-02-15,09:43:40,+917667564958,+918424561047,VOICE,71,404213937992862,353488319136712,Maharashtra_BTS_001,404-45-204-095,Maharashtra
CDR202600027951,2025-12-12,19:09:37,+916544428627,+918978767466,VOICE,52,404449379788765,357553918925184,Maharashtra_BTS_004,404-45-821-072,Maharashtra
CDR202600027962,2025-02-06,10:46:50,+919462942787,+918508939960,VOICE,43,404366607853669,352632923221570,Mumbai_BTS_006,404-45-319-553,Mumbai
CDR202600027963,2025-06-08,16:00:49,+919540009979,+918392224753,VOICE,29,404287768209700,355856838668962,UttarPradesh_BTS_001,404-45-234-688,Uttar Pradesh
CDR202600027985,2025-03-25,23:00:14,+919136542310,+919088282045,VOICE,13,404100734413135,352585287545502,Mumbai_BTS_007,404-45-196-100,Mumbai
CDR202600027994,2025-01-27,23:31:59,+919663674489,+917016958731,VOICE,314,404622169574271,351109546228097,TamilNadu_BTS_003,404-45-169-692,Tamil Nadu
CDR202600028000,2025-06-01,15:46:12,+918443036224,+919798695428,MISSED,0,404410408910888,354411441357202,Delhi_BTS_002,404-45-878-546,Delhi
CDR202600028021,2025-11-10,16:14:01,+916623239400,+917101589949,VOICE,89,404731577277212,350093684578215,Rajasthan_BTS_008,404-45-981-113,Rajasthan
CDR202600028034,2025-09-11,21:45:54,+918919039211,+917049770551,SMS,0,404084463018761,356900877601048,Maharashtra_BTS_005,404-45-891-297,Maharashtra
CDR202600028057,2025-12-15,20:17:18,+918481082809,+918746005815,VOICE,276,404639588941901,357400610209384,UttarPradesh_BTS_006,404-45-769-542,Uttar Pradesh
CDR202600028084,2025-10-28,05:09:18,+919622961985,+919455198541,VOICE,75,404896712777551,357641514574668,Rajasthan_BTS_005,404-45-505-906,Rajasthan
CDR202600028095,2025-12-07,10:37:37,+919690082317,+916897631203,SMS,0,404342794229993,353816792356384,WestBengal_BTS_004,404-45-283-755,West Bengal
CDR202600028106,2025-01-02,13:42:03,+919904689017,+916419179076,VOICE,12,404301554184284,350693201657943,Mumbai_BTS_008,404-45-984-747,Mumbai
CDR202600028110,2025-03-11,21:49:02,+918826401945,+917419433566,VOICE,28,404206733795184,351781684153553,Delhi_BTS_002,404-45-231-676,Delhi
CDR202600028147,2025-07-06,01:25:58,+919102975833,+918328382428,VOICE,16,404806171573735,351696020158679,TamilNadu_BTS_004,404-45-683-253,Tamil Nadu
CDR202600028156,2025-04-11,20:42:49,+917842720451,+918256587235,VOICE,2,404995404914739,357383694304817,Rajasthan_BTS_007,404-45-697-409,Rajasthan
CDR202600028172,2025-12-08,19:46:53,+918127731517,+919635406243,VOICE,188,404106289546453,351181809782656,Mumbai_BTS_007,404-45-584-827,Mumbai
CDR202600028195,2025-02-23,04:35:22,+919876267991,+916423301118,SMS,0,404534351605483,351006324348373,Karnataka_BTS_008,404-45-693-754,Karnataka
CDR202600028212,2025-07-23,11:08:15,+919233642723,+917314167746,VOICE,45,404478235452963,358896886104534,WestBengal_BTS_003,404-45-266-820,West Bengal
CDR202600028215,2025-10-19,02:12:15,+918256264192,+919435611650,VOICE,34,404020107821046,351681213888326,Mumbai_BTS_012,404-45-553-828,Mumbai
CDR202600028232,2025-08-15,09:20:47,+918268162582,+916953156153,SMS,0,404801572112221,353560041063325,Mumbai_BTS_007,404-45-516-195,Mumbai
CDR202600028233,2025-06-08,05:00:44,+918762700903,+917237041157,SMS,0,404966268401807,357785290902305,Karnataka_BTS_006,404-45-669-678,Karnataka
CDR202600028251,2025-10-05,23:25:19,+918760745567,+919706332062,VOICE,4,404054108405290,357580101818420,Mumbai_BTS_011,404-45-995-946,Mumbai
CDR202600028265,2025-10-19,00:16:22,+917403814960,+917772081145,VOICE,183,404697137018906,356190984322388,UttarPradesh_BTS_011,404-45-533-850,Uttar Pradesh
CDR202600028280,2025-12-09,18:01:33,+918176056203,+919952972156,VOICE,14,404523501080206,357167012583334,Rajasthan_BTS_007,404-45-605-094,Rajasthan
CDR202600028287,2025-12-13,09:52:38,+917037154208,+919628453819,VOICE,264,404715107373911,356309695850866,Rajasthan_BTS_005,404-45-505-906,Rajasthan
CDR202600028298,2025-06-06,02:20:38,+917794181831,+918373340094,SMS,0,404812323546107,350590506979434,Karnataka_BTS_006,404-45-669-678,Karnataka
CDR202600028317,2025-09-04,10:54:13,+919178210985,+919322807894,VOICE,149,404425048093655,359903198641263,Gujarat_BTS_008,404-45-448-285,Gujarat
CDR202600028332,2025-04-18,20:25:25,+919819887535,+919177164111,VOICE,139,404961080891895,358969718748233,Gujarat_BTS_007,404-45-703-285,Gujarat
CDR202600028334,2025-08-18,04:00:44,+916377342699,+919984195094,VOICE,274,404544280981613,354326982275354,WestBengal_BTS_005,404-45-785-885,West Bengal
CDR202600028362,2025-12-04,12:47:36,+918833315938,+919794732472,SMS,0,404651020399153,358920332226764,TamilNadu_BTS_006,404-45-367-210,Tamil Nadu
CDR202600028377,2025-05-27,13:26:20,+917181165047,+918621001114,SMS,0,404497139708829,356833807101427,Gujarat_BTS_007,404-45-928-891,Gujarat
CDR202600028379,2025-02-17,17:11:38,+918084749293,+917918652002,VOICE,28,404591357083791,359336004755471,Rajasthan_BTS_007,404-45-470-225,Rajasthan
CDR202600028380,2025-06-06,12:36:53,+917810864190,+919784562292,VOICE,19,404433457859718,355818554041223,Rajasthan_BTS_001,404-45-755-705,Rajasthan
CDR202600028393,2025-10-04,21:02:07,+918873476503,+918474679334,SMS,0,404845214192969,356175642347742,Maharashtra_BTS_002,404-45-199-368,Maharashtra
CDR202600028398,2025-12-21,10:16:59,+918894124363,+919696835992,VOICE,101,404636118827293,354032531454873,UttarPradesh_BTS_013,404-45-822-438,Uttar Pradesh
CDR202600028403,2025-09-11,21:58:53,+919360366258,+917819700767,MISSED,0,404519557797377,358252602642693,Gujarat_BTS_007,404-45-325-460,Gujarat
CDR202600028409,2025-12-01,18:21:24,+916101313242,+916442684297,VOICE,20,404860657754703,350613002871212,WestBengal_BTS_008,404-45-979-482,West Bengal
CDR202600028411,2025-11-08,05:01:30,+917545752288,+918017626271,VOICE,5,404475113780964,352800270256052,UttarPradesh_BTS_003,404-45-736-577,Uttar Pradesh
CDR202600028417,2025-01-03,23:38:33,+918819627982,+917392182420,VOICE,116,404893371239016,354919354189539,Gujarat_BTS_004,404-45-130-096,Gujarat
CDR202600028420,2025-04-24,18:58:18,+918505131729,+918361543317,VOICE,349,404004612312696,353079601858801,Maharashtra_BTS_004,404-45-146-678,Maharashtra
CDR202600028425,2025-02-16,04:46:13,+917000761528,+918640271369,MISSED,0,404792499209102,353946210405395,Rajasthan_BTS_005,404-45-771-512,Rajasthan
CDR202600028431,2025-12-02,22:59:48,+919863052526,+916560482207,VOICE,3,404795013461548,351070809863781,TamilNadu_BTS_001,404-45-698-489,Tamil Nadu
CDR202600028432,2025-06-02,23:43:01,+916323599598,+916397337096,VOICE,44,404981882774590,356051644861259,UttarPradesh_BTS_015,404-45-658-037,Uttar Pradesh
CDR202600028445,2025-01-28,15:52:21,+917038064368,+918174880118,MISSED,0,404880000444636,354631040074169,Rajasthan_BTS_007,404-45-605-094,Rajasthan
CDR202600028449,2025-01-12,00:36:18,+919264151644,+919077474749,VOICE,49,404688185064574,355552234536942,UttarPradesh_BTS_012,404-45-145-004,Uttar Pradesh
CDR202600028515,2025-09-20,04:47:04,+918061775168,+916180774393,VOICE,17,404241387797107,356321411649908,Mumbai_BTS_008,404-45-984-747,Mumbai
CDR202600028535,2025-02-14,03:06:41,+918418646550,+918778912285,VOICE,4,404758167400821,358529201253193,Maharashtra_BTS_006,404-45-489-285,Maharashtra
CDR202600028540,2025-09-22,02:47:41,+919696455539,+918460514346,VOICE,51,404701670514761,358619160497329,WestBengal_BTS_006,404-45-906-719,West Bengal
CDR202600028561,2025-10-12,10:45:19,+917526964242,+917177995666,SMS,0,404916845285673,359773418404171,Mumbai_BTS_006,404-45-319-553,Mumbai
CDR202600028606,2025-04-15,00:48:18,+917303258691,+918963207025,VOICE,55,404007448515572,357722509784644,Gujarat_BTS_007,404-45-106-778,Gujarat
CDR202600028617,2025-09-05,04:48:35,+916859750986,+919346555742,VOICE,7,404346835926450,352298500177183,WestBengal_BTS_002,404-45-355-683,West Bengal
CDR202600028627,2025-12-08,12:37:22,+918256204328,+916557348906,VOICE,21,404041818012574,356258422028037,Rajasthan_BTS_001,404-45-755-705,Rajasthan
CDR202600028629,2025-11-08,21:38:09,+917691247999,+916558226485,VOICE,20,404424539989228,351596209600217,Maharashtra_BTS_002,404-45-199-368,Maharashtra
CDR202600028634,2025-05-17,22:54:27,+916484393957,+919382783334,VOICE,138,404286505917118,358058474062320,UttarPradesh_BTS_009,404-45-719-216,Uttar Pradesh
CDR202600028660,2025-07-24,12:03:03,+916648021488,+918153727107,VOICE,86,404826700795905,357111270191643,WestBengal_BTS_007,404-45-491-894,West Bengal
CDR202600028673,2025-03-23,10:39:20,+918553840504,+918407317690,SMS,0,404552273161789,351219077863462,Rajasthan_BTS_016,404-45-303-157,Rajasthan
CDR202600028687,2025-03-27,08:07:35,+917960840846,+916382761185,VOICE,85,404811124311382,357428179000302,Mumbai_BTS_001,404-45-446-022,Mumbai
CDR202600028712,2025-05-26,09:51:42,+916872734446,+918600755418,VOICE,14,404038161572078,354796741635072,UttarPradesh_BTS_004,404-45-170-901,Uttar Pradesh
CDR202600028722,2025-01-16,17:23:05,+919391140734,+918118633802,VOICE,64,404827692562531,359750057452478,Gujarat_BTS_007,404-45-325-460,Gujarat
CDR202600028724,2025-02-07,11:22:33,+919993767689,+916148259773,VOICE,26,404769690343980,357673782107520,Rajasthan_BTS_013,404-45-448-115,Rajasthan
CDR202600028745,2025-07-26,06:38:02,+919252186641,+918328592327,VOICE,8,404190104225731,356138086966352,Maharashtra_BTS_004,404-45-146-678,Maharashtra
CDR202600028753,2025-10-03,14:39:10,+918345439827,+919934858141,VOICE,196,404695400395199,354298125841786,Rajasthan_BTS_007,404-45-470-225,Rajasthan
CDR202600028776,2025-12-09,05:09:22,+918105293797,+917916697566,VOICE,166,404997745244185,358580310871131,Gujarat_BTS_007,404-45-106-778,Gujarat
CDR202600028825,2025-10-05,04:50:14,+916558226485,+918522100638,VOICE,58,404093333365966,350718615701900,Maharashtra_BTS_005,404-45-181-876,Maharashtra
CDR202600028831,2025-01-22,04:56:45,+917442840403,+918024212426,VOICE,27,404933941019371,353130562357243,Maharashtra_BTS_006,404-45-987-104,Maharashtra
CDR202600028834,2025-06-05,22:08:19,+918270067075,+918834146860,MISSED,0,404213880984622,354896678283703,Maharashtra_BTS_009,404-45-350-168,Maharashtra
CDR202600028851,2025-02-12,17:15:50,+917900254663,+917987290912,VOICE,27,404155538112761,358001207637750,UttarPradesh_BTS_011,404-45-357-928,Uttar Pradesh
CDR202600028890,2025-03-13,00:29:29,+917416087505,+919414347411,VOICE,178,404788939313119,357961969725136,WestBengal_BTS_009,404-45-304-837,West Bengal
CDR202600028894,2025-03-14,06:08:40,+919371743743,+917997413210,VOICE,221,404134518066240,358686474986072,Delhi_BTS_001,404-45-180-088,Delhi
CDR202600028899,2025-02-23,08:55:10,+916661818948,+917819700767,VOICE,124,404328893621551,352390536422355,Rajasthan_BTS_003,404-45-924-324,Rajasthan
CDR202600028916,2025-01-22,19:24:13,+917795530276,+917594521346,VOICE,21,404388681313721,351611048138259,Delhi_BTS_001,404-45-180-088,Delhi
CDR202600028934,2025-06-19,20:20:16,+916498031898,+917540718691,VOICE,39,404038777769437,359402526627565,Karnataka_BTS_005,404-45-371-949,Karnataka
CDR202600028941,2025-06-17,19:41:05,+919595906001,+917282202555,SMS,0,404421389569050,355773905276822,Mumbai_BTS_011,404-45-287-286,Mumbai
CDR202600028972,2025-12-27,14:46:16,+917213166395,+918371507888,VOICE,35,404614243996529,353257499011428,Maharashtra_BTS_006,404-45-489-285,Maharashtra
CDR202600029007,2025-07-18,10:12:39,+917696453514,+919773548917,VOICE,599,404649261707261,358238343725756,UttarPradesh_BTS_003,404-45-650-219,Uttar Pradesh
CDR202600029016,2025-01-03,09:40:56,+918671851303,+918946516483,VOICE,62,404457182642696,354493985875994,Rajasthan_BTS_012,404-45-798-907,Rajasthan
CDR202600029040,2025-03-22,23:04:14,+919170843113,+916763975075,VOICE,83,404320149774639,353529317082572,Mumbai_BTS_008,404-45-984-747,Mumbai
CDR202600029058,2025-07-13,17:00:06,+919367245100,+917233331922,VOICE,89,404495779588060,358381110494562,Maharashtra_BTS_007,404-45-479-364,Maharashtra
CDR202600029066,2025-06-09,17:45:54,+916720576533,+918018025637,VOICE,283,404412670587383,355669597552025,Maharashtra_BTS_009,404-45-646-747,Maharashtra
CDR202600029068,2025-05-11,08:51:32,+917790056636,+916858578040,VOICE,212,404234553874690,359037807415142,Rajasthan_BTS_007,404-45-470-225,Rajasthan
CDR202600029071,2025-08-02,04:18:46,+918335471524,+916028073851,VOICE,89,404943595860397,350947287373773,Mumbai_BTS_008,404-45-462-434,Mumbai
CDR202600029074,2025-12-03,19:04:14,+916474035758,+916769007696,VOICE,145,404016929370742,351252633238717,Mumbai_BTS_004,404-45-980-339,Mumbai
CDR202600029077,2025-10-06,15:17:10,+918007729661,+916401287273,VOICE,57,404152898350397,350817557895460,Rajasthan_BTS_013,404-45-887-657,Rajasthan
CDR202600029087,2025-07-03,17:24:26,+918613480895,+919637359630,VOICE,10,404429097506147,351847292245974,Delhi_BTS_002,404-45-878-546,Delhi
CDR202600029106,2025-04-17,17:14:58,+917369635659,+917001870786,VOICE,34,404151034425219,358226395957063,TamilNadu_BTS_004,404-45-683-253,Tamil Nadu
CDR202600029122,2025-12-31,14:41:36,+916400529469,+917447850192,SMS,0,404336708771132,350245176087589,Karnataka_BTS_005,404-45-371-949,Karnataka
CDR202600029131,2025-05-23,12:35:23,+917933350510,+919663933582,VOICE,320,404676170832880,356890783418201,Delhi_BTS_002,404-45-878-546,Delhi
CDR202600029140,2025-02-19,08:59:42,+917418009970,+917555567895,VOICE,254,404079671621878,353200109819112,WestBengal_BTS_008,404-45-979-482,West Bengal
CDR202600029160,2025-01-17,05:03:22,+917590663736,+918913096051,VOICE,30,404648222988446,350653832684809,Delhi_BTS_005,404-45-508-688,Delhi
CDR202600029183,2025-09-07,20:44:46,+916406226532,+916886702566,VOICE,323,404149716264583,352500288814248,Rajasthan_BTS_007,404-45-697-409,Rajasthan
CDR202600029185,2025-07-01,15:59:28,+918126535785,+916439791323,VOICE,20,404140723075217,350740748310729,Gujarat_BTS_006,404-45-833-666,Gujarat
CDR202600029196,2025-01-10,11:11:22,+918500889903,+919378862324,SMS,0,404361210168128,359954268679548,UttarPradesh_BTS_005,404-45-261-449,Uttar Pradesh
CDR202600029223,2025-05-28,00:06:48,+916050869454,+918711713470,VOICE,62,404841345454119,350688172217439,Rajasthan_BTS_001,404-45-376-948,Rajasthan
CDR202600029239,2025-07-14,01:48:24,+918514426932,+917815456502,VOICE,40,404181872110029,354169991495454,UttarPradesh_BTS_015,404-45-658-037,Uttar Pradesh
CDR202600029240,2025-11-13,20:10:53,+918310372935,+916287445230,VOICE,117,404508941668710,353253529030025,Maharashtra_BTS_002,404-45-718-271,Maharashtra
CDR202600029270,2025-06-06,12:33:03,+916469404237,+916355796475,VOICE,70,404292750859975,353752578646631,UttarPradesh_BTS_011,404-45-194-650,Uttar Pradesh
CDR202600029314,2025-10-28,05:10:20,+917632947740,+916670907079,VOICE,142,404327605953829,357820361331867,UttarPradesh_BTS_012,404-45-145-004,Uttar Pradesh
CDR202600029319,2025-10-03,08:44:43,+919179764187,+916067063475,VOICE,15,404565894446617,353029538286091,Karnataka_BTS_007,404-45-294-304,Karnataka
CDR202600029320,2025-10-22,23:49:07,+916020248860,+918153552051,SMS,0,404928462128422,353837458083761,Karnataka_BTS_005,404-45-371-949,Karnataka
CDR202600029323,2025-08-28,04:11:29,+918129273278,+917179768335,SMS,0,404205612375283,354002836777665,TamilNadu_BTS_003,404-45-170-610,Tamil Nadu
CDR202600029345,2025-10-28,23:44:30,+917447850192,+917555567895,VOICE,5,404905543743590,353730691242345,WestBengal_BTS_005,404-45-785-885,West Bengal
CDR202600029365,2025-10-08,05:37:47,+916769007696,+919132232639,VOICE,38,404072283190811,352160072310757,UttarPradesh_BTS_010,404-45-308-704,Uttar Pradesh
CDR202600029388,2025-11-23,00:37:57,+917967577356,+919686242865,VOICE,30,404537593379561,351972888968305,Maharashtra_BTS_008,404-45-818-960,Maharashtra
CDR202600029392,2025-11-22,10:18:07,+916588879633,+919526850403,VOICE,195,404377638742321,357905320447166,Mumbai_BTS_008,404-45-155-690,Mumbai
CDR202600029394,2025-07-07,17:30:12,+916101094421,+918806117659,VOICE,76,404540278138947,354038409418467,Mumbai_BTS_007,404-45-196-100,Mumbai
CDR202600029396,2025-10-24,15:41:39,+918481942857,+918889939402,VOICE,31,404681651268899,355095355318434,Maharashtra_BTS_006,404-45-987-104,Maharashtra
CDR202600029398,2025-11-28,22:24:11,+918711318313,+917641747004,VOICE,62,404567772711752,356821732481108,UttarPradesh_BTS_009,404-45-378-289,Uttar Pradesh
CDR202600029400,2025-04-16,15:06:47,+919893704108,+919888611394,VOICE,3,404029496880960,352579242177949,Rajasthan_BTS_017,404-45-897-945,Rajasthan
CDR202600029435,2025-10-03,03:10:31,+917963890054,+919899054849,VOICE,88,404147715345771,357866627752590,Rajasthan_BTS_006,404-45-862-575,Rajasthan
CDR202600029436,2025-09-27,13:01:42,+919014773217,+917466191932,VOICE,133,404672334219551,354161177122831,Karnataka_BTS_005,404-45-565-293,Karnataka
CDR202600029456,2025-06-09,01:10:39,+916376859846,+917973251352,VOICE,160,404700381456089,351305229306729,UttarPradesh_BTS_010,404-45-308-704,Uttar Pradesh
CDR202600029475,2025-05-27,04:12:11,+919011520723,+918279910426,VOICE,307,404652492492171,354207615589153,Rajasthan_BTS_004,404-45-680-898,Rajasthan
CDR202600029481,2025-07-06,17:57:46,+918284997074,+919484625211,VOICE,165,404946522768679,358692213603300,WestBengal_BTS_002,404-45-355-683,West Bengal
CDR202600029518,2025-07-27,01:43:28,+918412106129,+916801079158,VOICE,96,404970881197658,357535264196094,UttarPradesh_BTS_008,404-45-860-567,Uttar Pradesh
CDR202600029519,2025-03-23,03:43:32,+916118944453,+916207044235,MISSED,0,404410342769352,357336022639552,UttarPradesh_BTS_002,404-45-174-010,Uttar Pradesh
CDR202600029529,2025-11-21,18:46:05,+918677004464,+917330989925,VOICE,30,404024205095451,354353699984215,Rajasthan_BTS_004,404-45-316-936,Rajasthan
CDR202600029533,2025-05-01,09:02:34,+919785436959,+917558764422,VOICE,34,404295091793396,351673037284825,Karnataka_BTS_006,404-45-669-678,Karnataka
CDR202600029534,2025-04-08,23:46:46,+918904179965,+917024759031,VOICE,26,404068179415673,358310895976384,TamilNadu_BTS_006,404-45-678-536,Tamil Nadu
CDR202600029540,2025-10-24,21:55:42,+918704996349,+916332462710,MISSED,0,404777064011575,353092383605422,Rajasthan_BTS_014,404-45-564-004,Rajasthan
CDR202600029544,2025-01-17,15:04:05,+918502236248,+919463351743,VOICE,32,404133429151873,355815038037471,Gujarat_BTS_004,404-45-130-096,Gujarat
CDR202600029547,2025-01-13,03:58:27,+916326263871,+919534747003,VOICE,122,404619588425230,355377376370777,Rajasthan_BTS_015,404-45-282-520,Rajasthan
CDR202600029573,2025-10-06,19:38:42,+918677040584,+919614333439,SMS,0,404456792018511,352371595095993,Delhi_BTS_006,404-45-223-254,Delhi
CDR202600029579,2025-05-14,06:49:46,+919505479050,+917230153967,VOICE,90,404499298404027,351598353762720,Rajasthan_BTS_013,404-45-887-657,Rajasthan
CDR202600029607,2025-06-24,01:19:50,+917364876856,+917684022476,VOICE,19,404203329560083,350960870122369,Rajasthan_BTS_009,404-45-742-164,Rajasthan
CDR202600029613,2025-03-26,14:03:57,+919580986919,+917101589949,VOICE,48,404179832006668,356471904339330,TamilNadu_BTS_002,404-45-620-083,Tamil Nadu
CDR202600029615,2025-02-28,09:08:07,+919509871784,+917064324097,VOICE,1,404687876144280,354047775846149,Rajasthan_BTS_002,404-45-334-842,Rajasthan
CDR202600029623,2025-03-24,02:52:34,+917016396826,+916553352124,VOICE,67,404169924410029,357505534116748,Karnataka_BTS_006,404-45-813-981,Karnataka
CDR202600029634,2025-05-11,19:11:46,+916858578040,+917926495768,VOICE,81,404273441539796,350753500924898,Mumbai_BTS_007,404-45-196-100,Mumbai
CDR202600029636,2025-03-09,16:07:36,+919506654797,+918761259355,VOICE,93,404965229904744,355662056328986,Delhi_BTS_003,404-45-371-541,Delhi
CDR202600029645,2025-12-24,13:31:12,+917693280362,+918542476320,VOICE,161,404784250091232,352783540103161,UttarPradesh_BTS_009,404-45-719-216,Uttar Pradesh
CDR202600029676,2025-04-25,03:51:33,+917764073272,+916625071606,SMS,0,404136886911682,356861286872314,UttarPradesh_BTS_010,404-45-749-874,Uttar Pradesh
CDR202600029707,2025-09-20,16:19:59,+917628158707,+919325185267,MISSED,0,404508750125467,352501463741109,Rajasthan_BTS_001,404-45-670-225,Rajasthan
CDR202600029709,2025-05-12,14:27:43,+919325366085,+916306053410,SMS,0,404507976539953,359659953668973,WestBengal_BTS_002,404-45-355-683,West Bengal
CDR202600029723,2025-02-01,21:54:57,+919951202821,+918139555438,VOICE,238,404734477214242,358263368530564,UttarPradesh_BTS_001,404-45-371-406,Uttar Pradesh
CDR202600029735,2025-11-13,14:17:19,+918013881810,+919996685107,MISSED,0,404550999803573,354713267585449,Maharashtra_BTS_001,404-45-881-345,Maharashtra
CDR202600029749,2025-08-10,12:13:52,+919631752800,+916002252699,VOICE,44,404050174486761,352851889632917,Karnataka_BTS_007,404-45-294-304,Karnataka
CDR202600029767,2025-07-09,19:12:09,+919282430009,+916048585340,VOICE,25,404555561566700,358438580519187,UttarPradesh_BTS_005,404-45-261-449,Uttar Pradesh
CDR202600029773,2025-05-12,03:18:38,+916704041859,+919233102366,VOICE,155,404520732707622,356513701625460,TamilNadu_BTS_003,404-45-170-610,Tamil Nadu
CDR202600029792,2025-05-12,09:50:32,+918727635301,+918721606129,VOICE,115,404052649699540,353067160106239,UttarPradesh_BTS_004,404-45-457-903,Uttar Pradesh
CDR202600029801,2025-06-16,14:57:28,+916020248860,+918017626271,VOICE,340,404928462128422,353837458083761,Maharashtra_BTS_009,404-45-646-747,Maharashtra
CDR202600029814,2025-01-07,02:38:54,+919947355979,+918986996076,VOICE,4,404337269587496,352607597038756,Maharashtra_BTS_007,404-45-750-855,Maharashtra
CDR202600029879,2025-06-29,01:42:59,+918916760794,+918127731517,MISSED,0,404314766401059,354219818809469,UttarPradesh_BTS_006,404-45-769-542,Uttar Pradesh
CDR202600029881,2025-01-16,20:26:53,+919958991119,+916704633347,VOICE,114,404594529141815,353526650907378,Rajasthan_BTS_014,404-45-839-897,Rajasthan
CDR202600029916,2025-05-06,11:30:19,+917177023411,+918749548874,VOICE,79,404620998741764,352952570631966,Maharashtra_BTS_005,404-45-891-297,Maharashtra
CDR202600029974,2025-08-17,16:39:28,+918169255646,+917754642980,SMS,0,404774589693970,352028603364357,Rajasthan_BTS_016,404-45-303-157,Rajasthan
CDR202600029975,2025-07-27,12:57:15,+916564902284,+917277062832,MISSED,0,404598620327583,355925252229032,WestBengal_BTS_005,404-45-785-885,West Bengal
CDR202600029982,2025-04-06,11:48:18,+918782882163,+918829617027,VOICE,9,404895865532776,357523583078008,Mumbai_BTS_007,404-45-196-100,Mumbai
CDR202600030034,2025-06-18,17:33:41,+916415613537,+918622131877,SMS,0,404639444345978,352684962125496,WestBengal_BTS_009,404-45-304-837,West Bengal
CDR202600030045,2025-02-25,08:08:30,+917184993425,+918699480610,VOICE,4,404873041230708,350843406873269,Delhi_BTS_001,404-45-180-088,Delhi
CDR202600030057,2025-07-15,14:29:37,+917361672964,+916316168850,VOICE,179,404495543278807,358091866549184,Maharashtra_BTS_003,404-45-487-081,Maharashtra
CDR202600030062,2025-04-24,16:39:51,+916927808946,+916938174319,VOICE,83,404888864496550,357401729368132,Mumbai_BTS_006,404-45-785-498,Mumbai
CDR202600030064,2025-07-23,19:58:44,+918435705453,+918317003476,VOICE,128,404975665280218,352397450368280,Delhi_BTS_006,404-45-223-254,Delhi
CDR202600030069,2025-06-03,11:43:57,+917088277832,+918660709681,VOICE,36,404727065173961,351211709645568,Mumbai_BTS_008,404-45-462-434,Mumbai
CDR202600030078,2025-06-22,13:48:58,+917037154208,+916953509233,VOICE,197,404715107373911,356309695850866,UttarPradesh_BTS_010,404-45-749-874,Uttar Pradesh
CDR202600030093,2025-10-03,08:29:19,+916983699346,+917506145552,VOICE,22,404622798947285,359512766727633,Karnataka_BTS_007,404-45-322-992,Karnataka
CDR202600030119,2025-07-28,11:13:03,+919632720163,+917874115595,VOICE,16,404075971778596,354401901706755,Karnataka_BTS_006,404-45-848-803,Karnataka
CDR202600030133,2025-01-06,11:17:05,+916745720308,+918388880450,VOICE,20,404817910330439,355165110855507,Rajasthan_BTS_010,404-45-710-066,Rajasthan
CDR202600030150,2025-12-30,12:22:03,+918157497681,+919441396016,VOICE,30,404789687359024,353940159388366,Maharashtra_BTS_009,404-45-350-168,Maharashtra
CDR202600030159,2025-08-12,14:46:11,+917418323594,+917815456502,VOICE,12,404880821189618,350919708106872,TamilNadu_BTS_006,404-45-773-598,Tamil Nadu
CDR202600030166,2025-03-10,17:47:42,+919303089176,+918147651676,VOICE,245,404328360732628,356269143015192,WestBengal_BTS_005,404-45-901-954,West Bengal
CDR202600030191,2025-07-08,06:52:22,+917327208351,+919614333439,VOICE,5,404158262383517,356215675926584,UttarPradesh_BTS_007,404-45-370-119,Uttar Pradesh
CDR202600030220,2025-04-17,22:01:27,+916716145567,917410353518,VOICE,123,404892025850861,351677749900463,WestBengal_BTS_009,404-45-571-359,West Bengal
CDR202600030233,2025-05-15,06:31:00,+918455401495,+918621518958,VOICE,468,404487736437638,357571786863007,UttarPradesh_BTS_008,404-45-860-567,Uttar Pradesh
CDR202600030269,2025-04-06,10:01:54,+918488433513,+919157797608,VOICE,99,404747793993808,357812880139134,UttarPradesh_BTS_011,404-45-966-053,Uttar Pradesh
CDR202600030279,2025-11-26,12:16:52,+919514705651,+918251090062,VOICE,362,404503335139441,354307937429951,UttarPradesh_BTS_013,404-45-552-565,Uttar Pradesh
CDR202600030283,2025-09-17,13:08:23,+918627855226,+919899054849,VOICE,4,404623407165712,357893830512619,Gujarat_BTS_007,404-45-703-285,Gujarat
CDR202600030300,2025-10-13,19:03:33,+919923059060,+918500889903,VOICE,94,404475949804189,357889388017517,WestBengal_BTS_002,404-45-315-699,West Bengal
CDR202600030301,2025-01-15,18:09:34,+916537754178,+917566387428,VOICE,175,404816644790450,352424314199487,Maharashtra_BTS_001,404-45-881-345,Maharashtra
CDR202600030311,2025-11-30,07:41:13,+917173526045,+916055344520,VOICE,251,404260239063110,354702425585516,UttarPradesh_BTS_013,404-45-552-565,Uttar Pradesh
CDR202600030327,2025-02-16,01:27:50,+916222373335,+918923690973,VOICE,98,404699901068535,358655679352226,Rajasthan_BTS_010,404-45-494-391,Rajasthan
CDR202600030339,2025-02-22,03:53:08,+917108603202,+917357172602,VOICE,17,404004349417450,353283973633958,TamilNadu_BTS_003,404-45-170-610,Tamil Nadu
CDR202600030372,2025-07-24,04:24:43,+918471014556,+916415613537,VOICE,52,404637432414777,359435149113086,Rajasthan_BTS_016,404-45-303-157,Rajasthan
CDR202600030408,2025-07-26,00:59:03,+918511913567,+916269160160,VOICE,56,404131991356366,358032687194636,Rajasthan_BTS_017,404-45-880-166,Rajasthan
CDR202600030425,2025-10-03,01:16:08,+916899271434,+917373608917,VOICE,118,404421629476650,357285006818961,Rajasthan_BTS_019,404-45-119-115,Rajasthan
CDR202600030455,2025-05-10,21:31:00,+917463499609,+916834774991,VOICE,285,404585546643825,354139434432692,Karnataka_BTS_005,404-45-902-804,Karnataka
CDR202600030466,2025-10-13,05:52:59,+917444247535,+919431538758,VOICE,590,404355890466229,359321396188940,WestBengal_BTS_003,404-45-258-948,West Bengal
CDR202600030494,2025-04-22,02:45:50,+917654232184,+916574652350,VOICE,107,404850782025279,359043332001581,Rajasthan_BTS_007,404-45-470-225,Rajasthan
CDR202600030511,2025-09-25,18:58:51,+917330670712,+918726615464,VOICE,142,404820955021621,355044122057312,Delhi_BTS_006,404-45-548-922,Delhi
CDR202600030514,2025-07-05,13:49:26,+917877021144,+918233464916,MISSED,0,404676924070149,351746356538795,UttarPradesh_BTS_013,404-45-265-760,Uttar Pradesh
CDR202600030544,2025-07-27,13:29:04,+916844915057,+916516598176,VOICE,151,404321544735733,355956834547398,Mumbai_BTS_010,404-45-919-883,Mumbai
CDR202600030547,2025-10-18,22:29:13,+917433422977,+919063395410,VOICE,26,404824972666194,350643031565003,TamilNadu_BTS_006,404-45-678-536,Tamil Nadu
CDR202600030559,2025-10-24,11:21:43,+917801519560,+919628453819,VOICE,93,404794358148161,351276565466601,Gujarat_BTS_002,404-45-854-105,Gujarat
CDR202600030577,2025-01-08,04:15:09,+918408536997,+919499691293,VOICE,62,404397773462215,359073815002213,Karnataka_BTS_005,404-45-102-400,Karnataka
CDR202600030580,2025-11-29,14:22:50,+918539939026,+919690082317,VOICE,26,404839563872576,356085076329633,Delhi_BTS_003,404-45-993-622,Delhi
CDR202600030597,2025-03-04,03:28:47,+919772774577,+919875402560,SMS,0,404124662230254,351428845737864,Rajasthan_BTS_002,404-45-334-842,Rajasthan
CDR202600030619,2025-11-23,17:12:19,+916434487669,+919154296858,VOICE,82,404995875079320,353145955514342,UttarPradesh_BTS_012,404-45-145-004,Uttar Pradesh
CDR202600030625,2025-03-09,08:54:21,+919161966944,+917810864190,VOICE,17,404435610990791,351815516854444,Gujarat_BTS_001,404-45-859-282,Gujarat
CDR202600030630,2025-06-14,16:46:29,+917486228408,+919065812222,VOICE,48,404409934506043,359916036675683,Maharashtra_BTS_007,404-45-479-364,Maharashtra
CDR202600030697,2025-04-01,03:11:14,+918940237490,+916846943785,VOICE,269,404884974809132,359120968456605,Maharashtra_BTS_003,404-45-665-301,Maharashtra
CDR202600030699,2025-07-26,15:47:15,+918435705453,+918064175201,VOICE,94,404975665280218,352397450368280,Maharashtra_BTS_005,404-45-891-297,Maharashtra
CDR202600030701,2025-11-18,16:05:43,+918284997074,+918729346255,VOICE,124,404946522768679,358692213603300,Gujarat_BTS_004,404-45-130-096,Gujarat
CDR202600030722,2025-03-16,13:57:51,+919311039653,+918758763221,SMS,0,404193726016782,356718409206322,Mumbai_BTS_001,404-45-446-022,Mumbai
CDR202600030733,2025-09-05,09:12:11,+917178752596,+918823618866,SMS,0,404684446861815,350614366865501,Maharashtra_BTS_008,404-45-818-960,Maharashtra
CDR202600030743,2025-04-14,10:17:34,+919503607432,+917464713073,VOICE,63,404679404962616,353277448010694,WestBengal_BTS_002,404-45-315-699,West Bengal
CDR202600030752,2025-07-28,19:05:04,+918711318313,+918679570092,VOICE,249,404567772711752,353493772922579,Karnataka_BTS_003,404-45-597-493,Karnataka
CDR202600030764,2025-11-16,01:09:29,+916623239400,+919004689486,SMS,0,404731577277212,350093684578215,Maharashtra_BTS_009,404-45-646-747,Maharashtra
CDR202600030770,2025-05-02,14:42:17,+917934800357,+919435611650,VOICE,23,404366042697855,355030292086403,Delhi_BTS_003,404-45-662-170,Delhi
CDR202600030777,2025-11-18,12:31:11,+916861162202,+919393824493,VOICE,45,404969721934546,351218164653593,UttarPradesh_BTS_011,404-45-194-650,Uttar Pradesh
CDR202600030783,2025-07-31,01:30:23,+918098143314,+919275704263,VOICE,103,404031458277350,355844976136170,Karnataka_BTS_004,404-45-985-411,Karnataka
CDR202600030813,2025-04-04,19:43:48,+916641830807,+916958719481,VOICE,293,404169195408567,358625920465079,Maharashtra_BTS_009,404-45-350-168,Maharashtra
CDR202600030827,2025-08-02,20:22:37,+916131684776,+918176056203,SMS,0,404469926359315,355641679006187,Rajasthan_BTS_019,404-45-119-115,Rajasthan
CDR202600030829,2025-06-19,18:30:02,+919951560890,+918129273278,VOICE,21,404408074540657,352182295009882,Rajasthan_BTS_004,404-45-680-898,Rajasthan
CDR202600030838,2025-07-12,15:54:30,+919319450517,+918597220025,VOICE,301,404276774507539,358523772914424,Karnataka_BTS_005,404-45-371-949,Karnataka
CDR202600030846,2025-10-21,20:05:24,+916928487160,+916316168850,VOICE,13,404294899697222,359209926292467,Rajasthan_BTS_016,404-45-303-157,Rajasthan
CDR202600030849,2025-08-16,19:16:01,+917401831336,+919378862324,VOICE,432,404326115522842,356574977352102,Maharashtra_BTS_009,404-45-350-168,Maharashtra
CDR202600030865,2025-09-29,09:41:35,+916405988974,+917143289283,SMS,0,404989630331467,358168268366441,Rajasthan_BTS_015,404-45-208-892,Rajasthan
CDR202600030869,2025-05-04,13:54:08,+917973251352,+919766255695,SMS,0,404842703324974,350053906234228,Rajasthan_BTS_017,404-45-880-166,Rajasthan
CDR202600030880,2025-11-03,12:22:27,+918329064816,+916182088860,VOICE,241,404265712230190,350373713440951,UttarPradesh_BTS_010,404-45-749-874,Uttar Pradesh
CDR202600030890,2025-12-30,19:14:42,+918335471524,+917313633842,VOICE,133,404943595860397,350947287373773,UttarPradesh_BTS_007,404-45-779-107,Uttar Pradesh
CDR202600030913,2025-12-22,01:09:07,+919088282045,+919930193101,VOICE,20,404738850349737,350499824426279,Rajasthan_BTS_014,404-45-564-004,Rajasthan
CDR202600030914,2025-08-15,13:13:28,+919014629003,+918248898163,VOICE,2,404236676065163,351893425595751,Delhi_BTS_002,404-45-884-129,Delhi
CDR202600030929,2025-11-22,08:00:01,+919561166692,+919544756358,VOICE,119,404161386418065,352083604132532,Karnataka_BTS_004,404-45-160-169,Karnataka
CDR202600030930,2025-10-17,21:05:51,+917305629048,+916323599598,VOICE,21,404111142603613,352854249692099,Rajasthan_BTS_015,404-45-208-892,Rajasthan
CDR202600030932,2025-10-24,07:06:00,+916226265278,+919412279889,MISSED,0,404924523188671,354937527199007,Gujarat_BTS_007,404-45-106-778,Gujarat
CDR202600030937,2025-01-06,19:09:27,+917779098299,+916812910123,SMS,0,404433977280921,350725981945852,UttarPradesh_BTS_012,404-45-233-653,Uttar Pradesh
CDR202600030954,2025-03-23,01:35:18,+919170525164,+917611934656,VOICE,45,404158011507508,352158436741586,UttarPradesh_BTS_010,404-45-749-874,Uttar Pradesh
CDR202600030996,2025-07-23,05:55:00,+916619262865,+918752881080,VOICE,66,404432613761833,353100483085196,Mumbai_BTS_003,404-45-334-070,Mumbai
CDR202600031048,2025-09-19,10:30:56,+918023844567,+918407317690,SMS,0,404171825128017,352189169124027,Karnataka_BTS_005,404-45-102-400,Karnataka
CDR202600031049,2025-03-31,05:52:02,+919916616877,+917359200663,VOICE,15,404371374231387,355112748565366,Delhi_BTS_003,404-45-662-170,Delhi
CDR202600031065,2025-09-28,13:38:25,+916438711116,+916859750986,VOICE,207,404914153417442,359053659920419,Rajasthan_BTS_010,404-45-641-258,Rajasthan
CDR202600031068,2025-08-19,13:00:25,+919055391113,+919513296299,VOICE,99,404108290125769,356137222883259,UttarPradesh_BTS_012,404-45-233-653,Uttar Pradesh
CDR202600031108,2025-06-23,10:02:20,+918353878878,+916288286822,VOICE,106,404653449225981,354225282336672,UttarPradesh_BTS_004,404-45-457-903,Uttar Pradesh
CDR202600031139,2025-04-13,00:46:35,+918061597471,+919049670765,VOICE,92,404775815968063,357681365599503,Gujarat_BTS_002,404-45-328-143,Gujarat
CDR202600031140,2025-12-25,08:17:21,+918870387542,+918281664145,VOICE,31,404831891143260,358152570851604,UttarPradesh_BTS_006,404-45-769-542,Uttar Pradesh
CDR202600031148,2025-02-26,19:51:55,+919833982372,+916910071557,VOICE,204,404162109148871,359810278438829,Mumbai_BTS_008,404-45-155-690,Mumbai
CDR202600031159,2025-01-15,09:50:07,+918793879665,+919871681664,MISSED,0,404384638675569,356774121962578,Maharashtra_BTS_003,404-45-487-081,Maharashtra
CDR202600031198,2025-08-12,15:55:00,+917234440230,+917532256948,VOICE,1,404818680789400,354356321178293,Mumbai_BTS_007,404-45-516-195,Mumbai
CDR202600031211,2025-08-23,20:13:49,+917635392334,+918580479082,VOICE,23,404053027210892,357041146989574,UttarPradesh_BTS_006,404-45-108-684,Uttar Pradesh
CDR202600031219,2025-02-06,15:07:47,+918751136354,+919479970582,SMS,0,404955494298380,358493104613870,Karnataka_BTS_004,404-45-160-169,Karnataka
CDR202600031251,2025-02-16,00:07:13,+916846943785,+918532486936,VOICE,84,404087287051004,353092790575328,WestBengal_BTS_007,404-45-491-894,West Bengal
CDR202600031272,2025-04-27,00:57:38,+918680045420,+918897183146,SMS,0,404339619439871,359012129093961,UttarPradesh_BTS_003,404-45-736-577,Uttar Pradesh
CDR202600031276,2025-02-10,12:19:05,+919942741583,+916144344588,SMS,0,404552839525702,350156353777565,UttarPradesh_BTS_002,404-45-869-959,Uttar Pradesh
CDR202600031281,2025-07-15,21:30:02,+918620157220,+917594789568,VOICE,88,404090012245319,353660739357435,Mumbai_BTS_002,404-45-107-073,Mumbai
CDR202600031324,2025-10-18,07:31:50,+916014935471,+917230760386,VOICE,187,404631217936337,354618489071977,Mumbai_BTS_002,404-45-107-073,Mumbai
CDR202600031326,2025-05-22,18:15:12,+919624165397,+916454279208,VOICE,252,404806819310897,351285279602815,TamilNadu_BTS_006,404-45-773-598,Tamil Nadu
CDR202600031352,2025-11-24,14:45:51,+916670907079,+919649824597,SMS,0,404870316583064,357187305784267,Rajasthan_BTS_004,404-45-316-936,Rajasthan
CDR202600031357,2025-10-03,12:58:13,+918491357224,+919832787321,VOICE,185,404815788527820,358040877547756,Rajasthan_BTS_008,404-45-981-113,Rajasthan
CDR202600031359,2025-03-17,12:24:36,+918453494614,+918835580883,VOICE,66,404877664623260,354564989791516,Rajasthan_BTS_014,404-45-839-897,Rajasthan
CDR202600031367,2025-08-03,20:44:00,+917957586983,+917787587308,VOICE,3,404260032740486,351302547826382,UttarPradesh_BTS_013,404-45-552-565,Uttar Pradesh
CDR202600031372,2025-11-12,05:27:04,+918182074379,+918627421629,VOICE,29,404239400612104,357524464232014,WestBengal_BTS_001,404-45-230-043,West Bengal
CDR202600031378,2025-12-19,12:07:27,+919955669684,+917480595826,VOICE,46,404234705121296,355370857050510,Maharashtra_BTS_007,404-45-479-364,Maharashtra
CDR202600031411,2025-04-28,06:11:04,+916392171813,+919983610904,VOICE,437,404312977760892,356010553251353,Mumbai_BTS_010,404-45-919-883,Mumbai
CDR202600031424,2025-09-20,02:27:20,+917351880876,+917039452657,VOICE,106,404951864465621,358794346497314,Rajasthan_BTS_019,404-45-119-115,Rajasthan
CDR202600031432,2025-08-03,09:58:55,+919298701709,+917036278974,SMS,0,404456206092491,351667672624382,UttarPradesh_BTS_002,404-45-568-324,Uttar Pradesh
CDR202600031452,2025-11-21,09:12:24,+916326243819,+918814548537,VOICE,13,404101232690789,354980417445130,Rajasthan_BTS_006,404-45-246-272,Rajasthan
CDR202600031461,2025-08-22,21:32:08,+916423301118,+919692768318,VOICE,303,404980191503784,353272001634565,Delhi_BTS_004,404-45-847-707,Delhi
CDR202600031469,2025-12-19,11:34:54,+917436758989,+917180780462,VOICE,3,404040014306940,356833087048029,TamilNadu_BTS_005,404-45-734-084,Tamil Nadu
CDR202600031470,2025-10-05,02:55:30,+916226265278,+918236781960,VOICE,222,404924523188671,354937527199007,WestBengal_BTS_005,404-45-521-822,West Bengal
CDR202600031488,2025-09-27,15:51:18,+918862004084,+919761565753,VOICE,331,404319278897660,356538526088248,Mumbai_BTS_008,404-45-462-434,Mumbai
CDR202600031512,2025-02-25,23:01:46,+916696288792,+919101756858,VOICE,388,404723858309056,350228575930644,Rajasthan_BTS_007,404-45-470-225,Rajasthan
CDR202600031529,2025-11-15,18:20:12,+917956864202,+916086664390,VOICE,311,404617063995967,357820134159756,WestBengal_BTS_003,404-45-258-948,West Bengal
CDR202600031531,2025-02-16,21:04:08,+919129431042,+919400363649,VOICE,857,404787810801197,359834633111010,Mumbai_BTS_008,404-45-462-434,Mumbai
CDR202600031558,2025-06-16,21:14:31,+918796913605,+917221820048,VOICE,369,404709089507140,353125055140913,Maharashtra_BTS_002,404-45-967-353,Maharashtra
CDR202600031577,2025-08-21,07:04:40,+916720576533,+917677034529,MISSED,0,404412670587383,355581116829626,Karnataka_BTS_006,404-45-835-499,Karnataka
CDR202600031591,2025-08-14,10:00:12,+917599232407,+919297898204,VOICE,67,404420326326109,353363550658587,TamilNadu_BTS_004,404-45-513-123,Tamil Nadu
CDR202600031649,2025-09-02,07:50:12,+919648858310,+916453571115,VOICE,84,404078970136824,357911795436056,WestBengal_BTS_003,404-45-266-820,West Bengal
CDR202600031660,2025-12-16,16:52:33,+916365135813,+919714509826,VOICE,136,404420547259488,359778451529164,WestBengal_BTS_003,404-45-258-948,West Bengal
CDR202600031668,2025-09-12,21:25:41,+916423682242,+919518807596,VOICE,167,404825744866022,351100148577827,TamilNadu_BTS_001,404-45-614-942,Tamil Nadu
CDR202600031696,2025-04-12,13:31:49,+916341506720,+919150133445,VOICE,5,404139679646912,355827395200777,Maharashtra_BTS_008,404-45-799-664,Maharashtra
CDR202600031751,2025-05-31,13:00:34,+916352073232,+918371376124,VOICE,55,404607636926466,358753366810911,Rajasthan_BTS_018,404-45-713-332,Rajasthan
CDR202600031763,2025-04-11,18:45:03,+919705416563,+918854666127,VOICE,44,404199096378731,356710995888621,Maharashtra_BTS_002,404-45-967-353,Maharashtra
CDR202600031764,2025-06-05,13:38:02,+916560482207,+917414233317,VOICE,129,404997287147467,351784705156675,UttarPradesh_BTS_013,404-45-822-438,Uttar Pradesh
CDR202600031776,2025-07-07,16:21:27,+917108603202,+916711836443,VOICE,58,404004349417450,353283973633958,Rajasthan_BTS_012,404-45-798-907,Rajasthan
CDR202600031783,2025-04-07,08:33:23,+918476762224,+916758605522,VOICE,63,404649195429316,353726098371994,Mumbai_BTS_006,404-45-319-553,Mumbai
CDR202600031786,2025-12-31,21:24:32,+918176056203,+916143387394,VOICE,55,404523501080206,359687646752705,Delhi_BTS_004,404-45-847-707,Delhi
CDR202600031817,2025-09-03,00:13:43,+918458621737,+916769007696,VOICE,267,404081250450305,356925998069088,Mumbai_BTS_002,404-45-107-073,Mumbai
CDR202600031823,2025-04-04,12:08:38,+917960741167,+917749468503,VOICE,32,404751004502298,355707484783919,UttarPradesh_BTS_001,404-45-371-406,Uttar Pradesh
CDR202600031829,2025-12-31,16:58:22,+917256764074,+917205901379,VOICE,28,404739815411160,355622021635177,Delhi_BTS_006,404-45-223-254,Delhi
CDR202600031866,2025-05-31,05:31:49,+917233331922,+919966723681,VOICE,122,404588928455012,358886660910832,Karnataka_BTS_007,404-45-294-304,Karnataka
CDR202600031871,2025-07-02,10:39:35,+916854171547,+916086664390,VOICE,13,404178588112455,359001100547860,Rajasthan_BTS_006,404-45-242-253,Rajasthan
CDR202600031883,2025-08-19,23:23:05,+916124948958,+917931458599,VOICE,73,404731586592812,357404124376191,Gujarat_BTS_005,404-45-716-028,Gujarat
CDR202600031886,2025-06-21,20:07:59,+919384290881,+916823553204,VOICE,115,404808537428724,353976210239818,Delhi_BTS_003,404-45-371-541,Delhi
CDR202600031888,2025-08-26,06:01:02,+918597220025,+919889643008,VOICE,23,404658137889712,350965813133135,Delhi_BTS_004,404-45-652-774,Delhi
CDR202600031897,2025-03-04,12:57:24,+917914107048,+918386857947,VOICE,15,404298481636758,352339934344244,WestBengal_BTS_002,404-45-315-699,West Bengal
CDR202600031898,2025-06-01,19:40:53,+916429632648,+917205843956,VOICE,24,404858566180420,353977887341390,Rajasthan_BTS_004,404-45-835-323,Rajasthan
CDR202600031907,2025-01-26,11:38:58,+919666914131,+916326768435,MISSED,0,404125164503418,356841748507667,Karnataka_BTS_001,404-45-767-554,Karnataka
CDR202600031914,2025-07-18,21:34:57,+917303258691,+918686822885,SMS,0,404007448515572,357722509784644,Delhi_BTS_006,404-45-629-463,Delhi
CDR202600031915,2025-03-02,04:37:57,+918659293528,+918492164668,VOICE,29,404403593901531,357850888001352,UttarPradesh_BTS_015,404-45-954-379,Uttar Pradesh
CDR202600031924,2025-02-19,05:03:18,+916690905073,+917392102359,VOICE,2,404257082431385,355728426202848,Delhi_BTS_001,404-45-999-581,Delhi
CDR202600031932,2025-05-31,04:38:47,+918774258277,+916692588788,VOICE,138,404572337873530,356074951482286,Maharashtra_BTS_009,404-45-350-168,Maharashtra
CDR202600031947,2025-01-11,05:15:23,+917711738473,+916438711116,VOICE,58,404955397697977,356819561153673,Mumbai_BTS_002,404-45-107-073,Mumbai
CDR202600031954,2025-10-13,02:46:11,+917077627316,+918579835476,VOICE,202,404000838969825,356960497145501,Karnataka_BTS_005,404-45-902-804,Karnataka
CDR202600031972,2025-12-05,05:55:59,+916536374148,+918111670819,VOICE,95,404445764359746,352903063807965,Mumbai_BTS_003,404-45-334-070,Mumbai
CDR202600031986,2025-08-22,13:30:45,+919372873392,+919734950417,VOICE,20,404301993167344,357991519174120,UttarPradesh_BTS_015,404-45-658-037,Uttar Pradesh
CDR202600031999,2025-08-10,05:58:56,+917840373396,+919054859051,SMS,0,404184483835621,357654224095910,Mumbai_BTS_006,404-45-319-553,Mumbai
CDR202600032028,2025-02-08,12:02:52,+918320055990,+917989230897,VOICE,432,404494853151958,353226903187426,Maharashtra_BTS_005,404-45-891-297,Maharashtra
CDR202600032035,2025-03-25,12:07:45,+916486671202,+918826401945,VOICE,239,404789784610870,353876202813941,Mumbai_BTS_008,404-45-984-747,Mumbai
CDR202600032039,2025-03-30,00:52:15,+919853710386,+918206279006,VOICE,71,404539244478218,350625945342604,TamilNadu_BTS_006,404-45-773-598,Tamil Nadu
CDR202600032047,2025-05-06,22:06:46,+917936178367,+917549758539,VOICE,88,404965395347489,359391787896901,Karnataka_BTS_004,404-45-985-411,Karnataka
CDR202600032058,2025-01-11,21:13:49,+916941366627,+918397046727,SMS,0,404925068683997,359497361728125,UttarPradesh_BTS_015,404-45-954-379,Uttar Pradesh
CDR202600032062,2025-04-28,19:18:10,+917431858283,+919367245100,VOICE,287,404146917230391,352341563482188,Delhi_BTS_003,404-45-371-541,Delhi
CDR202600032066,2025-02-28,00:56:32,+916907330517,+916406226532,VOICE,96,404746245845219,352697758874362,UttarPradesh_BTS_015,404-45-954-379,Uttar Pradesh
CDR202600032075,2025-03-23,08:19:43,+917363553656,+917418009970,VOICE,86,404858819462128,350641889894984,Maharashtra_BTS_001,404-45-204-095,Maharashtra
CDR202600032076,2025-01-20,01:26:06,+919512122944,+917037154208,VOICE,32,404602163427179,358817587394399,Rajasthan_BTS_001,404-45-801-333,Rajasthan
CDR202600032077,2025-06-09,22:01:38,+916626975384,+916202477619,VOICE,128,404603335093413,356560950964877,UttarPradesh_BTS_011,404-45-966-053,Uttar Pradesh
CDR202600032083,2025-05-29,16:18:36,+919470221624,+917461491478,VOICE,44,404100997600027,354048136001283,Delhi_BTS_003,404-45-662-170,Delhi
CDR202600032092,2025-09-04,19:47:28,+916768547198,+917935701941,VOICE,57,404168341942961,352284718686872,Rajasthan_BTS_006,404-45-862-575,Rajasthan
CDR202600032099,2025-09-12,05:06:07,+919328815148,+918048480344,MISSED,0,404255178322318,353619813959977,Mumbai_BTS_001,404-45-446-022,Mumbai
CDR202600032102,2025-07-12,03:42:34,+917797443799,+918583253906,VOICE,80,404065496401312,351594571149182,Rajasthan_BTS_005,404-45-771-512,Rajasthan
CDR202600032125,2025-08-19,12:10:29,+919721191025,+916710095087,VOICE,69,404574031182872,354145590843491,Maharashtra_BTS_007,404-45-479-364,Maharashtra
CDR202600032140,2025-04-12,12:27:51,+918987755941,+918147914990,VOICE,100,404093364784909,354883202351727,Mumbai_BTS_006,404-45-785-498,Mumbai
CDR202600032155,2025-04-27,05:31:20,+919912838915,+918476762224,VOICE,280,404285934399437,352438208460187,Karnataka_BTS_001,404-45-767-554,Karnataka
CDR202600032172,2025-07-26,08:51:03,+916920060828,+919746586468,VOICE,237,404376787523862,351252717122131,Gujarat_BTS_005,404-45-716-028,Gujarat
CDR202600032230,2025-08-03,22:07:23,+916591627817,+916122316532,VOICE,26,404424673784024,350982119483365,Rajasthan_BTS_006,404-45-246-272,Rajasthan
CDR202600032241,2025-09-14,06:13:00,+918477060151,+919521875296,VOICE,48,404031073124664,357043106075593,WestBengal_BTS_006,404-45-373-164,West Bengal
CDR202600032265,2025-01-30,07:34:09,+917197038683,+917822157183,VOICE,29,404552577942260,356861709045687,TamilNadu_BTS_001,404-45-614-942,Tamil Nadu
CDR202600032275,2025-05-22,22:38:35,+919413815735,+919892842051,VOICE,89,404747269139116,350601853893782,Delhi_BTS_003,404-45-662-170,Delhi
CDR202600032279,2025-02-25,03:14:42,+917488910754,+916294703267,SMS,0,404237753259187,353281506157269,Karnataka_BTS_006,404-45-835-499,Karnataka
CDR202600032291,2025-12-30,12:17:26,+917599232407,+918627413120,VOICE,98,404420326326109,353363550658587,WestBengal_BTS_002,404-45-355-683,West Bengal
CDR202600032297,2025-03-03,05:43:43,+917127474172,+917685736858,VOICE,86,404856746131446,350039927111218,Karnataka_BTS_006,404-45-813-981,Karnataka
CDR202600032303,2025-10-05,11:17:58,+918878172611,+917737096590,MISSED,0,404793395772549,354014959356836,UttarPradesh_BTS_012,404-45-441-790,Uttar Pradesh
CDR202600032340,2025-03-08,02:14:01,+918551621749,+919262309317,VOICE,141,404100579677116,359680963589151,Gujarat_BTS_005,404-45-338-518,Gujarat
CDR202600032349,2025-11-15,18:08:58,+919989000306,+917779098299,VOICE,55,404123699642462,359082032695247,Mumbai_BTS_001,404-45-446-022,Mumbai
CDR202600032356,2025-05-30,04:36:57,+917796342473,+917815509489,VOICE,193,404567020463431,353086773670029,Karnataka_BTS_005,404-45-565-293,Karnataka
CDR202600032365,2025-03-18,16:47:39,+917537891077,+916618077628,VOICE,29,404714731371397,358775507928771,Delhi_BTS_003,404-45-993-622,Delhi
CDR202600032384,2025-05-07,02:17:44,+919384290881,+918673193084,VOICE,169,404808537428724,351478382699105,Rajasthan_BTS_002,404-45-334-842,Rajasthan
CDR202600032409,2025-11-05,19:34:22,+917710712169,+917044675054,VOICE,82,404951594391320,353435631707513,Karnataka_BTS_007,404-45-322-992,Karnataka
CDR202600032438,2025-12-19,20:29:54,+918656840206,+916223934998,SMS,0,404316135761082,352462786865461,Maharashtra_BTS_005,404-45-181-876,Maharashtra
CDR202600032455,2025-04-19,19:23:29,+919465710316,+918873476503,VOICE,109,404746308829195,359771736865822,Delhi_BTS_001,404-45-180-088,Delhi
CDR202600032472,2025-12-12,13:51:03,+918711517342,+918500889903,VOICE,201,404094817178832,358882107376841,Karnataka_BTS_006,404-45-848-803,Karnataka
CDR202600032478,2025-01-29,12:43:16,+918291453350,+916648021488,VOICE,138,404206752971001,358241719889667,Karnataka_BTS_006,404-45-848-803,Karnataka
CDR202600032483,2025-02-09,22:10:33,+916071750291,+918894224280,VOICE,51,404499763365347,350614171723380,Rajasthan_BTS_016,404-45-303-157,Rajasthan
CDR202600032489,2025-12-24,01:22:47,+919270084385,+919072558176,VOICE,178,404874396438536,355058697565668,Mumbai_BTS_006,404-45-785-498,Mumbai
CDR202600032506,2025-09-29,16:29:30,+919177143828,+919405938293,VOICE,31,404078609427120,358320017316196,Gujarat_BTS_008,404-45-448-285,Gujarat
CDR202600032552,2025-08-16,06:40:29,+919552996514,+919828160716,MISSED,0,404076296959007,353878441205307,TamilNadu_BTS_004,404-45-683-253,Tamil Nadu
CDR202600032576,2025-06-25,17:55:46,+919624202963,+919944634146,VOICE,133,404674301956765,358831567009570,Rajasthan_BTS_004,404-45-835-323,Rajasthan
CDR202600032619,2025-03-02,12:31:51,+917930975792,+917751254001,VOICE,63,404932348395590,350864910812192,Mumbai_BTS_007,404-45-348-804,Mumbai
CDR202600032623,2025-03-09,05:54:49,+917899406743,+919794732472,VOICE,98,404859740612039,359693357524519,WestBengal_BTS_005,404-45-785-885,West Bengal
CDR202600032634,2025-04-22,21:17:01,+917573566316,+918801111965,VOICE,37,404429153132435,354941153523282,Mumbai_BTS_005,404-45-626-244,Mumbai
CDR202600032637,2025-07-29,13:19:03,+917692363281,+918770594376,VOICE,44,404545585516927,350055583917767,Mumbai_BTS_010,404-45-211-255,Mumbai
CDR202600032641,2025-11-26,10:57:40,+917865527570,918922031742,VOICE,237,404908138843863,352615190303023,Karnataka_BTS_003,404-45-597-493,Karnataka
CDR202600032645,2025-12-21,13:15:09,+916321452778,+917455222130,VOICE,46,404472456530781,356635527751467,Maharashtra_BTS_009,404-45-646-747,Maharashtra
CDR202600032654,2025-08-21,03:07:26,+916094545468,+917750018186,VOICE,44,404087450969571,353692030198702,Rajasthan_BTS_016,404-45-619-624,Rajasthan
CDR202600032655,2025-07-02,16:07:26,+918902019176,+917566387428,VOICE,320,404072772273099,354785538716595,UttarPradesh_BTS_004,404-45-457-903,Uttar Pradesh
CDR202600032669,2025-05-09,14:34:47,+918088194577,+919345231893,VOICE,76,404910000290508,357637469314298,UttarPradesh_BTS_010,404-45-308-704,Uttar Pradesh
CDR202600032701,2025-10-29,17:17:39,+918848989287,+917663263059,VOICE,216,404774166345660,358549661026499,Rajasthan_BTS_017,404-45-897-945,Rajasthan
CDR202600032719,2025-03-08,07:46:09,+919709873847,+919217831562,VOICE,51,404222852079803,358457783938112,Rajasthan_BTS_006,404-45-862-575,Rajasthan
CDR202600032749,2025-12-03,13:15:15,+917984152792,+918965928635,VOICE,14,404086962054061,354984479454482,Maharashtra_BTS_007,404-45-750-855,Maharashtra
CDR202600032763,2025-07-05,09:30:09,+919447282341,+916356585450,SMS,0,404573593989267,350404883922491,UttarPradesh_BTS_013,404-45-265-760,Uttar Pradesh
CDR202600032776,2025-11-01,09:34:49,+919020372274,+919451505924,SMS,0,404247206297100,359211619219186,Rajasthan_BTS_017,404-45-897-945,Rajasthan
CDR202600032844,2025-09-23,07:32:28,+918871167031,+918645734403,VOICE,13,404622527765708,358416897692118,Mumbai_BTS_006,404-45-319-553,Mumbai
CDR202600032846,2025-10-15,23:41:58,+916473360711,+916059885809,VOICE,89,404268899702427,357848968221622,Rajasthan_BTS_011,404-45-796-739,Rajasthan
CDR202600032869,2025-01-11,13:39:16,+918024984130,+917330838643,VOICE,64,404812426892064,358842844188707,Rajasthan_BTS_010,404-45-710-480,Rajasthan
CDR202600032887,2025-05-14,08:43:38,+917294641203,+917714019299,VOICE,19,404204880762159,353191665707332,Rajasthan_BTS_018,404-45-713-332,Rajasthan
CDR202600032901,2025-07-27,17:03:02,+918796362847,+917218983467,VOICE,16,404014368922066,352961548641871,Maharashtra_BTS_001,404-45-881-345,Maharashtra
CDR202600032907,2025-08-06,10:53:58,+917906364039,+917412022460,VOICE,4,404762005042424,351655205967988,Rajasthan_BTS_007,404-45-605-094,Rajasthan
CDR202600032923,2025-01-09,02:59:59,+917744882018,+918659293528,VOICE,396,404429636080850,350396765241489,UttarPradesh_BTS_009,404-45-378-289,Uttar Pradesh
CDR202600032939,2025-05-06,17:36:01,+917403408444,+919176354074,VOICE,104,404620925784640,350364236173338,Delhi_BTS_001,404-45-999-581,Delhi
CDR202600032958,2025-04-29,00:19:17,+919157797608,+919845962279,VOICE,155,404979414196096,356849513098134,Mumbai_BTS_007,404-45-196-100,Mumbai
CDR202600032967,2025-08-24,16:31:51,+916020248860,+918772263789,VOICE,154,404928462128422,353837458083761,Gujarat_BTS_007,404-45-703-285,Gujarat
CDR202600033014,2025-12-05,11:14:33,+918336143633,+919883996761,VOICE,36,404689653804700,359848114801990,Gujarat_BTS_007,404-45-928-891,Gujarat
CDR202600033016,2025-02-17,05:13:18,+917404000152,+919470181188,VOICE,179,404967270035012,354392592563246,Rajasthan_BTS_011,404-45-796-739,Rajasthan
CDR202600033032,2025-09-24,17:22:36,+918126012835,+918614178888,MISSED,0,404450862311025,356763244049574,Maharashtra_BTS_008,404-45-818-960,Maharashtra
CDR202600033035,2025-09-01,09:07:58,+917699568264,+918395811284,VOICE,78,404853081381518,350123490307602,Maharashtra_BTS_008,404-45-173-624,Maharashtra
CDR202600033043,2025-08-08,04:45:14,+917332349279,+917257605958,VOICE,66,404279116032571,357975387416216,UttarPradesh_BTS_012,404-45-145-004,Uttar Pradesh
CDR202600033054,2025-10-06,10:46:33,+917205901379,+917594789568,MISSED,0,404428584962378,356675433234742,Rajasthan_BTS_011,404-45-796-739,Rajasthan
CDR202600033078,2025-11-10,23:54:03,+918548966382,+918738240239,SMS,0,404249313815334,350278027610604,Maharashtra_BTS_007,404-45-314-687,Maharashtra
CDR202600033095,2025-11-17,07:46:17,+916704041859,+916086664390,VOICE,30,404520732707622,354099084342449,UttarPradesh_BTS_012,404-45-441-790,Uttar Pradesh
CDR202600033111,2025-04-09,12:14:33,+917614848942,+918913006378,VOICE,194,404756410518885,353424866034816,Rajasthan_BTS_006,404-45-242-253,Rajasthan
CDR202600033118,2025-06-20,00:39:52,+918761808684,+917815142697,VOICE,89,404248605946186,356406833689736,UttarPradesh_BTS_010,404-45-308-704,Uttar Pradesh
CDR202600033123,2025-09-05,06:22:25,+919721191025,+919387602841,VOICE,177,404574031182872,354145590843491,Maharashtra_BTS_006,404-45-987-104,Maharashtra
CDR202600033127,2025-03-12,01:56:53,+917151832568,+917822157183,VOICE,47,404281632319340,357634324256395,Rajasthan_BTS_001,404-45-670-225,Rajasthan
CDR202600033130,2025-10-05,18:28:56,+918901794354,+917716485521,VOICE,26,404553089560307,351585877449600,UttarPradesh_BTS_010,404-45-370-518,Uttar Pradesh
CDR202600033131,2025-04-27,01:33:58,+919611065910,+918148458400,VOICE,4,404875806501407,355360389230418,Gujarat_BTS_003,404-45-704-433,Gujarat
CDR202600033132,2025-11-16,18:30:44,+918407468479,+918867003549,VOICE,44,404146529918829,355661745230251,Maharashtra_BTS_007,404-45-479-364,Maharashtra
CDR202600033139,2025-02-26,20:20:43,+919246869569,+917482776881,VOICE,195,404014184071326,358472654331230,Gujarat_BTS_006,404-45-818-559,Gujarat
CDR202600033149,2025-12-17,08:56:18,+918901534384,+917997413210,SMS,0,404564041056525,354613382214856,Rajasthan_BTS_015,404-45-612-781,Rajasthan
CDR202600033157,2025-08-27,09:44:04,+919983414411,+916240043207,VOICE,37,404222612542643,356711333265547,Mumbai_BTS_011,404-45-287-286,Mumbai
CDR202600033189,2025-10-09,03:49:47,+918917058490,+917994924479,VOICE,165,404548793872722,351091812420985,Mumbai_BTS_011,404-45-287-286,Mumbai
CDR202600033203,2025-09-04,10:23:34,+917803278203,+917466901038,VOICE,5,404638925370000,351516008494392,UttarPradesh_BTS_006,404-45-769-542,Uttar Pradesh
CDR202600033213,2025-01-03,07:08:25,+917641309711,+919182777057,VOICE,161,404312870409485,353018319589196,Delhi_BTS_002,404-45-231-676,Delhi
CDR202600033245,2025-08-31,04:14:09,+919571680333,+916445008061,VOICE,14,404205107939618,357846715743627,Mumbai_BTS_007,404-45-516-195,Mumbai
CDR202600033266,2025-05-28,11:29:55,+916160680569,+918656840206,SMS,0,404884086909257,359943434360740,Rajasthan_BTS_003,404-45-924-324,Rajasthan
CDR202600033277,2025-09-08,11:18:27,+918023743035,+919138662151,VOICE,372,404215947735480,352280756383248,Rajasthan_BTS_009,404-45-911-697,Rajasthan
CDR202600033296,2025-07-05,20:52:25,+918048480344,+917810864190,VOICE,203,404604302768463,357021229133539,Mumbai_BTS_007,404-45-196-100,Mumbai
CDR202600033299,2025-05-04,11:07:57,+917285832993,+916462198725,VOICE,129,404713114229869,356553394423299,Maharashtra_BTS_003,404-45-949-644,Maharashtra
CDR202600033313,2025-01-02,10:18:49,+917827638035,+916474035758,VOICE,2,404955805178961,357829838155166,Delhi_BTS_002,404-45-884-129,Delhi
CDR202600033351,2025-08-20,14:45:06,+916415613537,+918845249467,SMS,0,404639444345978,352684962125496,WestBengal_BTS_008,404-45-979-482,West Bengal
CDR202600033374,2025-05-12,05:24:00,+917594789568,+917287741190,VOICE,164,404538892677851,351801660599823,WestBengal_BTS_006,404-45-373-164,West Bengal
CDR202600033404,2025-05-19,17:14:48,+919488376410,+917705202769,VOICE,42,404503292743776,358131934606705,Karnataka_BTS_005,404-45-902-804,Karnataka
CDR202600033412,2025-05-24,06:08:20,+916844164460,+917975468413,VOICE,36,404478428024227,355160833136776,WestBengal_BTS_002,404-45-205-363,West Bengal
CDR202600033428,2025-01-14,00:13:54,+917249638044,+916138868243,VOICE,143,404834353859663,359325897323442,UttarPradesh_BTS_001,404-45-234-688,Uttar Pradesh
CDR202600033439,2025-09-05,23:10:01,+918755359580,+917668069108,VOICE,21,404283884690611,353107817461923,Rajasthan_BTS_015,404-45-612-781,Rajasthan
CDR202600033458,2025-06-26,14:21:13,+918686483115,+917182843045,VOICE,38,404270719334809,356000727053098,Gujarat_BTS_003,404-45-704-433,Gujarat
CDR202600033462,2025-11-28,19:05:20,+919289658822,+919671819133,VOICE,174,404741769507509,354837182593282,Rajasthan_BTS_007,404-45-470-225,Rajasthan
CDR202600033485,2025-09-06,06:23:54,+917295568841,+919164081065,SMS,0,404553718207114,350164521647045,Rajasthan_BTS_001,404-45-755-705,Rajasthan
CDR202600033534,2025-10-07,10:23:45,+919588641098,+918873378830,VOICE,157,404658722940553,350571425304133,Delhi_BTS_004,404-45-652-774,Delhi
CDR202600033538,2025-07-28,14:25:38,+917282202555,+917632947740,VOICE,273,404364115516923,350152278148208,Maharashtra_BTS_002,404-45-926-045,Maharashtra
CDR202600033546,2025-06-16,06:04:23,+917810864190,+918105293797,SMS,0,404433457859718,355818554041223,Maharashtra_BTS_003,404-45-487-081,Maharashtra
CDR202600033550,2025-12-28,16:13:08,+917447850192,+919689954668,VOICE,79,404905543743590,353730691242345,UttarPradesh_BTS_012,404-45-233-653,Uttar Pradesh
CDR202600033560,2025-03-28,22:38:50,+919004689486,+919368799167,SMS,0,404551510456119,353891150863192,Karnataka_BTS_006,404-45-813-981,Karnataka
CDR202600033561,2025-07-13,07:13:44,+919466402091,+918336143633,VOICE,93,404671658683029,356099182276830,UttarPradesh_BTS_009,404-45-719-216,Uttar Pradesh
CDR202600033564,2025-05-24,12:33:15,+917121441593,+916886702566,VOICE,35,404085569060156,357613726708132,WestBengal_BTS_002,404-45-355-683,West Bengal
CDR202600033570,2025-10-31,17:22:49,+919282430009,+918590507349,SMS,0,404555561566700,358438580519187,Rajasthan_BTS_006,404-45-246-272,Rajasthan
CDR202600033573,2025-11-30,10:11:55,+917404823882,+917475788834,VOICE,252,404353207869040,352925675585248,Delhi_BTS_006,404-45-223-254,Delhi
CDR202600033604,2025-06-09,20:20:04,+919558612529,+918548966382,VOICE,192,404962795594487,357509845936469,UttarPradesh_BTS_011,404-45-357-928,Uttar Pradesh
CDR202600033613,2025-06-25,20:38:05,+916503638974,+919103449339,SMS,0,404513585581651,353718430957922,Rajasthan_BTS_004,404-45-316-936,Rajasthan
CDR202600033626,2025-07-15,19:04:01,+919425196407,+917302536035,VOICE,103,404430618555028,358104863904378,Maharashtra_BTS_002,404-45-718-271,Maharashtra
CDR202600033632,2025-04-29,12:01:16,+917055874204,+919263130560,VOICE,134,404949350443173,350584437144122,UttarPradesh_BTS_011,404-45-533-850,Uttar Pradesh
CDR202600033654,2025-01-07,19:38:26,+918169143695,+918061597471,VOICE,25,404875334740367,358595520523073,Rajasthan_BTS_013,404-45-400-446,Rajasthan
CDR202600033656,2025-03-08,16:39:07,+918240090833,+916118944453,VOICE,107,404476381273289,352290615856751,UttarPradesh_BTS_006,404-45-726-827,Uttar Pradesh
CDR202600033659,2025-03-10,15:59:56,+917108740274,+918918241931,VOICE,1,404284426326187,355625048600552,Rajasthan_BTS_015,404-45-282-520,Rajasthan
CDR202600033664,2025-04-08,10:55:30,+919674851998,+918412516890,VOICE,25,404159814278042,353606805135536,Rajasthan_BTS_004,404-45-316-936,Rajasthan
CDR202600033677,2025-04-01,20:16:17,+919877145532,+918913006378,SMS,0,404928715773034,359290855748204,UttarPradesh_BTS_005,404-45-478-292,Uttar Pradesh
CDR202600033699,2025-02-22,10:56:26,+918318393533,+916439791323,VOICE,22,404689872720128,359339088897239,Rajasthan_BTS_003,404-45-924-324,Rajasthan
CDR202600033704,2025-08-18,05:54:21,+919983414411,+918866545859,VOICE,549,404222612542643,356711333265547,WestBengal_BTS_006,404-45-373-164,West Bengal
CDR202600033705,2025-07-26,17:50:05,+918828081982,+919258099496,VOICE,329,404942570179571,358136773387633,Delhi_BTS_003,404-45-662-170,Delhi
CDR202600033707,2025-01-22,07:39:57,+917340570013,+918490503411,VOICE,147,404511417645476,354684283259750,TamilNadu_BTS_005,404-45-734-084,Tamil Nadu
CDR202600033720,2025-04-24,01:08:19,+916938174319,+916405134888,VOICE,137,404969369185189,352649854359926,Rajasthan_BTS_015,404-45-208-892,Rajasthan
CDR202600033729,2025-07-26,00:09:32,+916703211022,+916169371303,SMS,0,404192686356883,359390218447852,Rajasthan_BTS_006,404-45-246-272,Rajasthan
CDR202600033736,2025-05-18,05:27:03,+918678983448,+916222373335,VOICE,165,404507026599105,354816129733024,Maharashtra_BTS_007,404-45-314-687,Maharashtra
CDR202600033753,2025-04-24,00:35:24,+917702931016,+916382761185,SMS,0,404612185216427,350965618668923,Rajasthan_BTS_005,404-45-505-906,Rajasthan
CDR202600033784,2025-09-12,21:37:19,+918248669894,+917604109835,VOICE,372,404964488907819,359302259087647,Rajasthan_BTS_016,404-45-303-157,Rajasthan
CDR202600033788,2025-07-11,03:26:20,+916438482536,+916557348906,SMS,0,404427660585723,353321647417296,Rajasthan_BTS_010,404-45-710-066,Rajasthan
CDR202600033824,2025-10-27,09:45:33,+918881476163,+918024212426,VOICE,154,404817626294215,351213893862496,Rajasthan_BTS_004,404-45-316-936,Rajasthan
CDR202600033865,2025-10-21,11:31:05,+919675978249,+918721606129,VOICE,116,404552043068584,358304487072451,UttarPradesh_BTS_009,404-45-378-289,Uttar Pradesh
CDR202600033874,2025-06-04,13:57:30,+917304545626,+918765396450,MISSED,0,404789078770769,353626967135074,TamilNadu_BTS_006,404-45-678-536,Tamil Nadu
CDR202600033882,2025-01-06,04:04:27,+917190444185,+918148392067,VOICE,118,404672251893467,356729489790697,Mumbai_BTS_007,404-45-584-827,Mumbai
CDR202600033900,2025-01-24,10:13:52,+917362895161,+919008783984,VOICE,317,404929999253527,355829484367465,Mumbai_BTS_005,404-45-626-244,Mumbai
CDR202600033923,2025-12-28,15:55:13,+917975484313,+918113345078,VOICE,15,404512294989265,354326252485808,Delhi_BTS_002,404-45-935-071,Delhi
CDR202600033937,2025-05-11,02:36:21,+918065554622,+919794732472,VOICE,257,404675962469019,352359467953927,Delhi_BTS_006,404-45-629-463,Delhi
CDR202600033950,2025-07-05,04:03:50,+917611934656,+917646796394,VOICE,224,404750374657876,356910138095787,Maharashtra_BTS_007,404-45-750-855,Maharashtra
CDR202600033952,2025-03-05,22:37:42,+919543289248,+917780639017,VOICE,62,404263836192541,354519145505649,Rajasthan_BTS_001,404-45-670-225,Rajasthan
CDR202600033962,2025-11-04,06:24:44,+918364246419,+916193027325,VOICE,12,404996215596955,351155923342744,TamilNadu_BTS_006,404-45-367-210,Tamil Nadu
CDR202600033964,2025-01-05,19:01:58,+917407693940,+918376125529,VOICE,177,404466038262684,357763481931210,Gujarat_BTS_006,404-45-833-666,Gujarat
CDR202600033972,2025-11-06,22:33:00,+916374453210,+917113752610,VOICE,349,404822708198607,359766643017932,Mumbai_BTS_002,404-45-107-073,Mumbai
CDR202600033981,2025-07-06,16:34:02,+917442840403,+917138005903,VOICE,168,404933941019371,353130562357243,Delhi_BTS_003,404-45-371-541,Delhi
CDR202600034013,2025-04-07,03:01:07,+917035122591,+916791517553,VOICE,129,404995561184236,356724236966750,WestBengal_BTS_002,404-45-355-683,West Bengal
CDR202600034017,2025-01-07,03:09:07,+917398664340,+916812910123,VOICE,66,404290640584020,357373691615438,UttarPradesh_BTS_013,404-45-265-760,Uttar Pradesh
CDR202600034027,2025-04-17,17:44:04,+917076702900,+916287791425,VOICE,242,404061862236759,350803153215752,WestBengal_BTS_005,404-45-901-954,West Bengal
CDR202600034034,2025-08-17,10:56:12,+917633445418,+919270686656,VOICE,74,404696915032208,350706153083736,Delhi_BTS_001,404-45-999-581,Delhi
CDR202600034035,2025-04-08,00:47:43,+918717621688,+917825893948,VOICE,9,404826103490539,353063763312791,Maharashtra_BTS_008,404-45-818-960,Maharashtra
CDR202600034042,2025-10-05,10:02:16,+916448080635,+917790985383,VOICE,4,404994117178426,356576292341495,Karnataka_BTS_003,404-45-270-417,Karnataka
CDR202600034043,2025-12-19,21:42:29,+919612549351,+917130406708,VOICE,29,404225730063182,358622642293560,Mumbai_BTS_008,404-45-984-747,Mumbai
CDR202600034054,2025-01-06,03:10:48,+917057475889,+918702195301,VOICE,57,404390080579944,356450181783976,Maharashtra_BTS_002,404-45-926-045,Maharashtra
CDR202600034057,2025-04-18,22:16:23,+918845953682,+919572997085,VOICE,166,404866672963042,354778962422388,UttarPradesh_BTS_014,404-45-214-078,Uttar Pradesh
CDR202600034061,2025-02-05,09:23:31,+917096964249,+916064673960,VOICE,95,404183604401890,359710782352219,Rajasthan_BTS_011,404-45-796-739,Rajasthan
CDR202600034065,2025-01-24,12:19:25,+918976367702,+919037166899,VOICE,73,404195963342466,359653677370912,UttarPradesh_BTS_004,404-45-457-903,Uttar Pradesh
CDR202600034069,2025-10-09,11:48:10,+917919029440,+916193027325,SMS,0,404711252788032,357508081463720,Mumbai_BTS_010,404-45-296-195,Mumbai
CDR202600034074,2025-09-06,23:51:15,+919865679486,+917537891077,VOICE,180,404459103077070,352600636952539,Karnataka_BTS_005,404-45-902-804,Karnataka
CDR202600034082,2025-08-31,15:35:40,+918395811284,+917395820270,VOICE,59,404417738452479,355942140523770,Gujarat_BTS_008,404-45-448-285,Gujarat
CDR202600034086,2025-04-13,13:53:10,+917001787518,+919181703697,VOICE,49,404935723989377,352712786841748,Gujarat_BTS_001,404-45-859-282,Gujarat
CDR202600034094,2025-04-11,05:55:37,+916101094421,+918649961413,VOICE,25,404540278138947,354038409418467,Maharashtra_BTS_008,404-45-173-624,Maharashtra
CDR202600034100,2025-03-03,18:01:46,+919896429999,+917418564165,SMS,0,404374477761393,354740902370988,UttarPradesh_BTS_012,404-45-233-653,Uttar Pradesh
CDR202600034123,2025-08-24,21:25:08,+917074279351,+919160521672,SMS,0,404733520790615,353399590268932,UttarPradesh_BTS_012,404-45-441-790,Uttar Pradesh
CDR202600034136,2025-03-29,19:46:20,+919088282045,+918838906699,VOICE,81,404738850349737,350499824426279,UttarPradesh_BTS_015,404-45-658-037,Uttar Pradesh
CDR202600034137,2025-07-01,00:46:26,+916860813417,+919713366185,VOICE,102,404362201436615,358913776236344,Gujarat_BTS_007,404-45-325-460,Gujarat
CDR202600034138,2025-08-24,19:02:09,+919349124692,+918779429404,VOICE,116,404929195916365,357142952978753,Mumbai_BTS_008,404-45-520-479,Mumbai
CDR202600034142,2025-05-01,11:33:32,+917230760386,+917963890054,VOICE,159,404482222456113,355319047581581,Rajasthan_BTS_005,404-45-505-906,Rajasthan
CDR202600034156,2025-03-05,05:42:43,+917256764074,+918287333991,VOICE,31,404739815411160,355622021635177,WestBengal_BTS_005,404-45-901-954,West Bengal
CDR202600034157,2025-12-05,01:56:35,+918038021334,+918186879810,SMS,0,404466639978406,352870361731726,Rajasthan_BTS_010,404-45-710-480,Rajasthan
CDR202600034159,2025-02-25,12:43:36,+919942872445,+919848366781,VOICE,30,404333479022394,351865889370906,TamilNadu_BTS_002,404-45-158-984,Tamil Nadu
CDR202600034183,2025-01-16,16:49:39,+916762480165,+918726145801,VOICE,249,404513250561090,357844000194428,Rajasthan_BTS_013,404-45-448-115,Rajasthan
CDR202600034188,2025-05-03,23:09:25,+917303258691,+917286620602,SMS,0,404007448515572,357722509784644,Mumbai_BTS_011,404-45-995-946,Mumbai
CDR202600034211,2025-02-24,04:41:44,+918917058490,+918067457884,SMS,0,404548793872722,353425914817948,Mumbai_BTS_011,404-45-243-433,Mumbai
CDR202600034216,2025-01-02,04:35:24,+917366448741,+918501249628,VOICE,332,404990193093137,351848212161584,Mumbai_BTS_008,404-45-520-479,Mumbai
CDR202600034224,2025-12-10,18:56:14,+917589321523,+917951367413,VOICE,95,404430897675686,358938216948588,Karnataka_BTS_001,404-45-767-554,Karnataka
CDR202600034232,2025-03-14,11:24:16,+917894286734,+918847148726,VOICE,102,404171056568261,352242217514936,UttarPradesh_BTS_003,404-45-202-076,Uttar Pradesh
CDR202600034261,2025-03-15,15:49:03,+919983692422,+919384290881,VOICE,332,404650444286305,351395367152438,Karnataka_BTS_008,404-45-693-754,Karnataka
CDR202600034281,2025-01-21,02:22:06,+916231421581,+917815509489,VOICE,56,404160712509589,353631700587870,Maharashtra_BTS_003,404-45-949-644,Maharashtra
CDR202600034282,2025-11-18,18:18:40,+916592860335,+919942741583,VOICE,56,404000428523584,356665902626458,Maharashtra_BTS_006,404-45-987-104,Maharashtra
CDR202600034284,2025-04-10,22:02:36,+917685736858,+918330899125,VOICE,43,404564053991206,353783552124256,Maharashtra_BTS_007,404-45-479-364,Maharashtra
CDR202600034289,2025-08-15,23:54:49,+919251026855,+918913006378,SMS,0,404045698203045,359321835541462,UttarPradesh_BTS_006,404-45-726-827,Uttar Pradesh
CDR202600034296,2025-11-01,04:40:42,+917366448741,+917695817918,SMS,0,404990193093137,351848212161584,WestBengal_BTS_003,404-45-258-948,West Bengal
CDR202600034300,2025-03-24,20:19:44,+919701344400,+917857028104,VOICE,39,404191678587657,351146473306775,Maharashtra_BTS_007,404-45-473-167,Maharashtra
CDR202600034313,2025-07-31,11:19:24,+916291844474,+917642700954,VOICE,33,404791799549833,350765091334507,Rajasthan_BTS_015,404-45-612-781,Rajasthan
CDR202600034329,2025-01-21,04:11:07,+918284997074,+917611509219,VOICE,27,404946522768679,358692213603300,Rajasthan_BTS_019,404-45-414-246,Rajasthan
CDR202600034338,2025-05-22,02:40:09,+919180826164,+917196930006,VOICE,214,404948521934378,356321364763700,TamilNadu_BTS_001,404-45-698-489,Tamil Nadu
CDR202600034360,2025-07-03,08:16:52,+916445008061,+916427543486,VOICE,234,404426404268890,353940679501058,Karnataka_BTS_005,404-45-902-804,Karnataka
CDR202600034361,2025-09-16,07:00:55,+918804774707,+919866913702,VOICE,67,404766362603677,359592547030259,Karnataka_BTS_008,404-45-693-754,Karnataka
CDR202600034373,2025-11-03,18:48:27,+916402734910,+917821133740,VOICE,108,404539235554023,354975592784716,Maharashtra_BTS_002,404-45-718-271,Maharashtra
CDR202600034376,2025-08-11,07:23:32,+917004376700,+917900254663,VOICE,12,404862222978722,350208399657352,Mumbai_BTS_010,404-45-919-883,Mumbai
CDR202600034388,2025-04-12,21:31:20,+918707498242,+916558226485,VOICE,33,404424071853869,358972338624894,Mumbai_BTS_008,404-45-462-434,Mumbai
CDR202600034408,2025-12-15,06:08:18,+918321339345,+918581364351,VOICE,1,404217440412229,356190811329220,WestBengal_BTS_002,404-45-355-683,West Bengal
CDR202600034416,2025-10-06,07:21:33,+916983699346,+919297898204,SMS,0,404622798947285,359512766727633,Mumbai_BTS_007,404-45-584-827,Mumbai
CDR202600034423,2025-01-28,07:51:35,+916184078828,+918092358944,VOICE,5,404812761170959,353425608553366,Delhi_BTS_002,404-45-884-129,Delhi
CDR202600034429,2025-12-26,07:00:41,+919412691680,+917053566543,VOICE,85,404878026955266,350012652664033,UttarPradesh_BTS_001,404-45-371-406,Uttar Pradesh
CDR202600034434,2025-11-18,06:40:09,+917459642648,+916684600330,MISSED,0,404563831048187,359142967634637,Rajasthan_BTS_002,404-45-334-842,Rajasthan
CDR202600034448,2025-02-24,02:34:55,+919311039653,+918589408203,SMS,0,404193726016782,359886921315183,Mumbai_BTS_007,404-45-584-827,Mumbai
CDR202600034455,2025-05-02,16:32:00,+918579835476,+916552475615,VOICE,83,404255406589881,352951365294377,Rajasthan_BTS_009,404-45-742-164,Rajasthan
CDR202600034461,2025-07-04,13:00:51,+917802102727,+917371716581,VOICE,8,404931101203344,354015438809561,UttarPradesh_BTS_010,404-45-749-874,Uttar Pradesh
CDR202600034463,2025-08-09,18:39:47,+917667564958,+917937550668,SMS,0,404213937992862,353488319136712,UttarPradesh_BTS_007,404-45-779-107,Uttar Pradesh
CDR202600034480,2025-08-28,15:47:01,+919680485464,+919649824597,MISSED,0,404593618516925,358311780010053,Mumbai_BTS_011,404-45-287-286,Mumbai
CDR202600034482,2025-02-07,11:44:43,+919272145577,+917326409015,VOICE,45,404073846799198,354859186804604,WestBengal_BTS_002,404-45-315-699,West Bengal
CDR202600034527,2025-05-09,14:43:49,+917345321729,+919862611497,VOICE,328,404400175986968,359760698860219,Maharashtra_BTS_007,404-45-750-855,Maharashtra
CDR202600034535,2025-11-04,19:49:26,+917286241634,+917418564165,VOICE,47,404970450667305,353890592214042,Karnataka_BTS_003,404-45-597-493,Karnataka
CDR202600034540,2025-07-11,10:15:07,+917726107989,+919677117914,VOICE,2,404407448096702,356385248348517,Delhi_BTS_003,404-45-533-988,Delhi
CDR202600034546,2025-07-23,00:43:12,+916928487160,+918407317690,VOICE,39,404294899697222,358423262558305,WestBengal_BTS_003,404-45-342-886,West Bengal
CDR202600034581,2025-08-03,10:33:08,+919346979515,+917594789568,VOICE,590,404863373518011,357661821452108,Rajasthan_BTS_010,404-45-710-066,Rajasthan
CDR202600034612,2025-12-06,03:32:21,+918968252068,+918395270269,VOICE,11,404141602444658,350930266944114,Rajasthan_BTS_009,404-45-911-697,Rajasthan
CDR202600034632,2025-04-16,19:14:46,+919720094057,+919333568762,VOICE,59,404977758731174,357135006795129,Gujarat_BTS_001,404-45-859-282,Gujarat
CDR202600034643,2025-10-12,11:46:54,+917245082128,+918901293839,VOICE,149,404636703990686,354207865340319,Rajasthan_BTS_013,404-45-400-446,Rajasthan
CDR202600034649,2025-12-31,14:06:53,+918048255430,+917614385551,VOICE,60,404213648984740,353298251678346,UttarPradesh_BTS_015,404-45-954-379,Uttar Pradesh
CDR202600034655,2025-05-02,18:45:46,+918085010619,+917615893220,SMS,0,404461361649775,352302657017506,UttarPradesh_BTS_010,404-45-749-874,Uttar Pradesh
CDR202600034707,2025-09-20,09:25:11,+919243819039,+917764073272,VOICE,365,404873256632945,359937876607558,Karnataka_BTS_004,404-45-985-411,Karnataka
CDR202600034733,2025-01-20,17:35:50,+916269160160,+918652893345,SMS,0,404900867040106,358487626549601,UttarPradesh_BTS_011,404-45-966-053,Uttar Pradesh
CDR202600034749,2025-06-11,01:28:25,+917973650078,+918173884278,VOICE,52,404639647311812,354855207046322,WestBengal_BTS_009,404-45-304-837,West Bengal
CDR202600034758,2025-06-26,23:57:02,+917421862969,+917366448741,VOICE,328,404053723761452,350706799336933,TamilNadu_BTS_006,404-45-423-958,Tamil Nadu
CDR202600034788,2025-10-14,19:43:40,+917081806602,+919982624631,VOICE,343,404659411935488,359272183248371,WestBengal_BTS_004,404-45-283-755,West Bengal
CDR202600034791,2025-12-21,09:04:51,+917790056636,+917814079243,VOICE,1,404234553874690,354369913613538,Karnataka_BTS_001,404-45-767-554,Karnataka
CDR202600034801,2025-03-15,10:37:14,+916744202557,+917865527570,VOICE,249,404420186380995,351047958461663,Rajasthan_BTS_001,404-45-801-333,Rajasthan
CDR202600034802,2025-05-27,17:02:06,+918024648441,+917355553281,VOICE,50,404424428881000,357645512756860,Karnataka_BTS_005,404-45-902-804,Karnataka
CDR202600034809,2025-09-14,14:49:59,+916453571115,+916919803597,VOICE,29,404484278949481,353330771788830,WestBengal_BTS_009,404-45-571-359,West Bengal
CDR202600034827,2025-03-04,15:53:51,+917965466436,+918946271950,VOICE,103,404564462007243,352902013886867,Mumbai_BTS_002,404-45-702-226,Mumbai
CDR202600034832,2025-10-30,00:03:32,+917221820048,+919276996642,VOICE,47,404192058054757,356624612407448,Karnataka_BTS_005,404-45-102-400,Karnataka
CDR202600034851,2025-01-18,23:31:57,+919628453819,+917143289283,VOICE,29,404408481159629,350939867643621,UttarPradesh_BTS_011,404-45-533-850,Uttar Pradesh
CDR202600034852,2025-04-03,06:03:37,+917202552638,+918571323060,VOICE,221,404133676382269,353096171519449,Gujarat_BTS_001,404-45-859-282,Gujarat
CDR202600034853,2025-01-16,03:27:09,+917055874204,+916541196865,VOICE,25,404949350443173,350584437144122,UttarPradesh_BTS_009,404-45-719-216,Uttar Pradesh
CDR202600034903,2025-05-15,20:38:39,+919766255695,+917930975792,VOICE,24,404945367125062,358299274615565,Maharashtra_BTS_009,404-45-350-168,Maharashtra
CDR202600034913,2025-09-04,02:16:59,+919983692422,+917970169332,VOICE,183,404650444286305,351395367152438,Rajasthan_BTS_015,404-45-208-892,Rajasthan
CDR202600034923,2025-07-31,16:11:12,+918847017234,+916670907079,SMS,0,404604374928593,353217585443849,Mumbai_BTS_007,404-45-516-195,Mumbai
CDR202600034986,2025-06-28,09:44:38,+916103891623,+916254643881,SMS,0,404135913801316,354010231653852,TamilNadu_BTS_001,404-45-158-052,Tamil Nadu
CDR202600034987,2025-02-12,00:41:48,+919613337335,+917151832568,SMS,0,404702878125734,358959948456322,Rajasthan_BTS_001,404-45-670-225,Rajasthan
CDR202600034991,2025-03-24,03:53:25,+917795530276,+916860813417,VOICE,153,404388681313721,351611048138259,Rajasthan_BTS_006,404-45-651-270,Rajasthan
CDR202600035013,2025-07-29,20:18:48,+919805868828,+916541196865,VOICE,19,404248013019832,353559722872311,Mumbai_BTS_006,404-45-235-741,Mumbai
CDR202600035037,2025-03-23,07:36:30,+916484393957,+918224575086,VOICE,235,404286505917118,358058474062320,Mumbai_BTS_005,404-45-626-244,Mumbai
CDR202600035044,2025-12-05,11:29:48,+916206407247,+917293737752,VOICE,153,404609772590440,358658227697130,Karnataka_BTS_004,404-45-985-411,Karnataka
CDR202600035062,2025-09-17,20:34:15,+917836925264,+916401287273,VOICE,184,404147294063443,352859072500564,Gujarat_BTS_002,404-45-328-143,Gujarat
CDR202600035092,2025-10-07,13:22:10,+918675450204,+917013751586,VOICE,41,404606901726649,351916851003881,UttarPradesh_BTS_001,404-45-371-406,Uttar Pradesh
CDR202600035096,2025-06-23,16:11:37,+917507250971,+917577944076,VOICE,39,404622274168255,355798888629265,WestBengal_BTS_004,404-45-283-755,West Bengal
CDR202600035102,2025-01-29,15:00:26,+918127731517,+919759024026,VOICE,71,404106289546453,358428039283689,Delhi_BTS_002,404-45-884-129,Delhi
CDR202600035143,2025-09-09,12:17:32,+919144905801,+919298981264,VOICE,48,404489301325063,356547797189833,TamilNadu_BTS_002,404-45-158-984,Tamil Nadu
CDR202600035155,2025-07-19,22:03:24,+919898277174,+919072974918,SMS,0,404543747173284,353317567421202,Gujarat_BTS_001,404-45-859-282,Gujarat
CDR202600035169,2025-01-28,17:11:36,+918004599151,+917325372460,VOICE,109,404818068735676,352312876697018,Karnataka_BTS_004,404-45-985-411,Karnataka
CDR202600035199,2025-06-21,00:31:27,+917429104397,+918634512805,VOICE,130,404006156605622,352289255995144,Mumbai_BTS_010,404-45-211-255,Mumbai
CDR202600035222,2025-08-26,18:08:42,+917113752610,+919727605035,VOICE,412,404965372788505,358467100462428,Karnataka_BTS_006,404-45-669-678,Karnataka
CDR202600035223,2025-02-06,13:30:32,+918291638546,+916588879633,VOICE,7,404045781746233,359896958600585,UttarPradesh_BTS_013,404-45-552-565,Uttar Pradesh
CDR202600035263,2025-11-11,22:06:20,+916321452778,+917977215320,VOICE,26,404472456530781,359235714087680,Maharashtra_BTS_001,404-45-204-095,Maharashtra
CDR202600035279,2025-03-06,18:23:28,+916367952951,+917182843045,VOICE,26,404474716368898,357418943904104,Delhi_BTS_003,404-45-533-988,Delhi
CDR202600035287,2025-09-08,08:49:19,+919994627837,+916540053693,VOICE,54,404507527046819,353394118225010,Maharashtra_BTS_009,404-45-350-168,Maharashtra
CDR202600035296,2025-07-06,00:02:04,+918888536314,+918665635970,VOICE,287,404228565048313,354686382937343,Rajasthan_BTS_007,404-45-605-094,Rajasthan
CDR202600035322,2025-03-26,02:47:57,+917627570441,+917010149603,VOICE,51,404850278278713,350954407652124,WestBengal_BTS_002,404-45-355-683,West Bengal
CDR202600035329,2025-02-13,03:07:56,+917989006771,+917044748070,VOICE,127,404055529438641,357623916378525,Gujarat_BTS_007,404-45-703-285,Gujarat
CDR202600035351,2025-06-25,11:45:37,+918353900388,+917417334533,VOICE,81,404698142146035,354881890853723,Gujarat_BTS_004,404-45-130-096,Gujarat
CDR202600035371,2025-03-06,04:46:02,+918361543317,+919701344400,VOICE,41,404205242084410,354133926174110,Karnataka_BTS_003,404-45-270-417,Karnataka
CDR202600035389,2025-09-20,07:58:51,+919643161238,+916554063783,MISSED,0,404136035161352,352786109936012,Gujarat_BTS_006,404-45-833-666,Gujarat
CDR202600035403,2025-04-04,08:21:40,+918095899253,+918951699801,VOICE,74,404457915134285,358924879812243,UttarPradesh_BTS_003,404-45-202-076,Uttar Pradesh
CDR202600035418,2025-11-21,01:30:20,+916971932873,+917707243629,VOICE,9,404865438417548,356486390125849,UttarPradesh_BTS_006,404-45-769-542,Uttar Pradesh
CDR202600035427,2025-01-24,08:06:44,+918001162098,+919046182455,VOICE,105,404201981728703,358649892609519,WestBengal_BTS_001,404-45-981-041,West Bengal
CDR202600035439,2025-11-22,19:08:06,+916701586456,+916541196865,VOICE,19,404619627034911,358274022342041,WestBengal_BTS_005,404-45-901-954,West Bengal
CDR202600035451,2025-02-07,14:50:14,+917308030520,+918967334789,VOICE,18,404141085729438,356833672174535,Karnataka_BTS_006,404-45-848-803,Karnataka
CDR202600035456,2025-12-27,04:00:55,+918537675188,+918584425155,VOICE,23,404238339791786,357982534383911,WestBengal_BTS_003,404-45-258-948,West Bengal
CDR202600035460,2025-09-29,18:29:12,+919855356152,+918761808684,VOICE,139,404898124736120,357894467907132,UttarPradesh_BTS_013,404-45-552-565,Uttar Pradesh
CDR202600035463,2025-06-11,11:48:39,+918554513007,+918356452421,VOICE,185,404147780160389,357460000829010,Karnataka_BTS_006,404-45-835-499,Karnataka
CDR202600035487,2025-10-23,12:22:30,+917209789322,+919879403713,SMS,0,404032264371542,358699959711908,Maharashtra_BTS_009,404-45-350-168,Maharashtra
CDR202600035497,2025-12-14,14:17:01,+918859849247,+916019571525,VOICE,330,404726205855829,357315805877341,UttarPradesh_BTS_007,404-45-999-138,Uttar Pradesh
CDR202600035512,2025-11-11,21:24:06,+919137226230,+918371507888,MISSED,0,404148175422331,354493684978624,Mumbai_BTS_011,404-45-287-286,Mumbai
CDR202600035514,2025-09-19,04:57:18,+919505180197,+919181703697,VOICE,78,404454347295430,352814461180368,Maharashtra_BTS_008,404-45-799-664,Maharashtra
CDR202600035532,2025-09-20,01:24:59,+919590688527,+916045551968,SMS,0,404646206105510,351584646332853,Mumbai_BTS_002,404-45-702-226,Mumbai
CDR202600035536,2025-07-19,14:22:05,+916082929566,+918476892498,VOICE,142,404761228926790,350254229679963,UttarPradesh_BTS_010,404-45-308-704,Uttar Pradesh
CDR202600035573,2025-07-15,20:56:56,+918083429756,+917755598297,VOICE,80,404050260476506,354690956372141,Delhi_BTS_002,404-45-884-129,Delhi
CDR202600035575,2025-05-01,16:18:53,+917230975615,+917327208351,VOICE,67,404337304966670,358676009186964,TamilNadu_BTS_006,404-45-678-536,Tamil Nadu
CDR202600035577,2025-10-19,23:01:48,+917084041063,+918386857947,VOICE,117,404066049001679,350897040374863,Mumbai_BTS_007,404-45-348-804,Mumbai
CDR202600035588,2025-06-28,19:06:15,+918025710015,+919429605845,SMS,0,404188259140845,353526264567989,Karnataka_BTS_005,404-45-902-804,Karnataka
CDR202600035595,2025-01-06,23:13:27,+918072057980,+916758605522,VOICE,4,404811633036198,350453254497158,Rajasthan_BTS_004,404-45-680-898,Rajasthan
CDR202600035602,2025-10-07,04:42:41,+916351363179,+918868872080,MISSED,0,404118638505033,351159416117488,Rajasthan_BTS_007,404-45-697-409,Rajasthan
CDR202600035653,2025-04-28,22:22:21,+918400893265,+919023071406,VOICE,6,404986933178149,354156849302189,Rajasthan_BTS_005,404-45-771-512,Rajasthan
CDR202600035658,2025-12-30,18:19:39,+918256587235,+919457189194,VOICE,143,404759884792979,352117257219222,Rajasthan_BTS_006,404-45-651-270,Rajasthan
CDR202600035663,2025-08-28,07:24:52,+917751254001,+917930975792,VOICE,298,404567561151926,353506940905068,Rajasthan_BTS_010,404-45-641-258,Rajasthan
CDR202600035688,2025-01-22,02:12:56,+919140786092,+919180380303,VOICE,252,404262111367422,357305584614980,Karnataka_BTS_006,404-45-813-981,Karnataka
CDR202600035694,2025-12-26,01:55:34,+916910071557,+917822277688,VOICE,166,404954741201577,357989189702595,WestBengal_BTS_001,404-45-230-043,West Bengal
CDR202600035717,2025-10-14,13:34:34,+917038064368,+916729659670,SMS,0,404880000444636,354631040074169,TamilNadu_BTS_003,404-45-170-610,Tamil Nadu
CDR202600035724,2025-01-09,03:36:22,+916015450890,+918714145702,VOICE,140,404750997518237,359822844509046,TamilNadu_BTS_004,404-45-513-123,Tamil Nadu
CDR202600035776,2025-12-07,11:55:37,+916345205059,+916355796475,VOICE,52,404458758222503,351430930622423,Gujarat_BTS_004,404-45-130-096,Gujarat
CDR202600035795,2025-10-09,00:22:30,+918784163089,+919409400327,VOICE,53,404168319256378,352360483225684,Rajasthan_BTS_010,404-45-494-391,Rajasthan
CDR202600035801,2025-06-17,03:08:54,+917247554043,+919794732472,VOICE,59,404382716172330,354973521633353,Karnataka_BTS_006,404-45-848-803,Karnataka
CDR202600035846,2025-02-05,18:30:07,+916045551968,+917533052145,VOICE,204,404941451916968,359060440546821,UttarPradesh_BTS_005,404-45-478-292,Uttar Pradesh
CDR202600035862,2025-04-20,14:32:47,+916238298212,+916858578040,VOICE,27,404672895480943,350003361873299,UttarPradesh_BTS_003,404-45-618-272,Uttar Pradesh
CDR202600035870,2025-05-14,11:18:38,+918477793470,+917589983307,VOICE,136,404372065166047,353858832743102,WestBengal_BTS_001,404-45-981-041,West Bengal
CDR202600035884,2025-07-25,22:06:38,+917264395169,+918460514346,SMS,0,404997791638271,351956061294668,Rajasthan_BTS_010,404-45-494-391,Rajasthan
CDR202600035911,2025-08-15,19:09:17,+916510257085,+918551256330,VOICE,73,404255165754057,353878792122480,Karnataka_BTS_004,404-45-985-411,Karnataka
CDR202600035912,2025-08-01,09:46:54,+919065974723,+918376125529,SMS,0,404277928741767,351131077263251,Rajasthan_BTS_016,404-45-619-624,Rajasthan
CDR202600035943,2025-06-20,14:39:32,+917576390503,+917900254663,SMS,0,404214921272861,351872852457135,UttarPradesh_BTS_002,404-45-869-959,Uttar Pradesh
CDR202600035963,2025-11-30,06:31:48,+919101669841,+919322807894,MISSED,0,404910454740847,356299130693830,Karnataka_BTS_003,404-45-270-417,Karnataka
CDR202600035965,2025-05-28,21:23:53,+916019571525,+916161636790,VOICE,64,404708481961094,359511499339966,Mumbai_BTS_010,404-45-296-195,Mumbai
CDR202600035972,2025-01-25,14:32:59,+919572987955,+919180826164,VOICE,1,404936935894070,353030953518949,Rajasthan_BTS_004,404-45-374-068,Rajasthan
CDR202600035974,2025-08-14,01:50:38,+918211158290,+918971088986,VOICE,144,404550666382582,355420285329280,Maharashtra_BTS_005,404-45-181-876,Maharashtra
CDR202600035980,2025-12-20,08:37:04,+917347182339,+918998819735,VOICE,9,404600979611321,357085243897908,WestBengal_BTS_008,404-45-979-482,West Bengal
CDR202600035990,2025-08-08,14:48:35,+918597220025,+919497020455,VOICE,20,404658137889712,350965813133135,Mumbai_BTS_008,404-45-520-479,Mumbai
CDR202600036000,2025-04-03,14:34:00,+916419179076,+916703211022,VOICE,52,404688682679233,358815964529548,Rajasthan_BTS_005,404-45-505-906,Rajasthan
CDR202600036003,2025-03-31,09:56:55,+917751254001,+917590663736,VOICE,182,404567561151926,353506940905068,WestBengal_BTS_001,404-45-915-996,West Bengal
CDR202600036007,2025-02-21,13:38:54,+919931602912,+918894124363,VOICE,132,404590206810548,352267125251728,WestBengal_BTS_004,404-45-283-755,West Bengal
CDR202600036017,2025-06-27,09:58:30,+916366754523,+916771922145,VOICE,450,404983933155983,357439556394201,Maharashtra_BTS_009,404-45-350-168,Maharashtra
CDR202600036065,2025-01-07,09:56:06,+919794710900,+917880299136,VOICE,28,404789904338926,350635142537543,Rajasthan_BTS_008,404-45-981-113,Rajasthan
CDR202600036098,2025-05-28,18:31:33,+918756810071,+917329865164,SMS,0,404570990544120,358383209029293,WestBengal_BTS_001,404-45-230-043,West Bengal
CDR202600036100,2025-08-02,16:11:50,+918711318313,+919340043004,VOICE,185,404567772711752,353493772922579,WestBengal_BTS_006,404-45-373-164,West Bengal
CDR202600036102,2025-09-09,16:41:19,+918802121362,+918157830462,VOICE,17,404552691093613,352404487034771,WestBengal_BTS_001,404-45-915-996,West Bengal
CDR202600036140,2025-02-18,05:33:31,+918010291465,+916133167035,VOICE,257,404644228084113,352431674970819,Rajasthan_BTS_010,404-45-494-391,Rajasthan
CDR202600036141,2025-06-07,08:11:46,+917906523487,+919209789901,VOICE,136,404145885374503,356728569468744,Rajasthan_BTS_007,404-45-697-409,Rajasthan
CDR202600036165,2025-07-20,01:55:00,+918648459141,+919779594019,VOICE,64,404805871218994,356915840483895,Karnataka_BTS_008,404-45-693-754,Karnataka
CDR202600036200,2025-11-23,21:41:06,+919340444147,+918124605424,VOICE,48,404012276999815,350844217314491,Mumbai_BTS_003,404-45-334-070,Mumbai
CDR202600036241,2025-12-09,14:30:12,+916724635767,+916983923513,VOICE,535,404805924199631,350870762864414,UttarPradesh_BTS_003,404-45-202-076,Uttar Pradesh
CDR202600036287,2025-10-26,13:38:10,+918435705453,+919181847107,VOICE,45,404975665280218,352397450368280,Mumbai_BTS_011,404-45-995-946,Mumbai
CDR202600036324,2025-04-10,08:05:31,+917751254001,+919372873392,VOICE,250,404567561151926,353506940905068,WestBengal_BTS_002,404-45-205-363,West Bengal
CDR202600036333,2025-02-05,10:09:52,+918679765182,+917750018186,VOICE,13,404315532761082,354125150026290,Karnataka_BTS_006,404-45-835-499,Karnataka
CDR202600036341,2025-06-11,13:04:58,+917640376327,+918725689711,VOICE,39,404068641293184,359297080026346,Gujarat_BTS_005,404-45-338-518,Gujarat
CDR202600036346,2025-10-28,04:49:06,+919526506513,+919177143828,VOICE,64,404446338186619,352115924164061,Gujarat_BTS_004,404-45-130-096,Gujarat
CDR202600036352,2025-05-12,08:04:22,+917960392099,+916564902284,VOICE,198,404544657433900,356100432078788,Rajasthan_BTS_016,404-45-303-157,Rajasthan
CDR202600036353,2025-12-13,08:11:33,+918067457884,+918310460462,VOICE,72,404962847729626,358650036597060,Maharashtra_BTS_001,404-45-881-345,Maharashtra
CDR202600036365,2025-05-12,12:59:46,+917882935563,+916306053410,SMS,0,404969674654992,356294606328765,Rajasthan_BTS_004,404-45-374-068,Rajasthan
CDR202600036372,2025-12-01,05:41:24,+916814592093,+917830553439,VOICE,6,404197018166124,356489073440367,Maharashtra_BTS_002,404-45-718-271,Maharashtra
CDR202600036375,2025-09-05,03:05:02,+918408146016,+918542355860,VOICE,16,404908136222469,354507812504020,Rajasthan_BTS_001,404-45-670-225,Rajasthan
CDR202600036383,2025-10-03,11:11:45,+917882790641,+916763975075,VOICE,249,404063082151866,353651927431798,TamilNadu_BTS_006,404-45-367-210,Tamil Nadu
CDR202600036390,2025-08-15,21:07:46,+918274235495,+918022731031,VOICE,55,404351347791651,350838226127880,UttarPradesh_BTS_014,404-45-214-078,Uttar Pradesh
CDR202600036398,2025-02-26,21:15:02,+918427005598,+919217424995,VOICE,33,404578838526386,359931772670246,Maharashtra_BTS_002,404-45-718-271,Maharashtra
CDR202600036418,2025-03-09,19:31:54,+917190444185,+917607470123,VOICE,2,404672251893467,356729489790697,Gujarat_BTS_002,404-45-854-105,Gujarat
CDR202600036431,2025-08-02,07:38:03,+919572350182,+916514444241,SMS,0,404474316403000,352991293698275,Mumbai_BTS_008,404-45-462-434,Mumbai
CDR202600036432,2025-11-24,05:44:44,+918243727555,+919897061220,SMS,0,404429464645445,352550542687812,UttarPradesh_BTS_003,404-45-618-272,Uttar Pradesh
CDR202600036438,2025-05-26,05:08:25,+918655653379,+919412691680,VOICE,37,404762779075972,357926083054469,Maharashtra_BTS_009,404-45-350-168,Maharashtra
CDR202600036459,2025-05-15,10:42:27,+916278217913,+916515449347,VOICE,15,404259022656763,355805165909224,UttarPradesh_BTS_010,404-45-308-704,Uttar Pradesh
CDR202600036491,2025-08-20,09:43:42,+918118633802,+917286241634,VOICE,8,404168363215118,359202422967464,UttarPradesh_BTS_007,404-45-779-107,Uttar Pradesh
CDR202600036498,2025-02-21,11:13:02,+919400363649,+917417769031,MISSED,0,404740654171639,358846382710769,UttarPradesh_BTS_002,404-45-174-010,Uttar Pradesh
CDR202600036511,2025-06-13,11:56:48,+917443631579,+919819887535,MISSED,0,404977085106351,359800558543544,WestBengal_BTS_005,404-45-901-954,West Bengal
CDR202600036512,2025-05-01,19:32:10,+918328592327,+917118751028,VOICE,577,404933913108264,351658428499023,Rajasthan_BTS_004,404-45-374-068,Rajasthan
CDR202600036518,2025-03-31,16:41:31,+918577435893,+918672544071,VOICE,103,404719142906833,359177996382094,UttarPradesh_BTS_013,404-45-552-565,Uttar Pradesh
CDR202600036537,2025-11-27,14:53:35,+918293896404,+917429125374,VOICE,52,404482953113495,352852321828278,Delhi_BTS_002,404-45-878-546,Delhi
CDR202600036539,2025-04-27,07:06:43,+918330630590,+917055020289,SMS,0,404593114261768,355336820321986,Karnataka_BTS_004,404-45-985-411,Karnataka
CDR202600036541,2025-10-07,21:20:03,+918579835476,+917726107989,VOICE,19,404255406589881,352951365294377,UttarPradesh_BTS_001,404-45-371-406,Uttar Pradesh
CDR202600036572,2025-01-22,22:12:29,+919208661356,+919869284051,VOICE,31,404577723549544,356370121582623,Delhi_BTS_004,404-45-652-774,Delhi
CDR202600036580,2025-01-09,15:50:56,+916588879633,+918147665154,VOICE,38,404377638742321,357905320447166,WestBengal_BTS_005,404-45-785-885,West Bengal
CDR202600036598,2025-10-24,11:15:36,+918623332668,+918584425155,SMS,0,404720813898233,352610173294644,WestBengal_BTS_001,404-45-230-043,West Bengal
CDR202600036607,2025-12-01,21:47:03,+918434213005,+918298954274,VOICE,26,404227578596547,357725152962718,Rajasthan_BTS_010,404-45-494-391,Rajasthan
CDR202600036629,2025-02-03,21:02:47,+919349124692,+919066519034,VOICE,22,404929195916365,358860680775821,Rajasthan_BTS_008,404-45-981-113,Rajasthan
CDR202600036641,2025-03-29,21:18:16,+917027859936,+918481942857,VOICE,165,404029874010822,354535174682861,Rajasthan_BTS_010,404-45-641-258,Rajasthan
CDR202600036667,2025-08-27,10:26:40,+917587106898,+917865603649,VOICE,50,404566483845317,352700100302648,Maharashtra_BTS_001,404-45-881-345,Maharashtra
CDR202600036676,2025-02-22,19:29:08,+916935232307,+918806311079,SMS,0,404572288052010,359075642747298,Mumbai_BTS_011,404-45-995-946,Mumbai
CDR202600036690,2025-01-18,00:46:41,+918338786803,+917501730315,SMS,0,404781312842447,357578936995141,WestBengal_BTS_001,404-45-981-041,West Bengal
CDR202600036693,2025-03-17,04:07:39,+919700497970,+916110600292,VOICE,59,404554810122266,359858583721564,Karnataka_BTS_002,404-45-195-949,Karnataka
CDR202600036695,2025-09-10,22:26:22,+917364822890,+917246431648,VOICE,32,404005301411178,355473392718902,Rajasthan_BTS_017,404-45-880-166,Rajasthan
CDR202600036705,2025-01-08,00:02:56,+917112655437,+916996698129,VOICE,109,404440823731920,351884584528946,Rajasthan_BTS_007,404-45-697-409,Rajasthan
CDR202600036722,2025-08-01,11:07:09,+919536435182,+919808151517,VOICE,271,404231526898652,351624571867473,UttarPradesh_BTS_009,404-45-378-289,Uttar Pradesh
CDR202600036724,2025-11-27,03:12:31,+917500004938,+917090887684,SMS,0,404684291254398,350136889981406,Gujarat_BTS_002,404-45-854-105,Gujarat
CDR202600036762,2025-06-24,17:30:45,+919377210188,+919585712366,VOICE,214,404726039506205,356756458358349,Mumbai_BTS_007,404-45-196-100,Mumbai
CDR202600036763,2025-04-23,18:20:30,+919574640409,+919089404735,SMS,0,404243428536956,358034633884912,Rajasthan_BTS_017,404-45-880-166,Rajasthan
CDR202600036771,2025-11-06,06:02:16,+918771856293,+919276996642,SMS,0,404966414987615,357197888336814,UttarPradesh_BTS_001,404-45-371-406,Uttar Pradesh
CDR202600036866,2025-06-10,15:03:33,+919420722750,+918766157391,VOICE,42,404687076367863,357259607585564,Mumbai_BTS_008,404-45-462-434,Mumbai
CDR202600036868,2025-04-28,20:37:36,+919269942245,+916711652048,SMS,0,404568603266449,352798178579398,Delhi_BTS_004,404-45-652-774,Delhi
CDR202600036872,2025-08-22,06:51:19,+916265150845,+918034135012,VOICE,55,404563667796113,353377439686096,Mumbai_BTS_009,404-45-162-413,Mumbai
CDR202600036892,2025-01-19,21:00:31,+916701586456,+916411140192,VOICE,69,404619627034911,358274022342041,Gujarat_BTS_004,404-45-130-096,Gujarat
CDR202600036899,2025-04-22,05:57:48,+918132812205,+918185194936,VOICE,82,404182646567537,356493669213620,Delhi_BTS_003,404-45-993-622,Delhi
CDR202600036915,2025-06-19,19:07:36,+919490686177,+917919173758,VOICE,545,404737022699609,354548242674104,WestBengal_BTS_003,404-45-342-886,West Bengal
CDR202600036919,2025-02-08,20:04:34,+917261061155,+918521669183,VOICE,3,404579193279479,355081986743316,Mumbai_BTS_004,404-45-980-339,Mumbai
CDR202600036923,2025-09-09,23:50:07,+917982864443,+919816151151,SMS,0,404564109172450,356208467349561,Rajasthan_BTS_019,404-45-119-115,Rajasthan
CDR202600036926,2025-11-09,08:25:12,+918987497344,+916018945398,VOICE,309,404415669230960,354227976261223,Rajasthan_BTS_018,404-45-713-332,Rajasthan
CDR202600036944,2025-01-28,02:48:15,+919292531585,+917373608917,VOICE,57,404649464157262,355970805327016,Delhi_BTS_006,404-45-548-922,Delhi
CDR202600036986,2025-02-03,12:21:16,+918310597374,+918453494614,VOICE,58,404578790520999,352141082234429,UttarPradesh_BTS_003,404-45-202-076,Uttar Pradesh
CDR202600036996,2025-02-03,03:45:09,+916859750986,+918260224448,VOICE,374,404346835926450,352298500177183,Rajasthan_BTS_001,404-45-670-225,Rajasthan
CDR202600037002,2025-03-26,23:51:33,+918238834148,+918009070030,VOICE,320,404945445456528,358372056051417,TamilNadu_BTS_004,404-45-513-123,Tamil Nadu
CDR202600037005,2025-06-04,08:11:20,+919664335638,+918010291465,VOICE,138,404583375437878,354460335986611,Mumbai_BTS_006,404-45-785-498,Mumbai
CDR202600037017,2025-10-31,21:29:18,+918333283107,+919412279889,VOICE,39,404914514877149,357697618438912,WestBengal_BTS_002,404-45-315-699,West Bengal
CDR202600037020,2025-07-13,10:00:57,+918897183146,+918009543434,SMS,0,404171778971064,353846291826095,WestBengal_BTS_007,404-45-491-894,West Bengal
CDR202600037024,2025-04-23,09:32:47,+916653181892,+918666798076,VOICE,106,404609560643333,358623804256644,Rajasthan_BTS_004,404-45-230-043,Rajasthan
CDR202600037030,2025-03-09,01:42:17,+919420722750,+917299403528,VOICE,217,404687076367863,357259607585564,UttarPradesh_BTS_004,404-45-457-903,Uttar Pradesh
CDR202600037035,2025-08-14,15:23:42,+919092514816,+917443590444,SMS,0,404878149270899,354910185242211,UttarPradesh_BTS_005,404-45-478-292,Uttar Pradesh
CDR202600037036,2025-08-09,14:46:41,+918180758109,+916051333250,VOICE,279,404712881134095,353249087273281,Maharashtra_BTS_007,404-45-314-687,Maharashtra
CDR202600037041,2025-01-11,09:42:35,+916626409186,+919327922584,VOICE,25,404186217417664,350656739866034,Delhi_BTS_001,404-45-180-088,Delhi
CDR202600037042,2025-06-11,07:09:29,+918335471524,+916326243819,VOICE,13,404943595860397,350947287373773,UttarPradesh_BTS_013,404-45-265-760,Uttar Pradesh
CDR202600037045,2025-11-01,19:43:56,+919551350790,+916510536250,VOICE,267,404112355730826,356970877597372,Rajasthan_BTS_015,404-45-208-892,Rajasthan
CDR202600037046,2025-05-25,06:04:07,+917500406051,+917037154208,VOICE,60,404957553528149,353955496315721,UttarPradesh_BTS_003,404-45-736-577,Uttar Pradesh
CDR202600037049,2025-02-27,22:35:42,+917330139400,+919855326636,VOICE,340,404222838709457,358731243828114,WestBengal_BTS_008,404-45-979-482,West Bengal
CDR202600037111,2025-05-13,09:02:14,+917788957266,+916238298212,VOICE,43,404323288670394,357777788758392,Maharashtra_BTS_009,404-45-350-168,Maharashtra
CDR202600037113,2025-09-26,10:01:12,+919496142308,+918778912285,VOICE,38,404383173465345,354282987873750,Rajasthan_BTS_002,404-45-334-842,Rajasthan
CDR202600037118,2025-03-31,17:22:28,+917178752596,+918490503411,VOICE,15,404684446861815,350614366865501,Gujarat_BTS_008,404-45-814-433,Gujarat
CDR202600037126,2025-12-03,05:51:22,+917657748109,+916177150902,VOICE,204,404575299080475,352735799387679,Delhi_BTS_003,404-45-371-541,Delhi
CDR202600037128,2025-10-06,04:04:48,+919140786092,+919170823677,VOICE,15,404262111367422,357305584614980,Rajasthan_BTS_019,404-45-951-827,Rajasthan
CDR202600037133,2025-08-01,19:36:28,+918854432528,+919646677603,VOICE,22,404779171780775,355624778154554,Maharashtra_BTS_002,404-45-926-045,Maharashtra
CDR202600037151,2025-05-04,02:02:57,+919176832225,+916692555285,VOICE,151,404286450847032,350421273433220,WestBengal_BTS_005,404-45-521-822,West Bengal
CDR202600037179,2025-03-12,00:39:07,+917815810986,+917657350844,VOICE,107,404427985040592,358696040798800,Maharashtra_BTS_002,404-45-967-353,Maharashtra
CDR202600037180,2025-04-23,19:40:25,+919429605845,+918917058490,VOICE,40,404012631446390,352762811304640,WestBengal_BTS_002,404-45-205-363,West Bengal
CDR202600037197,2025-07-18,10:37:02,+919451505924,+916289877077,VOICE,509,404281744633987,350865160154227,Mumbai_BTS_011,404-45-243-433,Mumbai
CDR202600037213,2025-03-21,14:01:32,+918186879810,+917824786178,VOICE,232,404287282390460,352562206076910,Karnataka_BTS_005,404-45-102-400,Karnataka
CDR202600037214,2025-10-15,18:27:01,+917753280663,+919332010730,VOICE,16,404687729326023,356717826063696,UttarPradesh_BTS_003,404-45-736-577,Uttar Pradesh
CDR202600037218,2025-04-08,20:32:54,+917148314764,+917632947740,VOICE,188,404018514780436,355883071814344,Gujarat_BTS_006,404-45-833-666,Gujarat
CDR202600037224,2025-01-07,01:49:13,+917310983111,+919253446305,VOICE,61,404773058174668,350742010959527,Maharashtra_BTS_009,404-45-350-168,Maharashtra
CDR202600037264,2025-05-01,23:03:36,+917628158707,+917451838311,SMS,0,404508750125467,353521289304301,Gujarat_BTS_007,404-45-703-285,Gujarat
CDR202600037282,2025-06-20,12:50:10,+918254025052,+917466901038,VOICE,59,404406968418279,356348447837329,Karnataka_BTS_006,404-45-669-678,Karnataka
CDR202600037288,2025-05-23,17:09:58,+918762440921,+916228320383,SMS,0,404412916365198,358023508942904,Delhi_BTS_002,404-45-884-129,Delhi
CDR202600037303,2025-01-25,02:13:23,+917737096590,+919913537040,VOICE,199,404711635050416,351679420025058,Mumbai_BTS_008,404-45-984-747,Mumbai
CDR202600037320,2025-01-30,02:13:36,+917330989925,+917844910023,MISSED,0,404801478597899,354434531550530,Karnataka_BTS_006,404-45-848-803,Karnataka
CDR202600037323,2025-07-05,11:16:01,+919465637402,+917884131783,VOICE,171,404274942441739,359832395242254,Rajasthan_BTS_018,404-45-713-332,Rajasthan
CDR202600037325,2025-07-20,06:23:36,+919505939409,+917082905925,VOICE,12,404566555215293,351942426647075,Mumbai_BTS_003,404-45-334-070,Mumbai
CDR202600037330,2025-05-23,22:01:28,+918984132297,+918686416106,VOICE,84,404120193048594,351266724525504,Rajasthan_BTS_016,404-45-619-624,Rajasthan
CDR202600037348,2025-02-06,20:29:01,+918129292740,+919271437076,SMS,0,404262439678237,350669312439364,UttarPradesh_BTS_005,404-45-261-449,Uttar Pradesh
CDR202600037363,2025-08-07,07:10:27,+918692131025,+919307327747,SMS,0,404147468481271,353751469499462,Rajasthan_BTS_001,404-45-376-948,Rajasthan
CDR202600037369,2025-11-06,07:15:17,+918248669894,+918659465845,VOICE,83,404964488907819,359302259087647,Rajasthan_BTS_005,404-45-771-512,Rajasthan
CDR202600037371,2025-06-15,19:49:19,+917104046990,+919976782155,VOICE,9,404368009135949,353968496632566,UttarPradesh_BTS_002,404-45-174-010,Uttar Pradesh
CDR202600037411,2025-11-17,17:35:40,+919990967379,+919669988212,VOICE,8,404769172773682,356647555165207,Mumbai_BTS_007,404-45-584-827,Mumbai
CDR202600037450,2025-02-26,22:09:15,+917041620315,+919271656885,VOICE,9,404623709426280,359604346708639,WestBengal_BTS_004,404-45-522-026,West Bengal
CDR202600037508,2025-09-01,00:43:54,+918069518866,+918654630719,VOICE,34,404852770847960,358143386143404,Rajasthan_BTS_006,404-45-651-270,Rajasthan
CDR202600037541,2025-05-24,00:18:35,+917288253303,+916605441163,VOICE,43,404090458749823,351373108624463,Delhi_BTS_002,404-45-231-676,Delhi
CDR202600037563,2025-07-27,20:44:10,+919346979515,+916720582936,VOICE,576,404863373518011,357661821452108,Gujarat_BTS_001,404-45-859-282,Gujarat
CDR202600037591,2025-07-09,22:38:35,+917924995621,+918484714503,SMS,0,404719259124745,359579023665573,Delhi_BTS_003,404-45-371-541,Delhi
CDR202600037601,2025-12-15,01:23:17,+918429314662,+918240892208,VOICE,149,404770421203750,350119938329462,TamilNadu_BTS_001,404-45-614-942,Tamil Nadu
CDR202600037613,2025-07-15,09:57:07,+917112655437,+919555838101,VOICE,33,404440823731920,351884584528946,Rajasthan_BTS_018,404-45-713-332,Rajasthan
CDR202600037641,2025-11-21,04:29:38,+917262131208,+917777059287,SMS,0,404462736337582,359895048947544,Rajasthan_BTS_010,404-45-494-391,Rajasthan
CDR202600037664,2025-11-02,23:39:49,+917345321729,+917640376327,VOICE,58,404400175986968,353253583618907,TamilNadu_BTS_005,404-45-734-084,Tamil Nadu
CDR202600037706,2025-10-14,17:43:00,+918213220611,+916184017279,VOICE,82,404607124762720,351185065119989,Mumbai_BTS_012,404-45-553-828,Mumbai
CDR202600037724,2025-06-10,11:44:25,+919679681556,+919264151644,VOICE,182,404834365364532,352544019717877,Delhi_BTS_001,404-45-180-088,Delhi
CDR202600037746,2025-10-22,10:09:43,+918104864922,+916625071606,VOICE,100,404786400570701,350326088272198,UttarPradesh_BTS_001,404-45-371-406,Uttar Pradesh
CDR202600037749,2025-01-22,11:25:39,+917143289283,+917383105771,VOICE,21,404435207342606,356486842884302,Gujarat_BTS_007,404-45-928-891,Gujarat
CDR202600037755,2025-05-03,14:42:37,+918169255646,+919404337425,SMS,0,404774589693970,352028603364357,UttarPradesh_BTS_002,404-45-869-959,Uttar Pradesh
CDR202600037773,2025-12-12,20:12:01,+917786379479,+917654232184,VOICE,37,404222557663841,353283893108602,Delhi_BTS_003,404-45-662-170,Delhi
CDR202600037779,2025-06-26,06:18:21,+919312381083,+918870387542,VOICE,7,404710108654948,351267624205575,TamilNadu_BTS_006,404-45-423-958,Tamil Nadu
CDR202600037783,2025-05-06,04:28:23,+919936202674,+918936041657,VOICE,7,404569981252764,358802976082062,Karnataka_BTS_005,404-45-102-400,Karnataka
CDR202600037786,2025-04-25,12:30:07,+916183793050,+916516851698,SMS,0,404972951537093,350147675892173,Karnataka_BTS_002,404-45-195-949,Karnataka
CDR202600037789,2025-11-12,14:24:34,+918301398002,+917016396826,SMS,0,404531981268094,359685418969879,UttarPradesh_BTS_012,404-45-233-653,Uttar Pradesh
CDR202600037821,2025-12-15,20:47:07,+919526506513,+917205901379,VOICE,112,404446338186619,352115924164061,Gujarat_BTS_006,404-45-818-559,Gujarat
CDR202600037856,2025-12-22,07:02:36,+917916621634,+916798129927,VOICE,39,404897872118954,352979357894420,Maharashtra_BTS_001,404-45-204-095,Maharashtra
CDR202600037862,2025-07-08,22:52:30,+916599023606,+919303089176,SMS,0,404744978879946,359345853569253,WestBengal_BTS_004,404-45-522-026,West Bengal
CDR202600037879,2025-06-02,10:44:59,+916364909509,+918877660189,VOICE,63,404889996491290,356044494524640,UttarPradesh_BTS_007,404-45-779-107,Uttar Pradesh
CDR202600037911,2025-10-12,19:32:42,+918113230862,+916840406072,VOICE,154,404149316639818,359572709871912,Mumbai_BTS_008,404-45-155-690,Mumbai
CDR202600037935,2025-03-06,01:57:37,+917913725296,+917296545785,VOICE,121,404655173379642,350982553980871,UttarPradesh_BTS_004,404-45-457-903,Uttar Pradesh
CDR202600037950,2025-08-04,17:33:20,+916405134888,+919082665482,VOICE,89,404928533489829,357856220782707,Delhi_BTS_006,404-45-548-922,Delhi
CDR202600037984,2025-07-02,21:56:20,+917133264916,+917654232184,SMS,0,404155392341538,355544155606395,Gujarat_BTS_003,404-45-704-433,Gujarat
CDR202600038003,2025-01-08,15:29:38,+919972880601,+917497948734,VOICE,64,404209485506141,359865851211506,Mumbai_BTS_012,404-45-553-828,Mumbai
CDR202600038017,2025-06-25,12:37:58,+917500004938,+917489362264,VOICE,75,404684291254398,350136889981406,Delhi_BTS_004,404-45-652-774,Delhi
CDR202600038028,2025-01-28,10:49:22,+916013444371,+919505939409,VOICE,455,404360817810725,359808541777703,Rajasthan_BTS_004,404-45-374-068,Rajasthan
CDR202600038043,2025-08-27,01:11:14,+919558612529,+917946440736,MISSED,0,404962795594487,357509845936469,Rajasthan_BTS_017,404-45-880-166,Rajasthan
CDR202600038063,2025-03-12,01:38:18,+917455222130,+917520981557,VOICE,31,404723170823423,359851756080712,Delhi_BTS_006,404-45-223-254,Delhi
CDR202600038078,2025-10-01,20:32:37,+917117381519,+917793399349,VOICE,94,404860350076354,353299523640718,Delhi_BTS_002,404-45-878-546,Delhi
CDR202600038079,2025-06-20,15:36:35,+917178752596,+918904179965,VOICE,114,404684446861815,350614366865501,Delhi_BTS_002,404-45-884-129,Delhi
CDR202600038094,2025-02-01,02:42:41,+916543542858,+918494980609,VOICE,200,404184465740399,354240144634234,UttarPradesh_BTS_002,404-45-869-959,Uttar Pradesh
CDR202600038099,2025-04-21,10:39:21,+918312719539,+916575838940,VOICE,8,404521148141086,356277365382851,Maharashtra_BTS_008,404-45-818-960,Maharashtra
CDR202600038102,2025-06-25,14:10:12,+919766728923,+918604642782,VOICE,85,404838118672003,351583912141916,Maharashtra_BTS_001,404-45-204-095,Maharashtra
CDR202600038107,2025-06-09,16:44:22,+917029892111,+918965928635,VOICE,371,404792730483440,352235975101027,Mumbai_BTS_007,404-45-348-804,Mumbai
CDR202600038117,2025-08-03,16:57:22,+918339515150,+917531802722,VOICE,205,404936972942051,352816983700450,UttarPradesh_BTS_004,404-45-457-903,Uttar Pradesh
CDR202600038124,2025-12-12,08:23:50,+917044211800,+917565526780,VOICE,186,404295865805031,354686508954182,UttarPradesh_BTS_013,404-45-552-565,Uttar Pradesh
CDR202600038144,2025-01-04,21:50:26,+918113459245,+917285876259,SMS,0,404648553046135,352796027502702,WestBengal_BTS_001,404-45-915-996,West Bengal
CDR202600038166,2025-10-16,11:31:54,+919989000306,+919941240635,VOICE,1,404123699642462,359082032695247,Gujarat_BTS_008,404-45-448-285,Gujarat
CDR202600038176,2025-04-24,23:11:45,+919023071406,+918356299501,SMS,0,404782404770896,353438360647960,Maharashtra_BTS_003,404-45-665-301,Maharashtra
CDR202600038177,2025-12-16,16:15:51,+919753444494,+916979318103,SMS,0,404443927476285,352488499959565,TamilNadu_BTS_001,404-45-158-052,Tamil Nadu
CDR202600038186,2025-07-18,14:20:45,+919130148816,+919651880657,VOICE,27,404629907522521,357811797998584,TamilNadu_BTS_001,404-45-614-942,Tamil Nadu
CDR202600038196,2025-06-08,18:47:38,+916215093638,+918496889952,VOICE,183,404009419383500,350637220632515,Rajasthan_BTS_001,404-45-801-333,Rajasthan
CDR202600038197,2025-05-03,06:37:24,+919522560205,+916419179076,VOICE,43,404861221358464,358763167320523,TamilNadu_BTS_006,404-45-367-210,Tamil Nadu
CDR202600038198,2025-09-10,04:23:13,+918514462056,+918435706138,VOICE,142,404474677329888,358841688986667,Maharashtra_BTS_007,404-45-314-687,Maharashtra
CDR202600038202,2025-11-27,23:03:23,+918859333151,+918471730697,VOICE,4,404903536141371,358737129789861,WestBengal_BTS_003,404-45-342-886,West Bengal
CDR202600038211,2025-05-29,21:44:07,+918904179965,+919912838915,VOICE,86,404068179415673,358310895976384,Rajasthan_BTS_013,404-45-400-446,Rajasthan
CDR202600038220,2025-03-07,20:01:22,+916103891623,+919641180018,SMS,0,404135913801316,354010231653852,WestBengal_BTS_005,404-45-901-954,West Bengal
CDR202600038241,2025-08-09,01:59:26,+919543348878,+917815456502,SMS,0,404369428835073,352427918190689,Rajasthan_BTS_004,404-45-374-068,Rajasthan
CDR202600038269,2025-08-26,23:49:04,+918805603372,+919137275554,VOICE,8,404868413589784,350103281859569,Gujarat_BTS_006,404-45-833-666,Gujarat
CDR202600038290,2025-08-19,13:34:57,+917725121411,+918946271950,VOICE,66,404273671133775,353741809469609,Gujarat_BTS_006,404-45-818-559,Gujarat
CDR202600038337,2025-08-15,19:52:14,+916893592412,+916101313242,SMS,0,404369730024607,351905606771244,Delhi_BTS_001,404-45-180-088,Delhi
CDR202600038358,2025-03-08,19:13:42,+918326295564,+918679956202,VOICE,6,404831348841198,351672078913180,Rajasthan_BTS_016,404-45-961-655,Rajasthan
CDR202600038385,2025-10-14,01:27:31,+918121488832,+916110600292,VOICE,60,404199897276216,355059415955069,UttarPradesh_BTS_013,404-45-265-760,Uttar Pradesh
CDR202600038396,2025-03-16,05:53:10,+918873257050,+919521875296,VOICE,31,404188736978541,351914142316888,Rajasthan_BTS_006,404-45-651-270,Rajasthan
CDR202600038406,2025-06-02,20:01:40,+919065349668,+918358633681,VOICE,130,404685833046371,356680766952223,Rajasthan_BTS_004,404-45-374-068,Rajasthan
CDR202600038447,2025-11-23,02:52:21,+918185194936,+916094545468,VOICE,78,404516083446689,355578422779444,UttarPradesh_BTS_006,404-45-769-542,Uttar Pradesh
CDR202600038462,2025-07-15,19:47:46,+919748278152,+917779376716,SMS,0,404216115345152,353711309664537,Mumbai_BTS_004,404-45-980-339,Mumbai
CDR202600038468,2025-12-24,16:29:32,+917819700767,+916426267031,MISSED,0,404666027931160,357239520733854,Maharashtra_BTS_007,404-45-479-364,Maharashtra
CDR202600038517,2025-01-19,22:35:15,+919818314413,+919038843593,SMS,0,404531456830696,350335702196267,Mumbai_BTS_008,404-45-155-690,Mumbai
CDR202600038523,2025-03-02,20:20:10,+918020698771,+917361672964,VOICE,17,404452983173856,354630887193356,WestBengal_BTS_001,404-45-415-374,West Bengal
CDR202600038528,2025-11-17,05:54:33,+917789224735,+918567063444,VOICE,203,404036696620777,357336902307662,Rajasthan_BTS_001,404-45-376-948,Rajasthan
CDR202600038535,2025-02-07,15:08:22,+917796041813,+918733363458,VOICE,75,404076973686077,355781041598047,WestBengal_BTS_006,404-45-906-719,West Bengal
CDR202600038550,2025-02-10,16:43:21,+917233533963,+917782896209,VOICE,63,404599407914960,354585100160860,Mumbai_BTS_010,404-45-296-195,Mumbai
CDR202600038560,2025-12-24,10:16:22,+916324724525,+917180147111,VOICE,71,404424884327982,352789313838357,UttarPradesh_BTS_009,404-45-378-289,Uttar Pradesh
CDR202600038572,2025-03-26,01:33:19,+918406034410,+919075387950,VOICE,60,404438432028171,358578766444214,UttarPradesh_BTS_001,404-45-371-406,Uttar Pradesh
CDR202600038579,2025-04-28,11:22:41,+919217831562,+917410717623,VOICE,123,404986363806886,355122530191812,WestBengal_BTS_008,404-45-979-482,West Bengal
CDR202600038580,2025-12-21,15:26:58,+916326243819,+918575953188,VOICE,51,404101232690789,354980417445130,UttarPradesh_BTS_009,404-45-719-216,Uttar Pradesh
CDR202600038597,2025-12-04,01:45:38,+917906529892,+919252186641,VOICE,31,404657310144513,351356074027662,TamilNadu_BTS_001,404-45-698-489,Tamil Nadu
CDR202600038607,2025-01-30,07:25:41,+919612642208,+917362895161,VOICE,160,404083005115750,354976096594655,UttarPradesh_BTS_007,404-45-779-107,Uttar Pradesh
CDR202600038641,2025-08-22,06:46:36,+919214351370,+918741550706,VOICE,240,404999353862047,354975238077103,Rajasthan_BTS_013,404-45-887-657,Rajasthan
CDR202600038662,2025-02-08,10:12:39,+919683122388,+917982864443,VOICE,292,404354117671729,357675451912233,Maharashtra_BTS_008,404-45-173-624,Maharashtra
CDR202600038670,2025-01-21,13:07:05,+916670907079,+916265150845,VOICE,49,404870316583064,357187305784267,Maharashtra_BTS_005,404-45-891-297,Maharashtra
CDR202600038673,2025-07-20,23:03:40,+919180137802,+918859333151,VOICE,232,404834377833129,359861752224565,TamilNadu_BTS_001,404-45-614-942,Tamil Nadu
CDR202600038681,2025-11-02,17:21:16,+918584425155,+917862795714,VOICE,185,404576877276392,352133548796065,Mumbai_BTS_002,404-45-702-226,Mumbai
CDR202600038684,2025-10-09,17:50:27,+918888536314,+918407317690,VOICE,35,404228565048313,354686382937343,Delhi_BTS_006,404-45-629-463,Delhi
CDR202600038685,2025-02-28,08:10:04,+917970852104,+918463841438,VOICE,235,404700666167352,354372323952875,UttarPradesh_BTS_004,404-45-457-903,Uttar Pradesh
CDR202600038719,2025-02-08,18:45:29,+918878172611,+916347851781,VOICE,12,404793395772549,354014959356836,WestBengal_BTS_002,404-45-205-363,West Bengal
CDR202600038725,2025-09-22,01:15:36,+917215930461,+917829817408,VOICE,44,404410614310106,354423306457496,Delhi_BTS_002,404-45-231-676,Delhi
CDR202600038750,2025-09-18,08:34:03,+918913006378,+916983923513,VOICE,106,404183710340777,357713040126186,Rajasthan_BTS_017,404-45-652-977,Rajasthan
CDR202600038782,2025-05-23,06:52:37,+919968891180,+917620952623,VOICE,17,404433848365392,359961328026940,Karnataka_BTS_002,404-45-195-949,Karnataka
CDR202600038802,2025-04-29,07:22:25,+917127474172,+919189093417,MISSED,0,404856746131446,350039927111218,Maharashtra_BTS_004,404-45-691-197,Maharashtra
CDR202600038805,2025-10-31,13:23:10,+919863052526,+917117381519,VOICE,130,404795013461548,351070809863781,UttarPradesh_BTS_013,404-45-552-565,Uttar Pradesh
CDR202600038818,2025-01-15,14:49:52,+917456367813,+917138005903,VOICE,166,404833779720129,354059735031344,Delhi_BTS_002,404-45-884-129,Delhi
CDR202600038827,2025-10-30,17:56:44,+916040197081,+918200427631,VOICE,39,404410923528424,359667456124028,Delhi_BTS_001,404-45-999-581,Delhi
CDR202600038840,2025-08-06,22:13:16,+917615893220,+917837032455,VOICE,106,404489415582765,352568728966839,Rajasthan_BTS_017,404-45-897-945,Rajasthan
CDR202600038866,2025-12-05,23:54:55,+916822634908,+918890154412,VOICE,42,404058289864291,359928195250313,Rajasthan_BTS_004,404-45-316-936,Rajasthan
CDR202600038879,2025-10-29,09:28:24,+918716366137,+919357349318,VOICE,59,404112197399266,355423784744127,TamilNadu_BTS_005,404-45-734-084,Tamil Nadu
CDR202600038909,2025-06-01,09:25:51,+918127731517,+918386857947,VOICE,212,404106289546453,358428039283689,Rajasthan_BTS_004,404-45-680-898,Rajasthan
CDR202600038923,2025-07-03,01:07:23,+919306192439,+916983699346,VOICE,108,404348210389438,351633788756577,Rajasthan_BTS_007,404-45-605-094,Rajasthan
CDR202600038942,2025-03-17,13:07:48,+917506860658,+919543842342,VOICE,27,404818809889350,356935810001770,Rajasthan_BTS_019,404-45-471-900,Rajasthan
CDR202600038946,2025-04-07,10:49:34,+917175736660,+919934858141,VOICE,271,404251249659734,359445901661726,TamilNadu_BTS_006,404-45-367-210,Tamil Nadu
CDR202600038951,2025-08-14,02:31:11,+918978860352,+919917783886,VOICE,112,404598035071597,358703493299422,Rajasthan_BTS_013,404-45-448-115,Rajasthan
CDR202600038965,2025-08-03,08:53:58,+916543542858,+916073848956,VOICE,35,404184465740399,354240144634234,Gujarat_BTS_007,404-45-325-460,Gujarat
CDR202600038972,2025-01-26,21:08:59,+917774645630,+919929509196,VOICE,494,404921447000162,356994766202583,Gujarat_BTS_001,404-45-859-282,Gujarat
CDR202600038990,2025-07-10,20:04:49,+916938174319,+918319944674,VOICE,76,404969369185189,352649854359926,Rajasthan_BTS_011,404-45-796-739,Rajasthan
CDR202600038999,2025-02-28,13:45:19,+917464713073,+918477793470,VOICE,3,404338715236735,351910468990952,Mumbai_BTS_007,404-45-348-804,Mumbai
CDR202600039011,2025-07-06,22:15:57,+916714343605,+918485979829,VOICE,177,404459437287339,356653731035385,Maharashtra_BTS_002,404-45-718-271,Maharashtra
CDR202600039025,2025-04-06,23:00:35,+918358273972,+919380244975,VOICE,186,404471632833113,350975862173592,Delhi_BTS_003,404-45-993-622,Delhi
CDR202600039042,2025-08-08,14:11:58,+917679623598,+917417334533,VOICE,20,404653178139648,352186397088395,Maharashtra_BTS_007,404-45-473-167,Maharashtra
CDR202600039056,2025-08-28,09:46:37,+918408536997,+918273566448,VOICE,53,404397773462215,359073815002213,Maharashtra_BTS_005,404-45-181-876,Maharashtra
CDR202600039067,2025-08-15,16:33:28,+917456367813,+918593818705,VOICE,140,404833779720129,354059735031344,Mumbai_BTS_006,404-45-319-553,Mumbai
CDR202600039068,2025-05-14,00:13:30,+917499921995,+916599023606,MISSED,0,404184754580148,350889455777736,Rajasthan_BTS_013,404-45-448-115,Rajasthan
CDR202600039073,2025-08-19,04:21:50,+917508281755,+918469910729,VOICE,22,404535938698914,353391803925798,UttarPradesh_BTS_008,404-45-860-567,Uttar Pradesh
CDR202600039085,2025-07-12,02:23:42,+917506145552,+919137226230,VOICE,298,404330656133359,351955575972717,Rajasthan_BTS_006,404-45-651-270,Rajasthan
CDR202600039111,2025-01-19,23:30:13,+917493206855,+919550208458,VOICE,78,404776741929420,358197450561608,UttarPradesh_BTS_003,404-45-736-577,Uttar Pradesh
CDR202600039134,2025-09-28,04:15:59,+916538903040,+916271852980,VOICE,84,404758393225445,355058061812359,Rajasthan_BTS_003,404-45-924-324,Rajasthan
CDR202600039181,2025-02-05,17:03:49,+918477610942,+918645954897,VOICE,28,404670010263352,356802450384806,WestBengal_BTS_005,404-45-785-885,West Bengal
CDR202600039184,2025-10-20,00:42:28,+917863662206,+918819627982,VOICE,154,404897234106045,350421377685761,Rajasthan_BTS_007,404-45-605-094,Rajasthan
CDR202600039191,2025-12-06,16:50:43,+916337646547,+916254465133,SMS,0,404099126604773,357955190463578,Rajasthan_BTS_005,404-45-771-512,Rajasthan
CDR202600039192,2025-04-08,20:54:38,+919258500437,+918334789270,VOICE,272,404325512743551,359594721128623,Rajasthan_BTS_007,404-45-605-094,Rajasthan
CDR202600039213,2025-04-11,03:05:57,+918916432132,+918064175201,VOICE,236,404285967178160,358818002139311,Delhi_BTS_004,404-45-652-774,Delhi
CDR202600039226,2025-05-30,16:19:18,+918871167031,+916774850187,MISSED,0,404622527765708,353155879733353,TamilNadu_BTS_006,404-45-678-536,Tamil Nadu
CDR202600039228,2025-10-05,08:27:43,+917102339379,+917829802427,VOICE,52,404987738944266,352197089377750,Maharashtra_BTS_005,404-45-891-297,Maharashtra
CDR202600039241,2025-10-02,04:32:11,+919240363637,+919518807596,SMS,0,404465420703959,357973934949640,Maharashtra_BTS_009,404-45-646-747,Maharashtra
CDR202600039248,2025-03-25,18:10:31,+917108740274,+919942872445,VOICE,43,404284426326187,355625048600552,Rajasthan_BTS_001,404-45-755-705,Rajasthan
CDR202600039292,2025-05-23,15:16:18,+917781554865,+916661818948,VOICE,15,404853185228826,354331606128134,Mumbai_BTS_011,404-45-573-256,Mumbai
CDR202600039294,2025-02-10,08:12:36,+917488910754,+916590477036,VOICE,107,404237753259187,353281506157269,Maharashtra_BTS_005,404-45-891-297,Maharashtra
CDR202600039300,2025-02-07,04:50:16,+916844164460,+918491147064,VOICE,2,404478428024227,355160833136776,UttarPradesh_BTS_012,404-45-233-653,Uttar Pradesh
CDR202600039307,2025-06-21,19:00:27,+919173863255,+916142250774,VOICE,158,404672453485880,355080778416342,Delhi_BTS_002,404-45-231-676,Delhi
CDR202600039317,2025-07-23,18:24:19,+918147651676,+917692301607,VOICE,51,404074397792308,356894263910237,Mumbai_BTS_007,404-45-196-100,Mumbai
CDR202600039319,2025-03-01,09:11:03,+918174841837,+917249638044,VOICE,63,404318411446270,350563853263340,Rajasthan_BTS_016,404-45-961-655,Rajasthan
CDR202600039327,2025-02-22,08:28:42,+917695817918,+917205901379,SMS,0,404011698173023,356304188330046,Maharashtra_BTS_005,404-45-891-297,Maharashtra
CDR202600039372,2025-06-23,00:58:49,+918359853876,+917489362264,VOICE,38,404044113075157,352323125174611,Gujarat_BTS_007,404-45-106-778,Gujarat
CDR202600039407,2025-01-02,15:59:29,+917212435998,+916996698129,VOICE,125,404956865487359,356821781464576,Delhi_BTS_003,404-45-993-622,Delhi
CDR202600039424,2025-04-25,10:45:38,+917703684826,+917114445865,VOICE,109,404921653614551,350352680180735,UttarPradesh_BTS_006,404-45-726-827,Uttar Pradesh
CDR202600039428,2025-06-06,05:02:01,+918048118059,+918859110330,VOICE,81,404377242000887,355827202728097,Rajasthan_BTS_015,404-45-282-520,Rajasthan
CDR202600039446,2025-06-14,14:40:59,+918897183146,+917486762256,VOICE,48,404171778971064,353846291826095,Rajasthan_BTS_016,404-45-303-157,Rajasthan
CDR202600039461,2025-09-20,19:49:18,+919507809038,+916419179076,VOICE,288,404311262792893,350083077890764,Rajasthan_BTS_001,404-45-376-948,Rajasthan
CDR202600039466,2025-02-15,20:44:44,+919429605845,+917120086082,VOICE,109,404012631446390,355358689978302,Mumbai_BTS_012,404-45-553-828,Mumbai
CDR202600039483,2025-12-18,11:24:23,+918848132058,+919671598597,VOICE,161,404994270927694,354275598468019,Rajasthan_BTS_007,404-45-697-409,Rajasthan
CDR202600039488,2025-07-31,07:32:16,+918527495291,+919721997993,VOICE,85,404485572564140,359475071083728,WestBengal_BTS_005,404-45-901-954,West Bengal
CDR202600039493,2025-08-01,02:57:28,+917201965416,+917882935563,VOICE,152,404363562122751,354202425112320,Rajasthan_BTS_004,404-45-835-323,Rajasthan
CDR202600039499,2025-04-20,00:09:00,+919870814055,+919770893305,VOICE,27,404150088116017,352561453120622,Karnataka_BTS_005,404-45-565-293,Karnataka
CDR202600039511,2025-06-14,21:57:46,+919294197334,+918157497681,VOICE,4,404067766604169,356584800594707,Delhi_BTS_005,404-45-830-320,Delhi
CDR202600039548,2025-10-11,08:54:05,+919151656345,+918266082714,VOICE,197,404918200167897,359913121992117,UttarPradesh_BTS_001,404-45-371-406,Uttar Pradesh
CDR202600039560,2025-09-21,15:26:38,+917328049861,+917383105771,VOICE,100,404302366609707,358168381462108,TamilNadu_BTS_006,404-45-773-598,Tamil Nadu
CDR202600039563,2025-09-03,03:41:05,+918040018658,+919936202674,VOICE,45,404788628176283,350456837947416,UttarPradesh_BTS_003,404-45-650-219,Uttar Pradesh
CDR202600039565,2025-09-13,22:06:48,+918081150882,+917443590444,VOICE,64,404593164935496,359678985652088,Delhi_BTS_006,404-45-548-922,Delhi
CDR202600039568,2025-01-19,02:37:23,+917880688937,+917821133740,VOICE,30,404259106074469,353474986176856,Delhi_BTS_001,404-45-999-581,Delhi
CDR202600039572,2025-05-19,12:27:01,+919181847107,+917956864202,VOICE,76,404022838669790,355636680853785,Rajasthan_BTS_013,404-45-400-446,Rajasthan
CDR202600039578,2025-11-09,11:39:02,+916269160160,+919140786092,VOICE,85,404900867040106,358487626549601,Karnataka_BTS_006,404-45-848-803,Karnataka
CDR202600039582,2025-08-08,10:32:14,+918644955582,+919441396016,VOICE,18,404489055650539,357018335161173,UttarPradesh_BTS_011,404-45-357-928,Uttar Pradesh
CDR202600039602,2025-06-02,01:41:40,+916365135813,+919856871077,VOICE,95,404420547259488,359778451529164,Rajasthan_BTS_002,404-45-334-842,Rajasthan
CDR202600039605,2025-09-20,15:46:27,+919370587105,+919616149078,VOICE,331,404987625401950,354124851319267,WestBengal_BTS_005,404-45-521-822,West Bengal
CDR202600039703,2025-02-21,11:58:52,+919866913702,+918571323060,VOICE,76,404568736745230,359786567986939,WestBengal_BTS_001,404-45-981-041,West Bengal
CDR202600039716,2025-12-29,04:19:44,+918038021334,+917975423561,VOICE,288,404466639978406,352870361731726,Maharashtra_BTS_003,404-45-487-081,Maharashtra
CDR202600039731,2025-10-31,22:50:40,+917589321523,+916719191067,SMS,0,404430897675686,358938216948588,Rajasthan_BTS_010,404-45-641-258,Rajasthan
CDR202600039739,2025-02-05,04:51:00,+919812078485,+919509871784,VOICE,6,404741074698098,355126257269701,Mumbai_BTS_007,404-45-348-804,Mumbai
CDR202600039744,2025-06-11,01:54:26,+916122817537,+917997413210,SMS,0,404447478619287,354509351130454,Maharashtra_BTS_002,404-45-199-368,Maharashtra
CDR202600039750,2025-04-04,09:25:45,+919284856151,+917990704138,VOICE,174,404113877388761,352600156261952,Mumbai_BTS_011,404-45-573-256,Mumbai
CDR202600039762,2025-08-03,17:45:47,+918388413745,+917819700767,VOICE,295,404161361312283,357934373408221,WestBengal_BTS_003,404-45-342-886,West Bengal
CDR202600039776,2025-05-25,03:03:21,+916326263871,+918974264082,SMS,0,404619588425230,355377376370777,UttarPradesh_BTS_010,404-45-749-874,Uttar Pradesh
CDR202600039792,2025-11-15,12:07:55,+916580744080,+917077627316,VOICE,61,404333705272960,356338586360148,WestBengal_BTS_008,404-45-979-482,West Bengal
CDR202600039793,2025-11-02,22:00:55,+916398996879,+917056303862,MISSED,0,404911116875002,357499891768048,UttarPradesh_BTS_009,404-45-378-289,Uttar Pradesh
CDR202600039812,2025-10-29,15:51:21,+916366754523,+919316737376,VOICE,79,404983933155983,357439556394201,Gujarat_BTS_006,404-45-818-559,Gujarat
CDR202600039822,2025-07-15,12:44:11,+917224475724,+917992682714,SMS,0,404109720835764,355863997306415,WestBengal_BTS_003,404-45-258-948,West Bengal
CDR202600039851,2025-05-06,19:24:11,+916658481061,+919936202674,SMS,0,404863693383866,357618160312468,Mumbai_BTS_009,404-45-162-413,Mumbai
CDR202600039863,2025-10-02,17:23:10,+918095899253,+918376035822,VOICE,41,404457915134285,354804686469646,Rajasthan_BTS_010,404-45-710-480,Rajasthan
CDR202600039880,2025-12-12,07:40:35,+919976782155,+919648858310,VOICE,59,404964747345476,358908149840555,Mumbai_BTS_009,404-45-162-413,Mumbai
CDR202600039887,2025-05-07,14:56:11,+918268162582,+916237834522,SMS,0,404801572112221,353560041063325,Rajasthan_BTS_019,404-45-414-246,Rajasthan
CDR202600039888,2025-03-27,03:38:56,+916701586456,+916796251165,VOICE,42,404619627034911,358274022342041,Delhi_BTS_001,404-45-999-581,Delhi
CDR202600039895,2025-01-07,07:35:46,+917194014111,+918085304688,SMS,0,404188477093271,351791227896205,Delhi_BTS_001,404-45-180-088,Delhi
CDR202600039935,2025-02-04,22:26:36,+919952972156,+916182088860,VOICE,25,404786021529062,357522266580633,Rajasthan_BTS_017,404-45-880-166,Rajasthan
CDR202600039956,2025-12-24,17:11:21,+917108603202,+918542480602,VOICE,24,404004349417450,358625549591137,Delhi_BTS_006,404-45-548-922,Delhi
CDR202600039958,2025-10-06,11:26:07,+919955669684,+918395270269,VOICE,190,404234705121296,355370857050510,UttarPradesh_BTS_012,404-45-145-004,Uttar Pradesh
CDR202600039982,2025-11-28,21:14:22,+916059885809,+916352073232,VOICE,37,404666772772114,352741168200522,TamilNadu_BTS_004,404-45-683-253,Tamil Nadu
CDR202600039985,2025-04-03,15:50:48,+919505939409,+918917058490,VOICE,152,404566555215293,351942426647075,Maharashtra_BTS_007,404-45-473-167,Maharashtra
CDR202600039989,2025-11-11,13:26:38,+917960627901,+916615153351,VOICE,68,404801155612789,354413850768380,Delhi_BTS_004,404-45-847-707,Delhi
CDR202600040007,2025-03-18,07:38:09,+919384290881,+919117715719,VOICE,169,404808537428724,351478382699105,Maharashtra_BTS_006,404-45-489-285,Maharashtra
CDR202600040010,2025-06-07,00:56:00,+916769659872,+919917783886,VOICE,88,404477243766572,357392726908890,Karnataka_BTS_006,404-45-835-499,Karnataka
CDR202600040018,2025-03-26,05:12:54,+918555623598,+917996000574,VOICE,112,404795084491917,357234657247713,Maharashtra_BTS_007,404-45-473-167,Maharashtra
CDR202600040036,2025-08-18,01:37:24,+919608698640,+919269942245,MISSED,0,404941545133150,352208110650128,UttarPradesh_BTS_005,404-45-478-292,Uttar Pradesh
CDR202600040037,2025-12-20,22:09:13,+919583172149,+916744202557,VOICE,430,404673507059948,351052872122026,UttarPradesh_BTS_006,404-45-769-542,Uttar Pradesh
CDR202600040062,2025-11-01,09:48:49,+916737515115,+918165146912,SMS,0,404360316056171,351269428395635,Mumbai_BTS_005,404-45-626-244,Mumbai
CDR202600040065,2025-01-21,04:16:18,+919759024026,+916326243819,VOICE,50,404046884386830,356453117522156,Karnataka_BTS_003,404-45-270-417,Karnataka
CDR202600040131,2025-03-28,17:00:37,+917965862124,+916701277247,VOICE,196,404266898858062,354372466309136,UttarPradesh_BTS_004,404-45-170-901,Uttar Pradesh
CDR202600040137,2025-12-17,19:14:25,+917030398399,+917285832993,VOICE,55,404684557309705,357024334316552,Karnataka_BTS_005,404-45-902-804,Karnataka
CDR202600040144,2025-10-24,09:17:12,+917016396826,+918666705280,VOICE,596,404169924410029,354473548493242,WestBengal_BTS_001,404-45-981-041,West Bengal
CDR202600040172,2025-12-27,01:00:36,+918475005936,+918987755941,SMS,0,404402821629482,353859517812140,Rajasthan_BTS_016,404-45-303-157,Rajasthan
CDR202600040173,2025-02-26,18:21:18,+917138005903,+918717109736,VOICE,62,404383302952999,352063555183265,Mumbai_BTS_005,404-45-626-244,Mumbai
CDR202600040179,2025-08-18,21:33:59,+919613698143,+917282492301,VOICE,310,404226761069415,351548030804111,UttarPradesh_BTS_002,404-45-568-324,Uttar Pradesh
CDR202600040183,2025-04-20,22:58:29,+918802121362,+918508939960,SMS,0,404552691093613,352404487034771,TamilNadu_BTS_002,404-45-620-083,Tamil Nadu
CDR202600040192,2025-02-26,05:36:22,+919883881286,+919395517234,VOICE,19,404537070127796,354893108941124,Gujarat_BTS_008,404-45-448-285,Gujarat
CDR202600040218,2025-05-14,15:46:55,+919853475138,+917190444185,VOICE,85,404932466942208,354805240523161,TamilNadu_BTS_003,404-45-169-692,Tamil Nadu
CDR202600040244,2025-04-10,18:26:41,+916823553204,+916774850187,VOICE,448,404994276857438,350364422581355,WestBengal_BTS_002,404-45-205-363,West Bengal
CDR202600040261,2025-10-01,11:33:29,+919475517431,+916453040604,VOICE,48,404714339366124,357558279337041,TamilNadu_BTS_002,404-45-620-083,Tamil Nadu
CDR202600040286,2025-11-07,09:23:12,+917037180152,+918604670082,VOICE,60,404167063575724,355542200277157,Mumbai_BTS_006,404-45-785-498,Mumbai
CDR202600040302,2025-02-22,04:58:13,+918984132297,+917370031846,VOICE,3,404120193048594,351266724525504,Maharashtra_BTS_008,404-45-799-664,Maharashtra
CDR202600040306,2025-05-06,00:41:22,+916005441336,+916978831456,MISSED,0,404078819000182,351877947969270,Gujarat_BTS_008,404-45-448-285,Gujarat
CDR202600040316,2025-08-04,10:19:38,+919215365161,+917587106898,VOICE,59,404301434768971,350380620195443,Mumbai_BTS_006,404-45-319-553,Mumbai
CDR202600040322,2025-07-10,04:41:41,+916181430239,+918061597471,VOICE,65,404052751582959,356449027662923,Rajasthan_BTS_005,404-45-771-512,Rajasthan
CDR202600040324,2025-11-26,04:03:16,+918281664145,+919193120542,VOICE,32,404058285829410,355374301490384,WestBengal_BTS_002,404-45-205-363,West Bengal
CDR202600040334,2025-07-12,23:21:28,+918648812335,+919659847489,VOICE,54,404626063690153,352561621655971,WestBengal_BTS_003,404-45-735-768,West Bengal
CDR202600040336,2025-06-26,19:12:36,+917937234858,+916221853444,SMS,0,404515226285202,359642256412087,Karnataka_BTS_006,404-45-848-803,Karnataka
CDR202600040342,2025-09-08,22:53:41,+918127167228,+919821754200,VOICE,147,404964657001539,354601950110731,Maharashtra_BTS_009,404-45-646-747,Maharashtra
CDR202600040358,2025-11-13,04:55:43,+916845331824,+919627533531,VOICE,242,404628334104639,355902365483111,WestBengal_BTS_007,404-45-491-894,West Bengal
CDR202600040359,2025-04-09,22:14:55,+917246431648,+916341686359,VOICE,15,404012363005894,356383342247027,Gujarat_BTS_007,404-45-325-460,Gujarat
CDR202600040361,2025-07-18,07:56:33,+917492476795,+917657748109,VOICE,75,404198809086291,358782928639596,Mumbai_BTS_011,404-45-573-256,Mumbai
CDR202600040365,2025-04-04,03:36:16,+918829288280,+919233102366,VOICE,137,404572127105113,358490532625910,WestBengal_BTS_003,404-45-735-768,West Bengal
CDR202600040373,2025-02-16,19:53:15,+918253427042,+919936394254,VOICE,41,404227313884252,350515324869084,Maharashtra_BTS_008,404-45-818-960,Maharashtra
CDR202600040379,2025-10-18,00:48:45,+918776821616,+917056303862,VOICE,265,404466608702954,351074888338911,UttarPradesh_BTS_012,404-45-441-790,Uttar Pradesh
CDR202600040386,2025-08-18,15:22:52,+918592790155,+917711738473,SMS,0,404751156690579,352615230227423,Gujarat_BTS_002,404-45-854-105,Gujarat
CDR202600040416,2025-06-09,08:34:21,+916768547198,+916357516769,VOICE,114,404168341942961,352284718686872,WestBengal_BTS_005,404-45-901-954,West Bengal
CDR202600040426,2025-11-02,01:28:27,+919527918728,+916965898142,VOICE,131,404243614792015,359221184378162,Mumbai_BTS_008,404-45-520-479,Mumbai
CDR202600040438,2025-11-18,16:16:38,+919765733100,+918987497344,VOICE,81,404982534700901,353153006434927,UttarPradesh_BTS_006,404-45-726-827,Uttar Pradesh
CDR202600040440,2025-12-11,15:48:45,+918680045420,+918579835476,VOICE,97,404339619439871,359012129093961,Rajasthan_BTS_004,404-45-374-068,Rajasthan
CDR202600040446,2025-05-12,22:36:17,+918356452421,+917201965416,VOICE,386,404567361365338,359437252103219,UttarPradesh_BTS_003,404-45-618-272,Uttar Pradesh
CDR202600040452,2025-07-14,13:51:23,+917776631300,+919702276045,VOICE,6,404198544869698,353663425013585,Maharashtra_BTS_001,404-45-204-095,Maharashtra
CDR202600040456,2025-07-18,13:32:04,+916401402202,+918275299131,VOICE,144,404731980180827,351783452420351,Rajasthan_BTS_001,404-45-801-333,Rajasthan
CDR202600040487,2025-03-16,14:58:28,+919498711010,+919993767689,SMS,0,404916574151936,355074639366070,Rajasthan_BTS_013,404-45-887-657,Rajasthan
CDR202600040489,2025-11-28,13:50:30,+918535527958,+916979318103,SMS,0,404742779563207,352110334941342,UttarPradesh_BTS_011,404-45-357-928,Uttar Pradesh
CDR202600040508,2025-06-30,12:26:13,+919683965369,+917960741167,VOICE,43,404001022725062,355277302846297,Rajasthan_BTS_006,404-45-651-270,Rajasthan
CDR202600040537,2025-11-30,18:58:05,+916243340467,+919425196407,VOICE,117,404235314646048,350633146010415,UttarPradesh_BTS_011,404-45-194-650,Uttar Pradesh
CDR202600040550,2025-01-16,13:35:16,+916976041205,+917985473643,VOICE,1,404484303053744,356198542294668,WestBengal_BTS_003,404-45-266-820,West Bengal
CDR202600040554,2025-11-22,06:01:29,+917418992908,+918009070030,VOICE,106,404898511297569,359610635147371,UttarPradesh_BTS_004,404-45-457-903,Uttar Pradesh
CDR202600040558,2025-07-20,01:19:26,+918699480610,+917887984391,VOICE,404,404584779860566,351235843197593,Maharashtra_BTS_006,404-45-489-285,Maharashtra
CDR202600040576,2025-10-29,01:31:58,+916988982333,+918724033146,VOICE,140,404211495864476,355063216248060,Maharashtra_BTS_004,404-45-821-072,Maharashtra
CDR202600040578,2025-08-05,21:15:52,+918626002812,+917505315010,VOICE,131,404972476142267,358838415362112,Karnataka_BTS_006,404-45-835-499,Karnataka
CDR202600040584,2025-06-21,21:40:52,+918356994250,+918577435893,VOICE,4,404244669366789,350647539459963,Delhi_BTS_002,404-45-878-546,Delhi
CDR202600040620,2025-04-16,19:55:06,+917193785037,+916459101839,VOICE,18,404676732872702,357468841998109,Mumbai_BTS_008,404-45-984-747,Mumbai
CDR202600040627,2025-12-26,23:13:52,+916796251165,+918512459842,SMS,0,404602198462641,356515619806011,Karnataka_BTS_005,404-45-102-400,Karnataka
CDR202600040639,2025-02-05,19:00:44,+916423682242,+918998880924,VOICE,294,404825744866022,351100148577827,Mumbai_BTS_009,404-45-162-413,Mumbai
CDR202600040668,2025-04-06,06:21:02,+916237834522,+918155138763,VOICE,16,404690884726857,359815806300203,WestBengal_BTS_007,404-45-491-894,West Bengal
CDR202600040680,2025-01-24,06:51:13,+917429104397,+916670907079,VOICE,174,404006156605622,355563126910038,Mumbai_BTS_010,404-45-919-883,Mumbai
CDR202600040740,2025-08-22,10:45:17,+918048480344,+918802121362,VOICE,37,404604302768463,359523189693473,UttarPradesh_BTS_007,404-45-779-107,Uttar Pradesh
CDR202600040741,2025-11-01,21:41:11,+919883881286,+918247462383,VOICE,178,404537070127796,350168682685526,UttarPradesh_BTS_003,404-45-202-076,Uttar Pradesh
CDR202600040746,2025-02-22,15:32:14,+918555023947,+918418646550,VOICE,270,404834907742668,354648232657988,Maharashtra_BTS_004,404-45-691-197,Maharashtra
CDR202600040750,2025-02-05,23:10:07,+917303717012,+917916697566,VOICE,152,404786254568872,354330819333542,Maharashtra_BTS_001,404-45-881-345,Maharashtra
CDR202600040765,2025-10-11,10:23:21,+918946516483,+919526850403,VOICE,137,404078561978298,359643431456856,Rajasthan_BTS_006,404-45-862-575,Rajasthan
CDR202600040769,2025-09-08,11:40:59,+918871167031,+917315573079,VOICE,59,404622527765708,353155879733353,UttarPradesh_BTS_012,404-45-441-790,Uttar Pradesh
CDR202600040770,2025-12-29,12:58:32,+917456367813,+917349092870,VOICE,507,404833779720129,354059735031344,UttarPradesh_BTS_010,404-45-370-518,Uttar Pradesh
CDR202600040777,2025-08-29,22:47:14,+918584425155,+917285832993,VOICE,210,404576877276392,352133548796065,WestBengal_BTS_002,404-45-315-699,West Bengal
CDR202600040802,2025-11-14,04:05:25,+919033658116,+917260525274,VOICE,243,404595113022434,351466184896548,Delhi_BTS_002,404-45-231-676,Delhi
CDR202600040811,2025-02-02,10:17:22,+916044245685,+919647015243,VOICE,85,404509770491628,359730875847215,Gujarat_BTS_007,404-45-928-891,Gujarat
CDR202600040819,2025-07-27,19:52:56,+918582590154,+918358633681,VOICE,43,404613219303117,355790648424865,WestBengal_BTS_003,404-45-266-820,West Bengal
CDR202600040832,2025-01-17,21:20:15,+919124743907,+918695760563,SMS,0,404211269912725,350630917725245,Maharashtra_BTS_002,404-45-718-271,Maharashtra
CDR202600040835,2025-02-18,07:35:49,+917056303862,+919683965369,MISSED,0,404956292646270,358568556552509,Mumbai_BTS_008,404-45-462-434,Mumbai
CDR202600040845,2025-05-01,07:04:06,+919686158809,+919238824167,VOICE,31,404769976114035,354428366750790,Mumbai_BTS_003,404-45-334-070,Mumbai
CDR202600040872,2025-09-12,08:49:41,+919141769180,+917332349279,VOICE,6,404155677639442,359039561439856,Rajasthan_BTS_010,404-45-641-258,Rajasthan
CDR202600040879,2025-11-18,11:32:11,+916965898142,+916571755215,VOICE,51,404262293943609,359645365912099,Rajasthan_BTS_019,404-45-471-900,Rajasthan
CDR202600040964,2025-02-05,03:29:22,+917486228408,+919317364223,VOICE,85,404409934506043,359916036675683,Maharashtra_BTS_009,404-45-350-168,Maharashtra
CDR202600040966,2025-03-06,01:36:41,+916774681896,+918774258277,VOICE,45,404544926126729,354040665862142,Gujarat_BTS_003,404-45-704-433,Gujarat
CDR202600040972,2025-10-09,14:53:44,+918086119754,+917868954432,VOICE,73,404258137470391,356685883909132,Rajasthan_BTS_002,404-45-334-842,Rajasthan
CDR202600041019,2025-08-27,20:03:03,+917636145096,+917924995621,VOICE,202,404821523637708,356360507117024,Mumbai_BTS_008,404-45-984-747,Mumbai
CDR202600041027,2025-09-06,04:53:48,+919907299355,+918775493694,VOICE,47,404211740551880,351040218832629,Delhi_BTS_005,404-45-508-688,Delhi
CDR202600041039,2025-05-26,11:45:47,+917770554392,+918247462383,VOICE,23,404770596089402,350138823806072,Maharashtra_BTS_007,404-45-479-364,Maharashtra
CDR202600041051,2025-12-23,02:38:09,+918792839081,+917486762256,SMS,0,404364413066377,351596690223039,Gujarat_BTS_006,404-45-818-559,Gujarat
CDR202600041054,2025-01-05,10:41:41,+917977076993,+918133493776,VOICE,57,404601652045250,359684277354915,WestBengal_BTS_001,404-45-415-374,West Bengal
CDR202600041072,2025-10-16,14:54:40,+917798548925,+918686767865,VOICE,50,404309837402171,356162285199668,Mumbai_BTS_007,404-45-584-827,Mumbai
CDR202600041098,2025-06-14,13:07:19,+918395811284,+919505479050,VOICE,90,404417738452479,355942140523770,Rajasthan_BTS_014,404-45-564-004,Rajasthan
CDR202600041115,2025-12-28,00:22:26,+919463351743,+917367838523,VOICE,45,404428572919739,353680846543826,UttarPradesh_BTS_012,404-45-441-790,Uttar Pradesh
CDR202600041121,2025-06-10,10:07:49,+919679681556,+917112655437,MISSED,0,404834365364532,352544019717877,Rajasthan_BTS_006,404-45-651-270,Rajasthan
CDR202600041130,2025-09-05,10:59:33,+918568140964,+918481082809,VOICE,32,404880538701993,358891471590259,WestBengal_BTS_001,404-45-915-996,West Bengal
CDR202600041131,2025-05-29,22:26:30,+918590507349,+917404544228,SMS,0,404556836552726,352528755726414,Rajasthan_BTS_001,404-45-755-705,Rajasthan
CDR202600041154,2025-03-05,12:39:39,+917224475724,+917862618752,VOICE,324,404109720835764,355863997306415,Gujarat_BTS_004,404-45-130-096,Gujarat
CDR202600041164,2025-03-21,13:57:57,+918743858293,+918940237490,VOICE,149,404804855209317,351992493630412,WestBengal_BTS_009,404-45-571-359,West Bengal
CDR202600041181,2025-02-22,18:38:16,+917330684763,+917730455728,VOICE,105,404994905952113,352705936611789,Delhi_BTS_006,404-45-629-463,Delhi
CDR202600041182,2025-08-31,01:58:39,+916064673960,+919157797608,SMS,0,404896411826977,352884235650998,Karnataka_BTS_003,404-45-270-417,Karnataka
CDR202600041183,2025-01-08,08:56:25,+917611934656,+919881228463,VOICE,348,404750374657876,356910138095787,Delhi_BTS_004,404-45-847-707,Delhi
CDR202600041190,2025-12-01,05:31:55,+918223286439,+916438482536,VOICE,51,404468493166730,354260697327186,Delhi_BTS_002,404-45-231-676,Delhi
CDR202600041196,2025-05-01,21:33:49,+918817368148,+917901495401,VOICE,101,404933685554540,353143886526952,Maharashtra_BTS_002,404-45-926-045,Maharashtra
CDR202600041202,2025-09-02,18:59:36,+916205995615,+919833982372,VOICE,106,404265684408919,359359572961095,Rajasthan_BTS_008,404-45-981-113,Rajasthan
CDR202600041220,2025-03-19,19:19:40,+918470878856,+919484302634,VOICE,37,404239154203237,354428271885978,Karnataka_BTS_005,404-45-565-293,Karnataka
CDR202600041240,2025-01-25,09:54:12,+918555023947,+916503638974,VOICE,101,404834907742668,354648232657988,Karnataka_BTS_003,404-45-597-493,Karnataka
CDR202600041281,2025-03-07,07:28:09,+916530487548,+917963890054,VOICE,424,404418924740232,355006458520050,Mumbai_BTS_008,404-45-462-434,Mumbai
CDR202600041285,2025-08-24,11:46:39,+919002053613,+916722111115,VOICE,96,404543795768246,356104183606026,Maharashtra_BTS_008,404-45-818-960,Maharashtra
CDR202600041294,2025-10-26,19:09:01,+918291453350,+918522100638,VOICE,239,404206752971001,358241719889667,UttarPradesh_BTS_009,404-45-719-216,Uttar Pradesh
CDR202600041299,2025-04-24,01:38:18,+917941203283,+916410834554,VOICE,57,404517716923133,353406715309106,Maharashtra_BTS_007,404-45-473-167,Maharashtra
CDR202600041302,2025-03-08,02:02:54,+917995290724,+919157797608,VOICE,10,404505214624609,350559534692073,UttarPradesh_BTS_007,404-45-779-107,Uttar Pradesh
CDR202600041323,2025-08-16,07:26:42,+918814548537,+919711521146,VOICE,524,404029426518590,351081902316792,Mumbai_BTS_008,404-45-155-690,Mumbai
CDR202600041324,2025-04-02,04:45:19,+917751254001,+917699081158,VOICE,146,404567561151926,353506940905068,Maharashtra_BTS_004,404-45-146-678,Maharashtra
CDR202600041331,2025-11-12,02:54:38,+918965928635,+917906886956,VOICE,94,404549105094754,356826386045928,UttarPradesh_BTS_005,404-45-261-449,Uttar Pradesh
CDR202600041333,2025-11-18,09:04:11,+916886702566,+919769794503,VOICE,20,404649535143005,350562615161541,Maharashtra_BTS_008,404-45-799-664,Maharashtra
CDR202600041339,2025-12-14,09:41:19,+916618794445,+918017626271,VOICE,4,404023856599305,356046545386272,Delhi_BTS_005,404-45-830-320,Delhi
CDR202600041348,2025-11-25,12:20:21,+917194765197,+919505180197,VOICE,21,404404963526628,352695644862431,Maharashtra_BTS_002,404-45-199-368,Maharashtra
CDR202600041351,2025-03-29,22:23:18,+916362993543,+919853710386,VOICE,142,404774132219076,359626974428578,Rajasthan_BTS_016,404-45-961-655,Rajasthan
CDR202600041364,2025-03-25,12:09:00,+918750445092,+917256006787,SMS,0,404829745533858,358188229109013,Rajasthan_BTS_006,404-45-651-270,Rajasthan
CDR202600041410,2025-09-12,06:52:14,+918666798076,+919934674128,VOICE,12,404296283717694,353942080300839,Karnataka_BTS_005,404-45-902-804,Karnataka
CDR202600041417,2025-02-21,21:54:29,+916554063783,+918158822334,MISSED,0,404519189662471,357822312444994,TamilNadu_BTS_001,404-45-158-052,Tamil Nadu
CDR202600041423,2025-10-08,17:37:44,+916433419172,+917868954432,VOICE,53,404552372780747,353505005924207,Rajasthan_BTS_004,404-45-374-068,Rajasthan
CDR202600041427,2025-03-04,07:51:41,+917574008118,+918926189084,VOICE,78,404674553907115,352463187170396,Maharashtra_BTS_004,404-45-691-197,Maharashtra
CDR202600041429,2025-09-22,21:54:54,+917490292707,+918644753678,VOICE,50,404467706002278,351005446328721,Delhi_BTS_001,404-45-999-581,Delhi
CDR202600041441,2025-08-16,00:31:51,+916822634908,+917337882917,VOICE,77,404058289864291,359928195250313,UttarPradesh_BTS_007,404-45-370-119,Uttar Pradesh
CDR202600041455,2025-02-17,12:48:12,+919298701709,+916466618745,VOICE,110,404456206092491,351667672624382,Karnataka_BTS_007,404-45-294-304,Karnataka
CDR202600041473,2025-09-05,20:55:52,+916075420676,+916324724525,VOICE,122,404778484530636,356098562078761,Gujarat_BTS_007,404-45-703-285,Gujarat
CDR202600041474,2025-11-25,05:29:38,+917936979235,+916267444176,VOICE,424,404054716343354,353109966533239,Gujarat_BTS_002,404-45-328-143,Gujarat
CDR202600041516,2025-07-25,23:24:48,+918584425155,+917593930829,VOICE,97,404576877276392,352133548796065,Rajasthan_BTS_005,404-45-505-906,Rajasthan
CDR202600041525,2025-07-22,10:13:53,+916804593310,+916551027239,SMS,0,404667659729163,358633520978762,UttarPradesh_BTS_009,404-45-719-216,Uttar Pradesh
CDR202600041528,2025-09-17,04:18:31,+916633100802,+917054601396,VOICE,88,404909301767649,355764466657461,TamilNadu_BTS_003,404-45-169-692,Tamil Nadu
CDR202600041549,2025-09-20,05:15:54,+917364822890,+918186879810,SMS,0,404005301411178,355473392718902,Delhi_BTS_003,404-45-371-541,Delhi
CDR202600041551,2025-01-27,13:07:39,+917798082866,+918568140964,VOICE,68,404452197193250,354973211149526,Karnataka_BTS_006,404-45-835-499,Karnataka
CDR202600041587,2025-03-30,14:50:16,+916701277247,+917395495786,VOICE,107,404411483673290,354177844894845,Rajasthan_BTS_001,404-45-376-948,Rajasthan
CDR202600041607,2025-12-30,21:12:35,+918441672584,+917796041813,VOICE,183,404011771741912,355706074128454,UttarPradesh_BTS_011,404-45-533-850,Uttar Pradesh
CDR202600041610,2025-06-26,10:23:31,+917508691092,+916696288792,SMS,0,404777209879322,359462019986948,Mumbai_BTS_012,404-45-553-828,Mumbai
CDR202600041613,2025-06-03,19:23:47,+917171842568,+918700671092,VOICE,10,404252713599901,358603731024972,Maharashtra_BTS_002,404-45-718-271,Maharashtra
CDR202600041647,2025-01-25,04:15:29,+919360313933,+916599023606,VOICE,81,404401925668429,354032285805181,Gujarat_BTS_006,404-45-833-666,Gujarat
CDR202600041649,2025-10-14,19:06:22,+917881847009,+916611411515,VOICE,212,404124859416282,352526597056613,Delhi_BTS_004,404-45-847-707,Delhi
CDR202600041650,2025-10-27,00:30:19,+919378091283,+918627855226,VOICE,77,404200369986631,352938340882729,Maharashtra_BTS_003,404-45-949-644,Maharashtra
CDR202600041651,2025-08-25,10:22:11,+917204001120,+917645135220,SMS,0,404081290647334,355103220159854,Mumbai_BTS_007,404-45-196-100,Mumbai
CDR202600041695,2025-11-16,23:26:16,+917066829794,+918323799587,VOICE,103,404462820130319,356278875656957,Maharashtra_BTS_005,404-45-891-297,Maharashtra
CDR202600041697,2025-03-05,17:33:17,+918673729108,+917613843116,VOICE,326,404687396670402,359983824671767,Mumbai_BTS_007,404-45-584-827,Mumbai
CDR202600041727,2025-03-31,14:34:50,+918711713470,+918954913287,VOICE,14,404048069735721,359974040850737,Karnataka_BTS_002,404-45-195-949,Karnataka
CDR202600041739,2025-05-02,13:52:21,+918176056203,+918897623722,VOICE,96,404523501080206,359687646752705,Rajasthan_BTS_010,404-45-710-066,Rajasthan
CDR202600041787,2025-12-04,06:23:37,+917770627607,+916045551968,VOICE,222,404290915110620,353825969916477,Mumbai_BTS_005,404-45-626-244,Mumbai
CDR202600041823,2025-10-16,22:56:36,+916187949263,+918915030647,VOICE,15,404547143300286,355413855407668,Karnataka_BTS_008,404-45-693-754,Karnataka
CDR202600041877,2025-08-05,22:01:11,+918329937998,+917136919849,VOICE,58,404824701278599,359316083174218,Maharashtra_BTS_002,404-45-199-368,Maharashtra
CDR202600041881,2025-06-08,06:25:23,+919870814055,+918560366101,VOICE,32,404150088116017,352561453120622,Delhi_BTS_001,404-45-999-581,Delhi
CDR202600041944,2025-03-13,09:50:14,+919559866852,+917385213450,VOICE,207,404938527662365,356435077673280,Delhi_BTS_002,404-45-231-676,Delhi
CDR202600041950,2025-05-14,01:29:31,+917326834230,+917822157183,VOICE,19,404420920451647,356553598258015,UttarPradesh_BTS_015,404-45-954-379,Uttar Pradesh
CDR202600041969,2025-01-14,17:19:50,+919819887535,+918925576847,VOICE,15,404961080891895,358969718748233,Karnataka_BTS_002,404-45-195-949,Karnataka
CDR202600041975,2025-09-20,18:06:14,+917404000152,+917637112109,VOICE,261,404967270035012,354392592563246,TamilNadu_BTS_005,404-45-734-084,Tamil Nadu
CDR202600042008,2025-10-31,22:08:46,+919049670765,+916498299558,VOICE,45,404755438789356,352854561052436,Gujarat_BTS_008,404-45-448-285,Gujarat
CDR202600042038,2025-07-31,08:06:40,+918846306138,+918400893265,VOICE,172,404652612376469,356532719280666,Maharashtra_BTS_004,404-45-821-072,Maharashtra
CDR202600042060,2025-11-17,18:33:16,+916392171813,+917889856220,SMS,0,404312977760892,356010553251353,Rajasthan_BTS_007,404-45-470-225,Rajasthan
CDR202600042074,2025-04-25,15:40:32,+919801513821,+917893772136,SMS,0,404029499637788,358437916304910,Rajasthan_BTS_015,404-45-282-520,Rajasthan
CDR202600042087,2025-04-18,22:04:48,+917804634647,+917330139400,MISSED,0,404273604851822,357699487571610,Mumbai_BTS_010,404-45-919-883,Mumbai
CDR202600042123,2025-10-31,12:10:14,+919685948210,+917865754558,VOICE,147,404969546620187,356757982609022,UttarPradesh_BTS_015,404-45-658-037,Uttar Pradesh
CDR202600042127,2025-12-02,16:27:19,+919346555742,+918113944188,VOICE,25,404100635335247,357160884538822,WestBengal_BTS_009,404-45-571-359,West Bengal
CDR202600042134,2025-12-22,00:30:41,+916487189258,+919808151517,VOICE,187,404126242918702,350582350723969,Karnataka_BTS_001,404-45-767-554,Karnataka
CDR202600042153,2025-10-10,21:42:40,+916769659872,+916453571115,VOICE,183,404477243766572,357392726908890,Karnataka_BTS_006,404-45-848-803,Karnataka
CDR202600042162,2025-04-15,19:42:52,+918854666127,+918964524850,VOICE,73,404022925067399,351290751329413,Gujarat_BTS_007,404-45-928-891,Gujarat
CDR202600042197,2025-08-26,23:42:38,+919038843593,+916133167035,VOICE,29,404503116121081,351617252870337,Mumbai_BTS_001,404-45-446-022,Mumbai
CDR202600042205,2025-04-23,06:13:07,+917223668590,+919794710900,VOICE,189,404377952063009,353319808172761,UttarPradesh_BTS_005,404-45-478-292,Uttar Pradesh
CDR202600042220,2025-09-03,22:29:27,+916148259773,+916278150399,VOICE,148,404551915195410,355117788603946,Mumbai_BTS_006,404-45-319-553,Mumbai
CDR202600042227,2025-10-20,03:28:01,+916265150845,+917657350844,VOICE,99,404563667796113,353377439686096,Maharashtra_BTS_004,404-45-691-197,Maharashtra
CDR202600042280,2025-10-23,07:05:39,+918384283359,+919359991607,SMS,0,404053293171803,359854861180360,Karnataka_BTS_005,404-45-102-400,Karnataka
CDR202600042347,2025-10-25,23:36:32,+919256264316,+919726592443,VOICE,320,404504327748677,356164543648007,Karnataka_BTS_006,404-45-669-678,Karnataka
CDR202600042352,2025-10-25,02:34:18,+918553840504,+918674071810,VOICE,57,404552273161789,351219077863462,Delhi_BTS_003,404-45-662-170,Delhi
CDR202600042363,2025-09-29,21:17:04,+917614848942,+919381446478,VOICE,56,404756410518885,353424866034816,WestBengal_BTS_004,404-45-283-755,West Bengal
CDR202600042364,2025-06-13,20:10:09,+918140596093,+916565419648,VOICE,207,404059923557842,352062119376235,Maharashtra_BTS_007,404-45-750-855,Maharashtra
CDR202600042395,2025-02-09,14:19:43,+918542476320,+917779098299,SMS,0,404118250933553,354990189489307,Delhi_BTS_005,404-45-508-688,Delhi
CDR202600042401,2025-06-10,18:53:54,+919769274232,+918385484021,VOICE,275,404418463991232,357449630036358,Delhi_BTS_002,404-45-878-546,Delhi
CDR202600042411,2025-05-05,06:53:47,+916635732541,+916028073851,MISSED,0,404843590412541,359735410807647,Karnataka_BTS_008,404-45-693-754,Karnataka
CDR202600042421,2025-06-02,20:50:23,+918183240359,+917657350844,VOICE,55,404625865626834,352166926725862,Karnataka_BTS_006,404-45-835-499,Karnataka
CDR202600042423,2025-12-02,10:18:57,+919118430648,+919709224510,MISSED,0,404067716916756,358446683559880,UttarPradesh_BTS_012,404-45-441-790,Uttar Pradesh
CDR202600042426,2025-08-09,19:37:24,+918881476163,+917751155343,SMS,0,404817626294215,351213893862496,UttarPradesh_BTS_006,404-45-726-827,Uttar Pradesh
CDR202600042448,2025-08-28,12:50:47,+917600710805,+918925576847,VOICE,351,404881617010839,350061051601609,Rajasthan_BTS_013,404-45-887-657,Rajasthan
CDR202600042450,2025-08-21,22:00:55,+919143666828,+917737096590,MISSED,0,404788257954230,350532528505546,WestBengal_BTS_001,404-45-915-996,West Bengal
CDR202600042463,2025-10-11,20:41:44,+916357516769,+919947665671,VOICE,13,404421172683491,350282442073112,Mumbai_BTS_006,404-45-785-498,Mumbai
CDR202600042470,2025-04-10,16:44:43,+917271368384,+916326768435,VOICE,88,404580834218089,352087511510648,Rajasthan_BTS_007,404-45-605-094,Rajasthan
CDR202600042477,2025-04-17,22:01:22,+917537891077,+918807340099,VOICE,27,404714731371397,357923048965532,UttarPradesh_BTS_004,404-45-170-901,Uttar Pradesh
CDR202600042487,2025-03-29,19:04:37,+918447532959,+918338786803,VOICE,236,404943233949797,351434589932178,Mumbai_BTS_007,404-45-196-100,Mumbai
CDR202600042491,2025-06-01,10:17:59,+917226941237,+917766519653,VOICE,89,404457894361315,351691655867750,Mumbai_BTS_010,404-45-296-195,Mumbai
CDR202600042500,2025-05-14,14:38:23,+917214367894,+916696771398,SMS,0,404868150563537,358310478689221,Maharashtra_BTS_009,404-45-646-747,Maharashtra
CDR202600042530,2025-03-06,20:36:03,+916557348906,+919433957234,VOICE,293,404338249481620,357907868322097,UttarPradesh_BTS_011,404-45-357-928,Uttar Pradesh
CDR202600042539,2025-03-14,15:48:50,+917257246279,+918671851303,VOICE,68,404887630316996,354555520688067,Rajasthan_BTS_001,404-45-801-333,Rajasthan
CDR202600042547,2025-09-10,09:29:23,+917239347658,+916051757011,VOICE,158,404964927269324,358471227481610,WestBengal_BTS_005,404-45-901-954,West Bengal
CDR202600042556,2025-05-17,07:34:23,+917831195329,+918847784262,VOICE,71,404896988641546,354751523686637,Karnataka_BTS_006,404-45-835-499,Karnataka
CDR202600042586,2025-08-14,15:01:19,+917173526045,+916367952951,SMS,0,404260239063110,354702425585516,Rajasthan_BTS_008,404-45-981-113,Rajasthan
CDR202600042587,2025-06-17,11:54:46,+917356716278,+919805128771,VOICE,197,404681311897035,355975801797029,Rajasthan_BTS_013,404-45-448-115,Rajasthan
CDR202600042588,2025-05-15,08:08:29,+917840379639,+916129129648,VOICE,122,404052396654590,353272405208963,Maharashtra_BTS_005,404-45-181-876,Maharashtra
CDR202600042591,2025-01-15,04:21:58,+918361543317,+918496889952,VOICE,190,404205242084410,354133926174110,UttarPradesh_BTS_001,404-45-371-406,Uttar Pradesh
CDR202600042622,2025-11-08,06:36:49,+916920060828,+919037639763,VOICE,222,404376787523862,351252717122131,Karnataka_BTS_002,404-45-195-949,Karnataka
CDR202600042624,2025-01-29,07:56:10,+917297744721,+919108645215,VOICE,11,404054730595033,352610816260974,Delhi_BTS_003,404-45-371-541,Delhi
CDR202600042649,2025-04-22,11:22:31,+919030753832,+918297232808,VOICE,5,404725565898828,357071442979277,Karnataka_BTS_002,404-45-195-949,Karnataka
CDR202600042669,2025-07-21,17:33:49,+917487113707,+916337646547,VOICE,95,404094002194203,354916025007802,Maharashtra_BTS_004,404-45-691-197,Maharashtra
CDR202600042671,2025-08-19,06:02:31,+917549758539,+916937837972,VOICE,41,404332920636521,356622671054620,WestBengal_BTS_005,404-45-521-822,West Bengal
CDR202600042704,2025-04-04,15:39:10,+916438482536,+919155694625,VOICE,326,404427660585723,353321647417296,TamilNadu_BTS_001,404-45-158-052,Tamil Nadu
CDR202600042725,2025-09-12,01:53:33,+916844164460,+918397046727,SMS,0,404478428024227,355160833136776,UttarPradesh_BTS_013,404-45-552-565,Uttar Pradesh
CDR202600042737,2025-09-10,05:43:48,+919420009862,+917751254001,VOICE,14,404497422960384,354977354457780,Mumbai_BTS_012,404-45-553-828,Mumbai
CDR202600042763,2025-09-26,02:15:21,+919798695428,+918659465845,VOICE,12,404013978309028,353841781533109,Rajasthan_BTS_001,404-45-670-225,Rajasthan
CDR202600042766,2025-12-11,01:43:24,+919888213694,+917132946915,SMS,0,404204955363049,352887878704595,Mumbai_BTS_006,404-45-785-498,Mumbai
CDR202600042799,2025-07-20,13:55:10,+919794710900,+917545303559,VOICE,199,404789904338926,350635142537543,Rajasthan_BTS_013,404-45-400-446,Rajasthan
CDR202600042809,2025-06-23,10:29:50,+916790845663,+916276142797,VOICE,67,404344557330055,357868253638752,Mumbai_BTS_008,404-45-155-690,Mumbai
CDR202600042833,2025-09-19,15:47:15,+916254643881,+916101313242,VOICE,243,404028839137749,352845335460241,Gujarat_BTS_004,404-45-130-096,Gujarat
CDR202600042839,2025-11-26,12:03:33,+918627855226,+916324927197,VOICE,81,404623407165712,357893830512619,Rajasthan_BTS_015,404-45-282-520,Rajasthan
CDR202600042840,2025-02-19,23:57:35,+917066829794,+918897183146,VOICE,18,404462820130319,356278875656957,Gujarat_BTS_007,404-45-703-285,Gujarat
CDR202600042844,2025-01-02,19:52:39,+917230975615,+919225310212,MISSED,0,404337304966670,358676009186964,Karnataka_BTS_002,404-45-195-949,Karnataka
CDR202600042853,2025-02-27,02:05:04,+917975423561,+917691247999,VOICE,172,404972382407472,354824819097886,Mumbai_BTS_008,404-45-155-690,Mumbai
CDR202600042884,2025-01-19,23:19:14,+918281664145,+917691247999,SMS,0,404058285829410,355374301490384,Rajasthan_BTS_014,404-45-839-897,Rajasthan
CDR202600042914,2025-06-24,09:22:43,+916332879166,+919168612085,VOICE,44,404994850203975,351029656867721,Karnataka_BTS_005,404-45-102-400,Karnataka
CDR202600042932,2025-10-25,15:09:09,+917117683288,+919183000493,VOICE,134,404980455746221,358837810022575,Maharashtra_BTS_003,404-45-649-128,Maharashtra
CDR202600042935,2025-09-13,07:21:33,+918723371913,+916406226532,VOICE,159,404485975551132,351198719825710,WestBengal_BTS_003,404-45-735-768,West Bengal
CDR202600042961,2025-10-26,18:33:02,+919464488973,+917645135220,VOICE,78,404688893882802,358250456812983,Rajasthan_BTS_017,404-45-652-977,Rajasthan
CDR202600042962,2025-11-23,13:48:26,+917737096590,+917770627607,VOICE,98,404711635050416,351679420025058,Maharashtra_BTS_003,404-45-665-301,Maharashtra
CDR202600042975,2025-12-13,09:24:52,+916983923513,+919989000306,VOICE,154,404363989843685,354481823348266,Mumbai_BTS_008,404-45-462-434,Mumbai
CDR202600042979,2025-06-15,07:50:14,+917455222130,+916064642439,VOICE,48,404723170823423,359851756080712,Gujarat_BTS_005,404-45-338-518,Gujarat
CDR202600042986,2025-01-16,10:41:39,+916586472494,+918085348128,MISSED,0,404877334535763,352143295907109,Mumbai_BTS_008,404-45-984-747,Mumbai
CDR202600043009,2025-04-11,05:48:02,+919208661356,+918321914471,VOICE,128,404577723549544,356370121582623,Gujarat_BTS_005,404-45-716-028,Gujarat
CDR202600043028,2025-04-01,11:48:54,+918665975740,+918601678460,VOICE,55,404921344372748,352753006485022,Rajasthan_BTS_010,404-45-710-480,Rajasthan
CDR202600043046,2025-09-01,09:51:24,+919176048736,+918404028992,VOICE,14,404038833013831,356983711290682,Delhi_BTS_003,404-45-662-170,Delhi
CDR202600043052,2025-08-23,04:11:00,+918658867109,+916591627817,VOICE,104,404316859239110,352851716968239,Mumbai_BTS_011,404-45-287-286,Mumbai
CDR202600043053,2025-01-03,08:15:41,+918446688331,+919330567977,VOICE,13,404315405339476,357503496486927,WestBengal_BTS_002,404-45-205-363,West Bengal
CDR202600043078,2025-01-04,02:27:42,+916411140192,+917540402784,VOICE,202,404197524988389,354300791075489,WestBengal_BTS_009,404-45-571-359,West Bengal
CDR202600043104,2025-09-03,10:17:17,+917638817413,+917123640419,VOICE,60,404271535938549,355524439521138,TamilNadu_BTS_006,404-45-367-210,Tamil Nadu
CDR202600043120,2025-03-01,04:35:10,+916928112416,+918932149907,VOICE,21,404405524084389,353538337634843,Delhi_BTS_004,404-45-847-707,Delhi
CDR202600043136,2025-01-08,01:13:47,+917724773264,+918460514346,SMS,0,404241819455429,358514663933338,Maharashtra_BTS_008,404-45-818-960,Maharashtra
CDR202600043138,2025-01-17,02:28:43,+917803278203,+916530487548,VOICE,57,404638925370000,351516008494392,Rajasthan_BTS_017,404-45-652-977,Rajasthan
CDR202600043142,2025-02-13,12:21:06,+919721997993,+917490292707,VOICE,184,404233430076909,351903472119589,Gujarat_BTS_006,404-45-818-559,Gujarat
CDR202600043154,2025-12-05,18:18:58,+917173526045,+919311039653,SMS,0,404260239063110,354702425585516,UttarPradesh_BTS_013,404-45-265-760,Uttar Pradesh
CDR202600043185,2025-08-12,13:07:13,+918581127730,+919182023723,VOICE,72,404589653481882,357286918732168,Karnataka_BTS_005,404-45-102-400,Karnataka
CDR202600043193,2025-01-03,21:21:38,+918946975346,+917940986628,VOICE,120,404476754448376,354235987687577,Maharashtra_BTS_008,404-45-173-624,Maharashtra
CDR202600043215,2025-01-02,22:08:10,+917716485521,+917815456502,SMS,0,404393304698901,352934073222652,Gujarat_BTS_008,404-45-448-285,Gujarat
CDR202600043238,2025-12-01,23:57:45,+917861599528,+916442684297,MISSED,0,404554356388640,352091436721564,WestBengal_BTS_001,404-45-415-374,West Bengal
CDR202600043239,2025-03-27,10:04:11,+916198404669,+919680485464,SMS,0,404420896366243,358093998979550,UttarPradesh_BTS_006,404-45-108-684,Uttar Pradesh
CDR202600043247,2025-03-29,14:59:39,+918592790155,+916277018985,VOICE,77,404751156690579,352615230227423,Rajasthan_BTS_007,404-45-697-409,Rajasthan
CDR202600043250,2025-07-18,01:34:52,+916965898142,+919464488973,VOICE,43,404262293943609,359645365912099,UttarPradesh_BTS_006,404-45-769-542,Uttar Pradesh
CDR202600043262,2025-06-29,09:03:34,+917268536558,917448473564,VOICE,29,404875755141788,353826740758730,Maharashtra_BTS_009,404-45-350-168,Maharashtra
CDR202600043278,2025-11-14,04:43:59,+919846495582,+918645734403,VOICE,73,404775252297572,354819267875179,Maharashtra_BTS_005,404-45-181-876,Maharashtra
CDR202600043279,2025-03-02,02:23:39,+917310983111,+917306024246,VOICE,64,404773058174668,350742010959527,Karnataka_BTS_006,404-45-835-499,Karnataka
CDR202600043289,2025-03-23,14:04:15,+918085348128,+917190444185,VOICE,18,404379201733777,354583644015014,Delhi_BTS_003,404-45-371-541,Delhi
CDR202600043333,2025-10-30,04:03:49,+917663263059,+918847017234,VOICE,31,404831033471550,355937757111546,Mumbai_BTS_011,404-45-287-286,Mumbai
CDR202600043334,2025-07-17,15:41:25,+918454626229,+918665975740,VOICE,1,404619088002548,355107090027912,UttarPradesh_BTS_003,404-45-736-577,Uttar Pradesh
CDR202600043338,2025-06-08,17:01:57,+917208392006,+919723545847,VOICE,69,404871965301487,354606388278051,Rajasthan_BTS_016,404-45-619-624,Rajasthan
CDR202600043340,2025-07-25,22:51:02,+916223832638,+918696265328,VOICE,58,404683291859740,353300944172307,Delhi_BTS_001,404-45-999-581,Delhi
CDR202600043346,2025-11-06,07:38:46,+917965466436,+919507786502,VOICE,6,404564462007243,352902013886867,Rajasthan_BTS_010,404-45-641-258,Rajasthan
CDR202600043354,2025-06-24,19:03:48,+918707498242,+918266082714,SMS,0,404424071853869,358972338624894,UttarPradesh_BTS_010,404-45-370-518,Uttar Pradesh
CDR202600043355,2025-09-23,21:31:15,+919338394380,+916411140192,VOICE,73,404749268006625,353831419700590,WestBengal_BTS_002,404-45-355-683,West Bengal
CDR202600043357,2025-12-16,07:01:07,+919076619023,+917498561685,SMS,0,404631840677372,350652992271310,UttarPradesh_BTS_013,404-45-552-565,Uttar Pradesh
CDR202600043399,2025-04-05,04:38:21,+916110600292,+917641747004,VOICE,22,404020859659608,353159266338933,UttarPradesh_BTS_010,404-45-308-704,Uttar Pradesh
CDR202600043421,2025-12-05,07:52:25,+917612366388,+919182777057,MISSED,0,404605044199615,351830668534226,Rajasthan_BTS_001,404-45-755-705,Rajasthan
CDR202600043441,2025-01-01,03:40:14,+919499564599,+916543542858,VOICE,42,404514340609031,357106128191296,Mumbai_BTS_006,404-45-785-498,Mumbai
CDR202600043475,2025-01-21,14:37:57,+918863054493,+917185827271,VOICE,39,404401431653382,351216081440124,UttarPradesh_BTS_012,404-45-441-790,Uttar Pradesh
CDR202600043481,2025-03-08,12:49:24,+916635012007,+916019571525,SMS,0,404401031965095,354441322094473,Maharashtra_BTS_008,404-45-799-664,Maharashtra
CDR202600043485,2025-08-12,15:25:42,+918240892208,+916538610778,VOICE,209,404724327313433,355257238062875,Rajasthan_BTS_010,404-45-710-066,Rajasthan
CDR202600043499,2025-01-15,03:59:15,+917536336927,+918095899253,VOICE,92,404816322345115,358420297809473,Mumbai_BTS_008,404-45-155-690,Mumbai
CDR202600043504,2025-06-21,08:59:23,+917436972675,+916658111686,VOICE,35,404177750973228,352328283407855,Rajasthan_BTS_007,404-45-697-409,Rajasthan
CDR202600043511,2025-09-02,14:55:23,+917009726776,+919558612529,VOICE,58,404491058048341,358215910438691,UttarPradesh_BTS_006,404-45-726-827,Uttar Pradesh
CDR202600043518,2025-10-14,20:34:58,+919521875296,+916082929566,VOICE,65,404831359029222,351411476110104,Rajasthan_BTS_005,404-45-771-512,Rajasthan
CDR202600043526,2025-04-26,17:57:28,+917466191932,+917954448665,VOICE,56,404532821505162,354222519579964,Rajasthan_BTS_010,404-45-494-391,Rajasthan
CDR202600043529,2025-03-03,05:52:19,+917924995621,+917520455369,VOICE,345,404719259124745,359579023665573,Karnataka_BTS_006,404-45-848-803,Karnataka
CDR202600043536,2025-01-04,14:54:11,+919750518334,+919327274458,VOICE,324,404680770705936,356028474473915,TamilNadu_BTS_001,404-45-614-942,Tamil Nadu
CDR202600043540,2025-12-14,09:48:03,+919546879057,+918718264075,VOICE,80,404161839733863,357925257574864,Gujarat_BTS_005,404-45-716-028,Gujarat
CDR202600043542,2025-08-29,19:46:28,+918172835235,+917271368384,VOICE,126,404465424533323,355865023969301,UttarPradesh_BTS_012,404-45-233-653,Uttar Pradesh
CDR202600043554,2025-03-08,15:41:56,+917016396826,+919925523792,VOICE,18,404169924410029,354473548493242,UttarPradesh_BTS_006,404-45-108-684,Uttar Pradesh
CDR202600043575,2025-06-04,21:57:14,+918682627048,+919070922218,VOICE,23,404250330347669,352853849656503,Maharashtra_BTS_005,404-45-891-297,Maharashtra
CDR202600043579,2025-07-30,18:58:56,+917417906267,+919359943201,VOICE,137,404570903649934,352592594263391,Maharashtra_BTS_002,404-45-967-353,Maharashtra
CDR202600043620,2025-03-20,09:38:05,+916020248860,+916588879633,VOICE,1,404928462128422,353837458083761,Maharashtra_BTS_003,404-45-665-301,Maharashtra
CDR202600043628,2025-10-13,10:03:45,+916323599598,+916268821410,VOICE,83,404981882774590,356051644861259,Rajasthan_BTS_004,404-45-835-323,Rajasthan
CDR202600043661,2025-09-09,10:56:57,+919176048736,+918098046185,VOICE,30,404038833013831,356983711290682,Gujarat_BTS_006,404-45-818-559,Gujarat
CDR202600043677,2025-08-22,22:29:38,+916177030189,+917000634345,VOICE,67,404240189449295,350781702530620,Rajasthan_BTS_013,404-45-448-115,Rajasthan
CDR202600043688,2025-02-27,12:21:09,+918863540305,+919692768318,VOICE,86,404404419813522,355444928848671,Mumbai_BTS_002,404-45-702-226,Mumbai
CDR202600043717,2025-05-15,14:19:09,+916034102808,+919523870498,VOICE,508,404574873443164,356831963254465,UttarPradesh_BTS_015,404-45-658-037,Uttar Pradesh
CDR202600043757,2025-07-27,04:06:36,+917575427148,+918760745567,SMS,0,404681861629729,356014109565086,Mumbai_BTS_009,404-45-162-413,Mumbai
CDR202600043815,2025-04-22,00:08:24,+919563862276,+917000470076,VOICE,43,404085963155169,356032870402336,Gujarat_BTS_008,404-45-814-433,Gujarat
CDR202600043831,2025-01-11,02:01:56,+917779511488,+916237834522,VOICE,173,404831814949565,352592110805620,UttarPradesh_BTS_004,404-45-457-903,Uttar Pradesh
CDR202600043839,2025-03-17,14:53:11,+919604500442,+918174880118,VOICE,137,404292336632952,359135417682798,Maharashtra_BTS_004,404-45-691-197,Maharashtra
CDR202600043843,2025-07-18,03:57:19,+918247160038,+917896616394,VOICE,510,404450893486062,357619009127217,Rajasthan_BTS_010,404-45-710-066,Rajasthan
CDR202600043861,2025-04-29,16:45:33,+919049670765,+916122817537,VOICE,55,404755438789356,352854561052436,TamilNadu_BTS_002,404-45-620-083,Tamil Nadu
CDR202600043871,2025-03-20,07:57:19,+919594849368,+917020407324,VOICE,236,404812624536468,356416763436171,WestBengal_BTS_009,404-45-304-837,West Bengal
CDR202600043887,2025-01-11,17:38:49,+919388474154,+918659293528,VOICE,109,404935340993485,353008009681262,WestBengal_BTS_002,404-45-205-363,West Bengal
CDR202600043944,2025-07-15,07:07:48,+918751136354,+916160615660,VOICE,302,404955494298380,354042586090880,UttarPradesh_BTS_012,404-45-441-790,Uttar Pradesh
CDR202600043961,2025-04-03,20:34:59,+916958719481,+919143048010,VOICE,52,404326304828095,353515951626370,Mumbai_BTS_003,404-45-334-070,Mumbai
CDR202600043987,2025-06-28,03:49:41,+918128226423,+918310372935,VOICE,75,404404823006066,354015439124635,Karnataka_BTS_007,404-45-322-992,Karnataka
CDR202600043990,2025-01-14,17:29:52,+919934858141,+917786379479,VOICE,31,404088204175195,355512973942054,UttarPradesh_BTS_011,404-45-966-053,Uttar Pradesh
CDR202600043991,2025-10-26,02:19:59,+918560214777,+919058826327,VOICE,5,404451067854282,352955318423389,Maharashtra_BTS_004,404-45-691-197,Maharashtra
CDR202600044001,2025-02-04,16:07:54,+918335471524,+917488466545,VOICE,99,404943595860397,350947287373773,Gujarat_BTS_003,404-45-704-433,Gujarat
CDR202600044026,2025-10-17,03:51:56,+918529864215,+919359991607,VOICE,118,404078898204605,357654433674249,Karnataka_BTS_007,404-45-322-992,Karnataka
CDR202600044048,2025-12-29,12:43:25,+917845425365,+919359991607,VOICE,592,404588304082745,356959733132909,Rajasthan_BTS_009,404-45-742-164,Rajasthan
CDR202600044076,2025-08-14,11:43:49,+917286312130,+918916432132,VOICE,166,404204936623245,357715085193654,WestBengal_BTS_007,404-45-491-894,West Bengal
CDR202600044096,2025-05-27,21:50:35,+918029708970,+916911142376,VOICE,10,404765945780761,358508081730102,Rajasthan_BTS_009,404-45-911-697,Rajasthan
CDR202600044118,2025-12-05,18:50:21,+916798129927,+918857736272,VOICE,7,404863557208941,354559991853679,Mumbai_BTS_001,404-45-446-022,Mumbai
CDR202600044124,2025-10-31,14:25:41,+916575277012,+919035872592,VOICE,19,404894376279986,356507167622169,UttarPradesh_BTS_001,404-45-234-688,Uttar Pradesh
CDR202600044126,2025-01-04,23:36:13,+919139854425,+919558612529,VOICE,70,404507258955844,357840430416942,TamilNadu_BTS_006,404-45-423-958,Tamil Nadu
CDR202600044128,2025-04-08,18:50:07,+919085981499,+916048012150,VOICE,326,404931053271314,357845847469039,Gujarat_BTS_006,404-45-833-666,Gujarat
CDR202600044152,2025-03-19,22:24:24,+916530487548,+917374827810,VOICE,158,404418924740232,355006458520050,WestBengal_BTS_002,404-45-205-363,West Bengal
CDR202600044164,2025-10-25,12:59:16,+918133493776,+919486343538,MISSED,0,404851434879460,357292330025722,TamilNadu_BTS_001,404-45-614-942,Tamil Nadu
CDR202600044224,2025-01-15,04:12:58,+919330062795,+918502488426,VOICE,234,404026714839691,353483694968942,Rajasthan_BTS_007,404-45-470-225,Rajasthan
CDR202600044231,2025-09-14,21:49:24,+919519516311,+916351363179,VOICE,66,404636303254556,358989946042677,Gujarat_BTS_007,404-45-106-778,Gujarat
CDR202600044234,2025-04-07,02:29:46,+919339073555,+916840406072,VOICE,25,404727251049178,359492724680785,Maharashtra_BTS_004,404-45-691-197,Maharashtra
CDR202600044244,2025-05-03,12:33:22,+919689954668,+919882498135,SMS,0,404962482169580,354487431859263,Gujarat_BTS_005,404-45-338-518,Gujarat
CDR202600044257,2025-11-04,10:26:16,+917438773413,+919035872592,SMS,0,404976434519295,350950726574935,Rajasthan_BTS_007,404-45-697-409,Rajasthan
CDR202600044275,2025-11-17,11:23:52,+918940237490,+917216936604,VOICE,234,404884974809132,359120968456605,UttarPradesh_BTS_012,404-45-441-790,Uttar Pradesh
CDR202600044277,2025-01-29,12:06:04,+916885948778,+918412106129,VOICE,62,404913031229901,351340369541670,Rajasthan_BTS_012,404-45-798-907,Rajasthan
CDR202600044282,2025-03-01,05:44:29,+917286120422,+916938174319,VOICE,289,404638322742938,355157312403493,Rajasthan_BTS_010,404-45-641-258,Rajasthan
CDR202600044288,2025-09-09,21:28:11,+917914107048,+918353878878,VOICE,254,404298481636758,352339934344244,Mumbai_BTS_006,404-45-785-498,Mumbai
CDR202600044297,2025-07-17,18:03:53,+917768612724,+919536435182,SMS,0,404307253705310,356761657461587,Maharashtra_BTS_008,404-45-818-960,Maharashtra
CDR202600044298,2025-03-09,08:53:26,+918520030243,+918935231354,SMS,0,404562086972960,350767981695235,TamilNadu_BTS_004,404-45-683-253,Tamil Nadu
CDR202600044299,2025-04-03,17:19:58,+918256587235,+918168728462,VOICE,150,404759884792979,356567463047881,WestBengal_BTS_002,404-45-355-683,West Bengal
CDR202600044325,2025-06-24,02:59:24,+916426267031,+917109100834,VOICE,37,404475978442295,354217692142284,Mumbai_BTS_011,404-45-573-256,Mumbai
CDR202600044346,2025-09-08,16:28:44,+919896429999,+917487113707,VOICE,219,404374477761393,354740902370988,Gujarat_BTS_007,404-45-325-460,Gujarat
CDR202600044358,2025-06-21,20:18:10,+916719191067,+917531182367,SMS,0,404022775753116,354933313416895,Maharashtra_BTS_002,404-45-967-353,Maharashtra
CDR202600044369,2025-01-22,21:51:02,+917008070515,+918115991701,VOICE,53,404854575397704,353617868799026,Gujarat_BTS_007,404-45-325-460,Gujarat
CDR202600044378,2025-07-03,01:49:11,+918626002812,+916509404669,VOICE,21,404972476142267,358838415362112,Maharashtra_BTS_004,404-45-146-678,Maharashtra
CDR202600044388,2025-10-17,19:09:49,+918353900388,+918940709819,VOICE,101,404698142146035,354881890853723,Rajasthan_BTS_019,404-45-414-246,Rajasthan
CDR202600044407,2025-10-27,15:10:46,+918022731031,+918370571122,VOICE,61,404839398605771,352777173290326,Rajasthan_BTS_004,404-45-680-898,Rajasthan
CDR202600044427,2025-10-17,02:34:34,+918481082809,+917538019288,VOICE,7,404639588941901,357400610209384,Delhi_BTS_002,404-45-231-676,Delhi
CDR202600044435,2025-05-21,02:18:24,+917930975792,+919180310819,VOICE,12,404932348395590,352203359599930,Maharashtra_BTS_002,404-45-199-368,Maharashtra
CDR202600044455,2025-08-14,22:23:15,+918084588830,+917538782958,VOICE,73,404702006491799,353596667778355,Delhi_BTS_001,404-45-999-581,Delhi
CDR202600044475,2025-12-20,07:18:16,+917057475889,+918535912450,VOICE,10,404390080579944,357264139127317,Gujarat_BTS_008,404-45-814-433,Gujarat
CDR202600044477,2025-10-01,11:12:07,+917667564958,+917309336129,VOICE,69,404213937992862,353488319136712,Rajasthan_BTS_013,404-45-887-657,Rajasthan
CDR202600044491,2025-11-26,05:45:18,+917194014111,+916927808946,VOICE,43,404188477093271,351791227896205,Mumbai_BTS_008,404-45-984-747,Mumbai
CDR202600044496,2025-03-01,13:40:21,+917962684165,+916401402202,VOICE,23,404615470349969,359869343677910,Rajasthan_BTS_017,404-45-880-166,Rajasthan
CDR202600044499,2025-03-25,10:04:42,+918696608928,+917356404102,VOICE,100,404121971009727,351989521764185,Mumbai_BTS_008,404-45-155-690,Mumbai
CDR202600044546,2025-05-07,23:47:14,+917419833160,+916620449138,VOICE,76,404508964864242,357438601318560,TamilNadu_BTS_005,404-45-734-084,Tamil Nadu
CDR202600044558,2025-05-20,08:20:53,+918796913605,+916226265278,VOICE,37,404709089507140,353125055140913,Delhi_BTS_003,404-45-371-541,Delhi
CDR202600044566,2025-07-30,18:20:16,+919960919293,+918297232808,SMS,0,404224507183986,358802750195801,Delhi_BTS_003,404-45-993-622,Delhi
CDR202600044571,2025-06-27,19:53:46,+917498561685,+916356168385,VOICE,36,404866470920456,353031761633947,WestBengal_BTS_002,404-45-355-683,West Bengal
CDR202600044595,2025-07-24,05:21:10,+919651691486,+919395517234,MISSED,0,404793063943138,351811945662821,WestBengal_BTS_005,404-45-521-822,West Bengal
CDR202600044603,2025-04-14,20:59:04,+918713632764,+919931602912,VOICE,17,404181104924047,358930648274107,Rajasthan_BTS_019,404-45-119-115,Rajasthan
CDR202600044613,2025-07-01,02:36:05,+919766255695,+917899517533,VOICE,52,404945367125062,358299274615565,Gujarat_BTS_007,404-45-106-778,Gujarat
CDR202600044634,2025-05-06,19:05:42,+917632947740,+918395935805,VOICE,14,404327605953829,357820361331867,Rajasthan_BTS_014,404-45-839-897,Rajasthan
CDR202600044639,2025-01-05,13:21:17,+917815456502,+916745720308,MISSED,0,404781749579750,354975245899530,Mumbai_BTS_002,404-45-107-073,Mumbai
CDR202600044641,2025-10-10,20:04:44,+918810305517,+919362382268,MISSED,0,404314836235386,350856106789044,UttarPradesh_BTS_003,404-45-650-219,Uttar Pradesh
CDR202600044644,2025-10-10,11:06:51,+916108198417,+919025602941,VOICE,160,404139508483753,353362147608146,Rajasthan_BTS_014,404-45-564-004,Rajasthan
CDR202600044656,2025-11-14,20:58:06,+919134576782,+918139555438,VOICE,34,404569778915869,357113239052391,Karnataka_BTS_003,404-45-597-493,Karnataka
CDR202600044687,2025-03-10,06:25:13,+919092065153,+916108198417,VOICE,21,404760297198011,352765300843225,UttarPradesh_BTS_007,404-45-779-107,Uttar Pradesh
CDR202600044694,2025-08-05,00:21:15,+917761792416,+919939243535,VOICE,33,404131629932306,355468468305072,Rajasthan_BTS_017,404-45-897-945,Rajasthan
CDR202600044702,2025-08-04,08:20:42,+916434487669,+919236798477,VOICE,330,404995875079320,353145955514342,TamilNadu_BTS_005,404-45-734-084,Tamil Nadu
CDR202600044716,2025-01-30,07:40:33,+919936536554,+916668354911,VOICE,8,404519724888346,355740053094332,Rajasthan_BTS_006,404-45-246-272,Rajasthan
CDR202600044724,2025-06-29,03:11:18,+916556479131,+919180380303,VOICE,50,404621138792997,356984291109475,Maharashtra_BTS_002,404-45-718-271,Maharashtra
CDR202600044746,2025-07-30,00:26:21,+918256204328,+916915091394,VOICE,105,404041818012574,356258422028037,UttarPradesh_BTS_013,404-45-265-760,Uttar Pradesh
CDR202600044768,2025-09-30,20:11:04,+918632708891,+917486228408,VOICE,22,404111690923533,357495677777205,Mumbai_BTS_006,404-45-785-498,Mumbai
CDR202600044770,2025-07-25,19:57:43,+919558612529,+917451597523,MISSED,0,404962795594487,357509845936469,TamilNadu_BTS_002,404-45-158-984,Tamil Nadu
CDR202600044776,2025-09-25,16:53:55,+917385213450,+919820349894,VOICE,257,404729372928571,354775270289013,Maharashtra_BTS_007,404-45-750-855,Maharashtra
CDR202600044780,2025-03-28,21:48:52,+916129129648,+918485572124,VOICE,112,404784521071749,351643596893381,WestBengal_BTS_003,404-45-735-768,West Bengal
CDR202600044783,2025-08-17,00:51:04,+916269133279,+916098490653,SMS,0,404216928433013,354684451414816,Rajasthan_BTS_008,404-45-981-113,Rajasthan
CDR202600044790,2025-03-13,13:15:28,+918880732730,+917868954432,VOICE,374,404633506994345,358869751126444,UttarPradesh_BTS_002,404-45-568-324,Uttar Pradesh
CDR202600044792,2025-07-30,10:07:56,+916016460584,+916243076353,MISSED,0,404128091630190,351975174375746,Maharashtra_BTS_004,404-45-821-072,Maharashtra
CDR202600044805,2025-02-08,23:36:23,+918967764489,+917786379479,VOICE,146,404711086432703,354118656446829,Mumbai_BTS_011,404-45-243-433,Mumbai
CDR202600044820,2025-12-02,01:39:18,+919885116593,+918182107087,VOICE,175,404573554584697,350387864187171,Maharashtra_BTS_006,404-45-489-285,Maharashtra
CDR202600044823,2025-11-25,22:18:32,+916737986034,+919381183513,SMS,0,404242482287196,358637992322665,Rajasthan_BTS_004,404-45-316-936,Rajasthan
CDR202600044833,2025-08-25,12:56:02,+917297744721,+916442684297,VOICE,241,404054730595033,358288840346322,Karnataka_BTS_005,404-45-371-949,Karnataka
CDR202600044871,2025-01-07,12:29:12,+916839947164,+919490686177,SMS,0,404173569510601,359847711038452,Mumbai_BTS_008,404-45-462-434,Mumbai
CDR202600044891,2025-09-25,13:05:06,+916696771398,+916943301385,VOICE,14,404667115197337,354627851083041,Maharashtra_BTS_005,404-45-181-876,Maharashtra
CDR202600044901,2025-09-26,01:45:41,+918684234768,+918319944674,VOICE,97,404030851877978,353725733920633,Maharashtra_BTS_004,404-45-146-678,Maharashtra
CDR202600044910,2025-09-15,11:13:46,+918899883261,+916392963980,VOICE,21,404117472147139,350084934024329,Delhi_BTS_005,404-45-830-320,Delhi
CDR202600044936,2025-09-29,08:56:38,+916202477619,+917537780723,VOICE,113,404733998834339,355292252053953,Rajasthan_BTS_001,404-45-670-225,Rajasthan
CDR202600044941,2025-03-09,14:27:43,+917101589949,+917835301377,SMS,0,404998792524844,359407598807951,WestBengal_BTS_003,404-45-258-948,West Bengal
CDR202600044942,2025-11-28,08:59:53,+918476762224,+918987755941,VOICE,58,404649195429316,353726098371994,Karnataka_BTS_002,404-45-195-949,Karnataka
CDR202600044962,2025-12-15,15:01:24,+918140596093,+917323655168,SMS,0,404059923557842,354000427826644,Delhi_BTS_001,404-45-999-581,Delhi
CDR202600044973,2025-08-17,04:53:20,+918914201301,+917685736858,VOICE,33,404917312219381,350976253760906,Delhi_BTS_002,404-45-884-129,Delhi
CDR202600044977,2025-09-07,04:09:38,+917900910983,+916258533748,VOICE,66,404917788086830,356229908129187,UttarPradesh_BTS_010,404-45-749-874,Uttar Pradesh
CDR202600044982,2025-09-18,01:56:25,+916859750986,+918809172487,SMS,0,404346835926450,352298500177183,Rajasthan_BTS_015,404-45-208-892,Rajasthan
CDR202600044995,2025-01-09,01:07:47,+918736650071,+919359991607,VOICE,121,404955015339994,355410610260346,WestBengal_BTS_004,404-45-283-755,West Bengal
CDR202600045020,2025-03-20,10:58:07,+918205611760,+918083987736,VOICE,107,404970601771315,354114377969098,UttarPradesh_BTS_002,404-45-174-010,Uttar Pradesh
CDR202600045029,2025-03-03,11:38:51,+916658111686,+917385043001,VOICE,1,404469517881759,358965200130212,TamilNadu_BTS_006,404-45-367-210,Tamil Nadu
CDR202600045043,2025-09-07,18:34:03,+919181161111,+919541078632,VOICE,19,404006347281016,356607969151483,UttarPradesh_BTS_013,404-45-265-760,Uttar Pradesh
CDR202600045059,2025-04-07,14:21:01,+917429125374,+917087094459,VOICE,16,404272642997701,359701823566057,Rajasthan_BTS_019,404-45-414-246,Rajasthan
CDR202600045075,2025-09-08,07:18:21,+917776528302,+918479018508,VOICE,83,404092308748573,355219536141848,Delhi_BTS_005,404-45-508-688,Delhi
CDR202600045092,2025-08-19,20:04:19,+917108740274,+917403061355,VOICE,29,404284426326187,355625048600552,Mumbai_BTS_011,404-45-573-256,Mumbai
CDR202600045097,2025-10-11,17:12:33,+919272145577,+919821680119,VOICE,99,404073846799198,354859186804604,Karnataka_BTS_003,404-45-270-417,Karnataka
CDR202600045136,2025-04-09,17:41:17,+918705996388,+917726958047,VOICE,204,404373245654123,359995468015621,Delhi_BTS_003,404-45-533-988,Delhi
CDR202600045137,2025-04-08,21:24:20,+918818582620,+919973013738,VOICE,49,404405902125598,356740101571052,Mumbai_BTS_011,404-45-287-286,Mumbai
CDR202600045190,2025-08-09,17:35:40,+919553418348,+919319179958,VOICE,70,404620896043643,357262962031752,Mumbai_BTS_001,404-45-446-022,Mumbai
CDR202600045206,2025-06-22,12:48:02,+917418048419,+916243076353,VOICE,377,404242437290590,358209689317393,Maharashtra_BTS_002,404-45-199-368,Maharashtra
CDR202600045207,2025-06-29,03:51:38,+919206226918,+916143387394,SMS,0,404027782644241,353696990048098,UttarPradesh_BTS_008,404-45-860-567,Uttar Pradesh
CDR202600045217,2025-12-14,09:58:11,+918494331606,+917093495892,VOICE,22,404102264422929,358504857281120,Mumbai_BTS_007,404-45-584-827,Mumbai
CDR202600045256,2025-02-01,02:52:44,+916355796475,+916151083930,VOICE,167,404285107873243,356712409592836,WestBengal_BTS_001,404-45-915-996,West Bengal
CDR202600045272,2025-05-24,17:25:14,+916314217495,+917024544717,VOICE,187,404749443894128,351177118529716,UttarPradesh_BTS_011,404-45-533-850,Uttar Pradesh
CDR202600045299,2025-03-23,16:27:09,+917795530276,+919676898502,VOICE,404,404388681313721,351611048138259,WestBengal_BTS_003,404-45-342-886,West Bengal
CDR202600045311,2025-10-13,11:14:12,+918281664145,+918788097411,VOICE,324,404058285829410,355374301490384,UttarPradesh_BTS_013,404-45-265-760,Uttar Pradesh
CDR202600045325,2025-06-03,19:27:45,+918952279212,+916489779940,VOICE,508,404208990627549,350413385390776,WestBengal_BTS_009,404-45-571-359,West Bengal
CDR202600045326,2025-10-01,00:25:20,+918237482742,+916473360711,VOICE,159,404887889829977,352786696227707,Maharashtra_BTS_007,404-45-750-855,Maharashtra
CDR202600045327,2025-07-07,09:22:11,+918697421639,+919412279889,SMS,0,404142316420363,355759481622430,Mumbai_BTS_006,404-45-319-553,Mumbai
CDR202600045360,2025-01-18,08:05:09,+918582590154,+919186381655,MISSED,0,404613219303117,355790648424865,Rajasthan_BTS_015,404-45-612-781,Rajasthan
CDR202600045405,2025-07-18,06:56:36,+919323355906,+919550208458,VOICE,29,404176091720933,351305185483711,Rajasthan_BTS_006,404-45-651-270,Rajasthan
CDR202600045418,2025-09-20,16:28:47,+917294851749,+918639338747,VOICE,53,404845438233639,358795479405989,Karnataka_BTS_003,404-45-270-417,Karnataka
CDR202600045435,2025-05-17,08:01:52,+918100645658,+918403326267,VOICE,73,404157070647566,350637571588511,Delhi_BTS_005,404-45-508-688,Delhi
CDR202600045458,2025-02-27,13:40:18,+918867586092,+919919061769,SMS,0,404685285209768,358321304385327,Rajasthan_BTS_015,404-45-612-781,Rajasthan
CDR202600045459,2025-05-18,14:24:54,+918863054493,+919474706279,SMS,0,404401431653382,351216081440124,UttarPradesh_BTS_009,404-45-719-216,Uttar Pradesh
CDR202600045468,2025-08-27,03:14:34,+917872645575,+917637206854,SMS,0,404998954294865,359314523124423,Delhi_BTS_002,404-45-878-546,Delhi
CDR202600045485,2025-11-13,19:48:49,+918485572124,+917062607328,VOICE,38,404289039592310,353053343558462,Mumbai_BTS_007,404-45-516-195,Mumbai
CDR202600045486,2025-04-16,20:50:18,+916273753603,+918704078128,VOICE,62,404679126137888,350931003806598,UttarPradesh_BTS_004,404-45-457-903,Uttar Pradesh
CDR202600045500,2025-12-12,13:25:26,+916438482536,+918279910426,SMS,0,404427660585723,353321647417296,UttarPradesh_BTS_012,404-45-233-653,Uttar Pradesh
CDR202600045505,2025-04-08,14:36:35,+918061627794,+917082442524,VOICE,12,404058251906376,358111260497667,WestBengal_BTS_009,404-45-304-837,West Bengal
CDR202600045517,2025-08-27,00:33:08,+918453494614,+918328382428,VOICE,26,404877664623260,351898063338088,UttarPradesh_BTS_009,404-45-719-216,Uttar Pradesh
CDR202600045535,2025-09-05,19:35:00,+919215365161,+917671755455,VOICE,11,404301434768971,350380620195443,WestBengal_BTS_004,404-45-522-026,West Bengal
CDR202600045542,2025-05-09,09:04:08,+917765576136,+919508516277,VOICE,51,404014677121137,359412506043418,Mumbai_BTS_008,404-45-462-434,Mumbai
CDR202600045573,2025-02-15,05:38:56,+919468047687,+916254643881,SMS,0,404977697993819,352220597434153,Rajasthan_BTS_011,404-45-796-739,Rajasthan
CDR202600045599,2025-07-10,14:56:41,+917416087505,+918371502448,VOICE,97,404788939313119,357961969725136,Maharashtra_BTS_003,404-45-649-128,Maharashtra
CDR202600045602,2025-06-29,14:07:53,+917244530841,+917614418777,VOICE,25,404663046424158,352493402705649,WestBengal_BTS_002,404-45-205-363,West Bengal
CDR202600045606,2025-11-19,02:25:53,+919831927521,+917927795473,VOICE,277,404403464011108,356476621516836,Delhi_BTS_005,404-45-830-320,Delhi
CDR202600045634,2025-10-11,22:41:49,+919166544672,+916571755215,VOICE,144,404264948059607,353944435463257,UttarPradesh_BTS_002,404-45-568-324,Uttar Pradesh
CDR202600045649,2025-09-19,08:17:52,+917419781546,+917230153967,VOICE,71,404249036311255,352584510579138,Karnataka_BTS_006,404-45-848-803,Karnataka
CDR202600045656,2025-06-29,22:18:57,+916717303444,+917580888748,VOICE,37,404722981874112,356469772192402,Gujarat_BTS_002,404-45-854-105,Gujarat
CDR202600045664,2025-11-26,05:10:44,+919181847107,+917934800357,VOICE,202,404022838669790,355636680853785,Gujarat_BTS_008,404-45-814-433,Gujarat
CDR202600045673,2025-09-24,05:01:16,+916379917047,+916447047934,SMS,0,404701242289854,354983766594772,WestBengal_BTS_001,404-45-415-374,West Bengal
CDR202600045679,2025-06-16,03:51:35,+916945270946,+918863921078,SMS,0,404362992853194,359137917587225,Rajasthan_BTS_014,404-45-839-897,Rajasthan
CDR202600045683,2025-06-05,21:58:36,+918335471524,+917173526045,VOICE,14,404943595860397,350947287373773,Mumbai_BTS_011,404-45-243-433,Mumbai
CDR202600045692,2025-06-14,13:20:36,+917616211754,+917224101882,VOICE,83,404712582421360,358227114764107,Maharashtra_BTS_003,404-45-649-128,Maharashtra
CDR202600045713,2025-09-18,08:32:49,+919228202848,+916282421649,VOICE,167,404044150172094,351668170141120,Gujarat_BTS_006,404-45-818-559,Gujarat
CDR202600045720,2025-09-13,19:21:10,+916558226485,+917424786416,VOICE,57,404093333365966,350431888610306,Maharashtra_BTS_002,404-45-199-368,Maharashtra
CDR202600045725,2025-11-16,20:21:56,+918814548537,+917645135220,VOICE,116,404029426518590,351081902316792,Gujarat_BTS_002,404-45-328-143,Gujarat
CDR202600045727,2025-07-17,05:09:27,+916142250774,+917320842244,VOICE,31,404279218308414,355961416749930,UttarPradesh_BTS_015,404-45-954-379,Uttar Pradesh
CDR202600045753,2025-10-17,17:57:13,+919667917018,+919125312807,VOICE,32,404725525204845,358966080330844,Karnataka_BTS_005,404-45-902-804,Karnataka
CDR202600045759,2025-05-30,02:32:55,+919313120072,+917614418777,VOICE,292,404249496507290,353093083634907,WestBengal_BTS_003,404-45-735-768,West Bengal
CDR202600045769,2025-12-14,07:03:56,+918179229014,+917113752610,VOICE,145,404426577272797,353309923582225,TamilNadu_BTS_004,404-45-513-123,Tamil Nadu
CDR202600045790,2025-03-07,16:31:59,+916427419510,+917813358923,VOICE,375,404618998841302,356756287779275,Rajasthan_BTS_006,404-45-862-575,Rajasthan
CDR202600045802,2025-10-19,18:43:30,+918059370861,+916791517553,VOICE,26,404773830621621,354462186188734,Mumbai_BTS_001,404-45-446-022,Mumbai
CDR202600045811,2025-05-08,01:55:47,+918770154973,+917574144511,VOICE,53,404153539694369,352264127559223,TamilNadu_BTS_002,404-45-620-083,Tamil Nadu
CDR202600045838,2025-06-27,14:08:01,+919557588766,+919426605477,VOICE,350,404589068738516,350910209009419,Mumbai_BTS_006,404-45-319-553,Mumbai
CDR202600045857,2025-10-05,19:45:07,+919490005591,+919072974918,VOICE,447,404006353766818,354425952641065,UttarPradesh_BTS_014,404-45-214-078,Uttar Pradesh
CDR202600045864,2025-02-05,05:53:24,+918617127662,+917887984391,VOICE,49,404067667574077,358723615847639,Maharashtra_BTS_005,404-45-181-876,Maharashtra
CDR202600045877,2025-07-14,08:19:36,+919833562511,+918407317690,VOICE,7,404820924242287,356933381240233,Karnataka_BTS_003,404-45-270-417,Karnataka
CDR202600045882,2025-04-05,06:05:58,+916019571525,+918597220025,VOICE,7,404708481961094,359511499339966,UttarPradesh_BTS_006,404-45-769-542,Uttar Pradesh
CDR202600045884,2025-11-07,10:27:35,+918256204328,+917055874204,VOICE,64,404041818012574,356258422028037,Mumbai_BTS_010,404-45-919-883,Mumbai
CDR202600045885,2025-09-20,20:14:39,+917471834263,+919758829816,SMS,0,404195345102169,355329062093087,Rajasthan_BTS_004,404-45-374-068,Rajasthan
CDR202600045897,2025-01-05,09:43:01,+916374453210,+916710095087,SMS,0,404822708198607,359766643017932,Karnataka_BTS_005,404-45-902-804,Karnataka
CDR202600045913,2025-09-08,04:54:51,+919077301821,+918467875688,VOICE,28,404869545700680,357562078217656,Gujarat_BTS_005,404-45-338-518,Gujarat
CDR202600045928,2025-02-26,20:46:38,+916810780965,+917137877138,MISSED,0,404278371268641,353184037566106,Rajasthan_BTS_007,404-45-697-409,Rajasthan
CDR202600045933,2025-02-17,10:40:58,+919599888939,918965223865,SMS,0,404587290139968,354073706306699,Delhi_BTS_001,404-45-999-581,Delhi
CDR202600045938,2025-03-13,08:54:15,+919845447343,+918579835476,VOICE,80,404429155485500,350984050859697,Maharashtra_BTS_009,404-45-350-168,Maharashtra
CDR202600045941,2025-06-03,16:06:59,+919500387142,+919525313053,SMS,0,404723869506877,355298936817240,Delhi_BTS_005,404-45-830-320,Delhi
CDR202600045945,2025-03-28,03:05:05,+919716542758,+917645135220,VOICE,9,404013013557010,355654855092426,Maharashtra_BTS_002,404-45-967-353,Maharashtra
CDR202600046002,2025-02-20,07:51:36,+919456826264,+917271368384,VOICE,6,404658966662855,354573381595209,Maharashtra_BTS_007,404-45-750-855,Maharashtra
CDR202600046029,2025-10-04,15:55:24,+917920642256,+916771922145,VOICE,126,404374756317748,355632642415533,Maharashtra_BTS_008,404-45-799-664,Maharashtra
CDR202600046030,2025-10-19,17:32:18,+916002252699,+919094451973,VOICE,108,404314034281729,354961894521902,UttarPradesh_BTS_003,404-45-736-577,Uttar Pradesh
CDR202600046035,2025-10-05,23:32:09,+919217424995,+918250231346,VOICE,20,404237987919410,351364645436482,Delhi_BTS_002,404-45-231-676,Delhi
CDR202600046044,2025-05-24,10:50:57,+917962349144,+916512704513,VOICE,4,404783356430109,356581804318883,Maharashtra_BTS_006,404-45-489-285,Maharashtra
CDR202600046054,2025-12-29,01:28:17,+919936202674,+918443036224,VOICE,197,404569981252764,353327584858571,UttarPradesh_BTS_005,404-45-261-449,Uttar Pradesh
CDR202600046075,2025-05-12,00:50:08,+918490292151,+917540402784,SMS,0,404362913915789,354333342157620,Delhi_BTS_005,404-45-508-688,Delhi
CDR202600046076,2025-09-26,04:52:31,+919349544253,+917991463057,VOICE,68,404519273221262,357467088877609,Mumbai_BTS_010,404-45-919-883,Mumbai
CDR202600046080,2025-07-09,03:08:30,+916410834554,+918186879810,VOICE,185,404617725352254,354183895931955,Rajasthan_BTS_019,404-45-119-115,Rajasthan
CDR202600046081,2025-08-01,06:45:54,+917782598970,+919290632793,VOICE,163,404264369710190,350474530784124,Mumbai_BTS_005,404-45-626-244,Mumbai
CDR202600046091,2025-02-26,07:05:23,+918384683372,+919441464538,VOICE,71,404742814019672,356505691018541,Gujarat_BTS_008,404-45-448-285,Gujarat
CDR202600046110,2025-06-26,19:29:17,+917361964508,+917838092720,VOICE,281,404206866176046,354533207326747,Gujarat_BTS_001,404-45-859-282,Gujarat
CDR202600046138,2025-12-24,11:15:30,+919507777512,+918545318993,VOICE,97,404571273735760,357813194116970,Karnataka_BTS_004,404-45-985-411,Karnataka
CDR202600046149,2025-06-15,16:53:27,+918729346255,+916442684297,MISSED,0,404890970566719,359355797725606,Mumbai_BTS_008,404-45-984-747,Mumbai
CDR202600046159,2025-02-07,16:52:44,+919130148816,+919819887535,VOICE,42,404629907522521,357811797998584,Karnataka_BTS_005,404-45-371-949,Karnataka
CDR202600046161,2025-06-06,15:49:16,+918837566907,+919435611650,VOICE,81,404445082795134,354012209195827,TamilNadu_BTS_001,404-45-614-942,Tamil Nadu
CDR202600046162,2025-10-30,14:06:55,+917038470095,+917853352820,VOICE,182,404641044073124,358452025917614,Maharashtra_BTS_009,404-45-350-168,Maharashtra
CDR202600046214,2025-05-10,22:13:41,+918088194577,+919541078632,VOICE,152,404910000290508,357637469314298,Rajasthan_BTS_016,404-45-961-655,Rajasthan
CDR202600046217,2025-04-20,13:47:01,+917289744578,+918492164668,VOICE,35,404599861677766,358961738086638,Gujarat_BTS_008,404-45-814-433,Gujarat
CDR202600046219,2025-11-19,00:51:02,+918635973923,+917772081145,SMS,0,404683928184557,354028384903332,Maharashtra_BTS_004,404-45-146-678,Maharashtra
CDR202600046222,2025-05-18,03:06:04,+919840044564,+918146417940,VOICE,40,404598430055281,356598498678137,Maharashtra_BTS_004,404-45-691-197,Maharashtra
CDR202600046224,2025-12-27,18:51:47,+917490322488,+919328815148,VOICE,2,404345142426896,350415740876149,UttarPradesh_BTS_011,404-45-966-053,Uttar Pradesh
CDR202600046231,2025-07-08,16:59:22,+918801111965,+917990704138,VOICE,184,404035171759252,358706427150745,Karnataka_BTS_003,404-45-270-417,Karnataka
CDR202600046238,2025-09-05,10:31:20,+918113944188,+916658481061,VOICE,41,404276033913791,354867980316927,UttarPradesh_BTS_003,404-45-736-577,Uttar Pradesh
CDR202600046263,2025-10-28,21:25:42,+918877939425,+918451589982,SMS,0,404346569020943,350883282480469,WestBengal_BTS_009,404-45-571-359,West Bengal
CDR202600046264,2025-05-09,02:49:25,+918522100638,+916009017229,SMS,0,404320250295363,356945249565221,TamilNadu_BTS_005,404-45-734-084,Tamil Nadu
CDR202600046291,2025-12-02,10:04:35,+917320379457,+918498410218,VOICE,326,404496990205212,353775379400160,Rajasthan_BTS_001,404-45-376-948,Rajasthan
CDR202600046303,2025-06-23,18:00:26,+919611994978,+917332349279,VOICE,24,404101455376536,352769884475655,UttarPradesh_BTS_004,404-45-457-903,Uttar Pradesh
CDR202600046307,2025-10-22,19:14:05,+917980763861,+916376859846,VOICE,36,404122177432208,355557521227255,UttarPradesh_BTS_010,404-45-370-518,Uttar Pradesh
CDR202600046308,2025-05-23,19:21:13,+918915331163,+919008618280,VOICE,220,404571851886125,359211008963511,Mumbai_BTS_010,404-45-296-195,Mumbai
CDR202600046315,2025-02-27,08:48:21,+918248898163,+916367952951,VOICE,461,404750252756005,353516979591158,Rajasthan_BTS_005,404-45-771-512,Rajasthan
CDR202600046316,2025-05-11,22:55:50,+917297336967,+918407887586,VOICE,94,404894124826118,359250330543109,Mumbai_BTS_012,404-45-553-828,Mumbai
CDR202600046333,2025-08-03,17:09:06,+919702814826,+916586472494,VOICE,38,404121588955910,353084663094781,TamilNadu_BTS_006,404-45-423-958,Tamil Nadu
CDR202600046334,2025-11-04,20:05:24,+916258490597,+917553486762,VOICE,54,404593317489969,358900709371113,Rajasthan_BTS_019,404-45-414-246,Rajasthan
CDR202600046338,2025-07-27,07:08:33,+919378862324,+918232401945,VOICE,190,404442646317357,354602027542624,TamilNadu_BTS_006,404-45-423-958,Tamil Nadu
CDR202600046340,2025-03-16,04:20:04,+917466191932,+916239903629,VOICE,73,404532821505162,353064148000987,WestBengal_BTS_007,404-45-491-894,West Bengal
CDR202600046356,2025-01-18,14:37:35,+916098490653,+919535247972,VOICE,166,404412592329811,352347361490722,TamilNadu_BTS_001,404-45-614-942,Tamil Nadu
CDR202600046363,2025-02-17,09:42:53,+916901719348,+919798695428,VOICE,21,404638986348965,350375540312976,Gujarat_BTS_002,404-45-854-105,Gujarat
CDR202600046373,2025-10-23,01:50:42,+918085348128,+916908228505,VOICE,244,404379201733777,354583644015014,Mumbai_BTS_006,404-45-319-553,Mumbai
CDR202600046375,2025-08-13,06:04:05,+918873496910,+918028658748,VOICE,171,404172294915850,350170869541954,Delhi_BTS_005,404-45-508-688,Delhi
CDR202600046379,2025-03-10,00:17:07,+919560602509,+916953509233,VOICE,53,404581551462788,356402597565425,UttarPradesh_BTS_015,404-45-954-379,Uttar Pradesh
CDR202600046390,2025-09-02,06:48:33,+917921011784,+917723912270,SMS,0,404535527281114,357798259705658,Rajasthan_BTS_001,404-45-755-705,Rajasthan
CDR202600046392,2025-08-30,03:02:19,+917211794556,+918335471524,VOICE,70,404238864942417,358752122174704,UttarPradesh_BTS_005,404-45-261-449,Uttar Pradesh
CDR202600046412,2025-10-09,10:48:37,+919183000493,+916332462710,VOICE,22,404409204540723,357881931390994,Delhi_BTS_003,404-45-371-541,Delhi
CDR202600046442,2025-05-30,02:23:48,+918477060151,+917392102359,VOICE,13,404031073124664,357043106075593,Delhi_BTS_006,404-45-629-463,Delhi
CDR202600046443,2025-09-14,06:34:31,+918491357224,+917201965416,VOICE,24,404815788527820,358040877547756,Karnataka_BTS_004,404-45-160-169,Karnataka
CDR202600046445,2025-05-04,10:01:28,+917151832568,+916429632648,VOICE,148,404281632319340,357634324256395,Maharashtra_BTS_001,404-45-204-095,Maharashtra
CDR202600046463,2025-09-12,18:07:25,+917792688833,+917901077252,SMS,0,404992998419025,353969041878927,Karnataka_BTS_006,404-45-669-678,Karnataka
CDR202600046512,2025-11-28,15:07:02,+917443631579,+918507924446,VOICE,26,404977085106351,359800558543544,UttarPradesh_BTS_008,404-45-860-567,Uttar Pradesh
CDR202600046518,2025-12-23,21:02:39,+917203334351,+919942872445,MISSED,0,404575164338847,355111785929267,Rajasthan_BTS_005,404-45-771-512,Rajasthan
CDR202600046576,2025-03-29,19:25:42,+918429315740,+918111670819,VOICE,54,404762441215399,358862983709952,Rajasthan_BTS_010,404-45-710-480,Rajasthan
CDR202600046624,2025-08-22,04:01:18,+917262358351,+916202178722,VOICE,36,404940165646053,350221878871697,Maharashtra_BTS_002,404-45-926-045,Maharashtra
CDR202600046686,2025-12-03,15:43:54,+917701689307,+918639338747,VOICE,115,404210206920260,352686153796303,Rajasthan_BTS_004,404-45-374-068,Rajasthan
CDR202600046706,2025-08-20,23:14:50,+916529654829,+917223668590,VOICE,17,404384978487769,357818120830154,WestBengal_BTS_003,404-45-735-768,West Bengal
CDR202600046707,2025-02-22,23:43:59,+917285832993,+919276996642,VOICE,25,404713114229869,356553394423299,Karnataka_BTS_006,404-45-813-981,Karnataka
CDR202600046723,2025-01-21,23:29:24,+917878034982,+917563160191,VOICE,69,404094855532502,357005154671108,UttarPradesh_BTS_015,404-45-954-379,Uttar Pradesh
CDR202600046731,2025-11-03,04:27:58,+919648858310,+919983935082,SMS,0,404078970136824,357911795436056,Rajasthan_BTS_005,404-45-505-906,Rajasthan
CDR202600046735,2025-01-30,01:45:41,+918208566009,917040126617,VOICE,419,404636023911622,356496034691277,Maharashtra_BTS_001,404-45-204-095,Maharashtra
CDR202600046743,2025-02-07,00:34:53,+919470525787,+919067451230,SMS,0,404511572349636,353167444461153,WestBengal_BTS_001,404-45-915-996,West Bengal
CDR202600046747,2025-10-24,20:58:26,+918796362847,+918699480610,VOICE,144,404014368922066,352961548641871,WestBengal_BTS_009,404-45-304-837,West Bengal
CDR202600046762,2025-02-12,18:16:15,+916798103631,+917488910754,VOICE,187,404004785088200,354236891366092,Delhi_BTS_006,404-45-223-254,Delhi
CDR202600046775,2025-12-07,14:31:54,+917117365819,+918971088986,VOICE,219,404488206843859,356878383014551,Gujarat_BTS_008,404-45-814-433,Gujarat
CDR202600046781,2025-10-27,05:32:37,+917865754558,+917810804663,VOICE,28,404550090385068,356075272020644,UttarPradesh_BTS_006,404-45-726-827,Uttar Pradesh
CDR202600046792,2025-06-01,19:10:17,+918240090833,+918796362847,SMS,0,404476381273289,352290615856751,TamilNadu_BTS_005,404-45-734-084,Tamil Nadu
CDR202600046826,2025-11-13,22:46:26,+916045551968,+918578598723,VOICE,64,404941451916968,359060440546821,UttarPradesh_BTS_006,404-45-769-542,Uttar Pradesh
CDR202600046840,2025-04-18,20:59:02,+919883003120,+918277560490,VOICE,20,404893734575264,351955331505070,TamilNadu_BTS_001,404-45-614-942,Tamil Nadu
CDR202600046880,2025-11-12,07:51:04,+919286130339,+917685736858,SMS,0,404420953327587,350630001320531,Karnataka_BTS_006,404-45-813-981,Karnataka
CDR202600046886,2025-11-29,20:56:17,+918682795164,+917811653957,VOICE,33,404176309268371,353378992365308,Rajasthan_BTS_015,404-45-282-520,Rajasthan
CDR202600046926,2025-10-23,07:41:14,+918485079277,+916968274761,SMS,0,404033305516463,350776824258933,Karnataka_BTS_008,404-45-693-754,Karnataka
CDR202600046927,2025-01-28,22:06:52,+919558612529,+919966441687,SMS,0,404962795594487,357509845936469,Rajasthan_BTS_017,404-45-880-166,Rajasthan
CDR202600046935,2025-08-14,20:57:51,+917549758539,+919065608556,VOICE,8,404332920636521,356622671054620,Rajasthan_BTS_005,404-45-505-906,Rajasthan
CDR202600046946,2025-05-25,04:28:03,+919967656270,+919840755464,VOICE,424,404199952099460,357130699488138,TamilNadu_BTS_006,404-45-773-598,Tamil Nadu
CDR202600046960,2025-03-17,17:15:52,+918981533864,+916148259773,VOICE,20,404266293801277,358262898690810,Mumbai_BTS_010,404-45-211-255,Mumbai
CDR202600046964,2025-05-22,17:52:15,+919002053613,+919180232692,VOICE,16,404543795768246,356104183606026,TamilNadu_BTS_006,404-45-367-210,Tamil Nadu
CDR202600046992,2025-03-16,23:42:17,+919659277310,+917256764074,VOICE,84,404286913856249,352806094089501,Rajasthan_BTS_019,404-45-471-900,Rajasthan
CDR202600047022,2025-10-16,23:52:01,+918737570489,+918984132297,VOICE,57,404569653484090,357487620040035,Rajasthan_BTS_010,404-45-710-066,Rajasthan
CDR202600047028,2025-12-28,18:49:46,+919933436125,+917378988701,VOICE,94,404166845036810,357527311705984,UttarPradesh_BTS_009,404-45-719-216,Uttar Pradesh
CDR202600047092,2025-05-28,01:57:08,+917044211800,+919723884503,VOICE,119,404295865805031,353860358498773,UttarPradesh_BTS_004,404-45-170-901,Uttar Pradesh
CDR202600047093,2025-02-14,16:01:20,+916098490653,+919773669534,VOICE,692,404412592329811,352347361490722,Mumbai_BTS_007,404-45-584-827,Mumbai
CDR202600047103,2025-03-14,17:54:47,+918717621688,+919612642208,VOICE,147,404826103490539,353063763312791,Karnataka_BTS_006,404-45-669-678,Karnataka
CDR202600047137,2025-03-10,03:54:51,+916332462710,+918623471988,VOICE,157,404714486511677,357517703710891,Maharashtra_BTS_003,404-45-665-301,Maharashtra
CDR202600047139,2025-02-10,22:45:46,+919600404796,+916952755213,MISSED,0,404314327554545,350903770416901,WestBengal_BTS_003,404-45-735-768,West Bengal
CDR202600047152,2025-02-13,09:18:06,+918944499376,+917976262891,SMS,0,404185094608533,355815990192270,Maharashtra_BTS_001,404-45-881-345,Maharashtra
CDR202600047161,2025-02-09,06:27:15,+917508657835,+919251407196,VOICE,38,404583148687297,355838120873937,Karnataka_BTS_005,404-45-371-949,Karnataka
CDR202600047175,2025-04-11,14:19:17,+917259626648,+917830331812,VOICE,39,404509736761120,352435051608689,Maharashtra_BTS_003,404-45-665-301,Maharashtra
CDR202600047189,2025-09-01,11:47:56,+916374453210,+917501730315,VOICE,302,404822708198607,359766643017932,Gujarat_BTS_002,404-45-328-143,Gujarat
CDR202600047204,2025-10-05,21:22:38,+916506058078,+919518807596,VOICE,168,404817421817115,354224864598949,Rajasthan_BTS_012,404-45-798-907,Rajasthan
CDR202600047213,2025-05-24,08:31:50,+919558612529,+917646796394,VOICE,12,404962795594487,357509845936469,Rajasthan_BTS_019,404-45-119-115,Rajasthan
CDR202600047219,2025-02-24,22:39:10,+919047358803,+918059243421,VOICE,17,404634758780937,359905393202767,UttarPradesh_BTS_006,404-45-108-684,Uttar Pradesh
CDR202600047220,2025-02-07,12:31:27,+919670549721,+917645135220,VOICE,492,404746680440279,355028772383963,Rajasthan_BTS_016,404-45-619-624,Rajasthan
CDR202600047234,2025-03-14,15:19:39,+919046859241,+918278086239,VOICE,46,404901366974432,356471515245143,Delhi_BTS_003,404-45-371-541,Delhi
CDR202600047238,2025-11-16,15:13:09,+918127731517,+917613843116,VOICE,3,404106289546453,358428039283689,Rajasthan_BTS_017,404-45-880-166,Rajasthan
CDR202600047243,2025-12-05,19:57:57,+917044675054,+919505939409,MISSED,0,404660950417297,356659435159990,Rajasthan_BTS_005,404-45-771-512,Rajasthan
CDR202600047269,2025-12-11,18:00:35,+916573002449,+918185395921,VOICE,147,404682769159976,356450019365154,Gujarat_BTS_007,404-45-928-891,Gujarat
CDR202600047273,2025-09-29,10:12:32,+917050512427,+917640376327,MISSED,0,404529769201027,356484702496337,Rajasthan_BTS_006,404-45-242-253,Rajasthan
CDR202600047291,2025-08-10,07:26:10,+919502732741,+919004689486,VOICE,18,404737079838002,353891720315894,Maharashtra_BTS_002,404-45-199-368,Maharashtra
CDR202600047293,2025-05-21,21:18:30,+916026163308,+917900254663,VOICE,41,404200076173034,359000273871296,UttarPradesh_BTS_006,404-45-108-684,Uttar Pradesh
CDR202600047308,2025-10-29,23:38:27,+919409459787,+919866913702,VOICE,371,404785666481635,357306154510120,Rajasthan_BTS_019,404-45-414-246,Rajasthan
CDR202600047320,2025-07-06,13:35:55,+918191700218,+918286062943,SMS,0,404231010797021,357677683794186,UttarPradesh_BTS_011,404-45-966-053,Uttar Pradesh
CDR202600047324,2025-08-02,02:52:11,+916363734751,+919446621964,SMS,0,404905190067197,357461234531235,TamilNadu_BTS_006,404-45-367-210,Tamil Nadu
CDR202600047345,2025-08-20,13:03:13,+917430508586,+919262309317,VOICE,73,404164830929215,352992853689456,Rajasthan_BTS_017,404-45-652-977,Rajasthan
CDR202600047352,2025-04-24,23:04:17,+917857882724,+917776528302,VOICE,6,404405957645413,356005233759273,UttarPradesh_BTS_010,404-45-749-874,Uttar Pradesh
CDR202600047367,2025-04-15,21:32:10,+917184224644,+919035400740,VOICE,264,404835045739047,351288647920621,Maharashtra_BTS_005,404-45-891-297,Maharashtra
CDR202600047417,2025-03-02,13:52:38,+918686416106,+919113796021,VOICE,12,404448756209259,358131257823849,WestBengal_BTS_005,404-45-785-885,West Bengal
CDR202600047418,2025-04-06,22:29:04,+918256587235,+919249877917,VOICE,26,404759884792979,356567463047881,Maharashtra_BTS_008,404-45-552-565,Maharashtra
CDR202600047420,2025-09-25,22:18:35,+918655786056,+918127731517,VOICE,6,404037384008221,359626736773496,WestBengal_BTS_002,404-45-315-699,West Bengal
CDR202600047433,2025-08-09,12:59:20,+918090963793,+918841418832,VOICE,84,404864295030886,350140567573699,Mumbai_BTS_011,404-45-995-946,Mumbai
CDR202600047436,2025-08-04,11:48:28,+919535509583,+916382761185,VOICE,175,404692537307423,350299926053984,UttarPradesh_BTS_014,404-45-214-078,Uttar Pradesh
CDR202600047467,2025-12-28,15:28:15,+917685736858,+918176056203,VOICE,134,404564053991206,353488972563187,UttarPradesh_BTS_003,404-45-650-219,Uttar Pradesh
CDR202600047488,2025-01-19,10:31:24,+917786379479,+918705996388,VOICE,16,404222557663841,353283893108602,Maharashtra_BTS_008,404-45-818-960,Maharashtra
CDR202600047502,2025-09-11,22:58:22,+917539670608,+918197076319,VOICE,13,404151794353114,358220238320192,UttarPradesh_BTS_006,404-45-769-542,Uttar Pradesh
CDR202600047538,2025-04-10,07:59:01,+917709125488,+916026163308,VOICE,46,404437094434589,357772092187169,Rajasthan_BTS_001,404-45-670-225,Rajasthan
CDR202600047542,2025-01-24,22:39:27,+919645060160,+916591627817,VOICE,59,404636767516686,352002869774625,UttarPradesh_BTS_010,404-45-749-874,Uttar Pradesh
CDR202600047569,2025-01-05,22:45:13,+918386857947,+917973071481,SMS,0,404078416980158,354034089734219,UttarPradesh_BTS_005,404-45-261-449,Uttar Pradesh
CDR202600047573,2025-01-07,05:34:24,+918134042850,+916983699346,SMS,0,404065725838870,351869237457927,Karnataka_BTS_004,404-45-160-169,Karnataka
CDR202600047576,2025-09-01,06:22:24,+916670342442,+918051141100,VOICE,137,404131808431039,357642499373409,Maharashtra_BTS_005,404-45-891-297,Maharashtra
CDR202600047585,2025-08-07,15:21:57,+916618794445,+917693280362,VOICE,56,404023856599305,356046545386272,WestBengal_BTS_002,404-45-355-683,West Bengal
CDR202600047601,2025-06-29,12:28:41,+917702931016,+916625071606,SMS,0,404612185216427,350965618668923,Rajasthan_BTS_019,404-45-951-827,Rajasthan
CDR202600047612,2025-08-06,09:16:16,+918207421117,+919780125713,VOICE,324,404993155678977,356562521672582,Mumbai_BTS_008,404-45-520-479,Mumbai
CDR202600047638,2025-06-24,13:51:48,+918696518496,+917663721863,MISSED,0,404446955706436,351926192706658,WestBengal_BTS_007,404-45-491-894,West Bengal
CDR202600047642,2025-03-27,21:33:11,+917641747004,+918973398906,VOICE,8,404361734397296,356949676164346,UttarPradesh_BTS_010,404-45-370-518,Uttar Pradesh
CDR202600047657,2025-06-01,21:55:37,+916364909509,+917009571916,VOICE,27,404889996491290,356044494524640,Maharashtra_BTS_007,404-45-479-364,Maharashtra
CDR202600047658,2025-10-16,01:52:46,+919973138040,+919330567977,VOICE,166,404425815799010,355260874561851,WestBengal_BTS_002,404-45-315-699,West Bengal
CDR202600047659,2025-07-29,17:48:04,+918573750888,+919683122388,SMS,0,404869410059371,355138772863021,TamilNadu_BTS_003,404-45-170-610,Tamil Nadu
CDR202600047683,2025-10-30,17:18:51,+917164037477,+917147334289,VOICE,2,404550154924322,351442965690278,WestBengal_BTS_001,404-45-415-374,West Bengal
CDR202600047708,2025-02-25,23:23:00,+917857882724,+918752943905,SMS,0,404405957645413,356005233759273,Rajasthan_BTS_009,404-45-742-164,Rajasthan
CDR202600047722,2025-08-19,06:06:14,+917039452657,+917547365506,VOICE,114,404858712022109,358460283729650,Maharashtra_BTS_001,404-45-204-095,Maharashtra
CDR202600047735,2025-12-16,08:34:49,+918474206674,+919496142308,VOICE,155,404489829697715,359460635432293,Maharashtra_BTS_006,404-45-987-104,Maharashtra
CDR202600047773,2025-05-08,19:15:09,+916788282430,+917423498695,VOICE,134,404473066396024,356365509989305,TamilNadu_BTS_001,404-45-158-052,Tamil Nadu
CDR202600047785,2025-04-23,17:20:20,+919081229713,+919671899518,VOICE,181,404476718822173,358147950181898,Mumbai_BTS_011,404-45-243-433,Mumbai
CDR202600047804,2025-09-04,21:56:50,+919692929855,+918553840504,SMS,0,404251444428613,351954692277671,Karnataka_BTS_004,404-45-160-169,Karnataka
CDR202600047811,2025-01-09,16:44:45,+918364329566,+917676395246,VOICE,2,404075548770865,354393080579612,Mumbai_BTS_006,404-45-235-741,Mumbai
CDR202600047862,2025-02-22,02:52:07,+919896429999,+918967764489,VOICE,215,404374477761393,354740902370988,Rajasthan_BTS_003,404-45-924-324,Rajasthan
CDR202600047869,2025-10-30,03:32:50,+919917783886,+916555703019,SMS,0,404857420015834,358170444935421,Rajasthan_BTS_005,404-45-771-512,Rajasthan
CDR202600047890,2025-03-06,21:20:06,+917801519560,+917613843116,VOICE,96,404794358148161,351276565466601,UttarPradesh_BTS_007,404-45-999-138,Uttar Pradesh
CDR202600047892,2025-02-11,00:12:44,+917081806602,+919909166876,SMS,0,404659411935488,359272183248371,WestBengal_BTS_005,404-45-521-822,West Bengal
CDR202600047922,2025-06-15,15:11:42,+916282421649,+916202178722,VOICE,43,404074609901312,359140188538691,Maharashtra_BTS_006,404-45-489-285,Maharashtra
CDR202600047954,2025-10-24,02:26:51,+919137226230,+918086119754,SMS,0,404148175422331,354493684978624,Maharashtra_BTS_001,404-45-881-345,Maharashtra
CDR202600047958,2025-04-03,18:34:40,+918180758109,+918168728462,VOICE,33,404712881134095,353249087273281,TamilNadu_BTS_002,404-45-158-984,Tamil Nadu
CDR202600047961,2025-01-14,12:49:34,+919157576769,+918502236248,MISSED,0,404017212329446,353658284133369,Rajasthan_BTS_014,404-45-839-897,Rajasthan
CDR202600048000,2025-09-29,08:10:55,+916367952951,+918218364589,SMS,0,404474716368898,354965912856843,Mumbai_BTS_010,404-45-211-255,Mumbai
CDR202600048049,2025-06-28,23:34:02,+917941477323,+919546405233,VOICE,279,404446593385747,355260954545819,Rajasthan_BTS_015,404-45-208-892,Rajasthan
CDR202600048052,2025-02-24,05:35:04,+919623585415,+916329228510,SMS,0,404746737937265,357016549656141,Maharashtra_BTS_001,404-45-881-345,Maharashtra
CDR202600048063,2025-11-26,01:05:23,+917418992908,+916401287273,VOICE,63,404898511297569,355242957187276,Rajasthan_BTS_014,404-45-564-004,Rajasthan
CDR202600048068,2025-10-02,06:32:11,+916522202654,+919037639763,VOICE,50,404369018486919,355190492774542,UttarPradesh_BTS_009,404-45-719-216,Uttar Pradesh
CDR202600048070,2025-10-03,09:23:33,+919170525164,+918841128763,VOICE,40,404158011507508,354866482990164,Gujarat_BTS_006,404-45-818-559,Gujarat
CDR202600048075,2025-05-08,02:30:45,+916082929566,+917836393112,VOICE,5,404761228926790,350254229679963,Gujarat_BTS_001,404-45-859-282,Gujarat
CDR202600048085,2025-04-08,19:46:36,+917479470235,+916145905329,VOICE,321,404043866599751,350261912291240,Delhi_BTS_003,404-45-371-541,Delhi
CDR202600048100,2025-07-15,15:51:39,+917810804663,+917989868956,VOICE,153,404290872131123,357658927871219,Karnataka_BTS_005,404-45-902-804,Karnataka
CDR202600048111,2025-08-10,19:34:32,+917805440102,+918695760563,VOICE,28,404046942244882,352305181361124,Maharashtra_BTS_001,404-45-881-345,Maharashtra
CDR202600048126,2025-12-12,06:34:37,+919251407196,+918286062943,VOICE,111,404080962022018,351035090039455,Mumbai_BTS_002,404-45-702-226,Mumbai
CDR202600048195,2025-09-21,23:25:49,+918353878878,+918051593973,VOICE,185,404653449225981,354225282336672,Rajasthan_BTS_014,404-45-564-004,Rajasthan
CDR202600048212,2025-11-15,03:33:17,+916392963980,+919217448881,VOICE,133,404845743811667,352600237407639,Maharashtra_BTS_003,404-45-649-128,Maharashtra
CDR202600048221,2025-09-13,14:55:42,+917979049085,+918384747388,VOICE,320,404678284824459,353315589351724,TamilNadu_BTS_001,404-45-614-942,Tamil Nadu
CDR202600048225,2025-02-01,23:14:14,+916632730803,+918515728025,SMS,0,404946227394122,354609582789310,TamilNadu_BTS_005,404-45-734-084,Tamil Nadu
CDR202600048245,2025-09-08,16:03:22,+918512675582,+916009017229,VOICE,23,404222379118533,356318546198647,Rajasthan_BTS_019,404-45-471-900,Rajasthan
CDR202600048247,2025-12-13,22:57:40,+916508315970,+919625979051,VOICE,105,404240174009344,353123130991649,TamilNadu_BTS_006,404-45-773-598,Tamil Nadu
CDR202600048261,2025-12-06,20:39:42,+917475788834,+919295208447,VOICE,96,404018421647527,352331354067753,WestBengal_BTS_009,404-45-304-837,West Bengal
CDR202600048315,2025-08-11,09:05:06,+919083884978,+917308030520,VOICE,50,404201020587158,354468288196031,Rajasthan_BTS_015,404-45-282-520,Rajasthan
CDR202600048336,2025-09-08,06:04:04,+919142172705,+919859196436,SMS,0,404965195765142,352006958977817,Rajasthan_BTS_002,404-45-334-842,Rajasthan
CDR202600048337,2025-01-20,01:18:43,+916826741529,+919205800332,MISSED,0,404295436246419,351840173473246,UttarPradesh_BTS_001,404-45-371-406,Uttar Pradesh
CDR202600048372,2025-01-28,12:13:58,+919930424269,+918575336363,VOICE,76,404157115978046,354413403780185,TamilNadu_BTS_006,404-45-773-598,Tamil Nadu
CDR202600048374,2025-04-12,04:11:02,+918451381550,+919286960266,VOICE,148,404856166820304,358266392635017,Maharashtra_BTS_002,404-45-718-271,Maharashtra
CDR202600048417,2025-10-31,03:47:24,+917749468503,+916484603330,VOICE,113,404098814096347,355114787853361,UttarPradesh_BTS_013,404-45-265-760,Uttar Pradesh
CDR202600048420,2025-09-29,20:28:14,+919180936095,+918113345078,SMS,0,404980602929221,356481548383813,UttarPradesh_BTS_011,404-45-194-650,Uttar Pradesh
CDR202600048429,2025-05-27,13:22:44,+916374453210,+916826741529,VOICE,203,404822708198607,359766643017932,Rajasthan_BTS_017,404-45-652-977,Rajasthan
CDR202600048432,2025-06-07,11:24:53,+916040197081,+919360244463,VOICE,282,404410923528424,359667456124028,WestBengal_BTS_003,404-45-342-886,West Bengal
CDR202600048450,2025-10-12,17:02:52,+917249394599,+919571767815,VOICE,139,404396918084058,354853750998154,Karnataka_BTS_003,404-45-270-417,Karnataka
CDR202600048469,2025-10-08,15:29:50,+916048012150,+916321452778,VOICE,33,404785395592939,357235117574343,Mumbai_BTS_011,404-45-573-256,Mumbai
CDR202600048482,2025-01-16,14:16:39,+917151311817,+917389964482,VOICE,30,404054940642356,355075766860706,Maharashtra_BTS_006,404-45-489-285,Maharashtra
CDR202600048486,2025-10-27,12:35:00,+917238290559,+916762480165,VOICE,292,404458877788824,357180475986037,Mumbai_BTS_011,404-45-287-286,Mumbai
CDR202600048531,2025-08-13,11:36:02,+918509341411,+918675450204,VOICE,1,404239771508814,352076357665746,UttarPradesh_BTS_003,404-45-618-272,Uttar Pradesh
CDR202600048545,2025-04-15,22:49:53,+916381480141,+917113848521,VOICE,180,404202652302409,358349380039358,UttarPradesh_BTS_004,404-45-170-901,Uttar Pradesh
CDR202600048553,2025-10-25,12:08:05,+917405963578,+917673887251,VOICE,202,404228663028666,358220452565866,WestBengal_BTS_005,404-45-521-822,West Bengal
CDR202600048565,2025-11-21,02:44:24,+918473269592,+916641830807,VOICE,4,404467580289227,356322734320385,Maharashtra_BTS_007,404-45-750-855,Maharashtra
CDR202600048572,2025-09-14,17:15:54,+917312723161,+919879733060,VOICE,29,404434659539756,357090462676351,Karnataka_BTS_004,404-45-985-411,Karnataka
CDR202600048578,2025-06-23,14:03:07,+919464521257,+919904689017,VOICE,12,404209621024620,355937710526515,Maharashtra_BTS_003,404-45-649-128,Maharashtra
CDR202600048602,2025-02-06,17:57:43,+919596311972,+919912838915,VOICE,86,404593852195929,354497160650656,UttarPradesh_BTS_013,404-45-822-438,Uttar Pradesh
CDR202600048603,2025-10-12,05:43:43,+916555724622,+919521875296,VOICE,85,404646255271555,355698041907794,Karnataka_BTS_007,404-45-322-992,Karnataka
CDR202600048606,2025-07-31,21:42:41,+919951974036,+918770594376,VOICE,32,404729973304856,351587713694089,TamilNadu_BTS_006,404-45-773-598,Tamil Nadu
CDR202600048607,2025-01-21,12:21:12,+919091202105,+919233832604,VOICE,159,404001350441647,350659905345263,Maharashtra_BTS_008,404-45-799-664,Maharashtra
CDR202600048615,2025-05-24,02:02:56,+918846306138,+917646673923,VOICE,136,404652612376469,356532719280666,TamilNadu_BTS_006,404-45-773-598,Tamil Nadu
CDR202600048616,2025-02-01,04:04:01,+917594128444,+918679677646,VOICE,27,404980485044913,359302736296413,UttarPradesh_BTS_012,404-45-145-004,Uttar Pradesh
CDR202600048631,2025-04-08,10:00:12,+919455198541,+918321826161,VOICE,312,404232600142320,352873409983370,UttarPradesh_BTS_011,404-45-533-850,Uttar Pradesh
CDR202600048633,2025-05-22,05:00:55,+917368161949,+919429605845,SMS,0,404997723431024,352721390890759,TamilNadu_BTS_001,404-45-614-942,Tamil Nadu
CDR202600048649,2025-10-21,04:50:49,+917431858283,+917418323594,VOICE,246,404146917230391,352341563482188,Rajasthan_BTS_015,404-45-612-781,Rajasthan
CDR202600048677,2025-11-14,08:07:19,+918984132297,+919648858310,VOICE,143,404120193048594,351266724525504,TamilNadu_BTS_001,404-45-698-489,Tamil Nadu
CDR202600048681,2025-12-12,00:09:30,+918083231283,+917627289560,VOICE,65,404694539679366,352828660030802,Rajasthan_BTS_004,404-45-680-898,Rajasthan
CDR202600048697,2025-12-05,20:01:52,+919566779728,+917373608917,VOICE,25,404754460889147,357056712706686,Mumbai_BTS_011,404-45-995-946,Mumbai
CDR202600048711,2025-05-20,09:18:41,+919683122388,+918397046727,MISSED,0,404354117671729,357675451912233,Delhi_BTS_002,404-45-878-546,Delhi
CDR202600048718,2025-04-10,15:30:00,+917356716278,+917105533175,VOICE,248,404681311897035,355975801797029,Mumbai_BTS_003,404-45-334-070,Mumbai
CDR202600048720,2025-05-11,09:33:19,+916101313242,+917821133740,SMS,0,404860657754703,351007598018575,WestBengal_BTS_009,404-45-304-837,West Bengal
CDR202600048727,2025-03-07,04:43:52,+919521875296,+917445599934,VOICE,41,404831359029222,351411476110104,Mumbai_BTS_006,404-45-785-498,Mumbai
CDR202600048738,2025-04-06,11:48:20,+917730997115,+917893772136,VOICE,28,404142278789034,357247940034257,Delhi_BTS_002,404-45-231-676,Delhi
CDR202600048758,2025-09-01,04:13:53,+918481125391,+919543289248,VOICE,255,404607135422556,358011444500327,Mumbai_BTS_006,404-45-319-553,Mumbai
CDR202600048777,2025-05-19,09:20:25,+918778912285,+919282430009,VOICE,48,404002894732604,359305341344678,UttarPradesh_BTS_003,404-45-650-219,Uttar Pradesh
CDR202600048796,2025-07-20,09:28:46,+918412516890,+918442782692,VOICE,88,404730768251469,350436699958030,Rajasthan_BTS_001,404-45-376-948,Rajasthan
CDR202600048802,2025-08-17,17:18:19,+916237834522,+919918369538,VOICE,1,404690884726857,359815806300203,Mumbai_BTS_006,404-45-235-741,Mumbai
CDR202600048804,2025-08-06,06:42:10,+918063495326,+916044245685,VOICE,54,404174435686383,359705250209208,Rajasthan_BTS_014,404-45-564-004,Rajasthan
CDR202600048837,2025-04-16,15:55:51,+918055300959,+919750518334,VOICE,4,404818266832550,355765250276931,Maharashtra_BTS_004,404-45-821-072,Maharashtra
CDR202600048857,2025-06-19,01:44:11,+918991184310,+918211158290,VOICE,10,404806277564089,357517691970651,WestBengal_BTS_004,404-45-283-755,West Bengal
CDR202600048883,2025-05-27,21:10:18,+918335163952,+918785482099,VOICE,46,404203389861791,355195133995413,Rajasthan_BTS_010,404-45-494-391,Rajasthan
CDR202600048908,2025-06-18,04:05:41,+917304545626,+917174651456,VOICE,103,404789078770769,351128680552947,Mumbai_BTS_006,404-45-319-553,Mumbai
CDR202600048922,2025-03-08,03:48:52,+918957466549,+916051333250,VOICE,50,404421964660053,356678741586817,Rajasthan_BTS_014,404-45-564-004,Rajasthan
CDR202600048931,2025-07-29,21:33:11,+916040197081,+919833982372,VOICE,179,404410923528424,354126517854325,Rajasthan_BTS_002,404-45-334-842,Rajasthan
CDR202600048935,2025-03-01,07:38:58,+918837566907,+917226941237,VOICE,61,404445082795134,354012209195827,Karnataka_BTS_005,404-45-102-400,Karnataka
CDR202600048948,2025-08-10,22:54:39,+918211400886,+917863119852,SMS,0,404443632662927,357770732113934,UttarPradesh_BTS_009,404-45-378-289,Uttar Pradesh
CDR202600048952,2025-06-18,06:41:20,+917185907154,+917938295768,VOICE,42,404412855252809,350524708391784,Rajasthan_BTS_013,404-45-400-446,Rajasthan
CDR202600048968,2025-09-08,22:43:26,+917256006787,+917448244008,VOICE,198,404509408591370,357252801866463,Maharashtra_BTS_006,404-45-489-285,Maharashtra
CDR202600048995,2025-03-03,14:52:22,+918974264082,+917777059287,MISSED,0,404054196907118,353160367598770,Delhi_BTS_006,404-45-548-922,Delhi
CDR202600049021,2025-07-01,18:32:24,+918939924475,+916405988974,VOICE,168,404536381699927,357411250846760,Rajasthan_BTS_014,404-45-839-897,Rajasthan
CDR202600049052,2025-03-21,02:36:07,+918713047173,+918560366101,SMS,0,404504965124159,350321517068664,Karnataka_BTS_006,404-45-848-803,Karnataka
CDR202600049053,2025-05-01,11:59:01,+917916468521,+917942307924,VOICE,20,404618617542694,356361440450368,Gujarat_BTS_008,404-45-448-285,Gujarat
CDR202600049056,2025-03-26,05:14:43,+919545242691,+919744084560,VOICE,80,404513626450601,352744752065164,TamilNadu_BTS_003,404-45-169-692,Tamil Nadu
CDR202600049072,2025-09-14,21:51:32,+919294197334,+917568151922,MISSED,0,404067766604169,356584800594707,UttarPradesh_BTS_004,404-45-170-901,Uttar Pradesh
CDR202600049078,2025-08-10,02:02:15,+917403408444,+916020248860,VOICE,187,404620925784640,357788451381221,Maharashtra_BTS_004,404-45-821-072,Maharashtra
CDR202600049085,2025-01-01,13:02:48,+916635012007,+918481942857,VOICE,45,404401031965095,354441322094473,Rajasthan_BTS_004,404-45-680-898,Rajasthan
CDR202600049094,2025-09-05,00:39:48,+918571323060,+918749838391,VOICE,108,404910222927166,354668153494038,WestBengal_BTS_005,404-45-521-822,West Bengal
CDR202600049106,2025-04-25,14:38:06,+918873860329,+918266082714,VOICE,54,404816912854811,355853050166107,Maharashtra_BTS_004,404-45-146-678,Maharashtra
CDR202600049115,2025-03-29,01:30:03,+916804593310,+916462747289,SMS,0,404667659729163,358633520978762,Maharashtra_BTS_007,404-45-479-364,Maharashtra
CDR202600049133,2025-10-31,05:37:54,+918762440921,+917540402784,SMS,0,404412916365198,358023508942904,Maharashtra_BTS_002,404-45-718-271,Maharashtra
CDR202600049135,2025-11-13,16:41:59,+918340879100,+918273125500,VOICE,202,404084599137029,352971991192091,Delhi_BTS_001,404-45-180-088,Delhi
CDR202600049160,2025-01-14,07:34:15,+918129273278,+918695760563,VOICE,74,404205612375283,354002836777665,Maharashtra_BTS_004,404-45-146-678,Maharashtra
CDR202600049164,2025-12-03,19:12:39,+919346979515,+916356585450,VOICE,572,404863373518011,357661821452108,WestBengal_BTS_001,404-45-230-043,West Bengal
CDR202600049211,2025-02-05,00:20:10,+917565720042,+917587782945,VOICE,2,404832219304868,354040952441589,TamilNadu_BTS_001,404-45-614-942,Tamil Nadu
CDR202600049213,2025-01-15,21:06:15,+919316737376,+918465712101,VOICE,95,404029477845975,353027003969706,Maharashtra_BTS_008,404-45-818-960,Maharashtra
CDR202600049226,2025-10-08,10:40:44,+918067457884,+917419285302,VOICE,127,404962847729626,358650036597060,WestBengal_BTS_006,404-45-906-719,West Bengal
CDR202600049269,2025-12-10,13:59:40,+919392251960,+916574652350,VOICE,175,404593232069396,357339894518504,Maharashtra_BTS_003,404-45-487-081,Maharashtra
CDR202600049271,2025-01-16,00:26:07,+916180774393,+918847017234,VOICE,396,404525233802839,350912014927891,Mumbai_BTS_008,404-45-984-747,Mumbai
CDR202600049284,2025-11-02,04:29:26,+919117880417,+919272145577,VOICE,176,404393504654127,352259922746067,Gujarat_BTS_001,404-45-859-282,Gujarat
CDR202600049312,2025-06-06,22:09:34,+919686158809,+919180826164,VOICE,265,404769976114035,354428366750790,Rajasthan_BTS_007,404-45-697-409,Rajasthan
CDR202600049327,2025-03-03,18:47:26,+919087015123,+917246431648,VOICE,102,404386613664783,351592631717086,Mumbai_BTS_009,404-45-162-413,Mumbai
CDR202600049329,2025-11-22,05:52:10,+918128160276,+919378862324,VOICE,29,404034824180706,351248418725466,Delhi_BTS_003,404-45-662-170,Delhi
CDR202600049361,2025-04-27,19:57:55,+919507571068,+919409400327,VOICE,48,404626033355371,353296689410159,Delhi_BTS_003,404-45-533-988,Delhi
CDR202600049375,2025-05-23,15:27:33,+919381446478,+918208825237,VOICE,70,404650745541299,350105314677989,Rajasthan_BTS_015,404-45-282-520,Rajasthan
CDR202600049387,2025-04-03,17:34:40,+917956715869,+918435706138,VOICE,141,404064578569697,354154495564015,Delhi_BTS_004,404-45-652-774,Delhi
CDR202600049397,2025-03-27,03:04:04,+919358309955,+919367245100,VOICE,174,404549224167294,351513185390378,Rajasthan_BTS_013,404-45-448-115,Rajasthan
CDR202600049404,2025-12-15,05:47:23,+916510536250,+916860813417,VOICE,305,404767160914586,351330689191402,WestBengal_BTS_006,404-45-373-164,West Bengal
CDR202600049427,2025-05-23,08:00:29,+917446862301,+919423252216,VOICE,30,404067131124370,351598585477127,Delhi_BTS_006,404-45-548-922,Delhi
CDR202600049429,2025-03-30,05:40:23,+918946271950,+919280256210,VOICE,159,404804659173386,357083221808167,Rajasthan_BTS_001,404-45-801-333,Rajasthan
CDR202600049432,2025-03-15,02:17:16,+919068678100,+917136919849,VOICE,317,404697999697543,352314206726139,Maharashtra_BTS_004,404-45-691-197,Maharashtra
CDR202600049446,2025-03-27,18:17:27,+919313120072,+918686401589,VOICE,201,404249496507290,353093083634907,Maharashtra_BTS_005,404-45-891-297,Maharashtra
CDR202600049458,2025-01-24,05:26:12,+917429725325,+918338786803,VOICE,726,404578139858500,353712066648331,Maharashtra_BTS_008,404-45-173-624,Maharashtra
CDR202600049470,2025-12-31,03:16:36,+919269663903,+917547365506,VOICE,244,404905279177010,350761421675308,WestBengal_BTS_005,404-45-521-822,West Bengal
CDR202600049490,2025-02-09,00:03:13,+918136291288,+919904689017,VOICE,41,404632842137143,354448020651129,Rajasthan_BTS_017,404-45-880-166,Rajasthan
CDR202600049492,2025-12-14,16:11:02,+919292744281,+918555623598,VOICE,100,404228746487191,355684027944136,Mumbai_BTS_007,404-45-196-100,Mumbai
CDR202600049496,2025-04-04,20:30:51,+919279842568,+916737986034,VOICE,264,404120032497281,357154333038137,Rajasthan_BTS_003,404-45-924-324,Rajasthan
CDR202600049504,2025-02-28,12:13:57,+918397394335,+919545242691,VOICE,512,404584328339044,351565606422978,WestBengal_BTS_007,404-45-491-894,West Bengal
CDR202600049515,2025-09-05,08:55:43,+918023743035,+917566387428,VOICE,248,404215947735480,352280756383248,Gujarat_BTS_001,404-45-859-282,Gujarat
CDR202600049520,2025-05-18,02:51:00,+918047958909,+916028073851,VOICE,7,404539488567416,351943653689131,Maharashtra_BTS_002,404-45-967-353,Maharashtra
CDR202600049554,2025-01-08,22:30:06,+919256264316,+918883344957,VOICE,205,404504327748677,356164543648007,Mumbai_BTS_008,404-45-984-747,Mumbai
CDR202600049558,2025-01-27,10:10:59,+917413474401,+917056303862,VOICE,30,404021555865484,354432727244773,UttarPradesh_BTS_007,404-45-999-138,Uttar Pradesh
CDR202600049564,2025-11-23,18:18:52,+919290581295,+918584425155,VOICE,166,404658373882216,356600921765557,UttarPradesh_BTS_005,404-45-478-292,Uttar Pradesh
CDR202600049571,2025-07-17,06:36:42,+917006771452,+916282421649,VOICE,37,404454910815233,350889316782617,Rajasthan_BTS_002,404-45-334-842,Rajasthan
CDR202600049590,2025-07-03,03:27:01,+919531056757,+918490503411,VOICE,75,404939842214822,354321158224890,Mumbai_BTS_003,404-45-334-070,Mumbai
CDR202600049598,2025-02-19,17:01:28,+917490292707,+919767282014,VOICE,262,404467706002278,351005446328721,TamilNadu_BTS_006,404-45-773-598,Tamil Nadu
CDR202600049601,2025-11-09,10:00:25,+918584425155,+916410834554,VOICE,16,404576877276392,352133548796065,Maharashtra_BTS_004,404-45-146-678,Maharashtra
CDR202600049613,2025-08-28,07:57:50,+918897183146,+916996698129,SMS,0,404171778971064,353846291826095,Karnataka_BTS_004,404-45-985-411,Karnataka
CDR202600049614,2025-03-17,11:58:34,+918113944188,+917680098245,VOICE,30,404276033913791,354867980316927,UttarPradesh_BTS_009,404-45-719-216,Uttar Pradesh
CDR202600049615,2025-11-19,07:59:08,+916886209645,+917831195329,VOICE,401,404703347833514,359463833062229,UttarPradesh_BTS_002,404-45-174-010,Uttar Pradesh
CDR202600049619,2025-01-10,14:14:12,+917940351032,+916326243819,VOICE,326,404009543972946,358529701975466,WestBengal_BTS_001,404-45-230-043,West Bengal
CDR202600049621,2025-06-24,01:46:11,+919938247444,+918035229179,VOICE,168,404181150208640,353001387531480,UttarPradesh_BTS_011,404-45-966-053,Uttar Pradesh
CDR202600049622,2025-08-28,11:03:39,+917534376022,+919939777816,VOICE,108,404515396176953,357954992590921,WestBengal_BTS_002,404-45-205-363,West Bengal
CDR202600049627,2025-10-02,04:20:14,+918940293286,+918205611760,SMS,0,404568361426787,355515358832758,WestBengal_BTS_004,404-45-283-755,West Bengal
CDR202600049630,2025-07-13,16:36:09,+918704996349,+919802903545,MISSED,0,404777064011575,353092383605422,Karnataka_BTS_008,404-45-693-754,Karnataka
CDR202600049646,2025-01-30,02:31:36,+917764073272,+918797543316,VOICE,85,404136886911682,356861286872314,UttarPradesh_BTS_010,404-45-749-874,Uttar Pradesh
CDR202600049652,2025-06-18,03:18:35,+916689624081,+917801519560,VOICE,322,404493492847406,359812690661496,Rajasthan_BTS_016,404-45-961-655,Rajasthan
CDR202600049712,2025-06-18,15:20:37,+917957833365,+919381183513,SMS,0,404294617958454,357635839109154,Maharashtra_BTS_008,404-45-173-624,Maharashtra
CDR202600049714,2025-12-26,07:14:44,+919399501805,919533349799,VOICE,41,404821769940333,353829216530599,Mumbai_BTS_008,404-45-520-479,Mumbai
CDR202600049757,2025-05-15,11:50:59,+918841644330,+918328382428,VOICE,97,404237671546095,350543520084285,UttarPradesh_BTS_015,404-45-658-037,Uttar Pradesh
CDR202600049771,2025-10-28,04:10:28,+916910071557,+918989502122,VOICE,112,404954741201577,354506100452927,Maharashtra_BTS_003,404-45-665-301,Maharashtra
CDR202600049773,2025-07-18,16:11:10,+917312481407,+917246431648,VOICE,82,404143383974748,357591698732445,Delhi_BTS_002,404-45-231-676,Delhi
CDR202600049778,2025-06-05,20:23:42,+918247462383,+918189776668,VOICE,207,404130265717995,358808484692601,Delhi_BTS_006,404-45-629-463,Delhi
CDR202600049798,2025-09-16,00:01:22,+917488910754,+916457913549,VOICE,249,404237753259187,353281506157269,Maharashtra_BTS_008,404-45-799-664,Maharashtra
CDR202600049815,2025-05-17,17:31:25,+919170994857,+916189433325,VOICE,479,404085866443557,351141553864269,Gujarat_BTS_008,404-45-814-433,Gujarat
CDR202600049817,2025-07-23,06:38:37,+917202423149,+917626526174,VOICE,80,404969712464286,353388341331621,Delhi_BTS_005,404-45-830-320,Delhi
CDR202600049825,2025-03-16,03:59:45,+918206861406,+918828081982,MISSED,0,404469564442225,353443033521536,Gujarat_BTS_002,404-45-854-105,Gujarat
CDR202600049827,2025-10-23,06:41:00,+917123640419,+918363215135,VOICE,17,404108331135991,352098794969779,UttarPradesh_BTS_007,404-45-370-119,Uttar Pradesh
CDR202600049829,2025-01-22,01:19:02,+917985063796,+918564155074,VOICE,115,404633409718409,355863886456687,Delhi_BTS_006,404-45-629-463,Delhi
CDR202600049841,2025-09-07,21:08:56,+918317688836,+918604642782,VOICE,66,404473287024147,355599640308143,Mumbai_BTS_006,404-45-785-498,Mumbai
CDR202600049846,2025-02-26,20:54:13,+916323610446,+916009017229,VOICE,122,404102448409285,357010127613309,Maharashtra_BTS_006,404-45-489-285,Maharashtra
CDR202600049868,2025-04-03,10:11:42,+918601678460,+918351127811,SMS,0,404727812152075,356445824819018,Rajasthan_BTS_006,404-45-242-253,Rajasthan
CDR202600049882,2025-05-27,19:11:41,+919101709809,+918537919446,SMS,0,404248438256940,350527444926061,Delhi_BTS_006,404-45-548-922,Delhi
CDR202600049888,2025-12-19,08:42:11,+917814267966,+919726146663,VOICE,9,404078393223808,351270538464456,Mumbai_BTS_008,404-45-155-690,Mumbai
CDR202600049896,2025-07-24,22:40:10,+919099388644,+918492164668,SMS,0,404616568951367,352595199298372,TamilNadu_BTS_006,404-45-423-958,Tamil Nadu
CDR202600049898,2025-03-17,12:17:40,+917271368384,+918035379117,VOICE,248,404580834218089,352087511510648,Maharashtra_BTS_002,404-45-926-045,Maharashtra
CDR202600049907,2025-06-14,15:25:53,+916207044235,+918535225459,VOICE,211,404283815950469,352146998099793,Rajasthan_BTS_001,404-45-755-705,Rajasthan
CDR202600049912,2025-01-28,08:34:57,+918397046727,+916364909509,VOICE,272,404920363665136,353100778764589,UttarPradesh_BTS_001,404-45-371-406,Uttar Pradesh
CDR202600049919,2025-10-19,02:55:06,+917956864202,+917537151277,SMS,0,404617063995967,357820134159756,TamilNadu_BTS_004,404-45-683-253,Tamil Nadu
CDR202600049927,2025-10-03,13:06:42,+918062603613,+918347908058,VOICE,12,404742043806599,357837508623168,Rajasthan_BTS_002,404-45-334-842,Rajasthan
CDR202600049929,2025-02-08,18:04:40,+918659465845,+918095899253,MISSED,0,404879049829459,359442273430042,TamilNadu_BTS_006,404-45-423-958,Tamil Nadu
CDR202600049931,2025-05-04,19:54:45,+919507571068,+919967656270,VOICE,633,404626033355371,353296689410159,UttarPradesh_BTS_009,404-45-719-216,Uttar Pradesh
CDR202600049935,2025-05-19,16:04:08,+918668347256,+919325366085,VOICE,29,404725386172296,356707105947856,UttarPradesh_BTS_008,404-45-860-567,Uttar Pradesh
CDR202600049941,2025-06-25,01:16:40,+917205901379,+919376408783,VOICE,235,404428584962378,356675433234742,Mumbai_BTS_002,404-45-702-226,Mumbai
CDR202600049944,2025-11-30,19:56:00,+917492476795,+918897623722,VOICE,54,404198809086291,358782928639596,Mumbai_BTS_006,404-45-785-498,Mumbai
CDR202600049952,2025-04-18,02:05:08,+918928707815,+919716542758,VOICE,168,404269575075495,351488443914989,WestBengal_BTS_006,404-45-906-719,West Bengal
CDR202600049959,2025-05-04,06:46:46,+919300938377,+919137226230,VOICE,8,404767081290230,359815732446702,Rajasthan_BTS_005,404-45-771-512,Rajasthan
CDR202600049961,2025-07-08,09:06:54,+917161586686,+917693280362,VOICE,608,404554900162913,356937199354425,Maharashtra_BTS_008,404-45-799-664,Maharashtra
CDR202600049977,2025-06-06,10:38:26,+917051498091,+917878034982,VOICE,296,404127663843044,357776560366640,Rajasthan_BTS_015,404-45-208-892,Rajasthan
CDR202600050020,2025-07-07,08:59:20,+916381480141,+918263674422,SMS,0,404202652302409,358349380039358,Rajasthan_BTS_004,404-45-316-936,Rajasthan
CDR202600050031,2025-07-06,22:49:14,+919210440205,+919722737535,VOICE,24,404614263663820,350677466958333,UttarPradesh_BTS_011,404-45-533-850,Uttar Pradesh
CDR202600050037,2025-06-19,14:08:45,+918192037664,+916791810425,VOICE,166,404279817473616,353650653350453,Gujarat_BTS_005,404-45-338-518,Gujarat
CDR202600050038,2025-11-25,03:05:03,+919808151517,+918651935198,VOICE,178,404557437073856,356751224261973,Maharashtra_BTS_001,404-45-204-095,Maharashtra
CDR202600050055,2025-03-21,19:39:53,+919180310819,+916928112416,VOICE,207,404813313878769,353282190262848,Rajasthan_BTS_014,404-45-839-897,Rajasthan
CDR202600050059,2025-11-17,22:49:46,+916297838879,+916423682242,VOICE,43,404728916933710,354412763150004,Mumbai_BTS_006,404-45-785-498,Mumbai
CDR202600050073,2025-11-19,10:05:44,+917553405236,+916392963980,VOICE,218,404973549694467,356093741624822,Rajasthan_BTS_001,404-45-376-948,Rajasthan
CDR202600050093,2025-03-04,06:31:05,+917235943481,+918947516711,SMS,0,404947154208368,356215274158685,Rajasthan_BTS_012,404-45-798-907,Rajasthan
CDR202600050100,2025-07-03,06:39:37,+917486489945,+919251407196,SMS,0,404125093102048,357120297784872,Karnataka_BTS_005,404-45-102-400,Karnataka
CDR202600050102,2025-12-15,19:37:55,+919034522106,+917021615972,VOICE,304,404178684364270,351643412985137,TamilNadu_BTS_003,404-45-170-610,Tamil Nadu
CDR202600050109,2025-02-28,21:33:40,+916034102808,+919722717967,VOICE,35,404574873443164,356831963254465,UttarPradesh_BTS_013,404-45-822-438,Uttar Pradesh
CDR202600050121,2025-11-19,07:58:43,+919526850403,+919340680915,VOICE,40,404063046087403,353917487365711,Gujarat_BTS_008,404-45-448-285,Gujarat
CDR202600050122,2025-08-25,07:55:58,+917185496566,+918384683372,VOICE,68,404482110737933,356955378655934,Rajasthan_BTS_004,404-45-316-936,Rajasthan
CDR202600050140,2025-01-04,13:08:49,+919225842851,+918793879665,VOICE,144,404818269070096,359735985219897,Rajasthan_BTS_001,404-45-376-948,Rajasthan
CDR202600050173,2025-02-21,19:11:36,+919892842051,+916567351370,VOICE,63,404627934076781,350615390951789,Maharashtra_BTS_004,404-45-821-072,Maharashtra
CDR202600050180,2025-06-24,19:57:35,+919004689486,+918827691165,VOICE,110,404551510456119,358423138043555,Maharashtra_BTS_007,404-45-750-855,Maharashtra
CDR202600050183,2025-06-14,06:28:43,+917369753872,+919749512252,VOICE,22,404354009512322,359680075203599,UttarPradesh_BTS_015,404-45-954-379,Uttar Pradesh
CDR202600050224,2025-01-16,09:15:44,+917762729779,+917249638044,SMS,0,404734886130407,352522752267198,Karnataka_BTS_005,404-45-102-400,Karnataka
CDR202600050267,2025-11-27,17:45:06,+918203203374,+917358075553,MISSED,0,404792140663648,356189577326465,Maharashtra_BTS_006,404-45-987-104,Maharashtra
CDR202600050278,2025-05-09,06:27:54,+916911142376,+917202552638,VOICE,44,404853493889965,353513409444941,UttarPradesh_BTS_002,404-45-869-959,Uttar Pradesh
CDR202600050279,2025-06-26,06:14:40,+919907761005,+917110407272,VOICE,9,404274188545575,359094456481615,Rajasthan_BTS_010,404-45-494-391,Rajasthan
CDR202600050310,2025-02-21,10:31:16,+916326768435,+916193027325,VOICE,25,404821347183310,356431677641247,Rajasthan_BTS_010,404-45-494-391,Rajasthan
CDR202600050330,2025-03-09,09:16:49,+916737413407,+917214613995,VOICE,77,404971211694143,354058082481124,UttarPradesh_BTS_008,404-45-860-567,Uttar Pradesh
CDR202600050333,2025-03-05,10:15:24,+918321836668,+919635644158,VOICE,79,404982983060636,356722414899117,TamilNadu_BTS_006,404-45-367-210,Tamil Nadu
CDR202600050343,2025-06-07,03:36:47,+919095946186,+917926726384,VOICE,143,404033379815228,352807242758712,WestBengal_BTS_004,404-45-283-755,West Bengal
CDR202600050350,2025-11-12,17:07:31,+919423744877,+917378988701,VOICE,49,404505937122392,358762555663112,Karnataka_BTS_007,404-45-322-992,Karnataka
CDR202600050361,2025-04-13,19:26:08,+917963890054,+916026163308,VOICE,60,404147715345771,350477741092834,TamilNadu_BTS_002,404-45-158-984,Tamil Nadu
CDR202600050375,2025-05-17,05:23:36,+917077627316,+918900227648,VOICE,56,404000838969825,356960497145501,Maharashtra_BTS_008,404-45-799-664,Maharashtra
CDR202600050394,2025-04-18,08:58:09,+917113848521,+919373853601,SMS,0,404241619043346,356701940099998,UttarPradesh_BTS_006,404-45-726-827,Uttar Pradesh
CDR202600050430,2025-06-12,11:28:33,+918012312159,+918890491950,VOICE,103,404161335718090,355747753468987,Maharashtra_BTS_006,404-45-987-104,Maharashtra
CDR202600050463,2025-08-11,00:24:53,+918266082714,+918873257050,VOICE,16,404984319576868,351761328229483,Rajasthan_BTS_013,404-45-448-115,Rajasthan
CDR202600050475,2025-05-04,19:08:58,+919607886821,+919723545847,VOICE,208,404178317493152,350335709433863,UttarPradesh_BTS_004,404-45-457-903,Uttar Pradesh
CDR202600050521,2025-05-20,07:27:41,+919862546050,+918278086239,SMS,0,404087660544102,356505406166906,TamilNadu_BTS_005,404-45-734-084,Tamil Nadu
CDR202600050530,2025-12-17,12:44:55,+918206334544,+916324724525,VOICE,6,404976104624717,351913516761740,TamilNadu_BTS_003,404-45-169-692,Tamil Nadu
CDR202600050547,2025-10-17,12:00:03,+917977215320,+916337646547,SMS,0,404893629592642,351189153594088,Maharashtra_BTS_007,404-45-314-687,Maharashtra
CDR202600050550,2025-08-01,22:51:39,+919989000306,+918962428972,VOICE,90,404123699642462,359082032695247,Delhi_BTS_006,404-45-223-254,Delhi
CDR202600050556,2025-11-21,21:40:21,+917918652002,+916398996879,VOICE,5,404542246439977,357809831173989,WestBengal_BTS_007,404-45-491-894,West Bengal
CDR202600050563,2025-08-06,06:16:36,+919396508569,+918354502539,VOICE,37,404310160200193,358461334613632,Gujarat_BTS_002,404-45-854-105,Gujarat
CDR202600050580,2025-10-07,05:13:37,+918139555438,+918388880450,SMS,0,404562544369548,355480886433672,Mumbai_BTS_009,404-45-162-413,Mumbai
CDR202600050607,2025-12-20,04:52:24,+917395495786,+919072974918,VOICE,109,404919648471434,356563235200876,UttarPradesh_BTS_006,404-45-108-684,Uttar Pradesh
CDR202600050617,2025-08-06,17:42:47,+919429605845,+917652537154,VOICE,121,404012631446390,355358689978302,WestBengal_BTS_001,404-45-981-041,West Bengal
CDR202600050630,2025-03-18,17:36:33,+918732989613,+919543348878,VOICE,317,404177427106065,351271393006921,Rajasthan_BTS_014,404-45-564-004,Rajasthan
CDR202600050645,2025-08-10,05:00:29,+919298701709,+917615893220,MISSED,0,404456206092491,351667672624382,Karnataka_BTS_003,404-45-597-493,Karnataka
CDR202600050682,2025-10-20,16:54:31,+917838092720,+919686242865,VOICE,95,404437013938350,356347487086646,Rajasthan_BTS_007,404-45-605-094,Rajasthan
CDR202600050684,2025-09-22,18:31:13,+916025749167,+919543348878,VOICE,48,404786452926007,351203065630702,Maharashtra_BTS_003,404-45-665-301,Maharashtra
CDR202600050689,2025-11-18,08:21:42,+917593551276,+917997127539,VOICE,18,404030072927456,355099625788931,UttarPradesh_BTS_011,404-45-194-650,Uttar Pradesh
CDR202600050710,2025-02-28,06:29:56,+918463105169,+919568579913,VOICE,151,404635350733255,354577469082604,Rajasthan_BTS_010,404-45-710-066,Rajasthan
CDR202600050713,2025-06-27,22:43:24,+919339073555,+918015852691,VOICE,54,404727251049178,359492724680785,Rajasthan_BTS_006,404-45-651-270,Rajasthan
CDR202600050725,2025-12-01,07:20:26,+918106141711,+916344936147,VOICE,33,404972067307359,355212752336986,UttarPradesh_BTS_011,404-45-357-928,Uttar Pradesh
CDR202600050754,2025-10-17,08:52:40,+918873473379,+916909536571,VOICE,83,404642251441632,352375807389409,Rajasthan_BTS_010,404-45-710-066,Rajasthan
CDR202600050771,2025-02-24,03:39:06,+919580640469,+919646677603,VOICE,73,404890125259295,350943707834788,Karnataka_BTS_007,404-45-322-992,Karnataka
CDR202600050782,2025-01-16,05:38:23,+917117381519,+917591242214,VOICE,110,404860350076354,353299523640718,Mumbai_BTS_008,404-45-984-747,Mumbai
CDR202600050784,2025-08-19,14:21:22,+918592790155,+916326768435,VOICE,146,404751156690579,352615230227423,Delhi_BTS_003,404-45-993-622,Delhi
CDR202600050787,2025-06-20,01:56:32,+918542476320,+917161146802,VOICE,109,404118250933553,354990189489307,Maharashtra_BTS_003,404-45-665-301,Maharashtra
CDR202600050788,2025-04-12,23:35:54,+919217831562,+917796041813,SMS,0,404986363806886,355122530191812,Rajasthan_BTS_013,404-45-887-657,Rajasthan
CDR202600050793,2025-07-10,12:56:01,+919669988212,+916927808946,VOICE,88,404470050844943,356886931026580,Rajasthan_BTS_019,404-45-471-900,Rajasthan
CDR202600050810,2025-01-07,04:51:23,+918453494614,+919018461351,VOICE,64,404877664623260,351898063338088,Karnataka_BTS_005,404-45-902-804,Karnataka
CDR202600050820,2025-01-25,16:12:27,+918338572713,+919282430009,VOICE,5,404486680876769,359089063237279,Mumbai_BTS_006,404-45-235-741,Mumbai
CDR202600050831,2025-06-27,01:39:26,+916516851698,+918810976240,SMS,0,404088293396145,352982688689933,WestBengal_BTS_003,404-45-735-768,West Bengal
CDR202600050839,2025-04-06,13:46:28,+918935231354,+918283315921,SMS,0,404755161133876,357102644639925,WestBengal_BTS_004,404-45-522-026,West Bengal
CDR202600050847,2025-02-21,22:20:18,+918572779825,+918281664145,VOICE,83,404450093259513,350328304932557,Karnataka_BTS_002,404-45-195-949,Karnataka
CDR202600050852,2025-01-13,03:43:05,+916692588788,+917921011784,VOICE,271,404457406303442,355085103203437,Gujarat_BTS_007,404-45-325-460,Gujarat
CDR202600050876,2025-04-21,01:05:36,+918723496132,+919844763277,MISSED,0,404793719156001,352689391863232,Rajasthan_BTS_017,404-45-897-945,Rajasthan
CDR202600050898,2025-05-07,22:05:53,+916045551968,+919419771009,VOICE,8,404941451916968,359060440546821,UttarPradesh_BTS_003,404-45-202-076,Uttar Pradesh
CDR202600050904,2025-02-22,12:30:47,+917074279351,+918604642782,SMS,0,404733520790615,358228777172424,Maharashtra_BTS_002,404-45-967-353,Maharashtra
CDR202600050906,2025-01-27,13:42:11,+919262309317,+919648858310,VOICE,296,404379669992204,358380868263876,WestBengal_BTS_003,404-45-342-886,West Bengal
CDR202600050910,2025-09-12,05:12:15,+918395811284,+916291844474,SMS,0,404417738452479,355942140523770,Delhi_BTS_002,404-45-935-071,Delhi
CDR202600050929,2025-09-12,02:22:18,+919507571068,+919464860201,VOICE,45,404626033355371,353296689410159,WestBengal_BTS_003,404-45-266-820,West Bengal
CDR202600050934,2025-06-06,03:07:10,+917490292707,+918914406667,VOICE,59,404467706002278,351005446328721,Karnataka_BTS_006,404-45-669-678,Karnataka
CDR202600050937,2025-10-28,23:21:35,+917353171707,+916631863027,VOICE,69,404542660493490,352837036993508,Gujarat_BTS_003,404-45-704-433,Gujarat
CDR202600050953,2025-03-19,11:53:17,+916746930885,+917990704138,SMS,0,404587502169657,358480295229847,TamilNadu_BTS_001,404-45-614-942,Tamil Nadu
CDR202600050957,2025-08-12,18:35:08,+918998819735,+917616211754,VOICE,104,404374999963416,359473310591229,UttarPradesh_BTS_003,404-45-736-577,Uttar Pradesh
CDR202600050967,2025-07-31,13:11:41,+917734272989,+917861070842,VOICE,11,404863692466294,357394118832484,UttarPradesh_BTS_013,404-45-552-565,Uttar Pradesh
CDR202600050974,2025-10-27,01:19:32,+919990004941,+916554854531,SMS,0,404155688691494,353076217257505,Rajasthan_BTS_007,404-45-470-225,Rajasthan
CDR202600050982,2025-11-29,03:24:47,+917810804663,+918796913605,SMS,0,404290872131123,357748880327797,Maharashtra_BTS_008,404-45-818-960,Maharashtra
CDR202600050988,2025-08-07,05:41:55,+917671375230,+918750445092,VOICE,217,404118203535312,351332442492045,Delhi_BTS_006,404-45-629-463,Delhi
CDR202600050994,2025-06-13,05:27:43,+919039077420,+919682045869,VOICE,24,404660219292078,353900473717685,Delhi_BTS_005,404-45-508-688,Delhi
CDR202600051012,2025-12-19,11:35:08,+916456831572,+917846250147,VOICE,39,404544075460062,350422092380944,Mumbai_BTS_004,404-45-980-339,Mumbai
CDR202600051014,2025-01-12,18:16:45,+919140786092,+918638797984,VOICE,8,404262111367422,357305584614980,UttarPradesh_BTS_011,404-45-357-928,Uttar Pradesh
CDR202600051018,2025-10-19,10:53:55,+919113871302,+916356003739,VOICE,71,404926578599392,355160890683076,UttarPradesh_BTS_014,404-45-214-078,Uttar Pradesh
CDR202600051062,2025-11-19,01:20:02,+918182074379,+918700671092,SMS,0,404239400612104,357524464232014,Delhi_BTS_002,404-45-935-071,Delhi
CDR202600051067,2025-10-28,04:23:50,+917024544717,+917519310681,VOICE,50,404787712168763,351323383247574,UttarPradesh_BTS_011,404-45-966-053,Uttar Pradesh
CDR202600051068,2025-08-06,08:58:35,+918682928125,+917221820048,VOICE,187,404352929955920,359411747070801,Rajasthan_BTS_012,404-45-798-907,Rajasthan
CDR202600051082,2025-02-19,09:33:34,+919372873392,+918407558458,SMS,0,404301993167344,357991519174120,Rajasthan_BTS_003,404-45-924-324,Rajasthan
CDR202600051087,2025-12-12,11:21:57,+919756494762,+919627533531,VOICE,78,404220008154131,357259108211250,WestBengal_BTS_001,404-45-230-043,West Bengal
CDR202600051091,2025-02-15,05:53:46,+918289810877,+918347404034,MISSED,0,404091821897521,350111005430085,Maharashtra_BTS_008,404-45-799-664,Maharashtra
CDR202600051107,2025-07-12,21:40:22,+919256862637,+916911142376,SMS,0,404328783388510,356906836180824,UttarPradesh_BTS_011,404-45-966-053,Uttar Pradesh
CDR202600051111,2025-06-15,20:38:57,+918059243421,+918978860352,VOICE,42,404743402748830,352097215432433,WestBengal_BTS_003,404-45-342-886,West Bengal
CDR202600051153,2025-05-22,07:20:51,+916575277012,+917145285004,VOICE,35,404894376279986,356507167622169,TamilNadu_BTS_004,404-45-513-123,Tamil Nadu
CDR202600051178,2025-10-04,19:32:12,+919240363637,+916587472075,SMS,0,404465420703959,357973934949640,Rajasthan_BTS_004,404-45-835-323,Rajasthan
CDR202600051179,2025-05-02,19:16:44,+917878034982,+916423682242,VOICE,23,404094855532502,357005154671108,Mumbai_BTS_005,404-45-626-244,Mumbai
CDR202600051209,2025-01-21,06:16:10,+917768772259,+919391140734,VOICE,70,404789898099264,358257058088930,Rajasthan_BTS_019,404-45-951-827,Rajasthan
CDR202600051211,2025-05-05,05:32:21,+917056303862,+916103891623,MISSED,0,404956292646270,358568556552509,Maharashtra_BTS_003,404-45-949-644,Maharashtra
CDR202600051218,2025-05-22,06:52:21,+919324434019,+916138868243,VOICE,121,404748785880154,351427360038758,Karnataka_BTS_006,404-45-669-678,Karnataka
CDR202600051225,2025-09-09,14:33:42,+917000470076,+917003418190,VOICE,41,404999139484040,353462981428845,Mumbai_BTS_007,404-45-196-100,Mumbai
CDR202600051234,2025-04-02,20:00:51,+918292408187,+917755598297,VOICE,108,404141836527326,357706279333969,TamilNadu_BTS_006,404-45-678-536,Tamil Nadu
CDR202600051237,2025-12-14,05:44:19,+918774258277,+918186879810,VOICE,406,404572337873530,356074951482286,Rajasthan_BTS_019,404-45-471-900,Rajasthan
CDR202600051249,2025-07-14,07:12:01,+917960741167,+917623359882,SMS,0,404751004502298,355707484783919,Maharashtra_BTS_004,404-45-691-197,Maharashtra
CDR202600051269,2025-07-14,14:34:09,+919976782155,+919279888517,VOICE,48,404964747345476,358908149840555,Maharashtra_BTS_002,404-45-199-368,Maharashtra
CDR202600051282,2025-01-07,01:58:26,+918168728462,+919106032238,VOICE,133,404056362185097,355443514929823,Maharashtra_BTS_001,404-45-881-345,Maharashtra
CDR202600051297,2025-09-08,17:19:19,+919143712610,+916573002449,MISSED,0,404464238986919,350875192435975,Gujarat_BTS_006,404-45-818-559,Gujarat
CDR202600051304,2025-09-13,10:33:29,+917486762256,+918477793470,VOICE,350,404203334519820,351776548827951,Rajasthan_BTS_005,404-45-505-906,Rajasthan
CDR202600051314,2025-05-09,02:25:10,+919892842051,+919023140164,VOICE,163,404627934076781,350615390951789,Maharashtra_BTS_002,404-45-718-271,Maharashtra
CDR202600051365,2025-11-22,04:18:14,+918932345011,+918147651676,VOICE,238,404802941120163,354044609320569,Mumbai_BTS_001,404-45-446-022,Mumbai
CDR202600051368,2025-08-09,22:31:04,+918845953682,+918675450204,VOICE,203,404866672963042,354778962422388,WestBengal_BTS_002,404-45-205-363,West Bengal
CDR202600051371,2025-08-10,06:42:02,+918553840504,+917002189299,VOICE,371,404552273161789,355751103818427,WestBengal_BTS_005,404-45-521-822,West Bengal
CDR202600051372,2025-01-25,12:33:57,+916861162202,+918258960786,VOICE,315,404969721934546,351218164653593,Rajasthan_BTS_012,404-45-798-907,Rajasthan
CDR202600051388,2025-08-09,00:44:00,+917795530276,+916442684297,MISSED,0,404388681313721,351611048138259,UttarPradesh_BTS_006,404-45-769-542,Uttar Pradesh
CDR202600051394,2025-08-26,18:52:23,+919113871302,+917422485509,VOICE,274,404926578599392,355160890683076,Rajasthan_BTS_017,404-45-880-166,Rajasthan
CDR202600051399,2025-06-05,12:24:07,+917933350510,+919143666828,VOICE,252,404676170832880,356890783418201,Gujarat_BTS_005,404-45-338-518,Gujarat
CDR202600051411,2025-03-08,02:55:33,+917589579626,+919972880601,VOICE,50,404678920273215,358305576694273,Maharashtra_BTS_007,404-45-750-855,Maharashtra
CDR202600051420,2025-10-26,22:25:35,+918680892813,+919950618730,VOICE,31,404101757903501,359230715241531,Mumbai_BTS_008,404-45-520-479,Mumbai
CDR202600051435,2025-07-03,20:16:38,+917303258691,+919086999132,VOICE,22,404007448515572,357722509784644,UttarPradesh_BTS_001,404-45-371-406,Uttar Pradesh
CDR202600051463,2025-08-16,08:45:44,+917070520212,+916555736210,SMS,0,404421658991794,357334079692064,WestBengal_BTS_001,404-45-230-043,West Bengal
CDR202600051470,2025-06-17,05:27:33,+919635644158,+917303258691,VOICE,92,404092079272166,351565893640560,UttarPradesh_BTS_009,404-45-719-216,Uttar Pradesh
CDR202600051475,2025-02-23,10:52:40,+917519310681,+917266580903,MISSED,0,404444293355895,351904363112513,UttarPradesh_BTS_002,404-45-568-324,Uttar Pradesh
CDR202600051483,2025-05-20,01:32:13,+917762729779,+917221435579,VOICE,46,404734886130407,352522752267198,UttarPradesh_BTS_004,404-45-170-901,Uttar Pradesh
CDR202600051535,2025-01-15,17:30:05,+916348016574,+918323930048,VOICE,29,404818211768402,350051758749781,TamilNadu_BTS_004,404-45-683-253,Tamil Nadu
CDR202600051544,2025-12-12,09:03:08,+918247714890,+916381480141,VOICE,68,404642660988997,359806638166932,Gujarat_BTS_007,404-45-703-285,Gujarat
CDR202600051545,2025-07-19,01:00:18,+917184446043,+919983692422,VOICE,44,404965425325707,350056283270864,Rajasthan_BTS_008,404-45-981-113,Rajasthan
CDR202600051548,2025-03-28,00:08:17,+918555023947,+919500387142,VOICE,131,404834907742668,354648232657988,Rajasthan_BTS_019,404-45-471-900,Rajasthan
CDR202600051565,2025-07-11,04:50:16,+918765396450,+918578598723,SMS,0,404011292829339,353445551282313,UttarPradesh_BTS_013,404-45-552-565,Uttar Pradesh
CDR202600051591,2025-01-02,18:51:44,+918069518866,+919939243535,VOICE,231,404852770847960,358143386143404,TamilNadu_BTS_003,404-45-170-610,Tamil Nadu
CDR202600051605,2025-12-16,20:38:20,+917882935563,+916160680569,VOICE,84,404969674654992,356294606328765,Gujarat_BTS_007,404-45-928-891,Gujarat
CDR202600051636,2025-04-26,23:25:29,+916703033328,+917024655218,MISSED,0,404534663469013,350884351870079,Rajasthan_BTS_019,404-45-471-900,Rajasthan
CDR202600051672,2025-04-08,00:04:34,+918182107087,+917455222130,VOICE,124,404499690366878,354075281242227,Maharashtra_BTS_009,404-45-350-168,Maharashtra
CDR202600051707,2025-09-04,14:03:10,+919521875296,+917951187080,VOICE,436,404831359029222,351411476110104,Karnataka_BTS_003,404-45-270-417,Karnataka
CDR202600051739,2025-03-14,13:24:41,+918951119773,+917616390120,VOICE,119,404077557950846,354441118548721,Mumbai_BTS_006,404-45-235-741,Mumbai
CDR202600051745,2025-08-13,04:00:45,+919794732472,+919531565815,VOICE,16,404038619977866,351622768337691,Mumbai_BTS_006,404-45-211-255,Mumbai
CDR202600051801,2025-05-31,08:46:55,+916379917047,+917165807914,VOICE,163,404701242289854,354983766594772,WestBengal_BTS_006,404-45-906-719,West Bengal
CDR202600051803,2025-05-20,21:58:30,+917891674997,+916401287273,VOICE,89,404699860284370,353490309371310,Maharashtra_BTS_003,404-45-949-644,Maharashtra
CDR202600051815,2025-12-14,18:12:43,+917540273705,+918309942067,VOICE,46,404496831945871,356922789139725,Rajasthan_BTS_015,404-45-612-781,Rajasthan
CDR202600051828,2025-02-08,03:05:07,+919359991607,+919122441343,VOICE,91,404715151074566,356015168849759,Rajasthan_BTS_014,404-45-564-004,Rajasthan
CDR202600051836,2025-06-14,21:22:30,+917525859950,+918916760794,MISSED,0,404435701007261,353205244452659,UttarPradesh_BTS_007,404-45-999-138,Uttar Pradesh
CDR202600051840,2025-12-03,09:14:12,+917985473643,+916454279208,VOICE,70,404630513809018,358458405249714,WestBengal_BTS_003,404-45-735-768,West Bengal
CDR202600051847,2025-10-08,10:34:07,+917016396826,+917751254001,VOICE,79,404169924410029,354473548493242,UttarPradesh_BTS_003,404-45-736-577,Uttar Pradesh
CDR202600051850,2025-06-26,20:28:08,+919683122388,+918102281944,VOICE,121,404354117671729,357675451912233,UttarPradesh_BTS_001,404-45-234-688,Uttar Pradesh
CDR202600051860,2025-08-30,08:54:38,+916265150845,+918232459033,SMS,0,404563667796113,353377439686096,TamilNadu_BTS_005,404-45-734-084,Tamil Nadu
CDR202600051874,2025-09-24,21:53:57,+919197541012,+919648858310,VOICE,15,404274366914763,357528726238863,UttarPradesh_BTS_009,404-45-378-289,Uttar Pradesh
CDR202600051880,2025-11-19,02:44:09,+919572350182,+919151987061,SMS,0,404474316403000,352991293698275,TamilNadu_BTS_006,404-45-367-210,Tamil Nadu
CDR202600051884,2025-02-23,14:42:45,+918388880450,+917443631579,VOICE,330,404838563817154,355060584999126,UttarPradesh_BTS_004,404-45-170-901,Uttar Pradesh
CDR202600051919,2025-07-19,14:03:23,+917033743556,+916306053410,VOICE,199,404552918981175,351328981460831,UttarPradesh_BTS_006,404-45-108-684,Uttar Pradesh
CDR202600051926,2025-07-23,06:14:09,+919299416869,+919947355979,VOICE,115,404878786682482,353564232251678,Maharashtra_BTS_007,404-45-473-167,Maharashtra
CDR202600051928,2025-05-28,20:36:01,+917876427272,+916873513005,VOICE,20,404126745664155,355367985456922,Mumbai_BTS_009,404-45-162-413,Mumbai
CDR202600051931,2025-03-01,22:48:57,+916839947164,+916051757011,VOICE,74,404173569510601,352155160448011,WestBengal_BTS_005,404-45-901-954,West Bengal
CDR202600051939,2025-02-28,13:46:02,+919395517234,+916812910123,VOICE,123,404521515300007,350460078749309,Mumbai_BTS_005,404-45-626-244,Mumbai
CDR202600051944,2025-10-03,12:02:51,+917521892055,+918871167031,VOICE,91,404537003246926,351091949746668,Karnataka_BTS_005,404-45-102-400,Karnataka
CDR202600051971,2025-05-20,17:02:02,+916859750986,+918114017743,VOICE,192,404346835926450,352298500177183,WestBengal_BTS_007,404-45-491-894,West Bengal
CDR202600051992,2025-04-14,10:28:02,+917590663736,+919452162147,VOICE,480,404648222988446,350653832684809,UttarPradesh_BTS_010,404-45-370-518,Uttar Pradesh
CDR202600052001,2025-06-21,02:07:19,+919541078632,+916401287273,VOICE,134,404187617504206,356941933406067,Rajasthan_BTS_019,404-45-951-827,Rajasthan
CDR202600052008,2025-02-03,03:30:23,+919983414411,+918991184310,VOICE,9,404222612542643,356711333265547,Mumbai_BTS_011,404-45-287-286,Mumbai
CDR202600052010,2025-01-10,17:25:46,+919997167655,+916078436731,VOICE,28,404251738380078,359109840656014,Delhi_BTS_002,404-45-878-546,Delhi
CDR202600052019,2025-03-12,05:59:31,+918686483115,+917421862969,VOICE,126,404270719334809,356000727053098,Maharashtra_BTS_006,404-45-489-285,Maharashtra
CDR202600052026,2025-07-22,19:23:18,+916314217495,+918358711693,VOICE,348,404749443894128,351177118529716,Mumbai_BTS_003,404-45-334-070,Mumbai
CDR202600052049,2025-11-03,07:08:18,+919429605845,+916874810764,SMS,0,404012631446390,355358689978302,Rajasthan_BTS_002,404-45-334-842,Rajasthan
CDR202600052060,2025-08-05,06:47:42,+918424242987,+916564902284,VOICE,59,404311771908883,354351287813652,Rajasthan_BTS_009,404-45-911-697,Rajasthan
CDR202600052065,2025-02-04,16:54:51,+917031578057,+918700671092,SMS,0,404267836875268,351743383459115,Rajasthan_BTS_019,404-45-119-115,Rajasthan
CDR202600052066,2025-02-06,03:41:57,+918256587235,+918469282041,VOICE,132,404759884792979,356567463047881,Rajasthan_BTS_019,404-45-951-827,Rajasthan
CDR202600052068,2025-11-13,11:19:28,+917885171272,+917356404102,VOICE,41,404250955064612,350308628096569,Rajasthan_BTS_006,404-45-862-575,Rajasthan
CDR202600052082,2025-11-23,07:13:51,+916077085092,+917001870786,VOICE,224,404958185477258,359698119672249,WestBengal_BTS_002,404-45-315-699,West Bengal
CDR202600052091,2025-08-11,06:46:13,+916254643881,+916078436731,VOICE,49,404028839137749,353930157465023,Rajasthan_BTS_010,404-45-494-391,Rajasthan
CDR202600052103,2025-11-13,02:28:50,+918179229014,+917423498695,VOICE,133,404426577272797,353309923582225,TamilNadu_BTS_006,404-45-678-536,Tamil Nadu
CDR202600052108,2025-01-20,17:15:43,+917861070842,+918559717719,VOICE,434,404678079569957,351395760050354,UttarPradesh_BTS_012,404-45-441-790,Uttar Pradesh
CDR202600052118,2025-06-27,07:28:53,+917395020529,+918906932831,VOICE,63,404086750688615,359007523201735,Rajasthan_BTS_011,404-45-796-739,Rajasthan
CDR202600052120,2025-09-11,15:00:30,+917654232184,+919860882785,VOICE,87,404850782025279,359043332001581,Maharashtra_BTS_002,404-45-967-353,Maharashtra
CDR202600052126,2025-11-26,07:49:52,+919104389859,+919228202848,VOICE,411,404712438164218,351137272903805,UttarPradesh_BTS_001,404-45-371-406,Uttar Pradesh
CDR202600052131,2025-04-09,08:16:09,+916086029184,+918159558655,VOICE,26,404263233797374,351137389227431,Delhi_BTS_004,404-45-847-707,Delhi
CDR202600052152,2025-08-05,15:37:32,+917261061155,+919014644691,VOICE,86,404579193279479,355081986743316,Delhi_BTS_003,404-45-993-622,Delhi
CDR202600052170,2025-11-17,01:48:24,+916587472075,+918022471766,VOICE,213,404390161342923,354909491050010,TamilNadu_BTS_002,404-45-620-083,Tamil Nadu
CDR202600052187,2025-09-10,19:10:42,+917214770570,+916866588584,SMS,0,404257708377839,358235308200033,Gujarat_BTS_007,404-45-325-460,Gujarat
CDR202600052196,2025-04-06,23:14:01,+918805603372,+918804220102,VOICE,29,404868413589784,350103281859569,Gujarat_BTS_007,404-45-325-460,Gujarat
CDR202600052219,2025-06-22,10:22:28,+917683462272,+917325887230,VOICE,240,404826777353589,354159815824189,Mumbai_BTS_011,404-45-243-433,Mumbai
CDR202600052224,2025-11-24,10:15:10,+916762480165,+916587472075,SMS,0,404513250561090,356965032387612,Maharashtra_BTS_003,404-45-649-128,Maharashtra
CDR202600052240,2025-11-06,14:08:05,+917844910023,+917967577356,VOICE,343,404055369258088,357833918731578,Delhi_BTS_002,404-45-884-129,Delhi
CDR202600052251,2025-11-04,05:57:41,+917970169332,+918010439327,VOICE,164,404164984931394,359981012273854,Gujarat_BTS_007,404-45-325-460,Gujarat
CDR202600052255,2025-12-17,02:50:46,+919784562292,+917569488832,VOICE,42,404208383513020,355791348337095,Gujarat_BTS_002,404-45-328-143,Gujarat
CDR202600052285,2025-12-11,18:42:37,+919794710900,+919987020808,VOICE,17,404789904338926,350635142537543,Mumbai_BTS_011,404-45-573-256,Mumbai
CDR202600052303,2025-10-20,22:59:35,+916256642926,+917572330871,MISSED,0,404652036526713,351895377926477,Delhi_BTS_001,404-45-999-581,Delhi
CDR202600052345,2025-07-03,13:07:51,+917525859950,+919182023723,VOICE,90,404435701007261,353205244452659,TamilNadu_BTS_003,404-45-169-692,Tamil Nadu
CDR202600052363,2025-11-12,18:48:25,+917490292707,+917754316156,VOICE,74,404467706002278,353487903090412,Delhi_BTS_003,404-45-993-622,Delhi
CDR202600052369,2025-09-06,04:07:26,+918841418832,+917151832568,VOICE,19,404842201362069,351592784280347,Rajasthan_BTS_007,404-45-241-522,Rajasthan
CDR202600052405,2025-12-09,00:31:31,+917269251795,+918688240084,MISSED,0,404365859534462,358463110204411,UttarPradesh_BTS_012,404-45-145-004,Uttar Pradesh
CDR202600052418,2025-07-01,08:32:36,+918873476503,+916487189258,VOICE,129,404845214192969,356175642347742,UttarPradesh_BTS_011,404-45-966-053,Uttar Pradesh
CDR202600052424,2025-05-18,01:58:04,+918793879665,+919289864573,MISSED,0,404384638675569,356774121962578,Maharashtra_BTS_009,404-45-350-168,Maharashtra
CDR202600052426,2025-08-02,07:39:22,+917787587308,+919905756347,VOICE,205,404082009450297,351721474068851,Delhi_BTS_002,404-45-231-676,Delhi
CDR202600052427,2025-01-30,13:05:02,+918604494944,+919612642208,VOICE,120,404246539314535,350533092006098,Rajasthan_BTS_007,404-45-697-409,Rajasthan
CDR202600052431,2025-07-20,09:01:25,+917443590444,+919253446305,VOICE,33,404232850129230,355497528430951,Gujarat_BTS_003,404-45-704-433,Gujarat
CDR202600052442,2025-10-19,23:41:38,+916689624081,+918118270672,VOICE,163,404493492847406,359812690661496,UttarPradesh_BTS_010,404-45-370-518,Uttar Pradesh
CDR202600052448,2025-07-07,01:29:09,+916839947164,+916356003739,SMS,0,404173569510601,352155160448011,WestBengal_BTS_005,404-45-785-885,West Bengal
CDR202600052456,2025-03-26,23:04:36,+919582303603,+919659237683,VOICE,5,404095304289346,352532099606852,Maharashtra_BTS_005,404-45-181-876,Maharashtra
CDR202600052462,2025-01-21,13:15:32,+916184017279,+916711836443,VOICE,7,404426518461531,355422694349449,Rajasthan_BTS_006,404-45-651-270,Rajasthan
CDR202600052464,2025-09-17,03:59:39,+918841644330,+919501330235,SMS,0,404237671546095,350543520084285,Rajasthan_BTS_019,404-45-471-900,Rajasthan
CDR202600052470,2025-06-15,22:52:23,+916625071606,+919777916952,VOICE,75,404445459938728,357257330347182,Karnataka_BTS_001,404-45-767-554,Karnataka
CDR202600052477,2025-09-19,17:44:36,+916872734446,+919505939409,VOICE,53,404038161572078,354796741635072,WestBengal_BTS_008,404-45-979-482,West Bengal
CDR202600052479,2025-09-21,07:08:19,+917525859950,+916846943785,SMS,0,404435701007261,353205244452659,Gujarat_BTS_008,404-45-814-433,Gujarat
CDR202600052480,2025-10-06,23:15:54,+917878034982,+919810694473,VOICE,44,404094855532502,357005154671108,WestBengal_BTS_008,404-45-979-482,West Bengal
CDR202600052531,2025-04-22,03:05:49,+917995290724,+918622131877,VOICE,179,404505214624609,350559534692073,Delhi_BTS_002,404-45-935-071,Delhi
CDR202600052535,2025-09-23,02:30:27,+917211794556,+917418009970,VOICE,22,404238864942417,358752122174704,TamilNadu_BTS_003,404-45-170-610,Tamil Nadu
CDR202600052555,2025-05-28,17:43:42,+917339269344,+917077627316,VOICE,184,404091036878299,357220169896607,Maharashtra_BTS_009,404-45-350-168,Maharashtra
CDR202600052577,2025-02-27,14:00:53,+919037639763,+916269160160,SMS,0,404339656736276,354167877599731,TamilNadu_BTS_004,404-45-513-123,Tamil Nadu
CDR202600052586,2025-03-30,18:51:00,+919716455220,+918389560765,VOICE,66,404689099500024,356057875674012,Gujarat_BTS_007,404-45-703-285,Gujarat
CDR202600052611,2025-12-02,21:57:25,+918571323060,+918220754764,SMS,0,404910222927166,354668153494038,Delhi_BTS_003,404-45-533-988,Delhi
CDR202600052619,2025-04-09,09:44:53,+919306851509,+918901293839,VOICE,82,404449545093455,358431341544218,Karnataka_BTS_003,404-45-597-493,Karnataka
CDR202600052620,2025-11-21,18:31:18,+919204124085,+919012405383,VOICE,268,404446084536220,354704102314609,WestBengal_BTS_002,404-45-315-699,West Bengal
CDR202600052643,2025-03-14,11:35:28,+919983610904,+916351363179,VOICE,231,404643006039509,359501588004399,Maharashtra_BTS_008,404-45-799-664,Maharashtra
CDR202600052648,2025-08-24,12:07:25,+916410834554,+919247226702,VOICE,162,404617725352254,354183895931955,Rajasthan_BTS_017,404-45-652-977,Rajasthan
CDR202600052655,2025-01-31,01:58:00,+919281751844,+919118491591,VOICE,103,404043958219375,351870197548711,Rajasthan_BTS_019,404-45-951-827,Rajasthan
CDR202600052657,2025-03-01,14:19:53,+919934858141,+917300871363,SMS,0,404088204175195,355512973942054,Karnataka_BTS_006,404-45-813-981,Karnataka
CDR202600052665,2025-12-23,16:22:36,+916536374148,+919235114971,VOICE,267,404445764359746,352903063807965,WestBengal_BTS_003,404-45-342-886,West Bengal
CDR202600052683,2025-09-13,13:02:01,+919744518075,+916516598176,SMS,0,404598414279618,359032620725727,Gujarat_BTS_005,404-45-338-518,Gujarat
CDR202600052687,2025-12-20,20:31:16,+917993623711,+916544958049,MISSED,0,404725393361986,352904659618924,Maharashtra_BTS_003,404-45-665-301,Maharashtra
CDR202600052717,2025-08-13,11:09:31,+916674498908,+919118510653,VOICE,68,404515895787382,358374812164551,WestBengal_BTS_009,404-45-571-359,West Bengal
CDR202600052719,2025-07-21,04:26:42,+918925576847,+919915788610,VOICE,112,404448657573107,359089959545425,Delhi_BTS_005,404-45-508-688,Delhi
CDR202600052725,2025-07-02,11:30:33,+916701586456,+918594740023,VOICE,30,404619627034911,358274022342041,Gujarat_BTS_007,404-45-928-891,Gujarat
CDR202600052732,2025-12-15,14:13:25,+918622131877,+919082953464,VOICE,223,404664841132803,351512264570871,WestBengal_BTS_003,404-45-342-886,West Bengal
CDR202600052736,2025-12-15,09:38:22,+918319343894,+916243340467,VOICE,79,404503523316982,351433207843933,Rajasthan_BTS_008,404-45-981-113,Rajasthan
CDR202600052747,2025-01-19,14:34:43,+919537489576,+919507571068,VOICE,20,404585181239789,351133176376851,Rajasthan_BTS_019,404-45-119-115,Rajasthan
CDR202600052783,2025-02-28,16:17:18,+919812078485,+917256006787,VOICE,70,404741074698098,355126257269701,Rajasthan_BTS_015,404-45-208-892,Rajasthan
CDR202600052843,2025-12-18,09:21:24,+919289898629,+918084588830,SMS,0,404443033575685,354380268050677,Maharashtra_BTS_003,404-45-649-128,Maharashtra
CDR202600052854,2025-02-05,22:22:30,+919709043576,+918312719539,VOICE,40,404231226338884,356171851984423,Karnataka_BTS_006,404-45-813-981,Karnataka
CDR202600052939,2025-02-08,13:49:09,+917294851749,+916714343605,VOICE,266,404845438233639,358795479405989,WestBengal_BTS_005,404-45-521-822,West Bengal
CDR202600052946,2025-02-04,10:55:24,+919288072196,+917333361499,VOICE,16,404759073062173,355220255701730,UttarPradesh_BTS_012,404-45-441-790,Uttar Pradesh
CDR202600052949,2025-03-23,17:54:41,+916689624081,+916348016574,VOICE,129,404493492847406,359812690661496,WestBengal_BTS_001,404-45-981-041,West Bengal
CDR202600052956,2025-11-18,00:15:36,+917645135220,+917761792416,VOICE,279,404082256199867,356297883950314,Rajasthan_BTS_005,404-45-771-512,Rajasthan
CDR202600052967,2025-09-12,06:55:22,+919550208458,+918875923622,VOICE,330,404717087797012,358344003086993,Delhi_BTS_003,404-45-662-170,Delhi
CDR202600053000,2025-02-23,22:01:15,+917884243185,+916060422207,SMS,0,404803509588638,354264056838840,WestBengal_BTS_005,404-45-785-885,West Bengal
CDR202600053016,2025-03-11,16:51:45,+917044675054,+918185194936,SMS,0,404660950417297,356659435159990,UttarPradesh_BTS_013,404-45-552-565,Uttar Pradesh
CDR202600053018,2025-10-16,17:58:26,+919349124692,+919055082680,VOICE,33,404929195916365,357142952978753,Karnataka_BTS_007,404-45-294-304,Karnataka
CDR202600053025,2025-07-12,12:09:37,+919251407196,+919806298643,VOICE,33,404080962022018,351035090039455,UttarPradesh_BTS_006,404-45-769-542,Uttar Pradesh
CDR202600053026,2025-01-09,12:33:54,+918247714890,+919850446285,MISSED,0,404642660988997,359806638166932,WestBengal_BTS_003,404-45-258-948,West Bengal
CDR202600053027,2025-02-07,10:07:53,+916137132432,+916015450890,VOICE,161,404934765024417,353773880254739,Mumbai_BTS_003,404-45-334-070,Mumbai
CDR202600053037,2025-03-18,20:40:20,+917641309711,+919661770229,VOICE,47,404312870409485,353018319589196,UttarPradesh_BTS_009,404-45-719-216,Uttar Pradesh
CDR202600053041,2025-02-16,04:52:14,+918747743249,+916438482536,VOICE,47,404202974835903,353813139121528,UttarPradesh_BTS_005,404-45-478-292,Uttar Pradesh
CDR202600053060,2025-04-29,03:43:42,+918513829615,+916968274761,VOICE,86,404363714909452,356796833929709,Maharashtra_BTS_004,404-45-691-197,Maharashtra
CDR202600053063,2025-12-12,20:49:30,+918119692879,+919950618730,VOICE,11,404288486791341,359211967477739,WestBengal_BTS_002,404-45-355-683,West Bengal
CDR202600053066,2025-04-06,01:06:57,+918841644330,+918991184310,VOICE,27,404237671546095,350543520084285,Rajasthan_BTS_016,404-45-619-624,Rajasthan
CDR202600053083,2025-02-13,04:26:37,+916822634908,+917497358297,VOICE,170,404058289864291,359928195250313,Gujarat_BTS_008,404-45-448-285,Gujarat
CDR202600053101,2025-02-11,12:36:20,+917697700960,+919561046066,VOICE,18,404242934106013,359152263158207,TamilNadu_BTS_003,404-45-170-610,Tamil Nadu
CDR202600053105,2025-10-08,11:26:25,+918991184310,+918403326267,VOICE,58,404806277564089,357517691970651,Delhi_BTS_003,404-45-371-541,Delhi
CDR202600053106,2025-06-18,10:19:13,+916392963980,+917489362264,VOICE,78,404845743811667,352600237407639,UttarPradesh_BTS_006,404-45-726-827,Uttar Pradesh
CDR202600053109,2025-10-11,04:14:34,+916901719348,+918489997328,VOICE,255,404638986348965,350375540312976,Maharashtra_BTS_004,404-45-691-197,Maharashtra
CDR202600053116,2025-07-28,05:25:11,+918571323060,+918155028248,VOICE,8,404910222927166,354668153494038,Gujarat_BTS_005,404-45-338-518,Gujarat
CDR202600053118,2025-03-23,19:44:38,+919417393331,+919682158388,VOICE,22,404378825292052,351340013763758,Maharashtra_BTS_003,404-45-949-644,Maharashtra
CDR202600053125,2025-11-15,14:05:33,+917426303686,+919543289248,SMS,0,404579677283607,358354388807441,TamilNadu_BTS_006,404-45-423-958,Tamil Nadu
CDR202600053127,2025-08-20,03:36:45,+918774258277,+919552996514,VOICE,159,404572337873530,356074951482286,Rajasthan_BTS_013,404-45-887-657,Rajasthan
CDR202600053128,2025-08-10,12:29:42,+919141257788,+919839346283,VOICE,12,404696803941980,350071394564876,Rajasthan_BTS_018,404-45-713-332,Rajasthan
CDR202600053152,2025-08-12,05:42:27,+918761808684,+918135846666,SMS,0,404248605946186,356406833689736,UttarPradesh_BTS_010,404-45-308-704,Uttar Pradesh
CDR202600053180,2025-09-30,12:11:33,+918492164668,+916844915057,VOICE,82,404921696582392,350548039413723,Maharashtra_BTS_009,404-45-350-168,Maharashtra
CDR202600053185,2025-01-25,10:09:47,+917675123538,+916762480165,VOICE,104,404776171883652,358807747376316,Maharashtra_BTS_007,404-45-750-855,Maharashtra
CDR202600053190,2025-04-18,15:36:47,+919075134497,+917221851476,SMS,0,404766282518889,355237367576999,Rajasthan_BTS_006,404-45-862-575,Rajasthan
CDR202600053191,2025-12-24,07:43:59,+916182088860,+917966897143,VOICE,173,404392068612533,351579739264515,TamilNadu_BTS_001,404-45-158-052,Tamil Nadu
CDR202600053199,2025-03-01,09:18:23,+916306053410,+919699989559,SMS,0,404518670939366,350739963840208,Delhi_BTS_005,404-45-830-320,Delhi
CDR202600053245,2025-06-09,23:56:41,+918062603613,+918013146338,VOICE,20,404742043806599,357837508623168,Karnataka_BTS_008,404-45-693-754,Karnataka
CDR202600053259,2025-01-24,07:44:02,+919316737376,+917779511488,VOICE,218,404029477845975,353027003969706,Karnataka_BTS_001,404-45-767-554,Karnataka
CDR202600053278,2025-02-28,06:51:34,+917663263059,+917532002597,SMS,0,404831033471550,355937757111546,UttarPradesh_BTS_012,404-45-233-653,Uttar Pradesh
CDR202600053288,2025-04-13,04:51:25,+918678772827,+917737096590,VOICE,66,404059164513760,352940197605228,Delhi_BTS_001,404-45-999-581,Delhi
CDR202600053303,2025-09-20,10:08:41,+918240892208,+918575336363,VOICE,44,404724327313433,355257238062875,Karnataka_BTS_004,404-45-985-411,Karnataka
CDR202600053304,2025-08-16,08:56:17,+916839947164,+918729346255,VOICE,145,404173569510601,359847711038452,Gujarat_BTS_005,404-45-338-518,Gujarat
CDR202600053305,2025-08-08,09:16:08,+917017625630,+916256642926,SMS,0,404833694031235,358182822156302,Maharashtra_BTS_003,404-45-949-644,Maharashtra
CDR202600053333,2025-12-14,06:18:37,+919821680119,+918310372935,VOICE,55,404638317282142,350943888717092,Rajasthan_BTS_016,404-45-961-655,Rajasthan
CDR202600053343,2025-04-16,03:35:35,+919067451230,+918341406865,VOICE,172,404250588923133,351958332645405,Rajasthan_BTS_008,404-45-981-113,Rajasthan
CDR202600053368,2025-03-02,22:22:06,+916639964319,+918003990044,VOICE,12,404219005183327,354943426041805,Maharashtra_BTS_003,404-45-949-644,Maharashtra
CDR202600053381,2025-05-20,21:12:58,+919484302634,+917012595778,VOICE,252,404472287228034,359214823904679,Rajasthan_BTS_012,404-45-798-907,Rajasthan
CDR202600053400,2025-07-12,23:27:08,+918978860352,+916044245685,MISSED,0,404598035071597,358703493299422,Maharashtra_BTS_001,404-45-204-095,Maharashtra
CDR202600053413,2025-07-16,12:25:09,+916269160160,+919233492867,SMS,0,404900867040106,358487626549601,Rajasthan_BTS_001,404-45-376-948,Rajasthan
CDR202600053428,2025-11-03,05:14:48,+918148392067,+917991463057,VOICE,169,404365605897071,351260703341614,WestBengal_BTS_003,404-45-735-768,West Bengal
CDR202600053431,2025-06-14,13:15:24,+919521875296,+917647213634,VOICE,171,404831359029222,351411476110104,UttarPradesh_BTS_006,404-45-108-684,Uttar Pradesh
CDR202600053438,2025-06-13,13:16:11,+916712471724,+917803705180,MISSED,0,404502245481078,358326538885128,Karnataka_BTS_003,404-45-597-493,Karnataka
CDR202600053439,2025-07-15,16:51:33,+917758745164,+919671899518,MISSED,0,404255028270913,358428887273783,Delhi_BTS_004,404-45-847-707,Delhi
CDR202600053445,2025-03-13,08:45:00,+919079754315,+918124473134,VOICE,136,404544782930342,359680891555402,Karnataka_BTS_006,404-45-835-499,Karnataka
CDR202600053451,2025-12-22,03:12:20,+916456831572,+919214351370,VOICE,265,404544075460062,350422092380944,UttarPradesh_BTS_015,404-45-658-037,Uttar Pradesh
CDR202600053457,2025-04-28,11:03:09,+918240090833,+918437389534,MISSED,0,404476381273289,352290615856751,Rajasthan_BTS_010,404-45-710-066,Rajasthan
CDR202600053461,2025-06-29,18:06:59,+917956864202,+917487113707,SMS,0,404617063995967,357820134159756,Rajasthan_BTS_017,404-45-897-945,Rajasthan
CDR202600053465,2025-12-21,08:57:19,+919685948210,+916712471724,VOICE,66,404969546620187,355494841110764,UttarPradesh_BTS_011,404-45-357-928,Uttar Pradesh
CDR202600053490,2025-06-17,23:17:58,+917713857860,+916391469193,SMS,0,404321700362173,355266258630970,UttarPradesh_BTS_015,404-45-954-379,Uttar Pradesh
CDR202600053500,2025-06-24,06:31:45,+917178752596,+918422496876,VOICE,89,404684446861815,350614366865501,WestBengal_BTS_009,404-45-571-359,West Bengal
CDR202600053515,2025-01-20,20:43:50,+917686460305,+917790056636,VOICE,66,404850148023092,356635398358522,Maharashtra_BTS_002,404-45-718-271,Maharashtra
CDR202600053532,2025-01-12,19:35:23,+917418992908,+917994924479,VOICE,16,404898511297569,355242957187276,Rajasthan_BTS_007,404-45-470-225,Rajasthan
CDR202600053534,2025-06-27,07:33:50,+918796362847,+918931778220,VOICE,258,404014368922066,350045879613190,Maharashtra_BTS_003,404-45-949-644,Maharashtra
CDR202600053542,2025-03-01,03:05:01,+917919878461,+916063966410,VOICE,127,404310345896481,354431449184671,Delhi_BTS_003,404-45-533-988,Delhi
CDR202600053558,2025-04-12,21:18:05,+919465637402,+918038021334,VOICE,179,404274942441739,359832395242254,Delhi_BTS_005,404-45-508-688,Delhi
CDR202600053559,2025-03-28,14:22:17,+919030219049,+917758214936,VOICE,52,404338250473223,351162088177423,Karnataka_BTS_003,404-45-270-417,Karnataka
CDR202600053562,2025-07-02,20:51:41,+917423498695,+919974242583,VOICE,8,404281860357323,353946813416311,TamilNadu_BTS_003,404-45-169-692,Tamil Nadu
CDR202600053564,2025-04-17,23:17:43,+918347908058,+917888161534,SMS,0,404056812577749,355948136497745,Rajasthan_BTS_007,404-45-697-409,Rajasthan
CDR202600053596,2025-10-25,16:44:04,+916202477619,+919186803078,SMS,0,404733998834339,355292252053953,TamilNadu_BTS_006,404-45-678-536,Tamil Nadu
CDR202600053648,2025-09-25,22:55:24,+916761030215,+916774681896,VOICE,243,404556693733285,358682600757233,Rajasthan_BTS_005,404-45-771-512,Rajasthan
CDR202600053683,2025-11-17,16:46:28,+918916432132,+917274550287,VOICE,106,404285967178160,357746440259043,Maharashtra_BTS_005,404-45-181-876,Maharashtra
CDR202600053684,2025-03-26,16:14:33,+916397337096,+919572350182,VOICE,38,404627648831363,356494198994747,Mumbai_BTS_011,404-45-573-256,Mumbai
CDR202600053742,2025-08-21,23:40:30,+919172246378,+918186879810,VOICE,200,404184695961521,357820273972857,Rajasthan_BTS_015,404-45-282-520,Rajasthan
CDR202600053758,2025-02-08,11:25:31,+916148259773,+919137387375,VOICE,90,404551915195410,350290820241325,Mumbai_BTS_006,404-45-319-553,Mumbai
CDR202600053768,2025-07-19,19:36:05,+916115268967,+918278086239,VOICE,57,404237043603300,351933281868111,Rajasthan_BTS_004,404-45-835-323,Rajasthan
CDR202600053775,2025-05-06,23:49:20,+919947355979,+918810760694,VOICE,61,404337269587496,352607597038756,UttarPradesh_BTS_010,404-45-370-518,Uttar Pradesh
CDR202600053776,2025-10-24,06:07:25,+919769437321,+918670643935,VOICE,94,404158295529658,355132436741082,Rajasthan_BTS_013,404-45-887-657,Rajasthan
CDR202600053778,2025-08-28,16:06:12,+917772834463,+918373340094,VOICE,51,404124559937346,351172698074941,Rajasthan_BTS_002,404-45-334-842,Rajasthan
CDR202600053789,2025-11-08,04:48:43,+916064673960,+919683122388,VOICE,21,404896411826977,352884235650998,Mumbai_BTS_011,404-45-573-256,Mumbai
CDR202600053796,2025-05-18,07:29:36,+919842762982,+916910071557,VOICE,26,404650785616021,359645284630289,Rajasthan_BTS_013,404-45-400-446,Rajasthan
CDR202600053801,2025-03-24,08:34:32,+917686460305,+918966388942,VOICE,182,404850148023092,356635398358522,UttarPradesh_BTS_001,404-45-234-688,Uttar Pradesh
CDR202600053802,2025-08-16,20:30:08,+918600215948,+918502488426,VOICE,52,404101512163819,357065205782851,Delhi_BTS_006,404-45-629-463,Delhi
CDR202600053808,2025-04-23,23:51:33,+917396045657,+917418323594,VOICE,757,404750512987358,351713392452658,UttarPradesh_BTS_004,404-45-457-903,Uttar Pradesh
CDR202600053817,2025-05-28,19:09:02,+919746757357,+917691970519,SMS,0,404672014622758,356752355414104,UttarPradesh_BTS_015,404-45-658-037,Uttar Pradesh
CDR202600053842,2025-11-19,22:23:18,+917765576136,+916082929566,VOICE,97,404014677121137,359412506043418,Rajasthan_BTS_009,404-45-911-697,Rajasthan
CDR202600053884,2025-05-04,04:59:28,+919686242865,+919941312741,VOICE,111,404587512644392,358106725613538,Mumbai_BTS_006,404-45-785-498,Mumbai
CDR202600053894,2025-11-17,19:00:57,+918740949736,+918361543317,SMS,0,404765169371607,354698302143824,WestBengal_BTS_008,404-45-979-482,West Bengal
CDR202600053917,2025-03-07,01:55:55,+917316349715,+917526964242,VOICE,9,404980665576768,350320448835616,Mumbai_BTS_008,404-45-984-747,Mumbai
CDR202600053922,2025-09-14,22:33:36,+918581364351,+916189555716,VOICE,128,404557053987974,357144999971427,Delhi_BTS_003,404-45-662-170,Delhi
CDR202600053935,2025-10-29,15:22:32,+918319568494,+917185827271,SMS,0,404175516463786,357104119099167,Rajasthan_BTS_014,404-45-839-897,Rajasthan
CDR202600053942,2025-09-07,04:07:44,+917652064797,+917602144049,VOICE,111,404776264810730,355414733821203,UttarPradesh_BTS_007,404-45-779-107,Uttar Pradesh
CDR202600053961,2025-10-25,18:15:39,+918581364351,+917757582173,VOICE,124,404557053987974,357144999971427,Maharashtra_BTS_007,404-45-473-167,Maharashtra
CDR202600053979,2025-04-30,03:49:29,+918555623598,+916402734910,SMS,0,404795084491917,354962012200901,TamilNadu_BTS_006,404-45-773-598,Tamil Nadu
CDR202600054004,2025-12-16,01:02:00,+917294851749,+919900043485,VOICE,23,404845438233639,358795479405989,UttarPradesh_BTS_011,404-45-966-053,Uttar Pradesh
CDR202600054042,2025-07-14,08:42:42,+919143666828,+919037586034,VOICE,8,404788257954230,350532528505546,UttarPradesh_BTS_005,404-45-478-292,Uttar Pradesh
CDR202600054047,2025-01-25,14:41:19,+918579835476,+918657457539,VOICE,246,404255406589881,352951365294377,Mumbai_BTS_010,404-45-211-255,Mumbai
CDR202600054052,2025-11-19,13:32:53,+919574702596,+919396508569,VOICE,30,404187208777757,355501828693978,Karnataka_BTS_001,404-45-767-554,Karnataka
CDR202600054063,2025-12-02,12:43:55,+918554513007,+918432038594,VOICE,61,404147780160389,357460000829010,Delhi_BTS_004,404-45-652-774,Delhi
CDR202600054066,2025-12-25,03:39:23,+918962428972,+918400893265,VOICE,148,404521356712795,359342105598548,Rajasthan_BTS_017,404-45-897-945,Rajasthan
CDR202600054081,2025-02-20,18:11:07,+916498031898,+919679965914,VOICE,34,404038777769437,359402526627565,Rajasthan_BTS_019,404-45-119-115,Rajasthan
CDR202600054128,2025-03-07,06:24:41,+919157405160,+916019571525,VOICE,33,404619196894357,351772658047875,WestBengal_BTS_003,404-45-735-768,West Bengal
CDR202600054166,2025-06-27,02:41:03,+919413021386,+916592860335,VOICE,111,404772133050301,357730421798981,WestBengal_BTS_008,404-45-979-482,West Bengal
CDR202600054178,2025-11-06,10:38:37,+917845041877,+917691970519,VOICE,283,404277411697600,352631849351949,WestBengal_BTS_001,404-45-981-041,West Bengal
CDR202600054181,2025-10-03,05:59:27,+916034102808,+917488910754,SMS,0,404574873443164,356831963254465,UttarPradesh_BTS_005,404-45-478-292,Uttar Pradesh
CDR202600054205,2025-02-28,13:45:49,+919595906001,+919282430009,VOICE,72,404421389569050,355773905276822,Rajasthan_BTS_019,404-45-951-827,Rajasthan
CDR202600054208,2025-06-26,19:02:57,+916860813417,+917278712227,VOICE,265,404362201436615,358913776236344,Karnataka_BTS_003,404-45-270-417,Karnataka
CDR202600054219,2025-08-25,16:00:56,+916279918988,+917375530261,VOICE,102,404935335073521,350021929986007,UttarPradesh_BTS_015,404-45-954-379,Uttar Pradesh
CDR202600054234,2025-06-11,05:15:15,+919083834177,+918115991701,VOICE,8,404592093640428,355586761871825,Rajasthan_BTS_006,404-45-651-270,Rajasthan
CDR202600054237,2025-11-25,22:11:04,+919164081065,+919208150553,VOICE,52,404187218987005,352142356461322,TamilNadu_BTS_001,404-45-698-489,Tamil Nadu
CDR202600054242,2025-09-21,06:49:38,+919349549587,+917178752596,MISSED,0,404627956899665,354541625503637,Maharashtra_BTS_009,404-45-350-168,Maharashtra
CDR202600054246,2025-04-04,02:02:32,+917604046983,+919233102366,VOICE,390,404196228359635,354079857101770,Maharashtra_BTS_005,404-45-181-876,Maharashtra
CDR202600054255,2025-07-07,18:27:41,+919412691680,+919523870498,VOICE,7,404878026955266,350012652664033,Maharashtra_BTS_004,404-45-146-678,Maharashtra
CDR202600054262,2025-10-17,07:30:24,+916086664390,+919692768318,VOICE,362,404481740705039,355146552053489,UttarPradesh_BTS_007,404-45-779-107,Uttar Pradesh
CDR202600054273,2025-10-08,05:07:18,+918867586092,+919804616392,VOICE,17,404685285209768,358321304385327,UttarPradesh_BTS_010,404-45-370-518,Uttar Pradesh
CDR202600054330,2025-12-04,05:02:37,+919107154531,+917033743556,VOICE,82,404732684250485,359913860490525,WestBengal_BTS_002,404-45-205-363,West Bengal
CDR202600054345,2025-09-05,15:09:07,+918597220025,+916051333250,VOICE,54,404658137889712,350965813133135,UttarPradesh_BTS_013,404-45-822-438,Uttar Pradesh
CDR202600054347,2025-03-07,23:51:02,+918061627794,+919328815148,VOICE,19,404058251906376,358111260497667,Rajasthan_BTS_013,404-45-448-115,Rajasthan
CDR202600054369,2025-10-12,16:39:02,+918867586092,+919114332439,SMS,0,404685285209768,358321304385327,Rajasthan_BTS_007,404-45-697-409,Rajasthan
CDR202600054373,2025-03-23,21:41:21,+917307096294,+917361964508,VOICE,436,404347184208260,353671416237536,WestBengal_BTS_001,404-45-981-041,West Bengal
CDR202600054375,2025-05-31,22:21:25,+919089404735,+916995819189,VOICE,53,404725380945021,352853830037655,WestBengal_BTS_004,404-45-522-026,West Bengal
CDR202600054378,2025-03-30,09:07:09,+918141061487,+916415613537,VOICE,19,404893406644730,356576082796640,Rajasthan_BTS_017,404-45-652-977,Rajasthan
CDR202600054405,2025-01-03,07:47:17,+916789869480,+917370031846,VOICE,15,404183665280094,351983041583061,Gujarat_BTS_006,404-45-833-666,Gujarat
CDR202600054454,2025-08-15,16:29:58,+919198901236,+917693280362,VOICE,40,404592520918814,357805082155328,WestBengal_BTS_004,404-45-522-026,West Bengal
CDR202600054474,2025-12-10,13:42:45,+917338366993,+918765396450,VOICE,1,404037707802571,358727208549506,UttarPradesh_BTS_003,404-45-202-076,Uttar Pradesh
CDR202600054503,2025-03-16,12:33:31,+917667564958,+917830249257,SMS,0,404213937992862,353488319136712,Karnataka_BTS_005,404-45-371-949,Karnataka
CDR202600054519,2025-01-28,09:38:10,+918460018627,+917443590444,VOICE,21,404995881977428,359902986251929,Rajasthan_BTS_010,404-45-710-480,Rajasthan
CDR202600054557,2025-06-05,09:05:35,+917654232184,+918376125529,SMS,0,404850782025279,359043332001581,Rajasthan_BTS_006,404-45-246-272,Rajasthan
CDR202600054566,2025-01-19,15:26:36,+918496298991,+917403061355,VOICE,135,404087861474132,357644719391873,Mumbai_BTS_011,404-45-573-256,Mumbai
CDR202600054586,2025-11-15,22:19:29,+919770639850,+919463351743,VOICE,37,404722427802589,358906785618667,Rajasthan_BTS_012,404-45-798-907,Rajasthan
CDR202600054590,2025-04-29,20:56:51,+917100535704,+917223668590,SMS,0,404095570372828,357931987569016,UttarPradesh_BTS_013,404-45-265-760,Uttar Pradesh
CDR202600054595,2025-02-18,23:24:48,+917537891077,+919686240092,SMS,0,404714731371397,358775507928771,Rajasthan_BTS_006,404-45-242-253,Rajasthan
CDR202600054605,2025-06-11,16:28:05,+918645734403,+917123640419,MISSED,0,404439580353423,356466044411906,Rajasthan_BTS_010,404-45-494-391,Rajasthan
CDR202600054634,2025-12-28,13:46:28,+918917058490,+919826447006,VOICE,130,404548793872722,351091812420985,UttarPradesh_BTS_003,404-45-650-219,Uttar Pradesh
CDR202600054652,2025-09-02,05:35:16,+917576453127,+917540402784,VOICE,118,404443965141412,352718659343819,Maharashtra_BTS_002,404-45-967-353,Maharashtra
CDR202600054654,2025-11-28,07:44:50,+918806117659,+918289810877,VOICE,196,404616729746243,354013933929134,TamilNadu_BTS_003,404-45-169-692,Tamil Nadu
CDR202600054655,2025-06-12,09:42:28,+916661818948,+918642179054,VOICE,96,404328893621551,352390536422355,Rajasthan_BTS_015,404-45-208-892,Rajasthan
CDR202600054658,2025-11-28,04:02:25,+917938301001,+917754642980,VOICE,148,404301538028118,358279307492955,Rajasthan_BTS_004,404-45-835-323,Rajasthan
CDR202600054668,2025-08-12,03:08:03,+919396508569,+919291567732,VOICE,104,404310160200193,359923465696142,Rajasthan_BTS_006,404-45-651-270,Rajasthan
CDR202600054693,2025-09-26,18:14:35,+919503703249,+919075696634,VOICE,104,404721539015596,353301039384340,Rajasthan_BTS_015,404-45-612-781,Rajasthan
CDR202600054694,2025-01-19,08:50:47,+918535225459,+917632947740,VOICE,136,404897301158974,350409069241202,Maharashtra_BTS_006,404-45-987-104,Maharashtra
CDR202600054723,2025-11-27,03:03:11,+917882230869,+916048012150,VOICE,258,404792929126835,359055281178800,TamilNadu_BTS_004,404-45-683-253,Tamil Nadu
CDR202600054725,2025-08-18,13:51:11,+918059243421,+917221820048,SMS,0,404743402748830,352097215432433,Gujarat_BTS_005,404-45-716-028,Gujarat
CDR202600054743,2025-03-14,20:42:31,+918048480344,+919437661194,VOICE,100,404604302768463,357021229133539,Maharashtra_BTS_006,404-45-489-285,Maharashtra
CDR202600054747,2025-10-16,05:58:26,+918573923267,+918998441732,SMS,0,404909962289811,355184534326544,Maharashtra_BTS_007,404-45-750-855,Maharashtra
CDR202600054761,2025-10-11,17:58:06,+917242625647,+916002252699,VOICE,259,404293975370701,356772949234212,Maharashtra_BTS_007,404-45-750-855,Maharashtra
CDR202600054791,2025-10-21,03:35:26,+916737986034,+919748858304,VOICE,60,404242482287196,358637992322665,Karnataka_BTS_006,404-45-848-803,Karnataka
CDR202600054817,2025-10-25,13:30:15,+916084272030,+919461277812,VOICE,79,404868161963058,355084167088362,UttarPradesh_BTS_013,404-45-552-565,Uttar Pradesh
CDR202600054833,2025-12-27,16:01:02,+917005410135,+919470525787,VOICE,72,404725838285131,352375367426749,Rajasthan_BTS_008,404-45-981-113,Rajasthan
CDR202600054867,2025-03-09,02:22:16,+919534776848,+919092945663,VOICE,225,404040919485635,355720285440161,Rajasthan_BTS_005,404-45-505-906,Rajasthan
CDR202600054874,2025-07-15,23:25:22,+918917058490,+918386857947,MISSED,0,404548793872722,353425914817948,UttarPradesh_BTS_001,404-45-371-406,Uttar Pradesh
CDR202600054880,2025-08-20,17:16:25,+919280658452,+917216811919,MISSED,0,404507632605009,356817685018534,WestBengal_BTS_001,404-45-230-043,West Bengal
CDR202600054887,2025-11-11,21:28:54,+919104298820,+916915091394,VOICE,136,404538708689019,357693347735834,Rajasthan_BTS_009,404-45-911-697,Rajasthan
CDR202600054891,2025-09-15,03:16:24,+916980859291,+918181831169,SMS,0,404679429829830,355703879809928,UttarPradesh_BTS_003,404-45-618-272,Uttar Pradesh
CDR202600054899,2025-12-05,01:54:32,+918198918175,+917990704138,VOICE,16,404829822014488,356559572709452,Rajasthan_BTS_010,404-45-710-066,Rajasthan
CDR202600054917,2025-06-24,20:22:34,+918328382428,+917059408778,SMS,0,404315680743434,352574109676318,WestBengal_BTS_003,404-45-258-948,West Bengal
CDR202600054930,2025-05-21,02:09:35,+917565434556,+916254643881,VOICE,171,404587838372565,351419164014820,UttarPradesh_BTS_003,404-45-736-577,Uttar Pradesh
CDR202600054937,2025-03-21,11:33:13,+917906523487,+917957346207,SMS,0,404145885374503,356728569468744,Delhi_BTS_002,404-45-878-546,Delhi
CDR202600054964,2025-02-05,03:26:00,+916906737601,+918881441655,VOICE,27,404201906005823,350232402969707,Rajasthan_BTS_009,404-45-742-164,Rajasthan
CDR202600055006,2025-06-07,17:39:20,+917691970519,+918296284882,VOICE,167,404620246306490,353674936219790,UttarPradesh_BTS_010,404-45-370-518,Uttar Pradesh
CDR202600055032,2025-03-23,00:56:17,+917320050330,+919253446305,VOICE,28,404470464801705,350298350050339,UttarPradesh_BTS_014,404-45-214-078,Uttar Pradesh
CDR202600055034,2025-03-26,08:23:53,+917657748109,+916400529469,VOICE,107,404575299080475,352735799387679,Rajasthan_BTS_007,404-45-697-409,Rajasthan
CDR202600055049,2025-01-30,07:41:45,+918530608079,+917277748847,VOICE,97,404156651167354,351789955447053,WestBengal_BTS_003,404-45-266-820,West Bengal
CDR202600055104,2025-03-24,04:34:51,+917846640475,+918132420926,VOICE,135,404485319134243,353291279185524,Gujarat_BTS_002,404-45-328-143,Gujarat
CDR202600055125,2025-06-30,04:03:03,+919108209566,+919683965369,MISSED,0,404697465746682,357938942040812,Karnataka_BTS_003,404-45-597-493,Karnataka
CDR202600055130,2025-02-27,21:06:44,+916060422207,+917767520527,SMS,0,404392525980142,352278892868956,Rajasthan_BTS_007,404-45-241-522,Rajasthan
CDR202600055142,2025-04-03,01:45:35,+917881796471,+917143289283,VOICE,55,404164399349034,356455639145259,Maharashtra_BTS_001,404-45-881-345,Maharashtra
CDR202600055156,2025-06-08,00:32:53,+917000634345,+916978831456,SMS,0,404092812692147,358934322759272,Maharashtra_BTS_003,404-45-949-644,Maharashtra
CDR202600055167,2025-12-23,00:48:55,+917651067882,+916711652048,SMS,0,404396768371565,358999377769379,Gujarat_BTS_006,404-45-833-666,Gujarat
CDR202600055191,2025-05-19,16:42:04,+918947516711,+917611516778,VOICE,46,404273297261657,357743892196403,Rajasthan_BTS_010,404-45-710-480,Rajasthan
CDR202600055192,2025-03-11,12:57:31,+917228675938,+917016256207,VOICE,289,404440284116771,356185755968848,UttarPradesh_BTS_011,404-45-357-928,Uttar Pradesh
CDR202600055199,2025-01-13,07:03:52,+918072478648,+919955701755,VOICE,2,404376090400440,355029339287652,Mumbai_BTS_003,404-45-334-070,Mumbai
CDR202600055209,2025-02-03,14:36:53,+917304545626,+916560482207,MISSED,0,404789078770769,351128680552947,Rajasthan_BTS_015,404-45-208-892,Rajasthan
CDR202600055213,2025-03-07,16:48:13,+916812910123,+916282421649,VOICE,318,404386230778435,354514605780261,UttarPradesh_BTS_012,404-45-233-653,Uttar Pradesh
CDR202600055242,2025-08-05,21:06:02,+919769437321,+918335163952,VOICE,114,404158295529658,355132436741082,Gujarat_BTS_007,404-45-325-460,Gujarat
CDR202600055248,2025-08-31,02:29:42,+917735663088,+919062637547,SMS,0,404673012042227,358202178399291,Karnataka_BTS_005,404-45-371-949,Karnataka
CDR202600055251,2025-03-07,12:06:43,+919441396016,+917397289074,VOICE,259,404039964898085,355114973608338,UttarPradesh_BTS_007,404-45-370-119,Uttar Pradesh
CDR202600055268,2025-07-11,19:51:09,+917139435997,+918101927440,VOICE,145,404775867779992,353641324305350,Rajasthan_BTS_010,404-45-494-391,Rajasthan
CDR202600055269,2025-11-03,08:18:07,+919451570393,+917926912225,VOICE,148,404431585257385,356803978871410,Karnataka_BTS_007,404-45-322-992,Karnataka
CDR202600055295,2025-01-27,02:07:48,+917802667292,+917685568330,VOICE,59,404048578488690,353009807409528,Gujarat_BTS_007,404-45-928-891,Gujarat
CDR202600055298,2025-07-17,01:45:32,+916348016574,+919983414411,VOICE,33,404818211768402,350051758749781,Maharashtra_BTS_007,404-45-314-687,Maharashtra
CDR202600055301,2025-03-04,14:10:27,+917500004938,+917938295768,VOICE,19,404684291254398,350136889981406,Gujarat_BTS_007,404-45-928-891,Gujarat
CDR202600055324,2025-08-15,03:53:25,+916588879633,+918469067276,SMS,0,404377638742321,357905320447166,Rajasthan_BTS_019,404-45-471-900,Rajasthan
CDR202600055325,2025-05-05,02:14:02,+917365226481,+917506860658,VOICE,54,404407273060352,354332963412137,Mumbai_BTS_006,404-45-235-741,Mumbai
CDR202600055361,2025-07-16,12:34:59,+916410834554,+919102760016,VOICE,63,404617725352254,354183895931955,Gujarat_BTS_008,404-45-814-433,Gujarat
CDR202600055370,2025-07-07,01:34:08,+919298077012,+917627570441,VOICE,82,404669845094376,352655277513155,Rajasthan_BTS_002,404-45-334-842,Rajasthan
CDR202600055395,2025-12-22,14:10:50,+918919039211,+918705996388,VOICE,24,404084463018761,355669380805599,Gujarat_BTS_008,404-45-448-285,Gujarat
CDR202600055412,2025-04-14,17:32:34,+919120758061,+919777908086,VOICE,199,404945445222832,351263233804248,WestBengal_BTS_007,404-45-491-894,West Bengal
CDR202600055414,2025-08-08,08:11:53,+916995819189,+916405134888,SMS,0,404635454737221,357259958046463,Rajasthan_BTS_017,404-45-897-945,Rajasthan
CDR202600055421,2025-07-01,23:49:18,+919936394254,917386792945,VOICE,195,404284566350369,351241528349085,Karnataka_BTS_001,404-45-767-554,Karnataka
CDR202600055424,2025-08-21,20:56:31,+918450795386,+916082929566,VOICE,125,404812839180426,359707779892039,Maharashtra_BTS_002,404-45-199-368,Maharashtra
CDR202600055463,2025-07-27,23:44:01,+918364246419,+919048129044,VOICE,89,404996215596955,351155923342744,Maharashtra_BTS_005,404-45-181-876,Maharashtra
CDR202600055471,2025-07-12,08:37:02,+917209238170,+916792758063,VOICE,125,404906815268100,353281405751379,Gujarat_BTS_002,404-45-854-105,Gujarat
CDR202600055493,2025-08-17,01:32:30,+919072558176,+917919356572,VOICE,149,404240154231947,355579511157728,Rajasthan_BTS_004,404-45-835-323,Rajasthan
CDR202600055501,2025-08-09,17:06:44,+917963579637,+918316199535,SMS,0,404969374690847,359757982248636,Rajasthan_BTS_004,404-45-835-323,Rajasthan
CDR202600055505,2025-10-10,01:07:00,+918681413673,+917205901379,VOICE,344,404652588135097,356324801211716,Delhi_BTS_004,404-45-847-707,Delhi
CDR202600055518,2025-12-19,17:40:48,+918012610128,+917813606859,VOICE,146,404264282512533,357503461337366,Rajasthan_BTS_011,404-45-796-739,Rajasthan
CDR202600055568,2025-08-07,07:32:38,+919425196407,+919488729884,VOICE,55,404430618555028,358104863904378,Gujarat_BTS_007,404-45-928-891,Gujarat
CDR202600055584,2025-07-09,20:14:54,+919462586403,+917044211800,VOICE,390,404917118152530,352722320288557,UttarPradesh_BTS_011,404-45-357-928,Uttar Pradesh
CDR202600055604,2025-09-21,12:53:16,+917553405236,+917655762735,SMS,0,404973549694467,356093741624822,Mumbai_BTS_001,404-45-446-022,Mumbai
CDR202600055613,2025-07-02,03:53:53,+918298037110,+919844360645,VOICE,91,404443819403408,359311710549124,Maharashtra_BTS_005,404-45-181-876,Maharashtra
CDR202600055635,2025-07-23,15:32:10,+917677034529,+918579483815,VOICE,130,404650842862337,356524987678885,Gujarat_BTS_004,404-45-130-096,Gujarat
CDR202600055638,2025-02-15,05:20:46,+918023743035,+918867302391,VOICE,9,404215947735480,352280756383248,Delhi_BTS_003,404-45-371-541,Delhi
CDR202600055659,2025-07-02,07:11:30,+917009511926,+917865754558,MISSED,0,404040750105701,357884582499919,Rajasthan_BTS_013,404-45-400-446,Rajasthan
CDR202600055673,2025-01-15,20:45:20,+917935214350,+918548966382,VOICE,134,404378204549446,351672075102235,TamilNadu_BTS_006,404-45-773-598,Tamil Nadu
CDR202600055689,2025-12-18,16:03:17,+919939777816,+918871167031,VOICE,255,404499116035440,354914619221124,UttarPradesh_BTS_006,404-45-108-684,Uttar Pradesh
CDR202600055711,2025-07-01,04:14:41,+917345321729,+917982864443,VOICE,330,404400175986968,359760698860219,Mumbai_BTS_007,404-45-196-100,Mumbai
CDR202600055717,2025-11-07,16:10:11,+917890029492,+916269527494,VOICE,28,404591767822743,358151984497686,Delhi_BTS_002,404-45-231-676,Delhi
CDR202600055724,2025-08-28,07:45:22,+918919039211,+917796041813,VOICE,63,404084463018761,356900877601048,Gujarat_BTS_006,404-45-833-666,Gujarat
CDR202600055739,2025-05-04,09:22:07,+917758794059,+918293896404,VOICE,21,404470038758987,355164865084295,TamilNadu_BTS_006,404-45-678-536,Tamil Nadu
CDR202600055743,2025-12-23,19:36:31,+919939777816,+916541196865,MISSED,0,404499116035440,353846848836760,Delhi_BTS_003,404-45-993-622,Delhi
CDR202600055747,2025-11-10,16:40:01,+916897631203,+918543106698,VOICE,22,404762122220239,352242727455299,Maharashtra_BTS_007,404-45-314-687,Maharashtra
CDR202600055765,2025-11-19,08:43:54,+919870814055,+918659465845,VOICE,174,404150088116017,352561453120622,Maharashtra_BTS_001,404-45-204-095,Maharashtra
CDR202600055776,2025-09-26,10:28:14,+919624982501,+919190696665,MISSED,0,404119075725062,357034691517887,UttarPradesh_BTS_013,404-45-822-438,Uttar Pradesh
CDR202600055778,2025-02-15,06:49:13,+917760501724,+919359991607,VOICE,279,404095701151451,355807393347207,Rajasthan_BTS_013,404-45-400-446,Rajasthan
CDR202600055804,2025-07-14,03:50:37,+918886939453,+916269160160,VOICE,126,404806087151577,354185288443114,Karnataka_BTS_008,404-45-693-754,Karnataka
CDR202600055857,2025-03-27,22:58:50,+918385484021,+918242708372,VOICE,170,404095127275971,358270765370735,Maharashtra_BTS_003,404-45-665-301,Maharashtra
CDR202600055858,2025-10-15,20:45:48,+918370544176,+918426235935,VOICE,27,404963045049213,353377459547785,Rajasthan_BTS_007,404-45-241-522,Rajasthan
CDR202600055869,2025-05-20,08:57:22,+916462747289,+917459240913,SMS,0,404684444145774,356854940022610,Maharashtra_BTS_006,404-45-987-104,Maharashtra
CDR202600055897,2025-01-18,21:47:50,+917299769547,+917396560843,VOICE,183,404918099879054,351928382202914,Karnataka_BTS_005,404-45-102-400,Karnataka
CDR202600055916,2025-10-19,09:57:30,+917284458960,+916487189258,VOICE,89,404954890848006,353137366999703,Mumbai_BTS_001,404-45-446-022,Mumbai
CDR202600055929,2025-05-05,15:32:27,+916768547198,+916324724525,VOICE,62,404168341942961,352284718686872,Delhi_BTS_002,404-45-231-676,Delhi
CDR202600055957,2025-05-18,02:42:13,+918579835476,+918762440921,VOICE,250,404255406589881,352951365294377,Maharashtra_BTS_006,404-45-489-285,Maharashtra
CDR202600055962,2025-08-12,20:32:54,+917028242355,+917263760678,SMS,0,404509464765525,359448507604135,Mumbai_BTS_011,404-45-995-946,Mumbai
CDR202600055965,2025-02-08,09:25:08,+916570999397,+917556129609,VOICE,9,404344471075382,354878029024441,Rajasthan_BTS_019,404-45-471-900,Rajasthan
CDR202600055973,2025-06-29,01:36:30,+919759643576,+918878165080,VOICE,4,404774351998092,357477398172949,Karnataka_BTS_004,404-45-160-169,Karnataka
CDR202600055976,2025-08-08,20:25:54,+916564902284,+917115927884,VOICE,43,404598620327583,355925252229032,Rajasthan_BTS_016,404-45-619-624,Rajasthan
CDR202600056001,2025-01-19,19:34:53,+919408805716,+918565173115,VOICE,223,404281548886529,353467891943528,WestBengal_BTS_003,404-45-258-948,West Bengal
CDR202600056017,2025-05-13,04:00:45,+919867574966,+917960741167,SMS,0,404494764303488,351789589889333,Maharashtra_BTS_008,404-45-799-664,Maharashtra
CDR202600056071,2025-10-18,12:14:51,+918018817178,+919306084064,SMS,0,404226926290220,356784059340481,UttarPradesh_BTS_005,404-45-261-449,Uttar Pradesh
CDR202600056073,2025-03-14,09:22:57,+919555177782,+916573002449,VOICE,203,404114474695866,358918237347784,Maharashtra_BTS_008,404-45-173-624,Maharashtra
CDR202600056086,2025-07-28,16:08:02,+918165891928,+916555703019,SMS,0,404848793089754,357685907456047,UttarPradesh_BTS_013,404-45-822-438,Uttar Pradesh
CDR202600056096,2025-10-12,02:14:07,+917096964249,+916419503238,VOICE,172,404183604401890,359710782352219,UttarPradesh_BTS_004,404-45-170-901,Uttar Pradesh
CDR202600056100,2025-12-08,02:54:07,+918659331779,+916019571525,VOICE,12,404274070269496,352714398681895,Mumbai_BTS_003,404-45-334-070,Mumbai
CDR202600056115,2025-04-01,01:04:52,+916439420587,+917096711969,VOICE,30,404788074481092,350641690400077,WestBengal_BTS_005,404-45-901-954,West Bengal
CDR202600056117,2025-04-24,08:16:37,+918165146912,+919967656270,VOICE,216,404422556513608,355756832273549,Rajasthan_BTS_015,404-45-282-520,Rajasthan
CDR202600056129,2025-05-19,18:37:08,+918048255430,+919521875296,SMS,0,404213648984740,353298251678346,WestBengal_BTS_005,404-45-901-954,West Bengal
CDR202600056131,2025-11-28,00:16:39,+917834910617,+917033743556,VOICE,75,404281090784094,354001174029256,Karnataka_BTS_002,404-45-195-949,Karnataka
CDR202600056142,2025-11-25,16:42:46,+916439791323,+919153860003,VOICE,54,404094887946128,355546491451313,UttarPradesh_BTS_005,404-45-261-449,Uttar Pradesh
CDR202600056146,2025-03-08,13:50:49,+916737596714,+916859750986,SMS,0,404454749626021,354870307189105,Gujarat_BTS_004,404-45-130-096,Gujarat
CDR202600056149,2025-12-30,05:24:06,+917136919849,+918828081982,VOICE,159,404686926242393,351556743422821,Mumbai_BTS_011,404-45-995-946,Mumbai
CDR202600056155,2025-07-26,22:27:12,+918919039211,+917795530276,VOICE,6,404084463018761,353828597616172,Delhi_BTS_003,404-45-662-170,Delhi
CDR202600056174,2025-11-18,10:50:41,+916740601937,+918646857734,VOICE,396,404805941011930,354548111171848,UttarPradesh_BTS_011,404-45-966-053,Uttar Pradesh
CDR202600056179,2025-11-19,02:52:35,+919392261784,+919734426560,VOICE,21,404271884089621,350611826189600,UttarPradesh_BTS_007,404-45-999-138,Uttar Pradesh
CDR202600056182,2025-01-31,12:41:58,+918644753678,+916592860335,SMS,0,404351258123474,359066942631623,Rajasthan_BTS_010,404-45-641-258,Rajasthan
CDR202600056200,2025-02-26,20:26:57,+919665263342,+918901794354,VOICE,80,404525841792080,355594057064227,UttarPradesh_BTS_005,404-45-261-449,Uttar Pradesh
CDR202600056205,2025-04-14,18:43:44,+918704996349,+916658481061,VOICE,424,404777064011575,353092383605422,UttarPradesh_BTS_006,404-45-726-827,Uttar Pradesh
CDR202600056208,2025-10-16,07:07:15,+919372873392,+918699480610,VOICE,94,404301993167344,357991519174120,UttarPradesh_BTS_013,404-45-265-760,Uttar Pradesh
CDR202600056212,2025-01-18,20:01:25,+919976782155,+918806117659,SMS,0,404964747345476,358908149840555,Maharashtra_BTS_005,404-45-181-876,Maharashtra
CDR202600056257,2025-05-16,18:54:03,+917444247535,+916025749167,VOICE,47,404355890466229,359321396188940,Rajasthan_BTS_001,404-45-755-705,Rajasthan
CDR202600056267,2025-12-03,05:15:20,+917088277832,+918289257071,VOICE,158,404727065173961,358073292772345,TamilNadu_BTS_006,404-45-367-210,Tamil Nadu
CDR202600056269,2025-10-22,07:24:42,+918424242987,+919318156546,VOICE,45,404311771908883,354351287813652,Rajasthan_BTS_016,404-45-961-655,Rajasthan
CDR202600056288,2025-11-21,01:56:59,+918438901003,+917702112965,VOICE,110,404300837083033,353626590330348,Rajasthan_BTS_014,404-45-564-004,Rajasthan
CDR202600056319,2025-03-13,09:25:03,+917345514214,+916020248860,VOICE,6,404427960979811,356460732346291,Maharashtra_BTS_001,404-45-204-095,Maharashtra
CDR202600056323,2025-09-27,21:02:26,+917356381410,+918937912502,VOICE,24,404360243824410,357843541300342,WestBengal_BTS_006,404-45-373-164,West Bengal
CDR202600056353,2025-07-14,23:46:44,+918751302674,+918897183146,VOICE,209,404475357387911,351837617175027,UttarPradesh_BTS_003,404-45-618-272,Uttar Pradesh
CDR202600056362,2025-02-14,06:09:54,+917233707809,+919879733060,VOICE,139,404392757727169,352037434026222,Rajasthan_BTS_016,404-45-303-157,Rajasthan
CDR202600056363,2025-04-17,14:13:47,+917293737752,+918024212426,VOICE,29,404871316693798,356280879400696,Karnataka_BTS_004,404-45-160-169,Karnataka
CDR202600056377,2025-07-06,08:22:14,+917420655631,+916364909509,SMS,0,404159086832337,355845559515604,Mumbai_BTS_006,404-45-319-553,Mumbai
CDR202600056380,2025-10-22,23:40:46,+916618077628,+917161146802,VOICE,112,404073833840805,355032352577373,Karnataka_BTS_007,404-45-322-992,Karnataka
CDR202600056381,2025-02-01,21:39:02,+919541078632,+918528751362,VOICE,16,404187617504206,356941933406067,UttarPradesh_BTS_003,404-45-650-219,Uttar Pradesh
CDR202600056449,2025-12-02,23:54:38,+919002053613,+917364822890,VOICE,236,404543795768246,356104183606026,Rajasthan_BTS_005,404-45-771-512,Rajasthan
CDR202600056498,2025-05-12,06:31:06,+917138005903,+919543348878,VOICE,6,404383302952999,352063555183265,TamilNadu_BTS_003,404-45-169-692,Tamil Nadu
CDR202600056509,2025-03-13,00:25:20,+918017626271,+917459642648,VOICE,39,404144750977371,350383637367553,Rajasthan_BTS_010,404-45-710-480,Rajasthan
CDR202600056521,2025-03-09,23:06:11,+919952416314,+919378862324,VOICE,516,404764326295215,353041786612460,Karnataka_BTS_004,404-45-985-411,Karnataka
CDR202600056592,2025-08-01,06:15:51,+918679610611,+919765733100,VOICE,13,404352961774640,359901727648400,Maharashtra_BTS_007,404-45-750-855,Maharashtra
CDR202600056619,2025-11-18,17:44:39,+919384855691,+919663734090,SMS,0,404068272243444,352783838320264,Maharashtra_BTS_008,404-45-173-624,Maharashtra
CDR202600056630,2025-03-10,19:44:25,+917172087827,+918686483115,SMS,0,404196745017691,354090076518894,Mumbai_BTS_002,404-45-107-073,Mumbai
CDR202600056653,2025-02-27,06:29:52,+916651256411,+918416423174,VOICE,146,404517139257309,352418212889179,Karnataka_BTS_005,404-45-902-804,Karnataka
CDR202600056658,2025-01-02,20:43:06,+918814548537,+917751254001,VOICE,88,404029426518590,351081902316792,Mumbai_BTS_011,404-45-287-286,Mumbai
CDR202600056663,2025-02-03,02:05:31,+916193027325,+916277018985,SMS,0,404246972487636,353069407311725,Karnataka_BTS_005,404-45-902-804,Karnataka
CDR202600056722,2025-08-08,12:54:17,+917028184812,+918024648441,MISSED,0,404702003862564,350481393164881,Rajasthan_BTS_007,404-45-241-522,Rajasthan
CDR202600056727,2025-07-23,06:56:22,+918810305517,+919125635634,VOICE,67,404314836235386,350856106789044,WestBengal_BTS_005,404-45-901-954,West Bengal
CDR202600056744,2025-07-30,02:19:12,+916324927197,+919490686177,VOICE,39,404974475881983,359623747783904,Mumbai_BTS_010,404-45-296-195,Mumbai
CDR202600056749,2025-07-12,13:45:43,+918899007800,+916340915191,VOICE,341,404130608450420,354671212764471,Mumbai_BTS_011,404-45-287-286,Mumbai
CDR202600056774,2025-03-04,10:08:14,+917059408778,+919027141084,VOICE,55,404170200048277,353852041551830,Rajasthan_BTS_007,404-45-241-522,Rajasthan
CDR202600056775,2025-12-24,21:36:53,+917418564165,+918019529513,VOICE,126,404532967206217,355861388831537,Gujarat_BTS_004,404-45-130-096,Gujarat
CDR202600056782,2025-03-04,10:26:40,+917644922089,+916454279208,VOICE,11,404582688823208,355700547032466,WestBengal_BTS_004,404-45-283-755,West Bengal
CDR202600056811,2025-08-14,07:04:41,+917797590950,+917487113707,VOICE,32,404363576290828,355299542232771,UttarPradesh_BTS_010,404-45-370-518,Uttar Pradesh
CDR202600056839,2025-05-21,10:29:50,+918686483115,+916073848956,SMS,0,404270719334809,356000727053098,Gujarat_BTS_006,404-45-833-666,Gujarat
CDR202600056865,2025-06-20,14:10:36,+916019571525,+917303258691,VOICE,278,404708481961094,359511499339966,Delhi_BTS_001,404-45-999-581,Delhi
CDR202600056868,2025-06-25,20:57:01,+918901293839,+917383105771,VOICE,37,404301309717717,351318915573162,WestBengal_BTS_009,404-45-571-359,West Bengal
CDR202600056875,2025-09-30,23:59:00,+918319568494,+917583866692,VOICE,16,404175516463786,357104119099167,Delhi_BTS_004,404-45-847-707,Delhi
CDR202600056921,2025-11-01,20:04:02,+918760745567,+918948299991,VOICE,6,404054108405290,357580101818420,Mumbai_BTS_001,404-45-446-022,Mumbai
CDR202600056927,2025-05-04,02:19:22,+916137018109,+919464488973,VOICE,234,404488176328268,354665740374727,Maharashtra_BTS_008,404-45-799-664,Maharashtra
CDR202600056933,2025-09-24,09:04:01,+919934674128,+918601678460,VOICE,75,404020713383902,355999713874232,UttarPradesh_BTS_013,404-45-822-438,Uttar Pradesh
CDR202600056938,2025-12-06,12:08:26,+918182074379,+919178210985,VOICE,187,404239400612104,357524464232014,Gujarat_BTS_001,404-45-859-282,Gujarat
CDR202600056942,2025-10-22,08:14:33,+918395811284,+917031578057,VOICE,172,404417738452479,355942140523770,Delhi_BTS_005,404-45-508-688,Delhi
CDR202600056974,2025-01-12,00:24:30,+919067275182,+919505939409,SMS,0,404921472173706,352267659484504,Delhi_BTS_005,404-45-508-688,Delhi
CDR202600056986,2025-10-24,11:49:50,+916306053410,+919030219049,VOICE,70,404518670939366,350739963840208,Rajasthan_BTS_007,404-45-697-409,Rajasthan
CDR202600056990,2025-10-30,20:13:10,+917459240913,+918916760794,VOICE,326,404238516403650,352583236938253,UttarPradesh_BTS_010,404-45-749-874,Uttar Pradesh
CDR202600057008,2025-09-19,09:58:51,+918178119040,+917113752610,SMS,0,404969558443682,351092308574886,Gujarat_BTS_002,404-45-854-105,Gujarat
CDR202600057015,2025-08-28,02:22:46,+918688240084,+916020248860,VOICE,157,404546528208371,358179514529891,UttarPradesh_BTS_012,404-45-145-004,Uttar Pradesh
CDR202600057087,2025-02-01,16:27:00,+917944250166,+917553405236,VOICE,56,404843385427228,358324847830987,UttarPradesh_BTS_008,404-45-860-567,Uttar Pradesh
CDR202600057101,2025-11-24,13:12:40,+918477793470,+917495758451,VOICE,227,404372065166047,353858832743102,UttarPradesh_BTS_005,404-45-478-292,Uttar Pradesh
CDR202600057118,2025-02-14,07:02:33,+918329684319,+917418564165,VOICE,46,404149843184740,352339869982745,Rajasthan_BTS_007,404-45-605-094,Rajasthan
CDR202600057121,2025-03-08,08:07:04,+918017626271,+917000470076,VOICE,23,404144750977371,350383637367553,Rajasthan_BTS_013,404-45-448-115,Rajasthan
CDR202600057122,2025-10-10,22:06:34,+916737986034,+919072974918,VOICE,47,404242482287196,358637992322665,Delhi_BTS_003,404-45-371-541,Delhi
CDR202600057126,2025-12-17,12:30:57,+918682534164,+917383105771,VOICE,109,404398224101371,356644749682183,Karnataka_BTS_008,404-45-693-754,Karnataka
CDR202600057140,2025-02-24,08:07:46,+918758985879,+917309784983,SMS,0,404901734254067,353783019374052,TamilNadu_BTS_006,404-45-773-598,Tamil Nadu
CDR202600057150,2025-10-31,20:49:16,+917248288566,+916094545468,VOICE,512,404599032450301,352902457885808,WestBengal_BTS_003,404-45-342-886,West Bengal
CDR202600057156,2025-10-15,09:25:49,+916231421581,+918686767865,VOICE,66,404160712509589,353631700587870,Maharashtra_BTS_002,404-45-199-368,Maharashtra
CDR202600057170,2025-10-09,23:14:21,+918916760794,+917815456502,VOICE,70,404314766401059,355974034938205,Maharashtra_BTS_004,404-45-691-197,Maharashtra
CDR202600057177,2025-06-24,21:25:17,+916474035758,+919870686970,VOICE,130,404016929370742,351252633238717,Rajasthan_BTS_001,404-45-801-333,Rajasthan
CDR202600057179,2025-08-29,18:52:58,+919726146663,+916424262013,SMS,0,404472993768494,351027354312120,Maharashtra_BTS_006,404-45-987-104,Maharashtra
CDR202600057191,2025-02-19,07:06:06,+918916432132,+917549758539,VOICE,142,404285967178160,358818002139311,TamilNadu_BTS_006,404-45-678-536,Tamil Nadu
CDR202600057201,2025-01-21,08:03:09,+916301408040,+917865527570,VOICE,97,404366103032710,355643786303902,Mumbai_BTS_008,404-45-984-747,Mumbai
CDR202600057219,2025-04-25,00:19:57,+919600404796,+918916432132,VOICE,671,404314327554545,350903770416901,Delhi_BTS_001,404-45-999-581,Delhi
CDR202600057220,2025-08-30,08:31:10,+918405395292,+918426851727,VOICE,37,404941760583929,356370933243871,WestBengal_BTS_001,404-45-915-996,West Bengal
CDR202600057224,2025-01-17,14:54:20,+916544958049,+918873257050,VOICE,289,404944955616776,354567323196133,WestBengal_BTS_001,404-45-981-041,West Bengal
CDR202600057229,2025-10-12,18:30:19,+919141257788,+919458003318,MISSED,0,404696803941980,350071394564876,Rajasthan_BTS_010,404-45-641-258,Rajasthan
CDR202600057234,2025-02-22,19:05:31,+918406178426,+919541078632,VOICE,134,404344681770497,351724602651321,Gujarat_BTS_002,404-45-328-143,Gujarat
CDR202600057246,2025-12-19,17:07:12,+916067063475,+918310372935,SMS,0,404638895503024,355822044307176,Mumbai_BTS_008,404-45-462-434,Mumbai
CDR202600057248,2025-05-02,14:34:16,+917132946915,919755562927,VOICE,142,404935790261756,359835753618902,Karnataka_BTS_007,404-45-102-400,Karnataka
CDR202600057254,2025-05-08,12:58:34,+918712231373,+916289877077,VOICE,2,404614420536105,352833647953768,UttarPradesh_BTS_015,404-45-658-037,Uttar Pradesh
CDR202600057255,2025-10-11,09:21:11,+916769007696,+918833014798,VOICE,16,404072283190811,352160072310757,Mumbai_BTS_002,404-45-702-226,Mumbai
CDR202600057290,2025-01-21,20:23:39,+919470978136,+919808151517,VOICE,352,404953773278395,352584221717124,Karnataka_BTS_001,404-45-767-554,Karnataka
CDR202600057302,2025-02-23,03:26:13,+917675317105,+917506145552,VOICE,278,404819521061644,351305330429241,Rajasthan_BTS_005,404-45-505-906,Rajasthan
CDR202600057311,2025-08-15,06:37:16,+918358273972,+917531802722,SMS,0,404471632833113,350975862173592,WestBengal_BTS_003,404-45-342-886,West Bengal
CDR202600057319,2025-07-05,22:01:54,+919627533531,+917795725257,VOICE,15,404811167447859,353608149947869,Rajasthan_BTS_016,404-45-303-157,Rajasthan
CDR202600057325,2025-07-19,14:05:00,+916177030189,+916635012007,VOICE,216,404240189449295,350781702530620,Delhi_BTS_004,404-45-652-774,Delhi
CDR202600057339,2025-02-07,22:08:42,+918340879100,+917112390334,VOICE,131,404084599137029,352971991192091,UttarPradesh_BTS_003,404-45-650-219,Uttar Pradesh
CDR202600057351,2025-07-16,02:54:01,+916915091394,+918711318313,VOICE,45,404678390636710,353917473967662,Mumbai_BTS_010,404-45-919-883,Mumbai
CDR202600057377,2025-10-09,15:12:52,+916207440957,+918756810071,VOICE,45,404065781803190,354845021201772,Rajasthan_BTS_011,404-45-796-739,Rajasthan
CDR202600057402,2025-01-27,02:46:29,+917101589949,+919074774685,VOICE,139,404998792524844,354033604329887,TamilNadu_BTS_003,404-45-169-692,Tamil Nadu
CDR202600057459,2025-10-16,00:20:20,+917490292707,+916214559749,VOICE,185,404467706002278,351005446328721,Rajasthan_BTS_004,404-45-680-898,Rajasthan
CDR202600057463,2025-10-02,03:50:13,+916704041859,+918477060151,MISSED,0,404520732707622,354099084342449,Mumbai_BTS_008,404-45-984-747,Mumbai
CDR202600057490,2025-11-23,13:55:53,+917383105771,+917038064368,SMS,0,404072334392738,353451269636078,WestBengal_BTS_004,404-45-283-755,West Bengal
CDR202600057493,2025-06-06,01:33:01,+918478428086,+916997408265,VOICE,702,404886547807667,351130707420001,Maharashtra_BTS_008,404-45-799-664,Maharashtra
CDR202600057513,2025-06-17,04:05:51,+916910071557,+917486762256,VOICE,52,404954741201577,354506100452927,UttarPradesh_BTS_006,404-45-769-542,Uttar Pradesh
CDR202600057520,2025-04-27,06:42:37,+917878034982,+918174880118,VOICE,25,404094855532502,357005154671108,Mumbai_BTS_007,404-45-196-100,Mumbai
CDR202600057555,2025-10-23,23:55:35,+917712822942,+917725121411,SMS,0,404872345820430,352838108480547,Maharashtra_BTS_001,404-45-881-345,Maharashtra
CDR202600057567,2025-11-28,10:09:24,+917088277832,+916850067098,VOICE,157,404727065173961,351211709645568,TamilNadu_BTS_006,404-45-773-598,Tamil Nadu
CDR202600057582,2025-01-31,17:28:40,+917257183456,+918883344957,VOICE,80,404009721676661,354090124565808,Rajasthan_BTS_004,404-45-835-323,Rajasthan
CDR202600057600,2025-03-28,14:08:42,+916655642600,+917024544717,VOICE,42,404527511809286,354054632164844,Rajasthan_BTS_002,404-45-334-842,Rajasthan
CDR202600057601,2025-11-20,17:23:23,+917973251352,+917657239820,SMS,0,404842703324974,350053906234228,Rajasthan_BTS_010,404-45-494-391,Rajasthan
CDR202600057604,2025-07-18,18:23:39,+917991463057,+916615153351,VOICE,19,404225251663621,354969546643683,Rajasthan_BTS_007,404-45-241-522,Rajasthan
CDR202600057616,2025-05-08,02:44:31,+916297838879,+919481568351,MISSED,0,404728916933710,354412763150004,Gujarat_BTS_003,404-45-704-433,Gujarat
CDR202600057631,2025-07-29,04:04:24,+917542167788,+917212435998,VOICE,117,404664342767879,352882509922368,Gujarat_BTS_006,404-45-818-559,Gujarat
CDR202600057641,2025-01-05,09:02:59,+919627533531,+919936465917,VOICE,75,404811167447859,353608149947869,Karnataka_BTS_003,404-45-597-493,Karnataka
CDR202600057664,2025-01-19,19:41:36,+916817019152,+919750821520,VOICE,231,404231217152799,351462525351204,UttarPradesh_BTS_007,404-45-779-107,Uttar Pradesh
CDR202600057666,2025-08-10,11:21:10,+916020248860,+917660465075,VOICE,128,404928462128422,353837458083761,Mumbai_BTS_007,404-45-196-100,Mumbai
CDR202600057667,2025-11-15,13:02:12,+917591220318,+918756810071,VOICE,44,404725090788751,356570179224423,TamilNadu_BTS_005,404-45-734-084,Tamil Nadu
CDR202600057675,2025-07-15,22:05:21,+917887984391,+919523870498,SMS,0,404162953858781,357157677358250,Delhi_BTS_002,404-45-884-129,Delhi
CDR202600057688,2025-11-18,09:25:09,+918231788462,+917589321523,VOICE,6,404847851466982,351749925716646,UttarPradesh_BTS_002,404-45-174-010,Uttar Pradesh
CDR202600057693,2025-10-06,02:26:22,+918205611760,+917970169332,VOICE,151,404970601771315,354114377969098,WestBengal_BTS_002,404-45-355-683,West Bengal
CDR202600057700,2025-10-29,00:18:54,+916000914011,+918871539135,VOICE,238,404219362934400,355106855474818,Gujarat_BTS_001,404-45-859-282,Gujarat
CDR202600057720,2025-07-19,17:59:22,+919089404735,+917343622474,VOICE,358,404725380945021,352853830037655,UttarPradesh_BTS_014,404-45-214-078,Uttar Pradesh
CDR202600057721,2025-10-03,09:40:25,+918207690529,+919137226230,VOICE,154,404198229721366,350135552769965,Gujarat_BTS_006,404-45-833-666,Gujarat
CDR202600057746,2025-03-10,07:38:39,+918835960008,+917173526045,VOICE,197,404344074368255,353336711331569,Rajasthan_BTS_016,404-45-303-157,Rajasthan
CDR202600057759,2025-07-28,01:42:00,+917075354242,+916897631203,VOICE,218,404248420757236,358637641591616,TamilNadu_BTS_006,404-45-678-536,Tamil Nadu
CDR202600057767,2025-04-24,04:07:25,+916701586456,+917571297125,MISSED,0,404619627034911,358274022342041,Mumbai_BTS_011,404-45-243-433,Mumbai
CDR202600057791,2025-06-13,04:06:46,+917944448223,+917171842568,VOICE,131,404694299246432,351876968580498,Gujarat_BTS_004,404-45-130-096,Gujarat
CDR202600057814,2025-07-06,09:06:10,+918913006378,+917723654282,VOICE,109,404183710340777,357713040126186,Rajasthan_BTS_007,404-45-605-094,Rajasthan
CDR202600057826,2025-08-06,01:38:31,+916637351217,+919037166899,VOICE,12,404312395453237,351377577373976,Karnataka_BTS_005,404-45-565-293,Karnataka
CDR202600057851,2025-08-11,17:03:35,+917544869549,+917835301377,VOICE,247,404433113475924,359123667176548,Rajasthan_BTS_016,404-45-961-655,Rajasthan
CDR202600057856,2025-07-06,09:18:09,+919476494020,+918256204328,VOICE,243,404096638158879,357696019092526,UttarPradesh_BTS_013,404-45-265-760,Uttar Pradesh
CDR202600057875,2025-02-27,22:51:22,+919931170274,+917930975792,VOICE,75,404577798245821,359667109522842,Rajasthan_BTS_001,404-45-755-705,Rajasthan
CDR202600057886,2025-09-13,14:54:29,+919280256210,+916453040604,VOICE,25,404423178963607,358121747578987,Rajasthan_BTS_019,404-45-414-246,Rajasthan
CDR202600057916,2025-12-27,15:30:01,+917084713769,+917384387838,VOICE,37,404814699536697,351526130281894,Rajasthan_BTS_006,404-45-862-575,Rajasthan
CDR202600057924,2025-08-04,09:37:10,+917055735087,+917714805847,VOICE,50,404847357679766,353256950601314,UttarPradesh_BTS_010,404-45-749-874,Uttar Pradesh
CDR202600057934,2025-10-20,03:58:24,+919810694473,+918324447619,VOICE,266,404872781535975,357229268434024,Maharashtra_BTS_007,404-45-473-167,Maharashtra
CDR202600057942,2025-04-05,22:16:20,+917965466436,+917614848942,VOICE,23,404564462007243,352902013886867,Delhi_BTS_006,404-45-629-463,Delhi
CDR202600057947,2025-10-27,05:28:28,+918751136354,+919425196407,VOICE,328,404955494298380,358493104613870,TamilNadu_BTS_005,404-45-734-084,Tamil Nadu
CDR202600057961,2025-03-30,02:25:40,+917268536558,+917489362264,VOICE,12,404875755141788,353826740758730,UttarPradesh_BTS_013,404-45-552-565,Uttar Pradesh
CDR202600057965,2025-02-26,05:27:15,+919846834912,+916198404669,VOICE,46,404407422215245,351850751144042,Karnataka_BTS_002,404-45-195-949,Karnataka
CDR202600057986,2025-09-14,13:50:12,+917853209083,+917237041157,VOICE,36,404000619432812,356610058589581,UttarPradesh_BTS_002,404-45-174-010,Uttar Pradesh
CDR202600058005,2025-11-16,04:20:03,+918841418832,+919305955481,VOICE,3,404842201362069,351592784280347,UttarPradesh_BTS_003,404-45-202-076,Uttar Pradesh
CDR202600058008,2025-08-09,08:05:23,+918082738875,+917657350844,VOICE,205,404131935837991,351717057605108,UttarPradesh_BTS_013,404-45-552-565,Uttar Pradesh
CDR202600058010,2025-03-31,11:20:22,+917260525274,+916897631203,VOICE,382,404348500968395,357212038753711,WestBengal_BTS_006,404-45-906-719,West Bengal
CDR202600058016,2025-11-21,17:21:23,+919635644158,+917921011784,VOICE,156,404092079272166,350724967396849,WestBengal_BTS_006,404-45-373-164,West Bengal
CDR202600058023,2025-09-04,21:35:26,+917685568330,+919898277174,MISSED,0,404538801443233,356861719798878,Karnataka_BTS_001,404-45-767-554,Karnataka
CDR202600058073,2025-11-10,23:40:00,+918432355992,+918347908058,VOICE,59,404017262933484,353175492927274,WestBengal_BTS_002,404-45-355-683,West Bengal
CDR202600058091,2025-06-04,12:30:18,+918268754425,+919628453819,VOICE,58,404505728994072,354499872731945,WestBengal_BTS_001,404-45-230-043,West Bengal
CDR202600058100,2025-08-24,12:51:36,+919353583840,+919614333439,VOICE,82,404251036072868,351396665931317,UttarPradesh_BTS_010,404-45-308-704,Uttar Pradesh
CDR202600058154,2025-07-08,19:39:07,+919697768001,+918870387542,VOICE,211,404277651982034,352742395168895,Mumbai_BTS_008,404-45-155-690,Mumbai
CDR202600058172,2025-04-27,13:30:54,+918899007800,+919288254941,VOICE,50,404130608450420,354671212764471,Rajasthan_BTS_013,404-45-448-115,Rajasthan
CDR202600058182,2025-03-05,00:26:23,+917201965416,+918485572124,VOICE,146,404363562122751,354202425112320,Rajasthan_BTS_004,404-45-316-936,Rajasthan
CDR202600058186,2025-11-18,03:52:17,+917924995621,+918358633681,VOICE,444,404719259124745,359579023665573,Mumbai_BTS_010,404-45-296-195,Mumbai
CDR202600058190,2025-12-31,18:28:52,+918648812335,+917296295051,VOICE,17,404626063690153,351017107915758,Rajasthan_BTS_007,404-45-241-522,Rajasthan
CDR202600058230,2025-11-28,17:18:23,+918696518496,+916769007696,VOICE,122,404446955706436,351926192706658,Karnataka_BTS_008,404-45-693-754,Karnataka
CDR202600058256,2025-06-23,08:13:57,+918556640589,+919468047687,VOICE,87,404741036762890,351000820297377,Rajasthan_BTS_014,404-45-564-004,Rajasthan
CDR202600058260,2025-08-24,20:38:10,+919636809178,+919669988212,MISSED,0,404671082606986,356573503904046,Rajasthan_BTS_006,404-45-651-270,Rajasthan
CDR202600058294,2025-07-24,00:14:23,+917258530393,+919481578095,VOICE,42,404830641168060,357112135522614,WestBengal_BTS_009,404-45-571-359,West Bengal
CDR202600058301,2025-08-26,22:15:08,+916928112416,+918876021285,VOICE,143,404405524084389,353538337634843,Mumbai_BTS_008,404-45-155-690,Mumbai
CDR202600058305,2025-08-08,13:36:48,+919777908086,+917929262567,VOICE,165,404295856517706,355456024331348,Rajasthan_BTS_013,404-45-887-657,Rajasthan
CDR202600058317,2025-12-18,08:55:38,+919490686177,+918476762224,VOICE,111,404737022699609,354548242674104,TamilNadu_BTS_006,404-45-773-598,Tamil Nadu
CDR202600058366,2025-01-17,08:10:33,+916454279208,+917145338978,VOICE,211,404353197104983,354477660272227,Rajasthan_BTS_009,404-45-911-697,Rajasthan
CDR202600058368,2025-01-23,01:51:41,+918278622335,+917030398399,VOICE,146,404491408495880,357316123603837,UttarPradesh_BTS_003,404-45-650-219,Uttar Pradesh
CDR202600058381,2025-07-08,16:22:35,+918481082809,+919777908086,MISSED,0,404639588941901,357400610209384,WestBengal_BTS_002,404-45-205-363,West Bengal
CDR202600058387,2025-12-19,04:58:14,+917368161949,+916858578040,VOICE,21,404997723431024,354686215446221,Delhi_BTS_006,404-45-629-463,Delhi
CDR202600058413,2025-01-20,02:36:11,+917787587308,+919377344354,VOICE,157,404082009450297,351721474068851,WestBengal_BTS_006,404-45-906-719,West Bengal
CDR202600058440,2025-11-30,04:50:33,+917309975163,+917221851476,VOICE,47,404115416042693,356410302866813,UttarPradesh_BTS_010,404-45-370-518,Uttar Pradesh
CDR202600058448,2025-12-26,13:01:03,+918584704952,919039483836,VOICE,62,404436519606967,350948625310822,TamilNadu_BTS_006,404-45-678-536,Tamil Nadu
CDR202600058450,2025-03-08,05:23:24,+919437661194,+916858578040,SMS,0,404659816617154,353474621269013,Karnataka_BTS_006,404-45-835-499,Karnataka
CDR202600058469,2025-07-19,06:53:37,+917272182395,+916619262865,VOICE,463,404601836942645,353120694973171,Rajasthan_BTS_019,404-45-414-246,Rajasthan
CDR202600058488,2025-01-27,06:21:16,+917757582173,+918857736272,VOICE,53,404462311991092,354997104848494,Rajasthan_BTS_003,404-45-924-324,Rajasthan
CDR202600058497,2025-07-30,14:33:48,+919651650123,+918093552742,VOICE,21,404409837871341,353864764196009,WestBengal_BTS_006,404-45-373-164,West Bengal
CDR202600058521,2025-03-09,17:15:48,+917481906740,+919912838915,SMS,0,404990679717872,353634190981235,UttarPradesh_BTS_007,404-45-370-119,Uttar Pradesh
CDR202600058539,2025-07-03,10:58:32,+919939243535,+918404028992,VOICE,58,404534470716340,352191846903788,Delhi_BTS_003,404-45-662-170,Delhi
CDR202600058540,2025-10-24,22:28:00,+918023320830,+919456362904,VOICE,94,404317381333793,350302050957884,Mumbai_BTS_008,404-45-462-434,Mumbai
CDR202600058549,2025-10-15,05:00:41,+918578598723,+918029137384,VOICE,81,404704674616516,350634321476425,Mumbai_BTS_008,404-45-462-434,Mumbai
CDR202600058556,2025-11-21,13:32:58,+918308245785,+916722111115,SMS,0,404627210761418,352720473814911,Rajasthan_BTS_009,404-45-911-697,Rajasthan
CDR202600058565,2025-09-01,02:50:36,+917309873763,+916071750291,VOICE,17,404363929060175,359371724917986,Maharashtra_BTS_002,404-45-967-353,Maharashtra
CDR202600058579,2025-02-11,15:09:04,+916427543486,+917344530001,VOICE,187,404132030892321,353653892050906,Delhi_BTS_002,404-45-878-546,Delhi
CDR202600058583,2025-10-02,01:52:36,+919653498720,+917540273705,VOICE,51,404111333314372,352180749240224,Rajasthan_BTS_016,404-45-303-157,Rajasthan
CDR202600058595,2025-02-24,08:08:16,+919507571068,+916631863027,SMS,0,404626033355371,353296689410159,Delhi_BTS_003,404-45-993-622,Delhi
CDR202600058596,2025-04-27,12:16:32,+916584755738,+919747894797,VOICE,97,404624539086296,355859862707883,Rajasthan_BTS_004,404-45-835-323,Rajasthan
CDR202600058606,2025-03-15,11:02:02,+916845331824,+917201965416,VOICE,54,404628334104639,355902365483111,WestBengal_BTS_007,404-45-491-894,West Bengal
CDR202600058641,2025-08-08,17:20:46,+917989006771,+919561166692,VOICE,77,404055529438641,357623916378525,Maharashtra_BTS_003,404-45-949-644,Maharashtra
CDR202600058688,2025-04-23,05:22:17,+918514349416,+916873513005,VOICE,28,404756930039340,357097841813607,TamilNadu_BTS_005,404-45-734-084,Tamil Nadu
CDR202600058690,2025-07-08,09:48:22,+917599232407,+917398664340,VOICE,68,404420326326109,353363550658587,Rajasthan_BTS_018,404-45-713-332,Rajasthan
CDR202600058696,2025-07-01,06:47:43,+918639338747,+917881796471,VOICE,291,404442834128049,359991110427423,WestBengal_BTS_001,404-45-981-041,West Bengal
CDR202600058713,2025-03-02,02:52:58,+918319944674,+918157830462,VOICE,21,404806274449316,353720449121324,Mumbai_BTS_010,404-45-296-195,Mumbai
CDR202600058741,2025-12-27,03:16:13,+918339147499,+919705416563,VOICE,111,404184378641016,353435465976053,Gujarat_BTS_002,404-45-854-105,Gujarat
CDR202600058751,2025-11-05,00:59:05,+919462586403,+918394406759,VOICE,297,404917118152530,352722320288557,Rajasthan_BTS_019,404-45-951-827,Rajasthan
CDR202600058766,2025-02-06,11:09:28,+918386857947,+917501730315,VOICE,22,404078416980158,354034089734219,WestBengal_BTS_002,404-45-315-699,West Bengal
CDR202600058770,2025-05-04,10:32:21,+918548966382,+919298342479,VOICE,180,404249313815334,350278027610604,Maharashtra_BTS_005,404-45-181-876,Maharashtra
CDR202600058771,2025-08-03,03:19:38,+916086664390,+916039633607,VOICE,20,404481740705039,355146552053489,Delhi_BTS_003,404-45-533-988,Delhi
CDR202600058786,2025-11-09,20:56:33,+916689110404,+918514958728,VOICE,248,404308616635728,356042658571289,Gujarat_BTS_005,404-45-338-518,Gujarat
CDR202600058791,2025-12-11,23:17:02,+919684313566,+918696518496,VOICE,75,404271405282290,353335504354095,WestBengal_BTS_002,404-45-205-363,West Bengal
CDR202600058793,2025-07-07,17:38:36,+917963890054,+918520509642,MISSED,0,404147715345771,350477741092834,Delhi_BTS_003,404-45-533-988,Delhi
CDR202600058821,2025-08-12,22:15:01,+918001733816,+919754566246,MISSED,0,404026004113130,359265622181357,Mumbai_BTS_008,404-45-155-690,Mumbai
CDR202600058839,2025-10-21,04:27:16,+917787587308,+919571680333,VOICE,8,404082009450297,351721474068851,Mumbai_BTS_004,404-45-980-339,Mumbai
CDR202600058849,2025-01-23,03:11:03,+919339073555,+919075134497,VOICE,15,404727251049178,359492724680785,Rajasthan_BTS_010,404-45-494-391,Rajasthan
CDR202600058883,2025-02-16,18:56:00,+918847148726,+918492164668,VOICE,137,404215117026817,354306132324854,Gujarat_BTS_006,404-45-818-559,Gujarat
CDR202600058910,2025-05-30,04:36:32,+916823980384,+917965177268,VOICE,193,404615717462996,355168953616322,TamilNadu_BTS_001,404-45-614-942,Tamil Nadu
CDR202600058923,2025-01-25,08:57:17,+919833982372,+918600460393,VOICE,63,404162109148871,359966650549815,Mumbai_BTS_008,404-45-520-479,Mumbai
CDR202600058927,2025-06-27,13:43:24,+917378976564,+917766519653,VOICE,170,404187577361242,354324895875977,WestBengal_BTS_002,404-45-355-683,West Bengal
CDR202600058940,2025-05-01,08:42:57,+917443590444,+918555623598,VOICE,31,404232850129230,355497528430951,Maharashtra_BTS_007,404-45-479-364,Maharashtra
CDR202600058960,2025-01-04,16:03:08,+916329228510,+918558303329,SMS,0,404041750860644,356344443007285,WestBengal_BTS_005,404-45-901-954,West Bengal
CDR202600058989,2025-03-24,05:21:38,+917230760386,+919429736802,VOICE,50,404482222456113,355319047581581,Rajasthan_BTS_019,404-45-471-900,Rajasthan
CDR202600058992,2025-04-09,02:03:41,+918149223329,+916637351217,SMS,0,404229279038965,351738299188237,Maharashtra_BTS_007,404-45-314-687,Maharashtra
CDR202600059013,2025-02-12,15:39:15,+916635012007,+919772222214,SMS,0,404401031965095,354441322094473,UttarPradesh_BTS_013,404-45-265-760,Uttar Pradesh
CDR202600059043,2025-03-09,11:21:43,+916703033328,+919202545091,SMS,0,404534663469013,350884351870079,Rajasthan_BTS_004,404-45-423-958,Rajasthan
CDR202600059065,2025-07-25,07:52:47,+919412691680,+917639913536,VOICE,18,404878026955266,350012652664033,Gujarat_BTS_002,404-45-328-143,Gujarat
CDR202600059068,2025-06-02,12:22:15,+917842720451,+918925088146,VOICE,2,404995404914739,354654089540237,UttarPradesh_BTS_002,404-45-174-010,Uttar Pradesh
CDR202600059089,2025-08-27,12:49:03,+917982864443,+919808109338,VOICE,30,404564109172450,356208467349561,Mumbai_BTS_011,404-45-573-256,Mumbai
CDR202600059094,2025-06-28,07:47:23,+918056237596,+918308002569,VOICE,31,404242888143328,358174219020647,TamilNadu_BTS_006,404-45-773-598,Tamil Nadu
CDR202600059142,2025-11-22,12:10:41,+916515449347,+916419503238,VOICE,176,404291223717950,351906556058785,Rajasthan_BTS_005,404-45-771-512,Rajasthan
CDR202600059145,2025-12-14,07:12:13,+919794066447,+917927220453,VOICE,22,404357913374968,355785482969394,Karnataka_BTS_001,404-45-767-554,Karnataka
CDR202600059160,2025-11-08,14:04:07,+917081806602,+916143387394,VOICE,340,404659411935488,359272183248371,Rajasthan_BTS_019,404-45-951-827,Rajasthan
CDR202600059177,2025-05-24,11:29:34,+917941477323,+919543842342,VOICE,69,404446593385747,355260954545819,UttarPradesh_BTS_013,404-45-822-438,Uttar Pradesh
CDR202600059196,2025-09-05,21:11:03,+918278622335,+917110206042,SMS,0,404491408495880,357316123603837,Rajasthan_BTS_005,404-45-505-906,Rajasthan
CDR202600059202,2025-07-16,02:37:00,+919762234042,+916198404669,SMS,0,404301171300967,354955465611716,WestBengal_BTS_003,404-45-258-948,West Bengal
CDR202600059224,2025-12-02,04:14:25,+918261273279,+919871681664,VOICE,492,404587054397733,353981610663170,UttarPradesh_BTS_003,404-45-650-219,Uttar Pradesh
CDR202600059269,2025-08-12,22:00:06,+916186997295,+917774633643,VOICE,225,404609248080594,353782003990751,Maharashtra_BTS_001,404-45-204-095,Maharashtra
CDR202600059274,2025-06-13,02:14:20,+917421862969,+917929262567,VOICE,25,404053723761452,350706799336933,Rajasthan_BTS_004,404-45-374-068,Rajasthan
CDR202600059289,2025-09-26,16:59:31,+916792758063,+919304737378,VOICE,81,404768412746758,359234118581757,Rajasthan_BTS_011,404-45-796-739,Rajasthan
CDR202600059323,2025-03-27,06:11:19,+918338786803,+919936202674,VOICE,13,404781312842447,357578936995141,Gujarat_BTS_006,404-45-818-559,Gujarat
CDR202600059331,2025-05-11,08:12:19,+917929456585,+919750518334,MISSED,0,404105579944363,354610807457013,WestBengal_BTS_003,404-45-735-768,West Bengal
CDR202600059337,2025-08-26,09:29:49,+917351345484,+919217831562,VOICE,3,404614957353355,357812779531038,Rajasthan_BTS_007,404-45-470-225,Rajasthan
CDR202600059338,2025-09-08,15:52:59,+917429104397,+918172396613,VOICE,140,404006156605622,352289255995144,UttarPradesh_BTS_012,404-45-441-790,Uttar Pradesh
CDR202600059348,2025-11-14,07:03:10,+916367952951,+919627533531,VOICE,177,404474716368898,357418943904104,Rajasthan_BTS_010,404-45-641-258,Rajasthan
CDR202600059356,2025-08-04,03:47:55,+917602144049,+917526964242,VOICE,16,404837611080399,350888773939770,Delhi_BTS_002,404-45-231-676,Delhi
CDR202600059375,2025-10-25,13:39:04,+919541078632,+917016396826,VOICE,111,404187617504206,356941933406067,UttarPradesh_BTS_011,404-45-966-053,Uttar Pradesh
CDR202600059381,2025-06-08,08:05:25,+919989000306,+919931602912,VOICE,783,404123699642462,359082032695247,Delhi_BTS_003,404-45-662-170,Delhi
CDR202600059409,2025-08-31,21:23:19,+919465710316,+918474679334,VOICE,242,404746308829195,359771736865822,Rajasthan_BTS_004,404-45-680-898,Rajasthan
CDR202600059410,2025-08-03,17:39:44,+919542143073,+919452078615,VOICE,7,404310575353735,353929736296970,TamilNadu_BTS_002,404-45-620-083,Tamil Nadu
CDR202600059436,2025-11-05,07:30:08,+916103891623,+917431858283,VOICE,46,404135913801316,354010231653852,Gujarat_BTS_005,404-45-716-028,Gujarat
CDR202600059441,2025-09-26,01:34:52,+917657701816,+919323880159,VOICE,10,404290177904632,359051882662015,UttarPradesh_BTS_012,404-45-233-653,Uttar Pradesh
CDR202600059474,2025-05-21,01:30:55,+919543842342,+917209789322,VOICE,188,404666891432872,357634487674403,Delhi_BTS_005,404-45-508-688,Delhi
CDR202600059479,2025-07-04,10:37:02,+919412279889,+919904689017,MISSED,0,404742125811759,355669329206147,Mumbai_BTS_011,404-45-287-286,Mumbai
CDR202600059497,2025-03-24,07:56:22,+917585716220,+919214351370,VOICE,146,404363593748675,354289159610964,Mumbai_BTS_010,404-45-296-195,Mumbai
CDR202600059500,2025-06-17,14:49:05,+919657398003,+917178752596,SMS,0,404963270339333,354474361947074,Mumbai_BTS_007,404-45-196-100,Mumbai
CDR202600059522,2025-06-11,09:13:35,+919396508569,+919628453819,VOICE,240,404310160200193,358461334613632,UttarPradesh_BTS_005,404-45-261-449,Uttar Pradesh
CDR202600059532,2025-10-08,10:56:17,+917616211754,+917395495786,SMS,0,404712582421360,358227114764107,Karnataka_BTS_003,404-45-597-493,Karnataka
CDR202600059535,2025-08-12,15:20:25,+919287806866,+918400893265,VOICE,46,404317535427419,350625043554090,Mumbai_BTS_006,404-45-319-553,Mumbai
CDR202600059557,2025-03-20,13:07:18,+916181430239,+919285970744,SMS,0,404052751582959,354399234354572,UttarPradesh_BTS_007,404-45-370-119,Uttar Pradesh
CDR202600059559,2025-09-29,08:28:05,+919042808278,+917663263059,MISSED,0,404575712996785,356618332548718,UttarPradesh_BTS_011,404-45-194-650,Uttar Pradesh
CDR202600059560,2025-12-03,04:02:32,+918298954274,+917699081158,VOICE,32,404881706569391,359320168809306,Karnataka_BTS_005,404-45-102-400,Karnataka
CDR202600059593,2025-12-22,01:36:06,+916943301385,+918088194577,VOICE,217,404004151792564,356526290123683,Karnataka_BTS_006,404-45-848-803,Karnataka
CDR202600059612,2025-05-03,21:26:27,+916014935471,+917729831850,VOICE,94,404631217936337,354618489071977,Rajasthan_BTS_018,404-45-713-332,Rajasthan
CDR202600059643,2025-05-16,23:55:51,+917608606220,+918603597095,VOICE,2,404201973355700,352893926195241,Maharashtra_BTS_004,404-45-146-678,Maharashtra
CDR202600059650,2025-09-24,01:44:32,+918847148726,+918920852919,VOICE,11,404215117026817,354306132324854,Mumbai_BTS_003,404-45-334-070,Mumbai
CDR202600059671,2025-08-25,05:12:37,+919438780852,+916618520377,VOICE,7,404112819947350,350967890531054,UttarPradesh_BTS_001,404-45-371-406,Uttar Pradesh
CDR202600059684,2025-01-03,11:29:27,+918286614720,+916592860335,VOICE,124,404857816593498,352339270348933,Mumbai_BTS_011,404-45-287-286,Mumbai
CDR202600059692,2025-08-02,21:51:31,+917450933245,+917373608917,VOICE,13,404307415655203,352333826252325,Mumbai_BTS_008,404-45-520-479,Mumbai
CDR202600059698,2025-01-04,15:36:00,+919023140164,+919646677603,VOICE,6,404424638219452,356872601576585,UttarPradesh_BTS_012,404-45-233-653,Uttar Pradesh
CDR202600059717,2025-09-21,00:24:03,+919204124085,+917108603202,VOICE,55,404446084536220,354704102314609,Mumbai_BTS_011,404-45-573-256,Mumbai
CDR202600059794,2025-03-29,12:57:44,+918386857947,+919113796021,VOICE,67,404078416980158,354034089734219,Rajasthan_BTS_001,404-45-801-333,Rajasthan
CDR202600059808,2025-02-05,23:23:38,+918984132297,+919359991607,VOICE,57,404120193048594,351266724525504,Rajasthan_BTS_010,404-45-710-066,Rajasthan
CDR202600059838,2025-12-06,14:12:12,+919490686177,+917879744097,VOICE,2,404737022699609,354548242674104,Maharashtra_BTS_003,404-45-487-081,Maharashtra
CDR202600059857,2025-11-03,16:33:59,+918487676514,+917171842568,VOICE,4,404449810199491,355125928503620,Rajasthan_BTS_016,404-45-303-157,Rajasthan
CDR202600059864,2025-06-22,21:01:21,+917783861621,+917161146802,SMS,0,404460293472453,357824539869332,Karnataka_BTS_003,404-45-270-417,Karnataka
CDR202600059867,2025-05-04,05:24:11,+919345231893,+918767649717,SMS,0,404841123582734,357477266962404,Mumbai_BTS_011,404-45-287-286,Mumbai
CDR202600059870,2025-09-24,06:39:30,+916258490597,+916258533748,VOICE,66,404593317489969,350869490524271,UttarPradesh_BTS_004,404-45-170-901,Uttar Pradesh
CDR202600059883,2025-07-01,18:44:02,+917304545626,+917910575483,VOICE,77,404789078770769,351128680552947,UttarPradesh_BTS_004,404-45-457-903,Uttar Pradesh
CDR202600059912,2025-01-15,03:21:29,+917420655631,+916812164446,SMS,0,404159086832337,355845559515604,Karnataka_BTS_004,404-45-985-411,Karnataka
CDR202600059933,2025-10-03,01:59:38,+918551596592,+917878981327,VOICE,11,404338100963198,352151321212916,Rajasthan_BTS_016,404-45-303-157,Rajasthan
CDR202600059941,2025-02-10,09:04:35,+919218212363,+916269527494,VOICE,71,404864939251722,353853246258055,Karnataka_BTS_006,404-45-835-499,Karnataka
CDR202600059950,2025-05-12,19:08:06,+919860882785,+919648858310,VOICE,261,404314479510459,359925939009870,WestBengal_BTS_009,404-45-571-359,West Bengal
CDR202600059956,2025-10-01,00:42:49,+919412279889,+917831722775,VOICE,96,404742125811759,351180589509932,Rajasthan_BTS_013,404-45-400-446,Rajasthan
CDR202600059959,2025-11-17,03:57:35,+916356168385,+917171842568,VOICE,15,404438340090633,359810156099465,Mumbai_BTS_010,404-45-211-255,Mumbai
CDR202600059966,2025-02-23,15:54:18,+919178210985,+916226265278,VOICE,167,404425048093655,359903198641263,Rajasthan_BTS_010,404-45-494-391,Rajasthan
CDR202600059970,2025-02-26,17:08:33,+918755260741,+918364246419,VOICE,92,404293227877544,359448853760949,Mumbai_BTS_010,404-45-919-883,Mumbai
CDR202600059977,2025-05-21,07:49:41,+916422315453,+919236415175,VOICE,185,404072612434239,357554956412350,Rajasthan_BTS_003,404-45-924-324,Rajasthan
CDR202600059981,2025-03-11,02:33:11,+918295824059,+918236349159,SMS,0,404632590114941,358274840681605,WestBengal_BTS_001,404-45-415-374,West Bengal
CDR202600059992,2025-03-10,05:24:18,+916273753603,+917342355593,VOICE,7,404679126137888,350931003806598,Rajasthan_BTS_010,404-45-710-480,Rajasthan
CDR202600059994,2025-02-19,10:56:00,+919351625080,+919101709809,MISSED,0,404672366437823,358068472472595,WestBengal_BTS_001,404-45-981-041,West Bengal
CDR202600060012,2025-01-16,17:25:02,+918102583915,+918717621688,VOICE,286,404910009767995,351480065353379,UttarPradesh_BTS_011,404-45-194-650,Uttar Pradesh
CDR202600060037,2025-05-05,16:27:44,+916573002449,+918722317359,SMS,0,404682769159976,356450019365154,Gujarat_BTS_001,404-45-859-282,Gujarat
CDR202600060051,2025-04-09,13:25:18,+917341911520,+916817019152,SMS,0,404117438748259,359513030651209,Maharashtra_BTS_005,404-45-891-297,Maharashtra
CDR202600060080,2025-10-06,19:15:19,+918490503411,+916840406072,VOICE,32,404244804282797,352767762527009,Maharashtra_BTS_002,404-45-926-045,Maharashtra
CDR202600060107,2025-07-02,12:38:24,+917323528953,+918240090833,SMS,0,404716200648179,352471397374132,TamilNadu_BTS_003,404-45-169-692,Tamil Nadu
CDR202600060109,2025-03-28,08:20:57,+916442684297,+917989006771,SMS,0,404728455310117,352482924180978,Gujarat_BTS_007,404-45-703-285,Gujarat
CDR202600060129,2025-08-13,17:58:38,+918627855226,+919452078615,VOICE,38,404623407165712,357893830512619,Mumbai_BTS_010,404-45-211-255,Mumbai
CDR202600060130,2025-03-15,14:39:26,+918546159812,+919327614369,VOICE,349,404480483142334,351363941892545,Rajasthan_BTS_011,404-45-796-739,Rajasthan
CDR202600060146,2025-11-28,03:37:42,+916554063783,+919646677603,VOICE,38,404519189662471,357822312444994,Rajasthan_BTS_005,404-45-505-906,Rajasthan
CDR202600060154,2025-08-28,02:11:29,+916689110404,+919984450515,VOICE,6,404308616635728,356042658571289,TamilNadu_BTS_004,404-45-683-253,Tamil Nadu
CDR202600060157,2025-03-01,04:41:04,+916555736210,+916746930885,SMS,0,404966266009880,350500866060146,Mumbai_BTS_010,404-45-211-255,Mumbai
CDR202600060180,2025-10-05,11:54:01,+919712984147,+917685568330,SMS,0,404091974985667,351031888645932,Rajasthan_BTS_003,404-45-924-324,Rajasthan
CDR202600060194,2025-01-31,11:17:37,+917927220453,+916554092657,VOICE,588,404382421878463,351582394336178,WestBengal_BTS_001,404-45-415-374,West Bengal
CDR202600060217,2025-10-27,21:09:04,+919527918728,+918873257050,VOICE,327,404243614792015,359221184378162,Maharashtra_BTS_002,404-45-718-271,Maharashtra
CDR202600060221,2025-02-17,21:29:08,+916703211022,+918432776971,VOICE,5,404192686356883,359390218447852,UttarPradesh_BTS_005,404-45-478-292,Uttar Pradesh
CDR202600060234,2025-07-10,16:20:08,+917014074405,+918157830462,VOICE,32,404622449361327,350699913787601,Maharashtra_BTS_002,404-45-926-045,Maharashtra
CDR202600060265,2025-12-05,09:10:42,+919643161238,+917432546754,VOICE,8,404136035161352,352786109936012,Rajasthan_BTS_001,404-45-801-333,Rajasthan
CDR202600060290,2025-07-22,10:34:05,+918137590809,+919306698575,VOICE,76,404858187826108,351268164193447,Rajasthan_BTS_019,404-45-471-900,Rajasthan
CDR202600060309,2025-06-30,11:08:42,+917359719859,+917677034529,VOICE,12,404240317601608,354592347771866,UttarPradesh_BTS_007,404-45-999-138,Uttar Pradesh
CDR202600060332,2025-10-29,22:35:10,+918322265984,+919507571068,VOICE,148,404767903611074,350175334487523,Delhi_BTS_005,404-45-830-320,Delhi
CDR202600060338,2025-05-22,19:21:03,+919608432355,+916044245685,MISSED,0,404951644052748,358294560023919,Delhi_BTS_001,404-45-999-581,Delhi
CDR202600060363,2025-06-29,09:07:13,+919721191025,+917492476795,SMS,0,404574031182872,354145590843491,Maharashtra_BTS_005,404-45-891-297,Maharashtra
CDR202600060378,2025-07-08,16:21:13,+918859333151,+918873257050,VOICE,79,404903536141371,358737129789861,Maharashtra_BTS_004,404-45-691-197,Maharashtra
CDR202600060403,2025-10-05,03:24:57,+919760336347,+917108740274,VOICE,33,404052980431519,357386126739579,UttarPradesh_BTS_015,404-45-658-037,Uttar Pradesh
CDR202600060413,2025-05-20,18:30:21,+917383105771,+919853475138,VOICE,459,404072334392738,353451269636078,TamilNadu_BTS_001,404-45-614-942,Tamil Nadu
CDR202600060417,2025-07-20,06:48:51,+918392224753,+916755932249,VOICE,362,404031696528619,356299197189232,Mumbai_BTS_010,404-45-296-195,Mumbai
CDR202600060423,2025-02-26,07:13:44,+916972919814,+916487189258,VOICE,448,404515907854904,354649006026539,Rajasthan_BTS_007,404-45-605-094,Rajasthan
CDR202600060446,2025-06-12,06:37:18,+919220111302,+918376125529,VOICE,93,404713481308588,350336213338662,Mumbai_BTS_010,404-45-919-883,Mumbai
CDR202600060451,2025-11-18,07:56:30,+916287579696,+917930975792,VOICE,311,404757122694855,358184354002053,TamilNadu_BTS_002,404-45-620-083,Tamil Nadu
CDR202600060525,2025-06-06,01:20:10,+917378976564,+918795819815,VOICE,95,404187577361242,353647773634220,Maharashtra_BTS_003,404-45-649-128,Maharashtra
CDR202600060528,2025-12-23,16:25:25,+919603354202,+919742190697,SMS,0,404795476230136,351007800716478,Maharashtra_BTS_006,404-45-489-285,Maharashtra
CDR202600060538,2025-09-08,19:20:18,+916894597697,+919200513954,MISSED,0,404887496905154,354428240124841,UttarPradesh_BTS_014,404-45-214-078,Uttar Pradesh
CDR202600060553,2025-04-21,19:18:05,+918328592327,+917418009970,VOICE,39,404933913108264,351658428499023,Rajasthan_BTS_009,404-45-742-164,Rajasthan
CDR202600060576,2025-11-09,06:43:46,+919247226702,+916915091394,SMS,0,404084303248397,355393080966271,Karnataka_BTS_006,404-45-835-499,Karnataka
CDR202600060585,2025-04-26,10:20:47,+917888161534,+918688240084,VOICE,31,404711002684518,351045136207423,Rajasthan_BTS_001,404-45-670-225,Rajasthan
CDR202600060594,2025-11-25,14:22:17,+916714343605,+918633678438,VOICE,3,404459437287339,356653731035385,Rajasthan_BTS_010,404-45-710-066,Rajasthan
CDR202600060597,2025-12-15,07:18:39,+916983923513,+918454888055,MISSED,0,404363989843685,354481823348266,Delhi_BTS_002,404-45-935-071,Delhi
CDR202600060607,2025-11-29,06:52:11,+918675450204,+917681920514,VOICE,394,404606901726649,351916851003881,Maharashtra_BTS_005,404-45-891-297,Maharashtra
CDR202600060618,2025-01-05,00:54:45,+916151083930,+918569626036,VOICE,20,404467029117951,352497058483176,Mumbai_BTS_011,404-45-243-433,Mumbai
CDR202600060622,2025-08-06,14:39:03,+918407317690,+917221851476,SMS,0,404328511152985,358813516346780,UttarPradesh_BTS_010,404-45-749-874,Uttar Pradesh
CDR202600060630,2025-04-08,10:47:40,+916306053410,+918424561047,SMS,0,404518670939366,350739963840208,UttarPradesh_BTS_010,404-45-308-704,Uttar Pradesh
CDR202600060649,2025-04-03,17:26:13,+917076046015,+918555623598,SMS,0,404106110843554,354713455906473,Mumbai_BTS_002,404-45-107-073,Mumbai
CDR202600060651,2025-11-09,17:32:32,+917043500526,+919298701709,VOICE,108,404353242881599,356365833135701,Karnataka_BTS_005,404-45-565-293,Karnataka
CDR202600060658,2025-09-07,04:31:05,+919426605477,+918622131877,VOICE,176,404281266825758,351254062917245,Maharashtra_BTS_008,404-45-818-960,Maharashtra
CDR202600060660,2025-12-14,03:01:52,+917545752288,+919549361024,VOICE,112,404475113780964,352800270256052,WestBengal_BTS_002,404-45-205-363,West Bengal
CDR202600060669,2025-01-30,13:10:01,+919049703711,+919839346283,VOICE,39,404045518190274,359813133150884,Maharashtra_BTS_002,404-45-718-271,Maharashtra
CDR202600060697,2025-03-20,08:20:48,+918435705453,+919821754200,VOICE,23,404975665280218,352397450368280,Rajasthan_BTS_019,404-45-471-900,Rajasthan
CDR202600060702,2025-02-21,21:06:04,+916287791425,+919182023723,VOICE,57,404318482755004,356097537250180,TamilNadu_BTS_006,404-45-367-210,Tamil Nadu
CDR202600060711,2025-02-03,18:13:54,+916258490597,+919097960696,VOICE,291,404593317489969,350869490524271,Rajasthan_BTS_006,404-45-242-253,Rajasthan
CDR202600060718,2025-12-28,11:27:11,+917050477573,+917339269344,VOICE,115,404434289472964,358822575952937,Rajasthan_BTS_007,404-45-241-522,Rajasthan
CDR202600060755,2025-10-30,17:35:48,+917404000152,+919257733146,VOICE,187,404967270035012,354392592563246,Karnataka_BTS_006,404-45-813-981,Karnataka
CDR202600060757,2025-02-17,13:29:35,+916063966410,+916512704513,VOICE,183,404070548336706,353875909560799,TamilNadu_BTS_006,404-45-773-598,Tamil Nadu
CDR202600060778,2025-10-13,22:03:33,+918423615977,+918682534164,VOICE,20,404295661773022,353717238749222,WestBengal_BTS_003,404-45-342-886,West Bengal
CDR202600060779,2025-08-08,07:07:51,+917626199883,+919513060332,VOICE,219,404507071303814,353393518845284,Rajasthan_BTS_001,404-45-755-705,Rajasthan
CDR202600060781,2025-01-24,09:17:26,+916101094421,+918310597374,VOICE,60,404540278138947,354038409418467,Mumbai_BTS_006,404-45-319-553,Mumbai
CDR202600060801,2025-08-03,10:44:21,+917000470076,+917620952623,VOICE,1,404999139484040,353462981428845,WestBengal_BTS_008,404-45-979-482,West Bengal
CDR202600060814,2025-07-16,12:56:23,+918100645658,+918770154973,SMS,0,404157070647566,350637571588511,UttarPradesh_BTS_006,404-45-108-684,Uttar Pradesh
CDR202600060824,2025-12-30,17:54:19,+919317458536,+916774850187,SMS,0,404530413526928,358536425601722,UttarPradesh_BTS_002,404-45-869-959,Uttar Pradesh
CDR202600060831,2025-11-02,17:20:24,+916328184934,+918703981944,VOICE,21,404583241400385,359793599601184,Mumbai_BTS_003,404-45-334-070,Mumbai
CDR202600060858,2025-04-15,04:04:56,+918770154973,+918975960666,VOICE,222,404153539694369,356833152946207,Gujarat_BTS_006,404-45-833-666,Gujarat
CDR202600060870,2025-02-10,13:45:37,+917143289283,+917579380458,VOICE,75,404435207342606,356486842884302,Delhi_BTS_003,404-45-533-988,Delhi
CDR202600060873,2025-09-13,15:14:05,+917563086932,+919023140164,VOICE,31,404862516999755,350554645236161,Rajasthan_BTS_016,404-45-619-624,Rajasthan
CDR202600060894,2025-02-03,21:50:39,+919143666828,+919646677603,MISSED,0,404788257954230,350532528505546,Mumbai_BTS_008,404-45-520-479,Mumbai
CDR202600060899,2025-12-23,21:37:04,+917686460305,+916133167035,VOICE,126,404850148023092,356635398358522,WestBengal_BTS_005,404-45-521-822,West Bengal
CDR202600060916,2025-11-24,11:17:48,+918920504821,+919328815148,VOICE,41,404097448950851,352197472784019,Karnataka_BTS_002,404-45-195-949,Karnataka
CDR202600060923,2025-06-09,19:42:45,+917419433566,+918974053486,VOICE,94,404915396580315,350868705936434,Maharashtra_BTS_001,404-45-881-345,Maharashtra
CDR202600060951,2025-08-24,13:44:42,+918127731517,+918254988862,SMS,0,404106289546453,351181809782656,UttarPradesh_BTS_012,404-45-233-653,Uttar Pradesh
CDR202600060985,2025-01-31,15:11:29,+918359881031,+916380745151,VOICE,136,404135610364229,354628540500510,Maharashtra_BTS_005,404-45-181-876,Maharashtra
CDR202600060992,2025-05-09,12:56:39,+917290901124,+916526242820,VOICE,25,404210165194296,351588803623626,Karnataka_BTS_002,404-45-195-949,Karnataka
CDR202600060999,2025-08-26,06:41:35,+917184224644,+917640376327,VOICE,115,404835045739047,351288647920621,Rajasthan_BTS_005,404-45-505-906,Rajasthan
CDR202600061030,2025-01-19,02:27:16,+917999412339,+916631863027,SMS,0,404657481770655,358902426015116,Gujarat_BTS_004,404-45-130-096,Gujarat
CDR202600061046,2025-03-29,07:38:39,+916626975384,+918775493694,VOICE,35,404603335093413,356560950964877,TamilNadu_BTS_001,404-45-614-942,Tamil Nadu
CDR202600061047,2025-11-09,23:35:59,+919128534581,+917822157183,VOICE,118,404538664090915,351891389419133,UttarPradesh_BTS_015,404-45-658-037,Uttar Pradesh
CDR202600061055,2025-04-09,15:21:11,+918920232094,+918904179965,VOICE,100,404662282546267,355693000456372,Rajasthan_BTS_006,404-45-651-270,Rajasthan
CDR202600061105,2025-04-25,00:50:28,+917882935563,+919853710386,SMS,0,404969674654992,356294606328765,Karnataka_BTS_005,404-45-371-949,Karnataka
CDR202600061119,2025-04-16,04:21:55,+916978831456,+918922821401,VOICE,337,404618525129513,354134248926861,Rajasthan_BTS_015,404-45-282-520,Rajasthan
CDR202600061127,2025-08-07,05:47:40,+916915091394,+918680045420,VOICE,31,404678390636710,353917473967662,Delhi_BTS_006,404-45-223-254,Delhi
CDR202600061129,2025-01-05,17:08:12,+919646677603,+918917058490,VOICE,419,404906353162020,358393665012573,Gujarat_BTS_008,404-45-814-433,Gujarat
CDR202600061132,2025-07-18,20:10:44,+918277560490,+917628158707,SMS,0,404282448607808,354325059591230,Rajasthan_BTS_006,404-45-862-575,Rajasthan
CDR202600061137,2025-01-25,07:19:06,+919568579913,+919217424995,VOICE,238,404144321290767,350287219290403,Rajasthan_BTS_016,404-45-303-157,Rajasthan
CDR202600061142,2025-01-07,21:51:30,+916439420587,+916856748346,SMS,0,404788074481092,350641690400077,WestBengal_BTS_005,404-45-521-822,West Bengal
CDR202600061153,2025-01-23,12:19:08,+918485572124,+916935232307,VOICE,56,404289039592310,350896790333888,WestBengal_BTS_008,404-45-979-482,West Bengal
CDR202600061165,2025-01-28,01:50:52,+919157797608,+919798695428,VOICE,149,404979414196096,356849513098134,Mumbai_BTS_007,404-45-348-804,Mumbai
CDR202600061179,2025-11-11,21:03:07,+918288721976,+917927220453,SMS,0,404319945274648,353701632990084,Rajasthan_BTS_018,404-45-713-332,Rajasthan
CDR202600061194,2025-08-29,23:51:11,+919749512252,+916737986034,VOICE,135,404305430800313,355421551174700,WestBengal_BTS_002,404-45-205-363,West Bengal
CDR202600061203,2025-11-16,06:09:31,+918328382428,+917675071712,VOICE,96,404315680743434,354916046949658,Gujarat_BTS_007,404-45-325-460,Gujarat
CDR202600061208,2025-03-29,16:46:13,+919887253640,+917310983111,MISSED,0,404501885961971,352842861413445,Rajasthan_BTS_007,404-45-697-409,Rajasthan
CDR202600061215,2025-08-16,20:08:33,+916187949263,+917500004938,VOICE,297,404547143300286,355413855407668,Rajasthan_BTS_001,404-45-801-333,Rajasthan
CDR202600061218,2025-07-05,03:54:58,+917956715869,+918656840206,VOICE,135,404064578569697,354154495564015,TamilNadu_BTS_001,404-45-698-489,Tamil Nadu
CDR202600061225,2025-07-03,21:41:12,+916555703019,+916648021488,VOICE,715,404623780757354,354563627339593,Rajasthan_BTS_001,404-45-755-705,Rajasthan
CDR202600061239,2025-11-19,13:11:22,+917691247999,+917044675054,SMS,0,404424539989228,351596209600217,Mumbai_BTS_007,404-45-348-804,Mumbai
CDR202600061242,2025-08-10,05:19:14,+917896616394,+918584425155,VOICE,38,404591387784449,355233668357798,Rajasthan_BTS_001,404-45-755-705,Rajasthan
CDR202600061243,2025-06-03,06:53:38,+919057787504,+919276996642,VOICE,364,404579201745518,358322884906606,Delhi_BTS_002,404-45-884-129,Delhi
CDR202600061249,2025-02-05,05:48:39,+916462747289,+917550383982,VOICE,5,404684444145774,356854940022610,Delhi_BTS_006,404-45-548-922,Delhi
CDR202600061268,2025-02-08,00:38:11,+917237041157,+918477793470,VOICE,82,404908281908272,353478699372958,Maharashtra_BTS_002,404-45-926-045,Maharashtra
CDR202600061283,2025-12-03,00:30:34,+918268162582,+917422340821,VOICE,301,404801572112221,357820007130011,Rajasthan_BTS_009,404-45-911-697,Rajasthan
CDR202600061312,2025-12-02,13:05:10,+918020468718,+918974264082,VOICE,223,404684371338517,356200861560630,Rajasthan_BTS_006,404-45-862-575,Rajasthan
CDR202600061313,2025-03-15,22:01:20,+917613843116,+919585712366,SMS,0,404851171872382,354622320862104,Mumbai_BTS_004,404-45-980-339,Mumbai
CDR202600061322,2025-03-12,01:07:54,+919500387142,+916633100802,VOICE,23,404723869506877,355298936817240,Rajasthan_BTS_017,404-45-880-166,Rajasthan
CDR202600061324,2025-12-07,19:29:20,+918182107087,+919465637402,SMS,0,404499690366878,351125527226758,UttarPradesh_BTS_013,404-45-265-760,Uttar Pradesh
CDR202600061348,2025-08-01,13:29:08,+916769527221,+916340915191,VOICE,70,404696590970806,359208555802153,UttarPradesh_BTS_009,404-45-378-289,Uttar Pradesh
CDR202600061350,2025-06-06,18:14:36,+917113752610,+918709535686,SMS,0,404965372788505,358467100462428,TamilNadu_BTS_006,404-45-678-536,Tamil Nadu
CDR202600061374,2025-10-02,22:29:57,+917815142697,+916380745151,VOICE,114,404606943001039,356026719009536,Maharashtra_BTS_008,404-45-173-624,Maharashtra
CDR202600061380,2025-02-23,19:04:20,+919452078615,+918794579254,VOICE,94,404544400183621,353284919601007,Mumbai_BTS_007,404-45-516-195,Mumbai
CDR202600061382,2025-06-20,10:04:43,+916445008061,+919201163316,SMS,0,404426404268890,353940679501058,Mumbai_BTS_008,404-45-984-747,Mumbai
CDR202600061428,2025-03-19,21:53:27,+917526964242,+918667446338,VOICE,97,404916845285673,357785855799387,UttarPradesh_BTS_006,404-45-108-684,Uttar Pradesh
CDR202600061446,2025-10-18,11:54:45,+919853710386,+916122316532,MISSED,0,404539244478218,350625945342604,Delhi_BTS_002,404-45-878-546,Delhi
CDR202600061470,2025-01-27,17:56:14,+916184078828,+917314734437,SMS,0,404812761170959,353425608553366,WestBengal_BTS_003,404-45-266-820,West Bengal
CDR202600061491,2025-12-13,02:33:09,+919061843686,+919276996642,SMS,0,404270957763063,355088554347445,Delhi_BTS_003,404-45-533-988,Delhi
CDR202600061550,2025-08-08,19:46:18,+917761792416,+919553638194,VOICE,46,404131629932306,355468468305072,Rajasthan_BTS_019,404-45-414-246,Rajasthan
CDR202600061571,2025-12-22,02:21:13,+917633936325,+916692588788,VOICE,47,404564318343973,359861840739734,TamilNadu_BTS_006,404-45-367-210,Tamil Nadu
CDR202600061589,2025-10-17,20:09:04,+918639338747,+919491338072,VOICE,15,404442834128049,359991110427423,Rajasthan_BTS_009,404-45-911-697,Rajasthan
CDR202600061603,2025-01-17,12:25:21,+918651935198,+918837566907,SMS,0,404976508666392,354895805684085,Rajasthan_BTS_004,404-45-374-068,Rajasthan
CDR202600061612,2025-10-18,19:14:09,+918681740159,+919899054849,VOICE,83,404480391266138,350593507254835,Rajasthan_BTS_011,404-45-796-739,Rajasthan
CDR202600061613,2025-02-22,23:56:45,+919512697264,+918010291465,VOICE,118,404687329557860,357702846825641,WestBengal_BTS_002,404-45-315-699,West Bengal
CDR202600061634,2025-03-16,03:41:30,+918913462521,+919526850403,VOICE,263,404992533957754,355571675172262,Karnataka_BTS_006,404-45-848-803,Karnataka
CDR202600061635,2025-03-21,08:58:37,+919328815148,+919974114129,VOICE,98,404255178322318,353619813959977,UttarPradesh_BTS_005,404-45-478-292,Uttar Pradesh
CDR202600061644,2025-12-23,23:28:44,+919881228463,+916434487669,SMS,0,404416676698069,354449453441702,Rajasthan_BTS_004,404-45-374-068,Rajasthan
CDR202600061647,2025-11-06,08:26:48,+918717376633,+917529369336,VOICE,72,404581074703215,351996534521791,Rajasthan_BTS_012,404-45-798-907,Rajasthan
CDR202600061656,2025-08-19,22:48:10,+918896700599,+919912838915,VOICE,15,404224463462688,353890744505518,UttarPradesh_BTS_006,404-45-108-684,Uttar Pradesh
CDR202600061661,2025-12-21,01:56:58,+919761446279,+917673887251,VOICE,267,404260460052654,353916337560862,Delhi_BTS_005,404-45-830-320,Delhi
CDR202600061677,2025-10-29,20:47:18,+917916621634,+918207421117,SMS,0,404897872118954,352979357894420,Maharashtra_BTS_003,404-45-949-644,Maharashtra
CDR202600061688,2025-01-23,03:26:49,+918806068335,+916221886111,VOICE,50,404649360691591,353474900115450,Maharashtra_BTS_007,404-45-314-687,Maharashtra
CDR202600061693,2025-10-25,23:52:07,+917716485521,+917253451310,VOICE,292,404393304698901,352934073222652,Delhi_BTS_002,404-45-884-129,Delhi
CDR202600061710,2025-12-23,13:08:48,+918442782692,+916177150902,VOICE,124,404643711503373,350790045417054,WestBengal_BTS_002,404-45-315-699,West Bengal
CDR202600061712,2025-10-07,23:12:50,+917900254663,+917479470235,VOICE,226,404155538112761,358001207637750,Rajasthan_BTS_009,404-45-742-164,Rajasthan
CDR202600061715,2025-09-06,20:19:08,+918435706138,+917368161949,VOICE,162,404051141076574,351695592401100,UttarPradesh_BTS_010,404-45-308-704,Uttar Pradesh
CDR202600061718,2025-12-18,12:47:58,+916826741529,+918328592327,VOICE,120,404295436246419,351840173473246,Delhi_BTS_002,404-45-884-129,Delhi
CDR202600061727,2025-06-29,11:48:10,+917842720451,+916605441163,VOICE,127,404995404914739,354654089540237,Rajasthan_BTS_013,404-45-400-446,Rajasthan
CDR202600061761,2025-04-14,16:24:23,+919952972156,+917431858283,VOICE,218,404786021529062,357522266580633,UttarPradesh_BTS_010,404-45-370-518,Uttar Pradesh
CDR202600061773,2025-07-31,15:51:10,+919298342479,919039475057,VOICE,175,404499213326899,350199550923964,UttarPradesh_BTS_003,404-45-736-577,Uttar Pradesh
CDR202600061797,2025-05-23,01:46:39,+916364909509,+917673887251,VOICE,32,404889996491290,356044494524640,Mumbai_BTS_001,404-45-446-022,Mumbai
CDR202600061815,2025-08-01,23:50:12,+919576215979,+919862611497,VOICE,315,404234906021012,353154900503279,Rajasthan_BTS_017,404-45-652-977,Rajasthan
CDR202600061817,2025-06-06,15:49:10,+919552996514,+918728614929,VOICE,5,404076296959007,353878441205307,Rajasthan_BTS_001,404-45-670-225,Rajasthan
CDR202600061826,2025-10-02,18:44:55,+919361529518,+917419433566,VOICE,320,404341404348425,359384318643394,Maharashtra_BTS_007,404-45-750-855,Maharashtra
CDR202600061849,2025-10-31,16:50:51,+916737976191,+916994020707,MISSED,0,404089211712971,357563320771707,Mumbai_BTS_005,404-45-626-244,Mumbai
CDR202600061850,2025-12-26,04:49:23,+916040197081,+919757191370,VOICE,147,404410923528424,356686402974627,WestBengal_BTS_006,404-45-373-164,West Bengal
CDR202600061877,2025-10-31,12:08:38,+918750768303,+917209789322,VOICE,23,404117829462980,353112937803348,Maharashtra_BTS_001,404-45-881-345,Maharashtra
CDR202600061880,2025-12-19,02:27:46,+918523925711,+917297744721,VOICE,170,404535658098410,357177636441418,Karnataka_BTS_003,404-45-597-493,Karnataka
CDR202600061893,2025-11-16,08:41:06,+919972021973,+918233464916,VOICE,276,404093792781281,359865023017577,Rajasthan_BTS_006,404-45-242-253,Rajasthan
CDR202600061927,2025-04-13,08:18:16,+917230641068,+916839947164,VOICE,176,404636869738828,359867103416528,UttarPradesh_BTS_003,404-45-618-272,Uttar Pradesh
CDR202600061940,2025-08-02,04:37:53,+917202552638,+917180766825,VOICE,130,404133676382269,353096171519449,Rajasthan_BTS_015,404-45-282-520,Rajasthan
CDR202600061960,2025-06-16,21:55:53,+918967764489,+918761808684,SMS,0,404711086432703,354118656446829,Delhi_BTS_005,404-45-508-688,Delhi
CDR202600061964,2025-06-14,22:37:04,+917769880325,+917508281755,VOICE,41,404801749798966,359803435969244,Delhi_BTS_006,404-45-223-254,Delhi
CDR202600061965,2025-03-30,22:56:31,+916543542858,+917795530276,VOICE,23,404184465740399,354240144634234,Delhi_BTS_002,404-45-884-129,Delhi
CDR202600061975,2025-09-30,20:55:00,+918696518496,+917603867893,VOICE,16,404446955706436,351926192706658,TamilNadu_BTS_002,404-45-620-083,Tamil Nadu
CDR202600061976,2025-09-15,05:08:13,+919294197334,+918326261900,VOICE,4,404067766604169,356584800594707,Rajasthan_BTS_019,404-45-951-827,Rajasthan
CDR202600061977,2025-05-26,09:45:13,+917587782945,+916872734446,VOICE,115,404885525368051,351411372625926,Gujarat_BTS_007,404-45-928-891,Gujarat
CDR202600061987,2025-12-29,18:02:03,+917751254001,+917750018186,VOICE,9,404567561151926,353506940905068,Gujarat_BTS_007,404-45-106-778,Gujarat
CDR202600062003,2025-09-04,20:43:42,+919451570393,+918132420926,VOICE,82,404431585257385,356803978871410,Maharashtra_BTS_009,404-45-646-747,Maharashtra
CDR202600062011,2025-04-15,11:07:34,+918968056290,+916703033328,VOICE,67,404027205634437,356644502171822,Karnataka_BTS_003,404-45-597-493,Karnataka
CDR202600062060,2025-04-23,19:37:31,+916268821410,+918652075882,VOICE,246,404737652846641,358278249628790,Rajasthan_BTS_013,404-45-448-115,Rajasthan
CDR202600062065,2025-05-05,09:17:49,+918779429404,+917638207595,VOICE,24,404927639251444,352602243908697,WestBengal_BTS_002,404-45-315-699,West Bengal
CDR202600062072,2025-01-15,05:52:53,+917077627316,+917450451256,SMS,0,404000838969825,356960497145501,Maharashtra_BTS_005,404-45-891-297,Maharashtra
CDR202600062077,2025-04-12,10:25:57,+917743665975,+917271368384,VOICE,106,404983807668781,350238873106789,Rajasthan_BTS_003,404-45-924-324,Rajasthan
CDR202600062126,2025-09-14,03:10:26,+918654875595,+919319179958,MISSED,0,404421861171602,354178540656616,Rajasthan_BTS_019,404-45-471-900,Rajasthan
CDR202600062127,2025-03-17,22:44:00,+918576831931,+916060422207,VOICE,246,404874662606356,354670184733650,Maharashtra_BTS_006,404-45-987-104,Maharashtra
CDR202600062154,2025-10-15,01:49:38,+916248625695,+917804613999,VOICE,171,404511666786182,351489184343970,Gujarat_BTS_001,404-45-859-282,Gujarat
CDR202600062162,2025-03-08,22:16:04,+916280269526,+919393824493,VOICE,61,404988750332190,350750000931976,Rajasthan_BTS_016,404-45-619-624,Rajasthan
CDR202600062203,2025-07-11,12:35:45,+917482776881,+917372530248,SMS,0,404481254424339,356087967257167,Rajasthan_BTS_010,404-45-641-258,Rajasthan
CDR202600062211,2025-09-28,18:31:41,+917715450816,+917940693676,SMS,0,404559483795776,350885665599265,Maharashtra_BTS_003,404-45-665-301,Maharashtra
CDR202600062225,2025-05-03,12:25:59,+918495824226,+916850067098,SMS,0,404900690737171,358171900032438,UttarPradesh_BTS_012,404-45-441-790,Uttar Pradesh
CDR202600062269,2025-11-02,10:49:48,+919530314068,+919054859051,VOICE,21,404804128367972,359616751095436,Maharashtra_BTS_009,404-45-350-168,Maharashtra
CDR202600062283,2025-04-16,12:26:18,+916009017229,+919825794292,VOICE,105,404164672702254,355763030352940,Mumbai_BTS_007,404-45-348-804,Mumbai
CDR202600062298,2025-09-07,10:29:57,+919677377861,+917612767588,VOICE,153,404890412617546,352285292131740,Rajasthan_BTS_009,404-45-742-164,Rajasthan
CDR202600062301,2025-01-02,07:57:42,+917815142697,+916323599598,VOICE,156,404606943001039,356763833583315,WestBengal_BTS_009,404-45-304-837,West Bengal
CDR202600062304,2025-10-18,04:22:39,+918711454494,+918795312826,SMS,0,404652223659706,358597592589690,Rajasthan_BTS_010,404-45-710-480,Rajasthan
CDR202600062306,2025-04-06,17:18:13,+916438482536,+919580276965,SMS,0,404427660585723,353321647417296,TamilNadu_BTS_002,404-45-158-984,Tamil Nadu
CDR202600062313,2025-08-31,23:03:11,+917171842568,+918920232094,VOICE,78,404252713599901,358603731024972,UttarPradesh_BTS_010,404-45-749-874,Uttar Pradesh
CDR202600062321,2025-02-07,03:20:35,+919991261302,+919332010730,VOICE,52,404417759473151,357572924518641,UttarPradesh_BTS_002,404-45-568-324,Uttar Pradesh
CDR202600062325,2025-04-11,13:18:53,+919298981264,+917447958997,VOICE,349,404399381767864,358404746457162,Maharashtra_BTS_006,404-45-489-285,Maharashtra
CDR202600062339,2025-01-10,01:55:44,+919968120151,+918113944188,VOICE,25,404645811439986,357756727064122,Delhi_BTS_005,404-45-830-320,Delhi
CDR202600062352,2025-02-17,13:30:04,+918330812607,+916591627817,VOICE,48,404094384629871,350010619845166,Delhi_BTS_005,404-45-508-688,Delhi
CDR202600062360,2025-03-10,04:10:32,+918984132297,+919089404735,VOICE,15,404120193048594,351266724525504,Karnataka_BTS_006,404-45-669-678,Karnataka
CDR202600062382,2025-08-18,09:39:23,+917395495786,+918972254404,VOICE,122,404919648471434,356563235200876,Delhi_BTS_006,404-45-223-254,Delhi
CDR202600062394,2025-02-20,08:12:45,+917309336129,+918670674421,VOICE,22,404982581860448,358566519455425,Maharashtra_BTS_002,404-45-967-353,Maharashtra
CDR202600062396,2025-09-23,07:14:10,+918878165080,+916701586456,VOICE,571,404774875374995,353631365164151,Karnataka_BTS_005,404-45-902-804,Karnataka
CDR202600062403,2025-09-13,14:47:51,+919063194499,+919915871865,VOICE,20,404753725667694,358253392310536,Rajasthan_BTS_009,404-45-742-164,Rajasthan
CDR202600062421,2025-10-03,07:08:43,+916019571525,+916761030215,VOICE,110,404708481961094,359511499339966,Maharashtra_BTS_001,404-45-204-095,Maharashtra
CDR202600062493,2025-03-13,17:47:13,+918919039211,+917178752596,VOICE,89,404084463018761,353828597616172,Maharashtra_BTS_002,404-45-718-271,Maharashtra
CDR202600062544,2025-11-04,16:16:39,+916737413407,+919127074536,VOICE,116,404971211694143,354058082481124,Mumbai_BTS_004,404-45-980-339,Mumbai
CDR202600062559,2025-06-13,04:04:59,+919270677163,+916157613488,VOICE,190,404525869501866,351833670482865,UttarPradesh_BTS_002,404-45-568-324,Uttar Pradesh
CDR202600062565,2025-04-28,05:09:02,+919568579913,+918242708372,VOICE,229,404144321290767,350287219290403,WestBengal_BTS_003,404-45-266-820,West Bengal
CDR202600062611,2025-11-10,16:54:42,+919179764187,+918424536515,VOICE,157,404565894446617,353029538286091,Mumbai_BTS_007,404-45-348-804,Mumbai
CDR202600062616,2025-10-09,04:04:27,+918724916989,+919709224510,VOICE,31,404497481152362,358060089956901,Rajasthan_BTS_003,404-45-924-324,Rajasthan
CDR202600062626,2025-04-29,11:26:42,+916605441163,+917861070842,VOICE,29,404207652835216,355094604612376,Rajasthan_BTS_019,404-45-951-827,Rajasthan
CDR202600062629,2025-04-25,03:59:26,+918733363458,+917155280155,VOICE,189,404964620229276,351879029743038,Rajasthan_BTS_005,404-45-771-512,Rajasthan
CDR202600062635,2025-07-02,00:44:48,+916543542858,+919287806866,VOICE,455,404184465740399,350842797827444,Rajasthan_BTS_017,404-45-880-166,Rajasthan
CDR202600062659,2025-12-25,12:47:41,+919577317725,+917223668590,VOICE,40,404822119220570,351809918644252,UttarPradesh_BTS_014,404-45-214-078,Uttar Pradesh
CDR202600062669,2025-03-30,05:19:31,+919462586403,+917607518175,VOICE,108,404917118152530,352722320288557,UttarPradesh_BTS_012,404-45-233-653,Uttar Pradesh
CDR202600062682,2025-05-11,23:17:02,+918160820437,+918584425155,VOICE,408,404777336164652,353002529142391,Mumbai_BTS_007,404-45-584-827,Mumbai
CDR202600062688,2025-03-18,08:02:59,+918659293528,+918127731517,VOICE,202,404403593901531,357850888001352,TamilNadu_BTS_006,404-45-367-210,Tamil Nadu
CDR202600062709,2025-03-12,12:01:13,+917114694456,+916148259773,VOICE,87,404053562056968,356448754334379,Rajasthan_BTS_001,404-45-755-705,Rajasthan
CDR202600062718,2025-01-06,13:13:59,+919228202848,+917151832568,VOICE,88,404044150172094,351668170141120,UttarPradesh_BTS_002,404-45-568-324,Uttar Pradesh
CDR202600062733,2025-10-24,03:36:42,+916189433325,+916306053410,SMS,0,404693449397996,350531493971356,Maharashtra_BTS_006,404-45-987-104,Maharashtra
CDR202600062776,2025-12-21,22:13:26,+918780401118,+916000914011,VOICE,17,404596583366314,352663558367643,Karnataka_BTS_005,404-45-902-804,Karnataka
CDR202600062782,2025-02-24,00:24:22,+919018461351,+917905508096,VOICE,12,404773704391020,350784103760163,Mumbai_BTS_007,404-45-348-804,Mumbai
CDR202600062793,2025-01-19,23:10:19,+917542475562,+918419220126,VOICE,22,404368384365362,355926837760321,TamilNadu_BTS_003,404-45-170-610,Tamil Nadu
CDR202600062802,2025-01-13,01:48:59,+916522202654,+918399589941,VOICE,78,404369018486919,355190492774542,Mumbai_BTS_008,404-45-155-690,Mumbai
CDR202600062833,2025-09-16,18:48:53,+919989000306,+919217831562,VOICE,18,404123699642462,359082032695247,UttarPradesh_BTS_007,404-45-779-107,Uttar Pradesh
CDR202600062841,2025-05-12,04:48:26,+917762729779,+918435705453,VOICE,49,404734886130407,352522752267198,Rajasthan_BTS_009,404-45-742-164,Rajasthan
CDR202600062860,2025-09-22,04:29:58,+918978860352,+919277384319,VOICE,192,404598035071597,358703493299422,Delhi_BTS_002,404-45-231-676,Delhi
CDR202600062862,2025-05-06,01:45:45,+918940237490,+918091766746,VOICE,113,404884974809132,359120968456605,Rajasthan_BTS_004,404-45-680-898,Rajasthan
CDR202600062881,2025-04-29,09:33:08,+917881301993,+917774645630,VOICE,5,404044695125571,350283339324234,Rajasthan_BTS_019,404-45-119-115,Rajasthan
CDR202600062894,2025-10-30,16:01:23,+918706293036,+917297878100,VOICE,358,404913938664631,351864832228681,WestBengal_BTS_004,404-45-522-026,West Bengal
CDR202600062901,2025-08-24,04:22:36,+916059885809,+918254404169,VOICE,70,404666772772114,354557571592845,Mumbai_BTS_008,404-45-984-747,Mumbai
CDR202600062903,2025-09-09,08:54:30,+919328815148,+918776960534,VOICE,480,404255178322318,353619813959977,WestBengal_BTS_003,404-45-735-768,West Bengal
CDR202600062906,2025-01-28,00:46:01,+919085891135,+916456831572,VOICE,4,404930001851950,353902461177052,Rajasthan_BTS_010,404-45-710-480,Rajasthan
CDR202600062920,2025-10-23,11:58:56,+916937837972,+917577522713,VOICE,95,404030834646049,359989721155851,TamilNadu_BTS_003,404-45-170-610,Tamil Nadu
CDR202600062933,2025-02-24,16:25:03,+916403867565,+919288603748,VOICE,435,404828587455305,358218165138419,Karnataka_BTS_005,404-45-102-400,Karnataka
CDR202600062941,2025-03-14,03:13:07,+918998819735,+919269942245,MISSED,0,404374999963416,359473310591229,TamilNadu_BTS_001,404-45-698-489,Tamil Nadu
CDR202600062950,2025-07-13,14:05:19,+918686416106,+919705416563,SMS,0,404448756209259,358131257823849,Rajasthan_BTS_010,404-45-494-391,Rajasthan
CDR202600062967,2025-03-17,10:30:57,+918488433513,+919116297901,VOICE,113,404747793993808,357812880139134,Mumbai_BTS_006,404-45-235-741,Mumbai
CDR202600062972,2025-03-22,09:32:39,+919576215979,+919102302487,SMS,0,404234906021012,353154900503279,Mumbai_BTS_011,404-45-287-286,Mumbai
CDR202600062984,2025-10-15,22:35:51,+919083834177,+918353878878,VOICE,16,404592093640428,355586761871825,Rajasthan_BTS_008,404-45-981-113,Rajasthan
CDR202600063018,2025-09-05,11:31:59,+918473269592,+918090774015,VOICE,212,404467580289227,358129775878723,TamilNadu_BTS_006,404-45-367-210,Tamil Nadu
CDR202600063057,2025-04-05,20:04:38,+916909536571,+917356716278,VOICE,416,404306485818290,358668051648741,Maharashtra_BTS_003,404-45-649-128,Maharashtra
CDR202600063067,2025-11-01,17:37:12,+918358273972,+918622593820,MISSED,0,404471632833113,350975862173592,Maharashtra_BTS_001,404-45-204-095,Maharashtra
CDR202600063074,2025-03-11,08:37:33,+917945938283,+918478798838,VOICE,57,404795346379248,353726500135362,Mumbai_BTS_010,404-45-211-255,Mumbai
CDR202600063079,2025-02-16,21:07:13,+917293737752,+919345231893,VOICE,41,404871316693798,356280879400696,UttarPradesh_BTS_006,404-45-726-827,Uttar Pradesh
CDR202600063082,2025-11-20,08:30:34,+918966348071,+917368161949,VOICE,228,404787595561926,353579083273946,WestBengal_BTS_003,404-45-735-768,West Bengal
CDR202600063086,2025-09-20,04:59:03,+919955669684,+917822157183,VOICE,139,404234705121296,355370857050510,Rajasthan_BTS_019,404-45-414-246,Rajasthan
CDR202600063089,2025-04-18,15:43:41,+916689110404,+918517897579,VOICE,27,404308616635728,356042658571289,UttarPradesh_BTS_015,404-45-954-379,Uttar Pradesh
CDR202600063097,2025-12-17,22:57:48,+919545242691,+919562282645,VOICE,217,404513626450601,352744752065164,Karnataka_BTS_003,404-45-270-417,Karnataka
CDR202600063100,2025-03-28,04:35:02,+917963890054,+919588741902,VOICE,103,404147715345771,350477741092834,Mumbai_BTS_011,404-45-243-433,Mumbai
CDR202600063112,2025-10-22,07:13:27,+918671851303,+916401287273,VOICE,210,404457182642696,354493985875994,UttarPradesh_BTS_006,404-45-726-827,Uttar Pradesh
CDR202600063122,2025-02-17,04:39:56,+916615153351,+916717303444,VOICE,67,404537311112386,352872620094106,Rajasthan_BTS_009,404-45-911-697,Rajasthan
CDR202600063125,2025-07-29,14:28:28,+919151987061,+917594521346,VOICE,10,404247364777760,354227335467073,Mumbai_BTS_006,404-45-785-498,Mumbai
CDR202600063130,2025-09-24,05:33:06,+916570999397,+916506058078,SMS,0,404344471075382,354386210203386,Rajasthan_BTS_001,404-45-376-948,Rajasthan
CDR202600063164,2025-12-24,05:22:03,+918491357224,+918088194577,SMS,0,404815788527820,358040877547756,TamilNadu_BTS_006,404-45-678-536,Tamil Nadu
CDR202600063167,2025-02-20,20:04:40,+918906932831,+917207014346,VOICE,343,404046487460060,350804355720756,Maharashtra_BTS_003,404-45-665-301,Maharashtra
CDR202600063184,2025-06-29,03:58:03,+917431318210,+918490599467,VOICE,205,404391904285890,359971282138258,Rajasthan_BTS_011,404-45-796-739,Rajasthan
CDR202600063204,2025-03-18,01:36:13,+919181847107,+919170994857,VOICE,134,404022838669790,355636680853785,WestBengal_BTS_003,404-45-342-886,West Bengal
CDR202600063207,2025-01-21,04:11:33,+919462586403,+916817019152,VOICE,51,404917118152530,352722320288557,Delhi_BTS_004,404-45-652-774,Delhi
CDR202600063209,2025-04-23,01:52:52,+919316737376,+917560992338,VOICE,113,404029477845975,353027003969706,WestBengal_BTS_006,404-45-906-719,West Bengal
CDR202600063240,2025-04-09,20:18:41,+918036350800,+917464713073,VOICE,512,404430694126374,359151445220274,Rajasthan_BTS_014,404-45-564-004,Rajasthan
CDR202600063249,2025-03-21,14:27:30,+919793966975,+919328815148,VOICE,9,404346327862715,357284600300017,Gujarat_BTS_001,404-45-859-282,Gujarat
CDR202600063263,2025-03-19,01:55:22,+917789224735,+916320853787,MISSED,0,404036696620777,357336902307662,Gujarat_BTS_001,404-45-859-282,Gujarat
CDR202600063266,2025-06-16,20:58:43,+918876021285,+917583606293,VOICE,171,404089266708060,354244492966926,UttarPradesh_BTS_001,404-45-234-688,Uttar Pradesh
CDR202600063274,2025-06-05,18:07:02,+917233331922,+917395495786,VOICE,20,404588928455012,358886660910832,Maharashtra_BTS_002,404-45-199-368,Maharashtra
CDR202600063277,2025-02-28,03:21:55,+917070317782,+919318512872,SMS,0,404619341355345,357794864077902,Rajasthan_BTS_007,404-45-697-409,Rajasthan
CDR202600063300,2025-02-08,11:12:54,+919655178163,+919927499543,VOICE,67,404156772821189,350936721309546,Maharashtra_BTS_006,404-45-489-285,Maharashtra
CDR202600063306,2025-08-29,23:10:59,+917990704138,+919182777057,VOICE,67,404115088781645,353391276953655,UttarPradesh_BTS_001,404-45-234-688,Uttar Pradesh
CDR202600063338,2025-02-04,18:37:41,+918649101717,+917759776344,VOICE,92,404121103511079,352231204946533,Gujarat_BTS_008,404-45-448-285,Gujarat
CDR202600063378,2025-11-05,00:40:44,+918384683372,+918218364589,VOICE,1,404742814019672,356505691018541,Delhi_BTS_006,404-45-223-254,Delhi
CDR202600063383,2025-08-12,11:01:02,+916160680569,+917838022127,VOICE,131,404884086909257,359943434360740,Rajasthan_BTS_016,404-45-303-157,Rajasthan
CDR202600063394,2025-11-03,17:50:01,+919409595631,+916512704513,SMS,0,404198158827305,359748190291431,Rajasthan_BTS_013,404-45-448-115,Rajasthan
CDR202600063396,2025-02-11,17:45:50,+917090744932,+916078436731,VOICE,22,404652058425337,350651831089523,Maharashtra_BTS_008,404-45-818-960,Maharashtra
CDR202600063399,2025-01-16,21:42:05,+917654232184,+918304652687,VOICE,19,404850782025279,359043332001581,UttarPradesh_BTS_010,404-45-370-518,Uttar Pradesh
CDR202600063411,2025-06-20,03:43:06,+916054530479,+917815142697,VOICE,6,404051892082392,351947163414396,UttarPradesh_BTS_003,404-45-736-577,Uttar Pradesh
CDR202600063422,2025-05-08,17:23:49,+919203047869,+917791795228,VOICE,14,404159358262334,358282714073945,UttarPradesh_BTS_013,404-45-265-760,Uttar Pradesh
CDR202600063428,2025-08-12,13:54:45,+919810478277,+916788282430,MISSED,0,404742972494866,355771808688536,UttarPradesh_BTS_008,404-45-860-567,Uttar Pradesh
CDR202600063435,2025-03-18,07:36:52,+918783824058,+919190655098,VOICE,152,404727828497478,351575481694715,Mumbai_BTS_001,404-45-446-022,Mumbai
CDR202600063437,2025-06-13,02:42:39,+919587395182,+916438711116,MISSED,0,404657499996622,352395584120218,UttarPradesh_BTS_006,404-45-769-542,Uttar Pradesh
CDR202600063444,2025-06-08,20:45:00,+918435705453,+918315820629,VOICE,21,404975665280218,352397450368280,UttarPradesh_BTS_013,404-45-552-565,Uttar Pradesh
CDR202600063466,2025-02-24,15:32:22,+917811052831,+919612549351,VOICE,2,404470310979184,354704718079228,Delhi_BTS_001,404-45-180-088,Delhi
CDR202600063471,2025-08-25,18:20:57,+918370571122,+916558226485,VOICE,83,404846419661094,352785295148148,Rajasthan_BTS_010,404-45-710-480,Rajasthan
CDR202600063486,2025-04-25,02:53:20,+916356168385,+917432744448,SMS,0,404438340090633,359810156099465,WestBengal_BTS_007,404-45-491-894,West Bengal
CDR202600063490,2025-09-25,12:16:12,+917531802722,+916928487160,SMS,0,404997278936781,351189627151657,Gujarat_BTS_004,404-45-130-096,Gujarat
CDR202600063517,2025-04-24,20:22:07,+916714343605,+917303123320,VOICE,40,404459437287339,356653731035385,Mumbai_BTS_011,404-45-573-256,Mumbai
CDR202600063520,2025-04-26,17:31:44,+916637949900,+918813540570,VOICE,151,404638459239674,358484555461104,WestBengal_BTS_009,404-45-304-837,West Bengal
CDR202600063548,2025-04-06,06:02:06,+919881228463,+917889856220,VOICE,766,404416676698069,354449453441702,Karnataka_BTS_006,404-45-848-803,Karnataka
CDR202600063604,2025-06-16,10:09:57,+918862586974,+919622961985,VOICE,41,404205829797966,353776334044781,Rajasthan_BTS_010,404-45-710-066,Rajasthan
CDR202600063623,2025-07-12,23:33:39,+918113944188,+919545242691,VOICE,46,404276033913791,354867980316927,UttarPradesh_BTS_013,404-45-552-565,Uttar Pradesh
CDR202600063640,2025-03-26,00:23:14,+918622698307,+917197115204,VOICE,18,404906335294204,350118629260220,Mumbai_BTS_011,404-45-573-256,Mumbai
CDR202600063676,2025-07-19,09:02:53,+917803278203,+919955669684,VOICE,53,404638925370000,351516008494392,TamilNadu_BTS_006,404-45-423-958,Tamil Nadu
CDR202600063677,2025-05-16,15:19:03,+919160739971,+918485572124,VOICE,279,404874399448503,357935919749723,Rajasthan_BTS_007,404-45-697-409,Rajasthan
CDR202600063688,2025-11-19,04:47:19,+919983692422,+919911202692,VOICE,340,404650444286305,351395367152438,Rajasthan_BTS_010,404-45-710-066,Rajasthan
CDR202600063697,2025-10-21,12:11:20,+918883344957,+917423498695,VOICE,16,404099939728143,358672074793491,Karnataka_BTS_003,404-45-597-493,Karnataka
CDR202600063705,2025-01-18,16:29:03,+919591306535,+919716542758,SMS,0,404337872228215,354723785175364,TamilNadu_BTS_005,404-45-734-084,Tamil Nadu
CDR202600063730,2025-03-16,20:23:13,+917476356015,+917108603202,VOICE,32,404914913197899,354777963000849,WestBengal_BTS_001,404-45-415-374,West Bengal
CDR202600063744,2025-09-24,11:04:57,+916586472494,+919866913702,SMS,0,404877334535763,352143295907109,Rajasthan_BTS_013,404-45-448-115,Rajasthan
CDR202600063747,2025-04-04,12:28:56,+916006378667,+919634286656,VOICE,24,404264371529275,355763094069363,Delhi_BTS_004,404-45-847-707,Delhi
CDR202600063751,2025-02-02,12:59:15,+919349124692,+918012312159,VOICE,126,404929195916365,357142952978753,WestBengal_BTS_004,404-45-283-755,West Bengal
CDR202600063765,2025-06-27,03:03:01,+918675450204,+916439791323,VOICE,26,404606901726649,352109355098802,Mumbai_BTS_012,404-45-553-828,Mumbai
CDR202600063787,2025-06-09,10:07:30,+919061229549,+917962129606,VOICE,48,404484403777150,350144284545274,Mumbai_BTS_007,404-45-348-804,Mumbai
CDR202600063796,2025-09-11,03:26:23,+917185827271,+918353900388,VOICE,57,404540918945029,355174114471556,UttarPradesh_BTS_003,404-45-618-272,Uttar Pradesh
CDR202600063820,2025-10-21,02:57:35,+918365467938,+917960741167,VOICE,22,404977390792541,352744075589655,Maharashtra_BTS_001,404-45-204-095,Maharashtra
CDR202600063830,2025-06-03,17:22:36,+918128035533,+916911142376,VOICE,141,404434700863728,357960123840588,Rajasthan_BTS_004,404-45-316-936,Rajasthan
CDR202600063864,2025-03-16,09:41:06,+919536858737,+918311695933,VOICE,107,404164373133873,352801899651379,Karnataka_BTS_002,404-45-195-949,Karnataka
CDR202600063888,2025-05-30,13:11:49,+918616980676,+917930975792,VOICE,106,404075193315918,356218162384164,UttarPradesh_BTS_008,404-45-860-567,Uttar Pradesh
CDR202600063898,2025-03-02,00:48:52,+919966659489,+919860882785,MISSED,0,404402779786614,353410759002982,Rajasthan_BTS_019,404-45-414-246,Rajasthan
CDR202600063908,2025-07-29,03:35:44,+917067366063,+916332462710,SMS,0,404368319041272,353579011711734,Rajasthan_BTS_007,404-45-470-225,Rajasthan
CDR202600063932,2025-12-23,10:01:20,+919306698575,+917597885660,SMS,0,404408764215537,353364932792650,Rajasthan_BTS_014,404-45-839-897,Rajasthan
CDR202600063979,2025-07-16,10:09:14,+918023844567,+917676395246,VOICE,39,404171825128017,352189169124027,Rajasthan_BTS_006,404-45-242-253,Rajasthan
CDR202600063987,2025-04-10,23:19:08,+918944499376,+918176056203,VOICE,157,404185094608533,355815990192270,TamilNadu_BTS_002,404-45-158-984,Tamil Nadu
CDR202600063999,2025-05-11,01:23:40,+919534776848,+917479470235,VOICE,182,404040919485635,355720285440161,Maharashtra_BTS_001,404-45-204-095,Maharashtra
CDR202600064011,2025-06-05,03:09:58,+916971932873,+918477793470,SMS,0,404865438417548,356486390125849,UttarPradesh_BTS_011,404-45-357-928,Uttar Pradesh
CDR202600064046,2025-10-18,15:45:20,+917157671278,+918286062943,VOICE,105,404638775907588,354725189053348,Delhi_BTS_006,404-45-548-922,Delhi
CDR202600064073,2025-03-01,10:23:32,+917975468413,+917093495892,VOICE,23,404822998599690,359365501137285,TamilNadu_BTS_001,404-45-614-942,Tamil Nadu
CDR202600064074,2025-11-19,02:32:28,+919395517234,+918913006378,VOICE,126,404521515300007,350460078749309,Karnataka_BTS_003,404-45-270-417,Karnataka
CDR202600064086,2025-06-24,09:40:45,+916927808946,+918953116268,VOICE,148,404888864496550,357401729368132,Rajasthan_BTS_014,404-45-564-004,Rajasthan
CDR202600064105,2025-02-07,23:45:01,+918355731240,+919899054849,VOICE,104,404624185576171,350156822667458,Rajasthan_BTS_013,404-45-887-657,Rajasthan
CDR202600064123,2025-12-23,18:38:28,+916186997295,+918686483115,VOICE,613,404609248080594,351579404119401,Maharashtra_BTS_005,404-45-181-876,Maharashtra
CDR202600064129,2025-05-28,00:09:26,+916864898231,+917047472757,VOICE,210,404538564320579,355532056587256,Delhi_BTS_005,404-45-830-320,Delhi
CDR202600064175,2025-08-23,09:41:35,+917032443480,+916810780965,VOICE,254,404774080460747,358552331672747,Mumbai_BTS_010,404-45-919-883,Mumbai
CDR202600064188,2025-07-04,17:06:11,+919858910547,+918386857947,VOICE,417,404755287169649,358978634861394,Maharashtra_BTS_008,404-45-818-960,Maharashtra
CDR202600064189,2025-06-06,18:28:48,+918356452421,+919378091283,VOICE,26,404567361365338,359437252103219,Mumbai_BTS_010,404-45-296-195,Mumbai
CDR202600064191,2025-12-05,09:11:40,+916696288792,+916745720308,VOICE,119,404723858309056,350228575930644,UttarPradesh_BTS_012,404-45-233-653,Uttar Pradesh
CDR202600064196,2025-01-02,13:36:03,+916453040604,+919614333439,VOICE,101,404147121030284,350008835775743,UttarPradesh_BTS_005,404-45-478-292,Uttar Pradesh
CDR202600064234,2025-07-11,03:34:36,+918024212426,+917416087505,SMS,0,404023368807214,350078835059300,Karnataka_BTS_005,404-45-902-804,Karnataka
CDR202600064240,2025-06-19,19:00:47,+917779522568,+918723371913,VOICE,3,404137346496109,359068575532807,Rajasthan_BTS_004,404-45-316-936,Rajasthan
CDR202600064243,2025-10-25,05:00:34,+917200790501,+918548556845,VOICE,101,404881769598091,352675888485608,Rajasthan_BTS_005,404-45-771-512,Rajasthan
CDR202600064265,2025-11-23,12:41:37,+919062068156,+918697421639,SMS,0,404193501510031,356304910343980,UttarPradesh_BTS_011,404-45-533-850,Uttar Pradesh
CDR202600064266,2025-03-10,19:29:59,+919893380955,+919954290524,VOICE,269,404265803179465,352372570002935,UttarPradesh_BTS_004,404-45-457-903,Uttar Pradesh
CDR202600064289,2025-03-12,22:54:05,+917859517352,+916564902284,VOICE,49,404786633454514,352103787983050,WestBengal_BTS_001,404-45-915-996,West Bengal
CDR202600064308,2025-09-10,12:25:03,+917614848942,+919240363637,VOICE,182,404756410518885,353424866034816,Maharashtra_BTS_008,404-45-173-624,Maharashtra
CDR202600064315,2025-07-30,04:40:25,+917593551276,+917885171272,VOICE,15,404030072927456,355099625788931,Gujarat_BTS_008,404-45-448-285,Gujarat
CDR202600064325,2025-06-08,08:28:29,+919980278025,+918665975740,VOICE,107,404791114550592,357358235126383,UttarPradesh_BTS_005,404-45-261-449,Uttar Pradesh
CDR202600064350,2025-11-10,09:42:15,+918160820437,+919688814153,VOICE,129,404777336164652,353002529142391,UttarPradesh_BTS_015,404-45-954-379,Uttar Pradesh
CDR202600064378,2025-12-28,18:08:30,+918891423978,+919683965369,VOICE,126,404819445551021,354257102743061,Gujarat_BTS_002,404-45-328-143,Gujarat
CDR202600064379,2025-03-06,00:25:46,+918278086239,+917491542664,SMS,0,404138288349354,354837781550037,Delhi_BTS_003,404-45-533-988,Delhi
CDR202600064406,2025-01-24,03:16:02,+918555023947,+918728614929,MISSED,0,404834907742668,354648232657988,Rajasthan_BTS_006,404-45-862-575,Rajasthan
CDR202600064443,2025-06-08,09:36:21,+917520455369,+919370587105,VOICE,1,404042052431781,351531765634388,Mumbai_BTS_002,404-45-702-226,Mumbai
CDR202600064449,2025-05-08,13:01:24,+919721997993,+918388354081,VOICE,47,404233430076909,351903472119589,Mumbai_BTS_007,404-45-516-195,Mumbai
CDR202600064457,2025-05-28,02:10:54,+916324724525,+919141826505,VOICE,139,404424884327982,352789313838357,Mumbai_BTS_010,404-45-919-883,Mumbai
CDR202600064466,2025-02-08,20:35:48,+918247714890,+918765396450,VOICE,39,404642660988997,359806638166932,WestBengal_BTS_003,404-45-266-820,West Bengal
CDR202600064491,2025-03-09,13:57:14,+919788132573,+917044211800,VOICE,20,404761974929570,354163289429535,Mumbai_BTS_007,404-45-196-100,Mumbai
CDR202600064514,2025-01-28,17:49:06,+919151656345,+917745301640,VOICE,103,404918200167897,359913121992117,Gujarat_BTS_008,404-45-814-433,Gujarat
CDR202600064543,2025-09-19,20:25:06,+918837566907,+918023743035,MISSED,0,404445082795134,354012209195827,Rajasthan_BTS_016,404-45-961-655,Rajasthan
CDR202600064551,2025-11-17,14:19:18,+917498561685,+918018025637,MISSED,0,404866470920456,351847643608319,Rajasthan_BTS_004,404-45-374-068,Rajasthan
CDR202600064566,2025-02-05,01:33:35,+916958719481,+918048480344,VOICE,432,404326304828095,353515951626370,Mumbai_BTS_010,404-45-296-195,Mumbai
CDR202600064577,2025-03-21,02:31:54,+919289318728,+918023320830,VOICE,4,404427314028917,359578187135858,UttarPradesh_BTS_011,404-45-533-850,Uttar Pradesh
CDR202600064587,2025-11-30,15:20:36,+917867317490,+916367952951,VOICE,159,404797921280724,351974125387289,Mumbai_BTS_004,404-45-980-339,Mumbai
CDR202600064595,2025-12-25,00:32:49,+917838092720,+917668323714,VOICE,39,404437013938350,350963165258711,Karnataka_BTS_008,404-45-693-754,Karnataka
CDR202600064599,2025-11-12,14:55:23,+919480559113,+919674389577,VOICE,75,404417473127331,353765306766289,WestBengal_BTS_005,404-45-521-822,West Bengal
CDR202600064606,2025-11-29,13:42:04,+918405267240,+918293896404,VOICE,323,404823069203918,356699795650837,UttarPradesh_BTS_006,404-45-769-542,Uttar Pradesh
CDR202600064616,2025-05-15,08:53:20,+919508842942,+918796913605,VOICE,258,404975707374713,353203919245436,Gujarat_BTS_003,404-45-704-433,Gujarat
CDR202600064638,2025-02-28,18:52:54,+917223668590,+919460815775,VOICE,35,404377952063009,353319808172761,Mumbai_BTS_011,404-45-573-256,Mumbai
CDR202600064641,2025-03-03,10:48:43,+916439420587,+919193787391,VOICE,2,404788074481092,356261957203156,Gujarat_BTS_008,404-45-448-285,Gujarat
CDR202600064660,2025-06-18,18:38:39,+919637359630,+916411140192,VOICE,395,404294511194170,356902147718242,Maharashtra_BTS_004,404-45-821-072,Maharashtra
CDR202600064665,2025-05-17,18:11:51,+916259148611,+918677828082,VOICE,46,404617825779155,352262798414567,Gujarat_BTS_006,404-45-833-666,Gujarat
CDR202600064673,2025-07-02,18:05:49,+917315573079,+917745225795,VOICE,186,404780552434903,350549269428036,Mumbai_BTS_011,404-45-287-286,Mumbai
CDR202600064685,2025-05-20,00:12:53,+918397046727,+919037639763,VOICE,35,404920363665136,353100778764589,Maharashtra_BTS_002,404-45-967-353,Maharashtra
CDR202600064690,2025-11-06,12:01:08,+916599023606,+917831802776,VOICE,55,404744978879946,359345853569253,WestBengal_BTS_004,404-45-283-755,West Bengal
CDR202600064693,2025-11-30,05:52:15,+918622131877,+917118751028,SMS,0,404664841132803,351512264570871,Maharashtra_BTS_008,404-45-173-624,Maharashtra
CDR202600064694,2025-05-22,22:44:20,+919645035710,+919061843686,VOICE,241,404527787592819,358238656312389,Rajasthan_BTS_019,404-45-414-246,Rajasthan
CDR202600064718,2025-10-26,10:50:36,+917994379424,+916810780965,VOICE,108,404746804315284,355464171303180,Maharashtra_BTS_008,404-45-799-664,Maharashtra
CDR202600064727,2025-05-09,18:20:41,+919182777057,+916720582936,SMS,0,404146854943465,355414319950971,Rajasthan_BTS_013,404-45-448-115,Rajasthan
CDR202600064762,2025-06-16,21:02:53,+919622961985,+919429358586,VOICE,193,404896712777551,357641514574668,Mumbai_BTS_011,404-45-243-433,Mumbai
CDR202600064772,2025-01-23,16:22:54,+918407468479,+917503486314,VOICE,167,404146529918829,355661745230251,Karnataka_BTS_001,404-45-767-554,Karnataka
CDR202600064778,2025-05-09,22:49:49,+916720576533,+918209576944,SMS,0,404412670587383,355669597552025,UttarPradesh_BTS_003,404-45-650-219,Uttar Pradesh
CDR202600064795,2025-05-19,23:39:35,+918024212426,+916858578040,VOICE,9,404023368807214,350078835059300,Mumbai_BTS_003,404-45-334-070,Mumbai
CDR202600064796,2025-07-10,23:26:49,+916002252699,+916537754178,VOICE,179,404314034281729,354961894521902,Rajasthan_BTS_008,404-45-981-113,Rajasthan
CDR202600064804,2025-12-01,21:19:07,+916189433325,+917143289283,VOICE,14,404693449397996,350531493971356,Maharashtra_BTS_007,404-45-473-167,Maharashtra
CDR202600064820,2025-11-04,23:49:58,+918762440921,+916810780965,VOICE,507,404412916365198,358023508942904,WestBengal_BTS_008,404-45-979-482,West Bengal
CDR202600064832,2025-04-15,09:56:39,+919858910547,+917300679109,VOICE,10,404755287169649,358978634861394,Rajasthan_BTS_009,404-45-911-697,Rajasthan
CDR202600064869,2025-06-28,18:14:59,+918644753678,+918017626271,SMS,0,404351258123474,359066942631623,Delhi_BTS_005,404-45-830-320,Delhi
CDR202600064873,2025-06-06,00:37:18,+916610863745,+919256264316,VOICE,338,404598511037479,352430378789516,UttarPradesh_BTS_005,404-45-261-449,Uttar Pradesh
CDR202600064883,2025-07-11,22:09:10,+919372873392,+919087422068,VOICE,289,404301993167344,357991519174120,WestBengal_BTS_006,404-45-373-164,West Bengal
CDR202600064889,2025-11-27,02:16:50,+918020468718,+919899054849,VOICE,46,404684371338517,356200861560630,Karnataka_BTS_008,404-45-693-754,Karnataka
CDR202600064908,2025-10-18,22:36:43,+916324927197,+917384261168,VOICE,19,404974475881983,359623747783904,WestBengal_BTS_005,404-45-901-954,West Bengal
CDR202600064956,2025-07-23,20:34:27,+919515351329,+916438482536,VOICE,182,404479867805587,350692850258040,Rajasthan_BTS_010,404-45-494-391,Rajasthan
CDR202600064963,2025-04-29,07:02:07,+918160820437,+916381480141,VOICE,198,404777336164652,353002529142391,UttarPradesh_BTS_006,404-45-108-684,Uttar Pradesh
CDR202600065015,2025-01-24,14:33:05,+918919039211,+918862004084,VOICE,218,404084463018761,353828597616172,TamilNadu_BTS_004,404-45-683-253,Tamil Nadu
CDR202600065027,2025-08-08,10:22:07,+917755598297,+917320050330,VOICE,1,404497657461745,359100844958655,Maharashtra_BTS_006,404-45-489-285,Maharashtra
CDR202600065052,2025-09-27,22:42:05,+916971932873,+917194014111,VOICE,244,404865438417548,356486390125849,Rajasthan_BTS_004,404-45-835-323,Rajasthan
CDR202600065056,2025-02-20,14:13:12,+916098490653,+916344936147,MISSED,0,404412592329811,352347361490722,Rajasthan_BTS_019,404-45-471-900,Rajasthan
CDR202600065099,2025-09-06,03:11:04,+917974912182,+919624202963,MISSED,0,404061600612307,356217905425931,Mumbai_BTS_010,404-45-211-255,Mumbai
CDR202600065110,2025-03-19,15:25:02,+917179513072,+918914406667,SMS,0,404185941420153,351810625057209,WestBengal_BTS_002,404-45-205-363,West Bengal
CDR202600065143,2025-02-28,12:43:43,+916207044235,+916148259773,VOICE,27,404283815950469,352146998099793,Maharashtra_BTS_009,404-45-646-747,Maharashtra
CDR202600065172,2025-09-27,14:31:03,+919561046066,+919465637402,VOICE,173,404446274868719,351051835678147,UttarPradesh_BTS_011,404-45-533-850,Uttar Pradesh
CDR202600065179,2025-02-15,02:13:46,+916269133279,+919628453819,VOICE,2,404216928433013,354684451414816,WestBengal_BTS_002,404-45-234-688,West Bengal
CDR202600065201,2025-01-14,09:29:41,+916737413407,+916403867565,VOICE,377,404971211694143,354058082481124,Rajasthan_BTS_001,404-45-801-333,Rajasthan
CDR202600065204,2025-07-16,06:29:37,+918113345078,+918495904094,SMS,0,404097903461636,353323270797646,Maharashtra_BTS_008,404-45-799-664,Maharashtra
CDR202600065211,2025-03-12,09:30:00,+917080042846,+916648021488,VOICE,216,404063264336404,352623271153998,UttarPradesh_BTS_003,404-45-202-076,Uttar Pradesh
CDR202600065214,2025-01-19,14:21:03,+919624725199,+916983699346,VOICE,117,404183019378954,351741728703783,Rajasthan_BTS_007,404-45-241-522,Rajasthan
CDR202600065216,2025-11-07,02:39:24,+918577435893,+917838092720,VOICE,284,404719142906833,359177996382094,Mumbai_BTS_011,404-45-573-256,Mumbai
CDR202600065224,2025-11-14,19:36:28,+917815142697,+918826401945,VOICE,208,404606943001039,356763833583315,Maharashtra_BTS_009,404-45-350-168,Maharashtra
CDR202600065229,2025-02-01,04:09:09,+919160449642,+918859312242,VOICE,35,404983081475248,353944743333722,TamilNadu_BTS_006,404-45-367-210,Tamil Nadu
CDR202600065231,2025-11-26,01:10:29,+916720582936,+919987020808,VOICE,78,404245556217118,353140537561877,Mumbai_BTS_003,404-45-334-070,Mumbai
CDR202600065248,2025-12-09,06:53:50,+917591290283,+919761446279,VOICE,102,404152368226151,354035334999788,Rajasthan_BTS_010,404-45-710-066,Rajasthan
CDR202600065253,2025-03-21,15:10:49,+918857946689,+917608606220,VOICE,141,404406678887093,355658561751234,WestBengal_BTS_009,404-45-571-359,West Bengal
CDR202600065293,2025-08-21,19:13:52,+916347183791,+916306053410,VOICE,173,404741594746010,356611349472532,Karnataka_BTS_005,404-45-902-804,Karnataka
CDR202600065303,2025-12-22,00:50:57,+919551350790,+917358075553,VOICE,23,404112355730826,356970877597372,UttarPradesh_BTS_006,404-45-726-827,Uttar Pradesh
CDR202600065306,2025-11-18,00:33:51,+917614418777,+918723136964,VOICE,7,404467238625024,352862877403069,Rajasthan_BTS_003,404-45-924-324,Rajasthan
CDR202600065334,2025-12-13,03:22:01,+917991722763,+916928112416,SMS,0,404403758038254,359209451021119,Karnataka_BTS_008,404-45-693-754,Karnataka
CDR202600065357,2025-02-01,11:00:44,+917663263059,+917220787217,SMS,0,404831033471550,355937757111546,UttarPradesh_BTS_003,404-45-736-577,Uttar Pradesh
CDR202600065376,2025-01-24,15:31:08,+919468047687,+918415216981,VOICE,182,404977697993819,352220597434153,Gujarat_BTS_005,404-45-338-518,Gujarat
CDR202600065400,2025-09-19,04:31:33,+916259148611,+919723545847,VOICE,2,404617825779155,352262798414567,Karnataka_BTS_005,404-45-902-804,Karnataka
CDR202600065422,2025-10-30,19:09:32,+918495824226,+918100864233,MISSED,0,404900690737171,358171900032438,Mumbai_BTS_009,404-45-162-413,Mumbai
CDR202600065432,2025-01-19,05:01:15,+919860299350,+916661818948,VOICE,217,404538153100279,356813682559500,Rajasthan_BTS_016,404-45-961-655,Rajasthan
CDR202600065442,2025-01-19,14:19:07,+919622594304,+917862795714,VOICE,183,404925314532941,353254361540193,Mumbai_BTS_009,404-45-162-413,Mumbai
CDR202600065451,2025-10-20,04:36:42,+917880561257,+916525185027,SMS,0,404851651098312,354184039121102,Rajasthan_BTS_019,404-45-119-115,Rajasthan
CDR202600065502,2025-03-17,09:10:11,+918204767719,+916368537920,SMS,0,404487346029329,357973348467549,UttarPradesh_BTS_010,404-45-308-704,Uttar Pradesh
CDR202600065503,2025-12-26,21:35:05,+918206673185,+919541078632,VOICE,57,404276237405446,350682050912498,Delhi_BTS_001,404-45-180-088,Delhi
CDR202600065514,2025-04-13,15:10:54,+917202552638,+918384747388,VOICE,144,404133676382269,351225205562029,Maharashtra_BTS_004,404-45-146-678,Maharashtra
CDR202600065533,2025-05-02,03:38:19,+917137044958,+919182023723,VOICE,85,404731841835590,356717173792308,Karnataka_BTS_002,404-45-195-949,Karnataka
CDR202600065554,2025-05-13,10:43:15,+917673887251,+919762763655,VOICE,52,404034660586964,357154305569131,Rajasthan_BTS_015,404-45-208-892,Rajasthan
CDR202600065578,2025-08-20,16:26:40,+918601678460,+918915030647,VOICE,18,404727812152075,356445824819018,Rajasthan_BTS_005,404-45-505-906,Rajasthan
CDR202600065585,2025-04-22,04:20:12,+919393824493,+918513856964,VOICE,71,404486855727635,351854815198580,TamilNadu_BTS_006,404-45-678-536,Tamil Nadu
CDR202600065597,2025-07-08,20:58:43,+917096748366,+918508939960,VOICE,17,404081478984109,357616940228932,Rajasthan_BTS_001,404-45-670-225,Rajasthan
CDR202600065639,2025-04-04,02:08:23,+919151987061,+917143289283,SMS,0,404247364777760,354227335467073,TamilNadu_BTS_005,404-45-734-084,Tamil Nadu
CDR202600065644,2025-07-18,09:29:41,+918358273972,+917946753216,VOICE,241,404471632833113,350975862173592,TamilNadu_BTS_002,404-45-620-083,Tamil Nadu
CDR202600065652,2025-08-17,15:48:37,+919591306535,+917815509489,MISSED,0,404337872228215,354723785175364,Rajasthan_BTS_004,404-45-680-898,Rajasthan
CDR202600065655,2025-08-25,23:48:53,+917879744097,+919701344400,VOICE,3,404781150875859,350100240754855,UttarPradesh_BTS_002,404-45-174-010,Uttar Pradesh
CDR202600065663,2025-05-04,15:22:30,+919092945663,+916248625695,VOICE,80,404154801506410,359226005184115,Delhi_BTS_004,404-45-652-774,Delhi
CDR202600065664,2025-06-14,02:57:24,+918909521261,+919805128771,VOICE,3,404323653779893,354995635719788,TamilNadu_BTS_003,404-45-169-692,Tamil Nadu
CDR202600065680,2025-10-04,15:50:36,+916341506720,+919673153562,VOICE,332,404139679646912,355827395200777,UttarPradesh_BTS_002,404-45-568-324,Uttar Pradesh
CDR202600065699,2025-12-16,15:12:32,+918682534164,+916761030215,VOICE,84,404398224101371,356644749682183,Mumbai_BTS_010,404-45-919-883,Mumbai
CDR202600065702,2025-08-01,00:07:28,+919137387375,+917077627316,SMS,0,404931259184740,359912485550477,Gujarat_BTS_006,404-45-818-559,Gujarat
CDR202600065706,2025-03-17,01:35:33,+916071750291,+917705158794,VOICE,419,404499763365347,350614171723380,Rajasthan_BTS_009,404-45-742-164,Rajasthan
CDR202600065762,2025-08-16,04:48:34,+919089404735,917699367629,VOICE,347,404725380945021,352853830037655,Rajasthan_BTS_013,404-45-448-115,Rajasthan
CDR202600065774,2025-09-12,17:40:31,+916426267031,+917658662244,VOICE,272,404475978442295,354217692142284,Gujarat_BTS_007,404-45-928-891,Gujarat
CDR202600065782,2025-01-11,05:40:27,+917208484373,+919859196436,SMS,0,404444273515325,354484213131444,Mumbai_BTS_007,404-45-348-804,Mumbai
CDR202600065798,2025-08-23,01:47:00,+919021605364,+919683122388,VOICE,136,404664060470799,357400195260858,Mumbai_BTS_005,404-45-626-244,Mumbai
CDR202600065814,2025-12-29,13:41:30,+918250231346,+918801111965,VOICE,225,404794409685659,359052294077428,Mumbai_BTS_003,404-45-334-070,Mumbai
CDR202600065821,2025-08-03,08:18:17,+917074279351,+919377120878,VOICE,212,404733520790615,353399590268932,Karnataka_BTS_005,404-45-902-804,Karnataka
CDR202600065831,2025-11-14,12:47:58,+919644410350,+916326263871,VOICE,78,404367838471798,356460342684494,Mumbai_BTS_003,404-45-334-070,Mumbai
CDR202600065834,2025-10-04,05:33:32,+919716542758,+917309279648,VOICE,142,404013013557010,355654855092426,WestBengal_BTS_009,404-45-571-359,West Bengal
CDR202600065853,2025-01-28,03:27:26,+918426203218,+918101927440,VOICE,67,404388476920215,355538865538797,Karnataka_BTS_005,404-45-102-400,Karnataka
CDR202600065863,2025-07-10,23:08:02,+917375204266,+917368871151,VOICE,202,404591100185168,352649383236383,Mumbai_BTS_011,404-45-573-256,Mumbai
CDR202600065873,2025-06-30,04:48:11,+917110407272,+919511550564,VOICE,43,404405292578428,351858446094330,WestBengal_BTS_009,404-45-571-359,West Bengal
CDR202600065874,2025-08-21,17:22:02,+916823553204,+917375204266,VOICE,191,404994276857438,350364422581355,Delhi_BTS_003,404-45-533-988,Delhi
CDR202600065882,2025-05-03,12:21:24,+919993767689,+919282430009,SMS,0,404769690343980,352999563473811,Rajasthan_BTS_005,404-45-505-906,Rajasthan
CDR202600065886,2025-09-24,20:13:19,+918714753184,+917938295768,VOICE,47,404538441900366,356846977012812,UttarPradesh_BTS_015,404-45-954-379,Uttar Pradesh
CDR202600065909,2025-04-19,03:37:53,+917253726264,+916769007696,VOICE,87,404694121382966,354050456502785,Delhi_BTS_006,404-45-548-922,Delhi
CDR202600065928,2025-04-25,14:32:52,+917542475562,+918382980356,VOICE,165,404368384365362,355926837760321,Delhi_BTS_006,404-45-629-463,Delhi
CDR202600065932,2025-02-13,03:43:35,+918947516711,+918789201975,SMS,0,404273297261657,357743892196403,Rajasthan_BTS_006,404-45-651-270,Rajasthan
CDR202600065939,2025-05-21,02:17:39,+917670399159,+918464721830,VOICE,278,404176058504179,357788093915647,Rajasthan_BTS_017,404-45-652-977,Rajasthan
CDR202600065945,2025-10-19,06:08:47,+919764728142,+919626190441,MISSED,0,404892242092027,354419124937071,Mumbai_BTS_010,404-45-211-255,Mumbai
CDR202600065966,2025-10-14,11:42:01,+918025924642,+917882935563,VOICE,560,404957754946667,354366510548535,Gujarat_BTS_006,404-45-833-666,Gujarat
CDR202600065969,2025-06-27,15:49:36,+916005708056,+917882286697,MISSED,0,404353366677138,350457157239469,Maharashtra_BTS_002,404-45-718-271,Maharashtra
CDR202600066005,2025-10-15,17:46:25,+919513296299,+917414233317,VOICE,20,404236173707456,351412412328100,Mumbai_BTS_007,404-45-348-804,Mumbai
CDR202600066021,2025-01-19,12:43:25,+916648021488,+919505180197,VOICE,166,404826700795905,357111270191643,UttarPradesh_BTS_006,404-45-108-684,Uttar Pradesh
CDR202600066025,2025-01-24,22:48:26,+917419433566,+916400529469,VOICE,76,404915396580315,350868705936434,WestBengal_BTS_008,404-45-979-482,West Bengal
CDR202600066029,2025-02-16,18:17:36,+916434487669,+918681703275,VOICE,102,404995875079320,353145955514342,Rajasthan_BTS_011,404-45-796-739,Rajasthan
CDR202600066030,2025-06-13,14:38:47,+918022471766,+917237041157,VOICE,40,404856472839696,350846420224682,Maharashtra_BTS_002,404-45-926-045,Maharashtra
CDR202600066048,2025-01-24,05:02:47,+919967004478,+917715450816,VOICE,9,404828169707727,357147888101358,UttarPradesh_BTS_013,404-45-265-760,Uttar Pradesh
CDR202600066054,2025-12-02,17:31:08,+917067366063,+917297695552,VOICE,65,404368319041272,353579011711734,WestBengal_BTS_004,404-45-522-026,West Bengal
CDR202600066064,2025-11-19,11:43:42,+919510486031,+917788483393,VOICE,15,404484477839422,350998217560514,Karnataka_BTS_001,404-45-767-554,Karnataka
CDR202600066068,2025-02-19,10:58:37,+916332462710,+919600404796,VOICE,161,404714486511677,354800897311228,Gujarat_BTS_007,404-45-928-891,Gujarat
CDR202600066069,2025-02-06,03:51:58,+919130148816,+917731709817,VOICE,110,404629907522521,357811797998584,Rajasthan_BTS_016,404-45-619-624,Rajasthan
CDR202600066074,2025-07-30,18:04:11,+919409400327,+918148392067,SMS,0,404072388531470,358766276465871,UttarPradesh_BTS_015,404-45-954-379,Uttar Pradesh
CDR202600066090,2025-01-30,17:31:57,+919535532580,+919761446279,SMS,0,404849617044743,351717315305322,Rajasthan_BTS_013,404-45-887-657,Rajasthan
CDR202600066092,2025-03-14,15:07:55,+919808502174,+917537780723,VOICE,5,404891352667465,359947661100905,Maharashtra_BTS_003,404-45-487-081,Maharashtra
CDR202600066114,2025-12-13,12:51:28,+916661818948,+918339147499,VOICE,180,404328893621551,352390536422355,Karnataka_BTS_006,404-45-848-803,Karnataka
CDR202600066127,2025-12-03,00:56:13,+917067366063,+918904179965,VOICE,27,404368319041272,353579011711734,WestBengal_BTS_001,404-45-981-041,West Bengal
CDR202600066133,2025-06-20,10:31:45,+919430453165,+916243076353,SMS,0,404505198957344,350542059675869,UttarPradesh_BTS_003,404-45-202-076,Uttar Pradesh
CDR202600066150,2025-08-16,06:09:00,+919822739565,+918782882163,VOICE,10,404310466222574,358797352334935,Maharashtra_BTS_007,404-45-479-364,Maharashtra
CDR202600066172,2025-12-05,15:31:44,+919258500437,+917657701816,VOICE,26,404325512743551,359594721128623,Mumbai_BTS_011,404-45-573-256,Mumbai
CDR202600066176,2025-08-13,22:05:02,+916351363179,+916025749167,VOICE,27,404118638505033,356302824447568,UttarPradesh_BTS_004,404-45-457-903,Uttar Pradesh
CDR202600066218,2025-06-08,01:53:09,+919253446305,+919378091283,VOICE,150,404878667581601,354532887367013,Rajasthan_BTS_008,404-45-981-113,Rajasthan
CDR202600066235,2025-03-22,21:55:49,+918522100638,+918636533682,VOICE,37,404320250295363,356945249565221,WestBengal_BTS_006,404-45-373-164,West Bengal
CDR202600066239,2025-07-30,00:36:54,+916503380680,+916605441163,VOICE,133,404137753014185,356016106519964,UttarPradesh_BTS_001,404-45-371-406,Uttar Pradesh
CDR202600066243,2025-08-08,07:23:09,+918879375134,+919709224510,SMS,0,404576389665972,351345489538836,Rajasthan_BTS_007,404-45-470-225,Rajasthan
CDR202600066304,2025-01-17,01:24:09,+916696288792,+917526964242,VOICE,68,404723858309056,350228575930644,Delhi_BTS_004,404-45-847-707,Delhi
CDR202600066305,2025-05-23,08:59:08,+917055735087,+918165036439,VOICE,54,404847357679766,353256950601314,UttarPradesh_BTS_006,404-45-769-542,Uttar Pradesh
CDR202600066309,2025-05-17,13:09:39,+916484393957,+916438482536,SMS,0,404286505917118,358058474062320,UttarPradesh_BTS_012,404-45-441-790,Uttar Pradesh
CDR202600066326,2025-09-21,06:42:39,+917271815839,+917245082128,VOICE,71,404569410927220,350462834268966,Karnataka_BTS_007,404-45-322-992,Karnataka
CDR202600066328,2025-12-29,02:56:22,+916434487669,+916575277012,VOICE,228,404995875079320,353145955514342,Gujarat_BTS_007,404-45-703-285,Gujarat
CDR202600066331,2025-09-18,08:14:03,+919075134497,+917838092720,MISSED,0,404766282518889,355237367576999,Rajasthan_BTS_013,404-45-887-657,Rajasthan
CDR202600066338,2025-06-04,12:44:18,+918091766746,+917547365506,VOICE,67,404666711491580,351490039244079,WestBengal_BTS_003,404-45-266-820,West Bengal
CDR202600066342,2025-07-07,15:02:13,+918384683372,+917787587308,VOICE,6,404742814019672,356505691018541,Karnataka_BTS_005,404-45-102-400,Karnataka
CDR202600066354,2025-07-09,02:36:30,+919651650123,+916397337096,VOICE,125,404409837871341,353864764196009,Gujarat_BTS_005,404-45-338-518,Gujarat
CDR202600066361,2025-10-13,21:16:16,+917479799684,+917330139400,VOICE,356,404712793983298,355390870476856,Rajasthan_BTS_016,404-45-961-655,Rajasthan
CDR202600066365,2025-10-16,08:48:48,+917641747004,+917751254001,VOICE,40,404361734397296,356949676164346,Gujarat_BTS_003,404-45-704-433,Gujarat
CDR202600066369,2025-10-12,03:34:03,+916990731677,+919907299062,VOICE,19,404006669616539,350011450433960,Gujarat_BTS_002,404-45-328-143,Gujarat
CDR202600066383,2025-12-25,23:48:53,+918703981944,+917522076950,VOICE,5,404043751183201,357822571845923,Delhi_BTS_002,404-45-878-546,Delhi
CDR202600066385,2025-09-30,01:12:40,+918166586108,+918873283714,VOICE,76,404294001861468,355293630226494,Rajasthan_BTS_005,404-45-771-512,Rajasthan
CDR202600066394,2025-09-20,05:37:35,+917418992908,+919585712366,SMS,0,404898511297569,359610635147371,Mumbai_BTS_008,404-45-155-690,Mumbai
CDR202600066395,2025-01-13,21:33:31,+918890491950,+917498561685,VOICE,1,404250890242303,359319999467169,TamilNadu_BTS_002,404-45-620-083,Tamil Nadu
CDR202600066412,2025-12-23,22:32:39,+918254119750,+917360033335,VOICE,80,404180396020173,353334346236386,Karnataka_BTS_006,404-45-669-678,Karnataka
CDR202600066413,2025-12-23,23:22:51,+918695372459,+917702931016,SMS,0,404309174888725,358180464735156,Gujarat_BTS_007,404-45-106-778,Gujarat
CDR202600066417,2025-11-09,19:15:34,+916543542858,+917246431648,VOICE,172,404184465740399,354240144634234,Delhi_BTS_002,404-45-231-676,Delhi
CDR202600066443,2025-03-26,10:57:38,+918005798364,+919346393614,VOICE,17,404534280817595,358843790074725,Mumbai_BTS_007,404-45-348-804,Mumbai
CDR202600066450,2025-04-09,11:01:01,+918304738680,+919603354202,VOICE,322,404773760069061,357067497350205,Rajasthan_BTS_015,404-45-282-520,Rajasthan
CDR202600066467,2025-01-22,18:45:04,+916821556270,+917180780462,SMS,0,404734190637428,353186199399166,UttarPradesh_BTS_008,404-45-860-567,Uttar Pradesh
CDR202600066490,2025-06-22,06:32:50,+919546879057,+918553840504,VOICE,336,404161839733863,357925257574864,Maharashtra_BTS_004,404-45-691-197,Maharashtra
CDR202600066495,2025-02-11,13:12:51,+916618794445,+918048255430,VOICE,13,404023856599305,356046545386272,Mumbai_BTS_011,404-45-287-286,Mumbai
CDR202600066510,2025-07-09,21:21:57,+916207440957,+916323610446,VOICE,202,404065781803190,354845021201772,Rajasthan_BTS_006,404-45-246-272,Rajasthan
CDR202600066512,2025-02-18,15:55:42,+919842762982,+919686158809,VOICE,34,404650785616021,359645284630289,Rajasthan_BTS_007,404-45-605-094,Rajasthan
CDR202600066520,2025-06-17,02:43:56,+918172835235,+919326841009,SMS,0,404465424533323,355865023969301,UttarPradesh_BTS_009,404-45-378-289,Uttar Pradesh
CDR202600066523,2025-05-14,20:46:06,+917296837761,+919256862637,VOICE,9,404142163155175,355375222492354,Mumbai_BTS_001,404-45-446-022,Mumbai
CDR202600066544,2025-10-10,09:59:07,+918434187144,+918284997074,SMS,0,404517766221423,354534529056473,Rajasthan_BTS_016,404-45-303-157,Rajasthan
CDR202600066560,2025-03-27,20:09:23,+919944634146,+918802121362,VOICE,214,404595101509623,359377822513507,Maharashtra_BTS_009,404-45-646-747,Maharashtra
CDR202600066567,2025-04-09,16:04:40,+919289658822,+918989744505,VOICE,141,404741769507509,350081289203775,TamilNadu_BTS_006,404-45-423-958,Tamil Nadu
CDR202600066568,2025-01-03,05:19:54,+917649352555,+917271368384,VOICE,217,404740407084189,353844863867443,Rajasthan_BTS_019,404-45-471-900,Rajasthan
CDR202600066571,2025-06-12,08:12:37,+916762480165,+918111670819,VOICE,52,404513250561090,357844000194428,Gujarat_BTS_007,404-45-325-460,Gujarat
CDR202600066576,2025-01-14,11:44:33,+919959466221,+919089404735,SMS,0,404085488068321,358166185322749,UttarPradesh_BTS_008,404-45-860-567,Uttar Pradesh
CDR202600066599,2025-06-24,17:30:00,+918675450204,+917888161534,VOICE,265,404606901726649,352109355098802,Delhi_BTS_004,404-45-652-774,Delhi
CDR202600066601,2025-05-18,00:51:24,+918004676328,+918083429756,VOICE,65,404858074369106,352187763594560,Rajasthan_BTS_003,404-45-924-324,Rajasthan
CDR202600066640,2025-08-26,19:41:20,+918494065416,+917916468521,VOICE,49,404215796479765,357335148965924,WestBengal_BTS_005,404-45-521-822,West Bengal
CDR202600066661,2025-01-01,00:17:41,+918945702124,+918249410435,VOICE,159,404941308964482,350403875875444,WestBengal_BTS_001,404-45-981-041,West Bengal
CDR202600066674,2025-09-20,10:31:23,+916949722710,+917815456502,VOICE,124,404294384972853,357611220325372,Maharashtra_BTS_009,404-45-646-747,Maharashtra
CDR202600066692,2025-12-31,06:56:23,+917212435998,+919223451161,MISSED,0,404956865487359,354010462653776,Rajasthan_BTS_006,404-45-242-253,Rajasthan
CDR202600066706,2025-06-09,12:11:08,+918328592327,+919557948443,VOICE,121,404933913108264,351658428499023,Mumbai_BTS_009,404-45-162-413,Mumbai
CDR202600066713,2025-05-31,02:13:27,+917555567895,+919713766140,VOICE,95,404966711994194,350982301378968,Gujarat_BTS_006,404-45-833-666,Gujarat
CDR202600066750,2025-03-21,09:59:16,+919137387375,+916237507351,VOICE,339,404931259184740,359912485550477,Mumbai_BTS_011,404-45-573-256,Mumbai
CDR202600066753,2025-07-30,16:06:59,+917810864190,+917129098232,VOICE,3,404433457859718,355818554041223,Mumbai_BTS_006,404-45-785-498,Mumbai
CDR202600066763,2025-04-10,09:57:44,+918322576869,917924304439,VOICE,21,404662937200595,354746527615441,Karnataka_BTS_006,404-45-669-678,Karnataka
CDR202600066785,2025-08-04,01:51:30,+917685568330,+917160126234,VOICE,12,404538801443233,356861719798878,Delhi_BTS_003,404-45-662-170,Delhi
CDR202600066799,2025-02-16,17:56:15,+918162158875,+918438901003,VOICE,335,404410200229662,352436521857830,UttarPradesh_BTS_012,404-45-145-004,Uttar Pradesh
CDR202600066816,2025-03-12,12:42:17,+918201726560,+916177030189,VOICE,67,404902506823187,356405086632587,Mumbai_BTS_011,404-45-287-286,Mumbai
CDR202600066817,2025-07-28,20:34:59,+917271368384,+916400529469,VOICE,18,404580834218089,352087511510648,Rajasthan_BTS_001,404-45-755-705,Rajasthan
CDR202600066833,2025-10-18,08:45:31,+919847716312,+918093259312,VOICE,52,404609695075279,352655085920235,WestBengal_BTS_002,404-45-315-699,West Bengal
CDR202600066837,2025-06-15,14:02:46,+919499564599,+917970169332,VOICE,525,404514340609031,357106128191296,TamilNadu_BTS_001,404-45-158-052,Tamil Nadu
CDR202600066845,2025-07-28,23:53:45,+918148346663,+919947355979,VOICE,179,404167863654040,350293719879681,Maharashtra_BTS_003,404-45-487-081,Maharashtra
CDR202600066858,2025-01-25,11:12:49,+917842030005,+917853209083,VOICE,56,404058783882420,351197249432317,Rajasthan_BTS_016,404-45-619-624,Rajasthan
CDR202600066861,2025-12-01,22:31:53,+917102339379,+919271326972,VOICE,226,404987738944266,352197089377750,Delhi_BTS_002,404-45-935-071,Delhi
CDR202600066878,2025-03-22,12:07:29,+919847412615,+919168612085,VOICE,54,404146528884642,353341024572808,UttarPradesh_BTS_011,404-45-966-053,Uttar Pradesh
CDR202600066885,2025-08-28,18:30:09,+919275704263,+917466191932,VOICE,66,404296588913500,358822611947033,Mumbai_BTS_011,404-45-243-433,Mumbai
CDR202600066929,2025-07-31,02:48:01,+918476762224,+918281664145,VOICE,205,404649195429316,353726098371994,Maharashtra_BTS_007,404-45-479-364,Maharashtra
CDR202600066958,2025-02-13,17:10:13,+919912838915,+917092036746,VOICE,116,404285934399437,352438208460187,Rajasthan_BTS_011,404-45-796-739,Rajasthan
CDR202600066965,2025-02-27,09:49:00,+917055735087,+917139532618,SMS,0,404847357679766,353256950601314,TamilNadu_BTS_004,404-45-683-253,Tamil Nadu
CDR202600066967,2025-12-05,17:59:19,+916020521859,+919987672814,VOICE,305,404066510906888,353904914762430,Karnataka_BTS_005,404-45-371-949,Karnataka
CDR202600066997,2025-10-08,23:31:11,+919758829816,+919452078615,VOICE,112,404859409814904,357663025803404,Karnataka_BTS_003,404-45-270-417,Karnataka
CDR202600067015,2025-10-03,19:20:37,+919959466221,+919295275637,VOICE,7,404085488068321,358166185322749,Mumbai_BTS_006,404-45-785-498,Mumbai
CDR202600067017,2025-09-24,19:24:40,+916469404237,+916670342442,VOICE,75,404292750859975,353752578646631,Maharashtra_BTS_005,404-45-181-876,Maharashtra
CDR202600067044,2025-03-12,00:08:10,+919702830789,+919983692422,VOICE,226,404399806338930,352786397613451,Rajasthan_BTS_005,404-45-505-906,Rajasthan
CDR202600067045,2025-01-08,02:10:59,+917459240913,+918750445092,VOICE,46,404238516403650,352583236938253,Rajasthan_BTS_004,404-45-316-936,Rajasthan
CDR202600067048,2025-02-07,06:43:16,+917930975792,+919716014201,VOICE,243,404932348395590,352203359599930,TamilNadu_BTS_003,404-45-169-692,Tamil Nadu
CDR202600067071,2025-06-22,11:02:37,+919603354202,+919386715025,VOICE,17,404795476230136,351007800716478,Rajasthan_BTS_017,404-45-652-977,Rajasthan
CDR202600067091,2025-01-28,05:53:58,+919689954668,+917719908405,VOICE,61,404962482169580,354487431859263,WestBengal_BTS_008,404-45-371-406,West Bengal
CDR202600067096,2025-09-30,10:18:37,+919784562292,+919636966291,VOICE,78,404208383513020,355791348337095,Karnataka_BTS_005,404-45-102-400,Karnataka
CDR202600067118,2025-12-01,05:41:52,+916067063475,+917715450816,VOICE,71,404638895503024,353538772573738,UttarPradesh_BTS_013,404-45-265-760,Uttar Pradesh
CDR202600067126,2025-04-02,16:33:17,+917153475798,+919917377313,VOICE,12,404036806100071,352832717890047,UttarPradesh_BTS_010,404-45-308-704,Uttar Pradesh
CDR202600067154,2025-05-17,12:12:06,+917636688155,+917466901038,MISSED,0,404120189358143,350745834252683,WestBengal_BTS_001,404-45-230-043,West Bengal
CDR202600067159,2025-01-15,23:49:18,+917714019299,+919902797560,VOICE,197,404503233141751,351699442019370,Rajasthan_BTS_008,404-45-981-113,Rajasthan
CDR202600067163,2025-06-11,02:21:20,+919079144254,+916438711116,VOICE,8,404212614020306,350612600033590,Mumbai_BTS_012,404-45-553-828,Mumbai
CDR202600067184,2025-12-17,04:26:33,+917726107989,+918929303661,VOICE,208,404407448096702,356385248348517,Rajasthan_BTS_007,404-45-697-409,Rajasthan
CDR202600067195,2025-09-06,16:37:44,+917364876856,+919904689017,VOICE,4,404203329560083,357827837299757,Delhi_BTS_003,404-45-371-541,Delhi
CDR202600067196,2025-02-19,04:12:10,+919696486327,+919201163316,VOICE,6,404213910763584,359576606854027,Rajasthan_BTS_006,404-45-246-272,Rajasthan
CDR202600067241,2025-05-20,09:02:45,+917001870786,+919324384646,SMS,0,404263880046245,354827910720942,Karnataka_BTS_004,404-45-160-169,Karnataka
CDR202600067305,2025-10-02,10:18:39,+919314302188,+917898274533,VOICE,326,404668740044044,357044913900589,Maharashtra_BTS_004,404-45-691-197,Maharashtra
CDR202600067307,2025-05-18,13:57:07,+917500004938,+916810780965,VOICE,58,404684291254398,350136889981406,Gujarat_BTS_007,404-45-325-460,Gujarat
CDR202600067316,2025-08-17,15:46:39,+917409690372,+918919039211,VOICE,426,404051193784515,355725556812497,Gujarat_BTS_006,404-45-833-666,Gujarat
CDR202600067321,2025-10-09,18:23:03,+917994890832,+918006047998,VOICE,12,404240067447337,351490168565760,Rajasthan_BTS_006,404-45-246-272,Rajasthan
CDR202600067324,2025-10-22,00:49:59,+918723620097,+916769007696,VOICE,12,404792940508102,350785088374260,TamilNadu_BTS_005,404-45-734-084,Tamil Nadu
CDR202600067329,2025-06-03,02:45:43,+919490686177,+917497476190,VOICE,110,404737022699609,354548242674104,UttarPradesh_BTS_002,404-45-174-010,Uttar Pradesh
CDR202600067336,2025-06-30,19:21:04,+919627533531,+916746930885,SMS,0,404811167447859,353608149947869,UttarPradesh_BTS_006,404-45-769-542,Uttar Pradesh
CDR202600067340,2025-08-18,15:03:36,+919510144962,+916000451669,VOICE,36,404755189021790,351491970500706,Maharashtra_BTS_003,404-45-487-081,Maharashtra
CDR202600067357,2025-07-09,14:55:32,+918590507349,+916380745151,VOICE,159,404556836552726,357710690346293,Gujarat_BTS_006,404-45-833-666,Gujarat
CDR202600067363,2025-05-24,00:26:08,+919546879057,+916351363179,VOICE,22,404161839733863,357925257574864,Rajasthan_BTS_002,404-45-334-842,Rajasthan
CDR202600067364,2025-06-23,21:23:38,+918101927440,+916844164460,VOICE,113,404049099115725,354411463592849,WestBengal_BTS_001,404-45-981-041,West Bengal
CDR202600067381,2025-11-01,19:24:50,+918084588830,+919641266472,VOICE,45,404702006491799,353596667778355,Karnataka_BTS_003,404-45-270-417,Karnataka
CDR202600067395,2025-09-29,06:24:37,+916287579696,+916363734751,VOICE,156,404757122694855,358184354002053,Gujarat_BTS_008,404-45-814-433,Gujarat
CDR202600067407,2025-12-18,19:47:05,+918133503758,+918813387158,VOICE,43,404946343855837,351895301883160,Rajasthan_BTS_013,404-45-400-446,Rajasthan
CDR202600067416,2025-11-22,05:43:08,+918381474603,+916526242820,MISSED,0,404591546948868,355022476914067,Rajasthan_BTS_014,404-45-839-897,Rajasthan
CDR202600067423,2025-10-07,16:58:12,+918542476320,+917926495768,VOICE,55,404118250933553,354990189489307,Rajasthan_BTS_001,404-45-670-225,Rajasthan
CDR202600067435,2025-04-06,10:48:51,+919612642208,+917039452657,VOICE,108,404083005115750,354976096594655,Maharashtra_BTS_002,404-45-926-045,Maharashtra
CDR202600067487,2025-08-20,15:05:07,+918351018972,+919648858310,VOICE,71,404244251542838,358322909438415,Rajasthan_BTS_005,404-45-771-512,Rajasthan
CDR202600067489,2025-02-08,14:50:34,+916619262865,+919171106732,SMS,0,404432613761833,353100483085196,WestBengal_BTS_003,404-45-258-948,West Bengal
CDR202600067513,2025-02-26,18:49:18,+919713366185,+919987020808,VOICE,66,404437921866632,359301680740281,Karnataka_BTS_005,404-45-902-804,Karnataka
CDR202600067534,2025-10-29,11:12:07,+919191969935,+917634959653,VOICE,658,404403939809299,351295170305305,Rajasthan_BTS_004,404-45-374-068,Rajasthan
CDR202600067537,2025-12-24,16:27:46,+917810864190,+919584113484,MISSED,0,404433457859718,355818554041223,UttarPradesh_BTS_001,404-45-371-406,Uttar Pradesh
CDR202600067562,2025-08-12,07:20:19,+917138005903,+918722357546,SMS,0,404383302952999,352063555183265,Gujarat_BTS_007,404-45-703-285,Gujarat
CDR202600067581,2025-08-18,13:50:24,+919942741583,+918755260741,SMS,0,404552839525702,350156353777565,TamilNadu_BTS_003,404-45-170-610,Tamil Nadu
CDR202600067595,2025-12-04,09:45:16,+918805064101,+918396696408,VOICE,18,404696218624923,355613482300948,UttarPradesh_BTS_010,404-45-370-518,Uttar Pradesh
CDR202600067599,2025-02-01,15:22:17,+917865754558,+916692588788,SMS,0,404550090385068,356075272020644,Rajasthan_BTS_015,404-45-208-892,Rajasthan
CDR202600067609,2025-12-13,13:41:18,+918883344957,+917230760386,VOICE,451,404099939728143,358672074793491,Maharashtra_BTS_009,404-45-646-747,Maharashtra
CDR202600067614,2025-06-23,16:44:41,+919753757178,+918376125529,VOICE,54,404068486702480,350895267593158,UttarPradesh_BTS_015,404-45-658-037,Uttar Pradesh
CDR202600067622,2025-07-25,14:36:21,+917894286734,+918711207314,VOICE,6,404171056568261,352242217514936,Gujarat_BTS_008,404-45-814-433,Gujarat
CDR202600067626,2025-05-29,02:04:38,+918338786803,+918648812335,SMS,0,404781312842447,357578936995141,WestBengal_BTS_003,404-45-258-948,West Bengal
CDR202600067636,2025-06-04,11:54:45,+919757935821,+916424262013,VOICE,106,404022926009787,351462349856494,Maharashtra_BTS_006,404-45-987-104,Maharashtra
CDR202600067648,2025-07-03,01:00:44,+918679677646,+918586499801,VOICE,119,404699204474709,355893424604459,Rajasthan_BTS_015,404-45-208-892,Rajasthan
CDR202600067686,2025-08-21,07:17:00,+919395517234,+918998566913,SMS,0,404521515300007,350460078749309,Delhi_BTS_006,404-45-223-254,Delhi
CDR202600067689,2025-05-20,00:39:00,+917332349279,+919971614394,VOICE,656,404279116032571,357975387416216,UttarPradesh_BTS_009,404-45-378-289,Uttar Pradesh
CDR202600067693,2025-12-01,08:55:48,+917423498695,+918404028992,VOICE,230,404281860357323,357630113578332,Delhi_BTS_001,404-45-999-581,Delhi
CDR202600067720,2025-07-16,12:53:01,+919141590003,+917599232407,VOICE,186,404335525636699,356300270185417,TamilNadu_BTS_002,404-45-158-984,Tamil Nadu
CDR202600067731,2025-09-13,21:23:50,+917863119852,+919372083040,SMS,0,404999086804276,353211878273238,Rajasthan_BTS_009,404-45-742-164,Rajasthan
CDR202600067752,2025-05-25,16:26:02,+916557348906,+917767520527,VOICE,81,404338249481620,357907868322097,UttarPradesh_BTS_003,404-45-650-219,Uttar Pradesh
CDR202600067791,2025-01-12,15:38:42,+919552996514,+918418459903,VOICE,55,404076296959007,353878441205307,Mumbai_BTS_003,404-45-334-070,Mumbai
CDR202600067795,2025-06-04,18:51:41,+918695359077,+919049670765,VOICE,238,404337266929098,359617452973971,Rajasthan_BTS_016,404-45-303-157,Rajasthan
CDR202600067826,2025-12-17,09:01:29,+918088194577,+919205870018,SMS,0,404910000290508,357637469314298,Karnataka_BTS_004,404-45-160-169,Karnataka
CDR202600067835,2025-02-20,23:34:04,+919716455220,+918492164668,VOICE,83,404689099500024,356057875674012,Karnataka_BTS_004,404-45-160-169,Karnataka
CDR202600067850,2025-10-01,04:10:56,+917298199321,+919612642208,VOICE,70,404065473182313,354030852621095,Maharashtra_BTS_007,404-45-750-855,Maharashtra
CDR202600067856,2025-03-07,23:06:15,+918085348128,+918688240084,VOICE,76,404379201733777,354583644015014,Rajasthan_BTS_002,404-45-334-842,Rajasthan
CDR202600067859,2025-01-26,13:17:07,+919983692422,+919180232692,VOICE,159,404650444286305,351395367152438,UttarPradesh_BTS_007,404-45-999-138,Uttar Pradesh
CDR202600067864,2025-03-08,05:01:38,+918979800641,+918326295564,SMS,0,404556896889213,353930446292925,UttarPradesh_BTS_003,404-45-736-577,Uttar Pradesh
CDR202600067869,2025-03-10,03:46:47,+917944448223,+916051757011,VOICE,574,404694299246432,351876968580498,WestBengal_BTS_005,404-45-785-885,West Bengal
CDR202600067878,2025-04-15,18:47:36,+918831250684,+916703033328,VOICE,16,404976579296464,356762528082025,Gujarat_BTS_002,404-45-854-105,Gujarat
CDR202600067879,2025-08-14,04:34:36,+918202927453,+917477895275,VOICE,125,404243475213384,358945616877808,Rajasthan_BTS_005,404-45-505-906,Rajasthan
CDR202600067880,2025-05-31,22:23:05,+917066829794,+917101589949,VOICE,70,404462820130319,356278875656957,Maharashtra_BTS_004,404-45-821-072,Maharashtra
CDR202600067908,2025-01-15,17:56:20,+917602742153,+916876741060,VOICE,246,404248021230986,351112459493553,Delhi_BTS_002,404-45-935-071,Delhi
CDR202600067912,2025-05-20,23:35:50,+919543289248,+919663933582,VOICE,96,404263836192541,351995360196458,Karnataka_BTS_002,404-45-195-949,Karnataka
CDR202600067924,2025-11-15,11:03:31,+919214351370,+918288743778,VOICE,38,404999353862047,354975238077103,Karnataka_BTS_005,404-45-102-400,Karnataka
CDR202600067941,2025-05-13,18:50:50,+918952279212,+918729346255,VOICE,82,404208990627549,350413385390776,Mumbai_BTS_006,404-45-235-741,Mumbai
CDR202600067950,2025-07-14,16:23:21,+916907330517,+919866903857,VOICE,432,404746245845219,357888478738402,Maharashtra_BTS_003,404-45-487-081,Maharashtra
CDR202600067978,2025-05-03,02:58:12,+917215930461,+918500889903,SMS,0,404410614310106,354423306457496,Delhi_BTS_003,404-45-371-541,Delhi
CDR202600068026,2025-09-06,06:41:50,+916066479338,+919763587416,VOICE,36,404418186803806,357499025000782,Rajasthan_BTS_017,404-45-897-945,Rajasthan
CDR202600068029,2025-09-04,17:35:46,+919992806974,+918542480602,VOICE,81,404966926860664,358016631873558,Mumbai_BTS_006,404-45-235-741,Mumbai
CDR202600068041,2025-07-07,06:10:57,+918867586092,+917409412683,VOICE,27,404685285209768,358321304385327,TamilNadu_BTS_003,404-45-170-610,Tamil Nadu
CDR202600068046,2025-07-25,13:22:51,+917893772136,+918395270269,VOICE,109,404429532819085,353373947208139,WestBengal_BTS_002,404-45-355-683,West Bengal
CDR202600068065,2025-02-18,13:18:32,+918738240239,+917272084634,VOICE,25,404900580855518,358953297564590,UttarPradesh_BTS_006,404-45-769-542,Uttar Pradesh
CDR202600068073,2025-03-27,04:09:52,+919779594019,+917265054339,VOICE,64,404011459260561,353073133373103,Gujarat_BTS_007,404-45-703-285,Gujarat
CDR202600068082,2025-11-06,20:50:27,+917212305176,+916341686359,VOICE,90,404704950117081,352683635963292,Rajasthan_BTS_001,404-45-755-705,Rajasthan
CDR202600068106,2025-04-10,10:33:32,+919891723164,+919821754200,VOICE,155,404318858051536,352826108727367,Rajasthan_BTS_006,404-45-242-253,Rajasthan
CDR202600068112,2025-12-24,18:48:32,+919346555742,+918652803993,VOICE,61,404100635335247,357160884538822,Rajasthan_BTS_014,404-45-839-897,Rajasthan
CDR202600068139,2025-09-22,20:29:55,+917370031846,+917654572407,VOICE,109,404425317845086,353564826384482,Maharashtra_BTS_006,404-45-489-285,Maharashtra
CDR202600068184,2025-10-31,03:14:56,+916377342699,+918568140964,VOICE,225,404544280981613,354326982275354,Rajasthan_BTS_013,404-45-887-657,Rajasthan
CDR202600068191,2025-05-19,12:17:22,+917230153967,+916574652350,VOICE,132,404859289784526,354413707515187,Mumbai_BTS_012,404-45-553-828,Mumbai
CDR202600068207,2025-09-19,07:23:37,+916203754666,+918328382428,VOICE,23,404632158929611,353354488320036,WestBengal_BTS_001,404-45-415-374,West Bengal
CDR202600068216,2025-06-11,17:18:14,+919979746621,+919705416563,VOICE,34,404033905378029,354344299049484,WestBengal_BTS_004,404-45-522-026,West Bengal
CDR202600068219,2025-07-02,10:02:56,+916434487669,+918799525855,VOICE,289,404995875079320,353145955514342,TamilNadu_BTS_004,404-45-683-253,Tamil Nadu
CDR202600068223,2025-06-12,21:52:46,+918257523357,+919853710386,SMS,0,404309762314012,351643754518171,Gujarat_BTS_007,404-45-325-460,Gujarat
CDR202600068238,2025-06-27,09:19:57,+917815509489,+919707470875,VOICE,59,404461077043885,355664400682633,TamilNadu_BTS_003,404-45-169-692,Tamil Nadu
CDR202600068260,2025-04-28,13:30:19,+919271326972,+918793879665,SMS,0,404560726519571,357847163292681,Rajasthan_BTS_004,404-45-680-898,Rajasthan
CDR202600068261,2025-05-14,10:39:52,+919915788610,+918397046727,VOICE,14,404355152012854,357964290031988,UttarPradesh_BTS_015,404-45-954-379,Uttar Pradesh
CDR202600068278,2025-07-28,09:09:15,+918602550381,+916117522771,VOICE,413,404941139948110,359063850704751,WestBengal_BTS_003,404-45-266-820,West Bengal
CDR202600068281,2025-09-15,23:44:02,+917670399159,+918629172688,SMS,0,404176058504179,357788093915647,Karnataka_BTS_003,404-45-597-493,Karnataka
CDR202600068290,2025-08-19,05:03:45,+918022471766,+917315573079,VOICE,10,404856472839696,350571291207959,UttarPradesh_BTS_004,404-45-170-901,Uttar Pradesh
CDR202600068323,2025-04-19,22:37:26,+916064642439,+917455222130,VOICE,192,404020014283574,357993695949368,TamilNadu_BTS_004,404-45-683-253,Tamil Nadu
CDR202600068379,2025-06-18,21:50:12,+917348304130,+918635892998,VOICE,205,404265087488764,356589570743259,Rajasthan_BTS_017,404-45-880-166,Rajasthan
CDR202600068420,2025-08-18,20:59:06,+918435706138,+917188845567,VOICE,187,404051141076574,351695592401100,TamilNadu_BTS_005,404-45-734-084,Tamil Nadu
CDR202600068461,2025-03-29,19:37:49,+919264151644,+919897061220,MISSED,0,404688185064574,355552234536942,Mumbai_BTS_006,404-45-319-553,Mumbai
CDR202600068473,2025-09-03,05:45:36,+917905508096,+917735464728,SMS,0,404912561603986,359614832256906,WestBengal_BTS_006,404-45-906-719,West Bengal
CDR202600068498,2025-01-23,01:44:41,+917641747004,+917444247535,VOICE,246,404361734397296,356949676164346,Karnataka_BTS_004,404-45-160-169,Karnataka
CDR202600068509,2025-06-30,22:50:20,+917020407324,+917798537634,VOICE,28,404395647685104,352009746336459,UttarPradesh_BTS_003,404-45-650-219,Uttar Pradesh
CDR202600068514,2025-06-16,05:01:40,+918485572124,+918473249061,VOICE,16,404289039592310,353053343558462,Rajasthan_BTS_013,404-45-448-115,Rajasthan
CDR202600068527,2025-05-05,12:06:11,+919648858310,+917767520527,VOICE,17,404078970136824,357911795436056,UttarPradesh_BTS_001,404-45-371-406,Uttar Pradesh
CDR202600068537,2025-09-09,02:37:20,+919314926447,+919339073555,SMS,0,404594996267772,356009604279977,Karnataka_BTS_007,404-45-322-992,Karnataka
CDR202600068567,2025-07-10,22:45:14,+919083548905,+917875272264,VOICE,20,404016310765459,351022501958048,WestBengal_BTS_002,404-45-205-363,West Bengal
CDR202600068568,2025-04-25,10:36:03,+919097540151,+917282202555,VOICE,68,404941632451407,351190956774117,TamilNadu_BTS_001,404-45-158-052,Tamil Nadu
CDR202600068576,2025-10-18,15:32:24,+918645734403,+919298981264,SMS,0,404439580353423,356466044411906,UttarPradesh_BTS_010,404-45-308-704,Uttar Pradesh
CDR202600068600,2025-10-13,15:42:53,+917602144049,+916575277012,VOICE,226,404837611080399,350888773939770,UttarPradesh_BTS_003,404-45-736-577,Uttar Pradesh
CDR202600068627,2025-02-15,18:15:52,+919310396835,+916701277247,VOICE,232,404041221009174,359915972372609,Mumbai_BTS_008,404-45-984-747,Mumbai
CDR202600068629,2025-11-03,10:47:36,+919841149644,+917443590444,SMS,0,404098917571613,356400219354925,Maharashtra_BTS_009,404-45-646-747,Maharashtra
CDR202600068656,2025-12-13,21:47:00,+919330567977,+919408983198,VOICE,26,404331210079873,357116817729219,WestBengal_BTS_006,404-45-373-164,West Bengal
CDR202600068686,2025-01-29,18:28:38,+918987755941,+919277455301,VOICE,122,404093364784909,354883202351727,Maharashtra_BTS_003,404-45-649-128,Maharashtra
CDR202600068701,2025-04-14,13:38:51,+919067991812,+917173526045,VOICE,105,404127048291361,354560464983743,Gujarat_BTS_008,404-45-814-433,Gujarat
CDR202600068708,2025-12-23,05:46:16,+916562108246,+918354772299,VOICE,230,404327738390276,355153740521855,Delhi_BTS_002,404-45-231-676,Delhi
CDR202600068709,2025-10-05,20:49:53,+916364909509,+919699504524,VOICE,241,404889996491290,356044494524640,Karnataka_BTS_007,404-45-294-304,Karnataka
CDR202600068736,2025-01-10,17:21:18,+916714343605,+917776528302,VOICE,45,404459437287339,356653731035385,Delhi_BTS_004,404-45-847-707,Delhi
CDR202600068766,2025-12-20,06:12:14,+916524196875,+918639664747,VOICE,105,404247755675503,350670895078285,Delhi_BTS_002,404-45-935-071,Delhi
CDR202600068813,2025-02-21,04:11:26,+917442840403,+916189555716,VOICE,99,404933941019371,353130562357243,TamilNadu_BTS_006,404-45-678-536,Tamil Nadu
CDR202600068816,2025-12-01,08:10:26,+918001718408,+917135059265,VOICE,107,404762600752043,358453144428342,UttarPradesh_BTS_012,404-45-145-004,Uttar Pradesh
CDR202600068819,2025-11-15,22:19:43,+916826741529,+918087944783,VOICE,140,404295436246419,351840173473246,Maharashtra_BTS_009,404-45-350-168,Maharashtra
CDR202600068828,2025-06-16,14:34:23,+917088277832,+916512704513,VOICE,161,404727065173961,351211709645568,TamilNadu_BTS_003,404-45-169-692,Tamil Nadu
CDR202600068829,2025-12-17,21:18:39,+917072123291,+918491357224,VOICE,138,404801474625562,353472415697632,Rajasthan_BTS_019,404-45-414-246,Rajasthan
CDR202600068835,2025-04-16,16:23:38,+918234224098,+919289658822,SMS,0,404509112455856,353455355564355,Mumbai_BTS_007,404-45-516-195,Mumbai
CDR202600068863,2025-12-03,17:34:48,+919303089176,+919726722966,VOICE,37,404328360732628,356269143015192,Delhi_BTS_003,404-45-371-541,Delhi
CDR202600068870,2025-03-30,23:23:52,+918218364589,+918388765980,VOICE,209,404562253459064,353781285759163,TamilNadu_BTS_006,404-45-678-536,Tamil Nadu
CDR202600068888,2025-01-21,04:21:25,+919137323543,+918897183146,VOICE,234,404479620171104,355013196771887,Maharashtra_BTS_003,404-45-649-128,Maharashtra
CDR202600068889,2025-10-22,20:40:57,+919177164111,+918785518381,VOICE,1,404096781274358,357388242415508,Rajasthan_BTS_015,404-45-208-892,Rajasthan
CDR202600068946,2025-12-06,06:19:47,+918473269592,+917876427272,VOICE,217,404467580289227,354180365673481,Karnataka_BTS_005,404-45-371-949,Karnataka
CDR202600068947,2025-09-06,16:37:59,+918584425155,+918109994806,VOICE,214,404576877276392,352133548796065,Karnataka_BTS_005,404-45-902-804,Karnataka
CDR202600068963,2025-12-21,06:48:48,+919200870078,+919435465077,SMS,0,404627821915881,352670757581402,UttarPradesh_BTS_001,404-45-234-688,Uttar Pradesh
CDR202600068975,2025-10-31,11:24:40,+917208542337,+917790056636,VOICE,676,404495229580493,352003401657260,Gujarat_BTS_003,404-45-704-433,Gujarat
CDR202600068981,2025-04-18,01:52:11,+916362993543,+917997728186,VOICE,54,404774132219076,359626974428578,Rajasthan_BTS_010,404-45-641-258,Rajasthan
CDR202600068982,2025-03-26,12:21:27,+918035379117,+919491352899,SMS,0,404324787907946,356572204841333,UttarPradesh_BTS_005,404-45-261-449,Uttar Pradesh
CDR202600068986,2025-07-16,20:23:40,+916337646547,+919869682734,VOICE,144,404099126604773,357955190463578,Rajasthan_BTS_001,404-45-755-705,Rajasthan
CDR202600068991,2025-03-03,15:05:53,+917017987590,+918681413673,VOICE,144,404805223546352,352552503197106,UttarPradesh_BTS_007,404-45-779-107,Uttar Pradesh
CDR202600069006,2025-11-20,10:47:08,+917192710528,+916344936147,SMS,0,404366982329365,353969087012399,Maharashtra_BTS_004,404-45-821-072,Maharashtra
CDR202600069010,2025-04-16,10:41:50,+919310190175,+918514351191,VOICE,59,404560883395575,352020677135378,Rajasthan_BTS_004,404-45-316-936,Rajasthan
CDR202600069024,2025-01-11,11:10:32,+918059370861,+917196839115,VOICE,80,404773830621621,354462186188734,TamilNadu_BTS_002,404-45-158-984,Tamil Nadu
CDR202600069027,2025-08-27,12:28:12,+917929262567,+918342911766,VOICE,156,404066454039119,356629060395573,Rajasthan_BTS_013,404-45-400-446,Rajasthan
CDR202600069042,2025-03-09,02:37:24,+917121441593,+917349910097,SMS,0,404085569060156,357613726708132,Rajasthan_BTS_004,404-45-835-323,Rajasthan
CDR202600069048,2025-03-05,18:32:01,+917214866463,+919936202674,VOICE,78,404634306662473,352100952918562,Mumbai_BTS_002,404-45-107-073,Mumbai
CDR202600069081,2025-01-07,21:13:32,+917779098299,+917055020289,SMS,0,404433977280921,350725981945852,Rajasthan_BTS_014,404-45-564-004,Rajasthan
CDR202600069090,2025-04-29,00:10:45,+919639188558,+918318287801,VOICE,70,404185688305807,359827139935828,Maharashtra_BTS_001,404-45-881-345,Maharashtra
CDR202600069113,2025-05-12,05:03:00,+917675071712,+917202552638,MISSED,0,404928666205041,351541813082646,TamilNadu_BTS_006,404-45-423-958,Tamil Nadu
CDR202600069131,2025-08-06,09:59:22,+917813606859,+917053566543,VOICE,103,404606363823504,353422614052321,Mumbai_BTS_010,404-45-211-255,Mumbai
CDR202600069177,2025-11-09,07:40:14,+919210440205,+917634791814,VOICE,375,404614263663820,350677466958333,UttarPradesh_BTS_006,404-45-108-684,Uttar Pradesh
CDR202600069179,2025-06-20,06:57:01,+918577806549,+919789433033,VOICE,35,404465908611121,351320151726593,Delhi_BTS_003,404-45-993-622,Delhi
CDR202600069219,2025-04-29,15:22:48,+918705996388,+919277455301,VOICE,9,404373245654123,359995468015621,Gujarat_BTS_006,404-45-833-666,Gujarat
CDR202600069221,2025-08-16,18:04:05,+918641911927,+918508939960,VOICE,23,404537909276345,351316554821625,Mumbai_BTS_011,404-45-243-433,Mumbai
CDR202600069231,2025-06-25,12:00:47,+916101094421,+919035552418,VOICE,17,404540278138947,354038409418467,Gujarat_BTS_007,404-45-928-891,Gujarat
CDR202600069234,2025-06-13,09:18:11,+916927808946,+918491157140,VOICE,33,404888864496550,353084980357140,Delhi_BTS_006,404-45-548-922,Delhi
CDR202600069243,2025-10-31,00:33:08,+918084588830,+917037180152,VOICE,113,404702006491799,353596667778355,Delhi_BTS_002,404-45-884-129,Delhi
CDR202600069276,2025-03-20,16:55:13,+919322807894,+917123640419,VOICE,108,404152506975179,355618201812046,Maharashtra_BTS_006,404-45-987-104,Maharashtra
CDR202600069283,2025-10-26,04:06:54,+917250540783,+917501730315,VOICE,11,404660941226443,353279866094793,Gujarat_BTS_007,404-45-325-460,Gujarat
CDR202600069285,2025-01-14,14:42:28,+916184078828,+919688678274,SMS,0,404812761170959,353425608553366,WestBengal_BTS_009,404-45-304-837,West Bengal
CDR202600069289,2025-08-16,06:42:58,+916554092657,+919771292821,VOICE,82,404871536588678,350011356871609,Maharashtra_BTS_006,404-45-489-285,Maharashtra
CDR202600069292,2025-03-31,12:27:00,+917211794556,+918248669894,VOICE,196,404238864942417,358752122174704,Mumbai_BTS_008,404-45-462-434,Mumbai
CDR202600069309,2025-10-04,10:34:22,+917230153967,+917008264968,VOICE,95,404859289784526,354413707515187,Mumbai_BTS_007,404-45-584-827,Mumbai
CDR202600069311,2025-03-28,23:08:11,+919738859860,+917282492301,VOICE,26,404226861627140,356606317258058,Maharashtra_BTS_008,404-45-818-960,Maharashtra
CDR202600069313,2025-10-25,00:54:46,+918358633681,+917641019991,VOICE,667,404229117704711,352904755693763,Gujarat_BTS_005,404-45-716-028,Gujarat
CDR202600069345,2025-11-12,19:31:41,+917122172155,+918680045420,VOICE,174,404707456717872,353807767646025,Maharashtra_BTS_006,404-45-489-285,Maharashtra
CDR202600069372,2025-06-04,13:15:43,+916415613537,+918856744702,VOICE,44,404639444345978,352684962125496,Mumbai_BTS_008,404-45-462-434,Mumbai
CDR202600069374,2025-10-09,05:57:25,+916639964319,+919952972156,SMS,0,404219005183327,357540578450206,Mumbai_BTS_007,404-45-516-195,Mumbai
CDR202600069377,2025-02-19,07:48:59,+918443853789,+916636863156,VOICE,102,404083528893619,355735359316474,Karnataka_BTS_001,404-45-767-554,Karnataka
CDR202600069405,2025-05-28,11:19:37,+916363734751,+917992655785,VOICE,58,404905190067197,357461234531235,UttarPradesh_BTS_005,404-45-261-449,Uttar Pradesh
CDR202600069407,2025-05-24,18:16:55,+918923690973,+919251993702,VOICE,79,404345475728031,357656962803486,Maharashtra_BTS_009,404-45-646-747,Maharashtra
CDR202600069426,2025-01-01,03:48:21,+917160690081,+919314302188,VOICE,55,404309368593027,353397619151289,TamilNadu_BTS_003,404-45-170-610,Tamil Nadu
CDR202600069428,2025-12-18,04:34:56,+916988982333,+917684690656,VOICE,137,404211495864476,355063216248060,UttarPradesh_BTS_004,404-45-170-901,Uttar Pradesh
CDR202600069460,2025-04-23,21:02:48,+918847148726,+919917783886,VOICE,255,404215117026817,354306132324854,WestBengal_BTS_003,404-45-258-948,West Bengal
CDR202600069475,2025-05-20,01:39:23,+919863052526,+917614848942,VOICE,54,404795013461548,351070809863781,TamilNadu_BTS_004,404-45-513-123,Tamil Nadu
CDR202600069481,2025-09-25,19:05:37,+917633445418,+916678848724,VOICE,4,404696915032208,350706153083736,Rajasthan_BTS_005,404-45-505-906,Rajasthan
CDR202600069482,2025-11-09,20:52:15,+918127162034,+919328815148,MISSED,0,404802592398154,352235795650505,Rajasthan_BTS_004,404-45-835-323,Rajasthan
CDR202600069486,2025-03-20,14:34:35,+918334789270,+916812164446,SMS,0,404764000997538,350004634594397,Karnataka_BTS_005,404-45-371-949,Karnataka
CDR202600069493,2025-05-10,04:42:55,+917274550287,+917670399159,VOICE,7,404847037780590,357248787990325,Mumbai_BTS_007,404-45-348-804,Mumbai
CDR202600069495,2025-11-23,09:45:12,+917631893319,+919247226702,SMS,0,404927685901643,351061519317428,UttarPradesh_BTS_009,404-45-378-289,Uttar Pradesh
CDR202600069497,2025-04-28,01:54:26,+918319944674,+918395308633,VOICE,61,404806274449316,353720449121324,WestBengal_BTS_003,404-45-258-948,West Bengal
CDR202600069504,2025-08-29,02:34:39,+919140786092,+917221851476,VOICE,247,404262111367422,357305584614980,Mumbai_BTS_003,404-45-334-070,Mumbai
CDR202600069522,2025-05-16,09:30:37,+917526964242,+917162471850,VOICE,105,404916845285673,357785855799387,Rajasthan_BTS_004,404-45-835-323,Rajasthan
CDR202600069553,2025-12-09,14:54:17,+919990782892,+918555623598,SMS,0,404515736538903,352655559422146,TamilNadu_BTS_006,404-45-773-598,Tamil Nadu
CDR202600069560,2025-12-16,02:14:37,+916278150399,+916237507351,VOICE,206,404232159782573,355546388488941,Gujarat_BTS_007,404-45-106-778,Gujarat
CDR202600069579,2025-02-04,11:46:11,+918061627794,+919403028239,VOICE,455,404058251906376,358111260497667,Karnataka_BTS_003,404-45-597-493,Karnataka
CDR202600069595,2025-01-06,19:56:52,+917914107048,+919998056539,VOICE,9,404298481636758,352339934344244,Mumbai_BTS_011,404-45-287-286,Mumbai
CDR202600069600,2025-04-16,05:35:30,+918717986104,+918537919446,SMS,0,404620734235589,354318490997481,Mumbai_BTS_002,404-45-107-073,Mumbai
CDR202600069613,2025-09-29,04:07:01,+918464721830,+919395517234,VOICE,26,404344572436232,355678317408008,Mumbai_BTS_012,404-45-553-828,Mumbai
CDR202600069626,2025-04-25,03:35:11,+918160177908,+917409690372,VOICE,29,404403909265604,358769307170593,Delhi_BTS_003,404-45-533-988,Delhi
CDR202600069638,2025-12-02,15:38:02,+918395935805,+918890491950,VOICE,125,404219618293857,351143930772018,Rajasthan_BTS_019,404-45-414-246,Rajasthan
CDR202600069642,2025-09-14,13:47:21,+917893822186,+919256862637,VOICE,103,404455762134522,354398003053143,UttarPradesh_BTS_012,404-45-233-653,Uttar Pradesh
CDR202600069656,2025-05-08,08:48:16,+917410596578,+916537754178,MISSED,0,404863496372313,356741902983085,Delhi_BTS_006,404-45-223-254,Delhi
CDR202600069668,2025-09-20,08:35:10,+916844164460,+917598724381,VOICE,40,404478428024227,355160833136776,Mumbai_BTS_007,404-45-584-827,Mumbai
CDR202600069675,2025-09-09,03:41:05,+918785662862,+919713366185,SMS,0,404613306407049,357526464991982,Gujarat_BTS_008,404-45-448-285,Gujarat
CDR202600069678,2025-08-08,01:14:59,+917484689035,+917995290724,VOICE,68,404629256507555,356590187361416,WestBengal_BTS_001,404-45-415-374,West Bengal
CDR202600069690,2025-04-04,03:27:18,+918048118059,+918582284008,VOICE,215,404377242000887,355827202728097,Karnataka_BTS_004,404-45-985-411,Karnataka
CDR202600069728,2025-11-22,23:29:12,+917928757125,+918358852663,VOICE,32,404103112033440,355031819125696,Maharashtra_BTS_003,404-45-665-301,Maharashtra
CDR202600069748,2025-02-24,00:53:00,+917652537154,+918728614929,VOICE,150,404942195487237,350923176036450,UttarPradesh_BTS_010,404-45-370-518,Uttar Pradesh
CDR202600069749,2025-09-14,03:58:00,+916810780965,+919764205453,VOICE,85,404278371268641,353184037566106,UttarPradesh_BTS_010,404-45-370-518,Uttar Pradesh
CDR202600069753,2025-07-01,23:47:02,+919647752698,+919290632793,SMS,0,404390822217531,353967313281502,Maharashtra_BTS_002,404-45-926-045,Maharashtra
CDR202600069772,2025-04-30,13:21:00,+919649824597,+918535584434,VOICE,48,404730077223408,353772612447512,Delhi_BTS_006,404-45-629-463,Delhi
CDR202600069795,2025-02-07,20:25:53,+917352603115,+917330684763,VOICE,142,404333883327878,356876987681490,Maharashtra_BTS_008,404-45-799-664,Maharashtra
CDR202600069811,2025-11-02,12:05:36,+919892842051,+919887534103,VOICE,14,404627934076781,350615390951789,WestBengal_BTS_002,404-45-355-683,West Bengal
CDR202600069820,2025-11-10,09:59:03,+918940237490,+919306698575,VOICE,23,404884974809132,359120968456605,Rajasthan_BTS_016,404-45-961-655,Rajasthan
CDR202600069888,2025-12-23,05:38:35,+917568151922,+917395823777,VOICE,82,404306135752809,354410709847742,UttarPradesh_BTS_003,404-45-202-076,Uttar Pradesh
CDR202600069898,2025-08-20,19:53:38,+919521875296,+919028969642,VOICE,280,404831359029222,351411476110104,Gujarat_BTS_007,404-45-106-778,Gujarat
CDR202600069912,2025-10-02,12:34:03,+918578598723,+919583941703,SMS,0,404704674616516,350634321476425,Mumbai_BTS_011,404-45-995-946,Mumbai
CDR202600069950,2025-01-12,04:55:26,+917496304647,+919893131754,VOICE,191,404777288081283,354407211895111,Rajasthan_BTS_017,404-45-880-166,Rajasthan
CDR202600069951,2025-01-15,10:54:11,+919333238923,+919049670765,SMS,0,404658790244141,355457729966287,Delhi_BTS_006,404-45-629-463,Delhi
CDR202600069959,2025-01-29,17:21:43,+918700671092,+918093206918,VOICE,106,404353205594019,358268170015396,TamilNadu_BTS_004,404-45-513-123,Tamil Nadu
CDR202600069965,2025-04-28,20:18:24,+919352951413,+916320853787,VOICE,83,404823720821814,350061424526538,Delhi_BTS_001,404-45-180-088,Delhi
CDR202600069971,2025-02-05,13:15:14,+917699081158,+919180137802,SMS,0,404547082956137,358293217640914,UttarPradesh_BTS_015,404-45-954-379,Uttar Pradesh
CDR202600069994,2025-05-26,20:31:46,+919311205642,+919976782155,VOICE,256,404505365051990,353902178931859,Karnataka_BTS_002,404-45-195-949,Karnataka
CDR202600070009,2025-07-27,12:59:51,+919061229549,+919074276800,SMS,0,404484403777150,350144284545274,UttarPradesh_BTS_011,404-45-357-928,Uttar Pradesh
CDR202600070015,2025-10-01,21:50:43,+917338873625,+916711652048,VOICE,232,404323717470055,357998036614084,UttarPradesh_BTS_010,404-45-749-874,Uttar Pradesh
CDR202600070016,2025-06-13,03:12:32,+918148490889,+917230153967,VOICE,154,404754705795343,351985007014975,UttarPradesh_BTS_011,404-45-966-053,Uttar Pradesh
CDR202600070021,2025-04-24,07:23:21,+916059885809,+919557588766,SMS,0,404666772772114,354557571592845,Mumbai_BTS_005,404-45-626-244,Mumbai
CDR202600070028,2025-10-17,23:11:57,+919696901805,+916016460584,SMS,0,404054839137155,355255593691763,UttarPradesh_BTS_011,404-45-194-650,Uttar Pradesh
CDR202600070031,2025-03-07,20:00:03,+916637351217,+918796362847,VOICE,75,404312395453237,351377577373976,WestBengal_BTS_001,404-45-915-996,West Bengal
CDR202600070063,2025-11-07,13:13:56,+916554092657,+919549568724,MISSED,0,404871536588678,350011356871609,Rajasthan_BTS_010,404-45-494-391,Rajasthan
CDR202600070069,2025-10-28,18:48:12,+918023743035,+918227343326,VOICE,215,404215947735480,352280756383248,UttarPradesh_BTS_001,404-45-234-688,Uttar Pradesh
CDR202600070077,2025-12-16,17:35:14,+919142038676,+919452078615,MISSED,0,404964846198832,359054022444813,Rajasthan_BTS_007,404-45-470-225,Rajasthan
CDR202600070125,2025-07-05,01:20:37,+916971932873,+916040197081,VOICE,536,404865438417548,356486390125849,Mumbai_BTS_011,404-45-573-256,Mumbai
CDR202600070131,2025-01-23,10:16:36,+918718656344,+918127731517,VOICE,9,404567581600408,354715757734796,Mumbai_BTS_011,404-45-287-286,Mumbai
CDR202600070133,2025-09-15,14:57:19,+916587191479,+916184078828,VOICE,69,404984569714858,352185527446755,Gujarat_BTS_006,404-45-833-666,Gujarat
CDR202600070134,2025-11-10,13:38:29,+917956864202,+917488910754,MISSED,0,404617063995967,357820134159756,Gujarat_BTS_007,404-45-703-285,Gujarat
CDR202600070143,2025-10-05,13:56:19,+918443105482,+918069163943,VOICE,102,404458199537205,352198883533000,UttarPradesh_BTS_008,404-45-860-567,Uttar Pradesh
CDR202600070156,2025-09-12,06:40:51,+918177043665,+919603354202,VOICE,165,404709570328493,357359482571080,UttarPradesh_BTS_013,404-45-822-438,Uttar Pradesh
CDR202600070178,2025-09-01,04:06:38,+918826401945,+918129140584,SMS,0,404206733795184,351781684153553,Delhi_BTS_005,404-45-830-320,Delhi
CDR202600070190,2025-12-29,05:16:40,+917227378532,+918656840206,MISSED,0,404063775956151,358078047817745,Gujarat_BTS_007,404-45-106-778,Gujarat
CDR202600070191,2025-04-04,22:04:40,+917987290912,+918032500027,SMS,0,404950495339216,355372655627041,Maharashtra_BTS_002,404-45-967-353,Maharashtra
CDR202600070207,2025-02-19,16:40:33,+917520455369,+917598555591,VOICE,74,404042052431781,351531765634388,TamilNadu_BTS_006,404-45-678-536,Tamil Nadu
CDR202600070275,2025-07-05,03:15:32,+919680485464,+918207421117,SMS,0,404593618516925,358311780010053,Maharashtra_BTS_005,404-45-891-297,Maharashtra
CDR202600070278,2025-05-24,16:01:12,+917429125374,+919682045869,VOICE,66,404272642997701,359701823566057,Rajasthan_BTS_008,404-45-981-113,Rajasthan
CDR202600070306,2025-06-23,02:01:45,+919689954668,+918022731031,VOICE,12,404962482169580,354487431859263,UttarPradesh_BTS_013,404-45-552-565,Uttar Pradesh
CDR202600070308,2025-04-22,02:47:27,+917925682249,+917671375230,VOICE,154,404881267092843,356267754312972,Delhi_BTS_001,404-45-999-581,Delhi
CDR202600070313,2025-10-02,07:27:53,+916419179076,+917059408778,SMS,0,404688682679233,358815964529548,WestBengal_BTS_001,404-45-915-996,West Bengal
CDR202600070316,2025-03-10,07:00:10,+919526850403,+918180758109,VOICE,89,404063046087403,355654459363717,Rajasthan_BTS_003,404-45-924-324,Rajasthan
CDR202600070334,2025-10-06,21:29:08,+916086985443,+919180826164,VOICE,316,404035603831211,356228489795576,Rajasthan_BTS_010,404-45-710-066,Rajasthan
CDR202600070354,2025-10-31,08:57:56,+916205995615,+917389964482,VOICE,32,404265684408919,359359572961095,UttarPradesh_BTS_002,404-45-869-959,Uttar Pradesh
CDR202600070355,2025-09-01,06:05:15,+918463841438,+916819468956,VOICE,84,404993851709790,352685100679832,WestBengal_BTS_005,404-45-901-954,West Bengal
CDR202600070370,2025-02-28,15:34:29,+917831195329,+919767282014,SMS,0,404896988641546,354751523686637,Rajasthan_BTS_007,404-45-697-409,Rajasthan
CDR202600070396,2025-01-05,08:56:39,+917940003064,+916874810764,VOICE,80,404839120495184,355570472346321,WestBengal_BTS_003,404-45-266-820,West Bengal
CDR202600070405,2025-07-12,00:13:41,+917417769031,+917836600760,SMS,0,404983887711066,351707016299165,Maharashtra_BTS_002,404-45-926-045,Maharashtra
CDR202600070412,2025-10-01,14:06:02,+919171106732,+918642573690,VOICE,98,404532897487319,352359565596043,Karnataka_BTS_005,404-45-102-400,Karnataka
CDR202600070422,2025-03-23,12:50:16,+916239203362,+916724635767,VOICE,104,404214255178874,355873222679111,Rajasthan_BTS_019,404-45-951-827,Rajasthan
CDR202600070423,2025-05-23,02:54:46,+917743087418,+916701586456,MISSED,0,404570646436813,350919336967127,Mumbai_BTS_010,404-45-919-883,Mumbai
CDR202600070453,2025-12-11,00:03:22,+918673656320,+916623239400,VOICE,38,404133818524891,356993497108799,Mumbai_BTS_007,404-45-196-100,Mumbai
CDR202600070454,2025-09-29,12:08:57,+916943301385,+918949552635,VOICE,46,404004151792564,356526290123683,Delhi_BTS_001,404-45-999-581,Delhi
CDR202600070455,2025-03-03,15:58:32,+918394155864,+919893131754,VOICE,39,404967280803661,359198674087068,Rajasthan_BTS_016,404-45-303-157,Rajasthan
CDR202600070468,2025-07-02,23:25:53,+918021760554,+919339073555,VOICE,137,404943669523644,352359213884141,Rajasthan_BTS_010,404-45-710-480,Rajasthan
CDR202600070473,2025-07-29,08:57:30,+919290632793,+917320050330,VOICE,53,404169713803096,350567505058445,Delhi_BTS_003,404-45-533-988,Delhi
CDR202600070498,2025-05-06,02:18:05,+917265526452,+919004689486,VOICE,32,404505331455677,357487973792078,UttarPradesh_BTS_008,404-45-860-567,Uttar Pradesh
CDR202600070499,2025-06-08,18:02:20,+918926814761,+919794732472,VOICE,138,404368827157819,358026441099052,UttarPradesh_BTS_001,404-45-234-688,Uttar Pradesh
CDR202600070529,2025-12-25,18:44:25,+916637351217,+918004599151,VOICE,190,404312395453237,351377577373976,UttarPradesh_BTS_002,404-45-568-324,Uttar Pradesh
CDR202600070549,2025-07-19,12:27:55,+917531959134,+916754675819,VOICE,42,404770798524815,355201062336320,Karnataka_BTS_008,404-45-693-754,Karnataka
CDR202600070568,2025-07-19,12:58:22,+918681134656,+916340915191,VOICE,44,404070223170233,351069406843757,UttarPradesh_BTS_011,404-45-966-053,Uttar Pradesh
CDR202600070590,2025-12-03,11:38:43,+917752225187,+919281751844,VOICE,25,404840246211449,358078787387456,Mumbai_BTS_007,404-45-196-100,Mumbai
CDR202600070600,2025-01-20,10:50:58,+919217831562,+917466573750,VOICE,40,404986363806886,355122530191812,Maharashtra_BTS_002,404-45-718-271,Maharashtra
CDR202600070601,2025-12-19,04:06:28,+919803996792,+918675450204,SMS,0,404238395673582,353530120713690,Rajasthan_BTS_010,404-45-641-258,Rajasthan
CDR202600070622,2025-05-13,09:08:38,+919669988212,+917582652850,VOICE,1,404470050844943,356886931026580,Rajasthan_BTS_001,404-45-755-705,Rajasthan
CDR202600070630,2025-09-29,09:18:15,+919012121966,+919989000306,VOICE,12,404043692944134,355367092527931,Rajasthan_BTS_016,404-45-303-157,Rajasthan
CDR202600070638,2025-10-05,16:19:58,+917695817918,+917811653957,SMS,0,404011698173023,359478782396843,Karnataka_BTS_007,404-45-294-304,Karnataka
CDR202600070704,2025-07-02,02:42:07,+917862795714,+918876021285,VOICE,91,404560757312807,357768701760648,Rajasthan_BTS_004,404-45-374-068,Rajasthan
CDR202600070707,2025-03-14,17:15:06,+917924860972,+917320842244,SMS,0,404712949485006,350913932637198,UttarPradesh_BTS_003,404-45-650-219,Uttar Pradesh
CDR202600070720,2025-10-01,11:49:44,+918351127811,+917053566543,VOICE,145,404154289899633,357614805708150,TamilNadu_BTS_006,404-45-423-958,Tamil Nadu
CDR202600070722,2025-06-04,12:56:47,+916768547198,+919256264316,SMS,0,404168341942961,352284718686872,Rajasthan_BTS_016,404-45-619-624,Rajasthan
CDR202600070732,2025-01-16,02:52:01,+917602144049,+918477793470,SMS,0,404837611080399,350888773939770,Maharashtra_BTS_002,404-45-199-368,Maharashtra
CDR202600070745,2025-08-17,17:03:59,+919364153646,+917105925045,SMS,0,404358697774841,352604764920514,Delhi_BTS_005,404-45-508-688,Delhi
CDR202600070773,2025-12-20,12:43:55,+919458922983,+918761808684,VOICE,86,404602414986449,353222749188238,UttarPradesh_BTS_014,404-45-214-078,Uttar Pradesh
CDR202600070780,2025-01-13,08:26:59,+919832787321,+919264151644,VOICE,37,404899388529941,355495918147733,UttarPradesh_BTS_014,404-45-214-078,Uttar Pradesh
CDR202600070790,2025-07-12,16:50:41,+916059885809,+917368871151,VOICE,184,404666772772114,354557571592845,UttarPradesh_BTS_009,404-45-378-289,Uttar Pradesh
CDR202600070791,2025-09-26,04:05:08,+916887769057,+916101521841,VOICE,130,404273103882306,351133751779612,Delhi_BTS_006,404-45-548-922,Delhi
CDR202600070825,2025-03-12,01:17:05,+918613480895,+919297025335,VOICE,430,404429097506147,351847292245974,Maharashtra_BTS_008,404-45-818-960,Maharashtra
CDR202600070871,2025-11-01,03:22:25,+917302047043,+919070922218,SMS,0,404851418159837,355807254644961,UttarPradesh_BTS_001,404-45-371-406,Uttar Pradesh
CDR202600070884,2025-09-15,08:44:14,+918196913996,+917944250166,SMS,0,404088901521930,357515923376888,Mumbai_BTS_010,404-45-919-883,Mumbai
CDR202600070902,2025-08-03,15:25:15,+918463841438,+918200107520,VOICE,339,404993851709790,352685100679832,UttarPradesh_BTS_011,404-45-357-928,Uttar Pradesh
CDR202600070910,2025-04-24,03:51:10,+919412691680,+918553840504,VOICE,401,404878026955266,350012652664033,UttarPradesh_BTS_007,404-45-999-138,Uttar Pradesh
CDR202600070919,2025-05-23,20:19:00,+918012312159,+917740535312,VOICE,149,404161335718090,355747753468987,UttarPradesh_BTS_013,404-45-265-760,Uttar Pradesh
CDR202600070937,2025-01-13,06:23:05,+918328382428,+917626526174,VOICE,9,404315680743434,354916046949658,Delhi_BTS_002,404-45-878-546,Delhi
CDR202600070962,2025-04-02,12:51:01,+917361672964,+916066479338,VOICE,3,404495543278807,358091866549184,Delhi_BTS_005,404-45-508-688,Delhi
CDR202600070970,2025-06-07,05:48:37,+919894085628,+918139555438,VOICE,207,404913534888655,354353692965030,Rajasthan_BTS_015,404-45-282-520,Rajasthan
CDR202600070995,2025-10-06,07:26:35,+918537919446,+916573002449,VOICE,89,404943930403843,354510817122945,Rajasthan_BTS_007,404-45-605-094,Rajasthan
CDR202600071011,2025-12-11,05:32:56,+919853153235,+918779429404,VOICE,21,404573595251536,351556655290174,Rajasthan_BTS_019,404-45-414-246,Rajasthan
CDR202600071061,2025-12-29,15:38:23,+917423101651,+918127731517,VOICE,9,404397475494230,352841010455181,Mumbai_BTS_001,404-45-446-022,Mumbai
CDR202600071065,2025-12-26,12:00:39,+918412114460,+918168728462,VOICE,18,404071288053275,354301554046938,Karnataka_BTS_003,404-45-270-417,Karnataka
CDR202600071075,2025-04-05,07:14:47,+919910978426,+919290632793,VOICE,108,404083052730270,359967714848277,UttarPradesh_BTS_002,404-45-869-959,Uttar Pradesh
CDR202600071083,2025-11-01,20:17:45,+918741550706,+918626002812,VOICE,64,404503668221584,357972942224507,TamilNadu_BTS_004,404-45-683-253,Tamil Nadu
CDR202600071111,2025-10-19,19:37:47,+917477895275,+916655642600,VOICE,149,404955634980574,350624267965259,Karnataka_BTS_006,404-45-669-678,Karnataka
CDR202600071118,2025-07-03,02:54:52,+919210440205,+918791250454,SMS,0,404614263663820,350677466958333,Mumbai_BTS_006,404-45-235-741,Mumbai
CDR202600071120,2025-11-20,08:32:08,+917392182420,+918883850674,VOICE,37,404207859327537,355379640301539,Rajasthan_BTS_006,404-45-862-575,Rajasthan
CDR202600071140,2025-09-28,09:44:38,+917783235506,+918962428972,VOICE,47,404300090999758,353846568299994,TamilNadu_BTS_006,404-45-367-210,Tamil Nadu
CDR202600071158,2025-05-12,08:03:56,+918913006378,+917127189647,VOICE,306,404183710340777,357713040126186,Mumbai_BTS_011,404-45-573-256,Mumbai
CDR202600071162,2025-11-02,08:34:16,+918581364351,+918757412388,VOICE,118,404557053987974,357144999971427,Delhi_BTS_004,404-45-652-774,Delhi
CDR202600071170,2025-10-17,03:57:17,+917545752288,+916635732541,SMS,0,404475113780964,352800270256052,WestBengal_BTS_006,404-45-373-164,West Bengal
CDR202600071192,2025-04-05,19:40:45,+918157217713,+916586472494,VOICE,183,404037520369565,357003733378033,WestBengal_BTS_004,404-45-283-755,West Bengal
CDR202600071208,2025-03-15,17:58:09,+919546036175,+919683965369,VOICE,18,404639423657507,357042036358011,UttarPradesh_BTS_012,404-45-233-653,Uttar Pradesh
CDR202600071212,2025-07-07,23:22:05,+919515351329,+916808945172,VOICE,199,404479867805587,350692850258040,Rajasthan_BTS_003,404-45-924-324,Rajasthan
CDR202600071222,2025-05-05,08:53:40,+918542476320,+917202552638,VOICE,115,404118250933553,354990189489307,UttarPradesh_BTS_009,404-45-719-216,Uttar Pradesh
CDR202600071228,2025-12-29,15:52:57,+919463351743,+919657334663,VOICE,52,404428572919739,353680846543826,Maharashtra_BTS_008,404-45-799-664,Maharashtra
CDR202600071259,2025-02-22,11:33:43,+916703033328,+918774597116,VOICE,182,404534663469013,350884351870079,Rajasthan_BTS_004,404-45-374-068,Rajasthan
CDR202600071275,2025-04-25,12:24:20,+919462586403,+917200790501,MISSED,0,404917118152530,352722320288557,Rajasthan_BTS_015,404-45-208-892,Rajasthan
CDR202600071280,2025-07-06,18:36:56,+917835970799,+918637905716,VOICE,177,404246834401115,359031322467205,Mumbai_BTS_005,404-45-626-244,Mumbai
CDR202600071283,2025-10-25,16:14:33,+918024984130,+919971639425,VOICE,108,404812426892064,358842844188707,WestBengal_BTS_009,404-45-571-359,West Bengal
CDR202600071290,2025-04-21,18:10:04,+919436655272,+917330989925,SMS,0,404681462770294,359689881937404,Delhi_BTS_003,404-45-662-170,Delhi
CDR202600071300,2025-08-24,13:03:31,+917056174988,+919826091713,VOICE,85,404179565466644,355118997224648,WestBengal_BTS_005,404-45-785-885,West Bengal
CDR202600071329,2025-04-09,10:01:26,+919441396016,+918847017234,VOICE,400,404039964898085,355114973608338,Rajasthan_BTS_001,404-45-376-948,Rajasthan
CDR202600071332,2025-12-17,22:22:04,+916442684297,+917144114791,VOICE,17,404728455310117,352482924180978,Rajasthan_BTS_010,404-45-710-480,Rajasthan
CDR202600071334,2025-10-28,08:17:56,+917811933129,+919701344400,VOICE,9,404788335140412,351371338539334,Mumbai_BTS_011,404-45-243-433,Mumbai
CDR202600071366,2025-06-22,18:14:57,+918193199750,+918140999996,VOICE,327,404422089614356,354281342559296,Mumbai_BTS_002,404-45-702-226,Mumbai
CDR202600071417,2025-05-25,14:31:57,+918535912450,+916557348906,VOICE,8,404181531758121,352125690015872,Karnataka_BTS_003,404-45-270-417,Karnataka
CDR202600071449,2025-01-18,16:19:35,+919425196407,+919707117940,VOICE,54,404430618555028,358104863904378,WestBengal_BTS_005,404-45-521-822,West Bengal
CDR202600071469,2025-07-14,00:48:10,+919683965369,+918248898163,SMS,0,404001022725062,355277302846297,Rajasthan_BTS_007,404-45-470-225,Rajasthan
CDR202600071479,2025-07-27,04:46:14,+917271377779,+919896429999,VOICE,66,404651390036941,356894570116240,UttarPradesh_BTS_004,404-45-170-901,Uttar Pradesh
CDR202600071498,2025-01-15,23:51:32,+917182843045,+919198329041,VOICE,290,404729516385181,350231650121286,UttarPradesh_BTS_002,404-45-174-010,Uttar Pradesh
CDR202600071511,2025-05-11,09:18:22,+917603626995,+919143666828,VOICE,25,404818363388836,350952293777901,Maharashtra_BTS_003,404-45-665-301,Maharashtra
CDR202600071520,2025-06-30,16:02:17,+917547282659,+918601678460,VOICE,48,404198728815537,355777921088407,TamilNadu_BTS_006,404-45-773-598,Tamil Nadu
CDR202600071523,2025-01-15,21:11:41,+919553048447,+917348304130,VOICE,72,404766559705566,352302737324750,Delhi_BTS_001,404-45-999-581,Delhi
CDR202600071524,2025-10-01,21:16:43,+918635329882,+918560366101,MISSED,0,404784056470262,358000862388440,Maharashtra_BTS_002,404-45-967-353,Maharashtra
CDR202600071549,2025-06-05,11:28:39,+918692406216,+918829617027,VOICE,23,404955027655153,352100149984754,Mumbai_BTS_011,404-45-573-256,Mumbai
CDR202600071611,2025-08-14,22:16:37,+918761808684,+918672667888,MISSED,0,404248605946186,356406833689736,Rajasthan_BTS_015,404-45-282-520,Rajasthan
CDR202600071616,2025-01-15,20:36:09,+918590507349,+919582910276,SMS,0,404556836552726,357710690346293,TamilNadu_BTS_001,404-45-614-942,Tamil Nadu
CDR202600071617,2025-03-22,11:11:08,+917794181831,+919108645215,VOICE,69,404812323546107,350590506979434,TamilNadu_BTS_004,404-45-513-123,Tamil Nadu
CDR202600071640,2025-04-26,01:30:27,+919062068156,+919512977142,VOICE,277,404193501510031,356304910343980,TamilNadu_BTS_002,404-45-620-083,Tamil Nadu
CDR202600071644,2025-11-28,12:23:54,+918590507349,+917555567895,SMS,0,404556836552726,357710690346293,Mumbai_BTS_011,404-45-573-256,Mumbai
CDR202600071656,2025-01-30,05:02:39,+916980859291,+919206741747,VOICE,126,404679429829830,355703879809928,Rajasthan_BTS_016,404-45-961-655,Rajasthan
CDR202600071672,2025-09-30,16:47:38,+916184017279,+919319179958,VOICE,287,404426518461531,355422694349449,UttarPradesh_BTS_007,404-45-999-138,Uttar Pradesh
CDR202600071719,2025-12-09,05:58:02,+917325824502,+918147651676,VOICE,27,404838435374526,350223017454978,Mumbai_BTS_011,404-45-243-433,Mumbai
CDR202600071728,2025-04-12,14:20:10,+917500004938,+918383444378,VOICE,9,404684291254398,350136889981406,TamilNadu_BTS_006,404-45-367-210,Tamil Nadu
CDR202600071786,2025-01-12,04:05:21,+918338786803,+918923690973,VOICE,170,404781312842447,357578936995141,Karnataka_BTS_007,404-45-294-304,Karnataka
CDR202600071820,2025-12-03,11:31:53,+919907761005,+918883344957,VOICE,7,404274188545575,359094456481615,Rajasthan_BTS_006,404-45-862-575,Rajasthan
CDR202600071830,2025-02-19,13:05:27,+917418076216,+916137018109,VOICE,30,404173046501073,357687807948509,Maharashtra_BTS_002,404-45-199-368,Maharashtra
CDR202600071851,2025-08-06,09:34:16,+917297744721,+916733376770,SMS,0,404054730595033,352610816260974,UttarPradesh_BTS_003,404-45-650-219,Uttar Pradesh
CDR202600071885,2025-11-07,00:18:10,+916323610446,+917868954432,VOICE,69,404102448409285,357010127613309,Rajasthan_BTS_013,404-45-448-115,Rajasthan
CDR202600071904,2025-11-10,22:32:55,+919443031428,+916906737601,VOICE,29,404429359715080,351014545992016,WestBengal_BTS_006,404-45-906-719,West Bengal
CDR202600071912,2025-07-24,19:50:00,+918950627045,+918626002812,VOICE,253,404876500093145,358192161473518,Rajasthan_BTS_016,404-45-961-655,Rajasthan
CDR202600071935,2025-06-27,14:13:14,+919940677549,+917520455369,VOICE,45,404569587690065,357297841952215,Maharashtra_BTS_006,404-45-987-104,Maharashtra
CDR202600071955,2025-01-25,18:50:58,+918571323060,+918587127833,VOICE,927,404910222927166,354668153494038,UttarPradesh_BTS_007,404-45-370-119,Uttar Pradesh
CDR202600071957,2025-05-07,15:16:43,+917118751028,+916611411515,SMS,0,404963570623638,355906188804290,Mumbai_BTS_006,404-45-319-553,Mumbai
CDR202600071976,2025-12-07,15:52:22,+917657748109,+919759054843,VOICE,65,404575299080475,352735799387679,Rajasthan_BTS_015,404-45-612-781,Rajasthan
CDR202600072040,2025-09-15,20:37:17,+917370769632,+917362895161,VOICE,264,404696713278356,356681669058859,WestBengal_BTS_005,404-45-785-885,West Bengal
CDR202600072046,2025-11-12,17:03:58,+917779098299,+917246431648,VOICE,5,404433977280921,350725981945852,Mumbai_BTS_010,404-45-296-195,Mumbai
CDR202600072063,2025-11-21,14:00:00,+919941240635,+918080059469,VOICE,821,404429628875403,351968390974092,UttarPradesh_BTS_011,404-45-357-928,Uttar Pradesh
CDR202600072064,2025-08-04,15:06:39,+917991463057,+919419771009,VOICE,96,404225251663621,352405343319391,TamilNadu_BTS_001,404-45-698-489,Tamil Nadu
CDR202600072089,2025-11-11,03:24:31,+918132420926,+916306053410,SMS,0,404387050182283,354164549934649,UttarPradesh_BTS_007,404-45-999-138,Uttar Pradesh
CDR202600072101,2025-10-02,07:06:45,+919832787321,+917553405236,SMS,0,404899388529941,355495918147733,Maharashtra_BTS_007,404-45-750-855,Maharashtra
CDR202600072127,2025-10-04,11:22:56,+916901719348,+919701344400,SMS,0,404638986348965,350375540312976,Delhi_BTS_002,404-45-884-129,Delhi
CDR202600072138,2025-01-04,04:34:53,+919189190147,+919248670364,VOICE,76,404346935920791,355755559114711,Maharashtra_BTS_007,404-45-473-167,Maharashtra
CDR202600072155,2025-01-08,08:56:02,+919936202674,+917299769547,VOICE,254,404569981252764,358802976082062,TamilNadu_BTS_002,404-45-158-984,Tamil Nadu
CDR202600072160,2025-08-16,16:21:30,+918481082809,+918369788485,VOICE,38,404639588941901,357400610209384,Mumbai_BTS_010,404-45-296-195,Mumbai
CDR202600072192,2025-07-30,13:10:46,+919708813337,+917790056636,SMS,0,404055989314560,354685578867890,Mumbai_BTS_006,404-45-785-498,Mumbai
CDR202600072198,2025-05-15,03:21:45,+918897623722,+918828358677,VOICE,480,404581066134024,351146025840107,Rajasthan_BTS_004,404-45-316-936,Rajasthan
CDR202600072202,2025-09-15,04:27:20,+918356994250,+919164081065,VOICE,8,404244669366789,350647539459963,WestBengal_BTS_006,404-45-373-164,West Bengal
CDR202600072203,2025-12-15,15:57:33,+917862795714,+917723270745,VOICE,11,404560757312807,357768701760648,Maharashtra_BTS_008,404-45-818-960,Maharashtra
CDR202600072227,2025-07-19,10:04:14,+918496153099,+918762440921,SMS,0,404972672784182,354555610723868,Rajasthan_BTS_010,404-45-710-480,Rajasthan
CDR202600072230,2025-04-22,13:43:38,+918564458153,+919917377313,VOICE,17,404013492236222,353032011721468,Rajasthan_BTS_001,404-45-755-705,Rajasthan
CDR202600072249,2025-09-24,18:13:02,+917636131926,+918495824226,VOICE,62,404086348976210,358640409290981,Mumbai_BTS_006,404-45-319-553,Mumbai
CDR202600072250,2025-07-20,21:24:46,+918651935198,+917447850192,SMS,0,404976508666392,354895805684085,Maharashtra_BTS_009,404-45-646-747,Maharashtra
CDR202600072251,2025-08-24,09:48:14,+917221851476,+917761792416,VOICE,9,404489674242817,357983274862351,Mumbai_BTS_010,404-45-211-255,Mumbai
CDR202600072256,2025-10-24,21:26:10,+917016396826,+917443631579,VOICE,141,404169924410029,354473548493242,Mumbai_BTS_001,404-45-446-022,Mumbai
CDR202600072268,2025-07-19,20:22:49,+918179229014,+919651650123,SMS,0,404426577272797,353309923582225,Delhi_BTS_006,404-45-629-463,Delhi
CDR202600072297,2025-12-04,04:14:59,+918684883848,+918904179965,VOICE,155,404497118579373,355962112056002,Maharashtra_BTS_004,404-45-821-072,Maharashtra
CDR202600072305,2025-06-23,12:15:13,+918223923355,+917670399159,VOICE,21,404259747467831,355590473729727,UttarPradesh_BTS_003,404-45-202-076,Uttar Pradesh
CDR202600072313,2025-03-02,14:48:09,+916526242820,+918707498242,VOICE,68,404696929272255,358131977659550,Rajasthan_BTS_010,404-45-710-066,Rajasthan
CDR202600072317,2025-06-03,22:56:01,+918098046185,+919879733060,VOICE,262,404050527552206,350560659491885,Delhi_BTS_004,404-45-652-774,Delhi
CDR202600072336,2025-05-10,16:38:40,+919608225952,+918418646550,VOICE,61,404560713335254,358985167025742,UttarPradesh_BTS_003,404-45-736-577,Uttar Pradesh
CDR202600072354,2025-05-06,01:49:48,+918634033681,+917249638044,VOICE,16,404603979358791,359929839482403,Karnataka_BTS_005,404-45-102-400,Karnataka
CDR202600072371,2025-07-08,07:31:51,+917443737490,+918316199535,MISSED,0,404481047474359,357825108585046,Rajasthan_BTS_006,404-45-242-253,Rajasthan
CDR202600072376,2025-03-26,14:08:42,+918991031290,+919646677603,SMS,0,404888905438468,351641294437620,Delhi_BTS_002,404-45-935-071,Delhi
CDR202600072377,2025-09-18,05:04:08,+919280256210,+918126535785,VOICE,15,404423178963607,358121747578987,UttarPradesh_BTS_011,404-45-357-928,Uttar Pradesh
CDR202600072379,2025-09-14,09:28:30,+917405963578,+917559843217,MISSED,0,404228663028666,350986908292977,UttarPradesh_BTS_003,404-45-650-219,Uttar Pradesh
CDR202600072386,2025-09-20,13:49:15,+918797567516,+916453571115,SMS,0,404884159790288,357714933434958,UttarPradesh_BTS_004,404-45-170-901,Uttar Pradesh
CDR202600072394,2025-12-28,02:08:53,+918751136354,+919143537816,VOICE,133,404955494298380,358493104613870,Mumbai_BTS_002,404-45-702-226,Mumbai
CDR202600072402,2025-12-05,19:47:47,+916588879633,+918525115354,VOICE,114,404377638742321,357905320447166,UttarPradesh_BTS_012,404-45-233-653,Uttar Pradesh
CDR202600072408,2025-10-25,06:43:22,+919839346283,+917093495892,VOICE,302,404093781120498,358828861485099,UttarPradesh_BTS_010,404-45-749-874,Uttar Pradesh
CDR202600072413,2025-11-28,19:49:04,+916044245685,+919393824493,VOICE,1,404509770491628,359730875847215,UttarPradesh_BTS_004,404-45-170-901,Uttar Pradesh
CDR202600072460,2025-12-06,10:51:56,+917461491478,+919325366085,VOICE,206,404398198011560,356077732474515,Delhi_BTS_004,404-45-847-707,Delhi
CDR202600072477,2025-09-10,12:00:43,+919282430009,+917617929840,VOICE,29,404555561566700,358438580519187,UttarPradesh_BTS_006,404-45-769-542,Uttar Pradesh
CDR202600072498,2025-11-12,18:48:33,+919860882785,+919847716312,VOICE,14,404314479510459,359925939009870,Mumbai_BTS_010,404-45-211-255,Mumbai
CDR202600072520,2025-09-20,19:48:35,+919583538677,+917929262567,SMS,0,404341285867402,355058766416568,Mumbai_BTS_005,404-45-626-244,Mumbai
CDR202600072526,2025-05-10,13:29:40,+917891674997,+919716455220,VOICE,99,404699860284370,353490309371310,TamilNadu_BTS_006,404-45-773-598,Tamil Nadu
CDR202600072549,2025-12-07,18:34:44,+919177143828,+917838092720,SMS,0,404078609427120,358320017316196,Delhi_BTS_004,404-45-652-774,Delhi
CDR202600072557,2025-07-13,06:16:52,+917802076353,+919545365324,VOICE,267,404584975161730,350509955290880,Rajasthan_BTS_017,404-45-897-945,Rajasthan
CDR202600072564,2025-06-29,07:08:27,+917383105771,+917417769031,VOICE,234,404072334392738,353451269636078,UttarPradesh_BTS_010,404-45-370-518,Uttar Pradesh
CDR202600072568,2025-10-15,13:29:59,+918770154973,+917520455369,VOICE,42,404153539694369,356833152946207,UttarPradesh_BTS_001,404-45-234-688,Uttar Pradesh
CDR202600072570,2025-08-12,05:43:28,+919660065739,+918559841026,VOICE,89,404909860188877,350141975213043,Gujarat_BTS_007,404-45-703-285,Gujarat
CDR202600072574,2025-03-08,02:59:49,+919061094674,+917337090978,VOICE,209,404483794841739,358738134891920,Gujarat_BTS_005,404-45-338-518,Gujarat
CDR202600072576,2025-06-21,18:11:47,+919622961985,+916931620641,VOICE,38,404896712777551,357641514574668,Mumbai_BTS_010,404-45-296-195,Mumbai
CDR202600072627,2025-04-05,12:13:37,+918540653813,+919967656270,VOICE,35,404578745305990,357590506209511,WestBengal_BTS_008,404-45-979-482,West Bengal
CDR202600072656,2025-04-27,18:39:36,+919484963913,+919280256210,SMS,0,404147442215250,352416677080804,Rajasthan_BTS_017,404-45-652-977,Rajasthan
CDR202600072660,2025-02-17,13:35:45,+919111663373,+918940237490,SMS,0,404699668216799,359442205406466,WestBengal_BTS_003,404-45-342-886,West Bengal
CDR202600072662,2025-09-13,14:52:48,+919683965369,+919557588766,VOICE,143,404001022725062,355277302846297,UttarPradesh_BTS_005,404-45-478-292,Uttar Pradesh
CDR202600072674,2025-11-07,12:08:30,+917218983467,+917289342229,VOICE,83,404954255716503,356356421522814,Karnataka_BTS_005,404-45-371-949,Karnataka
CDR202600072678,2025-05-31,03:21:29,+919967656270,+919086718171,SMS,0,404199952099460,357130699488138,UttarPradesh_BTS_005,404-45-261-449,Uttar Pradesh
CDR202600072696,2025-06-21,14:19:03,+919561166692,+917691247999,VOICE,131,404161386418065,352083604132532,UttarPradesh_BTS_015,404-45-658-037,Uttar Pradesh
CDR202600072726,2025-04-26,01:03:13,+918649101717,+916618520377,VOICE,83,404121103511079,352231204946533,Gujarat_BTS_007,404-45-928-891,Gujarat
CDR202600072743,2025-06-08,12:21:43,+918947516711,+918133493776,SMS,0,404273297261657,357743892196403,Gujarat_BTS_007,404-45-703-285,Gujarat
CDR202600072753,2025-12-19,06:15:36,+916678848724,+917339269344,VOICE,43,404165210418496,350460196186649,Rajasthan_BTS_001,404-45-376-948,Rajasthan
CDR202600072779,2025-07-11,20:21:56,+918813511184,+918020468718,VOICE,370,404879241081469,351080215060108,UttarPradesh_BTS_011,404-45-966-053,Uttar Pradesh
CDR202600072819,2025-01-15,17:13:10,+916670342442,+917463466692,VOICE,87,404131808431039,357642499373409,UttarPradesh_BTS_012,404-45-145-004,Uttar Pradesh
CDR202600072823,2025-06-10,15:10:33,+918395935805,+918289171784,VOICE,130,404219618293857,359128300377593,Maharashtra_BTS_002,404-45-967-353,Maharashtra
CDR202600072830,2025-10-23,23:21:49,+917339269344,+917547365506,VOICE,259,404091036878299,357220169896607,Maharashtra_BTS_008,404-45-173-624,Maharashtra
CDR202600072856,2025-10-04,20:21:32,+918997064690,+919176048736,VOICE,262,404335178595681,355885351470064,WestBengal_BTS_005,404-45-785-885,West Bengal
CDR202600072857,2025-07-31,18:12:21,+918502488426,+916813042097,VOICE,282,404763406377809,351348069280781,Maharashtra_BTS_001,404-45-881-345,Maharashtra
CDR202600072882,2025-06-21,00:58:25,+917271368384,+916864898231,VOICE,95,404580834218089,352087511510648,WestBengal_BTS_005,404-45-785-885,West Bengal
CDR202600072883,2025-04-19,14:39:22,+918068277597,+916355796475,VOICE,79,404616999729474,358213633851934,Mumbai_BTS_006,404-45-785-498,Mumbai
CDR202600072917,2025-01-04,22:06:09,+917181207396,+919083834177,VOICE,230,404166346625051,351161998808914,UttarPradesh_BTS_007,404-45-779-107,Uttar Pradesh
CDR202600072939,2025-12-18,08:04:46,+916365135813,+916445008061,VOICE,96,404420547259488,359778451529164,Rajasthan_BTS_018,404-45-713-332,Rajasthan
CDR202600072950,2025-08-11,13:12:25,+917763723053,+919780503097,VOICE,102,404532602236494,352723525256161,Gujarat_BTS_008,404-45-814-433,Gujarat
CDR202600072953,2025-01-04,17:37:44,+917896616394,+919264151644,VOICE,39,404591387784449,358927117625226,Rajasthan_BTS_019,404-45-471-900,Rajasthan
CDR202600072958,2025-09-01,13:33:00,+917963890054,+917989230897,VOICE,148,404147715345771,350477741092834,Delhi_BTS_003,404-45-993-622,Delhi
CDR202600072963,2025-08-02,17:18:30,+916098490653,+918651935198,SMS,0,404412592329811,357930317729450,Maharashtra_BTS_007,404-45-473-167,Maharashtra
CDR202600072993,2025-06-24,23:12:05,+916740601937,+919317699507,SMS,0,404805941011930,354548111171848,UttarPradesh_BTS_008,404-45-860-567,Uttar Pradesh
CDR202600073005,2025-07-22,21:04:15,+916844164460,+919909481042,VOICE,142,404478428024227,355160833136776,Karnataka_BTS_006,404-45-813-981,Karnataka
CDR202600073006,2025-05-30,20:53:04,+919276996642,+917884435387,VOICE,432,404606761431941,350332886576744,TamilNadu_BTS_004,404-45-683-253,Tamil Nadu
CDR202600073017,2025-04-21,14:51:14,+916696288792,+917174954461,VOICE,126,404723858309056,350228575930644,Rajasthan_BTS_019,404-45-119-115,Rajasthan
CDR202600073023,2025-09-28,18:22:08,+917455222130,+918179135602,SMS,0,404723170823423,359851756080712,WestBengal_BTS_006,404-45-906-719,West Bengal
CDR202600073034,2025-04-21,19:44:09,+918161092580,+919061094674,VOICE,73,404210462818783,356729822138852,UttarPradesh_BTS_015,404-45-954-379,Uttar Pradesh
CDR202600073058,2025-03-18,21:02:32,+919282067219,+917885171272,VOICE,100,404793810188392,356157467493293,Maharashtra_BTS_006,404-45-987-104,Maharashtra
CDR202600073077,2025-10-15,04:20:19,+919072974918,+919037639763,VOICE,47,404104894938660,351057867197891,Mumbai_BTS_002,404-45-107-073,Mumbai
CDR202600073078,2025-05-25,15:37:10,+918986376169,+918783824058,VOICE,153,404333888185808,354466666516446,Rajasthan_BTS_012,404-45-798-907,Rajasthan
CDR202600073082,2025-08-27,01:41:00,+916615153351,+918728614929,VOICE,43,404537311112386,352872620094106,UttarPradesh_BTS_004,404-45-170-901,Uttar Pradesh
CDR202600073096,2025-11-05,16:41:15,+918548476939,+919298701709,VOICE,26,404473500722326,351359620907651,Rajasthan_BTS_009,404-45-742-164,Rajasthan
CDR202600073115,2025-03-28,01:18:08,+919160449642,+917549758539,VOICE,110,404983081475248,353944743333722,Karnataka_BTS_007,404-45-322-992,Karnataka
CDR202600073124,2025-06-21,15:48:14,+917933350510,+918622698307,VOICE,195,404676170832880,356890783418201,Karnataka_BTS_004,404-45-985-411,Karnataka
CDR202600073125,2025-06-27,01:38:31,+916919664501,+918442782692,VOICE,252,404556548928363,353682574187864,Karnataka_BTS_006,404-45-813-981,Karnataka
CDR202600073138,2025-10-03,09:26:07,+918370571122,+916235230918,SMS,0,404846419661094,352785295148148,Karnataka_BTS_003,404-45-597-493,Karnataka
CDR202600073153,2025-06-23,16:38:39,+918720019521,+918965928635,SMS,0,404809900828315,350098543369199,Delhi_BTS_004,404-45-847-707,Delhi
CDR202600073155,2025-11-15,06:10:56,+916720576533,+919076979604,VOICE,9,404412670587383,355581116829626,UttarPradesh_BTS_011,404-45-966-053,Uttar Pradesh
CDR202600073157,2025-03-01,23:19:58,+919913537040,+917685736858,VOICE,112,404520251174935,351344453508349,Rajasthan_BTS_013,404-45-448-115,Rajasthan
CDR202600073168,2025-06-11,20:08:19,+918477060151,+916591627817,VOICE,19,404031073124664,357043106075593,Delhi_BTS_003,404-45-533-988,Delhi
CDR202600073171,2025-03-06,00:34:54,+917991463057,+918023844567,VOICE,143,404225251663621,352405343319391,UttarPradesh_BTS_005,404-45-261-449,Uttar Pradesh
CDR202600073190,2025-07-15,22:46:07,+918948400859,+916269160160,VOICE,43,404731417085587,350122550236034,Maharashtra_BTS_004,404-45-146-678,Maharashtra
CDR202600073192,2025-09-12,05:46:03,+918925576847,+919004689486,SMS,0,404448657573107,359089959545425,WestBengal_BTS_006,404-45-906-719,West Bengal
CDR202600073204,2025-06-12,03:55:54,+917090744932,+917645752537,SMS,0,404652058425337,350651831089523,Gujarat_BTS_002,404-45-854-105,Gujarat
CDR202600073207,2025-04-22,10:15:26,+917112655437,+918559985857,VOICE,24,404440823731920,351884584528946,Rajasthan_BTS_013,404-45-400-446,Rajasthan
CDR202600073232,2025-07-07,00:38:12,+917797351351,+917569488832,VOICE,206,404505395869026,350785319807400,UttarPradesh_BTS_011,404-45-533-850,Uttar Pradesh
CDR202600073233,2025-09-06,18:34:01,+917113848521,+917230040048,VOICE,178,404241619043346,356701940099998,Rajasthan_BTS_008,404-45-981-113,Rajasthan
CDR202600073240,2025-07-29,22:31:13,+917493206855,+919394065085,SMS,0,404776741929420,358197450561608,UttarPradesh_BTS_003,404-45-202-076,Uttar Pradesh
CDR202600073270,2025-12-18,10:26:35,+916308738289,+918975682465,VOICE,34,404709937393612,351921504599232,Rajasthan_BTS_010,404-45-710-066,Rajasthan
CDR202600073274,2025-10-14,10:12:58,+919681227575,+917786379479,VOICE,23,404840596242988,357194796495917,Gujarat_BTS_004,404-45-130-096,Gujarat
CDR202600073278,2025-11-29,14:10:01,+917696453514,+916113148304,VOICE,204,404649261707261,358238343725756,Maharashtra_BTS_007,404-45-314-687,Maharashtra
CDR202600073280,2025-12-26,04:54:09,+917173526045,+918897183146,VOICE,81,404260239063110,354702425585516,Rajasthan_BTS_017,404-45-880-166,Rajasthan
CDR202600073293,2025-02-03,20:48:16,+918025646982,+918771856293,VOICE,92,404351248163194,350103030662808,WestBengal_BTS_003,404-45-266-820,West Bengal
CDR202600073300,2025-05-18,21:42:33,+919266296512,+918597220025,SMS,0,404677480596113,350002463359632,Karnataka_BTS_006,404-45-848-803,Karnataka
CDR202600073302,2025-09-23,07:09:02,+918845953682,+918963105308,SMS,0,404866672963042,354778962422388,Mumbai_BTS_006,404-45-319-553,Mumbai
CDR202600073311,2025-03-24,22:43:10,+916937837972,+917003062873,VOICE,34,404030834646049,359989721155851,Rajasthan_BTS_007,404-45-470-225,Rajasthan
CDR202600073319,2025-07-25,03:33:54,+918733363458,+916668354911,VOICE,63,404964620229276,351879029743038,Gujarat_BTS_001,404-45-859-282,Gujarat
CDR202600073324,2025-01-16,07:45:41,+918520030243,+917016653312,SMS,0,404562086972960,350767981695235,Mumbai_BTS_011,404-45-287-286,Mumbai
CDR202600073331,2025-01-26,05:39:41,+916668354911,+917676778478,VOICE,72,404244214758807,359666381377569,WestBengal_BTS_006,404-45-373-164,West Bengal
CDR202600073333,2025-03-18,11:31:34,+917417334533,+919417393331,VOICE,48,404371630788727,354073573637362,Gujarat_BTS_008,404-45-814-433,Gujarat
CDR202600073334,2025-07-17,23:01:42,+917016958731,+918534632558,VOICE,33,404556475570487,350270438601406,Mumbai_BTS_002,404-45-702-226,Mumbai
CDR202600073337,2025-02-07,23:40:50,+919181703697,+919092945663,SMS,0,404195778210088,353461687222650,Maharashtra_BTS_007,404-45-479-364,Maharashtra
CDR202600073347,2025-08-18,05:54:43,+918925576847,+916573002449,VOICE,4,404448657573107,359089959545425,Mumbai_BTS_006,404-45-319-553,Mumbai
CDR202600073354,2025-10-21,10:43:47,+918347908058,+919639188558,SMS,0,404056812577749,355948136497745,Rajasthan_BTS_004,404-45-316-936,Rajasthan
CDR202600073360,2025-06-19,03:53:38,+916438711116,+917271408444,VOICE,87,404914153417442,359053659920419,Rajasthan_BTS_007,404-45-470-225,Rajasthan
CDR202600073367,2025-02-16,16:11:02,+918248898163,+918892550255,MISSED,0,404750252756005,353516979591158,WestBengal_BTS_002,404-45-205-363,West Bengal
CDR202600073395,2025-08-23,01:18:22,+918244683036,+918602550381,VOICE,4,404417240135466,356665373035166,Maharashtra_BTS_007,404-45-473-167,Maharashtra
CDR202600073425,2025-08-21,22:38:22,+919062637547,+917723666331,SMS,0,404351396359337,354224438928764,Delhi_BTS_003,404-45-662-170,Delhi
CDR202600073444,2025-04-25,03:03:46,+917184224644,+918559399860,VOICE,188,404835045739047,351288647920621,WestBengal_BTS_003,404-45-735-768,West Bengal
CDR202600073445,2025-11-19,16:16:10,+916341686359,+916958719481,VOICE,21,404623667724578,354449803024132,Rajasthan_BTS_007,404-45-605-094,Rajasthan
CDR202600073489,2025-05-06,02:56:21,+917928757125,+918180758109,VOICE,68,404103112033440,355031819125696,Delhi_BTS_003,404-45-662-170,Delhi
CDR202600073511,2025-12-04,01:17:12,+919317768225,+918819627982,VOICE,285,404676458146849,357459505877185,Delhi_BTS_006,404-45-223-254,Delhi
CDR202600073530,2025-06-11,05:09:11,+919993767689,+919908429574,VOICE,458,404769690343980,352999563473811,TamilNadu_BTS_001,404-45-158-052,Tamil Nadu
CDR202600073603,2025-01-24,09:06:17,+918133493776,+917829802427,VOICE,71,404851434879460,357292330025722,Karnataka_BTS_004,404-45-985-411,Karnataka
CDR202600073611,2025-10-29,12:14:46,+917503486314,+917556076685,VOICE,265,404831610321732,359279786530693,Gujarat_BTS_006,404-45-818-559,Gujarat
CDR202600073685,2025-05-19,03:04:55,+917767520527,+919208661356,VOICE,3,404478013364843,350478266597413,UttarPradesh_BTS_011,404-45-357-928,Uttar Pradesh
CDR202600073694,2025-11-16,14:21:56,+918714145702,+919190002028,VOICE,501,404191486201429,352274871262949,UttarPradesh_BTS_001,404-45-371-406,Uttar Pradesh
CDR202600073708,2025-06-17,13:25:35,+916071750291,+918347908058,VOICE,68,404499763365347,350614171723380,Rajasthan_BTS_019,404-45-119-115,Rajasthan
CDR202600073725,2025-03-14,11:43:28,+916484603330,+917213188241,VOICE,42,404562525733719,358787452704167,WestBengal_BTS_009,404-45-304-837,West Bengal
CDR202600073753,2025-11-23,22:34:50,+917663263059,+916996698129,VOICE,344,404831033471550,355937757111546,Karnataka_BTS_003,404-45-270-417,Karnataka
CDR202600073762,2025-12-28,19:03:59,+918771049133,+919657334663,VOICE,208,404367429209573,355361983484471,WestBengal_BTS_006,404-45-906-719,West Bengal
CDR202600073765,2025-07-12,21:58:00,+919915788610,+919233832604,VOICE,27,404355152012854,357964290031988,Rajasthan_BTS_008,404-45-981-113,Rajasthan
CDR202600073774,2025-08-26,17:01:46,+918562038675,+916356585450,VOICE,148,404200842087501,353752082298228,UttarPradesh_BTS_012,404-45-233-653,Uttar Pradesh
CDR202600073799,2025-03-20,00:08:00,+918068277597,+916000451669,VOICE,3,404616999729474,358213633851934,WestBengal_BTS_002,404-45-355-683,West Bengal
CDR202600073816,2025-08-15,22:57:56,+917993474914,+917677034529,VOICE,290,404355828406210,359186159717520,Maharashtra_BTS_004,404-45-146-678,Maharashtra
CDR202600073819,2025-10-05,01:16:45,+919029495173,+916501612065,VOICE,55,404870704630679,352782395751691,UttarPradesh_BTS_009,404-45-719-216,Uttar Pradesh
CDR202600073844,2025-12-02,03:13:06,+918806117659,+918284997074,VOICE,36,404616729746243,354013933929134,Mumbai_BTS_001,404-45-446-022,Mumbai
CDR202600073855,2025-01-06,01:07:56,+919944564705,+919276996642,VOICE,191,404009934195517,357454142089434,Rajasthan_BTS_005,404-45-771-512,Rajasthan
CDR202600073857,2025-08-11,15:04:14,+916641830807,+917223860180,VOICE,26,404169195408567,358625920465079,UttarPradesh_BTS_006,404-45-108-684,Uttar Pradesh
CDR202600073873,2025-05-01,21:48:02,+919872865654,+916129129648,VOICE,66,404008849594896,356763361230738,Mumbai_BTS_008,404-45-462-434,Mumbai
CDR202600073874,2025-07-06,07:38:28,+916324724525,+919144905801,SMS,0,404424884327982,356942945140804,Rajasthan_BTS_016,404-45-961-655,Rajasthan
CDR202600073905,2025-03-03,16:59:04,+918584425155,+919074552576,MISSED,0,404576877276392,352133548796065,UttarPradesh_BTS_012,404-45-145-004,Uttar Pradesh
CDR202600073910,2025-06-25,08:26:09,+918495071116,+918268162582,VOICE,108,404349215116533,359023935335194,Rajasthan_BTS_017,404-45-897-945,Rajasthan
CDR202600073920,2025-04-06,18:14:12,+918168728462,+918477793470,SMS,0,404056362185097,355443514929823,Karnataka_BTS_007,404-45-294-304,Karnataka
CDR202600073934,2025-11-23,22:42:13,+916181430239,+918584704952,VOICE,300,404052751582959,354399234354572,Gujarat_BTS_002,404-45-328-143,Gujarat
CDR202600073955,2025-05-18,11:52:15,+918464533302,+916429632648,VOICE,142,404368431302508,359794080830905,Maharashtra_BTS_003,404-45-487-081,Maharashtra
CDR202600073961,2025-07-10,20:46:40,+919976782155,+918721606129,VOICE,93,404964747345476,358908149840555,Mumbai_BTS_007,404-45-584-827,Mumbai
CDR202600073966,2025-05-16,13:32:59,+916953509233,919260708551,VOICE,61,404641640069520,357968719284652,Mumbai_BTS_010,404-45-211-255,Mumbai
CDR202600073967,2025-06-09,13:43:15,+919426605477,+918885246409,SMS,0,404281266825758,351254062917245,TamilNadu_BTS_002,404-45-620-083,Tamil Nadu
CDR202600073972,2025-04-26,14:25:35,+919637359630,+917279725943,VOICE,126,404294511194170,356902147718242,Rajasthan_BTS_006,404-45-862-575,Rajasthan
CDR202600073974,2025-10-25,04:55:33,+916306053410,+918491357224,SMS,0,404518670939366,350739963840208,Rajasthan_BTS_004,404-45-374-068,Rajasthan
CDR202600073979,2025-11-05,16:10:04,+919944634146,+916039633607,VOICE,150,404595101509623,353235823849388,Mumbai_BTS_004,404-45-980-339,Mumbai
CDR202600073997,2025-05-10,09:10:31,+917549758539,+916324724525,SMS,0,404332920636521,356622671054620,Delhi_BTS_003,404-45-662-170,Delhi
CDR202600073998,2025-01-18,02:10:45,+917641309711,+919497020455,SMS,0,404312870409485,353018319589196,Karnataka_BTS_004,404-45-985-411,Karnataka
CDR202600074061,2025-04-04,07:42:14,+917282492301,+919089404735,VOICE,230,404326585631139,356021293427440,Karnataka_BTS_005,404-45-102-400,Karnataka
CDR202600074099,2025-09-28,22:45:27,+916018945398,+919420722750,VOICE,124,404289903009838,352049501904140,UttarPradesh_BTS_014,404-45-214-078,Uttar Pradesh
CDR202600074100,2025-10-19,20:19:38,+919468047687,+917520455369,VOICE,19,404977697993819,352220597434153,Maharashtra_BTS_004,404-45-821-072,Maharashtra
CDR202600074145,2025-10-31,16:36:04,+918312719539,+919271326972,VOICE,249,404521148141086,355788724410960,Rajasthan_BTS_019,404-45-119-115,Rajasthan
CDR202600074159,2025-08-22,06:24:02,+918481942857,+918971088986,VOICE,301,404681651268899,356412167598313,Karnataka_BTS_001,404-45-767-554,Karnataka
CDR202600074164,2025-12-22,09:20:24,+918736592858,+917960741167,VOICE,24,404890433996796,351884910052270,Rajasthan_BTS_009,404-45-911-697,Rajasthan
CDR202600074213,2025-09-16,11:10:59,+918755790794,+917303258691,VOICE,188,404651276934785,353473910318968,Mumbai_BTS_010,404-45-296-195,Mumbai
CDR202600074239,2025-03-04,01:15:23,+919396508569,+918721606129,VOICE,231,404310160200193,359923465696142,Rajasthan_BTS_001,404-45-376-948,Rajasthan
CDR202600074249,2025-10-23,17:49:26,+918023844567,+918873476503,SMS,0,404171825128017,352189169124027,Gujarat_BTS_008,404-45-448-285,Gujarat
CDR202600074312,2025-11-07,15:58:43,+918751136354,+919034522106,VOICE,233,404955494298380,358493104613870,Gujarat_BTS_006,404-45-833-666,Gujarat
CDR202600074329,2025-12-05,10:30:32,+918814548537,+917185827271,VOICE,164,404029426518590,351081902316792,Karnataka_BTS_003,404-45-270-417,Karnataka
CDR202600074337,2025-01-13,00:56:46,+919578446491,+918253233543,VOICE,13,404698111887400,356642214695800,Rajasthan_BTS_007,404-45-241-522,Rajasthan
CDR202600074354,2025-09-25,10:45:20,+916769659872,+916348016574,VOICE,183,404477243766572,357392726908890,Mumbai_BTS_001,404-45-446-022,Mumbai
CDR202600074373,2025-02-01,00:05:05,+919417393331,+917345321729,VOICE,23,404378825292052,351340013763758,Karnataka_BTS_006,404-45-848-803,Karnataka
CDR202600074398,2025-11-04,18:55:59,+918661420098,+916639964319,VOICE,334,404216364533466,351097075581099,Mumbai_BTS_011,404-45-287-286,Mumbai
CDR202600074405,2025-04-29,04:22:29,+917888161534,+918575351526,VOICE,108,404711002684518,351045136207423,Maharashtra_BTS_005,404-45-181-876,Maharashtra
CDR202600074406,2025-07-12,13:25:40,+917795530276,+917663263059,VOICE,59,404388681313721,351611048138259,WestBengal_BTS_002,404-45-315-699,West Bengal
CDR202600074415,2025-07-17,18:37:57,+918897183146,+919035872592,VOICE,3,404171778971064,357654444675242,UttarPradesh_BTS_015,404-45-658-037,Uttar Pradesh
CDR202600074427,2025-03-24,16:58:12,+918763872908,+918724177565,VOICE,12,404540072804311,353077472706299,Rajasthan_BTS_002,404-45-334-842,Rajasthan
CDR202600074448,2025-03-21,08:42:18,+917149591445,+917938295768,VOICE,22,404880164180006,351045647268325,Rajasthan_BTS_001,404-45-801-333,Rajasthan
CDR202600074454,2025-11-01,05:50:01,+917093548626,+919595906001,VOICE,389,404915199806015,356741899766017,UttarPradesh_BTS_003,404-45-650-219,Uttar Pradesh
CDR202600074461,2025-02-25,04:04:47,+917779511488,+918572263845,VOICE,55,404831814949565,355442324202169,Karnataka_BTS_006,404-45-835-499,Karnataka
CDR202600074493,2025-01-10,10:25:55,+919728739034,+916082929566,VOICE,419,404550764260047,355380990704431,Rajasthan_BTS_008,404-45-981-113,Rajasthan
CDR202600074512,2025-01-03,16:04:55,+918733363458,+916000914011,VOICE,24,404964620229276,351879029743038,Mumbai_BTS_010,404-45-296-195,Mumbai
CDR202600074521,2025-05-09,19:46:40,+918256204328,+919464521257,VOICE,181,404041818012574,356258422028037,WestBengal_BTS_002,404-45-205-363,West Bengal
CDR202600074526,2025-12-14,01:02:28,+918845618052,+917646796394,VOICE,546,404808377931413,355277709817276,Maharashtra_BTS_009,404-45-646-747,Maharashtra
CDR202600074528,2025-10-31,11:00:40,+919042808278,+919277455301,SMS,0,404575712996785,356618332548718,Maharashtra_BTS_008,404-45-818-960,Maharashtra
CDR202600074535,2025-12-25,12:00:25,+917261061155,+917378987516,SMS,0,404579193279479,355081986743316,TamilNadu_BTS_003,404-45-169-692,Tamil Nadu
CDR202600074545,2025-05-23,06:30:09,+918118633802,+919744179667,VOICE,358,404168363215118,356266887001647,TamilNadu_BTS_006,404-45-367-210,Tamil Nadu
CDR202600074560,2025-07-20,21:54:16,+917429125374,+916101521841,MISSED,0,404272642997701,359701823566057,Rajasthan_BTS_017,404-45-652-977,Rajasthan
CDR202600074561,2025-04-27,03:48:38,+919870814055,+918501224743,SMS,0,404150088116017,352561453120622,Mumbai_BTS_005,404-45-626-244,Mumbai
CDR202600074578,2025-09-27,08:15:51,+917590663736,+917663263059,SMS,0,404648222988446,350653832684809,Maharashtra_BTS_005,404-45-891-297,Maharashtra
CDR202600074597,2025-08-22,01:31:54,+916131684776,+917613843116,VOICE,52,404469926359315,355641679006187,Mumbai_BTS_011,404-45-995-946,Mumbai
CDR202600074604,2025-02-15,01:44:34,+917693280362,+916231421581,VOICE,182,404784250091232,352783540103161,UttarPradesh_BTS_002,404-45-568-324,Uttar Pradesh
CDR202600074628,2025-01-07,14:01:56,+919966441687,+918544376600,VOICE,78,404523052985527,355324421848994,Mumbai_BTS_006,404-45-785-498,Mumbai
CDR202600074634,2025-03-09,06:51:00,+917202552638,+918614268085,VOICE,79,404133676382269,351225205562029,Gujarat_BTS_007,404-45-106-778,Gujarat
CDR202600074645,2025-11-16,19:23:18,+918273125500,+919153130790,VOICE,95,404745929732462,355384639189053,Mumbai_BTS_012,404-45-553-828,Mumbai
CDR202600074649,2025-02-02,10:42:17,+919527937504,+917205901379,SMS,0,404579271752967,359361483481394,Rajasthan_BTS_010,404-45-641-258,Rajasthan
CDR202600074666,2025-02-13,09:06:10,+919472578627,+918155040073,VOICE,223,404911770914430,351164297202440,TamilNadu_BTS_003,404-45-169-692,Tamil Nadu
CDR202600074686,2025-05-01,04:43:38,+918773990154,+919417393331,VOICE,165,404412014199919,355564291496201,Mumbai_BTS_007,404-45-584-827,Mumbai
CDR202600074724,2025-07-05,19:45:17,+918893507455,+916801079158,VOICE,14,404004179245625,356769759822728,Maharashtra_BTS_008,404-45-799-664,Maharashtra
CDR202600074734,2025-05-10,02:42:18,+919400363649,+917433389841,MISSED,0,404740654171639,358846382710769,Delhi_BTS_003,404-45-371-541,Delhi
CDR202600074743,2025-01-20,17:35:28,+917433422977,+917190444185,VOICE,44,404824972666194,350643031565003,Gujarat_BTS_008,404-45-448-285,Gujarat
CDR202600074754,2025-10-06,23:23:00,+919444012974,+916635012007,VOICE,139,404274235117037,355616623589016,Maharashtra_BTS_003,404-45-487-081,Maharashtra
CDR202600074777,2025-04-21,15:51:36,+918263326325,+916267444176,VOICE,35,404769594209282,356484155813719,WestBengal_BTS_005,404-45-785-885,West Bengal
CDR202600074803,2025-01-14,03:00:29,+918555623598,+917426121757,VOICE,88,404795084491917,357234657247713,WestBengal_BTS_005,404-45-785-885,West Bengal
CDR202600074817,2025-06-25,01:32:22,+917726107989,+918877660189,VOICE,40,404407448096702,356385248348517,Mumbai_BTS_010,404-45-919-883,Mumbai
CDR202600074849,2025-02-06,19:09:41,+918841644330,+917701031529,VOICE,105,404237671546095,350543520084285,Delhi_BTS_001,404-45-999-581,Delhi
CDR202600074851,2025-12-12,04:35:55,+918399147177,+917520981557,VOICE,137,404735564618527,353730318490182,Delhi_BTS_005,404-45-830-320,Delhi
CDR202600074852,2025-01-13,22:07:54,+918679570092,+917088876889,VOICE,172,404788112957032,352156701147536,Rajasthan_BTS_014,404-45-839-897,Rajasthan
CDR202600074926,2025-09-02,07:51:47,+918728614929,+918622698307,VOICE,102,404809846897820,359550937294523,WestBengal_BTS_001,404-45-981-041,West Bengal
CDR202600074927,2025-08-21,14:53:49,+919117975798,+918412516890,VOICE,92,404126662717975,354873281709049,UttarPradesh_BTS_002,404-45-568-324,Uttar Pradesh
CDR202600074936,2025-11-30,09:54:35,+918727635301,+918165146912,VOICE,66,404052649699540,353067160106239,Rajasthan_BTS_015,404-45-612-781,Rajasthan
CDR202600074941,2025-07-10,14:40:30,+917158246139,+918100867745,SMS,0,404335577142314,351325965018664,TamilNadu_BTS_006,404-45-367-210,Tamil Nadu
CDR202600074945,2025-11-19,20:16:19,+919657334663,+917724773264,VOICE,17,404338142662248,357177116528414,WestBengal_BTS_002,404-45-355-683,West Bengal
CDR202600074956,2025-04-19,09:31:03,+919563915796,+916631863027,VOICE,95,404336405270257,359349162772468,Mumbai_BTS_007,404-45-584-827,Mumbai
CDR202600074965,2025-09-25,01:38:58,+919277455301,+916422315453,VOICE,61,404480655392806,350109769932821,WestBengal_BTS_003,404-45-258-948,West Bengal
CDR202600074971,2025-02-02,19:08:53,+916279918988,+917420655631,VOICE,5,404935335073521,350021929986007,Rajasthan_BTS_006,404-45-862-575,Rajasthan
CDR202600074995,2025-02-16,09:33:17,+917774645630,+916098490653,VOICE,240,404921447000162,356994766202583,UttarPradesh_BTS_010,404-45-749-874,Uttar Pradesh
CDR202600074996,2025-12-18,02:47:34,+919113796021,+916028073851,VOICE,513,404459656752544,355405373732222,WestBengal_BTS_001,404-45-230-043,West Bengal
CDR202600074998,2025-05-08,22:46:57,+917520455369,+919267423926,VOICE,141,404042052431781,359425971563259,Gujarat_BTS_007,404-45-325-460,Gujarat
CDR202600075002,2025-02-15,08:30:21,+918044732433,+916812527503,MISSED,0,404546387082886,350474549247995,WestBengal_BTS_001,404-45-415-374,West Bengal
CDR202600075013,2025-02-13,08:01:03,+916945270946,+918473249061,MISSED,0,404362992853194,359137917587225,UttarPradesh_BTS_010,404-45-370-518,Uttar Pradesh
CDR202600075048,2025-02-25,16:17:44,+919819887535,+919370587105,VOICE,220,404961080891895,358969718748233,Rajasthan_BTS_004,404-45-680-898,Rajasthan
CDR202600075061,2025-10-05,00:58:16,+917929696177,+918491157140,VOICE,56,404083623472496,352983042298557,TamilNadu_BTS_003,404-45-170-610,Tamil Nadu
CDR202600075063,2025-06-04,08:56:05,+917118751028,+917564387646,VOICE,59,404963570623638,355906188804290,Rajasthan_BTS_007,404-45-697-409,Rajasthan
CDR202600075076,2025-02-07,19:34:33,+918270067075,+918062603613,VOICE,140,404213880984622,354896678283703,WestBengal_BTS_008,404-45-979-482,West Bengal
CDR202600075080,2025-09-14,23:14:57,+916254643881,+919239383383,VOICE,50,404028839137749,353930157465023,Rajasthan_BTS_019,404-45-119-115,Rajasthan
CDR202600075092,2025-11-02,20:39:02,+918578598723,+917654775888,VOICE,9,404704674616516,350634321476425,WestBengal_BTS_005,404-45-521-822,West Bengal
CDR202600075101,2025-01-10,04:57:03,+919541078632,+917215930461,SMS,0,404187617504206,356941933406067,UttarPradesh_BTS_001,404-45-234-688,Uttar Pradesh
CDR202600075124,2025-04-08,08:56:14,+919035577601,+917310983111,SMS,0,404695179513469,354338287829553,UttarPradesh_BTS_006,404-45-108-684,Uttar Pradesh
CDR202600075147,2025-02-26,06:08:29,+916002252699,+919996839251,VOICE,130,404314034281729,354961894521902,TamilNadu_BTS_004,404-45-513-123,Tamil Nadu
CDR202600075152,2025-03-19,16:50:25,+918682534164,+916020248860,VOICE,39,404398224101371,356644749682183,Karnataka_BTS_001,404-45-767-554,Karnataka
CDR202600075169,2025-05-21,11:31:13,+918779429404,+917330139400,VOICE,46,404927639251444,352602243908697,WestBengal_BTS_009,404-45-571-359,West Bengal
CDR202600075203,2025-02-02,11:24:47,+916223934998,+917797590950,VOICE,109,404985014656400,354238049144752,UttarPradesh_BTS_001,404-45-234-688,Uttar Pradesh
CDR202600075244,2025-11-13,07:00:06,+918024212426,+917433389841,VOICE,203,404023368807214,350078835059300,WestBengal_BTS_001,404-45-915-996,West Bengal
CDR202600075249,2025-01-08,16:51:56,+918478798838,+917875453680,VOICE,52,404634316521496,350531773142970,Maharashtra_BTS_001,404-45-204-095,Maharashtra
CDR202600075295,2025-04-02,13:29:48,+919947003973,+917663263059,VOICE,100,404805881284951,356472485737618,Mumbai_BTS_010,404-45-211-255,Mumbai
CDR202600075298,2025-03-24,10:52:41,+919808151517,+917560992338,VOICE,43,404557437073856,356751224261973,UttarPradesh_BTS_004,404-45-170-901,Uttar Pradesh
CDR202600075303,2025-03-12,03:50:49,+918102626813,+918778912285,VOICE,35,404036838319236,359802693337605,UttarPradesh_BTS_007,404-45-779-107,Uttar Pradesh
CDR202600075328,2025-09-05,03:48:51,+917024941597,+917705202769,VOICE,13,404048028561460,359763664488755,Maharashtra_BTS_002,404-45-199-368,Maharashtra
CDR202600075330,2025-11-06,05:14:25,+917129070216,+916019571525,VOICE,86,404134218674692,356701637472047,Delhi_BTS_004,404-45-652-774,Delhi
CDR202600075381,2025-05-28,00:34:44,+919734226884,+918639338747,MISSED,0,404965242371404,355792012779548,UttarPradesh_BTS_010,404-45-749-874,Uttar Pradesh
CDR202600075383,2025-10-03,09:19:05,+918917058490,+919989000306,VOICE,254,404548793872722,351091812420985,UttarPradesh_BTS_009,404-45-719-216,Uttar Pradesh
CDR202600075397,2025-06-24,19:20:55,+918841418832,+916866588584,VOICE,270,404842201362069,351592784280347,Maharashtra_BTS_007,404-45-750-855,Maharashtra
CDR202600075400,2025-05-27,05:08:08,+918532565439,+916367952951,VOICE,259,404279021528126,354914724441289,UttarPradesh_BTS_001,404-45-234-688,Uttar Pradesh
CDR202600075401,2025-03-26,13:56:54,+917762729779,+917526215065,VOICE,10,404734886130407,352522752267198,Mumbai_BTS_006,404-45-785-498,Mumbai
CDR202600075414,2025-09-11,13:18:10,+919721191025,+917257332172,VOICE,403,404574031182872,354145590843491,Rajasthan_BTS_010,404-45-710-066,Rajasthan
CDR202600075417,2025-04-23,11:10:53,+917508657835,+918068277597,SMS,0,404583148687297,355838120873937,Mumbai_BTS_004,404-45-980-339,Mumbai
CDR202600075426,2025-10-07,09:55:53,+917772081145,+917105925045,VOICE,81,404120845170070,351989241790952,Gujarat_BTS_007,404-45-106-778,Gujarat
CDR202600075451,2025-12-23,01:03:41,+917001870786,+919350845211,VOICE,288,404263880046245,354827910720942,Karnataka_BTS_007,404-45-322-992,Karnataka
CDR202600075476,2025-03-20,09:33:44,+917447850192,+917096964249,VOICE,19,404905543743590,353730691242345,Gujarat_BTS_006,404-45-833-666,Gujarat
CDR202600075489,2025-07-11,21:24:15,+918567592903,+918025646982,VOICE,388,404672645797896,355202167346704,Rajasthan_BTS_017,404-45-652-977,Rajasthan
CDR202600075491,2025-10-28,13:39:09,+919870814055,+918770154973,VOICE,105,404150088116017,352561453120622,Mumbai_BTS_010,404-45-296-195,Mumbai
CDR202600075495,2025-11-28,03:06:21,+918542480602,+916008471797,VOICE,225,404205366893078,351765439737216,UttarPradesh_BTS_011,404-45-194-650,Uttar Pradesh
CDR202600075525,2025-10-22,04:54:25,+919204124085,+917719164697,VOICE,139,404446084536220,354704102314609,Delhi_BTS_006,404-45-548-922,Delhi
CDR202600075541,2025-12-07,07:31:27,+919199338315,+916329228510,VOICE,211,404276876757075,358305129499201,Mumbai_BTS_002,404-45-702-226,Mumbai
CDR202600075554,2025-11-19,06:58:41,+918086119754,+916911142376,VOICE,131,404258137470391,356685883909132,Rajasthan_BTS_006,404-45-651-270,Rajasthan
CDR202600075558,2025-10-05,09:38:31,+919543348878,+917000634345,VOICE,45,404369428835073,352427918190689,Maharashtra_BTS_007,404-45-473-167,Maharashtra
CDR202600075587,2025-05-01,10:14:04,+916972919814,+916202178722,VOICE,145,404515907854904,354649006026539,WestBengal_BTS_002,404-45-315-699,West Bengal
CDR202600075596,2025-08-01,22:28:01,+917829802427,+918252075075,VOICE,118,404967880034549,359865788442559,Delhi_BTS_005,404-45-508-688,Delhi
CDR202600075615,2025-11-04,21:43:21,+917452508094,+917896616394,VOICE,237,404306257246336,357028421008150,UttarPradesh_BTS_003,404-45-736-577,Uttar Pradesh
CDR202600075626,2025-05-22,18:53:59,+916377342699,+916040197081,MISSED,0,404544280981613,354326982275354,Rajasthan_BTS_015,404-45-282-520,Rajasthan
CDR202600075628,2025-06-11,14:26:02,+917798082866,+918863921078,VOICE,39,404452197193250,354973211149526,UttarPradesh_BTS_002,404-45-568-324,Uttar Pradesh
CDR202600075641,2025-04-07,18:21:00,+919514705651,+916489779940,VOICE,214,404503335139441,354307937429951,Gujarat_BTS_007,404-45-928-891,Gujarat
CDR202600075703,2025-05-09,00:14:27,+917431318210,+916729659670,SMS,0,404391904285890,359971282138258,UttarPradesh_BTS_003,404-45-736-577,Uttar Pradesh
CDR202600075710,2025-04-20,11:27:31,+917002363705,+919766255695,VOICE,136,404206674072926,352465417819900,Rajasthan_BTS_019,404-45-951-827,Rajasthan
CDR202600075714,2025-08-26,03:54:24,+918893603830,+918847017234,VOICE,67,404898947568975,357492070120608,Gujarat_BTS_002,404-45-328-143,Gujarat
CDR202600075715,2025-12-23,08:04:02,+916118944453,+916453040604,VOICE,9,404410342769352,357336022639552,UttarPradesh_BTS_014,404-45-214-078,Uttar Pradesh
CDR202600075739,2025-05-25,22:37:09,+918111670819,+917537891077,VOICE,40,404760242144637,357401233211716,TamilNadu_BTS_006,404-45-367-210,Tamil Nadu
CDR202600075753,2025-06-11,08:03:44,+917997413210,+917530466171,SMS,0,404929845680054,352570508872863,Rajasthan_BTS_019,404-45-414-246,Rajasthan
CDR202600075773,2025-05-07,23:08:36,+919154296858,+918711713470,VOICE,136,404482754283273,353320014457394,Rajasthan_BTS_001,404-45-755-705,Rajasthan
CDR202600075787,2025-05-06,21:18:55,+916864147190,+917349771777,VOICE,169,404174026711328,353166307747684,Karnataka_BTS_005,404-45-902-804,Karnataka
CDR202600075807,2025-03-24,14:11:04,+919248670364,+919281751844,VOICE,96,404315333047812,357135237451625,WestBengal_BTS_002,404-45-315-699,West Bengal
CDR202600075810,2025-01-06,01:00:14,+919505939409,+918685327239,VOICE,28,404566555215293,351942426647075,Karnataka_BTS_006,404-45-669-678,Karnataka
CDR202600075817,2025-11-29,00:46:42,+917925682249,+916670342442,VOICE,281,404881267092843,356267754312972,WestBengal_BTS_001,404-45-915-996,West Bengal
CDR202600075819,2025-10-18,00:58:10,+917154170859,+919092156658,VOICE,134,404792088077237,351155594221053,Maharashtra_BTS_009,404-45-350-168,Maharashtra
CDR202600075821,2025-05-31,08:54:00,+917204001120,+917724117655,VOICE,332,404081290647334,355103220159854,UttarPradesh_BTS_011,404-45-194-650,Uttar Pradesh
CDR202600075848,2025-04-08,03:54:33,+919516359970,+917797590950,VOICE,28,404484311330499,359612302626017,Maharashtra_BTS_002,404-45-199-368,Maharashtra
CDR202600075868,2025-05-30,17:25:10,+918686483115,+918139555438,MISSED,0,404270719334809,356000727053098,Karnataka_BTS_006,404-45-848-803,Karnataka
CDR202600075869,2025-02-03,08:31:15,+916148259773,+917994803718,MISSED,0,404551915195410,350290820241325,UttarPradesh_BTS_011,404-45-194-650,Uttar Pradesh
CDR202600075876,2025-05-11,02:56:47,+916259148611,+919168612085,VOICE,230,404617825779155,352262798414567,Mumbai_BTS_007,404-45-584-827,Mumbai
CDR202600075880,2025-04-25,17:30:19,+917237041157,+916226265278,VOICE,234,404908281908272,353478699372958,UttarPradesh_BTS_006,404-45-726-827,Uttar Pradesh
CDR202600075886,2025-09-14,12:29:59,+919626297713,+918400893265,VOICE,2,404951488414246,356776676548827,Delhi_BTS_001,404-45-999-581,Delhi
CDR202600075903,2025-05-28,04:20:14,+919214351370,+917088277832,SMS,0,404999353862047,354975238077103,Karnataka_BTS_003,404-45-597-493,Karnataka
CDR202600075908,2025-10-25,12:59:13,+918984132297,+917133389898,VOICE,14,404120193048594,351266724525504,Maharashtra_BTS_001,404-45-204-095,Maharashtra
CDR202600075915,2025-11-10,18:03:04,+918437351914,+916160680569,VOICE,31,404153443189730,353978658688350,Rajasthan_BTS_010,404-45-641-258,Rajasthan
CDR202600075933,2025-06-30,11:59:39,+918435990566,+917798082866,VOICE,12,404129299933047,359379409072963,WestBengal_BTS_005,404-45-901-954,West Bengal
CDR202600075946,2025-07-20,13:46:37,+917911253544,+918810976240,VOICE,22,404691302591662,352531821469848,Maharashtra_BTS_008,404-45-173-624,Maharashtra
CDR202600075950,2025-02-20,01:20:39,+916351363179,+916254465133,VOICE,74,404118638505033,356302824447568,Delhi_BTS_003,404-45-993-622,Delhi
CDR202600075955,2025-07-30,07:57:39,+916124948958,+919214351370,MISSED,0,404731586592812,357404124376191,UttarPradesh_BTS_004,404-45-457-903,Uttar Pradesh
CDR202600075959,2025-03-31,03:06:10,+916850067098,+918417022285,SMS,0,404795293860516,355845600557165,Delhi_BTS_002,404-45-231-676,Delhi
CDR202600075963,2025-11-12,20:08:58,+916846943785,+918998928110,SMS,0,404087287051004,353092790575328,UttarPradesh_BTS_003,404-45-650-219,Uttar Pradesh
CDR202600075965,2025-09-05,08:33:51,+917992349462,+918256204328,VOICE,1,404379694469547,358367571673164,Rajasthan_BTS_019,404-45-471-900,Rajasthan
CDR202600075977,2025-01-05,17:49:44,+918867586092,+918121856917,VOICE,36,404685285209768,358321304385327,WestBengal_BTS_002,404-45-205-363,West Bengal
CDR202600076007,2025-02-18,18:59:30,+917982864443,+919605826168,VOICE,131,404564109172450,356208467349561,WestBengal_BTS_001,404-45-230-043,West Bengal
CDR202600076010,2025-07-06,16:33:18,+916910071557,+917599232407,VOICE,77,404954741201577,354506100452927,Karnataka_BTS_003,404-45-597-493,Karnataka
CDR202600076035,2025-06-09,04:56:46,+919167132681,+916268922270,VOICE,107,404819637469121,352589784526087,Rajasthan_BTS_007,404-45-697-409,Rajasthan
CDR202600076045,2025-07-05,05:28:19,+916953509233,+919291991454,MISSED,0,404641640069520,357968719284652,Rajasthan_BTS_015,404-45-208-892,Rajasthan
CDR202600076115,2025-07-17,11:43:09,+916326243819,+919136542310,SMS,0,404101232690789,354980417445130,Maharashtra_BTS_008,404-45-818-960,Maharashtra
CDR202600076128,2025-05-17,20:08:27,+918765853834,+919505180197,VOICE,1,404642815905537,351731064481206,UttarPradesh_BTS_005,404-45-261-449,Uttar Pradesh
CDR202600076149,2025-09-29,08:11:21,+916223934998,+918169255646,VOICE,130,404985014656400,354238049144752,WestBengal_BTS_005,404-45-901-954,West Bengal
CDR202600076162,2025-12-24,02:07:32,+918686483115,+916345205059,VOICE,92,404270719334809,356000727053098,Gujarat_BTS_007,404-45-325-460,Gujarat
CDR202600076171,2025-11-30,17:44:36,+917256764074,+917663263059,VOICE,37,404739815411160,359345210315544,WestBengal_BTS_003,404-45-735-768,West Bengal
CDR202600076174,2025-06-03,06:57:34,+916050869454,+917677034529,SMS,0,404841345454119,350688172217439,TamilNadu_BTS_005,404-45-734-084,Tamil Nadu
CDR202600076181,2025-03-14,23:24:07,+917831722775,+919153608290,VOICE,62,404030205623176,353683189237854,UttarPradesh_BTS_010,404-45-749-874,Uttar Pradesh
CDR202600076206,2025-11-06,11:47:30,+919593640852,+917096964249,VOICE,11,404704577847362,356187635707846,TamilNadu_BTS_002,404-45-158-984,Tamil Nadu
CDR202600076220,2025-08-08,04:37:27,+917384387838,+917685568330,VOICE,20,404325600373291,351469415133815,Rajasthan_BTS_009,404-45-911-697,Rajasthan
CDR202600076238,2025-02-18,13:07:57,+916202178722,+917929262567,VOICE,51,404632137247154,351108927649825,Gujarat_BTS_008,404-45-814-433,Gujarat
CDR202600076249,2025-12-09,12:30:46,+916637351217,+917048374529,VOICE,5,404312395453237,351377577373976,Karnataka_BTS_002,404-45-195-949,Karnataka
CDR202600076304,2025-07-22,07:18:15,+918397046727,+919391140734,VOICE,98,404920363665136,353100778764589,Mumbai_BTS_010,404-45-919-883,Mumbai
CDR202600076307,2025-09-17,09:24:26,+919160449642,+917017171416,VOICE,157,404983081475248,350472075785283,UttarPradesh_BTS_004,404-45-457-903,Uttar Pradesh
CDR202600076312,2025-03-10,12:19:14,+918699480610,+917403046171,VOICE,43,404584779860566,351235843197593,WestBengal_BTS_001,404-45-915-996,West Bengal
CDR202600076316,2025-05-03,13:44:56,+918236781960,+916745720308,VOICE,55,404159891020295,351176478416789,Maharashtra_BTS_007,404-45-750-855,Maharashtra
CDR202600076329,2025-08-18,16:53:05,+919241365175,+919164081065,VOICE,9,404135598336393,351799228873646,Karnataka_BTS_002,404-45-195-949,Karnataka
CDR202600076350,2025-08-10,14:11:17,+919180310819,+917634067507,VOICE,54,404813313878769,353282190262848,UttarPradesh_BTS_008,404-45-860-567,Uttar Pradesh
CDR202600076395,2025-10-22,13:20:57,+919299836633,+916356585450,VOICE,19,404281735738639,350224385192657,Mumbai_BTS_008,404-45-462-434,Mumbai
CDR202600076401,2025-04-18,16:12:30,+919095709660,+917668069108,VOICE,2,404657790034648,356564054582878,Mumbai_BTS_008,404-45-462-434,Mumbai
CDR202600076408,2025-12-16,09:37:16,+916755932249,+918649101717,VOICE,130,404079315241617,357206712576008,Mumbai_BTS_005,404-45-626-244,Mumbai
CDR202600076412,2025-04-18,23:57:46,+916392171813,+918312402173,VOICE,20,404312977760892,356010553251353,Karnataka_BTS_006,404-45-835-499,Karnataka
CDR202600076446,2025-06-07,09:51:36,+918406034410,+919811550115,VOICE,126,404438432028171,358894876406791,Maharashtra_BTS_002,404-45-199-368,Maharashtra
CDR202600076449,2025-02-22,13:00:54,+918513829615,+916431310392,VOICE,120,404363714909452,356796833929709,Mumbai_BTS_007,404-45-584-827,Mumbai
CDR202600076472,2025-01-24,00:08:14,+916177150902,+916402734910,VOICE,203,404672777539381,350485103528476,Rajasthan_BTS_003,404-45-924-324,Rajasthan
CDR202600076524,2025-10-13,08:42:01,+919162568245,+916326768435,VOICE,22,404697288897396,351557053532301,Delhi_BTS_003,404-45-993-622,Delhi
CDR202600076544,2025-12-23,19:46:13,+919142598660,+918024648441,VOICE,204,404490507907542,358375809609818,Mumbai_BTS_002,404-45-107-073,Mumbai
CDR202600076555,2025-05-27,23:36:54,+919795563904,+916911142376,VOICE,21,404096315748533,354503619483012,Maharashtra_BTS_005,404-45-181-876,Maharashtra
CDR202600076579,2025-10-03,00:07:22,+919354808243,+916278150399,SMS,0,404462986263127,351849991199365,Mumbai_BTS_005,404-45-626-244,Mumbai
CDR202600076689,2025-04-24,08:46:30,+918297232808,+917455222130,VOICE,126,404930042600511,350679169634900,Delhi_BTS_002,404-45-884-129,Delhi
CDR202600076691,2025-02-13,18:51:21,+918132420926,+919646677603,VOICE,7,404387050182283,354164549934649,Rajasthan_BTS_016,404-45-303-157,Rajasthan
CDR202600076702,2025-10-13,16:41:17,+917676778478,+916034102808,VOICE,27,404380768289540,352926788386138,Karnataka_BTS_007,404-45-322-992,Karnataka
CDR202600076704,2025-10-07,18:14:55,+918363215135,+917973251352,VOICE,225,404555327735163,350879722396885,Mumbai_BTS_007,404-45-516-195,Mumbai
CDR202600076722,2025-05-08,01:51:37,+917627570441,+919526752301,VOICE,17,404850278278713,357453840880734,UttarPradesh_BTS_004,404-45-170-901,Uttar Pradesh
CDR202600076725,2025-01-21,20:19:47,+917127474172,+919723545847,VOICE,110,404856746131446,350039927111218,UttarPradesh_BTS_015,404-45-658-037,Uttar Pradesh
CDR202600076728,2025-02-24,01:22:27,+917779511488,+917395495786,VOICE,153,404831814949565,355442324202169,UttarPradesh_BTS_007,404-45-999-138,Uttar Pradesh
CDR202600076730,2025-12-28,19:12:16,+916294703267,+919373215694,VOICE,99,404491467083287,351538544237022,Maharashtra_BTS_002,404-45-718-271,Maharashtra
CDR202600076754,2025-04-21,10:34:13,+919287806866,+919277455301,SMS,0,404317535427419,350625043554090,Delhi_BTS_002,404-45-878-546,Delhi
CDR202600076785,2025-01-26,03:01:40,+916808945172,+918195238243,VOICE,152,404868219597767,359838478747221,Rajasthan_BTS_015,404-45-612-781,Rajasthan
CDR202600076801,2025-02-02,04:56:33,+917863119852,+919028220177,SMS,0,404999086804276,353211878273238,Rajasthan_BTS_017,404-45-880-166,Rajasthan
CDR202600076809,2025-01-24,11:40:27,+917652537154,+917800996731,VOICE,151,404942195487237,350923176036450,Mumbai_BTS_005,404-45-626-244,Mumbai
CDR202600076813,2025-09-04,10:12:50,+919485342797,+916980859291,VOICE,75,404035128298142,355178487380513,WestBengal_BTS_001,404-45-981-041,West Bengal
CDR202600076840,2025-07-21,19:40:38,+918520356001,+916514444241,VOICE,53,404689500632924,358368017866106,Rajasthan_BTS_014,404-45-839-897,Rajasthan
CDR202600076843,2025-11-19,15:31:50,+917771689870,+916269527494,VOICE,169,404575903602863,356919812483818,UttarPradesh_BTS_003,404-45-650-219,Uttar Pradesh
CDR202600076869,2025-01-07,04:39:39,+916182088860,+918335471524,SMS,0,404392068612533,354947118152750,UttarPradesh_BTS_003,404-45-202-076,Uttar Pradesh
CDR202600076879,2025-10-19,12:15:37,+917965466436,+919759024026,VOICE,106,404564462007243,352902013886867,Mumbai_BTS_008,404-45-520-479,Mumbai
CDR202600076892,2025-10-05,21:34:25,+916237507351,+918553840504,VOICE,3,404944678170422,356896210384559,Mumbai_BTS_007,404-45-584-827,Mumbai
CDR202600076897,2025-05-02,02:15:27,+916316168850,+916228320383,VOICE,172,404082440143170,355716322763748,Delhi_BTS_002,404-45-935-071,Delhi
CDR202600076921,2025-02-21,02:06:29,+916899271434,+919716542758,VOICE,135,404421629476650,357285006818961,WestBengal_BTS_001,404-45-981-041,West Bengal
CDR202600076932,2025-02-28,03:44:35,+916541196865,+917256006787,VOICE,21,404526264693420,352137544561133,Maharashtra_BTS_009,404-45-350-168,Maharashtra
CDR202600076956,2025-12-22,20:40:27,+919503703249,+918637416896,VOICE,4,404721539015596,353301039384340,Delhi_BTS_002,404-45-884-129,Delhi
CDR202600076958,2025-10-07,02:20:27,+918845953682,+918090152731,VOICE,109,404866672963042,354778962422388,TamilNadu_BTS_002,404-45-158-984,Tamil Nadu
CDR202600076960,2025-09-21,18:21:00,+916018945398,+918998819735,VOICE,259,404289903009838,352049501904140,Delhi_BTS_002,404-45-231-676,Delhi
CDR202600076966,2025-07-06,02:41:00,+919680485464,+919646677603,VOICE,118,404593618516925,358311780010053,WestBengal_BTS_004,404-45-283-755,West Bengal
CDR202600076977,2025-03-30,13:06:16,+919490686177,+918062603613,VOICE,201,404737022699609,354548242674104,UttarPradesh_BTS_013,404-45-822-438,Uttar Pradesh
CDR202600076978,2025-08-13,08:54:03,+918023743035,+916426267031,VOICE,111,404215947735480,352280756383248,Maharashtra_BTS_004,404-45-146-678,Maharashtra
CDR202600076981,2025-03-04,23:10:27,+919018841243,+916405134888,VOICE,48,404605438535023,358381376226242,Maharashtra_BTS_003,404-45-665-301,Maharashtra
CDR202600076997,2025-05-02,10:33:56,+918473249061,+917284378267,VOICE,58,404123192972838,354556746588317,UttarPradesh_BTS_002,404-45-869-959,Uttar Pradesh
CDR202600077003,2025-05-28,10:55:44,+917791471638,+918001733816,VOICE,47,404737735105996,358126082356004,TamilNadu_BTS_006,404-45-423-958,Tamil Nadu
CDR202600077024,2025-05-10,03:29:01,+919138662151,+917542479139,VOICE,53,404856405503754,353748826219200,WestBengal_BTS_002,404-45-315-699,West Bengal
CDR202600077038,2025-07-17,08:18:04,+916720576533,+917246431648,MISSED,0,404412670587383,355669597552025,Rajasthan_BTS_010,404-45-710-066,Rajasthan
CDR202600077050,2025-04-09,10:06:01,+919200534988,+919946024602,VOICE,226,404829544428155,352863227479942,UttarPradesh_BTS_003,404-45-618-272,Uttar Pradesh
CDR202600077057,2025-02-04,11:55:23,+916025749167,+916279918988,VOICE,34,404786452926007,351203065630702,Maharashtra_BTS_008,404-45-818-960,Maharashtra
CDR202600077072,2025-01-26,20:22:17,+918649961413,+916979318103,VOICE,43,404538400558363,352611912495421,Maharashtra_BTS_009,404-45-646-747,Maharashtra
CDR202600077077,2025-08-29,08:42:51,+919993767689,+917500004938,VOICE,182,404769690343980,352999563473811,Rajasthan_BTS_014,404-45-564-004,Rajasthan
CDR202600077093,2025-01-08,15:15:38,+919091231185,+919832787321,VOICE,128,404988276912113,352853173473605,Karnataka_BTS_004,404-45-160-169,Karnataka
CDR202600077101,2025-10-25,04:16:33,+919899054849,+916355796475,VOICE,151,404077851458618,355937792460053,Mumbai_BTS_001,404-45-446-022,Mumbai
CDR202600077117,2025-05-26,15:30:46,+918542476320,+919307460217,MISSED,0,404118250933553,354990189489307,Mumbai_BTS_002,404-45-702-226,Mumbai
CDR202600077151,2025-01-17,15:58:04,+919140786092,+918412516890,VOICE,346,404262111367422,357305584614980,Delhi_BTS_002,404-45-935-071,Delhi
CDR202600077165,2025-01-08,05:57:16,+916791810425,+917491227446,SMS,0,404778370736783,354664924698572,Rajasthan_BTS_010,404-45-641-258,Rajasthan
CDR202600077175,2025-08-02,03:26:54,+919217424995,+917990704138,VOICE,266,404237987919410,351364645436482,Maharashtra_BTS_001,404-45-881-345,Maharashtra
CDR202600077184,2025-10-07,18:29:57,+916235230918,+917667564958,SMS,0,404195257080048,351748208151971,Rajasthan_BTS_013,404-45-887-657,Rajasthan
CDR202600077199,2025-10-27,03:18:57,+917459240913,+918591782239,VOICE,37,404238516403650,352583236938253,Maharashtra_BTS_006,404-45-987-104,Maharashtra
CDR202600077274,2025-11-06,01:03:52,+918041604140,+916938174319,VOICE,22,404913315198772,357245027312598,Maharashtra_BTS_006,404-45-489-285,Maharashtra
CDR202600077275,2025-07-06,07:14:29,+916258533748,+917980366571,VOICE,307,404944551457438,356568635648652,Maharashtra_BTS_005,404-45-181-876,Maharashtra
CDR202600077316,2025-05-29,07:33:53,+916364909509,+918747098474,VOICE,542,404889996491290,356044494524640,UttarPradesh_BTS_002,404-45-174-010,Uttar Pradesh
CDR202600077331,2025-05-05,06:57:21,+918767649717,+919202545091,MISSED,0,404938239095131,356861403489979,WestBengal_BTS_001,404-45-981-041,West Bengal
CDR202600077339,2025-10-26,02:34:36,+919251407196,+919557588766,VOICE,71,404080962022018,351035090039455,TamilNadu_BTS_003,404-45-169-692,Tamil Nadu
CDR202600077347,2025-04-14,19:29:15,+917737404554,+917358075553,VOICE,84,404777509826924,353907807228625,Delhi_BTS_003,404-45-533-988,Delhi
CDR202600077377,2025-11-28,20:31:51,+919328815148,+917429104397,VOICE,62,404255178322318,353619813959977,WestBengal_BTS_001,404-45-915-996,West Bengal
CDR202600077389,2025-07-22,05:00:33,+917214613995,+917286120422,VOICE,40,404000816632428,351630794046504,Rajasthan_BTS_018,404-45-713-332,Rajasthan
CDR202600077393,2025-05-29,12:06:50,+919842532758,+917990704138,VOICE,4,404154825188481,353005689016418,UttarPradesh_BTS_013,404-45-265-760,Uttar Pradesh
CDR202600077409,2025-11-04,16:23:16,+916082929566,+918085568540,SMS,0,404761228926790,350254229679963,Gujarat_BTS_007,404-45-325-460,Gujarat
CDR202600077436,2025-01-31,06:14:57,+918454674970,+917309279648,VOICE,81,404051701299820,356577456599529,UttarPradesh_BTS_005,404-45-478-292,Uttar Pradesh
CDR202600077453,2025-12-07,14:21:35,+918242096589,+918915461833,SMS,0,404006898042717,356504723873756,Rajasthan_BTS_019,404-45-414-246,Rajasthan
CDR202600077454,2025-07-13,02:03:32,+916278150399,+918695448628,VOICE,26,404232159782573,355546388488941,UttarPradesh_BTS_001,404-45-234-688,Uttar Pradesh
CDR202600077483,2025-06-24,22:46:12,+917047509383,+917868954432,VOICE,145,404679349043055,353150324984277,Rajasthan_BTS_007,404-45-470-225,Rajasthan
CDR202600077489,2025-09-17,04:14:52,+919603354202,+919265890583,VOICE,145,404795476230136,351007800716478,UttarPradesh_BTS_010,404-45-308-704,Uttar Pradesh
CDR202600077495,2025-01-07,18:01:05,+916872734446,+919912838915,VOICE,193,404038161572078,354796741635072,TamilNadu_BTS_001,404-45-698-489,Tamil Nadu
CDR202600077531,2025-04-18,10:35:40,+919023071406,+918140596093,VOICE,90,404782404770896,353438360647960,TamilNadu_BTS_001,404-45-158-052,Tamil Nadu
CDR202600077544,2025-03-27,20:10:01,+918659293528,+917567677466,SMS,0,404403593901531,357850888001352,Maharashtra_BTS_006,404-45-987-104,Maharashtra
CDR202600077549,2025-09-09,11:18:43,+918248898163,+918088658786,VOICE,480,404750252756005,353516979591158,Gujarat_BTS_003,404-45-704-433,Gujarat
CDR202600077554,2025-04-14,15:01:12,+916552475615,+917797590950,VOICE,313,404700745301069,359606771297784,Rajasthan_BTS_004,404-45-835-323,Rajasthan
CDR202600077595,2025-01-03,18:08:16,+917184224644,+918364246419,VOICE,235,404835045739047,351288647920621,Rajasthan_BTS_015,404-45-208-892,Rajasthan
CDR202600077596,2025-04-20,13:59:59,+918841418832,+917623031898,VOICE,337,404842201362069,351592784280347,UttarPradesh_BTS_004,404-45-457-903,Uttar Pradesh
CDR202600077656,2025-10-01,18:51:58,+918873257050,+917523716352,VOICE,100,404188736978541,351914142316888,Rajasthan_BTS_015,404-45-282-520,Rajasthan
CDR202600077680,2025-12-31,19:58:05,+917695817918,+917762729779,VOICE,167,404011698173023,359478782396843,UttarPradesh_BTS_006,404-45-108-684,Uttar Pradesh
CDR202600077693,2025-11-03,22:35:16,+917865754558,+916755932249,VOICE,17,404550090385068,356075272020644,UttarPradesh_BTS_004,404-45-457-903,Uttar Pradesh
CDR202600077694,2025-04-13,00:36:40,+918942896065,+919640612532,SMS,0,404156358471538,355894969127860,Maharashtra_BTS_002,404-45-718-271,Maharashtra
CDR202600077754,2025-12-18,00:27:36,+916696771398,+916156943052,SMS,0,404667115197337,354627851083041,Maharashtra_BTS_003,404-45-487-081,Maharashtra
CDR202600077758,2025-01-08,09:06:06,+918260143258,+918535912450,VOICE,568,404176656324446,354848111823283,Mumbai_BTS_011,404-45-287-286,Mumbai
CDR202600077786,2025-02-19,11:12:05,+918762440921,+919942872445,VOICE,22,404412916365198,358023508942904,Delhi_BTS_003,404-45-993-622,Delhi
CDR202600077807,2025-05-31,09:08:14,+917627289560,+917163270553,SMS,0,404807629361083,357567875681117,Rajasthan_BTS_008,404-45-981-113,Rajasthan
CDR202600077858,2025-07-15,00:33:50,+916423301118,+918695760563,SMS,0,404980191503784,353272001634565,Karnataka_BTS_003,404-45-270-417,Karnataka
CDR202600077884,2025-02-24,12:44:50,+918492164668,+917810804663,VOICE,16,404921696582392,350548039413723,UttarPradesh_BTS_013,404-45-552-565,Uttar Pradesh
CDR202600077908,2025-04-29,07:02:58,+917776631300,+916438482536,SMS,0,404198544869698,353663425013585,Gujarat_BTS_003,404-45-704-433,Gujarat
CDR202600077912,2025-06-20,23:07:34,+916850067098,+917803278203,VOICE,64,404795293860516,355845600557165,Maharashtra_BTS_004,404-45-821-072,Maharashtra
CDR202600077923,2025-02-23,18:13:34,+917105953530,+917072228328,SMS,0,404827353071396,358092222821400,TamilNadu_BTS_006,404-45-423-958,Tamil Nadu
CDR202600077945,2025-06-02,05:28:55,+919608539310,+918551217762,SMS,0,404227060188420,350082397225453,Delhi_BTS_003,404-45-371-541,Delhi
CDR202600077958,2025-01-04,04:40:49,+917750018186,+919507777512,VOICE,82,404501555353412,359396441541553,Mumbai_BTS_011,404-45-995-946,Mumbai
CDR202600077963,2025-01-10,12:21:52,+916189433325,+918490781943,VOICE,68,404693449397996,350531493971356,WestBengal_BTS_003,404-45-258-948,West Bengal
CDR202600077969,2025-02-11,07:35:45,+917139435997,+917128722244,VOICE,94,404775867779992,353641324305350,Mumbai_BTS_011,404-45-995-946,Mumbai
CDR202600077987,2025-03-18,05:32:51,+917973251352,+919934858141,VOICE,56,404842703324974,350053906234228,WestBengal_BTS_006,404-45-906-719,West Bengal
CDR202600077989,2025-05-13,17:48:25,+918946975346,+917242571242,VOICE,629,404476754448376,354235987687577,Delhi_BTS_001,404-45-180-088,Delhi
CDR202600078032,2025-06-30,22:01:26,+916790845663,+919780503097,VOICE,12,404344557330055,357868253638752,WestBengal_BTS_003,404-45-342-886,West Bengal
CDR202600078038,2025-01-30,08:39:32,+919871681664,+917337882917,VOICE,287,404021741966791,352606729799457,Delhi_BTS_003,404-45-533-988,Delhi
CDR202600078044,2025-09-21,21:53:53,+916804593310,+917794181831,MISSED,0,404667659729163,358633520978762,UttarPradesh_BTS_003,404-45-736-577,Uttar Pradesh
CDR202600078047,2025-04-29,04:52:50,+919667917018,+916064673960,VOICE,96,404725525204845,358966080330844,Mumbai_BTS_003,404-45-334-070,Mumbai
CDR202600078117,2025-06-25,00:54:08,+919967656270,+916207440957,VOICE,118,404199952099460,357130699488138,TamilNadu_BTS_006,404-45-773-598,Tamil Nadu
CDR202600078120,2025-08-07,21:27:34,+917456823397,+919860882785,VOICE,65,404859610183830,351021810074914,UttarPradesh_BTS_013,404-45-822-438,Uttar Pradesh
CDR202600078126,2025-12-14,19:23:23,+916002252699,+919286960266,VOICE,45,404314034281729,354961894521902,UttarPradesh_BTS_002,404-45-174-010,Uttar Pradesh
CDR202600078133,2025-12-10,00:50:21,+917937550668,+919951974036,VOICE,46,404328676535974,356532030347240,Karnataka_BTS_003,404-45-597-493,Karnataka
CDR202600078145,2025-08-19,21:08:42,+918897183146,+918237244526,VOICE,59,404171778971064,357654444675242,WestBengal_BTS_004,404-45-522-026,West Bengal
CDR202600078161,2025-02-06,05:51:05,+919400363649,+919538087097,VOICE,74,404740654171639,358846382710769,WestBengal_BTS_002,404-45-355-683,West Bengal
CDR202600078162,2025-10-09,13:56:44,+919939243535,+919754632683,VOICE,24,404534470716340,352191846903788,Rajasthan_BTS_013,404-45-448-115,Rajasthan
CDR202600078177,2025-04-17,01:15:47,+918300889572,+916341686359,VOICE,87,404350913519189,356083749036779,Rajasthan_BTS_013,404-45-400-446,Rajasthan
CDR202600078178,2025-03-08,06:39:18,+919858910547,+917379718013,VOICE,17,404755287169649,358978634861394,Delhi_BTS_006,404-45-223-254,Delhi
CDR202600078180,2025-01-25,05:12:25,+919177143828,+919895729975,VOICE,11,404078609427120,358320017316196,Maharashtra_BTS_009,404-45-646-747,Maharashtra
CDR202600078193,2025-05-09,00:47:53,+916611411515,+919018507895,VOICE,179,404796341799558,355582847446381,Rajasthan_BTS_015,404-45-282-520,Rajasthan
CDR202600078195,2025-03-09,11:24:44,+918132420926,+917264763672,VOICE,140,404387050182283,354164549934649,Rajasthan_BTS_017,404-45-652-977,Rajasthan
CDR202600078233,2025-02-23,09:34:30,+916823553204,+919600416474,VOICE,117,404994276857438,350364422581355,Gujarat_BTS_007,404-45-703-285,Gujarat
CDR202600078236,2025-01-19,15:22:30,+918042549570,+918395270269,VOICE,59,404339647529353,351104962673311,UttarPradesh_BTS_004,404-45-457-903,Uttar Pradesh
CDR202600078260,2025-09-22,06:28:32,+917203025397,+917949811358,VOICE,24,404212996449201,350082703551002,UttarPradesh_BTS_004,404-45-170-901,Uttar Pradesh
CDR202600078266,2025-08-04,13:31:08,+918897183146,+916635012007,VOICE,28,404171778971064,353846291826095,Maharashtra_BTS_002,404-45-967-353,Maharashtra
CDR202600078273,2025-07-12,10:43:02,+919693978977,+916316168850,VOICE,63,404365529077188,353367336168485,Maharashtra_BTS_006,404-45-987-104,Maharashtra
CDR202600078280,2025-09-26,01:36:26,+919656599129,+918257523357,VOICE,76,404560145858744,357937636685555,WestBengal_BTS_005,404-45-521-822,West Bengal
CDR202600078322,2025-05-20,07:41:14,+917338873625,+918758985879,VOICE,156,404323717470055,357998036614084,Rajasthan_BTS_007,404-45-605-094,Rajasthan
CDR202600078330,2025-10-28,13:43:27,+919690082317,+916133167035,VOICE,44,404342794229993,353816792356384,Gujarat_BTS_006,404-45-833-666,Gujarat
CDR202600078355,2025-01-28,18:48:49,+919721137696,+917882790641,VOICE,8,404888170834024,354565507107897,UttarPradesh_BTS_001,404-45-234-688,Uttar Pradesh
CDR202600078356,2025-09-15,16:45:25,+916101313242,+917084004685,VOICE,467,404860657754703,351007598018575,UttarPradesh_BTS_014,404-45-214-078,Uttar Pradesh
CDR202600078384,2025-04-24,21:52:24,+918703981944,+917205826179,VOICE,160,404043751183201,357822571845923,Rajasthan_BTS_008,404-45-981-113,Rajasthan
CDR202600078423,2025-05-25,18:31:02,+917455222130,+916051757011,VOICE,45,404723170823423,359851756080712,Karnataka_BTS_006,404-45-835-499,Karnataka
CDR202600078424,2025-12-18,16:24:26,+919504151596,+917110407272,VOICE,130,404114860448764,355151048339030,WestBengal_BTS_003,404-45-735-768,West Bengal
CDR202600078427,2025-10-04,21:24:34,+917707550633,+919637359630,VOICE,35,404581455067622,350350299081628,UttarPradesh_BTS_013,404-45-822-438,Uttar Pradesh
CDR202600078445,2025-10-21,07:57:18,+916207044235,+916411140192,VOICE,111,404283815950469,352146998099793,Rajasthan_BTS_009,404-45-911-697,Rajasthan
CDR202600078452,2025-11-05,17:34:35,+918775493694,+918265299444,MISSED,0,404297882588299,359909801530881,Mumbai_BTS_011,404-45-287-286,Mumbai
CDR202600078490,2025-06-27,14:03:33,+917315573079,+918848132058,VOICE,47,404780552434903,350549269428036,TamilNadu_BTS_002,404-45-620-083,Tamil Nadu
CDR202600078500,2025-06-22,09:07:00,+919325366085,+917587761727,SMS,0,404507976539953,359659953668973,Rajasthan_BTS_007,404-45-241-522,Rajasthan
CDR202600078521,2025-05-07,02:28:29,+919595691060,+916075420676,VOICE,10,404395108289506,350833253597209,Maharashtra_BTS_002,404-45-926-045,Maharashtra
CDR202600078545,2025-09-22,01:57:02,+917429125374,+916990731677,VOICE,94,404272642997701,359701823566057,Mumbai_BTS_009,404-45-162-413,Mumbai
CDR202600078554,2025-08-20,12:42:54,+918874837766,+917503486314,VOICE,46,404140976772365,358935449283162,Rajasthan_BTS_015,404-45-612-781,Rajasthan
CDR202600078560,2025-12-26,00:22:40,+919871681664,+919378091283,MISSED,0,404021741966791,352606729799457,UttarPradesh_BTS_015,404-45-954-379,Uttar Pradesh
CDR202600078655,2025-05-09,22:04:47,+917412491720,+916352073232,MISSED,0,404669522087877,357355929474467,Maharashtra_BTS_008,404-45-799-664,Maharashtra
CDR202600078664,2025-01-31,02:12:33,+918358273972,+919892693143,VOICE,6,404471632833113,350975862173592,Mumbai_BTS_002,404-45-107-073,Mumbai
CDR202600078673,2025-07-26,12:04:07,+919686242865,+919956550167,VOICE,13,404587512644392,358106725613538,TamilNadu_BTS_006,404-45-423-958,Tamil Nadu
CDR202600078675,2025-04-13,01:39:26,+919396508569,+916348016574,VOICE,73,404310160200193,359923465696142,Delhi_BTS_005,404-45-830-320,Delhi
CDR202600078696,2025-05-29,12:45:31,+918706192695,+916530487548,SMS,0,404772677843057,350968213561594,Karnataka_BTS_008,404-45-693-754,Karnataka
CDR202600078727,2025-05-29,15:26:56,+918474679334,+916703033328,VOICE,70,404395881495393,356934049814931,UttarPradesh_BTS_003,404-45-202-076,Uttar Pradesh
CDR202600078731,2025-07-22,07:39:32,+918396132044,+917542475562,VOICE,265,404159693227689,352176288982225,Rajasthan_BTS_007,404-45-470-225,Rajasthan
CDR202600078732,2025-02-18,20:22:37,+918987755941,+919765733100,VOICE,20,404093364784909,354883202351727,Rajasthan_BTS_017,404-45-652-977,Rajasthan
CDR202600078740,2025-01-23,03:42:30,+916332879166,+916020521859,SMS,0,404994850203975,351029656867721,Gujarat_BTS_001,404-45-859-282,Gujarat
CDR202600078743,2025-02-01,14:49:53,+919257580488,+918893878802,VOICE,28,404127997627690,355341986044222,Rajasthan_BTS_012,404-45-798-907,Rajasthan
CDR202600078747,2025-10-15,03:13:02,+919535247972,+917303258691,VOICE,4,404405082833812,355256365859960,UttarPradesh_BTS_006,404-45-726-827,Uttar Pradesh
CDR202600078750,2025-02-08,22:06:26,+919653858671,+916016460584,SMS,0,404128600930874,354637513123401,Mumbai_BTS_002,404-45-107-073,Mumbai
CDR202600078796,2025-03-14,19:00:01,+916653271645,+917486479313,VOICE,4,404867621011710,356014704827913,Delhi_BTS_001,404-45-999-581,Delhi
CDR202600078823,2025-05-07,09:46:27,+917926912225,+916821556270,SMS,0,404369801543813,351224211939597,Gujarat_BTS_007,404-45-703-285,Gujarat
CDR202600078827,2025-04-15,16:31:04,+917101589949,+916324927197,VOICE,305,404998792524844,354033604329887,Maharashtra_BTS_009,404-45-646-747,Maharashtra
CDR202600078840,2025-06-13,17:35:56,+918353900388,+917887984391,VOICE,128,404698142146035,354881890853723,Rajasthan_BTS_009,404-45-742-164,Rajasthan
CDR202600078878,2025-05-04,02:25:12,+918165146912,+919412279889,VOICE,82,404422556513608,355756832273549,UttarPradesh_BTS_015,404-45-658-037,Uttar Pradesh
CDR202600078883,2025-08-04,15:57:20,+916763975075,+918127570596,VOICE,10,404772074110695,352556284894219,Mumbai_BTS_001,404-45-446-022,Mumbai
CDR202600078900,2025-05-28,04:21:32,+918963105308,+919137226230,SMS,0,404479673247656,353293308839052,Gujarat_BTS_005,404-45-338-518,Gujarat
CDR202600078903,2025-07-11,07:25:39,+919177164111,+917863119852,VOICE,303,404096781274358,357388242415508,Karnataka_BTS_007,404-45-294-304,Karnataka
CDR202600078906,2025-03-17,07:13:38,+916536374148,+918796518465,VOICE,17,404445764359746,352903063807965,UttarPradesh_BTS_003,404-45-736-577,Uttar Pradesh
CDR202600078923,2025-07-09,11:56:40,+917486762256,+917349092870,VOICE,108,404203334519820,351776548827951,WestBengal_BTS_006,404-45-373-164,West Bengal
CDR202600078935,2025-11-03,19:22:54,+917191465737,+919780503097,VOICE,50,404058017780138,353063625731493,UttarPradesh_BTS_006,404-45-108-684,Uttar Pradesh
CDR202600078963,2025-10-14,02:57:39,+919624202963,+916226265278,VOICE,133,404674301956765,358831567009570,Karnataka_BTS_005,404-45-371-949,Karnataka
CDR202600078988,2025-05-03,04:39:26,+918873257050,+919946024602,VOICE,473,404188736978541,351914142316888,Delhi_BTS_005,404-45-830-320,Delhi
CDR202600079008,2025-10-10,06:48:23,+918048579202,+916442684297,VOICE,158,404133425598127,351682187943473,Rajasthan_BTS_017,404-45-897-945,Rajasthan
CDR202600079016,2025-03-24,12:54:32,+917901495401,+917714086972,VOICE,211,404375288641790,358118380546351,Mumbai_BTS_003,404-45-334-070,Mumbai
CDR202600079018,2025-02-04,10:58:47,+917320050330,+918876021285,VOICE,28,404470464801705,350298350050339,UttarPradesh_BTS_003,404-45-650-219,Uttar Pradesh
CDR202600079029,2025-06-09,16:48:50,+918859333151,+916885948778,VOICE,314,404903536141371,358737129789861,Rajasthan_BTS_017,404-45-652-977,Rajasthan
CDR202600079035,2025-12-16,05:52:01,+919931602912,+919882358055,VOICE,310,404590206810548,352267125251728,UttarPradesh_BTS_004,404-45-457-903,Uttar Pradesh
CDR202600079038,2025-03-19,04:57:58,+919917783886,+916737596714,VOICE,20,404857420015834,358170444935421,Mumbai_BTS_011,404-45-573-256,Mumbai
CDR202600079043,2025-02-15,00:45:42,+917485980946,+917819700767,VOICE,17,404963655540922,359506316530006,Rajasthan_BTS_010,404-45-710-480,Rajasthan
CDR202600079049,2025-10-29,19:35:17,+919605663064,+916508315970,VOICE,4,404463828844911,351212001763617,Delhi_BTS_002,404-45-884-129,Delhi
CDR202600079056,2025-04-19,00:23:23,+917197115204,+919344718067,SMS,0,404793718515416,351045057910855,Rajasthan_BTS_016,404-45-961-655,Rajasthan
CDR202600079063,2025-07-11,12:52:28,+919522988766,+918200427631,VOICE,67,404392161919108,354186754196720,Gujarat_BTS_006,404-45-833-666,Gujarat
CDR202600079084,2025-01-17,06:33:36,+916026163308,+919023465613,VOICE,59,404200076173034,359000273871296,Mumbai_BTS_004,404-45-980-339,Mumbai
CDR202600079104,2025-03-01,13:32:13,+916237834522,+919928879568,SMS,0,404690884726857,359815806300203,Rajasthan_BTS_019,404-45-119-115,Rajasthan
CDR202600079142,2025-12-05,16:33:14,+916720582936,+919972876234,MISSED,0,404245556217118,355330221594229,UttarPradesh_BTS_002,404-45-869-959,Uttar Pradesh
CDR202600079147,2025-02-28,10:08:43,+917190444185,+916144344588,VOICE,52,404672251893467,356729489790697,Gujarat_BTS_008,404-45-448-285,Gujarat
CDR202600079151,2025-03-23,09:59:27,+918488433513,+916530710282,VOICE,7,404747793993808,357812880139134,Delhi_BTS_004,404-45-847-707,Delhi
CDR202600079152,2025-09-17,14:29:46,+916887769057,+919998056539,VOICE,25,404273103882306,359781237828823,Rajasthan_BTS_019,404-45-471-900,Rajasthan
CDR202600079158,2025-03-25,04:40:57,+919521875296,+916866588584,VOICE,170,404831359029222,351411476110104,Gujarat_BTS_006,404-45-833-666,Gujarat
CDR202600079160,2025-04-06,14:29:51,+917665422353,+916636863156,VOICE,22,404326410301928,354506249474259,Karnataka_BTS_004,404-45-160-169,Karnataka
CDR202600079170,2025-06-10,12:38:57,+918842139759,+916911142376,VOICE,180,404038222203343,357056151285004,UttarPradesh_BTS_003,404-45-202-076,Uttar Pradesh
CDR202600079213,2025-11-01,09:05:09,+917395782688,+916411140192,VOICE,25,404466620581887,353204884777813,Rajasthan_BTS_005,404-45-505-906,Rajasthan
CDR202600079214,2025-10-29,06:28:05,+916571755215,+917447865539,SMS,0,404208400124635,352026005058149,Karnataka_BTS_006,404-45-848-803,Karnataka
CDR202600079226,2025-10-21,20:06:30,+918923690973,+919001877976,VOICE,350,404345475728031,357656962803486,Maharashtra_BTS_001,404-45-204-095,Maharashtra
CDR202600079258,2025-08-07,05:10:39,+919311039653,+916935232307,VOICE,317,404193726016782,359886921315183,Karnataka_BTS_006,404-45-835-499,Karnataka
CDR202600079266,2025-05-25,19:38:29,+919759024026,+918782882163,VOICE,227,404046884386830,356453117522156,Mumbai_BTS_009,404-45-162-413,Mumbai
CDR202600079288,2025-10-23,13:16:25,+918126012835,+916326768435,VOICE,159,404450862311025,356763244049574,Delhi_BTS_002,404-45-935-071,Delhi
CDR202600079289,2025-06-02,09:42:59,+919752680224,+916177150902,VOICE,60,404060293469625,355818911182581,WestBengal_BTS_005,404-45-901-954,West Bengal
CDR202600079302,2025-03-29,14:09:43,+918146417940,+917136919849,VOICE,70,404661287041189,358251001777620,TamilNadu_BTS_006,404-45-367-210,Tamil Nadu
CDR202600079310,2025-07-24,17:24:48,+919208661356,+919264763089,VOICE,29,404577723549544,356370121582623,Rajasthan_BTS_018,404-45-713-332,Rajasthan
CDR202600079314,2025-11-20,03:57:17,+919290632793,+917640376327,VOICE,97,404169713803096,350567505058445,Maharashtra_BTS_008,404-45-799-664,Maharashtra
CDR202600079321,2025-01-02,20:23:33,+919784562292,+919766688398,VOICE,13,404208383513020,355791348337095,Rajasthan_BTS_006,404-45-862-575,Rajasthan
CDR202600079334,2025-03-19,04:30:53,+917819700767,+919095784030,VOICE,123,404666027931160,357905341339581,Mumbai_BTS_004,404-45-980-339,Mumbai
CDR202600079377,2025-01-22,05:09:18,+918148860525,+917670399159,VOICE,163,404986566726123,358834001893087,Maharashtra_BTS_004,404-45-821-072,Maharashtra
CDR202600079383,2025-08-22,20:42:27,+917031578057,+919567161164,VOICE,4,404267836875268,351743383459115,TamilNadu_BTS_001,404-45-158-052,Tamil Nadu
CDR202600079384,2025-07-14,14:29:06,+919875402560,+917546233538,VOICE,155,404146364090277,351954343185633,Maharashtra_BTS_004,404-45-821-072,Maharashtra
CDR202600079434,2025-05-18,23:07:28,+917705202769,+919332010730,VOICE,77,404997059443930,356563009564582,Karnataka_BTS_006,404-45-835-499,Karnataka
CDR202600079439,2025-07-28,01:17:37,+917364731125,+917663263059,VOICE,54,404421150751937,354795178448838,Mumbai_BTS_008,404-45-984-747,Mumbai
CDR202600079440,2025-08-09,19:47:03,+916453040604,+917726107989,VOICE,200,404147121030284,350008835775743,UttarPradesh_BTS_013,404-45-822-438,Uttar Pradesh
CDR202600079442,2025-12-14,08:09:07,+916928487160,+918364246419,VOICE,149,404294899697222,358423262558305,UttarPradesh_BTS_009,404-45-378-289,Uttar Pradesh
CDR202600079462,2025-08-27,15:11:18,+918084575113,+916459101839,MISSED,0,404649897204994,358600619586161,Rajasthan_BTS_007,404-45-470-225,Rajasthan
CDR202600079467,2025-03-17,12:16:31,+918433853781,+918363215135,VOICE,180,404160738379806,352371929667157,UttarPradesh_BTS_010,404-45-749-874,Uttar Pradesh
CDR202600079479,2025-07-05,05:47:23,+917418992908,+916872734446,VOICE,204,404898511297569,355242957187276,Karnataka_BTS_002,404-45-195-949,Karnataka
CDR202600079487,2025-09-25,09:03:30,+919002053613,+917851580068,VOICE,300,404543795768246,356104183606026,UttarPradesh_BTS_012,404-45-441-790,Uttar Pradesh
CDR202600079503,2025-09-19,20:03:37,+919228256985,+918819627982,VOICE,391,404621397147100,350476430737174,Gujarat_BTS_008,404-45-814-433,Gujarat
CDR202600079509,2025-12-15,18:11:16,+916207440957,+918312719539,VOICE,16,404065781803190,354845021201772,Maharashtra_BTS_007,404-45-314-687,Maharashtra
CDR202600079536,2025-06-30,03:29:45,+916696288792,+916531562749,MISSED,0,404723858309056,350228575930644,Gujarat_BTS_004,404-45-130-096,Gujarat
CDR202600079539,2025-07-28,08:26:05,+919276358538,+916619262865,VOICE,37,404802768698922,359583822894170,Gujarat_BTS_007,404-45-703-285,Gujarat
CDR202600079549,2025-07-05,15:07:35,+916971932873,+918106052917,SMS,0,404865438417548,356486390125849,UttarPradesh_BTS_004,404-45-170-901,Uttar Pradesh
CDR202600079562,2025-05-17,01:36:18,+918347225784,+919465637402,SMS,0,404166030486760,355552754284729,UttarPradesh_BTS_011,404-45-357-928,Uttar Pradesh
CDR202600079565,2025-08-26,13:14:38,+917662857947,+918485572124,VOICE,101,404682291653428,355627559250206,Delhi_BTS_006,404-45-548-922,Delhi
CDR202600079567,2025-09-11,01:31:49,+918185194936,+916560482207,SMS,0,404516083446689,355578422779444,Rajasthan_BTS_010,404-45-641-258,Rajasthan
CDR202600079573,2025-07-29,10:15:54,+917180423715,+917611934656,SMS,0,404380489701096,358521001704612,Maharashtra_BTS_006,404-45-489-285,Maharashtra
CDR202600079584,2025-10-04,19:23:55,+919705416563,+917668323714,VOICE,25,404199096378731,356019024866691,Maharashtra_BTS_002,404-45-718-271,Maharashtra
CDR202600079617,2025-12-25,05:04:15,+917278712227,+918948400859,MISSED,0,404220549706548,359799820184402,WestBengal_BTS_008,404-45-979-482,West Bengal
CDR202600079624,2025-04-02,14:27:52,+916740601937,+916484393957,VOICE,133,404805941011930,355457006490963,Mumbai_BTS_008,404-45-155-690,Mumbai
CDR202600079628,2025-02-04,13:28:05,+917831195329,+916587472075,VOICE,16,404896988641546,354751523686637,WestBengal_BTS_009,404-45-571-359,West Bengal
CDR202600079646,2025-12-26,22:35:21,+918159452224,+919521875296,VOICE,89,404316005605925,359746740364809,Mumbai_BTS_011,404-45-287-286,Mumbai
CDR202600079655,2025-02-21,08:06:07,+918083429756,+916469404237,VOICE,102,404050260476506,354690956372141,Gujarat_BTS_008,404-45-814-433,Gujarat
CDR202600079660,2025-11-09,02:54:37,+919941281057,+917181165047,VOICE,128,404903398872758,354350071678285,Karnataka_BTS_004,404-45-985-411,Karnataka
CDR202600079663,2025-10-06,02:18:28,+918765396450,+918551596592,VOICE,140,404011292829339,353445551282313,Rajasthan_BTS_006,404-45-862-575,Rajasthan
CDR202600079670,2025-11-22,17:28:43,+919081218509,+918403326267,VOICE,174,404379549448171,354916135211655,Rajasthan_BTS_001,404-45-670-225,Rajasthan
CDR202600079675,2025-03-03,12:21:12,+918750445092,+918286062943,VOICE,12,404829745533858,358188229109013,Karnataka_BTS_003,404-45-597-493,Karnataka
CDR202600079684,2025-06-18,19:42:49,+916431310392,+918218364589,VOICE,122,404658558989826,356579762556226,UttarPradesh_BTS_009,404-45-719-216,Uttar Pradesh
CDR202600079701,2025-06-18,09:02:40,+918750445092,+917297336967,SMS,0,404829745533858,358188229109013,Karnataka_BTS_008,404-45-693-754,Karnataka
CDR202600079727,2025-12-22,08:17:52,+919228202848,+918289451453,VOICE,459,404044150172094,351668170141120,UttarPradesh_BTS_007,404-45-999-138,Uttar Pradesh
CDR202600079730,2025-11-26,13:27:30,+919686242865,+919282430009,VOICE,80,404587512644392,358106725613538,UttarPradesh_BTS_013,404-45-265-760,Uttar Pradesh
CDR202600079737,2025-02-28,10:51:29,+916953156153,+919701344400,VOICE,20,404230699059693,358505218091123,WestBengal_BTS_005,404-45-785-885,West Bengal
CDR202600079786,2025-12-16,08:55:43,+918250362027,+916122817537,VOICE,52,404770788094648,354549403845894,Rajasthan_BTS_011,404-45-796-739,Rajasthan
CDR202600079792,2025-08-26,12:10:04,+918341313200,+918279910426,SMS,0,404309636529799,358816292488821,UttarPradesh_BTS_001,404-45-371-406,Uttar Pradesh
CDR202600079806,2025-01-21,14:57:56,+916423301118,+919217831562,VOICE,88,404980191503784,353272001634565,Gujarat_BTS_005,404-45-338-518,Gujarat
CDR202600079849,2025-01-04,10:40:49,+916321452778,+917508281755,VOICE,117,404472456530781,359235714087680,Rajasthan_BTS_017,404-45-652-977,Rajasthan
CDR202600079875,2025-11-06,11:19:13,+918048255430,+917147334289,VOICE,42,404213648984740,353298251678346,Karnataka_BTS_005,404-45-371-949,Karnataka
CDR202600079889,2025-11-11,06:56:41,+919143666828,+917349092870,VOICE,337,404788257954230,350532528505546,UttarPradesh_BTS_002,404-45-568-324,Uttar Pradesh
CDR202600079924,2025-01-17,11:25:03,+918245752201,+919500387142,VOICE,26,404106743564511,359929515582114,Gujarat_BTS_008,404-45-448-285,Gujarat
CDR202600079988,2025-05-20,05:14:01,+917639581258,+916937837972,VOICE,6,404494222714115,355995595781770,Rajasthan_BTS_001,404-45-376-948,Rajasthan
CDR202600080027,2025-08-09,19:13:37,+919934858141,+918567523702,SMS,0,404088204175195,355512973942054,UttarPradesh_BTS_003,404-45-736-577,Uttar Pradesh
CDR202600080062,2025-05-30,03:30:07,+917508281755,+918746005815,VOICE,49,404535938698914,353391803925798,Rajasthan_BTS_014,404-45-564-004,Rajasthan
CDR202600080071,2025-03-14,11:01:36,+919182777057,+917360907193,SMS,0,404146854943465,355414319950971,Rajasthan_BTS_011,404-45-796-739,Rajasthan
CDR202600080072,2025-03-13,02:21:07,+917889856220,+917417334533,VOICE,329,404767372306489,354000331640892,TamilNadu_BTS_001,404-45-614-942,Tamil Nadu
CDR202600080120,2025-04-21,23:47:35,+918955146541,+919267423926,VOICE,103,404651080485043,354090648469729,UttarPradesh_BTS_014,404-45-214-078,Uttar Pradesh
CDR202600080130,2025-07-04,04:57:35,+916258533748,+918641911927,VOICE,232,404944551457438,356568635648652,Karnataka_BTS_005,404-45-565-293,Karnataka
CDR202600080136,2025-07-15,11:39:48,+917655920669,+919810694473,VOICE,176,404948673337521,350416407807111,Mumbai_BTS_010,404-45-296-195,Mumbai
CDR202600080138,2025-03-08,08:54:23,+918714104438,+919826091713,VOICE,82,404086890016714,357295701965400,TamilNadu_BTS_006,404-45-773-598,Tamil Nadu
CDR202600080159,2025-04-25,11:23:04,+919608539310,+918240090833,VOICE,27,404227060188420,350082397225453,UttarPradesh_BTS_012,404-45-145-004,Uttar Pradesh
CDR202600080172,2025-09-03,03:35:54,+919395644752,+919298701709,VOICE,153,404833919106905,356630490313709,Delhi_BTS_006,404-45-223-254,Delhi
CDR202600080174,2025-02-18,15:44:49,+918061588925,+916744202557,VOICE,53,404118234541364,351517536665007,Maharashtra_BTS_007,404-45-479-364,Maharashtra
CDR202600080202,2025-03-30,09:34:18,+918551397552,+919256862637,VOICE,192,404497597344376,358256478927035,Karnataka_BTS_005,404-45-371-949,Karnataka
CDR202600080212,2025-10-24,21:28:39,+917375204266,+918474679334,VOICE,96,404591100185168,352649383236383,Rajasthan_BTS_006,404-45-246-272,Rajasthan
CDR202600080213,2025-03-13,20:52:40,+918173959352,+918310597374,VOICE,282,404853619988630,356896532094442,UttarPradesh_BTS_003,404-45-736-577,Uttar Pradesh
CDR202600080226,2025-04-28,04:44:09,+919298701709,+917964812466,VOICE,138,404456206092491,351667672624382,Maharashtra_BTS_004,404-45-691-197,Maharashtra
CDR202600080261,2025-12-12,03:22:57,+917791795228,+917361964508,VOICE,159,404836866697404,355781961930648,UttarPradesh_BTS_002,404-45-568-324,Uttar Pradesh
CDR202600080281,2025-07-01,02:04:00,+917375204266,+919434740166,SMS,0,404591100185168,352649383236383,Rajasthan_BTS_010,404-45-710-480,Rajasthan
CDR202600080314,2025-03-04,09:42:36,+918248669894,+918796913605,VOICE,83,404964488907819,359302259087647,Gujarat_BTS_002,404-45-328-143,Gujarat
CDR202600080318,2025-04-29,07:40:35,+917670399159,+918237244526,VOICE,48,404176058504179,357788093915647,UttarPradesh_BTS_005,404-45-261-449,Uttar Pradesh
CDR202600080336,2025-10-22,21:46:47,+919152352421,+919683965369,VOICE,67,404720134391678,355779824688359,UttarPradesh_BTS_013,404-45-552-565,Uttar Pradesh
CDR202600080342,2025-07-31,08:35:16,+919727082790,+916737413407,VOICE,310,404035494330161,356861271728801,Gujarat_BTS_002,404-45-854-105,Gujarat
CDR202600080355,2025-01-05,03:52:24,+917026547959,+919527918728,SMS,0,404606060261366,355907701191656,TamilNadu_BTS_003,404-45-170-610,Tamil Nadu
CDR202600080360,2025-07-11,23:35:05,+917919173758,+916846943785,VOICE,15,404931666344706,356387062715370,Delhi_BTS_002,404-45-878-546,Delhi
CDR202600080364,2025-12-25,05:58:21,+916696288792,+917942145122,VOICE,261,404723858309056,350228575930644,Mumbai_BTS_010,404-45-211-255,Mumbai
CDR202600080382,2025-06-07,11:25:44,+916876741060,+917162846028,SMS,0,404485129532128,354109324292877,Rajasthan_BTS_006,404-45-242-253,Rajasthan
CDR202600080391,2025-07-20,16:20:48,+917278712227,+917604012402,VOICE,15,404220549706548,359799820184402,Rajasthan_BTS_011,404-45-796-739,Rajasthan
CDR202600080394,2025-11-30,14:44:34,+916324219528,+917685568330,VOICE,92,404204430249930,357233498648717,Karnataka_BTS_003,404-45-597-493,Karnataka
CDR202600080396,2025-05-20,05:43:55,+916045614309,+919345344836,VOICE,2,404931578291343,358728981141902,TamilNadu_BTS_006,404-45-678-536,Tamil Nadu
CDR202600080410,2025-07-01,02:30:30,+919912838915,+919008618280,VOICE,20,404285934399437,353402047390604,WestBengal_BTS_005,404-45-521-822,West Bengal
CDR202600080442,2025-06-28,05:37:30,+916798129927,+918763872908,VOICE,18,404863557208941,354559991853679,Rajasthan_BTS_015,404-45-282-520,Rajasthan
CDR202600080448,2025-10-31,03:24:07,+919006494297,+916508315970,VOICE,97,404132717177551,356248966632789,Mumbai_BTS_007,404-45-348-804,Mumbai
CDR202600080453,2025-10-14,07:20:25,+917456367813,+918708148509,VOICE,41,404833779720129,354059735031344,Delhi_BTS_006,404-45-548-922,Delhi
CDR202600080455,2025-09-23,11:48:52,+918814548537,+917560992338,VOICE,33,404029426518590,351081902316792,Karnataka_BTS_007,404-45-322-992,Karnataka
CDR202600080469,2025-01-16,03:51:23,+919208661356,+918398313847,VOICE,33,404577723549544,356370121582623,UttarPradesh_BTS_003,404-45-202-076,Uttar Pradesh
CDR202600080474,2025-08-06,15:12:25,+919079754315,+918696608928,VOICE,221,404544782930342,359680891555402,UttarPradesh_BTS_003,404-45-736-577,Uttar Pradesh
CDR202600080477,2025-07-10,16:30:54,+917989006771,+918100645658,VOICE,175,404055529438641,357623916378525,TamilNadu_BTS_001,404-45-158-052,Tamil Nadu
CDR202600080493,2025-09-12,12:11:14,+916653181892,+917787056169,SMS,0,404609560643333,358623804256644,Rajasthan_BTS_017,404-45-652-977,Rajasthan
CDR202600080500,2025-01-18,04:39:10,+917641309711,+917013411171,SMS,0,404312870409485,353018319589196,TamilNadu_BTS_006,404-45-423-958,Tamil Nadu
CDR202600080531,2025-12-31,17:17:27,+918651935198,+919648858310,VOICE,244,404976508666392,354895805684085,Gujarat_BTS_001,404-45-859-282,Gujarat
CDR202600080540,2025-05-03,13:01:24,+919721137696,+918290114101,VOICE,113,404888170834024,354565507107897,Delhi_BTS_002,404-45-884-129,Delhi
CDR202600080557,2025-10-30,04:02:45,+918488425701,+917057475889,VOICE,181,404641458944148,356198792594631,Maharashtra_BTS_007,404-45-750-855,Maharashtra
CDR202600080559,2025-05-01,12:27:03,+916308738289,+918048118059,VOICE,73,404709937393612,351921504599232,Delhi_BTS_002,404-45-878-546,Delhi
CDR202600080566,2025-01-15,23:48:10,+916009510583,+917796041813,SMS,0,404090270324595,351626665573091,Rajasthan_BTS_019,404-45-119-115,Rajasthan
CDR202600080571,2025-01-12,12:38:24,+917106282011,+916415613537,SMS,0,404315647106587,350974107591905,Karnataka_BTS_002,404-45-195-949,Karnataka
CDR202600080589,2025-09-23,22:09:10,+919248670364,+916826741529,VOICE,20,404315333047812,357135237451625,TamilNadu_BTS_006,404-45-678-536,Tamil Nadu
CDR202600080601,2025-10-02,04:31:14,+918729564922,+919831927521,VOICE,115,404203483823037,351701588881152,Delhi_BTS_003,404-45-993-622,Delhi
CDR202600080603,2025-09-04,11:23:07,+919766695681,+916716145567,SMS,0,404264802207451,356475630230900,Delhi_BTS_002,404-45-878-546,Delhi
CDR202600080612,2025-08-12,11:11:53,+918548966382,+916198404669,VOICE,278,404249313815334,350278027610604,TamilNadu_BTS_001,404-45-614-942,Tamil Nadu
CDR202600080621,2025-07-08,06:08:22,+919752202559,+918394889222,SMS,0,404077652065588,357251015323074,Maharashtra_BTS_006,404-45-987-104,Maharashtra
CDR202600080637,2025-10-01,03:05:53,+917736750900,+916886209645,VOICE,196,404320429690418,357089279441913,UttarPradesh_BTS_011,404-45-533-850,Uttar Pradesh
CDR202600080647,2025-08-09,15:32:39,+917214613995,+918890376438,VOICE,80,404000816632428,351630794046504,Delhi_BTS_002,404-45-878-546,Delhi
CDR202600080651,2025-01-10,23:16:28,+916817019152,+919465637402,VOICE,253,404231217152799,351462525351204,Rajasthan_BTS_013,404-45-448-115,Rajasthan
CDR202600080657,2025-04-11,20:18:02,+918404028992,+917173526045,VOICE,55,404556584592469,357405081656986,Karnataka_BTS_004,404-45-985-411,Karnataka
CDR202600080665,2025-03-17,15:05:29,+917668825559,+919412279889,SMS,0,404210021564470,356470833487350,WestBengal_BTS_009,404-45-571-359,West Bengal
CDR202600080671,2025-06-29,13:30:23,+918819627982,+917330670712,VOICE,146,404893371239016,354919354189539,UttarPradesh_BTS_015,404-45-658-037,Uttar Pradesh
CDR202600080713,2025-09-11,00:05:02,+919614333439,+916448080635,VOICE,135,404323750478575,354482226450964,UttarPradesh_BTS_013,404-45-822-438,Uttar Pradesh
CDR202600080714,2025-05-04,00:34:25,+916427543486,+919253446305,VOICE,228,404132030892321,353653892050906,Mumbai_BTS_004,404-45-980-339,Mumbai
CDR202600080721,2025-06-13,11:46:37,+917500004938,+919181703697,VOICE,34,404684291254398,350136889981406,UttarPradesh_BTS_003,404-45-650-219,Uttar Pradesh
CDR202600080730,2025-11-24,16:49:01,+917376503838,+916429632648,VOICE,37,404548325085812,352489628469491,TamilNadu_BTS_006,404-45-678-536,Tamil Nadu
CDR202600080745,2025-06-30,06:07:40,+919092945663,+919057359429,SMS,0,404154801506410,359226005184115,Gujarat_BTS_003,404-45-704-433,Gujarat
CDR202600080747,2025-01-09,11:09:07,+916692588788,+918139618779,VOICE,68,404457406303442,355085103203437,Mumbai_BTS_002,404-45-702-226,Mumbai
CDR202600080749,2025-02-21,02:55:36,+918912372592,+916817019152,VOICE,112,404393736192069,352817084443637,Maharashtra_BTS_007,404-45-479-364,Maharashtra
CDR202600080751,2025-06-04,06:30:52,+917396706748,+917815456502,VOICE,387,404965044623770,352481650314686,TamilNadu_BTS_001,404-45-158-052,Tamil Nadu
CDR202600080784,2025-11-28,20:41:51,+918878165080,+919112690784,VOICE,13,404774875374995,353631365164151,Gujarat_BTS_008,404-45-448-285,Gujarat
CDR202600080789,2025-12-26,18:39:16,+918991184310,+917016958731,VOICE,365,404806277564089,357517691970651,Karnataka_BTS_006,404-45-835-499,Karnataka
CDR202600080792,2025-04-23,00:26:56,+916938174319,+916344936147,VOICE,24,404969369185189,352649854359926,Mumbai_BTS_006,404-45-785-498,Mumbai
CDR202600080819,2025-10-21,08:55:30,+918696608928,+919936394254,VOICE,218,404121971009727,351989521764185,WestBengal_BTS_005,404-45-785-885,West Bengal
CDR202600080823,2025-05-22,14:48:11,+918009056017,+917044675054,VOICE,215,404013777759370,352009279722042,Maharashtra_BTS_001,404-45-204-095,Maharashtra
CDR202600080841,2025-08-08,20:54:52,+916187949263,+916931620641,VOICE,43,404547143300286,355413855407668,Maharashtra_BTS_007,404-45-473-167,Maharashtra
CDR202600080857,2025-09-25,20:33:27,+916137132432,+919808151517,VOICE,203,404934765024417,353773880254739,Maharashtra_BTS_007,404-45-479-364,Maharashtra
CDR202600080862,2025-01-19,18:51:36,+917977215320,+917160690081,VOICE,95,404893629592642,351189153594088,Rajasthan_BTS_004,404-45-835-323,Rajasthan
CDR202600080864,2025-05-09,17:30:02,+919233102366,+918018025637,SMS,0,404335706133292,352373348088172,Gujarat_BTS_007,404-45-106-778,Gujarat
CDR202600080871,2025-08-22,01:46:59,+919518807596,+917820630428,VOICE,109,404915370005906,354471726490692,Karnataka_BTS_006,404-45-813-981,Karnataka
CDR202600080877,2025-01-26,09:35:11,+918750445092,+917162139428,VOICE,26,404829745533858,358188229109013,Gujarat_BTS_002,404-45-328-143,Gujarat
CDR202600080899,2025-11-05,04:44:20,+918650787338,+919114332439,VOICE,3,404501207662211,356185837734633,WestBengal_BTS_001,404-45-230-043,West Bengal
CDR202600080911,2025-04-22,16:15:49,+916953156153,+917034348207,VOICE,48,404230699059693,358505218091123,UttarPradesh_BTS_012,404-45-233-653,Uttar Pradesh
CDR202600080956,2025-02-09,08:03:50,+917364876856,+917998469407,VOICE,44,404203329560083,357827837299757,TamilNadu_BTS_005,404-45-734-084,Tamil Nadu
CDR202600080977,2025-03-06,01:41:31,+917876427272,+916864147190,VOICE,72,404126745664155,355367985456922,WestBengal_BTS_003,404-45-258-948,West Bengal
CDR202600080983,2025-06-28,20:14:12,+918256587235,+919054859051,SMS,0,404759884792979,356567463047881,Maharashtra_BTS_007,404-45-473-167,Maharashtra
CDR202600081009,2025-04-16,18:35:33,+917303258691,+917361672964,SMS,0,404007448515572,357722509784644,WestBengal_BTS_005,404-45-785-885,West Bengal
CDR202600081018,2025-03-16,16:34:10,+919775165176,+916419179076,MISSED,0,404853140785945,350973075156712,Rajasthan_BTS_001,404-45-670-225,Rajasthan
CDR202600081027,2025-03-18,22:52:57,+917271368384,+918129273278,VOICE,77,404580834218089,352087511510648,Rajasthan_BTS_019,404-45-951-827,Rajasthan
CDR202600081035,2025-04-21,13:34:49,+919054859051,+919120503402,VOICE,120,404492883215470,351513642031699,Rajasthan_BTS_007,404-45-697-409,Rajasthan
CDR202600081040,2025-05-17,22:30:42,+918324245616,+919507809038,SMS,0,404142871192134,352878834391940,Rajasthan_BTS_010,404-45-641-258,Rajasthan
CDR202600081044,2025-07-04,00:04:22,+916711836443,+917133857300,VOICE,11,404508254406256,355754941784305,Mumbai_BTS_007,404-45-516-195,Mumbai
CDR202600081059,2025-06-13,14:48:38,+919291894778,+916720582936,VOICE,36,404339733384501,354893059964458,Delhi_BTS_006,404-45-629-463,Delhi
CDR202600081063,2025-03-31,06:08:30,+917389964482,+918998819735,VOICE,129,404589552889257,355172929383520,TamilNadu_BTS_004,404-45-683-253,Tamil Nadu
CDR202600081073,2025-09-16,07:04:34,+917750018186,+916148259773,SMS,0,404501555353412,359396441541553,UttarPradesh_BTS_001,404-45-371-406,Uttar Pradesh
CDR202600081083,2025-06-04,07:38:04,+916544428627,+919682045869,VOICE,7,404449379788765,357553918925184,Maharashtra_BTS_002,404-45-718-271,Maharashtra
CDR202600081106,2025-07-27,10:17:00,+918580479082,919103104965,VOICE,172,404241353546959,351192011970392,Mumbai_BTS_004,404-45-980-339,Mumbai
CDR202600081112,2025-08-20,20:52:04,+918946516483,+917056303862,VOICE,44,404078561978298,359643431456856,UttarPradesh_BTS_015,404-45-954-379,Uttar Pradesh
CDR202600081121,2025-08-14,06:42:22,+917256006787,+916564902284,VOICE,24,404509408591370,357252801866463,Mumbai_BTS_006,404-45-319-553,Mumbai
CDR202600081127,2025-07-19,08:15:41,+918627421629,+918741166446,VOICE,476,404745393076991,357185031853844,UttarPradesh_BTS_013,404-45-552-565,Uttar Pradesh
CDR202600081153,2025-01-01,23:31:29,+916473360711,+918007984084,VOICE,113,404268899702427,357848968221622,Rajasthan_BTS_015,404-45-208-892,Rajasthan
CDR202600081182,2025-03-22,06:52:46,+918760777450,+919068389967,VOICE,4,404018092306276,352546470257765,Rajasthan_BTS_015,404-45-282-520,Rajasthan
CDR202600081190,2025-05-20,08:28:26,+916344936147,+916254643881,VOICE,69,404681919741690,357370114634682,WestBengal_BTS_001,404-45-415-374,West Bengal
CDR202600081191,2025-06-05,11:09:18,+919721137696,+917482776881,VOICE,241,404888170834024,354565507107897,Maharashtra_BTS_004,404-45-146-678,Maharashtra
CDR202600081202,2025-03-26,10:59:15,+919721997993,+917282492301,VOICE,173,404233430076909,351903472119589,Mumbai_BTS_007,404-45-348-804,Mumbai
CDR202600081209,2025-07-30,04:45:41,+919869682734,+917108740274,SMS,0,404840763541305,357055689869382,Maharashtra_BTS_006,404-45-489-285,Maharashtra
CDR202600081249,2025-09-17,14:50:00,+918711207314,+917928063532,SMS,0,404505299165215,353273929560536,Rajasthan_BTS_006,404-45-242-253,Rajasthan
CDR202600081267,2025-01-31,13:38:23,+917545752288,+916873513005,VOICE,196,404475113780964,352800270256052,UttarPradesh_BTS_012,404-45-441-790,Uttar Pradesh
CDR202600081270,2025-01-09,18:48:56,+919656599129,+917108603202,VOICE,14,404560145858744,357937636685555,Rajasthan_BTS_009,404-45-911-697,Rajasthan
CDR202600081307,2025-07-22,16:00:16,+919686242865,+918947516711,VOICE,89,404587512644392,358106725613538,Maharashtra_BTS_002,404-45-199-368,Maharashtra
CDR202600081321,2025-02-27,20:10:57,+917995290724,+919050716467,VOICE,17,404505214624609,350559534692073,Rajasthan_BTS_001,404-45-376-948,Rajasthan
CDR202600081374,2025-06-18,03:32:42,+919516284268,+918981533864,VOICE,45,404472136346707,350678261929826,Karnataka_BTS_005,404-45-371-949,Karnataka
CDR202600081401,2025-10-06,11:15:26,+916226265278,+918124473134,VOICE,347,404924523188671,354937527199007,Gujarat_BTS_007,404-45-928-891,Gujarat
CDR202600081408,2025-06-11,07:49:31,+917037180152,+918512505883,VOICE,62,404167063575724,355542200277157,UttarPradesh_BTS_015,404-45-658-037,Uttar Pradesh
CDR202600081420,2025-07-09,16:27:07,+917378976564,+918172377467,SMS,0,404187577361242,353647773634220,WestBengal_BTS_003,404-45-342-886,West Bengal
CDR202600081462,2025-12-19,19:13:40,+916615153351,+918535912450,VOICE,69,404537311112386,350541692147662,Gujarat_BTS_005,404-45-338-518,Gujarat
CDR202600081463,2025-07-05,13:27:17,+916886209645,+917821133740,VOICE,30,404703347833514,359463833062229,WestBengal_BTS_003,404-45-342-886,West Bengal
CDR202600081476,2025-07-19,16:41:11,+919844733917,+919885116593,VOICE,404,404260337930925,359657683173040,Delhi_BTS_005,404-45-830-320,Delhi
CDR202600081479,2025-10-21,03:57:16,+918770594376,+917490922174,VOICE,18,404782315199011,350220090833016,Rajasthan_BTS_007,404-45-241-522,Rajasthan
CDR202600081494,2025-08-10,02:26:28,+917657701816,+916278150399,MISSED,0,404290177904632,359051882662015,Karnataka_BTS_006,404-45-669-678,Karnataka
CDR202600081510,2025-08-30,02:14:50,+917160690081,+917366105313,VOICE,491,404309368593027,353397619151289,UttarPradesh_BTS_001,404-45-371-406,Uttar Pradesh
CDR202600081543,2025-01-05,05:57:42,+919845373295,+916864898231,VOICE,55,404709088966657,355295782697927,Rajasthan_BTS_010,404-45-710-480,Rajasthan
CDR202600081547,2025-01-02,22:11:05,+919257914528,+918069518866,VOICE,265,404914734296527,353145496828955,Karnataka_BTS_005,404-45-902-804,Karnataka
CDR202600081568,2025-04-11,00:51:59,+916701586456,+917058098623,VOICE,28,404619627034911,358274022342041,UttarPradesh_BTS_001,404-45-234-688,Uttar Pradesh
CDR202600081581,2025-02-24,03:15:32,+918731668750,+918686483115,VOICE,4,404201816238070,352784633515731,Rajasthan_BTS_010,404-45-710-480,Rajasthan
CDR202600081582,2025-03-29,09:18:42,+917111779116,+917348304130,VOICE,105,404965994056447,358765696347067,UttarPradesh_BTS_001,404-45-234-688,Uttar Pradesh
CDR202600081595,2025-09-26,10:43:56,+918048480344,+918084588830,VOICE,42,404604302768463,357021229133539,TamilNadu_BTS_002,404-45-620-083,Tamil Nadu
CDR202600081599,2025-07-08,04:58:19,+919168612085,+917702931016,VOICE,49,404975810072801,351883517587492,Maharashtra_BTS_003,404-45-949-644,Maharashtra
CDR202600081605,2025-07-29,17:11:50,+919435611650,+919648858310,VOICE,17,404710685875555,359225296022192,Rajasthan_BTS_016,404-45-961-655,Rajasthan
CDR202600081615,2025-04-26,21:02:38,+919543289248,+918929055839,MISSED,0,404263836192541,351995360196458,Karnataka_BTS_006,404-45-813-981,Karnataka
CDR202600081626,2025-04-01,10:32:34,+918269219427,+918984132297,VOICE,1,404541595443336,359369937586005,WestBengal_BTS_008,404-45-979-482,West Bengal
CDR202600081629,2025-08-04,15:46:11,+918817368148,+917162139428,VOICE,31,404933685554540,353143886526952,Rajasthan_BTS_015,404-45-282-520,Rajasthan
CDR202600081634,2025-08-17,22:51:04,+919451505924,+919716542758,SMS,0,404281744633987,354676198884815,Delhi_BTS_002,404-45-884-129,Delhi
CDR202600081643,2025-10-27,21:05:21,+919942872445,+919089404735,VOICE,48,404333479022394,356364867525826,Maharashtra_BTS_002,404-45-967-353,Maharashtra
CDR202600081655,2025-05-19,08:31:20,+919514705651,+919164354151,VOICE,75,404503335139441,354307937429951,Rajasthan_BTS_001,404-45-670-225,Rajasthan
CDR202600081668,2025-11-17,04:55:24,+916181430239,+916768547198,VOICE,15,404052751582959,354399234354572,Rajasthan_BTS_017,404-45-880-166,Rajasthan
CDR202600081673,2025-11-30,23:23:56,+919473344243,+916326243819,VOICE,6,404002785787521,359345748769770,TamilNadu_BTS_006,404-45-678-536,Tamil Nadu
CDR202600081678,2025-02-21,08:34:22,+919674939907,+917531802722,VOICE,63,404983388775049,357847666800077,Mumbai_BTS_007,404-45-196-100,Mumbai
CDR202600081701,2025-10-12,19:40:13,+917790056636,+917921011784,VOICE,141,404234553874690,359037807415142,Mumbai_BTS_008,404-45-155-690,Mumbai
CDR202600081716,2025-06-24,04:54:48,+916599023606,+917257605958,SMS,0,404744978879946,359345853569253,Rajasthan_BTS_003,404-45-924-324,Rajasthan
CDR202600081721,2025-02-12,07:58:40,+916990731677,+919249005915,VOICE,130,404006669616539,350011450433960,WestBengal_BTS_001,404-45-230-043,West Bengal
CDR202600081722,2025-03-25,12:04:11,+919594849368,+917645135220,VOICE,75,404812624536468,350835273872658,Karnataka_BTS_003,404-45-270-417,Karnataka
CDR202600081746,2025-01-07,02:11:28,+916401287273,+918319568494,SMS,0,404816964852167,359129570601197,WestBengal_BTS_005,404-45-901-954,West Bengal
CDR202600081749,2025-10-26,16:37:17,+916082929566,+919213877482,VOICE,6,404761228926790,352559665473969,Mumbai_BTS_001,404-45-446-022,Mumbai
CDR202600081766,2025-02-28,19:51:08,+917209789322,+918717621688,VOICE,2,404032264371542,358699959711908,Gujarat_BTS_007,404-45-325-460,Gujarat
CDR202600081771,2025-09-18,21:32:13,+916277018985,+917650607684,VOICE,11,404877080317852,351181370493320,Rajasthan_BTS_004,404-45-680-898,Rajasthan
CDR202600081777,2025-02-17,06:41:59,+917960995282,+916892819698,VOICE,149,404479163627692,356951729992343,Maharashtra_BTS_007,404-45-314-687,Maharashtra
CDR202600081778,2025-02-27,04:07:35,+918723371913,+918584704952,VOICE,97,404485975551132,351198719825710,Maharashtra_BTS_003,404-45-649-128,Maharashtra
CDR202600081790,2025-12-12,03:19:21,+918061588925,+918717621688,SMS,0,404118234541364,351517536665007,UttarPradesh_BTS_012,404-45-145-004,Uttar Pradesh
CDR202600081792,2025-05-29,16:35:25,+916001009798,+919164797610,VOICE,53,404742918381126,354329537488402,WestBengal_BTS_002,404-45-355-683,West Bengal
CDR202600081823,2025-09-24,04:17:39,+917980227612,+919248670364,VOICE,249,404924359914827,350574431062171,Delhi_BTS_002,404-45-878-546,Delhi
CDR202600081842,2025-09-15,18:08:25,+918796362847,+916014935471,VOICE,51,404014368922066,352149345089518,Rajasthan_BTS_015,404-45-282-520,Rajasthan
CDR202600081843,2025-03-24,07:04:34,+916291844474,+918329230759,VOICE,138,404791799549833,350765091334507,Rajasthan_BTS_003,404-45-924-324,Rajasthan
CDR202600081864,2025-08-01,14:17:22,+919709224510,+918680475912,VOICE,69,404042412202064,352781205556684,Maharashtra_BTS_005,404-45-891-297,Maharashtra
CDR202600081870,2025-06-30,18:08:44,+919515693868,+916610863745,VOICE,83,404472802644073,358330994545711,Rajasthan_BTS_001,404-45-670-225,Rajasthan
CDR202600081905,2025-01-26,03:10:36,+919810694473,+916044245685,VOICE,2,404872781535975,357229268434024,Mumbai_BTS_002,404-45-702-226,Mumbai
CDR202600081906,2025-04-15,20:30:40,+916864898231,+918479995208,VOICE,49,404538564320579,355532056587256,UttarPradesh_BTS_010,404-45-308-704,Uttar Pradesh
CDR202600081924,2025-11-11,04:53:40,+918955354614,+916345205059,VOICE,46,404434536145276,354889539790341,Maharashtra_BTS_003,404-45-649-128,Maharashtra
CDR202600081928,2025-06-21,20:44:04,+918284997074,+916798129927,SMS,0,404946522768679,358692213603300,Mumbai_BTS_008,404-45-155-690,Mumbai
CDR202600081981,2025-04-05,23:05:38,+917650607684,+919765733100,VOICE,33,404372349320132,359539179295784,Maharashtra_BTS_006,404-45-987-104,Maharashtra
CDR202600081997,2025-11-09,17:08:58,+917473961869,+916876741060,SMS,0,404443664083954,357120232161116,WestBengal_BTS_007,404-45-491-894,West Bengal
CDR202600082003,2025-10-25,12:18:04,+917246431648,+916865004561,VOICE,128,404012363005894,356383342247027,WestBengal_BTS_004,404-45-522-026,West Bengal
CDR202600082005,2025-02-20,21:42:04,+917775456352,+916696288792,SMS,0,404090133963146,359748606015997,Karnataka_BTS_001,404-45-767-554,Karnataka
CDR202600082014,2025-08-05,06:20:38,+917872070881,+918418646550,VOICE,25,404465532301738,354102928237541,UttarPradesh_BTS_010,404-45-370-518,Uttar Pradesh
CDR202600082020,2025-02-02,02:18:48,+916044245685,+917230975615,SMS,0,404509770491628,359730875847215,UttarPradesh_BTS_014,404-45-214-078,Uttar Pradesh
CDR202600082022,2025-01-18,09:51:35,+918699480610,+916983923513,MISSED,0,404584779860566,351235843197593,UttarPradesh_BTS_002,404-45-869-959,Uttar Pradesh
CDR202600082025,2025-07-25,15:00:48,+918471135730,+916530487548,VOICE,5,404600292900775,354755304760256,TamilNadu_BTS_002,404-45-620-083,Tamil Nadu
CDR202600082066,2025-11-03,23:25:24,+916808945172,+916486671202,VOICE,13,404868219597767,359838478747221,Gujarat_BTS_007,404-45-703-285,Gujarat
CDR202600082090,2025-10-24,10:16:58,+919897061220,+918340827490,SMS,0,404924035669096,352413649482941,Rajasthan_BTS_001,404-45-376-948,Rajasthan
CDR202600082142,2025-08-11,14:03:08,+918770594376,+919520600683,VOICE,223,404782315199011,350220090833016,UttarPradesh_BTS_004,404-45-170-901,Uttar Pradesh
CDR202600082145,2025-06-26,13:36:50,+919860882785,+918957650457,SMS,0,404314479510459,359925939009870,Mumbai_BTS_011,404-45-243-433,Mumbai
CDR202600082147,2025-12-22,05:45:12,+918415094885,+916352073232,SMS,0,404419415598531,356000255799658,UttarPradesh_BTS_005,404-45-478-292,Uttar Pradesh
CDR202600082173,2025-07-21,10:54:51,+917951924038,+919030219049,VOICE,104,404124749659230,354540530558677,WestBengal_BTS_002,404-45-315-699,West Bengal
CDR202600082181,2025-09-21,11:34:06,+917652537154,+918024648441,VOICE,76,404942195487237,350923176036450,WestBengal_BTS_002,404-45-205-363,West Bengal
CDR202600082189,2025-04-12,18:55:39,+919182023723,+917215930461,MISSED,0,404433448622774,351494757968606,Karnataka_BTS_006,404-45-813-981,Karnataka
CDR202600082190,2025-11-16,16:51:31,+916345205059,+916971932873,MISSED,0,404458758222503,351430930622423,UttarPradesh_BTS_007,404-45-370-119,Uttar Pradesh
CDR202600082192,2025-08-30,06:06:51,+917030536532,+919683965369,VOICE,146,404418545023932,355599499991028,WestBengal_BTS_001,404-45-915-996,West Bengal
CDR202600082215,2025-02-24,14:47:10,+917863119852,+916927808946,SMS,0,404999086804276,353211878273238,Karnataka_BTS_007,404-45-322-992,Karnataka
CDR202600082239,2025-05-03,06:10:01,+918885569097,+918978860352,VOICE,92,404513571417539,359948138021836,Gujarat_BTS_007,404-45-703-285,Gujarat
CDR202600082246,2025-12-12,13:42:22,+918819627982,+918488425701,SMS,0,404893371239016,354919354189539,Maharashtra_BTS_006,404-45-489-285,Maharashtra
CDR202600082319,2025-04-28,04:56:02,+918699480610,+918338786803,SMS,0,404584779860566,351235843197593,Gujarat_BTS_004,404-45-130-096,Gujarat
CDR202600082321,2025-05-09,05:32:54,+917110206042,+919768693725,VOICE,19,404733499101219,352932437159591,Gujarat_BTS_002,404-45-854-105,Gujarat
CDR202600082324,2025-03-28,11:24:44,+917556076685,+919727333117,VOICE,43,404719434900278,356301056114751,UttarPradesh_BTS_006,404-45-108-684,Uttar Pradesh
CDR202600082325,2025-07-03,04:29:11,+918878165080,+917796041813,VOICE,138,404774875374995,353631365164151,UttarPradesh_BTS_015,404-45-658-037,Uttar Pradesh
CDR202600082341,2025-06-01,09:30:14,+916000451669,+917615893220,VOICE,121,404512429106208,350862526086966,Rajasthan_BTS_014,404-45-839-897,Rajasthan
CDR202600082372,2025-07-04,23:32:34,+918447532959,+919971562154,VOICE,100,404943233949797,351434589932178,UttarPradesh_BTS_012,404-45-145-004,Uttar Pradesh
CDR202600082374,2025-04-27,15:56:24,+919785436959,+917555567895,VOICE,101,404295091793396,351673037284825,UttarPradesh_BTS_001,404-45-234-688,Uttar Pradesh
CDR202600082381,2025-12-07,06:21:27,+916142250774,+918682534164,VOICE,436,404279218308414,355961416749930,UttarPradesh_BTS_012,404-45-233-653,Uttar Pradesh
CDR202600082395,2025-07-02,16:16:13,+917033743556,+917304545626,SMS,0,404552918981175,357171548144119,Rajasthan_BTS_019,404-45-951-827,Rajasthan
CDR202600082400,2025-12-01,13:02:45,+917327114536,+918237244526,VOICE,22,404763645996937,351799490923160,Maharashtra_BTS_003,404-45-649-128,Maharashtra
CDR202600082402,2025-07-16,22:32:06,+917132946915,+918227246698,VOICE,48,404935790261756,354578275663209,TamilNadu_BTS_006,404-45-773-598,Tamil Nadu
CDR202600082407,2025-04-16,07:39:14,+919257186534,+918068277597,VOICE,23,404800067652580,358445601619747,Gujarat_BTS_001,404-45-859-282,Gujarat
CDR202600082413,2025-09-26,05:31:58,+918479615563,+917657350844,VOICE,121,404644032514332,356244441097454,Rajasthan_BTS_011,404-45-796-739,Rajasthan
CDR202600082416,2025-01-24,16:48:39,+919030219049,+919349124692,VOICE,62,404338250473223,351162088177423,UttarPradesh_BTS_007,404-45-999-138,Uttar Pradesh
CDR202600082425,2025-01-10,18:19:20,+917641747004,+918075656239,SMS,0,404361734397296,356949676164346,UttarPradesh_BTS_010,404-45-749-874,Uttar Pradesh
CDR202600082439,2025-06-30,10:21:58,+917237041157,+918551596592,MISSED,0,404908281908272,353478699372958,TamilNadu_BTS_001,404-45-158-052,Tamil Nadu
CDR202600082440,2025-04-19,11:12:12,+917133264916,+916002252699,SMS,0,404155392341538,355544155606395,Delhi_BTS_003,404-45-533-988,Delhi
CDR202600082464,2025-07-05,12:34:53,+919161724747,+917640376327,VOICE,25,404494506459663,350268784453993,UttarPradesh_BTS_003,404-45-736-577,Uttar Pradesh
CDR202600082467,2025-11-12,13:05:38,+918733363458,+917237968293,VOICE,34,404964620229276,351879029743038,Rajasthan_BTS_015,404-45-208-892,Rajasthan
CDR202600082476,2025-04-26,19:50:35,+916015450890,+919142172705,SMS,0,404750997518237,359822844509046,Karnataka_BTS_005,404-45-902-804,Karnataka
CDR202600082500,2025-03-09,10:43:30,+918534632558,+918770363830,VOICE,5,404161202542456,358997391031634,Rajasthan_BTS_001,404-45-376-948,Rajasthan
CDR202600082528,2025-08-18,14:23:33,+919480425874,+916745720308,VOICE,28,404227409918628,353224754256541,Rajasthan_BTS_010,404-45-710-480,Rajasthan
CDR202600082544,2025-01-16,22:42:11,+919283268852,+917068162204,VOICE,104,404347637639035,356300596801009,Maharashtra_BTS_002,404-45-967-353,Maharashtra
CDR202600082554,2025-08-19,13:48:13,+918571264083,+917835301377,VOICE,430,404866426482973,355994129711729,UttarPradesh_BTS_001,404-45-371-406,Uttar Pradesh
CDR202600082556,2025-06-25,14:13:50,+918024648441,+918280449271,VOICE,99,404424428881000,357645512756860,Gujarat_BTS_007,404-45-928-891,Gujarat
CDR202600082564,2025-03-27,23:46:39,+918975682465,+918529126286,SMS,0,404873429642099,357845959019756,Rajasthan_BTS_010,404-45-710-480,Rajasthan
CDR202600082568,2025-04-16,17:56:42,+916543542858,+917905508096,VOICE,51,404184465740399,354240144634234,WestBengal_BTS_005,404-45-521-822,West Bengal
CDR202600082571,2025-06-22,09:07:14,+918395935805,+917853209083,SMS,0,404219618293857,351143930772018,Rajasthan_BTS_001,404-45-670-225,Rajasthan
CDR202600082581,2025-04-10,16:40:09,+918979878546,+916839947164,SMS,0,404147450051629,353367196679643,UttarPradesh_BTS_007,404-45-999-138,Uttar Pradesh
CDR202600082605,2025-05-21,17:27:28,+917600606591,917592906846,VOICE,22,404921353457784,359509388730128,Karnataka_BTS_006,404-45-848-803,Karnataka
CDR202600082618,2025-02-07,23:18:40,+917375530261,+919643751277,VOICE,21,404156411350746,355238630437835,Gujarat_BTS_007,404-45-928-891,Gujarat
CDR202600082650,2025-09-01,14:58:42,+917786255172,+918328382428,VOICE,24,404538309414128,359716283870009,UttarPradesh_BTS_010,404-45-370-518,Uttar Pradesh
CDR202600082661,2025-08-06,02:31:35,+916854171547,+918805603372,VOICE,61,404178588112455,359001100547860,Karnataka_BTS_007,404-45-294-304,Karnataka
CDR202600082665,2025-03-09,14:03:25,+919282430009,+918155040073,SMS,0,404555561566700,358438580519187,Rajasthan_BTS_013,404-45-400-446,Rajasthan
CDR202600082671,2025-03-06,16:45:57,+917389964482,+918314465821,SMS,0,404589552889257,355172929383520,Rajasthan_BTS_001,404-45-670-225,Rajasthan
CDR202600082686,2025-04-30,14:32:20,+919568579913,+919645471581,VOICE,215,404144321290767,350287219290403,Rajasthan_BTS_009,404-45-742-164,Rajasthan
CDR202600082693,2025-01-18,17:05:14,+918335344033,+918084588830,MISSED,0,404410201350373,356740148984350,Rajasthan_BTS_012,404-45-798-907,Rajasthan
CDR202600082740,2025-10-28,20:59:41,+917791795228,+918671851303,VOICE,129,404836866697404,355781961930648,Mumbai_BTS_006,404-45-319-553,Mumbai
CDR202600082748,2025-06-25,04:26:33,+917423101651,+916214559749,SMS,0,404397475494230,352841010455181,Rajasthan_BTS_007,404-45-241-522,Rajasthan
CDR202600082768,2025-12-09,18:45:38,+919292744281,+919072974918,VOICE,134,404228746487191,355684027944136,Karnataka_BTS_006,404-45-848-803,Karnataka
CDR202600082788,2025-06-23,20:07:41,+917016261000,+916078866599,SMS,0,404912211224683,353982873588683,Maharashtra_BTS_002,404-45-199-368,Maharashtra
CDR202600082790,2025-01-20,02:50:55,+916720582936,+918481082809,VOICE,13,404245556217118,351678087372820,Rajasthan_BTS_017,404-45-652-977,Rajasthan
CDR202600082825,2025-06-24,07:47:06,+917021888879,+918738240239,SMS,0,404417979184145,358609097384312,Maharashtra_BTS_002,404-45-199-368,Maharashtra
CDR202600082827,2025-04-30,12:05:02,+918990232007,+916356003739,VOICE,187,404193018236208,356377849623904,Rajasthan_BTS_009,404-45-742-164,Rajasthan
CDR202600082829,2025-06-16,09:15:05,+916872734446,+916615153351,VOICE,82,404038161572078,354796741635072,Maharashtra_BTS_006,404-45-987-104,Maharashtra
CDR202600082856,2025-09-18,17:15:50,+919227174062,+916928112416,VOICE,88,404409263166060,351309294885539,Delhi_BTS_002,404-45-878-546,Delhi
CDR202600082866,2025-07-27,04:26:38,+918038731016,+919465637402,VOICE,47,404579943382132,355963089623842,UttarPradesh_BTS_011,404-45-533-850,Uttar Pradesh
CDR202600082868,2025-01-27,20:57:44,+919534747003,+919271337783,SMS,0,404698265289093,355326226087138,Rajasthan_BTS_007,404-45-470-225,Rajasthan
CDR202600082879,2025-01-30,00:16:51,+917627570441,+916858578040,VOICE,73,404850278278713,357453840880734,Delhi_BTS_003,404-45-993-622,Delhi
CDR202600082880,2025-05-07,09:25:16,+917918652002,+918595525429,VOICE,142,404542246439977,350501951385202,WestBengal_BTS_001,404-45-981-041,West Bengal
CDR202600082881,2025-11-10,12:04:30,+918033642591,+917330989925,VOICE,471,404923471802563,357305046712132,UttarPradesh_BTS_008,404-45-860-567,Uttar Pradesh
CDR202600082890,2025-05-25,03:46:51,+918010019927,+917927220453,SMS,0,404161752572887,355065790526170,Gujarat_BTS_005,404-45-338-518,Gujarat
CDR202600082906,2025-03-22,15:15:49,+916320853787,+918024648441,VOICE,53,404219702317039,351234250113016,Gujarat_BTS_008,404-45-448-285,Gujarat
CDR202600082925,2025-10-02,15:57:54,+918257429084,+917230641068,VOICE,349,404099269489521,352407370891841,Delhi_BTS_006,404-45-548-922,Delhi
CDR202600082928,2025-12-28,07:44:54,+918920232094,+917017171416,VOICE,46,404662282546267,355693000456372,Rajasthan_BTS_016,404-45-303-157,Rajasthan
CDR202600083010,2025-04-06,18:03:09,+917900254663,+918059940586,SMS,0,404155538112761,358001207637750,WestBengal_BTS_005,404-45-521-822,West Bengal
CDR202600083015,2025-08-20,09:15:45,+918384898129,+916235230918,VOICE,257,404529166487997,352140022383143,Gujarat_BTS_006,404-45-833-666,Gujarat
CDR202600083019,2025-06-15,18:31:01,+918988134621,+916983699346,MISSED,0,404232079652874,351361531611291,Maharashtra_BTS_004,404-45-821-072,Maharashtra
CDR202600083023,2025-07-30,13:50:34,+919298402365,+918502488426,SMS,0,404606792092537,357034926060554,UttarPradesh_BTS_007,404-45-999-138,Uttar Pradesh
CDR202600083082,2025-11-02,10:16:24,+917830331812,+918862004084,VOICE,77,404880451823795,357056564633953,Karnataka_BTS_004,404-45-985-411,Karnataka
CDR202600083100,2025-11-08,23:25:49,+918796913605,+918805336881,VOICE,74,404709089507140,353125055140913,WestBengal_BTS_004,404-45-283-755,West Bengal
CDR202600083107,2025-04-20,15:52:14,+916148259773,+917852733964,SMS,0,404551915195410,350290820241325,Karnataka_BTS_006,404-45-835-499,Karnataka
CDR202600083110,2025-03-16,00:08:49,+917230641068,+918806117659,VOICE,483,404636869738828,359867103416528,Maharashtra_BTS_001,404-45-881-345,Maharashtra
CDR202600083120,2025-05-08,16:07:34,+918236349159,+917967577356,VOICE,256,404767944169204,359544269880685,UttarPradesh_BTS_013,404-45-265-760,Uttar Pradesh
CDR202600083122,2025-03-24,12:33:56,+917833185199,+917332349279,VOICE,12,404237988562610,355488258125498,WestBengal_BTS_004,404-45-522-026,West Bengal
CDR202600083138,2025-04-30,05:35:24,+918796362847,+919780125713,VOICE,410,404014368922066,352961548641871,Maharashtra_BTS_002,404-45-718-271,Maharashtra
CDR202600083142,2025-11-25,16:37:49,+916571755215,+917970670731,VOICE,11,404208400124635,352026005058149,Rajasthan_BTS_010,404-45-494-391,Rajasthan
CDR202600083160,2025-01-29,03:32:48,+917121441593,+917074279351,VOICE,47,404085569060156,357613726708132,Karnataka_BTS_001,404-45-767-554,Karnataka
CDR202600083183,2025-07-14,18:18:23,+916554092657,+918775493694,VOICE,106,404871536588678,350011356871609,UttarPradesh_BTS_006,404-45-726-827,Uttar Pradesh
CDR202600083187,2025-11-07,13:29:14,+917105925045,+916720582936,VOICE,117,404573309674055,350925040163083,UttarPradesh_BTS_014,404-45-214-078,Uttar Pradesh
CDR202600083212,2025-03-20,05:04:00,+919252194037,+917599232407,VOICE,6,404775332917127,351698772202808,Rajasthan_BTS_009,404-45-742-164,Rajasthan
CDR202600083223,2025-01-05,15:22:49,+916696288792,+918973757217,VOICE,23,404723858309056,350228575930644,Delhi_BTS_005,404-45-830-320,Delhi
CDR202600083232,2025-04-29,14:44:11,+919875402560,+918642431040,VOICE,114,404146364090277,351954343185633,UttarPradesh_BTS_004,404-45-457-903,Uttar Pradesh
CDR202600083236,2025-06-23,20:14:19,+917540273705,+919143666828,VOICE,102,404496831945871,356922789139725,Maharashtra_BTS_007,404-45-473-167,Maharashtra
CDR202600083254,2025-10-26,12:40:02,+918897183146,+919515757576,VOICE,79,404171778971064,353846291826095,Rajasthan_BTS_001,404-45-670-225,Rajasthan
CDR202600083271,2025-03-29,17:43:39,+917395782688,+916910071557,VOICE,11,404466620581887,353204884777813,WestBengal_BTS_009,404-45-304-837,West Bengal
CDR202600083277,2025-03-17,07:17:45,+919968696199,+919967656270,VOICE,87,404266692073089,357374783767812,Maharashtra_BTS_007,404-45-750-855,Maharashtra
CDR202600083282,2025-04-23,01:45:21,+917050477573,+917932568415,VOICE,61,404434289472964,358822575952937,Rajasthan_BTS_014,404-45-564-004,Rajasthan
CDR202600083283,2025-01-09,10:53:00,+918709319074,+917960741167,VOICE,20,404367515261386,359932161464644,Mumbai_BTS_010,404-45-919-883,Mumbai
CDR202600083337,2025-08-18,16:56:09,+918113764573,+919451505924,VOICE,85,404025361476947,359015679767496,UttarPradesh_BTS_003,404-45-650-219,Uttar Pradesh
CDR202600083348,2025-05-21,18:39:25,+917330989925,+917790142393,VOICE,90,404801478597899,354434531550530,Karnataka_BTS_002,404-45-195-949,Karnataka
CDR202600083365,2025-07-11,18:10:43,+918200427631,+919089404735,VOICE,11,404656509039423,358323532017122,WestBengal_BTS_005,404-45-901-954,West Bengal
CDR202600083366,2025-05-26,18:21:54,+919217424995,+919279503952,SMS,0,404237987919410,351364645436482,UttarPradesh_BTS_010,404-45-749-874,Uttar Pradesh
CDR202600083390,2025-11-05,00:06:48,+919684393984,+916278756030,VOICE,27,404272786973147,351902701365217,Karnataka_BTS_007,404-45-322-992,Karnataka
CDR202600083421,2025-02-03,05:03:57,+916269160160,+919039595260,VOICE,263,404900867040106,358487626549601,UttarPradesh_BTS_001,404-45-234-688,Uttar Pradesh
CDR202600083424,2025-12-08,11:56:31,+918338565879,+917762729779,VOICE,72,404422436183635,358002979037043,Gujarat_BTS_007,404-45-703-285,Gujarat
CDR202600083449,2025-03-03,22:58:13,+917537780723,+917504696125,VOICE,104,404377186622816,357799089911817,Maharashtra_BTS_006,404-45-987-104,Maharashtra
CDR202600083483,2025-03-07,04:58:53,+917795530276,+916269527494,VOICE,208,404388681313721,351611048138259,TamilNadu_BTS_001,404-45-614-942,Tamil Nadu
CDR202600083503,2025-04-17,15:14:12,+918318287801,+918796913605,VOICE,35,404988093023556,356513924005498,TamilNadu_BTS_001,404-45-158-052,Tamil Nadu
CDR202600083541,2025-07-30,03:05:27,+919332010730,+917278712227,VOICE,62,404809001962155,359889949087696,Rajasthan_BTS_010,404-45-641-258,Rajasthan
CDR202600083562,2025-10-16,06:18:47,+918873378830,+917391048675,VOICE,54,404463216126601,356137246184651,UttarPradesh_BTS_015,404-45-658-037,Uttar Pradesh
CDR202600083568,2025-04-03,11:34:11,+917613843116,+919983692422,VOICE,135,404851171872382,354622320862104,Maharashtra_BTS_003,404-45-649-128,Maharashtra
CDR202600083586,2025-09-17,17:20:24,+916958719481,+917772081145,VOICE,298,404326304828095,357266323026125,Karnataka_BTS_005,404-45-902-804,Karnataka
CDR202600083594,2025-07-20,17:21:17,+916791810425,+917920514003,VOICE,39,404778370736783,354664924698572,UttarPradesh_BTS_012,404-45-145-004,Uttar Pradesh
CDR202600083619,2025-08-14,14:53:19,+918714145702,+917540718691,VOICE,366,404191486201429,352274871262949,WestBengal_BTS_003,404-45-735-768,West Bengal
CDR202600083625,2025-06-23,21:22:57,+916744202557,+919935976588,VOICE,39,404420186380995,351047958461663,WestBengal_BTS_002,404-45-315-699,West Bengal
CDR202600083629,2025-03-05,10:54:03,+916927808946,+918062603613,VOICE,159,404888864496550,357401729368132,UttarPradesh_BTS_013,404-45-552-565,Uttar Pradesh
CDR202600083636,2025-11-08,18:03:31,+917989230897,+919113871302,VOICE,17,404386200812521,353609546648407,WestBengal_BTS_001,404-45-981-041,West Bengal
CDR202600083656,2025-04-17,04:20:44,+918555623598,+918126535785,VOICE,480,404795084491917,357234657247713,Rajasthan_BTS_004,404-45-316-936,Rajasthan
CDR202600083668,2025-06-23,17:40:58,+918174880118,+916658111686,SMS,0,404180732317038,355027751518736,Rajasthan_BTS_011,404-45-796-739,Rajasthan
CDR202600083686,2025-05-04,07:24:41,+918862586974,+919083834177,VOICE,84,404205829797966,353776334044781,Gujarat_BTS_006,404-45-833-666,Gujarat
CDR202600083696,2025-09-02,00:26:17,+916543542858,+919279842568,SMS,0,404184465740399,350842797827444,Karnataka_BTS_007,404-45-294-304,Karnataka
CDR202600083698,2025-09-19,01:00:11,+919244652993,+917008070515,VOICE,46,404592554439487,357359901357805,TamilNadu_BTS_001,404-45-158-052,Tamil Nadu
CDR202600083721,2025-06-21,11:53:42,+918373340094,+916696771398,VOICE,32,404700011394507,354548696201724,UttarPradesh_BTS_010,404-45-749-874,Uttar Pradesh
CDR202600083739,2025-08-21,23:30:28,+916273753603,+917958576911,VOICE,29,404679126137888,350931003806598,Karnataka_BTS_003,404-45-597-493,Karnataka
CDR202600083745,2025-10-16,09:32:36,+917143289283,+918651935198,MISSED,0,404435207342606,356486842884302,TamilNadu_BTS_002,404-45-620-083,Tamil Nadu
CDR202600083752,2025-01-26,10:07:26,+916846943785,+918502236248,VOICE,91,404087287051004,353092790575328,WestBengal_BTS_004,404-45-283-755,West Bengal
CDR202600083753,2025-10-01,02:29:34,+919497020455,+917655762735,VOICE,447,404832835922027,351076604033389,Mumbai_BTS_011,404-45-243-433,Mumbai
CDR202600083767,2025-07-11,20:59:45,+918001718408,+918358633681,SMS,0,404762600752043,357177359363312,Mumbai_BTS_011,404-45-573-256,Mumbai
CDR202600083785,2025-04-19,16:41:16,+917421862969,+919253446305,VOICE,92,404053723761452,350706799336933,Rajasthan_BTS_009,404-45-742-164,Rajasthan
CDR202600083803,2025-01-17,17:46:53,+919723545847,+918589057150,VOICE,82,404359207584664,359585752272633,Mumbai_BTS_011,404-45-243-433,Mumbai
CDR202600083806,2025-10-09,09:04:12,+917933350510,+918905500202,MISSED,0,404676170832880,356890783418201,UttarPradesh_BTS_011,404-45-533-850,Uttar Pradesh
CDR202600083818,2025-03-13,17:53:54,+917102339379,+917730493837,VOICE,104,404987738944266,352197089377750,UttarPradesh_BTS_010,404-45-749-874,Uttar Pradesh
CDR202600083828,2025-07-22,16:34:18,+917540718691,+919594849368,VOICE,33,404219471314830,358165912099721,Mumbai_BTS_006,404-45-235-741,Mumbai
CDR202600083853,2025-04-24,09:10:01,+919938247444,+917234440230,VOICE,70,404181150208640,353001387531480,UttarPradesh_BTS_003,404-45-202-076,Uttar Pradesh
CDR202600083881,2025-08-02,10:11:04,+919349106984,+917339269344,VOICE,310,404250195113232,357823590185216,UttarPradesh_BTS_001,404-45-371-406,Uttar Pradesh
CDR202600083917,2025-09-15,06:15:29,+916287445230,+916144344588,VOICE,169,404744465201999,353927035269754,WestBengal_BTS_009,404-45-571-359,West Bengal
CDR202600083940,2025-10-12,23:16:45,+919447946756,+917001870786,VOICE,279,404750877754148,353077525023055,UttarPradesh_BTS_012,404-45-233-653,Uttar Pradesh
CDR202600083944,2025-08-11,01:30:39,+917668323714,+919802544122,VOICE,369,404911142353809,351496841224375,Delhi_BTS_006,404-45-629-463,Delhi
CDR202600083972,2025-02-01,17:20:28,+918491357224,919115905940,SMS,0,404815788527820,358040877547756,Rajasthan_BTS_007,404-45-605-094,Rajasthan
CDR202600083993,2025-03-24,11:25:53,+918939406609,+917885171272,MISSED,0,404135140516803,354467252281818,Rajasthan_BTS_019,404-45-471-900,Rajasthan
CDR202600084003,2025-03-28,02:41:11,+918704996349,+919938247444,VOICE,798,404777064011575,353448745082332,Gujarat_BTS_002,404-45-328-143,Gujarat
CDR202600084025,2025-11-02,10:35:23,+917359145662,+916290799564,VOICE,350,404374764748767,357111818740805,Mumbai_BTS_006,404-45-319-553,Mumbai
CDR202600084044,2025-01-18,15:12:32,+919753757178,+917612509357,VOICE,86,404068486702480,350895267593158,Karnataka_BTS_003,404-45-597-493,Karnataka
CDR202600084046,2025-10-08,01:10:06,+918769416624,+918029708970,VOICE,25,404597333473810,356564395448795,Rajasthan_BTS_001,404-45-376-948,Rajasthan
CDR202600084097,2025-09-07,01:32:59,+919796950970,+919759038664,VOICE,65,404023148963619,351116025114893,TamilNadu_BTS_006,404-45-678-536,Tamil Nadu
CDR202600084100,2025-03-31,21:00:39,+917423101651,+918326295564,SMS,0,404397475494230,352841010455181,Rajasthan_BTS_008,404-45-981-113,Rajasthan
CDR202600084107,2025-01-14,17:58:14,+918873378830,+916326243819,VOICE,229,404463216126601,356137246184651,WestBengal_BTS_005,404-45-785-885,West Bengal
CDR202600084134,2025-09-02,11:17:04,+919181703697,+918013881810,VOICE,129,404195778210088,353461687222650,Mumbai_BTS_003,404-45-334-070,Mumbai
CDR202600084139,2025-08-26,08:36:05,+919545365324,+917697344126,VOICE,58,404710833878220,355704368696043,Maharashtra_BTS_005,404-45-891-297,Maharashtra
CDR202600084173,2025-12-17,07:02:11,+917947077688,+917786379479,SMS,0,404415194838866,356811740097738,Karnataka_BTS_006,404-45-813-981,Karnataka
CDR202600084175,2025-06-14,19:31:17,+919215839300,+916208722564,VOICE,35,404298212719310,352932239801405,Rajasthan_BTS_016,404-45-619-624,Rajasthan
CDR202600084182,2025-06-16,07:26:01,+917139435997,+918917058490,VOICE,91,404775867779992,353641324305350,Gujarat_BTS_001,404-45-859-282,Gujarat
CDR202600084188,2025-07-07,16:15:19,+918224937151,+918673729108,SMS,0,404132303984518,350904644741604,TamilNadu_BTS_006,404-45-367-210,Tamil Nadu
CDR202600084202,2025-04-29,05:46:17,+919961244188,+919316737376,VOICE,134,404405627406193,352495172108490,Rajasthan_BTS_011,404-45-796-739,Rajasthan
CDR202600084226,2025-09-26,22:30:02,+917744803491,+919866913702,SMS,0,404154969386358,356439129080754,WestBengal_BTS_006,404-45-373-164,West Bengal
CDR202600084255,2025-09-19,10:22:22,+916919664501,+916182088860,VOICE,1,404556548928363,353682574187864,Rajasthan_BTS_015,404-45-612-781,Rajasthan
CDR202600084278,2025-04-14,12:01:15,+916591627817,+918508939960,VOICE,37,404424673784024,350982119483365,UttarPradesh_BTS_005,404-45-261-449,Uttar Pradesh
CDR202600084304,2025-10-14,06:52:54,+917459642648,+916020248860,VOICE,64,404563831048187,359142967634637,Gujarat_BTS_007,404-45-703-285,Gujarat
CDR202600084314,2025-07-30,07:18:03,+919062068156,+916256642926,VOICE,141,404193501510031,356304910343980,Gujarat_BTS_007,404-45-106-778,Gujarat
CDR202600084319,2025-04-24,17:30:58,+917189227769,+917853209083,VOICE,474,404058626500847,356385560569229,Gujarat_BTS_007,404-45-928-891,Gujarat
CDR202600084321,2025-08-19,14:51:06,+918253346586,+918897183146,SMS,0,404162945381839,354453724018837,Karnataka_BTS_006,404-45-669-678,Karnataka
CDR202600084329,2025-12-09,03:36:22,+916368537920,+917099933656,VOICE,156,404565811653973,354624037089035,Gujarat_BTS_005,404-45-716-028,Gujarat
CDR202600084339,2025-11-22,06:47:01,+919463937855,+919256264316,VOICE,438,404806725298895,358980116215830,UttarPradesh_BTS_010,404-45-370-518,Uttar Pradesh
CDR202600084341,2025-08-29,01:29:50,+916340915191,+917132946915,VOICE,81,404321596762742,351126445732636,Mumbai_BTS_010,404-45-919-883,Mumbai
CDR202600084366,2025-12-08,11:03:30,+916761030215,+916082929566,SMS,0,404556693733285,358682600757233,Mumbai_BTS_007,404-45-516-195,Mumbai
CDR202600084391,2025-10-03,12:22:04,+917337882917,+919297898204,VOICE,22,404033985038244,358119021725060,Karnataka_BTS_007,404-45-322-992,Karnataka
CDR202600084409,2025-02-24,09:12:12,+916611411515,+919412279889,VOICE,284,404796341799558,355582847446381,Rajasthan_BTS_001,404-45-801-333,Rajasthan
CDR202600084446,2025-05-29,01:20:02,+918240090833,+917638080920,VOICE,184,404476381273289,352290615856751,Delhi_BTS_005,404-45-508-688,Delhi
CDR202600084461,2025-10-07,23:58:22,+917645135220,+916231421581,VOICE,125,404082256199867,356297883950314,WestBengal_BTS_008,404-45-979-482,West Bengal
CDR202600084466,2025-04-25,07:09:16,+916453571115,+917889856220,VOICE,48,404484278949481,353330771788830,Rajasthan_BTS_009,404-45-911-697,Rajasthan
CDR202600084467,2025-07-27,07:38:31,+916817019152,+917881301993,VOICE,169,404231217152799,351462525351204,Rajasthan_BTS_009,404-45-742-164,Rajasthan
CDR202600084475,2025-03-12,07:29:23,+916466618745,+918268162582,VOICE,60,404067443426390,353004037130724,Rajasthan_BTS_018,404-45-713-332,Rajasthan
CDR202600084486,2025-04-03,08:08:29,+918363252493,+916632730803,SMS,0,404304760069229,357896815920727,Rajasthan_BTS_013,404-45-400-446,Rajasthan
CDR202600084503,2025-10-12,05:34:30,+919465710316,+919938247444,VOICE,28,404746308829195,359771736865822,Mumbai_BTS_008,404-45-155-690,Mumbai
CDR202600084522,2025-11-27,11:06:55,+918388880450,+918901794354,VOICE,54,404838563817154,355060584999126,TamilNadu_BTS_004,404-45-513-123,Tamil Nadu
CDR202600084538,2025-05-18,06:43:18,+919562043969,+916207440957,VOICE,268,404735772102811,355922511931584,Rajasthan_BTS_014,404-45-564-004,Rajasthan
CDR202600084555,2025-11-25,10:22:13,+917819700767,+917700321708,VOICE,41,404666027931160,357905341339581,Maharashtra_BTS_004,404-45-146-678,Maharashtra
CDR202600084570,2025-11-14,13:12:37,+919319552608,+919400363649,VOICE,4,404332003672824,355392516312410,Rajasthan_BTS_004,404-45-835-323,Rajasthan
CDR202600084580,2025-08-03,22:40:40,+918676288494,+919709224510,VOICE,48,404441274968255,353719982425768,Mumbai_BTS_006,404-45-785-498,Mumbai
CDR202600084598,2025-07-29,19:52:37,+918164925897,+916514444241,VOICE,987,404737350801464,358054057132387,Karnataka_BTS_003,404-45-170-610,Karnataka
CDR202600084609,2025-12-13,17:28:20,+918514351191,+918727960107,MISSED,0,404624676870548,357094566675089,Rajasthan_BTS_013,404-45-448-115,Rajasthan
CDR202600084638,2025-11-16,09:36:41,+918024984130,+917815456502,VOICE,41,404812426892064,358842844188707,UttarPradesh_BTS_001,404-45-371-406,Uttar Pradesh
CDR202600084642,2025-07-31,17:52:47,+919762234042,+918084430384,SMS,0,404301171300967,354955465611716,Rajasthan_BTS_015,404-45-612-781,Rajasthan
CDR202600084647,2025-04-26,06:08:18,+916812910123,+919780125713,VOICE,143,404386230778435,354514605780261,WestBengal_BTS_001,404-45-981-041,West Bengal
CDR202600084658,2025-07-28,06:45:39,+919279842568,+918220366791,VOICE,9,404120032497281,357154333038137,Delhi_BTS_001,404-45-999-581,Delhi
CDR202600084665,2025-10-16,17:06:54,+918916432132,+917260525274,VOICE,9,404285967178160,358818002139311,Maharashtra_BTS_002,404-45-967-353,Maharashtra
CDR202600084668,2025-06-10,07:21:31,+916839947164,+919306084064,VOICE,14,404173569510601,359847711038452,Mumbai_BTS_002,404-45-702-226,Mumbai
CDR202600084680,2025-11-23,04:54:28,+916118944453,+917459642648,VOICE,118,404410342769352,357336022639552,UttarPradesh_BTS_012,404-45-145-004,Uttar Pradesh
CDR202600084683,2025-12-15,17:08:26,+918062603613,+917705202769,VOICE,169,404742043806599,357837508623168,Rajasthan_BTS_008,404-45-981-113,Rajasthan
CDR202600084700,2025-09-28,20:41:18,+918577435893,+919518807596,SMS,0,404719142906833,359177996382094,Rajasthan_BTS_013,404-45-400-446,Rajasthan
CDR202600084710,2025-11-05,11:05:25,+918100645658,+917680482729,VOICE,21,404157070647566,350637571588511,TamilNadu_BTS_005,404-45-734-084,Tamil Nadu
CDR202600084714,2025-03-07,08:50:43,+919417480236,+919566779728,VOICE,72,404755110229478,351144868183126,Delhi_BTS_003,404-45-662-170,Delhi
CDR202600084716,2025-12-20,05:26:54,+918455635583,+917068162204,VOICE,89,404027024604919,358495780023025,UttarPradesh_BTS_001,404-45-371-406,Uttar Pradesh
CDR202600084720,2025-01-19,19:43:04,+917277748847,+919268732326,VOICE,34,404034895490724,357535445249066,Karnataka_BTS_004,404-45-985-411,Karnataka
CDR202600084739,2025-05-31,10:57:47,+917375530261,+917623359882,VOICE,45,404156411350746,355238630437835,Delhi_BTS_005,404-45-830-320,Delhi
CDR202600084759,2025-01-25,09:34:31,+918519176894,+916859750986,VOICE,364,404734717022788,353388593890014,TamilNadu_BTS_004,404-45-513-123,Tamil Nadu
CDR202600084790,2025-09-11,02:26:00,+919639188558,+917386542834,VOICE,476,404185688305807,359827139935828,Rajasthan_BTS_001,404-45-755-705,Rajasthan
CDR202600084791,2025-07-15,09:25:37,+918256204328,+919465289593,VOICE,229,404041818012574,356258422028037,UttarPradesh_BTS_001,404-45-371-406,Uttar Pradesh
CDR202600084798,2025-07-16,13:40:45,+917813606859,+917566387428,VOICE,168,404606363823504,353422614052321,TamilNadu_BTS_001,404-45-158-052,Tamil Nadu
CDR202600084813,2025-05-02,12:25:01,+917796210586,+918862004084,VOICE,258,404646768835675,354618099330659,Gujarat_BTS_005,404-45-716-028,Gujarat
CDR202600084821,2025-04-28,11:59:54,+918418646550,+917936178367,VOICE,84,404758167400821,351444384779905,WestBengal_BTS_002,404-45-315-699,West Bengal
CDR202600084825,2025-08-07,11:23:35,+917184224644,+919073177953,VOICE,489,404835045739047,351288647920621,Delhi_BTS_004,404-45-847-707,Delhi
CDR202600084832,2025-11-03,17:15:11,+916474035758,+917295568841,VOICE,35,404016929370742,351252633238717,Mumbai_BTS_004,404-45-980-339,Mumbai
CDR202600084840,2025-02-26,13:00:52,+919780125713,+919393824493,VOICE,16,404235919986727,350768266251576,WestBengal_BTS_002,404-45-315-699,West Bengal
CDR202600084844,2025-02-16,04:29:01,+918338786803,+918804632162,VOICE,12,404781312842447,357578936995141,UttarPradesh_BTS_013,404-45-822-438,Uttar Pradesh
CDR202600084850,2025-06-02,20:35:04,+916231421581,+917862795714,VOICE,47,404160712509589,353631700587870,Rajasthan_BTS_009,404-45-911-697,Rajasthan
CDR202600084894,2025-02-06,09:41:54,+919936202674,+918195206881,VOICE,26,404569981252764,358802976082062,Delhi_BTS_002,404-45-935-071,Delhi
CDR202600084897,2025-01-15,21:33:35,+919614333439,+918486490998,VOICE,58,404323750478575,354482226450964,Rajasthan_BTS_014,404-45-564-004,Rajasthan
CDR202600084924,2025-06-23,01:55:00,+916427543486,+918555023947,SMS,0,404132030892321,353653892050906,Karnataka_BTS_003,404-45-597-493,Karnataka
CDR202600084933,2025-09-05,21:21:16,+916729659670,+918924739712,VOICE,58,404061848365883,351453983372177,WestBengal_BTS_009,404-45-304-837,West Bengal
CDR202600084940,2025-10-10,19:32:16,+919568579913,+917537080688,VOICE,107,404144321290767,350287219290403,Karnataka_BTS_007,404-45-322-992,Karnataka
CDR202600084958,2025-10-29,10:43:48,+916865004561,+916620449138,VOICE,28,404478345333339,354750323895414,WestBengal_BTS_006,404-45-906-719,West Bengal
CDR202600084969,2025-12-17,22:53:17,+919983692422,+919267216942,SMS,0,404650444286305,351395367152438,TamilNadu_BTS_004,404-45-683-253,Tamil Nadu
CDR202600084975,2025-01-14,07:11:17,+918268162582,+918505256463,VOICE,25,404801572112221,353560041063325,UttarPradesh_BTS_013,404-45-552-565,Uttar Pradesh
CDR202600084984,2025-02-19,09:44:46,+917906415559,+919930424269,VOICE,9,404031972885111,359044418727133,Mumbai_BTS_010,404-45-211-255,Mumbai
CDR202600085024,2025-01-17,22:55:35,+916639964319,+917791795228,VOICE,154,404219005183327,354943426041805,Rajasthan_BTS_010,404-45-710-480,Rajasthan
CDR202600085025,2025-07-22,07:06:13,+918451395391,+916363734751,VOICE,31,404835629217673,359167901706724,TamilNadu_BTS_002,404-45-620-083,Tamil Nadu
CDR202600085026,2025-09-14,01:03:41,+917184224644,+917098303020,VOICE,109,404835045739047,351288647920621,Rajasthan_BTS_017,404-45-880-166,Rajasthan
CDR202600085031,2025-12-13,19:42:55,+918046353979,+918649101717,VOICE,117,404210823550287,356220104674187,Maharashtra_BTS_004,404-45-821-072,Maharashtra
CDR202600085036,2025-04-12,04:58:26,+918463841438,+917914751004,VOICE,274,404993851709790,352685100679832,TamilNadu_BTS_004,404-45-513-123,Tamil Nadu
CDR202600085063,2025-09-17,14:50:07,+916071750291,+919289658822,VOICE,241,404499763365347,350614171723380,Gujarat_BTS_007,404-45-703-285,Gujarat
CDR202600085066,2025-01-14,03:02:44,+917342219180,+916316168850,VOICE,70,404427475494373,352049721774847,Karnataka_BTS_004,404-45-160-169,Karnataka
CDR202600085084,2025-03-18,14:18:32,+916064642439,+916636863156,VOICE,158,404020014283574,357993695949368,Maharashtra_BTS_006,404-45-489-285,Maharashtra
CDR202600085099,2025-09-08,02:05:42,+918520030243,+918876021285,VOICE,167,404562086972960,350767981695235,Rajasthan_BTS_016,404-45-303-157,Rajasthan
CDR202600085102,2025-05-13,06:18:11,+919587225000,+919183000493,VOICE,59,404681457532071,356794804706549,Delhi_BTS_003,404-45-533-988,Delhi
CDR202600085111,2025-02-13,18:41:17,+916618520377,+916536374148,VOICE,26,404676529022630,357534587243290,UttarPradesh_BTS_015,404-45-658-037,Uttar Pradesh
CDR202600085129,2025-05-10,12:04:36,+917378976564,+917165016325,VOICE,34,404187577361242,354324895875977,Rajasthan_BTS_016,404-45-619-624,Rajasthan
CDR202600085138,2025-03-07,17:41:47,+917957953130,+917990704138,VOICE,144,404137689492642,358661112877655,Rajasthan_BTS_002,404-45-334-842,Rajasthan
CDR202600085151,2025-04-03,13:23:53,+917158246139,+916301408040,VOICE,70,404335577142314,351325965018664,UttarPradesh_BTS_011,404-45-194-650,Uttar Pradesh
CDR202600085155,2025-09-04,23:26:52,+918711713470,+917623359882,VOICE,16,404048069735721,359974040850737,Rajasthan_BTS_010,404-45-494-391,Rajasthan
CDR202600085158,2025-06-08,03:57:13,+919055082680,+918922463388,VOICE,50,404085427871805,359487227903728,UttarPradesh_BTS_013,404-45-265-760,Uttar Pradesh
CDR202600085184,2025-07-03,07:36:36,+919087727455,+917641309711,VOICE,75,404152882456082,359426542781494,Delhi_BTS_006,404-45-548-922,Delhi
CDR202600085191,2025-07-12,19:44:30,+918877949677,+918914406667,MISSED,0,404616664724245,354145505342700,TamilNadu_BTS_006,404-45-367-210,Tamil Nadu
CDR202600085193,2025-01-31,11:17:51,+917423498695,+917288633010,VOICE,52,404281860357323,353946813416311,Delhi_BTS_002,404-45-878-546,Delhi
CDR202600085197,2025-10-07,19:53:56,+919721137696,+917275037178,VOICE,5,404888170834024,354565507107897,Delhi_BTS_006,404-45-548-922,Delhi
CDR202600085207,2025-09-18,12:40:54,+919151656345,+919917783886,VOICE,867,404918200167897,359913121992117,Gujarat_BTS_008,404-45-814-433,Gujarat
CDR202600085223,2025-01-27,11:37:52,+919094451973,+918965928635,VOICE,168,404942039407211,351276461798584,Rajasthan_BTS_010,404-45-494-391,Rajasthan
CDR202600085225,2025-01-16,03:35:26,+918340879100,+919778070262,VOICE,10,404084599137029,352971991192091,Rajasthan_BTS_006,404-45-242-253,Rajasthan
CDR202600085240,2025-12-31,03:31:36,+919683122388,+917405963578,VOICE,38,404354117671729,357675451912233,UttarPradesh_BTS_001,404-45-234-688,Uttar Pradesh
CDR202600085246,2025-02-05,12:03:30,+919079754315,+918934130972,SMS,0,404544782930342,352555941724426,UttarPradesh_BTS_002,404-45-568-324,Uttar Pradesh
CDR202600085263,2025-02-16,19:05:06,+919208661356,+918814863687,VOICE,593,404577723549544,356370121582623,Gujarat_BTS_007,404-45-106-778,Gujarat
CDR202600085270,2025-07-11,09:37:06,+918610672457,+917925682249,VOICE,84,404501657729585,358639786128369,Delhi_BTS_004,404-45-652-774,Delhi
CDR202600085274,2025-05-02,18:09:34,+919465637402,+917981497850,SMS,0,404274942441739,359832395242254,TamilNadu_BTS_003,404-45-170-610,Tamil Nadu
CDR202600085311,2025-08-22,01:24:08,+916287791425,+917701689307,SMS,0,404318482755004,356097537250180,TamilNadu_BTS_001,404-45-698-489,Tamil Nadu
CDR202600085312,2025-06-27,05:02:27,+917090744932,+917863119852,VOICE,37,404652058425337,350651831089523,Maharashtra_BTS_002,404-45-199-368,Maharashtra
CDR202600085319,2025-08-11,20:50:55,+919721997993,+918584704952,VOICE,131,404233430076909,351903472119589,Rajasthan_BTS_013,404-45-887-657,Rajasthan
CDR202600085353,2025-10-26,19:05:43,+918062603613,+917716485521,SMS,0,404742043806599,357837508623168,Rajasthan_BTS_007,404-45-697-409,Rajasthan
CDR202600085357,2025-09-15,10:39:45,+917699133466,+916558226485,MISSED,0,404403047620659,353340621792836,Mumbai_BTS_010,404-45-919-883,Mumbai
CDR202600085393,2025-09-06,22:20:55,+916701586456,+919463159111,VOICE,446,404619627034911,358274022342041,Rajasthan_BTS_002,404-45-334-842,Rajasthan
CDR202600085394,2025-05-19,17:06:06,+916320853787,+919765733100,VOICE,48,404219702317039,351234250113016,Rajasthan_BTS_011,404-45-796-739,Rajasthan
CDR202600085397,2025-03-14,16:04:32,+916138868243,+916401287273,SMS,0,404209190449383,353481552324366,Delhi_BTS_002,404-45-884-129,Delhi
CDR202600085411,2025-02-02,23:10:02,+918417979204,+916591627817,MISSED,0,404994078734889,351716458859785,Delhi_BTS_002,404-45-935-071,Delhi
CDR202600085425,2025-06-28,23:40:51,+918517055110,+917327208351,VOICE,271,404872286720054,358113275491675,Maharashtra_BTS_007,404-45-473-167,Maharashtra
CDR202600085428,2025-06-08,23:09:31,+919384954099,+918335163952,VOICE,252,404535736113603,352957082179306,Rajasthan_BTS_013,404-45-400-446,Rajasthan
CDR202600085436,2025-04-02,02:44:56,+919646677603,+919689115225,VOICE,63,404906353162020,358393665012573,Rajasthan_BTS_001,404-45-755-705,Rajasthan
CDR202600085438,2025-05-21,16:33:00,+917492476795,+917669352513,MISSED,0,404198809086291,358782928639596,Rajasthan_BTS_011,404-45-796-739,Rajasthan
CDR202600085451,2025-12-15,20:32:00,+917611934656,+918363720832,VOICE,16,404750374657876,356910138095787,UttarPradesh_BTS_005,404-45-261-449,Uttar Pradesh
CDR202600085457,2025-10-30,14:49:57,+918514620033,+917960741167,SMS,0,404745032659446,352112657056347,Rajasthan_BTS_007,404-45-697-409,Rajasthan
CDR202600085461,2025-04-29,10:48:40,+916345205059,+917093427444,VOICE,38,404458758222503,351430930622423,Maharashtra_BTS_007,404-45-750-855,Maharashtra
CDR202600085497,2025-11-26,10:25:18,+917764039799,+918728614929,VOICE,422,404096077085140,358632259158742,TamilNadu_BTS_003,404-45-169-692,Tamil Nadu
CDR202600085504,2025-04-03,14:19:45,+917540718691,+918859117416,MISSED,0,404219471314830,358165912099721,Mumbai_BTS_008,404-45-520-479,Mumbai
CDR202600085520,2025-07-02,04:26:46,+917055917808,+916704633347,VOICE,245,404830623413315,354580664547057,Rajasthan_BTS_005,404-45-505-906,Rajasthan
CDR202600085524,2025-02-19,00:27:21,+917293737752,+919290581295,VOICE,68,404871316693798,356280879400696,UttarPradesh_BTS_013,404-45-265-760,Uttar Pradesh
CDR202600085534,2025-02-03,21:04:33,+916289877077,+916817019152,VOICE,298,404262903310741,353639059814836,Karnataka_BTS_007,404-45-294-304,Karnataka
CDR202600085569,2025-08-05,16:54:20,+918165146912,+917368161949,VOICE,242,404422556513608,355756832273549,UttarPradesh_BTS_007,404-45-779-107,Uttar Pradesh
CDR202600085582,2025-10-30,15:15:50,+917994623385,+917016396826,VOICE,239,404272981677137,354847417369622,Maharashtra_BTS_009,404-45-646-747,Maharashtra
CDR202600085590,2025-10-13,04:38:04,+919025096691,+918535912450,VOICE,215,404401422826958,352671163398836,Rajasthan_BTS_016,404-45-619-624,Rajasthan
CDR202600085593,2025-08-02,06:27:15,+917792688833,+918013881810,VOICE,207,404992998419025,353969041878927,UttarPradesh_BTS_003,404-45-650-219,Uttar Pradesh
CDR202600085602,2025-04-19,18:48:42,+918974099708,+918923690973,VOICE,41,404888148407659,355328045888230,Maharashtra_BTS_008,404-45-818-960,Maharashtra
CDR202600085606,2025-02-23,05:42:01,+918976944722,+917885171272,VOICE,22,404776057806830,357185986056918,WestBengal_BTS_001,404-45-981-041,West Bengal
CDR202600085644,2025-11-10,04:53:59,+918022731031,+916817019152,VOICE,3,404839398605771,352777173290326,UttarPradesh_BTS_011,404-45-357-928,Uttar Pradesh
CDR202600085650,2025-08-22,06:10:13,+917390204928,+919526506513,VOICE,27,404734941662620,359491398158715,Karnataka_BTS_003,404-45-597-493,Karnataka
CDR202600085653,2025-11-08,00:29:21,+919292744281,+917194014111,VOICE,314,404228746487191,355684027944136,UttarPradesh_BTS_002,404-45-869-959,Uttar Pradesh
CDR202600085670,2025-11-14,22:35:15,+917214613995,+918729892382,VOICE,573,404000816632428,351630794046504,TamilNadu_BTS_001,404-45-614-942,Tamil Nadu
CDR202600085703,2025-03-31,12:36:30,+917446862301,+916156943052,MISSED,0,404067131124370,351054409331510,Maharashtra_BTS_001,404-45-881-345,Maharashtra
CDR202600085705,2025-06-15,13:10:21,+917426809508,+916082929566,VOICE,29,404400409457344,356820258918210,Maharashtra_BTS_004,404-45-821-072,Maharashtra
CDR202600085706,2025-02-04,00:43:37,+917044211800,+918361662182,VOICE,101,404295865805031,354686508954182,Gujarat_BTS_003,404-45-704-433,Gujarat
CDR202600085714,2025-11-28,10:09:31,+917395570767,+916453571115,VOICE,157,404816684582657,355744735305225,Maharashtra_BTS_007,404-45-750-855,Maharashtra
CDR202600085729,2025-03-15,12:22:11,+916214559749,+917755598297,MISSED,0,404445281464289,359476540145680,TamilNadu_BTS_001,404-45-614-942,Tamil Nadu
CDR202600085743,2025-08-17,19:11:00,+917488910754,+918033642591,VOICE,84,404237753259187,353281506157269,Maharashtra_BTS_005,404-45-891-297,Maharashtra
CDR202600085747,2025-04-07,23:50:00,+917019844892,+917831722775,VOICE,74,404256124995500,358909584606312,UttarPradesh_BTS_009,404-45-378-289,Uttar Pradesh
CDR202600085769,2025-10-23,18:59:09,+916689624081,+917626526174,MISSED,0,404493492847406,359812690661496,UttarPradesh_BTS_010,404-45-749-874,Uttar Pradesh
CDR202600085777,2025-11-23,01:39:30,+918890491950,+918778650259,SMS,0,404250890242303,354587634136343,WestBengal_BTS_009,404-45-304-837,West Bengal
CDR202600085793,2025-01-04,22:40:15,+916239203362,+917911672241,SMS,0,404214255178874,355873222679111,Rajasthan_BTS_016,404-45-619-624,Rajasthan
CDR202600085794,2025-02-11,07:24:11,+918319944674,+916289877077,VOICE,2,404806274449316,353720449121324,Rajasthan_BTS_013,404-45-887-657,Rajasthan
CDR202600085798,2025-09-02,10:57:46,+917816811768,+919893131754,VOICE,183,404905548026688,355231321957787,Gujarat_BTS_005,404-45-716-028,Gujarat
CDR202600085833,2025-03-02,20:54:52,+918192108319,+916316168850,VOICE,19,404126505179668,359560790856408,Gujarat_BTS_005,404-45-716-028,Gujarat
CDR202600085842,2025-11-23,17:35:14,+918310597374,+917271078931,VOICE,735,404578790520999,352141082234429,Delhi_BTS_006,404-45-548-922,Delhi
CDR202600085862,2025-03-04,12:17:02,+918868230159,+916015450890,VOICE,44,404541962310924,356997542051386,UttarPradesh_BTS_002,404-45-869-959,Uttar Pradesh
CDR202600085863,2025-11-23,21:04:33,+919534747003,+917327208351,VOICE,7,404698265289093,355326226087138,Mumbai_BTS_011,404-45-573-256,Mumbai
CDR202600085883,2025-08-22,04:33:26,+917637692404,+918901794354,VOICE,105,404284870382806,352960997980031,Rajasthan_BTS_012,404-45-798-907,Rajasthan
CDR202600085908,2025-05-17,04:27:24,+918388880450,+918671135207,VOICE,86,404838563817154,355060584999126,Karnataka_BTS_007,404-45-322-992,Karnataka
CDR202600085929,2025-12-29,03:40:15,+918376381986,+916560482207,VOICE,36,404213510643267,356993878576102,Delhi_BTS_003,404-45-371-541,Delhi
CDR202600085938,2025-10-17,05:34:27,+919623757666,+919328815148,VOICE,189,404687496330518,352023622583745,Maharashtra_BTS_001,404-45-881-345,Maharashtra
CDR202600085946,2025-09-09,01:36:17,+918959149141,+917831195329,VOICE,152,404268714189829,359669917144203,WestBengal_BTS_008,404-45-979-482,West Bengal
CDR202600085964,2025-01-30,15:27:08,+917205901379,+919982624631,VOICE,3,404428584962378,356675433234742,Karnataka_BTS_004,404-45-160-169,Karnataka
CDR202600085973,2025-09-17,07:38:22,+919793982212,+917201965416,VOICE,6,404410271057008,359279281231096,WestBengal_BTS_007,404-45-491-894,West Bengal
CDR202600085999,2025-01-16,04:18:08,+917878034982,+917130406708,SMS,0,404094855532502,357005154671108,Delhi_BTS_003,404-45-993-622,Delhi
CDR202600086013,2025-03-27,18:49:49,+918298037110,+916845331824,VOICE,113,404443819403408,359311710549124,Rajasthan_BTS_006,404-45-651-270,Rajasthan
CDR202600086022,2025-12-29,07:23:47,+917594789568,+916453040604,VOICE,55,404538892677851,351801660599823,UttarPradesh_BTS_003,404-45-618-272,Uttar Pradesh
CDR202600086023,2025-06-12,10:09:33,+918395935805,+917668323714,SMS,0,404219618293857,359128300377593,Rajasthan_BTS_019,404-45-119-115,Rajasthan
CDR202600086033,2025-04-01,06:47:53,+919133063788,+919357349318,SMS,0,404278037254890,354233840671333,WestBengal_BTS_001,404-45-415-374,West Bengal
CDR202600086036,2025-03-23,17:37:43,+916438482536,+918930205591,MISSED,0,404427660585723,353321647417296,Mumbai_BTS_003,404-45-334-070,Mumbai
CDR202600086041,2025-05-15,13:34:55,+918498410218,+918148179265,VOICE,797,404499879634755,358820232422250,UttarPradesh_BTS_013,404-45-265-760,Uttar Pradesh
CDR202600086047,2025-06-12,01:55:47,+916567351370,+918659067454,SMS,0,404141653523699,358077060854189,UttarPradesh_BTS_001,404-45-234-688,Uttar Pradesh
CDR202600086061,2025-06-21,13:53:33,+917378976564,+916367460540,VOICE,209,404187577361242,354324895875977,Maharashtra_BTS_007,404-45-479-364,Maharashtra
CDR202600086069,2025-07-18,01:08:39,+917388047436,+916357516769,VOICE,13,404058466614797,352310240447126,Mumbai_BTS_003,404-45-334-070,Mumbai
CDR202600086076,2025-04-16,06:19:54,+918061597471,+917794076906,VOICE,11,404775815968063,357681365599503,Mumbai_BTS_006,404-45-235-741,Mumbai
CDR202600086081,2025-12-04,11:57:32,+916821556270,+917672423175,VOICE,54,404734190637428,353186199399166,Delhi_BTS_002,404-45-935-071,Delhi
CDR202600086087,2025-05-14,01:46:19,+917486762256,+919164582315,VOICE,64,404203334519820,351776548827951,Rajasthan_BTS_017,404-45-652-977,Rajasthan
CDR202600086092,2025-08-29,04:26:32,+917718208437,+918639338747,VOICE,110,404257476224096,352041273432722,WestBengal_BTS_008,404-45-979-482,West Bengal
CDR202600086105,2025-05-08,14:33:22,+917737096590,+916401402202,VOICE,494,404711635050416,351679420025058,Mumbai_BTS_006,404-45-785-498,Mumbai
CDR202600086111,2025-07-06,21:45:50,+918515627995,+918206334544,SMS,0,404386478166133,358429712087466,Maharashtra_BTS_007,404-45-750-855,Maharashtra
CDR202600086114,2025-09-15,01:00:07,+919332530889,+919833982372,VOICE,233,404323485449150,359217523870247,TamilNadu_BTS_005,404-45-734-084,Tamil Nadu
CDR202600086123,2025-11-30,17:51:00,+917303258691,+917147415307,VOICE,270,404007448515572,357722509784644,UttarPradesh_BTS_006,404-45-769-542,Uttar Pradesh
CDR202600086130,2025-12-09,15:06:39,+917332349279,+919357265265,VOICE,66,404279116032571,357975387416216,Maharashtra_BTS_003,404-45-665-301,Maharashtra
CDR202600086134,2025-10-28,16:20:03,+916321452778,+919572350182,VOICE,102,404472456530781,359235714087680,UttarPradesh_BTS_011,404-45-966-053,Uttar Pradesh
CDR202600086135,2025-03-25,07:33:19,+917368161949,+918881476163,VOICE,199,404997723431024,352721390890759,Mumbai_BTS_009,404-45-162-413,Mumbai
CDR202600086156,2025-05-25,20:29:35,+918236158434,+919136542310,VOICE,39,404118395041843,354568041762420,Maharashtra_BTS_003,404-45-949-644,Maharashtra
CDR202600086165,2025-12-20,11:59:17,+917361672964,+918278086239,VOICE,68,404495543278807,358091866549184,Mumbai_BTS_007,404-45-348-804,Mumbai
CDR202600086176,2025-06-02,23:36:33,+917880299136,+917677034529,VOICE,66,404707459088072,356825955376238,TamilNadu_BTS_001,404-45-158-052,Tamil Nadu
CDR202600086196,2025-11-10,18:58:21,+916701277247,+918916760794,MISSED,0,404411483673290,354177844894845,UttarPradesh_BTS_012,404-45-233-653,Uttar Pradesh
CDR202600086204,2025-01-10,04:58:51,+919753148285,+918866661764,VOICE,163,404948991411399,353845081235182,WestBengal_BTS_005,404-45-521-822,West Bengal
CDR202600086208,2025-10-20,14:39:53,+919072558176,+917719582304,VOICE,50,404240154231947,355579511157728,Maharashtra_BTS_003,404-45-649-128,Maharashtra
CDR202600086224,2025-08-02,00:51:06,+918751136354,+919674389577,SMS,0,404955494298380,354042586090880,Rajasthan_BTS_013,404-45-887-657,Rajasthan
CDR202600086253,2025-06-07,02:53:38,+917416087505,+916401402202,VOICE,282,404788939313119,357961969725136,Maharashtra_BTS_007,404-45-750-855,Maharashtra
CDR202600086313,2025-07-15,12:59:57,+916812527503,+917725011895,VOICE,136,404702004554976,350833336721761,Delhi_BTS_004,404-45-847-707,Delhi
CDR202600086336,2025-05-13,07:06:11,+916690905073,+917687175278,VOICE,20,404257082431385,355728426202848,Gujarat_BTS_002,404-45-328-143,Gujarat
CDR202600086352,2025-12-04,00:19:17,+919024135842,+918407887586,VOICE,43,404807871763689,354932014605210,Mumbai_BTS_003,404-45-334-070,Mumbai
CDR202600086362,2025-08-19,03:29:41,+918135749166,+919550208458,SMS,0,404265311171722,352046863908208,Karnataka_BTS_007,404-45-322-992,Karnataka
CDR202600086366,2025-11-21,14:14:05,+918894124363,+918932123885,VOICE,199,404636118827293,354032531454873,UttarPradesh_BTS_003,404-45-650-219,Uttar Pradesh
CDR202600086372,2025-01-28,13:37:28,+916282421649,+918338786803,VOICE,208,404074609901312,359140188538691,Delhi_BTS_002,404-45-878-546,Delhi
CDR202600086379,2025-11-01,08:56:09,+918200150334,+916051757011,VOICE,207,404798894443426,357098878310453,UttarPradesh_BTS_012,404-45-233-653,Uttar Pradesh
CDR202600086384,2025-08-31,03:55:19,+919170525164,+916351363179,VOICE,111,404158011507508,352158436741586,Delhi_BTS_002,404-45-231-676,Delhi
CDR202600086389,2025-02-21,18:24:13,+918851398775,+917282202555,VOICE,112,404174563236489,358341759262582,Rajasthan_BTS_019,404-45-951-827,Rajasthan
CDR202600086395,2025-09-04,17:59:29,+919391140734,+916498299558,VOICE,8,404827692562531,359750057452478,TamilNadu_BTS_001,404-45-158-052,Tamil Nadu
CDR202600086399,2025-04-30,05:28:52,+918043802738,+919748278152,SMS,0,404748668051339,354286407950752,Maharashtra_BTS_003,404-45-649-128,Maharashtra
CDR202600086405,2025-03-30,01:32:44,+916269527494,+917404335609,VOICE,217,404057984229827,353422871170924,Mumbai_BTS_006,404-45-319-553,Mumbai
CDR202600086406,2025-04-03,16:33:55,+917442840403,+916714343605,VOICE,48,404933941019371,353130562357243,TamilNadu_BTS_001,404-45-158-052,Tamil Nadu
CDR202600086416,2025-10-06,17:53:47,+919173863255,+917542239826,VOICE,34,404672453485880,355080778416342,Karnataka_BTS_005,404-45-371-949,Karnataka
CDR202600086418,2025-09-11,03:57:58,+916415613537,+918671851303,VOICE,151,404639444345978,352684962125496,Gujarat_BTS_007,404-45-928-891,Gujarat
CDR202600086428,2025-02-22,22:47:47,+918449509183,+917880299136,VOICE,134,404300120156178,350530635510521,Karnataka_BTS_005,404-45-102-400,Karnataka
CDR202600086429,2025-08-24,02:37:32,+919429605845,+919493419452,VOICE,48,404012631446390,355358689978302,Rajasthan_BTS_001,404-45-755-705,Rajasthan
CDR202600086431,2025-02-05,14:25:50,+917555567895,+918801848568,VOICE,17,404966711994194,350982301378968,Delhi_BTS_001,404-45-999-581,Delhi
CDR202600086439,2025-05-16,19:42:33,+919513060332,+918474679334,VOICE,158,404143953775443,357886027669534,Rajasthan_BTS_006,404-45-651-270,Rajasthan
CDR202600086441,2025-08-07,13:42:57,+917997413210,+918955613791,VOICE,32,404929845680054,352570508872863,Mumbai_BTS_006,404-45-319-553,Mumbai
CDR202600086451,2025-12-26,19:52:14,+917657350844,+916239203362,VOICE,498,404963470593409,350752353140124,UttarPradesh_BTS_009,404-45-719-216,Uttar Pradesh
CDR202600086454,2025-11-10,20:34:43,+919294197334,+917683934550,VOICE,63,404067766604169,356584800594707,Rajasthan_BTS_001,404-45-755-705,Rajasthan
CDR202600086463,2025-08-24,13:09:31,+919109951136,+918675450204,VOICE,52,404045492889336,358793684887608,Gujarat_BTS_008,404-45-814-433,Gujarat
CDR202600086481,2025-11-09,15:15:08,+916995819189,+919357349318,VOICE,68,404635454737221,351157124795211,Mumbai_BTS_006,404-45-235-741,Mumbai
CDR202600086505,2025-07-11,06:56:27,+917149117767,+918746005815,SMS,0,404171757189309,354376983778660,UttarPradesh_BTS_002,404-45-869-959,Uttar Pradesh
CDR202600086506,2025-11-18,14:57:54,+917797590950,+918225931548,MISSED,0,404363576290828,355299542232771,WestBengal_BTS_003,404-45-735-768,West Bengal
CDR202600086509,2025-05-24,16:56:18,+916586472494,+916692585943,VOICE,123,404877334535763,352143295907109,UttarPradesh_BTS_003,404-45-202-076,Uttar Pradesh
CDR202600086511,2025-02-06,06:22:02,+919777908086,+918126535785,VOICE,409,404295856517706,355456024331348,Mumbai_BTS_002,404-45-107-073,Mumbai
CDR202600086518,2025-12-08,19:24:00,+917632947740,+916208722564,VOICE,392,404327605953829,357820361331867,Rajasthan_BTS_012,404-45-798-907,Rajasthan
CDR202600086559,2025-04-04,07:33:54,+918858927725,+916754675819,VOICE,225,404568252938506,356057011396127,UttarPradesh_BTS_002,404-45-174-010,Uttar Pradesh
CDR202600086562,2025-07-10,02:41:39,+917608606220,+919317087964,VOICE,155,404201973355700,352893926195241,Delhi_BTS_003,404-45-371-541,Delhi
CDR202600086563,2025-01-12,13:38:09,+917936178367,+919987672814,VOICE,51,404965395347489,359391787896901,TamilNadu_BTS_003,404-45-170-610,Tamil Nadu
CDR202600086564,2025-05-19,07:11:11,+918139555438,+919293872978,VOICE,140,404562544369548,355480886433672,Maharashtra_BTS_004,404-45-691-197,Maharashtra
CDR202600086594,2025-09-27,15:51:10,+916326263871,+917423485402,VOICE,11,404619588425230,355377376370777,UttarPradesh_BTS_002,404-45-869-959,Uttar Pradesh
CDR202600086620,2025-04-16,16:56:57,+916484603330,+918253233543,VOICE,31,404562525733719,358787452704167,Mumbai_BTS_006,404-45-785-498,Mumbai
CDR202600086645,2025-04-26,03:32:57,+918962428972,+918579370968,VOICE,134,404521356712795,359342105598548,Rajasthan_BTS_009,404-45-742-164,Rajasthan
CDR202600086654,2025-01-05,01:35:59,+917098461501,+919384290881,VOICE,48,404495149243455,351161777578430,UttarPradesh_BTS_010,404-45-308-704,Uttar Pradesh
CDR202600086655,2025-09-20,11:19:09,+917488910754,+918196593978,SMS,0,404237753259187,353281506157269,UttarPradesh_BTS_015,404-45-658-037,Uttar Pradesh
CDR202600086656,2025-02-14,09:09:25,+919790169677,+919154296858,VOICE,67,404187857822569,355478033121228,Maharashtra_BTS_004,404-45-146-678,Maharashtra
CDR202600086657,2025-05-02,13:30:35,+918250783118,+917221820048,MISSED,0,404727807031356,359027961940546,TamilNadu_BTS_006,404-45-678-536,Tamil Nadu
CDR202600086662,2025-06-17,22:19:59,+917934800357,+916316168850,SMS,0,404366042697855,355030292086403,UttarPradesh_BTS_013,404-45-552-565,Uttar Pradesh
CDR202600086677,2025-04-25,23:39:06,+917960741167,+919297025335,VOICE,362,404751004502298,355707484783919,UttarPradesh_BTS_007,404-45-779-107,Uttar Pradesh
CDR202600086705,2025-11-04,03:00:16,+917836925264,+918722485390,VOICE,24,404147294063443,352859072500564,WestBengal_BTS_002,404-45-315-699,West Bengal
CDR202600086708,2025-04-09,02:24:44,+916769007696,+919314302188,SMS,0,404072283190811,352160072310757,Maharashtra_BTS_003,404-45-487-081,Maharashtra
CDR202600086728,2025-10-12,23:14:59,+919964312096,+919349124692,VOICE,77,404134334210402,350244782518295,Maharashtra_BTS_008,404-45-818-960,Maharashtra
CDR202600086731,2025-09-08,12:24:27,+918148671812,+919637359630,VOICE,37,404521099240542,356408041203467,Rajasthan_BTS_004,404-45-316-936,Rajasthan
CDR202600086745,2025-08-14,15:26:42,+918248669894,+918658282836,VOICE,8,404964488907819,359302259087647,Mumbai_BTS_010,404-45-296-195,Mumbai
CDR202600086759,2025-10-02,06:19:09,+916324927197,+917461491478,VOICE,63,404974475881983,359623747783904,Karnataka_BTS_007,404-45-322-992,Karnataka
CDR202600086760,2025-07-21,23:10:48,+917418323594,+919314637550,VOICE,42,404880821189618,350919708106872,Rajasthan_BTS_010,404-45-710-480,Rajasthan
CDR202600086774,2025-02-21,17:16:19,+916839947164,+918295678225,VOICE,98,404173569510601,359847711038452,WestBengal_BTS_002,404-45-315-699,West Bengal
CDR202600086776,2025-01-21,18:12:07,+918987731185,+916101313242,VOICE,363,404651149838426,358185523132065,Karnataka_BTS_003,404-45-270-417,Karnataka
CDR202600086783,2025-03-22,23:03:53,+919480425874,+918835433018,SMS,0,404227409918628,353224754256541,Rajasthan_BTS_006,404-45-246-272,Rajasthan
CDR202600086794,2025-04-07,20:53:46,+918723496132,+917330139400,VOICE,106,404793719156001,359199857425834,WestBengal_BTS_006,404-45-906-719,West Bengal
CDR202600086801,2025-10-16,04:32:29,+919608539310,+919177164111,VOICE,669,404227060188420,350082397225453,UttarPradesh_BTS_010,404-45-749-874,Uttar Pradesh
CDR202600086831,2025-12-06,11:15:44,+919313120072,+917198321115,VOICE,89,404249496507290,353093083634907,TamilNadu_BTS_006,404-45-773-598,Tamil Nadu
CDR202600086842,2025-04-03,23:36:24,+919164081065,+919014952227,VOICE,84,404187218987005,352142356461322,Karnataka_BTS_006,404-45-669-678,Karnataka
CDR202600086848,2025-02-05,20:02:38,+919927499543,+918967742384,VOICE,341,404384217172601,358687307358802,Rajasthan_BTS_014,404-45-839-897,Rajasthan
CDR202600086867,2025-11-11,15:53:55,+917400989087,+918661420098,VOICE,269,404785320337100,350360310351835,Delhi_BTS_002,404-45-231-676,Delhi
CDR202600086926,2025-11-06,15:04:35,+918476488385,+916813042097,VOICE,154,404198086372751,353999884387702,Rajasthan_BTS_006,404-45-246-272,Rajasthan
CDR202600086951,2025-06-01,21:40:20,+918496889952,+917000761528,SMS,0,404428102957055,357433601631528,UttarPradesh_BTS_004,404-45-170-901,Uttar Pradesh
CDR202600086963,2025-02-28,15:09:55,+918274235495,+918003502738,VOICE,65,404351347791651,350838226127880,UttarPradesh_BTS_003,404-45-736-577,Uttar Pradesh
CDR202600086987,2025-03-27,21:13:33,+916812910123,+919810694473,SMS,0,404386230778435,354514605780261,Rajasthan_BTS_017,404-45-880-166,Rajasthan
CDR202600087001,2025-02-06,15:56:57,+917693280362,+918148392067,VOICE,270,404784250091232,352783540103161,UttarPradesh_BTS_004,404-45-170-901,Uttar Pradesh
CDR202600087043,2025-07-26,19:39:47,+919808151517,+919405938293,VOICE,176,404557437073856,356751224261973,UttarPradesh_BTS_012,404-45-145-004,Uttar Pradesh
CDR202600087051,2025-05-17,22:57:23,+916514444241,+919178210985,SMS,0,404954341991008,354682315116551,Karnataka_BTS_005,404-45-902-804,Karnataka
CDR202600087095,2025-10-07,14:43:08,+917495463122,+919870814055,VOICE,192,404594828353445,352564477401570,Maharashtra_BTS_008,404-45-818-960,Maharashtra
CDR202600087147,2025-07-28,10:41:37,+916791810425,+916737515115,VOICE,38,404778370736783,354664924698572,WestBengal_BTS_002,404-45-205-363,West Bengal
CDR202600087158,2025-05-17,01:19:13,+916415613537,+916143387394,VOICE,114,404639444345978,352684962125496,Rajasthan_BTS_007,404-45-241-522,Rajasthan
CDR202600087226,2025-03-27,09:05:34,+916184017279,+917549758539,VOICE,137,404426518461531,355422694349449,UttarPradesh_BTS_010,404-45-749-874,Uttar Pradesh
CDR202600087237,2025-06-02,13:17:22,+916086985443,+918579835476,VOICE,53,404035603831211,354282372765833,TamilNadu_BTS_003,404-45-169-692,Tamil Nadu
CDR202600087244,2025-01-06,05:45:04,+916207044235,+919304991680,VOICE,20,404283815950469,352146998099793,Gujarat_BTS_002,404-45-854-105,Gujarat
CDR202600087266,2025-02-24,20:32:44,+917331319132,+917997413210,VOICE,70,404682758444958,352101759934440,Rajasthan_BTS_007,404-45-241-522,Rajasthan
CDR202600087283,2025-04-06,01:54:42,+919794732472,+917340570013,VOICE,66,404038619977866,351622768337691,Rajasthan_BTS_005,404-45-771-512,Rajasthan
CDR202600087292,2025-11-28,07:34:26,+917813606859,+917779511488,VOICE,22,404606363823504,353422614052321,Rajasthan_BTS_004,404-45-680-898,Rajasthan
CDR202600087320,2025-12-12,08:04:58,+916592860335,+917847748504,VOICE,79,404000428523584,356665902626458,Rajasthan_BTS_004,404-45-680-898,Rajasthan
CDR202600087322,2025-07-14,01:38:52,+917944448223,+917900254663,VOICE,54,404694299246432,351876968580498,Mumbai_BTS_011,404-45-995-946,Mumbai
CDR202600087324,2025-09-30,14:36:36,+916340951750,+917016396826,VOICE,176,404352248375801,357341547851467,Mumbai_BTS_006,404-45-319-553,Mumbai
CDR202600087346,2025-03-08,07:15:34,+918779429404,+919463351743,VOICE,37,404927639251444,352602243908697,Rajasthan_BTS_007,404-45-605-094,Rajasthan
CDR202600087352,2025-01-24,20:00:18,+919070922218,+918938856653,VOICE,8,404951411042453,351532343430391,Mumbai_BTS_010,404-45-296-195,Mumbai
CDR202600087382,2025-09-08,08:20:52,+919692768318,+919769235405,VOICE,192,404874841638061,352230698514635,Delhi_BTS_006,404-45-629-463,Delhi
CDR202600087383,2025-06-25,11:08:33,+919269663903,+916774850187,VOICE,668,404905279177010,350761421675308,Karnataka_BTS_004,404-45-160-169,Karnataka
CDR202600087395,2025-03-18,22:53:06,+918502488426,+919327988659,SMS,0,404763406377809,351348069280781,UttarPradesh_BTS_012,404-45-441-790,Uttar Pradesh
CDR202600087399,2025-07-08,18:20:45,+918394406759,+916618520377,VOICE,60,404483276346579,357626609238109,UttarPradesh_BTS_011,404-45-533-850,Uttar Pradesh
CDR202600087428,2025-11-12,22:28:14,+916618794445,+919423439192,VOICE,21,404023856599305,356046545386272,Mumbai_BTS_011,404-45-287-286,Mumbai
CDR202600087429,2025-03-16,10:32:21,+919182023723,+916290799564,VOICE,69,404433448622774,351494757968606,UttarPradesh_BTS_003,404-45-650-219,Uttar Pradesh
CDR202600087446,2025-11-21,02:20:45,+917256764074,+919499603402,VOICE,13,404739815411160,359345210315544,Delhi_BTS_006,404-45-223-254,Delhi
CDR202600087462,2025-07-09,02:53:20,+917406446241,+918723371913,SMS,0,404295883679168,351821414077172,UttarPradesh_BTS_005,404-45-478-292,Uttar Pradesh
CDR202600087492,2025-06-30,19:19:09,+919282430009,+917916697566,VOICE,112,404555561566700,358438580519187,Delhi_BTS_006,404-45-629-463,Delhi
CDR202600087495,2025-06-27,21:12:40,+919740066246,+918774258277,VOICE,5,404628452849858,359331691849728,Karnataka_BTS_005,404-45-371-949,Karnataka
CDR202600087512,2025-12-16,12:20:55,+919690853967,+918571323060,VOICE,9,404719217309663,350014564688859,Mumbai_BTS_010,404-45-919-883,Mumbai
CDR202600087530,2025-11-06,06:59:07,+919936202674,+917378988701,VOICE,303,404569981252764,358802976082062,Rajasthan_BTS_012,404-45-798-907,Rajasthan
CDR202600087545,2025-12-04,03:23:20,+918310460462,+917309279648,VOICE,373,404376649331652,354775998622848,UttarPradesh_BTS_001,404-45-234-688,Uttar Pradesh
CDR202600087547,2025-11-22,10:07:04,+917492476795,+919503703249,VOICE,96,404198809086291,358782928639596,Rajasthan_BTS_007,404-45-470-225,Rajasthan
CDR202600087560,2025-01-19,12:07:32,+918602360669,+918838293012,VOICE,61,404931135268589,351858038312000,Gujarat_BTS_007,404-45-106-778,Gujarat
CDR202600087567,2025-08-15,10:43:54,+919839061517,+917330139400,VOICE,101,404059023743170,350151691113733,Rajasthan_BTS_011,404-45-796-739,Rajasthan
CDR202600087588,2025-05-28,14:46:12,+916269527494,+919505180197,VOICE,8,404057984229827,353422871170924,Maharashtra_BTS_002,404-45-926-045,Maharashtra
CDR202600087595,2025-08-09,16:15:03,+919089404735,+919186381655,SMS,0,404725380945021,352853830037655,Delhi_BTS_005,404-45-508-688,Delhi
CDR202600087597,2025-07-26,15:59:21,+918854666127,+918925005498,VOICE,33,404022925067399,351290751329413,Gujarat_BTS_003,404-45-704-433,Gujarat
CDR202600087599,2025-02-15,08:37:26,+919663933582,+919212813960,VOICE,113,404789265482058,358966877748263,Delhi_BTS_005,404-45-830-320,Delhi
CDR202600087606,2025-05-03,04:56:54,+918637905716,+916498299558,VOICE,179,404469664285172,358135234826534,Maharashtra_BTS_002,404-45-926-045,Maharashtra
CDR202600087617,2025-02-18,06:34:19,+917691728825,+917152298323,VOICE,206,404010972084597,357918586892171,UttarPradesh_BTS_014,404-45-214-078,Uttar Pradesh
CDR202600087635,2025-12-26,14:26:40,+919421389179,+918416421339,SMS,0,404586115347819,353095049755065,Karnataka_BTS_001,404-45-767-554,Karnataka
CDR202600087647,2025-05-08,02:32:32,+919808504677,+919295275637,VOICE,39,404264861055667,355459222799105,TamilNadu_BTS_006,404-45-423-958,Tamil Nadu
CDR202600087655,2025-05-31,14:48:54,+919038071430,+916801079158,VOICE,27,404040268823662,359431197079589,Rajasthan_BTS_006,404-45-242-253,Rajasthan
CDR202600087656,2025-02-08,13:01:43,+917501730315,+918993725496,SMS,0,404520349735961,357930870044264,Gujarat_BTS_002,404-45-854-105,Gujarat
CDR202600087675,2025-01-03,21:43:09,+917177023411,+916159307599,VOICE,134,404620998741764,352952570631966,TamilNadu_BTS_004,404-45-683-253,Tamil Nadu
CDR202600087678,2025-08-20,05:17:30,+916397337096,+916599023606,VOICE,205,404627648831363,356494198994747,Rajasthan_BTS_007,404-45-241-522,Rajasthan
CDR202600087682,2025-12-20,11:53:43,+919396508569,+916703033328,VOICE,135,404310160200193,358461334613632,UttarPradesh_BTS_003,404-45-736-577,Uttar Pradesh
CDR202600087720,2025-05-30,13:52:43,+916265150845,+917366448741,VOICE,8,404563667796113,353377439686096,TamilNadu_BTS_002,404-45-620-083,Tamil Nadu
CDR202600087722,2025-01-10,17:19:37,+918392463058,+919067451230,VOICE,147,404948698340939,353585973197709,Rajasthan_BTS_009,404-45-742-164,Rajasthan
CDR202600087734,2025-04-07,08:58:20,+919451505924,+916356585450,VOICE,53,404281744633987,350865160154227,Gujarat_BTS_008,404-45-448-285,Gujarat
CDR202600087737,2025-01-04,20:15:38,+919577730855,+918847017234,VOICE,54,404278748409547,357107146514053,UttarPradesh_BTS_012,404-45-233-653,Uttar Pradesh
CDR202600087744,2025-03-07,03:17:57,+917596233237,+916306053410,VOICE,310,404569371690189,351528817034207,Rajasthan_BTS_019,404-45-414-246,Rajasthan
CDR202600087761,2025-02-13,08:56:32,+918124605424,+919612932570,VOICE,108,404675570915175,359878958220031,Rajasthan_BTS_001,404-45-670-225,Rajasthan
CDR202600087771,2025-02-28,09:19:21,+917001870786,+919083834177,VOICE,34,404263880046245,354827910720942,WestBengal_BTS_009,404-45-304-837,West Bengal
CDR202600087798,2025-03-27,22:45:53,+916722111115,+919600404796,VOICE,74,404342975168081,357097170895158,Mumbai_BTS_011,404-45-243-433,Mumbai
CDR202600087806,2025-06-05,02:55:59,+917105925045,+917887984391,VOICE,45,404573309674055,350925040163083,Mumbai_BTS_008,404-45-462-434,Mumbai
CDR202600087813,2025-10-20,23:28:32,+919709224510,+917540718691,VOICE,105,404042412202064,352781205556684,Rajasthan_BTS_014,404-45-564-004,Rajasthan
CDR202600087834,2025-10-08,05:04:59,+919425196407,+917139435997,VOICE,38,404430618555028,358104863904378,WestBengal_BTS_005,404-45-785-885,West Bengal
CDR202600087839,2025-02-07,05:24:33,+917110407272,+919970926686,VOICE,126,404405292578428,351858446094330,Maharashtra_BTS_002,404-45-967-353,Maharashtra
CDR202600087849,2025-09-07,23:37:11,+918405353666,+917447850192,MISSED,0,404221881643816,350637505242406,UttarPradesh_BTS_003,404-45-618-272,Uttar Pradesh
CDR202600087876,2025-10-17,06:46:31,+918248355994,+919190696665,VOICE,45,404034343770593,350789970281285,Karnataka_BTS_005,404-45-565-293,Karnataka
CDR202600087959,2025-04-18,17:16:05,+919939777816,+916910071557,SMS,0,404499116035440,354914619221124,Maharashtra_BTS_008,404-45-799-664,Maharashtra
CDR202600087965,2025-03-31,22:51:53,+916655642600,+916945270946,VOICE,7,404527511809286,354054632164844,Maharashtra_BTS_009,404-45-646-747,Maharashtra
CDR202600087968,2025-11-03,12:41:59,+919934858141,+919424710237,VOICE,31,404088204175195,355512973942054,Rajasthan_BTS_008,404-45-981-113,Rajasthan
CDR202600087974,2025-07-22,15:22:13,+916423301118,+916994020707,VOICE,6,404980191503784,353272001634565,Rajasthan_BTS_011,404-45-796-739,Rajasthan
CDR202600087983,2025-10-23,18:30:29,+919233102366,+918838293012,VOICE,34,404335706133292,352373348088172,Mumbai_BTS_002,404-45-702-226,Mumbai
CDR202600087998,2025-10-17,22:20:09,+919355857852,+916226265278,VOICE,22,404906324417033,354582432413431,Rajasthan_BTS_001,404-45-670-225,Rajasthan
CDR202600088044,2025-11-08,05:28:08,+918022471766,+918111670819,VOICE,34,404856472839696,350846420224682,UttarPradesh_BTS_006,404-45-726-827,Uttar Pradesh
CDR202600088070,2025-04-13,22:44:29,+918914406667,+917503258363,VOICE,26,404669788220501,352171340150433,Rajasthan_BTS_017,404-45-897-945,Rajasthan
CDR202600088086,2025-11-25,02:37:48,+918963329020,+919759038664,VOICE,27,404076668859672,352401604531163,UttarPradesh_BTS_003,404-45-736-577,Uttar Pradesh
CDR202600088096,2025-03-22,14:02:27,+917968493154,+916416972559,VOICE,56,404191272175909,350323040345781,Mumbai_BTS_007,404-45-348-804,Mumbai
CDR202600088107,2025-02-06,11:01:11,+918477793470,+918392224753,VOICE,77,404372065166047,353858832743102,Rajasthan_BTS_001,404-45-670-225,Rajasthan
CDR202600088130,2025-10-07,14:02:05,+919806904666,+918873476503,VOICE,54,404752707108610,350653134153996,Maharashtra_BTS_004,404-45-691-197,Maharashtra
CDR202600088138,2025-01-10,18:44:15,+919183000493,+918899007800,VOICE,219,404409204540723,357881931390994,Gujarat_BTS_008,404-45-814-433,Gujarat
CDR202600088144,2025-08-16,03:34:59,+918947516711,+917304545626,VOICE,13,404273297261657,357743892196403,Rajasthan_BTS_001,404-45-670-225,Rajasthan
CDR202600088159,2025-01-01,12:33:33,+919018841243,+919676028161,VOICE,15,404605438535023,355693766673855,UttarPradesh_BTS_004,404-45-170-901,Uttar Pradesh
CDR202600088167,2025-02-03,09:58:04,+918686767865,+917000470076,VOICE,26,404150469598330,351719644341916,Mumbai_BTS_010,404-45-919-883,Mumbai
CDR202600088181,2025-12-17,11:22:56,+916193027325,+919701344400,VOICE,24,404246972487636,353069407311725,WestBengal_BTS_003,404-45-266-820,West Bengal
CDR202600088198,2025-05-20,08:13:53,+918766178314,+916269133279,VOICE,11,404849815410537,359329445947069,Mumbai_BTS_011,404-45-995-946,Mumbai
CDR202600088211,2025-09-16,03:50:56,+917173526045,+917613843116,SMS,0,404260239063110,353966197190675,WestBengal_BTS_001,404-45-230-043,West Bengal
CDR202600088216,2025-03-29,15:36:25,+918385484021,+917464713073,VOICE,112,404095127275971,358270765370735,Mumbai_BTS_006,404-45-785-498,Mumbai
CDR202600088222,2025-05-23,16:33:32,+919400363649,+917547065949,VOICE,54,404740654171639,358846382710769,Maharashtra_BTS_001,404-45-881-345,Maharashtra
CDR202600088244,2025-10-18,13:05:04,+918139555438,+918801848568,VOICE,112,404562544369548,355480886433672,Rajasthan_BTS_007,404-45-241-522,Rajasthan
CDR202600088246,2025-04-13,15:47:48,+918005798364,+919595906001,SMS,0,404534280817595,356329460586922,Mumbai_BTS_011,404-45-995-946,Mumbai
CDR202600088251,2025-07-26,20:31:16,+917645701006,+917685736858,VOICE,2,404208692934760,355367468252508,TamilNadu_BTS_004,404-45-683-253,Tamil Nadu
CDR202600088291,2025-08-03,04:53:44,+919259945657,+919526850403,VOICE,352,404744584725049,358305444487410,Delhi_BTS_002,404-45-935-071,Delhi
CDR202600088302,2025-07-23,08:40:58,+916466618745,+917876138176,VOICE,144,404067443426390,353004037130724,Rajasthan_BTS_001,404-45-670-225,Rajasthan
CDR202600088303,2025-08-28,09:13:10,+916754675819,+917413114947,VOICE,170,404610960537893,350872048760978,Karnataka_BTS_008,404-45-693-754,Karnataka
CDR202600088346,2025-06-24,19:58:16,+917958172132,+919421577568,VOICE,39,404613326101192,351173642199477,Maharashtra_BTS_002,404-45-967-353,Maharashtra
CDR202600088349,2025-09-21,05:22:17,+919537214976,+919942872445,SMS,0,404224786740378,353977436625436,WestBengal_BTS_008,404-45-979-482,West Bengal
CDR202600088350,2025-08-19,15:47:39,+917024122220,+919400363649,VOICE,22,404078654144296,350949276138595,UttarPradesh_BTS_015,404-45-954-379,Uttar Pradesh
CDR202600088375,2025-10-16,12:03:33,+917184224644,+919317768225,VOICE,7,404835045739047,351288647920621,Rajasthan_BTS_015,404-45-282-520,Rajasthan
CDR202600088388,2025-11-30,05:52:43,+919813748497,+917685736858,SMS,0,404177629943878,350650376879046,Rajasthan_BTS_007,404-45-470-225,Rajasthan
CDR202600088407,2025-05-02,07:41:20,+917887984391,+917873396517,VOICE,59,404162953858781,357157677358250,Maharashtra_BTS_002,404-45-967-353,Maharashtra
CDR202600088409,2025-08-04,12:17:20,+917193883669,+919468047687,VOICE,303,404379292641281,357425009194123,Gujarat_BTS_005,404-45-338-518,Gujarat
CDR202600088412,2025-11-05,07:16:35,+917378976564,+919129441959,VOICE,5,404187577361242,353975803930624,UttarPradesh_BTS_013,404-45-265-760,Uttar Pradesh
CDR202600088417,2025-12-28,21:42:54,+917760574958,+919083548905,VOICE,372,404097725573655,353107944529300,Delhi_BTS_005,404-45-830-320,Delhi
CDR202600088423,2025-03-01,00:37:24,+919209262081,+919845414066,VOICE,46,404825793700991,350063488102219,Karnataka_BTS_004,404-45-985-411,Karnataka
CDR202600088443,2025-02-02,21:01:41,+919508106714,+917540273705,VOICE,75,404503522727828,358747815581849,Karnataka_BTS_005,404-45-371-949,Karnataka
CDR202600088445,2025-03-31,09:12:05,+918514351191,+919491338072,VOICE,386,404624676870548,357094566675089,Maharashtra_BTS_006,404-45-489-285,Maharashtra
CDR202600088465,2025-01-30,07:48:37,+919019032610,+916489779940,VOICE,109,404829339959359,358068801797683,Rajasthan_BTS_017,404-45-880-166,Rajasthan
CDR202600088466,2025-11-17,12:06:58,+917113752610,+917599232407,VOICE,17,404965372788505,358467100462428,UttarPradesh_BTS_002,404-45-174-010,Uttar Pradesh
CDR202600088470,2025-04-08,22:14:05,+916740601937,+916544958049,VOICE,222,404805941011930,354548111171848,Maharashtra_BTS_006,404-45-987-104,Maharashtra
CDR202600088521,2025-07-10,14:30:37,+918073438042,+919290632793,VOICE,99,404208469285754,358310254915229,Maharashtra_BTS_002,404-45-199-368,Maharashtra
CDR202600088522,2025-02-08,16:13:17,+916866588584,+919956308991,MISSED,0,404301488517843,359372063334515,Maharashtra_BTS_006,404-45-987-104,Maharashtra
CDR202600088527,2025-07-29,04:12:15,+917089427572,+918568140964,VOICE,7,404071408075118,355361308699007,WestBengal_BTS_008,404-45-979-482,West Bengal
CDR202600088529,2025-09-12,14:36:18,+918388765980,+919862168984,VOICE,263,404176462615721,356907961133207,Gujarat_BTS_008,404-45-448-285,Gujarat
CDR202600088534,2025-03-27,00:31:41,+917947077688,+918723371913,SMS,0,404415194838866,356811740097738,UttarPradesh_BTS_012,404-45-145-004,Uttar Pradesh
CDR202600088550,2025-04-18,13:41:39,+917033743556,+917224475724,VOICE,315,404552918981175,351254731911273,WestBengal_BTS_003,404-45-266-820,West Bengal
CDR202600088566,2025-03-23,05:59:19,+916086029184,+919218224956,SMS,0,404263233797374,352388140724497,Maharashtra_BTS_006,404-45-489-285,Maharashtra
CDR202600088579,2025-03-29,20:50:18,+919989000306,+918168728462,SMS,0,404123699642462,359082032695247,Delhi_BTS_002,404-45-878-546,Delhi
CDR202600088616,2025-07-18,21:38:47,+917805833995,+919088312664,VOICE,136,404200528997250,359929817415965,UttarPradesh_BTS_007,404-45-779-107,Uttar Pradesh
CDR202600088634,2025-01-02,18:21:07,+917501730315,+917330684763,VOICE,409,404520349735961,357930870044264,WestBengal_BTS_002,404-45-315-699,West Bengal
CDR202600088643,2025-03-09,07:13:27,+918801111965,+916258490597,VOICE,30,404035171759252,354668599147064,WestBengal_BTS_006,404-45-906-719,West Bengal
CDR202600088656,2025-10-08,04:47:10,+919346948033,+917539670608,VOICE,37,404074716998433,355172801211131,UttarPradesh_BTS_006,404-45-108-684,Uttar Pradesh
CDR202600088698,2025-12-12,04:54:44,+919094451973,+918978860352,VOICE,12,404942039407211,351276461798584,Maharashtra_BTS_002,404-45-967-353,Maharashtra
CDR202600088703,2025-04-09,08:07:54,+918750445092,+919784104787,VOICE,50,404829745533858,358188229109013,Maharashtra_BTS_001,404-45-204-095,Maharashtra
CDR202600088757,2025-12-16,01:57:33,+919455198541,+918121679955,VOICE,253,404232600142320,352873409983370,Gujarat_BTS_007,404-45-106-778,Gujarat
CDR202600088780,2025-06-03,14:29:38,+917214613995,+919181871852,VOICE,80,404000816632428,351630794046504,Karnataka_BTS_006,404-45-813-981,Karnataka
CDR202600088782,2025-10-07,17:41:22,+918266082714,+916823553204,VOICE,407,404984319576868,351761328229483,Rajasthan_BTS_006,404-45-242-253,Rajasthan
CDR202600088788,2025-10-19,08:05:10,+917594789568,+919892842051,VOICE,2,404538892677851,351801660599823,Delhi_BTS_002,404-45-878-546,Delhi
CDR202600088812,2025-07-15,22:33:10,+918495071116,+919038859612,VOICE,39,404349215116533,359023935335194,WestBengal_BTS_006,404-45-373-164,West Bengal
CDR202600088847,2025-06-06,14:38:15,+918711207314,+919072974918,VOICE,70,404505299165215,353273929560536,Rajasthan_BTS_009,404-45-742-164,Rajasthan
CDR202600088857,2025-05-04,22:42:33,+917813606859,+919190696665,MISSED,0,404606363823504,353422614052321,Gujarat_BTS_004,404-45-130-096,Gujarat
CDR202600088862,2025-05-19,21:16:18,+919070922218,+919468047687,SMS,0,404951411042453,351532343430391,Rajasthan_BTS_002,404-45-334-842,Rajasthan
CDR202600088864,2025-06-29,17:15:52,+917648778012,+919858910547,MISSED,0,404455407858062,355714846556026,Rajasthan_BTS_001,404-45-376-948,Rajasthan
CDR202600088880,2025-01-01,01:10:27,+919256264316,+919361107148,VOICE,8,404504327748677,356164543648007,Mumbai_BTS_003,404-45-334-070,Mumbai
CDR202600088917,2025-07-04,03:12:33,+918376051138,+919451505924,VOICE,79,404254362105937,359206961983474,Rajasthan_BTS_001,404-45-670-225,Rajasthan
CDR202600088923,2025-02-10,22:11:04,+918774258277,+919480425874,VOICE,1,404572337873530,356074951482286,Gujarat_BTS_004,404-45-130-096,Gujarat
CDR202600088953,2025-10-14,20:45:10,+916995819189,+916254643881,VOICE,7,404635454737221,351157124795211,WestBengal_BTS_003,404-45-258-948,West Bengal
CDR202600088973,2025-05-18,20:42:15,+919936202674,+919622747863,VOICE,15,404569981252764,358802976082062,Rajasthan_BTS_005,404-45-771-512,Rajasthan
CDR202600088989,2025-10-08,07:50:15,+919759024026,+917794849466,VOICE,81,404046884386830,356453117522156,Rajasthan_BTS_013,404-45-448-115,Rajasthan
CDR202600089013,2025-03-13,07:00:34,+916208722564,+918291453350,VOICE,64,404928364320131,350868336622722,Gujarat_BTS_008,404-45-814-433,Gujarat
CDR202600089020,2025-01-09,03:00:15,+917107268969,+919339073555,VOICE,323,404956328989740,352747886162810,UttarPradesh_BTS_006,404-45-108-684,Uttar Pradesh
CDR202600089053,2025-07-16,01:58:14,+918811034388,+919646677603,VOICE,271,404420393991230,357472371360590,UttarPradesh_BTS_013,404-45-822-438,Uttar Pradesh
CDR202600089066,2025-09-23,05:38:21,+919297061843,+919959466221,SMS,0,404499899100433,354168414064486,Rajasthan_BTS_004,404-45-680-898,Rajasthan
CDR202600089089,2025-04-08,08:28:19,+919642320798,+917308953603,VOICE,263,404151070929548,354808462550690,Rajasthan_BTS_016,404-45-303-157,Rajasthan
CDR202600089095,2025-10-25,10:10:53,+917110206042,+918001291982,VOICE,88,404733499101219,352932437159591,Karnataka_BTS_006,404-45-835-499,Karnataka
CDR202600089109,2025-03-09,16:45:39,+919472297648,+917294851749,VOICE,60,404315273367810,356989409588348,Mumbai_BTS_010,404-45-211-255,Mumbai
CDR202600089119,2025-07-24,16:09:55,+918627421629,+919916886662,VOICE,273,404745393076991,357185031853844,Rajasthan_BTS_006,404-45-651-270,Rajasthan
CDR202600089139,2025-01-24,03:26:52,+919359943201,+917332406395,VOICE,47,404016432031786,351702655915319,WestBengal_BTS_001,404-45-415-374,West Bengal
CDR202600089156,2025-06-19,08:05:41,+916737515115,+919927499543,VOICE,84,404360316056171,351269428395635,UttarPradesh_BTS_010,404-45-308-704,Uttar Pradesh
CDR202600089159,2025-05-11,11:45:29,+917346788473,+917182843045,VOICE,312,404479721290540,352456678553703,Rajasthan_BTS_002,404-45-334-842,Rajasthan
CDR202600089187,2025-02-07,03:40:34,+919864822712,+917433389841,VOICE,190,404577679460107,358004806745806,Karnataka_BTS_001,404-45-767-554,Karnataka
CDR202600089196,2025-10-05,02:19:40,+919765733100,+918533631164,VOICE,50,404982534700901,353153006434927,Maharashtra_BTS_003,404-45-649-128,Maharashtra
CDR202600089206,2025-05-03,10:49:25,+919164081065,+917314111247,VOICE,486,404187218987005,352142356461322,Karnataka_BTS_004,404-45-985-411,Karnataka
CDR202600089229,2025-12-16,08:06:02,+918061588925,+916703033328,VOICE,105,404118234541364,351517536665007,Gujarat_BTS_008,404-45-448-285,Gujarat
CDR202600089242,2025-11-01,08:42:09,+919526506513,+918103859738,VOICE,20,404446338186619,352115924164061,Gujarat_BTS_001,404-45-859-282,Gujarat
CDR202600089269,2025-06-02,19:49:18,+916138868243,+918328382428,VOICE,43,404209190449383,353481552324366,Karnataka_BTS_007,404-45-294-304,Karnataka
CDR202600089275,2025-03-28,20:48:54,+919316019242,+918555623598,VOICE,47,404637620851707,359666424639700,Delhi_BTS_002,404-45-878-546,Delhi
CDR202600089286,2025-09-09,17:05:26,+919499085884,+919264151644,VOICE,182,404216059947669,355266754705171,WestBengal_BTS_005,404-45-785-885,West Bengal
CDR202600089297,2025-01-14,17:25:56,+919037639763,+919743625567,VOICE,35,404339656736276,354167877599731,Mumbai_BTS_002,404-45-702-226,Mumbai
CDR202600089302,2025-09-09,21:59:21,+919627533531,+916352073232,VOICE,178,404811167447859,353608149947869,UttarPradesh_BTS_002,404-45-869-959,Uttar Pradesh
CDR202600089312,2025-07-30,20:11:16,+917016347088,+917863897657,VOICE,47,404296425889411,357825411054390,Rajasthan_BTS_008,404-45-981-113,Rajasthan
CDR202600089313,2025-09-19,19:44:09,+918253233543,+918724707519,VOICE,52,404858007576481,357445645006195,Maharashtra_BTS_006,404-45-987-104,Maharashtra
CDR202600089327,2025-12-14,12:06:02,+917320842244,+916915091394,VOICE,115,404222598766927,357839006097070,WestBengal_BTS_003,404-45-258-948,West Bengal
CDR202600089334,2025-03-21,14:36:59,+919946658906,+917591220318,VOICE,102,404510921052361,356094343824455,Rajasthan_BTS_001,404-45-801-333,Rajasthan
CDR202600089349,2025-05-07,20:15:57,+916487189258,+918622131877,SMS,0,404126242918702,350582350723969,Delhi_BTS_002,404-45-884-129,Delhi
CDR202600089351,2025-05-19,01:29:14,+917395495786,+918760489108,SMS,0,404919648471434,356563235200876,UttarPradesh_BTS_007,404-45-370-119,Uttar Pradesh
CDR202600089353,2025-08-11,00:17:45,+918579312564,+918176056203,VOICE,51,404927776823384,352735024247437,WestBengal_BTS_006,404-45-906-719,West Bengal
CDR202600089358,2025-03-06,08:06:53,+916067063475,+918616416794,VOICE,87,404638895503024,353538772573738,Delhi_BTS_003,404-45-993-622,Delhi
CDR202600089363,2025-09-25,09:04:10,+919777908086,+918648749164,VOICE,263,404295856517706,355456024331348,Mumbai_BTS_005,404-45-626-244,Mumbai
CDR202600089368,2025-07-14,08:02:27,+916459101839,+917236844069,VOICE,59,404599678419306,359226430262987,WestBengal_BTS_005,404-45-901-954,West Bengal
CDR202600089436,2025-10-08,19:55:39,+917193572369,+919632720163,MISSED,0,404587338221401,353501589006129,Maharashtra_BTS_005,404-45-891-297,Maharashtra
CDR202600089457,2025-01-02,20:33:25,+919055082680,+917101115106,VOICE,115,404085427871805,359487227903728,Karnataka_BTS_006,404-45-813-981,Karnataka
CDR202600089501,2025-07-02,15:43:40,+919289658822,+918803781528,VOICE,163,404741769507509,350081289203775,WestBengal_BTS_002,404-45-315-699,West Bengal
CDR202600089507,2025-06-27,11:21:36,+917701689307,+919355536852,VOICE,52,404210206920260,352686153796303,UttarPradesh_BTS_007,404-45-999-138,Uttar Pradesh
CDR202600089515,2025-09-15,00:02:30,+918140973160,+918682534164,VOICE,59,404146293237346,352644125639265,Rajasthan_BTS_001,404-45-376-948,Rajasthan
CDR202600089523,2025-05-23,13:53:52,+919643161238,+918555023947,MISSED,0,404136035161352,352786109936012,UttarPradesh_BTS_011,404-45-194-650,Uttar Pradesh
CDR202600089532,2025-03-04,15:59:46,+917035056104,+916392963980,VOICE,361,404977554416983,359521720985198,Maharashtra_BTS_007,404-45-750-855,Maharashtra
CDR202600089552,2025-10-15,02:14:50,+917516103141,+916184078828,VOICE,20,404297404989308,353688035006647,UttarPradesh_BTS_013,404-45-265-760,Uttar Pradesh
CDR202600089568,2025-04-20,23:55:03,+918157497681,+917995290724,SMS,0,404789687359024,353940159388366,UttarPradesh_BTS_007,404-45-779-107,Uttar Pradesh
CDR202600089577,2025-08-08,12:40:42,+916817019152,+918358273972,VOICE,77,404231217152799,351462525351204,Maharashtra_BTS_002,404-45-967-353,Maharashtra
CDR202600089603,2025-03-23,18:24:19,+916045551968,+918297143657,VOICE,188,404941451916968,359060440546821,Rajasthan_BTS_008,404-45-981-113,Rajasthan
CDR202600089623,2025-08-10,03:35:38,+918310597374,+917658147856,VOICE,240,404578790520999,352141082234429,Maharashtra_BTS_005,404-45-181-876,Maharashtra
CDR202600089626,2025-09-15,17:56:27,+918014928416,+919521875296,VOICE,27,404667037018704,352071095746546,Delhi_BTS_005,404-45-830-320,Delhi
CDR202600089632,2025-09-21,12:03:01,+919326148942,+917928757125,SMS,0,404765889419263,354498345201822,Gujarat_BTS_002,404-45-328-143,Gujarat
CDR202600089638,2025-08-11,21:29:42,+918200427631,+917349092870,VOICE,7,404656509039423,358323532017122,Karnataka_BTS_004,404-45-985-411,Karnataka
CDR202600089661,2025-08-22,01:11:36,+919028238386,+918270067075,MISSED,0,404377042180947,358261297486713,Maharashtra_BTS_003,404-45-665-301,Maharashtra
CDR202600089666,2025-08-27,22:29:03,+918311695933,+919044219545,VOICE,176,404380594081089,353211948387231,Delhi_BTS_001,404-45-999-581,Delhi
CDR202600089677,2025-06-01,14:54:55,+919689413640,+919180826164,VOICE,21,404892888125501,353533742807516,Rajasthan_BTS_007,404-45-470-225,Rajasthan
CDR202600089714,2025-03-22,10:38:22,+916605441163,+917685568330,VOICE,514,404207652835216,355094604612376,Mumbai_BTS_006,404-45-785-498,Mumbai
CDR202600089719,2025-04-22,19:05:11,+917049687115,+917182843045,VOICE,137,404314926719612,354572106877602,TamilNadu_BTS_001,404-45-158-052,Tamil Nadu
CDR202600089744,2025-09-04,18:49:08,+918182107087,+918627855226,VOICE,19,404499690366878,354075281242227,Karnataka_BTS_006,404-45-848-803,Karnataka
CDR202600089752,2025-09-04,07:41:40,+916658481061,+916208722564,VOICE,57,404863693383866,357618160312468,Karnataka_BTS_004,404-45-985-411,Karnataka
CDR202600089753,2025-09-23,14:16:44,+919183000493,+917257514287,VOICE,18,404409204540723,357881931390994,Karnataka_BTS_005,404-45-565-293,Karnataka
CDR202600089816,2025-12-05,17:13:45,+919475223660,+919608539310,VOICE,402,404452618919790,352825198807890,Karnataka_BTS_008,404-45-693-754,Karnataka
CDR202600089817,2025-11-06,05:04:47,+917008070515,+916992723510,VOICE,142,404854575397704,353617868799026,Rajasthan_BTS_018,404-45-713-332,Rajasthan
CDR202600089839,2025-07-13,19:44:59,+917634959653,+918961683209,VOICE,206,404371579682099,357709956059200,UttarPradesh_BTS_007,404-45-999-138,Uttar Pradesh
CDR202600089873,2025-08-21,01:49:22,+917747359698,+918813387158,VOICE,63,404299058976038,359408819267490,WestBengal_BTS_002,404-45-315-699,West Bengal
CDR202600089877,2025-03-29,08:39:09,+919391140734,+917277952302,VOICE,155,404827692562531,359750057452478,Rajasthan_BTS_007,404-45-697-409,Rajasthan
CDR202600089879,2025-01-24,04:59:49,+916503380680,+919557588766,VOICE,817,404137753014185,356016106519964,UttarPradesh_BTS_010,404-45-308-704,Uttar Pradesh
CDR202600089912,2025-11-29,09:09:30,+916886209645,+917928278730,VOICE,587,404703347833514,359463833062229,TamilNadu_BTS_006,404-45-423-958,Tamil Nadu
CDR202600089923,2025-03-03,04:10:39,+917892105306,+917253451310,SMS,0,404643407420042,352749862187166,UttarPradesh_BTS_007,404-45-370-119,Uttar Pradesh
CDR202600089931,2025-06-11,14:46:57,+918061588925,+918474679334,SMS,0,404118234541364,351517536665007,UttarPradesh_BTS_007,404-45-779-107,Uttar Pradesh
CDR202600089950,2025-11-25,10:58:26,+918912993353,+917171842568,SMS,0,404757148957817,359719080925218,Mumbai_BTS_008,404-45-155-690,Mumbai
CDR202600089969,2025-05-21,05:34:38,+917901495401,+917039452657,SMS,0,404375288641790,358118380546351,Maharashtra_BTS_007,404-45-750-855,Maharashtra
CDR202600089973,2025-11-24,02:13:06,+916034872249,+916498031898,MISSED,0,404120744194392,352303184120280,Gujarat_BTS_007,404-45-106-778,Gujarat
CDR202600089979,2025-09-16,05:58:17,+919333924319,+918705996388,VOICE,9,404491016300986,356958936172492,Gujarat_BTS_006,404-45-833-666,Gujarat
CDR202600089981,2025-12-18,15:50:24,+916437497415,+918093368950,VOICE,126,404720077650572,356006038368414,Mumbai_BTS_011,404-45-995-946,Mumbai
CDR202600090023,2025-12-11,02:25:25,+916129129648,+917221851476,SMS,0,404784521071749,351643596893381,UttarPradesh_BTS_015,404-45-954-379,Uttar Pradesh
CDR202600090033,2025-02-19,02:14:43,+917144426283,+917933350510,SMS,0,404563164275793,359608312160489,UttarPradesh_BTS_005,404-45-478-292,Uttar Pradesh
CDR202600090034,2025-11-14,19:33:20,+916554854531,+916530710282,VOICE,180,404362832235865,354290671594197,UttarPradesh_BTS_009,404-45-378-289,Uttar Pradesh
CDR202600090045,2025-07-19,18:45:25,+918196593978,+919295275637,VOICE,215,404772981700004,359601757010352,Maharashtra_BTS_005,404-45-891-297,Maharashtra
CDR202600090051,2025-09-08,23:05:45,+916554063783,+918115978489,SMS,0,404519189662471,357822312444994,UttarPradesh_BTS_005,404-45-478-292,Uttar Pradesh
CDR202600090055,2025-06-18,03:22:14,+919709224510,+916445008061,VOICE,8,404042412202064,352781205556684,Rajasthan_BTS_006,404-45-651-270,Rajasthan
CDR202600090076,2025-03-21,02:07:28,+919320661275,+916457913549,VOICE,23,404765422344140,356558686610914,WestBengal_BTS_003,404-45-342-886,West Bengal
CDR202600090111,2025-10-13,20:52:36,+918316583587,+916434487669,VOICE,67,404958630680990,355714314781017,UttarPradesh_BTS_009,404-45-378-289,Uttar Pradesh
CDR202600090122,2025-03-30,10:12:48,+918806117659,+917033743556,SMS,0,404616729746243,354013933929134,TamilNadu_BTS_003,404-45-170-610,Tamil Nadu
CDR202600090129,2025-06-30,04:57:27,+918814548537,+918830866241,VOICE,78,404029426518590,351081902316792,Rajasthan_BTS_007,404-45-697-409,Rajasthan
CDR202600090132,2025-06-13,12:49:27,+918638184883,+919591306535,VOICE,357,404167378541103,352207241484795,Mumbai_BTS_011,404-45-287-286,Mumbai
CDR202600090150,2025-09-03,15:14:33,+916873513005,+918356994250,VOICE,134,404885002122376,359739624813159,WestBengal_BTS_001,404-45-415-374,West Bengal
CDR202600090161,2025-06-27,07:00:43,+917011948874,+917056303862,SMS,0,404831262956639,350015423725335,WestBengal_BTS_006,404-45-906-719,West Bengal
CDR202600090163,2025-08-15,19:28:55,+916651256411,+918554513007,MISSED,0,404517139257309,352418212889179,Rajasthan_BTS_003,404-45-924-324,Rajasthan
CDR202600090186,2025-09-14,04:41:16,+917916621634,+919505939409,VOICE,164,404897872118954,352979357894420,Rajasthan_BTS_009,404-45-911-697,Rajasthan
CDR202600090191,2025-10-31,01:49:38,+916273753603,+919275704263,VOICE,99,404679126137888,350931003806598,Karnataka_BTS_007,404-45-322-992,Karnataka
CDR202600090208,2025-05-30,02:57:27,+916692588788,+917016396826,VOICE,377,404457406303442,351660409232928,Delhi_BTS_001,404-45-180-088,Delhi
CDR202600090224,2025-02-18,05:26:12,+919987672814,+919871681664,VOICE,32,404337914103881,358766259201169,Rajasthan_BTS_014,404-45-839-897,Rajasthan
CDR202600090238,2025-05-15,17:10:28,+917615743158,+919595906001,VOICE,368,404182134167899,355480675642221,Gujarat_BTS_004,404-45-130-096,Gujarat
CDR202600090240,2025-09-08,12:06:58,+919899054849,+919408840740,VOICE,120,404077851458618,355937792460053,UttarPradesh_BTS_008,404-45-860-567,Uttar Pradesh
CDR202600090251,2025-06-07,23:01:20,+919513004340,+916689110404,MISSED,0,404917976479455,355936057422963,TamilNadu_BTS_006,404-45-423-958,Tamil Nadu
CDR202600090268,2025-10-06,21:31:30,+918642882980,+916710095087,VOICE,33,404655697666663,351985156239182,Maharashtra_BTS_002,404-45-967-353,Maharashtra
CDR202600090291,2025-06-12,19:09:54,+918240285279,+918394406759,VOICE,39,404765915627702,352949883273621,UttarPradesh_BTS_006,404-45-726-827,Uttar Pradesh
CDR202600090327,2025-03-26,16:57:44,+919298701709,+919151656345,VOICE,29,404456206092491,351667672624382,Rajasthan_BTS_017,404-45-880-166,Rajasthan
CDR202600090342,2025-05-15,08:00:02,+918559985857,+917936433684,VOICE,33,404723128800851,351015006084446,Rajasthan_BTS_010,404-45-710-480,Rajasthan
CDR202600090418,2025-11-02,22:52:23,+917792688833,+918733363458,VOICE,68,404992998419025,353969041878927,WestBengal_BTS_003,404-45-735-768,West Bengal
CDR202600090433,2025-12-21,21:09:04,+918508939960,+917257605958,VOICE,193,404730405969824,351628072218271,Mumbai_BTS_002,404-45-702-226,Mumbai
CDR202600090445,2025-04-06,00:50:45,+919510144962,+918923690973,SMS,0,404755189021790,351491970500706,Maharashtra_BTS_003,404-45-949-644,Maharashtra
CDR202600090469,2025-12-02,13:39:36,+919346979515,+918443105482,VOICE,109,404863373518011,357661821452108,Rajasthan_BTS_008,404-45-981-113,Rajasthan
CDR202600090475,2025-01-22,12:36:43,+916392171813,+919984223544,VOICE,131,404312977760892,356010553251353,Rajasthan_BTS_006,404-45-651-270,Rajasthan
CDR202600090479,2025-02-23,11:09:40,+919825919025,+916768547198,VOICE,124,404094783917046,357365936561486,Maharashtra_BTS_009,404-45-646-747,Maharashtra
CDR202600090498,2025-07-15,11:02:40,+919949017786,+917938295768,VOICE,23,404078371606088,359257022349506,UttarPradesh_BTS_012,404-45-145-004,Uttar Pradesh
CDR202600090502,2025-08-14,14:09:40,+918051141100,+919178210985,SMS,0,404496530225990,355428594666094,UttarPradesh_BTS_009,404-45-719-216,Uttar Pradesh
CDR202600090506,2025-10-22,17:19:51,+917688107888,+919558612529,VOICE,85,404619781885766,353869054560952,Karnataka_BTS_006,404-45-848-803,Karnataka
CDR202600090510,2025-05-16,19:19:20,+919412279889,+919915495343,MISSED,0,404742125811759,351180589509932,Rajasthan_BTS_007,404-45-241-522,Rajasthan
CDR202600090522,2025-04-22,02:39:11,+918474679334,+917842720451,VOICE,6,404395881495393,356934049814931,Delhi_BTS_004,404-45-652-774,Delhi
CDR202600090556,2025-08-24,15:48:42,+919107417067,+916823553204,VOICE,245,404454800181560,350179851415709,TamilNadu_BTS_002,404-45-620-083,Tamil Nadu
CDR202600090561,2025-10-01,02:30:33,+919739011950,+916256642926,SMS,0,404880372843402,354169997468745,Mumbai_BTS_008,404-45-155-690,Mumbai
CDR202600090585,2025-12-24,22:48:25,+919093192314,+916554854531,VOICE,290,404950429758205,352646586399330,Mumbai_BTS_006,404-45-319-553,Mumbai
CDR202600090590,2025-10-05,02:59:37,+917477895275,+917246059610,MISSED,0,404955634980574,350624267965259,UttarPradesh_BTS_003,404-45-736-577,Uttar Pradesh
CDR202600090593,2025-05-08,20:48:17,+919507148093,+917635392334,VOICE,47,404124637493816,355404624578269,Delhi_BTS_004,404-45-652-774,Delhi
CDR202600090614,2025-10-29,00:19:57,+918848477070,+917795530276,VOICE,132,404934184591704,350955147723038,Gujarat_BTS_007,404-45-703-285,Gujarat
CDR202600090638,2025-01-22,03:44:23,+917079591137,+917327208351,VOICE,135,404254284351369,353538648436886,Maharashtra_BTS_007,404-45-473-167,Maharashtra
CDR202600090642,2025-02-04,23:10:38,+917906523487,+919671899518,VOICE,308,404145885374503,356728569468744,Karnataka_BTS_007,404-45-322-992,Karnataka
CDR202600090646,2025-02-22,05:59:33,+918381259469,+916117522771,VOICE,41,404849171186807,352971399570438,Karnataka_BTS_008,404-45-693-754,Karnataka
CDR202600090650,2025-06-12,17:46:46,+919951974036,+919269942245,VOICE,10,404729973304856,351587713694089,TamilNadu_BTS_006,404-45-678-536,Tamil Nadu
CDR202600090687,2025-02-21,09:02:15,+918438167240,+919653858671,VOICE,133,404673191007321,355012273422258,Maharashtra_BTS_003,404-45-665-301,Maharashtra
CDR202600090719,2025-02-17,21:45:01,+918048118059,+919660533700,VOICE,37,404377242000887,355827202728097,Maharashtra_BTS_007,404-45-750-855,Maharashtra
CDR202600090729,2025-01-22,23:54:36,+918386857947,+916796251165,VOICE,68,404078416980158,354034089734219,Gujarat_BTS_001,404-45-859-282,Gujarat
CDR202600090732,2025-11-24,17:08:28,+917383105771,+916714343605,VOICE,230,404072334392738,353451269636078,Mumbai_BTS_008,404-45-462-434,Mumbai
CDR202600090746,2025-12-19,09:10:15,+916075420676,+917881301993,SMS,0,404778484530636,356098562078761,Rajasthan_BTS_004,404-45-374-068,Rajasthan
CDR202600090757,2025-12-28,22:16:14,+919717520610,+916557348906,VOICE,28,404565406512212,354948104889351,TamilNadu_BTS_004,404-45-513-123,Tamil Nadu
CDR202600090778,2025-02-16,02:09:09,+919496142308,+918132420926,VOICE,285,404383173465345,354282987873750,Mumbai_BTS_007,404-45-348-804,Mumbai
CDR202600090790,2025-02-28,00:40:30,+919649824597,+918384683372,VOICE,230,404730077223408,353772612447512,UttarPradesh_BTS_010,404-45-749-874,Uttar Pradesh
CDR202600090792,2025-01-14,01:08:15,+916029177393,+918621001114,VOICE,107,404291056635065,354617550837884,TamilNadu_BTS_001,404-45-614-942,Tamil Nadu
CDR202600090810,2025-04-10,07:26:29,+917795530276,+917299792262,VOICE,12,404388681313721,351611048138259,TamilNadu_BTS_005,404-45-734-084,Tamil Nadu
CDR202600090819,2025-12-12,07:23:29,+917126350861,+917628158707,VOICE,60,404640425732999,356631345023508,Rajasthan_BTS_002,404-45-334-842,Rajasthan
CDR202600090820,2025-03-16,05:45:57,+918006047998,+916376859846,VOICE,180,404026100892781,355881740959014,Gujarat_BTS_002,404-45-854-105,Gujarat
CDR202600090839,2025-10-20,01:24:51,+918291453350,+916758605522,VOICE,40,404206752971001,358241719889667,Rajasthan_BTS_013,404-45-448-115,Rajasthan
CDR202600090840,2025-11-30,10:54:12,+918645734403,+916341686359,VOICE,65,404439580353423,356466044411906,Mumbai_BTS_007,404-45-516-195,Mumbai
CDR202600090845,2025-06-29,09:01:54,+917068785648,+918478798838,VOICE,33,404167511769100,353885554860605,Gujarat_BTS_007,404-45-106-778,Gujarat
CDR202600090854,2025-05-03,15:08:11,+918849056087,+918278622335,VOICE,145,404554305257637,352996233130498,Delhi_BTS_006,404-45-629-463,Delhi
CDR202600090869,2025-03-15,03:41:33,+918255442971,+917414233317,VOICE,278,404852242320835,354765027751911,Delhi_BTS_002,404-45-935-071,Delhi
CDR202600090871,2025-03-09,02:48:36,+917806677388,+919248670364,VOICE,92,404932977367528,350301346148685,TamilNadu_BTS_006,404-45-367-210,Tamil Nadu
CDR202600090880,2025-11-21,09:46:03,+919168612085,+918495824226,VOICE,244,404975810072801,351883517587492,Rajasthan_BTS_004,404-45-680-898,Rajasthan
CDR202600090883,2025-04-22,12:41:05,+917455222130,+917339269344,VOICE,6,404723170823423,359851756080712,Maharashtra_BTS_004,404-45-821-072,Maharashtra
CDR202600090899,2025-06-19,13:17:49,+917361672964,+919229902464,VOICE,117,404495543278807,358091866549184,Delhi_BTS_004,404-45-847-707,Delhi
CDR202600090901,2025-02-23,19:01:09,+917862795714,+916187949263,VOICE,326,404560757312807,357768701760648,Karnataka_BTS_003,404-45-270-417,Karnataka
CDR202600090929,2025-08-12,20:12:59,+918278086239,+916564902284,VOICE,51,404138288349354,354837781550037,Rajasthan_BTS_019,404-45-951-827,Rajasthan
CDR202600090933,2025-03-02,15:48:09,+916424262013,+919661187669,VOICE,14,404254054577702,352693869844785,Rajasthan_BTS_017,404-45-880-166,Rajasthan
CDR202600090934,2025-11-21,06:28:21,+916717303444,+917970169332,VOICE,11,404722981874112,356469772192402,Gujarat_BTS_008,404-45-448-285,Gujarat
CDR202600090952,2025-07-24,02:23:21,+919946024602,+918169143695,VOICE,101,404753780775281,354995454129495,Karnataka_BTS_008,404-45-693-754,Karnataka
CDR202600090974,2025-03-27,18:55:13,+918500889903,+919656599129,VOICE,7,404361210168128,359954268679548,UttarPradesh_BTS_009,404-45-719-216,Uttar Pradesh
CDR202600090995,2025-12-29,17:48:51,+916462747289,+918788418287,VOICE,160,404684444145774,356854940022610,Karnataka_BTS_006,404-45-848-803,Karnataka
CDR202600090996,2025-10-06,16:45:39,+916221853444,+919759038664,VOICE,340,404277527896595,353725340162219,Maharashtra_BTS_003,404-45-949-644,Maharashtra
CDR202600091002,2025-12-07,11:02:16,+917711129857,+916658111686,VOICE,10,404001516139456,357176989434361,Mumbai_BTS_008,404-45-520-479,Mumbai
CDR202600091048,2025-05-19,21:10:45,+917403408444,+917205901379,VOICE,3,404620925784640,357788451381221,TamilNadu_BTS_006,404-45-367-210,Tamil Nadu
CDR202600091065,2025-03-24,04:02:45,+919204124085,+917246431648,VOICE,61,404446084536220,354704102314609,Mumbai_BTS_002,404-45-107-073,Mumbai
CDR202600091068,2025-05-03,13:48:44,+917375530261,+919346555742,VOICE,509,404156411350746,355238630437835,Gujarat_BTS_007,404-45-703-285,Gujarat
CDR202600091073,2025-10-23,09:11:10,+916876741060,+916812910123,VOICE,126,404485129532128,354109324292877,Karnataka_BTS_008,404-45-693-754,Karnataka
CDR202600091084,2025-10-02,14:00:07,+917788629173,+916273753603,VOICE,227,404671468820199,352821175287632,UttarPradesh_BTS_001,404-45-371-406,Uttar Pradesh
CDR202600091108,2025-10-09,04:29:18,+918514858413,+919496142308,VOICE,36,404114672197990,352340673033264,Delhi_BTS_001,404-45-180-088,Delhi
CDR202600091143,2025-01-26,22:53:11,+919342949623,+918132420926,VOICE,78,404474560315039,351911656079516,WestBengal_BTS_002,404-45-205-363,West Bengal
