CDR_ID,IPDR_ID,Relationship_Type,Time_Difference_Seconds,Is_Correlated
CDR202600000020,,NO_MATCH,,0
CDR202600000083,,NO_MATCH,,0
CDR202600000116,,NO_MATCH,,0
CDR202600000122,,NO_MATCH,,0
CDR202600000155,,NO_MATCH,,0
CDR202600000239,,NO_MATCH,,0
CDR202600000295,,NO_MATCH,,0
CDR202600000334,,NO_MATCH,,0
CDR202600000347,,NO_MATCH,,0
CDR202600000357,,NO_MATCH,,0
CDR202600000473,,NO_MATCH,,0
CDR202600000506,,NO_MATCH,,0
CDR202600000509,,NO_MATCH,,0
CDR202600000512,,NO_MATCH,,0
CDR202600000529,,NO_MATCH,,0
CDR202600000556,,NO_MATCH,,0
CDR202600000569,,NO_MATCH,,0
CDR202600000591,,NO_MATCH,,0
CDR202600000615,,NO_MATCH,,0
CDR202600000650,,NO_MATCH,,0
CDR202600000696,,NO_MATCH,,0
CDR202600000697,,NO_MATCH,,0
CDR202600000703,,NO_MATCH,,0
CDR202600000762,,NO_MATCH,,0
CDR202600000826,,NO_MATCH,,0
CDR202600000864,,NO_MATCH,,0
CDR202600000939,,NO_MATCH,,0
CDR202600001037,,NO_MATCH,,0
CDR202600001077,,NO_MATCH,,0
CDR202600001196,,NO_MATCH,,0
CDR202600001407,,NO_MATCH,,0
CDR202600001410,,NO_MATCH,,0
CDR202600001445,,NO_MATCH,,0
CDR202600001449,,NO_MATCH,,0
CDR202600001484,,NO_MATCH,,0
CDR202600001622,,NO_MATCH,,0
CDR202600001641,,NO_MATCH,,0
CDR202600001671,,NO_MATCH,,0
CDR202600001685,,NO_MATCH,,0
CDR202600001715,,NO_MATCH,,0
CDR202600001797,,NO_MATCH,,0
CDR202600001833,,NO_MATCH,,0
CDR202600001935,,NO_MATCH,,0
CDR202600001992,,NO_MATCH,,0
CDR202600002035,,NO_MATCH,,0
CDR202600002059,,NO_MATCH,,0
CDR202600002126,,NO_MATCH,,0
CDR202600002229,,NO_MATCH,,0
CDR202600002305,,NO_MATCH,,0
CDR202600002401,,NO_MATCH,,0
CDR202600002404,,NO_MATCH,,0
CDR202600002413,,NO_MATCH,,0
CDR202600002414,,NO_MATCH,,0
CDR202600002499,,NO_MATCH,,0
CDR202600002521,,NO_MATCH,,0
CDR202600002530,,NO_MATCH,,0
CDR202600002539,,NO_MATCH,,0
CDR202600002561,,NO_MATCH,,0
CDR202600002604,,NO_MATCH,,0
CDR202600002671,,NO_MATCH,,0
CDR202600002677,,NO_MATCH,,0
CDR202600002707,,NO_MATCH,,0
CDR202600002738,,NO_MATCH,,0
CDR202600002777,,NO_MATCH,,0
CDR202600002855,,NO_MATCH,,0
CDR202600002929,,NO_MATCH,,0
CDR202600002997,,NO_MATCH,,0
CDR202600003029,,NO_MATCH,,0
CDR202600003141,,NO_MATCH,,0
CDR202600003145,,NO_MATCH,,0
CDR202600003236,,NO_MATCH,,0
CDR202600003260,,NO_MATCH,,0
CDR202600003329,,NO_MATCH,,0
CDR202600003359,,NO_MATCH,,0
CDR202600003387,,NO_MATCH,,0
CDR202600003420,,NO_MATCH,,0
CDR202600003742,,NO_MATCH,,0
CDR202600003743,,NO_MATCH,,0
CDR202600003792,,NO_MATCH,,0
CDR202600003822,,NO_MATCH,,0
CDR202600003893,,NO_MATCH,,0
CDR202600003932,,NO_MATCH,,0
CDR202600003934,,NO_MATCH,,0
CDR202600003957,,NO_MATCH,,0
CDR202600004025,,NO_MATCH,,0
CDR202600004059,,NO_MATCH,,0
CDR202600004067,,NO_MATCH,,0
CDR202600004112,,NO_MATCH,,0
CDR202600004131,,NO_MATCH,,0
CDR202600004198,,NO_MATCH,,0
CDR202600004246,,NO_MATCH,,0
CDR202600004266,,NO_MATCH,,0
CDR202600004281,,NO_MATCH,,0
CDR202600004343,,NO_MATCH,,0
CDR202600004396,,NO_MATCH,,0
CDR202600004431,,NO_MATCH,,0
CDR202600004482,,NO_MATCH,,0
CDR202600004492,,NO_MATCH,,0
CDR202600004558,,NO_MATCH,,0
CDR202600004577,,NO_MATCH,,0
CDR202600004588,,NO_MATCH,,0
CDR202600004631,,NO_MATCH,,0
CDR202600004636,,NO_MATCH,,0
CDR202600004637,,NO_MATCH,,0
CDR202600004695,,NO_MATCH,,0
CDR202600004766,,NO_MATCH,,0
CDR202600004781,,NO_MATCH,,0
CDR202600004858,,NO_MATCH,,0
CDR202600004865,,NO_MATCH,,0
CDR202600004867,,NO_MATCH,,0
CDR202600004870,,NO_MATCH,,0
CDR202600004947,,NO_MATCH,,0
CDR202600004958,,NO_MATCH,,0
CDR202600004977,,NO_MATCH,,0
CDR202600005033,,NO_MATCH,,0
CDR202600005108,,NO_MATCH,,0
CDR202600005113,,NO_MATCH,,0
CDR202600005127,,NO_MATCH,,0
CDR202600005130,,NO_MATCH,,0
CDR202600005176,,NO_MATCH,,0
CDR202600005401,,NO_MATCH,,0
CDR202600005447,,NO_MATCH,,0
CDR202600005514,,NO_MATCH,,0
CDR202600005578,,NO_MATCH,,0
CDR202600005595,,NO_MATCH,,0
CDR202600005636,,NO_MATCH,,0
CDR202600005802,,NO_MATCH,,0
CDR202600005823,,NO_MATCH,,0
CDR202600005896,,NO_MATCH,,0
CDR202600005914,,NO_MATCH,,0
CDR202600005994,,NO_MATCH,,0
CDR202600006070,,NO_MATCH,,0
CDR202600006073,,NO_MATCH,,0
CDR202600006092,,NO_MATCH,,0
CDR202600006112,,NO_MATCH,,0
CDR202600006183,,NO_MATCH,,0
CDR202600006206,,NO_MATCH,,0
CDR202600006254,,NO_MATCH,,0
CDR202600006310,,NO_MATCH,,0
CDR202600006320,,NO_MATCH,,0
CDR202600006335,,NO_MATCH,,0
CDR202600006338,,NO_MATCH,,0
CDR202600006359,,NO_MATCH,,0
CDR202600006398,,NO_MATCH,,0
CDR202600006416,,NO_MATCH,,0
CDR202600006442,,NO_MATCH,,0
CDR202600006471,,NO_MATCH,,0
CDR202600006570,,NO_MATCH,,0
CDR202600006578,,NO_MATCH,,0
CDR202600006619,,NO_MATCH,,0
CDR202600006681,,NO_MATCH,,0
CDR202600006715,,NO_MATCH,,0
CDR202600006748,,NO_MATCH,,0
CDR202600006764,,NO_MATCH,,0
CDR202600006836,,NO_MATCH,,0
CDR202600006861,,NO_MATCH,,0
CDR202600006873,,NO_MATCH,,0
CDR202600006973,,NO_MATCH,,0
CDR202600006977,,NO_MATCH,,0
CDR202600007016,,NO_MATCH,,0
CDR202600007031,,NO_MATCH,,0
CDR202600007091,,NO_MATCH,,0
CDR202600007097,,NO_MATCH,,0
CDR202600007108,,NO_MATCH,,0
CDR202600007110,,NO_MATCH,,0
CDR202600007199,,NO_MATCH,,0
CDR202600007315,,NO_MATCH,,0
CDR202600007369,,NO_MATCH,,0
CDR202600007438,,NO_MATCH,,0
CDR202600007485,,NO_MATCH,,0
CDR202600007545,,NO_MATCH,,0
CDR202600007550,,NO_MATCH,,0
CDR202600007584,,NO_MATCH,,0
CDR202600007619,,NO_MATCH,,0
CDR202600007723,,NO_MATCH,,0
CDR202600007752,,NO_MATCH,,0
CDR202600007794,,NO_MATCH,,0
CDR202600007899,,NO_MATCH,,0
CDR202600007932,,NO_MATCH,,0
CDR202600008039,,NO_MATCH,,0
CDR202600008103,,NO_MATCH,,0
CDR202600008115,,NO_MATCH,,0
CDR202600008135,,NO_MATCH,,0
CDR202600008157,,NO_MATCH,,0
CDR202600008211,,NO_MATCH,,0
CDR202600008259,,NO_MATCH,,0
CDR202600008314,,NO_MATCH,,0
CDR202600008449,,NO_MATCH,,0
CDR202600008492,,NO_MATCH,,0
CDR202600008571,,NO_MATCH,,0
CDR202600008572,,NO_MATCH,,0
CDR202600008622,,NO_MATCH,,0
CDR202600008626,,NO_MATCH,,0
CDR202600008697,,NO_MATCH,,0
CDR202600008699,,NO_MATCH,,0
CDR202600008735,,NO_MATCH,,0
CDR202600008739,,NO_MATCH,,0
CDR202600008764,,NO_MATCH,,0
CDR202600008765,,NO_MATCH,,0
CDR202600008885,,NO_MATCH,,0
CDR202600008903,,NO_MATCH,,0
CDR202600008904,,NO_MATCH,,0
CDR202600008947,,NO_MATCH,,0
CDR202600008984,,NO_MATCH,,0
CDR202600008989,,NO_MATCH,,0
CDR202600009044,,NO_MATCH,,0
CDR202600009069,,NO_MATCH,,0
CDR202600009091,,NO_MATCH,,0
CDR202600009094,,NO_MATCH,,0
CDR202600009106,,NO_MATCH,,0
CDR202600009161,,NO_MATCH,,0
CDR202600009178,,NO_MATCH,,0
CDR202600009221,,NO_MATCH,,0
CDR202600009233,,NO_MATCH,,0
CDR202600009286,,NO_MATCH,,0
CDR202600009290,,NO_MATCH,,0
CDR202600009308,,NO_MATCH,,0
CDR202600009323,,NO_MATCH,,0
CDR202600009328,,NO_MATCH,,0
CDR202600009361,,NO_MATCH,,0
CDR202600009485,,NO_MATCH,,0
CDR202600009495,,NO_MATCH,,0
CDR202600009513,,NO_MATCH,,0
CDR202600009536,,NO_MATCH,,0
CDR202600009564,,NO_MATCH,,0
CDR202600009652,,NO_MATCH,,0
CDR202600009670,,NO_MATCH,,0
CDR202600009723,,NO_MATCH,,0
CDR202600009756,,NO_MATCH,,0
CDR202600009807,,NO_MATCH,,0
CDR202600009829,,NO_MATCH,,0
CDR202600009830,,NO_MATCH,,0
CDR202600009832,,NO_MATCH,,0
CDR202600009848,,NO_MATCH,,0
CDR202600009906,,NO_MATCH,,0
CDR202600009992,,NO_MATCH,,0
CDR202600009997,,NO_MATCH,,0
CDR202600010077,,NO_MATCH,,0
CDR202600010144,,NO_MATCH,,0
CDR202600010157,,NO_MATCH,,0
CDR202600010230,,NO_MATCH,,0
CDR202600010234,,NO_MATCH,,0
CDR202600010243,,NO_MATCH,,0
CDR202600010252,,NO_MATCH,,0
CDR202600010255,,NO_MATCH,,0
CDR202600010376,,NO_MATCH,,0
CDR202600010469,,NO_MATCH,,0
CDR202600010493,,NO_MATCH,,0
CDR202600010548,,NO_MATCH,,0
CDR202600010555,,NO_MATCH,,0
CDR202600010569,,NO_MATCH,,0
CDR202600010674,,NO_MATCH,,0
CDR202600010714,,NO_MATCH,,0
CDR202600010885,,NO_MATCH,,0
CDR202600011025,,NO_MATCH,,0
CDR202600011111,,NO_MATCH,,0
CDR202600011193,,NO_MATCH,,0
CDR202600011216,,NO_MATCH,,0
CDR202600011238,,NO_MATCH,,0
CDR202600011266,,NO_MATCH,,0
CDR202600011298,,NO_MATCH,,0
CDR202600011304,,NO_MATCH,,0
CDR202600011312,,NO_MATCH,,0
CDR202600011338,,NO_MATCH,,0
CDR202600011364,,NO_MATCH,,0
CDR202600011399,,NO_MATCH,,0
CDR202600011429,,NO_MATCH,,0
CDR202600011475,,NO_MATCH,,0
CDR202600011495,,NO_MATCH,,0
CDR202600011518,,NO_MATCH,,0
CDR202600011613,,NO_MATCH,,0
CDR202600011689,,NO_MATCH,,0
CDR202600011775,,NO_MATCH,,0
CDR202600011843,,NO_MATCH,,0
CDR202600011866,,NO_MATCH,,0
CDR202600011897,,NO_MATCH,,0
CDR202600011916,,NO_MATCH,,0
CDR202600011927,,NO_MATCH,,0
CDR202600011967,,NO_MATCH,,0
CDR202600011992,,NO_MATCH,,0
CDR202600012007,,NO_MATCH,,0
CDR202600012014,,NO_MATCH,,0
CDR202600012021,,NO_MATCH,,0
CDR202600012030,,NO_MATCH,,0
CDR202600012033,,NO_MATCH,,0
CDR202600012054,,NO_MATCH,,0
CDR202600012073,,NO_MATCH,,0
CDR202600012115,,NO_MATCH,,0
CDR202600012127,,NO_MATCH,,0
CDR202600012142,,NO_MATCH,,0
CDR202600012201,,NO_MATCH,,0
CDR202600012246,,NO_MATCH,,0
CDR202600012331,,NO_MATCH,,0
CDR202600012336,,NO_MATCH,,0
CDR202600012410,,NO_MATCH,,0
CDR202600012418,,NO_MATCH,,0
CDR202600012434,,NO_MATCH,,0
CDR202600012614,,NO_MATCH,,0
CDR202600012723,,NO_MATCH,,0
CDR202600012869,,NO_MATCH,,0
CDR202600012913,,NO_MATCH,,0
CDR202600012968,,NO_MATCH,,0
CDR202600013074,,NO_MATCH,,0
CDR202600013108,,NO_MATCH,,0
CDR202600013143,,NO_MATCH,,0
CDR202600013151,,NO_MATCH,,0
CDR202600013161,,NO_MATCH,,0
CDR202600013176,,NO_MATCH,,0
CDR202600013211,,NO_MATCH,,0
CDR202600013264,,NO_MATCH,,0
CDR202600013428,,NO_MATCH,,0
CDR202600013540,,NO_MATCH,,0
CDR202600013542,,NO_MATCH,,0
CDR202600013561,,NO_MATCH,,0
CDR202600013568,,NO_MATCH,,0
CDR202600013573,,NO_MATCH,,0
CDR202600013585,,NO_MATCH,,0
CDR202600013652,,NO_MATCH,,0
CDR202600013719,,NO_MATCH,,0
CDR202600013745,,NO_MATCH,,0
CDR202600013801,,NO_MATCH,,0
CDR202600013933,,NO_MATCH,,0
CDR202600014047,,NO_MATCH,,0
CDR202600014096,,NO_MATCH,,0
CDR202600014109,,NO_MATCH,,0
CDR202600014144,,NO_MATCH,,0
CDR202600014162,,NO_MATCH,,0
CDR202600014242,,NO_MATCH,,0
CDR202600014268,,NO_MATCH,,0
CDR202600014341,,NO_MATCH,,0
CDR202600014354,,NO_MATCH,,0
CDR202600014369,,NO_MATCH,,0
CDR202600014395,,NO_MATCH,,0
CDR202600014402,,NO_MATCH,,0
CDR202600014627,,NO_MATCH,,0
CDR202600014700,,NO_MATCH,,0
CDR202600014701,,NO_MATCH,,0
CDR202600014767,,NO_MATCH,,0
CDR202600014779,,NO_MATCH,,0
CDR202600014926,,NO_MATCH,,0
CDR202600014949,,NO_MATCH,,0
CDR202600014981,,NO_MATCH,,0
CDR202600015019,,NO_MATCH,,0
CDR202600015032,,NO_MATCH,,0
CDR202600015070,,NO_MATCH,,0
CDR202600015110,,NO_MATCH,,0
CDR202600015165,,NO_MATCH,,0
CDR202600015172,,NO_MATCH,,0
CDR202600015191,,NO_MATCH,,0
CDR202600015199,,NO_MATCH,,0
CDR202600015230,,NO_MATCH,,0
CDR202600015307,,NO_MATCH,,0
CDR202600015348,,NO_MATCH,,0
CDR202600015369,,NO_MATCH,,0
CDR202600015373,,NO_MATCH,,0
CDR202600015453,,NO_MATCH,,0
CDR202600015457,,NO_MATCH,,0
CDR202600015476,,NO_MATCH,,0
CDR202600015481,,NO_MATCH,,0
CDR202600015578,,NO_MATCH,,0
CDR202600015590,,NO_MATCH,,0
CDR202600015679,,NO_MATCH,,0
CDR202600015855,,NO_MATCH,,0
CDR202600015887,,NO_MATCH,,0
CDR202600015921,,NO_MATCH,,0
CDR202600015967,,NO_MATCH,,0
CDR202600015980,,NO_MATCH,,0
CDR202600016009,,NO_MATCH,,0
CDR202600016044,,NO_MATCH,,0
CDR202600016068,,NO_MATCH,,0
CDR202600016090,,NO_MATCH,,0
CDR202600016113,,NO_MATCH,,0
CDR202600016120,,NO_MATCH,,0
CDR202600016204,,NO_MATCH,,0
CDR202600016268,,NO_MATCH,,0
CDR202600016415,,NO_MATCH,,0
CDR202600016418,,NO_MATCH,,0
CDR202600016457,,NO_MATCH,,0
CDR202600016490,,NO_MATCH,,0
CDR202600016516,,NO_MATCH,,0
CDR202600016564,,NO_MATCH,,0
CDR202600016589,,NO_MATCH,,0
CDR202600016648,,NO_MATCH,,0
CDR202600016724,,NO_MATCH,,0
CDR202600016739,,NO_MATCH,,0
CDR202600016748,,NO_MATCH,,0
CDR202600016755,,NO_MATCH,,0
CDR202600016828,,NO_MATCH,,0
CDR202600016885,,NO_MATCH,,0
CDR202600016888,,NO_MATCH,,0
CDR202600016922,,NO_MATCH,,0
CDR202600016926,,NO_MATCH,,0
CDR202600016936,,NO_MATCH,,0
CDR202600016962,,NO_MATCH,,0
CDR202600016985,,NO_MATCH,,0
CDR202600017077,,NO_MATCH,,0
CDR202600017104,,NO_MATCH,,0
CDR202600017115,,NO_MATCH,,0
CDR202600017125,,NO_MATCH,,0
CDR202600017188,,NO_MATCH,,0
CDR202600017195,,NO_MATCH,,0
CDR202600017244,,NO_MATCH,,0
CDR202600017277,,NO_MATCH,,0
CDR202600017427,,NO_MATCH,,0
CDR202600017512,,NO_MATCH,,0
CDR202600017590,,NO_MATCH,,0
CDR202600017672,,NO_MATCH,,0
CDR202600017790,,NO_MATCH,,0
CDR202600017806,,NO_MATCH,,0
CDR202600017847,,NO_MATCH,,0
CDR202600017867,,NO_MATCH,,0
CDR202600017869,,NO_MATCH,,0
CDR202600017873,,NO_MATCH,,0
CDR202600017878,,NO_MATCH,,0
CDR202600017889,,NO_MATCH,,0
CDR202600017909,,NO_MATCH,,0
CDR202600018045,,NO_MATCH,,0
CDR202600018047,,NO_MATCH,,0
CDR202600018075,,NO_MATCH,,0
CDR202600018197,,NO_MATCH,,0
CDR202600018267,,NO_MATCH,,0
CDR202600018297,,NO_MATCH,,0
CDR202600018439,,NO_MATCH,,0
CDR202600018529,,NO_MATCH,,0
CDR202600018640,,NO_MATCH,,0
CDR202600018648,,NO_MATCH,,0
CDR202600018651,,NO_MATCH,,0
CDR202600018672,,NO_MATCH,,0
CDR202600018685,,NO_MATCH,,0
CDR202600018717,,NO_MATCH,,0
CDR202600018731,,NO_MATCH,,0
CDR202600018851,,NO_MATCH,,0
CDR202600018942,,NO_MATCH,,0
CDR202600018958,,NO_MATCH,,0
CDR202600019066,,NO_MATCH,,0
CDR202600019090,,NO_MATCH,,0
CDR202600019112,,NO_MATCH,,0
CDR202600019167,,NO_MATCH,,0
CDR202600019210,,NO_MATCH,,0
CDR202600019229,,NO_MATCH,,0
CDR202600019232,,NO_MATCH,,0
CDR202600019244,,NO_MATCH,,0
CDR202600019275,,NO_MATCH,,0
CDR202600019298,,NO_MATCH,,0
CDR202600019358,,NO_MATCH,,0
CDR202600019449,,NO_MATCH,,0
CDR202600019474,,NO_MATCH,,0
CDR202600019477,,NO_MATCH,,0
CDR202600019546,,NO_MATCH,,0
CDR202600019574,,NO_MATCH,,0
CDR202600019779,,NO_MATCH,,0
CDR202600019781,,NO_MATCH,,0
CDR202600019787,,NO_MATCH,,0
CDR202600019791,,NO_MATCH,,0
CDR202600019854,,NO_MATCH,,0
CDR202600019914,,NO_MATCH,,0
CDR202600019939,,NO_MATCH,,0
CDR202600019942,,NO_MATCH,,0
CDR202600020058,,NO_MATCH,,0
CDR202600020083,,NO_MATCH,,0
CDR202600020108,,NO_MATCH,,0
CDR202600020129,,NO_MATCH,,0
CDR202600020332,,NO_MATCH,,0
CDR202600020342,,NO_MATCH,,0
CDR202600020409,,NO_MATCH,,0
CDR202600020417,,NO_MATCH,,0
CDR202600020524,,NO_MATCH,,0
CDR202600020543,,NO_MATCH,,0
CDR202600020585,,NO_MATCH,,0
CDR202600020602,,NO_MATCH,,0
CDR202600020612,,NO_MATCH,,0
CDR202600020686,,NO_MATCH,,0
CDR202600020737,,NO_MATCH,,0
CDR202600020778,,NO_MATCH,,0
CDR202600020799,,NO_MATCH,,0
CDR202600020811,,NO_MATCH,,0
CDR202600020818,,NO_MATCH,,0
CDR202600020901,,NO_MATCH,,0
CDR202600020921,,NO_MATCH,,0
CDR202600020936,,NO_MATCH,,0
CDR202600020953,,NO_MATCH,,0
CDR202600020961,,NO_MATCH,,0
CDR202600021130,,NO_MATCH,,0
CDR202600021190,,NO_MATCH,,0
CDR202600021222,,NO_MATCH,,0
CDR202600021225,,NO_MATCH,,0
CDR202600021256,,NO_MATCH,,0
CDR202600021258,,NO_MATCH,,0
CDR202600021292,,NO_MATCH,,0
CDR202600021324,,NO_MATCH,,0
CDR202600021343,,NO_MATCH,,0
CDR202600021392,,NO_MATCH,,0
CDR202600021415,,NO_MATCH,,0
CDR202600021507,,NO_MATCH,,0
CDR202600021536,,NO_MATCH,,0
CDR202600021621,,NO_MATCH,,0
CDR202600021720,,NO_MATCH,,0
CDR202600021742,,NO_MATCH,,0
CDR202600021763,,NO_MATCH,,0
CDR202600021848,,NO_MATCH,,0
CDR202600021854,,NO_MATCH,,0
CDR202600021855,,NO_MATCH,,0
CDR202600021866,,NO_MATCH,,0
CDR202600021936,,NO_MATCH,,0
CDR202600021949,,NO_MATCH,,0
CDR202600021997,,NO_MATCH,,0
CDR202600022056,,NO_MATCH,,0
CDR202600022120,,NO_MATCH,,0
CDR202600022122,,NO_MATCH,,0
CDR202600022239,,NO_MATCH,,0
CDR202600022292,,NO_MATCH,,0
CDR202600022390,,NO_MATCH,,0
CDR202600022423,,NO_MATCH,,0
CDR202600022458,,NO_MATCH,,0
CDR202600022472,,NO_MATCH,,0
CDR202600022537,,NO_MATCH,,0
CDR202600022573,,NO_MATCH,,0
CDR202600022595,,NO_MATCH,,0
CDR202600022624,,NO_MATCH,,0
CDR202600022630,,NO_MATCH,,0
CDR202600022914,,NO_MATCH,,0
CDR202600022938,,NO_MATCH,,0
CDR202600022990,,NO_MATCH,,0
CDR202600023101,,NO_MATCH,,0
CDR202600023129,,NO_MATCH,,0
CDR202600023179,,NO_MATCH,,0
CDR202600023187,,NO_MATCH,,0
CDR202600023512,,NO_MATCH,,0
CDR202600023538,,NO_MATCH,,0
CDR202600023568,,NO_MATCH,,0
CDR202600023654,,NO_MATCH,,0
CDR202600023740,,NO_MATCH,,0
CDR202600023823,,NO_MATCH,,0
CDR202600023849,,NO_MATCH,,0
CDR202600023877,,NO_MATCH,,0
CDR202600023927,,NO_MATCH,,0
CDR202600023937,,NO_MATCH,,0
CDR202600023952,,NO_MATCH,,0
CDR202600023963,,NO_MATCH,,0
CDR202600023977,,NO_MATCH,,0
CDR202600023980,,NO_MATCH,,0
CDR202600024073,,NO_MATCH,,0
CDR202600024093,,NO_MATCH,,0
CDR202600024122,,NO_MATCH,,0
CDR202600024183,,NO_MATCH,,0
CDR202600024195,,NO_MATCH,,0
CDR202600024323,,NO_MATCH,,0
CDR202600024367,,NO_MATCH,,0
CDR202600024389,,NO_MATCH,,0
CDR202600024412,,NO_MATCH,,0
CDR202600024432,,NO_MATCH,,0
CDR202600024496,,NO_MATCH,,0
CDR202600024566,,NO_MATCH,,0
CDR202600024634,,NO_MATCH,,0
CDR202600024702,,NO_MATCH,,0
CDR202600024755,,NO_MATCH,,0
CDR202600024859,,NO_MATCH,,0
CDR202600024891,,NO_MATCH,,0
CDR202600025009,,NO_MATCH,,0
CDR202600025061,,NO_MATCH,,0
CDR202600025096,,NO_MATCH,,0
CDR202600025245,,NO_MATCH,,0
CDR202600025272,,NO_MATCH,,0
CDR202600025314,,NO_MATCH,,0
CDR202600025498,,NO_MATCH,,0
CDR202600025603,,NO_MATCH,,0
CDR202600025607,,NO_MATCH,,0
CDR202600025643,,NO_MATCH,,0
CDR202600025730,,NO_MATCH,,0
CDR202600025743,,NO_MATCH,,0
CDR202600025751,,NO_MATCH,,0
CDR202600025755,,NO_MATCH,,0
CDR202600025815,,NO_MATCH,,0
CDR202600025852,,NO_MATCH,,0
CDR202600025868,,NO_MATCH,,0
CDR202600025891,,NO_MATCH,,0
CDR202600025970,,NO_MATCH,,0
CDR202600025974,,NO_MATCH,,0
CDR202600025992,,NO_MATCH,,0
CDR202600026041,,NO_MATCH,,0
CDR202600026271,,NO_MATCH,,0
CDR202600026355,,NO_MATCH,,0
CDR202600026426,,NO_MATCH,,0
CDR202600026562,,NO_MATCH,,0
CDR202600026601,,NO_MATCH,,0
CDR202600026672,,NO_MATCH,,0
CDR202600026717,,NO_MATCH,,0
CDR202600026720,,NO_MATCH,,0
CDR202600026751,,NO_MATCH,,0
CDR202600026803,,NO_MATCH,,0
CDR202600026820,,NO_MATCH,,0
CDR202600026835,,NO_MATCH,,0
CDR202600026868,,NO_MATCH,,0
CDR202600026916,,NO_MATCH,,0
CDR202600027078,,NO_MATCH,,0
CDR202600027107,,NO_MATCH,,0
CDR202600027118,,NO_MATCH,,0
CDR202600027121,,NO_MATCH,,0
CDR202600027125,,NO_MATCH,,0
CDR202600027246,,NO_MATCH,,0
CDR202600027354,,NO_MATCH,,0
CDR202600027404,,NO_MATCH,,0
CDR202600027444,,NO_MATCH,,0
CDR202600027480,,NO_MATCH,,0
CDR202600027510,,NO_MATCH,,0
CDR202600027517,,NO_MATCH,,0
CDR202600027604,,NO_MATCH,,0
CDR202600027643,,NO_MATCH,,0
CDR202600027655,,NO_MATCH,,0
CDR202600027698,,NO_MATCH,,0
CDR202600027757,,NO_MATCH,,0
CDR202600027802,,NO_MATCH,,0
CDR202600027817,,NO_MATCH,,0
CDR202600027963,,NO_MATCH,,0
CDR202600028000,,NO_MATCH,,0
CDR202600028110,,NO_MATCH,,0
CDR202600028251,,NO_MATCH,,0
CDR202600028317,,NO_MATCH,,0
CDR202600028334,,NO_MATCH,,0
CDR202600028380,,NO_MATCH,,0
CDR202600028535,,NO_MATCH,,0
CDR202600028617,,NO_MATCH,,0
CDR202600028627,,NO_MATCH,,0
CDR202600028712,,NO_MATCH,,0
CDR202600028745,,NO_MATCH,,0
CDR202600028834,,NO_MATCH,,0
CDR202600029007,,NO_MATCH,,0
CDR202600029066,,NO_MATCH,,0
CDR202600029077,,NO_MATCH,,0
CDR202600029087,,NO_MATCH,,0
CDR202600029131,,NO_MATCH,,0
CDR202600029160,,NO_MATCH,,0
CDR202600029240,,NO_MATCH,,0
CDR202600029270,,NO_MATCH,,0
CDR202600029314,,NO_MATCH,,0
CDR202600029319,,NO_MATCH,,0
CDR202600029388,,NO_MATCH,,0
CDR202600029398,,NO_MATCH,,0
CDR202600029400,,NO_MATCH,,0
CDR202600029481,,NO_MATCH,,0
CDR202600029540,,NO_MATCH,,0
CDR202600029547,,NO_MATCH,,0
CDR202600029573,,NO_MATCH,,0
CDR202600029579,,NO_MATCH,,0
CDR202600029607,,NO_MATCH,,0
CDR202600029615,,NO_MATCH,,0
CDR202600029634,,NO_MATCH,,0
CDR202600029645,,NO_MATCH,,0
CDR202600029709,,NO_MATCH,,0
CDR202600029916,,NO_MATCH,,0
CDR202600029974,,NO_MATCH,,0
CDR202600029975,,NO_MATCH,,0
CDR202600030062,,NO_MATCH,,0
CDR202600030064,,NO_MATCH,,0
CDR202600030133,,NO_MATCH,,0
CDR202600030150,,NO_MATCH,,0
CDR202600030159,,NO_MATCH,,0
CDR202600030220,,NO_MATCH,,0
CDR202600030269,,NO_MATCH,,0
CDR202600030327,,NO_MATCH,,0
CDR202600030372,,NO_MATCH,,0
CDR202600030425,,NO_MATCH,,0
CDR202600030455,,NO_MATCH,,0
CDR202600030577,,NO_MATCH,,0
CDR202600030580,,NO_MATCH,,0
CDR202600030619,,NO_MATCH,,0
CDR202600030770,,NO_MATCH,,0
CDR202600030783,,NO_MATCH,,0
CDR202600030865,,NO_MATCH,,0
CDR202600030914,,NO_MATCH,,0
CDR202600030932,,NO_MATCH,,0
CDR202600030937,,NO_MATCH,,0
CDR202600030954,,NO_MATCH,,0
CDR202600031048,,NO_MATCH,,0
CDR202600031139,,NO_MATCH,,0
CDR202600031148,,NO_MATCH,,0
CDR202600031251,,NO_MATCH,,0
CDR202600031272,,NO_MATCH,,0
CDR202600031367,,NO_MATCH,,0
CDR202600031469,,NO_MATCH,,0
CDR202600031529,,NO_MATCH,,0
CDR202600031591,,NO_MATCH,,0
CDR202600031649,,NO_MATCH,,0
CDR202600031660,,NO_MATCH,,0
CDR202600031751,,NO_MATCH,,0
CDR202600031776,,NO_MATCH,,0
CDR202600031783,,NO_MATCH,,0
CDR202600031817,,NO_MATCH,,0
CDR202600031886,,NO_MATCH,,0
CDR202600031915,,NO_MATCH,,0
CDR202600031972,,NO_MATCH,,0
CDR202600031999,,NO_MATCH,,0
CDR202600032028,,NO_MATCH,,0
CDR202600032058,,NO_MATCH,,0
CDR202600032066,,NO_MATCH,,0
CDR202600032075,,NO_MATCH,,0
CDR202600032083,,NO_MATCH,,0
CDR202600032092,,NO_MATCH,,0
CDR202600032099,,NO_MATCH,,0
CDR202600032340,,NO_MATCH,,0
CDR202600032384,,NO_MATCH,,0
CDR202600032472,,NO_MATCH,,0
CDR202600032478,,NO_MATCH,,0
CDR202600032483,,NO_MATCH,,0
CDR202600032506,,NO_MATCH,,0
CDR202600032552,,NO_MATCH,,0
CDR202600032623,,NO_MATCH,,0
CDR202600032641,,NO_MATCH,,0
CDR202600032645,,NO_MATCH,,0
CDR202600032654,,NO_MATCH,,0
CDR202600032749,,NO_MATCH,,0
CDR202600032844,,NO_MATCH,,0
CDR202600032869,,NO_MATCH,,0
CDR202600032887,,NO_MATCH,,0
CDR202600032901,,NO_MATCH,,0
CDR202600032907,,NO_MATCH,,0
CDR202600033078,,NO_MATCH,,0
CDR202600033131,,NO_MATCH,,0
CDR202600033139,,NO_MATCH,,0
CDR202600033189,,NO_MATCH,,0
CDR202600033203,,NO_MATCH,,0
CDR202600033245,,NO_MATCH,,0
CDR202600033277,,NO_MATCH,,0
CDR202600033296,,NO_MATCH,,0
CDR202600033299,,NO_MATCH,,0
CDR202600033351,,NO_MATCH,,0
CDR202600033404,,NO_MATCH,,0
CDR202600033439,,NO_MATCH,,0
CDR202600033485,,NO_MATCH,,0
CDR202600033538,,NO_MATCH,,0
CDR202600033564,,NO_MATCH,,0
CDR202600033656,,NO_MATCH,,0
CDR202600033659,,NO_MATCH,,0
CDR202600033664,,NO_MATCH,,0
CDR202600033677,,NO_MATCH,,0
CDR202600033699,,NO_MATCH,,0
CDR202600033704,,NO_MATCH,,0
CDR202600033705,,NO_MATCH,,0
CDR202600033788,,NO_MATCH,,0
CDR202600033824,,NO_MATCH,,0
CDR202600033900,,NO_MATCH,,0
CDR202600034013,,NO_MATCH,,0
CDR202600034027,,NO_MATCH,,0
CDR202600034065,,NO_MATCH,,0
CDR202600034086,,NO_MATCH,,0
CDR202600034100,,NO_MATCH,,0
CDR202600034137,,NO_MATCH,,0
CDR202600034142,,NO_MATCH,,0
CDR202600034183,,NO_MATCH,,0
CDR202600034232,,NO_MATCH,,0
CDR202600034281,,NO_MATCH,,0
CDR202600034284,,NO_MATCH,,0
CDR202600034300,,NO_MATCH,,0
CDR202600034338,,NO_MATCH,,0
CDR202600034360,,NO_MATCH,,0
CDR202600034361,,NO_MATCH,,0
CDR202600034376,,NO_MATCH,,0
CDR202600034429,,NO_MATCH,,0
CDR202600034480,,NO_MATCH,,0
CDR202600034482,,NO_MATCH,,0
CDR202600034758,,NO_MATCH,,0
CDR202600034791,,NO_MATCH,,0
CDR202600034801,,NO_MATCH,,0
CDR202600034852,,NO_MATCH,,0
CDR202600035223,,NO_MATCH,,0
CDR202600035329,,NO_MATCH,,0
CDR202600035351,,NO_MATCH,,0
CDR202600035389,,NO_MATCH,,0
CDR202600035403,,NO_MATCH,,0
CDR202600035427,,NO_MATCH,,0
CDR202600035456,,NO_MATCH,,0
CDR202600035463,,NO_MATCH,,0
CDR202600035595,,NO_MATCH,,0
CDR202600035602,,NO_MATCH,,0
CDR202600035776,,NO_MATCH,,0
CDR202600035911,,NO_MATCH,,0
CDR202600035963,,NO_MATCH,,0
CDR202600035980,,NO_MATCH,,0
CDR202600036017,,NO_MATCH,,0
CDR202600036065,,NO_MATCH,,0
CDR202600036100,,NO_MATCH,,0
CDR202600036140,,NO_MATCH,,0
CDR202600036141,,NO_MATCH,,0
CDR202600036353,,NO_MATCH,,0
CDR202600036365,,NO_MATCH,,0
CDR202600036390,,NO_MATCH,,0
CDR202600036418,,NO_MATCH,,0
CDR202600036431,,NO_MATCH,,0
CDR202600036438,,NO_MATCH,,0
CDR202600036491,,NO_MATCH,,0
CDR202600036498,,NO_MATCH,,0
CDR202600036511,,NO_MATCH,,0
CDR202600036512,,NO_MATCH,,0
CDR202600036537,,NO_MATCH,,0
CDR202600036690,,NO_MATCH,,0
CDR202600036724,,NO_MATCH,,0
CDR202600036762,,NO_MATCH,,0
CDR202600036771,,NO_MATCH,,0
CDR202600036866,,NO_MATCH,,0
CDR202600036872,,NO_MATCH,,0
CDR202600036892,,NO_MATCH,,0
CDR202600036899,,NO_MATCH,,0
CDR202600036915,,NO_MATCH,,0
CDR202600036926,,NO_MATCH,,0
CDR202600036996,,NO_MATCH,,0
CDR202600037005,,NO_MATCH,,0
CDR202600037036,,NO_MATCH,,0
CDR202600037042,,NO_MATCH,,0
CDR202600037045,,NO_MATCH,,0
CDR202600037046,,NO_MATCH,,0
CDR202600037118,,NO_MATCH,,0
CDR202600037128,,NO_MATCH,,0
CDR202600037133,,NO_MATCH,,0
CDR202600037151,,NO_MATCH,,0
CDR202600037218,,NO_MATCH,,0
CDR202600037224,,NO_MATCH,,0
CDR202600037264,,NO_MATCH,,0
CDR202600037288,,NO_MATCH,,0
CDR202600037303,,NO_MATCH,,0
CDR202600037320,,NO_MATCH,,0
CDR202600037323,,NO_MATCH,,0
CDR202600037330,,NO_MATCH,,0
CDR202600037363,,NO_MATCH,,0
CDR202600037411,,NO_MATCH,,0
CDR202600037563,,NO_MATCH,,0
CDR202600037706,,NO_MATCH,,0
CDR202600037749,,NO_MATCH,,0
CDR202600037862,,NO_MATCH,,0
CDR202600038017,,NO_MATCH,,0
CDR202600038043,,NO_MATCH,,0
CDR202600038094,,NO_MATCH,,0
CDR202600038099,,NO_MATCH,,0
CDR202600038102,,NO_MATCH,,0
CDR202600038107,,NO_MATCH,,0
CDR202600038124,,NO_MATCH,,0
CDR202600038166,,NO_MATCH,,0
CDR202600038176,,NO_MATCH,,0
CDR202600038196,,NO_MATCH,,0
CDR202600038211,,NO_MATCH,,0
CDR202600038220,,NO_MATCH,,0
CDR202600038290,,NO_MATCH,,0
CDR202600038337,,NO_MATCH,,0
CDR202600038523,,NO_MATCH,,0
CDR202600038550,,NO_MATCH,,0
CDR202600038607,,NO_MATCH,,0
CDR202600038681,,NO_MATCH,,0
CDR202600038719,,NO_MATCH,,0
CDR202600038818,,NO_MATCH,,0
CDR202600038827,,NO_MATCH,,0
CDR202600038923,,NO_MATCH,,0
CDR202600039011,,NO_MATCH,,0
CDR202600039111,,NO_MATCH,,0
CDR202600039181,,NO_MATCH,,0
CDR202600039213,,NO_MATCH,,0
CDR202600039248,,NO_MATCH,,0
CDR202600039294,,NO_MATCH,,0
CDR202600039317,,NO_MATCH,,0
CDR202600039461,,NO_MATCH,,0
CDR202600039488,,NO_MATCH,,0
CDR202600039499,,NO_MATCH,,0
CDR202600039511,,NO_MATCH,,0
CDR202600039563,,NO_MATCH,,0
CDR202600039578,,NO_MATCH,,0
CDR202600039582,,NO_MATCH,,0
CDR202600039731,,NO_MATCH,,0
CDR202600039750,,NO_MATCH,,0
CDR202600039762,,NO_MATCH,,0
CDR202600039792,,NO_MATCH,,0
CDR202600039863,,NO_MATCH,,0
CDR202600039880,,NO_MATCH,,0
CDR202600039887,,NO_MATCH,,0
CDR202600039958,,NO_MATCH,,0
CDR202600039985,,NO_MATCH,,0
CDR202600039989,,NO_MATCH,,0
CDR202600040036,,NO_MATCH,,0
CDR202600040062,,NO_MATCH,,0
CDR202600040173,,NO_MATCH,,0
CDR202600040286,,NO_MATCH,,0
CDR202600040302,,NO_MATCH,,0
CDR202600040306,,NO_MATCH,,0
CDR202600040358,,NO_MATCH,,0
CDR202600040359,,NO_MATCH,,0
CDR202600040373,,NO_MATCH,,0
CDR202600040379,,NO_MATCH,,0
CDR202600040386,,NO_MATCH,,0
CDR202600040426,,NO_MATCH,,0
CDR202600040446,,NO_MATCH,,0
CDR202600040489,,NO_MATCH,,0
CDR202600040508,,NO_MATCH,,0
CDR202600040576,,NO_MATCH,,0
CDR202600040639,,NO_MATCH,,0
CDR202600040680,,NO_MATCH,,0
CDR202600040740,,NO_MATCH,,0
CDR202600040750,,NO_MATCH,,0
CDR202600040769,,NO_MATCH,,0
CDR202600040811,,NO_MATCH,,0
CDR202600040819,,NO_MATCH,,0
CDR202600040835,,NO_MATCH,,0
CDR202600041072,,NO_MATCH,,0
CDR202600041121,,NO_MATCH,,0
CDR202600041181,,NO_MATCH,,0
CDR202600041190,,NO_MATCH,,0
CDR202600041196,,NO_MATCH,,0
CDR202600041202,,NO_MATCH,,0
CDR202600041285,,NO_MATCH,,0
CDR202600041323,,NO_MATCH,,0
CDR202600041333,,NO_MATCH,,0
CDR202600041351,,NO_MATCH,,0
CDR202600041410,,NO_MATCH,,0
CDR202600041423,,NO_MATCH,,0
CDR202600041427,,NO_MATCH,,0
CDR202600041429,,NO_MATCH,,0
CDR202600041607,,NO_MATCH,,0
CDR202600041613,,NO_MATCH,,0
CDR202600041649,,NO_MATCH,,0
CDR202600041651,,NO_MATCH,,0
CDR202600041877,,NO_MATCH,,0
CDR202600042008,,NO_MATCH,,0
CDR202600042060,,NO_MATCH,,0
CDR202600042205,,NO_MATCH,,0
CDR202600042363,,NO_MATCH,,0
CDR202600042364,,NO_MATCH,,0
CDR202600042487,,NO_MATCH,,0
CDR202600042586,,NO_MATCH,,0
CDR202600042587,,NO_MATCH,,0
CDR202600042588,,NO_MATCH,,0
CDR202600042591,,NO_MATCH,,0
CDR202600042737,,NO_MATCH,,0
CDR202600042763,,NO_MATCH,,0
CDR202600042809,,NO_MATCH,,0
CDR202600042833,,NO_MATCH,,0
CDR202600042844,,NO_MATCH,,0
CDR202600042914,,NO_MATCH,,0
CDR202600042935,,NO_MATCH,,0
CDR202600042961,,NO_MATCH,,0
CDR202600043104,,NO_MATCH,,0
CDR202600043193,,NO_MATCH,,0
CDR202600043215,,NO_MATCH,,0
CDR202600043238,,NO_MATCH,,0
CDR202600043247,,NO_MATCH,,0
CDR202600043250,,NO_MATCH,,0
CDR202600043262,,NO_MATCH,,0
CDR202600043279,,NO_MATCH,,0
CDR202600043289,,NO_MATCH,,0
CDR202600043334,,NO_MATCH,,0
CDR202600043354,,NO_MATCH,,0
CDR202600043357,,NO_MATCH,,0
CDR202600043485,,NO_MATCH,,0
CDR202600043518,,NO_MATCH,,0
CDR202600043526,,NO_MATCH,,0
CDR202600043540,,NO_MATCH,,0
CDR202600043579,,NO_MATCH,,0
CDR202600043620,,NO_MATCH,,0
CDR202600043677,,NO_MATCH,,0
CDR202600043831,,NO_MATCH,,0
CDR202600043843,,NO_MATCH,,0
CDR202600043871,,NO_MATCH,,0
CDR202600043887,,NO_MATCH,,0
CDR202600043944,,NO_MATCH,,0
CDR202600043991,,NO_MATCH,,0
CDR202600044096,,NO_MATCH,,0
CDR202600044128,,NO_MATCH,,0
CDR202600044164,,NO_MATCH,,0
CDR202600044231,,NO_MATCH,,0
CDR202600044234,,NO_MATCH,,0
CDR202600044257,,NO_MATCH,,0
CDR202600044288,,NO_MATCH,,0
CDR202600044298,,NO_MATCH,,0
CDR202600044346,,NO_MATCH,,0
CDR202600044369,,NO_MATCH,,0
CDR202600044378,,NO_MATCH,,0
CDR202600044427,,NO_MATCH,,0
CDR202600044475,,NO_MATCH,,0
CDR202600044491,,NO_MATCH,,0
CDR202600044496,,NO_MATCH,,0
CDR202600044546,,NO_MATCH,,0
CDR202600044603,,NO_MATCH,,0
CDR202600044702,,NO_MATCH,,0
CDR202600044716,,NO_MATCH,,0
CDR202600044768,,NO_MATCH,,0
CDR202600044770,,NO_MATCH,,0
CDR202600044910,,NO_MATCH,,0
CDR202600044936,,NO_MATCH,,0
CDR202600044982,,NO_MATCH,,0
CDR202600045029,,NO_MATCH,,0
CDR202600045190,,NO_MATCH,,0
CDR202600045327,,NO_MATCH,,0
CDR202600045517,,NO_MATCH,,0
CDR202600045634,,NO_MATCH,,0
CDR202600045679,,NO_MATCH,,0
CDR202600045727,,NO_MATCH,,0
CDR202600045759,,NO_MATCH,,0
CDR202600045811,,NO_MATCH,,0
CDR202600045877,,NO_MATCH,,0
CDR202600045884,,NO_MATCH,,0
CDR202600045885,,NO_MATCH,,0
CDR202600045897,,NO_MATCH,,0
CDR202600045933,,NO_MATCH,,0
CDR202600045938,,NO_MATCH,,0
CDR202600045945,,NO_MATCH,,0
CDR202600046030,,NO_MATCH,,0
CDR202600046054,,NO_MATCH,,0
CDR202600046080,,NO_MATCH,,0
CDR202600046149,,NO_MATCH,,0
CDR202600046219,,NO_MATCH,,0
CDR202600046238,,NO_MATCH,,0
CDR202600046308,,NO_MATCH,,0
CDR202600046463,,NO_MATCH,,0
CDR202600046518,,NO_MATCH,,0
CDR202600046723,,NO_MATCH,,0
CDR202600046735,,NO_MATCH,,0
CDR202600046747,,NO_MATCH,,0
CDR202600046762,,NO_MATCH,,0
CDR202600046880,,NO_MATCH,,0
CDR202600046927,,NO_MATCH,,0
CDR202600046946,,NO_MATCH,,0
CDR202600046960,,NO_MATCH,,0
CDR202600046964,,NO_MATCH,,0
CDR202600047092,,NO_MATCH,,0
CDR202600047093,,NO_MATCH,,0
CDR202600047189,,NO_MATCH,,0
CDR202600047219,,NO_MATCH,,0
CDR202600047234,,NO_MATCH,,0
CDR202600047273,,NO_MATCH,,0
CDR202600047320,,NO_MATCH,,0
CDR202600047345,,NO_MATCH,,0
CDR202600047502,,NO_MATCH,,0
CDR202600047601,,NO_MATCH,,0
CDR202600047612,,NO_MATCH,,0
CDR202600047638,,NO_MATCH,,0
CDR202600047659,,NO_MATCH,,0
CDR202600047804,,NO_MATCH,,0
CDR202600047922,,NO_MATCH,,0
CDR202600047961,,NO_MATCH,,0
CDR202600048049,,NO_MATCH,,0
CDR202600048070,,NO_MATCH,,0
CDR202600048126,,NO_MATCH,,0
CDR202600048225,,NO_MATCH,,0
CDR202600048245,,NO_MATCH,,0
CDR202600048336,,NO_MATCH,,0
CDR202600048450,,NO_MATCH,,0
CDR202600048482,,NO_MATCH,,0
CDR202600048486,,NO_MATCH,,0
CDR202600048531,,NO_MATCH,,0
CDR202600048553,,NO_MATCH,,0
CDR202600048572,,NO_MATCH,,0
CDR202600048606,,NO_MATCH,,0
CDR202600048616,,NO_MATCH,,0
CDR202600048633,,NO_MATCH,,0
CDR202600048758,,NO_MATCH,,0
CDR202600048777,,NO_MATCH,,0
CDR202600048796,,NO_MATCH,,0
CDR202600048804,,NO_MATCH,,0
CDR202600048883,,NO_MATCH,,0
CDR202600048935,,NO_MATCH,,0
CDR202600048948,,NO_MATCH,,0
CDR202600049078,,NO_MATCH,,0
CDR202600049160,,NO_MATCH,,0
CDR202600049226,,NO_MATCH,,0
CDR202600049361,,NO_MATCH,,0
CDR202600049404,,NO_MATCH,,0
CDR202600049429,,NO_MATCH,,0
CDR202600049492,,NO_MATCH,,0
CDR202600049515,,NO_MATCH,,0
CDR202600049520,,NO_MATCH,,0
CDR202600049554,,NO_MATCH,,0
CDR202600049571,,NO_MATCH,,0
CDR202600049614,,NO_MATCH,,0
CDR202600049619,,NO_MATCH,,0
CDR202600049621,,NO_MATCH,,0
CDR202600049652,,NO_MATCH,,0
CDR202600049714,,NO_MATCH,,0
CDR202600049773,,NO_MATCH,,0
CDR202600049827,,NO_MATCH,,0
CDR202600049896,,NO_MATCH,,0
CDR202600049898,,NO_MATCH,,0
CDR202600049907,,NO_MATCH,,0
CDR202600049912,,NO_MATCH,,0
CDR202600049919,,NO_MATCH,,0
CDR202600049929,,NO_MATCH,,0
CDR202600049961,,NO_MATCH,,0
CDR202600049977,,NO_MATCH,,0
CDR202600050059,,NO_MATCH,,0
CDR202600050100,,NO_MATCH,,0
CDR202600050122,,NO_MATCH,,0
CDR202600050140,,NO_MATCH,,0
CDR202600050350,,NO_MATCH,,0
CDR202600050361,,NO_MATCH,,0
CDR202600050375,,NO_MATCH,,0
CDR202600050521,,NO_MATCH,,0
CDR202600050530,,NO_MATCH,,0
CDR202600050547,,NO_MATCH,,0
CDR202600050617,,NO_MATCH,,0
CDR202600050630,,NO_MATCH,,0
CDR202600050771,,NO_MATCH,,0
CDR202600050787,,NO_MATCH,,0
CDR202600050788,,NO_MATCH,,0
CDR202600050793,,NO_MATCH,,0
CDR202600050810,,NO_MATCH,,0
CDR202600050839,,NO_MATCH,,0
CDR202600050852,,NO_MATCH,,0
CDR202600050904,,NO_MATCH,,0
CDR202600050910,,NO_MATCH,,0
CDR202600050929,,NO_MATCH,,0
CDR202600050934,,NO_MATCH,,0
CDR202600050937,,NO_MATCH,,0
CDR202600050967,,NO_MATCH,,0
CDR202600050974,,NO_MATCH,,0
CDR202600050982,,NO_MATCH,,0
CDR202600050988,,NO_MATCH,,0
CDR202600051014,,NO_MATCH,,0
CDR202600051082,,NO_MATCH,,0
CDR202600051111,,NO_MATCH,,0
CDR202600051178,,NO_MATCH,,0
CDR202600051297,,NO_MATCH,,0
CDR202600051314,,NO_MATCH,,0
CDR202600051365,,NO_MATCH,,0
CDR202600051368,,NO_MATCH,,0
CDR202600051371,,NO_MATCH,,0
CDR202600051435,,NO_MATCH,,0
CDR202600051545,,NO_MATCH,,0
CDR202600051605,,NO_MATCH,,0
CDR202600051836,,NO_MATCH,,0
CDR202600051840,,NO_MATCH,,0
CDR202600051860,,NO_MATCH,,0
CDR202600051880,,NO_MATCH,,0
CDR202600051884,,NO_MATCH,,0
CDR202600051919,,NO_MATCH,,0
CDR202600051926,,NO_MATCH,,0
CDR202600051939,,NO_MATCH,,0
CDR202600051992,,NO_MATCH,,0
CDR202600052008,,NO_MATCH,,0
CDR202600052026,,NO_MATCH,,0
CDR202600052049,,NO_MATCH,,0
CDR202600052068,,NO_MATCH,,0
CDR202600052108,,NO_MATCH,,0
CDR202600052426,,NO_MATCH,,0
CDR202600052427,,NO_MATCH,,0
CDR202600052431,,NO_MATCH,,0
CDR202600052442,,NO_MATCH,,0
CDR202600052619,,NO_MATCH,,0
CDR202600052665,,NO_MATCH,,0
CDR202600052717,,NO_MATCH,,0
CDR202600052732,,NO_MATCH,,0
CDR202600052736,,NO_MATCH,,0
CDR202600052854,,NO_MATCH,,0
CDR202600052939,,NO_MATCH,,0
CDR202600052956,,NO_MATCH,,0
CDR202600053016,,NO_MATCH,,0
CDR202600053018,,NO_MATCH,,0
CDR202600053060,,NO_MATCH,,0
CDR202600053083,,NO_MATCH,,0
CDR202600053106,,NO_MATCH,,0
CDR202600053116,,NO_MATCH,,0
CDR202600053152,,NO_MATCH,,0
CDR202600053185,,NO_MATCH,,0
CDR202600053278,,NO_MATCH,,0
CDR202600053288,,NO_MATCH,,0
CDR202600053304,,NO_MATCH,,0
CDR202600053439,,NO_MATCH,,0
CDR202600053457,,NO_MATCH,,0
CDR202600053461,,NO_MATCH,,0
CDR202600053490,,NO_MATCH,,0
CDR202600053542,,NO_MATCH,,0
CDR202600053558,,NO_MATCH,,0
CDR202600053596,,NO_MATCH,,0
CDR202600053742,,NO_MATCH,,0
CDR202600053758,,NO_MATCH,,0
CDR202600053776,,NO_MATCH,,0
CDR202600053789,,NO_MATCH,,0
CDR202600053801,,NO_MATCH,,0
CDR202600053917,,NO_MATCH,,0
CDR202600053935,,NO_MATCH,,0
CDR202600053942,,NO_MATCH,,0
CDR202600053979,,NO_MATCH,,0
CDR202600054042,,NO_MATCH,,0
CDR202600054066,,NO_MATCH,,0
CDR202600054081,,NO_MATCH,,0
CDR202600054166,,NO_MATCH,,0
CDR202600054178,,NO_MATCH,,0
CDR202600054208,,NO_MATCH,,0
CDR202600054237,,NO_MATCH,,0
CDR202600054262,,NO_MATCH,,0
CDR202600054330,,NO_MATCH,,0
CDR202600054373,,NO_MATCH,,0
CDR202600054454,,NO_MATCH,,0
CDR202600054474,,NO_MATCH,,0
CDR202600054566,,NO_MATCH,,0
CDR202600054590,,NO_MATCH,,0
CDR202600054595,,NO_MATCH,,0
CDR202600054605,,NO_MATCH,,0
CDR202600054634,,NO_MATCH,,0
CDR202600054655,,NO_MATCH,,0
CDR202600054725,,NO_MATCH,,0
CDR202600054874,,NO_MATCH,,0
CDR202600054930,,NO_MATCH,,0
CDR202600055034,,NO_MATCH,,0
CDR202600055125,,NO_MATCH,,0
CDR202600055130,,NO_MATCH,,0
CDR202600055156,,NO_MATCH,,0
CDR202600055191,,NO_MATCH,,0
CDR202600055209,,NO_MATCH,,0
CDR202600055301,,NO_MATCH,,0
CDR202600055324,,NO_MATCH,,0
CDR202600055361,,NO_MATCH,,0
CDR202600055370,,NO_MATCH,,0
CDR202600055414,,NO_MATCH,,0
CDR202600055421,,NO_MATCH,,0
CDR202600055501,,NO_MATCH,,0
CDR202600055638,,NO_MATCH,,0
CDR202600055717,,NO_MATCH,,0
CDR202600055724,,NO_MATCH,,0
CDR202600055776,,NO_MATCH,,0
CDR202600055869,,NO_MATCH,,0
CDR202600055929,,NO_MATCH,,0
CDR202600055957,,NO_MATCH,,0
CDR202600055962,,NO_MATCH,,0
CDR202600056001,,NO_MATCH,,0
CDR202600056086,,NO_MATCH,,0
CDR202600056117,,NO_MATCH,,0
CDR202600056131,,NO_MATCH,,0
CDR202600056146,,NO_MATCH,,0
CDR202600056174,,NO_MATCH,,0
CDR202600056182,,NO_MATCH,,0
CDR202600056200,,NO_MATCH,,0
CDR202600056208,,NO_MATCH,,0
CDR202600056257,,NO_MATCH,,0
CDR202600056288,,NO_MATCH,,0
CDR202600056319,,NO_MATCH,,0
CDR202600056377,,NO_MATCH,,0
CDR202600056380,,NO_MATCH,,0
CDR202600056381,,NO_MATCH,,0
CDR202600056449,,NO_MATCH,,0
CDR202600056509,,NO_MATCH,,0
CDR202600056521,,NO_MATCH,,0
CDR202600056722,,NO_MATCH,,0
CDR202600056727,,NO_MATCH,,0
CDR202600056744,,NO_MATCH,,0
CDR202600056774,,NO_MATCH,,0
CDR202600056782,,NO_MATCH,,0
CDR202600056839,,NO_MATCH,,0
CDR202600056933,,NO_MATCH,,0
CDR202600056942,,NO_MATCH,,0
CDR202600056986,,NO_MATCH,,0
CDR202600056990,,NO_MATCH,,0
CDR202600057087,,NO_MATCH,,0
CDR202600057122,,NO_MATCH,,0
CDR202600057179,,NO_MATCH,,0
CDR202600057219,,NO_MATCH,,0
CDR202600057220,,NO_MATCH,,0
CDR202600057229,,NO_MATCH,,0
CDR202600057234,,NO_MATCH,,0
CDR202600057255,,NO_MATCH,,0
CDR202600057325,,NO_MATCH,,0
CDR202600057351,,NO_MATCH,,0
CDR202600057463,,NO_MATCH,,0
CDR202600057513,,NO_MATCH,,0
CDR202600057604,,NO_MATCH,,0
CDR202600057720,,NO_MATCH,,0
CDR202600057721,,NO_MATCH,,0
CDR202600057746,,NO_MATCH,,0
CDR202600057791,,NO_MATCH,,0
CDR202600057916,,NO_MATCH,,0
CDR202600057942,,NO_MATCH,,0
CDR202600057961,,NO_MATCH,,0
CDR202600058010,,NO_MATCH,,0
CDR202600058186,,NO_MATCH,,0
CDR202600058230,,NO_MATCH,,0
CDR202600058301,,NO_MATCH,,0
CDR202600058381,,NO_MATCH,,0
CDR202600058448,,NO_MATCH,,0
CDR202600058450,,NO_MATCH,,0
CDR202600058488,,NO_MATCH,,0
CDR202600058521,,NO_MATCH,,0
CDR202600058595,,NO_MATCH,,0
CDR202600058606,,NO_MATCH,,0
CDR202600058696,,NO_MATCH,,0
CDR202600058791,,NO_MATCH,,0
CDR202600058821,,NO_MATCH,,0
CDR202600058839,,NO_MATCH,,0
CDR202600058883,,NO_MATCH,,0
CDR202600058923,,NO_MATCH,,0
CDR202600058989,,NO_MATCH,,0
CDR202600059145,,NO_MATCH,,0
CDR202600059196,,NO_MATCH,,0
CDR202600059202,,NO_MATCH,,0
CDR202600059269,,NO_MATCH,,0
CDR202600059289,,NO_MATCH,,0
CDR202600059323,,NO_MATCH,,0
CDR202600059348,,NO_MATCH,,0
CDR202600059356,,NO_MATCH,,0
CDR202600059409,,NO_MATCH,,0
CDR202600059497,,NO_MATCH,,0
CDR202600059532,,NO_MATCH,,0
CDR202600059557,,NO_MATCH,,0
CDR202600059643,,NO_MATCH,,0
CDR202600059838,,NO_MATCH,,0
CDR202600059867,,NO_MATCH,,0
CDR202600059933,,NO_MATCH,,0
CDR202600059977,,NO_MATCH,,0
CDR202600060037,,NO_MATCH,,0
CDR202600060130,,NO_MATCH,,0
CDR202600060146,,NO_MATCH,,0
CDR202600060234,,NO_MATCH,,0
CDR202600060417,,NO_MATCH,,0
CDR202600060446,,NO_MATCH,,0
CDR202600060538,,NO_MATCH,,0
CDR202600060576,,NO_MATCH,,0
CDR202600060658,,NO_MATCH,,0
CDR202600060702,,NO_MATCH,,0
CDR202600060718,,NO_MATCH,,0
CDR202600060778,,NO_MATCH,,0
CDR202600060779,,NO_MATCH,,0
CDR202600060801,,NO_MATCH,,0
CDR202600060824,,NO_MATCH,,0
CDR202600060870,,NO_MATCH,,0
CDR202600060894,,NO_MATCH,,0
CDR202600060916,,NO_MATCH,,0
CDR202600060951,,NO_MATCH,,0
CDR202600060985,,NO_MATCH,,0
CDR202600061119,,NO_MATCH,,0
CDR202600061132,,NO_MATCH,,0
CDR202600061203,,NO_MATCH,,0
CDR202600061239,,NO_MATCH,,0
CDR202600061283,,NO_MATCH,,0
CDR202600061322,,NO_MATCH,,0
CDR202600061348,,NO_MATCH,,0
CDR202600061571,,NO_MATCH,,0
CDR202600061613,,NO_MATCH,,0
CDR202600061635,,NO_MATCH,,0
CDR202600061644,,NO_MATCH,,0
CDR202600061661,,NO_MATCH,,0
CDR202600061688,,NO_MATCH,,0
CDR202600061773,,NO_MATCH,,0
CDR202600061797,,NO_MATCH,,0
CDR202600061826,,NO_MATCH,,0
CDR202600061927,,NO_MATCH,,0
CDR202600061960,,NO_MATCH,,0
CDR202600061976,,NO_MATCH,,0
CDR202600062003,,NO_MATCH,,0
CDR202600062077,,NO_MATCH,,0
CDR202600062154,,NO_MATCH,,0
CDR202600062203,,NO_MATCH,,0
CDR202600062403,,NO_MATCH,,0
CDR202600062421,,NO_MATCH,,0
CDR202600062493,,NO_MATCH,,0
CDR202600062544,,NO_MATCH,,0
CDR202600062559,,NO_MATCH,,0
CDR202600062611,,NO_MATCH,,0
CDR202600062626,,NO_MATCH,,0
CDR202600062635,,NO_MATCH,,0
CDR202600062669,,NO_MATCH,,0
CDR202600062688,,NO_MATCH,,0
CDR202600062709,,NO_MATCH,,0
CDR202600062802,,NO_MATCH,,0
CDR202600062833,,NO_MATCH,,0
CDR202600062894,,NO_MATCH,,0
CDR202600062901,,NO_MATCH,,0
CDR202600062967,,NO_MATCH,,0
CDR202600062972,,NO_MATCH,,0
CDR202600063057,,NO_MATCH,,0
CDR202600063067,,NO_MATCH,,0
CDR202600063079,,NO_MATCH,,0
CDR202600063086,,NO_MATCH,,0
CDR202600063089,,NO_MATCH,,0
CDR202600063122,,NO_MATCH,,0
CDR202600063125,,NO_MATCH,,0
CDR202600063164,,NO_MATCH,,0
CDR202600063338,,NO_MATCH,,0
CDR202600063411,,NO_MATCH,,0
CDR202600063435,,NO_MATCH,,0
CDR202600063437,,NO_MATCH,,0
CDR202600063444,,NO_MATCH,,0
CDR202600063520,,NO_MATCH,,0
CDR202600063548,,NO_MATCH,,0
CDR202600063604,,NO_MATCH,,0
CDR202600063676,,NO_MATCH,,0
CDR202600063688,,NO_MATCH,,0
CDR202600063999,,NO_MATCH,,0
CDR202600064011,,NO_MATCH,,0
CDR202600064073,,NO_MATCH,,0
CDR202600064123,,NO_MATCH,,0
CDR202600064189,,NO_MATCH,,0
CDR202600064191,,NO_MATCH,,0
CDR202600064315,,NO_MATCH,,0
CDR202600064406,,NO_MATCH,,0
CDR202600064466,,NO_MATCH,,0
CDR202600064543,,NO_MATCH,,0
CDR202600064587,,NO_MATCH,,0
CDR202600064638,,NO_MATCH,,0
CDR202600064690,,NO_MATCH,,0
CDR202600064693,,NO_MATCH,,0
CDR202600064718,,NO_MATCH,,0
CDR202600064762,,NO_MATCH,,0
CDR202600064778,,NO_MATCH,,0
CDR202600064820,,NO_MATCH,,0
CDR202600065015,,NO_MATCH,,0
CDR202600065056,,NO_MATCH,,0
CDR202600065211,,NO_MATCH,,0
CDR202600065224,,NO_MATCH,,0
CDR202600065248,,NO_MATCH,,0
CDR202600065293,,NO_MATCH,,0
CDR202600065306,,NO_MATCH,,0
CDR202600065400,,NO_MATCH,,0
CDR202600065422,,NO_MATCH,,0
CDR202600065432,,NO_MATCH,,0
CDR202600065502,,NO_MATCH,,0
CDR202600065503,,NO_MATCH,,0
CDR202600065514,,NO_MATCH,,0
CDR202600065554,,NO_MATCH,,0
CDR202600065644,,NO_MATCH,,0
CDR202600065652,,NO_MATCH,,0
CDR202600065706,,NO_MATCH,,0
CDR202600065762,,NO_MATCH,,0
CDR202600065774,,NO_MATCH,,0
CDR202600065782,,NO_MATCH,,0
CDR202600065798,,NO_MATCH,,0
CDR202600065873,,NO_MATCH,,0
CDR202600065882,,NO_MATCH,,0
CDR202600065886,,NO_MATCH,,0
CDR202600065928,,NO_MATCH,,0
CDR202600065945,,NO_MATCH,,0
CDR202600065966,,NO_MATCH,,0
CDR202600066005,,NO_MATCH,,0
CDR202600066021,,NO_MATCH,,0
CDR202600066025,,NO_MATCH,,0
CDR202600066074,,NO_MATCH,,0
CDR202600066092,,NO_MATCH,,0
CDR202600066114,,NO_MATCH,,0
CDR202600066150,,NO_MATCH,,0
CDR202600066218,,NO_MATCH,,0
CDR202600066304,,NO_MATCH,,0
CDR202600066305,,NO_MATCH,,0
CDR202600066328,,NO_MATCH,,0
CDR202600066331,,NO_MATCH,,0
CDR202600066338,,NO_MATCH,,0
CDR202600066383,,NO_MATCH,,0
CDR202600066385,,NO_MATCH,,0
CDR202600066413,,NO_MATCH,,0
CDR202600066510,,NO_MATCH,,0
CDR202600066512,,NO_MATCH,,0
CDR202600066523,,NO_MATCH,,0
CDR202600066560,,NO_MATCH,,0
CDR202600066567,,NO_MATCH,,0
CDR202600066568,,NO_MATCH,,0
CDR202600066571,,NO_MATCH,,0
CDR202600066599,,NO_MATCH,,0
CDR202600066601,,NO_MATCH,,0
CDR202600066640,,NO_MATCH,,0
CDR202600066706,,NO_MATCH,,0
CDR202600066753,,NO_MATCH,,0
CDR202600066763,,NO_MATCH,,0
CDR202600066845,,NO_MATCH,,0
CDR202600066858,,NO_MATCH,,0
CDR202600066929,,NO_MATCH,,0
CDR202600066965,,NO_MATCH,,0
CDR202600066967,,NO_MATCH,,0
CDR202600067017,,NO_MATCH,,0
CDR202600067044,,NO_MATCH,,0
CDR202600067045,,NO_MATCH,,0
CDR202600067071,,NO_MATCH,,0
CDR202600067096,,NO_MATCH,,0
CDR202600067126,,NO_MATCH,,0
CDR202600067163,,NO_MATCH,,0
CDR202600067196,,NO_MATCH,,0
CDR202600067305,,NO_MATCH,,0
CDR202600067321,,NO_MATCH,,0
CDR202600067324,,NO_MATCH,,0
CDR202600067487,,NO_MATCH,,0
CDR202600067562,,NO_MATCH,,0
CDR202600067581,,NO_MATCH,,0
CDR202600067636,,NO_MATCH,,0
CDR202600067689,,NO_MATCH,,0
CDR202600067693,,NO_MATCH,,0
CDR202600067720,,NO_MATCH,,0
CDR202600067752,,NO_MATCH,,0
CDR202600067826,,NO_MATCH,,0
CDR202600067835,,NO_MATCH,,0
CDR202600067856,,NO_MATCH,,0
CDR202600067869,,NO_MATCH,,0
CDR202600067878,,NO_MATCH,,0
CDR202600067912,,NO_MATCH,,0
CDR202600067950,,NO_MATCH,,0
CDR202600068026,,NO_MATCH,,0
CDR202600068029,,NO_MATCH,,0
CDR202600068082,,NO_MATCH,,0
CDR202600068106,,NO_MATCH,,0
CDR202600068223,,NO_MATCH,,0
CDR202600068260,,NO_MATCH,,0
CDR202600068278,,NO_MATCH,,0
CDR202600068290,,NO_MATCH,,0
CDR202600068379,,NO_MATCH,,0
CDR202600068473,,NO_MATCH,,0
CDR202600068498,,NO_MATCH,,0
CDR202600068567,,NO_MATCH,,0
CDR202600068686,,NO_MATCH,,0
CDR202600068701,,NO_MATCH,,0
CDR202600068708,,NO_MATCH,,0
CDR202600068736,,NO_MATCH,,0
CDR202600068766,,NO_MATCH,,0
CDR202600068816,,NO_MATCH,,0
CDR202600068835,,NO_MATCH,,0
CDR202600068888,,NO_MATCH,,0
CDR202600068947,,NO_MATCH,,0
CDR202600069010,,NO_MATCH,,0
CDR202600069027,,NO_MATCH,,0
CDR202600069042,,NO_MATCH,,0
CDR202600069081,,NO_MATCH,,0
CDR202600069231,,NO_MATCH,,0
CDR202600069234,,NO_MATCH,,0
CDR202600069276,,NO_MATCH,,0
CDR202600069292,,NO_MATCH,,0
CDR202600069372,,NO_MATCH,,0
CDR202600069374,,NO_MATCH,,0
CDR202600069460,,NO_MATCH,,0
CDR202600069481,,NO_MATCH,,0
CDR202600069482,,NO_MATCH,,0
CDR202600069504,,NO_MATCH,,0
CDR202600069579,,NO_MATCH,,0
CDR202600069613,,NO_MATCH,,0
CDR202600069642,,NO_MATCH,,0
CDR202600069811,,NO_MATCH,,0
CDR202600069971,,NO_MATCH,,0
CDR202600070021,,NO_MATCH,,0
CDR202600070077,,NO_MATCH,,0
CDR202600070133,,NO_MATCH,,0
CDR202600070143,,NO_MATCH,,0
CDR202600070178,,NO_MATCH,,0
CDR202600070190,,NO_MATCH,,0
CDR202600070316,,NO_MATCH,,0
CDR202600070334,,NO_MATCH,,0
CDR202600070354,,NO_MATCH,,0
CDR202600070355,,NO_MATCH,,0
CDR202600070396,,NO_MATCH,,0
CDR202600070412,,NO_MATCH,,0
CDR202600070454,,NO_MATCH,,0
CDR202600070455,,NO_MATCH,,0
CDR202600070468,,NO_MATCH,,0
CDR202600070473,,NO_MATCH,,0
CDR202600070498,,NO_MATCH,,0
CDR202600070499,,NO_MATCH,,0
CDR202600070529,,NO_MATCH,,0
CDR202600070590,,NO_MATCH,,0
CDR202600070600,,NO_MATCH,,0
CDR202600070601,,NO_MATCH,,0
CDR202600070638,,NO_MATCH,,0
CDR202600070707,,NO_MATCH,,0
CDR202600070720,,NO_MATCH,,0
CDR202600070732,,NO_MATCH,,0
CDR202600070773,,NO_MATCH,,0
CDR202600070791,,NO_MATCH,,0
CDR202600070871,,NO_MATCH,,0
CDR202600070919,,NO_MATCH,,0
CDR202600070962,,NO_MATCH,,0
CDR202600070970,,NO_MATCH,,0
CDR202600070995,,NO_MATCH,,0
CDR202600071118,,NO_MATCH,,0
CDR202600071120,,NO_MATCH,,0
CDR202600071162,,NO_MATCH,,0
CDR202600071300,,NO_MATCH,,0
CDR202600071329,,NO_MATCH,,0
CDR202600071334,,NO_MATCH,,0
CDR202600071366,,NO_MATCH,,0
CDR202600071417,,NO_MATCH,,0
CDR202600071479,,NO_MATCH,,0
CDR202600071511,,NO_MATCH,,0
CDR202600071520,,NO_MATCH,,0
CDR202600071523,,NO_MATCH,,0
CDR202600071524,,NO_MATCH,,0
CDR202600071549,,NO_MATCH,,0
CDR202600071611,,NO_MATCH,,0
CDR202600071640,,NO_MATCH,,0
CDR202600071786,,NO_MATCH,,0
CDR202600071820,,NO_MATCH,,0
CDR202600071904,,NO_MATCH,,0
CDR202600071935,,NO_MATCH,,0
CDR202600072040,,NO_MATCH,,0
CDR202600072063,,NO_MATCH,,0
CDR202600072089,,NO_MATCH,,0
CDR202600072127,,NO_MATCH,,0
CDR202600072138,,NO_MATCH,,0
CDR202600072155,,NO_MATCH,,0
CDR202600072160,,NO_MATCH,,0
CDR202600072202,,NO_MATCH,,0
CDR202600072203,,NO_MATCH,,0
CDR202600072230,,NO_MATCH,,0
CDR202600072251,,NO_MATCH,,0
CDR202600072317,,NO_MATCH,,0
CDR202600072354,,NO_MATCH,,0
CDR202600072371,,NO_MATCH,,0
CDR202600072830,,NO_MATCH,,0
CDR202600072882,,NO_MATCH,,0
CDR202600072883,,NO_MATCH,,0
CDR202600072917,,NO_MATCH,,0
CDR202600072939,,NO_MATCH,,0
CDR202600072958,,NO_MATCH,,0
CDR202600072963,,NO_MATCH,,0
CDR202600073058,,NO_MATCH,,0
CDR202600073078,,NO_MATCH,,0
CDR202600073082,,NO_MATCH,,0
CDR202600073168,,NO_MATCH,,0
CDR202600073171,,NO_MATCH,,0
CDR202600073274,,NO_MATCH,,0
CDR202600073278,,NO_MATCH,,0
CDR202600073280,,NO_MATCH,,0
CDR202600073300,,NO_MATCH,,0
CDR202600073319,,NO_MATCH,,0
CDR202600073331,,NO_MATCH,,0
CDR202600073354,,NO_MATCH,,0
CDR202600073425,,NO_MATCH,,0
CDR202600073444,,NO_MATCH,,0
CDR202600073511,,NO_MATCH,,0
CDR202600073611,,NO_MATCH,,0
CDR202600073685,,NO_MATCH,,0
CDR202600073725,,NO_MATCH,,0
CDR202600073753,,NO_MATCH,,0
CDR202600073765,,NO_MATCH,,0
CDR202600073816,,NO_MATCH,,0
CDR202600073961,,NO_MATCH,,0
CDR202600073966,,NO_MATCH,,0
CDR202600073972,,NO_MATCH,,0
CDR202600073974,,NO_MATCH,,0
CDR202600073997,,NO_MATCH,,0
CDR202600074099,,NO_MATCH,,0
CDR202600074100,,NO_MATCH,,0
CDR202600074145,,NO_MATCH,,0
CDR202600074337,,NO_MATCH,,0
CDR202600074415,,NO_MATCH,,0
CDR202600074427,,NO_MATCH,,0
CDR202600074454,,NO_MATCH,,0
CDR202600074521,,NO_MATCH,,0
CDR202600074526,,NO_MATCH,,0
CDR202600074560,,NO_MATCH,,0
CDR202600074597,,NO_MATCH,,0
CDR202600074604,,NO_MATCH,,0
CDR202600074634,,NO_MATCH,,0
CDR202600074851,,NO_MATCH,,0
CDR202600074941,,NO_MATCH,,0
CDR202600075063,,NO_MATCH,,0
CDR202600075076,,NO_MATCH,,0
CDR202600075152,,NO_MATCH,,0
CDR202600075169,,NO_MATCH,,0
CDR202600075295,,NO_MATCH,,0
CDR202600075298,,NO_MATCH,,0
CDR202600075328,,NO_MATCH,,0
CDR202600075330,,NO_MATCH,,0
CDR202600075383,,NO_MATCH,,0
CDR202600075417,,NO_MATCH,,0
CDR202600075489,,NO_MATCH,,0
CDR202600075525,,NO_MATCH,,0
CDR202600075554,,NO_MATCH,,0
CDR202600075615,,NO_MATCH,,0
CDR202600075626,,NO_MATCH,,0
CDR202600075714,,NO_MATCH,,0
CDR202600075715,,NO_MATCH,,0
CDR202600075848,,NO_MATCH,,0
CDR202600075868,,NO_MATCH,,0
CDR202600075886,,NO_MATCH,,0
CDR202600075903,,NO_MATCH,,0
CDR202600075933,,NO_MATCH,,0
CDR202600075959,,NO_MATCH,,0
CDR202600075963,,NO_MATCH,,0
CDR202600076045,,NO_MATCH,,0
CDR202600076206,,NO_MATCH,,0
CDR202600076307,,NO_MATCH,,0
CDR202600076312,,NO_MATCH,,0
CDR202600076350,,NO_MATCH,,0
CDR202600076579,,NO_MATCH,,0
CDR202600076689,,NO_MATCH,,0
CDR202600076702,,NO_MATCH,,0
CDR202600076704,,NO_MATCH,,0
CDR202600076725,,NO_MATCH,,0
CDR202600076754,,NO_MATCH,,0
CDR202600076809,,NO_MATCH,,0
CDR202600076843,,NO_MATCH,,0
CDR202600076879,,NO_MATCH,,0
CDR202600076892,,NO_MATCH,,0
CDR202600077050,,NO_MATCH,,0
CDR202600077057,,NO_MATCH,,0
CDR202600077101,,NO_MATCH,,0
CDR202600077175,,NO_MATCH,,0
CDR202600077184,,NO_MATCH,,0
CDR202600077275,,NO_MATCH,,0
CDR202600077347,,NO_MATCH,,0
CDR202600077453,,NO_MATCH,,0
CDR202600077531,,NO_MATCH,,0
CDR202600077549,,NO_MATCH,,0
CDR202600077596,,NO_MATCH,,0
CDR202600077693,,NO_MATCH,,0
CDR202600077758,,NO_MATCH,,0
CDR202600077912,,NO_MATCH,,0
CDR202600077923,,NO_MATCH,,0
CDR202600078047,,NO_MATCH,,0
CDR202600078133,,NO_MATCH,,0
CDR202600078161,,NO_MATCH,,0
CDR202600078180,,NO_MATCH,,0
CDR202600078490,,NO_MATCH,,0
CDR202600078500,,NO_MATCH,,0
CDR202600078560,,NO_MATCH,,0
CDR202600078664,,NO_MATCH,,0
CDR202600078740,,NO_MATCH,,0
CDR202600078743,,NO_MATCH,,0
CDR202600078747,,NO_MATCH,,0
CDR202600078750,,NO_MATCH,,0
CDR202600078796,,NO_MATCH,,0
CDR202600078827,,NO_MATCH,,0
CDR202600078840,,NO_MATCH,,0
CDR202600078883,,NO_MATCH,,0
CDR202600078900,,NO_MATCH,,0
CDR202600078963,,NO_MATCH,,0
CDR202600079018,,NO_MATCH,,0
CDR202600079029,,NO_MATCH,,0
CDR202600079049,,NO_MATCH,,0
CDR202600079084,,NO_MATCH,,0
CDR202600079104,,NO_MATCH,,0
CDR202600079142,,NO_MATCH,,0
CDR202600079147,,NO_MATCH,,0
CDR202600079258,,NO_MATCH,,0
CDR202600079377,,NO_MATCH,,0
CDR202600079439,,NO_MATCH,,0
CDR202600079536,,NO_MATCH,,0
CDR202600079562,,NO_MATCH,,0
CDR202600079624,,NO_MATCH,,0
CDR202600079628,,NO_MATCH,,0
CDR202600079655,,NO_MATCH,,0
CDR202600079670,,NO_MATCH,,0
CDR202600079675,,NO_MATCH,,0
CDR202600079684,,NO_MATCH,,0
CDR202600079792,,NO_MATCH,,0
CDR202600079924,,NO_MATCH,,0
CDR202600080202,,NO_MATCH,,0
CDR202600080261,,NO_MATCH,,0
CDR202600080355,,NO_MATCH,,0
CDR202600080410,,NO_MATCH,,0
CDR202600080453,,NO_MATCH,,0
CDR202600080540,,NO_MATCH,,0
CDR202600080557,,NO_MATCH,,0
CDR202600080559,,NO_MATCH,,0
CDR202600080589,,NO_MATCH,,0
CDR202600080601,,NO_MATCH,,0
CDR202600080603,,NO_MATCH,,0
CDR202600080621,,NO_MATCH,,0
CDR202600080713,,NO_MATCH,,0
CDR202600080721,,NO_MATCH,,0
CDR202600080819,,NO_MATCH,,0
CDR202600080877,,NO_MATCH,,0
CDR202600080911,,NO_MATCH,,0
CDR202600081035,,NO_MATCH,,0
CDR202600081040,,NO_MATCH,,0
CDR202600081083,,NO_MATCH,,0
CDR202600081106,,NO_MATCH,,0
CDR202600081121,,NO_MATCH,,0
CDR202600081127,,NO_MATCH,,0
CDR202600081191,,NO_MATCH,,0
CDR202600081209,,NO_MATCH,,0
CDR202600081307,,NO_MATCH,,0
CDR202600081420,,NO_MATCH,,0
CDR202600081494,,NO_MATCH,,0
CDR202600081547,,NO_MATCH,,0
CDR202600081599,,NO_MATCH,,0
CDR202600081605,,NO_MATCH,,0
CDR202600081634,,NO_MATCH,,0
CDR202600081673,,NO_MATCH,,0
CDR202600081678,,NO_MATCH,,0
CDR202600081701,,NO_MATCH,,0
CDR202600081716,,NO_MATCH,,0
CDR202600081778,,NO_MATCH,,0
CDR202600081870,,NO_MATCH,,0
CDR202600081981,,NO_MATCH,,0
CDR202600082020,,NO_MATCH,,0
CDR202600082022,,NO_MATCH,,0
CDR202600082147,,NO_MATCH,,0
CDR202600082189,,NO_MATCH,,0
CDR202600082239,,NO_MATCH,,0
CDR202600082324,,NO_MATCH,,0
CDR202600082341,,NO_MATCH,,0
CDR202600082402,,NO_MATCH,,0
CDR202600082439,,NO_MATCH,,0
CDR202600082440,,NO_MATCH,,0
CDR202600082528,,NO_MATCH,,0
CDR202600082554,,NO_MATCH,,0
CDR202600082556,,NO_MATCH,,0
CDR202600082571,,NO_MATCH,,0
CDR202600082605,,NO_MATCH,,0
CDR202600082650,,NO_MATCH,,0
CDR202600082827,,NO_MATCH,,0
CDR202600082879,,NO_MATCH,,0
CDR202600082881,,NO_MATCH,,0
CDR202600082890,,NO_MATCH,,0
CDR202600082925,,NO_MATCH,,0
CDR202600083010,,NO_MATCH,,0
CDR202600083015,,NO_MATCH,,0
CDR202600083107,,NO_MATCH,,0
CDR202600083110,,NO_MATCH,,0
CDR202600083138,,NO_MATCH,,0
CDR202600083160,,NO_MATCH,,0
CDR202600083183,,NO_MATCH,,0
CDR202600083236,,NO_MATCH,,0
CDR202600083424,,NO_MATCH,,0
CDR202600083449,,NO_MATCH,,0
CDR202600083541,,NO_MATCH,,0
CDR202600083721,,NO_MATCH,,0
CDR202600083785,,NO_MATCH,,0
CDR202600083853,,NO_MATCH,,0
CDR202600083972,,NO_MATCH,,0
CDR202600084134,,NO_MATCH,,0
CDR202600084139,,NO_MATCH,,0
CDR202600084182,,NO_MATCH,,0
CDR202600084188,,NO_MATCH,,0
CDR202600084202,,NO_MATCH,,0
CDR202600084226,,NO_MATCH,,0
CDR202600084255,,NO_MATCH,,0
CDR202600084319,,NO_MATCH,,0
CDR202600084329,,NO_MATCH,,0
CDR202600084503,,NO_MATCH,,0
CDR202600084538,,NO_MATCH,,0
CDR202600084647,,NO_MATCH,,0
CDR202600084680,,NO_MATCH,,0
CDR202600084714,,NO_MATCH,,0
CDR202600084716,,NO_MATCH,,0
CDR202600084832,,NO_MATCH,,0
CDR202600084969,,NO_MATCH,,0
CDR202600084975,,NO_MATCH,,0
CDR202600085024,,NO_MATCH,,0
CDR202600085026,,NO_MATCH,,0
CDR202600085036,,NO_MATCH,,0
CDR202600085111,,NO_MATCH,,0
CDR202600085193,,NO_MATCH,,0
CDR202600085311,,NO_MATCH,,0
CDR202600085397,,NO_MATCH,,0
CDR202600085411,,NO_MATCH,,0
CDR202600085425,,NO_MATCH,,0
CDR202600085451,,NO_MATCH,,0
CDR202600085457,,NO_MATCH,,0
CDR202600085504,,NO_MATCH,,0
CDR202600085569,,NO_MATCH,,0
CDR202600085582,,NO_MATCH,,0
CDR202600085650,,NO_MATCH,,0
CDR202600085703,,NO_MATCH,,0
CDR202600085705,,NO_MATCH,,0
CDR202600085706,,NO_MATCH,,0
CDR202600085743,,NO_MATCH,,0
CDR202600085769,,NO_MATCH,,0
CDR202600085794,,NO_MATCH,,0
CDR202600085842,,NO_MATCH,,0
CDR202600085946,,NO_MATCH,,0
CDR202600086013,,NO_MATCH,,0
CDR202600086076,,NO_MATCH,,0
CDR202600086111,,NO_MATCH,,0
CDR202600086130,,NO_MATCH,,0
CDR202600086135,,NO_MATCH,,0
CDR202600086176,,NO_MATCH,,0
CDR202600086196,,NO_MATCH,,0
CDR202600086362,,NO_MATCH,,0
CDR202600086372,,NO_MATCH,,0
CDR202600086389,,NO_MATCH,,0
CDR202600086395,,NO_MATCH,,0
CDR202600086406,,NO_MATCH,,0
CDR202600086418,,NO_MATCH,,0
CDR202600086429,,NO_MATCH,,0
CDR202600086431,,NO_MATCH,,0
CDR202600086439,,NO_MATCH,,0
CDR202600086451,,NO_MATCH,,0
CDR202600086505,,NO_MATCH,,0
CDR202600086509,,NO_MATCH,,0
CDR202600086559,,NO_MATCH,,0
CDR202600086620,,NO_MATCH,,0
CDR202600086645,,NO_MATCH,,0
CDR202600086656,,NO_MATCH,,0
CDR202600086677,,NO_MATCH,,0
CDR202600086705,,NO_MATCH,,0
CDR202600086708,,NO_MATCH,,0
CDR202600086783,,NO_MATCH,,0
CDR202600086831,,NO_MATCH,,0
CDR202600086842,,NO_MATCH,,0
CDR202600087147,,NO_MATCH,,0
CDR202600087158,,NO_MATCH,,0
CDR202600087226,,NO_MATCH,,0
CDR202600087237,,NO_MATCH,,0
CDR202600087244,,NO_MATCH,,0
CDR202600087292,,NO_MATCH,,0
CDR202600087322,,NO_MATCH,,0
CDR202600087446,,NO_MATCH,,0
CDR202600087492,,NO_MATCH,,0
CDR202600087512,,NO_MATCH,,0
CDR202600087547,,NO_MATCH,,0
CDR202600087599,,NO_MATCH,,0
CDR202600087656,,NO_MATCH,,0
CDR202600087678,,NO_MATCH,,0
CDR202600087720,,NO_MATCH,,0
CDR202600087722,,NO_MATCH,,0
CDR202600087798,,NO_MATCH,,0
CDR202600087806,,NO_MATCH,,0
CDR202600087813,,NO_MATCH,,0
CDR202600087983,,NO_MATCH,,0
CDR202600087998,,NO_MATCH,,0
CDR202600088130,,NO_MATCH,,0
CDR202600088198,,NO_MATCH,,0
CDR202600088216,,NO_MATCH,,0
CDR202600088302,,NO_MATCH,,0
CDR202600088350,,NO_MATCH,,0
CDR202600088388,,NO_MATCH,,0
CDR202600088407,,NO_MATCH,,0
CDR202600088443,,NO_MATCH,,0
CDR202600088466,,NO_MATCH,,0
CDR202600088470,,NO_MATCH,,0
CDR202600088522,,NO_MATCH,,0
CDR202600088550,,NO_MATCH,,0
CDR202600088579,,NO_MATCH,,0
CDR202600088643,,NO_MATCH,,0
CDR202600088757,,NO_MATCH,,0
CDR202600088973,,NO_MATCH,,0
CDR202600089156,,NO_MATCH,,0
CDR202600089302,,NO_MATCH,,0
CDR202600089358,,NO_MATCH,,0
CDR202600089363,,NO_MATCH,,0
CDR202600089457,,NO_MATCH,,0
CDR202600089515,,NO_MATCH,,0
CDR202600089577,,NO_MATCH,,0
CDR202600089719,,NO_MATCH,,0
CDR202600089753,,NO_MATCH,,0
CDR202600089816,,NO_MATCH,,0
CDR202600089817,,NO_MATCH,,0
CDR202600089839,,NO_MATCH,,0
CDR202600089931,,NO_MATCH,,0
CDR202600089979,,NO_MATCH,,0
CDR202600090034,,NO_MATCH,,0
CDR202600090045,,NO_MATCH,,0
CDR202600090055,,NO_MATCH,,0
CDR202600090111,,NO_MATCH,,0
CDR202600090122,,NO_MATCH,,0
CDR202600090150,,NO_MATCH,,0
CDR202600090161,,NO_MATCH,,0
CDR202600090240,,NO_MATCH,,0
CDR202600090291,,NO_MATCH,,0
CDR202600090327,,NO_MATCH,,0
CDR202600090469,,NO_MATCH,,0
CDR202600090498,,NO_MATCH,,0
CDR202600090556,,NO_MATCH,,0
CDR202600090590,,NO_MATCH,,0
CDR202600090642,,NO_MATCH,,0
CDR202600090650,,NO_MATCH,,0
CDR202600090719,,NO_MATCH,,0
CDR202600090757,,NO_MATCH,,0
CDR202600090819,,NO_MATCH,,0
CDR202600090840,,NO_MATCH,,0
CDR202600090845,,NO_MATCH,,0
CDR202600090869,,NO_MATCH,,0
CDR202600090899,,NO_MATCH,,0
CDR202600090933,,NO_MATCH,,0
CDR202600090952,,NO_MATCH,,0
CDR202600091068,,NO_MATCH,,0
CDR202600091108,,NO_MATCH,,0
CDR202600091143,,NO_MATCH,,0
CDR202600075869,IPDR202600000008,ADDITIONAL_SESSION,609,1
CDR202600086794,IPDR202600000012,PRIMARY_SESSION,184,1
CDR202600055298,IPDR202600000019,PRIMARY_SESSION,-228,1
CDR202600067154,IPDR202600000023,PRIMARY_SESSION,-1388,1
CDR202600054378,IPDR202600000037,PRIMARY_SESSION,-50,1
CDR202600074936,IPDR202600000046,ADDITIONAL_SESSION,-271,1
CDR202600069285,IPDR202600000048,PRIMARY_SESSION,78,1
CDR202600019110,IPDR202600000064,PRIMARY_SESSION,-192,1
CDR202600025494,IPDR202600000069,ADDITIONAL_SESSION,126,1
CDR202600045535,IPDR202600000135,PRIMARY_SESSION,-1569,1
CDR202600029544,IPDR202600000147,PRIMARY_SESSION,-1131,1
CDR202600049815,IPDR202600000150,PRIMARY_SESSION,37,1
CDR202600030547,IPDR202600000151,ADDITIONAL_SESSION,-122,1
CDR202600034423,IPDR202600000166,PRIMARY_SESSION,-192,1
CDR202600075400,IPDR202600000173,PRIMARY_SESSION,279,1
CDR202600058008,IPDR202600000175,PRIMARY_SESSION,31,1
CDR202600010626,IPDR202600000218,PRIMARY_SESSION,-4,1
CDR202600023116,IPDR202600000252,PRIMARY_SESSION,-67,1
CDR202600002451,IPDR202600000259,PRIMARY_SESSION,30,1
CDR202600042134,IPDR202600000279,ADDITIONAL_SESSION,285,1
CDR202600067850,IPDR202600000307,PRIMARY_SESSION,39,1
CDR202600050310,IPDR202600000321,PRIMARY_SESSION,290,1
CDR202600019730,IPDR202600000329,PRIMARY_SESSION,-272,1
CDR202600024475,IPDR202600000334,ADDITIONAL_SESSION,-771,1
CDR202600047152,IPDR202600000338,PRIMARY_SESSION,162,1
CDR202600033462,IPDR202600000367,ADDITIONAL_SESSION,-49,1
CDR202600045683,IPDR202600000391,ADDITIONAL_SESSION,200,1
CDR202600027395,IPDR202600000407,ADDITIONAL_SESSION,-59,1
CDR202600014745,IPDR202600000411,ADDITIONAL_SESSION,-142,1
CDR202600068509,IPDR202600000429,PRIMARY_SESSION,5,1
CDR202600002511,IPDR202600000436,ADDITIONAL_SESSION,172,1
CDR202600075495,IPDR202600000449,PRIMARY_SESSION,43,1
CDR202600015358,IPDR202600000473,PRIMARY_SESSION,168,1
CDR202600084940,IPDR202600000504,ADDITIONAL_SESSION,-239,1
CDR202600068420,IPDR202600000508,ADDITIONAL_SESSION,-213,1
CDR202600038003,IPDR202600000521,PRIMARY_SESSION,-49,1
CDR202600081073,IPDR202600000546,ADDITIONAL_SESSION,-52,1
CDR202600030722,IPDR202600000548,PRIMARY_SESSION,-136,1
CDR202600012810,IPDR202600000554,PRIMARY_SESSION,-58,1
CDR202600023924,IPDR202600000576,ADDITIONAL_SESSION,-185,1
CDR202600041525,IPDR202600000584,PRIMARY_SESSION,1657,1
CDR202600015711,IPDR202600000596,ADDITIONAL_SESSION,-294,1
CDR202600062565,IPDR202600000646,PRIMARY_SESSION,966,1
CDR202600087655,IPDR202600000661,PRIMARY_SESSION,-59,1
CDR202600001087,IPDR202600000788,ADDITIONAL_SESSION,-1271,1
CDR202600059436,IPDR202600000838,PRIMARY_SESSION,-22,1
CDR202600031049,IPDR202600000841,ADDITIONAL_SESSION,642,1
CDR202600081655,IPDR202600000855,ADDITIONAL_SESSION,-86,1
CDR202600039025,IPDR202600000897,PRIMARY_SESSION,-24,1
CDR202600064378,IPDR202600000910,PRIMARY_SESSION,-280,1
CDR202600015493,IPDR202600000932,ADDITIONAL_SESSION,-103,1
CDR202600004959,IPDR202600000933,PRIMARY_SESSION,211,1
CDR202600055395,IPDR202600000979,PRIMARY_SESSION,1442,1
CDR202600072460,IPDR202600001008,PRIMARY_SESSION,1324,1
CDR202600003016,IPDR202600001012,ADDITIONAL_SESSION,-64,1
CDR202600012471,IPDR202600001028,PRIMARY_SESSION,46,1
CDR202600060651,IPDR202600001050,PRIMARY_SESSION,12,1
CDR202600077754,IPDR202600001062,ADDITIONAL_SESSION,-223,1
CDR202600013197,IPDR202600001126,PRIMARY_SESSION,102,1
CDR202600052418,IPDR202600001146,PRIMARY_SESSION,866,1
CDR202600009300,IPDR202600001168,ADDITIONAL_SESSION,-41,1
CDR202600022032,IPDR202600001182,PRIMARY_SESSION,1,1
CDR202600033874,IPDR202600001235,ADDITIONAL_SESSION,-113,1
CDR202600081746,IPDR202600001250,ADDITIONAL_SESSION,-194,1
CDR202600050563,IPDR202600001254,ADDITIONAL_SESSION,904,1
CDR202600020683,IPDR202600001262,PRIMARY_SESSION,-162,1
CDR202600003799,IPDR202600001267,ADDITIONAL_SESSION,810,1
CDR202600002134,IPDR202600001277,PRIMARY_SESSION,13,1
CDR202600061215,IPDR202600001279,ADDITIONAL_SESSION,2,1
CDR202600086352,IPDR202600001285,PRIMARY_SESSION,-107,1
CDR202600001800,IPDR202600001298,ADDITIONAL_SESSION,20,1
CDR202600066817,IPDR202600001323,PRIMARY_SESSION,-724,1
CDR202600060194,IPDR202600001339,ADDITIONAL_SESSION,349,1
CDR202600020411,IPDR202600001340,ADDITIONAL_SESSION,1130,1
CDR202600084580,IPDR202600001387,ADDITIONAL_SESSION,96,1
CDR202600057101,IPDR202600001392,PRIMARY_SESSION,-626,1
CDR202600089187,IPDR202600001395,ADDITIONAL_SESSION,-1113,1
CDR202600039056,IPDR202600001400,ADDITIONAL_SESSION,86,1
CDR202600050020,IPDR202600001411,PRIMARY_SESSION,-8,1
CDR202600040584,IPDR202600001443,ADDITIONAL_SESSION,112,1
CDR202600043185,IPDR202600001499,PRIMARY_SESSION,186,1
CDR202600012922,IPDR202600001504,PRIMARY_SESSION,-1570,1
CDR202600078452,IPDR202600001523,PRIMARY_SESSION,-685,1
CDR202600070028,IPDR202600001537,PRIMARY_SESSION,117,1
CDR202600025355,IPDR202600001550,ADDITIONAL_SESSION,-46,1
CDR202600069090,IPDR202600001551,ADDITIONAL_SESSION,38,1
CDR202600081823,IPDR202600001553,PRIMARY_SESSION,168,1
CDR202600018438,IPDR202600001558,PRIMARY_SESSION,1485,1
CDR202600060051,IPDR202600001602,ADDITIONAL_SESSION,8,1
CDR202600022073,IPDR202600001610,ADDITIONAL_SESSION,-568,1
CDR202600063204,IPDR202600001670,PRIMARY_SESSION,269,1
CDR202600063399,IPDR202600001694,ADDITIONAL_SESSION,14,1
CDR202600008592,IPDR202600001697,PRIMARY_SESSION,-282,1
CDR202600048602,IPDR202600001699,ADDITIONAL_SESSION,39,1
CDR202600082321,IPDR202600001719,ADDITIONAL_SESSION,-399,1
CDR202600053303,IPDR202600001730,PRIMARY_SESSION,604,1
CDR202600029040,IPDR202600001738,ADDITIONAL_SESSION,8,1
CDR202600028687,IPDR202600001752,ADDITIONAL_SESSION,498,1
CDR202600000963,IPDR202600001770,ADDITIONAL_SESSION,673,1
CDR202600041054,IPDR202600001781,PRIMARY_SESSION,137,1
CDR202600088527,IPDR202600001782,PRIMARY_SESSION,536,1
CDR202600004169,IPDR202600001787,PRIMARY_SESSION,17,1
CDR202600048261,IPDR202600001808,ADDITIONAL_SESSION,43,1
CDR202600067118,IPDR202600001814,PRIMARY_SESSION,-44,1
CDR202600068576,IPDR202600001821,PRIMARY_SESSION,-81,1
CDR202600050725,IPDR202600001838,PRIMARY_SESSION,-8,1
CDR202600017124,IPDR202600001841,PRIMARY_SESSION,-517,1
CDR202600039851,IPDR202600001892,PRIMARY_SESSION,-21,1
CDR202600019427,IPDR202600001893,PRIMARY_SESSION,190,1
CDR202600058751,IPDR202600001925,PRIMARY_SESSION,-160,1
CDR202600053431,IPDR202600001930,PRIMARY_SESSION,-657,1
CDR202600021051,IPDR202600001978,ADDITIONAL_SESSION,-2,1
CDR202600054658,IPDR202600001991,ADDITIONAL_SESSION,605,1
CDR202600038670,IPDR202600001998,PRIMARY_SESSION,279,1
CDR202600073694,IPDR202600002017,ADDITIONAL_SESSION,-20,1
CDR202600051091,IPDR202600002034,PRIMARY_SESSION,177,1
CDR202600015220,IPDR202600002036,PRIMARY_SESSION,-34,1
CDR202600058317,IPDR202600002080,PRIMARY_SESSION,-200,1
CDR202600034034,IPDR202600002089,PRIMARY_SESSION,-207,1
CDR202600049868,IPDR202600002102,ADDITIONAL_SESSION,518,1
CDR202600081267,IPDR202600002122,ADDITIONAL_SESSION,270,1
CDR202600029623,IPDR202600002145,ADDITIONAL_SESSION,-49,1
CDR202600025817,IPDR202600002147,ADDITIONAL_SESSION,-83,1
CDR202600041019,IPDR202600002159,PRIMARY_SESSION,-41,1
CDR202600018872,IPDR202600002169,PRIMARY_SESSION,162,1
CDR202600052620,IPDR202600002184,PRIMARY_SESSION,355,1
CDR202600052303,IPDR202600002206,PRIMARY_SESSION,55,1
CDR202600070308,IPDR202600002207,PRIMARY_SESSION,525,1
CDR202600039572,IPDR202600002222,PRIMARY_SESSION,146,1
CDR202600052683,IPDR202600002255,ADDITIONAL_SESSION,76,1
CDR202600059560,IPDR202600002288,PRIMARY_SESSION,-128,1
CDR202600056353,IPDR202600002296,ADDITIONAL_SESSION,-457,1
CDR202600035575,IPDR202600002302,PRIMARY_SESSION,411,1
CDR202600044152,IPDR202600002305,ADDITIONAL_SESSION,-820,1
CDR202600077093,IPDR202600002314,ADDITIONAL_SESSION,-344,1
CDR202600044995,IPDR202600002329,ADDITIONAL_SESSION,-646,1
CDR202600050183,IPDR202600002333,PRIMARY_SESSION,-653,1
CDR202600087346,IPDR202600002364,PRIMARY_SESSION,-86,1
CDR202600033654,IPDR202600002422,PRIMARY_SESSION,-771,1
CDR202600006813,IPDR202600002426,PRIMARY_SESSION,-786,1
CDR202600047420,IPDR202600002481,PRIMARY_SESSION,-267,1
CDR202600084825,IPDR202600002482,PRIMARY_SESSION,-1219,1
CDR202600018550,IPDR202600002508,PRIMARY_SESSION,-479,1
CDR202600025426,IPDR202600002511,PRIMARY_SESSION,-221,1
CDR202600061046,IPDR202600002574,PRIMARY_SESSION,50,1
CDR202600033981,IPDR202600002575,PRIMARY_SESSION,-156,1
CDR202600059177,IPDR202600002576,ADDITIONAL_SESSION,-14,1
CDR202600014812,IPDR202600002596,ADDITIONAL_SESSION,228,1
CDR202600085593,IPDR202600002617,PRIMARY_SESSION,-148,1
CDR202600009454,IPDR202600002640,PRIMARY_SESSION,164,1
CDR202600006444,IPDR202600002660,PRIMARY_SESSION,26,1
CDR202600004116,IPDR202600002667,ADDITIONAL_SESSION,-229,1
CDR202600051399,IPDR202600002678,ADDITIONAL_SESSION,219,1
CDR202600072674,IPDR202600002704,PRIMARY_SESSION,882,1
CDR202600034035,IPDR202600002707,PRIMARY_SESSION,-29,1
CDR202600024842,IPDR202600002714,PRIMARY_SESSION,563,1
CDR202600001882,IPDR202600002718,PRIMARY_SESSION,608,1
CDR202600058565,IPDR202600002783,PRIMARY_SESSION,-227,1
CDR202600014812,IPDR202600002796,ADDITIONAL_SESSION,12,1
CDR202600044571,IPDR202600002799,PRIMARY_SESSION,5,1
CDR202600034527,IPDR202600002803,ADDITIONAL_SESSION,12,1
CDR202600023021,IPDR202600002808,ADDITIONAL_SESSION,-141,1
CDR202600088812,IPDR202600002816,ADDITIONAL_SESSION,-494,1
CDR202600085394,IPDR202600002846,PRIMARY_SESSION,657,1
CDR202600088782,IPDR202600002869,ADDITIONAL_SESSION,880,1
CDR202600036200,IPDR202600002947,PRIMARY_SESSION,-55,1
CDR202600003965,IPDR202600002962,ADDITIONAL_SESSION,638,1
CDR202600042426,IPDR202600003001,PRIMARY_SESSION,-111,1
CDR202600057826,IPDR202600003039,PRIMARY_SESSION,-31,1
CDR202600070884,IPDR202600003062,PRIMARY_SESSION,164,1
CDR202600023852,IPDR202600003063,ADDITIONAL_SESSION,-43,1
CDR202600080213,IPDR202600003088,PRIMARY_SESSION,869,1
CDR202600002907,IPDR202600003107,ADDITIONAL_SESSION,-229,1
CDR202600028934,IPDR202600003120,PRIMARY_SESSION,-263,1
CDR202600017835,IPDR202600003133,PRIMARY_SESSION,-184,1
CDR202600048068,IPDR202600003150,ADDITIONAL_SESSION,118,1
CDR202600069820,IPDR202600003151,PRIMARY_SESSION,-14,1
CDR202600017352,IPDR202600003158,ADDITIONAL_SESSION,-173,1
CDR202600013402,IPDR202600003182,ADDITIONAL_SESSION,61,1
CDR202600064641,IPDR202600003202,ADDITIONAL_SESSION,155,1
CDR202600041302,IPDR202600003206,PRIMARY_SESSION,-16,1
CDR202600051475,IPDR202600003213,PRIMARY_SESSION,44,1
CDR202600080281,IPDR202600003215,PRIMARY_SESSION,127,1
CDR202600057402,IPDR202600003218,ADDITIONAL_SESSION,270,1
CDR202600076801,IPDR202600003240,PRIMARY_SESSION,34,1
CDR202600080159,IPDR202600003263,ADDITIONAL_SESSION,21,1
CDR202600058440,IPDR202600003349,PRIMARY_SESSION,13,1
CDR202600011782,IPDR202600003377,PRIMARY_SESSION,727,1
CDR202600082173,IPDR202600003383,PRIMARY_SESSION,4,1
CDR202600016443,IPDR202600003460,PRIMARY_SESSION,88,1
CDR202600045769,IPDR202600003461,PRIMARY_SESSION,213,1
CDR202600027948,IPDR202600003465,ADDITIONAL_SESSION,32,1
CDR202600073240,IPDR202600003502,PRIMARY_SESSION,-39,1
CDR202600015982,IPDR202600003514,ADDITIONAL_SESSION,-199,1
CDR202600001145,IPDR202600003521,PRIMARY_SESSION,288,1
CDR202600075710,IPDR202600003546,PRIMARY_SESSION,1476,1
CDR202600071228,IPDR202600003553,PRIMARY_SESSION,-533,1
CDR202600013120,IPDR202600003595,ADDITIONAL_SESSION,-357,1
CDR202600006572,IPDR202600003631,ADDITIONAL_SESSION,-308,1
CDR202600030630,IPDR202600003685,ADDITIONAL_SESSION,78,1
CDR202600013391,IPDR202600003687,PRIMARY_SESSION,8,1
CDR202600074965,IPDR202600003692,PRIMARY_SESSION,2,1
CDR202600021400,IPDR202600003698,ADDITIONAL_SESSION,1440,1
CDR202600070031,IPDR202600003722,PRIMARY_SESSION,-478,1
CDR202600044388,IPDR202600003763,PRIMARY_SESSION,-15,1
CDR202600069428,IPDR202600003783,ADDITIONAL_SESSION,74,1
CDR202600022157,IPDR202600003808,ADDITIONAL_SESSION,472,1
CDR202600041302,IPDR202600003810,ADDITIONAL_SESSION,-199,1
CDR202600007929,IPDR202600003813,ADDITIONAL_SESSION,888,1
CDR202600031786,IPDR202600003828,PRIMARY_SESSION,10,1
CDR202600052060,IPDR202600003842,PRIMARY_SESSION,-32,1
CDR202600075147,IPDR202600003847,ADDITIONAL_SESSION,-405,1
CDR202600009181,IPDR202600003954,PRIMARY_SESSION,28,1
CDR202600085025,IPDR202600003955,PRIMARY_SESSION,601,1
CDR202600032719,IPDR202600003958,ADDITIONAL_SESSION,50,1
CDR202600037783,IPDR202600003963,PRIMARY_SESSION,6,1
CDR202600019882,IPDR202600003964,ADDITIONAL_SESSION,45,1
CDR202600048374,IPDR202600003972,ADDITIONAL_SESSION,851,1
CDR202600044746,IPDR202600003974,ADDITIONAL_SESSION,733,1
CDR202600066576,IPDR202600003999,ADDITIONAL_SESSION,118,1
CDR202600005557,IPDR202600004011,PRIMARY_SESSION,31,1
CDR202600064889,IPDR202600004042,PRIMARY_SESSION,53,1
CDR202600081777,IPDR202600004067,PRIMARY_SESSION,-133,1
CDR202600087545,IPDR202600004078,PRIMARY_SESSION,-163,1
CDR202600065814,IPDR202600004094,ADDITIONAL_SESSION,154,1
CDR202600020508,IPDR202600004108,ADDITIONAL_SESSION,-85,1
CDR202600058940,IPDR202600004111,PRIMARY_SESSION,1558,1
CDR202600076840,IPDR202600004175,ADDITIONAL_SESSION,-1507,1
CDR202600051801,IPDR202600004177,ADDITIONAL_SESSION,-569,1
CDR202600018099,IPDR202600004190,ADDITIONAL_SESSION,78,1
CDR202600086731,IPDR202600004193,PRIMARY_SESSION,-226,1
CDR202600024915,IPDR202600004208,PRIMARY_SESSION,-66,1
CDR202600027893,IPDR202600004215,PRIMARY_SESSION,-1645,1
CDR202600085520,IPDR202600004219,PRIMARY_SESSION,-557,1
CDR202600087597,IPDR202600004240,PRIMARY_SESSION,924,1
CDR202600049841,IPDR202600004246,PRIMARY_SESSION,-136,1
CDR202600080730,IPDR202600004276,ADDITIONAL_SESSION,-47,1
CDR202600025355,IPDR202600004287,ADDITIONAL_SESSION,-85,1
CDR202600090871,IPDR202600004298,PRIMARY_SESSION,10,1
CDR202600084341,IPDR202600004334,PRIMARY_SESSION,142,1
CDR202600007537,IPDR202600004348,ADDITIONAL_SESSION,-1091,1
CDR202600043815,IPDR202600004378,ADDITIONAL_SESSION,-337,1
CDR202600034612,IPDR202600004382,ADDITIONAL_SESSION,-18,1
CDR202600031198,IPDR202600004415,PRIMARY_SESSION,262,1
CDR202600015204,IPDR202600004469,PRIMARY_SESSION,42,1
CDR202600011793,IPDR202600004487,PRIMARY_SESSION,-568,1
CDR202600090839,IPDR202600004527,ADDITIONAL_SESSION,-404,1
CDR202600090790,IPDR202600004531,PRIMARY_SESSION,14,1
CDR202600007606,IPDR202600004534,ADDITIONAL_SESSION,-211,1
CDR202600066172,IPDR202600004547,PRIMARY_SESSION,15,1
CDR202600065702,IPDR202600004553,PRIMARY_SESSION,-25,1
CDR202600022150,IPDR202600004613,PRIMARY_SESSION,205,1
CDR202600050607,IPDR202600004614,PRIMARY_SESSION,9,1
CDR202600050224,IPDR202600004623,PRIMARY_SESSION,394,1
CDR202600005985,IPDR202600004644,PRIMARY_SESSION,1170,1
CDR202600059671,IPDR202600004675,PRIMARY_SESSION,-108,1
CDR202600028673,IPDR202600004680,PRIMARY_SESSION,-299,1
CDR202600083348,IPDR202600004727,ADDITIONAL_SESSION,831,1
CDR202600067537,IPDR202600004748,ADDITIONAL_SESSION,170,1
CDR202600048221,IPDR202600004751,PRIMARY_SESSION,130,1
CDR202600064796,IPDR202600004803,ADDITIONAL_SESSION,266,1
CDR202600010871,IPDR202600004818,PRIMARY_SESSION,260,1
CDR202600060992,IPDR202600004820,ADDITIONAL_SESSION,769,1
CDR202600014703,IPDR202600004848,PRIMARY_SESSION,-435,1
CDR202600089269,IPDR202600004859,PRIMARY_SESSION,450,1
CDR202600040316,IPDR202600004863,ADDITIONAL_SESSION,18,1
CDR202600026140,IPDR202600004864,PRIMARY_SESSION,-380,1
CDR202600036722,IPDR202600004867,ADDITIONAL_SESSION,14,1
CDR202600077987,IPDR202600004888,PRIMARY_SESSION,4,1
CDR202600020094,IPDR202600004892,PRIMARY_SESSION,136,1
CDR202600002131,IPDR202600004910,ADDITIONAL_SESSION,35,1
CDR202600046576,IPDR202600004947,PRIMARY_SESSION,-46,1
CDR202600019997,IPDR202600004956,PRIMARY_SESSION,7,1
CDR202600078260,IPDR202600004964,ADDITIONAL_SESSION,231,1
CDR202600011667,IPDR202600004969,PRIMARY_SESSION,837,1
CDR202600070630,IPDR202600004973,PRIMARY_SESSION,35,1
CDR202600029058,IPDR202600005046,PRIMARY_SESSION,-466,1
CDR202600061612,IPDR202600005061,PRIMARY_SESSION,-902,1
CDR202600073240,IPDR202600005065,ADDITIONAL_SESSION,-1499,1
CDR202600034156,IPDR202600005072,ADDITIONAL_SESSION,45,1
CDR202600048247,IPDR202600005074,PRIMARY_SESSION,-658,1
CDR202600009941,IPDR202600005089,PRIMARY_SESSION,722,1
CDR202600071290,IPDR202600005093,PRIMARY_SESSION,850,1
CDR202600052091,IPDR202600005101,ADDITIONAL_SESSION,-97,1
CDR202600057631,IPDR202600005126,PRIMARY_SESSION,1742,1
CDR202600050173,IPDR202600005137,PRIMARY_SESSION,-198,1
CDR202600038972,IPDR202600005158,PRIMARY_SESSION,-10,1
CDR202600053041,IPDR202600005186,PRIMARY_SESSION,-141,1
CDR202600008663,IPDR202600005188,PRIMARY_SESSION,-6,1
CDR202600054833,IPDR202600005208,PRIMARY_SESSION,464,1
CDR202600048420,IPDR202600005229,ADDITIONAL_SESSION,-342,1
CDR202600000823,IPDR202600005252,PRIMARY_SESSION,18,1
CDR202600013495,IPDR202600005260,PRIMARY_SESSION,-66,1
CDR202600051420,IPDR202600005272,PRIMARY_SESSION,-764,1
CDR202600015723,IPDR202600005274,ADDITIONAL_SESSION,20,1
CDR202600061268,IPDR202600005279,ADDITIONAL_SESSION,32,1
CDR202600044435,IPDR202600005317,PRIMARY_SESSION,-1731,1
CDR202600087974,IPDR202600005369,PRIMARY_SESSION,-655,1
CDR202600029436,IPDR202600005384,ADDITIONAL_SESSION,165,1
CDR202600072520,IPDR202600005392,PRIMARY_SESSION,-661,1
CDR202600056205,IPDR202600005436,ADDITIONAL_SESSION,217,1
CDR202600086518,IPDR202600005450,PRIMARY_SESSION,27,1
CDR202600048802,IPDR202600005456,PRIMARY_SESSION,-79,1
CDR202600038670,IPDR202600005501,ADDITIONAL_SESSION,811,1
CDR202600088181,IPDR202600005516,PRIMARY_SESSION,-491,1
CDR202600000963,IPDR202600005523,ADDITIONAL_SESSION,3,1
CDR202600020378,IPDR202600005537,PRIMARY_SESSION,-264,1
CDR202600010035,IPDR202600005538,ADDITIONAL_SESSION,-817,1
CDR202600072413,IPDR202600005544,ADDITIONAL_SESSION,-45,1
CDR202600062360,IPDR202600005559,PRIMARY_SESSION,16,1
CDR202600012103,IPDR202600005569,ADDITIONAL_SESSION,37,1
CDR202600040334,IPDR202600005582,PRIMARY_SESSION,-106,1
CDR202600022969,IPDR202600005586,ADDITIONAL_SESSION,1498,1
CDR202600043338,IPDR202600005593,PRIMARY_SESSION,-863,1
CDR202600085240,IPDR202600005604,ADDITIONAL_SESSION,-1636,1
CDR202600059479,IPDR202600005609,ADDITIONAL_SESSION,-10,1
CDR202600034138,IPDR202600005611,ADDITIONAL_SESSION,-293,1
CDR202600035102,IPDR202600005612,ADDITIONAL_SESSION,1674,1
CDR202600029183,IPDR202600005614,PRIMARY_SESSION,-61,1
CDR202600048337,IPDR202600005623,ADDITIONAL_SESSION,-333,1
CDR202600041549,IPDR202600005661,PRIMARY_SESSION,315,1
CDR202600038805,IPDR202600005702,ADDITIONAL_SESSION,27,1
CDR202600061242,IPDR202600005743,ADDITIONAL_SESSION,-610,1
CDR202600075977,IPDR202600005747,PRIMARY_SESSION,-35,1
CDR202600062339,IPDR202600005768,PRIMARY_SESSION,638,1
CDR202600011354,IPDR202600005777,PRIMARY_SESSION,-876,1
CDR202600018000,IPDR202600005792,PRIMARY_SESSION,-83,1
CDR202600008923,IPDR202600005802,PRIMARY_SESSION,-1,1
CDR202600029345,IPDR202600005804,ADDITIONAL_SESSION,22,1
CDR202600068963,IPDR202600005835,PRIMARY_SESSION,102,1
CDR202600001882,IPDR202600005866,ADDITIONAL_SESSION,-58,1
CDR202600067513,IPDR202600005904,ADDITIONAL_SESSION,11,1
CDR202600004460,IPDR202600005918,ADDITIONAL_SESSION,564,1
CDR202600032039,IPDR202600005920,ADDITIONAL_SESSION,-18,1
CDR202600005369,IPDR202600005975,PRIMARY_SESSION,-716,1
CDR202600018388,IPDR202600005996,PRIMARY_SESSION,-6,1
CDR202600051874,IPDR202600006009,PRIMARY_SESSION,1226,1
CDR202600006211,IPDR202600006048,ADDITIONAL_SESSION,533,1
CDR202600038670,IPDR202600006051,ADDITIONAL_SESSION,272,1
CDR202600056267,IPDR202600006069,PRIMARY_SESSION,-712,1
CDR202600004833,IPDR202600006075,PRIMARY_SESSION,-409,1
CDR202600080364,IPDR202600006091,ADDITIONAL_SESSION,30,1
CDR202600041647,IPDR202600006111,PRIMARY_SESSION,251,1
CDR202600022144,IPDR202600006125,PRIMARY_SESSION,448,1
CDR202600088445,IPDR202600006136,ADDITIONAL_SESSION,-731,1
CDR202600021051,IPDR202600006155,ADDITIONAL_SESSION,891,1
CDR202600075147,IPDR202600006193,PRIMARY_SESSION,270,1
CDR202600037197,IPDR202600006194,PRIMARY_SESSION,60,1
CDR202600085438,IPDR202600006207,ADDITIONAL_SESSION,-4,1
CDR202600064869,IPDR202600006218,ADDITIONAL_SESSION,-666,1
CDR202600071280,IPDR202600006228,ADDITIONAL_SESSION,-337,1
CDR202600049931,IPDR202600006252,PRIMARY_SESSION,145,1
CDR202600079063,IPDR202600006273,ADDITIONAL_SESSION,-916,1
CDR202600000559,IPDR202600006277,ADDITIONAL_SESSION,-1473,1
CDR202600084609,IPDR202600006290,PRIMARY_SESSION,-74,1
CDR202600064196,IPDR202600006329,PRIMARY_SESSION,9,1
CDR202600059970,IPDR202600006343,PRIMARY_SESSION,-54,1
CDR202600073023,IPDR202600006369,PRIMARY_SESSION,-1455,1
CDR202600061137,IPDR202600006400,ADDITIONAL_SESSION,1362,1
CDR202600020771,IPDR202600006404,PRIMARY_SESSION,-1746,1
CDR202600024706,IPDR202600006463,ADDITIONAL_SESSION,-134,1
CDR202600025620,IPDR202600006471,PRIMARY_SESSION,790,1
CDR202600066417,IPDR202600006524,ADDITIONAL_SESSION,-608,1
CDR202600039428,IPDR202600006549,PRIMARY_SESSION,-17,1
CDR202600010386,IPDR202600006558,ADDITIONAL_SESSION,-15,1
CDR202600073367,IPDR202600006572,PRIMARY_SESSION,621,1
CDR202600012791,IPDR202600006594,ADDITIONAL_SESSION,-251,1
CDR202600079467,IPDR202600006596,ADDITIONAL_SESSION,-60,1
CDR202600070207,IPDR202600006677,PRIMARY_SESSION,699,1
CDR202600069048,IPDR202600006752,ADDITIONAL_SESSION,-5,1
CDR202600005351,IPDR202600006815,PRIMARY_SESSION,-298,1
CDR202600044282,IPDR202600006820,PRIMARY_SESSION,-77,1
CDR202600061710,IPDR202600006828,ADDITIONAL_SESSION,-188,1
CDR202600039493,IPDR202600006863,PRIMARY_SESSION,188,1
CDR202600001001,IPDR202600006872,ADDITIONAL_SESSION,139,1
CDR202600062682,IPDR202600006923,ADDITIONAL_SESSION,811,1
CDR202600073138,IPDR202600006930,PRIMARY_SESSION,152,1
CDR202600080212,IPDR202600006962,PRIMARY_SESSION,-864,1
CDR202600030880,IPDR202600007009,PRIMARY_SESSION,-36,1
CDR202600040137,IPDR202600007022,PRIMARY_SESSION,-776,1
CDR202600034373,IPDR202600007023,PRIMARY_SESSION,131,1
CDR202600009316,IPDR202600007046,PRIMARY_SESSION,211,1
CDR202600034612,IPDR202600007051,ADDITIONAL_SESSION,-15,1
CDR202600089873,IPDR202600007056,PRIMARY_SESSION,1536,1
CDR202600089923,IPDR202600007067,PRIMARY_SESSION,23,1
CDR202600069560,IPDR202600007083,PRIMARY_SESSION,-71,1
CDR202600023658,IPDR202600007101,ADDITIONAL_SESSION,-438,1
CDR202600049490,IPDR202600007107,ADDITIONAL_SESSION,-53,1
CDR202600004752,IPDR202600007114,ADDITIONAL_SESSION,27,1
CDR202600003883,IPDR202600007123,PRIMARY_SESSION,1610,1
CDR202600009379,IPDR202600007140,PRIMARY_SESSION,-825,1
CDR202600069048,IPDR202600007185,ADDITIONAL_SESSION,-1752,1
CDR202600067859,IPDR202600007208,PRIMARY_SESSION,-54,1
CDR202600075244,IPDR202600007239,ADDITIONAL_SESSION,-128,1
CDR202600074666,IPDR202600007244,ADDITIONAL_SESSION,-70,1
CDR202600066326,IPDR202600007246,PRIMARY_SESSION,573,1
CDR202600045656,IPDR202600007274,ADDITIONAL_SESSION,-143,1
CDR202600041182,IPDR202600007280,PRIMARY_SESSION,-294,1
CDR202600004877,IPDR202600007307,ADDITIONAL_SESSION,-785,1
CDR202600039372,IPDR202600007315,PRIMARY_SESSION,3,1
CDR202600015327,IPDR202600007346,ADDITIONAL_SESSION,1530,1
CDR202600018466,IPDR202600007367,ADDITIONAL_SESSION,451,1
CDR202600012528,IPDR202600007378,PRIMARY_SESSION,-286,1
CDR202600061634,IPDR202600007403,ADDITIONAL_SESSION,-739,1
CDR202600001026,IPDR202600007433,PRIMARY_SESSION,22,1
CDR202600085714,IPDR202600007443,ADDITIONAL_SESSION,668,1
CDR202600035096,IPDR202600007489,ADDITIONAL_SESSION,-55,1
CDR202600039192,IPDR202600007503,ADDITIONAL_SESSION,-1205,1
CDR202600002131,IPDR202600007521,PRIMARY_SESSION,108,1
CDR202600013673,IPDR202600007527,PRIMARY_SESSION,-700,1
CDR202600023594,IPDR202600007528,ADDITIONAL_SESSION,-29,1
CDR202600068600,IPDR202600007549,PRIMARY_SESSION,-2,1
CDR202600090506,IPDR202600007564,ADDITIONAL_SESSION,-380,1
CDR202600079462,IPDR202600007570,PRIMARY_SESSION,326,1
CDR202600001087,IPDR202600007575,ADDITIONAL_SESSION,-741,1
CDR202600074998,IPDR202600007608,PRIMARY_SESSION,-52,1
CDR202600030279,IPDR202600007627,ADDITIONAL_SESSION,-755,1
CDR202600000266,IPDR202600007635,ADDITIONAL_SESSION,30,1
CDR202600077274,IPDR202600007636,ADDITIONAL_SESSION,346,1
CDR202600061142,IPDR202600007642,ADDITIONAL_SESSION,-31,1
CDR202600063399,IPDR202600007644,PRIMARY_SESSION,-526,1
CDR202600088346,IPDR202600007654,PRIMARY_SESSION,-6,1
CDR202600078120,IPDR202600007673,PRIMARY_SESSION,51,1
CDR202600004037,IPDR202600007682,ADDITIONAL_SESSION,-41,1
CDR202600022474,IPDR202600007712,PRIMARY_SESSION,44,1
CDR202600015711,IPDR202600007715,PRIMARY_SESSION,-164,1
CDR202600085225,IPDR202600007751,ADDITIONAL_SESSION,1210,1
CDR202600074995,IPDR202600007813,PRIMARY_SESSION,-122,1
CDR202600001460,IPDR202600007836,PRIMARY_SESSION,-299,1
CDR202600031432,IPDR202600007845,PRIMARY_SESSION,-205,1
CDR202600049622,IPDR202600007903,PRIMARY_SESSION,-80,1
CDR202600083390,IPDR202600007920,PRIMARY_SESSION,-21,1
CDR202600022995,IPDR202600007921,PRIMARY_SESSION,-10,1
CDR202600008943,IPDR202600007937,ADDITIONAL_SESSION,-166,1
CDR202600088070,IPDR202600008030,PRIMARY_SESSION,-620,1
CDR202600068216,IPDR202600008053,PRIMARY_SESSION,247,1
CDR202600065639,IPDR202600008105,PRIMARY_SESSION,-345,1
CDR202600085833,IPDR202600008107,PRIMARY_SESSION,-75,1
CDR202600050994,IPDR202600008134,PRIMARY_SESSION,-156,1
CDR202600028409,IPDR202600008154,ADDITIONAL_SESSION,32,1
CDR202600003560,IPDR202600008221,PRIMARY_SESSION,499,1
CDR202600077077,IPDR202600008243,PRIMARY_SESSION,-373,1
CDR202600089242,IPDR202600008264,ADDITIONAL_SESSION,-18,1
CDR202600018306,IPDR202600008290,ADDITIONAL_SESSION,270,1
CDR202600043346,IPDR202600008291,PRIMARY_SESSION,-55,1
CDR202600036572,IPDR202600008317,PRIMARY_SESSION,422,1
CDR202600044687,IPDR202600008349,ADDITIONAL_SESSION,-226,1
CDR202600086655,IPDR202600008367,ADDITIONAL_SESSION,-60,1
CDR202600010631,IPDR202600008368,ADDITIONAL_SESSION,143,1
CDR202600058556,IPDR202600008372,ADDITIONAL_SESSION,5,1
CDR202600034123,IPDR202600008398,PRIMARY_SESSION,-276,1
CDR202600006368,IPDR202600008453,PRIMARY_SESSION,799,1
CDR202600027178,IPDR202600008455,ADDITIONAL_SESSION,-36,1
CDR202600063888,IPDR202600008456,PRIMARY_SESSION,-53,1
CDR202600066361,IPDR202600008460,PRIMARY_SESSION,4,1
CDR202600085428,IPDR202600008462,ADDITIONAL_SESSION,246,1
CDR202600019694,IPDR202600008466,PRIMARY_SESSION,-122,1
CDR202600014442,IPDR202600008472,PRIMARY_SESSION,259,1
CDR202600011621,IPDR202600008502,PRIMARY_SESSION,-294,1
CDR202600061179,IPDR202600008546,ADDITIONAL_SESSION,-131,1
CDR202600033573,IPDR202600008547,PRIMARY_SESSION,329,1
CDR202600085602,IPDR202600008559,ADDITIONAL_SESSION,-26,1
CDR202600009028,IPDR202600008565,ADDITIONAL_SESSION,34,1
CDR202600085908,IPDR202600008576,PRIMARY_SESSION,-40,1
CDR202600012717,IPDR202600008581,ADDITIONAL_SESSION,-65,1
CDR202600025547,IPDR202600008607,PRIMARY_SESSION,66,1
CDR202600014015,IPDR202600008619,PRIMARY_SESSION,282,1
CDR202600081626,IPDR202600008655,ADDITIONAL_SESSION,-46,1
CDR202600022018,IPDR202600008668,PRIMARY_SESSION,-118,1
CDR202600015358,IPDR202600008671,ADDITIONAL_SESSION,865,1
CDR202600000785,IPDR202600008680,ADDITIONAL_SESSION,-444,1
CDR202600079434,IPDR202600008689,PRIMARY_SESSION,153,1
CDR202600076956,IPDR202600008750,ADDITIONAL_SESSION,-470,1
CDR202600005307,IPDR202600008771,ADDITIONAL_SESSION,-239,1
CDR202600043481,IPDR202600008784,PRIMARY_SESSION,-113,1
CDR202600029436,IPDR202600008848,ADDITIONAL_SESSION,-30,1
CDR202600042038,IPDR202600008867,ADDITIONAL_SESSION,-30,1
CDR202600045769,IPDR202600008878,ADDITIONAL_SESSION,-179,1
CDR202600048649,IPDR202600008883,PRIMARY_SESSION,-103,1
CDR202600005434,IPDR202600008909,PRIMARY_SESSION,-114,1
CDR202600014015,IPDR202600008952,ADDITIONAL_SESSION,272,1
CDR202600035717,IPDR202600009029,PRIMARY_SESSION,-7,1
CDR202600088138,IPDR202600009031,ADDITIONAL_SESSION,797,1
CDR202600004273,IPDR202600009062,PRIMARY_SESSION,-32,1
CDR202600029183,IPDR202600009064,ADDITIONAL_SESSION,600,1
CDR202600004355,IPDR202600009065,PRIMARY_SESSION,268,1
CDR202600030191,IPDR202600009132,PRIMARY_SESSION,-57,1
CDR202600016764,IPDR202600009156,ADDITIONAL_SESSION,-1397,1
CDR202600066958,IPDR202600009188,PRIMARY_SESSION,602,1
CDR202600045753,IPDR202600009206,PRIMARY_SESSION,-154,1
CDR202600051411,IPDR202600009233,PRIMARY_SESSION,-224,1
CDR202600036722,IPDR202600009246,ADDITIONAL_SESSION,-22,1
CDR202600089638,IPDR202600009287,ADDITIONAL_SESSION,-38,1
CDR202600064129,IPDR202600009335,PRIMARY_SESSION,-19,1
CDR202600054964,IPDR202600009372,PRIMARY_SESSION,586,1
CDR202600087834,IPDR202600009382,ADDITIONAL_SESSION,-288,1
CDR202600000267,IPDR202600009405,ADDITIONAL_SESSION,251,1
CDR202600001375,IPDR202600009407,PRIMARY_SESSION,-140,1
CDR202600035102,IPDR202600009409,ADDITIONAL_SESSION,270,1
CDR202600018312,IPDR202600009451,PRIMARY_SESSION,-7,1
CDR202600029106,IPDR202600009455,PRIMARY_SESSION,114,1
CDR202600074461,IPDR202600009477,PRIMARY_SESSION,-270,1
CDR202600024911,IPDR202600009540,ADDITIONAL_SESSION,-22,1
CDR202600033729,IPDR202600009545,ADDITIONAL_SESSION,-678,1
CDR202600061127,IPDR202600009559,PRIMARY_SESSION,-245,1
CDR202600080159,IPDR202600009579,ADDITIONAL_SESSION,-24,1
CDR202600075013,IPDR202600009600,PRIMARY_SESSION,-75,1
CDR202600052620,IPDR202600009626,ADDITIONAL_SESSION,-16,1
CDR202600033130,IPDR202600009645,PRIMARY_SESSION,-1695,1
CDR202600082928,IPDR202600009675,ADDITIONAL_SESSION,-7,1
CDR202600023780,IPDR202600009679,PRIMARY_SESSION,20,1
CDR202600049115,IPDR202600009687,PRIMARY_SESSION,648,1
CDR202600027694,IPDR202600009695,PRIMARY_SESSION,-144,1
CDR202600003715,IPDR202600009722,PRIMARY_SESSION,58,1
CDR202600016847,IPDR202600009746,ADDITIONAL_SESSION,1374,1
CDR202600003425,IPDR202600009774,PRIMARY_SESSION,239,1
CDR202600004959,IPDR202600009786,ADDITIONAL_SESSION,235,1
CDR202600079008,IPDR202600009808,ADDITIONAL_SESSION,-134,1
CDR202600004575,IPDR202600009811,ADDITIONAL_SESSION,-220,1
CDR202600042463,IPDR202600009867,PRIMARY_SESSION,54,1
CDR202600052424,IPDR202600009888,PRIMARY_SESSION,-291,1
CDR202600075817,IPDR202600009977,PRIMARY_SESSION,279,1
CDR202600033561,IPDR202600009979,ADDITIONAL_SESSION,-196,1
CDR202600028398,IPDR202600009995,PRIMARY_SESSION,-20,1
CDR202600015982,IPDR202600010020,PRIMARY_SESSION,17,1
CDR202600076174,IPDR202600010029,PRIMARY_SESSION,-27,1
CDR202600031932,IPDR202600010031,ADDITIONAL_SESSION,202,1
CDR202600087495,IPDR202600010060,ADDITIONAL_SESSION,-691,1
CDR202600045020,IPDR202600010062,ADDITIONAL_SESSION,-98,1
CDR202600066395,IPDR202600010089,PRIMARY_SESSION,-8,1
CDR202600047954,IPDR202600010105,ADDITIONAL_SESSION,485,1
CDR202600082665,IPDR202600010127,PRIMARY_SESSION,-243,1
CDR202600009266,IPDR202600010134,PRIMARY_SESSION,1230,1
CDR202600077389,IPDR202600010165,ADDITIONAL_SESSION,-34,1
CDR202600073337,IPDR202600010172,ADDITIONAL_SESSION,117,1
CDR202600088044,IPDR202600010173,PRIMARY_SESSION,-530,1
CDR202600075821,IPDR202600010184,PRIMARY_SESSION,856,1
CDR202600015039,IPDR202600010186,PRIMARY_SESSION,1715,1
CDR202600076840,IPDR202600010190,ADDITIONAL_SESSION,-363,1
CDR202600079158,IPDR202600010198,PRIMARY_SESSION,50,1
CDR202600000330,IPDR202600010216,PRIMARY_SESSION,-6,1
CDR202600014186,IPDR202600010222,ADDITIONAL_SESSION,-173,1
CDR202600018294,IPDR202600010251,PRIMARY_SESSION,-57,1
CDR202600061142,IPDR202600010278,PRIMARY_SESSION,-14,1
CDR202600083212,IPDR202600010341,PRIMARY_SESSION,220,1
CDR202600045602,IPDR202600010351,PRIMARY_SESSION,-11,1
CDR202600006221,IPDR202600010353,ADDITIONAL_SESSION,37,1
CDR202600058305,IPDR202600010354,ADDITIONAL_SESSION,-295,1
CDR202600071111,IPDR202600010359,PRIMARY_SESSION,280,1
CDR202600044805,IPDR202600010379,PRIMARY_SESSION,55,1
CDR202600032279,IPDR202600010380,PRIMARY_SESSION,1300,1
CDR202600005763,IPDR202600010399,PRIMARY_SESSION,-1671,1
CDR202600085158,IPDR202600010402,PRIMARY_SESSION,-217,1
CDR202600001145,IPDR202600010448,ADDITIONAL_SESSION,98,1
CDR202600024479,IPDR202600010460,PRIMARY_SESSION,-219,1
CDR202600074754,IPDR202600010484,PRIMARY_SESSION,-743,1
CDR202600016930,IPDR202600010512,PRIMARY_SESSION,-23,1
CDR202600058073,IPDR202600010520,PRIMARY_SESSION,7,1
CDR202600004729,IPDR202600010523,PRIMARY_SESSION,-11,1
CDR202600033729,IPDR202600010532,ADDITIONAL_SESSION,-198,1
CDR202600078521,IPDR202600010595,PRIMARY_SESSION,59,1
CDR202600000859,IPDR202600010610,ADDITIONAL_SESSION,-882,1
CDR202600053842,IPDR202600010632,ADDITIONAL_SESSION,-53,1
CDR202600014036,IPDR202600010641,PRIMARY_SESSION,184,1
CDR202600027700,IPDR202600010659,ADDITIONAL_SESSION,1730,1
CDR202600045326,IPDR202600010665,PRIMARY_SESSION,-24,1
CDR202600033313,IPDR202600010669,PRIMARY_SESSION,601,1
CDR202600067091,IPDR202600010679,PRIMARY_SESSION,523,1
CDR202600000805,IPDR202600010686,ADDITIONAL_SESSION,25,1
CDR202600016484,IPDR202600010698,ADDITIONAL_SESSION,873,1
CDR202600038560,IPDR202600010754,ADDITIONAL_SESSION,41,1
CDR202600015477,IPDR202600010761,ADDITIONAL_SESSION,-175,1
CDR202600015493,IPDR202600010838,PRIMARY_SESSION,639,1
CDR202600087595,IPDR202600010854,PRIMARY_SESSION,-100,1
CDR202600022363,IPDR202600010904,PRIMARY_SESSION,856,1
CDR202600067795,IPDR202600010964,ADDITIONAL_SESSION,211,1
CDR202600015690,IPDR202600010987,PRIMARY_SESSION,893,1
CDR202600016329,IPDR202600011043,ADDITIONAL_SESSION,115,1
CDR202600042477,IPDR202600011063,PRIMARY_SESSION,-44,1
CDR202600083993,IPDR202600011077,PRIMARY_SESSION,-7,1
CDR202600059535,IPDR202600011128,PRIMARY_SESSION,164,1
CDR202600035263,IPDR202600011129,ADDITIONAL_SESSION,551,1
CDR202600077884,IPDR202600011144,ADDITIONAL_SESSION,-496,1
CDR202600018325,IPDR202600011147,PRIMARY_SESSION,17,1
CDR202600005551,IPDR202600011157,ADDITIONAL_SESSION,-48,1
CDR202600027549,IPDR202600011179,PRIMARY_SESSION,-48,1
CDR202600062941,IPDR202600011219,ADDITIONAL_SESSION,-48,1
CDR202600024285,IPDR202600011280,PRIMARY_SESSION,-73,1
CDR202600007018,IPDR202600011282,PRIMARY_SESSION,-855,1
CDR202600063517,IPDR202600011315,ADDITIONAL_SESSION,106,1
CDR202600089507,IPDR202600011318,ADDITIONAL_SESSION,823,1
CDR202600048720,IPDR202600011371,PRIMARY_SESSION,-510,1
CDR202600067091,IPDR202600011384,ADDITIONAL_SESSION,1397,1
CDR202600003430,IPDR202600011400,PRIMARY_SESSION,563,1
CDR202600086134,IPDR202600011447,ADDITIONAL_SESSION,-253,1
CDR202600016847,IPDR202600011513,PRIMARY_SESSION,-93,1
CDR202600084461,IPDR202600011514,PRIMARY_SESSION,-312,1
CDR202600020659,IPDR202600011516,PRIMARY_SESSION,-73,1
CDR202600061693,IPDR202600011542,PRIMARY_SESSION,212,1
CDR202600078384,IPDR202600011543,ADDITIONAL_SESSION,-129,1
CDR202600041098,IPDR202600011553,PRIMARY_SESSION,1499,1
CDR202600065533,IPDR202600011566,PRIMARY_SESSION,-59,1
CDR202600017564,IPDR202600011583,ADDITIONAL_SESSION,287,1
CDR202600020198,IPDR202600011611,PRIMARY_SESSION,-218,1
CDR202600036923,IPDR202600011634,ADDITIONAL_SESSION,-30,1
CDR202600061374,IPDR202600011640,PRIMARY_SESSION,-166,1
CDR202600012588,IPDR202600011660,ADDITIONAL_SESSION,199,1
CDR202600067118,IPDR202600011674,ADDITIONAL_SESSION,-185,1
CDR202600041787,IPDR202600011676,PRIMARY_SESSION,163,1
CDR202600073855,IPDR202600011681,ADDITIONAL_SESSION,622,1
CDR202600084739,IPDR202600011711,PRIMARY_SESSION,-732,1
CDR202600016329,IPDR202600011755,ADDITIONAL_SESSION,-1022,1
CDR202600013120,IPDR202600011760,ADDITIONAL_SESSION,506,1
CDR202600071259,IPDR202600011767,ADDITIONAL_SESSION,300,1
CDR202600024541,IPDR202600011796,ADDITIONAL_SESSION,-601,1
CDR202600071957,IPDR202600011800,ADDITIONAL_SESSION,1730,1
CDR202600037601,IPDR202600011807,ADDITIONAL_SESSION,-202,1
CDR202600041473,IPDR202600011814,PRIMARY_SESSION,-41,1
CDR202600045075,IPDR202600011820,PRIMARY_SESSION,-46,1
CDR202600020372,IPDR202600011839,ADDITIONAL_SESSION,-3,1
CDR202600040872,IPDR202600011843,PRIMARY_SESSION,-188,1
CDR202600002515,IPDR202600011864,PRIMARY_SESSION,-677,1
CDR202600029519,IPDR202600011891,PRIMARY_SESSION,269,1
CDR202600008081,IPDR202600011897,PRIMARY_SESSION,17,1
CDR202600018466,IPDR202600011923,ADDITIONAL_SESSION,269,1
CDR202600038879,IPDR202600011966,PRIMARY_SESSION,-178,1
CDR202600080394,IPDR202600011986,ADDITIONAL_SESSION,734,1
CDR202600086848,IPDR202600012007,PRIMARY_SESSION,1427,1
CDR202600004651,IPDR202600012012,ADDITIONAL_SESSION,141,1
CDR202600034707,IPDR202600012017,ADDITIONAL_SESSION,-45,1
CDR202600075476,IPDR202600012029,ADDITIONAL_SESSION,-270,1
CDR202600050180,IPDR202600012034,ADDITIONAL_SESSION,840,1
CDR202600088251,IPDR202600012035,ADDITIONAL_SESSION,839,1
CDR202600054693,IPDR202600012090,PRIMARY_SESSION,245,1
CDR202600076997,IPDR202600012111,PRIMARY_SESSION,-498,1
CDR202600010183,IPDR202600012132,PRIMARY_SESSION,742,1
CDR202600019632,IPDR202600012137,ADDITIONAL_SESSION,262,1
CDR202600023677,IPDR202600012140,PRIMARY_SESSION,1280,1
CDR202600067609,IPDR202600012157,PRIMARY_SESSION,1332,1
CDR202600001305,IPDR202600012182,PRIMARY_SESSION,2,1
CDR202600048631,IPDR202600012201,ADDITIONAL_SESSION,990,1
CDR202600082215,IPDR202600012241,PRIMARY_SESSION,-204,1
CDR202600000548,IPDR202600012245,ADDITIONAL_SESSION,-1704,1
CDR202600075819,IPDR202600012271,ADDITIONAL_SESSION,295,1
CDR202600023673,IPDR202600012284,PRIMARY_SESSION,-1120,1
CDR202600054937,IPDR202600012303,PRIMARY_SESSION,194,1
CDR202600012850,IPDR202600012318,PRIMARY_SESSION,733,1
CDR202600005907,IPDR202600012330,ADDITIONAL_SESSION,-50,1
CDR202600027244,IPDR202600012332,PRIMARY_SESSION,-569,1
CDR202600053778,IPDR202600012346,ADDITIONAL_SESSION,673,1
CDR202600022073,IPDR202600012371,ADDITIONAL_SESSION,110,1
CDR202600024915,IPDR202600012388,ADDITIONAL_SESSION,830,1
CDR202600065052,IPDR202600012408,PRIMARY_SESSION,32,1
CDR202600061880,IPDR202600012451,PRIMARY_SESSION,-50,1
CDR202600040218,IPDR202600012460,PRIMARY_SESSION,-130,1
CDR202600080751,IPDR202600012470,PRIMARY_SESSION,-51,1
CDR202600066354,IPDR202600012507,PRIMARY_SESSION,34,1
CDR202600026534,IPDR202600012510,PRIMARY_SESSION,-435,1
CDR202600063306,IPDR202600012549,PRIMARY_SESSION,-316,1
CDR202600053961,IPDR202600012556,PRIMARY_SESSION,-619,1
CDR202600007929,IPDR202600012565,PRIMARY_SESSION,-298,1
CDR202600035013,IPDR202600012571,PRIMARY_SESSION,-24,1
CDR202600073844,IPDR202600012621,PRIMARY_SESSION,-97,1
CDR202600001173,IPDR202600012667,PRIMARY_SESSION,1165,1
CDR202600009188,IPDR202600012669,ADDITIONAL_SESSION,10,1
CDR202600018756,IPDR202600012695,ADDITIONAL_SESSION,1623,1
CDR202600051971,IPDR202600012728,PRIMARY_SESSION,-29,1
CDR202600086657,IPDR202600012749,ADDITIONAL_SESSION,-34,1
CDR202600063274,IPDR202600012750,ADDITIONAL_SESSION,-147,1
CDR202600078193,IPDR202600012778,ADDITIONAL_SESSION,-530,1
CDR202600061964,IPDR202600012814,PRIMARY_SESSION,57,1
CDR202600056155,IPDR202600012828,PRIMARY_SESSION,221,1
CDR202600051828,IPDR202600012863,PRIMARY_SESSION,1700,1
CDR202600046333,IPDR202600012873,PRIMARY_SESSION,-543,1
CDR202600084984,IPDR202600012896,ADDITIONAL_SESSION,75,1
CDR202600038202,IPDR202600012900,ADDITIONAL_SESSION,154,1
CDR202600080784,IPDR202600012916,PRIMARY_SESSION,-624,1
CDR202600052480,IPDR202600012969,PRIMARY_SESSION,-198,1
CDR202600022150,IPDR202600013019,ADDITIONAL_SESSION,1614,1
CDR202600006456,IPDR202600013053,PRIMARY_SESSION,-111,1
CDR202600009418,IPDR202600013057,PRIMARY_SESSION,643,1
CDR202600026888,IPDR202600013091,ADDITIONAL_SESSION,-14,1
CDR202600077377,IPDR202600013195,PRIMARY_SESSION,-744,1
CDR202600034156,IPDR202600013246,ADDITIONAL_SESSION,-34,1
CDR202600016201,IPDR202600013277,PRIMARY_SESSION,148,1
CDR202600046029,IPDR202600013288,PRIMARY_SESSION,21,1
CDR202600050784,IPDR202600013303,ADDITIONAL_SESSION,259,1
CDR202600022474,IPDR202600013305,ADDITIONAL_SESSION,-765,1
CDR202600055916,IPDR202600013312,PRIMARY_SESSION,47,1
CDR202600057693,IPDR202600013314,PRIMARY_SESSION,-245,1
CDR202600060217,IPDR202600013331,PRIMARY_SESSION,863,1
CDR202600026603,IPDR202600013349,PRIMARY_SESSION,130,1
CDR202600046390,IPDR202600013371,PRIMARY_SESSION,-1001,1
CDR202600074406,IPDR202600013379,ADDITIONAL_SESSION,166,1
CDR202600089626,IPDR202600013382,PRIMARY_SESSION,251,1
CDR202600049284,IPDR202600013443,ADDITIONAL_SESSION,-271,1
CDR202600029106,IPDR202600013464,ADDITIONAL_SESSION,-8,1
CDR202600042197,IPDR202600013465,PRIMARY_SESSION,6,1
CDR202600051304,IPDR202600013551,PRIMARY_SESSION,261,1
CDR202600018325,IPDR202600013560,ADDITIONAL_SESSION,4,1
CDR202600007427,IPDR202600013564,PRIMARY_SESSION,-258,1
CDR202600026760,IPDR202600013584,ADDITIONAL_SESSION,-585,1
CDR202600028606,IPDR202600013613,PRIMARY_SESSION,-239,1
CDR202600086511,IPDR202600013632,PRIMARY_SESSION,200,1
CDR202600073153,IPDR202600013660,PRIMARY_SESSION,-4,1
CDR202600089638,IPDR202600013676,ADDITIONAL_SESSION,391,1
CDR202600039812,IPDR202600013685,PRIMARY_SESSION,-36,1
CDR202600071065,IPDR202600013698,PRIMARY_SESSION,269,1
CDR202600082866,IPDR202600013736,PRIMARY_SESSION,-560,1
CDR202600065585,IPDR202600013743,PRIMARY_SESSION,-1781,1
CDR202600087530,IPDR202600013768,PRIMARY_SESSION,-750,1
CDR202600082381,IPDR202600013790,PRIMARY_SESSION,-4,1
CDR202600038662,IPDR202600013796,ADDITIONAL_SESSION,504,1
CDR202600000749,IPDR202600013823,ADDITIONAL_SESSION,1629,1
CDR202600076981,IPDR202600013825,ADDITIONAL_SESSION,-262,1
CDR202600081997,IPDR202600013839,PRIMARY_SESSION,160,1
CDR202600015273,IPDR202600013852,PRIMARY_SESSION,-8,1
CDR202600020411,IPDR202600013875,ADDITIONAL_SESSION,-830,1
CDR202600057924,IPDR202600013993,ADDITIONAL_SESSION,284,1
CDR202600007102,IPDR202600014055,PRIMARY_SESSION,-47,1
CDR202600010860,IPDR202600014087,PRIMARY_SESSION,-195,1
CDR202600047028,IPDR202600014094,PRIMARY_SESSION,12,1
CDR202600043278,IPDR202600014103,PRIMARY_SESSION,-645,1
CDR202600037214,IPDR202600014113,ADDITIONAL_SESSION,-270,1
CDR202600013594,IPDR202600014159,ADDITIONAL_SESSION,680,1
CDR202600060378,IPDR202600014208,ADDITIONAL_SESSION,1309,1
CDR202600082014,IPDR202600014217,PRIMARY_SESSION,533,1
CDR202600032140,IPDR202600014225,ADDITIONAL_SESSION,-26,1
CDR202600082661,IPDR202600014242,ADDITIONAL_SESSION,-65,1
CDR202600001334,IPDR202600014273,PRIMARY_SESSION,1380,1
CDR202600081843,IPDR202600014276,PRIMARY_SESSION,-27,1
CDR202600025164,IPDR202600014279,PRIMARY_SESSION,-231,1
CDR202600061215,IPDR202600014289,ADDITIONAL_SESSION,381,1
CDR202600010096,IPDR202600014321,PRIMARY_SESSION,652,1
CDR202600038117,IPDR202600014329,ADDITIONAL_SESSION,-127,1
CDR202600025554,IPDR202600014331,ADDITIONAL_SESSION,-25,1
CDR202600065831,IPDR202600014352,PRIMARY_SESSION,-559,1
CDR202600086041,IPDR202600014360,PRIMARY_SESSION,149,1
CDR202600027063,IPDR202600014409,PRIMARY_SESSION,-191,1
CDR202600040037,IPDR202600014491,PRIMARY_SESSION,795,1
CDR202600026640,IPDR202600014525,ADDITIONAL_SESSION,-34,1
CDR202600041027,IPDR202600014532,PRIMARY_SESSION,459,1
CDR202600087283,IPDR202600014535,PRIMARY_SESSION,-260,1
CDR202600036459,IPDR202600014541,PRIMARY_SESSION,-7,1
CDR202600024009,IPDR202600014545,ADDITIONAL_SESSION,447,1
CDR202600017529,IPDR202600014570,PRIMARY_SESSION,861,1
CDR202600010844,IPDR202600014608,PRIMARY_SESSION,256,1
CDR202600022709,IPDR202600014627,PRIMARY_SESSION,1731,1
CDR202600031359,IPDR202600014631,ADDITIONAL_SESSION,-9,1
CDR202600026668,IPDR202600014638,PRIMARY_SESSION,-116,1
CDR202600013549,IPDR202600014641,ADDITIONAL_SESSION,-584,1
CDR202600025412,IPDR202600014680,PRIMARY_SESSION,1358,1
CDR202600026376,IPDR202600014696,ADDITIONAL_SESSION,-96,1
CDR202600038117,IPDR202600014717,PRIMARY_SESSION,-217,1
CDR202600008967,IPDR202600014754,PRIMARY_SESSION,4,1
CDR202600003777,IPDR202600014757,PRIMARY_SESSION,-571,1
CDR202600020337,IPDR202600014786,PRIMARY_SESSION,82,1
CDR202600041348,IPDR202600014815,ADDITIONAL_SESSION,-270,1
CDR202600018380,IPDR202600014832,PRIMARY_SESSION,-41,1
CDR202600041969,IPDR202600014844,ADDITIONAL_SESSION,-104,1
CDR202600039739,IPDR202600014849,PRIMARY_SESSION,-238,1
CDR202600046373,IPDR202600014891,PRIMARY_SESSION,-211,1
CDR202600078233,IPDR202600014907,PRIMARY_SESSION,-8,1
CDR202600077969,IPDR202600014930,ADDITIONAL_SESSION,-70,1
CDR202600017564,IPDR202600014940,ADDITIONAL_SESSION,-527,1
CDR202600064240,IPDR202600014943,PRIMARY_SESSION,843,1
CDR202600046443,IPDR202600014949,PRIMARY_SESSION,45,1
CDR202600070825,IPDR202600014955,ADDITIONAL_SESSION,-214,1
CDR202600009279,IPDR202600014983,PRIMARY_SESSION,82,1
CDR202600085670,IPDR202600014985,PRIMARY_SESSION,1392,1
CDR202600045326,IPDR202600015006,ADDITIONAL_SESSION,-102,1
CDR202600049601,IPDR202600015020,PRIMARY_SESSION,77,1
CDR202600057493,IPDR202600015041,PRIMARY_SESSION,-212,1
CDR202600010222,IPDR202600015047,PRIMARY_SESSION,191,1
CDR202600077316,IPDR202600015054,ADDITIONAL_SESSION,-142,1
CDR202600073006,IPDR202600015055,ADDITIONAL_SESSION,-47,1
CDR202600038750,IPDR202600015094,PRIMARY_SESSION,183,1
CDR202600003408,IPDR202600015101,PRIMARY_SESSION,548,1
CDR202600069748,IPDR202600015111,PRIMARY_SESSION,-814,1
CDR202600029122,IPDR202600015117,PRIMARY_SESSION,778,1
CDR202600019689,IPDR202600015164,PRIMARY_SESSION,-540,1
CDR202600053037,IPDR202600015172,PRIMARY_SESSION,-126,1
CDR202600056071,IPDR202600015189,PRIMARY_SESSION,133,1
CDR202600027134,IPDR202600015209,PRIMARY_SESSION,-257,1
CDR202600006409,IPDR202600015220,ADDITIONAL_SESSION,-267,1
CDR202600020302,IPDR202600015224,PRIMARY_SESSION,2,1
CDR202600062862,IPDR202600015232,ADDITIONAL_SESSION,99,1
CDR202600067614,IPDR202600015243,PRIMARY_SESSION,1205,1
CDR202600053368,IPDR202600015272,ADDITIONAL_SESSION,577,1
CDR202600014621,IPDR202600015363,PRIMARY_SESSION,-693,1
CDR202600045720,IPDR202600015365,PRIMARY_SESSION,648,1
CDR202600039068,IPDR202600015370,PRIMARY_SESSION,-126,1
CDR202600076010,IPDR202600015393,ADDITIONAL_SESSION,-65,1
CDR202600035972,IPDR202600015404,ADDITIONAL_SESSION,-114,1
CDR202600031986,IPDR202600015421,ADDITIONAL_SESSION,757,1
CDR202600023826,IPDR202600015431,PRIMARY_SESSION,1364,1
CDR202600024915,IPDR202600015434,ADDITIONAL_SESSION,262,1
CDR202600071912,IPDR202600015458,ADDITIONAL_SESSION,-93,1
CDR202600011991,IPDR202600015492,PRIMARY_SESSION,-175,1
CDR202600035846,IPDR202600015499,ADDITIONAL_SESSION,-718,1
CDR202600045097,IPDR202600015507,PRIMARY_SESSION,-208,1
CDR202600046356,IPDR202600015550,PRIMARY_SESSION,-4,1
CDR202600004403,IPDR202600015570,PRIMARY_SESSION,-390,1
CDR202600033458,IPDR202600015571,ADDITIONAL_SESSION,-189,1
CDR202600072660,IPDR202600015576,PRIMARY_SESSION,662,1
CDR202600012962,IPDR202600015617,ADDITIONAL_SESSION,-1400,1
CDR202600004835,IPDR202600015618,PRIMARY_SESSION,581,1
CDR202600000603,IPDR202600015624,PRIMARY_SESSION,14,1
CDR202600066365,IPDR202600015682,PRIMARY_SESSION,120,1
CDR202600007393,IPDR202600015688,ADDITIONAL_SESSION,-56,1
CDR202600078356,IPDR202600015689,PRIMARY_SESSION,-769,1
CDR202600074945,IPDR202600015704,PRIMARY_SESSION,-282,1
CDR202600083120,IPDR202600015725,PRIMARY_SESSION,-734,1
CDR202600041098,IPDR202600015726,ADDITIONAL_SESSION,74,1
CDR202600069313,IPDR202600015773,PRIMARY_SESSION,-29,1
CDR202600016338,IPDR202600015843,PRIMARY_SESSION,-1,1
CDR202600012103,IPDR202600015853,PRIMARY_SESSION,-32,1
CDR202600005975,IPDR202600015881,ADDITIONAL_SESSION,-33,1
CDR202600038805,IPDR202600015898,ADDITIONAL_SESSION,-43,1
CDR202600000785,IPDR202600015962,ADDITIONAL_SESSION,-151,1
CDR202600067241,IPDR202600016019,PRIMARY_SESSION,125,1
CDR202600076956,IPDR202600016025,ADDITIONAL_SESSION,710,1
CDR202600039744,IPDR202600016028,ADDITIONAL_SESSION,-1101,1
CDR202600057311,IPDR202600016034,PRIMARY_SESSION,-19,1
CDR202600009876,IPDR202600016049,ADDITIONAL_SESSION,-893,1
CDR202600047869,IPDR202600016057,PRIMARY_SESSION,161,1
CDR202600038396,IPDR202600016059,PRIMARY_SESSION,75,1
CDR202600073232,IPDR202600016075,PRIMARY_SESSION,-525,1
CDR202600000963,IPDR202600016094,ADDITIONAL_SESSION,-424,1
CDR202600072386,IPDR202600016114,PRIMARY_SESSION,36,1
CDR202600019228,IPDR202600016142,ADDITIONAL_SESSION,57,1
CDR202600049712,IPDR202600016169,ADDITIONAL_SESSION,258,1
CDR202600062298,IPDR202600016187,PRIMARY_SESSION,112,1
CDR202600073333,IPDR202600016204,PRIMARY_SESSION,101,1
CDR202600080136,IPDR202600016206,PRIMARY_SESSION,175,1
CDR202600090810,IPDR202600016219,PRIMARY_SESSION,-260,1
CDR202600073293,IPDR202600016253,PRIMARY_SESSION,-268,1
CDR202600035717,IPDR202600016266,ADDITIONAL_SESSION,-729,1
CDR202600053381,IPDR202600016280,ADDITIONAL_SESSION,320,1
CDR202600048697,IPDR202600016295,PRIMARY_SESSION,-213,1
CDR202600057150,IPDR202600016303,PRIMARY_SESSION,-588,1
CDR202600075587,IPDR202600016315,PRIMARY_SESSION,54,1
CDR202600067407,IPDR202600016316,ADDITIONAL_SESSION,34,1
CDR202600076446,IPDR202600016368,PRIMARY_SESSION,512,1
CDR202600083271,IPDR202600016375,PRIMARY_SESSION,1031,1
CDR202600012363,IPDR202600016396,ADDITIONAL_SESSION,62,1
CDR202600050102,IPDR202600016405,ADDITIONAL_SESSION,-94,1
CDR202600041364,IPDR202600016416,PRIMARY_SESSION,-146,1
CDR202600051249,IPDR202600016481,PRIMARY_SESSION,-672,1
CDR202600081027,IPDR202600016482,ADDITIONAL_SESSION,-49,1
CDR202600033428,IPDR202600016499,ADDITIONAL_SESSION,-1594,1
CDR202600061055,IPDR202600016502,PRIMARY_SESSION,-198,1
CDR202600075491,IPDR202600016567,PRIMARY_SESSION,-140,1
CDR202600038805,IPDR202600016577,ADDITIONAL_SESSION,-94,1
CDR202600033720,IPDR202600016645,PRIMARY_SESSION,-129,1
CDR202600019062,IPDR202600016682,PRIMARY_SESSION,-166,1
CDR202600079226,IPDR202600016684,PRIMARY_SESSION,-686,1
CDR202600089661,IPDR202600016710,ADDITIONAL_SESSION,-27,1
CDR202600077316,IPDR202600016731,PRIMARY_SESSION,-186,1
CDR202600028106,IPDR202600016742,ADDITIONAL_SESSION,77,1
CDR202600038462,IPDR202600016753,ADDITIONAL_SESSION,33,1
CDR202600011183,IPDR202600016764,PRIMARY_SESSION,-230,1
CDR202600020644,IPDR202600016767,ADDITIONAL_SESSION,3,1
CDR202600055463,IPDR202600016777,PRIMARY_SESSION,-347,1
CDR202600061880,IPDR202600016778,ADDITIONAL_SESSION,-1366,1
CDR202600012717,IPDR202600016814,ADDITIONAL_SESSION,679,1
CDR202600085862,IPDR202600016873,PRIMARY_SESSION,-24,1
CDR202600028287,IPDR202600016879,PRIMARY_SESSION,-13,1
CDR202600071728,IPDR202600016893,PRIMARY_SESSION,1582,1
CDR202600078732,IPDR202600016896,ADDITIONAL_SESSION,1769,1
CDR202600035514,IPDR202600016920,ADDITIONAL_SESSION,-172,1
CDR202600051672,IPDR202600016928,PRIMARY_SESSION,-521,1
CDR202600014617,IPDR202600016961,PRIMARY_SESSION,-66,1
CDR202600055192,IPDR202600016974,PRIMARY_SESSION,44,1
CDR202600070191,IPDR202600017006,ADDITIONAL_SESSION,-1,1
CDR202600006397,IPDR202600017015,PRIMARY_SESSION,50,1
CDR202600055298,IPDR202600017019,ADDITIONAL_SESSION,234,1
CDR202600040972,IPDR202600017039,PRIMARY_SESSION,-215,1
CDR202600059142,IPDR202600017065,ADDITIONAL_SESSION,25,1
CDR202600083023,IPDR202600017068,ADDITIONAL_SESSION,-177,1
CDR202600027178,IPDR202600017104,PRIMARY_SESSION,-653,1
CDR202600086481,IPDR202600017128,PRIMARY_SESSION,719,1
CDR202600089507,IPDR202600017131,PRIMARY_SESSION,-146,1
CDR202600056115,IPDR202600017140,PRIMARY_SESSION,147,1
CDR202600033753,IPDR202600017147,ADDITIONAL_SESSION,-190,1
CDR202600085863,IPDR202600017148,PRIMARY_SESSION,-189,1
CDR202600018661,IPDR202600017167,PRIMARY_SESSION,569,1
CDR202600078906,IPDR202600017169,PRIMARY_SESSION,-1029,1
CDR202600036667,IPDR202600017192,ADDITIONAL_SESSION,-26,1
CDR202600044724,IPDR202600017197,PRIMARY_SESSION,182,1
CDR202600002611,IPDR202600017212,PRIMARY_SESSION,52,1
CDR202600044644,IPDR202600017231,PRIMARY_SESSION,-833,1
CDR202600033784,IPDR202600017232,PRIMARY_SESSION,449,1
CDR202600032634,IPDR202600017243,PRIMARY_SESSION,-15,1
CDR202600052462,IPDR202600017272,PRIMARY_SESSION,-524,1
CDR202600013120,IPDR202600017322,ADDITIONAL_SESSION,-777,1
CDR202600049646,IPDR202600017323,PRIMARY_SESSION,-149,1
CDR202600034156,IPDR202600017355,PRIMARY_SESSION,602,1
CDR202600000548,IPDR202600017370,PRIMARY_SESSION,35,1
CDR202600037773,IPDR202600017377,PRIMARY_SESSION,-458,1
CDR202600064188,IPDR202600017408,PRIMARY_SESSION,298,1
CDR202600048372,IPDR202600017423,PRIMARY_SESSION,-7,1
CDR202600089139,IPDR202600017454,PRIMARY_SESSION,-260,1
CDR202600037030,IPDR202600017498,ADDITIONAL_SESSION,-8,1
CDR202600039056,IPDR202600017562,ADDITIONAL_SESSION,-198,1
CDR202600024209,IPDR202600017577,ADDITIONAL_SESSION,-1348,1
CDR202600001026,IPDR202600017612,ADDITIONAL_SESSION,-1152,1
CDR202600050224,IPDR202600017614,ADDITIONAL_SESSION,777,1
CDR202600001861,IPDR202600017618,ADDITIONAL_SESSION,369,1
CDR202600032958,IPDR202600017626,ADDITIONAL_SESSION,744,1
CDR202600008931,IPDR202600017669,PRIMARY_SESSION,394,1
CDR202600081906,IPDR202600017670,PRIMARY_SESSION,287,1
CDR202600046217,IPDR202600017715,PRIMARY_SESSION,-858,1
CDR202600003073,IPDR202600017726,ADDITIONAL_SESSION,75,1
CDR202600052843,IPDR202600017735,PRIMARY_SESSION,59,1
CDR202600000532,IPDR202600017755,ADDITIONAL_SESSION,805,1
CDR202600072574,IPDR202600017789,PRIMARY_SESSION,-1052,1
CDR202600001588,IPDR202600017804,ADDITIONAL_SESSION,-152,1
CDR202600036007,IPDR202600017812,ADDITIONAL_SESSION,-2,1
CDR202600038673,IPDR202600017831,PRIMARY_SESSION,17,1
CDR202600032172,IPDR202600017832,PRIMARY_SESSION,-188,1
CDR202600057126,IPDR202600017905,ADDITIONAL_SESSION,-144,1
CDR202600056921,IPDR202600017911,ADDITIONAL_SESSION,-232,1
CDR202600073489,IPDR202600017935,PRIMARY_SESSION,-255,1
CDR202600076128,IPDR202600017944,PRIMARY_SESSION,-213,1
CDR202600083019,IPDR202600017962,PRIMARY_SESSION,-97,1
CDR202600002500,IPDR202600017968,PRIMARY_SESSION,525,1
CDR202600074666,IPDR202600017984,PRIMARY_SESSION,-30,1
CDR202600069243,IPDR202600017991,ADDITIONAL_SESSION,-1715,1
CDR202600085534,IPDR202600018007,ADDITIONAL_SESSION,54,1
CDR202600054694,IPDR202600018033,ADDITIONAL_SESSION,-110,1
CDR202600036200,IPDR202600018061,ADDITIONAL_SESSION,-192,1
CDR202600084580,IPDR202600018071,ADDITIONAL_SESSION,-655,1
CDR202600037746,IPDR202600018102,PRIMARY_SESSION,929,1
CDR202600034632,IPDR202600018153,ADDITIONAL_SESSION,142,1
CDR202600038802,IPDR202600018161,ADDITIONAL_SESSION,65,1
CDR202600042853,IPDR202600018186,PRIMARY_SESSION,-243,1
CDR202600053684,IPDR202600018240,PRIMARY_SESSION,10,1
CDR202600082025,IPDR202600018247,ADDITIONAL_SESSION,-307,1
CDR202600051372,IPDR202600018294,PRIMARY_SESSION,-117,1
CDR202600005665,IPDR202600018305,ADDITIONAL_SESSION,173,1
CDR202600006211,IPDR202600018341,PRIMARY_SESSION,265,1
CDR202600033428,IPDR202600018354,ADDITIONAL_SESSION,708,1
CDR202600069407,IPDR202600018366,ADDITIONAL_SESSION,-1598,1
CDR202600056592,IPDR202600018379,PRIMARY_SESSION,879,1
CDR202600044639,IPDR202600018392,PRIMARY_SESSION,-318,1
CDR202600006307,IPDR202600018420,PRIMARY_SESSION,93,1
CDR202600017934,IPDR202600018444,PRIMARY_SESSION,1040,1
CDR202600028403,IPDR202600018447,PRIMARY_SESSION,-422,1
CDR202600084475,IPDR202600018456,PRIMARY_SESSION,-813,1
CDR202600057641,IPDR202600018458,PRIMARY_SESSION,-19,1
CDR202600017124,IPDR202600018532,ADDITIONAL_SESSION,-58,1
CDR202600000482,IPDR202600018575,ADDITIONAL_SESSION,-584,1
CDR202600036539,IPDR202600018639,ADDITIONAL_SESSION,-992,1
CDR202600046081,IPDR202600018655,ADDITIONAL_SESSION,244,1
CDR202600031764,IPDR202600018659,PRIMARY_SESSION,-386,1
CDR202600067048,IPDR202600018663,PRIMARY_SESSION,48,1
CDR202600030813,IPDR202600018684,PRIMARY_SESSION,-49,1
CDR202600055199,IPDR202600018693,PRIMARY_SESSION,149,1
CDR202600034373,IPDR202600018697,ADDITIONAL_SESSION,-13,1
CDR202600032230,IPDR202600018701,PRIMARY_SESSION,30,1
CDR202600042979,IPDR202600018779,ADDITIONAL_SESSION,-178,1
CDR202600072993,IPDR202600018802,ADDITIONAL_SESSION,907,1
CDR202600051249,IPDR202600018807,ADDITIONAL_SESSION,16,1
CDR202600032039,IPDR202600018832,ADDITIONAL_SESSION,-347,1
CDR202600026423,IPDR202600018881,ADDITIONAL_SESSION,99,1
CDR202600012852,IPDR202600018883,PRIMARY_SESSION,-287,1
CDR202600009189,IPDR202600018897,ADDITIONAL_SESSION,186,1
CDR202600016571,IPDR202600018907,PRIMARY_SESSION,82,1
CDR202600056875,IPDR202600018942,PRIMARY_SESSION,-226,1
CDR202600005769,IPDR202600018951,PRIMARY_SESSION,270,1
CDR202600082190,IPDR202600018958,PRIMARY_SESSION,154,1
CDR202600077858,IPDR202600019007,PRIMARY_SESSION,-478,1
CDR202600019101,IPDR202600019087,PRIMARY_SESSION,-283,1
CDR202600013072,IPDR202600019099,PRIMARY_SESSION,-8,1
CDR202600089206,IPDR202600019111,ADDITIONAL_SESSION,997,1
CDR202600076220,IPDR202600019122,PRIMARY_SESSION,29,1
CDR202600084339,IPDR202600019130,ADDITIONAL_SESSION,35,1
CDR202600077987,IPDR202600019138,ADDITIONAL_SESSION,203,1
CDR202600068986,IPDR202600019159,ADDITIONAL_SESSION,-110,1
CDR202600027138,IPDR202600019187,PRIMARY_SESSION,720,1
CDR202600043052,IPDR202600019193,ADDITIONAL_SESSION,741,1
CDR202600029239,IPDR202600019195,PRIMARY_SESSION,-218,1
CDR202600010697,IPDR202600019199,ADDITIONAL_SESSION,54,1
CDR202600036383,IPDR202600019213,PRIMARY_SESSION,56,1
CDR202600051847,IPDR202600019276,ADDITIONAL_SESSION,-50,1
CDR202600034527,IPDR202600019322,PRIMARY_SESSION,-25,1
CDR202600044891,IPDR202600019344,PRIMARY_SESSION,1579,1
CDR202600052464,IPDR202600019358,PRIMARY_SESSION,498,1
CDR202600039568,IPDR202600019375,PRIMARY_SESSION,673,1
CDR202600011777,IPDR202600019381,PRIMARY_SESSION,1794,1
CDR202600029223,IPDR202600019394,ADDITIONAL_SESSION,-135,1
CDR202600031696,IPDR202600019400,PRIMARY_SESSION,-226,1
CDR202600004257,IPDR202600019459,PRIMARY_SESSION,23,1
CDR202600021789,IPDR202600019471,PRIMARY_SESSION,-546,1
CDR202600028417,IPDR202600019472,PRIMARY_SESSION,271,1
CDR202600033014,IPDR202600019489,PRIMARY_SESSION,870,1
CDR202600079442,IPDR202600019494,PRIMARY_SESSION,-296,1
CDR202600008162,IPDR202600019515,PRIMARY_SESSION,4,1
CDR202600014496,IPDR202600019566,PRIMARY_SESSION,91,1
CDR202600084790,IPDR202600019580,PRIMARY_SESSION,-1551,1
CDR202600079170,IPDR202600019581,PRIMARY_SESSION,763,1
CDR202600023795,IPDR202600019605,ADDITIONAL_SESSION,517,1
CDR202600065357,IPDR202600019611,PRIMARY_SESSION,781,1
CDR202600051928,IPDR202600019692,PRIMARY_SESSION,179,1
CDR202600082788,IPDR202600019709,PRIMARY_SESSION,71,1
CDR202600057015,IPDR202600019879,ADDITIONAL_SESSION,880,1
CDR202600013796,IPDR202600019882,ADDITIONAL_SESSION,-943,1
CDR202600045459,IPDR202600019909,PRIMARY_SESSION,-203,1
CDR202600065699,IPDR202600019910,PRIMARY_SESSION,-352,1
CDR202600057947,IPDR202600019918,PRIMARY_SESSION,-280,1
CDR202600035287,IPDR202600019930,ADDITIONAL_SESSION,819,1
CDR202600070780,IPDR202600019931,PRIMARY_SESSION,985,1
CDR202600034749,IPDR202600019962,PRIMARY_SESSION,-91,1
CDR202600052577,IPDR202600019974,ADDITIONAL_SESSION,-41,1
CDR202600021842,IPDR202600020014,PRIMARY_SESSION,-3,1
CDR202600079334,IPDR202600020017,ADDITIONAL_SESSION,152,1
CDR202600005296,IPDR202600020025,PRIMARY_SESSION,243,1
CDR202600062396,IPDR202600020038,PRIMARY_SESSION,33,1
CDR202600052363,IPDR202600020052,PRIMARY_SESSION,368,1
CDR202600009238,IPDR202600020142,PRIMARY_SESSION,-20,1
CDR202600075710,IPDR202600020151,ADDITIONAL_SESSION,-266,1
CDR202600061055,IPDR202600020159,ADDITIONAL_SESSION,149,1
CDR202600079383,IPDR202600020162,ADDITIONAL_SESSION,60,1
CDR202600052643,IPDR202600020174,ADDITIONAL_SESSION,-53,1
CDR202600067316,IPDR202600020183,ADDITIONAL_SESSION,129,1
CDR202600056096,IPDR202600020186,PRIMARY_SESSION,208,1
CDR202600083752,IPDR202600020218,PRIMARY_SESSION,1312,1
CDR202600073694,IPDR202600020237,ADDITIONAL_SESSION,111,1
CDR202600020184,IPDR202600020252,PRIMARY_SESSION,37,1
CDR202600076412,IPDR202600020255,PRIMARY_SESSION,-45,1
CDR202600007614,IPDR202600020265,PRIMARY_SESSION,1073,1
CDR202600057459,IPDR202600020272,PRIMARY_SESSION,108,1
CDR202600028195,IPDR202600020291,PRIMARY_SESSION,16,1
CDR202600016763,IPDR202600020300,PRIMARY_SESSION,-204,1
CDR202600048727,IPDR202600020305,PRIMARY_SESSION,116,1
CDR202600001433,IPDR202600020322,PRIMARY_SESSION,-96,1
CDR202600070423,IPDR202600020340,ADDITIONAL_SESSION,17,1
CDR202600034643,IPDR202600020352,ADDITIONAL_SESSION,-195,1
CDR202600044995,IPDR202600020357,ADDITIONAL_SESSION,-11,1
CDR202600036722,IPDR202600020360,PRIMARY_SESSION,13,1
CDR202600015477,IPDR202600020366,PRIMARY_SESSION,-1227,1
CDR202600049312,IPDR202600020377,ADDITIONAL_SESSION,303,1
CDR202600009338,IPDR202600020380,ADDITIONAL_SESSION,-250,1
CDR202600080571,IPDR202600020390,PRIMARY_SESSION,605,1
CDR202600090479,IPDR202600020440,PRIMARY_SESSION,-781,1
CDR202600068281,IPDR202600020465,PRIMARY_SESSION,715,1
CDR202600046363,IPDR202600020473,PRIMARY_SESSION,-5,1
CDR202600009338,IPDR202600020478,ADDITIONAL_SESSION,180,1
CDR202600063908,IPDR202600020480,PRIMARY_SESSION,-252,1
CDR202600067091,IPDR202600020485,ADDITIONAL_SESSION,1001,1
CDR202600005563,IPDR202600020496,PRIMARY_SESSION,-18,1
CDR202600040183,IPDR202600020539,ADDITIONAL_SESSION,49,1
CDR202600033604,IPDR202600020547,PRIMARY_SESSION,-48,1
CDR202600049888,IPDR202600020567,PRIMARY_SESSION,24,1
CDR202600013551,IPDR202600020575,PRIMARY_SESSION,46,1
CDR202600063074,IPDR202600020584,ADDITIONAL_SESSION,52,1
CDR202600046781,IPDR202600020605,ADDITIONAL_SESSION,1073,1
CDR202600043154,IPDR202600020614,PRIMARY_SESSION,-250,1
CDR202600053305,IPDR202600020621,ADDITIONAL_SESSION,554,1
CDR202600073530,IPDR202600020622,ADDITIONAL_SESSION,1471,1
CDR202600041455,IPDR202600020635,ADDITIONAL_SESSION,239,1
CDR202600022498,IPDR202600020646,PRIMARY_SESSION,58,1
CDR202600036007,IPDR202600020655,PRIMARY_SESSION,56,1
CDR202600010870,IPDR202600020656,ADDITIONAL_SESSION,12,1
CDR202600023658,IPDR202600020684,ADDITIONAL_SESSION,12,1
CDR202600019514,IPDR202600020702,ADDITIONAL_SESSION,-283,1
CDR202600004837,IPDR202600020708,PRIMARY_SESSION,3,1
CDR202600081924,IPDR202600020709,PRIMARY_SESSION,-249,1
CDR202600021400,IPDR202600020774,PRIMARY_SESSION,-244,1
CDR202600057118,IPDR202600020796,PRIMARY_SESSION,40,1
CDR202600080665,IPDR202600020803,ADDITIONAL_SESSION,506,1
CDR202600047367,IPDR202600020881,ADDITIONAL_SESSION,690,1
CDR202600003799,IPDR202600020907,PRIMARY_SESSION,-282,1
CDR202600090268,IPDR202600020911,ADDITIONAL_SESSION,-190,1
CDR202600020952,IPDR202600020912,ADDITIONAL_SESSION,9,1
CDR202600058413,IPDR202600021131,PRIMARY_SESSION,-50,1
CDR202600044026,IPDR202600021135,PRIMARY_SESSION,-634,1
CDR202600032035,IPDR202600021159,PRIMARY_SESSION,134,1
CDR202600017932,IPDR202600021198,PRIMARY_SESSION,-194,1
CDR202600087595,IPDR202600021215,ADDITIONAL_SESSION,683,1
CDR202600070422,IPDR202600021218,PRIMARY_SESSION,-38,1
CDR202600010631,IPDR202600021221,PRIMARY_SESSION,100,1
CDR202600034216,IPDR202600021240,PRIMARY_SESSION,143,1
CDR202600046792,IPDR202600021246,PRIMARY_SESSION,-25,1
CDR202600087383,IPDR202600021314,ADDITIONAL_SESSION,-241,1
CDR202600076958,IPDR202600021316,ADDITIONAL_SESSION,-1788,1
CDR202600082173,IPDR202600021353,ADDITIONAL_SESSION,962,1
CDR202600021682,IPDR202600021364,ADDITIONAL_SESSION,-522,1
CDR202600072993,IPDR202600021413,PRIMARY_SESSION,185,1
CDR202600088812,IPDR202600021416,ADDITIONAL_SESSION,341,1
CDR202600011069,IPDR202600021418,PRIMARY_SESSION,25,1
CDR202600086156,IPDR202600021427,PRIMARY_SESSION,-152,1
CDR202600034408,IPDR202600021450,PRIMARY_SESSION,364,1
CDR202600047436,IPDR202600021455,PRIMARY_SESSION,109,1
CDR202600007606,IPDR202600021459,ADDITIONAL_SESSION,726,1
CDR202600023726,IPDR202600021469,PRIMARY_SESSION,-42,1
CDR202600041474,IPDR202600021472,PRIMARY_SESSION,55,1
CDR202600071885,IPDR202600021531,PRIMARY_SESSION,-565,1
CDR202600052187,IPDR202600021532,PRIMARY_SESSION,-73,1
CDR202600058849,IPDR202600021550,PRIMARY_SESSION,60,1
CDR202600060697,IPDR202600021562,PRIMARY_SESSION,-48,1
CDR202600034138,IPDR202600021565,PRIMARY_SESSION,1007,1
CDR202600060528,IPDR202600021566,PRIMARY_SESSION,-152,1
CDR202600048337,IPDR202600021592,ADDITIONAL_SESSION,20,1
CDR202600023600,IPDR202600021596,PRIMARY_SESSION,-36,1
CDR202600086336,IPDR202600021601,ADDITIONAL_SESSION,-51,1
CDR202600087399,IPDR202600021618,PRIMARY_SESSION,147,1
CDR202600085602,IPDR202600021650,PRIMARY_SESSION,-1013,1
CDR202600013460,IPDR202600021655,PRIMARY_SESSION,565,1
CDR202600078280,IPDR202600021656,PRIMARY_SESSION,435,1
CDR202600015009,IPDR202600021662,PRIMARY_SESSION,125,1
CDR202600069177,IPDR202600021695,PRIMARY_SESSION,-372,1
CDR202600077117,IPDR202600021724,PRIMARY_SESSION,253,1
CDR202600083277,IPDR202600021744,PRIMARY_SESSION,262,1
CDR202600052251,IPDR202600021766,PRIMARY_SESSION,31,1
CDR202600088521,IPDR202600021797,PRIMARY_SESSION,-43,1
CDR202600048063,IPDR202600021817,PRIMARY_SESSION,-77,1
CDR202600048075,IPDR202600021827,ADDITIONAL_SESSION,292,1
CDR202600046412,IPDR202600021843,ADDITIONAL_SESSION,-296,1
CDR202600089507,IPDR202600021848,ADDITIONAL_SESSION,207,1
CDR202600030838,IPDR202600021903,PRIMARY_SESSION,-671,1
CDR202600018528,IPDR202600021915,ADDITIONAL_SESSION,-528,1
CDR202600013796,IPDR202600021916,PRIMARY_SESSION,-1619,1
CDR202600085436,IPDR202600021959,PRIMARY_SESSION,614,1
CDR202600009588,IPDR202600022012,PRIMARY_SESSION,-18,1
CDR202600021714,IPDR202600022015,PRIMARY_SESSION,-22,1
CDR202600080647,IPDR202600022022,ADDITIONAL_SESSION,-1,1
CDR202600039424,IPDR202600022030,PRIMARY_SESSION,24,1
CDR202600010772,IPDR202600022048,PRIMARY_SESSION,-528,1
CDR202600083503,IPDR202600022073,ADDITIONAL_SESSION,142,1
CDR202600040558,IPDR202600022088,ADDITIONAL_SESSION,1415,1
CDR202600066495,IPDR202600022089,PRIMARY_SESSION,196,1
CDR202600040554,IPDR202600022135,ADDITIONAL_SESSION,32,1
CDR202600081595,IPDR202600022158,ADDITIONAL_SESSION,-1557,1
CDR202600016958,IPDR202600022163,PRIMARY_SESSION,-85,1
CDR202600001253,IPDR202600022178,ADDITIONAL_SESSION,-21,1
CDR202600082467,IPDR202600022181,PRIMARY_SESSION,-836,1
CDR202600087352,IPDR202600022202,PRIMARY_SESSION,11,1
CDR202600031326,IPDR202600022231,PRIMARY_SESSION,264,1
CDR202600060525,IPDR202600022252,PRIMARY_SESSION,10,1
CDR202600047585,IPDR202600022279,ADDITIONAL_SESSION,-696,1
CDR202600043138,IPDR202600022281,ADDITIONAL_SESSION,-672,1
CDR202600007537,IPDR202600022294,PRIMARY_SESSION,-220,1
CDR202600006572,IPDR202600022295,ADDITIONAL_SESSION,161,1
CDR202600005552,IPDR202600022310,ADDITIONAL_SESSION,766,1
CDR202600042556,IPDR202600022342,PRIMARY_SESSION,-193,1
CDR202600073905,IPDR202600022365,PRIMARY_SESSION,93,1
CDR202600080749,IPDR202600022379,PRIMARY_SESSION,-1,1
CDR202600052224,IPDR202600022398,PRIMARY_SESSION,-212,1
CDR202600089632,IPDR202600022406,ADDITIONAL_SESSION,222,1
CDR202600039446,IPDR202600022414,PRIMARY_SESSION,-53,1
CDR202600065214,IPDR202600022437,PRIMARY_SESSION,-296,1
CDR202600088251,IPDR202600022462,ADDITIONAL_SESSION,-32,1
CDR202600023661,IPDR202600022468,PRIMARY_SESSION,-1754,1
CDR202600066785,IPDR202600022479,PRIMARY_SESSION,-1298,1
CDR202600004034,IPDR202600022508,PRIMARY_SESSION,194,1
CDR202600046110,IPDR202600022516,ADDITIONAL_SESSION,-223,1
CDR202600031883,IPDR202600022530,PRIMARY_SESSION,235,1
CDR202600067015,IPDR202600022616,PRIMARY_SESSION,-241,1
CDR202600017881,IPDR202600022623,PRIMARY_SESSION,-188,1
CDR202600067599,IPDR202600022649,ADDITIONAL_SESSION,1368,1
CDR202600069994,IPDR202600022676,PRIMARY_SESSION,-605,1
CDR202600065909,IPDR202600022683,PRIMARY_SESSION,-294,1
CDR202600003182,IPDR202600022707,PRIMARY_SESSION,-1629,1
CDR202600013907,IPDR202600022710,PRIMARY_SESSION,42,1
CDR202600055857,IPDR202600022718,PRIMARY_SESSION,286,1
CDR202600052620,IPDR202600022721,ADDITIONAL_SESSION,-698,1
CDR202600079213,IPDR202600022724,PRIMARY_SESSION,166,1
CDR202600084658,IPDR202600022804,PRIMARY_SESSION,236,1
CDR202600068184,IPDR202600022810,PRIMARY_SESSION,790,1
CDR202600047657,IPDR202600022828,PRIMARY_SESSION,-759,1
CDR202600055493,IPDR202600022837,PRIMARY_SESSION,65,1
CDR202600056179,IPDR202600022846,ADDITIONAL_SESSION,18,1
CDR202600048677,IPDR202600022849,PRIMARY_SESSION,-39,1
CDR202600071158,IPDR202600022853,ADDITIONAL_SESSION,-5,1
CDR202600070191,IPDR202600022868,PRIMARY_SESSION,-269,1
CDR202600078675,IPDR202600022883,PRIMARY_SESSION,-122,1
CDR202600029436,IPDR202600022903,PRIMARY_SESSION,-54,1
CDR202600040668,IPDR202600022945,ADDITIONAL_SESSION,183,1
CDR202600026673,IPDR202600022960,PRIMARY_SESSION,273,1
CDR202600044076,IPDR202600022967,PRIMARY_SESSION,-889,1
CDR202600020841,IPDR202600022982,PRIMARY_SESSION,-48,1
CDR202600034329,IPDR202600022989,PRIMARY_SESSION,965,1
CDR202600057246,IPDR202600023016,ADDITIONAL_SESSION,251,1
CDR202600009375,IPDR202600023053,PRIMARY_SESSION,-10,1
CDR202600031359,IPDR202600023067,PRIMARY_SESSION,-687,1
CDR202600039605,IPDR202600023115,ADDITIONAL_SESSION,46,1
CDR202600054004,IPDR202600023116,ADDITIONAL_SESSION,334,1
CDR202600064379,IPDR202600023153,PRIMARY_SESSION,244,1
CDR202600010352,IPDR202600023217,PRIMARY_SESSION,-1469,1
CDR202600072394,IPDR202600023222,PRIMARY_SESSION,-148,1
CDR202600022004,IPDR202600023293,ADDITIONAL_SESSION,-1002,1
CDR202600033462,IPDR202600023316,PRIMARY_SESSION,464,1
CDR202600085590,IPDR202600023342,PRIMARY_SESSION,-23,1
CDR202600043421,IPDR202600023350,ADDITIONAL_SESSION,8,1
CDR202600012363,IPDR202600023378,PRIMARY_SESSION,174,1
CDR202600074329,IPDR202600023388,ADDITIONAL_SESSION,-5,1
CDR202600061225,IPDR202600023390,PRIMARY_SESSION,148,1
CDR202600089523,IPDR202600023400,ADDITIONAL_SESSION,28,1
CDR202600055167,IPDR202600023419,PRIMARY_SESSION,428,1
CDR202600065110,IPDR202600023430,PRIMARY_SESSION,-179,1
CDR202600030929,IPDR202600023466,PRIMARY_SESSION,-99,1
CDR202600067599,IPDR202600023490,PRIMARY_SESSION,361,1
CDR202600037541,IPDR202600023500,PRIMARY_SESSION,-113,1
CDR202600072857,IPDR202600023510,PRIMARY_SESSION,-73,1
CDR202600046264,IPDR202600023516,ADDITIONAL_SESSION,848,1
CDR202600012861,IPDR202600023524,PRIMARY_SESSION,-525,1
CDR202600022154,IPDR202600023527,PRIMARY_SESSION,-48,1
CDR202600075787,IPDR202600023571,ADDITIONAL_SESSION,-219,1
CDR202600083568,IPDR202600023581,PRIMARY_SESSION,284,1
CDR202600058387,IPDR202600023598,PRIMARY_SESSION,161,1
CDR202600052531,IPDR202600023612,PRIMARY_SESSION,1577,1
CDR202600037017,IPDR202600023614,PRIMARY_SESSION,-46,1
CDR202600073125,IPDR202600023618,PRIMARY_SESSION,-9,1
CDR202600084461,IPDR202600023622,ADDITIONAL_SESSION,18,1
CDR202600064514,IPDR202600023626,PRIMARY_SESSION,-55,1
CDR202600025494,IPDR202600023637,ADDITIONAL_SESSION,-45,1
CDR202600070622,IPDR202600023645,ADDITIONAL_SESSION,471,1
CDR202600049284,IPDR202600023648,ADDITIONAL_SESSION,-575,1
CDR202600055104,IPDR202600023653,PRIMARY_SESSION,-166,1
CDR202600052091,IPDR202600023673,PRIMARY_SESSION,49,1
CDR202600085025,IPDR202600023689,ADDITIONAL_SESSION,1238,1
CDR202600014186,IPDR202600023725,ADDITIONAL_SESSION,213,1
CDR202600026640,IPDR202600023761,ADDITIONAL_SESSION,-18,1
CDR202600021682,IPDR202600023766,ADDITIONAL_SESSION,-758,1
CDR202600023438,IPDR202600023774,PRIMARY_SESSION,-301,1
CDR202600021682,IPDR202600023827,ADDITIONAL_SESSION,25,1
CDR202600016968,IPDR202600023836,PRIMARY_SESSION,-528,1
CDR202600071290,IPDR202600023841,ADDITIONAL_SESSION,349,1
CDR202600038396,IPDR202600023842,ADDITIONAL_SESSION,16,1
CDR202600050463,IPDR202600023850,PRIMARY_SESSION,-216,1
CDR202600024887,IPDR202600023882,ADDITIONAL_SESSION,-19,1
CDR202600012375,IPDR202600023900,PRIMARY_SESSION,8,1
CDR202600058910,IPDR202600023903,ADDITIONAL_SESSION,751,1
CDR202600057319,IPDR202600023956,PRIMARY_SESSION,-240,1
CDR202600071065,IPDR202600024020,ADDITIONAL_SESSION,-25,1
CDR202600047573,IPDR202600024045,PRIMARY_SESSION,40,1
CDR202600027478,IPDR202600024109,PRIMARY_SESSION,-41,1
CDR202600036398,IPDR202600024140,PRIMARY_SESSION,191,1
CDR202600017431,IPDR202600024145,PRIMARY_SESSION,596,1
CDR202600046264,IPDR202600024186,ADDITIONAL_SESSION,829,1
CDR202600035514,IPDR202600024216,PRIMARY_SESSION,-27,1
CDR202600010712,IPDR202600024267,ADDITIONAL_SESSION,540,1
CDR202600017864,IPDR202600024270,PRIMARY_SESSION,252,1
CDR202600089297,IPDR202600024296,ADDITIONAL_SESSION,-128,1
CDR202600040065,IPDR202600024301,PRIMARY_SESSION,-504,1
CDR202600065451,IPDR202600024303,PRIMARY_SESSION,-720,1
CDR202600031954,IPDR202600024309,PRIMARY_SESSION,-75,1
CDR202600061242,IPDR202600024322,PRIMARY_SESSION,1648,1
CDR202600022133,IPDR202600024323,ADDITIONAL_SESSION,802,1
CDR202600023400,IPDR202600024327,ADDITIONAL_SESSION,48,1
CDR202600063300,IPDR202600024328,PRIMARY_SESSION,37,1
CDR202600045418,IPDR202600024332,ADDITIONAL_SESSION,-54,1
CDR202600047417,IPDR202600024357,PRIMARY_SESSION,-678,1
CDR202600032039,IPDR202600024397,PRIMARY_SESSION,133,1
CDR202600043120,IPDR202600024400,PRIMARY_SESSION,599,1
CDR202600089286,IPDR202600024406,PRIMARY_SESSION,1536,1
CDR202600033127,IPDR202600024473,ADDITIONAL_SESSION,-450,1
CDR202600080336,IPDR202600024482,PRIMARY_SESSION,564,1
CDR202600052082,IPDR202600024516,PRIMARY_SESSION,252,1
CDR202600055673,IPDR202600024544,ADDITIONAL_SESSION,271,1
CDR202600043554,IPDR202600024584,ADDITIONAL_SESSION,-519,1
CDR202600058927,IPDR202600024614,ADDITIONAL_SESSION,-347,1
CDR202600050550,IPDR202600024620,ADDITIONAL_SESSION,344,1
CDR202600052060,IPDR202600024655,ADDITIONAL_SESSION,-25,1
CDR202600083223,IPDR202600024671,PRIMARY_SESSION,390,1
CDR202600062394,IPDR202600024699,PRIMARY_SESSION,-222,1
CDR202600073157,IPDR202600024701,ADDITIONAL_SESSION,337,1
CDR202600040879,IPDR202600024727,PRIMARY_SESSION,276,1
CDR202600072568,IPDR202600024782,ADDITIONAL_SESSION,75,1
CDR202600018219,IPDR202600024787,ADDITIONAL_SESSION,33,1
CDR202600082829,IPDR202600024805,PRIMARY_SESSION,-1306,1
CDR202600071061,IPDR202600024831,PRIMARY_SESSION,124,1
CDR202600046340,IPDR202600024855,ADDITIONAL_SESSION,50,1
CDR202600074405,IPDR202600024883,ADDITIONAL_SESSION,124,1
CDR202600084759,IPDR202600024927,PRIMARY_SESSION,-210,1
CDR202600053817,IPDR202600024953,ADDITIONAL_SESSION,1341,1
CDR202600048000,IPDR202600024983,PRIMARY_SESSION,-44,1
CDR202600053564,IPDR202600025007,PRIMARY_SESSION,-1748,1
CDR202600049846,IPDR202600025009,ADDITIONAL_SESSION,-41,1
CDR202600049888,IPDR202600025017,ADDITIONAL_SESSION,-854,1
CDR202600001173,IPDR202600025022,ADDITIONAL_SESSION,555,1
CDR202600086253,IPDR202600025056,ADDITIONAL_SESSION,-55,1
CDR202600034211,IPDR202600025137,PRIMARY_SESSION,-56,1
CDR202600089661,IPDR202600025159,PRIMARY_SESSION,373,1
CDR202600035497,IPDR202600025160,PRIMARY_SESSION,-9,1
CDR202600060814,IPDR202600025169,PRIMARY_SESSION,58,1
CDR202600002932,IPDR202600025194,PRIMARY_SESSION,48,1
CDR202600072386,IPDR202600025203,ADDITIONAL_SESSION,59,1
CDR202600040668,IPDR202600025218,ADDITIONAL_SESSION,-252,1
CDR202600001164,IPDR202600025231,PRIMARY_SESSION,-156,1
CDR202600034461,IPDR202600025247,PRIMARY_SESSION,-962,1
CDR202600025554,IPDR202600025271,ADDITIONAL_SESSION,-86,1
CDR202600027962,IPDR202600025276,ADDITIONAL_SESSION,-23,1
CDR202600025052,IPDR202600025277,PRIMARY_SESSION,200,1
CDR202600059142,IPDR202600025279,PRIMARY_SESSION,417,1
CDR202600047542,IPDR202600025330,PRIMARY_SESSION,149,1
CDR202600042839,IPDR202600025355,PRIMARY_SESSION,-55,1
CDR202600038685,IPDR202600025358,ADDITIONAL_SESSION,105,1
CDR202600054004,IPDR202600025374,PRIMARY_SESSION,-942,1
CDR202600080360,IPDR202600025414,PRIMARY_SESSION,-667,1
CDR202600059941,IPDR202600025423,ADDITIONAL_SESSION,-93,1
CDR202600016763,IPDR202600025448,ADDITIONAL_SESSION,40,1
CDR202600008057,IPDR202600025480,PRIMARY_SESSION,-68,1
CDR202600061761,IPDR202600025482,PRIMARY_SESSION,29,1
CDR202600014092,IPDR202600025487,PRIMARY_SESSION,-569,1
CDR202600054867,IPDR202600025498,ADDITIONAL_SESSION,22,1
CDR202600029320,IPDR202600025542,PRIMARY_SESSION,219,1
CDR202600009338,IPDR202600025545,PRIMARY_SESSION,77,1
CDR202600081595,IPDR202600025547,PRIMARY_SESSION,553,1
CDR202600042539,IPDR202600025555,ADDITIONAL_SESSION,109,1
CDR202600090995,IPDR202600025583,PRIMARY_SESSION,1611,1
CDR202600069486,IPDR202600025614,PRIMARY_SESSION,-37,1
CDR202600015052,IPDR202600025636,ADDITIONAL_SESSION,-752,1
CDR202600007929,IPDR202600025661,ADDITIONAL_SESSION,-1540,1
CDR202600045137,IPDR202600025677,PRIMARY_SESSION,-1329,1
CDR202600058182,IPDR202600025689,PRIMARY_SESSION,403,1
CDR202600005597,IPDR202600025697,ADDITIONAL_SESSION,413,1
CDR202600080159,IPDR202600025704,ADDITIONAL_SESSION,-43,1
CDR202600051544,IPDR202600025725,PRIMARY_SESSION,18,1
CDR202600036667,IPDR202600025726,PRIMARY_SESSION,33,1
CDR202600026532,IPDR202600025760,PRIMARY_SESSION,-939,1
CDR202600025126,IPDR202600025765,PRIMARY_SESSION,50,1
CDR202600052118,IPDR202600025782,PRIMARY_SESSION,-18,1
CDR202600086506,IPDR202600025800,PRIMARY_SESSION,-834,1
CDR202600036539,IPDR202600025804,PRIMARY_SESSION,-551,1
CDR202600028156,IPDR202600025806,PRIMARY_SESSION,-438,1
CDR202600089229,IPDR202600025807,PRIMARY_SESSION,-553,1
CDR202600059870,IPDR202600025820,ADDITIONAL_SESSION,102,1
CDR202600020510,IPDR202600025821,ADDITIONAL_SESSION,286,1
CDR202600043575,IPDR202600025834,PRIMARY_SESSION,-802,1
CDR202600032062,IPDR202600025839,PRIMARY_SESSION,450,1
CDR202600039776,IPDR202600025863,PRIMARY_SESSION,54,1
CDR202600041115,IPDR202600025874,ADDITIONAL_SESSION,-692,1
CDR202600068991,IPDR202600025878,PRIMARY_SESSION,-7,1
CDR202600043511,IPDR202600025903,ADDITIONAL_SESSION,78,1
CDR202600063979,IPDR202600025913,ADDITIONAL_SESSION,-8,1
CDR202600036200,IPDR202600025914,ADDITIONAL_SESSION,493,1
CDR202600016737,IPDR202600025948,PRIMARY_SESSION,35,1
CDR202600053105,IPDR202600025983,ADDITIONAL_SESSION,-21,1
CDR202600075908,IPDR202600026007,PRIMARY_SESSION,54,1
CDR202600080062,IPDR202600026012,PRIMARY_SESSION,195,1
CDR202600038528,IPDR202600026045,PRIMARY_SESSION,55,1
CDR202600053445,IPDR202600026056,PRIMARY_SESSION,1341,1
CDR202600063908,IPDR202600026078,ADDITIONAL_SESSION,44,1
CDR202600073005,IPDR202600026112,PRIMARY_SESSION,173,1
CDR202600076722,IPDR202600026133,PRIMARY_SESSION,-35,1
CDR202600072753,IPDR202600026172,PRIMARY_SESSION,-125,1
CDR202600062127,IPDR202600026190,PRIMARY_SESSION,802,1
CDR202600006976,IPDR202600026282,PRIMARY_SESSION,801,1
CDR202600075400,IPDR202600026294,ADDITIONAL_SESSION,-131,1
CDR202600012852,IPDR202600026308,ADDITIONAL_SESSION,54,1
CDR202600012588,IPDR202600026322,PRIMARY_SESSION,-1080,1
CDR202600077274,IPDR202600026352,PRIMARY_SESSION,-1097,1
CDR202600038535,IPDR202600026366,PRIMARY_SESSION,1005,1
CDR202600090191,IPDR202600026382,PRIMARY_SESSION,-904,1
CDR202600003608,IPDR202600026385,ADDITIONAL_SESSION,-876,1
CDR202600043475,IPDR202600026429,ADDITIONAL_SESSION,339,1
CDR202600031211,IPDR202600026436,PRIMARY_SESSION,14,1
CDR202600044694,IPDR202600026448,ADDITIONAL_SESSION,-61,1
CDR202600019327,IPDR202600026465,ADDITIONAL_SESSION,603,1
CDR202600022471,IPDR202600026466,PRIMARY_SESSION,-61,1
CDR202600064883,IPDR202600026484,PRIMARY_SESSION,-710,1
CDR202600084638,IPDR202600026532,PRIMARY_SESSION,199,1
CDR202600038063,IPDR202600026543,ADDITIONAL_SESSION,876,1
CDR202600001800,IPDR202600026550,ADDITIONAL_SESSION,271,1
CDR202600061268,IPDR202600026582,PRIMARY_SESSION,-112,1
CDR202600033962,IPDR202600026597,PRIMARY_SESSION,101,1
CDR202600001589,IPDR202600026601,ADDITIONAL_SESSION,-13,1
CDR202600044694,IPDR202600026648,ADDITIONAL_SESSION,508,1
CDR202600014666,IPDR202600026652,PRIMARY_SESSION,-32,1
CDR202600025260,IPDR202600026669,PRIMARY_SESSION,615,1
CDR202600002907,IPDR202600026673,ADDITIONAL_SESSION,845,1
CDR202600046442,IPDR202600026680,ADDITIONAL_SESSION,-1472,1
CDR202600003965,IPDR202600026699,PRIMARY_SESSION,-860,1
CDR202600088423,IPDR202600026723,PRIMARY_SESSION,878,1
CDR202600024819,IPDR202600026727,ADDITIONAL_SESSION,36,1
CDR202600049458,IPDR202600026729,PRIMARY_SESSION,-43,1
CDR202600065179,IPDR202600026758,PRIMARY_SESSION,-238,1
CDR202600031954,IPDR202600026767,ADDITIONAL_SESSION,852,1
CDR202600037041,IPDR202600026821,PRIMARY_SESSION,124,1
CDR202600028941,IPDR202600026847,ADDITIONAL_SESSION,-791,1
CDR202600010929,IPDR202600026850,PRIMARY_SESSION,-283,1
CDR202600088211,IPDR202600026854,ADDITIONAL_SESSION,-82,1
CDR202600064449,IPDR202600026876,PRIMARY_SESSION,-21,1
CDR202600057248,IPDR202600026884,PRIMARY_SESSION,86,1
CDR202600002139,IPDR202600026885,PRIMARY_SESSION,-238,1
CDR202600073155,IPDR202600027062,PRIMARY_SESSION,810,1
CDR202600009160,IPDR202600027073,ADDITIONAL_SESSION,506,1
CDR202600069006,IPDR202600027118,ADDITIONAL_SESSION,548,1
CDR202600053559,IPDR202600027175,PRIMARY_SESSION,211,1
CDR202600075753,IPDR202600027199,ADDITIONAL_SESSION,-213,1
CDR202600003942,IPDR202600027207,PRIMARY_SESSION,-1737,1
CDR202600055295,IPDR202600027222,PRIMARY_SESSION,436,1
CDR202600005652,IPDR202600027230,PRIMARY_SESSION,48,1
CDR202600039241,IPDR202600027238,PRIMARY_SESSION,1152,1
CDR202600004116,IPDR202600027253,PRIMARY_SESSION,670,1
CDR202600066544,IPDR202600027303,PRIMARY_SESSION,-1,1
CDR202600058073,IPDR202600027336,ADDITIONAL_SESSION,-1222,1
CDR202600032958,IPDR202600027361,PRIMARY_SESSION,-69,1
CDR202600006136,IPDR202600027365,PRIMARY_SESSION,1375,1
CDR202600053000,IPDR202600027366,PRIMARY_SESSION,236,1
CDR202600028212,IPDR202600027404,PRIMARY_SESSION,-368,1
CDR202600063932,IPDR202600027411,PRIMARY_SESSION,-656,1
CDR202600047683,IPDR202600027438,ADDITIONAL_SESSION,9,1
CDR202600026789,IPDR202600027442,ADDITIONAL_SESSION,473,1
CDR202600021607,IPDR202600027444,PRIMARY_SESSION,-193,1
CDR202600062162,IPDR202600027447,PRIMARY_SESSION,275,1
CDR202600025580,IPDR202600027467,PRIMARY_SESSION,-220,1
CDR202600077680,IPDR202600027474,PRIMARY_SESSION,299,1
CDR202600078236,IPDR202600027488,PRIMARY_SESSION,36,1
CDR202600085246,IPDR202600027501,PRIMARY_SESSION,-293,1
CDR202600000924,IPDR202600027506,ADDITIONAL_SESSION,-189,1
CDR202600045458,IPDR202600027518,ADDITIONAL_SESSION,-488,1
CDR202600011315,IPDR202600027546,PRIMARY_SESSION,79,1
CDR202600030829,IPDR202600027548,PRIMARY_SESSION,59,1
CDR202600078696,IPDR202600027561,PRIMARY_SESSION,886,1
CDR202600080130,IPDR202600027613,PRIMARY_SESSION,673,1
CDR202600000054,IPDR202600027642,PRIMARY_SESSION,-1104,1
CDR202600040365,IPDR202600027643,PRIMARY_SESSION,655,1
CDR202600057254,IPDR202600027656,PRIMARY_SESSION,347,1
CDR202600085151,IPDR202600027669,ADDITIONAL_SESSION,8,1
CDR202600004000,IPDR202600027705,ADDITIONAL_SESSION,-140,1
CDR202600064074,IPDR202600027714,ADDITIONAL_SESSION,-241,1
CDR202600013262,IPDR202600027716,PRIMARY_SESSION,-299,1
CDR202600029183,IPDR202600027727,ADDITIONAL_SESSION,-77,1
CDR202600079849,IPDR202600027729,PRIMARY_SESSION,515,1
CDR202600079806,IPDR202600027734,PRIMARY_SESSION,-263,1
CDR202600001826,IPDR202600027736,PRIMARY_SESSION,-92,1
CDR202600021073,IPDR202600027754,PRIMARY_SESSION,1093,1
CDR202600017564,IPDR202600027774,ADDITIONAL_SESSION,157,1
CDR202600071280,IPDR202600027820,ADDITIONAL_SESSION,-308,1
CDR202600048545,IPDR202600027832,PRIMARY_SESSION,-221,1
CDR202600050430,IPDR202600027936,PRIMARY_SESSION,-401,1
CDR202600081018,IPDR202600027945,ADDITIONAL_SESSION,241,1
CDR202600058992,IPDR202600027962,PRIMARY_SESSION,-33,1
CDR202600058540,IPDR202600027964,PRIMARY_SESSION,49,1
CDR202600035658,IPDR202600027973,ADDITIONAL_SESSION,364,1
CDR202600008179,IPDR202600027982,PRIMARY_SESSION,-731,1
CDR202600077339,IPDR202600027987,PRIMARY_SESSION,-697,1
CDR202600006582,IPDR202600027998,ADDITIONAL_SESSION,296,1
CDR202600051269,IPDR202600028003,ADDITIONAL_SESSION,-215,1
CDR202600039822,IPDR202600028015,ADDITIONAL_SESSION,-162,1
CDR202600090839,IPDR202600028038,PRIMARY_SESSION,1469,1
CDR202600042962,IPDR202600028133,ADDITIONAL_SESSION,-106,1
CDR202600086023,IPDR202600028162,PRIMARY_SESSION,12,1
CDR202600060622,IPDR202600028163,PRIMARY_SESSION,-12,1
CDR202600085197,IPDR202600028185,PRIMARY_SESSION,866,1
CDR202600005262,IPDR202600028194,PRIMARY_SESSION,357,1
CDR202600036165,IPDR202600028232,ADDITIONAL_SESSION,-212,1
CDR202600010420,IPDR202600028262,ADDITIONAL_SESSION,58,1
CDR202600061975,IPDR202600028350,PRIMARY_SESSION,45,1
CDR202600068981,IPDR202600028368,PRIMARY_SESSION,-245,1
CDR202600070069,IPDR202600028370,PRIMARY_SESSION,-535,1
CDR202600002021,IPDR202600028384,PRIMARY_SESSION,-312,1
CDR202600021081,IPDR202600028403,PRIMARY_SESSION,161,1
CDR202600023122,IPDR202600028467,PRIMARY_SESSION,-225,1
CDR202600087834,IPDR202600028488,PRIMARY_SESSION,-50,1
CDR202600011112,IPDR202600028490,PRIMARY_SESSION,-46,1
CDR202600050073,IPDR202600028491,ADDITIONAL_SESSION,-1509,1
CDR202600074803,IPDR202600028507,ADDITIONAL_SESSION,34,1
CDR202600023709,IPDR202600028537,PRIMARY_SESSION,-95,1
CDR202600001963,IPDR202600028544,PRIMARY_SESSION,-44,1
CDR202600072568,IPDR202600028547,ADDITIONAL_SESSION,343,1
CDR202600014392,IPDR202600028568,PRIMARY_SESSION,-586,1
CDR202600074312,IPDR202600028582,ADDITIONAL_SESSION,-173,1
CDR202600049868,IPDR202600028632,ADDITIONAL_SESSION,11,1
CDR202600040456,IPDR202600028634,ADDITIONAL_SESSION,-274,1
CDR202600003565,IPDR202600028637,ADDITIONAL_SESSION,82,1
CDR202600047683,IPDR202600028643,ADDITIONAL_SESSION,-550,1
CDR202600017558,IPDR202600028660,PRIMARY_SESSION,-990,1
CDR202600014797,IPDR202600028734,PRIMARY_SESSION,782,1
CDR202600031372,IPDR202600028740,PRIMARY_SESSION,421,1
CDR202600030069,IPDR202600028742,PRIMARY_SESSION,-75,1
CDR202600072498,IPDR202600028772,PRIMARY_SESSION,30,1
CDR202600086224,IPDR202600028785,PRIMARY_SESSION,-195,1
CDR202600026953,IPDR202600028786,PRIMARY_SESSION,1662,1
CDR202600033874,IPDR202600028795,PRIMARY_SESSION,94,1
CDR202600068139,IPDR202600028817,PRIMARY_SESSION,-6,1
CDR202600077483,IPDR202600028853,PRIMARY_SESSION,-685,1
CDR202600079462,IPDR202600028870,ADDITIONAL_SESSION,-49,1
CDR202600076921,IPDR202600028886,ADDITIONAL_SESSION,-291,1
CDR202600054234,IPDR202600028904,ADDITIONAL_SESSION,160,1
CDR202600086069,IPDR202600028915,PRIMARY_SESSION,-40,1
CDR202600047028,IPDR202600028921,ADDITIONAL_SESSION,38,1
CDR202600040322,IPDR202600028970,PRIMARY_SESSION,-133,1
CDR202600011781,IPDR202600029009,PRIMARY_SESSION,-173,1
CDR202600063744,IPDR202600029079,ADDITIONAL_SESSION,928,1
CDR202600038078,IPDR202600029081,PRIMARY_SESSION,483,1
CDR202600046222,IPDR202600029092,PRIMARY_SESSION,7,1
CDR202600055604,IPDR202600029101,PRIMARY_SESSION,147,1
CDR202600029456,IPDR202600029112,PRIMARY_SESSION,12,1
CDR202600019453,IPDR202600029123,PRIMARY_SESSION,-559,1
CDR202600019121,IPDR202600029155,PRIMARY_SESSION,-19,1
CDR202600022243,IPDR202600029161,PRIMARY_SESSION,212,1
CDR202600017825,IPDR202600029171,ADDITIONAL_SESSION,15,1
CDR202600085353,IPDR202600029195,PRIMARY_SESSION,185,1
CDR202600042280,IPDR202600029220,PRIMARY_SESSION,-840,1
CDR202600064883,IPDR202600029260,ADDITIONAL_SESSION,293,1
CDR202600031871,IPDR202600029272,PRIMARY_SESSION,-41,1
CDR202600057688,IPDR202600029274,PRIMARY_SESSION,-62,1
CDR202600081270,IPDR202600029295,PRIMARY_SESSION,-26,1
CDR202600037879,IPDR202600029321,PRIMARY_SESSION,-808,1
CDR202600088412,IPDR202600029331,ADDITIONAL_SESSION,-67,1
CDR202600048075,IPDR202600029346,ADDITIONAL_SESSION,-3,1
CDR202600080138,IPDR202600029365,PRIMARY_SESSION,-253,1
CDR202600030777,IPDR202600029370,PRIMARY_SESSION,-372,1
CDR202600038198,IPDR202600029405,PRIMARY_SESSION,220,1
CDR202600002584,IPDR202600029413,PRIMARY_SESSION,-1656,1
CDR202600090687,IPDR202600029460,ADDITIONAL_SESSION,1800,1
CDR202600019528,IPDR202600029478,ADDITIONAL_SESSION,128,1
CDR202600090792,IPDR202600029487,ADDITIONAL_SESSION,17,1
CDR202600054063,IPDR202600029557,PRIMARY_SESSION,27,1
CDR202600053259,IPDR202600029559,PRIMARY_SESSION,304,1
CDR202600013039,IPDR202600029573,ADDITIONAL_SESSION,66,1
CDR202600059808,IPDR202600029574,PRIMARY_SESSION,-20,1
CDR202600041051,IPDR202600029587,PRIMARY_SESSION,328,1
CDR202600015823,IPDR202600029588,ADDITIONAL_SESSION,-1555,1
CDR202600044558,IPDR202600029595,PRIMARY_SESSION,515,1
CDR202600059474,IPDR202600029597,PRIMARY_SESSION,-146,1
CDR202600073333,IPDR202600029610,ADDITIONAL_SESSION,895,1
CDR202600069749,IPDR202600029612,PRIMARY_SESSION,53,1
CDR202600052103,IPDR202600029621,ADDITIONAL_SESSION,1740,1
CDR202600089187,IPDR202600029630,ADDITIONAL_SESSION,1691,1
CDR202600011107,IPDR202600029634,ADDITIONAL_SESSION,277,1
CDR202600081615,IPDR202600029679,PRIMARY_SESSION,-759,1
CDR202600036572,IPDR202600029736,ADDITIONAL_SESSION,-16,1
CDR202600085428,IPDR202600029752,PRIMARY_SESSION,62,1
CDR202600049329,IPDR202600029757,ADDITIONAL_SESSION,55,1
CDR202600043009,IPDR202600029762,PRIMARY_SESSION,-1310,1
CDR202600003366,IPDR202600029779,ADDITIONAL_SESSION,45,1
CDR202600089119,IPDR202600029788,PRIMARY_SESSION,458,1
CDR202600072305,IPDR202600029801,ADDITIONAL_SESSION,-149,1
CDR202600028420,IPDR202600029813,PRIMARY_SESSION,165,1
CDR202600036333,IPDR202600029844,PRIMARY_SESSION,-186,1
CDR202600020427,IPDR202600029848,PRIMARY_SESSION,-186,1
CDR202600069912,IPDR202600029862,ADDITIONAL_SESSION,-172,1
CDR202600024000,IPDR202600029867,PRIMARY_SESSION,65,1
CDR202600086563,IPDR202600029872,PRIMARY_SESSION,-1222,1
CDR202600033127,IPDR202600029888,ADDITIONAL_SESSION,642,1
CDR202600016466,IPDR202600029958,PRIMARY_SESSION,898,1
CDR202600061312,IPDR202600029965,ADDITIONAL_SESSION,791,1
CDR202600004317,IPDR202600029973,ADDITIONAL_SESSION,-838,1
CDR202600044639,IPDR202600029993,ADDITIONAL_SESSION,-17,1
CDR202600073077,IPDR202600029995,PRIMARY_SESSION,13,1
CDR202600012018,IPDR202600030022,PRIMARY_SESSION,134,1
CDR202600028753,IPDR202600030038,PRIMARY_SESSION,318,1
CDR202600089053,IPDR202600030046,ADDITIONAL_SESSION,49,1
CDR202600040452,IPDR202600030051,PRIMARY_SESSION,578,1
CDR202600065655,IPDR202600030058,PRIMARY_SESSION,56,1
CDR202600015601,IPDR202600030061,ADDITIONAL_SESSION,-281,1
CDR202600050831,IPDR202600030109,PRIMARY_SESSION,-58,1
CDR202600045664,IPDR202600030121,PRIMARY_SESSION,82,1
CDR202600008406,IPDR202600030123,ADDITIONAL_SESSION,-18,1
CDR202600067864,IPDR202600030124,PRIMARY_SESSION,-533,1
CDR202600027035,IPDR202600030130,PRIMARY_SESSION,-216,1
CDR202600005262,IPDR202600030132,ADDITIONAL_SESSION,32,1
CDR202600006661,IPDR202600030201,ADDITIONAL_SESSION,-292,1
CDR202600057246,IPDR202600030219,ADDITIONAL_SESSION,177,1
CDR202600070790,IPDR202600030255,PRIMARY_SESSION,-6,1
CDR202600090614,IPDR202600030271,ADDITIONAL_SESSION,-707,1
CDR202600047890,IPDR202600030275,PRIMARY_SESSION,-39,1
CDR202600088107,IPDR202600030299,PRIMARY_SESSION,707,1
CDR202600090238,IPDR202600030326,PRIMARY_SESSION,33,1
CDR202600045790,IPDR202600030346,ADDITIONAL_SESSION,-20,1
CDR202600003001,IPDR202600030369,PRIMARY_SESSION,41,1
CDR202600026959,IPDR202600030399,PRIMARY_SESSION,43,1
CDR202600018528,IPDR202600030439,PRIMARY_SESSION,97,1
CDR202600060781,IPDR202600030454,PRIMARY_SESSION,1762,1
CDR202600047538,IPDR202600030470,PRIMARY_SESSION,-13,1
CDR202600021275,IPDR202600030538,ADDITIONAL_SESSION,57,1
CDR202600083271,IPDR202600030588,ADDITIONAL_SESSION,559,1
CDR202600013594,IPDR202600030603,PRIMARY_SESSION,-1322,1
CDR202600008812,IPDR202600030664,ADDITIONAL_SESSION,-210,1
CDR202600045299,IPDR202600030668,PRIMARY_SESSION,86,1
CDR202600031198,IPDR202600030694,ADDITIONAL_SESSION,-244,1
CDR202600085191,IPDR202600030702,PRIMARY_SESSION,-225,1
CDR202600085225,IPDR202600030721,PRIMARY_SESSION,309,1
CDR202600053842,IPDR202600030729,ADDITIONAL_SESSION,-116,1
CDR202600046356,IPDR202600030736,ADDITIONAL_SESSION,46,1
CDR202600017864,IPDR202600030743,ADDITIONAL_SESSION,30,1
CDR202600066048,IPDR202600030814,PRIMARY_SESSION,512,1
CDR202600022730,IPDR202600030825,PRIMARY_SESSION,-223,1
CDR202600035862,IPDR202600030849,PRIMARY_SESSION,225,1
CDR202600027761,IPDR202600030870,PRIMARY_SESSION,1438,1
CDR202600081073,IPDR202600030898,ADDITIONAL_SESSION,400,1
CDR202600053559,IPDR202600030924,ADDITIONAL_SESSION,-625,1
CDR202600085155,IPDR202600030943,PRIMARY_SESSION,-894,1
CDR202600001380,IPDR202600030962,PRIMARY_SESSION,-829,1
CDR202600057826,IPDR202600030992,ADDITIONAL_SESSION,2,1
CDR202600088375,IPDR202600030994,PRIMARY_SESSION,-1535,1
CDR202600061382,IPDR202600031003,PRIMARY_SESSION,100,1
CDR202600054345,IPDR202600031004,ADDITIONAL_SESSION,-54,1
CDR202600030311,IPDR202600031034,ADDITIONAL_SESSION,-209,1
CDR202600020156,IPDR202600031078,PRIMARY_SESSION,-1222,1
CDR202600050689,IPDR202600031087,PRIMARY_SESSION,-12,1
CDR202600031352,IPDR202600031105,PRIMARY_SESSION,1304,1
CDR202600086366,IPDR202600031107,PRIMARY_SESSION,-336,1
CDR202600042840,IPDR202600031116,ADDITIONAL_SESSION,150,1
CDR202600008331,IPDR202600031128,PRIMARY_SESSION,-640,1
CDR202600018981,IPDR202600031134,PRIMARY_SESSION,11,1
CDR202600050037,IPDR202600031159,ADDITIONAL_SESSION,1,1
CDR202600079737,IPDR202600031162,PRIMARY_SESSION,12,1
CDR202600059883,IPDR202600031169,PRIMARY_SESSION,94,1
CDR202600048908,IPDR202600031182,PRIMARY_SESSION,40,1
CDR202600036432,IPDR202600031184,ADDITIONAL_SESSION,172,1
CDR202600010606,IPDR202600031204,ADDITIONAL_SESSION,-207,1
CDR202600001078,IPDR202600031205,PRIMARY_SESSION,685,1
CDR202600001469,IPDR202600031212,PRIMARY_SESSION,652,1
CDR202600072819,IPDR202600031229,ADDITIONAL_SESSION,136,1
CDR202600045217,IPDR202600031265,ADDITIONAL_SESSION,-15,1
CDR202600038202,IPDR202600031292,PRIMARY_SESSION,-737,1
CDR202600017528,IPDR202600031335,PRIMARY_SESSION,-131,1
CDR202600030764,IPDR202600031365,ADDITIONAL_SESSION,196,1
CDR202600050906,IPDR202600031440,PRIMARY_SESSION,-86,1
CDR202600037984,IPDR202600031466,ADDITIONAL_SESSION,31,1
CDR202600016188,IPDR202600031543,ADDITIONAL_SESSION,-23,1
CDR202600058256,IPDR202600031544,PRIMARY_SESSION,170,1
CDR202600037371,IPDR202600031561,ADDITIONAL_SESSION,99,1
CDR202600006354,IPDR202600031574,PRIMARY_SESSION,-294,1
CDR202600004752,IPDR202600031592,PRIMARY_SESSION,295,1
CDR202600073207,IPDR202600031609,ADDITIONAL_SESSION,727,1
CDR202600058549,IPDR202600031644,PRIMARY_SESSION,-857,1
CDR202600020229,IPDR202600031652,PRIMARY_SESSION,-389,1
CDR202600001173,IPDR202600031653,ADDITIONAL_SESSION,-16,1
CDR202600031986,IPDR202600031674,ADDITIONAL_SESSION,-699,1
CDR202600010035,IPDR202600031676,ADDITIONAL_SESSION,-10,1
CDR202600060129,IPDR202600031690,ADDITIONAL_SESSION,298,1
CDR202600060814,IPDR202600031716,ADDITIONAL_SESSION,-231,1
CDR202600066861,IPDR202600031756,PRIMARY_SESSION,1127,1
CDR202600061550,IPDR202600031765,ADDITIONAL_SESSION,893,1
CDR202600007872,IPDR202600031771,ADDITIONAL_SESSION,259,1
CDR202600083767,IPDR202600031784,ADDITIONAL_SESSION,218,1
CDR202600046781,IPDR202600031842,ADDITIONAL_SESSION,35,1
CDR202600051399,IPDR202600031852,PRIMARY_SESSION,104,1
CDR202600069553,IPDR202600031858,PRIMARY_SESSION,-558,1
CDR202600012277,IPDR202600031876,ADDITIONAL_SESSION,769,1
CDR202600086657,IPDR202600031883,ADDITIONAL_SESSION,-51,1
CDR202600068829,IPDR202600031910,PRIMARY_SESSION,-529,1
CDR202600012048,IPDR202600031944,ADDITIONAL_SESSION,848,1
CDR202600044833,IPDR202600031998,PRIMARY_SESSION,-18,1
CDR202600050121,IPDR202600031999,ADDITIONAL_SESSION,-296,1
CDR202600018972,IPDR202600032020,PRIMARY_SESSION,-786,1
CDR202600070423,IPDR202600032028,PRIMARY_SESSION,-32,1
CDR202600025757,IPDR202600032043,PRIMARY_SESSION,-78,1
CDR202600048931,IPDR202600032076,PRIMARY_SESSION,160,1
CDR202600039888,IPDR202600032127,ADDITIONAL_SESSION,-1320,1
CDR202600048429,IPDR202600032149,PRIMARY_SESSION,-814,1
CDR202600047642,IPDR202600032192,ADDITIONAL_SESSION,291,1
CDR202600034261,IPDR202600032195,PRIMARY_SESSION,-21,1
CDR202600088465,IPDR202600032198,PRIMARY_SESSION,945,1
CDR202600023369,IPDR202600032200,PRIMARY_SESSION,-1417,1
CDR202600086657,IPDR202600032230,PRIMARY_SESSION,-449,1
CDR202600052949,IPDR202600032260,PRIMARY_SESSION,-508,1
CDR202600068537,IPDR202600032265,PRIMARY_SESSION,-239,1
CDR202600041183,IPDR202600032301,PRIMARY_SESSION,-199,1
CDR202600028432,IPDR202600032310,ADDITIONAL_SESSION,256,1
CDR202600035013,IPDR202600032320,ADDITIONAL_SESSION,-301,1
CDR202600075819,IPDR202600032346,PRIMARY_SESSION,-13,1
CDR202600051672,IPDR202600032389,ADDITIONAL_SESSION,-26,1
CDR202600039560,IPDR202600032392,ADDITIONAL_SESSION,872,1
CDR202600009377,IPDR202600032420,ADDITIONAL_SESSION,24,1
CDR202600003366,IPDR202600032432,PRIMARY_SESSION,-351,1
CDR202600029185,IPDR202600032439,ADDITIONAL_SESSION,-807,1
CDR202600036324,IPDR202600032449,PRIMARY_SESSION,-205,1
CDR202600045573,IPDR202600032457,ADDITIONAL_SESSION,-3,1
CDR202600041039,IPDR202600032458,ADDITIONAL_SESSION,-320,1
CDR202600024158,IPDR202600032497,PRIMARY_SESSION,-628,1
CDR202600035102,IPDR202600032498,PRIMARY_SESSION,69,1
CDR202600043421,IPDR202600032525,PRIMARY_SESSION,34,1
CDR202600084003,IPDR202600032540,ADDITIONAL_SESSION,-3,1
CDR202600039241,IPDR202600032554,ADDITIONAL_SESSION,222,1
CDR202600085938,IPDR202600032597,ADDITIONAL_SESSION,-55,1
CDR202600064308,IPDR202600032600,ADDITIONAL_SESSION,792,1
CDR202600011010,IPDR202600032607,PRIMARY_SESSION,-17,1
CDR202600014929,IPDR202600032712,PRIMARY_SESSION,413,1
CDR202600013162,IPDR202600032721,PRIMARY_SESSION,269,1
CDR202600003811,IPDR202600032731,PRIMARY_SESSION,-128,1
CDR202600069090,IPDR202600032750,ADDITIONAL_SESSION,521,1
CDR202600055973,IPDR202600032760,PRIMARY_SESSION,220,1
CDR202600077786,IPDR202600032761,PRIMARY_SESSION,-30,1
CDR202600055298,IPDR202600032788,ADDITIONAL_SESSION,-249,1
CDR202600062682,IPDR202600032791,PRIMARY_SESSION,-8,1
CDR202600033462,IPDR202600032796,ADDITIONAL_SESSION,-419,1
CDR202600084940,IPDR202600032804,ADDITIONAL_SESSION,-1296,1
CDR202600076977,IPDR202600032882,PRIMARY_SESSION,-255,1
CDR202600076981,IPDR202600032930,PRIMARY_SESSION,55,1
CDR202600073855,IPDR202600032936,PRIMARY_SESSION,-1687,1
CDR202600073445,IPDR202600032943,ADDITIONAL_SESSION,42,1
CDR202600020621,IPDR202600032944,PRIMARY_SESSION,-176,1
CDR202600056269,IPDR202600032956,PRIMARY_SESSION,196,1
CDR202600050876,IPDR202600032984,PRIMARY_SESSION,-784,1
CDR202600039548,IPDR202600033007,ADDITIONAL_SESSION,209,1
CDR202600037450,IPDR202600033012,ADDITIONAL_SESSION,1488,1
CDR202600009172,IPDR202600033014,PRIMARY_SESSION,17,1
CDR202600066520,IPDR202600033052,PRIMARY_SESSION,-1130,1
CDR202600004833,IPDR202600033059,ADDITIONAL_SESSION,-217,1
CDR202600058023,IPDR202600033065,PRIMARY_SESSION,-823,1
CDR202600089568,IPDR202600033105,PRIMARY_SESSION,212,1
CDR202600083745,IPDR202600033118,PRIMARY_SESSION,-189,1
CDR202600037020,IPDR202600033145,PRIMARY_SESSION,152,1
CDR202600059612,IPDR202600033228,PRIMARY_SESSION,53,1
CDR202600020506,IPDR202600033234,PRIMARY_SESSION,1736,1
CDR202600073920,IPDR202600033240,ADDITIONAL_SESSION,503,1
CDR202600085438,IPDR202600033284,PRIMARY_SESSION,-694,1
CDR202600048952,IPDR202600033290,ADDITIONAL_SESSION,-233,1
CDR202600078355,IPDR202600033318,PRIMARY_SESSION,-207,1
CDR202600035688,IPDR202600033328,ADDITIONAL_SESSION,97,1
CDR202600008965,IPDR202600033335,PRIMARY_SESSION,53,1
CDR202600022070,IPDR202600033362,ADDITIONAL_SESSION,-24,1
CDR202600067908,IPDR202600033369,PRIMARY_SESSION,-182,1
CDR202600001151,IPDR202600033370,PRIMARY_SESSION,-7,1
CDR202600021014,IPDR202600033385,PRIMARY_SESSION,707,1
CDR202600018400,IPDR202600033402,PRIMARY_SESSION,434,1
CDR202600028724,IPDR202600033403,ADDITIONAL_SESSION,27,1
CDR202600056129,IPDR202600033414,PRIMARY_SESSION,-328,1
CDR202600060594,IPDR202600033475,ADDITIONAL_SESSION,203,1
CDR202600012588,IPDR202600033484,ADDITIONAL_SESSION,-487,1
CDR202600079314,IPDR202600033487,ADDITIONAL_SESSION,-633,1
CDR202600072779,IPDR202600033497,ADDITIONAL_SESSION,-239,1
CDR202600041739,IPDR202600033516,PRIMARY_SESSION,35,1
CDR202600090593,IPDR202600033526,PRIMARY_SESSION,-11,1
CDR202600047958,IPDR202600033532,ADDITIONAL_SESSION,-98,1
CDR202600072256,IPDR202600033534,PRIMARY_SESSION,247,1
CDR202600028172,IPDR202600033553,PRIMARY_SESSION,33,1
CDR202600008608,IPDR202600033566,ADDITIONAL_SESSION,-27,1
CDR202600024475,IPDR202600033570,ADDITIONAL_SESSION,262,1
CDR202600066412,IPDR202600033578,ADDITIONAL_SESSION,1082,1
CDR202600037002,IPDR202600033582,ADDITIONAL_SESSION,721,1
CDR202600036607,IPDR202600033585,PRIMARY_SESSION,-135,1
CDR202600052783,IPDR202600033599,PRIMARY_SESSION,49,1
CDR202600075876,IPDR202600033639,PRIMARY_SESSION,1283,1
CDR202600022454,IPDR202600033649,ADDITIONAL_SESSION,158,1
CDR202600042280,IPDR202600033655,ADDITIONAL_SESSION,-5,1
CDR202600085240,IPDR202600033694,ADDITIONAL_SESSION,-927,1
CDR202600022133,IPDR202600033702,PRIMARY_SESSION,190,1
CDR202600023928,IPDR202600033727,PRIMARY_SESSION,860,1
CDR202600066997,IPDR202600033743,PRIMARY_SESSION,31,1
CDR202600052477,IPDR202600033789,PRIMARY_SESSION,228,1
CDR202600089089,IPDR202600033805,ADDITIONAL_SESSION,-598,1
CDR202600080120,IPDR202600033885,ADDITIONAL_SESSION,-224,1
CDR202600052611,IPDR202600033895,ADDITIONAL_SESSION,24,1
CDR202600062065,IPDR202600033897,ADDITIONAL_SESSION,1537,1
CDR202600007606,IPDR202600033913,ADDITIONAL_SESSION,-895,1
CDR202600025808,IPDR202600033921,ADDITIONAL_SESSION,-285,1
CDR202600020428,IPDR202600033928,PRIMARY_SESSION,-682,1
CDR202600078330,IPDR202600033941,PRIMARY_SESSION,1679,1
CDR202600066661,IPDR202600033951,PRIMARY_SESSION,-466,1
CDR202600007384,IPDR202600033969,PRIMARY_SESSION,1418,1
CDR202600015344,IPDR202600033976,ADDITIONAL_SESSION,-167,1
CDR202600049115,IPDR202600034031,ADDITIONAL_SESSION,793,1
CDR202600046442,IPDR202600034071,PRIMARY_SESSION,60,1
CDR202600027244,IPDR202600034107,ADDITIONAL_SESSION,-22,1
CDR202600051565,IPDR202600034111,ADDITIONAL_SESSION,-1119,1
CDR202600002010,IPDR202600034123,PRIMARY_SESSION,103,1
CDR202600015273,IPDR202600034169,ADDITIONAL_SESSION,1507,1
CDR202600071617,IPDR202600034210,PRIMARY_SESSION,549,1
CDR202600063422,IPDR202600034222,PRIMARY_SESSION,-85,1
CDR202600044973,IPDR202600034268,PRIMARY_SESSION,-421,1
CDR202600005223,IPDR202600034271,PRIMARY_SESSION,59,1
CDR202600053922,IPDR202600034293,PRIMARY_SESSION,47,1
CDR202600062325,IPDR202600034303,PRIMARY_SESSION,-25,1
CDR202600015299,IPDR202600034315,PRIMARY_SESSION,15,1
CDR202600087095,IPDR202600034335,PRIMARY_SESSION,-48,1
CDR202600014730,IPDR202600034350,PRIMARY_SESSION,-173,1
CDR202600075491,IPDR202600034353,ADDITIONAL_SESSION,1460,1
CDR202600055976,IPDR202600034356,PRIMARY_SESSION,184,1
CDR202600017564,IPDR202600034374,PRIMARY_SESSION,-531,1
CDR202600010515,IPDR202600034377,ADDITIONAL_SESSION,123,1
CDR202600023993,IPDR202600034418,PRIMARY_SESSION,751,1
CDR202600023145,IPDR202600034421,PRIMARY_SESSION,11,1
CDR202600057664,IPDR202600034438,PRIMARY_SESSION,-1186,1
CDR202600001442,IPDR202600034441,PRIMARY_SESSION,548,1
CDR202600006445,IPDR202600034484,PRIMARY_SESSION,136,1
CDR202600084840,IPDR202600034514,PRIMARY_SESSION,143,1
CDR202600027946,IPDR202600034515,PRIMARY_SESSION,43,1
CDR202600075244,IPDR202600034518,PRIMARY_SESSION,-201,1
CDR202600005281,IPDR202600034527,PRIMARY_SESSION,-44,1
CDR202600062616,IPDR202600034556,PRIMARY_SESSION,196,1
CDR202600053778,IPDR202600034587,PRIMARY_SESSION,-306,1
CDR202600053817,IPDR202600034591,PRIMARY_SESSION,-609,1
CDR202600047238,IPDR202600034649,ADDITIONAL_SESSION,-572,1
CDR202600074159,IPDR202600034662,PRIMARY_SESSION,-103,1
CDR202600050333,IPDR202600034671,PRIMARY_SESSION,-15,1
CDR202600032923,IPDR202600034676,ADDITIONAL_SESSION,154,1
CDR202600017389,IPDR202600034690,ADDITIONAL_SESSION,21,1
CDR202600010035,IPDR202600034691,PRIMARY_SESSION,112,1
CDR202600008245,IPDR202600034716,ADDITIONAL_SESSION,44,1
CDR202600004959,IPDR202600034718,ADDITIONAL_SESSION,-7,1
CDR202600060154,IPDR202600034783,PRIMARY_SESSION,662,1
CDR202600055584,IPDR202600034797,PRIMARY_SESSION,763,1
CDR202600090132,IPDR202600034798,PRIMARY_SESSION,166,1
CDR202600009338,IPDR202600034825,ADDITIONAL_SESSION,-967,1
CDR202600019789,IPDR202600034857,PRIMARY_SESSION,-139,1
CDR202600017308,IPDR202600034858,ADDITIONAL_SESSION,752,1
CDR202600079043,IPDR202600034881,PRIMARY_SESSION,-240,1
CDR202600023906,IPDR202600034930,ADDITIONAL_SESSION,23,1
CDR202600067534,IPDR202600034934,PRIMARY_SESSION,575,1
CDR202600015653,IPDR202600034971,PRIMARY_SESSION,-161,1
CDR202600016764,IPDR202600035011,PRIMARY_SESSION,179,1
CDR202600086156,IPDR202600035024,ADDITIONAL_SESSION,563,1
CDR202600017714,IPDR202600035051,ADDITIONAL_SESSION,55,1
CDR202600016201,IPDR202600035091,ADDITIONAL_SESSION,46,1
CDR202600018883,IPDR202600035097,ADDITIONAL_SESSION,283,1
CDR202600078545,IPDR202600035119,PRIMARY_SESSION,-418,1
CDR202600008495,IPDR202600035125,ADDITIONAL_SESSION,-114,1
CDR202600016514,IPDR202600035135,PRIMARY_SESSION,223,1
CDR202600033972,IPDR202600035155,PRIMARY_SESSION,227,1
CDR202600025449,IPDR202600035174,PRIMARY_SESSION,-607,1
CDR202600072662,IPDR202600035176,ADDITIONAL_SESSION,-1365,1
CDR202600049927,IPDR202600035201,PRIMARY_SESSION,-13,1
CDR202600022929,IPDR202600035236,ADDITIONAL_SESSION,68,1
CDR202600037214,IPDR202600035265,PRIMARY_SESSION,-33,1
CDR202600082825,IPDR202600035300,ADDITIONAL_SESSION,274,1
CDR202600011206,IPDR202600035301,PRIMARY_SESSION,-226,1
CDR202600068863,IPDR202600035337,ADDITIONAL_SESSION,257,1
CDR202600083698,IPDR202600035350,PRIMARY_SESSION,-517,1
CDR202600001977,IPDR202600035360,ADDITIONAL_SESSION,833,1
CDR202600007018,IPDR202600035385,ADDITIONAL_SESSION,-522,1
CDR202600076007,IPDR202600035391,PRIMARY_SESSION,1203,1
CDR202600053381,IPDR202600035397,ADDITIONAL_SESSION,26,1
CDR202600037821,IPDR202600035465,ADDITIONAL_SESSION,12,1
CDR202600004491,IPDR202600035474,PRIMARY_SESSION,-699,1
CDR202600022655,IPDR202600035481,PRIMARY_SESSION,14,1
CDR202600031512,IPDR202600035529,PRIMARY_SESSION,-149,1
CDR202600089752,IPDR202600035544,PRIMARY_SESSION,-550,1
CDR202600049778,IPDR202600035554,PRIMARY_SESSION,343,1
CDR202600014320,IPDR202600035575,ADDITIONAL_SESSION,312,1
CDR202600040018,IPDR202600035596,PRIMARY_SESSION,-448,1
CDR202600073955,IPDR202600035603,ADDITIONAL_SESSION,172,1
CDR202600084107,IPDR202600035612,ADDITIONAL_SESSION,28,1
CDR202600031276,IPDR202600035623,PRIMARY_SESSION,249,1
CDR202600088412,IPDR202600035626,PRIMARY_SESSION,322,1
CDR202600042539,IPDR202600035655,ADDITIONAL_SESSION,812,1
CDR202600012446,IPDR202600035656,PRIMARY_SESSION,-33,1
CDR202600078903,IPDR202600035747,ADDITIONAL_SESSION,889,1
CDR202600030119,IPDR202600035769,PRIMARY_SESSION,1459,1
CDR202600074849,IPDR202600035776,PRIMARY_SESSION,27,1
CDR202600081655,IPDR202600035845,ADDITIONAL_SESSION,-1506,1
CDR202600017061,IPDR202600035853,ADDITIONAL_SESSION,219,1
CDR202600039307,IPDR202600035866,PRIMARY_SESSION,166,1
CDR202600082142,IPDR202600035868,PRIMARY_SESSION,824,1
CDR202600032655,IPDR202600035877,ADDITIONAL_SESSION,472,1
CDR202600076449,IPDR202600035879,PRIMARY_SESSION,567,1
CDR202600057290,IPDR202600035903,ADDITIONAL_SESSION,-10,1
CDR202600040334,IPDR202600035908,ADDITIONAL_SESSION,-259,1
CDR202600023577,IPDR202600035913,PRIMARY_SESSION,1191,1
CDR202600015854,IPDR202600035988,ADDITIONAL_SESSION,885,1
CDR202600058793,IPDR202600035989,ADDITIONAL_SESSION,-786,1
CDR202600009006,IPDR202600036037,ADDITIONAL_SESSION,-59,1
CDR202600013737,IPDR202600036063,PRIMARY_SESSION,-201,1
CDR202600086801,IPDR202600036076,ADDITIONAL_SESSION,199,1
CDR202600063623,IPDR202600036104,PRIMARY_SESSION,-72,1
CDR202600037641,IPDR202600036105,PRIMARY_SESSION,1490,1
CDR202600075401,IPDR202600036112,ADDITIONAL_SESSION,331,1
CDR202600013474,IPDR202600036115,PRIMARY_SESSION,865,1
CDR202600051483,IPDR202600036127,PRIMARY_SESSION,631,1
CDR202600070622,IPDR202600036136,ADDITIONAL_SESSION,1539,1
CDR202600045418,IPDR202600036268,PRIMARY_SESSION,-16,1
CDR202600020863,IPDR202600036295,PRIMARY_SESSION,-23,1
CDR202600071283,IPDR202600036301,PRIMARY_SESSION,1682,1
CDR202600030827,IPDR202600036307,ADDITIONAL_SESSION,201,1
CDR202600015140,IPDR202600036308,ADDITIONAL_SESSION,19,1
CDR202600062733,IPDR202600036318,PRIMARY_SESSION,-491,1
CDR202600046214,IPDR202600036321,PRIMARY_SESSION,-524,1
CDR202600034455,IPDR202600036361,PRIMARY_SESSION,-367,1
CDR202600001785,IPDR202600036363,PRIMARY_SESSION,-217,1
CDR202600037179,IPDR202600036373,ADDITIONAL_SESSION,-24,1
CDR202600069426,IPDR202600036374,PRIMARY_SESSION,107,1
CDR202600009193,IPDR202600036395,PRIMARY_SESSION,480,1
CDR202600045020,IPDR202600036398,PRIMARY_SESSION,75,1
CDR202600026849,IPDR202600036401,PRIMARY_SESSION,-138,1
CDR202600023673,IPDR202600036409,ADDITIONAL_SESSION,-50,1
CDR202600081476,IPDR202600036419,PRIMARY_SESSION,504,1
CDR202600074545,IPDR202600036433,ADDITIONAL_SESSION,-792,1
CDR202600028057,IPDR202600036439,PRIMARY_SESSION,-38,1
CDR202600037049,IPDR202600036490,ADDITIONAL_SESSION,-49,1
CDR202600034282,IPDR202600036541,PRIMARY_SESSION,-26,1
CDR202600041441,IPDR202600036544,PRIMARY_SESSION,726,1
CDR202600043839,IPDR202600036609,PRIMARY_SESSION,39,1
CDR202600006902,IPDR202600036632,PRIMARY_SESSION,249,1
CDR202600091048,IPDR202600036653,PRIMARY_SESSION,289,1
CDR202600061137,IPDR202600036666,PRIMARY_SESSION,-214,1
CDR202600006962,IPDR202600036668,PRIMARY_SESSION,43,1
CDR202600062304,IPDR202600036680,ADDITIONAL_SESSION,55,1
CDR202600085184,IPDR202600036702,PRIMARY_SESSION,104,1
CDR202600035795,IPDR202600036743,PRIMARY_SESSION,-59,1
CDR202600062394,IPDR202600036762,ADDITIONAL_SESSION,310,1
CDR202600050953,IPDR202600036763,PRIMARY_SESSION,-478,1
CDR202600054654,IPDR202600036783,PRIMARY_SESSION,-1618,1
CDR202600002061,IPDR202600036790,PRIMARY_SESSION,-800,1
CDR202600005720,IPDR202600036792,ADDITIONAL_SESSION,-510,1
CDR202600020229,IPDR202600036795,ADDITIONAL_SESSION,-28,1
CDR202600073819,IPDR202600036810,ADDITIONAL_SESSION,45,1
CDR202600080977,IPDR202600036815,ADDITIONAL_SESSION,366,1
CDR202600037126,IPDR202600036884,ADDITIONAL_SESSION,101,1
CDR202600045606,IPDR202600036890,PRIMARY_SESSION,-286,1
CDR202600032077,IPDR202600036891,ADDITIONAL_SESSION,493,1
CDR202600028420,IPDR202600036893,ADDITIONAL_SESSION,-256,1
CDR202600064641,IPDR202600036901,PRIMARY_SESSION,-958,1
CDR202600024475,IPDR202600036956,PRIMARY_SESSION,322,1
CDR202600007614,IPDR202600036968,ADDITIONAL_SESSION,-48,1
CDR202600074996,IPDR202600036988,PRIMARY_SESSION,-59,1
CDR202600072256,IPDR202600037019,ADDITIONAL_SESSION,-625,1
CDR202600038144,IPDR202600037046,PRIMARY_SESSION,-339,1
CDR202600002525,IPDR202600037061,PRIMARY_SESSION,289,1
CDR202600005414,IPDR202600037070,PRIMARY_SESSION,-855,1
CDR202600023432,IPDR202600037076,PRIMARY_SESSION,194,1
CDR202600088698,IPDR202600037095,PRIMARY_SESSION,-314,1
CDR202600074649,IPDR202600037110,PRIMARY_SESSION,6,1
CDR202600010460,IPDR202600037113,PRIMARY_SESSION,13,1
CDR202600030880,IPDR202600037151,ADDITIONAL_SESSION,-520,1
CDR202600067357,IPDR202600037156,PRIMARY_SESSION,206,1
CDR202600028425,IPDR202600037172,PRIMARY_SESSION,160,1
CDR202600060338,IPDR202600037192,ADDITIONAL_SESSION,-21,1
CDR202600068514,IPDR202600037263,PRIMARY_SESSION,333,1
CDR202600084598,IPDR202600037266,PRIMARY_SESSION,-518,1
CDR202600066090,IPDR202600037272,ADDITIONAL_SESSION,177,1
CDR202600069428,IPDR202600037273,PRIMARY_SESSION,-235,1
CDR202600089196,IPDR202600037281,ADDITIONAL_SESSION,-459,1
CDR202600015327,IPDR202600037323,ADDITIONAL_SESSION,334,1
CDR202600011319,IPDR202600037345,PRIMARY_SESSION,-55,1
CDR202600009714,IPDR202600037348,PRIMARY_SESSION,-50,1
CDR202600033054,IPDR202600037351,PRIMARY_SESSION,38,1
CDR202600020583,IPDR202600037358,ADDITIONAL_SESSION,584,1
CDR202600035092,IPDR202600037366,PRIMARY_SESSION,1675,1
CDR202600027634,IPDR202600037368,PRIMARY_SESSION,2,1
CDR202600002222,IPDR202600037458,ADDITIONAL_SESSION,274,1
CDR202600061491,IPDR202600037463,PRIMARY_SESSION,27,1
CDR202600075955,IPDR202600037496,PRIMARY_SESSION,34,1
CDR202600065334,IPDR202600037497,PRIMARY_SESSION,-1448,1
CDR202600023305,IPDR202600037498,PRIMARY_SESSION,-93,1
CDR202600015273,IPDR202600037522,ADDITIONAL_SESSION,-1129,1
CDR202600076446,IPDR202600037542,ADDITIONAL_SESSION,47,1
CDR202600078120,IPDR202600037544,ADDITIONAL_SESSION,9,1
CDR202600054694,IPDR202600037547,PRIMARY_SESSION,-30,1
CDR202600066064,IPDR202600037548,PRIMARY_SESSION,157,1
CDR202600024349,IPDR202600037558,PRIMARY_SESSION,-245,1
CDR202600013661,IPDR202600037561,PRIMARY_SESSION,162,1
CDR202600048615,IPDR202600037574,PRIMARY_SESSION,22,1
CDR202600020372,IPDR202600037617,ADDITIONAL_SESSION,-723,1
CDR202600048068,IPDR202600037678,ADDITIONAL_SESSION,-1271,1
CDR202600014278,IPDR202600037685,PRIMARY_SESSION,133,1
CDR202600084665,IPDR202600037696,PRIMARY_SESSION,-599,1
CDR202600059956,IPDR202600037700,ADDITIONAL_SESSION,221,1
CDR202600056205,IPDR202600037725,ADDITIONAL_SESSION,-811,1
CDR202600048100,IPDR202600037737,PRIMARY_SESSION,-868,1
CDR202600005078,IPDR202600037752,PRIMARY_SESSION,55,1
CDR202600054047,IPDR202600037799,PRIMARY_SESSION,248,1
CDR202600003023,IPDR202600037821,PRIMARY_SESSION,425,1
CDR202600058771,IPDR202600037828,PRIMARY_SESSION,861,1
CDR202600025917,IPDR202600037842,PRIMARY_SESSION,1290,1
CDR202600085524,IPDR202600037899,PRIMARY_SESSION,1072,1
CDR202600064234,IPDR202600037941,PRIMARY_SESSION,-1694,1
CDR202600019022,IPDR202600037998,PRIMARY_SESSION,53,1
CDR202600015377,IPDR202600038014,PRIMARY_SESSION,-36,1
CDR202600034157,IPDR202600038022,PRIMARY_SESSION,-216,1
CDR202600013644,IPDR202600038029,ADDITIONAL_SESSION,40,1
CDR202600070622,IPDR202600038047,ADDITIONAL_SESSION,-8,1
CDR202600066243,IPDR202600038059,PRIMARY_SESSION,-1087,1
CDR202600031907,IPDR202600038078,ADDITIONAL_SESSION,-42,1
CDR202600065201,IPDR202600038090,PRIMARY_SESSION,-47,1
CDR202600015358,IPDR202600038091,ADDITIONAL_SESSION,191,1
CDR202600025750,IPDR202600038096,PRIMARY_SESSION,-37,1
CDR202600003950,IPDR202600038104,PRIMARY_SESSION,217,1
CDR202600016455,IPDR202600038129,PRIMARY_SESSION,-41,1
CDR202600031049,IPDR202600038135,PRIMARY_SESSION,-50,1
CDR202600071280,IPDR202600038177,PRIMARY_SESSION,-59,1
CDR202600006609,IPDR202600038179,ADDITIONAL_SESSION,-726,1
CDR202600062941,IPDR202600038180,ADDITIONAL_SESSION,597,1
CDR202600081112,IPDR202600038181,PRIMARY_SESSION,-771,1
CDR202600035371,IPDR202600038182,PRIMARY_SESSION,-265,1
CDR202600034159,IPDR202600038183,PRIMARY_SESSION,23,1
CDR202600057767,IPDR202600038238,ADDITIONAL_SESSION,-561,1
CDR202600087320,IPDR202600038250,PRIMARY_SESSION,57,1
CDR202600065578,IPDR202600038252,PRIMARY_SESSION,-200,1
CDR202600084486,IPDR202600038258,PRIMARY_SESSION,680,1
CDR202600085938,IPDR202600038282,PRIMARY_SESSION,-746,1
CDR202600019700,IPDR202600038289,PRIMARY_SESSION,-96,1
CDR202600021966,IPDR202600038291,PRIMARY_SESSION,5,1
CDR202600053451,IPDR202600038292,PRIMARY_SESSION,-227,1
CDR202600057600,IPDR202600038294,PRIMARY_SESSION,-514,1
CDR202600055505,IPDR202600038303,PRIMARY_SESSION,-176,1
CDR202600023906,IPDR202600038307,PRIMARY_SESSION,-597,1
CDR202600028431,IPDR202600038314,ADDITIONAL_SESSION,-40,1
CDR202600003733,IPDR202600038337,PRIMARY_SESSION,893,1
CDR202600082693,IPDR202600038346,PRIMARY_SESSION,-52,1
CDR202600030494,IPDR202600038354,PRIMARY_SESSION,19,1
CDR202600028515,IPDR202600038383,PRIMARY_SESSION,212,1
CDR202600027383,IPDR202600038441,ADDITIONAL_SESSION,265,1
CDR202600027700,IPDR202600038466,PRIMARY_SESSION,-189,1
CDR202600071259,IPDR202600038477,PRIMARY_SESSION,-49,1
CDR202600019632,IPDR202600038487,PRIMARY_SESSION,118,1
CDR202600077077,IPDR202600038497,ADDITIONAL_SESSION,183,1
CDR202600049825,IPDR202600038514,PRIMARY_SESSION,-605,1
CDR202600043142,IPDR202600038567,ADDITIONAL_SESSION,-269,1
CDR202600067159,IPDR202600038577,PRIMARY_SESSION,1757,1
CDR202600009243,IPDR202600038588,PRIMARY_SESSION,9,1
CDR202600072823,IPDR202600038652,PRIMARY_SESSION,128,1
CDR202600087839,IPDR202600038766,ADDITIONAL_SESSION,-888,1
CDR202600036200,IPDR202600038774,ADDITIONAL_SESSION,-1,1
CDR202600077945,IPDR202600038788,ADDITIONAL_SESSION,685,1
CDR202600078038,IPDR202600038802,PRIMARY_SESSION,-237,1
CDR202600053428,IPDR202600038834,PRIMARY_SESSION,-275,1
CDR202600058305,IPDR202600038867,ADDITIONAL_SESSION,-8,1
CDR202600058927,IPDR202600038876,ADDITIONAL_SESSION,802,1
CDR202600033882,IPDR202600038918,PRIMARY_SESSION,-30,1
CDR202600014001,IPDR202600038934,PRIMARY_SESSION,58,1
CDR202600057118,IPDR202600038948,ADDITIONAL_SESSION,-537,1
CDR202600035169,IPDR202600038995,PRIMARY_SESSION,-40,1
CDR202600086352,IPDR202600039014,ADDITIONAL_SESSION,-147,1
CDR202600011781,IPDR202600039026,ADDITIONAL_SESSION,27,1
CDR202600011882,IPDR202600039045,PRIMARY_SESSION,-241,1
CDR202600002222,IPDR202600039048,PRIMARY_SESSION,869,1
CDR202600084984,IPDR202600039052,PRIMARY_SESSION,-2,1
CDR202600035577,IPDR202600039089,PRIMARY_SESSION,-648,1
CDR202600004370,IPDR202600039090,PRIMARY_SESSION,147,1
CDR202600077316,IPDR202600039109,ADDITIONAL_SESSION,452,1
CDR202600008411,IPDR202600039130,PRIMARY_SESSION,148,1
CDR202600008512,IPDR202600039160,PRIMARY_SESSION,162,1
CDR202600082181,IPDR202600039191,PRIMARY_SESSION,-183,1
CDR202600054345,IPDR202600039202,ADDITIONAL_SESSION,-33,1
CDR202600002599,IPDR202600039205,PRIMARY_SESSION,1,1
CDR202600011107,IPDR202600039305,ADDITIONAL_SESSION,7,1
CDR202600053041,IPDR202600039306,ADDITIONAL_SESSION,257,1
CDR202600012547,IPDR202600039307,ADDITIONAL_SESSION,438,1
CDR202600004747,IPDR202600039314,PRIMARY_SESSION,14,1
CDR202600039602,IPDR202600039336,PRIMARY_SESSION,-825,1
CDR202600000267,IPDR202600039341,PRIMARY_SESSION,-34,1
CDR202600007475,IPDR202600039343,ADDITIONAL_SESSION,-26,1
CDR202600019689,IPDR202600039351,ADDITIONAL_SESSION,-561,1
CDR202600063277,IPDR202600039354,PRIMARY_SESSION,243,1
CDR202600060585,IPDR202600039365,PRIMARY_SESSION,-33,1
CDR202600068629,IPDR202600039366,PRIMARY_SESSION,52,1
CDR202600045542,IPDR202600039379,ADDITIONAL_SESSION,-217,1
CDR202600053413,IPDR202600039420,ADDITIONAL_SESSION,453,1
CDR202600002487,IPDR202600039463,PRIMARY_SESSION,-247,1
CDR202600053245,IPDR202600039528,ADDITIONAL_SESSION,-849,1
CDR202600059794,IPDR202600039551,PRIMARY_SESSION,1710,1
CDR202600069493,IPDR202600039601,ADDITIONAL_SESSION,1124,1
CDR202600088445,IPDR202600039610,ADDITIONAL_SESSION,231,1
CDR202600057759,IPDR202600039611,ADDITIONAL_SESSION,956,1
CDR202600053063,IPDR202600039624,ADDITIONAL_SESSION,273,1
CDR202600020509,IPDR202600039625,PRIMARY_SESSION,172,1
CDR202600067364,IPDR202600039640,PRIMARY_SESSION,-121,1
CDR202600000412,IPDR202600039644,PRIMARY_SESSION,-1613,1
CDR202600045043,IPDR202600039649,PRIMARY_SESSION,44,1
CDR202600065253,IPDR202600039656,PRIMARY_SESSION,-1089,1
CDR202600018271,IPDR202600039672,PRIMARY_SESSION,-30,1
CDR202600069377,IPDR202600039676,PRIMARY_SESSION,-1004,1
CDR202600009241,IPDR202600039682,PRIMARY_SESSION,747,1
CDR202600062127,IPDR202600039701,ADDITIONAL_SESSION,192,1
CDR202600048578,IPDR202600039711,ADDITIONAL_SESSION,461,1
CDR202600047892,IPDR202600039718,PRIMARY_SESSION,-192,1
CDR202600029040,IPDR202600039773,PRIMARY_SESSION,552,1
CDR202600019867,IPDR202600039862,PRIMARY_SESSION,11,1
CDR202600087876,IPDR202600039888,PRIMARY_SESSION,107,1
CDR202600059500,IPDR202600039922,PRIMARY_SESSION,-1724,1
CDR202600087635,IPDR202600039938,PRIMARY_SESSION,157,1
CDR202600075476,IPDR202600039947,PRIMARY_SESSION,38,1
CDR202600057191,IPDR202600039949,PRIMARY_SESSION,674,1
CDR202600028233,IPDR202600039966,PRIMARY_SESSION,1620,1
CDR202600039056,IPDR202600039984,PRIMARY_SESSION,1156,1
CDR202600031577,IPDR202600040042,PRIMARY_SESSION,-129,1
CDR202600016569,IPDR202600040058,PRIMARY_SESSION,-16,1
CDR202600076238,IPDR202600040122,PRIMARY_SESSION,294,1
CDR202600033964,IPDR202600040130,PRIMARY_SESSION,213,1
CDR202600001800,IPDR202600040154,ADDITIONAL_SESSION,58,1
CDR202600084683,IPDR202600040187,PRIMARY_SESSION,-57,1
CDR202600022690,IPDR202600040199,ADDITIONAL_SESSION,269,1
CDR202600047269,IPDR202600040238,ADDITIONAL_SESSION,-115,1
CDR202600002278,IPDR202600040248,ADDITIONAL_SESSION,-14,1
CDR202600085793,IPDR202600040271,PRIMARY_SESSION,466,1
CDR202600041324,IPDR202600040281,PRIMARY_SESSION,-786,1
CDR202600019918,IPDR202600040283,ADDITIONAL_SESSION,299,1
CDR202600019882,IPDR202600040288,PRIMARY_SESSION,9,1
CDR202600034733,IPDR202600040296,PRIMARY_SESSION,779,1
CDR202600078731,IPDR202600040321,PRIMARY_SESSION,259,1
CDR202600034061,IPDR202600040328,PRIMARY_SESSION,-725,1
CDR202600044124,IPDR202600040332,ADDITIONAL_SESSION,-265,1
CDR202600061880,IPDR202600040335,ADDITIONAL_SESSION,10,1
CDR202600039300,IPDR202600040360,PRIMARY_SESSION,-304,1
CDR202600033720,IPDR202600040367,ADDITIONAL_SESSION,99,1
CDR202600001838,IPDR202600040386,ADDITIONAL_SESSION,-9,1
CDR202600006107,IPDR202600040403,PRIMARY_SESSION,4,1
CDR202600051282,IPDR202600040412,ADDITIONAL_SESSION,-97,1
CDR202600046110,IPDR202600040413,PRIMARY_SESSION,464,1
CDR202600021231,IPDR202600040424,ADDITIONAL_SESSION,595,1
CDR202600014943,IPDR202600040458,PRIMARY_SESSION,2,1
CDR202600019349,IPDR202600040464,ADDITIONAL_SESSION,294,1
CDR202600027348,IPDR202600040472,PRIMARY_SESSION,100,1
CDR202600033458,IPDR202600040477,ADDITIONAL_SESSION,-264,1
CDR202600047103,IPDR202600040479,PRIMARY_SESSION,44,1
CDR202600055049,IPDR202600040497,ADDITIONAL_SESSION,19,1
CDR202600069795,IPDR202600040509,ADDITIONAL_SESSION,-78,1
CDR202600067978,IPDR202600040528,PRIMARY_SESSION,147,1
CDR202600035536,IPDR202600040583,PRIMARY_SESSION,-752,1
CDR202600066467,IPDR202600040591,PRIMARY_SESSION,179,1
CDR202600080792,IPDR202600040601,PRIMARY_SESSION,-136,1
CDR202600082413,IPDR202600040616,PRIMARY_SESSION,217,1
CDR202600019192,IPDR202600040619,PRIMARY_SESSION,6,1
CDR202600055747,IPDR202600040645,PRIMARY_SESSION,16,1
CDR202600039560,IPDR202600040655,PRIMARY_SESSION,1407,1
CDR202600016975,IPDR202600040694,ADDITIONAL_SESSION,873,1
CDR202600013391,IPDR202600040710,ADDITIONAL_SESSION,627,1
CDR202600080314,IPDR202600040711,ADDITIONAL_SESSION,-523,1
CDR202600047785,IPDR202600040712,PRIMARY_SESSION,33,1
CDR202600004450,IPDR202600040738,ADDITIONAL_SESSION,268,1
CDR202600005633,IPDR202600040739,PRIMARY_SESSION,-185,1
CDR202600088159,IPDR202600040758,ADDITIONAL_SESSION,655,1
CDR202600015723,IPDR202600040764,PRIMARY_SESSION,-652,1
CDR202600046263,IPDR202600040795,ADDITIONAL_SESSION,-201,1
CDR202600058190,IPDR202600040813,ADDITIONAL_SESSION,-41,1
CDR202600088953,IPDR202600040849,PRIMARY_SESSION,593,1
CDR202600076304,IPDR202600040851,PRIMARY_SESSION,48,1
CDR202600021544,IPDR202600040853,PRIMARY_SESSION,-30,1
CDR202600020952,IPDR202600040876,PRIMARY_SESSION,155,1
CDR202600005050,IPDR202600040894,PRIMARY_SESSION,-118,1
CDR202600013197,IPDR202600040928,ADDITIONAL_SESSION,165,1
CDR202600068946,IPDR202600040931,PRIMARY_SESSION,1586,1
CDR202600014605,IPDR202600040997,ADDITIONAL_SESSION,-56,1
CDR202600020510,IPDR202600041044,ADDITIONAL_SESSION,-64,1
CDR202600006582,IPDR202600041070,PRIMARY_SESSION,2,1
CDR202600042840,IPDR202600041096,PRIMARY_SESSION,-1433,1
CDR202600009417,IPDR202600041100,PRIMARY_SESSION,-963,1
CDR202600052405,IPDR202600041107,PRIMARY_SESSION,6,1
CDR202600046731,IPDR202600041110,PRIMARY_SESSION,32,1
CDR202600088703,IPDR202600041129,PRIMARY_SESSION,732,1
CDR202600038805,IPDR202600041140,PRIMARY_SESSION,636,1
CDR202600051234,IPDR202600041148,PRIMARY_SESSION,282,1
CDR202600012240,IPDR202600041211,PRIMARY_SESSION,-29,1
CDR202600023924,IPDR202600041218,ADDITIONAL_SESSION,-23,1
CDR202600067648,IPDR202600041222,ADDITIONAL_SESSION,270,1
CDR202600072576,IPDR202600041257,ADDITIONAL_SESSION,-42,1
CDR202600064325,IPDR202600041310,ADDITIONAL_SESSION,-5,1
CDR202600066127,IPDR202600041349,ADDITIONAL_SESSION,-105,1
CDR202600003710,IPDR202600041370,ADDITIONAL_SESSION,780,1
CDR202600059177,IPDR202600041401,PRIMARY_SESSION,9,1
CDR202600013215,IPDR202600041403,PRIMARY_SESSION,-1296,1
CDR202600022334,IPDR202600041463,PRIMARY_SESSION,-553,1
CDR202600048952,IPDR202600041499,ADDITIONAL_SESSION,119,1
CDR202600015953,IPDR202600041517,PRIMARY_SESSION,-253,1
CDR202600026668,IPDR202600041532,ADDITIONAL_SESSION,-22,1
CDR202600004386,IPDR202600041556,PRIMARY_SESSION,322,1
CDR202600066369,IPDR202600041567,PRIMARY_SESSION,-120,1
CDR202600005734,IPDR202600041571,ADDITIONAL_SESSION,-258,1
CDR202600009383,IPDR202600041592,PRIMARY_SESSION,227,1
CDR202600079467,IPDR202600041600,PRIMARY_SESSION,-75,1
CDR202600052946,IPDR202600041626,ADDITIONAL_SESSION,41,1
CDR202600063209,IPDR202600041663,PRIMARY_SESSION,1602,1
CDR202600082661,IPDR202600041702,ADDITIONAL_SESSION,-80,1
CDR202600066069,IPDR202600041707,PRIMARY_SESSION,9,1
CDR202600073311,IPDR202600041738,ADDITIONAL_SESSION,-1267,1
CDR202600052946,IPDR202600041745,PRIMARY_SESSION,-693,1
CDR202600080730,IPDR202600041747,ADDITIONAL_SESSION,964,1
CDR202600074956,IPDR202600041784,PRIMARY_SESSION,1315,1
CDR202600031378,IPDR202600041813,PRIMARY_SESSION,284,1
CDR202600048837,IPDR202600041832,PRIMARY_SESSION,-114,1
CDR202600023753,IPDR202600041868,PRIMARY_SESSION,469,1
CDR202600040620,IPDR202600041873,PRIMARY_SESSION,-29,1
CDR202600009576,IPDR202600041874,PRIMARY_SESSION,-659,1
CDR202600038802,IPDR202600041890,PRIMARY_SESSION,809,1
CDR202600049944,IPDR202600041892,PRIMARY_SESSION,406,1
CDR202600080120,IPDR202600041904,PRIMARY_SESSION,-30,1
CDR202600034057,IPDR202600041918,PRIMARY_SESSION,-2,1
CDR202600033720,IPDR202600041988,ADDITIONAL_SESSION,-59,1
CDR202600054937,IPDR202600042017,ADDITIONAL_SESSION,117,1
CDR202600028034,IPDR202600042040,PRIMARY_SESSION,-216,1
CDR202600017754,IPDR202600042041,PRIMARY_SESSION,12,1
CDR202600015101,IPDR202600042056,ADDITIONAL_SESSION,-34,1
CDR202600069668,IPDR202600042057,ADDITIONAL_SESSION,-1734,1
CDR202600004835,IPDR202600042059,ADDITIONAL_SESSION,-124,1
CDR202600014717,IPDR202600042073,PRIMARY_SESSION,-27,1
CDR202600085883,IPDR202600042085,ADDITIONAL_SESSION,-60,1
CDR202600050394,IPDR202600042122,PRIMARY_SESSION,-212,1
CDR202600015227,IPDR202600042132,PRIMARY_SESSION,241,1
CDR202600006409,IPDR202600042154,PRIMARY_SESSION,43,1
CDR202600086760,IPDR202600042176,PRIMARY_SESSION,-821,1
CDR202600039895,IPDR202600042206,ADDITIONAL_SESSION,-766,1
CDR202600074852,IPDR202600042211,PRIMARY_SESSION,1393,1
CDR202600086036,IPDR202600042237,PRIMARY_SESSION,32,1
CDR202600075414,IPDR202600042255,ADDITIONAL_SESSION,516,1
CDR202600057121,IPDR202600042257,ADDITIONAL_SESSION,-28,1
CDR202600005393,IPDR202600042261,PRIMARY_SESSION,243,1
CDR202600036598,IPDR202600042279,PRIMARY_SESSION,-5,1
CDR202600079479,IPDR202600042405,PRIMARY_SESSION,-312,1
CDR202600073240,IPDR202600042418,ADDITIONAL_SESSION,1552,1
CDR202600070009,IPDR202600042426,PRIMARY_SESSION,-25,1
CDR202600057601,IPDR202600042464,PRIMARY_SESSION,625,1
CDR202600051394,IPDR202600042488,ADDITIONAL_SESSION,12,1
CDR202600032265,IPDR202600042496,ADDITIONAL_SESSION,419,1
CDR202600063263,IPDR202600042498,ADDITIONAL_SESSION,-264,1
CDR202600084461,IPDR202600042499,ADDITIONAL_SESSION,254,1
CDR202600026226,IPDR202600042517,PRIMARY_SESSION,-29,1
CDR202600081112,IPDR202600042551,ADDITIONAL_SESSION,-38,1
CDR202600009187,IPDR202600042559,PRIMARY_SESSION,162,1
CDR202600082407,IPDR202600042621,PRIMARY_SESSION,90,1
CDR202600044694,IPDR202600042658,ADDITIONAL_SESSION,78,1
CDR202600048578,IPDR202600042700,ADDITIONAL_SESSION,612,1
CDR202600053066,IPDR202600042702,PRIMARY_SESSION,41,1
CDR202600043441,IPDR202600042703,PRIMARY_SESSION,200,1
CDR202600056142,IPDR202600042704,ADDITIONAL_SESSION,823,1
CDR202600061849,IPDR202600042712,PRIMARY_SESSION,-1740,1
CDR202600001908,IPDR202600042736,PRIMARY_SESSION,86,1
CDR202600037786,IPDR202600042756,PRIMARY_SESSION,-3,1
CDR202600030849,IPDR202600042765,PRIMARY_SESSION,-37,1
CDR202600074666,IPDR202600042766,ADDITIONAL_SESSION,449,1
CDR202600080477,IPDR202600042772,PRIMARY_SESSION,743,1
CDR202600029223,IPDR202600042778,PRIMARY_SESSION,55,1
CDR202600000853,IPDR202600042799,PRIMARY_SESSION,820,1
CDR202600028540,IPDR202600042820,PRIMARY_SESSION,3,1
CDR202600069912,IPDR202600042845,PRIMARY_SESSION,5,1
CDR202600050682,IPDR202600042849,ADDITIONAL_SESSION,654,1
CDR202600059698,IPDR202600042860,PRIMARY_SESSION,-166,1
CDR202600019411,IPDR202600042878,ADDITIONAL_SESSION,-51,1
CDR202600029185,IPDR202600042887,PRIMARY_SESSION,287,1
CDR202600064457,IPDR202600042899,ADDITIONAL_SESSION,-674,1
CDR202600073799,IPDR202600042927,PRIMARY_SESSION,213,1
CDR202600047683,IPDR202600042961,ADDITIONAL_SESSION,49,1
CDR202600009059,IPDR202600042977,PRIMARY_SESSION,55,1
CDR202600020475,IPDR202600043032,PRIMARY_SESSION,-52,1
CDR202600071830,IPDR202600043036,PRIMARY_SESSION,-661,1
CDR202600072857,IPDR202600043052,ADDITIONAL_SESSION,-498,1
CDR202600017308,IPDR202600043061,PRIMARY_SESSION,192,1
CDR202600014320,IPDR202600043064,ADDITIONAL_SESSION,-477,1
CDR202600089109,IPDR202600043073,PRIMARY_SESSION,-1638,1
CDR202600081905,IPDR202600043089,PRIMARY_SESSION,593,1
CDR202600083271,IPDR202600043102,ADDITIONAL_SESSION,-1036,1
CDR202600036241,IPDR202600043127,PRIMARY_SESSION,86,1
CDR202600020472,IPDR202600043129,PRIMARY_SESSION,597,1
CDR202600076329,IPDR202600043155,PRIMARY_SESSION,-11,1
CDR202600014617,IPDR202600043163,ADDITIONAL_SESSION,-102,1
CDR202600054375,IPDR202600043164,ADDITIONAL_SESSION,109,1
CDR202600084409,IPDR202600043167,ADDITIONAL_SESSION,272,1
CDR202600023958,IPDR202600043225,ADDITIONAL_SESSION,48,1
CDR202600059717,IPDR202600043244,ADDITIONAL_SESSION,-590,1
CDR202600017755,IPDR202600043282,PRIMARY_SESSION,28,1
CDR202600042556,IPDR202600043298,ADDITIONAL_SESSION,296,1
CDR202600024056,IPDR202600043313,ADDITIONAL_SESSION,-929,1
CDR202600068065,IPDR202600043353,PRIMARY_SESSION,-242,1
CDR202600085025,IPDR202600043356,ADDITIONAL_SESSION,-107,1
CDR202600077393,IPDR202600043402,PRIMARY_SESSION,-1,1
CDR202600001026,IPDR202600043403,ADDITIONAL_SESSION,15,1
CDR202600026900,IPDR202600043416,ADDITIONAL_SESSION,583,1
CDR202600083818,IPDR202600043431,PRIMARY_SESSION,338,1
CDR202600009747,IPDR202600043448,PRIMARY_SESSION,-282,1
CDR202600013460,IPDR202600043454,ADDITIONAL_SESSION,429,1
CDR202600026908,IPDR202600043471,PRIMARY_SESSION,-36,1
CDR202600059692,IPDR202600043480,PRIMARY_SESSION,-218,1
CDR202600011345,IPDR202600043484,PRIMARY_SESSION,1127,1
CDR202600016471,IPDR202600043496,PRIMARY_SESSION,4,1
CDR202600030093,IPDR202600043548,ADDITIONAL_SESSION,-30,1
CDR202600085393,IPDR202600043563,PRIMARY_SESSION,303,1
CDR202600025177,IPDR202600043595,PRIMARY_SESSION,1368,1
CDR202600005542,IPDR202600043597,PRIMARY_SESSION,-60,1
CDR202600049397,IPDR202600043602,PRIMARY_SESSION,-1164,1
CDR202600042932,IPDR202600043605,PRIMARY_SESSION,106,1
CDR202600061647,IPDR202600043608,PRIMARY_SESSION,1155,1
CDR202600048738,IPDR202600043624,PRIMARY_SESSION,-103,1
CDR202600000897,IPDR202600043630,PRIMARY_SESSION,273,1
CDR202600056775,IPDR202600043633,PRIMARY_SESSION,229,1
CDR202600020510,IPDR202600043658,PRIMARY_SESSION,-724,1
CDR202600005591,IPDR202600043659,ADDITIONAL_SESSION,38,1
CDR202600000054,IPDR202600043720,ADDITIONAL_SESSION,852,1
CDR202600076181,IPDR202600043767,PRIMARY_SESSION,548,1
CDR202600056100,IPDR202600043769,ADDITIONAL_SESSION,-161,1
CDR202600056775,IPDR202600043775,ADDITIONAL_SESSION,-78,1
CDR202600021513,IPDR202600043803,PRIMARY_SESSION,205,1
CDR202600045802,IPDR202600043808,PRIMARY_SESSION,181,1
CDR202600008608,IPDR202600043811,ADDITIONAL_SESSION,-237,1
CDR202600064196,IPDR202600043837,ADDITIONAL_SESSION,-49,1
CDR202600028084,IPDR202600043900,ADDITIONAL_SESSION,-643,1
CDR202600060403,IPDR202600043927,ADDITIONAL_SESSION,783,1
CDR202600020970,IPDR202600043944,PRIMARY_SESSION,38,1
CDR202600080745,IPDR202600043945,ADDITIONAL_SESSION,25,1
CDR202600047417,IPDR202600044010,ADDITIONAL_SESSION,-1729,1
CDR202600081463,IPDR202600044018,ADDITIONAL_SESSION,13,1
CDR202600028420,IPDR202600044019,ADDITIONAL_SESSION,-39,1
CDR202600056868,IPDR202600044022,PRIMARY_SESSION,229,1
CDR202600059094,IPDR202600044024,PRIMARY_SESSION,200,1
CDR202600051739,IPDR202600044061,PRIMARY_SESSION,-50,1
CDR202600054503,IPDR202600044081,PRIMARY_SESSION,-210,1
CDR202600087617,IPDR202600044085,ADDITIONAL_SESSION,193,1
CDR202600073910,IPDR202600044121,ADDITIONAL_SESSION,-701,1
CDR202600003374,IPDR202600044128,PRIMARY_SESSION,122,1
CDR202600004732,IPDR202600044132,ADDITIONAL_SESSION,222,1
CDR202600023702,IPDR202600044144,PRIMARY_SESSION,-370,1
CDR202600000748,IPDR202600044160,ADDITIONAL_SESSION,1050,1
CDR202600059224,IPDR202600044179,PRIMARY_SESSION,1284,1
CDR202600063517,IPDR202600044199,PRIMARY_SESSION,55,1
CDR202600010420,IPDR202600044200,PRIMARY_SESSION,31,1
CDR202600015464,IPDR202600044229,PRIMARY_SESSION,138,1
CDR202600063074,IPDR202600044230,PRIMARY_SESSION,-27,1
CDR202600038028,IPDR202600044236,ADDITIONAL_SESSION,-1459,1
CDR202600032297,IPDR202600044257,PRIMARY_SESSION,-342,1
CDR202600040746,IPDR202600044271,PRIMARY_SESSION,-162,1
CDR202600020836,IPDR202600044294,PRIMARY_SESSION,-21,1
CDR202600072101,IPDR202600044310,PRIMARY_SESSION,-197,1
CDR202600064105,IPDR202600044332,PRIMARY_SESSION,-24,1
CDR202600003402,IPDR202600044338,PRIMARY_SESSION,8,1
CDR202600084304,IPDR202600044364,PRIMARY_SESSION,811,1
CDR202600045928,IPDR202600044370,PRIMARY_SESSION,-7,1
CDR202600035663,IPDR202600044430,ADDITIONAL_SESSION,1453,1
CDR202600056663,IPDR202600044432,PRIMARY_SESSION,-173,1
CDR202600032125,IPDR202600044441,PRIMARY_SESSION,79,1
CDR202600055006,IPDR202600044458,PRIMARY_SESSION,709,1
CDR202600024009,IPDR202600044463,PRIMARY_SESSION,29,1
CDR202600031219,IPDR202600044477,PRIMARY_SESSION,-113,1
CDR202600021051,IPDR202600044479,PRIMARY_SESSION,-559,1
CDR202600086987,IPDR202600044486,PRIMARY_SESSION,206,1
CDR202600009199,IPDR202600044495,ADDITIONAL_SESSION,11,1
CDR202600011069,IPDR202600044531,ADDITIONAL_SESSION,-81,1
CDR202600063979,IPDR202600044533,PRIMARY_SESSION,288,1
CDR202600011363,IPDR202600044539,PRIMARY_SESSION,487,1
CDR202600041331,IPDR202600044558,PRIMARY_SESSION,-617,1
CDR202600083668,IPDR202600044575,PRIMARY_SESSION,206,1
CDR202600074649,IPDR202600044604,ADDITIONAL_SESSION,256,1
CDR202600087051,IPDR202600044627,PRIMARY_SESSION,-812,1
CDR202600015985,IPDR202600044630,PRIMARY_SESSION,-209,1
CDR202600044407,IPDR202600044635,PRIMARY_SESSION,-749,1
CDR202600014217,IPDR202600044654,PRIMARY_SESSION,-163,1
CDR202600033213,IPDR202600044664,PRIMARY_SESSION,494,1
CDR202600062321,IPDR202600044669,PRIMARY_SESSION,210,1
CDR202600078878,IPDR202600044704,ADDITIONAL_SESSION,-58,1
CDR202600085883,IPDR202600044712,PRIMARY_SESSION,1500,1
CDR202600043628,IPDR202600044736,PRIMARY_SESSION,15,1
CDR202600025848,IPDR202600044775,ADDITIONAL_SESSION,1219,1
CDR202600005223,IPDR202600044777,ADDITIONAL_SESSION,-1365,1
CDR202600001173,IPDR202600044792,ADDITIONAL_SESSION,-532,1
CDR202600025803,IPDR202600044808,PRIMARY_SESSION,-10,1
CDR202600022070,IPDR202600044809,ADDITIONAL_SESSION,544,1
CDR202600070275,IPDR202600044827,PRIMARY_SESSION,384,1
CDR202600081249,IPDR202600044828,ADDITIONAL_SESSION,-48,1
CDR202600026372,IPDR202600044836,PRIMARY_SESSION,-194,1
CDR202600019992,IPDR202600044864,PRIMARY_SESSION,1079,1
CDR202600086801,IPDR202600044865,ADDITIONAL_SESSION,630,1
CDR202600082090,IPDR202600044866,ADDITIONAL_SESSION,-69,1
CDR202600041516,IPDR202600044889,ADDITIONAL_SESSION,1237,1
CDR202600053400,IPDR202600044890,ADDITIONAL_SESSION,-523,1
CDR202600021431,IPDR202600044908,PRIMARY_SESSION,-43,1
CDR202600028411,IPDR202600044916,PRIMARY_SESSION,39,1
CDR202600004263,IPDR202600044928,PRIMARY_SESSION,52,1
CDR202600043990,IPDR202600044955,PRIMARY_SESSION,-352,1
CDR202600014621,IPDR202600044966,ADDITIONAL_SESSION,-223,1
CDR202600031461,IPDR202600044968,ADDITIONAL_SESSION,-442,1
CDR202600083993,IPDR202600044999,ADDITIONAL_SESSION,-123,1
CDR202600091073,IPDR202600045000,ADDITIONAL_SESSION,36,1
CDR202600012095,IPDR202600045033,ADDITIONAL_SESSION,246,1
CDR202600035972,IPDR202600045039,PRIMARY_SESSION,-144,1
CDR202600060992,IPDR202600045073,ADDITIONAL_SESSION,169,1
CDR202600029814,IPDR202600045137,PRIMARY_SESSION,263,1
CDR202600011218,IPDR202600045156,PRIMARY_SESSION,1,1
CDR202600039716,IPDR202600045167,ADDITIONAL_SESSION,-386,1
CDR202600015973,IPDR202600045183,PRIMARY_SESSION,317,1
CDR202600086657,IPDR202600045212,ADDITIONAL_SESSION,-194,1
CDR202600018476,IPDR202600045214,PRIMARY_SESSION,-242,1
CDR202600046781,IPDR202600045243,ADDITIONAL_SESSION,133,1
CDR202600055765,IPDR202600045282,PRIMARY_SESSION,36,1
CDR202600020952,IPDR202600045294,ADDITIONAL_SESSION,29,1
CDR202600073360,IPDR202600045296,PRIMARY_SESSION,-236,1
CDR202600000765,IPDR202600045299,ADDITIONAL_SESSION,-755,1
CDR202600073395,IPDR202600045333,PRIMARY_SESSION,-28,1
CDR202600080027,IPDR202600045344,ADDITIONAL_SESSION,263,1
CDR202600030597,IPDR202600045354,PRIMARY_SESSION,37,1
CDR202600049490,IPDR202600045368,ADDITIONAL_SESSION,33,1
CDR202600069131,IPDR202600045369,PRIMARY_SESSION,39,1
CDR202600051153,IPDR202600045400,PRIMARY_SESSION,130,1
CDR202600033874,IPDR202600045421,ADDITIONAL_SESSION,-367,1
CDR202600009019,IPDR202600045429,ADDITIONAL_SESSION,-30,1
CDR202600015472,IPDR202600045435,PRIMARY_SESSION,-47,1
CDR202600060180,IPDR202600045436,PRIMARY_SESSION,129,1
CDR202600042556,IPDR202600045443,ADDITIONAL_SESSION,-1154,1
CDR202600065597,IPDR202600045475,PRIMARY_SESSION,5,1
CDR202600068819,IPDR202600045477,PRIMARY_SESSION,-85,1
CDR202600048374,IPDR202600045494,PRIMARY_SESSION,513,1
CDR202600026650,IPDR202600045500,PRIMARY_SESSION,-1527,1
CDR202600030813,IPDR202600045530,ADDITIONAL_SESSION,11,1
CDR202600033865,IPDR202600045564,ADDITIONAL_SESSION,-87,1
CDR202600070313,IPDR202600045646,PRIMARY_SESSION,21,1
CDR202600013494,IPDR202600045650,PRIMARY_SESSION,27,1
CDR202600076728,IPDR202600045681,PRIMARY_SESSION,419,1
CDR202600042649,IPDR202600045686,PRIMARY_SESSION,180,1
CDR202600074743,IPDR202600045709,ADDITIONAL_SESSION,-231,1
CDR202600022073,IPDR202600045758,PRIMARY_SESSION,445,1
CDR202600077945,IPDR202600045782,PRIMARY_SESSION,-541,1
CDR202600047433,IPDR202600045802,PRIMARY_SESSION,-7,1
CDR202600067015,IPDR202600045839,ADDITIONAL_SESSION,24,1
CDR202600025962,IPDR202600045847,PRIMARY_SESSION,-280,1
CDR202600090585,IPDR202600045854,PRIMARY_SESSION,851,1
CDR202600010582,IPDR202600045858,PRIMARY_SESSION,-387,1
CDR202600075401,IPDR202600045868,PRIMARY_SESSION,317,1
CDR202600007018,IPDR202600045880,ADDITIONAL_SESSION,-25,1
CDR202600046307,IPDR202600045881,PRIMARY_SESSION,-243,1
CDR202600002139,IPDR202600045932,ADDITIONAL_SESSION,1078,1
CDR202600090033,IPDR202600046023,PRIMARY_SESSION,148,1
CDR202600064289,IPDR202600046078,PRIMARY_SESSION,656,1
CDR202600002162,IPDR202600046119,ADDITIONAL_SESSION,388,1
CDR202600013039,IPDR202600046125,ADDITIONAL_SESSION,20,1
CDR202600078044,IPDR202600046131,ADDITIONAL_SESSION,853,1
CDR202600040777,IPDR202600046157,ADDITIONAL_SESSION,-256,1
CDR202600033462,IPDR202600046163,ADDITIONAL_SESSION,-143,1
CDR202600077656,IPDR202600046182,PRIMARY_SESSION,-1327,1
CDR202600046886,IPDR202600046186,ADDITIONAL_SESSION,49,1
CDR202600089677,IPDR202600046200,ADDITIONAL_SESSION,8,1
CDR202600065663,IPDR202600046225,PRIMARY_SESSION,131,1
CDR202600009791,IPDR202600046228,PRIMARY_SESSION,-193,1
CDR202600073955,IPDR202600046251,PRIMARY_SESSION,116,1
CDR202600016540,IPDR202600046263,PRIMARY_SESSION,-832,1
CDR202600067340,IPDR202600046293,PRIMARY_SESSION,-661,1
CDR202600035573,IPDR202600046297,PRIMARY_SESSION,-397,1
CDR202600073270,IPDR202600046323,ADDITIONAL_SESSION,-272,1
CDR202600014745,IPDR202600046348,PRIMARY_SESSION,-382,1
CDR202600013402,IPDR202600046354,PRIMARY_SESSION,115,1
CDR202600039565,IPDR202600046364,PRIMARY_SESSION,-336,1
CDR202600055192,IPDR202600046387,ADDITIONAL_SESSION,-44,1
CDR202600073694,IPDR202600046404,PRIMARY_SESSION,-124,1
CDR202600085670,IPDR202600046426,ADDITIONAL_SESSION,194,1
CDR202600016975,IPDR202600046428,ADDITIONAL_SESSION,13,1
CDR202600015729,IPDR202600046447,PRIMARY_SESSION,971,1
CDR202600085798,IPDR202600046469,PRIMARY_SESSION,-90,1
CDR202600028393,IPDR202600046478,PRIMARY_SESSION,-926,1
CDR202600081582,IPDR202600046495,PRIMARY_SESSION,241,1
CDR202600052586,IPDR202600046498,ADDITIONAL_SESSION,108,1
CDR202600069772,IPDR202600046529,ADDITIONAL_SESSION,35,1
CDR202600064551,IPDR202600046530,PRIMARY_SESSION,-53,1
CDR202600084446,IPDR202600046538,PRIMARY_SESSION,78,1
CDR202600014761,IPDR202600046539,PRIMARY_SESSION,-233,1
CDR202600019001,IPDR202600046547,ADDITIONAL_SESSION,-1406,1
CDR202600035439,IPDR202600046550,PRIMARY_SESSION,164,1
CDR202600068527,IPDR202600046577,PRIMARY_SESSION,-162,1
CDR202600014519,IPDR202600046582,PRIMARY_SESSION,-499,1
CDR202600000064,IPDR202600046629,PRIMARY_SESSION,-265,1
CDR202600050684,IPDR202600046692,PRIMARY_SESSION,-5,1
CDR202600044571,IPDR202600046750,ADDITIONAL_SESSION,-99,1
CDR202600043399,IPDR202600046768,ADDITIONAL_SESSION,500,1
CDR202600024406,IPDR202600046805,ADDITIONAL_SESSION,-1067,1
CDR202600038241,IPDR202600046814,PRIMARY_SESSION,-58,1
CDR202600009338,IPDR202600046834,ADDITIONAL_SESSION,-201,1
CDR202600061242,IPDR202600046842,ADDITIONAL_SESSION,-280,1
CDR202600050754,IPDR202600046856,PRIMARY_SESSION,626,1
CDR202600048100,IPDR202600046985,ADDITIONAL_SESSION,-26,1
CDR202600077072,IPDR202600047000,ADDITIONAL_SESSION,-2,1
CDR202600022148,IPDR202600047029,PRIMARY_SESSION,-386,1
CDR202600002215,IPDR202600047070,PRIMARY_SESSION,224,1
CDR202600003894,IPDR202600047082,ADDITIONAL_SESSION,547,1
CDR202600081059,IPDR202600047084,PRIMARY_SESSION,399,1
CDR202600073920,IPDR202600047114,ADDITIONAL_SESSION,-24,1
CDR202600030093,IPDR202600047133,PRIMARY_SESSION,-1174,1
CDR202600080789,IPDR202600047140,PRIMARY_SESSION,5,1
CDR202600003484,IPDR202600047166,ADDITIONAL_SESSION,700,1
CDR202600088864,IPDR202600047218,ADDITIONAL_SESSION,425,1
CDR202600037348,IPDR202600047257,PRIMARY_SESSION,-53,1
CDR202600022766,IPDR202600047294,PRIMARY_SESSION,-577,1
CDR202600072402,IPDR202600047311,PRIMARY_SESSION,463,1
CDR202600012731,IPDR202600047328,PRIMARY_SESSION,60,1
CDR202600045802,IPDR202600047376,ADDITIONAL_SESSION,-33,1
CDR202600018380,IPDR202600047394,ADDITIONAL_SESSION,-232,1
CDR202600027103,IPDR202600047396,PRIMARY_SESSION,-739,1
CDR202600025817,IPDR202600047408,PRIMARY_SESSION,-276,1
CDR202600064175,IPDR202600047409,PRIMARY_SESSION,-158,1
CDR202600003737,IPDR202600047449,PRIMARY_SESSION,48,1
CDR202600061877,IPDR202600047466,PRIMARY_SESSION,1360,1
CDR202600064188,IPDR202600047474,ADDITIONAL_SESSION,-170,1
CDR202600066713,IPDR202600047481,PRIMARY_SESSION,-20,1
CDR202600077884,IPDR202600047482,ADDITIONAL_SESSION,-237,1
CDR202600011523,IPDR202600047491,PRIMARY_SESSION,4,1
CDR202600052285,IPDR202600047504,PRIMARY_SESSION,571,1
CDR202600040554,IPDR202600047550,PRIMARY_SESSION,-169,1
CDR202600077963,IPDR202600047552,PRIMARY_SESSION,-49,1
CDR202600004020,IPDR202600047554,PRIMARY_SESSION,-125,1
CDR202600000028,IPDR202600047578,PRIMARY_SESSION,1704,1
CDR202600045802,IPDR202600047589,ADDITIONAL_SESSION,-659,1
CDR202600015783,IPDR202600047606,PRIMARY_SESSION,-105,1
CDR202600034632,IPDR202600047622,PRIMARY_SESSION,492,1
CDR202600072576,IPDR202600047624,PRIMARY_SESSION,635,1
CDR202600079567,IPDR202600047628,PRIMARY_SESSION,57,1
CDR202600019514,IPDR202600047639,PRIMARY_SESSION,-38,1
CDR202600013460,IPDR202600047645,ADDITIONAL_SESSION,-439,1
CDR202600071851,IPDR202600047694,ADDITIONAL_SESSION,1,1
CDR202600047722,IPDR202600047712,PRIMARY_SESSION,104,1
CDR202600063383,IPDR202600047718,PRIMARY_SESSION,-521,1
CDR202600079565,IPDR202600047754,PRIMARY_SESSION,601,1
CDR202600018593,IPDR202600047760,PRIMARY_SESSION,234,1
CDR202600021413,IPDR202600047814,PRIMARY_SESSION,1617,1
CDR202600039744,IPDR202600047834,ADDITIONAL_SESSION,-932,1
CDR202600064379,IPDR202600047840,ADDITIONAL_SESSION,52,1
CDR202600000100,IPDR202600047870,ADDITIONAL_SESSION,50,1
CDR202600063378,IPDR202600047904,ADDITIONAL_SESSION,564,1
CDR202600010691,IPDR202600047917,PRIMARY_SESSION,163,1
CDR202600086564,IPDR202600047934,PRIMARY_SESSION,-343,1
CDR202600008967,IPDR202600047958,ADDITIONAL_SESSION,-866,1
CDR202600028894,IPDR202600048020,PRIMARY_SESSION,-201,1
CDR202600002203,IPDR202600048021,PRIMARY_SESSION,-83,1
CDR202600001433,IPDR202600048032,ADDITIONAL_SESSION,446,1
CDR202600026760,IPDR202600048050,ADDITIONAL_SESSION,17,1
CDR202600017674,IPDR202600048069,PRIMARY_SESSION,212,1
CDR202600051847,IPDR202600048098,PRIMARY_SESSION,-10,1
CDR202600042725,IPDR202600048108,PRIMARY_SESSION,-29,1
CDR202600045769,IPDR202600048109,ADDITIONAL_SESSION,36,1
CDR202600013464,IPDR202600048140,PRIMARY_SESSION,-1,1
CDR202600069428,IPDR202600048151,ADDITIONAL_SESSION,-517,1
CDR202600045656,IPDR202600048169,PRIMARY_SESSION,37,1
CDR202600068568,IPDR202600048184,ADDITIONAL_SESSION,-50,1
CDR202600020267,IPDR202600048227,PRIMARY_SESSION,-97,1
CDR202600051565,IPDR202600048234,PRIMARY_SESSION,-32,1
CDR202600016428,IPDR202600048240,PRIMARY_SESSION,-32,1
CDR202600003222,IPDR202600048244,PRIMARY_SESSION,-122,1
CDR202600069486,IPDR202600048263,ADDITIONAL_SESSION,-55,1
CDR202600027206,IPDR202600048267,PRIMARY_SESSION,26,1
CDR202600006218,IPDR202600048327,PRIMARY_SESSION,-136,1
CDR202600080159,IPDR202600048328,PRIMARY_SESSION,453,1
CDR202600040416,IPDR202600048345,PRIMARY_SESSION,-243,1
CDR202600052648,IPDR202600048401,ADDITIONAL_SESSION,-47,1
CDR202600045928,IPDR202600048424,ADDITIONAL_SESSION,38,1
CDR202600052464,IPDR202600048441,ADDITIONAL_SESSION,-413,1
CDR202600053180,IPDR202600048470,ADDITIONAL_SESSION,-826,1
CDR202600001505,IPDR202600048492,PRIMARY_SESSION,16,1
CDR202600082246,IPDR202600048499,PRIMARY_SESSION,-1316,1
CDR202600001977,IPDR202600048583,PRIMARY_SESSION,163,1
CDR202600056811,IPDR202600048665,PRIMARY_SESSION,-18,1
CDR202600052240,IPDR202600048735,ADDITIONAL_SESSION,232,1
CDR202600082476,IPDR202600048741,PRIMARY_SESSION,-14,1
CDR202600001816,IPDR202600048775,ADDITIONAL_SESSION,-272,1
CDR202600048075,IPDR202600048865,PRIMARY_SESSION,-157,1
CDR202600049504,IPDR202600048880,PRIMARY_SESSION,41,1
CDR202600031357,IPDR202600048966,PRIMARY_SESSION,88,1
CDR202600049021,IPDR202600048975,ADDITIONAL_SESSION,17,1
CDR202600045092,IPDR202600049047,ADDITIONAL_SESSION,-696,1
CDR202600084555,IPDR202600049048,PRIMARY_SESSION,842,1
CDR202600005552,IPDR202600049066,PRIMARY_SESSION,-38,1
CDR202600064188,IPDR202600049068,ADDITIONAL_SESSION,125,1
CDR202600060597,IPDR202600049097,PRIMARY_SESSION,24,1
CDR202600040777,IPDR202600049107,PRIMARY_SESSION,459,1
CDR202600033127,IPDR202600049140,PRIMARY_SESSION,-60,1
CDR202600083365,IPDR202600049167,PRIMARY_SESSION,-56,1
CDR202600075426,IPDR202600049168,PRIMARY_SESSION,-167,1
CDR202600066997,IPDR202600049187,ADDITIONAL_SESSION,1418,1
CDR202600012791,IPDR202600049213,PRIMARY_SESSION,-832,1
CDR202600051399,IPDR202600049241,ADDITIONAL_SESSION,132,1
CDR202600035536,IPDR202600049291,ADDITIONAL_SESSION,1265,1
CDR202600051394,IPDR202600049299,PRIMARY_SESSION,29,1
CDR202600088917,IPDR202600049302,ADDITIONAL_SESSION,300,1
CDR202600059479,IPDR202600049392,PRIMARY_SESSION,-26,1
CDR202600067118,IPDR202600049399,ADDITIONAL_SESSION,184,1
CDR202600080730,IPDR202600049402,ADDITIONAL_SESSION,-212,1
CDR202600080071,IPDR202600049439,ADDITIONAL_SESSION,-842,1
CDR202600076897,IPDR202600049452,PRIMARY_SESSION,41,1
CDR202600018883,IPDR202600049464,PRIMARY_SESSION,-228,1
CDR202600015052,IPDR202600049479,ADDITIONAL_SESSION,-25,1
CDR202600011331,IPDR202600049497,PRIMARY_SESSION,-66,1
CDR202600071616,IPDR202600049503,PRIMARY_SESSION,541,1
CDR202600009238,IPDR202600049524,ADDITIONAL_SESSION,-792,1
CDR202600029773,IPDR202600049546,ADDITIONAL_SESSION,-702,1
CDR202600089020,IPDR202600049557,PRIMARY_SESSION,186,1
CDR202600049375,IPDR202600049582,PRIMARY_SESSION,34,1
CDR202600075915,IPDR202600049586,PRIMARY_SESSION,209,1
CDR202600051847,IPDR202600049590,ADDITIONAL_SESSION,-221,1
CDR202600036383,IPDR202600049632,ADDITIONAL_SESSION,20,1
CDR202600007970,IPDR202600049652,PRIMARY_SESSION,110,1
CDR202600007061,IPDR202600049665,PRIMARY_SESSION,-1701,1
CDR202600006266,IPDR202600049672,PRIMARY_SESSION,229,1
CDR202600028561,IPDR202600049675,PRIMARY_SESSION,-59,1
CDR202600009478,IPDR202600049689,ADDITIONAL_SESSION,11,1
CDR202600081479,IPDR202600049720,ADDITIONAL_SESSION,806,1
CDR202600008746,IPDR202600049751,PRIMARY_SESSION,576,1
CDR202600037179,IPDR202600049815,PRIMARY_SESSION,16,1
CDR202600027994,IPDR202600049819,PRIMARY_SESSION,71,1
CDR202600003599,IPDR202600049826,PRIMARY_SESSION,459,1
CDR202600062862,IPDR202600049827,PRIMARY_SESSION,-10,1
CDR202600023958,IPDR202600049828,ADDITIONAL_SESSION,-1202,1
CDR202600082500,IPDR202600049833,PRIMARY_SESSION,-213,1
CDR202600019441,IPDR202600049838,PRIMARY_SESSION,190,1
CDR202600069656,IPDR202600049848,ADDITIONAL_SESSION,-6,1
CDR202600009333,IPDR202600049865,PRIMARY_SESSION,-282,1
CDR202600035688,IPDR202600049868,PRIMARY_SESSION,483,1
CDR202600042162,IPDR202600049908,PRIMARY_SESSION,-132,1
CDR202600010331,IPDR202600050007,PRIMARY_SESSION,10,1
CDR202600047708,IPDR202600050017,PRIMARY_SESSION,50,1
CDR202600055804,IPDR202600050024,PRIMARY_SESSION,-421,1
CDR202600014656,IPDR202600050049,PRIMARY_SESSION,-57,1
CDR202600081790,IPDR202600050066,ADDITIONAL_SESSION,43,1
CDR202600009815,IPDR202600050071,PRIMARY_SESSION,-49,1
CDR202600054205,IPDR202600050092,ADDITIONAL_SESSION,1775,1
CDR202600012828,IPDR202600050097,PRIMARY_SESSION,-52,1
CDR202600062011,IPDR202600050174,PRIMARY_SESSION,-8,1
CDR202600054246,IPDR202600050217,PRIMARY_SESSION,-889,1
CDR202600076691,IPDR202600050218,PRIMARY_SESSION,-91,1
CDR202600060413,IPDR202600050221,PRIMARY_SESSION,-157,1
CDR202600081792,IPDR202600050282,PRIMARY_SESSION,17,1
CDR202600062862,IPDR202600050299,ADDITIONAL_SESSION,49,1
CDR202600080493,IPDR202600050305,PRIMARY_SESSION,-6,1
CDR202600018852,IPDR202600050326,PRIMARY_SESSION,809,1
CDR202600019269,IPDR202600050335,ADDITIONAL_SESSION,-1368,1
CDR202600037724,IPDR202600050347,PRIMARY_SESSION,204,1
CDR202600076304,IPDR202600050379,ADDITIONAL_SESSION,-533,1
CDR202600016983,IPDR202600050385,PRIMARY_SESSION,1004,1
CDR202600009376,IPDR202600050386,PRIMARY_SESSION,120,1
CDR202600023994,IPDR202600050393,PRIMARY_SESSION,-1782,1
CDR202600064566,IPDR202600050395,PRIMARY_SESSION,180,1
CDR202600023079,IPDR202600050402,ADDITIONAL_SESSION,15,1
CDR202600009448,IPDR202600050440,ADDITIONAL_SESSION,-27,1
CDR202600089632,IPDR202600050441,PRIMARY_SESSION,81,1
CDR202600033149,IPDR202600050469,PRIMARY_SESSION,42,1
CDR202600064350,IPDR202600050470,PRIMARY_SESSION,41,1
CDR202600020280,IPDR202600050480,PRIMARY_SESSION,183,1
CDR202600084461,IPDR202600050498,ADDITIONAL_SESSION,1589,1
CDR202600047488,IPDR202600050510,ADDITIONAL_SESSION,264,1
CDR202600012524,IPDR202600050528,PRIMARY_SESSION,-142,1
CDR202600080364,IPDR202600050534,PRIMARY_SESSION,59,1
CDR202600086156,IPDR202600050541,ADDITIONAL_SESSION,689,1
CDR202600060831,IPDR202600050551,PRIMARY_SESSION,-22,1
CDR202600077454,IPDR202600050552,PRIMARY_SESSION,1015,1
CDR202600015025,IPDR202600050564,PRIMARY_SESSION,-50,1
CDR202600057667,IPDR202600050598,ADDITIONAL_SESSION,50,1
CDR202600079875,IPDR202600050600,ADDITIONAL_SESSION,-1543,1
CDR202600023658,IPDR202600050651,PRIMARY_SESSION,20,1
CDR202600009967,IPDR202600050675,PRIMARY_SESSION,11,1
CDR202600072950,IPDR202600050676,PRIMARY_SESSION,236,1
CDR202600075080,IPDR202600050681,PRIMARY_SESSION,505,1
CDR202600056073,IPDR202600050749,ADDITIONAL_SESSION,-589,1
CDR202600075773,IPDR202600050793,PRIMARY_SESSION,225,1
CDR202600042539,IPDR202600050806,ADDITIONAL_SESSION,-214,1
CDR202600057924,IPDR202600050813,PRIMARY_SESSION,-1140,1
CDR202600073979,IPDR202600050831,PRIMARY_SESSION,866,1
CDR202600062127,IPDR202600050840,ADDITIONAL_SESSION,47,1
CDR202600020094,IPDR202600050844,ADDITIONAL_SESSION,-477,1
CDR202600080745,IPDR202600050852,ADDITIONAL_SESSION,5,1
CDR202600077409,IPDR202600050861,ADDITIONAL_SESSION,501,1
CDR202600069309,IPDR202600050890,PRIMARY_SESSION,-30,1
CDR202600077595,IPDR202600050914,PRIMARY_SESSION,-1733,1
CDR202600014811,IPDR202600050942,PRIMARY_SESSION,64,1
CDR202600026097,IPDR202600050952,ADDITIONAL_SESSION,405,1
CDR202600074164,IPDR202600051008,PRIMARY_SESSION,-250,1
CDR202600022004,IPDR202600051017,PRIMARY_SESSION,-287,1
CDR202600083636,IPDR202600051022,ADDITIONAL_SESSION,70,1
CDR202600059274,IPDR202600051033,PRIMARY_SESSION,288,1
CDR202600045360,IPDR202600051094,PRIMARY_SESSION,-104,1
CDR202600050038,IPDR202600051148,PRIMARY_SESSION,42,1
CDR202600032102,IPDR202600051167,ADDITIONAL_SESSION,-55,1
CDR202600085964,IPDR202600051173,PRIMARY_SESSION,712,1
CDR202600034913,IPDR202600051175,PRIMARY_SESSION,-728,1
CDR202600059959,IPDR202600051191,ADDITIONAL_SESSION,-22,1
CDR202600020706,IPDR202600051197,PRIMARY_SESSION,-292,1
CDR202600006221,IPDR202600051245,PRIMARY_SESSION,855,1
CDR202600044746,IPDR202600051254,PRIMARY_SESSION,97,1
CDR202600011136,IPDR202600051297,ADDITIONAL_SESSION,772,1
CDR202600063167,IPDR202600051311,PRIMARY_SESSION,-528,1
CDR202600078906,IPDR202600051356,ADDITIONAL_SESSION,-182,1
CDR202600079016,IPDR202600051366,PRIMARY_SESSION,118,1
CDR202600032047,IPDR202600051367,ADDITIONAL_SESSION,-234,1
CDR202600046412,IPDR202600051378,ADDITIONAL_SESSION,40,1
CDR202600061977,IPDR202600051384,PRIMARY_SESSION,-218,1
CDR202600059410,IPDR202600051386,PRIMARY_SESSION,-745,1
CDR202600033149,IPDR202600051391,ADDITIONAL_SESSION,28,1
CDR202600052103,IPDR202600051406,PRIMARY_SESSION,-49,1
CDR202600019327,IPDR202600051414,ADDITIONAL_SESSION,305,1
CDR202600009006,IPDR202600051431,ADDITIONAL_SESSION,15,1
CDR202600022392,IPDR202600051432,PRIMARY_SESSION,-243,1
CDR202600001403,IPDR202600051483,PRIMARY_SESSION,583,1
CDR202600050278,IPDR202600051518,PRIMARY_SESSION,-1204,1
CDR202600037348,IPDR202600051519,ADDITIONAL_SESSION,1729,1
CDR202600022762,IPDR202600051531,PRIMARY_SESSION,263,1
CDR202600089950,IPDR202600051563,PRIMARY_SESSION,-187,1
CDR202600034923,IPDR202600051580,PRIMARY_SESSION,719,1
CDR202600084897,IPDR202600051582,ADDITIONAL_SESSION,982,1
CDR202600061380,IPDR202600051585,PRIMARY_SESSION,-34,1
CDR202600057008,IPDR202600051626,PRIMARY_SESSION,-759,1
CDR202600085606,IPDR202600051679,PRIMARY_SESSION,852,1
CDR202600074927,IPDR202600051686,ADDITIONAL_SESSION,1253,1
CDR202600033753,IPDR202600051699,PRIMARY_SESSION,104,1
CDR202600005296,IPDR202600051727,ADDITIONAL_SESSION,262,1
CDR202600012095,IPDR202600051732,PRIMARY_SESSION,230,1
CDR202600006651,IPDR202600051738,PRIMARY_SESSION,-532,1
CDR202600045673,IPDR202600051756,PRIMARY_SESSION,-93,1
CDR202600050898,IPDR202600051772,PRIMARY_SESSION,52,1
CDR202600044297,IPDR202600051818,PRIMARY_SESSION,722,1
CDR202600073934,IPDR202600051868,PRIMARY_SESSION,1475,1
CDR202600082661,IPDR202600051883,PRIMARY_SESSION,-475,1
CDR202600040845,IPDR202600051887,PRIMARY_SESSION,-17,1
CDR202600022637,IPDR202600051920,PRIMARY_SESSION,-1093,1
CDR202600009189,IPDR202600051927,PRIMARY_SESSION,-43,1
CDR202600021366,IPDR202600051975,PRIMARY_SESSION,-672,1
CDR202600070405,IPDR202600051988,PRIMARY_SESSION,137,1
CDR202600057290,IPDR202600052000,ADDITIONAL_SESSION,48,1
CDR202600085319,IPDR202600052017,PRIMARY_SESSION,-534,1
CDR202600084046,IPDR202600052056,PRIMARY_SESSION,-23,1
CDR202600061677,IPDR202600052060,PRIMARY_SESSION,349,1
CDR202600044995,IPDR202600052075,ADDITIONAL_SESSION,-17,1
CDR202600021283,IPDR202600052087,PRIMARY_SESSION,18,1
CDR202600028409,IPDR202600052109,PRIMARY_SESSION,544,1
CDR202600079875,IPDR202600052171,PRIMARY_SESSION,-874,1
CDR202600000399,IPDR202600052173,PRIMARY_SESSION,-250,1
CDR202600082321,IPDR202600052175,PRIMARY_SESSION,608,1
CDR202600082618,IPDR202600052180,PRIMARY_SESSION,-78,1
CDR202600035846,IPDR202600052218,PRIMARY_SESSION,-96,1
CDR202600054658,IPDR202600052219,PRIMARY_SESSION,829,1
CDR202600064869,IPDR202600052225,ADDITIONAL_SESSION,23,1
CDR202600039483,IPDR202600052240,PRIMARY_SESSION,-714,1
CDR202600061194,IPDR202600052259,PRIMARY_SESSION,-1654,1
CDR202600068986,IPDR202600052267,PRIMARY_SESSION,281,1
CDR202600084813,IPDR202600052291,PRIMARY_SESSION,-432,1
CDR202600005120,IPDR202600052313,PRIMARY_SESSION,662,1
CDR202600052120,IPDR202600052373,PRIMARY_SESSION,24,1
CDR202600078423,IPDR202600052400,PRIMARY_SESSION,-38,1
CDR202600060992,IPDR202600052410,ADDITIONAL_SESSION,23,1
CDR202600074249,IPDR202600052484,ADDITIONAL_SESSION,-91,1
CDR202600088412,IPDR202600052534,ADDITIONAL_SESSION,-397,1
CDR202600071111,IPDR202600052549,ADDITIONAL_SESSION,1,1
CDR202600008777,IPDR202600052551,PRIMARY_SESSION,-355,1
CDR202600063097,IPDR202600052573,PRIMARY_SESSION,-833,1
CDR202600003001,IPDR202600052623,ADDITIONAL_SESSION,-500,1
CDR202600081027,IPDR202600052633,ADDITIONAL_SESSION,-46,1
CDR202600019869,IPDR202600052719,PRIMARY_SESSION,55,1
CDR202600076010,IPDR202600052721,ADDITIONAL_SESSION,289,1
CDR202600004317,IPDR202600052758,ADDITIONAL_SESSION,-133,1
CDR202600076446,IPDR202600052801,ADDITIONAL_SESSION,-49,1
CDR202600001087,IPDR202600052805,ADDITIONAL_SESSION,1,1
CDR202600041610,IPDR202600052886,PRIMARY_SESSION,32,1
CDR202600060757,IPDR202600052889,PRIMARY_SESSION,1773,1
CDR202600021394,IPDR202600052891,ADDITIONAL_SESSION,-50,1
CDR202600005922,IPDR202600052892,PRIMARY_SESSION,1388,1
CDR202600066030,IPDR202600052908,PRIMARY_SESSION,29,1
CDR202600040261,IPDR202600052954,PRIMARY_SESSION,-107,1
CDR202600080448,IPDR202600052970,ADDITIONAL_SESSION,59,1
CDR202600050102,IPDR202600052990,PRIMARY_SESSION,-399,1
CDR202600079321,IPDR202600053074,PRIMARY_SESSION,9,1
CDR202600009006,IPDR202600053075,ADDITIONAL_SESSION,8,1
CDR202600090996,IPDR202600053099,PRIMARY_SESSION,-21,1
CDR202600090418,IPDR202600053112,PRIMARY_SESSION,-134,1
CDR202600086134,IPDR202600053118,PRIMARY_SESSION,251,1
CDR202600078356,IPDR202600053130,ADDITIONAL_SESSION,-249,1
CDR202600074945,IPDR202600053138,ADDITIONAL_SESSION,504,1
CDR202600034987,IPDR202600053141,PRIMARY_SESSION,40,1
CDR202600019349,IPDR202600053184,ADDITIONAL_SESSION,-127,1
CDR202600031424,IPDR202600053189,PRIMARY_SESSION,-938,1
CDR202600017575,IPDR202600053190,PRIMARY_SESSION,169,1
CDR202600027395,IPDR202600053274,PRIMARY_SESSION,-314,1
CDR202600010225,IPDR202600053294,PRIMARY_SESSION,-634,1
CDR202600055584,IPDR202600053314,ADDITIONAL_SESSION,-238,1
CDR202600032438,IPDR202600053341,PRIMARY_SESSION,595,1
CDR202600006258,IPDR202600053363,PRIMARY_SESSION,59,1
CDR202600031897,IPDR202600053368,PRIMARY_SESSION,261,1
CDR202600024682,IPDR202600053370,ADDITIONAL_SESSION,-234,1
CDR202600089206,IPDR202600053373,ADDITIONAL_SESSION,2,1
CDR202600081655,IPDR202600053390,ADDITIONAL_SESSION,834,1
CDR202600015854,IPDR202600053395,PRIMARY_SESSION,-1552,1
CDR202600086963,IPDR202600053397,PRIMARY_SESSION,54,1
CDR202600089744,IPDR202600053437,PRIMARY_SESSION,259,1
CDR202600003497,IPDR202600053505,PRIMARY_SESSION,570,1
CDR202600016763,IPDR202600053516,ADDITIONAL_SESSION,25,1
CDR202600052170,IPDR202600053517,ADDITIONAL_SESSION,48,1
CDR202600006077,IPDR202600053533,PRIMARY_SESSION,-1675,1
CDR202600018306,IPDR202600053539,ADDITIONAL_SESSION,204,1
CDR202600005435,IPDR202600053570,ADDITIONAL_SESSION,-12,1
CDR202600042975,IPDR202600053575,PRIMARY_SESSION,5,1
CDR202600035037,IPDR202600053583,PRIMARY_SESSION,47,1
CDR202600041975,IPDR202600053608,ADDITIONAL_SESSION,-531,1
CDR202600051470,IPDR202600053617,ADDITIONAL_SESSION,1521,1
CDR202600049446,IPDR202600053625,PRIMARY_SESSION,173,1
CDR202600038840,IPDR202600053630,PRIMARY_SESSION,-196,1
CDR202600077969,IPDR202600053644,ADDITIONAL_SESSION,-78,1
CDR202600089638,IPDR202600053670,PRIMARY_SESSION,-327,1
CDR202600059522,IPDR202600053696,PRIMARY_SESSION,-144,1
CDR202600089327,IPDR202600053744,PRIMARY_SESSION,-48,1
CDR202600015854,IPDR202600053772,ADDITIONAL_SESSION,-714,1
CDR202600064873,IPDR202600053801,PRIMARY_SESSION,-167,1
CDR202600053190,IPDR202600053828,PRIMARY_SESSION,-142,1
CDR202600081073,IPDR202600053839,PRIMARY_SESSION,742,1
CDR202600033462,IPDR202600053893,ADDITIONAL_SESSION,-219,1
CDR202600010619,IPDR202600053899,PRIMARY_SESSION,-205,1
CDR202600067395,IPDR202600053902,PRIMARY_SESSION,112,1
CDR202600018498,IPDR202600053935,PRIMARY_SESSION,234,1
CDR202600022690,IPDR202600053942,ADDITIONAL_SESSION,-37,1
CDR202600001259,IPDR202600053959,PRIMARY_SESSION,-17,1
CDR202600066692,IPDR202600054004,PRIMARY_SESSION,154,1
CDR202600087744,IPDR202600054010,PRIMARY_SESSION,-65,1
CDR202600024706,IPDR202600054028,ADDITIONAL_SESSION,-1600,1
CDR202600088634,IPDR202600054029,PRIMARY_SESSION,-100,1
CDR202600000054,IPDR202600054044,ADDITIONAL_SESSION,-880,1
CDR202600077989,IPDR202600054055,PRIMARY_SESSION,-8,1
CDR202600019119,IPDR202600054063,PRIMARY_SESSION,-662,1
CDR202600087383,IPDR202600054065,ADDITIONAL_SESSION,52,1
CDR202600030078,IPDR202600054088,PRIMARY_SESSION,-796,1
CDR202600062283,IPDR202600054095,ADDITIONAL_SESSION,373,1
CDR202600016983,IPDR202600054099,ADDITIONAL_SESSION,-1012,1
CDR202600072726,IPDR202600054109,PRIMARY_SESSION,206,1
CDR202600024472,IPDR202600054122,PRIMARY_SESSION,1220,1
CDR202600072227,IPDR202600054143,PRIMARY_SESSION,-646,1
CDR202600065027,IPDR202600054155,PRIMARY_SESSION,372,1
CDR202600017083,IPDR202600054169,PRIMARY_SESSION,35,1
CDR202600054219,IPDR202600054200,PRIMARY_SESSION,-1575,1
CDR202600057600,IPDR202600054239,ADDITIONAL_SESSION,-156,1
CDR202600036944,IPDR202600054241,PRIMARY_SESSION,-18,1
CDR202600052535,IPDR202600054246,PRIMARY_SESSION,-200,1
CDR202600018887,IPDR202600054247,PRIMARY_SESSION,31,1
CDR202600071140,IPDR202600054306,PRIMARY_SESSION,-15,1
CDR202600059650,IPDR202600054311,PRIMARY_SESSION,-96,1
CDR202600018380,IPDR202600054321,ADDITIONAL_SESSION,11,1
CDR202600000482,IPDR202600054329,PRIMARY_SESSION,-62,1
CDR202600001702,IPDR202600054335,ADDITIONAL_SESSION,58,1
CDR202600004795,IPDR202600054364,ADDITIONAL_SESSION,46,1
CDR202600025940,IPDR202600054387,PRIMARY_SESSION,-462,1
CDR202600079487,IPDR202600054450,PRIMARY_SESSION,-744,1
CDR202600067423,IPDR202600054453,PRIMARY_SESSION,667,1
CDR202600061965,IPDR202600054463,PRIMARY_SESSION,867,1
CDR202600004377,IPDR202600054478,PRIMARY_SESSION,65,1
CDR202600015205,IPDR202600054480,PRIMARY_SESSION,-574,1
CDR202600044641,IPDR202600054504,ADDITIONAL_SESSION,-66,1
CDR202600059992,IPDR202600054539,PRIMARY_SESSION,201,1
CDR202600088923,IPDR202600054559,PRIMARY_SESSION,1666,1
CDR202600088349,IPDR202600054564,PRIMARY_SESSION,49,1
CDR202600080072,IPDR202600054571,PRIMARY_SESSION,-289,1
CDR202600007872,IPDR202600054592,PRIMARY_SESSION,726,1
CDR202600021620,IPDR202600054616,PRIMARY_SESSION,22,1
CDR202600025390,IPDR202600054629,PRIMARY_SESSION,361,1
CDR202600002278,IPDR202600054633,PRIMARY_SESSION,-49,1
CDR202600057675,IPDR202600054668,PRIMARY_SESSION,-714,1
CDR202600069497,IPDR202600054700,PRIMARY_SESSION,-654,1
CDR202600028673,IPDR202600054713,ADDITIONAL_SESSION,1254,1
CDR202600048100,IPDR202600054739,ADDITIONAL_SESSION,-863,1
CDR202600033560,IPDR202600054788,PRIMARY_SESSION,38,1
CDR202600008028,IPDR202600054813,PRIMARY_SESSION,-56,1
CDR202600004037,IPDR202600054831,PRIMARY_SESSION,26,1
CDR202600063987,IPDR202600054840,ADDITIONAL_SESSION,-57,1
CDR202600063422,IPDR202600054847,ADDITIONAL_SESSION,31,1
CDR202600034991,IPDR202600054899,ADDITIONAL_SESSION,147,1
CDR202600034074,IPDR202600054918,PRIMARY_SESSION,648,1
CDR202600052479,IPDR202600054935,PRIMARY_SESSION,-1647,1
CDR202600072656,IPDR202600054957,PRIMARY_SESSION,-32,1
CDR202600052719,IPDR202600055014,PRIMARY_SESSION,-694,1
CDR202600000520,IPDR202600055041,ADDITIONAL_SESSION,277,1
CDR202600017734,IPDR202600055047,PRIMARY_SESSION,120,1
CDR202600023306,IPDR202600055053,ADDITIONAL_SESSION,-20,1
CDR202600056353,IPDR202600055058,PRIMARY_SESSION,-407,1
CDR202600086926,IPDR202600055067,PRIMARY_SESSION,461,1
CDR202600015723,IPDR202600055074,ADDITIONAL_SESSION,184,1
CDR202600083586,IPDR202600055104,ADDITIONAL_SESSION,-231,1
CDR202600002010,IPDR202600055109,ADDITIONAL_SESSION,-445,1
CDR202600065831,IPDR202600055118,ADDITIONAL_SESSION,695,1
CDR202600000612,IPDR202600055149,ADDITIONAL_SESSION,-28,1
CDR202600013767,IPDR202600055188,PRIMARY_SESSION,1427,1
CDR202600072574,IPDR202600055222,ADDITIONAL_SESSION,165,1
CDR202600036372,IPDR202600055249,ADDITIONAL_SESSION,-161,1
CDR202600034903,IPDR202600055254,PRIMARY_SESSION,-192,1
CDR202600016847,IPDR202600055261,ADDITIONAL_SESSION,51,1
CDR202600062306,IPDR202600055265,PRIMARY_SESSION,-169,1
CDR202600066090,IPDR202600055282,ADDITIONAL_SESSION,309,1
CDR202600007250,IPDR202600055299,PRIMARY_SESSION,-75,1
CDR202600086564,IPDR202600055348,ADDITIONAL_SESSION,244,1
CDR202600001588,IPDR202600055392,PRIMARY_SESSION,-214,1
CDR202600020246,IPDR202600055393,PRIMARY_SESSION,-333,1
CDR202600042123,IPDR202600055398,ADDITIONAL_SESSION,-19,1
CDR202600059684,IPDR202600055446,ADDITIONAL_SESSION,-169,1
CDR202600044694,IPDR202600055517,PRIMARY_SESSION,24,1
CDR202600009172,IPDR202600055518,ADDITIONAL_SESSION,-12,1
CDR202600072557,IPDR202600055533,PRIMARY_SESSION,-436,1
CDR202600051745,IPDR202600055536,PRIMARY_SESSION,276,1
CDR202600067850,IPDR202600055545,ADDITIONAL_SESSION,75,1
CDR202600088862,IPDR202600055564,PRIMARY_SESSION,223,1
CDR202600022218,IPDR202600055578,PRIMARY_SESSION,171,1
CDR202600034188,IPDR202600055592,PRIMARY_SESSION,60,1
CDR202600060080,IPDR202600055595,PRIMARY_SESSION,204,1
CDR202600067435,IPDR202600055635,PRIMARY_SESSION,52,1
CDR202600081027,IPDR202600055637,PRIMARY_SESSION,256,1
CDR202600079434,IPDR202600055646,ADDITIONAL_SESSION,-31,1
CDR202600031488,IPDR202600055666,ADDITIONAL_SESSION,-425,1
CDR202600083944,IPDR202600055678,ADDITIONAL_SESSION,368,1
CDR202600056630,IPDR202600055689,PRIMARY_SESSION,39,1
CDR202600081479,IPDR202600055697,PRIMARY_SESSION,-1138,1
CDR202600013120,IPDR202600055705,ADDITIONAL_SESSION,58,1
CDR202600013007,IPDR202600055707,ADDITIONAL_SESSION,-692,1
CDR202600040361,IPDR202600055714,ADDITIONAL_SESSION,279,1
CDR202600018694,IPDR202600055719,PRIMARY_SESSION,202,1
CDR202600062313,IPDR202600055721,PRIMARY_SESSION,246,1
CDR202600090023,IPDR202600055758,PRIMARY_SESSION,-779,1
CDR202600023591,IPDR202600055787,PRIMARY_SESSION,-861,1
CDR202600042622,IPDR202600055821,ADDITIONAL_SESSION,-24,1
CDR202600044126,IPDR202600055838,PRIMARY_SESSION,637,1
CDR202600061249,IPDR202600055848,PRIMARY_SESSION,-481,1
CDR202600029881,IPDR202600055899,PRIMARY_SESSION,-668,1
CDR202600007251,IPDR202600055942,ADDITIONAL_SESSION,-47,1
CDR202600074398,IPDR202600055953,ADDITIONAL_SESSION,113,1
CDR202600056353,IPDR202600055967,ADDITIONAL_SESSION,681,1
CDR202600029767,IPDR202600055975,PRIMARY_SESSION,824,1
CDR202600056663,IPDR202600055983,ADDITIONAL_SESSION,-26,1
CDR202600046926,IPDR202600055996,PRIMARY_SESSION,-50,1
CDR202600088847,IPDR202600056018,ADDITIONAL_SESSION,129,1
CDR202600067416,IPDR202600056020,PRIMARY_SESSION,-21,1
CDR202600078878,IPDR202600056042,ADDITIONAL_SESSION,31,1
CDR202600078878,IPDR202600056102,PRIMARY_SESSION,-4,1
CDR202600059177,IPDR202600056109,ADDITIONAL_SESSION,31,1
CDR202600089297,IPDR202600056113,ADDITIONAL_SESSION,1045,1
CDR202600080130,IPDR202600056120,ADDITIONAL_SESSION,205,1
CDR202600089334,IPDR202600056129,PRIMARY_SESSION,295,1
CDR202600022027,IPDR202600056178,PRIMARY_SESSION,-4,1
CDR202600032701,IPDR202600056202,PRIMARY_SESSION,13,1
CDR202600008541,IPDR202600056206,PRIMARY_SESSION,-35,1
CDR202600061715,IPDR202600056248,PRIMARY_SESSION,-601,1
CDR202600057582,IPDR202600056253,PRIMARY_SESSION,16,1
CDR202600090506,IPDR202600056316,PRIMARY_SESSION,-738,1
CDR202600062941,IPDR202600056319,ADDITIONAL_SESSION,139,1
CDR202600030913,IPDR202600056321,ADDITIONAL_SESSION,-1079,1
CDR202600067307,IPDR202600056325,PRIMARY_SESSION,-411,1
CDR202600077151,IPDR202600056369,ADDITIONAL_SESSION,125,1
CDR202600029518,IPDR202600056376,PRIMARY_SESSION,137,1
CDR202600069090,IPDR202600056393,PRIMARY_SESSION,4,1
CDR202600049327,IPDR202600056428,PRIMARY_SESSION,-100,1
CDR202600001131,IPDR202600056458,PRIMARY_SESSION,239,1
CDR202600005985,IPDR202600056482,ADDITIONAL_SESSION,191,1
CDR202600026423,IPDR202600056499,PRIMARY_SESSION,-61,1
CDR202600014345,IPDR202600056502,PRIMARY_SESSION,55,1
CDR202600088880,IPDR202600056518,PRIMARY_SESSION,-215,1
CDR202600085714,IPDR202600056522,PRIMARY_SESSION,169,1
CDR202600070134,IPDR202600056543,PRIMARY_SESSION,-21,1
CDR202600029394,IPDR202600056544,PRIMARY_SESSION,-19,1
CDR202600005488,IPDR202600056640,PRIMARY_SESSION,-40,1
CDR202600053381,IPDR202600056698,ADDITIONAL_SESSION,247,1
CDR202600070568,IPDR202600056700,PRIMARY_SESSION,-154,1
CDR202600006800,IPDR202600056713,PRIMARY_SESSION,-767,1
CDR202600017207,IPDR202600056727,PRIMARY_SESSION,-748,1
CDR202600049021,IPDR202600056730,PRIMARY_SESSION,93,1
CDR202600031986,IPDR202600056780,ADDITIONAL_SESSION,1280,1
CDR202600009370,IPDR202600056806,ADDITIONAL_SESSION,763,1
CDR202600026750,IPDR202600056812,PRIMARY_SESSION,1064,1
CDR202600041098,IPDR202600056813,ADDITIONAL_SESSION,47,1
CDR202600062906,IPDR202600056816,PRIMARY_SESSION,23,1
CDR202600043661,IPDR202600056852,PRIMARY_SESSION,15,1
CDR202600048469,IPDR202600056877,PRIMARY_SESSION,29,1
CDR202600027395,IPDR202600056915,ADDITIONAL_SESSION,26,1
CDR202600040832,IPDR202600056934,PRIMARY_SESSION,-180,1
CDR202600037950,IPDR202600056942,PRIMARY_SESSION,67,1
CDR202600004795,IPDR202600056956,PRIMARY_SESSION,-215,1
CDR202600050831,IPDR202600056959,ADDITIONAL_SESSION,-66,1
CDR202600020472,IPDR202600056961,ADDITIONAL_SESSION,-458,1
CDR202600042197,IPDR202600056997,ADDITIONAL_SESSION,622,1
CDR202600052345,IPDR202600057035,ADDITIONAL_SESSION,-111,1
CDR202600090342,IPDR202600057043,PRIMARY_SESSION,253,1
CDR202600000663,IPDR202600057066,PRIMARY_SESSION,-179,1
CDR202600083483,IPDR202600057101,PRIMARY_SESSION,58,1
CDR202600064796,IPDR202600057125,PRIMARY_SESSION,9,1
CDR202600066576,IPDR202600057139,ADDITIONAL_SESSION,-155,1
CDR202600058539,IPDR202600057182,PRIMARY_SESSION,758,1
CDR202600086564,IPDR202600057188,ADDITIONAL_SESSION,-99,1
CDR202600054234,IPDR202600057212,ADDITIONAL_SESSION,-751,1
CDR202600090522,IPDR202600057234,PRIMARY_SESSION,98,1
CDR202600020832,IPDR202600057265,ADDITIONAL_SESSION,-543,1
CDR202600068813,IPDR202600057315,PRIMARY_SESSION,34,1
CDR202600005557,IPDR202600057326,ADDITIONAL_SESSION,204,1
CDR202600000612,IPDR202600057350,PRIMARY_SESSION,552,1
CDR202600057377,IPDR202600057357,ADDITIONAL_SESSION,-143,1
CDR202600070825,IPDR202600057363,PRIMARY_SESSION,-7,1
CDR202600005351,IPDR202600057365,ADDITIONAL_SESSION,-763,1
CDR202600070125,IPDR202600057409,ADDITIONAL_SESSION,69,1
CDR202600008495,IPDR202600057411,ADDITIONAL_SESSION,-783,1
CDR202600053343,IPDR202600057419,ADDITIONAL_SESSION,-92,1
CDR202600065451,IPDR202600057440,ADDITIONAL_SESSION,-29,1
CDR202600025187,IPDR202600057458,PRIMARY_SESSION,-42,1
CDR202600045059,IPDR202600057462,PRIMARY_SESSION,-10,1
CDR202600074777,IPDR202600057473,PRIMARY_SESSION,-1,1
CDR202600062793,IPDR202600057483,PRIMARY_SESSION,-505,1
CDR202600057666,IPDR202600057500,PRIMARY_SESSION,756,1
CDR202600017686,IPDR202600057506,ADDITIONAL_SESSION,-152,1
CDR202600055213,IPDR202600057580,PRIMARY_SESSION,-618,1
CDR202600045864,IPDR202600057581,PRIMARY_SESSION,890,1
CDR202600020101,IPDR202600057587,PRIMARY_SESSION,189,1
CDR202600044687,IPDR202600057598,PRIMARY_SESSION,-121,1
CDR202600067795,IPDR202600057601,ADDITIONAL_SESSION,32,1
CDR202600071332,IPDR202600057640,PRIMARY_SESSION,-5,1
CDR202600019269,IPDR202600057663,PRIMARY_SESSION,1311,1
CDR202600082866,IPDR202600057667,ADDITIONAL_SESSION,-678,1
CDR202600069486,IPDR202600057675,ADDITIONAL_SESSION,6,1
CDR202600028232,IPDR202600057697,ADDITIONAL_SESSION,229,1
CDR202600078193,IPDR202600057734,ADDITIONAL_SESSION,1420,1
CDR202600001777,IPDR202600057752,PRIMARY_SESSION,-196,1
CDR202600045092,IPDR202600057757,ADDITIONAL_SESSION,42,1
CDR202600020411,IPDR202600057771,PRIMARY_SESSION,-1651,1
CDR202600059717,IPDR202600057813,ADDITIONAL_SESSION,94,1
CDR202600036341,IPDR202600057861,PRIMARY_SESSION,1647,1
CDR202600023588,IPDR202600057873,ADDITIONAL_SESSION,292,1
CDR202600087959,IPDR202600057882,PRIMARY_SESSION,445,1
CDR202600071228,IPDR202600057923,ADDITIONAL_SESSION,-17,1
CDR202600059959,IPDR202600057928,ADDITIONAL_SESSION,14,1
CDR202600059089,IPDR202600057936,PRIMARY_SESSION,-37,1
CDR202600062072,IPDR202600057953,ADDITIONAL_SESSION,243,1
CDR202600044455,IPDR202600057966,PRIMARY_SESSION,47,1
CDR202600086745,IPDR202600057973,PRIMARY_SESSION,-541,1
CDR202600086208,IPDR202600057976,PRIMARY_SESSION,383,1
CDR202600076958,IPDR202600058058,PRIMARY_SESSION,-973,1
CDR202600085393,IPDR202600058059,ADDITIONAL_SESSION,266,1
CDR202600005078,IPDR202600058061,ADDITIONAL_SESSION,-228,1
CDR202600025547,IPDR202600058065,ADDITIONAL_SESSION,-65,1
CDR202600019918,IPDR202600058068,PRIMARY_SESSION,-925,1
CDR202600083917,IPDR202600058096,PRIMARY_SESSION,-89,1
CDR202600055412,IPDR202600058100,PRIMARY_SESSION,-394,1
CDR202600049387,IPDR202600058104,PRIMARY_SESSION,583,1
CDR202600037369,IPDR202600058122,PRIMARY_SESSION,-1035,1
CDR202600004713,IPDR202600058131,PRIMARY_SESSION,115,1
CDR202600013549,IPDR202600058170,PRIMARY_SESSION,-325,1
CDR202600011471,IPDR202600058201,PRIMARY_SESSION,-414,1
CDR202600027395,IPDR202600058268,ADDITIONAL_SESSION,-302,1
CDR202600011713,IPDR202600058301,PRIMARY_SESSION,-219,1
CDR202600078655,IPDR202600058309,PRIMARY_SESSION,-148,1
CDR202600006352,IPDR202600058349,PRIMARY_SESSION,-93,1
CDR202600087095,IPDR202600058376,ADDITIONAL_SESSION,1262,1
CDR202600037113,IPDR202600058380,PRIMARY_SESSION,-79,1
CDR202600004377,IPDR202600058455,ADDITIONAL_SESSION,151,1
CDR202600025355,IPDR202600058458,PRIMARY_SESSION,-634,1
CDR202600041154,IPDR202600058463,PRIMARY_SESSION,1206,1
CDR202600062283,IPDR202600058489,PRIMARY_SESSION,15,1
CDR202600040144,IPDR202600058507,PRIMARY_SESSION,33,1
CDR202600032923,IPDR202600058516,PRIMARY_SESSION,505,1
CDR202600060873,IPDR202600058519,ADDITIONAL_SESSION,-242,1
CDR202600050607,IPDR202600058523,ADDITIONAL_SESSION,-20,1
CDR202600081543,IPDR202600058528,PRIMARY_SESSION,427,1
CDR202600013079,IPDR202600058549,PRIMARY_SESSION,-260,1
CDR202600009316,IPDR202600058559,ADDITIONAL_SESSION,68,1
CDR202600055765,IPDR202600058588,ADDITIONAL_SESSION,79,1
CDR202600027631,IPDR202600058609,PRIMARY_SESSION,55,1
CDR202600076958,IPDR202600058613,ADDITIONAL_SESSION,176,1
CDR202600026118,IPDR202600058633,PRIMARY_SESSION,-826,1
CDR202600034313,IPDR202600058660,PRIMARY_SESSION,181,1
CDR202600080864,IPDR202600058661,PRIMARY_SESSION,66,1
CDR202600078935,IPDR202600058666,PRIMARY_SESSION,51,1
CDR202600083944,IPDR202600058673,ADDITIONAL_SESSION,104,1
CDR202600022157,IPDR202600058720,PRIMARY_SESSION,415,1
CDR202600060781,IPDR202600058730,ADDITIONAL_SESSION,12,1
CDR202600083282,IPDR202600058775,PRIMARY_SESSION,1629,1
CDR202600022934,IPDR202600058781,PRIMARY_SESSION,-181,1
CDR202600035588,IPDR202600058789,PRIMARY_SESSION,1744,1
CDR202600059441,IPDR202600058795,PRIMARY_SESSION,50,1
CDR202600083881,IPDR202600058800,PRIMARY_SESSION,20,1
CDR202600068527,IPDR202600058808,ADDITIONAL_SESSION,135,1
CDR202600034649,IPDR202600058880,PRIMARY_SESSION,295,1
CDR202600019349,IPDR202600058926,PRIMARY_SESSION,241,1
CDR202600050607,IPDR202600058986,ADDITIONAL_SESSION,-255,1
CDR202600072520,IPDR202600059004,ADDITIONAL_SESSION,-265,1
CDR202600079063,IPDR202600059013,PRIMARY_SESSION,-33,1
CDR202600053796,IPDR202600059052,ADDITIONAL_SESSION,585,1
CDR202600017346,IPDR202600059064,ADDITIONAL_SESSION,-43,1
CDR202600018269,IPDR202600059080,ADDITIONAL_SESSION,95,1
CDR202600011642,IPDR202600059082,PRIMARY_SESSION,-732,1
CDR202600065874,IPDR202600059087,PRIMARY_SESSION,12,1
CDR202600029436,IPDR202600059161,ADDITIONAL_SESSION,19,1
CDR202600075002,IPDR202600059168,PRIMARY_SESSION,-782,1
CDR202600052577,IPDR202600059170,PRIMARY_SESSION,83,1
CDR202600005552,IPDR202600059183,ADDITIONAL_SESSION,43,1
CDR202600039184,IPDR202600059311,PRIMARY_SESSION,-22,1
CDR202600001487,IPDR202600059356,PRIMARY_SESSION,235,1
CDR202600057856,IPDR202600059361,PRIMARY_SESSION,15,1
CDR202600049959,IPDR202600059366,ADDITIONAL_SESSION,-530,1
CDR202600051463,IPDR202600059385,PRIMARY_SESSION,232,1
CDR202600019981,IPDR202600059388,PRIMARY_SESSION,-172,1
CDR202600063240,IPDR202600059390,PRIMARY_SESSION,230,1
CDR202600045360,IPDR202600059405,ADDITIONAL_SESSION,-9,1
CDR202600048578,IPDR202600059476,PRIMARY_SESSION,28,1
CDR202600074777,IPDR202600059479,ADDITIONAL_SESSION,444,1
CDR202600038673,IPDR202600059493,ADDITIONAL_SESSION,-689,1
CDR202600058073,IPDR202600059566,ADDITIONAL_SESSION,1539,1
CDR202600018293,IPDR202600059567,PRIMARY_SESSION,-19,1
CDR202600084791,IPDR202600059601,PRIMARY_SESSION,3,1
CDR202600060290,IPDR202600059635,PRIMARY_SESSION,-85,1
CDR202600069668,IPDR202600059643,ADDITIONAL_SESSION,88,1
CDR202600004949,IPDR202600059644,PRIMARY_SESSION,649,1
CDR202600059956,IPDR202600059659,PRIMARY_SESSION,-567,1
CDR202600084638,IPDR202600059660,ADDITIONAL_SESSION,-83,1
CDR202600005975,IPDR202600059714,PRIMARY_SESSION,13,1
CDR202600056115,IPDR202600059719,ADDITIONAL_SESSION,-1704,1
CDR202600039548,IPDR202600059742,ADDITIONAL_SESSION,892,1
CDR202600087734,IPDR202600059748,PRIMARY_SESSION,1492,1
CDR202600050713,IPDR202600059771,ADDITIONAL_SESSION,-32,1
CDR202600042799,IPDR202600059774,PRIMARY_SESSION,300,1
CDR202600001678,IPDR202600059800,PRIMARY_SESSION,-310,1
CDR202600048952,IPDR202600059811,PRIMARY_SESSION,55,1
CDR202600016485,IPDR202600059854,PRIMARY_SESSION,13,1
CDR202600019918,IPDR202600059859,ADDITIONAL_SESSION,-1347,1
CDR202600068073,IPDR202600059952,PRIMARY_SESSION,206,1
CDR202600085670,IPDR202600059965,ADDITIONAL_SESSION,-182,1
CDR202600010023,IPDR202600059997,PRIMARY_SESSION,1372,1
CDR202600082145,IPDR202600060037,PRIMARY_SESSION,827,1
CDR202600013475,IPDR202600060061,PRIMARY_SESSION,-36,1
CDR202600049757,IPDR202600060068,ADDITIONAL_SESSION,52,1
CDR202600015299,IPDR202600060083,ADDITIONAL_SESSION,-8,1
CDR202600075397,IPDR202600060134,PRIMARY_SESSION,570,1
CDR202600043529,IPDR202600060146,PRIMARY_SESSION,-45,1
CDR202600037030,IPDR202600060169,PRIMARY_SESSION,-7,1
CDR202600024158,IPDR202600060180,ADDITIONAL_SESSION,-35,1
CDR202600090129,IPDR202600060184,PRIMARY_SESSION,-70,1
CDR202600056017,IPDR202600060189,PRIMARY_SESSION,-1018,1
CDR202600051535,IPDR202600060220,PRIMARY_SESSION,-122,1
CDR202600036868,IPDR202600060223,PRIMARY_SESSION,-477,1
CDR202600069407,IPDR202600060234,ADDITIONAL_SESSION,-49,1
CDR202600037111,IPDR202600060275,ADDITIONAL_SESSION,127,1
CDR202600047576,IPDR202600060278,PRIMARY_SESSION,1181,1
CDR202600009559,IPDR202600060298,PRIMARY_SESSION,-243,1
CDR202600076408,IPDR202600060299,PRIMARY_SESSION,-22,1
CDR202600023646,IPDR202600060307,PRIMARY_SESSION,-11,1
CDR202600050556,IPDR202600060369,PRIMARY_SESSION,-64,1
CDR202600089275,IPDR202600060428,PRIMARY_SESSION,-7,1
CDR202600064772,IPDR202600060511,PRIMARY_SESSION,917,1
CDR202600046442,IPDR202600060515,ADDITIONAL_SESSION,662,1
CDR202600055325,IPDR202600060534,PRIMARY_SESSION,376,1
CDR202600088251,IPDR202600060541,PRIMARY_SESSION,234,1
CDR202600017352,IPDR202600060551,PRIMARY_SESSION,97,1
CDR202600068870,IPDR202600060572,PRIMARY_SESSION,1658,1
CDR202600012319,IPDR202600060622,ADDITIONAL_SESSION,-152,1
CDR202600088703,IPDR202600060666,ADDITIONAL_SESSION,-1223,1
CDR202600035717,IPDR202600060687,ADDITIONAL_SESSION,-33,1
CDR202600021394,IPDR202600060695,PRIMARY_SESSION,-226,1
CDR202600088788,IPDR202600060758,PRIMARY_SESSION,-880,1
CDR202600068041,IPDR202600060787,ADDITIONAL_SESSION,-557,1
CDR202600079539,IPDR202600060804,PRIMARY_SESSION,187,1
CDR202600015052,IPDR202600060812,PRIMARY_SESSION,64,1
CDR202600069048,IPDR202600060817,PRIMARY_SESSION,254,1
CDR202600052126,IPDR202600060819,PRIMARY_SESSION,-61,1
CDR202600086662,IPDR202600060850,PRIMARY_SESSION,-32,1
CDR202600083739,IPDR202600060890,ADDITIONAL_SESSION,103,1
CDR202600076524,IPDR202600060909,PRIMARY_SESSION,39,1
CDR202600084097,IPDR202600060951,PRIMARY_SESSION,468,1
CDR202600028332,IPDR202600060959,PRIMARY_SESSION,-318,1
CDR202600060107,IPDR202600060972,PRIMARY_SESSION,-238,1
CDR202600010884,IPDR202600060985,PRIMARY_SESSION,1768,1
CDR202600027327,IPDR202600060991,ADDITIONAL_SESSION,-28,1
CDR202600007192,IPDR202600061015,PRIMARY_SESSION,499,1
CDR202600021383,IPDR202600061023,ADDITIONAL_SESSION,30,1
CDR202600032958,IPDR202600061038,ADDITIONAL_SESSION,-1300,1
CDR202600052687,IPDR202600061062,PRIMARY_SESSION,145,1
CDR202600075203,IPDR202600061073,PRIMARY_SESSION,-533,1
CDR202600041281,IPDR202600061089,ADDITIONAL_SESSION,-607,1
CDR202600025450,IPDR202600061104,PRIMARY_SESSION,-211,1
CDR202600016421,IPDR202600061164,PRIMARY_SESSION,-354,1
CDR202600071192,IPDR202600061196,PRIMARY_SESSION,423,1
CDR202600075061,IPDR202600061226,PRIMARY_SESSION,-29,1
CDR202600012319,IPDR202600061273,ADDITIONAL_SESSION,53,1
CDR202600075596,IPDR202600061347,PRIMARY_SESSION,34,1
CDR202600040010,IPDR202600061361,PRIMARY_SESSION,-172,1
CDR202600048681,IPDR202600061367,ADDITIONAL_SESSION,-209,1
CDR202600004831,IPDR202600061381,PRIMARY_SESSION,-529,1
CDR202600066090,IPDR202600061395,ADDITIONAL_SESSION,30,1
CDR202600005665,IPDR202600061408,ADDITIONAL_SESSION,-1052,1
CDR202600040244,IPDR202600061459,PRIMARY_SESSION,58,1
CDR202600064599,IPDR202600061463,ADDITIONAL_SESSION,199,1
CDR202600021150,IPDR202600061472,ADDITIONAL_SESSION,-334,1
CDR202600040179,IPDR202600061535,ADDITIONAL_SESSION,766,1
CDR202600058596,IPDR202600061541,PRIMARY_SESSION,11,1
CDR202600062072,IPDR202600061542,ADDITIONAL_SESSION,-650,1
CDR202600019912,IPDR202600061556,PRIMARY_SESSION,84,1
CDR202600072564,IPDR202600061577,ADDITIONAL_SESSION,1237,1
CDR202600044613,IPDR202600061601,PRIMARY_SESSION,310,1
CDR202600026110,IPDR202600061620,PRIMARY_SESSION,-539,1
CDR202600018695,IPDR202600061635,PRIMARY_SESSION,804,1
CDR202600053199,IPDR202600061653,PRIMARY_SESSION,-54,1
CDR202600000392,IPDR202600061668,PRIMARY_SESSION,-299,1
CDR202600019884,IPDR202600061677,PRIMARY_SESSION,-365,1
CDR202600022969,IPDR202600061707,PRIMARY_SESSION,-446,1
CDR202600079573,IPDR202600061714,PRIMARY_SESSION,858,1
CDR202600064673,IPDR202600061736,PRIMARY_SESSION,-650,1
CDR202600037282,IPDR202600061813,PRIMARY_SESSION,212,1
CDR202600024854,IPDR202600061878,PRIMARY_SESSION,601,1
CDR202600017884,IPDR202600061896,PRIMARY_SESSION,76,1
CDR202600018004,IPDR202600061903,PRIMARY_SESSION,152,1
CDR202600080977,IPDR202600061921,PRIMARY_SESSION,-286,1
CDR202600063979,IPDR202600061933,ADDITIONAL_SESSION,-52,1
CDR202600000028,IPDR202600061935,ADDITIONAL_SESSION,-199,1
CDR202600022180,IPDR202600061953,PRIMARY_SESSION,172,1
CDR202600037664,IPDR202600061958,PRIMARY_SESSION,1445,1
CDR202600013770,IPDR202600061989,PRIMARY_SESSION,10,1
CDR202600007355,IPDR202600062009,PRIMARY_SESSION,-213,1
CDR202600088211,IPDR202600062032,ADDITIONAL_SESSION,526,1
CDR202600004713,IPDR202600062036,ADDITIONAL_SESSION,-120,1
CDR202600051211,IPDR202600062069,ADDITIONAL_SESSION,223,1
CDR202600052065,IPDR202600062091,ADDITIONAL_SESSION,-268,1
CDR202600062325,IPDR202600062093,ADDITIONAL_SESSION,-205,1
CDR202600037984,IPDR202600062102,ADDITIONAL_SESSION,445,1
CDR202600003704,IPDR202600062143,PRIMARY_SESSION,251,1
CDR202600039548,IPDR202600062162,PRIMARY_SESSION,548,1
CDR202600084791,IPDR202600062177,ADDITIONAL_SESSION,-498,1
CDR202600057667,IPDR202600062185,PRIMARY_SESSION,-759,1
CDR202600000269,IPDR202600062191,PRIMARY_SESSION,101,1
CDR202600052657,IPDR202600062197,PRIMARY_SESSION,743,1
CDR202600001800,IPDR202600062202,PRIMARY_SESSION,79,1
CDR202600090445,IPDR202600062220,ADDITIONAL_SESSION,-174,1
CDR202600003001,IPDR202600062223,ADDITIONAL_SESSION,-226,1
CDR202600027108,IPDR202600062267,ADDITIONAL_SESSION,86,1
CDR202600086867,IPDR202600062302,PRIMARY_SESSION,164,1
CDR202600017641,IPDR202600062306,PRIMARY_SESSION,-184,1
CDR202600040770,IPDR202600062317,PRIMARY_SESSION,817,1
CDR202600077117,IPDR202600062348,ADDITIONAL_SESSION,669,1
CDR202600023644,IPDR202600062394,PRIMARY_SESSION,270,1
CDR202600034632,IPDR202600062450,ADDITIONAL_SESSION,468,1
CDR202600064243,IPDR202600062464,PRIMARY_SESSION,-674,1
CDR202600081267,IPDR202600062467,PRIMARY_SESSION,36,1
CDR202600049558,IPDR202600062520,PRIMARY_SESSION,-16,1
CDR202600089973,IPDR202600062549,ADDITIONAL_SESSION,137,1
CDR202600035102,IPDR202600062569,ADDITIONAL_SESSION,-155,1
CDR202600020762,IPDR202600062636,PRIMARY_SESSION,266,1
CDR202600031159,IPDR202600062640,ADDITIONAL_SESSION,-266,1
CDR202600058713,IPDR202600062648,PRIMARY_SESSION,160,1
CDR202600049771,IPDR202600062664,PRIMARY_SESSION,-236,1
CDR202600017714,IPDR202600062701,PRIMARY_SESSION,36,1
CDR202600025936,IPDR202600062706,PRIMARY_SESSION,-503,1
CDR202600072046,IPDR202600062715,PRIMARY_SESSION,24,1
CDR202600009899,IPDR202600062718,PRIMARY_SESSION,-78,1
CDR202600035169,IPDR202600062720,ADDITIONAL_SESSION,-48,1
CDR202600080647,IPDR202600062725,PRIMARY_SESSION,1365,1
CDR202600083940,IPDR202600062754,PRIMARY_SESSION,58,1
CDR202600038406,IPDR202600062774,ADDITIONAL_SESSION,-767,1
CDR202600048578,IPDR202600062784,ADDITIONAL_SESSION,-65,1
CDR202600058766,IPDR202600062794,PRIMARY_SESSION,-94,1
CDR202600003608,IPDR202600062847,ADDITIONAL_SESSION,1574,1
CDR202600080071,IPDR202600062852,PRIMARY_SESSION,57,1
CDR202600028379,IPDR202600062854,PRIMARY_SESSION,-3,1
CDR202600072743,IPDR202600062878,PRIMARY_SESSION,-899,1
CDR202600030752,IPDR202600062881,PRIMARY_SESSION,-530,1
CDR202600047367,IPDR202600062898,PRIMARY_SESSION,-687,1
CDR202600019893,IPDR202600062920,PRIMARY_SESSION,-39,1
CDR202600023594,IPDR202600062939,PRIMARY_SESSION,58,1
CDR202600089206,IPDR202600062981,ADDITIONAL_SESSION,263,1
CDR202600082856,IPDR202600063084,PRIMARY_SESSION,51,1
CDR202600049798,IPDR202600063099,PRIMARY_SESSION,589,1
CDR202600031352,IPDR202600063137,ADDITIONAL_SESSION,-288,1
CDR202600030743,IPDR202600063142,PRIMARY_SESSION,-253,1
CDR202600030283,IPDR202600063150,PRIMARY_SESSION,12,1
CDR202600088862,IPDR202600063159,ADDITIONAL_SESSION,-343,1
CDR202600085999,IPDR202600063172,PRIMARY_SESSION,18,1
CDR202600008021,IPDR202600063177,PRIMARY_SESSION,51,1
CDR202600023021,IPDR202600063180,PRIMARY_SESSION,-1715,1
CDR202600050550,IPDR202600063187,ADDITIONAL_SESSION,48,1
CDR202600054047,IPDR202600063205,ADDITIONAL_SESSION,296,1
CDR202600006127,IPDR202600063216,ADDITIONAL_SESSION,443,1
CDR202600047367,IPDR202600063223,ADDITIONAL_SESSION,-561,1
CDR202600004037,IPDR202600063226,ADDITIONAL_SESSION,5,1
CDR202600030597,IPDR202600063246,ADDITIONAL_SESSION,746,1
CDR202600067941,IPDR202600063285,PRIMARY_SESSION,145,1
CDR202600088529,IPDR202600063322,PRIMARY_SESSION,-52,1
CDR202600050430,IPDR202600063388,ADDITIONAL_SESSION,-751,1
CDR202600037126,IPDR202600063408,ADDITIONAL_SESSION,-808,1
CDR202600020867,IPDR202600063433,PRIMARY_SESSION,-8,1
CDR202600083806,IPDR202600063444,PRIMARY_SESSION,18,1
CDR202600009427,IPDR202600063503,PRIMARY_SESSION,-11,1
CDR202600066495,IPDR202600063527,ADDITIONAL_SESSION,-1,1
CDR202600023317,IPDR202600063529,PRIMARY_SESSION,301,1
CDR202600085670,IPDR202600063542,ADDITIONAL_SESSION,-742,1
CDR202600070622,IPDR202600063576,PRIMARY_SESSION,-1116,1
CDR202600041240,IPDR202600063583,PRIMARY_SESSION,-124,1
CDR202600022766,IPDR202600063589,ADDITIONAL_SESSION,-10,1
CDR202600041551,IPDR202600063646,PRIMARY_SESSION,263,1
CDR202600003222,IPDR202600063664,ADDITIONAL_SESSION,483,1
CDR202600017140,IPDR202600063678,PRIMARY_SESSION,25,1
CDR202600020456,IPDR202600063686,ADDITIONAL_SESSION,-159,1
CDR202600023600,IPDR202600063698,ADDITIONAL_SESSION,354,1
CDR202600009849,IPDR202600063707,ADDITIONAL_SESSION,204,1
CDR202600053025,IPDR202600063710,PRIMARY_SESSION,297,1
CDR202600019734,IPDR202600063713,PRIMARY_SESSION,6,1
CDR202600085274,IPDR202600063729,PRIMARY_SESSION,-29,1
CDR202600012176,IPDR202600063740,PRIMARY_SESSION,-36,1
CDR202600029636,IPDR202600063741,PRIMARY_SESSION,326,1
CDR202600038572,IPDR202600063787,PRIMARY_SESSION,624,1
CDR202600069748,IPDR202600063806,ADDITIONAL_SESSION,34,1
CDR202600003250,IPDR202600063819,ADDITIONAL_SESSION,729,1
CDR202600027382,IPDR202600063830,ADDITIONAL_SESSION,-7,1
CDR202600035371,IPDR202600063870,ADDITIONAL_SESSION,228,1
CDR202600079503,IPDR202600063925,PRIMARY_SESSION,-159,1
CDR202600031924,IPDR202600063926,PRIMARY_SESSION,-673,1
CDR202600013594,IPDR202600063970,ADDITIONAL_SESSION,14,1
CDR202600038946,IPDR202600064005,PRIMARY_SESSION,25,1
CDR202600082395,IPDR202600064009,PRIMARY_SESSION,527,1
CDR202600025202,IPDR202600064019,PRIMARY_SESSION,279,1
CDR202600064086,IPDR202600064021,PRIMARY_SESSION,-296,1
CDR202600005428,IPDR202600064059,ADDITIONAL_SESSION,-513,1
CDR202600024216,IPDR202600064089,ADDITIONAL_SESSION,-129,1
CDR202600008484,IPDR202600064094,ADDITIONAL_SESSION,-105,1
CDR202600024503,IPDR202600064108,PRIMARY_SESSION,-235,1
CDR202600046224,IPDR202600064123,ADDITIONAL_SESSION,710,1
CDR202600060649,IPDR202600064133,PRIMARY_SESSION,-16,1
CDR202600031324,IPDR202600064145,ADDITIONAL_SESSION,53,1
CDR202600034069,IPDR202600064150,PRIMARY_SESSION,-133,1
CDR202600050463,IPDR202600064177,ADDITIONAL_SESSION,52,1
CDR202600005591,IPDR202600064186,PRIMARY_SESSION,-670,1
CDR202600027140,IPDR202600064200,ADDITIONAL_SESSION,599,1
CDR202600024349,IPDR202600064205,ADDITIONAL_SESSION,-133,1
CDR202600074724,IPDR202600064227,PRIMARY_SESSION,-1694,1
CDR202600028232,IPDR202600064237,PRIMARY_SESSION,31,1
CDR202600000532,IPDR202600064262,PRIMARY_SESSION,-811,1
CDR202600078120,IPDR202600064265,ADDITIONAL_SESSION,-1344,1
CDR202600052170,IPDR202600064294,ADDITIONAL_SESSION,1065,1
CDR202600031470,IPDR202600064321,PRIMARY_SESSION,1130,1
CDR202600059941,IPDR202600064358,PRIMARY_SESSION,30,1
CDR202600007709,IPDR202600064360,PRIMARY_SESSION,-191,1
CDR202600033729,IPDR202600064400,PRIMARY_SESSION,262,1
CDR202600082868,IPDR202600064409,PRIMARY_SESSION,-272,1
CDR202600018888,IPDR202600064427,PRIMARY_SESSION,916,1
CDR202600075596,IPDR202600064433,ADDITIONAL_SESSION,156,1
CDR202600003737,IPDR202600064484,ADDITIONAL_SESSION,11,1
CDR202600006483,IPDR202600064505,PRIMARY_SESSION,30,1
CDR202600028776,IPDR202600064519,ADDITIONAL_SESSION,106,1
CDR202600073125,IPDR202600064537,ADDITIONAL_SESSION,-578,1
CDR202600000392,IPDR202600064566,ADDITIONAL_SESSION,-190,1
CDR202600014812,IPDR202600064594,ADDITIONAL_SESSION,-201,1
CDR202600017699,IPDR202600064598,PRIMARY_SESSION,-169,1
CDR202600061446,IPDR202600064630,PRIMARY_SESSION,-14,1
CDR202600087588,IPDR202600064637,PRIMARY_SESSION,155,1
CDR202600090792,IPDR202600064650,PRIMARY_SESSION,-423,1
CDR202600084409,IPDR202600064652,PRIMARY_SESSION,618,1
CDR202600061312,IPDR202600064654,PRIMARY_SESSION,-62,1
CDR202600067357,IPDR202600064699,ADDITIONAL_SESSION,56,1
CDR202600074927,IPDR202600064755,ADDITIONAL_SESSION,-20,1
CDR202600045206,IPDR202600064771,PRIMARY_SESSION,715,1
CDR202600060873,IPDR202600064778,PRIMARY_SESSION,757,1
CDR202600010408,IPDR202600064805,PRIMARY_SESSION,59,1
CDR202600043688,IPDR202600064822,PRIMARY_SESSION,-195,1
CDR202600041294,IPDR202600064890,ADDITIONAL_SESSION,163,1
CDR202600018661,IPDR202600064897,ADDITIONAL_SESSION,587,1
CDR202600033573,IPDR202600064908,ADDITIONAL_SESSION,1676,1
CDR202600077151,IPDR202600064920,ADDITIONAL_SESSION,-13,1
CDR202600040438,IPDR202600064973,PRIMARY_SESSION,59,1
CDR202600081374,IPDR202600064989,PRIMARY_SESSION,89,1
CDR202600032077,IPDR202600065054,PRIMARY_SESSION,125,1
CDR202600037049,IPDR202600065102,ADDITIONAL_SESSION,284,1
CDR202600032076,IPDR202600065121,PRIMARY_SESSION,-6,1
CDR202600023328,IPDR202600065183,PRIMARY_SESSION,-4,1
CDR202600081626,IPDR202600065232,ADDITIONAL_SESSION,238,1
CDR202600003366,IPDR202600065283,ADDITIONAL_SESSION,-46,1
CDR202600031924,IPDR202600065311,ADDITIONAL_SESSION,-73,1
CDR202600015950,IPDR202600065322,PRIMARY_SESSION,144,1
CDR202600068975,IPDR202600065333,PRIMARY_SESSION,-146,1
CDR202600064641,IPDR202600065347,ADDITIONAL_SESSION,1744,1
CDR202600077436,IPDR202600065373,PRIMARY_SESSION,-269,1
CDR202600029435,IPDR202600065375,PRIMARY_SESSION,-410,1
CDR202600044790,IPDR202600065401,PRIMARY_SESSION,-18,1
CDR202600009369,IPDR202600065410,PRIMARY_SESSION,-316,1
CDR202600028722,IPDR202600065416,PRIMARY_SESSION,-36,1
CDR202600031947,IPDR202600065427,PRIMARY_SESSION,-1016,1
CDR202600081823,IPDR202600065430,ADDITIONAL_SESSION,966,1
CDR202600090614,IPDR202600065438,ADDITIONAL_SESSION,-228,1
CDR202600066817,IPDR202600065454,ADDITIONAL_SESSION,19,1
CDR202600078145,IPDR202600065457,PRIMARY_SESSION,-338,1
CDR202600038269,IPDR202600065462,PRIMARY_SESSION,-187,1
CDR202600025379,IPDR202600065471,PRIMARY_SESSION,-265,1
CDR202600013039,IPDR202600065500,PRIMARY_SESSION,807,1
CDR202600080474,IPDR202600065507,PRIMARY_SESSION,-41,1
CDR202600090445,IPDR202600065541,PRIMARY_SESSION,-1427,1
CDR202600037821,IPDR202600065542,ADDITIONAL_SESSION,-387,1
CDR202600051218,IPDR202600065550,ADDITIONAL_SESSION,-247,1
CDR202600069820,IPDR202600065565,ADDITIONAL_SESSION,-21,1
CDR202600073096,IPDR202600065569,ADDITIONAL_SESSION,-203,1
CDR202600055424,IPDR202600065585,PRIMARY_SESSION,-1,1
CDR202600026743,IPDR202600065612,ADDITIONAL_SESSION,-36,1
CDR202600029140,IPDR202600065614,PRIMARY_SESSION,568,1
CDR202600023369,IPDR202600065618,ADDITIONAL_SESSION,-58,1
CDR202600072857,IPDR202600065624,ADDITIONAL_SESSION,-131,1
CDR202600021097,IPDR202600065638,ADDITIONAL_SESSION,51,1
CDR202600061850,IPDR202600065640,PRIMARY_SESSION,580,1
CDR202600073124,IPDR202600065650,PRIMARY_SESSION,17,1
CDR202600041299,IPDR202600065660,PRIMARY_SESSION,33,1
CDR202600003608,IPDR202600065674,PRIMARY_SESSION,-230,1
CDR202600041054,IPDR202600065679,ADDITIONAL_SESSION,106,1
CDR202600014861,IPDR202600065682,ADDITIONAL_SESSION,-135,1
CDR202600059094,IPDR202600065687,ADDITIONAL_SESSION,722,1
CDR202600087462,IPDR202600065700,ADDITIONAL_SESSION,-120,1
CDR202600002139,IPDR202600065703,ADDITIONAL_SESSION,-483,1
CDR202600070825,IPDR202600065705,ADDITIONAL_SESSION,965,1
CDR202600057201,IPDR202600065757,PRIMARY_SESSION,-1167,1
CDR202600036003,IPDR202600065760,PRIMARY_SESSION,-154,1
CDR202600087737,IPDR202600065762,PRIMARY_SESSION,-1220,1
CDR202600042669,IPDR202600065792,PRIMARY_SESSION,42,1
CDR202600057191,IPDR202600065797,ADDITIONAL_SESSION,-120,1
CDR202600000412,IPDR202600065802,ADDITIONAL_SESSION,507,1
CDR202600049213,IPDR202600065828,PRIMARY_SESSION,30,1
CDR202600007478,IPDR202600065845,PRIMARY_SESSION,7,1
CDR202600019199,IPDR202600065866,PRIMARY_SESSION,-866,1
CDR202600072753,IPDR202600065874,ADDITIONAL_SESSION,707,1
CDR202600009199,IPDR202600065879,PRIMARY_SESSION,299,1
CDR202600082374,IPDR202600065920,PRIMARY_SESSION,52,1
CDR202600009127,IPDR202600065937,PRIMARY_SESSION,282,1
CDR202600031068,IPDR202600065975,PRIMARY_SESSION,138,1
CDR202600064869,IPDR202600066042,PRIMARY_SESSION,39,1
CDR202600057767,IPDR202600066077,PRIMARY_SESSION,-51,1
CDR202600050121,IPDR202600066095,PRIMARY_SESSION,-37,1
CDR202600045458,IPDR202600066103,PRIMARY_SESSION,45,1
CDR202600067595,IPDR202600066104,PRIMARY_SESSION,-19,1
CDR202600079152,IPDR202600066171,PRIMARY_SESSION,641,1
CDR202600023657,IPDR202600066200,ADDITIONAL_SESSION,171,1
CDR202600021022,IPDR202600066211,PRIMARY_SESSION,-50,1
CDR202600078117,IPDR202600066223,ADDITIONAL_SESSION,-220,1
CDR202600078260,IPDR202600066275,ADDITIONAL_SESSION,21,1
CDR202600019308,IPDR202600066277,PRIMARY_SESSION,76,1
CDR202600007061,IPDR202600066289,ADDITIONAL_SESSION,-654,1
CDR202600044901,IPDR202600066307,ADDITIONAL_SESSION,-851,1
CDR202600028432,IPDR202600066359,PRIMARY_SESSION,632,1
CDR202600081202,IPDR202600066399,PRIMARY_SESSION,-525,1
CDR202600082665,IPDR202600066445,ADDITIONAL_SESSION,-47,1
CDR202600064308,IPDR202600066456,ADDITIONAL_SESSION,538,1
CDR202600015299,IPDR202600066464,ADDITIONAL_SESSION,55,1
CDR202600042463,IPDR202600066491,ADDITIONAL_SESSION,132,1
CDR202600047576,IPDR202600066526,ADDITIONAL_SESSION,-780,1
CDR202600057875,IPDR202600066527,PRIMARY_SESSION,302,1
CDR202600074398,IPDR202600066544,ADDITIONAL_SESSION,-33,1
CDR202600000765,IPDR202600066558,PRIMARY_SESSION,-41,1
CDR202600015854,IPDR202600066571,ADDITIONAL_SESSION,-16,1
CDR202600045256,IPDR202600066590,PRIMARY_SESSION,-11,1
CDR202600050563,IPDR202600066608,ADDITIONAL_SESSION,19,1
CDR202600052470,IPDR202600066639,PRIMARY_SESSION,-210,1
CDR202600085929,IPDR202600066665,PRIMARY_SESSION,-50,1
CDR202600046686,IPDR202600066671,PRIMARY_SESSION,-144,1
CDR202600034188,IPDR202600066693,ADDITIONAL_SESSION,-86,1
CDR202600036102,IPDR202600066695,ADDITIONAL_SESSION,129,1
CDR202600090854,IPDR202600066704,PRIMARY_SESSION,267,1
CDR202600065939,IPDR202600066720,PRIMARY_SESSION,-35,1
CDR202600049829,IPDR202600066771,PRIMARY_SESSION,-1589,1
CDR202600034832,IPDR202600066788,PRIMARY_SESSION,-647,1
CDR202600012896,IPDR202600066815,PRIMARY_SESSION,878,1
CDR202600023400,IPDR202600066824,PRIMARY_SESSION,256,1
CDR202600005229,IPDR202600066830,PRIMARY_SESSION,32,1
CDR202600032719,IPDR202600066838,PRIMARY_SESSION,-119,1
CDR202600005434,IPDR202600066842,ADDITIONAL_SESSION,114,1
CDR202600086114,IPDR202600066866,PRIMARY_SESSION,248,1
CDR202600077331,IPDR202600066870,ADDITIONAL_SESSION,-53,1
CDR202600028776,IPDR202600066927,ADDITIONAL_SESSION,-619,1
CDR202600044805,IPDR202600066960,ADDITIONAL_SESSION,42,1
CDR202600072856,IPDR202600067006,PRIMARY_SESSION,41,1
CDR202600074971,IPDR202600067029,ADDITIONAL_SESSION,225,1
CDR202600044477,IPDR202600067042,PRIMARY_SESSION,41,1
CDR202600029613,IPDR202600067043,PRIMARY_SESSION,136,1
CDR202600084461,IPDR202600067055,ADDITIONAL_SESSION,19,1
CDR202600054586,IPDR202600067057,PRIMARY_SESSION,158,1
CDR202600045485,IPDR202600067078,PRIMARY_SESSION,420,1
CDR202600024420,IPDR202600067107,PRIMARY_SESSION,837,1
CDR202600003833,IPDR202600067131,PRIMARY_SESSION,491,1
CDR202600023924,IPDR202600067132,PRIMARY_SESSION,328,1
CDR202600031932,IPDR202600067139,PRIMARY_SESSION,743,1
CDR202600036923,IPDR202600067148,PRIMARY_SESSION,37,1
CDR202600073204,IPDR202600067172,PRIMARY_SESSION,-167,1
CDR202600053648,IPDR202600067198,PRIMARY_SESSION,-834,1
CDR202600064606,IPDR202600067208,PRIMARY_SESSION,227,1
CDR202600034463,IPDR202600067258,PRIMARY_SESSION,-41,1
CDR202600057851,IPDR202600067270,PRIMARY_SESSION,171,1
CDR202600076401,IPDR202600067272,ADDITIONAL_SESSION,-216,1
CDR202600088291,IPDR202600067296,ADDITIONAL_SESSION,-85,1
CDR202600007475,IPDR202600067298,PRIMARY_SESSION,969,1
CDR202600005443,IPDR202600067311,PRIMARY_SESSION,10,1
CDR202600069313,IPDR202600067401,ADDITIONAL_SESSION,-354,1
CDR202600011236,IPDR202600067409,ADDITIONAL_SESSION,1465,1
CDR202600078923,IPDR202600067427,ADDITIONAL_SESSION,138,1
CDR202600001674,IPDR202600067450,ADDITIONAL_SESSION,-201,1
CDR202600073337,IPDR202600067469,PRIMARY_SESSION,14,1
CDR202600069495,IPDR202600067488,PRIMARY_SESSION,-269,1
CDR202600002924,IPDR202600067502,PRIMARY_SESSION,568,1
CDR202600044820,IPDR202600067527,PRIMARY_SESSION,-765,1
CDR202600030301,IPDR202600067540,ADDITIONAL_SESSION,-172,1
CDR202600019484,IPDR202600067546,PRIMARY_SESSION,-736,1
CDR202600034827,IPDR202600067555,ADDITIONAL_SESSION,-7,1
CDR202600074239,IPDR202600067605,PRIMARY_SESSION,-222,1
CDR202600044152,IPDR202600067651,ADDITIONAL_SESSION,-52,1
CDR202600034094,IPDR202600067664,PRIMARY_SESSION,-1,1
CDR202600079160,IPDR202600067671,PRIMARY_SESSION,405,1
CDR202600035169,IPDR202600067679,ADDITIONAL_SESSION,-851,1
CDR202600032619,IPDR202600067702,PRIMARY_SESSION,143,1
CDR202600031461,IPDR202600067705,PRIMARY_SESSION,1053,1
CDR202600087675,IPDR202600067732,PRIMARY_SESSION,198,1
CDR202600004320,IPDR202600067747,PRIMARY_SESSION,655,1
CDR202600069309,IPDR202600067759,ADDITIONAL_SESSION,126,1
CDR202600090186,IPDR202600067785,ADDITIONAL_SESSION,-181,1
CDR202600043142,IPDR202600067787,PRIMARY_SESSION,-23,1
CDR202600022948,IPDR202600067803,ADDITIONAL_SESSION,-8,1
CDR202600041823,IPDR202600067804,ADDITIONAL_SESSION,208,1
CDR202600074213,IPDR202600067812,PRIMARY_SESSION,-32,1
CDR202600086463,IPDR202600067848,PRIMARY_SESSION,-419,1
CDR202600007780,IPDR202600067861,PRIMARY_SESSION,464,1
CDR202600000581,IPDR202600067871,PRIMARY_SESSION,211,1
CDR202600038999,IPDR202600067872,PRIMARY_SESSION,39,1
CDR202600086441,IPDR202600067876,ADDITIONAL_SESSION,859,1
CDR202600059274,IPDR202600067895,ADDITIONAL_SESSION,-34,1
CDR202600031764,IPDR202600067897,ADDITIONAL_SESSION,45,1
CDR202600044790,IPDR202600067901,ADDITIONAL_SESSION,-49,1
CDR202600084710,IPDR202600067913,ADDITIONAL_SESSION,490,1
CDR202600033626,IPDR202600067958,ADDITIONAL_SESSION,48,1
CDR202600008407,IPDR202600067959,PRIMARY_SESSION,128,1
CDR202600058008,IPDR202600067961,ADDITIONAL_SESSION,7,1
CDR202600056205,IPDR202600067978,PRIMARY_SESSION,197,1
CDR202600086165,IPDR202600067980,PRIMARY_SESSION,108,1
CDR202600072336,IPDR202600068013,PRIMARY_SESSION,-54,1
CDR202600064685,IPDR202600068030,PRIMARY_SESSION,-57,1
CDR202600010941,IPDR202600068047,PRIMARY_SESSION,135,1
CDR202600075950,IPDR202600068063,PRIMARY_SESSION,201,1
CDR202600026750,IPDR202600068079,ADDITIONAL_SESSION,492,1
CDR202600000093,IPDR202600068099,ADDITIONAL_SESSION,1783,1
CDR202600048968,IPDR202600068146,PRIMARY_SESSION,-207,1
CDR202600070278,IPDR202600068167,PRIMARY_SESSION,-30,1
CDR202600024910,IPDR202600068185,ADDITIONAL_SESSION,-10,1
CDR202600030701,IPDR202600068192,PRIMARY_SESSION,11,1
CDR202600012648,IPDR202600068198,PRIMARY_SESSION,-271,1
CDR202600010870,IPDR202600068235,PRIMARY_SESSION,655,1
CDR202600015601,IPDR202600068246,ADDITIONAL_SESSION,-44,1
CDR202600063787,IPDR202600068252,PRIMARY_SESSION,292,1
CDR202600021938,IPDR202600068257,PRIMARY_SESSION,-230,1
CDR202600084391,IPDR202600068269,PRIMARY_SESSION,826,1
CDR202600012095,IPDR202600068280,ADDITIONAL_SESSION,-160,1
CDR202600089206,IPDR202600068354,ADDITIONAL_SESSION,107,1
CDR202600077544,IPDR202600068361,PRIMARY_SESSION,-50,1
CDR202600075739,IPDR202600068396,PRIMARY_SESSION,-36,1
CDR202600003458,IPDR202600068397,PRIMARY_SESSION,-202,1
CDR202600073017,IPDR202600068404,PRIMARY_SESSION,20,1
CDR202600076010,IPDR202600068406,PRIMARY_SESSION,268,1
CDR202600017346,IPDR202600068418,PRIMARY_SESSION,-627,1
CDR202600019700,IPDR202600068430,ADDITIONAL_SESSION,657,1
CDR202600032576,IPDR202600068439,ADDITIONAL_SESSION,-1711,1
CDR202600073115,IPDR202600068512,PRIMARY_SESSION,36,1
CDR202600070306,IPDR202600068515,PRIMARY_SESSION,-171,1
CDR202600042038,IPDR202600068562,PRIMARY_SESSION,-492,1
CDR202600013962,IPDR202600068566,PRIMARY_SESSION,840,1
CDR202600082564,IPDR202600068574,PRIMARY_SESSION,854,1
CDR202600026829,IPDR202600068620,PRIMARY_SESSION,13,1
CDR202600034261,IPDR202600068642,ADDITIONAL_SESSION,712,1
CDR202600028280,IPDR202600068646,PRIMARY_SESSION,-167,1
CDR202600044325,IPDR202600068653,ADDITIONAL_SESSION,228,1
CDR202600088445,IPDR202600068657,ADDITIONAL_SESSION,499,1
CDR202600087560,IPDR202600068671,PRIMARY_SESSION,-579,1
CDR202600040183,IPDR202600068695,PRIMARY_SESSION,-841,1
CDR202600038560,IPDR202600068713,PRIMARY_SESSION,47,1
CDR202600010678,IPDR202600068732,ADDITIONAL_SESSION,156,1
CDR202600067340,IPDR202600068739,ADDITIONAL_SESSION,58,1
CDR202600013614,IPDR202600068773,PRIMARY_SESSION,-458,1
CDR202600047488,IPDR202600068825,ADDITIONAL_SESSION,-328,1
CDR202600043239,IPDR202600068855,PRIMARY_SESSION,74,1
CDR202600051237,IPDR202600068876,PRIMARY_SESSION,-177,1
CDR202600028409,IPDR202600068882,ADDITIONAL_SESSION,861,1
CDR202600047139,IPDR202600068887,PRIMARY_SESSION,-457,1
CDR202600035155,IPDR202600068915,ADDITIONAL_SESSION,451,1
CDR202600083282,IPDR202600068922,ADDITIONAL_SESSION,-46,1
CDR202600054273,IPDR202600068926,PRIMARY_SESSION,510,1
CDR202600080671,IPDR202600068929,ADDITIONAL_SESSION,59,1
CDR202600043053,IPDR202600068950,ADDITIONAL_SESSION,71,1
CDR202600042162,IPDR202600068958,ADDITIONAL_SESSION,-197,1
CDR202600052643,IPDR202600068976,PRIMARY_SESSION,-157,1
CDR202600067329,IPDR202600068984,ADDITIONAL_SESSION,-282,1
CDR202600060607,IPDR202600068995,PRIMARY_SESSION,-55,1
CDR202600034535,IPDR202600069001,PRIMARY_SESSION,-29,1
CDR202600061350,IPDR202600069002,PRIMARY_SESSION,-171,1
CDR202600020510,IPDR202600069007,ADDITIONAL_SESSION,13,1
CDR202600026743,IPDR202600069020,PRIMARY_SESSION,6,1
CDR202600034434,IPDR202600069038,ADDITIONAL_SESSION,-28,1
CDR202600011392,IPDR202600069043,PRIMARY_SESSION,-256,1
CDR202600059981,IPDR202600069057,PRIMARY_SESSION,-28,1
CDR202600075810,IPDR202600069076,ADDITIONAL_SESSION,-679,1
CDR202600005700,IPDR202600069086,ADDITIONAL_SESSION,383,1
CDR202600003502,IPDR202600069140,PRIMARY_SESSION,871,1
CDR202600030311,IPDR202600069146,ADDITIONAL_SESSION,-1189,1
CDR202600032939,IPDR202600069198,PRIMARY_SESSION,-279,1
CDR202600014196,IPDR202600069201,ADDITIONAL_SESSION,-28,1
CDR202600024911,IPDR202600069228,ADDITIONAL_SESSION,-383,1
CDR202600026244,IPDR202600069243,PRIMARY_SESSION,74,1
CDR202600066885,IPDR202600069283,ADDITIONAL_SESSION,217,1
CDR202600009899,IPDR202600069286,ADDITIONAL_SESSION,993,1
CDR202600003565,IPDR202600069303,ADDITIONAL_SESSION,-61,1
CDR202600026888,IPDR202600069331,PRIMARY_SESSION,526,1
CDR202600010035,IPDR202600069361,ADDITIONAL_SESSION,-420,1
CDR202600023661,IPDR202600069372,ADDITIONAL_SESSION,-990,1
CDR202600078554,IPDR202600069375,PRIMARY_SESSION,829,1
CDR202600064443,IPDR202600069397,PRIMARY_SESSION,-162,1
CDR202600060338,IPDR202600069408,PRIMARY_SESSION,-43,1
CDR202600046706,IPDR202600069422,PRIMARY_SESSION,-237,1
CDR202600069690,IPDR202600069463,PRIMARY_SESSION,1799,1
CDR202600033923,IPDR202600069467,PRIMARY_SESSION,-690,1
CDR202600076785,IPDR202600069471,PRIMARY_SESSION,290,1
CDR202600076238,IPDR202600069505,ADDITIONAL_SESSION,336,1
CDR202600019255,IPDR202600069514,ADDITIONAL_SESSION,-8,1
CDR202600035846,IPDR202600069524,ADDITIONAL_SESSION,205,1
CDR202600016975,IPDR202600069559,PRIMARY_SESSION,75,1
CDR202600007393,IPDR202600069565,PRIMARY_SESSION,-23,1
CDR202600081190,IPDR202600069624,PRIMARY_SESSION,-1195,1
CDR202600038782,IPDR202600069657,PRIMARY_SESSION,526,1
CDR202600080226,IPDR202600069667,ADDITIONAL_SESSION,225,1
CDR202600014215,IPDR202600069672,PRIMARY_SESSION,-56,1
CDR202600032967,IPDR202600069702,PRIMARY_SESSION,-107,1
CDR202600047293,IPDR202600069736,PRIMARY_SESSION,35,1
CDR202600062984,IPDR202600069763,PRIMARY_SESSION,21,1
CDR202600002369,IPDR202600069787,PRIMARY_SESSION,-206,1
CDR202600052001,IPDR202600069808,PRIMARY_SESSION,440,1
CDR202600073998,IPDR202600069809,ADDITIONAL_SESSION,219,1
CDR202600050754,IPDR202600069822,ADDITIONAL_SESSION,649,1
CDR202600049427,IPDR202600069837,PRIMARY_SESSION,801,1
CDR202600062225,IPDR202600069851,PRIMARY_SESSION,-718,1
CDR202600089623,IPDR202600069867,PRIMARY_SESSION,-575,1
CDR202600079567,IPDR202600069870,ADDITIONAL_SESSION,145,1
CDR202600077038,IPDR202600069892,PRIMARY_SESSION,806,1
CDR202600025848,IPDR202600069911,PRIMARY_SESSION,57,1
CDR202600074545,IPDR202600069943,PRIMARY_SESSION,277,1
CDR202600050278,IPDR202600069956,ADDITIONAL_SESSION,193,1
CDR202600029676,IPDR202600069976,PRIMARY_SESSION,787,1
CDR202600030846,IPDR202600069995,PRIMARY_SESSION,801,1
CDR202600066997,IPDR202600070036,ADDITIONAL_SESSION,277,1
CDR202600084642,IPDR202600070058,PRIMARY_SESSION,-120,1
CDR202600048565,IPDR202600070072,PRIMARY_SESSION,39,1
CDR202600032140,IPDR202600070088,ADDITIONAL_SESSION,148,1
CDR202600010941,IPDR202600070104,ADDITIONAL_SESSION,238,1
CDR202600018313,IPDR202600070120,PRIMARY_SESSION,943,1
CDR202600063486,IPDR202600070123,ADDITIONAL_SESSION,708,1
CDR202600005289,IPDR202600070144,PRIMARY_SESSION,16,1
CDR202600053842,IPDR202600070149,PRIMARY_SESSION,-248,1
CDR202600087771,IPDR202600070153,PRIMARY_SESSION,27,1
CDR202600081766,IPDR202600070165,PRIMARY_SESSION,46,1
CDR202600040578,IPDR202600070188,PRIMARY_SESSION,153,1
CDR202600054937,IPDR202600070242,ADDITIONAL_SESSION,-53,1
CDR202600029394,IPDR202600070245,ADDITIONAL_SESSION,-1682,1
CDR202600018271,IPDR202600070255,ADDITIONAL_SESSION,-29,1
CDR202600010941,IPDR202600070259,ADDITIONAL_SESSION,-18,1
CDR202600080382,IPDR202600070262,ADDITIONAL_SESSION,-657,1
CDR202600001433,IPDR202600070309,ADDITIONAL_SESSION,-53,1
CDR202600079509,IPDR202600070317,PRIMARY_SESSION,18,1
CDR202600018308,IPDR202600070337,PRIMARY_SESSION,-159,1
CDR202600043340,IPDR202600070347,PRIMARY_SESSION,-27,1
CDR202600069309,IPDR202600070355,ADDITIONAL_SESSION,-27,1
CDR202600031324,IPDR202600070357,PRIMARY_SESSION,285,1
CDR202600073006,IPDR202600070368,PRIMARY_SESSION,-1196,1
CDR202600031914,IPDR202600070369,PRIMARY_SESSION,-207,1
CDR202600044224,IPDR202600070377,PRIMARY_SESSION,-218,1
CDR202600072526,IPDR202600070435,PRIMARY_SESSION,241,1
CDR202600031907,IPDR202600070436,PRIMARY_SESSION,173,1
CDR202600044558,IPDR202600070444,ADDITIONAL_SESSION,-12,1
CDR202600006209,IPDR202600070509,PRIMARY_SESSION,-1655,1
CDR202600004862,IPDR202600070547,ADDITIONAL_SESSION,59,1
CDR202600028890,IPDR202600070577,PRIMARY_SESSION,31,1
CDR202600071170,IPDR202600070587,ADDITIONAL_SESSION,-94,1
CDR202600011543,IPDR202600070625,PRIMARY_SESSION,-262,1
CDR202600063378,IPDR202600070637,ADDITIONAL_SESSION,-22,1
CDR202600024911,IPDR202600070682,PRIMARY_SESSION,-208,1
CDR202600078452,IPDR202600070687,ADDITIONAL_SESSION,-203,1
CDR202600024000,IPDR202600070701,ADDITIONAL_SESSION,24,1
CDR202600072660,IPDR202600070705,ADDITIONAL_SESSION,-1147,1
CDR202600012810,IPDR202600070706,ADDITIONAL_SESSION,81,1
CDR202600008455,IPDR202600070723,PRIMARY_SESSION,28,1
CDR202600041348,IPDR202600070761,PRIMARY_SESSION,393,1
CDR202600065216,IPDR202600070775,PRIMARY_SESSION,-221,1
CDR202600016161,IPDR202600070780,ADDITIONAL_SESSION,-249,1
CDR202600017308,IPDR202600070798,ADDITIONAL_SESSION,-407,1
CDR202600063074,IPDR202600070808,ADDITIONAL_SESSION,-1008,1
CDR202600041115,IPDR202600070841,PRIMARY_SESSION,1690,1
CDR202600058469,IPDR202600070844,PRIMARY_SESSION,749,1
CDR202600024803,IPDR202600070862,PRIMARY_SESSION,-768,1
CDR202600074561,IPDR202600070897,ADDITIONAL_SESSION,-43,1
CDR202600021513,IPDR202600070909,ADDITIONAL_SESSION,1417,1
CDR202600088167,IPDR202600070934,ADDITIONAL_SESSION,-42,1
CDR202600031888,IPDR202600070960,PRIMARY_SESSION,-920,1
CDR202600088417,IPDR202600070974,PRIMARY_SESSION,41,1
CDR202600066394,IPDR202600070981,PRIMARY_SESSION,24,1
CDR202600033458,IPDR202600070998,PRIMARY_SESSION,563,1
CDR202600057520,IPDR202600071007,PRIMARY_SESSION,54,1
CDR202600050073,IPDR202600071017,PRIMARY_SESSION,-55,1
CDR202600057246,IPDR202600071019,PRIMARY_SESSION,-309,1
CDR202600080857,IPDR202600071029,ADDITIONAL_SESSION,-271,1
CDR202600078195,IPDR202600071081,ADDITIONAL_SESSION,-182,1
CDR202600022188,IPDR202600071116,PRIMARY_SESSION,-262,1
CDR202600002865,IPDR202600071119,PRIMARY_SESSION,1459,1
CDR202600015642,IPDR202600071120,PRIMARY_SESSION,-225,1
CDR202600080391,IPDR202600071129,PRIMARY_SESSION,-673,1
CDR202600034224,IPDR202600071162,PRIMARY_SESSION,-1251,1
CDR202600067537,IPDR202600071175,PRIMARY_SESSION,-17,1
CDR202600058927,IPDR202600071192,ADDITIONAL_SESSION,-129,1
CDR202600003816,IPDR202600071236,PRIMARY_SESSION,1069,1
CDR202600014014,IPDR202600071266,PRIMARY_SESSION,-110,1
CDR202600064727,IPDR202600071269,PRIMARY_SESSION,43,1
CDR202600017768,IPDR202600071270,PRIMARY_SESSION,49,1
CDR202600055518,IPDR202600071273,PRIMARY_SESSION,-1363,1
CDR202600042411,IPDR202600071285,PRIMARY_SESSION,5,1
CDR202600090929,IPDR202600071300,PRIMARY_SESSION,782,1
CDR202600078923,IPDR202600071334,PRIMARY_SESSION,292,1
CDR202600013621,IPDR202600071363,PRIMARY_SESSION,-31,1
CDR202600033707,IPDR202600071400,PRIMARY_SESSION,-313,1
CDR202600066054,IPDR202600071430,ADDITIONAL_SESSION,85,1
CDR202600042539,IPDR202600071486,ADDITIONAL_SESSION,-66,1
CDR202600083082,IPDR202600071492,PRIMARY_SESSION,13,1
CDR202600085428,IPDR202600071513,ADDITIONAL_SESSION,130,1
CDR202600084107,IPDR202600071516,PRIMARY_SESSION,272,1
CDR202600089353,IPDR202600071559,PRIMARY_SESSION,-261,1
CDR202600034655,IPDR202600071624,PRIMARY_SESSION,-268,1
CDR202600081721,IPDR202600071645,PRIMARY_SESSION,271,1
CDR202600035062,IPDR202600071663,PRIMARY_SESSION,-894,1
CDR202600010515,IPDR202600071761,ADDITIONAL_SESSION,208,1
CDR202600027948,IPDR202600071770,PRIMARY_SESSION,1317,1
CDR202600059593,IPDR202600071798,PRIMARY_SESSION,204,1
CDR202600018734,IPDR202600071814,PRIMARY_SESSION,-74,1
CDR202600035717,IPDR202600071831,ADDITIONAL_SESSION,-686,1
CDR202600012501,IPDR202600071846,ADDITIONAL_SESSION,128,1
CDR202600082768,IPDR202600071877,PRIMARY_SESSION,-726,1
CDR202600028660,IPDR202600071880,PRIMARY_SESSION,9,1
CDR202600014547,IPDR202600071904,PRIMARY_SESSION,69,1
CDR202600082400,IPDR202600071936,PRIMARY_SESSION,182,1
CDR202600009877,IPDR202600071993,ADDITIONAL_SESSION,-152,1
CDR202600060755,IPDR202600072011,PRIMARY_SESSION,878,1
CDR202600000758,IPDR202600072016,PRIMARY_SESSION,-124,1
CDR202600079035,IPDR202600072057,ADDITIONAL_SESSION,-273,1
CDR202600089603,IPDR202600072058,PRIMARY_SESSION,-192,1
CDR202600061656,IPDR202600072062,PRIMARY_SESSION,24,1
CDR202600072460,IPDR202600072103,ADDITIONAL_SESSION,-55,1
CDR202600038177,IPDR202600072119,ADDITIONAL_SESSION,681,1
CDR202600082425,IPDR202600072161,PRIMARY_SESSION,179,1
CDR202600088527,IPDR202600072280,ADDITIONAL_SESSION,-157,1
CDR202600077908,IPDR202600072281,PRIMARY_SESSION,56,1
CDR202600013109,IPDR202600072287,PRIMARY_SESSION,278,1
CDR202600021051,IPDR202600072304,ADDITIONAL_SESSION,702,1
CDR202600043421,IPDR202600072312,ADDITIONAL_SESSION,-801,1
CDR202600037371,IPDR202600072313,ADDITIONAL_SESSION,-41,1
CDR202600069113,IPDR202600072317,PRIMARY_SESSION,-258,1
CDR202600031140,IPDR202600072319,PRIMARY_SESSION,20,1
CDR202600070790,IPDR202600072326,ADDITIONAL_SESSION,785,1
CDR202600025808,IPDR202600072330,ADDITIONAL_SESSION,697,1
CDR202600051483,IPDR202600072388,ADDITIONAL_SESSION,-690,1
CDR202600005869,IPDR202600072396,PRIMARY_SESSION,339,1
CDR202600055673,IPDR202600072408,PRIMARY_SESSION,57,1
CDR202600057339,IPDR202600072418,PRIMARY_SESSION,407,1
CDR202600041027,IPDR202600072456,ADDITIONAL_SESSION,-99,1
CDR202600038990,IPDR202600072463,PRIMARY_SESSION,204,1
CDR202600068420,IPDR202600072480,ADDITIONAL_SESSION,-37,1
CDR202600034632,IPDR202600072535,ADDITIONAL_SESSION,108,1
CDR202600071083,IPDR202600072573,PRIMARY_SESSION,57,1
CDR202600057947,IPDR202600072592,ADDITIONAL_SESSION,-288,1
CDR202600056865,IPDR202600072603,PRIMARY_SESSION,-856,1
CDR202600028156,IPDR202600072608,ADDITIONAL_SESSION,91,1
CDR202600066412,IPDR202600072624,ADDITIONAL_SESSION,113,1
CDR202600042423,IPDR202600072636,ADDITIONAL_SESSION,-25,1
CDR202600035536,IPDR202600072641,ADDITIONAL_SESSION,12,1
CDR202600090502,IPDR202600072647,PRIMARY_SESSION,-473,1
CDR202600053413,IPDR202600072677,ADDITIONAL_SESSION,-897,1
CDR202600014107,IPDR202600072684,PRIMARY_SESSION,456,1
CDR202600069678,IPDR202600072712,PRIMARY_SESSION,240,1
CDR202600012508,IPDR202600072718,PRIMARY_SESSION,71,1
CDR202600020160,IPDR202600072724,PRIMARY_SESSION,55,1
CDR202600045713,IPDR202600072735,PRIMARY_SESSION,343,1
CDR202600075244,IPDR202600072793,ADDITIONAL_SESSION,218,1
CDR202600018466,IPDR202600072846,ADDITIONAL_SESSION,11,1
CDR202600035990,IPDR202600072852,PRIMARY_SESSION,-119,1
CDR202600070884,IPDR202600072882,ADDITIONAL_SESSION,160,1
CDR202600045020,IPDR202600072908,ADDITIONAL_SESSION,3,1
CDR202600015358,IPDR202600072925,ADDITIONAL_SESSION,6,1
CDR202600047175,IPDR202600072937,PRIMARY_SESSION,76,1
CDR202600017779,IPDR202600072956,PRIMARY_SESSION,-794,1
CDR202600040007,IPDR202600072963,ADDITIONAL_SESSION,-59,1
CDR202600022027,IPDR202600073037,ADDITIONAL_SESSION,-39,1
CDR202600009172,IPDR202600073076,ADDITIONAL_SESSION,43,1
CDR202600046373,IPDR202600073085,ADDITIONAL_SESSION,-296,1
CDR202600050180,IPDR202600073088,ADDITIONAL_SESSION,691,1
CDR202600038685,IPDR202600073094,ADDITIONAL_SESSION,-1,1
CDR202600009042,IPDR202600073142,PRIMARY_SESSION,-35,1
CDR202600071672,IPDR202600073154,ADDITIONAL_SESSION,83,1
CDR202600053796,IPDR202600073157,PRIMARY_SESSION,368,1
CDR202600034289,IPDR202600073162,PRIMARY_SESSION,-396,1
CDR202600021956,IPDR202600073228,PRIMARY_SESSION,-826,1
CDR202600063697,IPDR202600073247,ADDITIONAL_SESSION,-200,1
CDR202600052470,IPDR202600073254,ADDITIONAL_SESSION,186,1
CDR202600070063,IPDR202600073259,PRIMARY_SESSION,-644,1
CDR202600020337,IPDR202600073262,ADDITIONAL_SESSION,-572,1
CDR202600064457,IPDR202600073284,PRIMARY_SESSION,-193,1
CDR202600049164,IPDR202600073327,PRIMARY_SESSION,-58,1
CDR202600025826,IPDR202600073347,PRIMARY_SESSION,481,1
CDR202600069668,IPDR202600073377,PRIMARY_SESSION,-1182,1
CDR202600072198,IPDR202600073390,PRIMARY_SESSION,-274,1
CDR202600007229,IPDR202600073395,PRIMARY_SESSION,277,1
CDR202600063100,IPDR202600073456,PRIMARY_SESSION,5,1
CDR202600018466,IPDR202600073480,PRIMARY_SESSION,-1280,1
CDR202600076956,IPDR202600073513,ADDITIONAL_SESSION,1418,1
CDR202600046076,IPDR202600073567,ADDITIONAL_SESSION,467,1
CDR202600023016,IPDR202600073585,PRIMARY_SESSION,-36,1
CDR202600000040,IPDR202600073589,PRIMARY_SESSION,164,1
CDR202600008164,IPDR202600073593,PRIMARY_SESSION,-17,1
CDR202600014036,IPDR202600073596,ADDITIONAL_SESSION,198,1
CDR202600074849,IPDR202600073640,ADDITIONAL_SESSION,830,1
CDR202600033043,IPDR202600073665,PRIMARY_SESSION,-87,1
CDR202600012370,IPDR202600073756,PRIMARY_SESSION,-16,1
CDR202600055518,IPDR202600073759,ADDITIONAL_SESSION,-88,1
CDR202600060594,IPDR202600073772,PRIMARY_SESSION,-39,1
CDR202600047569,IPDR202600073773,PRIMARY_SESSION,-103,1
CDR202600048247,IPDR202600073775,ADDITIONAL_SESSION,-214,1
CDR202600000980,IPDR202600073793,PRIMARY_SESSION,196,1
CDR202600072953,IPDR202600073802,PRIMARY_SESSION,210,1
CDR202600024285,IPDR202600073807,ADDITIONAL_SESSION,1736,1
CDR202600012533,IPDR202600073808,PRIMARY_SESSION,15,1
CDR202600018099,IPDR202600073849,ADDITIONAL_SESSION,43,1
CDR202600003680,IPDR202600073874,PRIMARY_SESSION,-8,1
CDR202600005700,IPDR202600073901,ADDITIONAL_SESSION,717,1
CDR202600048195,IPDR202600073906,PRIMARY_SESSION,33,1
CDR202600091002,IPDR202600073919,PRIMARY_SESSION,15,1
CDR202600048100,IPDR202600073938,ADDITIONAL_SESSION,-7,1
CDR202600074998,IPDR202600073950,ADDITIONAL_SESSION,798,1
CDR202600020123,IPDR202600074002,PRIMARY_SESSION,700,1
CDR202600055858,IPDR202600074033,PRIMARY_SESSION,-171,1
CDR202600011825,IPDR202600074105,PRIMARY_SESSION,99,1
CDR202600088096,IPDR202600074111,PRIMARY_SESSION,22,1
CDR202600045882,IPDR202600074112,ADDITIONAL_SESSION,-277,1
CDR202600077489,IPDR202600074119,PRIMARY_SESSION,45,1
CDR202600008943,IPDR202600074123,PRIMARY_SESSION,-20,1
CDR202600061105,IPDR202600074206,PRIMARY_SESSION,-246,1
CDR202600046002,IPDR202600074212,PRIMARY_SESSION,-274,1
CDR202600028634,IPDR202600074226,PRIMARY_SESSION,30,1
CDR202600039134,IPDR202600074233,PRIMARY_SESSION,-188,1
CDR202600036000,IPDR202600074265,ADDITIONAL_SESSION,710,1
CDR202600046512,IPDR202600074293,PRIMARY_SESSION,405,1
CDR202600014506,IPDR202600074305,PRIMARY_SESSION,26,1
CDR202600025962,IPDR202600074323,ADDITIONAL_SESSION,-1303,1
CDR202600046792,IPDR202600074331,ADDITIONAL_SESSION,124,1
CDR202600090974,IPDR202600074356,PRIMARY_SESSION,79,1
CDR202600085031,IPDR202600074379,PRIMARY_SESSION,798,1
CDR202600026161,IPDR202600074382,ADDITIONAL_SESSION,-204,1
CDR202600009101,IPDR202600074436,PRIMARY_SESSION,-30,1
CDR202600015574,IPDR202600074457,PRIMARY_SESSION,-53,1
CDR202600061153,IPDR202600074460,ADDITIONAL_SESSION,-219,1
CDR202600046162,IPDR202600074502,PRIMARY_SESSION,-65,1
CDR202600058927,IPDR202600074582,PRIMARY_SESSION,-577,1
CDR202600085312,IPDR202600074588,PRIMARY_SESSION,-208,1
CDR202600035013,IPDR202600074589,ADDITIONAL_SESSION,1574,1
CDR202600058690,IPDR202600074593,PRIMARY_SESSION,69,1
CDR202600031829,IPDR202600074629,PRIMARY_SESSION,24,1
CDR202600076304,IPDR202600074636,ADDITIONAL_SESSION,1442,1
CDR202600090186,IPDR202600074651,ADDITIONAL_SESSION,101,1
CDR202600023016,IPDR202600074671,ADDITIONAL_SESSION,785,1
CDR202600032763,IPDR202600074687,ADDITIONAL_SESSION,-219,1
CDR202600008488,IPDR202600074696,ADDITIONAL_SESSION,-79,1
CDR202600023913,IPDR202600074697,PRIMARY_SESSION,-39,1
CDR202600066417,IPDR202600074746,PRIMARY_SESSION,-619,1
CDR202600052010,IPDR202600074798,PRIMARY_SESSION,-35,1
CDR202600009849,IPDR202600074800,PRIMARY_SESSION,-562,1
CDR202600052019,IPDR202600074801,PRIMARY_SESSION,65,1
CDR202600000028,IPDR202600074810,ADDITIONAL_SESSION,-75,1
CDR202600049106,IPDR202600074828,ADDITIONAL_SESSION,313,1
CDR202600052240,IPDR202600074858,PRIMARY_SESSION,-147,1
CDR202600068863,IPDR202600074861,PRIMARY_SESSION,-598,1
CDR202600054880,IPDR202600074878,PRIMARY_SESSION,-139,1
CDR202600010386,IPDR202600074883,PRIMARY_SESSION,13,1
CDR202600030930,IPDR202600074893,PRIMARY_SESSION,535,1
CDR202600013007,IPDR202600074896,PRIMARY_SESSION,11,1
CDR202600078117,IPDR202600074938,PRIMARY_SESSION,-34,1
CDR202600015039,IPDR202600074971,ADDITIONAL_SESSION,1282,1
CDR202600015601,IPDR202600074979,PRIMARY_SESSION,-12,1
CDR202600086564,IPDR202600074983,ADDITIONAL_SESSION,-41,1
CDR202600061893,IPDR202600074987,PRIMARY_SESSION,12,1
CDR202600074852,IPDR202600074988,ADDITIONAL_SESSION,-16,1
CDR202600033374,IPDR202600075010,PRIMARY_SESSION,-26,1
CDR202600079663,IPDR202600075011,PRIMARY_SESSION,-24,1
CDR202600063697,IPDR202600075012,ADDITIONAL_SESSION,-287,1
CDR202600087382,IPDR202600075017,PRIMARY_SESSION,-395,1
CDR202600058741,IPDR202600075024,PRIMARY_SESSION,-299,1
CDR202600044358,IPDR202600075032,PRIMARY_SESSION,75,1
CDR202600043961,IPDR202600075047,PRIMARY_SESSION,345,1
CDR202600024865,IPDR202600075052,PRIMARY_SESSION,216,1
CDR202600022889,IPDR202600075075,PRIMARY_SESSION,-120,1
CDR202600045217,IPDR202600075078,PRIMARY_SESSION,-46,1
CDR202600081510,IPDR202600075079,PRIMARY_SESSION,500,1
CDR202600082544,IPDR202600075094,ADDITIONAL_SESSION,-834,1
CDR202600061940,IPDR202600075158,ADDITIONAL_SESSION,23,1
CDR202600014750,IPDR202600075162,PRIMARY_SESSION,-981,1
CDR202600028034,IPDR202600075166,ADDITIONAL_SESSION,127,1
CDR202600062304,IPDR202600075178,ADDITIONAL_SESSION,-1312,1
CDR202600042127,IPDR202600075200,PRIMARY_SESSION,-824,1
CDR202600080956,IPDR202600075224,PRIMARY_SESSION,1047,1
CDR202600037371,IPDR202600075236,ADDITIONAL_SESSION,-1203,1
CDR202600058294,IPDR202600075255,PRIMARY_SESSION,12,1
CDR202600068216,IPDR202600075347,ADDITIONAL_SESSION,-235,1
CDR202600033428,IPDR202600075379,PRIMARY_SESSION,99,1
CDR202600083803,IPDR202600075381,PRIMARY_SESSION,40,1
CDR202600013939,IPDR202600075384,PRIMARY_SESSION,-23,1
CDR202600014745,IPDR202600075385,ADDITIONAL_SESSION,-99,1
CDR202600064595,IPDR202600075407,PRIMARY_SESSION,-1550,1
CDR202600059559,IPDR202600075422,PRIMARY_SESSION,-427,1
CDR202600051282,IPDR202600075426,ADDITIONAL_SESSION,1026,1
CDR202600063864,IPDR202600075428,ADDITIONAL_SESSION,-713,1
CDR202600047488,IPDR202600075437,PRIMARY_SESSION,21,1
CDR202600080612,IPDR202600075494,PRIMARY_SESSION,-754,1
CDR202600059013,IPDR202600075513,PRIMARY_SESSION,-621,1
CDR202600017928,IPDR202600075523,PRIMARY_SESSION,-43,1
CDR202600024209,IPDR202600075537,PRIMARY_SESSION,884,1
CDR202600022265,IPDR202600075538,ADDITIONAL_SESSION,-207,1
CDR202600079383,IPDR202600075559,ADDITIONAL_SESSION,114,1
CDR202600072268,IPDR202600075565,ADDITIONAL_SESSION,-181,1
CDR202600090418,IPDR202600075588,ADDITIONAL_SESSION,-291,1
CDR202600019001,IPDR202600075617,PRIMARY_SESSION,-48,1
CDR202600077165,IPDR202600075630,PRIMARY_SESSION,21,1
CDR202600026754,IPDR202600075649,PRIMARY_SESSION,183,1
CDR202600089436,IPDR202600075665,PRIMARY_SESSION,-505,1
CDR202600075703,IPDR202600075671,ADDITIONAL_SESSION,-115,1
CDR202600081655,IPDR202600075702,ADDITIONAL_SESSION,-1703,1
CDR202600058556,IPDR202600075704,ADDITIONAL_SESSION,-86,1
CDR202600037035,IPDR202600075731,PRIMARY_SESSION,290,1
CDR202600049021,IPDR202600075738,ADDITIONAL_SESSION,841,1
CDR202600090479,IPDR202600075758,ADDITIONAL_SESSION,169,1
CDR202600011789,IPDR202600075774,PRIMARY_SESSION,12,1
CDR202600062269,IPDR202600075779,PRIMARY_SESSION,-851,1
CDR202600007848,IPDR202600075800,ADDITIONAL_SESSION,-772,1
CDR202600039042,IPDR202600075801,PRIMARY_SESSION,4,1
CDR202600021635,IPDR202600075842,PRIMARY_SESSION,-474,1
CDR202600051874,IPDR202600075858,ADDITIONAL_SESSION,46,1
CDR202600070704,IPDR202600075898,PRIMARY_SESSION,-391,1
CDR202600076978,IPDR202600075905,ADDITIONAL_SESSION,883,1
CDR202600018795,IPDR202600075918,PRIMARY_SESSION,204,1
CDR202600038468,IPDR202600075935,PRIMARY_SESSION,-17,1
CDR202600077389,IPDR202600075947,PRIMARY_SESSION,-24,1
CDR202600040487,IPDR202600075967,PRIMARY_SESSION,32,1
CDR202600069313,IPDR202600075971,ADDITIONAL_SESSION,290,1
CDR202600067381,IPDR202600075976,PRIMARY_SESSION,-106,1
CDR202600001056,IPDR202600076008,PRIMARY_SESSION,580,1
CDR202600010631,IPDR202600076034,ADDITIONAL_SESSION,-27,1
CDR202600088445,IPDR202600076047,PRIMARY_SESSION,-275,1
CDR202600001844,IPDR202600076049,PRIMARY_SESSION,97,1
CDR202600003942,IPDR202600076082,ADDITIONAL_SESSION,-481,1
CDR202600021879,IPDR202600076102,ADDITIONAL_SESSION,1031,1
CDR202600008840,IPDR202600076171,PRIMARY_SESSION,42,1
CDR202600030339,IPDR202600076182,PRIMARY_SESSION,568,1
CDR202600011339,IPDR202600076208,ADDITIONAL_SESSION,277,1
CDR202600057493,IPDR202600076220,ADDITIONAL_SESSION,-826,1
CDR202600044977,IPDR202600076230,PRIMARY_SESSION,12,1
CDR202600085102,IPDR202600076275,PRIMARY_SESSION,338,1
CDR202600084366,IPDR202600076282,PRIMARY_SESSION,405,1
CDR202600005720,IPDR202600076317,PRIMARY_SESSION,-801,1
CDR202600027395,IPDR202600076319,ADDITIONAL_SESSION,-2,1
CDR202600090996,IPDR202600076399,ADDITIONAL_SESSION,145,1
CDR202600018239,IPDR202600076440,PRIMARY_SESSION,-47,1
CDR202600075819,IPDR202600076449,ADDITIONAL_SESSION,127,1
CDR202600019028,IPDR202600076452,ADDITIONAL_SESSION,266,1
CDR202600040584,IPDR202600076472,PRIMARY_SESSION,126,1
CDR202600037779,IPDR202600076505,PRIMARY_SESSION,-172,1
CDR202600081721,IPDR202600076509,ADDITIONAL_SESSION,1287,1
CDR202600023659,IPDR202600076513,PRIMARY_SESSION,49,1
CDR202600046375,IPDR202600076534,PRIMARY_SESSION,-260,1
CDR202600043046,IPDR202600076541,PRIMARY_SESSION,190,1
CDR202600073774,IPDR202600076550,PRIMARY_SESSION,839,1
CDR202600011517,IPDR202600076569,PRIMARY_SESSION,-324,1
CDR202600013825,IPDR202600076615,PRIMARY_SESSION,185,1
CDR202600069006,IPDR202600076620,PRIMARY_SESSION,127,1
CDR202600037113,IPDR202600076641,ADDITIONAL_SESSION,38,1
CDR202600054887,IPDR202600076667,PRIMARY_SESSION,-17,1
CDR202600085129,IPDR202600076676,PRIMARY_SESSION,792,1
CDR202600041131,IPDR202600076759,PRIMARY_SESSION,-93,1
CDR202600005652,IPDR202600076786,ADDITIONAL_SESSION,-890,1
CDR202600030547,IPDR202600076803,PRIMARY_SESSION,122,1
CDR202600017586,IPDR202600076807,PRIMARY_SESSION,-689,1
CDR202600089879,IPDR202600076812,ADDITIONAL_SESSION,-64,1
CDR202600046340,IPDR202600076816,PRIMARY_SESSION,1509,1
CDR202600004469,IPDR202600076854,PRIMARY_SESSION,-939,1
CDR202600035717,IPDR202600076871,ADDITIONAL_SESSION,-1368,1
CDR202600078178,IPDR202600076877,PRIMARY_SESSION,-91,1
CDR202600003016,IPDR202600076895,ADDITIONAL_SESSION,36,1
CDR202600050109,IPDR202600076909,PRIMARY_SESSION,-532,1
CDR202600014998,IPDR202600076914,PRIMARY_SESSION,-1227,1
CDR202600045656,IPDR202600076944,ADDITIONAL_SESSION,-10,1
CDR202600003175,IPDR202600076955,PRIMARY_SESSION,62,1
CDR202600080474,IPDR202600076982,ADDITIONAL_SESSION,-131,1
CDR202600012861,IPDR202600077025,ADDITIONAL_SESSION,50,1
CDR202600019887,IPDR202600077033,PRIMARY_SESSION,948,1
CDR202600071656,IPDR202600077045,PRIMARY_SESSION,66,1
CDR202600050710,IPDR202600077049,PRIMARY_SESSION,275,1
CDR202600024911,IPDR202600077076,ADDITIONAL_SESSION,134,1
CDR202600074936,IPDR202600077094,ADDITIONAL_SESSION,-244,1
CDR202600049868,IPDR202600077114,ADDITIONAL_SESSION,-1,1
CDR202600048420,IPDR202600077116,PRIMARY_SESSION,-190,1
CDR202600066369,IPDR202600077145,ADDITIONAL_SESSION,-925,1
CDR202600041220,IPDR202600077220,PRIMARY_SESSION,-25,1
CDR202600048952,IPDR202600077244,ADDITIONAL_SESSION,1704,1
CDR202600086454,IPDR202600077248,PRIMARY_SESSION,296,1
CDR202600006561,IPDR202600077259,PRIMARY_SESSION,18,1
CDR202600055711,IPDR202600077260,PRIMARY_SESSION,-1322,1
CDR202600051012,IPDR202600077287,PRIMARY_SESSION,-775,1
CDR202600087462,IPDR202600077291,PRIMARY_SESSION,-45,1
CDR202600048711,IPDR202600077313,ADDITIONAL_SESSION,-1489,1
CDR202600026789,IPDR202600077318,PRIMARY_SESSION,-15,1
CDR202600005700,IPDR202600077329,ADDITIONAL_SESSION,-707,1
CDR202600047352,IPDR202600077334,PRIMARY_SESSION,-962,1
CDR202600026640,IPDR202600077340,PRIMARY_SESSION,-141,1
CDR202600017920,IPDR202600077344,PRIMARY_SESSION,6,1
CDR202600073347,IPDR202600077345,PRIMARY_SESSION,-174,1
CDR202600028941,IPDR202600077387,ADDITIONAL_SESSION,103,1
CDR202600080714,IPDR202600077389,ADDITIONAL_SESSION,856,1
CDR202600076238,IPDR202600077391,ADDITIONAL_SESSION,-586,1
CDR202600086092,IPDR202600077392,PRIMARY_SESSION,-695,1
CDR202600033534,IPDR202600077397,PRIMARY_SESSION,-36,1
CDR202600088086,IPDR202600077450,ADDITIONAL_SESSION,211,1
CDR202600079314,IPDR202600077454,PRIMARY_SESSION,504,1
CDR202600048315,IPDR202600077457,PRIMARY_SESSION,-169,1
CDR202600011546,IPDR202600077471,PRIMARY_SESSION,-56,1
CDR202600080671,IPDR202600077476,ADDITIONAL_SESSION,179,1
CDR202600088857,IPDR202600077483,PRIMARY_SESSION,-1244,1
CDR202600064908,IPDR202600077520,ADDITIONAL_SESSION,145,1
CDR202600010515,IPDR202600077551,ADDITIONAL_SESSION,-752,1
CDR202600085263,IPDR202600077553,ADDITIONAL_SESSION,-1233,1
CDR202600015293,IPDR202600077564,PRIMARY_SESSION,-544,1
CDR202600026760,IPDR202600077588,PRIMARY_SESSION,1314,1
CDR202600020983,IPDR202600077645,PRIMARY_SESSION,-55,1
CDR202600017779,IPDR202600077725,ADDITIONAL_SESSION,8,1
CDR202600049882,IPDR202600077810,PRIMARY_SESSION,-199,1
CDR202600025513,IPDR202600077833,PRIMARY_SESSION,236,1
CDR202600043815,IPDR202600077834,PRIMARY_SESSION,-866,1
CDR202600043355,IPDR202600077862,PRIMARY_SESSION,48,1
CDR202600081792,IPDR202600077867,ADDITIONAL_SESSION,-461,1
CDR202600028687,IPDR202600077870,PRIMARY_SESSION,-1550,1
CDR202600066885,IPDR202600077889,PRIMARY_SESSION,19,1
CDR202600017515,IPDR202600077972,ADDITIONAL_SESSION,666,1
CDR202600051636,IPDR202600077990,PRIMARY_SESSION,-52,1
CDR202600075753,IPDR202600078001,ADDITIONAL_SESSION,-138,1
CDR202600089879,IPDR202600078015,PRIMARY_SESSION,619,1
CDR202600004752,IPDR202600078025,ADDITIONAL_SESSION,-51,1
CDR202600088782,IPDR202600078038,PRIMARY_SESSION,-227,1
CDR202600075426,IPDR202600078044,ADDITIONAL_SESSION,262,1
CDR202600012195,IPDR202600078046,PRIMARY_SESSION,-15,1
CDR202600049094,IPDR202600078101,PRIMARY_SESSION,-54,1
CDR202600057490,IPDR202600078107,PRIMARY_SESSION,-126,1
CDR202600037935,IPDR202600078111,PRIMARY_SESSION,22,1
CDR202600069668,IPDR202600078117,ADDITIONAL_SESSION,1464,1
CDR202600041281,IPDR202600078128,PRIMARY_SESSION,249,1
CDR202600066576,IPDR202600078141,ADDITIONAL_SESSION,29,1
CDR202600032619,IPDR202600078145,ADDITIONAL_SESSION,18,1
CDR202600016788,IPDR202600078157,PRIMARY_SESSION,6,1
CDR202600034388,IPDR202600078197,PRIMARY_SESSION,1712,1
CDR202600039605,IPDR202600078211,PRIMARY_SESSION,-427,1
CDR202600045468,IPDR202600078212,PRIMARY_SESSION,878,1
CDR202600012691,IPDR202600078262,PRIMARY_SESSION,165,1
CDR202600058910,IPDR202600078275,ADDITIONAL_SESSION,467,1
CDR202600085777,IPDR202600078285,PRIMARY_SESSION,1482,1
CDR202600014247,IPDR202600078347,PRIMARY_SESSION,-231,1
CDR202600089973,IPDR202600078365,PRIMARY_SESSION,249,1
CDR202600071644,IPDR202600078368,PRIMARY_SESSION,-227,1
CDR202600022363,IPDR202600078379,ADDITIONAL_SESSION,-18,1
CDR202600065303,IPDR202600078380,PRIMARY_SESSION,-69,1
CDR202600038177,IPDR202600078423,PRIMARY_SESSION,-161,1
CDR202600005915,IPDR202600078461,PRIMARY_SESSION,230,1
CDR202600083122,IPDR202600078477,PRIMARY_SESSION,119,1
CDR202600067622,IPDR202600078483,PRIMARY_SESSION,4,1
CDR202600002278,IPDR202600078491,ADDITIONAL_SESSION,90,1
CDR202600081626,IPDR202600078495,PRIMARY_SESSION,39,1
CDR202600070370,IPDR202600078545,PRIMARY_SESSION,264,1
CDR202600015140,IPDR202600078551,PRIMARY_SESSION,-745,1
CDR202600004732,IPDR202600078564,PRIMARY_SESSION,1,1
CDR202600036352,IPDR202600078573,PRIMARY_SESSION,122,1
CDR202600054899,IPDR202600078623,PRIMARY_SESSION,55,1
CDR202600022258,IPDR202600078675,PRIMARY_SESSION,631,1
CDR202600066309,IPDR202600078685,PRIMARY_SESSION,-242,1
CDR202600083271,IPDR202600078697,ADDITIONAL_SESSION,-509,1
CDR202600000100,IPDR202600078698,PRIMARY_SESSION,228,1
CDR202600060669,IPDR202600078706,PRIMARY_SESSION,127,1
CDR202600001253,IPDR202600078722,PRIMARY_SESSION,55,1
CDR202600003430,IPDR202600078757,ADDITIONAL_SESSION,-686,1
CDR202600063184,IPDR202600078805,PRIMARY_SESSION,-1694,1
CDR202600027140,IPDR202600078823,PRIMARY_SESSION,25,1
CDR202600034707,IPDR202600078825,PRIMARY_SESSION,-174,1
CDR202600009659,IPDR202600078844,ADDITIONAL_SESSION,-601,1
CDR202600037508,IPDR202600078848,ADDITIONAL_SESSION,-116,1
CDR202600003883,IPDR202600078867,ADDITIONAL_SESSION,-18,1
CDR202600088989,IPDR202600078868,PRIMARY_SESSION,42,1
CDR202600046081,IPDR202600078884,PRIMARY_SESSION,-23,1
CDR202600027009,IPDR202600078914,ADDITIONAL_SESSION,-200,1
CDR202600068461,IPDR202600078937,PRIMARY_SESSION,-73,1
CDR202600070549,IPDR202600078952,ADDITIONAL_SESSION,-431,1
CDR202600030466,IPDR202600078976,ADDITIONAL_SESSION,-868,1
CDR202600005351,IPDR202600079000,ADDITIONAL_SESSION,-216,1
CDR202600040037,IPDR202600079003,ADDITIONAL_SESSION,6,1
CDR202600000831,IPDR202600079044,PRIMARY_SESSION,41,1
CDR202600028753,IPDR202600079064,ADDITIONAL_SESSION,-273,1
CDR202600038866,IPDR202600079068,PRIMARY_SESSION,5,1
CDR202600058317,IPDR202600079138,ADDITIONAL_SESSION,94,1
CDR202600019022,IPDR202600079139,ADDITIONAL_SESSION,-181,1
CDR202600030408,IPDR202600079148,PRIMARY_SESSION,-14,1
CDR202600074159,IPDR202600079150,ADDITIONAL_SESSION,-1277,1
CDR202600013080,IPDR202600079181,PRIMARY_SESSION,23,1
CDR202600059535,IPDR202600079186,ADDITIONAL_SESSION,-396,1
CDR202600074461,IPDR202600079194,ADDITIONAL_SESSION,125,1
CDR202600024629,IPDR202600079203,PRIMARY_SESSION,1220,1
CDR202600080226,IPDR202600079235,ADDITIONAL_SESSION,-1249,1
CDR202600053305,IPDR202600079255,PRIMARY_SESSION,209,1
CDR202600050475,IPDR202600079258,PRIMARY_SESSION,532,1
CDR202600049598,IPDR202600079287,PRIMARY_SESSION,1047,1
CDR202600026849,IPDR202600079293,ADDITIONAL_SESSION,-777,1
CDR202600066417,IPDR202600079310,ADDITIONAL_SESSION,-282,1
CDR202600069668,IPDR202600079356,ADDITIONAL_SESSION,-295,1
CDR202600087428,IPDR202600079374,PRIMARY_SESSION,250,1
CDR202600068870,IPDR202600079375,ADDITIONAL_SESSION,-404,1
CDR202600013775,IPDR202600079396,PRIMARY_SESSION,-21,1
CDR202600005281,IPDR202600079441,ADDITIONAL_SESSION,-547,1
CDR202600079151,IPDR202600079456,PRIMARY_SESSION,17,1
CDR202600030311,IPDR202600079464,PRIMARY_SESSION,19,1
CDR202600061218,IPDR202600079500,PRIMARY_SESSION,-412,1
CDR202600066068,IPDR202600079557,PRIMARY_SESSION,-276,1
CDR202600015574,IPDR202600079616,ADDITIONAL_SESSION,-919,1
CDR202600016562,IPDR202600079633,PRIMARY_SESSION,36,1
CDR202600073708,IPDR202600079660,PRIMARY_SESSION,8,1
CDR202600038597,IPDR202600079730,ADDITIONAL_SESSION,1037,1
CDR202600057126,IPDR202600079761,PRIMARY_SESSION,-1077,1
CDR202600046159,IPDR202600079763,ADDITIONAL_SESSION,175,1
CDR202600089973,IPDR202600079782,ADDITIONAL_SESSION,-15,1
CDR202600043421,IPDR202600079801,ADDITIONAL_SESSION,-218,1
CDR202600044783,IPDR202600079808,ADDITIONAL_SESSION,-131,1
CDR202600053368,IPDR202600079810,PRIMARY_SESSION,-55,1
CDR202600024910,IPDR202600079812,ADDITIONAL_SESSION,-166,1
CDR202600005307,IPDR202600079823,PRIMARY_SESSION,-66,1
CDR202600061589,IPDR202600079844,PRIMARY_SESSION,-850,1
CDR202600053684,IPDR202600079891,ADDITIONAL_SESSION,850,1
CDR202600003213,IPDR202600079899,ADDITIONAL_SESSION,2,1
CDR202600055268,IPDR202600079903,PRIMARY_SESSION,820,1
CDR202600074734,IPDR202600079937,ADDITIONAL_SESSION,1193,1
CDR202600063266,IPDR202600079938,PRIMARY_SESSION,-145,1
CDR202600067924,IPDR202600079940,ADDITIONAL_SESSION,36,1
CDR202600086654,IPDR202600080003,PRIMARY_SESSION,46,1
CDR202600049757,IPDR202600080018,PRIMARY_SESSION,1403,1
CDR202600027841,IPDR202600080036,PRIMARY_SESSION,239,1
CDR202600047576,IPDR202600080044,ADDITIONAL_SESSION,108,1
CDR202600033266,IPDR202600080058,PRIMARY_SESSION,-899,1
CDR202600013644,IPDR202600080079,PRIMARY_SESSION,-273,1
CDR202600029735,IPDR202600080146,PRIMARY_SESSION,13,1
CDR202600044656,IPDR202600080171,PRIMARY_SESSION,-127,1
CDR202600009006,IPDR202600080185,ADDITIONAL_SESSION,-15,1
CDR202600059684,IPDR202600080204,PRIMARY_SESSION,-33,1
CDR202600001403,IPDR202600080213,ADDITIONAL_SESSION,-274,1
CDR202600015288,IPDR202600080220,PRIMARY_SESSION,97,1
CDR202600010051,IPDR202600080225,PRIMARY_SESSION,312,1
CDR202600036541,IPDR202600080233,PRIMARY_SESSION,648,1
CDR202600061313,IPDR202600080253,PRIMARY_SESSION,-664,1
CDR202600028377,IPDR202600080281,PRIMARY_SESSION,187,1
CDR202600020952,IPDR202600080319,ADDITIONAL_SESSION,-290,1
CDR202600086564,IPDR202600080373,ADDITIONAL_SESSION,299,1
CDR202600003660,IPDR202600080399,ADDITIONAL_SESSION,-1609,1
CDR202600021215,IPDR202600080404,PRIMARY_SESSION,1725,1
CDR202600056498,IPDR202600080417,PRIMARY_SESSION,-99,1
CDR202600012048,IPDR202600080418,PRIMARY_SESSION,-243,1
CDR202600064577,IPDR202600080479,PRIMARY_SESSION,-438,1
CDR202600025201,IPDR202600080481,PRIMARY_SESSION,-89,1
CDR202600007018,IPDR202600080499,ADDITIONAL_SESSION,-1042,1
CDR202600034853,IPDR202600080527,PRIMARY_SESSION,38,1
CDR202600090880,IPDR202600080541,PRIMARY_SESSION,-254,1
CDR202600032291,IPDR202600080561,ADDITIONAL_SESSION,-23,1
CDR202600047773,IPDR202600080568,PRIMARY_SESSION,665,1
CDR202600058154,IPDR202600080577,ADDITIONAL_SESSION,-450,1
CDR202600080983,IPDR202600080588,PRIMARY_SESSION,865,1
CDR202600036372,IPDR202600080616,PRIMARY_SESSION,529,1
CDR202600000520,IPDR202600080633,ADDITIONAL_SESSION,-873,1
CDR202600027327,IPDR202600080671,ADDITIONAL_SESSION,-199,1
CDR202600021275,IPDR202600080686,PRIMARY_SESSION,46,1
CDR202600085099,IPDR202600080722,PRIMARY_SESSION,582,1
CDR202600061127,IPDR202600080755,ADDITIONAL_SESSION,-537,1
CDR202600000267,IPDR202600080824,ADDITIONAL_SESSION,-136,1
CDR202600051087,IPDR202600080839,PRIMARY_SESSION,20,1
CDR202600012375,IPDR202600080869,ADDITIONAL_SESSION,799,1
CDR202600066127,IPDR202600080896,ADDITIONAL_SESSION,791,1
CDR202600057246,IPDR202600080901,ADDITIONAL_SESSION,-729,1
CDR202600061165,IPDR202600080904,PRIMARY_SESSION,50,1
CDR202600054867,IPDR202600080916,ADDITIONAL_SESSION,268,1
CDR202600053534,IPDR202600080968,PRIMARY_SESSION,272,1
CDR202600041348,IPDR202600081006,ADDITIONAL_SESSION,376,1
CDR202600003897,IPDR202600081026,PRIMARY_SESSION,58,1
CDR202600052611,IPDR202600081028,PRIMARY_SESSION,148,1
CDR202600014644,IPDR202600081033,PRIMARY_SESSION,237,1
CDR202600004569,IPDR202600081041,PRIMARY_SESSION,-486,1
CDR202600033546,IPDR202600081060,PRIMARY_SESSION,-1629,1
CDR202600069994,IPDR202600081070,ADDITIONAL_SESSION,84,1
CDR202600021646,IPDR202600081073,PRIMARY_SESSION,811,1
CDR202600031065,IPDR202600081095,PRIMARY_SESSION,234,1
CDR202600020156,IPDR202600081124,ADDITIONAL_SESSION,895,1
CDR202600075541,IPDR202600081125,PRIMARY_SESSION,-5,1
CDR202600047220,IPDR202600081154,PRIMARY_SESSION,-254,1
CDR202600000267,IPDR202600081168,ADDITIONAL_SESSION,35,1
CDR202600037755,IPDR202600081174,PRIMARY_SESSION,365,1
CDR202600084100,IPDR202600081177,PRIMARY_SESSION,-72,1
CDR202600043278,IPDR202600081276,ADDITIONAL_SESSION,-3,1
CDR202600083142,IPDR202600081289,PRIMARY_SESSION,53,1
CDR202600020980,IPDR202600081291,PRIMARY_SESSION,-43,1
CDR202600034434,IPDR202600081298,PRIMARY_SESSION,-215,1
CDR202600063394,IPDR202600081309,PRIMARY_SESSION,96,1
CDR202600000201,IPDR202600081326,PRIMARY_SESSION,-1427,1
CDR202600076316,IPDR202600081327,PRIMARY_SESSION,-349,1
CDR202600086441,IPDR202600081338,PRIMARY_SESSION,307,1
CDR202600035037,IPDR202600081388,ADDITIONAL_SESSION,-119,1
CDR202600001702,IPDR202600081393,PRIMARY_SESSION,541,1
CDR202600046231,IPDR202600081421,PRIMARY_SESSION,-25,1
CDR202600036705,IPDR202600081471,PRIMARY_SESSION,-9,1
CDR202600088222,IPDR202600081473,PRIMARY_SESSION,91,1
CDR202600019266,IPDR202600081501,PRIMARY_SESSION,356,1
CDR202600032637,IPDR202600081502,PRIMARY_SESSION,158,1
CDR202600033570,IPDR202600081506,PRIMARY_SESSION,252,1
CDR202600079038,IPDR202600081514,PRIMARY_SESSION,31,1
CDR202600018219,IPDR202600081523,ADDITIONAL_SESSION,-43,1
CDR202600054668,IPDR202600081604,ADDITIONAL_SESSION,647,1
CDR202600037214,IPDR202600081739,ADDITIONAL_SESSION,-57,1
CDR202600048607,IPDR202600081777,PRIMARY_SESSION,-419,1
CDR202600047954,IPDR202600081793,PRIMARY_SESSION,-58,1
CDR202600088616,IPDR202600081845,PRIMARY_SESSION,1261,1
CDR202600081864,IPDR202600081847,ADDITIONAL_SESSION,10,1
CDR202600041787,IPDR202600081887,ADDITIONAL_SESSION,-1127,1
CDR202600070423,IPDR202600081890,ADDITIONAL_SESSION,-75,1
CDR202600045649,IPDR202600081897,PRIMARY_SESSION,387,1
CDR202600075641,IPDR202600081898,ADDITIONAL_SESSION,-55,1
CDR202600073233,IPDR202600081992,PRIMARY_SESSION,-133,1
CDR202600017671,IPDR202600082007,PRIMARY_SESSION,-1492,1
CDR202600028825,IPDR202600082035,PRIMARY_SESSION,642,1
CDR202600081629,IPDR202600082145,PRIMARY_SESSION,-568,1
CDR202600003264,IPDR202600082155,PRIMARY_SESSION,260,1
CDR202600018756,IPDR202600082177,PRIMARY_SESSION,-233,1
CDR202600026900,IPDR202600082213,ADDITIONAL_SESSION,107,1
CDR202600010514,IPDR202600082237,PRIMARY_SESSION,-971,1
CDR202600016539,IPDR202600082265,PRIMARY_SESSION,196,1
CDR202600025324,IPDR202600082268,PRIMARY_SESSION,240,1
CDR202600038462,IPDR202600082299,PRIMARY_SESSION,-235,1
CDR202600057246,IPDR202600082301,ADDITIONAL_SESSION,-314,1
CDR202600001937,IPDR202600082307,PRIMARY_SESSION,-622,1
CDR202600069950,IPDR202600082373,PRIMARY_SESSION,-152,1
CDR202600056142,IPDR202600082421,PRIMARY_SESSION,445,1
CDR202600089351,IPDR202600082434,PRIMARY_SESSION,1634,1
CDR202600048052,IPDR202600082443,PRIMARY_SESSION,1,1
CDR202600053305,IPDR202600082445,ADDITIONAL_SESSION,-36,1
CDR202600049269,IPDR202600082471,PRIMARY_SESSION,1179,1
CDR202600036375,IPDR202600082486,PRIMARY_SESSION,416,1
CDR202600051282,IPDR202600082561,ADDITIONAL_SESSION,-201,1
CDR202600083120,IPDR202600082567,ADDITIONAL_SESSION,1213,1
CDR202600049935,IPDR202600082579,PRIMARY_SESSION,10,1
CDR202600072408,IPDR202600082598,PRIMARY_SESSION,30,1
CDR202600075810,IPDR202600082600,PRIMARY_SESSION,-54,1
CDR202600036763,IPDR202600082631,PRIMARY_SESSION,827,1
CDR202600073302,IPDR202600082640,PRIMARY_SESSION,1418,1
CDR202600001433,IPDR202600082649,ADDITIONAL_SESSION,24,1
CDR202600051483,IPDR202600082659,ADDITIONAL_SESSION,-286,1
CDR202600019482,IPDR202600082666,PRIMARY_SESSION,190,1
CDR202600075303,IPDR202600082669,ADDITIONAL_SESSION,-878,1
CDR202600024706,IPDR202600082715,PRIMARY_SESSION,-816,1
CDR202600088847,IPDR202600082725,PRIMARY_SESSION,211,1
CDR202600029071,IPDR202600082751,PRIMARY_SESSION,-28,1
CDR202600044325,IPDR202600082766,PRIMARY_SESSION,840,1
CDR202600064963,IPDR202600082783,PRIMARY_SESSION,1537,1
CDR202600056619,IPDR202600082785,PRIMARY_SESSION,-103,1
CDR202600055965,IPDR202600082789,PRIMARY_SESSION,267,1
CDR202600013024,IPDR202600082846,ADDITIONAL_SESSION,-151,1
CDR202600051944,IPDR202600082864,PRIMARY_SESSION,86,1
CDR202600048681,IPDR202600082890,PRIMARY_SESSION,-23,1
CDR202600006519,IPDR202600082903,ADDITIONAL_SESSION,-395,1
CDR202600005633,IPDR202600082960,ADDITIONAL_SESSION,-340,1
CDR202600005540,IPDR202600083017,PRIMARY_SESSION,-809,1
CDR202600075641,IPDR202600083051,ADDITIONAL_SESSION,-79,1
CDR202600041697,IPDR202600083066,PRIMARY_SESSION,38,1
CDR202600080665,IPDR202600083076,ADDITIONAL_SESSION,804,1
CDR202600021386,IPDR202600083085,PRIMARY_SESSION,120,1
CDR202600028851,IPDR202600083094,ADDITIONAL_SESSION,-345,1
CDR202600090593,IPDR202600083104,ADDITIONAL_SESSION,346,1
CDR202600020123,IPDR202600083105,ADDITIONAL_SESSION,953,1
CDR202600003366,IPDR202600083123,ADDITIONAL_SESSION,32,1
CDR202600067609,IPDR202600083140,ADDITIONAL_SESSION,-255,1
CDR202600010582,IPDR202600083144,ADDITIONAL_SESSION,-1478,1
CDR202600061880,IPDR202600083151,ADDITIONAL_SESSION,-727,1
CDR202600026390,IPDR202600083164,ADDITIONAL_SESSION,-41,1
CDR202600045405,IPDR202600083248,PRIMARY_SESSION,177,1
CDR202600046992,IPDR202600083312,PRIMARY_SESSION,39,1
CDR202600064616,IPDR202600083359,PRIMARY_SESSION,-37,1
CDR202600006930,IPDR202600083379,PRIMARY_SESSION,-1389,1
CDR202600009951,IPDR202600083392,PRIMARY_SESSION,-19,1
CDR202600011107,IPDR202600083399,PRIMARY_SESSION,104,1
CDR202600062629,IPDR202600083456,PRIMARY_SESSION,33,1
CDR202600089187,IPDR202600083458,PRIMARY_SESSION,-847,1
CDR202600076395,IPDR202600083459,PRIMARY_SESSION,-46,1
CDR202600003142,IPDR202600083501,PRIMARY_SESSION,149,1
CDR202600026390,IPDR202600083526,PRIMARY_SESSION,-47,1
CDR202600090076,IPDR202600083536,PRIMARY_SESSION,494,1
CDR202600078162,IPDR202600083537,PRIMARY_SESSION,1416,1
CDR202600040172,IPDR202600083548,PRIMARY_SESSION,-1,1
CDR202600026709,IPDR202600083565,PRIMARY_SESSION,436,1
CDR202600020583,IPDR202600083587,PRIMARY_SESSION,-41,1
CDR202600054747,IPDR202600083612,ADDITIONAL_SESSION,66,1
CDR202600045207,IPDR202600083613,PRIMARY_SESSION,-1490,1
CDR202600059381,IPDR202600083627,ADDITIONAL_SESSION,42,1
CDR202600046935,IPDR202600083633,PRIMARY_SESSION,1361,1
CDR202600077989,IPDR202600083657,ADDITIONAL_SESSION,1218,1
CDR202600085066,IPDR202600083675,PRIMARY_SESSION,-123,1
CDR202600069407,IPDR202600083687,ADDITIONAL_SESSION,3,1
CDR202600035044,IPDR202600083695,PRIMARY_SESSION,-284,1
CDR202600009478,IPDR202600083698,PRIMARY_SESSION,-38,1
CDR202600054369,IPDR202600083700,PRIMARY_SESSION,1151,1
CDR202600087399,IPDR202600083712,ADDITIONAL_SESSION,-128,1
CDR202600037664,IPDR202600083745,ADDITIONAL_SESSION,-856,1
CDR202600075303,IPDR202600083784,PRIMARY_SESSION,667,1
CDR202600086313,IPDR202600083835,PRIMARY_SESSION,-47,1
CDR202600089626,IPDR202600083856,ADDITIONAL_SESSION,691,1
CDR202600011264,IPDR202600083888,PRIMARY_SESSION,279,1
CDR202600072564,IPDR202600083935,PRIMARY_SESSION,-46,1
CDR202600053400,IPDR202600083975,PRIMARY_SESSION,74,1
CDR202600036572,IPDR202600083976,ADDITIONAL_SESSION,47,1
CDR202600065099,IPDR202600084009,ADDITIONAL_SESSION,181,1
CDR202600004530,IPDR202600084026,PRIMARY_SESSION,-24,1
CDR202600072376,IPDR202600084027,ADDITIONAL_SESSION,-300,1
CDR202600045405,IPDR202600084038,ADDITIONAL_SESSION,-573,1
CDR202600087965,IPDR202600084071,PRIMARY_SESSION,-88,1
CDR202600057555,IPDR202600084086,PRIMARY_SESSION,39,1
CDR202600032489,IPDR202600084098,PRIMARY_SESSION,-260,1
CDR202600026640,IPDR202600084106,ADDITIONAL_SESSION,834,1
CDR202600056149,IPDR202600084148,PRIMARY_SESSION,387,1
CDR202600024523,IPDR202600084179,PRIMARY_SESSION,144,1
CDR202600011582,IPDR202600084214,PRIMARY_SESSION,1349,1
CDR202600033123,IPDR202600084225,PRIMARY_SESSION,-268,1
CDR202600016165,IPDR202600084243,PRIMARY_SESSION,-37,1
CDR202600035222,IPDR202600084259,ADDITIONAL_SESSION,-59,1
CDR202600010183,IPDR202600084262,ADDITIONAL_SESSION,234,1
CDR202600047773,IPDR202600084285,ADDITIONAL_SESSION,-2,1
CDR202600054369,IPDR202600084343,ADDITIONAL_SESSION,98,1
CDR202600069626,IPDR202600084426,PRIMARY_SESSION,1127,1
CDR202600055659,IPDR202600084451,PRIMARY_SESSION,-1262,1
CDR202600041039,IPDR202600084455,PRIMARY_SESSION,50,1
CDR202600005370,IPDR202600084461,PRIMARY_SESSION,-946,1
CDR202600062126,IPDR202600084479,PRIMARY_SESSION,24,1
CDR202600060012,IPDR202600084496,PRIMARY_SESSION,-408,1
CDR202600015693,IPDR202600084507,ADDITIONAL_SESSION,-1152,1
CDR202600090433,IPDR202600084560,PRIMARY_SESSION,-83,1
CDR202600050550,IPDR202600084564,PRIMARY_SESSION,-1762,1
CDR202600050847,IPDR202600084585,ADDITIONAL_SESSION,127,1
CDR202600086253,IPDR202600084621,PRIMARY_SESSION,-18,1
CDR202600091084,IPDR202600084677,PRIMARY_SESSION,229,1
CDR202600054128,IPDR202600084739,PRIMARY_SESSION,-45,1
CDR202600003319,IPDR202600084799,PRIMARY_SESSION,199,1
CDR202600010350,IPDR202600084813,PRIMARY_SESSION,248,1
CDR202600080747,IPDR202600084829,PRIMARY_SESSION,-42,1
CDR202600076035,IPDR202600084845,PRIMARY_SESSION,86,1
CDR202600007102,IPDR202600084859,ADDITIONAL_SESSION,-50,1
CDR202600021134,IPDR202600084865,PRIMARY_SESSION,-20,1
CDR202600074743,IPDR202600084873,PRIMARY_SESSION,-163,1
CDR202600069221,IPDR202600084876,ADDITIONAL_SESSION,-319,1
CDR202600046138,IPDR202600084895,ADDITIONAL_SESSION,-505,1
CDR202600049564,IPDR202600084902,PRIMARY_SESSION,39,1
CDR202600031531,IPDR202600084918,PRIMARY_SESSION,-5,1
CDR202600040192,IPDR202600084926,PRIMARY_SESSION,276,1
CDR202600000749,IPDR202600084945,PRIMARY_SESSION,22,1
CDR202600035512,IPDR202600084947,PRIMARY_SESSION,249,1
CDR202600086022,IPDR202600084953,PRIMARY_SESSION,328,1
CDR202600041975,IPDR202600084986,PRIMARY_SESSION,-156,1
CDR202600006479,IPDR202600084988,ADDITIONAL_SESSION,-173,1
CDR202600043399,IPDR202600084999,PRIMARY_SESSION,469,1
CDR202600024107,IPDR202600085008,ADDITIONAL_SESSION,58,1
CDR202600019722,IPDR202600085070,PRIMARY_SESSION,178,1
CDR202600048111,IPDR202600085083,PRIMARY_SESSION,-247,1
CDR202600003016,IPDR202600085093,ADDITIONAL_SESSION,194,1
CDR202600084924,IPDR202600085151,PRIMARY_SESSION,469,1
CDR202600083283,IPDR202600085174,PRIMARY_SESSION,-800,1
CDR202600007780,IPDR202600085255,ADDITIONAL_SESSION,1052,1
CDR202600029223,IPDR202600085259,ADDITIONAL_SESSION,71,1
CDR202600030514,IPDR202600085261,PRIMARY_SESSION,40,1
CDR202600008495,IPDR202600085279,PRIMARY_SESSION,7,1
CDR202600044823,IPDR202600085282,ADDITIONAL_SESSION,-45,1
CDR202600041727,IPDR202600085283,PRIMARY_SESSION,831,1
CDR202600048603,IPDR202600085289,PRIMARY_SESSION,-1076,1
CDR202600077884,IPDR202600085302,PRIMARY_SESSION,1,1
CDR202600011375,IPDR202600085322,PRIMARY_SESSION,371,1
CDR202600083686,IPDR202600085326,PRIMARY_SESSION,-111,1
CDR202600085138,IPDR202600085333,PRIMARY_SESSION,-163,1
CDR202600084940,IPDR202600085414,PRIMARY_SESSION,37,1
CDR202600040342,IPDR202600085429,PRIMARY_SESSION,-27,1
CDR202600060553,IPDR202600085460,PRIMARY_SESSION,-8,1
CDR202600064449,IPDR202600085461,ADDITIONAL_SESSION,-1269,1
CDR202600046224,IPDR202600085497,PRIMARY_SESSION,-862,1
CDR202600023661,IPDR202600085498,ADDITIONAL_SESSION,-402,1
CDR202600050330,IPDR202600085546,ADDITIONAL_SESSION,-10,1
CDR202600060992,IPDR202600085568,PRIMARY_SESSION,151,1
CDR202600042962,IPDR202600085637,PRIMARY_SESSION,1233,1
CDR202600017851,IPDR202600085646,PRIMARY_SESSION,-540,1
CDR202600046373,IPDR202600085655,ADDITIONAL_SESSION,1139,1
CDR202600000748,IPDR202600085679,PRIMARY_SESSION,-815,1
CDR202600081581,IPDR202600085816,PRIMARY_SESSION,9,1
CDR202600066661,IPDR202600085819,ADDITIONAL_SESSION,-67,1
CDR202600033950,IPDR202600085870,PRIMARY_SESSION,48,1
CDR202600053802,IPDR202600085894,PRIMARY_SESSION,37,1
CDR202600044776,IPDR202600085899,PRIMARY_SESSION,-155,1
CDR202600014196,IPDR202600085930,PRIMARY_SESSION,151,1
CDR202600024541,IPDR202600085947,ADDITIONAL_SESSION,511,1
CDR202600020583,IPDR202600085953,ADDITIONAL_SESSION,-40,1
CDR202600004651,IPDR202600085955,ADDITIONAL_SESSION,54,1
CDR202600004094,IPDR202600085957,PRIMARY_SESSION,-709,1
CDR202600024575,IPDR202600085960,PRIMARY_SESSION,-185,1
CDR202600065201,IPDR202600085967,ADDITIONAL_SESSION,-9,1
CDR202600059535,IPDR202600085986,ADDITIONAL_SESSION,-137,1
CDR202600040179,IPDR202600085995,PRIMARY_SESSION,677,1
CDR202600082325,IPDR202600086004,PRIMARY_SESSION,58,1
CDR202600001001,IPDR202600086022,PRIMARY_SESSION,-730,1
CDR202600001203,IPDR202600086034,PRIMARY_SESSION,-2,1
CDR202600006883,IPDR202600086038,PRIMARY_SESSION,-160,1
CDR202600043504,IPDR202600086115,PRIMARY_SESSION,-113,1
CDR202600076840,IPDR202600086152,PRIMARY_SESSION,329,1
CDR202600058793,IPDR202600086184,PRIMARY_SESSION,-75,1
CDR202600062933,IPDR202600086206,PRIMARY_SESSION,758,1
CDR202600007925,IPDR202600086227,PRIMARY_SESSION,-703,1
CDR202600057290,IPDR202600086230,PRIMARY_SESSION,208,1
CDR202600002608,IPDR202600086295,PRIMARY_SESSION,-141,1
CDR202600024056,IPDR202600086301,PRIMARY_SESSION,1782,1
CDR202600022498,IPDR202600086303,ADDITIONAL_SESSION,264,1
CDR202600015358,IPDR202600086315,ADDITIONAL_SESSION,-188,1
CDR202600040972,IPDR202600086320,ADDITIONAL_SESSION,-8,1
CDR202600077331,IPDR202600086371,ADDITIONAL_SESSION,-1709,1
CDR202600089969,IPDR202600086415,PRIMARY_SESSION,27,1
CDR202600082003,IPDR202600086418,PRIMARY_SESSION,882,1
CDR202600087352,IPDR202600086421,ADDITIONAL_SESSION,-1510,1
CDR202600065229,IPDR202600086493,PRIMARY_SESSION,-49,1
CDR202600003190,IPDR202600086527,PRIMARY_SESSION,18,1
CDR202600072379,IPDR202600086545,ADDITIONAL_SESSION,-660,1
CDR202600002124,IPDR202600086578,PRIMARY_SESSION,233,1
CDR202600034136,IPDR202600086610,PRIMARY_SESSION,227,1
CDR202600042530,IPDR202600086613,PRIMARY_SESSION,118,1
CDR202600006982,IPDR202600086621,PRIMARY_SESSION,-239,1
CDR202600040765,IPDR202600086624,ADDITIONAL_SESSION,-683,1
CDR202600083625,IPDR202600086643,ADDITIONAL_SESSION,-548,1
CDR202600044871,IPDR202600086658,PRIMARY_SESSION,-26,1
CDR202600035418,IPDR202600086666,PRIMARY_SESSION,290,1
CDR202600001838,IPDR202600086672,ADDITIONAL_SESSION,-241,1
CDR202600059912,IPDR202600086701,PRIMARY_SESSION,-188,1
CDR202600082025,IPDR202600086707,ADDITIONAL_SESSION,11,1
CDR202600024803,IPDR202600086712,ADDITIONAL_SESSION,-208,1
CDR202600045505,IPDR202600086722,PRIMARY_SESSION,-24,1
CDR202600017614,IPDR202600086740,ADDITIONAL_SESSION,46,1
CDR202600021682,IPDR202600086754,ADDITIONAL_SESSION,1291,1
CDR202600031276,IPDR202600086761,ADDITIONAL_SESSION,-941,1
CDR202600053778,IPDR202600086826,ADDITIONAL_SESSION,45,1
CDR202600005665,IPDR202600086832,PRIMARY_SESSION,266,1
CDR202600037789,IPDR202600086878,PRIMARY_SESSION,1,1
CDR202600023588,IPDR202600086889,PRIMARY_SESSION,822,1
CDR202600035536,IPDR202600086925,ADDITIONAL_SESSION,-702,1
CDR202600023305,IPDR202600086935,ADDITIONAL_SESSION,4,1
CDR202600008702,IPDR202600086974,ADDITIONAL_SESSION,-799,1
CDR202600028233,IPDR202600087022,ADDITIONAL_SESSION,-1,1
CDR202600057121,IPDR202600087030,PRIMARY_SESSION,-922,1
CDR202600000963,IPDR202600087032,PRIMARY_SESSION,-1413,1
CDR202600013024,IPDR202600087037,PRIMARY_SESSION,1072,1
CDR202600051209,IPDR202600087062,PRIMARY_SESSION,-189,1
CDR202600016737,IPDR202600087085,ADDITIONAL_SESSION,256,1
CDR202600088409,IPDR202600087131,PRIMARY_SESSION,-14,1
CDR202600084798,IPDR202600087138,PRIMARY_SESSION,124,1
CDR202600063820,IPDR202600087153,PRIMARY_SESSION,51,1
CDR202600031411,IPDR202600087200,PRIMARY_SESSION,-263,1
CDR202600011962,IPDR202600087201,PRIMARY_SESSION,183,1
CDR202600050713,IPDR202600087219,PRIMARY_SESSION,39,1
CDR202600090746,IPDR202600087246,PRIMARY_SESSION,-136,1
CDR202600016401,IPDR202600087251,PRIMARY_SESSION,8,1
CDR202600074926,IPDR202600087314,PRIMARY_SESSION,-223,1
CDR202600068656,IPDR202600087349,PRIMARY_SESSION,56,1
CDR202600031898,IPDR202600087375,PRIMARY_SESSION,203,1
CDR202600013024,IPDR202600087376,ADDITIONAL_SESSION,-820,1
CDR202600085223,IPDR202600087388,PRIMARY_SESSION,-310,1
CDR202600034923,IPDR202600087389,ADDITIONAL_SESSION,155,1
CDR202600035451,IPDR202600087396,PRIMARY_SESSION,-1761,1
CDR202600079266,IPDR202600087410,PRIMARY_SESSION,-102,1
CDR202600046743,IPDR202600087418,PRIMARY_SESSION,19,1
CDR202600074398,IPDR202600087419,ADDITIONAL_SESSION,367,1
CDR202600078177,IPDR202600087421,PRIMARY_SESSION,-134,1
CDR202600074561,IPDR202600087483,PRIMARY_SESSION,-104,1
CDR202600068046,IPDR202600087493,ADDITIONAL_SESSION,1505,1
CDR202600078424,IPDR202600087496,PRIMARY_SESSION,110,1
CDR202600046840,IPDR202600087549,ADDITIONAL_SESSION,677,1
CDR202600070704,IPDR202600087555,ADDITIONAL_SESSION,172,1
CDR202600047436,IPDR202600087564,ADDITIONAL_SESSION,-226,1
CDR202600087606,IPDR202600087573,PRIMARY_SESSION,-194,1
CDR202600056323,IPDR202600087587,PRIMARY_SESSION,-59,1
CDR202600063018,IPDR202600087591,PRIMARY_SESSION,249,1
CDR202600049432,IPDR202600087602,ADDITIONAL_SESSION,-1596,1
CDR202600007910,IPDR202600087615,PRIMARY_SESSION,-19,1
CDR202600075414,IPDR202600087621,PRIMARY_SESSION,-765,1
CDR202600011859,IPDR202600087632,PRIMARY_SESSION,175,1
CDR202600018269,IPDR202600087644,PRIMARY_SESSION,258,1
CDR202600054557,IPDR202600087667,PRIMARY_SESSION,-659,1
CDR202600050847,IPDR202600087669,ADDITIONAL_SESSION,-269,1
CDR202600067336,IPDR202600087694,PRIMARY_SESSION,-6,1
CDR202600071208,IPDR202600087739,ADDITIONAL_SESSION,438,1
CDR202600054891,IPDR202600087751,PRIMARY_SESSION,292,1
CDR202600073367,IPDR202600087760,ADDITIONAL_SESSION,262,1
CDR202600072256,IPDR202600087837,ADDITIONAL_SESSION,-876,1
CDR202600046291,IPDR202600087846,PRIMARY_SESSION,-22,1
CDR202600000010,IPDR202600087860,PRIMARY_SESSION,-1556,1
CDR202600013614,IPDR202600087880,ADDITIONAL_SESSION,-85,1
CDR202600005597,IPDR202600087886,PRIMARY_SESSION,140,1
CDR202600042352,IPDR202600087895,PRIMARY_SESSION,1279,1
CDR202600072250,IPDR202600087898,PRIMARY_SESSION,228,1
CDR202600048100,IPDR202600087928,ADDITIONAL_SESSION,-222,1
CDR202600075596,IPDR202600087943,ADDITIONAL_SESSION,-58,1
CDR202600090778,IPDR202600087963,PRIMARY_SESSION,-33,1
CDR202600047417,IPDR202600087967,ADDITIONAL_SESSION,-81,1
CDR202600086518,IPDR202600087998,ADDITIONAL_SESSION,-115,1
CDR202600027554,IPDR202600088014,ADDITIONAL_SESSION,1241,1
CDR202600083656,IPDR202600088029,PRIMARY_SESSION,7,1
CDR202600055251,IPDR202600088053,PRIMARY_SESSION,-1431,1
CDR202600039548,IPDR202600088060,ADDITIONAL_SESSION,-261,1
CDR202600045683,IPDR202600088094,PRIMARY_SESSION,182,1
CDR202600084555,IPDR202600088142,ADDITIONAL_SESSION,-68,1
CDR202600079321,IPDR202600088201,ADDITIONAL_SESSION,-1620,1
CDR202600067537,IPDR202600088207,ADDITIONAL_SESSION,54,1
CDR202600035658,IPDR202600088227,PRIMARY_SESSION,-169,1
CDR202600067686,IPDR202600088268,PRIMARY_SESSION,-133,1
CDR202600074754,IPDR202600088276,ADDITIONAL_SESSION,873,1
CDR202600066490,IPDR202600088284,ADDITIONAL_SESSION,-551,1
CDR202600015038,IPDR202600088292,PRIMARY_SESSION,1173,1
CDR202600011942,IPDR202600088302,PRIMARY_SESSION,-32,1
CDR202600013621,IPDR202600088333,ADDITIONAL_SESSION,-53,1
CDR202600081790,IPDR202600088375,PRIMARY_SESSION,-848,1
CDR202600084025,IPDR202600088440,PRIMARY_SESSION,5,1
CDR202600078823,IPDR202600088492,PRIMARY_SESSION,98,1
CDR202600024614,IPDR202600088518,PRIMARY_SESSION,-123,1
CDR202600046224,IPDR202600088538,ADDITIONAL_SESSION,-1453,1
CDR202600036518,IPDR202600088576,PRIMARY_SESSION,47,1
CDR202600086728,IPDR202600088583,ADDITIONAL_SESSION,112,1
CDR202600050330,IPDR202600088593,PRIMARY_SESSION,271,1
CDR202600067407,IPDR202600088662,PRIMARY_SESSION,235,1
CDR202600051372,IPDR202600088665,ADDITIONAL_SESSION,597,1
CDR202600038028,IPDR202600088682,PRIMARY_SESSION,-242,1
CDR202600074312,IPDR202600088705,ADDITIONAL_SESSION,1435,1
CDR202600064796,IPDR202600088715,ADDITIONAL_SESSION,-573,1
CDR202600017884,IPDR202600088770,ADDITIONAL_SESSION,-592,1
CDR202600057121,IPDR202600088774,ADDITIONAL_SESSION,15,1
CDR202600088246,IPDR202600088800,PRIMARY_SESSION,52,1
CDR202600044407,IPDR202600088811,ADDITIONAL_SESSION,-157,1
CDR202600058366,IPDR202600088812,PRIMARY_SESSION,-51,1
CDR202600056974,IPDR202600088827,ADDITIONAL_SESSION,-132,1
CDR202600020455,IPDR202600088866,PRIMARY_SESSION,-23,1
CDR202600040558,IPDR202600088874,PRIMARY_SESSION,86,1
CDR202600005551,IPDR202600088880,PRIMARY_SESSION,30,1
CDR202600062301,IPDR202600088893,PRIMARY_SESSION,146,1
CDR202600047708,IPDR202600088907,ADDITIONAL_SESSION,-170,1
CDR202600029749,IPDR202600088908,PRIMARY_SESSION,1081,1
CDR202600066412,IPDR202600088923,ADDITIONAL_SESSION,-90,1
CDR202600076401,IPDR202600088928,PRIMARY_SESSION,-254,1
CDR202600007018,IPDR202600088929,ADDITIONAL_SESSION,-710,1
CDR202600035222,IPDR202600088944,PRIMARY_SESSION,837,1
CDR202600038385,IPDR202600088962,ADDITIONAL_SESSION,439,1
CDR202600070549,IPDR202600088978,PRIMARY_SESSION,27,1
CDR202600067513,IPDR202600088989,ADDITIONAL_SESSION,48,1
CDR202600015500,IPDR202600089009,PRIMARY_SESSION,1541,1
CDR202600088086,IPDR202600089021,ADDITIONAL_SESSION,-204,1
CDR202600060154,IPDR202600089025,ADDITIONAL_SESSION,-557,1
CDR202600044076,IPDR202600089028,ADDITIONAL_SESSION,567,1
CDR202600030311,IPDR202600089077,ADDITIONAL_SESSION,30,1
CDR202600083254,IPDR202600089079,PRIMARY_SESSION,58,1
CDR202600036580,IPDR202600089161,ADDITIONAL_SESSION,782,1
CDR202600081582,IPDR202600089167,ADDITIONAL_SESSION,307,1
CDR202600080651,IPDR202600089179,PRIMARY_SESSION,-2,1
CDR202600040336,IPDR202600089182,PRIMARY_SESSION,-117,1
CDR202600040802,IPDR202600089192,PRIMARY_SESSION,-1078,1
CDR202600039241,IPDR202600089209,ADDITIONAL_SESSION,-1499,1
CDR202600042624,IPDR202600089219,PRIMARY_SESSION,-618,1
CDR202600046886,IPDR202600089232,PRIMARY_SESSION,670,1
CDR202600020455,IPDR202600089235,ADDITIONAL_SESSION,-450,1
CDR202600035487,IPDR202600089262,PRIMARY_SESSION,667,1
CDR202600080747,IPDR202600089317,ADDITIONAL_SESSION,-300,1
CDR202600085158,IPDR202600089338,ADDITIONAL_SESSION,535,1
CDR202600070937,IPDR202600089344,ADDITIONAL_SESSION,134,1
CDR202600045573,IPDR202600089347,ADDITIONAL_SESSION,551,1
CDR202600000028,IPDR202600089406,ADDITIONAL_SESSION,-39,1
CDR202600076956,IPDR202600089410,PRIMARY_SESSION,214,1
CDR202600029801,IPDR202600089426,PRIMARY_SESSION,-26,1
CDR202600023350,IPDR202600089429,PRIMARY_SESSION,100,1
CDR202600008081,IPDR202600089499,ADDITIONAL_SESSION,169,1
CDR202600002859,IPDR202600089503,PRIMARY_SESSION,-553,1
CDR202600052719,IPDR202600089506,ADDITIONAL_SESSION,1234,1
CDR202600042979,IPDR202600089525,PRIMARY_SESSION,241,1
CDR202600076162,IPDR202600089535,PRIMARY_SESSION,17,1
CDR202600051067,IPDR202600089621,PRIMARY_SESSION,-292,1
CDR202600033736,IPDR202600089635,PRIMARY_SESSION,-279,1
CDR202600039085,IPDR202600089662,PRIMARY_SESSION,-597,1
CDR202600067879,IPDR202600089672,PRIMARY_SESSION,1435,1
CDR202600049284,IPDR202600089673,PRIMARY_SESSION,869,1
CDR202600082173,IPDR202600089690,ADDITIONAL_SESSION,59,1
CDR202600021029,IPDR202600089693,PRIMARY_SESSION,-167,1
CDR202600039327,IPDR202600089721,PRIMARY_SESSION,-157,1
CDR202600075002,IPDR202600089728,ADDITIONAL_SESSION,871,1
CDR202600075400,IPDR202600089754,ADDITIONAL_SESSION,-225,1
CDR202600020708,IPDR202600089766,PRIMARY_SESSION,858,1
CDR202600033458,IPDR202600089785,ADDITIONAL_SESSION,271,1
CDR202600008702,IPDR202600089797,PRIMARY_SESSION,249,1
CDR202600000676,IPDR202600089806,PRIMARY_SESSION,167,1
CDR202600030544,IPDR202600089815,PRIMARY_SESSION,3,1
CDR202600005050,IPDR202600089833,ADDITIONAL_SESSION,-92,1
CDR202600061324,IPDR202600089855,PRIMARY_SESSION,91,1
CDR202600039793,IPDR202600089868,PRIMARY_SESSION,665,1
CDR202600021966,IPDR202600089879,ADDITIONAL_SESSION,219,1
CDR202600015756,IPDR202600089891,PRIMARY_SESSION,-1,1
CDR202600081009,IPDR202600089901,PRIMARY_SESSION,7,1
CDR202600046624,IPDR202600089922,PRIMARY_SESSION,10,1
CDR202600019028,IPDR202600089937,PRIMARY_SESSION,-55,1
CDR202600030045,IPDR202600089949,ADDITIONAL_SESSION,157,1
CDR202600027382,IPDR202600089951,PRIMARY_SESSION,-30,1
CDR202600050031,IPDR202600089972,ADDITIONAL_SESSION,-30,1
CDR202600003190,IPDR202600089975,ADDITIONAL_SESSION,-226,1
CDR202600041881,IPDR202600090001,PRIMARY_SESSION,972,1
CDR202600008331,IPDR202600090005,ADDITIONAL_SESSION,1530,1
CDR202600064566,IPDR202600090008,ADDITIONAL_SESSION,-273,1
CDR202600085063,IPDR202600090032,PRIMARY_SESSION,-118,1
CDR202600040741,IPDR202600090048,ADDITIONAL_SESSION,669,1
CDR202600002311,IPDR202600090054,ADDITIONAL_SESSION,32,1
CDR202600075641,IPDR202600090059,PRIMARY_SESSION,-30,1
CDR202600030880,IPDR202600090106,ADDITIONAL_SESSION,754,1
CDR202600079573,IPDR202600090112,ADDITIONAL_SESSION,22,1
CDR202600082790,IPDR202600090138,PRIMARY_SESSION,407,1
CDR202600012501,IPDR202600090153,PRIMARY_SESSION,-239,1
CDR202600047862,IPDR202600090155,ADDITIONAL_SESSION,-247,1
CDR202600028332,IPDR202600090194,ADDITIONAL_SESSION,-125,1
CDR202600038447,IPDR202600090199,PRIMARY_SESSION,-32,1
CDR202600008566,IPDR202600090206,PRIMARY_SESSION,-180,1
CDR202600039822,IPDR202600090224,PRIMARY_SESSION,125,1
CDR202600007251,IPDR202600090228,PRIMARY_SESSION,-19,1
CDR202600035062,IPDR202600090273,ADDITIONAL_SESSION,24,1
CDR202600012799,IPDR202600090277,PRIMARY_SESSION,219,1
CDR202600075381,IPDR202600090335,PRIMARY_SESSION,128,1
CDR202600028724,IPDR202600090358,PRIMARY_SESSION,43,1
CDR202600030034,IPDR202600090381,PRIMARY_SESSION,28,1
CDR202600050550,IPDR202600090459,ADDITIONAL_SESSION,-23,1
CDR202600017948,IPDR202600090478,PRIMARY_SESSION,30,1
CDR202600082544,IPDR202600090481,ADDITIONAL_SESSION,904,1
CDR202600067648,IPDR202600090485,PRIMARY_SESSION,-48,1
CDR202600089206,IPDR202600090503,PRIMARY_SESSION,-376,1
CDR202600081668,IPDR202600090517,PRIMARY_SESSION,14,1
CDR202600056323,IPDR202600090550,ADDITIONAL_SESSION,-34,1
CDR202600076956,IPDR202600090569,ADDITIONAL_SESSION,512,1
CDR202600085670,IPDR202600090574,ADDITIONAL_SESSION,33,1
CDR202600059177,IPDR202600090633,ADDITIONAL_SESSION,666,1
CDR202600071719,IPDR202600090637,PRIMARY_SESSION,57,1
CDR202600061718,IPDR202600090681,PRIMARY_SESSION,15,1
CDR202600045913,IPDR202600090700,PRIMARY_SESSION,227,1
CDR202600078878,IPDR202600090720,ADDITIONAL_SESSION,12,1
CDR202600074645,IPDR202600090726,ADDITIONAL_SESSION,10,1
CDR202600023036,IPDR202600090727,PRIMARY_SESSION,-63,1
CDR202600027222,IPDR202600090781,PRIMARY_SESSION,332,1
CDR202600008923,IPDR202600090785,ADDITIONAL_SESSION,1405,1
CDR202600083390,IPDR202600090797,ADDITIONAL_SESSION,-35,1
CDR202600004898,IPDR202600090800,PRIMARY_SESSION,-849,1
CDR202600011621,IPDR202600090837,ADDITIONAL_SESSION,60,1
CDR202600017389,IPDR202600090846,PRIMARY_SESSION,168,1
CDR202600091073,IPDR202600090907,PRIMARY_SESSION,-20,1
CDR202600086105,IPDR202600090915,ADDITIONAL_SESSION,-250,1
CDR202600081722,IPDR202600090937,PRIMARY_SESSION,480,1
CDR202600006519,IPDR202600090938,PRIMARY_SESSION,-1,1
CDR202600054743,IPDR202600090956,PRIMARY_SESSION,20,1
CDR202600047238,IPDR202600090982,PRIMARY_SESSION,-14,1
CDR202600045664,IPDR202600091018,ADDITIONAL_SESSION,1720,1
CDR202600036375,IPDR202600091034,ADDITIONAL_SESSION,43,1
CDR202600031281,IPDR202600091072,PRIMARY_SESSION,-20,1
CDR202600088144,IPDR202600091159,PRIMARY_SESSION,-1744,1
CDR202600065231,IPDR202600091184,PRIMARY_SESSION,-2,1
CDR202600016763,IPDR202600091221,ADDITIONAL_SESSION,685,1
CDR202600044124,IPDR202600091279,PRIMARY_SESSION,-239,1
CDR202600073857,IPDR202600091290,PRIMARY_SESSION,-30,1
CDR202600090883,IPDR202600091313,PRIMARY_SESSION,1431,1
CDR202600054658,IPDR202600091376,ADDITIONAL_SESSION,-6,1
CDR202600008608,IPDR202600091381,PRIMARY_SESSION,-276,1
CDR202600003902,IPDR202600091383,PRIMARY_SESSION,24,1
CDR202600068219,IPDR202600091388,PRIMARY_SESSION,-1515,1
CDR202600038805,IPDR202600091395,ADDITIONAL_SESSION,909,1
CDR202600003072,IPDR202600091456,PRIMARY_SESSION,33,1
CDR202600089349,IPDR202600091464,PRIMARY_SESSION,-283,1
CDR202600072568,IPDR202600091465,ADDITIONAL_SESSION,41,1
CDR202600039895,IPDR202600091483,PRIMARY_SESSION,588,1
CDR202600006986,IPDR202600091506,PRIMARY_SESSION,-11,1
CDR202600010309,IPDR202600091512,PRIMARY_SESSION,-99,1
CDR202600006586,IPDR202600091529,PRIMARY_SESSION,-107,1
CDR202600009189,IPDR202600091541,ADDITIONAL_SESSION,-177,1
CDR202600083100,IPDR202600091555,ADDITIONAL_SESSION,54,1
CDR202600044299,IPDR202600091566,PRIMARY_SESSION,-808,1
CDR202600018507,IPDR202600091600,ADDITIONAL_SESSION,384,1
CDR202600090238,IPDR202600091602,ADDITIONAL_SESSION,4,1
CDR202600045599,IPDR202600091657,ADDITIONAL_SESSION,214,1
CDR202600085197,IPDR202600091681,ADDITIONAL_SESSION,104,1
CDR202600033720,IPDR202600091718,ADDITIONAL_SESSION,9,1
CDR202600007979,IPDR202600091744,PRIMARY_SESSION,-237,1
CDR202600004269,IPDR202600091757,PRIMARY_SESSION,-344,1
CDR202600089351,IPDR202600091763,ADDITIONAL_SESSION,-21,1
CDR202600040845,IPDR202600091767,ADDITIONAL_SESSION,295,1
CDR202600049771,IPDR202600091800,ADDITIONAL_SESSION,272,1
CDR202600068828,IPDR202600091809,PRIMARY_SESSION,-633,1
CDR202600086594,IPDR202600091831,ADDITIONAL_SESSION,-106,1
CDR202600004262,IPDR202600091863,PRIMARY_SESSION,-7,1
CDR202600088917,IPDR202600091867,PRIMARY_SESSION,691,1
CDR202600035143,IPDR202600091878,PRIMARY_SESSION,-22,1
CDR202600062860,IPDR202600091893,PRIMARY_SESSION,-1745,1
CDR202600052091,IPDR202600091941,ADDITIONAL_SESSION,13,1
CDR202600031159,IPDR202600091984,PRIMARY_SESSION,-513,1
CDR202600084321,IPDR202600092000,PRIMARY_SESSION,-1491,1
CDR202600040802,IPDR202600092014,ADDITIONAL_SESSION,-587,1
CDR202600015693,IPDR202600092020,PRIMARY_SESSION,668,1
CDR202600053796,IPDR202600092027,ADDITIONAL_SESSION,-15,1
CDR202600055739,IPDR202600092074,PRIMARY_SESSION,26,1
CDR202600066417,IPDR202600092080,ADDITIONAL_SESSION,-48,1
CDR202600046315,IPDR202600092104,PRIMARY_SESSION,-25,1
CDR202600037035,IPDR202600092130,ADDITIONAL_SESSION,-18,1
CDR202600055049,IPDR202600092149,ADDITIONAL_SESSION,-217,1
CDR202600057759,IPDR202600092195,PRIMARY_SESSION,559,1
CDR202600012277,IPDR202600092200,PRIMARY_SESSION,251,1
CDR202600003125,IPDR202600092208,PRIMARY_SESSION,862,1
CDR202600027145,IPDR202600092250,PRIMARY_SESSION,22,1
CDR202600024539,IPDR202600092259,ADDITIONAL_SESSION,-25,1
CDR202600017798,IPDR202600092279,PRIMARY_SESSION,-1516,1
CDR202600054052,IPDR202600092286,PRIMARY_SESSION,558,1
CDR202600030890,IPDR202600092301,PRIMARY_SESSION,-704,1
CDR202600084894,IPDR202600092308,PRIMARY_SESSION,-864,1
CDR202600070156,IPDR202600092325,PRIMARY_SESSION,-364,1
CDR202600062920,IPDR202600092334,PRIMARY_SESSION,38,1
CDR202600048195,IPDR202600092378,ADDITIONAL_SESSION,-233,1
CDR202600005513,IPDR202600092381,PRIMARY_SESSION,-124,1
CDR202600041339,IPDR202600092388,ADDITIONAL_SESSION,-58,1
CDR202600079889,IPDR202600092406,PRIMARY_SESSION,-55,1
CDR202600034017,IPDR202600092432,PRIMARY_SESSION,-640,1
CDR202600045097,IPDR202600092450,ADDITIONAL_SESSION,-78,1
CDR202600053465,IPDR202600092467,PRIMARY_SESSION,-97,1
CDR202600061940,IPDR202600092471,PRIMARY_SESSION,285,1
CDR202600050267,IPDR202600092488,PRIMARY_SESSION,51,1
CDR202600049613,IPDR202600092505,PRIMARY_SESSION,-3,1
CDR202600018638,IPDR202600092518,PRIMARY_SESSION,-262,1
CDR202600051068,IPDR202600092521,PRIMARY_SESSION,56,1
CDR202600034540,IPDR202600092536,PRIMARY_SESSION,-24,1
CDR202600006988,IPDR202600092541,PRIMARY_SESSION,30,1
CDR202600068982,IPDR202600092544,ADDITIONAL_SESSION,538,1
CDR202600047811,IPDR202600092553,PRIMARY_SESSION,-86,1
CDR202600042704,IPDR202600092555,PRIMARY_SESSION,284,1
CDR202600038909,IPDR202600092563,PRIMARY_SESSION,130,1
CDR202600009370,IPDR202600092593,PRIMARY_SESSION,159,1
CDR202600052152,IPDR202600092616,ADDITIONAL_SESSION,-45,1
CDR202600076966,IPDR202600092617,ADDITIONAL_SESSION,-303,1
CDR202600037773,IPDR202600092620,ADDITIONAL_SESSION,-588,1
CDR202600027833,IPDR202600092623,PRIMARY_SESSION,-59,1
CDR202600044694,IPDR202600092644,ADDITIONAL_SESSION,224,1
CDR202600009333,IPDR202600092660,ADDITIONAL_SESSION,-37,1
CDR202600019327,IPDR202600092666,ADDITIONAL_SESSION,1790,1
CDR202600055635,IPDR202600092674,PRIMARY_SESSION,-51,1
CDR202600055689,IPDR202600092684,ADDITIONAL_SESSION,-342,1
CDR202600057965,IPDR202600092690,PRIMARY_SESSION,2,1
CDR202600018306,IPDR202600092711,ADDITIONAL_SESSION,-307,1
CDR202600004919,IPDR202600092715,PRIMARY_SESSION,-186,1
CDR202600011745,IPDR202600092765,PRIMARY_SESSION,-357,1
CDR202600069951,IPDR202600092834,PRIMARY_SESSION,-1000,1
CDR202600050279,IPDR202600092923,PRIMARY_SESSION,7,1
CDR202600066833,IPDR202600092925,PRIMARY_SESSION,693,1
CDR202600014211,IPDR202600092944,PRIMARY_SESSION,23,1
CDR202600082025,IPDR202600092946,ADDITIONAL_SESSION,1360,1
CDR202600028449,IPDR202600093002,ADDITIONAL_SESSION,-148,1
CDR202600038802,IPDR202600093030,ADDITIONAL_SESSION,-118,1
CDR202600080318,IPDR202600093035,PRIMARY_SESSION,-132,1
CDR202600081749,IPDR202600093042,PRIMARY_SESSION,914,1
CDR202600032719,IPDR202600093049,ADDITIONAL_SESSION,-105,1
CDR202600081018,IPDR202600093055,ADDITIONAL_SESSION,184,1
CDR202600087429,IPDR202600093088,PRIMARY_SESSION,-260,1
CDR202600048602,IPDR202600093097,PRIMARY_SESSION,-44,1
CDR202600079302,IPDR202600093106,PRIMARY_SESSION,-46,1
CDR202600037450,IPDR202600093137,PRIMARY_SESSION,6,1
CDR202600038197,IPDR202600093141,ADDITIONAL_SESSION,-740,1
CDR202600026889,IPDR202600093165,PRIMARY_SESSION,133,1
CDR202600050645,IPDR202600093184,PRIMARY_SESSION,177,1
CDR202600040765,IPDR202600093185,PRIMARY_SESSION,14,1
CDR202600077331,IPDR202600093208,PRIMARY_SESSION,-41,1
CDR202600072313,IPDR202600093218,PRIMARY_SESSION,76,1
CDR202600001610,IPDR202600093236,PRIMARY_SESSION,-607,1
CDR202600067795,IPDR202600093261,ADDITIONAL_SESSION,-1181,1
CDR202600003199,IPDR202600093265,PRIMARY_SESSION,-1436,1
CDR202600025916,IPDR202600093320,PRIMARY_SESSION,223,1
CDR202600075753,IPDR202600093325,PRIMARY_SESSION,1087,1
CDR202600080174,IPDR202600093409,PRIMARY_SESSION,-14,1
CDR202600077077,IPDR202600093451,ADDITIONAL_SESSION,3,1
CDR202600042491,IPDR202600093482,PRIMARY_SESSION,959,1
CDR202600010000,IPDR202600093488,ADDITIONAL_SESSION,-8,1
CDR202600064265,IPDR202600093493,PRIMARY_SESSION,-268,1
CDR202600079152,IPDR202600093497,ADDITIONAL_SESSION,941,1
CDR202600073762,IPDR202600093504,PRIMARY_SESSION,26,1
CDR202600035943,IPDR202600093553,PRIMARY_SESSION,-1185,1
CDR202600065821,IPDR202600093574,PRIMARY_SESSION,-45,1
CDR202600023721,IPDR202600093600,ADDITIONAL_SESSION,285,1
CDR202600013120,IPDR202600093604,PRIMARY_SESSION,94,1
CDR202600050055,IPDR202600093633,PRIMARY_SESSION,976,1
CDR202600049627,IPDR202600093668,PRIMARY_SESSION,-135,1
CDR202600013077,IPDR202600093676,PRIMARY_SESSION,1483,1
CDR202600050180,IPDR202600093700,ADDITIONAL_SESSION,280,1
CDR202600053118,IPDR202600093714,PRIMARY_SESSION,830,1
CDR202600080792,IPDR202600093728,ADDITIONAL_SESSION,271,1
CDR202600001674,IPDR202600093733,PRIMARY_SESSION,-50,1
CDR202600053683,IPDR202600093759,PRIMARY_SESSION,-22,1
CDR202600083283,IPDR202600093814,ADDITIONAL_SESSION,31,1
CDR202600026456,IPDR202600093849,ADDITIONAL_SESSION,-336,1
CDR202600041975,IPDR202600093872,ADDITIONAL_SESSION,281,1
CDR202600009801,IPDR202600093897,ADDITIONAL_SESSION,232,1
CDR202600033118,IPDR202600093906,PRIMARY_SESSION,-1048,1
CDR202600012708,IPDR202600093914,ADDITIONAL_SESSION,-517,1
CDR202600028972,IPDR202600093922,PRIMARY_SESSION,-12,1
CDR202600062321,IPDR202600093951,ADDITIONAL_SESSION,232,1
CDR202600014014,IPDR202600093960,ADDITIONAL_SESSION,-17,1
CDR202600072662,IPDR202600093961,PRIMARY_SESSION,77,1
CDR202600003673,IPDR202600093963,PRIMARY_SESSION,-371,1
CDR202600080314,IPDR202600093964,PRIMARY_SESSION,-105,1
CDR202600026668,IPDR202600093993,ADDITIONAL_SESSION,34,1
CDR202600053105,IPDR202600094008,PRIMARY_SESSION,-7,1
CDR202600059375,IPDR202600094010,PRIMARY_SESSION,279,1
CDR202600063697,IPDR202600094025,PRIMARY_SESSION,263,1
CDR202600046363,IPDR202600094026,ADDITIONAL_SESSION,57,1
CDR202600009160,IPDR202600094058,ADDITIONAL_SESSION,119,1
CDR202600060221,IPDR202600094079,PRIMARY_SESSION,637,1
CDR202600053109,IPDR202600094081,PRIMARY_SESSION,188,1
CDR202600080500,IPDR202600094096,PRIMARY_SESSION,-1791,1
CDR202600041528,IPDR202600094115,PRIMARY_SESSION,856,1
CDR202600023501,IPDR202600094133,PRIMARY_SESSION,-690,1
CDR202600042539,IPDR202600094155,PRIMARY_SESSION,-216,1
CDR202600076960,IPDR202600094167,PRIMARY_SESSION,1140,1
CDR202600079008,IPDR202600094168,ADDITIONAL_SESSION,157,1
CDR202600053125,IPDR202600094175,PRIMARY_SESSION,-57,1
CDR202600020193,IPDR202600094201,PRIMARY_SESSION,-413,1
CDR202600033865,IPDR202600094208,ADDITIONAL_SESSION,1748,1
CDR202600083120,IPDR202600094256,ADDITIONAL_SESSION,-289,1
CDR202600054917,IPDR202600094261,PRIMARY_SESSION,-579,1
CDR202600058317,IPDR202600094276,ADDITIONAL_SESSION,178,1
CDR202600041294,IPDR202600094304,ADDITIONAL_SESSION,-270,1
CDR202600069345,IPDR202600094307,ADDITIONAL_SESSION,-54,1
CDR202600052448,IPDR202600094322,PRIMARY_SESSION,107,1
CDR202600022597,IPDR202600094333,PRIMARY_SESSION,-204,1
CDR202600026964,IPDR202600094376,PRIMARY_SESSION,-297,1
CDR202600085184,IPDR202600094386,ADDITIONAL_SESSION,-1430,1
CDR202600013786,IPDR202600094388,PRIMARY_SESSION,178,1
CDR202600068889,IPDR202600094424,PRIMARY_SESSION,354,1
CDR202600085357,IPDR202600094426,PRIMARY_SESSION,40,1
CDR202600071222,IPDR202600094447,ADDITIONAL_SESSION,422,1
CDR202600014621,IPDR202600094462,ADDITIONAL_SESSION,-1208,1
CDR202600058305,IPDR202600094476,PRIMARY_SESSION,-756,1
CDR202600021875,IPDR202600094495,PRIMARY_SESSION,45,1
CDR202600074645,IPDR202600094504,PRIMARY_SESSION,-754,1
CDR202600049868,IPDR202600094523,ADDITIONAL_SESSION,-49,1
CDR202600035155,IPDR202600094530,ADDITIONAL_SESSION,586,1
CDR202600059684,IPDR202600094545,ADDITIONAL_SESSION,-108,1
CDR202600032923,IPDR202600094575,ADDITIONAL_SESSION,-377,1
CDR202600085151,IPDR202600094577,PRIMARY_SESSION,-1770,1
CDR202600029623,IPDR202600094597,PRIMARY_SESSION,-198,1
CDR202600066176,IPDR202600094625,ADDITIONAL_SESSION,-86,1
CDR202600088847,IPDR202600094626,ADDITIONAL_SESSION,-1331,1
CDR202600069772,IPDR202600094627,ADDITIONAL_SESSION,-162,1
CDR202600018817,IPDR202600094639,PRIMARY_SESSION,-177,1
CDR202600043861,IPDR202600094683,PRIMARY_SESSION,-29,1
CDR202600090251,IPDR202600094687,PRIMARY_SESSION,-160,1
CDR202600052586,IPDR202600094760,ADDITIONAL_SESSION,-274,1
CDR202600029396,IPDR202600094781,PRIMARY_SESSION,13,1
CDR202600068819,IPDR202600094828,ADDITIONAL_SESSION,-58,1
CDR202600025633,IPDR202600094832,PRIMARY_SESSION,799,1
CDR202600004370,IPDR202600094838,ADDITIONAL_SESSION,-182,1
CDR202600025808,IPDR202600094839,PRIMARY_SESSION,-692,1
CDR202600045573,IPDR202600094918,PRIMARY_SESSION,-817,1
CDR202600082066,IPDR202600094922,PRIMARY_SESSION,-291,1
CDR202600019528,IPDR202600094976,PRIMARY_SESSION,1409,1
CDR202600051211,IPDR202600094993,PRIMARY_SESSION,1230,1
CDR202600080823,IPDR202600095007,ADDITIONAL_SESSION,-3,1
CDR202600064308,IPDR202600095078,PRIMARY_SESSION,-52,1
CDR202600006390,IPDR202600095084,ADDITIONAL_SESSION,-17,1
CDR202600070745,IPDR202600095099,PRIMARY_SESSION,47,1
CDR202600069313,IPDR202600095102,ADDITIONAL_SESSION,86,1
CDR202600050343,IPDR202600095121,PRIMARY_SESSION,240,1
CDR202600034136,IPDR202600095123,ADDITIONAL_SESSION,-381,1
CDR202600001173,IPDR202600095131,ADDITIONAL_SESSION,953,1
CDR202600015502,IPDR202600095134,PRIMARY_SESSION,106,1
CDR202600022422,IPDR202600095190,PRIMARY_SESSION,-240,1
CDR202600063204,IPDR202600095225,ADDITIONAL_SESSION,-13,1
CDR202600079310,IPDR202600095269,PRIMARY_SESSION,-747,1
CDR202600088780,IPDR202600095298,PRIMARY_SESSION,702,1
CDR202600054723,IPDR202600095325,ADDITIONAL_SESSION,14,1
CDR202600064265,IPDR202600095327,ADDITIONAL_SESSION,-110,1
CDR202600082464,IPDR202600095332,PRIMARY_SESSION,259,1
CDR202600077072,IPDR202600095390,PRIMARY_SESSION,-373,1
CDR202600017572,IPDR202600095413,ADDITIONAL_SESSION,60,1
CDR202600052747,IPDR202600095416,PRIMARY_SESSION,-439,1
CDR202600015574,IPDR202600095445,ADDITIONAL_SESSION,-46,1
CDR202600071617,IPDR202600095458,ADDITIONAL_SESSION,-200,1
CDR202600056100,IPDR202600095509,PRIMARY_SESSION,-33,1
CDR202600075869,IPDR202600095538,PRIMARY_SESSION,-15,1
CDR202600088303,IPDR202600095554,PRIMARY_SESSION,-60,1
CDR202600031357,IPDR202600095555,ADDITIONAL_SESSION,23,1
CDR202600044499,IPDR202600095565,PRIMARY_SESSION,-289,1
CDR202600026395,IPDR202600095574,PRIMARY_SESSION,-312,1
CDR202600077093,IPDR202600095582,PRIMARY_SESSION,69,1
CDR202600012370,IPDR202600095595,ADDITIONAL_SESSION,-291,1
CDR202600085520,IPDR202600095625,ADDITIONAL_SESSION,-111,1
CDR202600086405,IPDR202600095628,PRIMARY_SESSION,56,1
CDR202600017572,IPDR202600095661,PRIMARY_SESSION,415,1
CDR202600081643,IPDR202600095671,PRIMARY_SESSION,-286,1
CDR202600061055,IPDR202600095718,ADDITIONAL_SESSION,1545,1
CDR202600054917,IPDR202600095726,ADDITIONAL_SESSION,-11,1
CDR202600017586,IPDR202600095779,ADDITIONAL_SESSION,-420,1
CDR202600006566,IPDR202600095819,ADDITIONAL_SESSION,151,1
CDR202600011782,IPDR202600095858,ADDITIONAL_SESSION,234,1
CDR202600021582,IPDR202600095870,PRIMARY_SESSION,-17,1
CDR202600006441,IPDR202600095877,PRIMARY_SESSION,-14,1
CDR202600073157,IPDR202600095884,PRIMARY_SESSION,64,1
CDR202600060923,IPDR202600095887,PRIMARY_SESSION,-18,1
CDR202600084522,IPDR202600095906,PRIMARY_SESSION,-4,1
CDR202600084467,IPDR202600095928,PRIMARY_SESSION,-984,1
CDR202600043536,IPDR202600095932,PRIMARY_SESSION,-491,1
CDR202600033374,IPDR202600095983,ADDITIONAL_SESSION,810,1
CDR202600047683,IPDR202600096008,ADDITIONAL_SESSION,-1463,1
CDR202600040361,IPDR202600096028,PRIMARY_SESSION,73,1
CDR202600089981,IPDR202600096040,PRIMARY_SESSION,-467,1
CDR202600039056,IPDR202600096063,ADDITIONAL_SESSION,-192,1
CDR202600085590,IPDR202600096079,ADDITIONAL_SESSION,992,1
CDR202600002139,IPDR202600096089,ADDITIONAL_SESSION,-357,1
CDR202600002311,IPDR202600096118,PRIMARY_SESSION,11,1
CDR202600063932,IPDR202600096125,ADDITIONAL_SESSION,-686,1
CDR202600057177,IPDR202600096148,PRIMARY_SESSION,-139,1
CDR202600021882,IPDR202600096150,PRIMARY_SESSION,-276,1
CDR202600061324,IPDR202600096153,ADDITIONAL_SESSION,-241,1
CDR202600006524,IPDR202600096156,PRIMARY_SESSION,7,1
CDR202600050173,IPDR202600096183,ADDITIONAL_SESSION,-103,1
CDR202600063705,IPDR202600096190,PRIMARY_SESSION,221,1
CDR202600035801,IPDR202600096196,PRIMARY_SESSION,-66,1
CDR202600035846,IPDR202600096235,ADDITIONAL_SESSION,-467,1
CDR202600042423,IPDR202600096240,PRIMARY_SESSION,-44,1
CDR202600061470,IPDR202600096243,ADDITIONAL_SESSION,-853,1
CDR202600007848,IPDR202600096257,PRIMARY_SESSION,-187,1
CDR202600039565,IPDR202600096262,ADDITIONAL_SESSION,-196,1
CDR202600055743,IPDR202600096267,PRIMARY_SESSION,313,1
CDR202600008406,IPDR202600096315,ADDITIONAL_SESSION,-212,1
CDR202600057377,IPDR202600096339,PRIMARY_SESSION,-48,1
CDR202600073334,IPDR202600096401,PRIMARY_SESSION,-30,1
CDR202600025939,IPDR202600096413,ADDITIONAL_SESSION,396,1
CDR202600050782,IPDR202600096420,PRIMARY_SESSION,-30,1
CDR202600068420,IPDR202600096469,ADDITIONAL_SESSION,-8,1
CDR202600039056,IPDR202600096476,ADDITIONAL_SESSION,76,1
CDR202600034296,IPDR202600096509,PRIMARY_SESSION,-367,1
CDR202600089677,IPDR202600096514,PRIMARY_SESSION,724,1
CDR202600032102,IPDR202600096537,PRIMARY_SESSION,57,1
CDR202600087567,IPDR202600096546,ADDITIONAL_SESSION,215,1
CDR202600080027,IPDR202600096550,PRIMARY_SESSION,-471,1
CDR202600037601,IPDR202600096578,PRIMARY_SESSION,1161,1
CDR202600026037,IPDR202600096612,PRIMARY_SESSION,71,1
CDR202600045599,IPDR202600096654,ADDITIONAL_SESSION,-578,1
CDR202600017825,IPDR202600096662,PRIMARY_SESSION,-98,1
CDR202600051282,IPDR202600096669,PRIMARY_SESSION,-8,1
CDR202600027823,IPDR202600096681,PRIMARY_SESSION,18,1
CDR202600074528,IPDR202600096685,PRIMARY_SESSION,-9,1
CDR202600066342,IPDR202600096691,PRIMARY_SESSION,216,1
CDR202600035573,IPDR202600096692,ADDITIONAL_SESSION,-430,1
CDR202600089507,IPDR202600096697,ADDITIONAL_SESSION,543,1
CDR202600064694,IPDR202600096701,PRIMARY_SESSION,-283,1
CDR202600078732,IPDR202600096707,PRIMARY_SESSION,220,1
CDR202600024996,IPDR202600096712,PRIMARY_SESSION,-212,1
CDR202600053180,IPDR202600096713,PRIMARY_SESSION,-821,1
CDR202600049085,IPDR202600096730,ADDITIONAL_SESSION,-53,1
CDR202600037325,IPDR202600096757,ADDITIONAL_SESSION,685,1
CDR202600063864,IPDR202600096780,PRIMARY_SESSION,-224,1
CDR202600089912,IPDR202600096783,PRIMARY_SESSION,53,1
CDR202600019228,IPDR202600096802,PRIMARY_SESSION,-1013,1
CDR202600026599,IPDR202600096821,PRIMARY_SESSION,103,1
CDR202600083271,IPDR202600096822,ADDITIONAL_SESSION,762,1
CDR202600071212,IPDR202600096828,PRIMARY_SESSION,289,1
CDR202600065204,IPDR202600096877,PRIMARY_SESSION,272,1
CDR202600085428,IPDR202600096927,ADDITIONAL_SESSION,726,1
CDR202600074971,IPDR202600096940,PRIMARY_SESSION,-228,1
CDR202600007606,IPDR202600096947,PRIMARY_SESSION,-22,1
CDR202600042123,IPDR202600096964,PRIMARY_SESSION,404,1
CDR202600043142,IPDR202600096969,ADDITIONAL_SESSION,2,1
CDR202600047862,IPDR202600097016,PRIMARY_SESSION,38,1
CDR202600043053,IPDR202600097053,ADDITIONAL_SESSION,87,1
CDR202600006478,IPDR202600097092,PRIMARY_SESSION,-43,1
CDR202600089242,IPDR202600097119,PRIMARY_SESSION,1756,1
CDR202600014812,IPDR202600097122,PRIMARY_SESSION,-279,1
CDR202600018231,IPDR202600097152,PRIMARY_SESSION,160,1
CDR202600018466,IPDR202600097157,ADDITIONAL_SESSION,-175,1
CDR202600061470,IPDR202600097207,ADDITIONAL_SESSION,6,1
CDR202600015346,IPDR202600097208,PRIMARY_SESSION,5,1
CDR202600069600,IPDR202600097225,PRIMARY_SESSION,-58,1
CDR202600069795,IPDR202600097256,PRIMARY_SESSION,265,1
CDR202600082145,IPDR202600097283,ADDITIONAL_SESSION,-814,1
CDR202600053400,IPDR202600097287,ADDITIONAL_SESSION,-622,1
CDR202600004959,IPDR202600097299,ADDITIONAL_SESSION,-302,1
CDR202600044962,IPDR202600097309,ADDITIONAL_SESSION,-358,1
CDR202600011236,IPDR202600097332,PRIMARY_SESSION,615,1
CDR202600069486,IPDR202600097357,ADDITIONAL_SESSION,-686,1
CDR202600042074,IPDR202600097439,PRIMARY_SESSION,-447,1
CDR202600063747,IPDR202600097454,ADDITIONAL_SESSION,-119,1
CDR202600009199,IPDR202600097459,ADDITIONAL_SESSION,-226,1
CDR202600075203,IPDR202600097552,ADDITIONAL_SESSION,-914,1
CDR202600053894,IPDR202600097568,PRIMARY_SESSION,96,1
CDR202600038028,IPDR202600097569,ADDITIONAL_SESSION,149,1
CDR202600032637,IPDR202600097591,ADDITIONAL_SESSION,-46,1
CDR202600003737,IPDR202600097594,ADDITIONAL_SESSION,-41,1
CDR202600069407,IPDR202600097605,ADDITIONAL_SESSION,-340,1
CDR202600039888,IPDR202600097648,PRIMARY_SESSION,80,1
CDR202600023442,IPDR202600097668,PRIMARY_SESSION,-792,1
CDR202600029544,IPDR202600097675,ADDITIONAL_SESSION,-11,1
CDR202600084658,IPDR202600097690,ADDITIONAL_SESSION,-177,1
CDR202600042347,IPDR202600097703,PRIMARY_SESSION,1786,1
CDR202600075541,IPDR202600097707,ADDITIONAL_SESSION,293,1
CDR202600068191,IPDR202600097716,PRIMARY_SESSION,-168,1
CDR202600013248,IPDR202600097720,PRIMARY_SESSION,-48,1
CDR202600086987,IPDR202600097816,ADDITIONAL_SESSION,-588,1
CDR202600062072,IPDR202600097845,PRIMARY_SESSION,-117,1
CDR202600002527,IPDR202600097849,PRIMARY_SESSION,700,1
CDR202600035974,IPDR202600097874,PRIMARY_SESSION,-135,1
CDR202600031898,IPDR202600097910,ADDITIONAL_SESSION,606,1
CDR202600047467,IPDR202600097919,ADDITIONAL_SESSION,434,1
CDR202600062060,IPDR202600097974,PRIMARY_SESSION,-8,1
CDR202600011653,IPDR202600098002,PRIMARY_SESSION,-316,1
CDR202600084958,IPDR202600098012,PRIMARY_SESSION,-712,1
CDR202600001128,IPDR202600098036,PRIMARY_SESSION,85,1
CDR202600069179,IPDR202600098072,PRIMARY_SESSION,18,1
CDR202600035096,IPDR202600098082,PRIMARY_SESSION,-59,1
CDR202600028021,IPDR202600098106,PRIMARY_SESSION,37,1
CDR202600031558,IPDR202600098110,PRIMARY_SESSION,599,1
CDR202600083421,IPDR202600098118,PRIMARY_SESSION,-612,1
CDR202600001332,IPDR202600098130,PRIMARY_SESSION,509,1
CDR202600003073,IPDR202600098134,ADDITIONAL_SESSION,-25,1
CDR202600079584,IPDR202600098143,PRIMARY_SESSION,-1417,1
CDR202600086047,IPDR202600098148,PRIMARY_SESSION,-42,1
CDR202600040627,IPDR202600098154,PRIMARY_SESSION,-1016,1
CDR202600019376,IPDR202600098196,PRIMARY_SESSION,-189,1
CDR202600075249,IPDR202600098219,PRIMARY_SESSION,313,1
CDR202600003484,IPDR202600098226,PRIMARY_SESSION,-242,1
CDR202600026900,IPDR202600098234,PRIMARY_SESSION,-1709,1
CDR202600025460,IPDR202600098251,ADDITIONAL_SESSION,932,1
CDR202600060217,IPDR202600098261,ADDITIONAL_SESSION,212,1
CDR202600028890,IPDR202600098277,ADDITIONAL_SESSION,-237,1
CDR202600049329,IPDR202600098281,PRIMARY_SESSION,535,1
CDR202600007215,IPDR202600098389,PRIMARY_SESSION,2,1
CDR202600063744,IPDR202600098390,PRIMARY_SESSION,189,1
CDR202600063130,IPDR202600098428,PRIMARY_SESSION,-52,1
CDR202600019327,IPDR202600098464,PRIMARY_SESSION,-645,1
CDR202600021326,IPDR202600098471,ADDITIONAL_SESSION,-283,1
CDR202600077807,IPDR202600098486,PRIMARY_SESSION,516,1
CDR202600005647,IPDR202600098534,PRIMARY_SESSION,-449,1
CDR202600084175,IPDR202600098536,PRIMARY_SESSION,-213,1
CDR202600074535,IPDR202600098540,PRIMARY_SESSION,-113,1
CDR202600018306,IPDR202600098556,PRIMARY_SESSION,-75,1
CDR202600081063,IPDR202600098596,PRIMARY_SESSION,41,1
CDR202600066054,IPDR202600098605,ADDITIONAL_SESSION,-24,1
CDR202600057224,IPDR202600098608,ADDITIONAL_SESSION,-519,1
CDR202600029196,IPDR202600098635,PRIMARY_SESSION,263,1
CDR202600031763,IPDR202600098657,ADDITIONAL_SESSION,286,1
CDR202600070131,IPDR202600098661,ADDITIONAL_SESSION,35,1
CDR202600073207,IPDR202600098694,PRIMARY_SESSION,-753,1
CDR202600083366,IPDR202600098707,PRIMARY_SESSION,-251,1
CDR202600037049,IPDR202600098709,PRIMARY_SESSION,83,1
CDR202600060378,IPDR202600098792,PRIMARY_SESSION,531,1
CDR202600010309,IPDR202600098795,ADDITIONAL_SESSION,41,1
CDR202600054791,IPDR202600098805,ADDITIONAL_SESSION,262,1
CDR202600031577,IPDR202600098829,ADDITIONAL_SESSION,-196,1
CDR202600073934,IPDR202600098842,ADDITIONAL_SESSION,-644,1
CDR202600074734,IPDR202600098859,PRIMARY_SESSION,-89,1
CDR202600049490,IPDR202600098899,PRIMARY_SESSION,157,1
CDR202600000663,IPDR202600098907,ADDITIONAL_SESSION,-54,1
CDR202600055395,IPDR202600098920,ADDITIONAL_SESSION,-1641,1
CDR202600060999,IPDR202600098929,PRIMARY_SESSION,-213,1
CDR202600035870,IPDR202600098969,ADDITIONAL_SESSION,-390,1
CDR202600089523,IPDR202600098982,PRIMARY_SESSION,-359,1
CDR202600090792,IPDR202600099013,ADDITIONAL_SESSION,-1718,1
CDR202600027962,IPDR202600099056,PRIMARY_SESSION,-149,1
CDR202600025848,IPDR202600099112,ADDITIONAL_SESSION,235,1
CDR202600020456,IPDR202600099113,PRIMARY_SESSION,287,1
CDR202600065334,IPDR202600099114,ADDITIONAL_SESSION,-130,1
CDR202600040741,IPDR202600099181,PRIMARY_SESSION,19,1
CDR202600028377,IPDR202600099196,ADDITIONAL_SESSION,-51,1
CDR202600002862,IPDR202600099255,PRIMARY_SESSION,206,1
CDR202600032047,IPDR202600099272,ADDITIONAL_SESSION,-690,1
CDR202600085312,IPDR202600099278,ADDITIONAL_SESSION,3,1
CDR202600042087,IPDR202600099281,PRIMARY_SESSION,102,1
CDR202600006409,IPDR202600099315,ADDITIONAL_SESSION,-99,1
CDR202600078988,IPDR202600099325,PRIMARY_SESSION,-481,1
CDR202600073077,IPDR202600099371,ADDITIONAL_SESSION,-797,1
CDR202600037325,IPDR202600099377,PRIMARY_SESSION,-262,1
CDR202600074686,IPDR202600099432,PRIMARY_SESSION,-47,1
CDR202600068184,IPDR202600099436,ADDITIONAL_SESSION,-431,1
CDR202600073874,IPDR202600099444,PRIMARY_SESSION,1089,1
CDR202600088703,IPDR202600099445,ADDITIONAL_SESSION,-690,1
CDR202600065578,IPDR202600099448,ADDITIONAL_SESSION,-607,1
CDR202600026097,IPDR202600099449,ADDITIONAL_SESSION,54,1
CDR202600078673,IPDR202600099481,ADDITIONAL_SESSION,591,1
CDR202600008057,IPDR202600099494,ADDITIONAL_SESSION,428,1
CDR202600009801,IPDR202600099511,ADDITIONAL_SESSION,-5,1
CDR202600054668,IPDR202600099514,PRIMARY_SESSION,13,1
CDR202600024406,IPDR202600099528,PRIMARY_SESSION,-541,1
CDR202600070884,IPDR202600099536,ADDITIONAL_SESSION,-78,1
CDR202600006390,IPDR202600099609,PRIMARY_SESSION,1733,1
CDR202600089877,IPDR202600099629,ADDITIONAL_SESSION,94,1
CDR202600021052,IPDR202600099646,PRIMARY_SESSION,-157,1
CDR202600065932,IPDR202600099657,PRIMARY_SESSION,212,1
CDR202600020124,IPDR202600099661,PRIMARY_SESSION,-84,1
CDR202600002072,IPDR202600099687,PRIMARY_SESSION,-46,1
CDR202600042227,IPDR202600099701,PRIMARY_SESSION,-9,1
CDR202600059970,IPDR202600099709,ADDITIONAL_SESSION,-292,1
CDR202600058556,IPDR202600099729,ADDITIONAL_SESSION,1279,1
CDR202600014320,IPDR202600099735,PRIMARY_SESSION,-282,1
CDR202600063471,IPDR202600099744,PRIMARY_SESSION,1603,1
CDR202600064086,IPDR202600099800,ADDITIONAL_SESSION,95,1
CDR202600002865,IPDR202600099850,ADDITIONAL_SESSION,-71,1
CDR202600003710,IPDR202600099870,PRIMARY_SESSION,120,1
CDR202600010918,IPDR202600099877,PRIMARY_SESSION,335,1
CDR202600087617,IPDR202600099923,PRIMARY_SESSION,-7,1
CDR202600030733,IPDR202600099932,PRIMARY_SESSION,101,1
CDR202600041950,IPDR202600099960,PRIMARY_SESSION,-105,1
CDR202600010678,IPDR202600099970,PRIMARY_SESSION,-64,1
CDR202600039466,IPDR202600099973,ADDITIONAL_SESSION,-80,1
CDR202600087839,IPDR202600099974,PRIMARY_SESSION,1784,1
CDR202600058910,IPDR202600099978,ADDITIONAL_SESSION,-284,1
CDR202600050957,IPDR202600099989,PRIMARY_SESSION,10,1
CDR202600082686,IPDR202600100006,PRIMARY_SESSION,8,1
CDR202600063428,IPDR202600100010,PRIMARY_SESSION,-15,1
CDR202600049432,IPDR202600100017,ADDITIONAL_SESSION,-62,1
CDR202600039744,IPDR202600100031,PRIMARY_SESSION,-276,1
CDR202600024216,IPDR202600100034,ADDITIONAL_SESSION,-159,1
CDR202600052369,IPDR202600100042,PRIMARY_SESSION,-45,1
CDR202600003016,IPDR202600100074,PRIMARY_SESSION,-25,1
CDR202600025817,IPDR202600100077,ADDITIONAL_SESSION,1739,1
CDR202600048068,IPDR202600100134,PRIMARY_SESSION,260,1
CDR202600024406,IPDR202600100174,ADDITIONAL_SESSION,-610,1
CDR202600055739,IPDR202600100183,ADDITIONAL_SESSION,-1149,1
CDR202600079646,IPDR202600100190,ADDITIONAL_SESSION,424,1
CDR202600009659,IPDR202600100209,PRIMARY_SESSION,-5,1
CDR202600051931,IPDR202600100222,PRIMARY_SESSION,594,1
CDR202600031883,IPDR202600100236,ADDITIONAL_SESSION,-2,1
CDR202600075124,IPDR202600100270,PRIMARY_SESSION,-287,1
CDR202600007721,IPDR202600100289,PRIMARY_SESSION,-281,1
CDR202600060618,IPDR202600100296,PRIMARY_SESSION,-416,1
CDR202600006307,IPDR202600100361,ADDITIONAL_SESSION,62,1
CDR202600074743,IPDR202600100385,ADDITIONAL_SESSION,-695,1
CDR202600072549,IPDR202600100390,PRIMARY_SESSION,116,1
CDR202600002056,IPDR202600100400,ADDITIONAL_SESSION,24,1
CDR202600041969,IPDR202600100404,PRIMARY_SESSION,-172,1
CDR202600004651,IPDR202600100423,PRIMARY_SESSION,-844,1
CDR202600005700,IPDR202600100459,ADDITIONAL_SESSION,-97,1
CDR202600002608,IPDR202600100473,ADDITIONAL_SESSION,-587,1
CDR202600082319,IPDR202600100489,PRIMARY_SESSION,27,1
CDR202600083366,IPDR202600100501,ADDITIONAL_SESSION,249,1
CDR202600090502,IPDR202600100502,ADDITIONAL_SESSION,-309,1
CDR202600003250,IPDR202600100525,PRIMARY_SESSION,-204,1
CDR202600072376,IPDR202600100528,PRIMARY_SESSION,734,1
CDR202600051548,IPDR202600100533,PRIMARY_SESSION,-253,1
CDR202600061312,IPDR202600100548,ADDITIONAL_SESSION,68,1
CDR202600068709,IPDR202600100553,PRIMARY_SESSION,-498,1
CDR202600021097,IPDR202600100555,PRIMARY_SESSION,-22,1
CDR202600039226,IPDR202600100559,ADDITIONAL_SESSION,54,1
CDR202600038673,IPDR202600100562,ADDITIONAL_SESSION,57,1
CDR202600027429,IPDR202600100583,PRIMARY_SESSION,-120,1
CDR202600059959,IPDR202600100586,ADDITIONAL_SESSION,16,1
CDR202600001882,IPDR202600100594,ADDITIONAL_SESSION,761,1
CDR202600044641,IPDR202600100601,PRIMARY_SESSION,181,1
CDR202600029529,IPDR202600100629,PRIMARY_SESSION,21,1
CDR202600055778,IPDR202600100636,PRIMARY_SESSION,-60,1
CDR202600089312,IPDR202600100645,ADDITIONAL_SESSION,-77,1
CDR202600072377,IPDR202600100649,PRIMARY_SESSION,49,1
CDR202600030913,IPDR202600100656,PRIMARY_SESSION,-57,1
CDR202600083739,IPDR202600100665,PRIMARY_SESSION,476,1
CDR202600034527,IPDR202600100666,ADDITIONAL_SESSION,1434,1
CDR202600038684,IPDR202600100712,PRIMARY_SESSION,122,1
CDR202600037213,IPDR202600100720,PRIMARY_SESSION,279,1
CDR202600050031,IPDR202600100772,PRIMARY_SESSION,686,1
CDR202600079849,IPDR202600100773,ADDITIONAL_SESSION,11,1
CDR202600085973,IPDR202600100786,ADDITIONAL_SESSION,792,1
CDR202600046263,IPDR202600100796,PRIMARY_SESSION,-52,1
CDR202600037111,IPDR202600100810,PRIMARY_SESSION,-20,1
CDR202600069522,IPDR202600100837,PRIMARY_SESSION,52,1
CDR202600019824,IPDR202600100847,PRIMARY_SESSION,-80,1
CDR202600023270,IPDR202600100879,ADDITIONAL_SESSION,27,1
CDR202600057302,IPDR202600100892,PRIMARY_SESSION,-45,1
CDR202600089109,IPDR202600100903,ADDITIONAL_SESSION,-207,1
CDR202600030597,IPDR202600100904,ADDITIONAL_SESSION,-87,1
CDR202600043078,IPDR202600100931,PRIMARY_SESSION,90,1
CDR202600046138,IPDR202600100970,PRIMARY_SESSION,-894,1
CDR202600009801,IPDR202600100975,PRIMARY_SESSION,-30,1
CDR202600021275,IPDR202600101011,ADDITIONAL_SESSION,-1058,1
CDR202600045656,IPDR202600101016,ADDITIONAL_SESSION,-21,1
CDR202600037002,IPDR202600101018,PRIMARY_SESSION,824,1
CDR202600031823,IPDR202600101032,PRIMARY_SESSION,1160,1
CDR202600085497,IPDR202600101035,PRIMARY_SESSION,451,1
CDR202600049935,IPDR202600101087,ADDITIONAL_SESSION,736,1
CDR202600054652,IPDR202600101098,PRIMARY_SESSION,-50,1
CDR202600046161,IPDR202600101150,PRIMARY_SESSION,-173,1
CDR202600036102,IPDR202600101164,ADDITIONAL_SESSION,1412,1
CDR202600008406,IPDR202600101168,ADDITIONAL_SESSION,228,1
CDR202600005597,IPDR202600101259,ADDITIONAL_SESSION,92,1
CDR202600087495,IPDR202600101291,ADDITIONAL_SESSION,-710,1
CDR202600058005,IPDR202600101323,PRIMARY_SESSION,-906,1
CDR202600074493,IPDR202600101335,PRIMARY_SESSION,33,1
CDR202600068568,IPDR202600101344,PRIMARY_SESSION,185,1
CDR202600007780,IPDR202600101348,ADDITIONAL_SESSION,-331,1
CDR202600031452,IPDR202600101376,PRIMARY_SESSION,793,1
CDR202600053532,IPDR202600101401,PRIMARY_SESSION,-645,1
CDR202600071912,IPDR202600101416,PRIMARY_SESSION,-48,1
CDR202600037911,IPDR202600101418,PRIMARY_SESSION,-36,1
CDR202600076007,IPDR202600101446,ADDITIONAL_SESSION,-53,1
CDR202600077409,IPDR202600101467,ADDITIONAL_SESSION,-130,1
CDR202600043554,IPDR202600101469,PRIMARY_SESSION,-8,1
CDR202600049952,IPDR202600101501,ADDITIONAL_SESSION,-1086,1
CDR202600035724,IPDR202600101508,PRIMARY_SESSION,-284,1
CDR202600034788,IPDR202600101533,PRIMARY_SESSION,-206,1
CDR202600067363,IPDR202600101545,PRIMARY_SESSION,-287,1
CDR202600012530,IPDR202600101552,PRIMARY_SESSION,62,1
CDR202600008951,IPDR202600101561,ADDITIONAL_SESSION,-47,1
CDR202600061589,IPDR202600101584,ADDITIONAL_SESSION,292,1
CDR202600075048,IPDR202600101602,PRIMARY_SESSION,1398,1
CDR202600006572,IPDR202600101621,PRIMARY_SESSION,1,1
CDR202600023644,IPDR202600101675,ADDITIONAL_SESSION,-457,1
CDR202600086087,IPDR202600101704,PRIMARY_SESSION,33,1
CDR202600069219,IPDR202600101707,PRIMARY_SESSION,-247,1
CDR202600062211,IPDR202600101716,PRIMARY_SESSION,-957,1
CDR202600045838,IPDR202600101726,ADDITIONAL_SESSION,362,1
CDR202600077694,IPDR202600101733,PRIMARY_SESSION,-76,1
CDR202600030697,IPDR202600101764,PRIMARY_SESSION,-280,1
CDR202600031668,IPDR202600101779,PRIMARY_SESSION,-34,1
CDR202600008318,IPDR202600101837,PRIMARY_SESSION,247,1
CDR202600079158,IPDR202600101876,ADDITIONAL_SESSION,-537,1
CDR202600028215,IPDR202600101877,PRIMARY_SESSION,-1250,1
CDR202600011112,IPDR202600101878,ADDITIONAL_SESSION,7,1
CDR202600089351,IPDR202600101911,ADDITIONAL_SESSION,254,1
CDR202600027009,IPDR202600101936,ADDITIONAL_SESSION,-114,1
CDR202600013549,IPDR202600101937,ADDITIONAL_SESSION,-153,1
CDR202600073270,IPDR202600101962,PRIMARY_SESSION,-52,1
CDR202600056362,IPDR202600101968,PRIMARY_SESSION,1528,1
CDR202600074329,IPDR202600101969,PRIMARY_SESSION,-65,1
CDR202600003484,IPDR202600101991,ADDITIONAL_SESSION,1095,1
CDR202600043053,IPDR202600101992,PRIMARY_SESSION,1076,1
CDR202600044995,IPDR202600101997,PRIMARY_SESSION,758,1
CDR202600036580,IPDR202600102008,PRIMARY_SESSION,-444,1
CDR202600042547,IPDR202600102041,PRIMARY_SESSION,-95,1
CDR202600053027,IPDR202600102073,PRIMARY_SESSION,-4,1
CDR202600064665,IPDR202600102074,PRIMARY_SESSION,363,1
CDR202600003213,IPDR202600102100,PRIMARY_SESSION,-82,1
CDR202600049815,IPDR202600102113,ADDITIONAL_SESSION,175,1
CDR202600010515,IPDR202600102116,PRIMARY_SESSION,283,1
CDR202600085534,IPDR202600102126,PRIMARY_SESSION,-39,1
CDR202600052345,IPDR202600102149,PRIMARY_SESSION,-743,1
CDR202600062841,IPDR202600102185,PRIMARY_SESSION,212,1
CDR202600081790,IPDR202600102206,ADDITIONAL_SESSION,177,1
CDR202600024887,IPDR202600102207,ADDITIONAL_SESSION,232,1
CDR202600087395,IPDR202600102234,PRIMARY_SESSION,-79,1
CDR202600045882,IPDR202600102253,PRIMARY_SESSION,-346,1
CDR202600042547,IPDR202600102270,ADDITIONAL_SESSION,-19,1
CDR202600026574,IPDR202600102277,PRIMARY_SESSION,575,1
CDR202600031986,IPDR202600102302,PRIMARY_SESSION,179,1
CDR202600015653,IPDR202600102343,ADDITIONAL_SESSION,179,1
CDR202600077072,IPDR202600102368,ADDITIONAL_SESSION,-47,1
CDR202600027206,IPDR202600102396,ADDITIONAL_SESSION,-94,1
CDR202600058688,IPDR202600102401,PRIMARY_SESSION,-101,1
CDR202600045573,IPDR202600102408,ADDITIONAL_SESSION,393,1
CDR202600071885,IPDR202600102418,ADDITIONAL_SESSION,173,1
CDR202600009879,IPDR202600102485,PRIMARY_SESSION,128,1
CDR202600087001,IPDR202600102491,PRIMARY_SESSION,-43,1
CDR202600045020,IPDR202600102514,ADDITIONAL_SESSION,-469,1
CDR202600023261,IPDR202600102520,PRIMARY_SESSION,25,1
CDR202600010487,IPDR202600102537,PRIMARY_SESSION,-40,1
CDR202600015823,IPDR202600102575,PRIMARY_SESSION,1,1
CDR202600043757,IPDR202600102595,PRIMARY_SESSION,506,1
CDR202600068041,IPDR202600102629,PRIMARY_SESSION,-235,1
CDR202600005700,IPDR202600102637,PRIMARY_SESSION,-385,1
CDR202600021050,IPDR202600102642,PRIMARY_SESSION,-855,1
CDR202600062881,IPDR202600102664,PRIMARY_SESSION,-361,1
CDR202600012717,IPDR202600102667,PRIMARY_SESSION,-432,1
CDR202600023523,IPDR202600102681,PRIMARY_SESSION,-405,1
CDR202600058154,IPDR202600102727,ADDITIONAL_SESSION,-48,1
CDR202600083562,IPDR202600102764,ADDITIONAL_SESSION,15,1
CDR202600040802,IPDR202600102772,ADDITIONAL_SESSION,-243,1
CDR202600067731,IPDR202600102784,ADDITIONAL_SESSION,-779,1
CDR202600003604,IPDR202600102805,PRIMARY_SESSION,-177,1
CDR202600064832,IPDR202600102859,PRIMARY_SESSION,-745,1
CDR202600020372,IPDR202600102892,PRIMARY_SESSION,77,1
CDR202600036986,IPDR202600102922,PRIMARY_SESSION,-853,1
CDR202600062903,IPDR202600102931,PRIMARY_SESSION,51,1
CDR202600046076,IPDR202600102935,PRIMARY_SESSION,-80,1
CDR202600090129,IPDR202600102951,ADDITIONAL_SESSION,50,1
CDR202600009288,IPDR202600102957,ADDITIONAL_SESSION,-33,1
CDR202600085606,IPDR202600102960,ADDITIONAL_SESSION,-41,1
CDR202600049432,IPDR202600102967,ADDITIONAL_SESSION,-13,1
CDR202600081249,IPDR202600103002,ADDITIONAL_SESSION,143,1
CDR202600017714,IPDR202600103026,ADDITIONAL_SESSION,-1458,1
CDR202600049284,IPDR202600103037,ADDITIONAL_SESSION,73,1
CDR202600074354,IPDR202600103095,PRIMARY_SESSION,1530,1
CDR202600026603,IPDR202600103173,ADDITIONAL_SESSION,548,1
CDR202600037984,IPDR202600103187,PRIMARY_SESSION,-37,1
CDR202600000612,IPDR202600103189,ADDITIONAL_SESSION,-144,1
CDR202600024103,IPDR202600103200,ADDITIONAL_SESSION,554,1
CDR202600073233,IPDR202600103235,ADDITIONAL_SESSION,4,1
CDR202600038186,IPDR202600103243,PRIMARY_SESSION,-844,1
CDR202600055689,IPDR202600103279,PRIMARY_SESSION,809,1
CDR202600017407,IPDR202600103303,PRIMARY_SESSION,-292,1
CDR202600059160,IPDR202600103331,ADDITIONAL_SESSION,41,1
CDR202600059160,IPDR202600103348,PRIMARY_SESSION,30,1
CDR202600070937,IPDR202600103362,PRIMARY_SESSION,-32,1
CDR202600084844,IPDR202600103365,PRIMARY_SESSION,-39,1
CDR202600024433,IPDR202600103374,PRIMARY_SESSION,28,1
CDR202600052655,IPDR202600103377,PRIMARY_SESSION,383,1
CDR202600068514,IPDR202600103389,ADDITIONAL_SESSION,-247,1
CDR202600066243,IPDR202600103402,ADDITIONAL_SESSION,-553,1
CDR202600009876,IPDR202600103449,PRIMARY_SESSION,-288,1
CDR202600072819,IPDR202600103450,PRIMARY_SESSION,834,1
CDR202600053245,IPDR202600103452,PRIMARY_SESSION,24,1
CDR202600016645,IPDR202600103453,PRIMARY_SESSION,-472,1
CDR202600019411,IPDR202600103499,ADDITIONAL_SESSION,-638,1
CDR202600064491,IPDR202600103514,PRIMARY_SESSION,299,1
CDR202600073077,IPDR202600103559,ADDITIONAL_SESSION,218,1
CDR202600010035,IPDR202600103563,ADDITIONAL_SESSION,318,1
CDR202600066799,IPDR202600103565,ADDITIONAL_SESSION,45,1
CDR202600049815,IPDR202600103566,ADDITIONAL_SESSION,-52,1
CDR202600074159,IPDR202600103573,ADDITIONAL_SESSION,-1551,1
CDR202600085270,IPDR202600103600,PRIMARY_SESSION,45,1
CDR202600000924,IPDR202600103603,PRIMARY_SESSION,11,1
CDR202600001039,IPDR202600103612,PRIMARY_SESSION,-39,1
CDR202600018387,IPDR202600103613,PRIMARY_SESSION,-23,1
CDR202600012742,IPDR202600103646,PRIMARY_SESSION,1004,1
CDR202600082748,IPDR202600103648,PRIMARY_SESSION,-41,1
CDR202600081463,IPDR202600103678,PRIMARY_SESSION,-161,1
CDR202600019819,IPDR202600103719,PRIMARY_SESSION,-46,1
CDR202600046826,IPDR202600103726,PRIMARY_SESSION,18,1
CDR202600050037,IPDR202600103763,PRIMARY_SESSION,-592,1
CDR202600019349,IPDR202600103802,ADDITIONAL_SESSION,44,1
CDR202600074512,IPDR202600103803,PRIMARY_SESSION,35,1
CDR202600005393,IPDR202600103808,ADDITIONAL_SESSION,-51,1
CDR202600055689,IPDR202600103833,ADDITIONAL_SESSION,-58,1
CDR202600056179,IPDR202600103855,PRIMARY_SESSION,710,1
CDR202600053101,IPDR202600103933,PRIMARY_SESSION,467,1
CDR202600082192,IPDR202600103942,PRIMARY_SESSION,-221,1
CDR202600023036,IPDR202600103946,ADDITIONAL_SESSION,850,1
CDR202600008245,IPDR202600103952,PRIMARY_SESSION,188,1
CDR202600082544,IPDR202600103957,PRIMARY_SESSION,209,1
CDR202600001087,IPDR202600103965,PRIMARY_SESSION,275,1
CDR202600085973,IPDR202600103967,ADDITIONAL_SESSION,-101,1
CDR202600076813,IPDR202600104000,PRIMARY_SESSION,-265,1
CDR202600084850,IPDR202600104008,PRIMARY_SESSION,-1260,1
CDR202600023544,IPDR202600104024,PRIMARY_SESSION,-161,1
CDR202600045573,IPDR202600104152,ADDITIONAL_SESSION,473,1
CDR202600078923,IPDR202600104161,ADDITIONAL_SESSION,-16,1
CDR202600076472,IPDR202600104165,PRIMARY_SESSION,1469,1
CDR202600071192,IPDR202600104175,ADDITIONAL_SESSION,-1180,1
CDR202600016763,IPDR202600104222,ADDITIONAL_SESSION,322,1
CDR202600015809,IPDR202600104231,PRIMARY_SESSION,376,1
CDR202600035296,IPDR202600104246,PRIMARY_SESSION,898,1
CDR202600034655,IPDR202600104301,ADDITIONAL_SESSION,-176,1
CDR202600052648,IPDR202600104305,PRIMARY_SESSION,-75,1
CDR202600053775,IPDR202600104352,PRIMARY_SESSION,91,1
CDR202600016201,IPDR202600104367,ADDITIONAL_SESSION,-110,1
CDR202600020723,IPDR202600104393,PRIMARY_SESSION,20,1
CDR202600077339,IPDR202600104432,ADDITIONAL_SESSION,-35,1
CDR202600040324,IPDR202600104441,PRIMARY_SESSION,-127,1
CDR202600024858,IPDR202600104447,PRIMARY_SESSION,53,1
CDR202600054405,IPDR202600104465,PRIMARY_SESSION,-855,1
CDR202600080637,IPDR202600104473,PRIMARY_SESSION,177,1
CDR202600045941,IPDR202600104487,PRIMARY_SESSION,-752,1
CDR202600005869,IPDR202600104522,ADDITIONAL_SESSION,-111,1
CDR202600070125,IPDR202600104526,PRIMARY_SESSION,-620,1
CDR202600014340,IPDR202600104544,PRIMARY_SESSION,-693,1
CDR202600080382,IPDR202600104587,ADDITIONAL_SESSION,-880,1
CDR202600018528,IPDR202600104591,ADDITIONAL_SESSION,-91,1
CDR202600080455,IPDR202600104613,PRIMARY_SESSION,-153,1
CDR202600049590,IPDR202600104623,PRIMARY_SESSION,-295,1
CDR202600024349,IPDR202600104627,ADDITIONAL_SESSION,-36,1
CDR202600066997,IPDR202600104633,ADDITIONAL_SESSION,25,1
CDR202600027222,IPDR202600104667,ADDITIONAL_SESSION,-25,1
CDR202600046392,IPDR202600104674,PRIMARY_SESSION,-133,1
CDR202600017541,IPDR202600104677,ADDITIONAL_SESSION,298,1
CDR202600044048,IPDR202600104678,PRIMARY_SESSION,624,1
CDR202600023306,IPDR202600104686,ADDITIONAL_SESSION,-516,1
CDR202600054345,IPDR202600104694,PRIMARY_SESSION,-112,1
CDR202600016188,IPDR202600104750,PRIMARY_SESSION,-12,1
CDR202600046379,IPDR202600104797,PRIMARY_SESSION,-8,1
CDR202600061215,IPDR202600104807,PRIMARY_SESSION,-154,1
CDR202600024107,IPDR202600104809,PRIMARY_SESSION,188,1
CDR202600018325,IPDR202600104829,ADDITIONAL_SESSION,-1770,1
CDR202600056212,IPDR202600104836,PRIMARY_SESSION,35,1
CDR202600055897,IPDR202600104837,PRIMARY_SESSION,23,1
CDR202600052255,IPDR202600104870,PRIMARY_SESSION,796,1
CDR202600020117,IPDR202600104894,PRIMARY_SESSION,2,1
CDR202600029792,IPDR202600104897,PRIMARY_SESSION,125,1
CDR202600074398,IPDR202600104899,ADDITIONAL_SESSION,265,1
CDR202600038406,IPDR202600104900,ADDITIONAL_SESSION,27,1
CDR202600034809,IPDR202600104916,ADDITIONAL_SESSION,-221,1
CDR202600036572,IPDR202600104942,ADDITIONAL_SESSION,11,1
CDR202600002852,IPDR202600104943,ADDITIONAL_SESSION,-338,1
CDR202600043138,IPDR202600104944,PRIMARY_SESSION,39,1
CDR202600007910,IPDR202600104945,ADDITIONAL_SESSION,247,1
CDR202600049052,IPDR202600104992,PRIMARY_SESSION,-44,1
CDR202600003608,IPDR202600104998,ADDITIONAL_SESSION,-732,1
CDR202600038641,IPDR202600105018,PRIMARY_SESSION,39,1
CDR202600003072,IPDR202600105050,ADDITIONAL_SESSION,-61,1
CDR202600059966,IPDR202600105083,ADDITIONAL_SESSION,-442,1
CDR202600057170,IPDR202600105084,PRIMARY_SESSION,-266,1
CDR202600004877,IPDR202600105089,PRIMARY_SESSION,1398,1
CDR202600075101,IPDR202600105164,ADDITIONAL_SESSION,785,1
CDR202600087968,IPDR202600105174,PRIMARY_SESSION,-228,1
CDR202600049882,IPDR202600105178,ADDITIONAL_SESSION,54,1
CDR202600026274,IPDR202600105190,PRIMARY_SESSION,-75,1
CDR202600027985,IPDR202600105216,ADDITIONAL_SESSION,278,1
CDR202600089313,IPDR202600105228,PRIMARY_SESSION,-73,1
CDR202600079503,IPDR202600105235,ADDITIONAL_SESSION,141,1
CDR202600008951,IPDR202600105244,PRIMARY_SESSION,-49,1
CDR202600082790,IPDR202600105262,ADDITIONAL_SESSION,-350,1
CDR202600016741,IPDR202600105268,PRIMARY_SESSION,-59,1
CDR202600033561,IPDR202600105271,ADDITIONAL_SESSION,-42,1
CDR202600035322,IPDR202600105285,PRIMARY_SESSION,218,1
CDR202600040964,IPDR202600105304,PRIMARY_SESSION,-225,1
CDR202600067423,IPDR202600105324,ADDITIONAL_SESSION,-89,1
CDR202600023657,IPDR202600105333,ADDITIONAL_SESSION,231,1
CDR202600088847,IPDR202600105353,ADDITIONAL_SESSION,354,1
CDR202600013239,IPDR202600105410,PRIMARY_SESSION,204,1
CDR202600052060,IPDR202600105433,ADDITIONAL_SESSION,-300,1
CDR202600086728,IPDR202600105452,PRIMARY_SESSION,-162,1
CDR202600026991,IPDR202600105460,PRIMARY_SESSION,-523,1
CDR202600046338,IPDR202600105470,PRIMARY_SESSION,-176,1
CDR202600045486,IPDR202600105481,PRIMARY_SESSION,-1215,1
CDR202600042401,IPDR202600105496,PRIMARY_SESSION,-39,1
CDR202600084555,IPDR202600105619,ADDITIONAL_SESSION,-1170,1
CDR202600049133,IPDR202600105620,PRIMARY_SESSION,21,1
CDR202600079035,IPDR202600105633,PRIMARY_SESSION,-1424,1
CDR202600038528,IPDR202600105644,ADDITIONAL_SESSION,-384,1
CDR202600089196,IPDR202600105667,ADDITIONAL_SESSION,18,1
CDR202600042421,IPDR202600105676,PRIMARY_SESSION,-89,1
CDR202600023721,IPDR202600105700,PRIMARY_SESSION,723,1
CDR202600002162,IPDR202600105728,PRIMARY_SESSION,113,1
CDR202600086760,IPDR202600105737,ADDITIONAL_SESSION,545,1
CDR202600050784,IPDR202600105791,PRIMARY_SESSION,291,1
CDR202600025768,IPDR202600105826,PRIMARY_SESSION,-188,1
CDR202600048711,IPDR202600105852,PRIMARY_SESSION,-285,1
CDR202600061850,IPDR202600105853,ADDITIONAL_SESSION,363,1
CDR202600059043,IPDR202600105881,PRIMARY_SESSION,13,1
CDR202600070453,IPDR202600105891,PRIMARY_SESSION,-421,1
CDR202600046775,IPDR202600105909,PRIMARY_SESSION,-1069,1
CDR202600087324,IPDR202600105941,PRIMARY_SESSION,-282,1
CDR202600027557,IPDR202600105974,ADDITIONAL_SESSION,-167,1
CDR202600055673,IPDR202600105985,ADDITIONAL_SESSION,-1486,1
CDR202600000836,IPDR202600105996,PRIMARY_SESSION,-1373,1
CDR202600037613,IPDR202600106006,PRIMARY_SESSION,32,1
CDR202600063249,IPDR202600106010,PRIMARY_SESSION,-34,1
CDR202600049470,IPDR202600106028,PRIMARY_SESSION,22,1
CDR202600018219,IPDR202600106037,ADDITIONAL_SESSION,-9,1
CDR202600053768,IPDR202600106044,PRIMARY_SESSION,-136,1
CDR202600053413,IPDR202600106056,PRIMARY_SESSION,276,1
CDR202600065231,IPDR202600106062,ADDITIONAL_SESSION,209,1
CDR202600024539,IPDR202600106085,PRIMARY_SESSION,-331,1
CDR202600019411,IPDR202600106095,PRIMARY_SESSION,247,1
CDR202600041348,IPDR202600106101,ADDITIONAL_SESSION,510,1
CDR202600058556,IPDR202600106131,PRIMARY_SESSION,-20,1
CDR202600084044,IPDR202600106134,ADDITIONAL_SESSION,-12,1
CDR202600076544,IPDR202600106144,PRIMARY_SESSION,1,1
CDR202600027051,IPDR202600106150,PRIMARY_SESSION,-730,1
CDR202600017136,IPDR202600106157,PRIMARY_SESSION,170,1
CDR202600000266,IPDR202600106190,ADDITIONAL_SESSION,-137,1
CDR202600053303,IPDR202600106191,ADDITIONAL_SESSION,-561,1
CDR202600044792,IPDR202600106204,PRIMARY_SESSION,-8,1
CDR202600030045,IPDR202600106208,PRIMARY_SESSION,918,1
CDR202600055298,IPDR202600106214,ADDITIONAL_SESSION,458,1
CDR202600090186,IPDR202600106231,ADDITIONAL_SESSION,58,1
CDR202600088656,IPDR202600106242,ADDITIONAL_SESSION,162,1
CDR202600004825,IPDR202600106255,PRIMARY_SESSION,54,1
CDR202600049211,IPDR202600106318,ADDITIONAL_SESSION,-21,1
CDR202600021326,IPDR202600106326,PRIMARY_SESSION,324,1
CDR202600010653,IPDR202600106358,PRIMARY_SESSION,-18,1
CDR202600028941,IPDR202600106362,PRIMARY_SESSION,-376,1
CDR202600044566,IPDR202600106371,ADDITIONAL_SESSION,-662,1
CDR202600057402,IPDR202600106373,PRIMARY_SESSION,-1538,1
CDR202600050682,IPDR202600106405,PRIMARY_SESSION,-9,1
CDR202600060309,IPDR202600106446,PRIMARY_SESSION,278,1
CDR202600083337,IPDR202600106452,PRIMARY_SESSION,-22,1
CDR202600036346,IPDR202600106465,PRIMARY_SESSION,-38,1
CDR202600027727,IPDR202600106513,PRIMARY_SESSION,-384,1
CDR202600063486,IPDR202600106535,PRIMARY_SESSION,-117,1
CDR202600067924,IPDR202600106581,PRIMARY_SESSION,-130,1
CDR202600052131,IPDR202600106601,PRIMARY_SESSION,-162,1
CDR202600023782,IPDR202600106604,PRIMARY_SESSION,809,1
CDR202600008812,IPDR202600106606,PRIMARY_SESSION,805,1
CDR202600074159,IPDR202600106609,ADDITIONAL_SESSION,106,1
CDR202600032619,IPDR202600106617,ADDITIONAL_SESSION,-227,1
CDR202600053562,IPDR202600106627,PRIMARY_SESSION,-113,1
CDR202600054519,IPDR202600106659,ADDITIONAL_SESSION,440,1
CDR202600026364,IPDR202600106699,PRIMARY_SESSION,-96,1
CDR202600054867,IPDR202600106700,PRIMARY_SESSION,1164,1
CDR202600015140,IPDR202600106730,ADDITIONAL_SESSION,279,1
CDR202600075092,IPDR202600106732,PRIMARY_SESSION,49,1
CDR202600082671,IPDR202600106737,PRIMARY_SESSION,200,1
CDR202600082880,IPDR202600106747,PRIMARY_SESSION,-156,1
CDR202600045656,IPDR202600106751,ADDITIONAL_SESSION,562,1
CDR202600020020,IPDR202600106772,PRIMARY_SESSION,70,1
CDR202600018096,IPDR202600106775,PRIMARY_SESSION,-157,1
CDR202600019089,IPDR202600106824,PRIMARY_SESSION,1596,1
CDR202600071275,IPDR202600106851,ADDITIONAL_SESSION,-1787,1
CDR202600027703,IPDR202600106895,PRIMARY_SESSION,13,1
CDR202600014446,IPDR202600106904,PRIMARY_SESSION,-5,1
CDR202600089714,IPDR202600106919,PRIMARY_SESSION,877,1
CDR202600016540,IPDR202600106944,ADDITIONAL_SESSION,174,1
CDR202600000825,IPDR202600106969,PRIMARY_SESSION,-131,1
CDR202600032039,IPDR202600106972,ADDITIONAL_SESSION,773,1
CDR202600005734,IPDR202600106984,PRIMARY_SESSION,-92,1
CDR202600025750,IPDR202600106987,ADDITIONAL_SESSION,-444,1
CDR202600051815,IPDR202600106998,PRIMARY_SESSION,196,1
CDR202600017674,IPDR202600107001,ADDITIONAL_SESSION,-41,1
CDR202600022454,IPDR202600107018,PRIMARY_SESSION,55,1
CDR202600009448,IPDR202600107027,PRIMARY_SESSION,23,1
CDR202600068238,IPDR202600107033,PRIMARY_SESSION,628,1
CDR202600077003,IPDR202600107108,PRIMARY_SESSION,-282,1
CDR202600001380,IPDR202600107135,ADDITIONAL_SESSION,26,1
CDR202600038597,IPDR202600107147,PRIMARY_SESSION,-369,1
CDR202600031326,IPDR202600107148,ADDITIONAL_SESSION,-736,1
CDR202600066450,IPDR202600107149,PRIMARY_SESSION,4,1
CDR202600001448,IPDR202600107202,PRIMARY_SESSION,62,1
CDR202600060129,IPDR202600107209,ADDITIONAL_SESSION,274,1
CDR202600063097,IPDR202600107247,ADDITIONAL_SESSION,668,1
CDR202600035199,IPDR202600107249,ADDITIONAL_SESSION,-42,1
CDR202600086399,IPDR202600107250,PRIMARY_SESSION,-8,1
CDR202600038579,IPDR202600107299,PRIMARY_SESSION,-852,1
CDR202600050820,IPDR202600107336,PRIMARY_SESSION,7,1
CDR202600015273,IPDR202600107342,ADDITIONAL_SESSION,189,1
CDR202600025301,IPDR202600107346,PRIMARY_SESSION,595,1
CDR202600041551,IPDR202600107350,ADDITIONAL_SESSION,-38,1
CDR202600003023,IPDR202600107370,ADDITIONAL_SESSION,974,1
CDR202600073023,IPDR202600107371,ADDITIONAL_SESSION,-225,1
CDR202600054345,IPDR202600107387,ADDITIONAL_SESSION,25,1
CDR202600016708,IPDR202600107435,PRIMARY_SESSION,798,1
CDR202600083625,IPDR202600107436,PRIMARY_SESSION,168,1
CDR202600038079,IPDR202600107480,PRIMARY_SESSION,-66,1
CDR202600007994,IPDR202600107503,PRIMARY_SESSION,-216,1
CDR202600055916,IPDR202600107504,ADDITIONAL_SESSION,-45,1
CDR202600070622,IPDR202600107506,ADDITIONAL_SESSION,468,1
CDR202600077409,IPDR202600107512,PRIMARY_SESSION,263,1
CDR202600063747,IPDR202600107526,ADDITIONAL_SESSION,-213,1
CDR202600089312,IPDR202600107537,PRIMARY_SESSION,748,1
CDR202600007531,IPDR202600107542,PRIMARY_SESSION,-388,1
CDR202600016420,IPDR202600107585,PRIMARY_SESSION,-280,1
CDR202600006161,IPDR202600107621,PRIMARY_SESSION,-161,1
CDR202600008194,IPDR202600107639,PRIMARY_SESSION,-262,1
CDR202600079660,IPDR202600107643,ADDITIONAL_SESSION,-8,1
CDR202600004257,IPDR202600107650,ADDITIONAL_SESSION,-8,1
CDR202600056073,IPDR202600107653,PRIMARY_SESSION,-312,1
CDR202600023617,IPDR202600107677,PRIMARY_SESSION,42,1
CDR202600067489,IPDR202600107680,PRIMARY_SESSION,-11,1
CDR202600049312,IPDR202600107723,ADDITIONAL_SESSION,-133,1
CDR202600021337,IPDR202600107734,PRIMARY_SESSION,-252,1
CDR202600063517,IPDR202600107742,ADDITIONAL_SESSION,508,1
CDR202600024575,IPDR202600107755,ADDITIONAL_SESSION,-1395,1
CDR202600028095,IPDR202600107780,PRIMARY_SESSION,-21,1
CDR202600005223,IPDR202600107794,ADDITIONAL_SESSION,-8,1
CDR202600076555,IPDR202600107796,PRIMARY_SESSION,1545,1
CDR202600035912,IPDR202600107812,PRIMARY_SESSION,53,1
CDR202600026097,IPDR202600107824,ADDITIONAL_SESSION,1670,1
CDR202600024000,IPDR202600107842,ADDITIONAL_SESSION,226,1
CDR202600068323,IPDR202600107848,ADDITIONAL_SESSION,112,1
CDR202600061312,IPDR202600107850,ADDITIONAL_SESSION,-300,1
CDR202600021582,IPDR202600107859,ADDITIONAL_SESSION,-15,1
CDR202600023806,IPDR202600107867,PRIMARY_SESSION,54,1
CDR202600039956,IPDR202600107871,PRIMARY_SESSION,18,1
CDR202600002907,IPDR202600107922,PRIMARY_SESSION,-869,1
CDR202600083348,IPDR202600107931,ADDITIONAL_SESSION,-105,1
CDR202600044297,IPDR202600107957,ADDITIONAL_SESSION,806,1
CDR202600082416,IPDR202600107959,PRIMARY_SESSION,48,1
CDR202600081249,IPDR202600107961,PRIMARY_SESSION,92,1
CDR202600090445,IPDR202600107972,ADDITIONAL_SESSION,-157,1
CDR202600016329,IPDR202600107973,PRIMARY_SESSION,17,1
CDR202600085207,IPDR202600107975,PRIMARY_SESSION,501,1
CDR202600019822,IPDR202600107983,PRIMARY_SESSION,106,1
CDR202600008702,IPDR202600107987,ADDITIONAL_SESSION,-97,1
CDR202600057311,IPDR202600108008,ADDITIONAL_SESSION,-224,1
CDR202600058100,IPDR202600108023,ADDITIONAL_SESSION,876,1
CDR202600080862,IPDR202600108064,PRIMARY_SESSION,192,1
CDR202600086801,IPDR202600108128,PRIMARY_SESSION,40,1
CDR202600023270,IPDR202600108139,ADDITIONAL_SESSION,33,1
CDR202600059177,IPDR202600108154,ADDITIONAL_SESSION,-35,1
CDR202600016774,IPDR202600108192,PRIMARY_SESSION,-3,1
CDR202600006598,IPDR202600108347,PRIMARY_SESSION,-37,1
CDR202600003023,IPDR202600108356,ADDITIONAL_SESSION,-59,1
CDR202600041650,IPDR202600108366,PRIMARY_SESSION,-891,1
CDR202600052586,IPDR202600108368,PRIMARY_SESSION,-809,1
CDR202600044126,IPDR202600108388,ADDITIONAL_SESSION,-776,1
CDR202600072823,IPDR202600108434,ADDITIONAL_SESSION,835,1
CDR202600058583,IPDR202600108441,PRIMARY_SESSION,-268,1
CDR202600006661,IPDR202600108473,PRIMARY_SESSION,-1292,1
CDR202600017604,IPDR202600108526,PRIMARY_SESSION,216,1
CDR202600053303,IPDR202600108538,ADDITIONAL_SESSION,577,1
CDR202600057567,IPDR202600108554,PRIMARY_SESSION,-89,1
CDR202600026567,IPDR202600108571,PRIMARY_SESSION,-7,1
CDR202600000093,IPDR202600108593,PRIMARY_SESSION,-25,1
CDR202600010000,IPDR202600108604,PRIMARY_SESSION,565,1
CDR202600054747,IPDR202600108633,ADDITIONAL_SESSION,120,1
CDR202600086134,IPDR202600108714,ADDITIONAL_SESSION,-102,1
CDR202600019255,IPDR202600108723,PRIMARY_SESSION,-9,1
CDR202600025684,IPDR202600108763,PRIMARY_SESSION,93,1
CDR202600035279,IPDR202600108771,PRIMARY_SESSION,-28,1
CDR202600020508,IPDR202600108808,PRIMARY_SESSION,428,1
CDR202600052555,IPDR202600108815,PRIMARY_SESSION,101,1
CDR202600069753,IPDR202600108822,PRIMARY_SESSION,27,1
CDR202600026161,IPDR202600108846,ADDITIONAL_SESSION,-128,1
CDR202600047585,IPDR202600108858,PRIMARY_SESSION,-533,1
CDR202600074936,IPDR202600108880,PRIMARY_SESSION,214,1
CDR202600058154,IPDR202600108926,PRIMARY_SESSION,164,1
CDR202600078126,IPDR202600108931,PRIMARY_SESSION,-494,1
CDR202600012717,IPDR202600109028,ADDITIONAL_SESSION,-294,1
CDR202600054234,IPDR202600109050,PRIMARY_SESSION,-50,1
CDR202600062352,IPDR202600109055,PRIMARY_SESSION,80,1
CDR202600067626,IPDR202600109061,PRIMARY_SESSION,26,1
CDR202600009145,IPDR202600109085,PRIMARY_SESSION,37,1
CDR202600016958,IPDR202600109094,ADDITIONAL_SESSION,39,1
CDR202600082544,IPDR202600109101,ADDITIONAL_SESSION,36,1
CDR202600040007,IPDR202600109111,PRIMARY_SESSION,-84,1
CDR202600024963,IPDR202600109124,PRIMARY_SESSION,288,1
CDR202600029636,IPDR202600109133,ADDITIONAL_SESSION,-233,1
CDR202600071644,IPDR202600109136,ADDITIONAL_SESSION,149,1
CDR202600034042,IPDR202600109137,PRIMARY_SESSION,1524,1
CDR202600062776,IPDR202600109190,PRIMARY_SESSION,-134,1
CDR202600049329,IPDR202600109208,ADDITIONAL_SESSION,683,1
CDR202600060660,IPDR202600109220,PRIMARY_SESSION,-411,1
CDR202600030233,IPDR202600109252,PRIMARY_SESSION,259,1
CDR202600047243,IPDR202600109253,PRIMARY_SESSION,866,1
CDR202600053026,IPDR202600109264,PRIMARY_SESSION,-687,1
CDR202600046076,IPDR202600109283,ADDITIONAL_SESSION,20,1
CDR202600049446,IPDR202600109289,ADDITIONAL_SESSION,-113,1
CDR202600040440,IPDR202600109309,PRIMARY_SESSION,1,1
CDR202600015690,IPDR202600109315,ADDITIONAL_SESSION,-161,1
CDR202600026603,IPDR202600109317,ADDITIONAL_SESSION,-125,1
CDR202600079038,IPDR202600109324,ADDITIONAL_SESSION,-35,1
CDR202600071208,IPDR202600109331,PRIMARY_SESSION,-766,1
CDR202600023588,IPDR202600109332,ADDITIONAL_SESSION,-247,1
CDR202600090475,IPDR202600109373,PRIMARY_SESSION,1302,1
CDR202600005372,IPDR202600109441,PRIMARY_SESSION,-74,1
CDR202600089666,IPDR202600109443,PRIMARY_SESSION,-18,1
CDR202600061165,IPDR202600109445,ADDITIONAL_SESSION,890,1
CDR202600083944,IPDR202600109475,PRIMARY_SESSION,1290,1
CDR202600038942,IPDR202600109485,PRIMARY_SESSION,-28,1
CDR202600039226,IPDR202600109501,ADDITIONAL_SESSION,300,1
CDR202600012791,IPDR202600109502,ADDITIONAL_SESSION,886,1
CDR202600049106,IPDR202600109523,PRIMARY_SESSION,-59,1
CDR202600063274,IPDR202600109542,PRIMARY_SESSION,1346,1
CDR202600026567,IPDR202600109548,ADDITIONAL_SESSION,816,1
CDR202600071498,IPDR202600109563,PRIMARY_SESSION,-17,1
CDR202600048085,IPDR202600109573,PRIMARY_SESSION,-120,1
CDR202600019542,IPDR202600109606,PRIMARY_SESSION,-4,1
CDR202600062718,IPDR202600109633,PRIMARY_SESSION,16,1
CDR202600008081,IPDR202600109640,ADDITIONAL_SESSION,-1093,1
CDR202600045097,IPDR202600109650,ADDITIONAL_SESSION,45,1
CDR202600030466,IPDR202600109652,PRIMARY_SESSION,-12,1
CDR202600087567,IPDR202600109681,ADDITIONAL_SESSION,184,1
CDR202600024884,IPDR202600109707,PRIMARY_SESSION,-136,1
CDR202600048857,IPDR202600109743,PRIMARY_SESSION,-116,1
CDR202600086105,IPDR202600109759,PRIMARY_SESSION,652,1
CDR202600060194,IPDR202600109789,PRIMARY_SESSION,46,1
CDR202600052643,IPDR202600109804,ADDITIONAL_SESSION,-636,1
CDR202600075124,IPDR202600109821,ADDITIONAL_SESSION,-4,1
CDR202600072402,IPDR202600109824,ADDITIONAL_SESSION,-60,1
CDR202600083562,IPDR202600109853,PRIMARY_SESSION,7,1
CDR202600046264,IPDR202600109859,ADDITIONAL_SESSION,53,1
CDR202600012557,IPDR202600109860,PRIMARY_SESSION,263,1
CDR202600075541,IPDR202600109873,ADDITIONAL_SESSION,-4,1
CDR202600073819,IPDR202600109877,PRIMARY_SESSION,468,1
CDR202600061268,IPDR202600109889,ADDITIONAL_SESSION,-1333,1
CDR202600000090,IPDR202600109900,PRIMARY_SESSION,27,1
CDR202600075703,IPDR202600109925,PRIMARY_SESSION,210,1
CDR202600060923,IPDR202600109952,ADDITIONAL_SESSION,32,1
CDR202600060109,IPDR202600109957,PRIMARY_SESSION,27,1
CDR202600035884,IPDR202600109973,PRIMARY_SESSION,-37,1
CDR202600068323,IPDR202600109982,PRIMARY_SESSION,-118,1
CDR202600034546,IPDR202600109998,PRIMARY_SESSION,1043,1
CDR202600074803,IPDR202600110012,PRIMARY_SESSION,-169,1
CDR202600016983,IPDR202600110032,ADDITIONAL_SESSION,24,1
CDR202600019001,IPDR202600110039,ADDITIONAL_SESSION,-107,1
CDR202600047324,IPDR202600110069,PRIMARY_SESSION,168,1
CDR202600061208,IPDR202600110078,PRIMARY_SESSION,-1790,1
CDR202600035013,IPDR202600110100,ADDITIONAL_SESSION,167,1
CDR202600073920,IPDR202600110138,PRIMARY_SESSION,439,1
CDR202600037821,IPDR202600110153,PRIMARY_SESSION,-1099,1
CDR202600003274,IPDR202600110156,PRIMARY_SESSION,-765,1
CDR202600040668,IPDR202600110165,ADDITIONAL_SESSION,-352,1
CDR202600038580,IPDR202600110193,ADDITIONAL_SESSION,-225,1
CDR202600017515,IPDR202600110200,PRIMARY_SESSION,454,1
CDR202600073910,IPDR202600110246,PRIMARY_SESSION,-13,1
CDR202600068568,IPDR202600110290,ADDITIONAL_SESSION,9,1
CDR202600045092,IPDR202600110298,PRIMARY_SESSION,545,1
CDR202600084580,IPDR202600110320,PRIMARY_SESSION,228,1
CDR202600047204,IPDR202600110388,ADDITIONAL_SESSION,-38,1
CDR202600063751,IPDR202600110396,PRIMARY_SESSION,-6,1
CDR202600076869,IPDR202600110402,PRIMARY_SESSION,-50,1
CDR202600071075,IPDR202600110448,PRIMARY_SESSION,116,1
CDR202600008458,IPDR202600110470,ADDITIONAL_SESSION,207,1
CDR202600046159,IPDR202600110497,PRIMARY_SESSION,-230,1
CDR202600000090,IPDR202600110503,ADDITIONAL_SESSION,-287,1
CDR202600082928,IPDR202600110529,ADDITIONAL_SESSION,-940,1
CDR202600017557,IPDR202600110531,PRIMARY_SESSION,-1787,1
CDR202600073955,IPDR202600110566,ADDITIONAL_SESSION,-39,1
CDR202600063422,IPDR202600110576,ADDITIONAL_SESSION,16,1
CDR202600005985,IPDR202600110582,ADDITIONAL_SESSION,-1254,1
CDR202600037856,IPDR202600110598,PRIMARY_SESSION,-85,1
CDR202600082740,IPDR202600110608,PRIMARY_SESSION,1031,1
CDR202600062127,IPDR202600110613,ADDITIONAL_SESSION,-526,1
CDR202600033729,IPDR202600110617,ADDITIONAL_SESSION,-36,1
CDR202600000548,IPDR202600110651,ADDITIONAL_SESSION,-356,1
CDR202600074373,IPDR202600110658,PRIMARY_SESSION,759,1
CDR202600052065,IPDR202600110690,PRIMARY_SESSION,-56,1
CDR202600082192,IPDR202600110725,ADDITIONAL_SESSION,-21,1
CDR202600066176,IPDR202600110726,PRIMARY_SESSION,-378,1
CDR202600069493,IPDR202600110761,ADDITIONAL_SESSION,-418,1
CDR202600034156,IPDR202600110868,ADDITIONAL_SESSION,-35,1
CDR202600065143,IPDR202600110873,PRIMARY_SESSION,-371,1
CDR202600001674,IPDR202600110880,ADDITIONAL_SESSION,-619,1
CDR202600009377,IPDR202600110883,PRIMARY_SESSION,475,1
CDR202600044639,IPDR202600110920,ADDITIONAL_SESSION,12,1
CDR202600072305,IPDR202600110933,PRIMARY_SESSION,-191,1
CDR202600043499,IPDR202600110941,PRIMARY_SESSION,110,1
CDR202600087682,IPDR202600110948,PRIMARY_SESSION,-416,1
CDR202600079056,IPDR202600110952,PRIMARY_SESSION,-644,1
CDR202600077694,IPDR202600110985,ADDITIONAL_SESSION,-142,1
CDR202600049712,IPDR202600110993,PRIMARY_SESSION,-1290,1
CDR202600002108,IPDR202600111003,PRIMARY_SESSION,-248,1
CDR202600068046,IPDR202600111025,PRIMARY_SESSION,138,1
CDR202600051388,IPDR202600111057,PRIMARY_SESSION,223,1
CDR202600071469,IPDR202600111061,PRIMARY_SESSION,118,1
CDR202600052152,IPDR202600111073,ADDITIONAL_SESSION,169,1
CDR202600049496,IPDR202600111098,PRIMARY_SESSION,222,1
CDR202600016052,IPDR202600111102,PRIMARY_SESSION,-291,1
CDR202600026688,IPDR202600111131,PRIMARY_SESSION,-79,1
CDR202600041944,IPDR202600111134,PRIMARY_SESSION,-52,1
CDR202600007606,IPDR202600111189,ADDITIONAL_SESSION,71,1
CDR202600023852,IPDR202600111247,ADDITIONAL_SESSION,35,1
CDR202600073017,IPDR202600111265,ADDITIONAL_SESSION,-88,1
CDR202600034156,IPDR202600111270,ADDITIONAL_SESSION,-7,1
CDR202600069345,IPDR202600111287,PRIMARY_SESSION,14,1
CDR202600064266,IPDR202600111336,PRIMARY_SESSION,-1563,1
CDR202600035013,IPDR202600111358,ADDITIONAL_SESSION,629,1
CDR202600030827,IPDR202600111371,PRIMARY_SESSION,-246,1
CDR202600001674,IPDR202600111374,ADDITIONAL_SESSION,818,1
CDR202600041516,IPDR202600111390,PRIMARY_SESSION,787,1
CDR202600089196,IPDR202600111409,PRIMARY_SESSION,-298,1
CDR202600032241,IPDR202600111418,PRIMARY_SESSION,-56,1
CDR202600069289,IPDR202600111419,PRIMARY_SESSION,-86,1
CDR202600073190,IPDR202600111508,PRIMARY_SESSION,634,1
CDR202600070704,IPDR202600111552,ADDITIONAL_SESSION,144,1
CDR202600063263,IPDR202600111563,PRIMARY_SESSION,1246,1
CDR202600080531,IPDR202600111578,PRIMARY_SESSION,-827,1
CDR202600003213,IPDR202600111580,ADDITIONAL_SESSION,5,1
CDR202600012547,IPDR202600111589,PRIMARY_SESSION,11,1
CDR202600026097,IPDR202600111624,PRIMARY_SESSION,-45,1
CDR202600083636,IPDR202600111687,PRIMARY_SESSION,311,1
CDR202600044941,IPDR202600111692,PRIMARY_SESSION,36,1
CDR202600074312,IPDR202600111699,ADDITIONAL_SESSION,548,1
CDR202600090614,IPDR202600111717,PRIMARY_SESSION,36,1
CDR202600023321,IPDR202600111732,PRIMARY_SESSION,-264,1
CDR202600039744,IPDR202600111800,ADDITIONAL_SESSION,-49,1
CDR202600024460,IPDR202600111811,ADDITIONAL_SESSION,210,1
CDR202600048315,IPDR202600111818,ADDITIONAL_SESSION,-1320,1
CDR202600074448,IPDR202600111827,PRIMARY_SESSION,-53,1
CDR202600087495,IPDR202600111829,PRIMARY_SESSION,193,1
CDR202600029323,IPDR202600111834,PRIMARY_SESSION,226,1
CDR202600040018,IPDR202600111842,ADDITIONAL_SESSION,-28,1
CDR202600079646,IPDR202600111896,PRIMARY_SESSION,473,1
CDR202600067941,IPDR202600111906,ADDITIONAL_SESSION,33,1
CDR202600082025,IPDR202600111914,PRIMARY_SESSION,-88,1
CDR202600088138,IPDR202600111918,PRIMARY_SESSION,995,1
CDR202600047683,IPDR202600111993,PRIMARY_SESSION,1,1
CDR202600086114,IPDR202600112014,ADDITIONAL_SESSION,784,1
CDR202600066064,IPDR202600112015,ADDITIONAL_SESSION,-40,1
CDR202600047213,IPDR202600112036,PRIMARY_SESSION,39,1
CDR202600010678,IPDR202600112092,ADDITIONAL_SESSION,-1791,1
CDR202600061129,IPDR202600112115,ADDITIONAL_SESSION,340,1
CDR202600069024,IPDR202600112174,PRIMARY_SESSION,733,1
CDR202600083586,IPDR202600112211,ADDITIONAL_SESSION,54,1
CDR202600057140,IPDR202600112219,PRIMARY_SESSION,427,1
CDR202600082395,IPDR202600112233,ADDITIONAL_SESSION,-58,1
CDR202600053808,IPDR202600112247,PRIMARY_SESSION,-607,1
CDR202600046781,IPDR202600112298,PRIMARY_SESSION,194,1
CDR202600007851,IPDR202600112299,PRIMARY_SESSION,45,1
CDR202600055613,IPDR202600112314,PRIMARY_SESSION,-214,1
CDR202600006952,IPDR202600112323,PRIMARY_SESSION,-289,1
CDR202600021846,IPDR202600112328,PRIMARY_SESSION,-1753,1
CDR202600026372,IPDR202600112336,ADDITIONAL_SESSION,-556,1
CDR202600014646,IPDR202600112339,PRIMARY_SESSION,-876,1
CDR202600017915,IPDR202600112348,PRIMARY_SESSION,1024,1
CDR202600003965,IPDR202600112350,ADDITIONAL_SESSION,-736,1
CDR202600024072,IPDR202600112352,PRIMARY_SESSION,-1211,1
CDR202600084580,IPDR202600112364,ADDITIONAL_SESSION,132,1
CDR202600020577,IPDR202600112370,PRIMARY_SESSION,49,1
CDR202600037508,IPDR202600112375,PRIMARY_SESSION,-33,1
CDR202600004460,IPDR202600112383,PRIMARY_SESSION,253,1
CDR202600076149,IPDR202600112457,PRIMARY_SESSION,10,1
CDR202600088527,IPDR202600112460,ADDITIONAL_SESSION,299,1
CDR202600021283,IPDR202600112471,ADDITIONAL_SESSION,-13,1
CDR202600046159,IPDR202600112505,ADDITIONAL_SESSION,-27,1
CDR202600025803,IPDR202600112524,ADDITIONAL_SESSION,60,1
CDR202600000676,IPDR202600112540,ADDITIONAL_SESSION,-1155,1
CDR202600006686,IPDR202600112547,PRIMARY_SESSION,-291,1
CDR202600045136,IPDR202600112556,PRIMARY_SESSION,44,1
CDR202600001674,IPDR202600112581,ADDITIONAL_SESSION,-26,1
CDR202600076978,IPDR202600112594,PRIMARY_SESSION,-18,1
CDR202600047735,IPDR202600112597,PRIMARY_SESSION,568,1
CDR202600013511,IPDR202600112611,PRIMARY_SESSION,40,1
CDR202600047137,IPDR202600112671,PRIMARY_SESSION,-44,1
CDR202600018872,IPDR202600112680,ADDITIONAL_SESSION,-290,1
CDR202600071208,IPDR202600112681,ADDITIONAL_SESSION,-262,1
CDR202600016000,IPDR202600112745,PRIMARY_SESSION,119,1
CDR202600076171,IPDR202600112752,PRIMARY_SESSION,-1735,1
CDR202600005907,IPDR202600112761,PRIMARY_SESSION,225,1
CDR202600068420,IPDR202600112779,PRIMARY_SESSION,-298,1
CDR202600053025,IPDR202600112780,ADDITIONAL_SESSION,-973,1
CDR202600001882,IPDR202600112827,ADDITIONAL_SESSION,-1107,1
CDR202600049446,IPDR202600112837,ADDITIONAL_SESSION,1635,1
CDR202600005262,IPDR202600112845,ADDITIONAL_SESSION,-58,1
CDR202600046075,IPDR202600112852,ADDITIONAL_SESSION,500,1
CDR202600080730,IPDR202600112866,PRIMARY_SESSION,141,1
CDR202600027368,IPDR202600112887,PRIMARY_SESSION,-317,1
CDR202600030166,IPDR202600112910,PRIMARY_SESSION,-493,1
CDR202600021173,IPDR202600112915,PRIMARY_SESSION,236,1
CDR202600015327,IPDR202600112930,PRIMARY_SESSION,747,1
CDR202600046412,IPDR202600112954,ADDITIONAL_SESSION,-572,1
CDR202600030511,IPDR202600112975,PRIMARY_SESSION,146,1
CDR202600005832,IPDR202600112979,PRIMARY_SESSION,-114,1
CDR202600042962,IPDR202600113008,ADDITIONAL_SESSION,-64,1
CDR202600079660,IPDR202600113010,PRIMARY_SESSION,47,1
CDR202600073873,IPDR202600113013,PRIMARY_SESSION,753,1
CDR202600032349,IPDR202600113028,PRIMARY_SESSION,124,1
CDR202600040966,IPDR202600113090,PRIMARY_SESSION,-72,1
CDR202600064795,IPDR202600113134,PRIMARY_SESSION,1067,1
CDR202600019485,IPDR202600113171,ADDITIONAL_SESSION,-795,1
CDR202600086061,IPDR202600113177,PRIMARY_SESSION,-297,1
CDR202600070902,IPDR202600113191,PRIMARY_SESSION,-235,1
CDR202600036432,IPDR202600113202,PRIMARY_SESSION,-34,1
CDR202600051803,IPDR202600113222,PRIMARY_SESSION,284,1
CDR202600049941,IPDR202600113227,PRIMARY_SESSION,652,1
CDR202600037641,IPDR202600113250,ADDITIONAL_SESSION,-182,1
CDR202600001028,IPDR202600113333,PRIMARY_SESSION,-206,1
CDR202600079988,IPDR202600113369,PRIMARY_SESSION,48,1
CDR202600057015,IPDR202600113370,ADDITIONAL_SESSION,3,1
CDR202600079334,IPDR202600113379,PRIMARY_SESSION,1133,1
CDR202600080657,IPDR202600113404,PRIMARY_SESSION,-463,1
CDR202600088291,IPDR202600113410,PRIMARY_SESSION,-37,1
CDR202600062782,IPDR202600113415,PRIMARY_SESSION,519,1
CDR202600024682,IPDR202600113428,PRIMARY_SESSION,564,1
CDR202600050343,IPDR202600113451,ADDITIONAL_SESSION,-707,1
CDR202600007384,IPDR202600113466,ADDITIONAL_SESSION,-694,1
CDR202600084475,IPDR202600113478,ADDITIONAL_SESSION,31,1
CDR202600060899,IPDR202600113501,PRIMARY_SESSION,18,1
CDR202600005633,IPDR202600113509,ADDITIONAL_SESSION,-43,1
CDR202600045725,IPDR202600113519,PRIMARY_SESSION,-265,1
CDR202600058260,IPDR202600113545,PRIMARY_SESSION,-946,1
CDR202600089638,IPDR202600113550,ADDITIONAL_SESSION,219,1
CDR202600089095,IPDR202600113593,PRIMARY_SESSION,-88,1
CDR202600086081,IPDR202600113597,PRIMARY_SESSION,5,1
CDR202600012319,IPDR202600113619,PRIMARY_SESSION,-149,1
CDR202600058960,IPDR202600113624,PRIMARY_SESSION,120,1
CDR202600074312,IPDR202600113641,PRIMARY_SESSION,-596,1
CDR202600065680,IPDR202600113651,PRIMARY_SESSION,-3,1
CDR202600086379,IPDR202600113673,PRIMARY_SESSION,66,1
CDR202600090729,IPDR202600113674,PRIMARY_SESSION,-692,1
CDR202600071672,IPDR202600113675,PRIMARY_SESSION,-54,1
CDR202600009876,IPDR202600113700,ADDITIONAL_SESSION,722,1
CDR202600086463,IPDR202600113704,ADDITIONAL_SESSION,-3,1
CDR202600007780,IPDR202600113705,ADDITIONAL_SESSION,-163,1
CDR202600081408,IPDR202600113708,PRIMARY_SESSION,73,1
CDR202600006686,IPDR202600113710,ADDITIONAL_SESSION,793,1
CDR202600079288,IPDR202600113717,ADDITIONAL_SESSION,509,1
CDR202600058073,IPDR202600113727,ADDITIONAL_SESSION,533,1
CDR202600089089,IPDR202600113729,PRIMARY_SESSION,182,1
CDR202600043757,IPDR202600113746,ADDITIONAL_SESSION,43,1
CDR202600071644,IPDR202600113776,ADDITIONAL_SESSION,-5,1
CDR202600045360,IPDR202600113845,ADDITIONAL_SESSION,650,1
CDR202600054747,IPDR202600113846,PRIMARY_SESSION,261,1
CDR202600044823,IPDR202600113877,ADDITIONAL_SESSION,41,1
CDR202600078356,IPDR202600113920,ADDITIONAL_SESSION,-240,1
CDR202600065853,IPDR202600113950,PRIMARY_SESSION,-66,1
CDR202600080500,IPDR202600113964,ADDITIONAL_SESSION,-432,1
CDR202600065172,IPDR202600114042,PRIMARY_SESSION,172,1
CDR202600044783,IPDR202600114045,PRIMARY_SESSION,6,1
CDR202600082928,IPDR202600114074,ADDITIONAL_SESSION,-31,1
CDR202600048337,IPDR202600114082,PRIMARY_SESSION,-184,1
CDR202600082025,IPDR202600114116,ADDITIONAL_SESSION,40,1
CDR202600016484,IPDR202600114117,PRIMARY_SESSION,1491,1
CDR202600019790,IPDR202600114121,PRIMARY_SESSION,-16,1
CDR202600043052,IPDR202600114147,PRIMARY_SESSION,-107,1
CDR202600091065,IPDR202600114153,PRIMARY_SESSION,-286,1
CDR202600032140,IPDR202600114188,PRIMARY_SESSION,289,1
CDR202600078322,IPDR202600114203,PRIMARY_SESSION,8,1
CDR202600070131,IPDR202600114208,PRIMARY_SESSION,769,1
CDR202600028629,IPDR202600114267,PRIMARY_SESSION,41,1
CDR202600018661,IPDR202600114272,ADDITIONAL_SESSION,277,1
CDR202600006211,IPDR202600114315,ADDITIONAL_SESSION,24,1
CDR202600085973,IPDR202600114412,PRIMARY_SESSION,-115,1
CDR202600040365,IPDR202600114447,ADDITIONAL_SESSION,49,1
CDR202600069638,IPDR202600114449,PRIMARY_SESSION,-1161,1
CDR202600047022,IPDR202600114450,PRIMARY_SESSION,202,1
CDR202600003565,IPDR202600114452,ADDITIONAL_SESSION,21,1
CDR202600089159,IPDR202600114458,PRIMARY_SESSION,-201,1
CDR202600006713,IPDR202600114469,PRIMARY_SESSION,193,1
CDR202600021714,IPDR202600114495,ADDITIONAL_SESSION,-1,1
CDR202600039703,IPDR202600114513,PRIMARY_SESSION,-123,1
CDR202600086428,IPDR202600114526,PRIMARY_SESSION,18,1
CDR202600018219,IPDR202600114527,ADDITIONAL_SESSION,816,1
CDR202600055471,IPDR202600114528,PRIMARY_SESSION,132,1
CDR202600064378,IPDR202600114537,ADDITIONAL_SESSION,449,1
CDR202600053128,IPDR202600114570,PRIMARY_SESSION,-9,1
CDR202600020337,IPDR202600114573,ADDITIONAL_SESSION,4,1
CDR202600061312,IPDR202600114588,ADDITIONAL_SESSION,195,1
CDR202600052648,IPDR202600114597,ADDITIONAL_SESSION,9,1
CDR202600052783,IPDR202600114608,ADDITIONAL_SESSION,162,1
CDR202600033729,IPDR202600114630,ADDITIONAL_SESSION,-215,1
CDR202600089229,IPDR202600114659,ADDITIONAL_SESSION,-913,1
CDR202600006021,IPDR202600114668,PRIMARY_SESSION,154,1
CDR202600061194,IPDR202600114728,ADDITIONAL_SESSION,-888,1
CDR202600089368,IPDR202600114824,PRIMARY_SESSION,14,1
CDR202600090510,IPDR202600114849,ADDITIONAL_SESSION,61,1
CDR202600090646,IPDR202600114862,PRIMARY_SESSION,60,1
CDR202600059338,IPDR202600114865,PRIMARY_SESSION,-501,1
CDR202600060858,IPDR202600114868,PRIMARY_SESSION,733,1
CDR202600087043,IPDR202600114879,PRIMARY_SESSION,-739,1
CDR202600061634,IPDR202600114905,PRIMARY_SESSION,-430,1
CDR202600086379,IPDR202600114909,ADDITIONAL_SESSION,-241,1
CDR202600041727,IPDR202600114915,ADDITIONAL_SESSION,-742,1
CDR202600032291,IPDR202600114939,ADDITIONAL_SESSION,-53,1
CDR202600037371,IPDR202600114982,PRIMARY_SESSION,689,1
CDR202600059381,IPDR202600114992,PRIMARY_SESSION,-289,1
CDR202600066090,IPDR202600115021,PRIMARY_SESSION,-250,1
CDR202600046138,IPDR202600115030,ADDITIONAL_SESSION,-144,1
CDR202600086759,IPDR202600115043,ADDITIONAL_SESSION,-682,1
CDR202600011543,IPDR202600115061,ADDITIONAL_SESSION,-1730,1
CDR202600059717,IPDR202600115068,PRIMARY_SESSION,-7,1
CDR202600051179,IPDR202600115072,PRIMARY_SESSION,693,1
CDR202600004020,IPDR202600115109,ADDITIONAL_SESSION,634,1
CDR202600044152,IPDR202600115115,PRIMARY_SESSION,84,1
CDR202600043542,IPDR202600115184,PRIMARY_SESSION,80,1
CDR202600050093,IPDR202600115197,PRIMARY_SESSION,32,1
CDR202600078193,IPDR202600115214,PRIMARY_SESSION,-412,1
CDR202600086352,IPDR202600115226,ADDITIONAL_SESSION,264,1
CDR202600030913,IPDR202600115230,ADDITIONAL_SESSION,-1567,1
CDR202600035169,IPDR202600115284,ADDITIONAL_SESSION,-61,1
CDR202600020995,IPDR202600115295,PRIMARY_SESSION,143,1
CDR202600066412,IPDR202600115308,PRIMARY_SESSION,-51,1
CDR202600052577,IPDR202600115367,ADDITIONAL_SESSION,195,1
CDR202600081321,IPDR202600115369,PRIMARY_SESSION,-261,1
CDR202600060051,IPDR202600115375,PRIMARY_SESSION,448,1
CDR202600058091,IPDR202600115380,PRIMARY_SESSION,-142,1
CDR202600071170,IPDR202600115418,PRIMARY_SESSION,-1,1
CDR202600044901,IPDR202600115419,PRIMARY_SESSION,271,1
CDR202600052091,IPDR202600115428,ADDITIONAL_SESSION,75,1
CDR202600068261,IPDR202600115473,PRIMARY_SESSION,-1011,1
CDR202600024103,IPDR202600115491,ADDITIONAL_SESSION,-13,1
CDR202600017686,IPDR202600115514,ADDITIONAL_SESSION,128,1
CDR202600088086,IPDR202600115528,PRIMARY_SESSION,474,1
CDR202600067316,IPDR202600115535,ADDITIONAL_SESSION,159,1
CDR202600001433,IPDR202600115592,ADDITIONAL_SESSION,-68,1
CDR202600035371,IPDR202600115614,ADDITIONAL_SESSION,-185,1
CDR202600090901,IPDR202600115678,PRIMARY_SESSION,749,1
CDR202600015653,IPDR202600115689,ADDITIONAL_SESSION,-909,1
CDR202600064514,IPDR202600115699,ADDITIONAL_SESSION,819,1
CDR202600060332,IPDR202600115709,PRIMARY_SESSION,688,1
CDR202600063830,IPDR202600115719,PRIMARY_SESSION,-259,1
CDR202600032776,IPDR202600115755,PRIMARY_SESSION,-250,1
CDR202600059142,IPDR202600115798,ADDITIONAL_SESSION,-33,1
CDR202600034809,IPDR202600115805,PRIMARY_SESSION,-77,1
CDR202600017591,IPDR202600115812,PRIMARY_SESSION,113,1
CDR202600036541,IPDR202600115818,ADDITIONAL_SESSION,881,1
CDR202600086655,IPDR202600115843,PRIMARY_SESSION,1029,1
CDR202600013079,IPDR202600115863,ADDITIONAL_SESSION,313,1
CDR202600061817,IPDR202600115919,ADDITIONAL_SESSION,-92,1
CDR202600015837,IPDR202600115924,ADDITIONAL_SESSION,85,1
CDR202600035532,IPDR202600115926,PRIMARY_SESSION,1527,1
CDR202600021879,IPDR202600115945,PRIMARY_SESSION,-11,1
CDR202600025484,IPDR202600115961,PRIMARY_SESSION,-11,1
CDR202600079786,IPDR202600115973,PRIMARY_SESSION,410,1
CDR202600021022,IPDR202600115987,ADDITIONAL_SESSION,-23,1
CDR202600062304,IPDR202600116000,ADDITIONAL_SESSION,-781,1
CDR202600059941,IPDR202600116005,ADDITIONAL_SESSION,-1186,1
CDR202600066674,IPDR202600116025,PRIMARY_SESSION,718,1
CDR202600029068,IPDR202600116029,PRIMARY_SESSION,578,1
CDR202600049868,IPDR202600116058,PRIMARY_SESSION,106,1
CDR202600054242,IPDR202600116059,PRIMARY_SESSION,167,1
CDR202600078903,IPDR202600116065,PRIMARY_SESSION,-14,1
CDR202600042411,IPDR202600116082,ADDITIONAL_SESSION,-625,1
CDR202600084658,IPDR202600116094,ADDITIONAL_SESSION,-1110,1
CDR202600085438,IPDR202600116108,ADDITIONAL_SESSION,25,1
CDR202600030300,IPDR202600116113,PRIMARY_SESSION,-42,1
CDR202600072249,IPDR202600116146,PRIMARY_SESSION,-14,1
CDR202600083629,IPDR202600116155,PRIMARY_SESSION,53,1
CDR202600049446,IPDR202600116180,ADDITIONAL_SESSION,-269,1
CDR202600080841,IPDR202600116187,PRIMARY_SESSION,233,1
CDR202600049941,IPDR202600116188,ADDITIONAL_SESSION,-99,1
CDR202600022280,IPDR202600116258,PRIMARY_SESSION,-1354,1
CDR202600019829,IPDR202600116288,PRIMARY_SESSION,26,1
CDR202600056269,IPDR202600116295,ADDITIONAL_SESSION,1464,1
CDR202600020659,IPDR202600116331,ADDITIONAL_SESSION,274,1
CDR202600047308,IPDR202600116333,PRIMARY_SESSION,-54,1
CDR202600027145,IPDR202600116342,ADDITIONAL_SESSION,228,1
CDR202600024887,IPDR202600116403,PRIMARY_SESSION,-110,1
CDR202600005734,IPDR202600116498,ADDITIONAL_SESSION,46,1
CDR202600005513,IPDR202600116516,ADDITIONAL_SESSION,487,1
CDR202600034329,IPDR202600116519,ADDITIONAL_SESSION,-99,1
CDR202600078732,IPDR202600116534,ADDITIONAL_SESSION,-214,1
CDR202600077958,IPDR202600116540,PRIMARY_SESSION,524,1
CDR202600090996,IPDR202600116564,ADDITIONAL_SESSION,1270,1
CDR202600006908,IPDR202600116579,PRIMARY_SESSION,-143,1
CDR202600083828,IPDR202600116615,PRIMARY_SESSION,58,1
CDR202600029879,IPDR202600116628,PRIMARY_SESSION,-88,1
CDR202600029773,IPDR202600116651,PRIMARY_SESSION,226,1
CDR202600014089,IPDR202600116656,PRIMARY_SESSION,270,1
CDR202600033095,IPDR202600116683,PRIMARY_SESSION,-183,1
CDR202600010200,IPDR202600116699,PRIMARY_SESSION,3,1
CDR202600078445,IPDR202600116718,PRIMARY_SESSION,-200,1
CDR202600013907,IPDR202600116737,ADDITIONAL_SESSION,-824,1
CDR202600004575,IPDR202600116742,PRIMARY_SESSION,-629,1
CDR202600084486,IPDR202600116783,ADDITIONAL_SESSION,259,1
CDR202600020018,IPDR202600116794,PRIMARY_SESSION,832,1
CDR202600008598,IPDR202600116800,PRIMARY_SESSION,-120,1
CDR202600052967,IPDR202600116803,PRIMARY_SESSION,-55,1
CDR202600076966,IPDR202600116858,PRIMARY_SESSION,-1448,1
CDR202600039548,IPDR202600116869,ADDITIONAL_SESSION,-986,1
CDR202600008923,IPDR202600116899,ADDITIONAL_SESSION,-151,1
CDR202600081510,IPDR202600116977,ADDITIONAL_SESSION,105,1
CDR202600032489,IPDR202600116979,ADDITIONAL_SESSION,651,1
CDR202600035846,IPDR202600116987,ADDITIONAL_SESSION,-32,1
CDR202600053817,IPDR202600117013,ADDITIONAL_SESSION,1581,1
CDR202600011339,IPDR202600117021,PRIMARY_SESSION,81,1
CDR202600043333,IPDR202600117030,ADDITIONAL_SESSION,-595,1
CDR202600046334,IPDR202600117053,PRIMARY_SESSION,-393,1
CDR202600085883,IPDR202600117057,ADDITIONAL_SESSION,-191,1
CDR202600066490,IPDR202600117129,PRIMARY_SESSION,378,1
CDR202600057814,IPDR202600117131,PRIMARY_SESSION,17,1
CDR202600003565,IPDR202600117166,ADDITIONAL_SESSION,-170,1
CDR202600085747,IPDR202600117216,PRIMARY_SESSION,60,1
CDR202600036629,IPDR202600117218,PRIMARY_SESSION,267,1
CDR202600001530,IPDR202600117221,PRIMARY_SESSION,258,1
CDR202600077024,IPDR202600117230,PRIMARY_SESSION,858,1
CDR202600035287,IPDR202600117234,PRIMARY_SESSION,-1068,1
CDR202600088812,IPDR202600117261,PRIMARY_SESSION,-748,1
CDR202600042671,IPDR202600117284,PRIMARY_SESSION,670,1
CDR202600045790,IPDR202600117286,PRIMARY_SESSION,285,1
CDR202600061194,IPDR202600117289,ADDITIONAL_SESSION,661,1
CDR202600068576,IPDR202600117296,ADDITIONAL_SESSION,1015,1
CDR202600035418,IPDR202600117297,ADDITIONAL_SESSION,463,1
CDR202600026187,IPDR202600117323,PRIMARY_SESSION,72,1
CDR202600023657,IPDR202600117326,PRIMARY_SESSION,737,1
CDR202600025449,IPDR202600117345,ADDITIONAL_SESSION,-353,1
CDR202600044995,IPDR202600117384,ADDITIONAL_SESSION,-411,1
CDR202600023079,IPDR202600117394,PRIMARY_SESSION,-56,1
CDR202600065334,IPDR202600117410,ADDITIONAL_SESSION,-55,1
CDR202600057616,IPDR202600117412,PRIMARY_SESSION,-368,1
CDR202600086336,IPDR202600117448,PRIMARY_SESSION,-1169,1
CDR202600036919,IPDR202600117546,PRIMARY_SESSION,-770,1
CDR202600083944,IPDR202600117568,ADDITIONAL_SESSION,-837,1
CDR202600050682,IPDR202600117613,ADDITIONAL_SESSION,-729,1
CDR202600064606,IPDR202600117625,ADDITIONAL_SESSION,-33,1
CDR202600051850,IPDR202600117644,ADDITIONAL_SESSION,-28,1
CDR202600056658,IPDR202600117722,PRIMARY_SESSION,-932,1
CDR202600006066,IPDR202600117754,PRIMARY_SESSION,515,1
CDR202600090934,IPDR202600117800,PRIMARY_SESSION,1722,1
CDR202600051018,IPDR202600117828,PRIMARY_SESSION,-22,1
CDR202600016330,IPDR202600117835,PRIMARY_SESSION,120,1
CDR202600074061,IPDR202600117841,PRIMARY_SESSION,-112,1
CDR202600062659,IPDR202600117872,PRIMARY_SESSION,7,1
CDR202600017326,IPDR202600117883,PRIMARY_SESSION,-122,1
CDR202600089507,IPDR202600117903,ADDITIONAL_SESSION,-533,1
CDR202600045272,IPDR202600117912,PRIMARY_SESSION,48,1
CDR202600028825,IPDR202600117917,ADDITIONAL_SESSION,-14,1
CDR202600019349,IPDR202600117930,ADDITIONAL_SESSION,846,1
CDR202600015804,IPDR202600117942,PRIMARY_SESSION,-1123,1
CDR202600080342,IPDR202600117944,PRIMARY_SESSION,211,1
CDR202600073934,IPDR202600117981,ADDITIONAL_SESSION,681,1
CDR202600031512,IPDR202600117983,ADDITIONAL_SESSION,1376,1
CDR202600041697,IPDR202600118060,ADDITIONAL_SESSION,-1082,1
CDR202600049053,IPDR202600118062,PRIMARY_SESSION,-122,1
CDR202600090839,IPDR202600118097,ADDITIONAL_SESSION,-453,1
CDR202600041455,IPDR202600118117,ADDITIONAL_SESSION,-706,1
CDR202600066467,IPDR202600118149,ADDITIONAL_SESSION,-42,1
CDR202600059065,IPDR202600118156,PRIMARY_SESSION,802,1
CDR202600024910,IPDR202600118162,PRIMARY_SESSION,214,1
CDR202600012538,IPDR202600118165,PRIMARY_SESSION,211,1
CDR202600078554,IPDR202600118169,ADDITIONAL_SESSION,-6,1
CDR202600031866,IPDR202600118217,ADDITIONAL_SESSION,-384,1
CDR202600057631,IPDR202600118247,ADDITIONAL_SESSION,-8,1
CDR202600042134,IPDR202600118297,ADDITIONAL_SESSION,1683,1
CDR202600072477,IPDR202600118307,PRIMARY_SESSION,-856,1
CDR202600069493,IPDR202600118308,PRIMARY_SESSION,-391,1
CDR202600020889,IPDR202600118348,PRIMARY_SESSION,79,1
CDR202600014129,IPDR202600118352,PRIMARY_SESSION,-38,1
CDR202600051801,IPDR202600118357,PRIMARY_SESSION,56,1
CDR202600056017,IPDR202600118360,ADDITIONAL_SESSION,510,1
CDR202600038572,IPDR202600118375,ADDITIONAL_SESSION,-164,1
CDR202600053683,IPDR202600118379,ADDITIONAL_SESSION,30,1
CDR202600085240,IPDR202600118383,PRIMARY_SESSION,397,1
CDR202600005492,IPDR202600118385,PRIMARY_SESSION,-171,1
CDR202600067195,IPDR202600118392,PRIMARY_SESSION,-267,1
CDR202600061550,IPDR202600118414,PRIMARY_SESSION,-90,1
CDR202600053796,IPDR202600118457,ADDITIONAL_SESSION,279,1
CDR202600061055,IPDR202600118461,ADDITIONAL_SESSION,-24,1
CDR202600009801,IPDR202600118467,ADDITIONAL_SESSION,-1644,1
CDR202600075451,IPDR202600118478,PRIMARY_SESSION,-46,1
CDR202600010525,IPDR202600118486,PRIMARY_SESSION,-40,1
CDR202600075915,IPDR202600118492,ADDITIONAL_SESSION,17,1
CDR202600008996,IPDR202600118500,PRIMARY_SESSION,66,1
CDR202600081182,IPDR202600118501,PRIMARY_SESSION,-591,1
CDR202600044823,IPDR202600118502,PRIMARY_SESSION,119,1
CDR202600063466,IPDR202600118514,PRIMARY_SESSION,546,1
CDR202600047467,IPDR202600118519,ADDITIONAL_SESSION,151,1
CDR202600061047,IPDR202600118525,PRIMARY_SESSION,418,1
CDR202600002600,IPDR202600118532,PRIMARY_SESSION,-885,1
CDR202600083187,IPDR202600118558,ADDITIONAL_SESSION,-50,1
CDR202600078273,IPDR202600118620,PRIMARY_SESSION,1287,1
CDR202600082005,IPDR202600118642,PRIMARY_SESSION,-92,1
CDR202600044901,IPDR202600118699,ADDITIONAL_SESSION,-745,1
CDR202600032039,IPDR202600118717,ADDITIONAL_SESSION,22,1
CDR202600033613,IPDR202600118740,PRIMARY_SESSION,48,1
CDR202600066090,IPDR202600118755,ADDITIONAL_SESSION,119,1
CDR202600058770,IPDR202600118766,PRIMARY_SESSION,-703,1
CDR202600034448,IPDR202600118782,PRIMARY_SESSION,59,1
CDR202600079214,IPDR202600118790,PRIMARY_SESSION,-147,1
CDR202600083619,IPDR202600118795,PRIMARY_SESSION,-40,1
CDR202600001589,IPDR202600118826,PRIMARY_SESSION,112,1
CDR202600041455,IPDR202600118886,PRIMARY_SESSION,172,1
CDR202600020510,IPDR202600118891,ADDITIONAL_SESSION,-712,1
CDR202600034082,IPDR202600118938,PRIMARY_SESSION,191,1
CDR202600073324,IPDR202600119001,PRIMARY_SESSION,-52,1
CDR202600038406,IPDR202600119018,PRIMARY_SESSION,-1219,1
CDR202600049630,IPDR202600119025,PRIMARY_SESSION,42,1
CDR202600019152,IPDR202600119036,PRIMARY_SESSION,404,1
CDR202600063396,IPDR202600119065,PRIMARY_SESSION,46,1
CDR202600000269,IPDR202600119103,ADDITIONAL_SESSION,183,1
CDR202600083944,IPDR202600119138,ADDITIONAL_SESSION,15,1
CDR202600069728,IPDR202600119154,PRIMARY_SESSION,-105,1
CDR202600057224,IPDR202600119177,PRIMARY_SESSION,845,1
CDR202600085025,IPDR202600119201,ADDITIONAL_SESSION,-78,1
CDR202600040316,IPDR202600119228,PRIMARY_SESSION,443,1
CDR202600048718,IPDR202600119247,PRIMARY_SESSION,-35,1
CDR202600035965,IPDR202600119249,PRIMARY_SESSION,142,1
CDR202600063987,IPDR202600119286,PRIMARY_SESSION,-99,1
CDR202600040972,IPDR202600119316,ADDITIONAL_SESSION,1270,1
CDR202600077680,IPDR202600119318,ADDITIONAL_SESSION,75,1
CDR202600003965,IPDR202600119326,ADDITIONAL_SESSION,1347,1
CDR202600081790,IPDR202600119352,ADDITIONAL_SESSION,-623,1
CDR202600033865,IPDR202600119354,ADDITIONAL_SESSION,-348,1
CDR202600038385,IPDR202600119357,PRIMARY_SESSION,-174,1
CDR202600011069,IPDR202600119365,ADDITIONAL_SESSION,-77,1
CDR202600044297,IPDR202600119368,ADDITIONAL_SESSION,541,1
CDR202600070016,IPDR202600119373,PRIMARY_SESSION,-270,1
CDR202600069888,IPDR202600119374,PRIMARY_SESSION,19,1
CDR202600076921,IPDR202600119393,PRIMARY_SESSION,-115,1
CDR202600000266,IPDR202600119410,PRIMARY_SESSION,-214,1
CDR202600019911,IPDR202600119459,PRIMARY_SESSION,692,1
CDR202600014186,IPDR202600119469,ADDITIONAL_SESSION,-157,1
CDR202600015869,IPDR202600119473,PRIMARY_SESSION,270,1
CDR202600048075,IPDR202600119520,ADDITIONAL_SESSION,1104,1
CDR202600077199,IPDR202600119522,PRIMARY_SESSION,-191,1
CDR202600024781,IPDR202600119553,PRIMARY_SESSION,-16,1
CDR202600078727,IPDR202600119568,PRIMARY_SESSION,14,1
CDR202600056938,IPDR202600119573,PRIMARY_SESSION,-847,1
CDR202600048578,IPDR202600119577,ADDITIONAL_SESSION,665,1
CDR202600000559,IPDR202600119579,PRIMARY_SESSION,-1587,1
CDR202600074971,IPDR202600119581,ADDITIONAL_SESSION,-1703,1
CDR202600079573,IPDR202600119586,ADDITIONAL_SESSION,-864,1
CDR202600005307,IPDR202600119632,ADDITIONAL_SESSION,-1175,1
CDR202600013215,IPDR202600119636,ADDITIONAL_SESSION,884,1
CDR202600007251,IPDR202600119707,ADDITIONAL_SESSION,-218,1
CDR202600004877,IPDR202600119729,ADDITIONAL_SESSION,-1678,1
CDR202600072064,IPDR202600119731,PRIMARY_SESSION,414,1
CDR202600030597,IPDR202600119747,ADDITIONAL_SESSION,220,1
CDR202600049056,IPDR202600119774,PRIMARY_SESSION,17,1
CDR202600040972,IPDR202600119785,ADDITIONAL_SESSION,-269,1
CDR202600071275,IPDR202600119802,PRIMARY_SESSION,-449,1
CDR202600052066,IPDR202600119816,PRIMARY_SESSION,-1625,1
CDR202600049211,IPDR202600119819,PRIMARY_SESSION,879,1
CDR202600066235,IPDR202600119836,PRIMARY_SESSION,1237,1
CDR202600015377,IPDR202600119851,ADDITIONAL_SESSION,-8,1
CDR202600075965,IPDR202600119868,PRIMARY_SESSION,40,1
CDR202600061428,IPDR202600119896,PRIMARY_SESSION,544,1
CDR202600025554,IPDR202600119908,ADDITIONAL_SESSION,-205,1
CDR202600047291,IPDR202600119918,PRIMARY_SESSION,52,1
CDR202600073530,IPDR202600119936,PRIMARY_SESSION,-294,1
CDR202600090224,IPDR202600119939,PRIMARY_SESSION,30,1
CDR202600083767,IPDR202600119948,PRIMARY_SESSION,59,1
CDR202600070910,IPDR202600120039,PRIMARY_SESSION,22,1
CDR202600089501,IPDR202600120093,PRIMARY_SESSION,133,1
CDR202600031372,IPDR202600120130,ADDITIONAL_SESSION,-255,1
CDR202600021231,IPDR202600120157,PRIMARY_SESSION,96,1
CDR202600049072,IPDR202600120195,PRIMARY_SESSION,-23,1
CDR202600009454,IPDR202600120207,ADDITIONAL_SESSION,-659,1
CDR202600063640,IPDR202600120234,PRIMARY_SESSION,-255,1
CDR202600066239,IPDR202600120242,PRIMARY_SESSION,204,1
CDR202600038197,IPDR202600120248,ADDITIONAL_SESSION,322,1
CDR202600017614,IPDR202600120251,PRIMARY_SESSION,19,1
CDR202600032265,IPDR202600120256,ADDITIONAL_SESSION,17,1
CDR202600006610,IPDR202600120257,PRIMARY_SESSION,-59,1
CDR202600066054,IPDR202600120321,ADDITIONAL_SESSION,-516,1
CDR202600018099,IPDR202600120335,PRIMARY_SESSION,-190,1
CDR202600023055,IPDR202600120388,PRIMARY_SESSION,58,1
CDR202600071957,IPDR202600120439,PRIMARY_SESSION,-108,1
CDR202600032655,IPDR202600120514,PRIMARY_SESSION,-276,1
CDR202600081864,IPDR202600120545,PRIMARY_SESSION,-348,1
CDR202600038965,IPDR202600120552,PRIMARY_SESSION,1748,1
CDR202600044891,IPDR202600120576,ADDITIONAL_SESSION,114,1
CDR202600051591,IPDR202600120580,PRIMARY_SESSION,-264,1
CDR202600046091,IPDR202600120610,PRIMARY_SESSION,-328,1
CDR202600032265,IPDR202600120619,PRIMARY_SESSION,500,1
CDR202600057886,IPDR202600120652,PRIMARY_SESSION,-1511,1
CDR202600006129,IPDR202600120676,PRIMARY_SESSION,1555,1
CDR202600039319,IPDR202600120678,PRIMARY_SESSION,662,1
CDR202600040440,IPDR202600120724,ADDITIONAL_SESSION,-679,1
CDR202600009101,IPDR202600120737,ADDITIONAL_SESSION,214,1
CDR202600014788,IPDR202600120774,PRIMARY_SESSION,-648,1
CDR202600029534,IPDR202600120777,PRIMARY_SESSION,-164,1
CDR202600017061,IPDR202600120787,PRIMARY_SESSION,749,1
CDR202600074927,IPDR202600120814,PRIMARY_SESSION,13,1
CDR202600053438,IPDR202600120818,PRIMARY_SESSION,82,1
CDR202600034809,IPDR202600120819,ADDITIONAL_SESSION,153,1
CDR202600053515,IPDR202600120833,PRIMARY_SESSION,-235,1
CDR202600014741,IPDR202600120869,PRIMARY_SESSION,-416,1
CDR202600024219,IPDR202600120902,PRIMARY_SESSION,50,1
CDR202600012547,IPDR202600120904,ADDITIONAL_SESSION,4,1
CDR202600068420,IPDR202600120907,ADDITIONAL_SESSION,-70,1
CDR202600080745,IPDR202600120936,PRIMARY_SESSION,740,1
CDR202600065969,IPDR202600120961,PRIMARY_SESSION,-126,1
CDR202600090186,IPDR202600120963,ADDITIONAL_SESSION,5,1
CDR202600000744,IPDR202600120971,PRIMARY_SESSION,850,1
CDR202600035694,IPDR202600121001,PRIMARY_SESSION,138,1
CDR202600006572,IPDR202600121031,ADDITIONAL_SESSION,-187,1
CDR202600014644,IPDR202600121053,ADDITIONAL_SESSION,-1247,1
CDR202600030996,IPDR202600121072,PRIMARY_SESSION,60,1
CDR202600041098,IPDR202600121081,ADDITIONAL_SESSION,-34,1
CDR202600082372,IPDR202600121082,PRIMARY_SESSION,-270,1
CDR202600051062,IPDR202600121172,PRIMARY_SESSION,97,1
CDR202600062072,IPDR202600121180,ADDITIONAL_SESSION,229,1
CDR202600003894,IPDR202600121182,PRIMARY_SESSION,128,1
CDR202600061712,IPDR202600121206,PRIMARY_SESSION,-520,1
CDR202600011423,IPDR202600121208,PRIMARY_SESSION,143,1
CDR202600077495,IPDR202600121217,PRIMARY_SESSION,57,1
CDR202600079038,IPDR202600121238,ADDITIONAL_SESSION,487,1
CDR202600052719,IPDR202600121248,ADDITIONAL_SESSION,-690,1
CDR202600080130,IPDR202600121267,ADDITIONAL_SESSION,-209,1
CDR202600002329,IPDR202600121277,PRIMARY_SESSION,-778,1
CDR202600058771,IPDR202600121314,ADDITIONAL_SESSION,-1258,1
CDR202600003988,IPDR202600121320,PRIMARY_SESSION,-38,1
CDR202600026976,IPDR202600121338,PRIMARY_SESSION,-198,1
CDR202600088534,IPDR202600121349,PRIMARY_SESSION,-54,1
CDR202600090186,IPDR202600121370,PRIMARY_SESSION,-181,1
CDR202600072627,IPDR202600121404,PRIMARY_SESSION,-874,1
CDR202600036641,IPDR202600121408,PRIMARY_SESSION,-31,1
CDR202600084314,IPDR202600121409,PRIMARY_SESSION,107,1
CDR202600074578,IPDR202600121437,PRIMARY_SESSION,271,1
CDR202600080394,IPDR202600121439,ADDITIONAL_SESSION,7,1
CDR202600052219,IPDR202600121463,ADDITIONAL_SESSION,-38,1
CDR202600046075,IPDR202600121472,PRIMARY_SESSION,-147,1
CDR202600049846,IPDR202600121521,ADDITIONAL_SESSION,200,1
CDR202600053559,IPDR202600121533,ADDITIONAL_SESSION,344,1
CDR202600032155,IPDR202600121555,ADDITIONAL_SESSION,-60,1
CDR202600004747,IPDR202600121558,ADDITIONAL_SESSION,118,1
CDR202600028445,IPDR202600121562,ADDITIONAL_SESSION,55,1
CDR202600024541,IPDR202600121567,PRIMARY_SESSION,1548,1
CDR202600067513,IPDR202600121588,ADDITIONAL_SESSION,-130,1
CDR202600033157,IPDR202600121596,PRIMARY_SESSION,1534,1
CDR202600043717,IPDR202600121613,PRIMARY_SESSION,97,1
CDR202600039292,IPDR202600121631,PRIMARY_SESSION,-13,1
CDR202600001086,IPDR202600121632,PRIMARY_SESSION,-12,1
CDR202600029707,IPDR202600121638,PRIMARY_SESSION,32,1
CDR202600014745,IPDR202600121666,ADDITIONAL_SESSION,198,1
CDR202600056921,IPDR202600121710,PRIMARY_SESSION,-24,1
CDR202600072250,IPDR202600121732,ADDITIONAL_SESSION,1166,1
CDR202600054375,IPDR202600121744,ADDITIONAL_SESSION,1004,1
CDR202600000559,IPDR202600121775,ADDITIONAL_SESSION,83,1
CDR202600055568,IPDR202600121783,PRIMARY_SESSION,438,1
CDR202600063747,IPDR202600121829,PRIMARY_SESSION,63,1
CDR202600061987,IPDR202600121867,PRIMARY_SESSION,-1581,1
CDR202600042470,IPDR202600121868,PRIMARY_SESSION,22,1
CDR202600040550,IPDR202600121895,PRIMARY_SESSION,-326,1
CDR202600045326,IPDR202600121897,ADDITIONAL_SESSION,-697,1
CDR202600069965,IPDR202600121902,PRIMARY_SESSION,117,1
CDR202600019255,IPDR202600121981,ADDITIONAL_SESSION,815,1
CDR202600075946,IPDR202600122037,PRIMARY_SESSION,62,1
CDR202600086801,IPDR202600122042,ADDITIONAL_SESSION,801,1
CDR202600032291,IPDR202600122070,PRIMARY_SESSION,10,1
CDR202600019269,IPDR202600122073,ADDITIONAL_SESSION,-69,1
CDR202600038951,IPDR202600122099,PRIMARY_SESSION,39,1
CDR202600017779,IPDR202600122126,ADDITIONAL_SESSION,-472,1
CDR202600030699,IPDR202600122130,PRIMARY_SESSION,-167,1
CDR202600015363,IPDR202600122132,PRIMARY_SESSION,-9,1
CDR202600032356,IPDR202600122140,PRIMARY_SESSION,-132,1
CDR202600038385,IPDR202600122161,ADDITIONAL_SESSION,-352,1
CDR202600071170,IPDR202600122206,ADDITIONAL_SESSION,130,1
CDR202600019484,IPDR202600122226,ADDITIONAL_SESSION,-111,1
CDR202600063765,IPDR202600122273,PRIMARY_SESSION,81,1
CDR202600041294,IPDR202600122288,PRIMARY_SESSION,819,1
CDR202600029436,IPDR202600122318,ADDITIONAL_SESSION,-40,1
CDR202600024804,IPDR202600122411,PRIMARY_SESSION,-163,1
CDR202600027108,IPDR202600122418,PRIMARY_SESSION,-31,1
CDR202600065863,IPDR202600122433,PRIMARY_SESSION,49,1
CDR202600079321,IPDR202600122467,ADDITIONAL_SESSION,439,1
CDR202600009028,IPDR202600122482,PRIMARY_SESSION,-1715,1
CDR202600049712,IPDR202600122487,ADDITIONAL_SESSION,125,1
CDR202600028445,IPDR202600122505,PRIMARY_SESSION,-526,1
CDR202600060129,IPDR202600122515,PRIMARY_SESSION,-237,1
CDR202600038580,IPDR202600122559,PRIMARY_SESSION,1135,1
CDR202600002056,IPDR202600122560,PRIMARY_SESSION,20,1
CDR202600023270,IPDR202600122573,ADDITIONAL_SESSION,-276,1
CDR202600058786,IPDR202600122589,PRIMARY_SESSION,-168,1
CDR202600046412,IPDR202600122631,PRIMARY_SESSION,6,1
CDR202600048995,IPDR202600122673,PRIMARY_SESSION,4,1
CDR202600058190,IPDR202600122717,PRIMARY_SESSION,5,1
CDR202600080448,IPDR202600122721,PRIMARY_SESSION,-50,1
CDR202600022929,IPDR202600122727,PRIMARY_SESSION,97,1
CDR202600009877,IPDR202600122743,ADDITIONAL_SESSION,31,1
CDR202600054723,IPDR202600122763,ADDITIONAL_SESSION,64,1
CDR202600034043,IPDR202600122766,ADDITIONAL_SESSION,26,1
CDR202600020330,IPDR202600122784,PRIMARY_SESSION,-670,1
CDR202600027554,IPDR202600122791,PRIMARY_SESSION,58,1
CDR202600006566,IPDR202600122830,PRIMARY_SESSION,523,1
CDR202600081374,IPDR202600122839,ADDITIONAL_SESSION,-212,1
CDR202600080823,IPDR202600122849,PRIMARY_SESSION,-44,1
CDR202600067537,IPDR202600122883,ADDITIONAL_SESSION,78,1
CDR202600050563,IPDR202600122907,ADDITIONAL_SESSION,-139,1
CDR202600027557,IPDR202600122928,ADDITIONAL_SESSION,-558,1
CDR202600078731,IPDR202600122983,ADDITIONAL_SESSION,-871,1
CDR202600029345,IPDR202600122996,ADDITIONAL_SESSION,34,1
CDR202600085461,IPDR202600123009,PRIMARY_SESSION,53,1
CDR202600011345,IPDR202600123022,ADDITIONAL_SESSION,38,1
CDR202600036693,IPDR202600123031,PRIMARY_SESSION,45,1
CDR202600029016,IPDR202600123080,PRIMARY_SESSION,269,1
CDR202600018719,IPDR202600123083,PRIMARY_SESSION,1,1
CDR202600021383,IPDR202600123086,PRIMARY_SESSION,454,1
CDR202600038580,IPDR202600123110,ADDITIONAL_SESSION,-21,1
CDR202600020706,IPDR202600123119,ADDITIONAL_SESSION,-298,1
CDR202600087655,IPDR202600123133,ADDITIONAL_SESSION,-58,1
CDR202600084638,IPDR202600123144,ADDITIONAL_SESSION,226,1
CDR202600002781,IPDR202600123157,PRIMARY_SESSION,70,1
CDR202600021155,IPDR202600123182,PRIMARY_SESSION,-899,1
CDR202600000031,IPDR202600123236,PRIMARY_SESSION,60,1
CDR202600003988,IPDR202600123251,ADDITIONAL_SESSION,-1419,1
CDR202600033550,IPDR202600123263,PRIMARY_SESSION,152,1
CDR202600031108,IPDR202600123275,PRIMARY_SESSION,27,1
CDR202600014024,IPDR202600123296,ADDITIONAL_SESSION,180,1
CDR202600034416,IPDR202600123298,PRIMARY_SESSION,-391,1
CDR202600032102,IPDR202600123303,ADDITIONAL_SESSION,1641,1
CDR202600035296,IPDR202600123398,ADDITIONAL_SESSION,-899,1
CDR202600044001,IPDR202600123414,PRIMARY_SESSION,432,1
CDR202600089297,IPDR202600123437,PRIMARY_SESSION,-11,1
CDR202600087383,IPDR202600123439,PRIMARY_SESSION,330,1
CDR202600007964,IPDR202600123460,PRIMARY_SESSION,-8,1
CDR202600062950,IPDR202600123481,PRIMARY_SESSION,80,1
CDR202600077754,IPDR202600123493,PRIMARY_SESSION,-333,1
CDR202600047352,IPDR202600123585,ADDITIONAL_SESSION,-276,1
CDR202600049052,IPDR202600123612,ADDITIONAL_SESSION,-32,1
CDR202600045500,IPDR202600123613,PRIMARY_SESSION,366,1
CDR202600083421,IPDR202600123650,ADDITIONAL_SESSION,-833,1
CDR202600089532,IPDR202600123651,PRIMARY_SESSION,538,1
CDR202600066054,IPDR202600123708,PRIMARY_SESSION,-38,1
CDR202600010697,IPDR202600123737,PRIMARY_SESSION,-99,1
CDR202600024599,IPDR202600123741,PRIMARY_SESSION,34,1
CDR202600032365,IPDR202600123755,PRIMARY_SESSION,1585,1
CDR202600062382,IPDR202600123837,PRIMARY_SESSION,-17,1
CDR202600056927,IPDR202600123861,ADDITIONAL_SESSION,463,1
CDR202600032155,IPDR202600123869,ADDITIONAL_SESSION,565,1
CDR202600083806,IPDR202600123880,ADDITIONAL_SESSION,24,1
CDR202600086033,IPDR202600123881,PRIMARY_SESSION,270,1
CDR202600008633,IPDR202600123887,PRIMARY_SESSION,-277,1
CDR202600003484,IPDR202600123908,ADDITIONAL_SESSION,-147,1
CDR202600008983,IPDR202600123910,PRIMARY_SESSION,-7,1
CDR202600049615,IPDR202600123913,PRIMARY_SESSION,-60,1
CDR202600059966,IPDR202600123989,PRIMARY_SESSION,-1,1
CDR202600054761,IPDR202600123992,PRIMARY_SESSION,7,1
CDR202600029982,IPDR202600124007,PRIMARY_SESSION,160,1
CDR202600023795,IPDR202600124034,PRIMARY_SESSION,148,1
CDR202600008484,IPDR202600124048,ADDITIONAL_SESSION,84,1
CDR202600008484,IPDR202600124061,PRIMARY_SESSION,1733,1
CDR202600083348,IPDR202600124088,ADDITIONAL_SESSION,17,1
CDR202600041299,IPDR202600124107,ADDITIONAL_SESSION,-244,1
CDR202600013790,IPDR202600124141,PRIMARY_SESSION,54,1
CDR202600043136,IPDR202600124177,PRIMARY_SESSION,716,1
CDR202600045207,IPDR202600124196,ADDITIONAL_SESSION,107,1
CDR202600039466,IPDR202600124211,ADDITIONAL_SESSION,-295,1
CDR202600050180,IPDR202600124219,PRIMARY_SESSION,-297,1
CDR202600055049,IPDR202600124259,PRIMARY_SESSION,291,1
CDR202600061727,IPDR202600124286,PRIMARY_SESSION,-468,1
CDR202600027948,IPDR202600124330,ADDITIONAL_SESSION,-16,1
CDR202600088251,IPDR202600124373,ADDITIONAL_SESSION,106,1
CDR202600081462,IPDR202600124384,PRIMARY_SESSION,38,1
CDR202600082788,IPDR202600124391,ADDITIONAL_SESSION,-808,1
CDR202600015953,IPDR202600124410,ADDITIONAL_SESSION,-684,1
CDR202600017541,IPDR202600124427,PRIMARY_SESSION,135,1
CDR202600002697,IPDR202600124446,PRIMARY_SESSION,-877,1
CDR202600089053,IPDR202600124471,PRIMARY_SESSION,1535,1
CDR202600027951,IPDR202600124516,PRIMARY_SESSION,-62,1
CDR202600006529,IPDR202600124620,PRIMARY_SESSION,-441,1
CDR202600086224,IPDR202600124624,ADDITIONAL_SESSION,150,1
CDR202600027962,IPDR202600124627,ADDITIONAL_SESSION,-722,1
CDR202600025609,IPDR202600124636,PRIMARY_SESSION,21,1
CDR202600000857,IPDR202600124641,PRIMARY_SESSION,-90,1
CDR202600064956,IPDR202600124660,PRIMARY_SESSION,-826,1
CDR202600075880,IPDR202600124663,PRIMARY_SESSION,-1368,1
CDR202600064804,IPDR202600124667,PRIMARY_SESSION,-491,1
CDR202600009899,IPDR202600124705,ADDITIONAL_SESSION,-214,1
CDR202600004862,IPDR202600124730,PRIMARY_SESSION,-20,1
CDR202600019722,IPDR202600124733,ADDITIONAL_SESSION,152,1
CDR202600052170,IPDR202600124739,PRIMARY_SESSION,24,1
CDR202600066837,IPDR202600124740,PRIMARY_SESSION,-324,1
CDR202600021929,IPDR202600124755,PRIMARY_SESSION,26,1
CDR202600080871,IPDR202600124806,PRIMARY_SESSION,-75,1
CDR202600005369,IPDR202600124846,ADDITIONAL_SESSION,835,1
CDR202600071158,IPDR202600124892,PRIMARY_SESSION,726,1
CDR202600015574,IPDR202600124896,ADDITIONAL_SESSION,-1660,1
CDR202600063082,IPDR202600124912,PRIMARY_SESSION,-8,1
CDR202600035155,IPDR202600124929,PRIMARY_SESSION,-76,1
CDR202600056205,IPDR202600124931,ADDITIONAL_SESSION,846,1
CDR202600085729,IPDR202600124950,PRIMARY_SESSION,-101,1
CDR202600032047,IPDR202600124966,PRIMARY_SESSION,801,1
CDR202600019815,IPDR202600124980,PRIMARY_SESSION,218,1
CDR202600026760,IPDR202600124992,ADDITIONAL_SESSION,-23,1
CDR202600026640,IPDR202600125016,ADDITIONAL_SESSION,-82,1
CDR202600067614,IPDR202600125045,ADDITIONAL_SESSION,135,1
CDR202600023306,IPDR202600125053,PRIMARY_SESSION,380,1
CDR202600018446,IPDR202600125106,ADDITIONAL_SESSION,-593,1
CDR202600039067,IPDR202600125131,PRIMARY_SESSION,681,1
CDR202600058172,IPDR202600125155,PRIMARY_SESSION,182,1
CDR202600060451,IPDR202600125161,PRIMARY_SESSION,1597,1
CDR202600052091,IPDR202600125165,ADDITIONAL_SESSION,135,1
CDR202600015804,IPDR202600125166,ADDITIONAL_SESSION,-707,1
CDR202600050279,IPDR202600125191,ADDITIONAL_SESSION,-612,1
CDR202600015803,IPDR202600125249,PRIMARY_SESSION,247,1
CDR202600000392,IPDR202600125251,ADDITIONAL_SESSION,99,1
CDR202600044118,IPDR202600125259,PRIMARY_SESSION,-15,1
CDR202600081928,IPDR202600125288,PRIMARY_SESSION,-49,1
CDR202600053063,IPDR202600125304,PRIMARY_SESSION,110,1
CDR202600048922,IPDR202600125319,PRIMARY_SESSION,-118,1
CDR202600034851,IPDR202600125344,PRIMARY_SESSION,-9,1
CDR202600082581,IPDR202600125350,PRIMARY_SESSION,237,1
CDR202600034043,IPDR202600125358,PRIMARY_SESSION,46,1
CDR202600009188,IPDR202600125395,PRIMARY_SESSION,-678,1
CDR202600026097,IPDR202600125432,ADDITIONAL_SESSION,-1548,1
CDR202600000012,IPDR202600125508,PRIMARY_SESSION,38,1
CDR202600042220,IPDR202600125521,PRIMARY_SESSION,1538,1
CDR202600003073,IPDR202600125598,PRIMARY_SESSION,27,1
CDR202600022004,IPDR202600125601,ADDITIONAL_SESSION,-53,1
CDR202600080651,IPDR202600125690,ADDITIONAL_SESSION,29,1
CDR202600060630,IPDR202600125696,PRIMARY_SESSION,-594,1
CDR202600036102,IPDR202600125704,PRIMARY_SESSION,-16,1
CDR202600085138,IPDR202600125717,ADDITIONAL_SESSION,24,1
CDR202600023852,IPDR202600125729,PRIMARY_SESSION,-991,1
CDR202600034923,IPDR202600125752,ADDITIONAL_SESSION,-201,1
CDR202600047958,IPDR202600125828,PRIMARY_SESSION,-56,1
CDR202600053796,IPDR202600125867,ADDITIONAL_SESSION,-34,1
CDR202600055251,IPDR202600125884,ADDITIONAL_SESSION,152,1
CDR202600067184,IPDR202600125900,PRIMARY_SESSION,-129,1
CDR202600052725,IPDR202600125919,PRIMARY_SESSION,-1,1
CDR202600078195,IPDR202600125940,ADDITIONAL_SESSION,-113,1
CDR202600072660,IPDR202600125952,ADDITIONAL_SESSION,39,1
CDR202600067795,IPDR202600125961,PRIMARY_SESSION,21,1
CDR202600032155,IPDR202600125965,ADDITIONAL_SESSION,21,1
CDR202600051707,IPDR202600125968,PRIMARY_SESSION,-954,1
CDR202600054347,IPDR202600125971,PRIMARY_SESSION,23,1
CDR202600088864,IPDR202600125986,PRIMARY_SESSION,166,1
CDR202600009879,IPDR202600125995,ADDITIONAL_SESSION,171,1
CDR202600053127,IPDR202600126077,PRIMARY_SESSION,-99,1
CDR202600034986,IPDR202600126087,PRIMARY_SESSION,-199,1
CDR202600047658,IPDR202600126098,PRIMARY_SESSION,-170,1
CDR202600037348,IPDR202600126107,ADDITIONAL_SESSION,-319,1
CDR202600074406,IPDR202600126124,PRIMARY_SESSION,-42,1
CDR202600002918,IPDR202600126126,PRIMARY_SESSION,-652,1
CDR202600021438,IPDR202600126127,PRIMARY_SESSION,-63,1
CDR202600023958,IPDR202600126130,PRIMARY_SESSION,-96,1
CDR202600071449,IPDR202600126134,PRIMARY_SESSION,27,1
CDR202600030559,IPDR202600126177,PRIMARY_SESSION,-52,1
CDR202600086759,IPDR202600126184,PRIMARY_SESSION,-784,1
CDR202600032409,IPDR202600126193,PRIMARY_SESSION,-220,1
CDR202600001448,IPDR202600126227,ADDITIONAL_SESSION,-390,1
CDR202600074926,IPDR202600126268,ADDITIONAL_SESSION,6,1
CDR202600080566,IPDR202600126370,PRIMARY_SESSION,-15,1
CDR202600000235,IPDR202600126377,PRIMARY_SESSION,-265,1
CDR202600014263,IPDR202600126381,PRIMARY_SESSION,502,1
CDR202600023398,IPDR202600126399,PRIMARY_SESSION,-202,1
CDR202600069283,IPDR202600126411,PRIMARY_SESSION,55,1
CDR202600014091,IPDR202600126417,PRIMARY_SESSION,-46,1
CDR202600068627,IPDR202600126444,PRIMARY_SESSION,78,1
CDR202600029223,IPDR202600126453,ADDITIONAL_SESSION,13,1
CDR202600022148,IPDR202600126462,ADDITIONAL_SESSION,-63,1
CDR202600064046,IPDR202600126463,PRIMARY_SESSION,50,1
CDR202600011084,IPDR202600126466,ADDITIONAL_SESSION,23,1
CDR202600073333,IPDR202600126474,ADDITIONAL_SESSION,-565,1
CDR202600015849,IPDR202600126508,PRIMARY_SESSION,57,1
CDR202600009006,IPDR202600126511,PRIMARY_SESSION,-112,1
CDR202600089286,IPDR202600126513,ADDITIONAL_SESSION,-208,1
CDR202600008598,IPDR202600126524,ADDITIONAL_SESSION,381,1
CDR202600037197,IPDR202600126530,ADDITIONAL_SESSION,-279,1
CDR202600086384,IPDR202600126571,PRIMARY_SESSION,1694,1
CDR202600003565,IPDR202600126578,PRIMARY_SESSION,-1602,1
CDR202600085714,IPDR202600126579,ADDITIONAL_SESSION,29,1
CDR202600010395,IPDR202600126591,PRIMARY_SESSION,-52,1
CDR202600028687,IPDR202600126650,ADDITIONAL_SESSION,8,1
CDR202600032637,IPDR202600126658,ADDITIONAL_SESSION,-627,1
CDR202600021241,IPDR202600126727,PRIMARY_SESSION,-18,1
CDR202600048261,IPDR202600126731,ADDITIONAL_SESSION,-280,1
CDR202600026456,IPDR202600126745,ADDITIONAL_SESSION,57,1
CDR202600012518,IPDR202600126753,ADDITIONAL_SESSION,-135,1
CDR202600034054,IPDR202600126861,PRIMARY_SESSION,-48,1
CDR202600028280,IPDR202600126864,ADDITIONAL_SESSION,-262,1
CDR202600065442,IPDR202600126866,PRIMARY_SESSION,374,1
CDR202600020019,IPDR202600126911,PRIMARY_SESSION,-612,1
CDR202600088566,IPDR202600126926,PRIMARY_SESSION,210,1
CDR202600023270,IPDR202600126927,PRIMARY_SESSION,-828,1
CDR202600002346,IPDR202600126953,PRIMARY_SESSION,-835,1
CDR202600049496,IPDR202600126968,ADDITIONAL_SESSION,713,1
CDR202600029392,IPDR202600126974,PRIMARY_SESSION,54,1
CDR202600034991,IPDR202600127003,PRIMARY_SESSION,1,1
CDR202600036165,IPDR202600127020,PRIMARY_SESSION,91,1
CDR202600033632,IPDR202600127038,PRIMARY_SESSION,-504,1
CDR202600030630,IPDR202600127049,PRIMARY_SESSION,32,1
CDR202600067329,IPDR202600127077,PRIMARY_SESSION,560,1
CDR202600054405,IPDR202600127101,ADDITIONAL_SESSION,-45,1
CDR202600030057,IPDR202600127134,PRIMARY_SESSION,-1621,1
CDR202600082090,IPDR202600127168,ADDITIONAL_SESSION,-1471,1
CDR202600073034,IPDR202600127171,PRIMARY_SESSION,59,1
CDR202600066878,IPDR202600127185,PRIMARY_SESSION,300,1
CDR202600084897,IPDR202600127200,PRIMARY_SESSION,-58,1
CDR202600086774,IPDR202600127210,PRIMARY_SESSION,1210,1
CDR202600004374,IPDR202600127223,PRIMARY_SESSION,19,1
CDR202600078044,IPDR202600127243,PRIMARY_SESSION,-3,1
CDR202600027801,IPDR202600127259,PRIMARY_SESSION,-35,1
CDR202600017920,IPDR202600127266,ADDITIONAL_SESSION,1190,1
CDR202600066799,IPDR202600127288,PRIMARY_SESSION,-162,1
CDR202600081063,IPDR202600127297,ADDITIONAL_SESSION,-808,1
CDR202600043475,IPDR202600127325,PRIMARY_SESSION,34,1
CDR202600069638,IPDR202600127341,ADDITIONAL_SESSION,678,1
CDR202600069675,IPDR202600127348,PRIMARY_SESSION,-39,1
CDR202600033952,IPDR202600127354,ADDITIONAL_SESSION,483,1
CDR202600081153,IPDR202600127357,PRIMARY_SESSION,830,1
CDR202600090561,IPDR202600127372,PRIMARY_SESSION,42,1
CDR202600078260,IPDR202600127393,PRIMARY_SESSION,111,1
CDR202600072696,IPDR202600127422,ADDITIONAL_SESSION,-323,1
CDR202600062304,IPDR202600127436,PRIMARY_SESSION,-416,1
CDR202600048374,IPDR202600127482,ADDITIONAL_SESSION,-481,1
CDR202600056362,IPDR202600127510,ADDITIONAL_SESSION,-212,1
CDR202600060423,IPDR202600127513,PRIMARY_SESSION,7,1
CDR202600053562,IPDR202600127523,ADDITIONAL_SESSION,517,1
CDR202600027327,IPDR202600127538,PRIMARY_SESSION,-85,1
CDR202600018539,IPDR202600127551,ADDITIONAL_SESSION,-1214,1
CDR202600018399,IPDR202600127557,PRIMARY_SESSION,-214,1
CDR202600059959,IPDR202600127571,ADDITIONAL_SESSION,-33,1
CDR202600060711,IPDR202600127572,PRIMARY_SESSION,-39,1
CDR202600028831,IPDR202600127578,PRIMARY_SESSION,34,1
CDR202600023851,IPDR202600127594,ADDITIONAL_SESSION,487,1
CDR202600079440,IPDR202600127602,PRIMARY_SESSION,-187,1
CDR202600085606,IPDR202600127609,ADDITIONAL_SESSION,54,1
CDR202600067880,IPDR202600127624,PRIMARY_SESSION,1609,1
CDR202600016852,IPDR202600127634,PRIMARY_SESSION,16,1
CDR202600083594,IPDR202600127647,PRIMARY_SESSION,130,1
CDR202600079567,IPDR202600127648,ADDITIONAL_SESSION,-290,1
CDR202600016896,IPDR202600127659,PRIMARY_SESSION,31,1
CDR202600022363,IPDR202600127675,ADDITIONAL_SESSION,-8,1
CDR202600079289,IPDR202600127704,PRIMARY_SESSION,189,1
CDR202600027479,IPDR202600127721,PRIMARY_SESSION,674,1
CDR202600003084,IPDR202600127750,PRIMARY_SESSION,842,1
CDR202600012095,IPDR202600127751,ADDITIONAL_SESSION,182,1
CDR202600023851,IPDR202600127769,PRIMARY_SESSION,-104,1
CDR202600064379,IPDR202600127776,ADDITIONAL_SESSION,1005,1
CDR202600087567,IPDR202600127790,PRIMARY_SESSION,-406,1
CDR202600010632,IPDR202600127800,PRIMARY_SESSION,27,1
CDR202600052082,IPDR202600127811,ADDITIONAL_SESSION,-1332,1
CDR202600024911,IPDR202600127820,ADDITIONAL_SESSION,394,1
CDR202600049135,IPDR202600127827,PRIMARY_SESSION,601,1
CDR202600078988,IPDR202600127845,ADDITIONAL_SESSION,214,1
CDR202600082464,IPDR202600127893,ADDITIONAL_SESSION,-50,1
CDR202600042450,IPDR202600127911,PRIMARY_SESSION,-187,1
CDR202600088291,IPDR202600127917,ADDITIONAL_SESSION,25,1
CDR202600079288,IPDR202600127947,PRIMARY_SESSION,15,1
CDR202600085393,IPDR202600127959,ADDITIONAL_SESSION,227,1
CDR202600076249,IPDR202600127964,PRIMARY_SESSION,-473,1
CDR202600024333,IPDR202600127969,PRIMARY_SESSION,1275,1
CDR202600020706,IPDR202600127971,ADDITIONAL_SESSION,28,1
CDR202600004000,IPDR202600128012,PRIMARY_SESSION,47,1
CDR202600000100,IPDR202600128023,ADDITIONAL_SESSION,-840,1
CDR202600074965,IPDR202600128050,ADDITIONAL_SESSION,324,1
CDR202600073367,IPDR202600128058,ADDITIONAL_SESSION,-1668,1
CDR202600004862,IPDR202600128085,ADDITIONAL_SESSION,-133,1
CDR202600035870,IPDR202600128095,PRIMARY_SESSION,-854,1
CDR202600060265,IPDR202600128115,PRIMARY_SESSION,-189,1
CDR202600018385,IPDR202600128128,PRIMARY_SESSION,-131,1
CDR202600024349,IPDR202600128141,ADDITIONAL_SESSION,874,1
CDR202600005880,IPDR202600128142,PRIMARY_SESSION,-12,1
CDR202600082192,IPDR202600128155,ADDITIONAL_SESSION,-151,1
CDR202600001091,IPDR202600128162,ADDITIONAL_SESSION,236,1
CDR202600049085,IPDR202600128229,PRIMARY_SESSION,-38,1
CDR202600090510,IPDR202600128238,PRIMARY_SESSION,-728,1
CDR202600054723,IPDR202600128289,PRIMARY_SESSION,594,1
CDR202600025158,IPDR202600128292,PRIMARY_SESSION,144,1
CDR202600080665,IPDR202600128307,PRIMARY_SESSION,-805,1
CDR202600084570,IPDR202600128317,PRIMARY_SESSION,-97,1
CDR202600028287,IPDR202600128339,ADDITIONAL_SESSION,-14,1
CDR202600012962,IPDR202600128347,PRIMARY_SESSION,-861,1
CDR202600075628,IPDR202600128360,PRIMARY_SESSION,-124,1
CDR202600072379,IPDR202600128370,PRIMARY_SESSION,-42,1
CDR202600028899,IPDR202600128379,PRIMARY_SESSION,-169,1
CDR202600088159,IPDR202600128416,PRIMARY_SESSION,183,1
CDR202600082544,IPDR202600128430,ADDITIONAL_SESSION,-183,1
CDR202600080226,IPDR202600128433,PRIMARY_SESSION,-152,1
CDR202600006127,IPDR202600128438,PRIMARY_SESSION,-9,1
CDR202600031866,IPDR202600128440,PRIMARY_SESSION,11,1
CDR202600054255,IPDR202600128457,PRIMARY_SESSION,214,1
CDR202600086776,IPDR202600128466,PRIMARY_SESSION,-863,1
CDR202600007061,IPDR202600128467,ADDITIONAL_SESSION,-45,1
CDR202600044566,IPDR202600128482,PRIMARY_SESSION,-252,1
CDR202600004188,IPDR202600128500,PRIMARY_SESSION,2,1
CDR202600064599,IPDR202600128531,PRIMARY_SESSION,1538,1
CDR202600084821,IPDR202600128567,PRIMARY_SESSION,-1743,1
CDR202600088857,IPDR202600128569,ADDITIONAL_SESSION,240,1
CDR202600002252,IPDR202600128581,PRIMARY_SESSION,-280,1
CDR202600063490,IPDR202600128595,PRIMARY_SESSION,-1300,1
CDR202600056927,IPDR202600128611,PRIMARY_SESSION,-119,1
CDR202600034612,IPDR202600128655,PRIMARY_SESSION,-267,1
CDR202600076446,IPDR202600128656,ADDITIONAL_SESSION,-292,1
CDR202600090732,IPDR202600128688,PRIMARY_SESSION,-29,1
CDR202600018981,IPDR202600128692,ADDITIONAL_SESSION,-362,1
CDR202600012557,IPDR202600128717,ADDITIONAL_SESSION,159,1
CDR202600090638,IPDR202600128742,PRIMARY_SESSION,175,1
CDR202600007872,IPDR202600128747,ADDITIONAL_SESSION,269,1
CDR202600079549,IPDR202600128761,PRIMARY_SESSION,-149,1
CDR202600084710,IPDR202600128774,PRIMARY_SESSION,744,1
CDR202600030764,IPDR202600128802,PRIMARY_SESSION,284,1
CDR202600081401,IPDR202600128863,PRIMARY_SESSION,-128,1
CDR202600001816,IPDR202600128942,PRIMARY_SESSION,-212,1
CDR202600008458,IPDR202600128957,PRIMARY_SESSION,-18,1
CDR202600041130,IPDR202600128962,PRIMARY_SESSION,-1094,1
CDR202600013094,IPDR202600128967,PRIMARY_SESSION,55,1
CDR202600051107,IPDR202600128979,PRIMARY_SESSION,269,1
CDR202600042500,IPDR202600128996,PRIMARY_SESSION,-14,1
CDR202600083625,IPDR202600129052,ADDITIONAL_SESSION,-58,1
CDR202600036539,IPDR202600129055,ADDITIONAL_SESSION,774,1
CDR202600035199,IPDR202600129079,PRIMARY_SESSION,525,1
CDR202600029533,IPDR202600129087,PRIMARY_SESSION,34,1
CDR202600089066,IPDR202600129153,PRIMARY_SESSION,1395,1
CDR202600008390,IPDR202600129266,PRIMARY_SESSION,35,1
CDR202600065664,IPDR202600129289,PRIMARY_SESSION,32,1
CDR202600062225,IPDR202600129302,ADDITIONAL_SESSION,-493,1
CDR202600056363,IPDR202600129304,PRIMARY_SESSION,92,1
CDR202600045435,IPDR202600129330,PRIMARY_SESSION,369,1
CDR202600082568,IPDR202600129337,PRIMARY_SESSION,236,1
CDR202600011363,IPDR202600129359,ADDITIONAL_SESSION,47,1
CDR202600053884,IPDR202600129425,PRIMARY_SESSION,-237,1
CDR202600068982,IPDR202600129435,PRIMARY_SESSION,1003,1
CDR202600063987,IPDR202600129462,ADDITIONAL_SESSION,-106,1
CDR202600009081,IPDR202600129475,PRIMARY_SESSION,179,1
CDR202600075739,IPDR202600129479,ADDITIONAL_SESSION,-818,1
CDR202600035062,IPDR202600129480,ADDITIONAL_SESSION,-1589,1
CDR202600044780,IPDR202600129494,PRIMARY_SESSION,503,1
CDR202600066417,IPDR202600129504,ADDITIONAL_SESSION,315,1
CDR202600000267,IPDR202600129553,ADDITIONAL_SESSION,136,1
CDR202600011314,IPDR202600129556,PRIMARY_SESSION,-68,1
CDR202600015756,IPDR202600129622,ADDITIONAL_SESSION,-245,1
CDR202600054899,IPDR202600129659,ADDITIONAL_SESSION,10,1
CDR202600038685,IPDR202600129676,PRIMARY_SESSION,432,1
CDR202600040456,IPDR202600129710,PRIMARY_SESSION,699,1
CDR202600057224,IPDR202600129718,ADDITIONAL_SESSION,-649,1
CDR202600088211,IPDR202600129738,PRIMARY_SESSION,247,1
CDR202600004779,IPDR202600129762,PRIMARY_SESSION,-660,1
CDR202600008488,IPDR202600129793,PRIMARY_SESSION,-36,1
CDR202600048631,IPDR202600129811,PRIMARY_SESSION,856,1
CDR202600051225,IPDR202600129822,PRIMARY_SESSION,-41,1
CDR202600018539,IPDR202600129828,PRIMARY_SESSION,200,1
CDR202600041281,IPDR202600129835,ADDITIONAL_SESSION,1280,1
CDR202600008680,IPDR202600129859,PRIMARY_SESSION,143,1
CDR202600004037,IPDR202600129870,ADDITIONAL_SESSION,-147,1
CDR202600000612,IPDR202600129877,ADDITIONAL_SESSION,565,1
CDR202600018446,IPDR202600129892,PRIMARY_SESSION,-1192,1
CDR202600090051,IPDR202600129910,PRIMARY_SESSION,333,1
CDR202600037180,IPDR202600129911,PRIMARY_SESSION,24,1
CDR202600043028,IPDR202600129962,PRIMARY_SESSION,1254,1
CDR202600016161,IPDR202600129977,PRIMARY_SESSION,-691,1
CDR202600077339,IPDR202600129984,ADDITIONAL_SESSION,1409,1
CDR202600083348,IPDR202600129992,ADDITIONAL_SESSION,299,1
CDR202600015982,IPDR202600130061,ADDITIONAL_SESSION,796,1
CDR202600056269,IPDR202600130074,ADDITIONAL_SESSION,1384,1
CDR202600005437,IPDR202600130093,PRIMARY_SESSION,271,1
CDR202600058073,IPDR202600130104,ADDITIONAL_SESSION,1008,1
CDR202600086416,IPDR202600130121,PRIMARY_SESSION,540,1
CDR202600059959,IPDR202600130122,PRIMARY_SESSION,18,1
CDR202600032455,IPDR202600130126,PRIMARY_SESSION,63,1
CDR202600054205,IPDR202600130139,PRIMARY_SESSION,20,1
CDR202600084466,IPDR202600130142,PRIMARY_SESSION,-260,1
CDR202600010862,IPDR202600130151,PRIMARY_SESSION,645,1
CDR202600011809,IPDR202600130173,PRIMARY_SESSION,-327,1
CDR202600002852,IPDR202600130200,PRIMARY_SESSION,7,1
CDR202600069289,IPDR202600130202,ADDITIONAL_SESSION,236,1
CDR202600005933,IPDR202600130203,PRIMARY_SESSION,-43,1
CDR202600065834,IPDR202600130217,PRIMARY_SESSION,10,1
CDR202600089013,IPDR202600130235,PRIMARY_SESSION,-678,1
CDR202600005597,IPDR202600130274,ADDITIONAL_SESSION,386,1
CDR202600067513,IPDR202600130284,PRIMARY_SESSION,669,1
CDR202600010691,IPDR202600130285,ADDITIONAL_SESSION,745,1
CDR202600061712,IPDR202600130286,ADDITIONAL_SESSION,271,1
CDR202600081771,IPDR202600130300,PRIMARY_SESSION,263,1
CDR202600086047,IPDR202600130306,ADDITIONAL_SESSION,7,1
CDR202600036676,IPDR202600130308,PRIMARY_SESSION,-855,1
CDR202600086114,IPDR202600130314,ADDITIONAL_SESSION,579,1
CDR202600082145,IPDR202600130345,ADDITIONAL_SESSION,-29,1
CDR202600051269,IPDR202600130346,PRIMARY_SESSION,-257,1
CDR202600011136,IPDR202600130350,PRIMARY_SESSION,-594,1
CDR202600039192,IPDR202600130418,PRIMARY_SESSION,1287,1
CDR202600061030,IPDR202600130424,PRIMARY_SESSION,-253,1
CDR202600059857,IPDR202600130427,PRIMARY_SESSION,831,1
CDR202600075869,IPDR202600130444,ADDITIONAL_SESSION,-230,1
CDR202600000785,IPDR202600130463,PRIMARY_SESSION,-265,1
CDR202600046110,IPDR202600130483,ADDITIONAL_SESSION,-326,1
CDR202600046303,IPDR202600130495,PRIMARY_SESSION,-1573,1
CDR202600084003,IPDR202600130496,PRIMARY_SESSION,28,1
CDR202600068207,IPDR202600130512,PRIMARY_SESSION,-1027,1
CDR202600063207,IPDR202600130565,PRIMARY_SESSION,712,1
CDR202600028776,IPDR202600130577,PRIMARY_SESSION,-975,1
CDR202600038063,IPDR202600130581,PRIMARY_SESSION,67,1
CDR202600007452,IPDR202600130584,PRIMARY_SESSION,-117,1
CDR202600016852,IPDR202600130602,ADDITIONAL_SESSION,23,1
CDR202600016508,IPDR202600130609,PRIMARY_SESSION,-12,1
CDR202600039466,IPDR202600130619,PRIMARY_SESSION,-1567,1
CDR202600059094,IPDR202600130621,ADDITIONAL_SESSION,15,1
CDR202600006606,IPDR202600130630,PRIMARY_SESSION,1765,1
CDR202600020706,IPDR202600130639,ADDITIONAL_SESSION,-24,1
CDR202600000897,IPDR202600130746,ADDITIONAL_SESSION,-586,1
CDR202600081790,IPDR202600130764,ADDITIONAL_SESSION,-677,1
CDR202600078195,IPDR202600130771,PRIMARY_SESSION,-19,1
CDR202600021022,IPDR202600130781,ADDITIONAL_SESSION,-16,1
CDR202600029365,IPDR202600130790,PRIMARY_SESSION,-388,1
CDR202600042766,IPDR202600130802,PRIMARY_SESSION,-22,1
CDR202600054652,IPDR202600130817,ADDITIONAL_SESSION,-283,1
CDR202600049432,IPDR202600130835,PRIMARY_SESSION,39,1
CDR202600032155,IPDR202600130852,PRIMARY_SESSION,1705,1
CDR202600033865,IPDR202600130882,PRIMARY_SESSION,-696,1
CDR202600088656,IPDR202600130883,PRIMARY_SESSION,159,1
CDR202600090687,IPDR202600130896,PRIMARY_SESSION,60,1
CDR202600017881,IPDR202600130897,ADDITIONAL_SESSION,-52,1
CDR202600009451,IPDR202600130901,PRIMARY_SESSION,19,1
CDR202600042448,IPDR202600130939,PRIMARY_SESSION,-7,1
CDR202600037984,IPDR202600130945,ADDITIONAL_SESSION,43,1
CDR202600027554,IPDR202600130947,ADDITIONAL_SESSION,30,1
CDR202600015666,IPDR202600130957,PRIMARY_SESSION,-25,1
CDR202600089666,IPDR202600130971,ADDITIONAL_SESSION,-220,1
CDR202600064956,IPDR202600130981,ADDITIONAL_SESSION,59,1
CDR202600028431,IPDR202600130988,PRIMARY_SESSION,851,1
CDR202600019722,IPDR202600130998,ADDITIONAL_SESSION,-1347,1
CDR202600082413,IPDR202600131023,ADDITIONAL_SESSION,28,1
CDR202600017222,IPDR202600131029,PRIMARY_SESSION,220,1
CDR202600011294,IPDR202600131087,PRIMARY_SESSION,-284,1
CDR202600053128,IPDR202600131096,ADDITIONAL_SESSION,4,1
CDR202600025554,IPDR202600131151,ADDITIONAL_SESSION,526,1
CDR202600012277,IPDR202600131157,ADDITIONAL_SESSION,-304,1
CDR202600081842,IPDR202600131165,PRIMARY_SESSION,-1571,1
CDR202600053245,IPDR202600131180,ADDITIONAL_SESSION,250,1
CDR202600054246,IPDR202600131198,ADDITIONAL_SESSION,32,1
CDR202600024819,IPDR202600131216,PRIMARY_SESSION,20,1
CDR202600045299,IPDR202600131267,ADDITIONAL_SESSION,502,1
CDR202600050037,IPDR202600131274,ADDITIONAL_SESSION,-383,1
CDR202600073311,IPDR202600131290,PRIMARY_SESSION,-83,1
CDR202600001952,IPDR202600131325,PRIMARY_SESSION,599,1
CDR202600086801,IPDR202600131347,ADDITIONAL_SESSION,188,1
CDR202600077969,IPDR202600131358,PRIMARY_SESSION,161,1
CDR202600049646,IPDR202600131364,ADDITIONAL_SESSION,-831,1
CDR202600046316,IPDR202600131368,PRIMARY_SESSION,7,1
CDR202600087849,IPDR202600131371,PRIMARY_SESSION,-16,1
CDR202600030078,IPDR202600131383,ADDITIONAL_SESSION,427,1
CDR202600054378,IPDR202600131406,ADDITIONAL_SESSION,29,1
CDR202600022962,IPDR202600131425,PRIMARY_SESSION,226,1
CDR202600055463,IPDR202600131452,ADDITIONAL_SESSION,-1361,1
CDR202600046445,IPDR202600131456,PRIMARY_SESSION,-856,1
CDR202600055032,IPDR202600131477,PRIMARY_SESSION,844,1
CDR202600072678,IPDR202600131484,PRIMARY_SESSION,-94,1
CDR202600041417,IPDR202600131487,PRIMARY_SESSION,-123,1
CDR202600042134,IPDR202600131488,PRIMARY_SESSION,-653,1
CDR202600069243,IPDR202600131492,PRIMARY_SESSION,186,1
CDR202600074628,IPDR202600131498,PRIMARY_SESSION,-394,1
CDR202600054694,IPDR202600131503,ADDITIONAL_SESSION,1088,1
CDR202600082090,IPDR202600131508,ADDITIONAL_SESSION,139,1
CDR202600015074,IPDR202600131511,PRIMARY_SESSION,-136,1
CDR202600012810,IPDR202600131537,ADDITIONAL_SESSION,19,1
CDR202600080857,IPDR202600131566,PRIMARY_SESSION,-241,1
CDR202600050550,IPDR202600131568,ADDITIONAL_SESSION,-296,1
CDR202600083503,IPDR202600131582,PRIMARY_SESSION,-267,1
CDR202600069475,IPDR202600131613,PRIMARY_SESSION,-6,1
CDR202600090251,IPDR202600131617,ADDITIONAL_SESSION,-633,1
CDR202600037126,IPDR202600131626,PRIMARY_SESSION,47,1
CDR202600002511,IPDR202600131672,ADDITIONAL_SESSION,209,1
CDR202600069407,IPDR202600131681,PRIMARY_SESSION,1322,1
CDR202600086594,IPDR202600131719,PRIMARY_SESSION,19,1
CDR202600017044,IPDR202600131744,PRIMARY_SESSION,-52,1
CDR202600085653,IPDR202600131773,PRIMARY_SESSION,-244,1
CDR202600050563,IPDR202600131778,PRIMARY_SESSION,235,1
CDR202600032763,IPDR202600131782,PRIMARY_SESSION,140,1
CDR202600012717,IPDR202600131791,ADDITIONAL_SESSION,-7,1
CDR202600063378,IPDR202600131814,PRIMARY_SESSION,-1290,1
CDR202600061153,IPDR202600131850,PRIMARY_SESSION,258,1
CDR202600058469,IPDR202600131870,ADDITIONAL_SESSION,-86,1
CDR202600085263,IPDR202600131875,PRIMARY_SESSION,-114,1
CDR202600043861,IPDR202600131891,ADDITIONAL_SESSION,256,1
CDR202600026161,IPDR202600131898,PRIMARY_SESSION,409,1
CDR202600077151,IPDR202600131907,ADDITIONAL_SESSION,209,1
CDR202600065376,IPDR202600131951,PRIMARY_SESSION,-690,1
CDR202600058016,IPDR202600131953,PRIMARY_SESSION,3,1
CDR202600034434,IPDR202600131991,ADDITIONAL_SESSION,1091,1
CDR202600031159,IPDR202600132003,ADDITIONAL_SESSION,-291,1
CDR202600016682,IPDR202600132008,PRIMARY_SESSION,-68,1
CDR202600028106,IPDR202600132027,PRIMARY_SESSION,-680,1
CDR202600032846,IPDR202600132028,PRIMARY_SESSION,-198,1
CDR202600035663,IPDR202600132045,PRIMARY_SESSION,28,1
CDR202600020372,IPDR202600132063,ADDITIONAL_SESSION,-25,1
CDR202600050876,IPDR202600132093,ADDITIONAL_SESSION,90,1
CDR202600024406,IPDR202600132094,ADDITIONAL_SESSION,-104,1
CDR202600070422,IPDR202600132101,ADDITIONAL_SESSION,-84,1
CDR202600041240,IPDR202600132106,ADDITIONAL_SESSION,57,1
CDR202600019722,IPDR202600132107,ADDITIONAL_SESSION,1077,1
CDR202600030625,IPDR202600132145,PRIMARY_SESSION,-44,1
CDR202600079730,IPDR202600132170,PRIMARY_SESSION,36,1
CDR202600033952,IPDR202600132176,PRIMARY_SESSION,431,1
CDR202600078673,IPDR202600132206,PRIMARY_SESSION,-616,1
CDR202600066576,IPDR202600132261,PRIMARY_SESSION,1482,1
CDR202600065814,IPDR202600132284,PRIMARY_SESSION,-149,1
CDR202600033573,IPDR202600132326,ADDITIONAL_SESSION,-1246,1
CDR202600047642,IPDR202600132341,PRIMARY_SESSION,-1607,1
CDR202600074405,IPDR202600132366,PRIMARY_SESSION,-41,1
CDR202600080671,IPDR202600132429,PRIMARY_SESSION,-354,1
CDR202600079384,IPDR202600132433,PRIMARY_SESSION,-280,1
CDR202600026110,IPDR202600132485,ADDITIONAL_SESSION,21,1
CDR202600085428,IPDR202600132500,ADDITIONAL_SESSION,658,1
CDR202600070278,IPDR202600132538,ADDITIONAL_SESSION,-871,1
CDR202600013452,IPDR202600132566,PRIMARY_SESSION,28,1
CDR202600019485,IPDR202600132571,PRIMARY_SESSION,52,1
CDR202600077151,IPDR202600132579,PRIMARY_SESSION,-689,1
CDR202600082906,IPDR202600132614,PRIMARY_SESSION,261,1
CDR202600033874,IPDR202600132657,ADDITIONAL_SESSION,-37,1
CDR202600076115,IPDR202600132658,PRIMARY_SESSION,285,1
CDR202600086594,IPDR202600132698,ADDITIONAL_SESSION,-5,1
CDR202600031488,IPDR202600132703,PRIMARY_SESSION,-876,1
CDR202600014215,IPDR202600132765,ADDITIONAL_SESSION,-53,1
CDR202600053333,IPDR202600132814,PRIMARY_SESSION,-19,1
CDR202600080730,IPDR202600132833,ADDITIONAL_SESSION,2,1
CDR202600062941,IPDR202600132881,PRIMARY_SESSION,-34,1
CDR202600045256,IPDR202600132924,ADDITIONAL_SESSION,670,1
CDR202600020832,IPDR202600132962,ADDITIONAL_SESSION,-467,1
CDR202600080714,IPDR202600133000,PRIMARY_SESSION,-240,1
CDR202600064325,IPDR202600133001,PRIMARY_SESSION,-862,1
CDR202600011582,IPDR202600133009,ADDITIONAL_SESSION,-900,1
CDR202600051850,IPDR202600133015,PRIMARY_SESSION,67,1
CDR202600005428,IPDR202600133023,PRIMARY_SESSION,282,1
CDR202600033626,IPDR202600133051,PRIMARY_SESSION,-632,1
CDR202600004037,IPDR202600133078,ADDITIONAL_SESSION,9,1
CDR202600080213,IPDR202600133091,ADDITIONAL_SESSION,569,1
CDR202600015074,IPDR202600133137,ADDITIONAL_SESSION,-1083,1
CDR202600080751,IPDR202600133140,ADDITIONAL_SESSION,1196,1
CDR202600014173,IPDR202600133141,PRIMARY_SESSION,-18,1
CDR202600044634,IPDR202600133160,PRIMARY_SESSION,633,1
CDR202600084339,IPDR202600133171,ADDITIONAL_SESSION,-696,1
CDR202600085084,IPDR202600133215,PRIMARY_SESSION,299,1
CDR202600047204,IPDR202600133242,PRIMARY_SESSION,199,1
CDR202600081044,IPDR202600133245,PRIMARY_SESSION,-128,1
CDR202600048111,IPDR202600133281,ADDITIONAL_SESSION,-179,1
CDR202600072297,IPDR202600133284,PRIMARY_SESSION,457,1
CDR202600073603,IPDR202600133296,PRIMARY_SESSION,-66,1
CDR202600015346,IPDR202600133362,ADDITIONAL_SESSION,549,1
CDR202600009160,IPDR202600133395,PRIMARY_SESSION,-12,1
CDR202600079701,IPDR202600133414,PRIMARY_SESSION,-1741,1
CDR202600044962,IPDR202600133440,ADDITIONAL_SESSION,6,1
CDR202600066997,IPDR202600133533,ADDITIONAL_SESSION,-10,1
CDR202600069311,IPDR202600133549,PRIMARY_SESSION,-1313,1
CDR202600025460,IPDR202600133552,PRIMARY_SESSION,40,1
CDR202600081568,IPDR202600133561,PRIMARY_SESSION,799,1
CDR202600069820,IPDR202600133621,ADDITIONAL_SESSION,-30,1
CDR202600080136,IPDR202600133672,ADDITIONAL_SESSION,30,1
CDR202600026900,IPDR202600133684,ADDITIONAL_SESSION,-58,1
CDR202600069656,IPDR202600133697,PRIMARY_SESSION,-32,1
CDR202600011084,IPDR202600133705,PRIMARY_SESSION,52,1
CDR202600004317,IPDR202600133711,PRIMARY_SESSION,172,1
CDR202600069405,IPDR202600133738,PRIMARY_SESSION,-819,1
CDR202600039935,IPDR202600133748,PRIMARY_SESSION,833,1
CDR202600074249,IPDR202600133775,PRIMARY_SESSION,-502,1
CDR202600050580,IPDR202600133778,PRIMARY_SESSION,50,1
CDR202600056921,IPDR202600133780,ADDITIONAL_SESSION,869,1
CDR202600086204,IPDR202600133804,PRIMARY_SESSION,164,1
CDR202600022070,IPDR202600133822,PRIMARY_SESSION,-1284,1
CDR202600079617,IPDR202600133837,PRIMARY_SESSION,-562,1
CDR202600028851,IPDR202600133855,PRIMARY_SESSION,8,1
CDR202600028232,IPDR202600133873,ADDITIONAL_SESSION,17,1
CDR202600073096,IPDR202600133912,PRIMARY_SESSION,-256,1
CDR202600059331,IPDR202600133959,PRIMARY_SESSION,37,1
CDR202600015854,IPDR202600133960,ADDITIONAL_SESSION,52,1
CDR202600051211,IPDR202600133975,ADDITIONAL_SESSION,-231,1
CDR202600011315,IPDR202600134000,ADDITIONAL_SESSION,-93,1
CDR202600080396,IPDR202600134016,PRIMARY_SESSION,-1522,1
CDR202600082246,IPDR202600134039,ADDITIONAL_SESSION,71,1
CDR202600011430,IPDR202600134047,PRIMARY_SESSION,57,1
CDR202600089666,IPDR202600134129,ADDITIONAL_SESSION,199,1
CDR202600054234,IPDR202600134173,ADDITIONAL_SESSION,51,1
CDR202600074817,IPDR202600134192,PRIMARY_SESSION,581,1
CDR202600027009,IPDR202600134217,ADDITIONAL_SESSION,90,1
CDR202600084044,IPDR202600134227,PRIMARY_SESSION,-113,1
CDR202600046303,IPDR202600134239,ADDITIONAL_SESSION,-43,1
CDR202600036098,IPDR202600134259,PRIMARY_SESSION,-686,1
CDR202600069772,IPDR202600134276,PRIMARY_SESSION,-224,1
CDR202600084700,IPDR202600134334,PRIMARY_SESSION,1516,1
CDR202600049952,IPDR202600134337,PRIMARY_SESSION,-292,1
CDR202600081018,IPDR202600134371,PRIMARY_SESSION,-17,1
CDR202600033032,IPDR202600134387,PRIMARY_SESSION,16,1
CDR202600064074,IPDR202600134388,PRIMARY_SESSION,-210,1
CDR202600037180,IPDR202600134411,ADDITIONAL_SESSION,-855,1
CDR202600052620,IPDR202600134461,ADDITIONAL_SESSION,-33,1
CDR202600055242,IPDR202600134503,PRIMARY_SESSION,12,1
CDR202600089879,IPDR202600134521,ADDITIONAL_SESSION,-84,1
CDR202600012066,IPDR202600134568,PRIMARY_SESSION,257,1
CDR202600045325,IPDR202600134573,PRIMARY_SESSION,-475,1
CDR202600017083,IPDR202600134582,ADDITIONAL_SESSION,-214,1
CDR202600047269,IPDR202600134604,PRIMARY_SESSION,38,1
CDR202600080469,IPDR202600134606,PRIMARY_SESSION,-260,1
CDR202600081777,IPDR202600134652,ADDITIONAL_SESSION,295,1
CDR202600072568,IPDR202600134686,PRIMARY_SESSION,22,1
CDR202600024759,IPDR202600134693,PRIMARY_SESSION,242,1
CDR202600067316,IPDR202600134710,PRIMARY_SESSION,59,1
CDR202600000198,IPDR202600134727,PRIMARY_SESSION,880,1
CDR202600012708,IPDR202600134742,PRIMARY_SESSION,-42,1
CDR202600004137,IPDR202600134745,ADDITIONAL_SESSION,209,1
CDR202600075101,IPDR202600134764,PRIMARY_SESSION,378,1
CDR202600027841,IPDR202600134781,ADDITIONAL_SESSION,-271,1
CDR202600033132,IPDR202600134786,PRIMARY_SESSION,1530,1
CDR202600086562,IPDR202600134821,PRIMARY_SESSION,88,1
CDR202600013614,IPDR202600134849,ADDITIONAL_SESSION,-29,1
CDR202600028156,IPDR202600134857,ADDITIONAL_SESSION,36,1
CDR202600059142,IPDR202600134871,ADDITIONAL_SESSION,-437,1
CDR202600028916,IPDR202600134875,PRIMARY_SESSION,-88,1
CDR202600073445,IPDR202600134878,PRIMARY_SESSION,-801,1
CDR202600052946,IPDR202600134893,ADDITIONAL_SESSION,-42,1
CDR202600036000,IPDR202600134895,PRIMARY_SESSION,142,1
CDR202600028084,IPDR202600134943,PRIMARY_SESSION,-38,1
CDR202600035296,IPDR202600134994,ADDITIONAL_SESSION,-396,1
CDR202600067513,IPDR202600135034,ADDITIONAL_SESSION,-300,1
CDR202600090163,IPDR202600135054,PRIMARY_SESSION,-1059,1
CDR202600002865,IPDR202600135108,ADDITIONAL_SESSION,33,1
CDR202600063112,IPDR202600135122,PRIMARY_SESSION,-10,1
CDR202600038517,IPDR202600135150,PRIMARY_SESSION,195,1
CDR202600042153,IPDR202600135169,PRIMARY_SESSION,6,1
CDR202600032303,IPDR202600135226,PRIMARY_SESSION,8,1
CDR202600042986,IPDR202600135274,PRIMARY_SESSION,10,1
CDR202600014291,IPDR202600135288,PRIMARY_SESSION,90,1
CDR202600008458,IPDR202600135301,ADDITIONAL_SESSION,269,1
CDR202600059094,IPDR202600135316,ADDITIONAL_SESSION,-127,1
CDR202600001394,IPDR202600135322,PRIMARY_SESSION,-263,1
CDR202600052196,IPDR202600135325,PRIMARY_SESSION,13,1
CDR202600052535,IPDR202600135335,ADDITIONAL_SESSION,877,1
CDR202600022303,IPDR202600135343,PRIMARY_SESSION,-255,1
CDR202600039407,IPDR202600135384,PRIMARY_SESSION,28,1
CDR202600016654,IPDR202600135389,PRIMARY_SESSION,-54,1
CDR202600028298,IPDR202600135391,PRIMARY_SESSION,-35,1
CDR202600069221,IPDR202600135392,PRIMARY_SESSION,185,1
CDR202600007780,IPDR202600135396,ADDITIONAL_SESSION,53,1
CDR202600074061,IPDR202600135412,ADDITIONAL_SESSION,8,1
CDR202600012333,IPDR202600135419,PRIMARY_SESSION,-38,1
CDR202600044687,IPDR202600135426,ADDITIONAL_SESSION,10,1
CDR202600029533,IPDR202600135433,ADDITIONAL_SESSION,-32,1
CDR202600012825,IPDR202600135440,PRIMARY_SESSION,-26,1
CDR202600011807,IPDR202600135449,PRIMARY_SESSION,522,1
CDR202600069595,IPDR202600135468,PRIMARY_SESSION,-848,1
CDR202600053562,IPDR202600135491,ADDITIONAL_SESSION,-51,1
CDR202600021682,IPDR202600135506,PRIMARY_SESSION,-345,1
CDR202600049771,IPDR202600135557,ADDITIONAL_SESSION,28,1
CDR202600026900,IPDR202600135592,ADDITIONAL_SESSION,-191,1
CDR202600045599,IPDR202600135610,PRIMARY_SESSION,60,1
CDR202600045725,IPDR202600135615,ADDITIONAL_SESSION,-123,1
CDR202600040322,IPDR202600135688,ADDITIONAL_SESSION,446,1
CDR202600059870,IPDR202600135699,ADDITIONAL_SESSION,55,1
CDR202600008702,IPDR202600135702,ADDITIONAL_SESSION,102,1
CDR202600022690,IPDR202600135705,PRIMARY_SESSION,1305,1
CDR202600080657,IPDR202600135719,ADDITIONAL_SESSION,51,1
CDR202600038670,IPDR202600135775,ADDITIONAL_SESSION,-1396,1
CDR202600016186,IPDR202600135779,PRIMARY_SESSION,-33,1
CDR202600046044,IPDR202600135780,PRIMARY_SESSION,497,1
CDR202600028890,IPDR202600135783,ADDITIONAL_SESSION,-262,1
CDR202600001128,IPDR202600135799,ADDITIONAL_SESSION,241,1
CDR202600074666,IPDR202600135816,ADDITIONAL_SESSION,31,1
CDR202600052152,IPDR202600135821,PRIMARY_SESSION,-139,1
CDR202600084668,IPDR202600135824,PRIMARY_SESSION,39,1
CDR202600084046,IPDR202600135831,ADDITIONAL_SESSION,-44,1
CDR202600040537,IPDR202600135840,PRIMARY_SESSION,-153,1
CDR202600061817,IPDR202600135841,PRIMARY_SESSION,60,1
CDR202600044297,IPDR202600135849,ADDITIONAL_SESSION,-134,1
CDR202600090820,IPDR202600135939,PRIMARY_SESSION,-55,1
CDR202600030301,IPDR202600135963,PRIMARY_SESSION,-445,1
CDR202600005435,IPDR202600135968,PRIMARY_SESSION,-1047,1
CDR202600017832,IPDR202600135979,PRIMARY_SESSION,-862,1
CDR202600087761,IPDR202600135999,PRIMARY_SESSION,-286,1
CDR202600015470,IPDR202600136019,PRIMARY_SESSION,-54,1
CDR202600048068,IPDR202600136020,ADDITIONAL_SESSION,98,1
CDR202600027557,IPDR202600136051,PRIMARY_SESSION,86,1
CDR202600010764,IPDR202600136096,PRIMARY_SESSION,-252,1
CDR202600002511,IPDR202600136196,PRIMARY_SESSION,-523,1
CDR202600004877,IPDR202600136206,ADDITIONAL_SESSION,139,1
CDR202600069959,IPDR202600136239,PRIMARY_SESSION,-102,1
CDR202600033412,IPDR202600136242,PRIMARY_SESSION,-850,1
CDR202600051218,IPDR202600136249,PRIMARY_SESSION,129,1
CDR202600063677,IPDR202600136265,PRIMARY_SESSION,505,1
CDR202600030869,IPDR202600136270,PRIMARY_SESSION,-820,1
CDR202600031763,IPDR202600136281,PRIMARY_SESSION,-667,1
CDR202600066029,IPDR202600136290,PRIMARY_SESSION,283,1
CDR202600071955,IPDR202600136314,PRIMARY_SESSION,-215,1
CDR202600009583,IPDR202600136326,PRIMARY_SESSION,-1281,1
CDR202600057156,IPDR202600136348,PRIMARY_SESSION,-1,1
CDR202600046743,IPDR202600136350,ADDITIONAL_SESSION,954,1
CDR202600024216,IPDR202600136369,PRIMARY_SESSION,212,1
CDR202600061815,IPDR202600136373,PRIMARY_SESSION,-1302,1
CDR202600015288,IPDR202600136434,ADDITIONAL_SESSION,7,1
CDR202600082790,IPDR202600136449,ADDITIONAL_SESSION,82,1
CDR202600029345,IPDR202600136505,PRIMARY_SESSION,491,1
CDR202600032291,IPDR202600136578,ADDITIONAL_SESSION,119,1
CDR202600003660,IPDR202600136583,PRIMARY_SESSION,-117,1
CDR202600027889,IPDR202600136597,PRIMARY_SESSION,324,1
CDR202600076978,IPDR202600136608,ADDITIONAL_SESSION,-234,1
CDR202600060403,IPDR202600136624,PRIMARY_SESSION,-927,1
CDR202600009179,IPDR202600136634,PRIMARY_SESSION,-782,1
CDR202600045542,IPDR202600136635,PRIMARY_SESSION,-18,1
CDR202600003502,IPDR202600136651,ADDITIONAL_SESSION,-195,1
CDR202600011745,IPDR202600136697,ADDITIONAL_SESSION,471,1
CDR202600001861,IPDR202600136707,PRIMARY_SESSION,783,1
CDR202600003245,IPDR202600136713,PRIMARY_SESSION,-369,1
CDR202600009801,IPDR202600136726,ADDITIONAL_SESSION,-90,1
CDR202600015837,IPDR202600136748,PRIMARY_SESSION,48,1
CDR202600045692,IPDR202600136769,PRIMARY_SESSION,-187,1
CDR202600046264,IPDR202600136782,PRIMARY_SESSION,46,1
CDR202600050343,IPDR202600136789,ADDITIONAL_SESSION,-45,1
CDR202600077554,IPDR202600136798,PRIMARY_SESSION,1414,1
CDR202600008046,IPDR202600136822,PRIMARY_SESSION,-776,1
CDR202600063730,IPDR202600136850,PRIMARY_SESSION,-96,1
CDR202600085063,IPDR202600136872,ADDITIONAL_SESSION,265,1
CDR202600038202,IPDR202600136873,ADDITIONAL_SESSION,-6,1
CDR202600039191,IPDR202600136905,PRIMARY_SESSION,-173,1
CDR202600082090,IPDR202600136942,PRIMARY_SESSION,-207,1
CDR202600085393,IPDR202600136944,ADDITIONAL_SESSION,20,1
CDR202600053500,IPDR202600136959,PRIMARY_SESSION,279,1
CDR202600008924,IPDR202600136982,PRIMARY_SESSION,971,1
CDR202600085319,IPDR202600137036,ADDITIONAL_SESSION,26,1
CDR202600047538,IPDR202600137055,ADDITIONAL_SESSION,-729,1
CDR202600002252,IPDR202600137076,ADDITIONAL_SESSION,-159,1
CDR202600062733,IPDR202600137143,ADDITIONAL_SESSION,213,1
CDR202600044783,IPDR202600137149,ADDITIONAL_SESSION,-249,1
CDR202600056875,IPDR202600137156,ADDITIONAL_SESSION,-37,1
CDR202600009478,IPDR202600137161,ADDITIONAL_SESSION,346,1
CDR202600048432,IPDR202600137169,PRIMARY_SESSION,-67,1
CDR202600007738,IPDR202600137170,PRIMARY_SESSION,256,1
CDR202600069486,IPDR202600137189,ADDITIONAL_SESSION,-54,1
CDR202600075558,IPDR202600137197,PRIMARY_SESSION,200,1
CDR202600039982,IPDR202600137199,PRIMARY_SESSION,204,1
CDR202600017688,IPDR202600137203,PRIMARY_SESSION,950,1
CDR202600033111,IPDR202600137227,PRIMARY_SESSION,-134,1
CDR202600013669,IPDR202600137243,PRIMARY_SESSION,-285,1
CDR202600026456,IPDR202600137252,PRIMARY_SESSION,-1011,1
CDR202600078032,IPDR202600137264,PRIMARY_SESSION,-29,1
CDR202600055298,IPDR202600137328,ADDITIONAL_SESSION,278,1
CDR202600084278,IPDR202600137368,PRIMARY_SESSION,-39,1
CDR202600083187,IPDR202600137389,PRIMARY_SESSION,158,1
CDR202600049959,IPDR202600137395,PRIMARY_SESSION,-39,1
CDR202600002600,IPDR202600137423,ADDITIONAL_SESSION,1291,1
CDR202600050831,IPDR202600137481,ADDITIONAL_SESSION,9,1
CDR202600055804,IPDR202600137498,ADDITIONAL_SESSION,134,1
CDR202600040550,IPDR202600137499,ADDITIONAL_SESSION,-1400,1
CDR202600078545,IPDR202600137503,ADDITIONAL_SESSION,50,1
CDR202600033561,IPDR202600137511,PRIMARY_SESSION,992,1
CDR202600046707,IPDR202600137558,PRIMARY_SESSION,-318,1
CDR202600021882,IPDR202600137580,ADDITIONAL_SESSION,-289,1
CDR202600089877,IPDR202600137599,PRIMARY_SESSION,39,1
CDR202600030078,IPDR202600137603,ADDITIONAL_SESSION,567,1
CDR202600041823,IPDR202600137609,PRIMARY_SESSION,188,1
CDR202600027009,IPDR202600137621,PRIMARY_SESSION,628,1
CDR202600047418,IPDR202600137642,PRIMARY_SESSION,-192,1
CDR202600017564,IPDR202600137661,ADDITIONAL_SESSION,-637,1
CDR202600072413,IPDR202600137704,PRIMARY_SESSION,-743,1
CDR202600041164,IPDR202600137723,PRIMARY_SESSION,-821,1
CDR202600046035,IPDR202600137751,PRIMARY_SESSION,760,1
CDR202600043511,IPDR202600137772,PRIMARY_SESSION,44,1
CDR202600027006,IPDR202600137806,PRIMARY_SESSION,284,1
CDR202600073489,IPDR202600137829,ADDITIONAL_SESSION,-53,1
CDR202600085644,IPDR202600137856,PRIMARY_SESSION,110,1
CDR202600067731,IPDR202600137869,PRIMARY_SESSION,480,1
CDR202600087266,IPDR202600137901,PRIMARY_SESSION,-1600,1
CDR202600004147,IPDR202600137903,PRIMARY_SESSION,-44,1
CDR202600002139,IPDR202600137932,ADDITIONAL_SESSION,-287,1
CDR202600030846,IPDR202600137951,ADDITIONAL_SESSION,-1254,1
CDR202600024439,IPDR202600137974,PRIMARY_SESSION,-544,1
CDR202600063796,IPDR202600137985,PRIMARY_SESSION,-30,1
CDR202600058368,IPDR202600137993,PRIMARY_SESSION,150,1
CDR202600022148,IPDR202600137996,ADDITIONAL_SESSION,-596,1
CDR202600019255,IPDR202600138007,ADDITIONAL_SESSION,712,1
CDR202600024706,IPDR202600138019,ADDITIONAL_SESSION,1509,1
CDR202600082825,IPDR202600138025,PRIMARY_SESSION,-1391,1
CDR202600027794,IPDR202600138064,PRIMARY_SESSION,-555,1
CDR202600084720,IPDR202600138072,PRIMARY_SESSION,563,1
CDR202600059870,IPDR202600138080,PRIMARY_SESSION,-13,1
CDR202600050710,IPDR202600138103,ADDITIONAL_SESSION,57,1
CDR202600052683,IPDR202600138104,PRIMARY_SESSION,235,1
CDR202600034017,IPDR202600138106,ADDITIONAL_SESSION,48,1
CDR202600020644,IPDR202600138135,PRIMARY_SESSION,-724,1
CDR202600021886,IPDR202600138159,PRIMARY_SESSION,-209,1
CDR202600072192,IPDR202600138163,PRIMARY_SESSION,-41,1
CDR202600003894,IPDR202600138171,ADDITIONAL_SESSION,369,1
CDR202600083232,IPDR202600138181,PRIMARY_SESSION,-59,1
CDR202600049458,IPDR202600138208,ADDITIONAL_SESSION,-285,1
CDR202600020832,IPDR202600138213,PRIMARY_SESSION,-802,1
CDR202600039068,IPDR202600138232,ADDITIONAL_SESSION,298,1
CDR202600024278,IPDR202600138263,PRIMARY_SESSION,-40,1
CDR202600079727,IPDR202600138264,PRIMARY_SESSION,-255,1
CDR202600056653,IPDR202600138278,PRIMARY_SESSION,-168,1
CDR202600017061,IPDR202600138312,ADDITIONAL_SESSION,1550,1
CDR202600054246,IPDR202600138323,ADDITIONAL_SESSION,-424,1
CDR202600074239,IPDR202600138344,ADDITIONAL_SESSION,-405,1
CDR202600061647,IPDR202600138371,ADDITIONAL_SESSION,376,1
CDR202600045857,IPDR202600138396,PRIMARY_SESSION,-195,1
CDR202600000054,IPDR202600138431,ADDITIONAL_SESSION,-29,1
CDR202600056071,IPDR202600138445,ADDITIONAL_SESSION,18,1
CDR202600085025,IPDR202600138506,ADDITIONAL_SESSION,194,1
CDR202600070722,IPDR202600138509,PRIMARY_SESSION,-3,1
CDR202600086123,IPDR202600138529,PRIMARY_SESSION,-894,1
CDR202600006609,IPDR202600138539,PRIMARY_SESSION,-1723,1
CDR202600019233,IPDR202600138555,PRIMARY_SESSION,-870,1
CDR202600039716,IPDR202600138561,PRIMARY_SESSION,1278,1
CDR202600072576,IPDR202600138571,ADDITIONAL_SESSION,202,1
CDR202600033937,IPDR202600138586,PRIMARY_SESSION,56,1
CDR202600061129,IPDR202600138592,PRIMARY_SESSION,-268,1
CDR202600017686,IPDR202600138599,PRIMARY_SESSION,-56,1
CDR202600068112,IPDR202600138629,PRIMARY_SESSION,47,1
CDR202600054345,IPDR202600138645,ADDITIONAL_SESSION,110,1
CDR202600014442,IPDR202600138678,ADDITIONAL_SESSION,-780,1
CDR202600059068,IPDR202600138691,PRIMARY_SESSION,734,1
CDR202600076730,IPDR202600138700,PRIMARY_SESSION,557,1
CDR202600038144,IPDR202600138710,ADDITIONAL_SESSION,-21,1
CDR202600002485,IPDR202600138717,PRIMARY_SESSION,-60,1
CDR202600009877,IPDR202600138727,PRIMARY_SESSION,-23,1
CDR202600032291,IPDR202600138742,ADDITIONAL_SESSION,-262,1
CDR202600069313,IPDR202600138755,ADDITIONAL_SESSION,40,1
CDR202600080394,IPDR202600138836,PRIMARY_SESSION,19,1
CDR202600061249,IPDR202600138870,ADDITIONAL_SESSION,505,1
CDR202600005435,IPDR202600138883,ADDITIONAL_SESSION,-165,1
CDR202600039226,IPDR202600138889,PRIMARY_SESSION,-349,1
CDR202600023677,IPDR202600138895,ADDITIONAL_SESSION,-816,1
CDR202600056205,IPDR202600138904,ADDITIONAL_SESSION,114,1
CDR202600065663,IPDR202600138908,ADDITIONAL_SESSION,530,1
CDR202600039241,IPDR202600138915,ADDITIONAL_SESSION,-293,1
CDR202600046840,IPDR202600138927,PRIMARY_SESSION,21,1
CDR202600055142,IPDR202600138979,PRIMARY_SESSION,-538,1
CDR202600079266,IPDR202600138982,ADDITIONAL_SESSION,-48,1
CDR202600022618,IPDR202600139035,PRIMARY_SESSION,-19,1
CDR202600038358,IPDR202600139062,PRIMARY_SESSION,-130,1
CDR202600034123,IPDR202600139077,ADDITIONAL_SESSION,-51,1
CDR202600014861,IPDR202600139080,PRIMARY_SESSION,-248,1
CDR202600060157,IPDR202600139095,PRIMARY_SESSION,-222,1
CDR202600020836,IPDR202600139105,ADDITIONAL_SESSION,-289,1
CDR202600055613,IPDR202600139136,ADDITIONAL_SESSION,11,1
CDR202600022195,IPDR202600139154,PRIMARY_SESSION,-25,1
CDR202600076932,IPDR202600139159,PRIMARY_SESSION,-1594,1
CDR202600089552,IPDR202600139171,PRIMARY_SESSION,-1329,1
CDR202600041027,IPDR202600139203,ADDITIONAL_SESSION,-227,1
CDR202600073603,IPDR202600139209,ADDITIONAL_SESSION,97,1
CDR202600072568,IPDR202600139234,ADDITIONAL_SESSION,215,1
CDR202600072268,IPDR202600139241,PRIMARY_SESSION,181,1
CDR202600041339,IPDR202600139242,PRIMARY_SESSION,284,1
CDR202600074061,IPDR202600139321,ADDITIONAL_SESSION,-132,1
CDR202600029074,IPDR202600139339,PRIMARY_SESSION,886,1
CDR202600044595,IPDR202600139359,PRIMARY_SESSION,689,1
CDR202600004483,IPDR202600139360,PRIMARY_SESSION,-898,1
CDR202600001816,IPDR202600139378,ADDITIONAL_SESSION,-11,1
CDR202600056749,IPDR202600139415,PRIMARY_SESSION,-38,1
CDR202600000028,IPDR202600139436,ADDITIONAL_SESSION,128,1
CDR202600024460,IPDR202600139444,PRIMARY_SESSION,183,1
CDR202600014186,IPDR202600139456,PRIMARY_SESSION,-217,1
CDR202600082400,IPDR202600139469,ADDITIONAL_SESSION,-24,1
CDR202600082928,IPDR202600139474,PRIMARY_SESSION,272,1
CDR202600000054,IPDR202600139482,ADDITIONAL_SESSION,409,1
CDR202600061647,IPDR202600139484,ADDITIONAL_SESSION,-46,1
CDR202600041695,IPDR202600139494,PRIMARY_SESSION,193,1
CDR202600037911,IPDR202600139508,ADDITIONAL_SESSION,1739,1
CDR202600080382,IPDR202600139525,PRIMARY_SESSION,-54,1
CDR202600088244,IPDR202600139527,PRIMARY_SESSION,-19,1
CDR202600042884,IPDR202600139558,PRIMARY_SESSION,1629,1
CDR202600083100,IPDR202600139562,PRIMARY_SESSION,326,1
CDR202600002252,IPDR202600139581,ADDITIONAL_SESSION,263,1
CDR202600053191,IPDR202600139611,PRIMARY_SESSION,81,1
CDR202600054817,IPDR202600139613,PRIMARY_SESSION,-726,1
CDR202600004137,IPDR202600139629,PRIMARY_SESSION,-1597,1
CDR202600025534,IPDR202600139640,PRIMARY_SESSION,-14,1
CDR202600057015,IPDR202600139671,PRIMARY_SESSION,747,1
CDR202600024533,IPDR202600139691,PRIMARY_SESSION,776,1
CDR202600053305,IPDR202600139721,ADDITIONAL_SESSION,505,1
CDR202600081746,IPDR202600139731,PRIMARY_SESSION,-1325,1
CDR202600090839,IPDR202600139740,ADDITIONAL_SESSION,-57,1
CDR202600034527,IPDR202600139764,ADDITIONAL_SESSION,519,1
CDR202600035965,IPDR202600139772,ADDITIONAL_SESSION,-63,1
CDR202600064908,IPDR202600139778,PRIMARY_SESSION,84,1
CDR202600043333,IPDR202600139786,PRIMARY_SESSION,-432,1
CDR202600014511,IPDR202600139860,PRIMARY_SESSION,33,1
CDR202600032576,IPDR202600139861,PRIMARY_SESSION,-252,1
CDR202600090418,IPDR202600139870,ADDITIONAL_SESSION,-162,1
CDR202600027009,IPDR202600139895,ADDITIONAL_SESSION,-275,1
CDR202600042395,IPDR202600139911,PRIMARY_SESSION,161,1
CDR202600083696,IPDR202600139912,PRIMARY_SESSION,-8,1
CDR202600001380,IPDR202600140023,ADDITIONAL_SESSION,-18,1
CDR202600054375,IPDR202600140037,PRIMARY_SESSION,-117,1
CDR202600020210,IPDR202600140043,PRIMARY_SESSION,-572,1
CDR202600088445,IPDR202600140050,ADDITIONAL_SESSION,-41,1
CDR202600027557,IPDR202600140132,ADDITIONAL_SESSION,-116,1
CDR202600010911,IPDR202600140133,PRIMARY_SESSION,37,1
CDR202600006600,IPDR202600140142,PRIMARY_SESSION,-174,1
CDR202600045311,IPDR202600140152,PRIMARY_SESSION,833,1
CDR202600080391,IPDR202600140169,ADDITIONAL_SESSION,1509,1
CDR202600078266,IPDR202600140172,PRIMARY_SESSION,1507,1
CDR202600048075,IPDR202600140183,ADDITIONAL_SESSION,-47,1
CDR202600029533,IPDR202600140189,ADDITIONAL_SESSION,-283,1
CDR202600090051,IPDR202600140206,ADDITIONAL_SESSION,492,1
CDR202600056974,IPDR202600140236,ADDITIONAL_SESSION,1530,1
CDR202600083348,IPDR202600140271,PRIMARY_SESSION,253,1
CDR202600039228,IPDR202600140299,PRIMARY_SESSION,-58,1
CDR202600083586,IPDR202600140335,PRIMARY_SESSION,615,1
CDR202600001091,IPDR202600140347,PRIMARY_SESSION,-43,1
CDR202600005934,IPDR202600140356,PRIMARY_SESSION,-21,1
CDR202600066750,IPDR202600140366,PRIMARY_SESSION,-213,1
CDR202600012079,IPDR202600140400,PRIMARY_SESSION,343,1
CDR202600082090,IPDR202600140430,ADDITIONAL_SESSION,292,1
CDR202600075787,IPDR202600140531,PRIMARY_SESSION,-56,1
CDR202600008406,IPDR202600140542,PRIMARY_SESSION,166,1
CDR202600025494,IPDR202600140546,PRIMARY_SESSION,-875,1
CDR202600027108,IPDR202600140566,ADDITIONAL_SESSION,152,1
CDR202600066816,IPDR202600140569,PRIMARY_SESSION,-837,1
CDR202600010911,IPDR202600140583,ADDITIONAL_SESSION,-260,1
CDR202600036287,IPDR202600140593,PRIMARY_SESSION,67,1
CDR202600090268,IPDR202600140641,PRIMARY_SESSION,-516,1
CDR202600080671,IPDR202600140680,ADDITIONAL_SESSION,779,1
CDR202600052456,IPDR202600140690,PRIMARY_SESSION,13,1
CDR202600074239,IPDR202600140715,ADDITIONAL_SESSION,980,1
CDR202600061710,IPDR202600140717,PRIMARY_SESSION,-299,1
CDR202600068656,IPDR202600140724,ADDITIONAL_SESSION,-20,1
CDR202600049312,IPDR202600140726,PRIMARY_SESSION,-1547,1
CDR202600050563,IPDR202600140738,ADDITIONAL_SESSION,231,1
CDR202600083753,IPDR202600140760,PRIMARY_SESSION,-123,1
CDR202600018219,IPDR202600140765,PRIMARY_SESSION,136,1
CDR202600025936,IPDR202600140798,ADDITIONAL_SESSION,568,1
CDR202600035460,IPDR202600140842,ADDITIONAL_SESSION,-9,1
CDR202600018507,IPDR202600140861,PRIMARY_SESSION,-1443,1
CDR202600023642,IPDR202600140944,PRIMARY_SESSION,108,1
CDR202600027383,IPDR202600140971,PRIMARY_SESSION,-774,1
CDR202600040452,IPDR202600140973,ADDITIONAL_SESSION,39,1
CDR202600028147,IPDR202600141013,PRIMARY_SESSION,141,1
CDR202600001838,IPDR202600141014,PRIMARY_SESSION,69,1
CDR202600069898,IPDR202600141022,PRIMARY_SESSION,19,1
CDR202600008702,IPDR202600141043,ADDITIONAL_SESSION,-162,1
CDR202600059337,IPDR202600141055,PRIMARY_SESSION,5,1
CDR202600072779,IPDR202600141067,PRIMARY_SESSION,301,1
CDR202600009288,IPDR202600141094,PRIMARY_SESSION,-180,1
CDR202600053559,IPDR202600141151,ADDITIONAL_SESSION,-540,1
CDR202600050847,IPDR202600141168,PRIMARY_SESSION,-101,1
CDR202600039073,IPDR202600141170,PRIMARY_SESSION,6,1
CDR202600018152,IPDR202600141185,PRIMARY_SESSION,275,1
CDR202600045838,IPDR202600141205,PRIMARY_SESSION,23,1
CDR202600054181,IPDR202600141210,PRIMARY_SESSION,555,1
CDR202600009189,IPDR202600141252,ADDITIONAL_SESSION,-210,1
CDR202600047467,IPDR202600141284,PRIMARY_SESSION,230,1
CDR202600026161,IPDR202600141293,ADDITIONAL_SESSION,-93,1
CDR202600089229,IPDR202600141315,ADDITIONAL_SESSION,909,1
CDR202600072557,IPDR202600141316,ADDITIONAL_SESSION,-48,1
CDR202600027042,IPDR202600141325,PRIMARY_SESSION,-46,1
CDR202600073192,IPDR202600141338,PRIMARY_SESSION,593,1
CDR202600019327,IPDR202600141342,ADDITIONAL_SESSION,142,1
CDR202600048212,IPDR202600141343,PRIMARY_SESSION,118,1
CDR202600022948,IPDR202600141361,PRIMARY_SESSION,-830,1
CDR202600005597,IPDR202600141378,ADDITIONAL_SESSION,-312,1
CDR202600087647,IPDR202600141396,PRIMARY_SESSION,1574,1
CDR202600058579,IPDR202600141414,PRIMARY_SESSION,40,1
CDR202600066443,IPDR202600141442,PRIMARY_SESSION,41,1
CDR202600003604,IPDR202600141450,ADDITIONAL_SESSION,288,1
CDR202600014514,IPDR202600141463,PRIMARY_SESSION,-16,1
CDR202600009300,IPDR202600141468,PRIMARY_SESSION,30,1
CDR202600025658,IPDR202600141473,PRIMARY_SESSION,30,1
CDR202600025939,IPDR202600141475,PRIMARY_SESSION,823,1
CDR202600080172,IPDR202600141502,PRIMARY_SESSION,-720,1
CDR202600032275,IPDR202600141504,PRIMARY_SESSION,153,1
CDR202600053333,IPDR202600141510,ADDITIONAL_SESSION,-67,1
CDR202600003213,IPDR202600141522,ADDITIONAL_SESSION,477,1
CDR202600038725,IPDR202600141560,PRIMARY_SESSION,113,1
CDR202600032455,IPDR202600141634,ADDITIONAL_SESSION,482,1
CDR202600018306,IPDR202600141647,ADDITIONAL_SESSION,106,1
CDR202600071192,IPDR202600141657,ADDITIONAL_SESSION,-31,1
CDR202600083023,IPDR202600141673,PRIMARY_SESSION,58,1
CDR202600032062,IPDR202600141677,ADDITIONAL_SESSION,-175,1
CDR202600006479,IPDR202600141700,PRIMARY_SESSION,1673,1
CDR202600058641,IPDR202600141709,PRIMARY_SESSION,1028,1
CDR202600063184,IPDR202600141729,ADDITIONAL_SESSION,-29,1
CDR202600020583,IPDR202600141734,ADDITIONAL_SESSION,1069,1
CDR202600015470,IPDR202600141751,ADDITIONAL_SESSION,-556,1
CDR202600010006,IPDR202600141776,PRIMARY_SESSION,1,1
CDR202600074406,IPDR202600141792,ADDITIONAL_SESSION,-454,1
CDR202600085138,IPDR202600141817,ADDITIONAL_SESSION,17,1
CDR202600043987,IPDR202600141818,PRIMARY_SESSION,-203,1
CDR202600076840,IPDR202600141840,ADDITIONAL_SESSION,14,1
CDR202600064908,IPDR202600141844,ADDITIONAL_SESSION,527,1
CDR202600024706,IPDR202600141848,ADDITIONAL_SESSION,175,1
CDR202600090208,IPDR202600141852,PRIMARY_SESSION,6,1
CDR202600082215,IPDR202600141884,ADDITIONAL_SESSION,297,1
CDR202600054519,IPDR202600141908,PRIMARY_SESSION,136,1
CDR202600034632,IPDR202600141975,ADDITIONAL_SESSION,-648,1
CDR202600059966,IPDR202600141981,ADDITIONAL_SESSION,272,1
CDR202600020142,IPDR202600141984,PRIMARY_SESSION,-294,1
CDR202600012518,IPDR202600142005,PRIMARY_SESSION,-400,1
CDR202600038197,IPDR202600142008,PRIMARY_SESSION,7,1
CDR202600000612,IPDR202600142010,ADDITIONAL_SESSION,-134,1
CDR202600062127,IPDR202600142015,ADDITIONAL_SESSION,-9,1
CDR202600004528,IPDR202600142026,PRIMARY_SESSION,-538,1
CDR202600007798,IPDR202600142039,PRIMARY_SESSION,193,1
CDR202600057986,IPDR202600142044,PRIMARY_SESSION,-14,1
CDR202600035155,IPDR202600142046,ADDITIONAL_SESSION,-269,1
CDR202600000520,IPDR202600142047,PRIMARY_SESSION,-34,1
CDR202600064660,IPDR202600142065,PRIMARY_SESSION,-137,1
CDR202600028449,IPDR202600142068,PRIMARY_SESSION,276,1
CDR202600000520,IPDR202600142076,ADDITIONAL_SESSION,19,1
CDR202600004000,IPDR202600142106,ADDITIONAL_SESSION,-37,1
CDR202600071851,IPDR202600142116,PRIMARY_SESSION,24,1
CDR202600076997,IPDR202600142119,ADDITIONAL_SESSION,-16,1
CDR202600048261,IPDR202600142120,PRIMARY_SESSION,280,1
CDR202600034581,IPDR202600142130,PRIMARY_SESSION,-253,1
CDR202600030279,IPDR202600142161,PRIMARY_SESSION,38,1
CDR202600071976,IPDR202600142172,PRIMARY_SESSION,-321,1
CDR202600059994,IPDR202600142211,PRIMARY_SESSION,-236,1
CDR202600009266,IPDR202600142235,ADDITIONAL_SESSION,-282,1
CDR202600057700,IPDR202600142247,PRIMARY_SESSION,295,1
CDR202600086951,IPDR202600142263,PRIMARY_SESSION,258,1
CDR202600061179,IPDR202600142271,PRIMARY_SESSION,279,1
CDR202600001091,IPDR202600142273,ADDITIONAL_SESSION,16,1
CDR202600042622,IPDR202600142321,PRIMARY_SESSION,-267,1
CDR202600013614,IPDR202600142347,ADDITIONAL_SESSION,-286,1
CDR202600090792,IPDR202600142368,ADDITIONAL_SESSION,-31,1
CDR202600033035,IPDR202600142370,PRIMARY_SESSION,-31,1
CDR202600072570,IPDR202600142433,PRIMARY_SESSION,650,1
CDR202600091065,IPDR202600142456,ADDITIONAL_SESSION,-36,1
CDR202600036518,IPDR202600142498,ADDITIONAL_SESSION,-148,1
CDR202600026376,IPDR202600142499,PRIMARY_SESSION,29,1
CDR202600026760,IPDR202600142519,ADDITIONAL_SESSION,53,1
CDR202600000805,IPDR202600142520,PRIMARY_SESSION,-264,1
CDR202600064606,IPDR202600142536,ADDITIONAL_SESSION,86,1
CDR202600072696,IPDR202600142543,PRIMARY_SESSION,-128,1
CDR202600040131,IPDR202600142571,PRIMARY_SESSION,19,1
CDR202600015040,IPDR202600142579,PRIMARY_SESSION,1025,1
CDR202600066133,IPDR202600142589,PRIMARY_SESSION,292,1
CDR202600044962,IPDR202600142602,PRIMARY_SESSION,-9,1
CDR202600013197,IPDR202600142611,ADDITIONAL_SESSION,197,1
CDR202600027914,IPDR202600142615,PRIMARY_SESSION,-156,1
CDR202600012154,IPDR202600142620,PRIMARY_SESSION,-93,1
CDR202600079008,IPDR202600142648,PRIMARY_SESSION,-1153,1
CDR202600031512,IPDR202600142751,ADDITIONAL_SESSION,-371,1
CDR202600058910,IPDR202600142772,PRIMARY_SESSION,-514,1
CDR202600005400,IPDR202600142793,PRIMARY_SESSION,41,1
CDR202600027985,IPDR202600142812,PRIMARY_SESSION,-258,1
CDR202600001891,IPDR202600142936,PRIMARY_SESSION,-254,1
CDR202600073023,IPDR202600142944,ADDITIONAL_SESSION,-37,1
CDR202600025164,IPDR202600142962,ADDITIONAL_SESSION,-193,1
CDR202600066127,IPDR202600142970,PRIMARY_SESSION,-93,1
CDR202600059950,IPDR202600142986,PRIMARY_SESSION,272,1
CDR202600063898,IPDR202600142990,PRIMARY_SESSION,364,1
CDR202600055584,IPDR202600143071,ADDITIONAL_SESSION,234,1
CDR202600027245,IPDR202600143076,PRIMARY_SESSION,-17,1
CDR202600090342,IPDR202600143079,ADDITIONAL_SESSION,72,1
CDR202600000485,IPDR202600143080,PRIMARY_SESSION,110,1
CDR202600049846,IPDR202600143116,PRIMARY_SESSION,249,1
CDR202600006546,IPDR202600143132,PRIMARY_SESSION,-26,1
CDR202600012955,IPDR202600143136,PRIMARY_SESSION,-518,1
CDR202600041587,IPDR202600143160,PRIMARY_SESSION,44,1
CDR202600034913,IPDR202600143164,ADDITIONAL_SESSION,35,1
CDR202600070015,IPDR202600143171,PRIMARY_SESSION,139,1
CDR202600034643,IPDR202600143185,PRIMARY_SESSION,-141,1
CDR202600004450,IPDR202600143206,PRIMARY_SESSION,-886,1
CDR202600038662,IPDR202600143209,PRIMARY_SESSION,499,1
CDR202600026976,IPDR202600143226,ADDITIONAL_SESSION,-2,1
CDR202600060363,IPDR202600143240,PRIMARY_SESSION,273,1
CDR202600047139,IPDR202600143248,ADDITIONAL_SESSION,-34,1
CDR202600047161,IPDR202600143253,PRIMARY_SESSION,-1585,1
CDR202600025554,IPDR202600143298,PRIMARY_SESSION,-726,1
CDR202600063394,IPDR202600143309,ADDITIONAL_SESSION,694,1
CDR202600059864,IPDR202600143311,PRIMARY_SESSION,238,1
CDR202600033865,IPDR202600143353,ADDITIONAL_SESSION,387,1
CDR202600029723,IPDR202600143356,PRIMARY_SESSION,295,1
CDR202600061603,IPDR202600143432,PRIMARY_SESSION,-69,1
CDR202600058497,IPDR202600143470,PRIMARY_SESSION,-6,1
CDR202600049817,IPDR202600143517,PRIMARY_SESSION,101,1
CDR202600088167,IPDR202600143520,PRIMARY_SESSION,-67,1
CDR202600062565,IPDR202600143524,ADDITIONAL_SESSION,48,1
CDR202600070278,IPDR202600143575,ADDITIONAL_SESSION,674,1
CDR202600078384,IPDR202600143588,PRIMARY_SESSION,27,1
CDR202600000758,IPDR202600143626,ADDITIONAL_SESSION,863,1
CDR202600057224,IPDR202600143644,ADDITIONAL_SESSION,51,1
CDR202600061243,IPDR202600143732,PRIMARY_SESSION,-122,1
CDR202600072376,IPDR202600143743,ADDITIONAL_SESSION,-423,1
CDR202600034123,IPDR202600143758,ADDITIONAL_SESSION,-1484,1
CDR202600058927,IPDR202600143767,ADDITIONAL_SESSION,829,1
CDR202600080442,IPDR202600143837,PRIMARY_SESSION,-361,1
CDR202600000859,IPDR202600143841,PRIMARY_SESSION,-497,1
CDR202600080899,IPDR202600143850,PRIMARY_SESSION,166,1
CDR202600014605,IPDR202600143856,PRIMARY_SESSION,-117,1
CDR202600049271,IPDR202600143864,PRIMARY_SESSION,479,1
CDR202600009019,IPDR202600143881,PRIMARY_SESSION,183,1
CDR202600078427,IPDR202600143887,PRIMARY_SESSION,49,1
CDR202600021241,IPDR202600143899,ADDITIONAL_SESSION,80,1
CDR202600084173,IPDR202600143906,PRIMARY_SESSION,-14,1
CDR202600015052,IPDR202600143908,ADDITIONAL_SESSION,-83,1
CDR202600055765,IPDR202600143930,ADDITIONAL_SESSION,17,1
CDR202600013614,IPDR202600143933,ADDITIONAL_SESSION,-321,1
CDR202600028265,IPDR202600143944,PRIMARY_SESSION,-171,1
CDR202600075807,IPDR202600144011,PRIMARY_SESSION,50,1
CDR202600048417,IPDR202600144012,PRIMARY_SESSION,-26,1
CDR202600068041,IPDR202600144053,ADDITIONAL_SESSION,-1,1
CDR202600053381,IPDR202600144061,PRIMARY_SESSION,-1005,1
CDR202600004751,IPDR202600144108,PRIMARY_SESSION,1047,1
CDR202600052219,IPDR202600144180,PRIMARY_SESSION,-543,1
CDR202600015477,IPDR202600144184,ADDITIONAL_SESSION,309,1
CDR202600010712,IPDR202600144191,PRIMARY_SESSION,101,1
CDR202600055269,IPDR202600144199,PRIMARY_SESSION,-291,1
CDR202600044277,IPDR202600144218,PRIMARY_SESSION,-48,1
CDR202600089638,IPDR202600144220,ADDITIONAL_SESSION,3,1
CDR202600015601,IPDR202600144235,ADDITIONAL_SESSION,-146,1
CDR202600038117,IPDR202600144236,ADDITIONAL_SESSION,-485,1
CDR202600033016,IPDR202600144242,PRIMARY_SESSION,48,1
CDR202600021886,IPDR202600144283,ADDITIONAL_SESSION,173,1
CDR202600032669,IPDR202600144313,PRIMARY_SESSION,798,1
CDR202600053343,IPDR202600144325,PRIMARY_SESSION,403,1
CDR202600036695,IPDR202600144327,PRIMARY_SESSION,-686,1
CDR202600029475,IPDR202600144329,PRIMARY_SESSION,-28,1
CDR202600044942,IPDR202600144349,PRIMARY_SESSION,1324,1
CDR202600074398,IPDR202600144398,PRIMARY_SESSION,17,1
CDR202600051470,IPDR202600144403,PRIMARY_SESSION,5,1
CDR202600002010,IPDR202600144407,ADDITIONAL_SESSION,2,1
CDR202600082581,IPDR202600144410,ADDITIONAL_SESSION,-729,1
CDR202600086518,IPDR202600144417,ADDITIONAL_SESSION,-53,1
CDR202600030311,IPDR202600144439,ADDITIONAL_SESSION,-45,1
CDR202600086794,IPDR202600144440,ADDITIONAL_SESSION,-167,1
CDR202600024976,IPDR202600144455,PRIMARY_SESSION,1424,1
CDR202600067880,IPDR202600144465,ADDITIONAL_SESSION,46,1
CDR202600066750,IPDR202600144487,ADDITIONAL_SESSION,687,1
CDR202600021150,IPDR202600144494,PRIMARY_SESSION,20,1
CDR202600085225,IPDR202600144533,ADDITIONAL_SESSION,55,1
CDR202600044275,IPDR202600144589,PRIMARY_SESSION,18,1
CDR202600016052,IPDR202600144612,ADDITIONAL_SESSION,-151,1
CDR202600035263,IPDR202600144614,PRIMARY_SESSION,1096,1
CDR202600035460,IPDR202600144621,PRIMARY_SESSION,435,1
CDR202600081655,IPDR202600144627,PRIMARY_SESSION,-37,1
CDR202600037591,IPDR202600144636,PRIMARY_SESSION,-283,1
CDR202600062065,IPDR202600144681,PRIMARY_SESSION,-1670,1
CDR202600007666,IPDR202600144684,PRIMARY_SESSION,218,1
CDR202600065099,IPDR202600144693,PRIMARY_SESSION,12,1
CDR202600034802,IPDR202600144700,PRIMARY_SESSION,-243,1
CDR202600073967,IPDR202600144736,PRIMARY_SESSION,-246,1
CDR202600003968,IPDR202600144747,PRIMARY_SESSION,-119,1
CDR202600069243,IPDR202600144759,ADDITIONAL_SESSION,846,1
CDR202600022265,IPDR202600144780,PRIMARY_SESSION,-275,1
CDR202600031424,IPDR202600144786,ADDITIONAL_SESSION,225,1
CDR202600087597,IPDR202600144790,ADDITIONAL_SESSION,11,1
CDR202600034827,IPDR202600144824,PRIMARY_SESSION,100,1
CDR202600045692,IPDR202600144833,ADDITIONAL_SESSION,1293,1
CDR202600084339,IPDR202600144853,PRIMARY_SESSION,-52,1
CDR202600025227,IPDR202600144878,PRIMARY_SESSION,201,1
CDR202600044244,IPDR202600144879,PRIMARY_SESSION,-7,1
CDR202600067791,IPDR202600144890,PRIMARY_SESSION,-2,1
CDR202600040668,IPDR202600144911,PRIMARY_SESSION,186,1
CDR202600000384,IPDR202600144924,PRIMARY_SESSION,212,1
CDR202600057934,IPDR202600144942,PRIMARY_SESSION,67,1
CDR202600020198,IPDR202600144965,ADDITIONAL_SESSION,213,1
CDR202600024103,IPDR202600144967,PRIMARY_SESSION,48,1
CDR202600054791,IPDR202600144970,PRIMARY_SESSION,-18,1
CDR202600071011,IPDR202600144974,PRIMARY_SESSION,-129,1
CDR202600056974,IPDR202600144992,PRIMARY_SESSION,-169,1
CDR202600021646,IPDR202600145024,ADDITIONAL_SESSION,21,1
CDR202600010606,IPDR202600145061,PRIMARY_SESSION,-45,1
CDR202600036572,IPDR202600145102,ADDITIONAL_SESSION,18,1
CDR202600003484,IPDR202600145119,ADDITIONAL_SESSION,15,1
CDR202600049888,IPDR202600145130,ADDITIONAL_SESSION,283,1
CDR202600015344,IPDR202600145147,PRIMARY_SESSION,-194,1
CDR202600084933,IPDR202600145169,PRIMARY_SESSION,-6,1
CDR202600061470,IPDR202600145249,PRIMARY_SESSION,-416,1
CDR202600044644,IPDR202600145265,ADDITIONAL_SESSION,598,1
CDR202600065179,IPDR202600145278,ADDITIONAL_SESSION,-417,1
CDR202600035653,IPDR202600145283,PRIMARY_SESSION,-5,1
CDR202600071222,IPDR202600145298,PRIMARY_SESSION,-1197,1
CDR202600055248,IPDR202600145352,PRIMARY_SESSION,232,1
CDR202600091065,IPDR202600145381,ADDITIONAL_SESSION,611,1
CDR202600023657,IPDR202600145396,ADDITIONAL_SESSION,232,1
CDR202600017496,IPDR202600145403,PRIMARY_SESSION,-6,1
CDR202600005750,IPDR202600145410,PRIMARY_SESSION,55,1
CDR202600015101,IPDR202600145417,PRIMARY_SESSION,-158,1
CDR202600079383,IPDR202600145419,PRIMARY_SESSION,-713,1
CDR202600037024,IPDR202600145469,PRIMARY_SESSION,-130,1
CDR202600017389,IPDR202600145476,ADDITIONAL_SESSION,96,1
CDR202600014024,IPDR202600145515,PRIMARY_SESSION,-22,1
CDR202600063787,IPDR202600145516,ADDITIONAL_SESSION,-102,1
CDR202600023657,IPDR202600145521,ADDITIONAL_SESSION,679,1
CDR202600015601,IPDR202600145534,ADDITIONAL_SESSION,-217,1
CDR202600054375,IPDR202600145568,ADDITIONAL_SESSION,-219,1
CDR202600008965,IPDR202600145569,ADDITIONAL_SESSION,406,1
CDR202600012277,IPDR202600145578,ADDITIONAL_SESSION,597,1
CDR202600028362,IPDR202600145595,PRIMARY_SESSION,-29,1
CDR202600058100,IPDR202600145629,PRIMARY_SESSION,748,1
CDR202600073998,IPDR202600145639,PRIMARY_SESSION,-50,1
