Transaction_ID,CDR_ID,Relationship_Type,Time_Difference_Seconds,Is_Correlated
ATM250101QD6VAS,,NO_MATCH,,0
ATM250101VWVM4W,,NO_MATCH,,0
ATM25010139E3NW,,NO_MATCH,,0
UPI250101EAXYLN,,NO_MATCH,,0
UPI250101NTJLMZ,,NO_MATCH,,0
UPI2501012MOVS0,,NO_MATCH,,0
TXN250102HQR6F7,,NO_MATCH,,0
TXN25010215O2NQ,,NO_MATCH,,0
UPI250102F7ZK94,,NO_MATCH,,0
UPI2501028LYMJ1,,NO_MATCH,,0
UPI250102V5KZ3N,,NO_MATCH,,0
UPI250102ZF761H,,NO_MATCH,,0
UPI250102JGFHZ5,,NO_MATCH,,0
UPI2501020ZIA9A,,NO_MATCH,,0
UPI250102J7WWUD,,NO_MATCH,,0
UPI25010247LZN9,,NO_MATCH,,0
ATM2501039OWWEW,,NO_MATCH,,0
ATM250103HY7AI3,,NO_MATCH,,0
ATM250103GB205H,,NO_MATCH,,0
UPI250103GOUIFE,,NO_MATCH,,0
ATM250103FTJ6AC,,NO_MATCH,,0
UPI250103E0JXYO,,NO_MATCH,,0
TXN250103JRPE2X,,NO_MATCH,,0
UPI250103UAZ71U,,NO_MATCH,,0
UPI250104IO2F2N,,NO_MATCH,,0
UPI250104FHOE3M,,NO_MATCH,,0
UPI250104HHWMF1,,NO_MATCH,,0
ATM250104WIEEO9,,NO_MATCH,,0
ATM250104A4FRV1,,NO_MATCH,,0
UPI250104PUSRZA,,NO_MATCH,,0
UPI250104LZMS80,,NO_MATCH,,0
UPI250105PW3HHI,,NO_MATCH,,0
UPI250105IT38CX,,NO_MATCH,,0
UPI2501058TH105,,NO_MATCH,,0
UPI250105FXH8P0,,NO_MATCH,,0
TXN250105CKOM5F,,NO_MATCH,,0
ATM250105112CD4,,NO_MATCH,,0
ATM250105LKW5E1,,NO_MATCH,,0
ATM2501054VPWYM,,NO_MATCH,,0
UPI250105XJCN0C,,NO_MATCH,,0
TXN250106PI2SO0,,NO_MATCH,,0
ATM250106UDSQNC,,NO_MATCH,,0
ATM2501069PQRMO,,NO_MATCH,,0
ATM250106ZLA6OV,,NO_MATCH,,0
UPI250106FTIXDW,,NO_MATCH,,0
UPI250106BRJS1M,,NO_MATCH,,0
TXN2501063VMK0P,,NO_MATCH,,0
TXN250106AO765Z,,NO_MATCH,,0
UPI25010684JRH8,,NO_MATCH,,0
UPI250106V3UTCP,,NO_MATCH,,0
UPI250107MV7MBC,,NO_MATCH,,0
UPI2501078HCQUT,,NO_MATCH,,0
UPI250107CEPGJS,,NO_MATCH,,0
ATM250108FRUXTN,,NO_MATCH,,0
UPI25010847RHOW,,NO_MATCH,,0
UPI250108OCJZ5Q,,NO_MATCH,,0
IMPS250108N5ZUL2,,NO_MATCH,,0
IMPS250108UJINHD,,NO_MATCH,,0
TXN25010851VUTP,,NO_MATCH,,0
UPI2501081RDOLP,,NO_MATCH,,0
UPI250108TDNUMV,,NO_MATCH,,0
UPI250108RWBJ9C,,NO_MATCH,,0
ATM250108ERV8JH,,NO_MATCH,,0
UPI250108KZK4RQ,,NO_MATCH,,0
ATM25010919UR8N,,NO_MATCH,,0
ATM250109TVOIWA,,NO_MATCH,,0
TXN250109AMXA6S,,NO_MATCH,,0
UPI250109OL3QRD,,NO_MATCH,,0
ATM25010981TNAG,,NO_MATCH,,0
UPI25010990QCBC,,NO_MATCH,,0
UPI250109ZOCJEC,,NO_MATCH,,0
UPI250109ROL6BI,,NO_MATCH,,0
ATM250109CXHRQV,,NO_MATCH,,0
UPI250110SLWEUZ,,NO_MATCH,,0
IMPS250110A8OS23,,NO_MATCH,,0
UPI250110WPHM5Z,,NO_MATCH,,0
TXN250110MQF6BR,,NO_MATCH,,0
ATM2501106GR37P,,NO_MATCH,,0
TXN250110P1DHDG,,NO_MATCH,,0
ATM2501101WHS0S,,NO_MATCH,,0
IMPS250110Q6PU4Y,,NO_MATCH,,0
UPI25011014DYMW,,NO_MATCH,,0
ATM250110KB47Y7,,NO_MATCH,,0
ATM250110NUL5DY,,NO_MATCH,,0
UPI250110IRC2O2,,NO_MATCH,,0
TXN2501103X7S44,,NO_MATCH,,0
ATM250110VUE11P,,NO_MATCH,,0
UPI25011119ILPE,,NO_MATCH,,0
TXN250111HRUMMT,,NO_MATCH,,0
UPI250111DB94LJ,,NO_MATCH,,0
ATM250111IJLMAE,,NO_MATCH,,0
UPI250111I77GNH,,NO_MATCH,,0
UPI250111GMQADS,,NO_MATCH,,0
TXN25011132LWZ6,,NO_MATCH,,0
TXN250111QY03N6,,NO_MATCH,,0
ATM2501116ZVBQ5,,NO_MATCH,,0
IMPS250111GO93KH,,NO_MATCH,,0
UPI250111RXIPP8,,NO_MATCH,,0
ATM250111K7DCU8,,NO_MATCH,,0
UPI250111I6TP5P,,NO_MATCH,,0
IMPS250111GD4PUH,,NO_MATCH,,0
UPI250112KZW4QV,,NO_MATCH,,0
ATM250112L83KKO,,NO_MATCH,,0
ATM250112S3T7C6,,NO_MATCH,,0
TXN250112VCZ823,,NO_MATCH,,0
ATM250112U5I304,,NO_MATCH,,0
ATM250112X2JAS0,,NO_MATCH,,0
IMPS250112YELDAU,,NO_MATCH,,0
ATM2501128INFN7,,NO_MATCH,,0
IMPS250113KC4GSY,,NO_MATCH,,0
TXN250113LP8UW1,,NO_MATCH,,0
UPI2501133P8ZPF,,NO_MATCH,,0
IMPS250113G35FB4,,NO_MATCH,,0
ATM250113282DE1,,NO_MATCH,,0
UPI2501135X86X5,,NO_MATCH,,0
ATM250113JCEJMN,,NO_MATCH,,0
UPI2501132KCA7Y,,NO_MATCH,,0
UPI250113ZF2JXJ,,NO_MATCH,,0
TXN250113FFO678,,NO_MATCH,,0
UPI2501135QHY0W,,NO_MATCH,,0
UPI250114UYSBFO,,NO_MATCH,,0
UPI250114YUM5F3,,NO_MATCH,,0
UPI2501149IFDVB,,NO_MATCH,,0
UPI250114S13VJU,,NO_MATCH,,0
TXN250114QCJNIY,,NO_MATCH,,0
ATM2501142SETB9,,NO_MATCH,,0
UPI2501143W8WDC,,NO_MATCH,,0
UPI2501157OCRVS,,NO_MATCH,,0
UPI2501150ML2NY,,NO_MATCH,,0
UPI250115AI4MWR,,NO_MATCH,,0
TXN2501158GCQP4,,NO_MATCH,,0
TXN250115P0N6DM,,NO_MATCH,,0
ATM250115NZFNWS,,NO_MATCH,,0
TXN250115T9BR2R,,NO_MATCH,,0
UPI250115GAVJBS,,NO_MATCH,,0
ATM250115ADC13V,,NO_MATCH,,0
UPI25011572YK93,,NO_MATCH,,0
UPI250115W4ZYQJ,,NO_MATCH,,0
TXN2501168AB5KQ,,NO_MATCH,,0
ATM250116TJLNXP,,NO_MATCH,,0
UPI250116CR8DY4,,NO_MATCH,,0
UPI250116KCNI8B,,NO_MATCH,,0
TXN2501160D5XJQ,,NO_MATCH,,0
UPI250116TYVQ0U,,NO_MATCH,,0
ATM2501168MDLLJ,,NO_MATCH,,0
ATM250116FI0QE8,,NO_MATCH,,0
UPI250117J5WTNM,,NO_MATCH,,0
UPI250117TK7YFK,,NO_MATCH,,0
IMPS2501171L9SAI,,NO_MATCH,,0
TXN250117M6595R,,NO_MATCH,,0
UPI250117WPLNCO,,NO_MATCH,,0
UPI250117UAOK48,,NO_MATCH,,0
TXN2501178SEB2I,,NO_MATCH,,0
ATM250117XSONGD,,NO_MATCH,,0
ATM250117D1WISM,,NO_MATCH,,0
ATM250117066NTM,,NO_MATCH,,0
TXN250117DL93HL,,NO_MATCH,,0
UPI2501185KCD75,,NO_MATCH,,0
ATM2501181L5Y8Q,,NO_MATCH,,0
UPI250118NKN1RD,,NO_MATCH,,0
TXN250118RK3O7D,,NO_MATCH,,0
UPI250118AQH4HR,,NO_MATCH,,0
IMPS250118JFY6X6,,NO_MATCH,,0
ATM250118WPYT3Z,,NO_MATCH,,0
ATM250119TZY5WO,,NO_MATCH,,0
UPI250119Z05H5R,,NO_MATCH,,0
TXN250119SR8WIW,,NO_MATCH,,0
UPI250119FWFUYZ,,NO_MATCH,,0
UPI250119AEKP2Z,,NO_MATCH,,0
ATM250119DJO0K1,,NO_MATCH,,0
TXN250119IG0TXI,,NO_MATCH,,0
UPI250119NGMJNN,,NO_MATCH,,0
IMPS2501202I3IZW,,NO_MATCH,,0
ATM250120M53M21,,NO_MATCH,,0
UPI250120MTWOYF,,NO_MATCH,,0
UPI250120HB2V43,,NO_MATCH,,0
UPI250120HLLP99,,NO_MATCH,,0
UPI250120HJS8KH,,NO_MATCH,,0
ATM250120000QH7,,NO_MATCH,,0
IMPS250120AA2U4P,,NO_MATCH,,0
UPI250121XG8WO2,,NO_MATCH,,0
ATM250121HWXJQA,,NO_MATCH,,0
UPI250121HGULKO,,NO_MATCH,,0
UPI250121N5URN9,,NO_MATCH,,0
ATM250121CRA72D,,NO_MATCH,,0
TXN250121UA110O,,NO_MATCH,,0
TXN250121ODV0O6,,NO_MATCH,,0
UPI250121DGMQC7,,NO_MATCH,,0
ATM250121KFAMYD,,NO_MATCH,,0
ATM250121XQZBIL,,NO_MATCH,,0
TXN250121X1NU9C,,NO_MATCH,,0
ATM2501217G7V0I,,NO_MATCH,,0
UPI250121KNR7C8,,NO_MATCH,,0
UPI250121JBAJGF,,NO_MATCH,,0
ATM250122UN39S5,,NO_MATCH,,0
ATM250122995ABZ,,NO_MATCH,,0
UPI2501221SB19N,,NO_MATCH,,0
UPI250122AM98C3,,NO_MATCH,,0
ATM250122GTQL7B,,NO_MATCH,,0
ATM250122XT9GXG,,NO_MATCH,,0
ATM250122UZYR9F,,NO_MATCH,,0
TXN250122UFJH9G,,NO_MATCH,,0
ATM250122APRJ27,,NO_MATCH,,0
ATM250122YYFGQ4,,NO_MATCH,,0
IMPS25012234B2NC,,NO_MATCH,,0
UPI250122O4VZHN,,NO_MATCH,,0
ATM2501222X24B0,,NO_MATCH,,0
IMPS250122635XPG,,NO_MATCH,,0
TXN250122F9F8J4,,NO_MATCH,,0
TXN250123UPSGBC,,NO_MATCH,,0
UPI250123NZ9GS9,,NO_MATCH,,0
TXN250123CXM0Z7,,NO_MATCH,,0
UPI2501235GYH5I,,NO_MATCH,,0
UPI2501239GPLN8,,NO_MATCH,,0
TXN250123G5U45A,,NO_MATCH,,0
ATM250123JVA3R2,,NO_MATCH,,0
ATM250124P1EC2H,,NO_MATCH,,0
TXN250124JZGYCE,,NO_MATCH,,0
TXN2501241TC42O,,NO_MATCH,,0
ATM2501241HVS96,,NO_MATCH,,0
ATM2501242WM8CF,,NO_MATCH,,0
ATM250124YA3SND,,NO_MATCH,,0
UPI250125C4AKBJ,,NO_MATCH,,0
UPI2501257ZJT4E,,NO_MATCH,,0
ATM2501250JR9N7,,NO_MATCH,,0
UPI2501258WEE3J,,NO_MATCH,,0
UPI250125WK66KL,,NO_MATCH,,0
ATM250125ZUO96E,,NO_MATCH,,0
UPI2501259ZZ4VV,,NO_MATCH,,0
ATM250125OUYZ9P,,NO_MATCH,,0
UPI250125GGNFQI,,NO_MATCH,,0
IMPS2501269KJHQB,,NO_MATCH,,0
ATM250126RUIP6S,,NO_MATCH,,0
UPI250126J44A96,,NO_MATCH,,0
ATM250126KHJUZF,,NO_MATCH,,0
UPI250126PGZM98,,NO_MATCH,,0
ATM250126A5EFS0,,NO_MATCH,,0
TXN2501260023HA,,NO_MATCH,,0
ATM250126XQTPWY,,NO_MATCH,,0
ATM250126WUBMQF,,NO_MATCH,,0
ATM2501260K5YRL,,NO_MATCH,,0
UPI25012622EM9M,,NO_MATCH,,0
UPI250126V9UTTB,,NO_MATCH,,0
ATM2501263LXHGO,,NO_MATCH,,0
UPI250127Q3Z89L,,NO_MATCH,,0
UPI250127P2IM7H,,NO_MATCH,,0
TXN2501275PL5JU,,NO_MATCH,,0
ATM250127W6KC24,,NO_MATCH,,0
UPI25012711VUA1,,NO_MATCH,,0
ATM250127I7I5IN,,NO_MATCH,,0
ATM250127TAY9VK,,NO_MATCH,,0
TXN2501279L1BSL,,NO_MATCH,,0
ATM250128WHXBFE,,NO_MATCH,,0
ATM250128R7W7XP,,NO_MATCH,,0
ATM250128ACAMW3,,NO_MATCH,,0
ATM250128R1M4U5,,NO_MATCH,,0
IMPS250128RB2I18,,NO_MATCH,,0
ATM250128ZIE5IO,,NO_MATCH,,0
ATM250128VJKCH9,,NO_MATCH,,0
ATM250128O87GYB,,NO_MATCH,,0
UPI250128LCFCNA,,NO_MATCH,,0
UPI250128F067MN,,NO_MATCH,,0
UPI250128M1LVDB,,NO_MATCH,,0
TXN250129QDBHCV,,NO_MATCH,,0
IMPS250129ALHC0C,,NO_MATCH,,0
ATM250129P4Z3OA,,NO_MATCH,,0
ATM250129593IJ4,,NO_MATCH,,0
IMPS2501298U3JE6,,NO_MATCH,,0
TXN250129HMH79P,,NO_MATCH,,0
ATM250129ZMYDSF,,NO_MATCH,,0
UPI250129NGMG6M,,NO_MATCH,,0
TXN250130T3U443,,NO_MATCH,,0
TXN250130V35ALR,,NO_MATCH,,0
ATM25013068GX4R,,NO_MATCH,,0
IMPS250130GMG6CM,,NO_MATCH,,0
ATM250130NM9DEF,,NO_MATCH,,0
ATM250130CE5TNP,,NO_MATCH,,0
UPI250130593JKQ,,NO_MATCH,,0
UPI250130IMVNC3,,NO_MATCH,,0
ATM2501306D3YLK,,NO_MATCH,,0
ATM2501301932K1,,NO_MATCH,,0
TXN250130DY1TEH,,NO_MATCH,,0
ATM250130PIJYH5,,NO_MATCH,,0
TXN250130VXV3ED,,NO_MATCH,,0
TXN250131AVIRZX,,NO_MATCH,,0
ATM2501314KFQH1,,NO_MATCH,,0
ATM2501313XD35Q,,NO_MATCH,,0
UPI250131EY0W36,,NO_MATCH,,0
UPI250131Q51HD5,,NO_MATCH,,0
UPI250131ZZTA72,,NO_MATCH,,0
IMPS250131K46VJ9,,NO_MATCH,,0
ATM250131TJZV7K,,NO_MATCH,,0
UPI2502014KZVU6,,NO_MATCH,,0
ATM250201E4GQGW,,NO_MATCH,,0
TXN2502016X6V6E,,NO_MATCH,,0
ATM250201JRQXRH,,NO_MATCH,,0
UPI250201S14MN7,,NO_MATCH,,0
ATM250201SOK1S2,,NO_MATCH,,0
UPI2502018YHDS2,,NO_MATCH,,0
TXN250201C1GCMK,,NO_MATCH,,0
TXN250201ODP187,,NO_MATCH,,0
UPI250201HGIUKJ,,NO_MATCH,,0
ATM250202AQJNQY,,NO_MATCH,,0
IMPS250202LNCVN0,,NO_MATCH,,0
ATM250202CSO05U,,NO_MATCH,,0
ATM250202V8LBMR,,NO_MATCH,,0
UPI250202I83YTD,,NO_MATCH,,0
ATM25020276YM57,,NO_MATCH,,0
ATM2502023QWSP4,,NO_MATCH,,0
UPI250202M45NEK,,NO_MATCH,,0
UPI250202YZ1IBY,,NO_MATCH,,0
UPI2502022YSKQ1,,NO_MATCH,,0
ATM250202H5QWQZ,,NO_MATCH,,0
ATM250202B9EJIY,,NO_MATCH,,0
UPI250203P6FO6H,,NO_MATCH,,0
UPI250203NJAGOS,,NO_MATCH,,0
UPI2502031FG77S,,NO_MATCH,,0
UPI2502038QOVT9,,NO_MATCH,,0
UPI250203X4SPU4,,NO_MATCH,,0
TXN250203KACI47,,NO_MATCH,,0
IMPS250203AENFMR,,NO_MATCH,,0
TXN250203AG8CE7,,NO_MATCH,,0
IMPS2502034SJZTX,,NO_MATCH,,0
TXN250203OSUGBZ,,NO_MATCH,,0
ATM250203X2XW5Y,,NO_MATCH,,0
UPI250203BN78V7,,NO_MATCH,,0
ATM250204H3P8EN,,NO_MATCH,,0
TXN25020431KSZN,,NO_MATCH,,0
TXN2502040J18E0,,NO_MATCH,,0
ATM250204YCCSAU,,NO_MATCH,,0
TXN250204QJ94A5,,NO_MATCH,,0
UPI250204ZX4PLP,,NO_MATCH,,0
TXN250204CRIXUY,,NO_MATCH,,0
ATM250204F7W4N3,,NO_MATCH,,0
ATM250204RD04W6,,NO_MATCH,,0
ATM250204AYPI79,,NO_MATCH,,0
UPI250205E3FQNI,,NO_MATCH,,0
TXN2502058EBBVQ,,NO_MATCH,,0
ATM250205KO6SDM,,NO_MATCH,,0
UPI2502052SJOJB,,NO_MATCH,,0
UPI250205UCATTL,,NO_MATCH,,0
UPI250205XFYJUQ,,NO_MATCH,,0
UPI25020593VRLA,,NO_MATCH,,0
ATM250205R2QGLY,,NO_MATCH,,0
ATM250206Z7TSNJ,,NO_MATCH,,0
UPI250206DULU6I,,NO_MATCH,,0
UPI250206U267UZ,,NO_MATCH,,0
ATM2502060VNA5B,,NO_MATCH,,0
IMPS25020685LT9B,,NO_MATCH,,0
TXN2502067IKAXP,,NO_MATCH,,0
TXN250206BZCOF8,,NO_MATCH,,0
ATM25020696YL1S,,NO_MATCH,,0
TXN250207BRW324,,NO_MATCH,,0
UPI250207T9X0Q8,,NO_MATCH,,0
ATM250207SKDKDV,,NO_MATCH,,0
ATM250207UM3ZCY,,NO_MATCH,,0
UPI250207A5I7V3,,NO_MATCH,,0
IMPS250207XWKVCC,,NO_MATCH,,0
IMPS250207MAAVV4,,NO_MATCH,,0
ATM250207X3VCL7,,NO_MATCH,,0
ATM250207SBWFDS,,NO_MATCH,,0
ATM2502087KP75Q,,NO_MATCH,,0
UPI25020894QVU8,,NO_MATCH,,0
IMPS2502082DCV01,,NO_MATCH,,0
UPI250208V2X4QQ,,NO_MATCH,,0
UPI2502080ZBRTN,,NO_MATCH,,0
IMPS25020862U2AU,,NO_MATCH,,0
ATM250208FIZ5C8,,NO_MATCH,,0
ATM25020893IFWS,,NO_MATCH,,0
ATM250208MGLCU6,,NO_MATCH,,0
ATM250208WVWA4F,,NO_MATCH,,0
TXN2502089HG25H,,NO_MATCH,,0
UPI2502082UJEPI,,NO_MATCH,,0
ATM2502086H99W5,,NO_MATCH,,0
IMPS2502094YJ2SR,,NO_MATCH,,0
TXN250209G9QLHP,,NO_MATCH,,0
ATM250209SKO9MZ,,NO_MATCH,,0
UPI250209ARQ8HC,,NO_MATCH,,0
ATM250209Y4JJUT,,NO_MATCH,,0
UPI250209EUAOLO,,NO_MATCH,,0
ATM250209RIPQ7D,,NO_MATCH,,0
UPI250209BUXA44,,NO_MATCH,,0
TXN250209RUE0ID,,NO_MATCH,,0
ATM250210C1CUX0,,NO_MATCH,,0
TXN250210NHP3TT,,NO_MATCH,,0
TXN2502103290DV,,NO_MATCH,,0
TXN250210J10KIG,,NO_MATCH,,0
TXN25021061YS89,,NO_MATCH,,0
ATM250210MQZKIN,,NO_MATCH,,0
ATM250210IJETVQ,,NO_MATCH,,0
ATM250211J7D4KM,,NO_MATCH,,0
UPI250211FYF0H5,,NO_MATCH,,0
UPI250211SL1OH6,,NO_MATCH,,0
TXN2502110HJDA6,,NO_MATCH,,0
ATM250211QVFIH5,,NO_MATCH,,0
IMPS250211K8PXU4,,NO_MATCH,,0
IMPS250211GR3RW4,,NO_MATCH,,0
TXN25021137X5SR,,NO_MATCH,,0
ATM250211O6PN7F,,NO_MATCH,,0
ATM250211QJKHBC,,NO_MATCH,,0
TXN250211JQ1K7O,,NO_MATCH,,0
TXN2502121E5L81,,NO_MATCH,,0
ATM250212X0S48K,,NO_MATCH,,0
ATM2502125NA1TT,,NO_MATCH,,0
TXN250212IF45TF,,NO_MATCH,,0
UPI25021266DT6J,,NO_MATCH,,0
TXN250212PBPYWF,,NO_MATCH,,0
TXN250212T6WYRQ,,NO_MATCH,,0
ATM250212GLH1AN,,NO_MATCH,,0
ATM250212NCBCDV,,NO_MATCH,,0
ATM250212P3JHGQ,,NO_MATCH,,0
UPI250212COP1BY,,NO_MATCH,,0
TXN250213PX5AHO,,NO_MATCH,,0
ATM2502137UHIV8,,NO_MATCH,,0
UPI250213C5F5MC,,NO_MATCH,,0
IMPS2502138KKNEZ,,NO_MATCH,,0
TXN250213CF2U40,,NO_MATCH,,0
UPI250213KS2V6F,,NO_MATCH,,0
TXN250213DZ608I,,NO_MATCH,,0
TXN25021301DWTO,,NO_MATCH,,0
TXN250213LNYBHE,,NO_MATCH,,0
UPI2502138ML4X4,,NO_MATCH,,0
TXN25021337H51C,,NO_MATCH,,0
ATM250214Z7C9FJ,,NO_MATCH,,0
UPI250214VSBMAX,,NO_MATCH,,0
ATM250214F0DSOP,,NO_MATCH,,0
UPI250214CEQ6XV,,NO_MATCH,,0
IMPS250214MAOR7O,,NO_MATCH,,0
ATM250214D0BOOB,,NO_MATCH,,0
UPI2502142H4BXJ,,NO_MATCH,,0
TXN250214BTN7M6,,NO_MATCH,,0
UPI250214UQ3USC,,NO_MATCH,,0
IMPS250214OIDXFF,,NO_MATCH,,0
TXN250214HX7EQU,,NO_MATCH,,0
UPI250214L0UJRN,,NO_MATCH,,0
IMPS250214NTHMFE,,NO_MATCH,,0
UPI2502158SOZW5,,NO_MATCH,,0
ATM250215GW3DNZ,,NO_MATCH,,0
TXN250215GVLOXU,,NO_MATCH,,0
TXN250215HIEM6T,,NO_MATCH,,0
UPI250215XLSLUP,,NO_MATCH,,0
UPI250215VYZKOF,,NO_MATCH,,0
ATM250215ERQ5OE,,NO_MATCH,,0
UPI250215YZG3RI,,NO_MATCH,,0
ATM2502153WLNED,,NO_MATCH,,0
ATM2502154EJTJL,,NO_MATCH,,0
ATM250216LI779T,,NO_MATCH,,0
ATM2502166DZCD6,,NO_MATCH,,0
TXN2502168TTGIO,,NO_MATCH,,0
UPI250216N5ONXY,,NO_MATCH,,0
TXN250216M2WIHG,,NO_MATCH,,0
TXN250216ZGLY4E,,NO_MATCH,,0
ATM250216S9S7XX,,NO_MATCH,,0
TXN250216ZDM9ZX,,NO_MATCH,,0
ATM2502162ULP6Z,,NO_MATCH,,0
IMPS250216II66QQ,,NO_MATCH,,0
UPI250216K8Q64H,,NO_MATCH,,0
ATM250216TAZ515,,NO_MATCH,,0
ATM250217KWSEUS,,NO_MATCH,,0
TXN250217GUUIYX,,NO_MATCH,,0
TXN250217UCLZ3B,,NO_MATCH,,0
UPI250217Y51ASU,,NO_MATCH,,0
ATM2502176OGGOW,,NO_MATCH,,0
ATM250217J66M2W,,NO_MATCH,,0
TXN250217OS296X,,NO_MATCH,,0
UPI250217WE8EN3,,NO_MATCH,,0
TXN250217Q7Q0DA,,NO_MATCH,,0
UPI250217CXSZST,,NO_MATCH,,0
ATM250217F1JM7Y,,NO_MATCH,,0
IMPS250217UNYA1G,,NO_MATCH,,0
UPI250217GXXZDG,,NO_MATCH,,0
UPI250217YRNBAO,,NO_MATCH,,0
ATM2502171KV649,,NO_MATCH,,0
ATM250217HAE27S,,NO_MATCH,,0
ATM250217EOIAQ8,,NO_MATCH,,0
UPI250217PY5ICN,,NO_MATCH,,0
TXN250218HO27EO,,NO_MATCH,,0
TXN250218RTEUHK,,NO_MATCH,,0
ATM250218535F9I,,NO_MATCH,,0
ATM2502186TU9OB,,NO_MATCH,,0
TXN250218TH1L8W,,NO_MATCH,,0
UPI250218E7I4FA,,NO_MATCH,,0
TXN250218EGROUC,,NO_MATCH,,0
ATM2502181OBV52,,NO_MATCH,,0
UPI250218HFTXPO,,NO_MATCH,,0
ATM2502198F9K71,,NO_MATCH,,0
TXN250219S56YNY,,NO_MATCH,,0
UPI2502190UE7ZG,,NO_MATCH,,0
TXN250219WZO4V9,,NO_MATCH,,0
ATM250219QMVR8V,,NO_MATCH,,0
ATM250219SZ2X0J,,NO_MATCH,,0
UPI250219QHYJQC,,NO_MATCH,,0
TXN250220RP1WVP,,NO_MATCH,,0
ATM250220T1OY3G,,NO_MATCH,,0
UPI250220Y8KJAQ,,NO_MATCH,,0
UPI250220CQG4NT,,NO_MATCH,,0
ATM250220SOZROS,,NO_MATCH,,0
UPI25022042E9Z0,,NO_MATCH,,0
TXN250221RO289G,,NO_MATCH,,0
ATM250221F81DY2,,NO_MATCH,,0
ATM250221W8U9TT,,NO_MATCH,,0
UPI250221IE6AKV,,NO_MATCH,,0
UPI2502219LHSMI,,NO_MATCH,,0
UPI250221JRGZW8,,NO_MATCH,,0
ATM2502216KJ53E,,NO_MATCH,,0
TXN250221YC3RNR,,NO_MATCH,,0
ATM250222SRJWIM,,NO_MATCH,,0
ATM250222SX3YYG,,NO_MATCH,,0
UPI250222UF68MV,,NO_MATCH,,0
TXN250222M101VV,,NO_MATCH,,0
ATM250222R31U3A,,NO_MATCH,,0
TXN250222P9YY23,,NO_MATCH,,0
TXN250222QM271C,,NO_MATCH,,0
ATM250222SO3HKJ,,NO_MATCH,,0
ATM250222PONNP0,,NO_MATCH,,0
UPI2502223M20KQ,,NO_MATCH,,0
ATM250222YQYQXO,,NO_MATCH,,0
ATM250222K4U70A,,NO_MATCH,,0
UPI2502233VJKOQ,,NO_MATCH,,0
ATM250223FODVC2,,NO_MATCH,,0
ATM250223AWQ4ZK,,NO_MATCH,,0
UPI250223595Z5E,,NO_MATCH,,0
ATM250223AHCXT0,,NO_MATCH,,0
UPI2502234PD2HI,,NO_MATCH,,0
ATM250224ZWEOMH,,NO_MATCH,,0
IMPS25022407MLOB,,NO_MATCH,,0
ATM2502244E099D,,NO_MATCH,,0
ATM2502248Z1YIG,,NO_MATCH,,0
ATM250224B727FO,,NO_MATCH,,0
UPI2502252BXEHL,,NO_MATCH,,0
TXN250225BO6XFQ,,NO_MATCH,,0
UPI250225LQ2UXJ,,NO_MATCH,,0
UPI25022523TCCV,,NO_MATCH,,0
ATM25022534T0L1,,NO_MATCH,,0
ATM2502253VPYOX,,NO_MATCH,,0
TXN250225C0LMNR,,NO_MATCH,,0
ATM2502257ARXLA,,NO_MATCH,,0
UPI25022568LHL5,,NO_MATCH,,0
IMPS250225LXRIPA,,NO_MATCH,,0
ATM2502251XL34C,,NO_MATCH,,0
TXN250225U06PGF,,NO_MATCH,,0
UPI2502253CLLY6,,NO_MATCH,,0
UPI250226H2ILPZ,,NO_MATCH,,0
ATM250226YG51GJ,,NO_MATCH,,0
ATM250226VFM6CG,,NO_MATCH,,0
UPI250226NEQA49,,NO_MATCH,,0
TXN250226PWWDGZ,,NO_MATCH,,0
TXN250226GQPURW,,NO_MATCH,,0
IMPS250226A0T8O9,,NO_MATCH,,0
UPI2502269RMCP0,,NO_MATCH,,0
ATM25022696B1JZ,,NO_MATCH,,0
ATM25022670KMQQ,,NO_MATCH,,0
UPI250226RZTGTB,,NO_MATCH,,0
UPI250227MU5EJA,,NO_MATCH,,0
UPI250227G0NSB1,,NO_MATCH,,0
ATM250227BXMXGC,,NO_MATCH,,0
TXN250227ILUEBB,,NO_MATCH,,0
ATM250227ORHJN2,,NO_MATCH,,0
TXN250227ZSHIB0,,NO_MATCH,,0
IMPS2502274XA9AR,,NO_MATCH,,0
ATM250227GSJ8R3,,NO_MATCH,,0
ATM2502272QCBP8,,NO_MATCH,,0
UPI25022798V71P,,NO_MATCH,,0
UPI250227TQNHEA,,NO_MATCH,,0
TXN250228SNZVLN,,NO_MATCH,,0
TXN250228P355PH,,NO_MATCH,,0
ATM250228NRZKLB,,NO_MATCH,,0
UPI250228NHJ9FL,,NO_MATCH,,0
UPI250228ICPJ4P,,NO_MATCH,,0
UPI250228F6KFH4,,NO_MATCH,,0
TXN250228VOLADY,,NO_MATCH,,0
TXN250228PVCANM,,NO_MATCH,,0
UPI250301VCA6U7,,NO_MATCH,,0
TXN250301WJR5YP,,NO_MATCH,,0
ATM250301CH5MKW,,NO_MATCH,,0
UPI250301Q7XDO3,,NO_MATCH,,0
ATM2503013T2Y89,,NO_MATCH,,0
ATM2503011B2OZW,,NO_MATCH,,0
UPI2503017VZ17H,,NO_MATCH,,0
TXN2503011S4TO3,,NO_MATCH,,0
TXN250301PLN1K8,,NO_MATCH,,0
TXN250301AYKOQ8,,NO_MATCH,,0
UPI250302Z2PGCG,,NO_MATCH,,0
TXN25030262W0FJ,,NO_MATCH,,0
ATM250302WR7R84,,NO_MATCH,,0
ATM250302NZD9HZ,,NO_MATCH,,0
TXN250302FJ3PKU,,NO_MATCH,,0
ATM250302HH1YGC,,NO_MATCH,,0
TXN250302WKZ6SM,,NO_MATCH,,0
IMPS25030225RC9V,,NO_MATCH,,0
ATM2503025GBMKT,,NO_MATCH,,0
UPI250302KLXDF5,,NO_MATCH,,0
TXN2503029O7LBW,,NO_MATCH,,0
ATM250302JZ7ERL,,NO_MATCH,,0
ATM250302M13ZRC,,NO_MATCH,,0
ATM250302H2L8FQ,,NO_MATCH,,0
ATM250302GCYY2F,,NO_MATCH,,0
ATM250303BUNFW8,,NO_MATCH,,0
ATM250303VPFJ6S,,NO_MATCH,,0
TXN250303KAXT1Z,,NO_MATCH,,0
ATM2503039RQGID,,NO_MATCH,,0
ATM250303L21Q81,,NO_MATCH,,0
UPI250303C7WDRS,,NO_MATCH,,0
ATM250303TC1P93,,NO_MATCH,,0
TXN250303S6A5JV,,NO_MATCH,,0
UPI250303X23SDE,,NO_MATCH,,0
UPI250303D6FNRT,,NO_MATCH,,0
TXN250304F39WGT,,NO_MATCH,,0
UPI250304USA9F1,,NO_MATCH,,0
UPI250304ICS6ZN,,NO_MATCH,,0
ATM250304SK2A9P,,NO_MATCH,,0
ATM250304K4F7PD,,NO_MATCH,,0
UPI250304OPE3KM,,NO_MATCH,,0
UPI250304UXKBCW,,NO_MATCH,,0
IMPS250304D65GTA,,NO_MATCH,,0
TXN250304OVQNZ7,,NO_MATCH,,0
ATM250305V53ZI4,,NO_MATCH,,0
UPI2503053I0PQ0,,NO_MATCH,,0
TXN250305NVW9EQ,,NO_MATCH,,0
UPI2503057YN8G1,,NO_MATCH,,0
UPI2503052ZNX9Z,,NO_MATCH,,0
IMPS250306U2AG7S,,NO_MATCH,,0
ATM250306CNC9RP,,NO_MATCH,,0
UPI250306SWRFTC,,NO_MATCH,,0
TXN250306H2JS27,,NO_MATCH,,0
ATM250306IPJ58C,,NO_MATCH,,0
ATM2503061ATUJO,,NO_MATCH,,0
IMPS250306HY6WCX,,NO_MATCH,,0
ATM250306BYW52H,,NO_MATCH,,0
ATM250306CKAUXK,,NO_MATCH,,0
UPI250306X20OVQ,,NO_MATCH,,0
TXN250306GHD2S5,,NO_MATCH,,0
ATM250307HR4J5T,,NO_MATCH,,0
ATM250307OSUR2W,,NO_MATCH,,0
TXN250307NKXS3J,,NO_MATCH,,0
ATM250307WJMIX7,,NO_MATCH,,0
IMPS250307NS4A96,,NO_MATCH,,0
TXN250307MVFLO5,,NO_MATCH,,0
ATM2503079J6ENU,,NO_MATCH,,0
UPI250307TDJTT0,,NO_MATCH,,0
UPI250307T5Q5N9,,NO_MATCH,,0
IMPS2503071775DN,,NO_MATCH,,0
UPI25030757JP4D,,NO_MATCH,,0
ATM25030759C6RP,,NO_MATCH,,0
ATM250307UH7F8S,,NO_MATCH,,0
UPI250307K9KGU8,,NO_MATCH,,0
TXN250308BUGVC2,,NO_MATCH,,0
TXN2503088REYCU,,NO_MATCH,,0
TXN2503087ZCL12,,NO_MATCH,,0
UPI2503085OFU1H,,NO_MATCH,,0
UPI2503084VMPD1,,NO_MATCH,,0
IMPS250308N9EQ2F,,NO_MATCH,,0
ATM250308JTMOVG,,NO_MATCH,,0
UPI250308MA5GNR,,NO_MATCH,,0
TXN250308WS6AO8,,NO_MATCH,,0
TXN250308AEH04A,,NO_MATCH,,0
TXN25030887LNH8,,NO_MATCH,,0
UPI2503082W0SXX,,NO_MATCH,,0
TXN250309A1G5R6,,NO_MATCH,,0
UPI250309EV0CL0,,NO_MATCH,,0
ATM2503099LLXKI,,NO_MATCH,,0
ATM250309N8SVEM,,NO_MATCH,,0
TXN2503095RQPDH,,NO_MATCH,,0
TXN250309AQ97HJ,,NO_MATCH,,0
ATM250309LU4J6P,,NO_MATCH,,0
UPI2503096OO4Q4,,NO_MATCH,,0
UPI250309AOAGT2,,NO_MATCH,,0
ATM250309FZ2JIN,,NO_MATCH,,0
TXN250309X46SZX,,NO_MATCH,,0
ATM25031086KGRZ,,NO_MATCH,,0
TXN250310IZDYA5,,NO_MATCH,,0
UPI2503102OA99T,,NO_MATCH,,0
UPI2503102KF9Y8,,NO_MATCH,,0
ATM2503104I20MI,,NO_MATCH,,0
ATM250310FFRYQA,,NO_MATCH,,0
ATM250310TF1K6U,,NO_MATCH,,0
UPI2503101Q5SH0,,NO_MATCH,,0
ATM250311KAGW6I,,NO_MATCH,,0
IMPS250311OI4WLK,,NO_MATCH,,0
ATM250311NE6Z9S,,NO_MATCH,,0
TXN250311ATIXVS,,NO_MATCH,,0
ATM250311L7M1GO,,NO_MATCH,,0
IMPS250311577CM0,,NO_MATCH,,0
IMPS250311XN6IGT,,NO_MATCH,,0
TXN250311WY0X8O,,NO_MATCH,,0
UPI250311S4KJCR,,NO_MATCH,,0
ATM250311AET8RN,,NO_MATCH,,0
UPI2503123QRA21,,NO_MATCH,,0
UPI250312PX6R4K,,NO_MATCH,,0
ATM250312B8FRBY,,NO_MATCH,,0
UPI250312RKB5CN,,NO_MATCH,,0
IMPS250312ZATZ5G,,NO_MATCH,,0
ATM25031213QTDP,,NO_MATCH,,0
ATM250312YNF32G,,NO_MATCH,,0
UPI250312729KO7,,NO_MATCH,,0
TXN250312KJVE43,,NO_MATCH,,0
TXN25031217GYRZ,,NO_MATCH,,0
UPI250312IF6QZI,,NO_MATCH,,0
UPI2503130AVHE6,,NO_MATCH,,0
ATM2503135U4T0M,,NO_MATCH,,0
UPI250313AZ7W0R,,NO_MATCH,,0
ATM250313WCHOWV,,NO_MATCH,,0
TXN250313CSUKES,,NO_MATCH,,0
TXN250313EPEMB8,,NO_MATCH,,0
UPI2503132II86P,,NO_MATCH,,0
UPI250313DJBN74,,NO_MATCH,,0
TXN250313WXNUVT,,NO_MATCH,,0
ATM250314E9G7OM,,NO_MATCH,,0
IMPS2503146SNBW9,,NO_MATCH,,0
UPI250314S6QSX6,,NO_MATCH,,0
ATM250314FDOLAL,,NO_MATCH,,0
ATM250314LHP3X7,,NO_MATCH,,0
UPI250314LWNVQA,,NO_MATCH,,0
UPI250314JQOV1N,,NO_MATCH,,0
ATM250314SI3BYN,,NO_MATCH,,0
ATM250314MXLZPC,,NO_MATCH,,0
UPI250314P0L2RZ,,NO_MATCH,,0
UPI250314L0PAQX,,NO_MATCH,,0
ATM250314EDQLW8,,NO_MATCH,,0
UPI250314NABCWO,,NO_MATCH,,0
ATM250315VE5G32,,NO_MATCH,,0
TXN250315O4FFIG,,NO_MATCH,,0
UPI250315HSRDMR,,NO_MATCH,,0
ATM250316TUXDSD,,NO_MATCH,,0
UPI250316G17IH2,,NO_MATCH,,0
UPI2503169JLO51,,NO_MATCH,,0
UPI250316KZIB4R,,NO_MATCH,,0
ATM250316721H5Y,,NO_MATCH,,0
TXN2503160CJQKS,,NO_MATCH,,0
UPI25031677T9IY,,NO_MATCH,,0
ATM250316WQ0F50,,NO_MATCH,,0
UPI250316TZVAD3,,NO_MATCH,,0
TXN2503162ZSN71,,NO_MATCH,,0
IMPS250317WIAZPG,,NO_MATCH,,0
ATM250317NX3X7N,,NO_MATCH,,0
ATM2503179PC3A0,,NO_MATCH,,0
UPI250317X910YU,,NO_MATCH,,0
TXN250317OPIB73,,NO_MATCH,,0
TXN250318U4DT11,,NO_MATCH,,0
ATM2503182FNA3K,,NO_MATCH,,0
UPI250318GMJUKD,,NO_MATCH,,0
UPI25031801HOSK,,NO_MATCH,,0
TXN2503185TTNBI,,NO_MATCH,,0
ATM250318A5A9WY,,NO_MATCH,,0
TXN250318TD57EZ,,NO_MATCH,,0
ATM250318J1T3P5,,NO_MATCH,,0
ATM250319XBJDA6,,NO_MATCH,,0
ATM250319OULT90,,NO_MATCH,,0
TXN250319DMH5FQ,,NO_MATCH,,0
IMPS2503198QPZHI,,NO_MATCH,,0
UPI2503197OUD8O,,NO_MATCH,,0
UPI250319IXW92P,,NO_MATCH,,0
ATM2503196D711K,,NO_MATCH,,0
TXN250319AN7W5V,,NO_MATCH,,0
UPI2503206H3ICR,,NO_MATCH,,0
ATM250320734F8P,,NO_MATCH,,0
TXN2503201X3JHY,,NO_MATCH,,0
UPI2503207NWKAG,,NO_MATCH,,0
UPI250321TH3LS2,,NO_MATCH,,0
UPI250321UB9TTH,,NO_MATCH,,0
ATM250321JKCHBB,,NO_MATCH,,0
UPI25032120ZN2G,,NO_MATCH,,0
ATM2503214DI87X,,NO_MATCH,,0
UPI250321BG0R06,,NO_MATCH,,0
UPI250321UB9ZTJ,,NO_MATCH,,0
ATM2503212IPK8E,,NO_MATCH,,0
UPI2503212RRJON,,NO_MATCH,,0
ATM2503218NLPTO,,NO_MATCH,,0
UPI250321140K1G,,NO_MATCH,,0
UPI250321IS2WWB,,NO_MATCH,,0
ATM250321NEW6JU,,NO_MATCH,,0
TXN2503227X6Q04,,NO_MATCH,,0
IMPS250322XW1316,,NO_MATCH,,0
ATM250322ZIT3J8,,NO_MATCH,,0
UPI250322G0EKT1,,NO_MATCH,,0
UPI250322U55AB0,,NO_MATCH,,0
ATM250322J2BXNE,,NO_MATCH,,0
ATM250322U77B7Z,,NO_MATCH,,0
ATM250322OLU3Q1,,NO_MATCH,,0
ATM250322SE3WY5,,NO_MATCH,,0
UPI250322N6LFSH,,NO_MATCH,,0
ATM2503229LBMDM,,NO_MATCH,,0
ATM250322A6PPX8,,NO_MATCH,,0
TXN250323YRZBNY,,NO_MATCH,,0
ATM250323IQG896,,NO_MATCH,,0
TXN2503235NN7PS,,NO_MATCH,,0
ATM250323VVC5FZ,,NO_MATCH,,0
IMPS250324543EAI,,NO_MATCH,,0
UPI250324MWBGPX,,NO_MATCH,,0
UPI2503241NG4VT,,NO_MATCH,,0
ATM2503248BX9M0,,NO_MATCH,,0
UPI250324OS6RSX,,NO_MATCH,,0
IMPS250324OEBOAC,,NO_MATCH,,0
ATM250324P1D0A2,,NO_MATCH,,0
UPI250324EBPTJ4,,NO_MATCH,,0
TXN250324AR1VHO,,NO_MATCH,,0
IMPS250324HOUGDX,,NO_MATCH,,0
UPI250324FN95DE,,NO_MATCH,,0
ATM250325RIDXLH,,NO_MATCH,,0
ATM2503258ZVGLU,,NO_MATCH,,0
UPI250325I8GBQ8,,NO_MATCH,,0
UPI250325C9H03N,,NO_MATCH,,0
TXN250325RUU3JN,,NO_MATCH,,0
UPI250325CH023B,,NO_MATCH,,0
ATM250325FE94S9,,NO_MATCH,,0
UPI250325Z104CR,,NO_MATCH,,0
UPI250325PTHHVD,,NO_MATCH,,0
UPI250325QCI3UF,,NO_MATCH,,0
IMPS250325FAI9H3,,NO_MATCH,,0
UPI250326GCDCF3,,NO_MATCH,,0
ATM250326DZTAJF,,NO_MATCH,,0
ATM250326RVPV2C,,NO_MATCH,,0
UPI25032680KVVB,,NO_MATCH,,0
TXN25032679MKL5,,NO_MATCH,,0
UPI250326V3ZIG6,,NO_MATCH,,0
TXN250326PECCAS,,NO_MATCH,,0
TXN250326H6U6J7,,NO_MATCH,,0
UPI250326WNTO3P,,NO_MATCH,,0
ATM2503262YBE56,,NO_MATCH,,0
TXN250327K6WTC5,,NO_MATCH,,0
ATM2503274J3PF8,,NO_MATCH,,0
IMPS250327Z0PMHO,,NO_MATCH,,0
TXN250327KHAP9Y,,NO_MATCH,,0
TXN250327K5S1G3,,NO_MATCH,,0
UPI250327AMVNFW,,NO_MATCH,,0
UPI250327O11D9S,,NO_MATCH,,0
ATM250327K5VHOP,,NO_MATCH,,0
ATM2503281JHPWG,,NO_MATCH,,0
TXN2503283S8TCI,,NO_MATCH,,0
ATM250328O8SFRJ,,NO_MATCH,,0
UPI250328BWIRES,,NO_MATCH,,0
TXN250328OPZHMC,,NO_MATCH,,0
UPI2503281D5OEV,,NO_MATCH,,0
TXN25032862QY2F,,NO_MATCH,,0
TXN250328WLT8K1,,NO_MATCH,,0
UPI2503286TWJUH,,NO_MATCH,,0
ATM250329FKTOUC,,NO_MATCH,,0
TXN250329YFGFH5,,NO_MATCH,,0
ATM250329CLD7SF,,NO_MATCH,,0
ATM250329FQN309,,NO_MATCH,,0
UPI250329NL6GYK,,NO_MATCH,,0
UPI250329RHFSPF,,NO_MATCH,,0
IMPS250329QU7MAU,,NO_MATCH,,0
ATM25032908GLQN,,NO_MATCH,,0
UPI25033053G4SI,,NO_MATCH,,0
ATM250330QNVWFC,,NO_MATCH,,0
TXN25033043G7IC,,NO_MATCH,,0
UPI250330PBMW0N,,NO_MATCH,,0
ATM250330U0MQIV,,NO_MATCH,,0
UPI250330NVFM0Z,,NO_MATCH,,0
UPI2503308DVRY0,,NO_MATCH,,0
UPI2503304HXOX1,,NO_MATCH,,0
ATM2503302THBRH,,NO_MATCH,,0
TXN250331J3QQUC,,NO_MATCH,,0
ATM2503312WR870,,NO_MATCH,,0
UPI250331M9LRSI,,NO_MATCH,,0
ATM250331WE2JBN,,NO_MATCH,,0
ATM2503311XHLZF,,NO_MATCH,,0
TXN2503313LL7U2,,NO_MATCH,,0
UPI2504014H6740,,NO_MATCH,,0
ATM250401BX0LUF,,NO_MATCH,,0
UPI250401JUDQF1,,NO_MATCH,,0
UPI250401EM16AJ,,NO_MATCH,,0
ATM250401HLOYJN,,NO_MATCH,,0
UPI250401MV0CBZ,,NO_MATCH,,0
ATM250401YT8KN6,,NO_MATCH,,0
ATM250401N3MKXQ,,NO_MATCH,,0
TXN2504013V1TN8,,NO_MATCH,,0
TXN250401YVEXIZ,,NO_MATCH,,0
ATM250401YLWV08,,NO_MATCH,,0
ATM250401UZ94TO,,NO_MATCH,,0
IMPS250402EAYVZY,,NO_MATCH,,0
UPI2504020DYDYZ,,NO_MATCH,,0
ATM2504020P7NRS,,NO_MATCH,,0
IMPS2504026CS5J2,,NO_MATCH,,0
ATM250403ZE9X4D,,NO_MATCH,,0
UPI250403L7R0HJ,,NO_MATCH,,0
IMPS250403617VOD,,NO_MATCH,,0
TXN25040323GZPI,,NO_MATCH,,0
ATM25040348KH9U,,NO_MATCH,,0
TXN250403RMY4FP,,NO_MATCH,,0
ATM2504037I1YFW,,NO_MATCH,,0
IMPS250403418SD0,,NO_MATCH,,0
ATM250403W2FFVH,,NO_MATCH,,0
ATM2504032PSOMO,,NO_MATCH,,0
IMPS250403201463,,NO_MATCH,,0
ATM250404ZCAH86,,NO_MATCH,,0
UPI250404W04XFQ,,NO_MATCH,,0
ATM25040411EF3E,,NO_MATCH,,0
UPI250404NME0V9,,NO_MATCH,,0
UPI250404YTWXQH,,NO_MATCH,,0
ATM250404UK1TLP,,NO_MATCH,,0
UPI25040522NS7M,,NO_MATCH,,0
ATM250405BTJTL0,,NO_MATCH,,0
UPI2504053EUHSL,,NO_MATCH,,0
ATM250405YE3Q69,,NO_MATCH,,0
UPI25040560NOWK,,NO_MATCH,,0
TXN2504057VQOZ9,,NO_MATCH,,0
UPI250405WAOJ58,,NO_MATCH,,0
IMPS250405XX9SYB,,NO_MATCH,,0
ATM2504053HGZ8Y,,NO_MATCH,,0
ATM250405CFHTNE,,NO_MATCH,,0
ATM250405DUR7TQ,,NO_MATCH,,0
UPI250405BBDBES,,NO_MATCH,,0
IMPS250405I47MCU,,NO_MATCH,,0
ATM250405EU9ZF2,,NO_MATCH,,0
ATM250405OR273T,,NO_MATCH,,0
UPI250405IIDYGF,,NO_MATCH,,0
TXN250405HD634M,,NO_MATCH,,0
UPI250405DF6Y9Y,,NO_MATCH,,0
TXN2504068407UQ,,NO_MATCH,,0
ATM250406LWOM3C,,NO_MATCH,,0
TXN250406V3AJLU,,NO_MATCH,,0
ATM250406HIBBIJ,,NO_MATCH,,0
ATM2504067BHTVA,,NO_MATCH,,0
ATM250406GBE9EU,,NO_MATCH,,0
IMPS250406TNKCMX,,NO_MATCH,,0
ATM250406CO1GI1,,NO_MATCH,,0
UPI250406MPP8LH,,NO_MATCH,,0
UPI250407CE3HIQ,,NO_MATCH,,0
ATM250407BQLNDO,,NO_MATCH,,0
ATM250407S5A44C,,NO_MATCH,,0
ATM250407RIUC77,,NO_MATCH,,0
ATM250407AHJ9LS,,NO_MATCH,,0
UPI250407N91O4W,,NO_MATCH,,0
TXN250407NUZ2MH,,NO_MATCH,,0
UPI2504075A14AT,,NO_MATCH,,0
UPI250407RPRDB2,,NO_MATCH,,0
ATM250407VH181J,,NO_MATCH,,0
IMPS2504071VFM8Z,,NO_MATCH,,0
UPI250408VHEDI6,,NO_MATCH,,0
UPI2504080EX61Q,,NO_MATCH,,0
TXN25040874RMKB,,NO_MATCH,,0
ATM250408YRRC6C,,NO_MATCH,,0
UPI25040816MMXZ,,NO_MATCH,,0
UPI250408XUKAXK,,NO_MATCH,,0
ATM250408EFMM59,,NO_MATCH,,0
UPI2504087OT5E5,,NO_MATCH,,0
UPI250408EGB0WW,,NO_MATCH,,0
IMPS2504088JYRZP,,NO_MATCH,,0
TXN25040818LRV2,,NO_MATCH,,0
ATM250408XYI5ED,,NO_MATCH,,0
UPI2504099AG8EE,,NO_MATCH,,0
UPI250409DYMHPZ,,NO_MATCH,,0
UPI250409Y2BIC6,,NO_MATCH,,0
ATM250409X39PXB,,NO_MATCH,,0
IMPS250409HQGGE0,,NO_MATCH,,0
ATM250410MLB0UJ,,NO_MATCH,,0
UPI250410KJXYW6,,NO_MATCH,,0
TXN250410AWE1FX,,NO_MATCH,,0
IMPS25041090O40H,,NO_MATCH,,0
TXN2504103MCU9K,,NO_MATCH,,0
UPI250410OV12E1,,NO_MATCH,,0
IMPS2504105LNYM6,,NO_MATCH,,0
ATM250410U0NO1C,,NO_MATCH,,0
ATM2504109QQ99U,,NO_MATCH,,0
ATM250410MHEOKY,,NO_MATCH,,0
ATM250410LCXLY0,,NO_MATCH,,0
ATM2504104DRW1M,,NO_MATCH,,0
IMPS250410D1JR09,,NO_MATCH,,0
UPI25041098JLBW,,NO_MATCH,,0
IMPS250411UZADJ8,,NO_MATCH,,0
UPI250411EBZY08,,NO_MATCH,,0
TXN2504119Q4Z42,,NO_MATCH,,0
TXN250411P90TL0,,NO_MATCH,,0
UPI25041124KTJ2,,NO_MATCH,,0
ATM250412DC97QK,,NO_MATCH,,0
ATM250412LIHJHI,,NO_MATCH,,0
ATM250412SQ5XYT,,NO_MATCH,,0
TXN25041270DW9E,,NO_MATCH,,0
ATM25041216KDQN,,NO_MATCH,,0
UPI250412QQ1F2V,,NO_MATCH,,0
ATM250412Y806YY,,NO_MATCH,,0
TXN250412BI87PU,,NO_MATCH,,0
TXN250412G6IDAC,,NO_MATCH,,0
ATM25041287WB96,,NO_MATCH,,0
TXN25041200NZCQ,,NO_MATCH,,0
ATM250412MZTTRQ,,NO_MATCH,,0
ATM250413OHM5LA,,NO_MATCH,,0
ATM250413K9NTT4,,NO_MATCH,,0
UPI2504136HA3W1,,NO_MATCH,,0
UPI2504135B65W9,,NO_MATCH,,0
UPI2504136G3RVH,,NO_MATCH,,0
ATM250413N51GMQ,,NO_MATCH,,0
ATM2504137OKTJU,,NO_MATCH,,0
UPI250414QFS4Z2,,NO_MATCH,,0
UPI250414B8P5DL,,NO_MATCH,,0
ATM2504148W0LP9,,NO_MATCH,,0
ATM250414HHR5K2,,NO_MATCH,,0
UPI250414SCWRUK,,NO_MATCH,,0
UPI250414BNI89C,,NO_MATCH,,0
ATM250414GI1903,,NO_MATCH,,0
UPI250414U3LEN1,,NO_MATCH,,0
ATM250414T3ORYM,,NO_MATCH,,0
TXN250414ZDTKGY,,NO_MATCH,,0
IMPS250415H6OH9Z,,NO_MATCH,,0
IMPS250415LCRKOK,,NO_MATCH,,0
TXN250415MAS0J4,,NO_MATCH,,0
ATM250415244RRU,,NO_MATCH,,0
TXN25041505X6O8,,NO_MATCH,,0
TXN2504167BS4K5,,NO_MATCH,,0
ATM2504167EHHH5,,NO_MATCH,,0
ATM250416BEVKHC,,NO_MATCH,,0
ATM2504165LS3J0,,NO_MATCH,,0
ATM250416NJAZKV,,NO_MATCH,,0
IMPS250416R7R1JC,,NO_MATCH,,0
IMPS250416V0ZOVO,,NO_MATCH,,0
UPI25041674M7XI,,NO_MATCH,,0
UPI250417TKAPA0,,NO_MATCH,,0
UPI250417Z4BQP4,,NO_MATCH,,0
UPI250417NTMCW5,,NO_MATCH,,0
ATM250417Z81B68,,NO_MATCH,,0
TXN250417MYHNGG,,NO_MATCH,,0
ATM250417X80P5D,,NO_MATCH,,0
ATM2504172MNLQF,,NO_MATCH,,0
ATM250417OGO649,,NO_MATCH,,0
IMPS250417ID88UR,,NO_MATCH,,0
ATM250418NGPT5I,,NO_MATCH,,0
UPI250418ZPBNM3,,NO_MATCH,,0
ATM250418KQ0WVZ,,NO_MATCH,,0
TXN250418BAF3HB,,NO_MATCH,,0
ATM250418NSB5T4,,NO_MATCH,,0
ATM250418EREJS3,,NO_MATCH,,0
UPI250418EAWJV9,,NO_MATCH,,0
UPI250418NLX051,,NO_MATCH,,0
ATM2504182U8A1X,,NO_MATCH,,0
ATM2504186255CC,,NO_MATCH,,0
ATM250419NLOELF,,NO_MATCH,,0
UPI250419EPKSFR,,NO_MATCH,,0
UPI25041923AWNH,,NO_MATCH,,0
ATM250419TAFXLH,,NO_MATCH,,0
ATM250419C5AS74,,NO_MATCH,,0
UPI250419ODE0YI,,NO_MATCH,,0
ATM250419TBUA4C,,NO_MATCH,,0
TXN250419I1U9N6,,NO_MATCH,,0
IMPS2504195ES7IN,,NO_MATCH,,0
UPI250420MQ4J52,,NO_MATCH,,0
UPI250420CE5GYD,,NO_MATCH,,0
UPI250420JZ7UZX,,NO_MATCH,,0
ATM250420Y4RVGH,,NO_MATCH,,0
IMPS250420QAK9Z2,,NO_MATCH,,0
ATM250421H869ZG,,NO_MATCH,,0
TXN250421OB65UO,,NO_MATCH,,0
UPI250421Y5HVDV,,NO_MATCH,,0
ATM250421UBZRUE,,NO_MATCH,,0
ATM250421VFDV20,,NO_MATCH,,0
ATM250421YY99LV,,NO_MATCH,,0
ATM250421R7ZE9J,,NO_MATCH,,0
TXN250421MHZQGM,,NO_MATCH,,0
UPI250421HXZZZZ,,NO_MATCH,,0
ATM250422F4HU57,,NO_MATCH,,0
IMPS250422Q0Y5VG,,NO_MATCH,,0
ATM250422LN41YS,,NO_MATCH,,0
IMPS2504228MEA7P,,NO_MATCH,,0
UPI250422IJCTZG,,NO_MATCH,,0
IMPS2504220FPYUN,,NO_MATCH,,0
TXN2504227RH4Y2,,NO_MATCH,,0
UPI250422JM82UY,,NO_MATCH,,0
TXN250422QRKACJ,,NO_MATCH,,0
ATM250422V61E7A,,NO_MATCH,,0
ATM250422JTWTUJ,,NO_MATCH,,0
ATM250422LLN3ME,,NO_MATCH,,0
UPI250423UZ6ABC,,NO_MATCH,,0
UPI250423K3TOEA,,NO_MATCH,,0
UPI250423X98M00,,NO_MATCH,,0
UPI250423XUHDS9,,NO_MATCH,,0
UPI250423HCBJDL,,NO_MATCH,,0
UPI250423VGC40J,,NO_MATCH,,0
IMPS2504233VVLDC,,NO_MATCH,,0
UPI250423U3M8OZ,,NO_MATCH,,0
ATM250424B1N1WR,,NO_MATCH,,0
UPI250424MND1WR,,NO_MATCH,,0
ATM250424W0Y2JL,,NO_MATCH,,0
UPI250424C7R5IS,,NO_MATCH,,0
TXN250424P62MCB,,NO_MATCH,,0
ATM2504242O0PNQ,,NO_MATCH,,0
ATM250424NVVTQT,,NO_MATCH,,0
UPI250424P135V1,,NO_MATCH,,0
TXN250424ZV4BAP,,NO_MATCH,,0
UPI2504246I966V,,NO_MATCH,,0
ATM250424XB4MPC,,NO_MATCH,,0
TXN2504244BBZU9,,NO_MATCH,,0
UPI2504245PI0HU,,NO_MATCH,,0
ATM250424QE80F9,,NO_MATCH,,0
ATM250424WO0U80,,NO_MATCH,,0
UPI250424L862QI,,NO_MATCH,,0
UPI250424ZR10K7,,NO_MATCH,,0
UPI250425Y0WS81,,NO_MATCH,,0
UPI250425XH8XOE,,NO_MATCH,,0
ATM250425IO24UY,,NO_MATCH,,0
ATM250425NXW06P,,NO_MATCH,,0
IMPS250425JVYHNH,,NO_MATCH,,0
UPI250425W4IUPQ,,NO_MATCH,,0
UPI250425M7K1YE,,NO_MATCH,,0
IMPS250425IVPIRE,,NO_MATCH,,0
ATM250426RIFNR2,,NO_MATCH,,0
TXN250426TGZLYP,,NO_MATCH,,0
TXN2504267CT383,,NO_MATCH,,0
UPI25042672YIB4,,NO_MATCH,,0
TXN250426472HE4,,NO_MATCH,,0
ATM250426S6B30S,,NO_MATCH,,0
ATM250426DKH9NZ,,NO_MATCH,,0
ATM250427TBLT94,,NO_MATCH,,0
ATM250427QVTOMF,,NO_MATCH,,0
ATM250427PNBHQE,,NO_MATCH,,0
ATM250427ILRLZJ,,NO_MATCH,,0
ATM250427CO7ECB,,NO_MATCH,,0
IMPS250427DJXTBE,,NO_MATCH,,0
ATM250427994YOD,,NO_MATCH,,0
ATM250427Z23R9A,,NO_MATCH,,0
TXN250428DM1OWX,,NO_MATCH,,0
UPI2504281KCUWD,,NO_MATCH,,0
UPI250428P6J13R,,NO_MATCH,,0
UPI250428ZYSM1A,,NO_MATCH,,0
IMPS250428BG82SS,,NO_MATCH,,0
IMPS250428I0FTB3,,NO_MATCH,,0
UPI250428C6J34O,,NO_MATCH,,0
UPI250428WF7DI1,,NO_MATCH,,0
UPI250428JNQZ85,,NO_MATCH,,0
TXN2504288XJE5W,,NO_MATCH,,0
ATM250428IFHJ2I,,NO_MATCH,,0
ATM250428ONWJZC,,NO_MATCH,,0
UPI250428QQ6RPR,,NO_MATCH,,0
TXN250428BQK3WB,,NO_MATCH,,0
TXN250429FS8EIA,,NO_MATCH,,0
IMPS250429WGN8WV,,NO_MATCH,,0
TXN250429UMFSY8,,NO_MATCH,,0
UPI2504297ZAMNN,,NO_MATCH,,0
ATM250429GB0WX4,,NO_MATCH,,0
ATM250429YP6APQ,,NO_MATCH,,0
UPI250429HJDJRV,,NO_MATCH,,0
TXN250429ULR3A2,,NO_MATCH,,0
UPI250429TE5II2,,NO_MATCH,,0
IMPS2504309C408O,,NO_MATCH,,0
TXN250430HR3W8M,,NO_MATCH,,0
TXN250430HNTZJY,,NO_MATCH,,0
TXN250430MKLODZ,,NO_MATCH,,0
TXN250501P7ZR4U,,NO_MATCH,,0
TXN2505014NKXMH,,NO_MATCH,,0
UPI2505012UCL96,,NO_MATCH,,0
IMPS250501TACOAK,,NO_MATCH,,0
ATM2505011JM29G,,NO_MATCH,,0
TXN250501TZM344,,NO_MATCH,,0
ATM250501JPP2W7,,NO_MATCH,,0
UPI250501JCJZIH,,NO_MATCH,,0
UPI250501E31Z4V,,NO_MATCH,,0
UPI250501Y027K7,,NO_MATCH,,0
ATM250501L5D4O6,,NO_MATCH,,0
ATM250501Y01FB3,,NO_MATCH,,0
UPI250502UL8X82,,NO_MATCH,,0
UPI25050276KX7N,,NO_MATCH,,0
ATM2505021L5V3D,,NO_MATCH,,0
UPI250502WNPM42,,NO_MATCH,,0
ATM250502MJ5N5W,,NO_MATCH,,0
IMPS250502H4YGXT,,NO_MATCH,,0
UPI250502LR796T,,NO_MATCH,,0
IMPS250503A3HZV0,,NO_MATCH,,0
ATM250503H4DCLA,,NO_MATCH,,0
ATM250503AK59X7,,NO_MATCH,,0
TXN250503WX9C2F,,NO_MATCH,,0
ATM250503A3IXFT,,NO_MATCH,,0
ATM250503F42YPN,,NO_MATCH,,0
TXN250503TSAAXE,,NO_MATCH,,0
ATM2505037CZUCA,,NO_MATCH,,0
TXN2505037MOAQJ,,NO_MATCH,,0
ATM2505046QW4HQ,,NO_MATCH,,0
ATM250504335TS3,,NO_MATCH,,0
TXN250504RV85D8,,NO_MATCH,,0
UPI250504ZN1PRX,,NO_MATCH,,0
IMPS2505046YLD29,,NO_MATCH,,0
ATM250504VLG2PZ,,NO_MATCH,,0
IMPS250504A0UDAJ,,NO_MATCH,,0
ATM250504YWQ75L,,NO_MATCH,,0
UPI25050429WCLG,,NO_MATCH,,0
ATM250504SRQ9OS,,NO_MATCH,,0
TXN250505WHUMYZ,,NO_MATCH,,0
ATM250505Y44PXW,,NO_MATCH,,0
ATM2505050N7HYX,,NO_MATCH,,0
UPI250505XS1IX1,,NO_MATCH,,0
ATM25050550WHWE,,NO_MATCH,,0
TXN2505058F45KB,,NO_MATCH,,0
IMPS2505052WU7GD,,NO_MATCH,,0
UPI250505GHFI01,,NO_MATCH,,0
UPI250506DTT4FL,,NO_MATCH,,0
UPI25050666JWUN,,NO_MATCH,,0
UPI250506VD1T1Y,,NO_MATCH,,0
TXN250506NWFJZ3,,NO_MATCH,,0
TXN250506U3IL8G,,NO_MATCH,,0
TXN250506SN9Z1X,,NO_MATCH,,0
UPI250506X3UXG1,,NO_MATCH,,0
IMPS250506EBDI2A,,NO_MATCH,,0
ATM250506UDMEJS,,NO_MATCH,,0
ATM250506R29HV7,,NO_MATCH,,0
ATM2505069HKVBC,,NO_MATCH,,0
TXN250506FQC0OE,,NO_MATCH,,0
TXN2505066WRYFS,,NO_MATCH,,0
TXN250506V3EXO6,,NO_MATCH,,0
UPI2505061YINUJ,,NO_MATCH,,0
TXN250507GUE4I8,,NO_MATCH,,0
TXN2505077OEDOP,,NO_MATCH,,0
ATM250507YVLE4Q,,NO_MATCH,,0
UPI250507XZPW3D,,NO_MATCH,,0
UPI250507DD7KY8,,NO_MATCH,,0
UPI250507NKFR6H,,NO_MATCH,,0
ATM25050731M26B,,NO_MATCH,,0
IMPS250507QPE35S,,NO_MATCH,,0
TXN250507887FN1,,NO_MATCH,,0
ATM2505071EYIFV,,NO_MATCH,,0
UPI250507N4H68A,,NO_MATCH,,0
ATM250507GFU1IR,,NO_MATCH,,0
IMPS250507GBOZR5,,NO_MATCH,,0
ATM250508QM1TBO,,NO_MATCH,,0
IMPS2505089RRTTS,,NO_MATCH,,0
ATM2505089D1MKY,,NO_MATCH,,0
ATM25050861N2L5,,NO_MATCH,,0
ATM2505085VZ7A6,,NO_MATCH,,0
IMPS250508A0K35E,,NO_MATCH,,0
UPI250508MQA2OK,,NO_MATCH,,0
ATM250508Z3DMCB,,NO_MATCH,,0
ATM2505089P5G9B,,NO_MATCH,,0
ATM250508YN6KWW,,NO_MATCH,,0
TXN2505092BFZJ2,,NO_MATCH,,0
TXN250509L5YJ50,,NO_MATCH,,0
ATM250509HJUPDV,,NO_MATCH,,0
ATM2505092GFHCJ,,NO_MATCH,,0
TXN250509FNVD6G,,NO_MATCH,,0
IMPS2505108RO2BI,,NO_MATCH,,0
ATM2505109JRPCZ,,NO_MATCH,,0
UPI250510P8LN9T,,NO_MATCH,,0
UPI250510CESSCH,,NO_MATCH,,0
UPI250510R02W6S,,NO_MATCH,,0
UPI250510UNMOTQ,,NO_MATCH,,0
ATM25051023M4TQ,,NO_MATCH,,0
ATM25051004IS1P,,NO_MATCH,,0
IMPS250510YD6YRP,,NO_MATCH,,0
TXN250511PO75EJ,,NO_MATCH,,0
ATM250511EP1S6R,,NO_MATCH,,0
ATM250511IQFWL9,,NO_MATCH,,0
ATM250511EX766D,,NO_MATCH,,0
ATM250511JI20NO,,NO_MATCH,,0
UPI25051186JQ1I,,NO_MATCH,,0
UPI250511QIG6GY,,NO_MATCH,,0
TXN2505112GPM3T,,NO_MATCH,,0
TXN250511413H6B,,NO_MATCH,,0
TXN250511590QEB,,NO_MATCH,,0
TXN250511ZX9FL7,,NO_MATCH,,0
UPI250512WORIII,,NO_MATCH,,0
TXN250512PSB5CK,,NO_MATCH,,0
UPI250512SB8AOQ,,NO_MATCH,,0
UPI250512FJ9GBE,,NO_MATCH,,0
TXN250512TVJ9PN,,NO_MATCH,,0
UPI2505129X4F62,,NO_MATCH,,0
UPI2505127R3SIT,,NO_MATCH,,0
UPI250513BKC9PK,,NO_MATCH,,0
UPI250513JNSN89,,NO_MATCH,,0
ATM2505137QN791,,NO_MATCH,,0
UPI250513N4G6TD,,NO_MATCH,,0
UPI250513CNW11D,,NO_MATCH,,0
ATM250513BW3AP5,,NO_MATCH,,0
ATM250513YGOUMV,,NO_MATCH,,0
ATM2505138547RZ,,NO_MATCH,,0
TXN250513QUCLIU,,NO_MATCH,,0
ATM2505133SD04B,,NO_MATCH,,0
TXN250513XPHPFC,,NO_MATCH,,0
UPI250513UPTKRD,,NO_MATCH,,0
TXN250514CUW9Q0,,NO_MATCH,,0
TXN250514PLD9BB,,NO_MATCH,,0
IMPS250514PWRSMP,,NO_MATCH,,0
UPI250514HWG9I2,,NO_MATCH,,0
ATM250514N026FT,,NO_MATCH,,0
TXN250514ILZMVA,,NO_MATCH,,0
ATM25051409TP8U,,NO_MATCH,,0
UPI250514M9TZXT,,NO_MATCH,,0
UPI25051427H28W,,NO_MATCH,,0
ATM250515F8DQGJ,,NO_MATCH,,0
IMPS2505151ISD91,,NO_MATCH,,0
TXN250515Z3V1JV,,NO_MATCH,,0
ATM2505159RFHNX,,NO_MATCH,,0
UPI250515N59DM5,,NO_MATCH,,0
ATM2505159ZDAD0,,NO_MATCH,,0
ATM25051580OAL8,,NO_MATCH,,0
ATM2505166FNDDT,,NO_MATCH,,0
ATM250516M7DZ3R,,NO_MATCH,,0
UPI250516DKWD2F,,NO_MATCH,,0
ATM250516C5IIIC,,NO_MATCH,,0
ATM25051682ZHQJ,,NO_MATCH,,0
ATM250516VRWFOP,,NO_MATCH,,0
TXN250516UYM9MX,,NO_MATCH,,0
UPI250516C9WN81,,NO_MATCH,,0
UPI250516ZFY8FY,,NO_MATCH,,0
ATM25051680GPK3,,NO_MATCH,,0
TXN250517IS92I1,,NO_MATCH,,0
UPI250517IN2NA9,,NO_MATCH,,0
TXN2505179OONLY,,NO_MATCH,,0
TXN250517AZ6V3C,,NO_MATCH,,0
ATM250517M6RLKR,,NO_MATCH,,0
TXN2505175P55K3,,NO_MATCH,,0
ATM250517AJ9F7G,,NO_MATCH,,0
UPI2505172658TZ,,NO_MATCH,,0
UPI25051753VS7J,,NO_MATCH,,0
UPI2505177PPHB4,,NO_MATCH,,0
UPI2505172IZVKJ,,NO_MATCH,,0
UPI250518OSKYJI,,NO_MATCH,,0
TXN250518ALQSJE,,NO_MATCH,,0
UPI25051897PXQ3,,NO_MATCH,,0
IMPS250518D8LL6W,,NO_MATCH,,0
UPI250518NHKNMW,,NO_MATCH,,0
UPI250518Z375VM,,NO_MATCH,,0
ATM2505189CWN07,,NO_MATCH,,0
TXN2505186OKYF3,,NO_MATCH,,0
UPI25051865C1N4,,NO_MATCH,,0
ATM250519DG9UJQ,,NO_MATCH,,0
IMPS250519DQPBS2,,NO_MATCH,,0
ATM250519O2TU7Q,,NO_MATCH,,0
UPI250519OPXDX8,,NO_MATCH,,0
UPI250519EJ6J1F,,NO_MATCH,,0
UPI250520MAXFKO,,NO_MATCH,,0
ATM250520BD5ETE,,NO_MATCH,,0
ATM250520OMF6W2,,NO_MATCH,,0
TXN250520WBQVIC,,NO_MATCH,,0
ATM2505200EP0ZJ,,NO_MATCH,,0
IMPS250520JP386Y,,NO_MATCH,,0
ATM250520TY8A5O,,NO_MATCH,,0
IMPS250520T9SQV5,,NO_MATCH,,0
ATM250520QDI7UM,,NO_MATCH,,0
UPI250520J3VDQG,,NO_MATCH,,0
UPI2505213U1ORG,,NO_MATCH,,0
TXN250521XSTMLP,,NO_MATCH,,0
ATM250521ZZF2Y4,,NO_MATCH,,0
UPI250521GWBX50,,NO_MATCH,,0
ATM250521VWQZDQ,,NO_MATCH,,0
UPI250521A6HFVR,,NO_MATCH,,0
IMPS2505214SVH6V,,NO_MATCH,,0
UPI250521U7UPCC,,NO_MATCH,,0
UPI250521W5AHQY,,NO_MATCH,,0
UPI25052162IX64,,NO_MATCH,,0
TXN250521C7D9GG,,NO_MATCH,,0
ATM250522MU0087,,NO_MATCH,,0
UPI2505225UN3OB,,NO_MATCH,,0
UPI250522OFOB18,,NO_MATCH,,0
UPI250522ZMP2UX,,NO_MATCH,,0
ATM250522GBAYW9,,NO_MATCH,,0
TXN250522JYYG0P,,NO_MATCH,,0
TXN25052274KC2D,,NO_MATCH,,0
UPI250522SGGO07,,NO_MATCH,,0
ATM250522QA35IQ,,NO_MATCH,,0
TXN250522KGV7P3,,NO_MATCH,,0
UPI2505229U8132,,NO_MATCH,,0
UPI250522Z8YJPF,,NO_MATCH,,0
UPI250522PUTC0W,,NO_MATCH,,0
IMPS250522MBJD9C,,NO_MATCH,,0
TXN2505228DR0F7,,NO_MATCH,,0
TXN250523SYPAWU,,NO_MATCH,,0
UPI2505232KF2XX,,NO_MATCH,,0
ATM2505237E3VTB,,NO_MATCH,,0
UPI250523I1C5CB,,NO_MATCH,,0
UPI2505231IDRRQ,,NO_MATCH,,0
ATM250523TIHFFJ,,NO_MATCH,,0
UPI250523FL4VW5,,NO_MATCH,,0
TXN2505235TRFRG,,NO_MATCH,,0
IMPS250523E0K2WI,,NO_MATCH,,0
ATM250523K3HZK2,,NO_MATCH,,0
ATM250524YWI8QU,,NO_MATCH,,0
UPI250524S5486M,,NO_MATCH,,0
ATM2505240I7XZZ,,NO_MATCH,,0
ATM250524MKV7C9,,NO_MATCH,,0
TXN250524WVLTQY,,NO_MATCH,,0
ATM250524FKBMA2,,NO_MATCH,,0
UPI25052480SST6,,NO_MATCH,,0
TXN2505246IL52A,,NO_MATCH,,0
UPI250524TFVMWR,,NO_MATCH,,0
ATM250524QNDMJM,,NO_MATCH,,0
TXN250524M51WN0,,NO_MATCH,,0
ATM250524GT9W9M,,NO_MATCH,,0
TXN250525U107XI,,NO_MATCH,,0
UPI250525EIOQ7R,,NO_MATCH,,0
ATM250525RN9K6A,,NO_MATCH,,0
ATM2505255PXEJD,,NO_MATCH,,0
TXN250526TKSRG8,,NO_MATCH,,0
ATM2505260XGNA8,,NO_MATCH,,0
UPI250527ZZIM00,,NO_MATCH,,0
ATM250527VOK75T,,NO_MATCH,,0
ATM250527EADWSZ,,NO_MATCH,,0
UPI250527G3VDXP,,NO_MATCH,,0
ATM250527AAXPPQ,,NO_MATCH,,0
TXN250527QOTMVD,,NO_MATCH,,0
UPI250527GT319N,,NO_MATCH,,0
TXN250527FC5HQ2,,NO_MATCH,,0
UPI250527HFPV6D,,NO_MATCH,,0
TXN2505278G8X5B,,NO_MATCH,,0
IMPS250527Z1XZ9T,,NO_MATCH,,0
IMPS250527CY3IXR,,NO_MATCH,,0
UPI250527TMC4N0,,NO_MATCH,,0
TXN250527R0UMQM,,NO_MATCH,,0
TXN250527BDC546,,NO_MATCH,,0
UPI250528WG7IXU,,NO_MATCH,,0
ATM250528Q17VES,,NO_MATCH,,0
UPI250528L7N2C6,,NO_MATCH,,0
TXN2505286EEHVP,,NO_MATCH,,0
ATM250528EJ4VE0,,NO_MATCH,,0
TXN250528TLR794,,NO_MATCH,,0
IMPS250528RW722Y,,NO_MATCH,,0
ATM250528N4A08Q,,NO_MATCH,,0
ATM25052918NIO0,,NO_MATCH,,0
ATM250529RZI7J3,,NO_MATCH,,0
ATM250529G7QGJ3,,NO_MATCH,,0
ATM250529XFGZFC,,NO_MATCH,,0
ATM250529L8E88Q,,NO_MATCH,,0
ATM2505295H9TNZ,,NO_MATCH,,0
UPI250529C8EL6G,,NO_MATCH,,0
IMPS2505292OSCNA,,NO_MATCH,,0
ATM2505293W6I83,,NO_MATCH,,0
TXN2505298Y3JEO,,NO_MATCH,,0
UPI250529YRIGGT,,NO_MATCH,,0
TXN2505308NVV8H,,NO_MATCH,,0
TXN250530ZP5ODZ,,NO_MATCH,,0
IMPS250530K4DCF3,,NO_MATCH,,0
TXN250530JAYIZ8,,NO_MATCH,,0
UPI250530ULO02Z,,NO_MATCH,,0
UPI2505309QXTJA,,NO_MATCH,,0
ATM250530LN9T39,,NO_MATCH,,0
UPI250531J1L3N2,,NO_MATCH,,0
ATM250531F3K21Q,,NO_MATCH,,0
ATM250531HKH4YC,,NO_MATCH,,0
TXN25053197VKP8,,NO_MATCH,,0
ATM250531ZCQYUW,,NO_MATCH,,0
IMPS2505310WUEGQ,,NO_MATCH,,0
ATM250531ULQS88,,NO_MATCH,,0
TXN2505311ML1M0,,NO_MATCH,,0
TXN250531JVODNS,,NO_MATCH,,0
ATM250531B0VRXI,,NO_MATCH,,0
TXN250531BPS7NC,,NO_MATCH,,0
UPI25060150P1Y0,,NO_MATCH,,0
ATM250601EPDQT7,,NO_MATCH,,0
UPI250601Q7IC1E,,NO_MATCH,,0
TXN2506014J67AT,,NO_MATCH,,0
UPI250601AMZT12,,NO_MATCH,,0
ATM2506010X66WX,,NO_MATCH,,0
ATM2506014X6UQY,,NO_MATCH,,0
ATM250601V4G604,,NO_MATCH,,0
UPI2506017OWS81,,NO_MATCH,,0
UPI250602CYB914,,NO_MATCH,,0
ATM250602KUCX38,,NO_MATCH,,0
TXN250602OW6DKO,,NO_MATCH,,0
UPI2506024X5DFG,,NO_MATCH,,0
TXN2506021MBMQH,,NO_MATCH,,0
ATM2506023YGK7U,,NO_MATCH,,0
UPI250602UD17KI,,NO_MATCH,,0
ATM250602HIQZWA,,NO_MATCH,,0
ATM2506024CVGY3,,NO_MATCH,,0
UPI250603S6NK5G,,NO_MATCH,,0
TXN250603GEBLNX,,NO_MATCH,,0
TXN250603C4Y9TC,,NO_MATCH,,0
TXN2506032A1XEH,,NO_MATCH,,0
IMPS250603MS4KDN,,NO_MATCH,,0
ATM2506036ARMKC,,NO_MATCH,,0
UPI250603TEOV2W,,NO_MATCH,,0
UPI2506035UDGI1,,NO_MATCH,,0
ATM250603Y2PO1B,,NO_MATCH,,0
TXN250603R8XHNU,,NO_MATCH,,0
TXN250603MMJ4B5,,NO_MATCH,,0
TXN250603BY1T97,,NO_MATCH,,0
IMPS25060325MWWG,,NO_MATCH,,0
ATM2506039XN2RL,,NO_MATCH,,0
ATM250603L5S191,,NO_MATCH,,0
TXN2506039ZP1R0,,NO_MATCH,,0
ATM250603JMZ0YA,,NO_MATCH,,0
ATM2506039G9B5I,,NO_MATCH,,0
ATM2506033XPO9V,,NO_MATCH,,0
UPI250603ZLY3LC,,NO_MATCH,,0
UPI250604XRQN0F,,NO_MATCH,,0
ATM25060410O0XE,,NO_MATCH,,0
TXN2506046W908N,,NO_MATCH,,0
TXN2506042TOQKU,,NO_MATCH,,0
UPI250604VFSEU2,,NO_MATCH,,0
ATM250604DG75NS,,NO_MATCH,,0
UPI250604ZO5DV6,,NO_MATCH,,0
TXN250604XDZ6KN,,NO_MATCH,,0
TXN250604CGLF93,,NO_MATCH,,0
ATM25060436NUGJ,,NO_MATCH,,0
UPI250604UHTX8C,,NO_MATCH,,0
ATM250604AYYWBA,,NO_MATCH,,0
UPI25060494RZ30,,NO_MATCH,,0
TXN2506058N6LQM,,NO_MATCH,,0
UPI250605ZF3FBL,,NO_MATCH,,0
ATM250605MXRL4U,,NO_MATCH,,0
UPI250605MNC6TT,,NO_MATCH,,0
UPI250605FE6893,,NO_MATCH,,0
IMPS2506053KB7N1,,NO_MATCH,,0
TXN250605TOC8V3,,NO_MATCH,,0
ATM250605KBC9FL,,NO_MATCH,,0
IMPS2506050N7WCW,,NO_MATCH,,0
UPI2506052SKP6Z,,NO_MATCH,,0
IMPS250606ALP1NI,,NO_MATCH,,0
TXN250606SFIAGF,,NO_MATCH,,0
TXN25060697SMPW,,NO_MATCH,,0
ATM2506066JFNXG,,NO_MATCH,,0
ATM250606DKQLR3,,NO_MATCH,,0
ATM250606Y683OV,,NO_MATCH,,0
ATM250606YCO0CI,,NO_MATCH,,0
TXN250606AABOTR,,NO_MATCH,,0
ATM250606ZMFZEG,,NO_MATCH,,0
ATM250606SDLTNK,,NO_MATCH,,0
TXN2506060XUPZZ,,NO_MATCH,,0
TXN2506073UQQBD,,NO_MATCH,,0
UPI250607U5P3J5,,NO_MATCH,,0
TXN250607V9C4P0,,NO_MATCH,,0
IMPS2506070C3IJA,,NO_MATCH,,0
ATM250607EUZC93,,NO_MATCH,,0
TXN250607HLCYP2,,NO_MATCH,,0
ATM250607Z2W0CP,,NO_MATCH,,0
UPI2506070DG00W,,NO_MATCH,,0
ATM2506072Y8BYK,,NO_MATCH,,0
UPI250607SEMKXI,,NO_MATCH,,0
ATM250607GK22KW,,NO_MATCH,,0
UPI250608F9R5B9,,NO_MATCH,,0
ATM250608VO9PFW,,NO_MATCH,,0
UPI250608X6Z213,,NO_MATCH,,0
ATM250608N8JEHL,,NO_MATCH,,0
UPI250608YT2J0B,,NO_MATCH,,0
IMPS2506082OGRPH,,NO_MATCH,,0
IMPS250608Y6Z8UB,,NO_MATCH,,0
UPI250608ZZJZNI,,NO_MATCH,,0
ATM250608VWV4PB,,NO_MATCH,,0
UPI2506085KGJOT,,NO_MATCH,,0
TXN250608RYL9DX,,NO_MATCH,,0
UPI2506093614YQ,,NO_MATCH,,0
UPI25060963TGPO,,NO_MATCH,,0
UPI2506098G3NKI,,NO_MATCH,,0
IMPS250609KB24L9,,NO_MATCH,,0
ATM250609S0TDFT,,NO_MATCH,,0
ATM250609344P0E,,NO_MATCH,,0
ATM250609JX2EC6,,NO_MATCH,,0
IMPS250609OJ64FV,,NO_MATCH,,0
TXN250609XYGTM0,,NO_MATCH,,0
ATM250609XO13PV,,NO_MATCH,,0
UPI25060981R80D,,NO_MATCH,,0
ATM250610KY1VA9,,NO_MATCH,,0
UPI250610QGEK4A,,NO_MATCH,,0
ATM250610ZIO3CW,,NO_MATCH,,0
TXN250610MUP40G,,NO_MATCH,,0
ATM250610I4HQGM,,NO_MATCH,,0
ATM250611A5CALU,,NO_MATCH,,0
TXN250611HJXKUC,,NO_MATCH,,0
TXN2506110RSUVX,,NO_MATCH,,0
UPI250611XRL4V5,,NO_MATCH,,0
ATM2506113ABXVC,,NO_MATCH,,0
UPI250611WFLG1M,,NO_MATCH,,0
TXN250611KJVLTB,,NO_MATCH,,0
ATM250611BDFA0C,,NO_MATCH,,0
TXN250612XW88P5,,NO_MATCH,,0
ATM250612VHM1E2,,NO_MATCH,,0
ATM250612M3DDCD,,NO_MATCH,,0
UPI250612HV9K8L,,NO_MATCH,,0
TXN250612XQLUD0,,NO_MATCH,,0
UPI250612GUCUQ6,,NO_MATCH,,0
TXN2506125IN6O2,,NO_MATCH,,0
ATM25061361O0GA,,NO_MATCH,,0
ATM250613VCYAS3,,NO_MATCH,,0
UPI250613O98U68,,NO_MATCH,,0
IMPS2506136ZNDYD,,NO_MATCH,,0
UPI250613T3JSG7,,NO_MATCH,,0
ATM250613CG6M57,,NO_MATCH,,0
TXN2506133A70IR,,NO_MATCH,,0
TXN2506136FY7MY,,NO_MATCH,,0
UPI250613TU77EK,,NO_MATCH,,0
IMPS250613S06U2H,,NO_MATCH,,0
TXN250614LUV3LM,,NO_MATCH,,0
ATM250614X67S4C,,NO_MATCH,,0
ATM250614IG0C0T,,NO_MATCH,,0
ATM250614OJFDDY,,NO_MATCH,,0
IMPS250614LVLD5C,,NO_MATCH,,0
UPI2506141FPJMV,,NO_MATCH,,0
ATM250614XNS2Z5,,NO_MATCH,,0
ATM250614XROXAZ,,NO_MATCH,,0
UPI250614KFZ058,,NO_MATCH,,0
UPI250614J30WP3,,NO_MATCH,,0
ATM250614HEUHNE,,NO_MATCH,,0
ATM250614SWQY1G,,NO_MATCH,,0
TXN250614VJTGJ9,,NO_MATCH,,0
UPI250614PESRZL,,NO_MATCH,,0
TXN25061425FLT3,,NO_MATCH,,0
UPI250615P4S2BA,,NO_MATCH,,0
UPI2506153UATFI,,NO_MATCH,,0
ATM250615Y7J7NX,,NO_MATCH,,0
ATM2506151CDIIV,,NO_MATCH,,0
ATM250615V579UF,,NO_MATCH,,0
UPI250616DQA2EB,,NO_MATCH,,0
UPI2506168MU8IC,,NO_MATCH,,0
ATM250616J893G6,,NO_MATCH,,0
ATM250616SI84YG,,NO_MATCH,,0
IMPS2506160FBXZL,,NO_MATCH,,0
ATM25061685YJS9,,NO_MATCH,,0
UPI250616EA2O5A,,NO_MATCH,,0
UPI250616PTWL1P,,NO_MATCH,,0
IMPS250616R1MGG3,,NO_MATCH,,0
ATM250616V5OJVJ,,NO_MATCH,,0
ATM250617629C23,,NO_MATCH,,0
TXN2506175BWKHE,,NO_MATCH,,0
UPI250617YSUAK7,,NO_MATCH,,0
TXN250617AA4MQK,,NO_MATCH,,0
UPI250617J4JAWV,,NO_MATCH,,0
TXN250617S5YEWH,,NO_MATCH,,0
IMPS250617PUMUGG,,NO_MATCH,,0
ATM250617IUQYG3,,NO_MATCH,,0
ATM2506178GRVB1,,NO_MATCH,,0
UPI250617QIM9MS,,NO_MATCH,,0
UPI250617VZ81PI,,NO_MATCH,,0
TXN250617VGN4CN,,NO_MATCH,,0
TXN2506182IAXIL,,NO_MATCH,,0
ATM250618TKW6QL,,NO_MATCH,,0
UPI2506180KCAY2,,NO_MATCH,,0
ATM25061839FV1J,,NO_MATCH,,0
ATM250618UGB79D,,NO_MATCH,,0
UPI250618G7A1TU,,NO_MATCH,,0
UPI250618TQYBD4,,NO_MATCH,,0
ATM250618J6YJ8P,,NO_MATCH,,0
ATM250619YFK7WD,,NO_MATCH,,0
TXN250619XWUA7S,,NO_MATCH,,0
UPI250619K2TWGN,,NO_MATCH,,0
TXN250619EGNTZ8,,NO_MATCH,,0
TXN250619XSDQ4A,,NO_MATCH,,0
IMPS250619YV4CYR,,NO_MATCH,,0
UPI250619U3A41H,,NO_MATCH,,0
IMPS250619T4RKLZ,,NO_MATCH,,0
TXN250619NOXPKF,,NO_MATCH,,0
UPI2506198X4SF4,,NO_MATCH,,0
IMPS250619AT7R3E,,NO_MATCH,,0
UPI250619XRL20T,,NO_MATCH,,0
UPI250620AXX29T,,NO_MATCH,,0
IMPS2506203KX2NK,,NO_MATCH,,0
UPI250620ZXXVDF,,NO_MATCH,,0
ATM250620IA6AMG,,NO_MATCH,,0
TXN250620TWRRCN,,NO_MATCH,,0
IMPS2506207599W7,,NO_MATCH,,0
TXN2506206EXJ2N,,NO_MATCH,,0
TXN250620Y0481V,,NO_MATCH,,0
TXN250620O0VZBX,,NO_MATCH,,0
TXN2506217P8D7D,,NO_MATCH,,0
TXN250621BVLSCB,,NO_MATCH,,0
ATM250621A7TECY,,NO_MATCH,,0
UPI2506217MMDBF,,NO_MATCH,,0
ATM250621HSDJ5P,,NO_MATCH,,0
ATM250621DWOBSL,,NO_MATCH,,0
UPI250621XMSTO3,,NO_MATCH,,0
TXN250621BXHKMW,,NO_MATCH,,0
TXN250621H3C0FS,,NO_MATCH,,0
TXN250621EUCHA3,,NO_MATCH,,0
ATM250621DK1XNH,,NO_MATCH,,0
UPI250621HDSWTY,,NO_MATCH,,0
UPI250621A84DDH,,NO_MATCH,,0
IMPS250621CW5Q6G,,NO_MATCH,,0
TXN2506221GP1X4,,NO_MATCH,,0
IMPS250622Z6SGK1,,NO_MATCH,,0
UPI250622YAK34J,,NO_MATCH,,0
ATM250622X9UZHN,,NO_MATCH,,0
ATM250622B537LJ,,NO_MATCH,,0
UPI250622Z8XDYR,,NO_MATCH,,0
TXN250622U0D7FZ,,NO_MATCH,,0
UPI250622Z4T8LK,,NO_MATCH,,0
TXN250622NMWENS,,NO_MATCH,,0
UPI250623FIJCX8,,NO_MATCH,,0
ATM250623ZMGL4W,,NO_MATCH,,0
ATM250623FP4CI9,,NO_MATCH,,0
ATM250623E1ZIE7,,NO_MATCH,,0
ATM250623LMQE73,,NO_MATCH,,0
TXN250623PW8XTF,,NO_MATCH,,0
TXN250623F5I7LX,,NO_MATCH,,0
ATM250623SOW3GX,,NO_MATCH,,0
TXN250623L8OSS8,,NO_MATCH,,0
ATM2506236HWEFM,,NO_MATCH,,0
IMPS250624I8MU77,,NO_MATCH,,0
ATM25062455JX0J,,NO_MATCH,,0
UPI250624N6Z43M,,NO_MATCH,,0
UPI250624Q7TX8C,,NO_MATCH,,0
ATM250624FQI8I7,,NO_MATCH,,0
ATM250624VGGE8W,,NO_MATCH,,0
UPI2506247Q5DKD,,NO_MATCH,,0
UPI250624JS209A,,NO_MATCH,,0
ATM25062538GY7M,,NO_MATCH,,0
ATM250625R8TKBL,,NO_MATCH,,0
UPI2506254EXKUF,,NO_MATCH,,0
UPI2506253J103X,,NO_MATCH,,0
UPI250626Q15FK2,,NO_MATCH,,0
UPI250626CASQY9,,NO_MATCH,,0
IMPS250626VMNDOA,,NO_MATCH,,0
ATM25062689LXW0,,NO_MATCH,,0
UPI250626WMZ5FB,,NO_MATCH,,0
UPI250626I680TN,,NO_MATCH,,0
TXN250626GZICWR,,NO_MATCH,,0
UPI250626K5YK4K,,NO_MATCH,,0
IMPS250626X8OF96,,NO_MATCH,,0
UPI2506262ZS3VG,,NO_MATCH,,0
ATM250626TWKTJ6,,NO_MATCH,,0
IMPS250627583KST,,NO_MATCH,,0
ATM250627VDJ8BG,,NO_MATCH,,0
IMPS250627WCW5DT,,NO_MATCH,,0
ATM250627ZUCR4U,,NO_MATCH,,0
ATM250627NPS11J,,NO_MATCH,,0
ATM250627CZA5UB,,NO_MATCH,,0
UPI250628AEJ50G,,NO_MATCH,,0
ATM2506281WSD75,,NO_MATCH,,0
ATM250628JTNXTC,,NO_MATCH,,0
ATM250628VGYGQT,,NO_MATCH,,0
ATM250628A7303G,,NO_MATCH,,0
UPI250628WD57FX,,NO_MATCH,,0
UPI2506281Y6WHJ,,NO_MATCH,,0
UPI250628U3M3DA,,NO_MATCH,,0
ATM250629ELL5RY,,NO_MATCH,,0
ATM250629M9YE0F,,NO_MATCH,,0
ATM250629XR7SLO,,NO_MATCH,,0
UPI25062951FU1A,,NO_MATCH,,0
ATM2506298R6O0J,,NO_MATCH,,0
ATM250629OKGJ2J,,NO_MATCH,,0
TXN250629NQ1EH2,,NO_MATCH,,0
ATM250629Q0LZ4Q,,NO_MATCH,,0
UPI250629SG6D38,,NO_MATCH,,0
UPI250629YFJ1GP,,NO_MATCH,,0
TXN250629ELYJOK,,NO_MATCH,,0
TXN250629URCZ7T,,NO_MATCH,,0
TXN250629VBBYUT,,NO_MATCH,,0
UPI250629CNFN5U,,NO_MATCH,,0
ATM2506307T83V3,,NO_MATCH,,0
UPI250630MAS8XD,,NO_MATCH,,0
ATM2506308QMW9H,,NO_MATCH,,0
ATM250630RO4RCQ,,NO_MATCH,,0
TXN250630FITMJW,,NO_MATCH,,0
UPI250630UOYGCV,,NO_MATCH,,0
IMPS2507013XOTEI,,NO_MATCH,,0
UPI250701P1CFNV,,NO_MATCH,,0
ATM25070118RVJW,,NO_MATCH,,0
ATM250701IHENPH,,NO_MATCH,,0
TXN250701Q7RC27,,NO_MATCH,,0
ATM250701PK1HQW,,NO_MATCH,,0
UPI250701375RPZ,,NO_MATCH,,0
TXN250701W6AIV5,,NO_MATCH,,0
TXN250701VD7U2M,,NO_MATCH,,0
UPI250701KQFBWR,,NO_MATCH,,0
TXN2507014AGOPX,,NO_MATCH,,0
TXN250701VY3IKH,,NO_MATCH,,0
ATM2507013I4W4Z,,NO_MATCH,,0
UPI250702JNL391,,NO_MATCH,,0
TXN2507026N1GUG,,NO_MATCH,,0
TXN250702KD1REL,,NO_MATCH,,0
ATM250702U5WNXW,,NO_MATCH,,0
IMPS250702BX10CS,,NO_MATCH,,0
ATM250702JGNFOC,,NO_MATCH,,0
ATM2507020AH94G,,NO_MATCH,,0
ATM250702ACIK9Q,,NO_MATCH,,0
UPI25070227XDKV,,NO_MATCH,,0
UPI250703PBOMM2,,NO_MATCH,,0
UPI250703MRKIJS,,NO_MATCH,,0
ATM250703KS9WRP,,NO_MATCH,,0
ATM250703SIES35,,NO_MATCH,,0
ATM250703M1F0GV,,NO_MATCH,,0
UPI250703BKAGMT,,NO_MATCH,,0
UPI250704VMAVLM,,NO_MATCH,,0
ATM250704ZA3HYL,,NO_MATCH,,0
UPI2507048937JH,,NO_MATCH,,0
ATM250704CIZ7EH,,NO_MATCH,,0
ATM250704CHORE8,,NO_MATCH,,0
TXN250705VTMTV7,,NO_MATCH,,0
ATM250705JAKDQP,,NO_MATCH,,0
UPI25070564MJNI,,NO_MATCH,,0
UPI250705TXGJOA,,NO_MATCH,,0
UPI250705BNWGYE,,NO_MATCH,,0
TXN2507050WPE3F,,NO_MATCH,,0
ATM250705E2J0RJ,,NO_MATCH,,0
TXN250705NEO4N6,,NO_MATCH,,0
UPI250705IHUWSN,,NO_MATCH,,0
TXN250705OW2MCF,,NO_MATCH,,0
UPI250705CQ1SWW,,NO_MATCH,,0
UPI250705F82EHA,,NO_MATCH,,0
TXN250706XJNKZ9,,NO_MATCH,,0
ATM2507060JUBYE,,NO_MATCH,,0
ATM2507068N635C,,NO_MATCH,,0
ATM250706VV6XIV,,NO_MATCH,,0
UPI250706JFXJ9O,,NO_MATCH,,0
UPI250706CEPEI3,,NO_MATCH,,0
TXN2507060HV1F7,,NO_MATCH,,0
TXN250706TBKVW6,,NO_MATCH,,0
ATM250706O9YZG8,,NO_MATCH,,0
UPI250707RKBDQP,,NO_MATCH,,0
ATM250707YLZ5HR,,NO_MATCH,,0
TXN2507076FJMK6,,NO_MATCH,,0
TXN250707IY39QW,,NO_MATCH,,0
ATM250707AN784X,,NO_MATCH,,0
ATM250707NHCB0R,,NO_MATCH,,0
UPI2507075A00GJ,,NO_MATCH,,0
UPI250707JFYNXI,,NO_MATCH,,0
TXN250707EJOTU3,,NO_MATCH,,0
TXN250707FI0KY6,,NO_MATCH,,0
UPI2507080A3IFC,,NO_MATCH,,0
TXN250708TE1M67,,NO_MATCH,,0
ATM250708JW4DME,,NO_MATCH,,0
IMPS250708F5JJM9,,NO_MATCH,,0
ATM250708YSTSWP,,NO_MATCH,,0
UPI250708CVIZVZ,,NO_MATCH,,0
UPI2507089OL6QC,,NO_MATCH,,0
UPI250708YZV6CQ,,NO_MATCH,,0
TXN2507081R7EOU,,NO_MATCH,,0
IMPS250708QQEHSH,,NO_MATCH,,0
TXN250709UDTVKI,,NO_MATCH,,0
IMPS250709WKUDMQ,,NO_MATCH,,0
UPI2507098H7J9M,,NO_MATCH,,0
TXN2507091L5OEE,,NO_MATCH,,0
UPI2507096Z0470,,NO_MATCH,,0
UPI2507093B94TF,,NO_MATCH,,0
UPI250709AWNTJ9,,NO_MATCH,,0
TXN2507106IOWHU,,NO_MATCH,,0
IMPS250710ANF3EI,,NO_MATCH,,0
UPI250710G7RMNY,,NO_MATCH,,0
ATM250710RKL3UM,,NO_MATCH,,0
ATM250710WO9BGX,,NO_MATCH,,0
UPI250710CB20I5,,NO_MATCH,,0
ATM250710Y8JV8E,,NO_MATCH,,0
TXN2507104Q740J,,NO_MATCH,,0
TXN250710XLFYMO,,NO_MATCH,,0
TXN250710GI6OZX,,NO_MATCH,,0
UPI250710VIEFOG,,NO_MATCH,,0
UPI2507105WJFTK,,NO_MATCH,,0
ATM2507107CUNZA,,NO_MATCH,,0
TXN25071135RSL1,,NO_MATCH,,0
TXN250711FJ4UAX,,NO_MATCH,,0
ATM250711XFQ6OX,,NO_MATCH,,0
TXN2507114UVIS6,,NO_MATCH,,0
IMPS2507112ONHU8,,NO_MATCH,,0
UPI250711W8GSU5,,NO_MATCH,,0
TXN250711XJHH7T,,NO_MATCH,,0
ATM250711WZR86F,,NO_MATCH,,0
UPI250711F1EWRU,,NO_MATCH,,0
TXN2507118IJOMA,,NO_MATCH,,0
UPI2507118KQ2QZ,,NO_MATCH,,0
TXN250711PS7XYV,,NO_MATCH,,0
ATM250712UIYXJS,,NO_MATCH,,0
TXN250712L722LJ,,NO_MATCH,,0
UPI250712LTZ6AH,,NO_MATCH,,0
UPI250712TI9E0T,,NO_MATCH,,0
TXN250712ACXV1I,,NO_MATCH,,0
TXN2507126VLG8K,,NO_MATCH,,0
TXN2507127FWGZR,,NO_MATCH,,0
UPI250712T61M5L,,NO_MATCH,,0
TXN250712NO4HJC,,NO_MATCH,,0
ATM250712PDEYCT,,NO_MATCH,,0
TXN25071237SD3E,,NO_MATCH,,0
TXN250712NYTXHV,,NO_MATCH,,0
UPI250713JYF1F1,,NO_MATCH,,0
ATM250713ZPA1BC,,NO_MATCH,,0
ATM250713CR42LC,,NO_MATCH,,0
IMPS250713PZNK66,,NO_MATCH,,0
UPI250713PN9N1S,,NO_MATCH,,0
ATM250713931QVG,,NO_MATCH,,0
UPI2507141THDZM,,NO_MATCH,,0
TXN250714OH1HVB,,NO_MATCH,,0
UPI2507145Z9DUU,,NO_MATCH,,0
UPI250714RZ1KHA,,NO_MATCH,,0
ATM250714WP4INW,,NO_MATCH,,0
IMPS250714RKYQ05,,NO_MATCH,,0
TXN250714QYPHXV,,NO_MATCH,,0
UPI2507147DZ8DC,,NO_MATCH,,0
ATM250714QKV1GZ,,NO_MATCH,,0
UPI250714P67EKS,,NO_MATCH,,0
ATM250714DEC5BV,,NO_MATCH,,0
ATM250714HFMVL6,,NO_MATCH,,0
UPI2507146TZZ44,,NO_MATCH,,0
ATM250715908AVJ,,NO_MATCH,,0
ATM250715ZHQXDO,,NO_MATCH,,0
TXN2507152R4XRU,,NO_MATCH,,0
TXN250715RZLVKC,,NO_MATCH,,0
TXN250715FAG9AC,,NO_MATCH,,0
UPI250715DX5ABR,,NO_MATCH,,0
TXN250715TYOXM2,,NO_MATCH,,0
UPI2507155KCZMG,,NO_MATCH,,0
ATM25071571MEKU,,NO_MATCH,,0
ATM250716TTSZ8G,,NO_MATCH,,0
UPI250716ZLHY58,,NO_MATCH,,0
UPI250716LKLOBU,,NO_MATCH,,0
UPI2507160W04V9,,NO_MATCH,,0
TXN250716N3SMX1,,NO_MATCH,,0
IMPS250716P101A6,,NO_MATCH,,0
ATM250716XISRUC,,NO_MATCH,,0
UPI250716B14N3Q,,NO_MATCH,,0
UPI2507164ZXDGD,,NO_MATCH,,0
TXN2507166ZXKDO,,NO_MATCH,,0
ATM2507165AAG9X,,NO_MATCH,,0
ATM250717W46MB2,,NO_MATCH,,0
UPI250717M3RJGK,,NO_MATCH,,0
TXN250717LQD696,,NO_MATCH,,0
UPI250717WKJ05J,,NO_MATCH,,0
ATM2507176I32TC,,NO_MATCH,,0
TXN250717ORRORY,,NO_MATCH,,0
UPI250717VN3VGG,,NO_MATCH,,0
UPI250717WVN78I,,NO_MATCH,,0
ATM2507175UGHHC,,NO_MATCH,,0
TXN250717HU53WY,,NO_MATCH,,0
ATM250718Q3U0N4,,NO_MATCH,,0
ATM250718OJC0E7,,NO_MATCH,,0
UPI250718EJI762,,NO_MATCH,,0
TXN2507189QXWO0,,NO_MATCH,,0
UPI250718KQJORN,,NO_MATCH,,0
TXN250718WNJAU6,,NO_MATCH,,0
UPI2507190G8UNN,,NO_MATCH,,0
UPI250719SFQ99F,,NO_MATCH,,0
TXN2507197DIPWP,,NO_MATCH,,0
UPI25071903S7GD,,NO_MATCH,,0
ATM250719381MIL,,NO_MATCH,,0
ATM250719LMITRG,,NO_MATCH,,0
ATM250719J44L41,,NO_MATCH,,0
UPI250719JQIAEH,,NO_MATCH,,0
ATM250719742MNG,,NO_MATCH,,0
TXN250719TXCTZS,,NO_MATCH,,0
UPI250719U2RW1N,,NO_MATCH,,0
UPI250719KUILEV,,NO_MATCH,,0
ATM250719ZXIY0T,,NO_MATCH,,0
ATM250719RIV1EX,,NO_MATCH,,0
UPI250720GK39WT,,NO_MATCH,,0
TXN2507202XEKF6,,NO_MATCH,,0
ATM250720G5LPJS,,NO_MATCH,,0
TXN250720MFTFRM,,NO_MATCH,,0
ATM2507205SN7H3,,NO_MATCH,,0
ATM25072003IAXM,,NO_MATCH,,0
ATM250720REZFKY,,NO_MATCH,,0
ATM250720Q1S320,,NO_MATCH,,0
IMPS250720XTO3TY,,NO_MATCH,,0
IMPS250721W06XKA,,NO_MATCH,,0
TXN25072167E4JK,,NO_MATCH,,0
ATM25072147RVPW,,NO_MATCH,,0
TXN250721XI6OKX,,NO_MATCH,,0
UPI250721PW4BZM,,NO_MATCH,,0
TXN2507218GIDZ3,,NO_MATCH,,0
IMPS250721R6S4KN,,NO_MATCH,,0
ATM250721WF6MBP,,NO_MATCH,,0
UPI250722F16WJ4,,NO_MATCH,,0
ATM250722T37KUM,,NO_MATCH,,0
ATM250722G1HSIL,,NO_MATCH,,0
UPI250722V3IRMN,,NO_MATCH,,0
UPI2507225UAKZM,,NO_MATCH,,0
TXN2507225EUSOS,,NO_MATCH,,0
UPI25072276L6CT,,NO_MATCH,,0
UPI250722XIQKG4,,NO_MATCH,,0
ATM2507229KVLOX,,NO_MATCH,,0
ATM250722L8MO47,,NO_MATCH,,0
TXN250722H2XGUA,,NO_MATCH,,0
UPI2507227NG4MC,,NO_MATCH,,0
UPI25072205CXUK,,NO_MATCH,,0
ATM250723FK4TR2,,NO_MATCH,,0
UPI250723V8J423,,NO_MATCH,,0
UPI250723TBGO4L,,NO_MATCH,,0
TXN2507233SVY9P,,NO_MATCH,,0
ATM2507230EAUEY,,NO_MATCH,,0
ATM250723ZABOVU,,NO_MATCH,,0
UPI250723G55YYZ,,NO_MATCH,,0
TXN250723HBZOQ1,,NO_MATCH,,0
ATM250724YZ217H,,NO_MATCH,,0
TXN250724Y7BT6E,,NO_MATCH,,0
UPI250724ZDQFKK,,NO_MATCH,,0
UPI250724ISZ0SR,,NO_MATCH,,0
ATM250724Q1AQO5,,NO_MATCH,,0
ATM250724DZARG5,,NO_MATCH,,0
TXN250724PNEEWA,,NO_MATCH,,0
IMPS250724EENB6M,,NO_MATCH,,0
TXN250724ZJMBKS,,NO_MATCH,,0
ATM250724Z7R162,,NO_MATCH,,0
UPI250725XOWPGH,,NO_MATCH,,0
IMPS250725OACBOC,,NO_MATCH,,0
ATM250725EEDAWI,,NO_MATCH,,0
ATM250725G5FZPI,,NO_MATCH,,0
ATM2507259TKMZE,,NO_MATCH,,0
UPI2507258MAXCL,,NO_MATCH,,0
UPI250726DBZ3CK,,NO_MATCH,,0
UPI250726AN0YU1,,NO_MATCH,,0
ATM250726XBDUHN,,NO_MATCH,,0
UPI250726I68SPE,,NO_MATCH,,0
ATM250726WFAUY5,,NO_MATCH,,0
ATM250726EKE45R,,NO_MATCH,,0
ATM2507264YCSD3,,NO_MATCH,,0
ATM250726U8MHC0,,NO_MATCH,,0
UPI250726HU9INN,,NO_MATCH,,0
UPI250726S86SLF,,NO_MATCH,,0
ATM250727VB3G1N,,NO_MATCH,,0
UPI2507274WBLHV,,NO_MATCH,,0
UPI250727CY5WXU,,NO_MATCH,,0
UPI250727BUQBYB,,NO_MATCH,,0
TXN250727K0CTWM,,NO_MATCH,,0
UPI250727KBE6CN,,NO_MATCH,,0
UPI250727JJ25RP,,NO_MATCH,,0
TXN250727RVVUM1,,NO_MATCH,,0
ATM250728MM7ZHO,,NO_MATCH,,0
UPI2507288EG2SD,,NO_MATCH,,0
IMPS250728YNUXLB,,NO_MATCH,,0
UPI250728R8W8BO,,NO_MATCH,,0
IMPS250728CNC7CF,,NO_MATCH,,0
TXN250728M674ZC,,NO_MATCH,,0
UPI250728DFA77Y,,NO_MATCH,,0
ATM250728YA3V1S,,NO_MATCH,,0
UPI250728HZWFKE,,NO_MATCH,,0
UPI250729YTIHCE,,NO_MATCH,,0
ATM2507297EXI62,,NO_MATCH,,0
TXN2507296HQ2LS,,NO_MATCH,,0
ATM250729MPM6ZG,,NO_MATCH,,0
TXN2507293Z7AAQ,,NO_MATCH,,0
UPI250729OL5NSI,,NO_MATCH,,0
ATM250730VZX13Z,,NO_MATCH,,0
TXN250730PYGZ6E,,NO_MATCH,,0
ATM250730QKT8GB,,NO_MATCH,,0
UPI2507300A98IE,,NO_MATCH,,0
ATM250730I084UF,,NO_MATCH,,0
UPI250730BSMHH2,,NO_MATCH,,0
ATM250730NCHV10,,NO_MATCH,,0
UPI25073001WE20,,NO_MATCH,,0
UPI250730ZWC5UL,,NO_MATCH,,0
ATM250730FMPOFY,,NO_MATCH,,0
UPI250730INWLAO,,NO_MATCH,,0
ATM250731Q9MC9Y,,NO_MATCH,,0
UPI250731AUK9WQ,,NO_MATCH,,0
UPI2507316BDYYJ,,NO_MATCH,,0
IMPS2507312NSKXQ,,NO_MATCH,,0
IMPS2507315F77H3,,NO_MATCH,,0
IMPS250731X2X92W,,NO_MATCH,,0
UPI250731A7OCGW,,NO_MATCH,,0
ATM250731O9NWSR,,NO_MATCH,,0
ATM250731D3F8F8,,NO_MATCH,,0
TXN250731M0L3SM,,NO_MATCH,,0
UPI250731FRFLIN,,NO_MATCH,,0
IMPS250731L5WRZ6,,NO_MATCH,,0
TXN2507317W70E6,,NO_MATCH,,0
ATM250731K2MMVY,,NO_MATCH,,0
ATM250731HEK7T4,,NO_MATCH,,0
UPI250801ZRU8SZ,,NO_MATCH,,0
NEFT250801UDX3TB,,NO_MATCH,,0
UPI250801YEVHBI,,NO_MATCH,,0
UPI250801NQB7RG,,NO_MATCH,,0
UPI250801QB4JNM,,NO_MATCH,,0
ATM2508016DFD4E,,NO_MATCH,,0
IMPS2508013FF818,,NO_MATCH,,0
TXN250802IO5F1U,,NO_MATCH,,0
ATM250802AW3QDU,,NO_MATCH,,0
UPI250802TSZFGB,,NO_MATCH,,0
ATM25080271ERSV,,NO_MATCH,,0
IMPS2508022MV89P,,NO_MATCH,,0
TXN250802OZTRY4,,NO_MATCH,,0
ATM250802UTFGM9,,NO_MATCH,,0
ATM250802L9XI4W,,NO_MATCH,,0
UPI250802PYUKW7,,NO_MATCH,,0
ATM250802GX8YB6,,NO_MATCH,,0
UPI250802CJNFV4,,NO_MATCH,,0
UPI250802IY3Q4X,,NO_MATCH,,0
UPI250803FMTKQ1,,NO_MATCH,,0
UPI250803BLY927,,NO_MATCH,,0
ATM250803X3DIH0,,NO_MATCH,,0
TXN250803N8CTWO,,NO_MATCH,,0
UPI2508039A4ZQ3,,NO_MATCH,,0
TXN250803ERAHAO,,NO_MATCH,,0
UPI250803P2DYY1,,NO_MATCH,,0
IMPS250803J4LEZ7,,NO_MATCH,,0
IMPS250803I2BD3Q,,NO_MATCH,,0
IMPS250803FW41FX,,NO_MATCH,,0
TXN250803IVIWHG,,NO_MATCH,,0
ATM2508041PIYTO,,NO_MATCH,,0
ATM2508046DLYD9,,NO_MATCH,,0
IMPS250804715005,,NO_MATCH,,0
UPI250804TACY6Z,,NO_MATCH,,0
UPI250804GDBZTT,,NO_MATCH,,0
ATM2508040RP2J7,,NO_MATCH,,0
UPI250804YKD4DU,,NO_MATCH,,0
ATM2508048ET65Z,,NO_MATCH,,0
UPI250804XWPQ09,,NO_MATCH,,0
ATM250805WEDANF,,NO_MATCH,,0
TXN2508053WKUFT,,NO_MATCH,,0
IMPS2508055169W3,,NO_MATCH,,0
IMPS25080597C0V2,,NO_MATCH,,0
IMPS250805YR7QOB,,NO_MATCH,,0
ATM2508056F6T4Q,,NO_MATCH,,0
TXN250805KHS022,,NO_MATCH,,0
TXN250805MZKR7C,,NO_MATCH,,0
UPI250805YCT36C,,NO_MATCH,,0
TXN250805EQUUXT,,NO_MATCH,,0
TXN250806GBBBTM,,NO_MATCH,,0
TXN2508066DPGOM,,NO_MATCH,,0
TXN250806VUGBRW,,NO_MATCH,,0
IMPS250806E2HYHI,,NO_MATCH,,0
IMPS250807U6XQAL,,NO_MATCH,,0
UPI250807WRUYGJ,,NO_MATCH,,0
ATM2508076VTF0T,,NO_MATCH,,0
IMPS250807MUQ3KT,,NO_MATCH,,0
IMPS250807NFW61C,,NO_MATCH,,0
ATM2508075BSZZG,,NO_MATCH,,0
IMPS250808QIVEKR,,NO_MATCH,,0
UPI250808DLO7PE,,NO_MATCH,,0
UPI250808WB7VA8,,NO_MATCH,,0
UPI250808Z3DX0G,,NO_MATCH,,0
ATM250808QAKBJH,,NO_MATCH,,0
UPI250808OBVJWF,,NO_MATCH,,0
ATM250808RC02MD,,NO_MATCH,,0
TXN2508080LH9WL,,NO_MATCH,,0
ATM250808G503L5,,NO_MATCH,,0
UPI250808ZH4H65,,NO_MATCH,,0
ATM25080977ILB2,,NO_MATCH,,0
IMPS250809JGHV0W,,NO_MATCH,,0
ATM250809M10VTV,,NO_MATCH,,0
ATM250809DAHSPN,,NO_MATCH,,0
TXN250809T2Y38G,,NO_MATCH,,0
IMPS25080920QMKO,,NO_MATCH,,0
UPI250809LLME84,,NO_MATCH,,0
ATM250810CXLKHX,,NO_MATCH,,0
UPI2508106PRE83,,NO_MATCH,,0
UPI250810P3RGMG,,NO_MATCH,,0
ATM250810AU2TJW,,NO_MATCH,,0
UPI25081009O2D4,,NO_MATCH,,0
UPI2508100MKBHR,,NO_MATCH,,0
UPI250810VWD8TS,,NO_MATCH,,0
ATM250810LMKJZ0,,NO_MATCH,,0
TXN250811V1P1MF,,NO_MATCH,,0
UPI250811LD3QKY,,NO_MATCH,,0
UPI250811YP3ZJQ,,NO_MATCH,,0
UPI2508114PN513,,NO_MATCH,,0
UPI2508117MKAW9,,NO_MATCH,,0
UPI250811BTCM8V,,NO_MATCH,,0
UPI2508114Z38CW,,NO_MATCH,,0
TXN250811BY4RKS,,NO_MATCH,,0
TXN2508115SSZHT,,NO_MATCH,,0
UPI250811J5006N,,NO_MATCH,,0
TXN2508112O4PEQ,,NO_MATCH,,0
UPI250811HCADG2,,NO_MATCH,,0
UPI250812BZO880,,NO_MATCH,,0
TXN250812XKCFQ1,,NO_MATCH,,0
TXN2508125T69JC,,NO_MATCH,,0
ATM2508126YPGF0,,NO_MATCH,,0
TXN2508121W17U4,,NO_MATCH,,0
ATM250812O4P2U9,,NO_MATCH,,0
ATM250812R8TWGD,,NO_MATCH,,0
UPI250812945YAZ,,NO_MATCH,,0
ATM250812QIYD9G,,NO_MATCH,,0
ATM2508125L5YX9,,NO_MATCH,,0
TXN250812Q9L19S,,NO_MATCH,,0
ATM250812MDZTGX,,NO_MATCH,,0
ATM250813DH0G7H,,NO_MATCH,,0
ATM250813FFI6Q3,,NO_MATCH,,0
ATM2508135NJQ4S,,NO_MATCH,,0
TXN250813I3GDGW,,NO_MATCH,,0
UPI250813GVIGNP,,NO_MATCH,,0
TXN250813KQ9PVC,,NO_MATCH,,0
IMPS2508130FXOS2,,NO_MATCH,,0
ATM250813O8QW5A,,NO_MATCH,,0
ATM250813DP2NXV,,NO_MATCH,,0
UPI2508136GC2LM,,NO_MATCH,,0
UPI25081485B2NV,,NO_MATCH,,0
IMPS250814TZIC97,,NO_MATCH,,0
TXN250814L54KYL,,NO_MATCH,,0
UPI25081481OJK5,,NO_MATCH,,0
TXN250814AUW01N,,NO_MATCH,,0
IMPS2508142XQ2XC,,NO_MATCH,,0
TXN250814WBS5GI,,NO_MATCH,,0
UPI2508143ZHQ8G,,NO_MATCH,,0
UPI25081423L33D,,NO_MATCH,,0
IMPS2508149UBGBD,,NO_MATCH,,0
UPI250814SRGQDL,,NO_MATCH,,0
TXN250815L3BCXP,,NO_MATCH,,0
ATM250815539VJA,,NO_MATCH,,0
ATM250815MKMSZ2,,NO_MATCH,,0
UPI2508155CKQ2L,,NO_MATCH,,0
IMPS250815QEF5LK,,NO_MATCH,,0
TXN250815Y5S1KX,,NO_MATCH,,0
TXN2508159MIR0M,,NO_MATCH,,0
ATM2508155XZHTH,,NO_MATCH,,0
ATM250816SAAO0R,,NO_MATCH,,0
ATM2508164KF4JK,,NO_MATCH,,0
TXN250816WPDW5N,,NO_MATCH,,0
UPI250816IZJ50O,,NO_MATCH,,0
ATM250816S0G0T3,,NO_MATCH,,0
UPI250816FR7N9T,,NO_MATCH,,0
ATM2508164A9AR0,,NO_MATCH,,0
ATM2508163MNJVI,,NO_MATCH,,0
UPI250816Q5EG2J,,NO_MATCH,,0
TXN2508161N8RD7,,NO_MATCH,,0
ATM250816CBH0FX,,NO_MATCH,,0
UPI25081773EF06,,NO_MATCH,,0
ATM250817D80VVJ,,NO_MATCH,,0
IMPS250817YBUASM,,NO_MATCH,,0
ATM250817T265WO,,NO_MATCH,,0
UPI250817EWF42T,,NO_MATCH,,0
IMPS250817M5PDUN,,NO_MATCH,,0
TXN25081831XJB4,,NO_MATCH,,0
ATM250818MY0TH7,,NO_MATCH,,0
ATM250818ZUBRM4,,NO_MATCH,,0
TXN2508187ILBR1,,NO_MATCH,,0
ATM250818CYRRY9,,NO_MATCH,,0
RTGS250818Q97FDW,,NO_MATCH,,0
IMPS250818AVWUCV,,NO_MATCH,,0
ATM250818BZ89C3,,NO_MATCH,,0
TXN250818IZRFZF,,NO_MATCH,,0
TXN250818CWJG4B,,NO_MATCH,,0
UPI250819ARX3YU,,NO_MATCH,,0
TXN2508193AOJKM,,NO_MATCH,,0
UPI2508193T7HE2,,NO_MATCH,,0
TXN2508191L0UT0,,NO_MATCH,,0
UPI250819O5G3RC,,NO_MATCH,,0
IMPS250819EJZTXT,,NO_MATCH,,0
UPI250819KQGQON,,NO_MATCH,,0
UPI2508196V8QM8,,NO_MATCH,,0
IMPS250819H015XA,,NO_MATCH,,0
ATM250819DAQOOO,,NO_MATCH,,0
ATM250819DPRRBU,,NO_MATCH,,0
UPI2508197L5R1S,,NO_MATCH,,0
ATM250819OPIVQZ,,NO_MATCH,,0
UPI2508191Q1WE8,,NO_MATCH,,0
ATM2508208ZZX8N,,NO_MATCH,,0
ATM2508207OLPIY,,NO_MATCH,,0
ATM250820KI0PHQ,,NO_MATCH,,0
ATM25082021XQLV,,NO_MATCH,,0
ATM250820VT4YEI,,NO_MATCH,,0
ATM25082049LOVY,,NO_MATCH,,0
UPI250820EPZBXB,,NO_MATCH,,0
UPI250821GSQKIN,,NO_MATCH,,0
ATM250821NNVAI4,,NO_MATCH,,0
ATM250821OP6SSG,,NO_MATCH,,0
IMPS250821Z40R7X,,NO_MATCH,,0
UPI250821DRB4UT,,NO_MATCH,,0
TXN250821C5RE3H,,NO_MATCH,,0
UPI250821WNHXCA,,NO_MATCH,,0
ATM2508214NDINN,,NO_MATCH,,0
UPI250821WWVHFF,,NO_MATCH,,0
UPI25082257MRDW,,NO_MATCH,,0
UPI250822VEKNLB,,NO_MATCH,,0
UPI2508228NTGJ6,,NO_MATCH,,0
TXN250822V39OAL,,NO_MATCH,,0
UPI250822VEFKJ4,,NO_MATCH,,0
UPI250822HMO0L2,,NO_MATCH,,0
UPI2508223L5N5U,,NO_MATCH,,0
TXN2508234GT4EV,,NO_MATCH,,0
ATM25082310NIO6,,NO_MATCH,,0
ATM2508237A63UM,,NO_MATCH,,0
TXN250823RFO9MM,,NO_MATCH,,0
UPI2508235MSWO6,,NO_MATCH,,0
ATM250823Z3SHYB,,NO_MATCH,,0
ATM250823J7NW4I,,NO_MATCH,,0
ATM250823J3IRBI,,NO_MATCH,,0
ATM2508231UJRHE,,NO_MATCH,,0
TXN2508232VD4B6,,NO_MATCH,,0
ATM2508231S1L5C,,NO_MATCH,,0
TXN250823LJXA9B,,NO_MATCH,,0
UPI250824AMEVY0,,NO_MATCH,,0
TXN250824Z838TN,,NO_MATCH,,0
ATM250824UY7Y7L,,NO_MATCH,,0
ATM250824EBS7K8,,NO_MATCH,,0
TXN250824EP4LMK,,NO_MATCH,,0
ATM2508241JYT8T,,NO_MATCH,,0
TXN2508254SLCZR,,NO_MATCH,,0
TXN250825A4NC4E,,NO_MATCH,,0
TXN250825R1CRXH,,NO_MATCH,,0
TXN250825V7XH53,,NO_MATCH,,0
ATM250825VAFJ5A,,NO_MATCH,,0
TXN250825AY7KJ2,,NO_MATCH,,0
UPI250825U9206G,,NO_MATCH,,0
UPI250825H56QK2,,NO_MATCH,,0
UPI250825MXMKA0,,NO_MATCH,,0
ATM250825MJPALG,,NO_MATCH,,0
TXN250825U74C7J,,NO_MATCH,,0
ATM250825PCCHOV,,NO_MATCH,,0
TXN2508254639NE,,NO_MATCH,,0
ATM250826EY230W,,NO_MATCH,,0
TXN250826UCJE1V,,NO_MATCH,,0
IMPS250826H6T8QH,,NO_MATCH,,0
UPI250826LP8P8X,,NO_MATCH,,0
ATM2508267S1I3U,,NO_MATCH,,0
IMPS250826QXNAR6,,NO_MATCH,,0
UPI250826CT0GW8,,NO_MATCH,,0
TXN250826P6KIPO,,NO_MATCH,,0
TXN250826K20O0D,,NO_MATCH,,0
ATM250826AP2BSS,,NO_MATCH,,0
UPI250826Y5HF9R,,NO_MATCH,,0
ATM250827DQU9NY,,NO_MATCH,,0
UPI250827WB2DWT,,NO_MATCH,,0
IMPS250827CJNKG7,,NO_MATCH,,0
TXN250827PMZWY2,,NO_MATCH,,0
ATM250827A6L6HA,,NO_MATCH,,0
ATM250827E5BB5H,,NO_MATCH,,0
UPI250827CYZOOZ,,NO_MATCH,,0
UPI2508278QL15R,,NO_MATCH,,0
ATM250827CUTV6L,,NO_MATCH,,0
UPI250827H7PHR9,,NO_MATCH,,0
TXN25082755JVO3,,NO_MATCH,,0
UPI250827OL3XVQ,,NO_MATCH,,0
IMPS250828H5U827,,NO_MATCH,,0
ATM250828IZYEWE,,NO_MATCH,,0
ATM2508286W6SRZ,,NO_MATCH,,0
ATM250828B6KSPD,,NO_MATCH,,0
UPI250828HS80CU,,NO_MATCH,,0
ATM2508287LN1CR,,NO_MATCH,,0
UPI250828T8MH6I,,NO_MATCH,,0
IMPS250828A9KK41,,NO_MATCH,,0
TXN250828PF53C0,,NO_MATCH,,0
IMPS2508286TNYPD,,NO_MATCH,,0
ATM2508284CHMJN,,NO_MATCH,,0
ATM2508290DO17S,,NO_MATCH,,0
ATM250829ZPG5CB,,NO_MATCH,,0
ATM250829SGNLIJ,,NO_MATCH,,0
UPI250829M6YS9H,,NO_MATCH,,0
UPI250829CQ6ZQN,,NO_MATCH,,0
IMPS250829VYLLHA,,NO_MATCH,,0
ATM250829PYXLJR,,NO_MATCH,,0
UPI250829YG0W21,,NO_MATCH,,0
TXN250829SGTDQZ,,NO_MATCH,,0
TXN250830GOUVHB,,NO_MATCH,,0
TXN250830FQYKLC,,NO_MATCH,,0
ATM25083040240H,,NO_MATCH,,0
UPI25083050WG0C,,NO_MATCH,,0
UPI250830HRD19T,,NO_MATCH,,0
UPI250830EI78WN,,NO_MATCH,,0
ATM250830IW7YHD,,NO_MATCH,,0
ATM2508301FGPQ3,,NO_MATCH,,0
TXN250830A79N5I,,NO_MATCH,,0
UPI250830E54S3C,,NO_MATCH,,0
TXN250830UH85LO,,NO_MATCH,,0
UPI25083133VTKE,,NO_MATCH,,0
TXN250831YC2F0L,,NO_MATCH,,0
ATM250831W8WE2Z,,NO_MATCH,,0
TXN250831JAJSVH,,NO_MATCH,,0
TXN250831REK52Y,,NO_MATCH,,0
IMPS250831CYY5A1,,NO_MATCH,,0
IMPS250831N01IZQ,,NO_MATCH,,0
TXN250831XFUDFC,,NO_MATCH,,0
IMPS250831M1RYPW,,NO_MATCH,,0
ATM25090121MJFR,,NO_MATCH,,0
ATM250901LT1CGP,,NO_MATCH,,0
TXN2509017TY7LW,,NO_MATCH,,0
IMPS250901M5BJUV,,NO_MATCH,,0
TXN250901TNNR7M,,NO_MATCH,,0
ATM250901LK30ZX,,NO_MATCH,,0
ATM2509018YUFUC,,NO_MATCH,,0
TXN250901BC1ZJ7,,NO_MATCH,,0
ATM250901AFZ7U7,,NO_MATCH,,0
IMPS250901TDYMDE,,NO_MATCH,,0
UPI250902GL4T1B,,NO_MATCH,,0
IMPS250902E2IBYG,,NO_MATCH,,0
ATM2509026HVXO4,,NO_MATCH,,0
ATM250902AGIE2W,,NO_MATCH,,0
UPI250902MKAEFS,,NO_MATCH,,0
IMPS2509023FNL0O,,NO_MATCH,,0
ATM250902TOZPOP,,NO_MATCH,,0
TXN250902376MD1,,NO_MATCH,,0
ATM2509033Z24ZT,,NO_MATCH,,0
ATM250903HY3KON,,NO_MATCH,,0
UPI250903B2ZFXF,,NO_MATCH,,0
TXN250903BWTGA3,,NO_MATCH,,0
UPI2509030DX9M6,,NO_MATCH,,0
TXN25090388QF2U,,NO_MATCH,,0
UPI250903YOAXO1,,NO_MATCH,,0
TXN250903MVEN2K,,NO_MATCH,,0
ATM250903D4YI2B,,NO_MATCH,,0
ATM250903EWVKYH,,NO_MATCH,,0
TXN250904MM5URN,,NO_MATCH,,0
UPI25090404200C,,NO_MATCH,,0
ATM250904IJMMEF,,NO_MATCH,,0
UPI250904ADEYFU,,NO_MATCH,,0
UPI250904FKKJ1A,,NO_MATCH,,0
UPI2509046E0KRL,,NO_MATCH,,0
TXN25090472ANGI,,NO_MATCH,,0
TXN250904J42GTV,,NO_MATCH,,0
ATM250904RCLQ0I,,NO_MATCH,,0
TXN2509044TRDZB,,NO_MATCH,,0
UPI250904YBPQ8D,,NO_MATCH,,0
ATM250905HWN54O,,NO_MATCH,,0
TXN250905QZUY69,,NO_MATCH,,0
ATM250905P89V7Q,,NO_MATCH,,0
UPI250905QH72MV,,NO_MATCH,,0
UPI250905WF2P8J,,NO_MATCH,,0
UPI250905B5IZ9J,,NO_MATCH,,0
ATM2509051DLYYS,,NO_MATCH,,0
ATM2509050J1403,,NO_MATCH,,0
ATM2509065OQKZG,,NO_MATCH,,0
TXN2509060WA3H5,,NO_MATCH,,0
UPI250906AJQTZ0,,NO_MATCH,,0
UPI250906KAKKDD,,NO_MATCH,,0
ATM250906KZZXOH,,NO_MATCH,,0
ATM250906H0E2OO,,NO_MATCH,,0
UPI250906VEM977,,NO_MATCH,,0
UPI250906JKDY2P,,NO_MATCH,,0
ATM250906XGCZBV,,NO_MATCH,,0
TXN250907TZ8LTZ,,NO_MATCH,,0
ATM250907TF6O4S,,NO_MATCH,,0
ATM250907UDMDGJ,,NO_MATCH,,0
ATM250907O3QN2N,,NO_MATCH,,0
IMPS250907AJ7R4E,,NO_MATCH,,0
UPI2509079KF6SJ,,NO_MATCH,,0
TXN250907ZUYJ9K,,NO_MATCH,,0
ATM250907DBIAFI,,NO_MATCH,,0
UPI250907CX2T3Y,,NO_MATCH,,0
ATM250908N2DF7G,,NO_MATCH,,0
TXN250908ULOX16,,NO_MATCH,,0
IMPS250908085V56,,NO_MATCH,,0
UPI250908YNHGA8,,NO_MATCH,,0
UPI250908400Y2C,,NO_MATCH,,0
TXN250908OZSJYW,,NO_MATCH,,0
TXN250908QL8O0P,,NO_MATCH,,0
ATM250908RND32Z,,NO_MATCH,,0
TXN2509087FTP9D,,NO_MATCH,,0
ATM250908X04FA9,,NO_MATCH,,0
IMPS250909VG0I66,,NO_MATCH,,0
ATM2509093WHNK9,,NO_MATCH,,0
ATM250909CAM0OW,,NO_MATCH,,0
UPI250909G67OV9,,NO_MATCH,,0
ATM250909JNFNM2,,NO_MATCH,,0
IMPS2509094YXOOC,,NO_MATCH,,0
TXN2509095Z12RI,,NO_MATCH,,0
UPI250909FVITVJ,,NO_MATCH,,0
ATM250909EBTJ0T,,NO_MATCH,,0
IMPS250909A3Z9UZ,,NO_MATCH,,0
IMPS2509094E0664,,NO_MATCH,,0
UPI250909J8MZM5,,NO_MATCH,,0
TXN250909GQHST5,,NO_MATCH,,0
UPI250910TGMAA0,,NO_MATCH,,0
UPI250910OAJGBQ,,NO_MATCH,,0
UPI250910LSLOXO,,NO_MATCH,,0
ATM25091057QT46,,NO_MATCH,,0
IMPS250910KCDLNQ,,NO_MATCH,,0
TXN2509106ZTO78,,NO_MATCH,,0
ATM250910BNHYGC,,NO_MATCH,,0
UPI250910GJMVT6,,NO_MATCH,,0
ATM25091070E5H6,,NO_MATCH,,0
UPI250910WKS7YZ,,NO_MATCH,,0
ATM250910OJD5O8,,NO_MATCH,,0
ATM250910ZMBSKB,,NO_MATCH,,0
UPI250910HV7TBW,,NO_MATCH,,0
ATM250910LTMX0U,,NO_MATCH,,0
TXN250911DCQ4O6,,NO_MATCH,,0
IMPS250911OH36BW,,NO_MATCH,,0
TXN250911C039WY,,NO_MATCH,,0
UPI250911CRD52F,,NO_MATCH,,0
UPI2509115EQOVZ,,NO_MATCH,,0
IMPS2509118SITDK,,NO_MATCH,,0
TXN250911MLXR8V,,NO_MATCH,,0
UPI250911717RWF,,NO_MATCH,,0
TXN250911OIQ8MG,,NO_MATCH,,0
UPI250911Q1UQAU,,NO_MATCH,,0
TXN250911EZQL6K,,NO_MATCH,,0
ATM250911AUSB7N,,NO_MATCH,,0
ATM250911M8EWL2,,NO_MATCH,,0
TXN250911VJJ5FH,,NO_MATCH,,0
TXN250911062LQE,,NO_MATCH,,0
UPI250912W36P32,,NO_MATCH,,0
ATM2509124EDS39,,NO_MATCH,,0
UPI250912IN93E8,,NO_MATCH,,0
IMPS250912YK3SS4,,NO_MATCH,,0
UPI250912N10NWS,,NO_MATCH,,0
UPI2509126IX8HZ,,NO_MATCH,,0
IMPS2509120EHCZ0,,NO_MATCH,,0
ATM2509120K7X4F,,NO_MATCH,,0
ATM2509124PPHW4,,NO_MATCH,,0
UPI250912CQWYIV,,NO_MATCH,,0
TXN2509122B41KN,,NO_MATCH,,0
UPI250912DPBQSF,,NO_MATCH,,0
UPI250913OFI00Z,,NO_MATCH,,0
TXN2509134GYC6H,,NO_MATCH,,0
IMPS2509139RZOT3,,NO_MATCH,,0
ATM250913S3S5QC,,NO_MATCH,,0
UPI250913ONDDF5,,NO_MATCH,,0
UPI2509131UF9HD,,NO_MATCH,,0
ATM2509130SNXIV,,NO_MATCH,,0
UPI250913EXE96K,,NO_MATCH,,0
UPI250913K8YIJY,,NO_MATCH,,0
TXN250913G42UR1,,NO_MATCH,,0
ATM250913Z56K5Y,,NO_MATCH,,0
ATM250913NMFEBO,,NO_MATCH,,0
TXN250913513KVF,,NO_MATCH,,0
UPI250913UCPKKV,,NO_MATCH,,0
ATM250913LYLH2K,,NO_MATCH,,0
TXN2509142ZJCAE,,NO_MATCH,,0
UPI250914Q6223C,,NO_MATCH,,0
UPI250914VLJ5IS,,NO_MATCH,,0
UPI2509141EEVI9,,NO_MATCH,,0
TXN25091497PH5N,,NO_MATCH,,0
ATM250914SBM5AG,,NO_MATCH,,0
IMPS250914NNNEGH,,NO_MATCH,,0
ATM250914DM6YCG,,NO_MATCH,,0
TXN2509143B2Z46,,NO_MATCH,,0
TXN2509156SBIWO,,NO_MATCH,,0
ATM250915BLK2CR,,NO_MATCH,,0
UPI2509158FWI2Z,,NO_MATCH,,0
TXN250915W4J0DW,,NO_MATCH,,0
UPI250915AFTHRJ,,NO_MATCH,,0
TXN250915BWNY3Q,,NO_MATCH,,0
TXN250915UBZ7K3,,NO_MATCH,,0
TXN250915DX9ZZA,,NO_MATCH,,0
TXN250916GOUJPY,,NO_MATCH,,0
UPI250916U0K1DM,,NO_MATCH,,0
TXN250916G1AB3L,,NO_MATCH,,0
ATM25091621Y98Q,,NO_MATCH,,0
UPI250916EYN9QJ,,NO_MATCH,,0
TXN250916H5TT6X,,NO_MATCH,,0
UPI250916L1ES1Y,,NO_MATCH,,0
TXN25091688OASJ,,NO_MATCH,,0
TXN250916K7I0L3,,NO_MATCH,,0
ATM2509168XJ7NI,,NO_MATCH,,0
ATM250916BEJJIM,,NO_MATCH,,0
UPI250916K3QOZF,,NO_MATCH,,0
ATM250917JJHFLI,,NO_MATCH,,0
TXN250917EWA1M6,,NO_MATCH,,0
ATM250917VYYFG4,,NO_MATCH,,0
ATM2509176WGSEG,,NO_MATCH,,0
ATM2509177AXUV1,,NO_MATCH,,0
UPI250917KY78EP,,NO_MATCH,,0
UPI250917EUVCYW,,NO_MATCH,,0
ATM250917VLOZAQ,,NO_MATCH,,0
UPI2509172I2X09,,NO_MATCH,,0
ATM2509175CG7DT,,NO_MATCH,,0
ATM250917DDPI2X,,NO_MATCH,,0
IMPS250918URVCAN,,NO_MATCH,,0
UPI250918P247D0,,NO_MATCH,,0
ATM250918MYVNF1,,NO_MATCH,,0
UPI250918XFC1Q1,,NO_MATCH,,0
UPI250918L2DKTZ,,NO_MATCH,,0
UPI250918IRLOBQ,,NO_MATCH,,0
TXN250918D9GHN7,,NO_MATCH,,0
TXN250918ZCZTUY,,NO_MATCH,,0
ATM250918QYGXKB,,NO_MATCH,,0
UPI250918F7YXN3,,NO_MATCH,,0
ATM250918U30TI0,,NO_MATCH,,0
UPI250918ZJP9DK,,NO_MATCH,,0
ATM2509191M0XQ5,,NO_MATCH,,0
UPI250919N3K71M,,NO_MATCH,,0
ATM250919MOFDAQ,,NO_MATCH,,0
ATM250919MA8S3L,,NO_MATCH,,0
ATM250919IE2WVY,,NO_MATCH,,0
UPI250919PPCIB4,,NO_MATCH,,0
IMPS250919OLHV2M,,NO_MATCH,,0
ATM250920RVOUBN,,NO_MATCH,,0
TXN2509208KBBSM,,NO_MATCH,,0
IMPS250920DHSW9E,,NO_MATCH,,0
TXN250920IFVFN2,,NO_MATCH,,0
UPI250920TCH34V,,NO_MATCH,,0
ATM250920BLBBRQ,,NO_MATCH,,0
UPI2509204TEGA8,,NO_MATCH,,0
ATM250920ICPTKQ,,NO_MATCH,,0
ATM2509201TUGXH,,NO_MATCH,,0
TXN250920QYKGE9,,NO_MATCH,,0
ATM250920IOHANB,,NO_MATCH,,0
UPI250920MJNPJD,,NO_MATCH,,0
ATM2509203A74XU,,NO_MATCH,,0
TXN250920P81FMN,,NO_MATCH,,0
TXN250920OBQTJ6,,NO_MATCH,,0
ATM250920CD3NVD,,NO_MATCH,,0
TXN250920DUHARV,,NO_MATCH,,0
ATM2509218DYPDI,,NO_MATCH,,0
UPI2509212M9PZP,,NO_MATCH,,0
UPI2509219SU3K1,,NO_MATCH,,0
UPI250921LDFZ9K,,NO_MATCH,,0
ATM250921TCX5ZV,,NO_MATCH,,0
UPI2509215RDU1J,,NO_MATCH,,0
ATM250921IQDBAL,,NO_MATCH,,0
ATM250921RX6G08,,NO_MATCH,,0
UPI250921FLZ7Y9,,NO_MATCH,,0
ATM250921G8DZLC,,NO_MATCH,,0
UPI250921K1QTK1,,NO_MATCH,,0
ATM250921W2NGMK,,NO_MATCH,,0
UPI25092116RZ8O,,NO_MATCH,,0
TXN250921ZX0IDG,,NO_MATCH,,0
UPI250922SS3P5J,,NO_MATCH,,0
UPI2509225QKGF3,,NO_MATCH,,0
ATM250922O3S5XM,,NO_MATCH,,0
IMPS2509229274CZ,,NO_MATCH,,0
UPI250922FA8VIZ,,NO_MATCH,,0
UPI250922XU0I7R,,NO_MATCH,,0
ATM25092248U387,,NO_MATCH,,0
UPI250922NRK1B0,,NO_MATCH,,0
ATM25092293NEWS,,NO_MATCH,,0
UPI2509220HAHMZ,,NO_MATCH,,0
TXN250923EPOMQ5,,NO_MATCH,,0
ATM250923MQKZ8O,,NO_MATCH,,0
UPI250923VSUKYB,,NO_MATCH,,0
TXN250923A4Z7L0,,NO_MATCH,,0
UPI250923YFVTVF,,NO_MATCH,,0
UPI250923D3KDD4,,NO_MATCH,,0
ATM2509236OL5PX,,NO_MATCH,,0
ATM250924U1OJCK,,NO_MATCH,,0
ATM250924EKWN5X,,NO_MATCH,,0
TXN250924TOL8ZR,,NO_MATCH,,0
UPI250924IDDFFM,,NO_MATCH,,0
ATM2509244BMI51,,NO_MATCH,,0
UPI2509247R2HHO,,NO_MATCH,,0
ATM250924VN5NKN,,NO_MATCH,,0
ATM25092449F1F4,,NO_MATCH,,0
ATM25092473G8MC,,NO_MATCH,,0
TXN2509248RGXDM,,NO_MATCH,,0
UPI250925WE3RAY,,NO_MATCH,,0
ATM250925PKACS5,,NO_MATCH,,0
IMPS250925ERVNW0,,NO_MATCH,,0
UPI2509258OIV8A,,NO_MATCH,,0
UPI250925YPWVYW,,NO_MATCH,,0
ATM250925YLU50F,,NO_MATCH,,0
IMPS250925ESDXCQ,,NO_MATCH,,0
TXN250925I99O1R,,NO_MATCH,,0
ATM250925K9PBCD,,NO_MATCH,,0
ATM2509254STVBJ,,NO_MATCH,,0
UPI2509255UV9SP,,NO_MATCH,,0
ATM250925QP3VW9,,NO_MATCH,,0
TXN2509256O6O7L,,NO_MATCH,,0
ATM250925NTN84I,,NO_MATCH,,0
ATM250925HNW1JL,,NO_MATCH,,0
ATM2509265BWWXD,,NO_MATCH,,0
ATM250926D01462,,NO_MATCH,,0
TXN2509266LOO4J,,NO_MATCH,,0
TXN250926XOZ2K6,,NO_MATCH,,0
UPI2509269FEPY1,,NO_MATCH,,0
ATM250926RNJXRM,,NO_MATCH,,0
UPI2509262412TC,,NO_MATCH,,0
ATM250926769MZ2,,NO_MATCH,,0
TXN250927B3WOEM,,NO_MATCH,,0
ATM250927VYQFC4,,NO_MATCH,,0
UPI250927E49BMY,,NO_MATCH,,0
ATM250927BYXBR9,,NO_MATCH,,0
UPI250927SC3K2B,,NO_MATCH,,0
TXN250927BNT00B,,NO_MATCH,,0
ATM2509271HGJ5N,,NO_MATCH,,0
ATM250927W3IJ5K,,NO_MATCH,,0
TXN250927I30J35,,NO_MATCH,,0
ATM250927R9U5OC,,NO_MATCH,,0
TXN250928S1AAXO,,NO_MATCH,,0
TXN25092843MTDY,,NO_MATCH,,0
UPI25092880MAFE,,NO_MATCH,,0
UPI2509292VI127,,NO_MATCH,,0
TXN250929G4UPYY,,NO_MATCH,,0
ATM250929ZS6AKH,,NO_MATCH,,0
TXN250929VC3KSY,,NO_MATCH,,0
UPI250929GEUN92,,NO_MATCH,,0
ATM25092910RHDZ,,NO_MATCH,,0
IMPS2509295EKR75,,NO_MATCH,,0
UPI2509291LP7LN,,NO_MATCH,,0
ATM250930HSIDZY,,NO_MATCH,,0
ATM250930XU1ERS,,NO_MATCH,,0
TXN250930C8PC9J,,NO_MATCH,,0
IMPS25093062LQBV,,NO_MATCH,,0
IMPS2509300NJCR6,,NO_MATCH,,0
ATM2509305BNM89,,NO_MATCH,,0
TXN250930V31QKG,,NO_MATCH,,0
TXN2509306WJ0LB,,NO_MATCH,,0
TXN250930M3Y7AC,,NO_MATCH,,0
ATM250930ED7VHY,,NO_MATCH,,0
ATM2510012DHBOK,,NO_MATCH,,0
TXN2510017WFXNU,,NO_MATCH,,0
UPI2510015KZK75,,NO_MATCH,,0
UPI251001BTB634,,NO_MATCH,,0
UPI25100176D69L,,NO_MATCH,,0
TXN251001IW72W5,,NO_MATCH,,0
TXN251001CQ49VL,,NO_MATCH,,0
TXN2510018Q6HHI,,NO_MATCH,,0
ATM2510014DF7OD,,NO_MATCH,,0
ATM251001WPJNUX,,NO_MATCH,,0
UPI251001ZFAL5R,,NO_MATCH,,0
ATM25100186ZT1V,,NO_MATCH,,0
ATM2510029XZ1UQ,,NO_MATCH,,0
ATM251002G76R8K,,NO_MATCH,,0
ATM251002P9CVKR,,NO_MATCH,,0
ATM2510025Y9ONO,,NO_MATCH,,0
UPI251002V85LDT,,NO_MATCH,,0
UPI25100229E0UU,,NO_MATCH,,0
ATM2510021G9JGN,,NO_MATCH,,0
TXN251003Y9GZHZ,,NO_MATCH,,0
TXN251003G9R1B7,,NO_MATCH,,0
TXN251003WKUG3P,,NO_MATCH,,0
IMPS2510032QFQW4,,NO_MATCH,,0
TXN251003HV3OMN,,NO_MATCH,,0
TXN2510037CQIH2,,NO_MATCH,,0
ATM251003ZBM7FB,,NO_MATCH,,0
ATM251003TLDJM6,,NO_MATCH,,0
TXN251003E7G7FY,,NO_MATCH,,0
UPI251004IAV2JY,,NO_MATCH,,0
ATM2510048G1QJM,,NO_MATCH,,0
UPI251004ICZI88,,NO_MATCH,,0
ATM251004G687RE,,NO_MATCH,,0
TXN251004918ZPG,,NO_MATCH,,0
UPI251004O8HZCA,,NO_MATCH,,0
ATM2510043WDQAZ,,NO_MATCH,,0
ATM251004Z5VLM1,,NO_MATCH,,0
TXN251004QZ4OSF,,NO_MATCH,,0
UPI251005NJN2G1,,NO_MATCH,,0
TXN251005NQLLHT,,NO_MATCH,,0
ATM251005R3UMUU,,NO_MATCH,,0
UPI251005EXPRB9,,NO_MATCH,,0
ATM251005PG30ZT,,NO_MATCH,,0
UPI2510057GS97Q,,NO_MATCH,,0
UPI25100525688F,,NO_MATCH,,0
UPI251005OETUVD,,NO_MATCH,,0
TXN2510056C7XVD,,NO_MATCH,,0
UPI251006JBTW18,,NO_MATCH,,0
UPI251006OZ514X,,NO_MATCH,,0
ATM251006POJTA7,,NO_MATCH,,0
ATM251006P0ZEYP,,NO_MATCH,,0
ATM251006BGT7CV,,NO_MATCH,,0
UPI2510064CZ860,,NO_MATCH,,0
ATM251006ZYXWZ0,,NO_MATCH,,0
ATM251006SBTJG0,,NO_MATCH,,0
ATM251006JNDWOK,,NO_MATCH,,0
UPI251006HES60G,,NO_MATCH,,0
UPI251006TSICU4,,NO_MATCH,,0
ATM251006AA6XPZ,,NO_MATCH,,0
ATM251006U07ASB,,NO_MATCH,,0
ATM251006U1R3MB,,NO_MATCH,,0
TXN251006GDCT3A,,NO_MATCH,,0
ATM251007OY3PZJ,,NO_MATCH,,0
IMPS251007V91IOU,,NO_MATCH,,0
UPI25100722L434,,NO_MATCH,,0
UPI251007J6ZIK6,,NO_MATCH,,0
UPI251007VFBXJR,,NO_MATCH,,0
TXN2510071Q4YVO,,NO_MATCH,,0
ATM251008AWYZZT,,NO_MATCH,,0
IMPS251008U2JO6I,,NO_MATCH,,0
UPI2510087U14EZ,,NO_MATCH,,0
IMPS2510096XR3YT,,NO_MATCH,,0
ATM2510096UQSOE,,NO_MATCH,,0
IMPS251009I4SF06,,NO_MATCH,,0
TXN251009L66MRF,,NO_MATCH,,0
ATM251009FQZ9IO,,NO_MATCH,,0
UPI251009VH02P0,,NO_MATCH,,0
TXN251009T9FU62,,NO_MATCH,,0
UPI251009VVVTF1,,NO_MATCH,,0
UPI251009C2PXVM,,NO_MATCH,,0
TXN251009VUZOCN,,NO_MATCH,,0
TXN25101019KT5H,,NO_MATCH,,0
UPI251010FAUB63,,NO_MATCH,,0
UPI251010HZ0B9J,,NO_MATCH,,0
ATM2510101YCLW9,,NO_MATCH,,0
UPI251010LPGHKN,,NO_MATCH,,0
ATM251010DXZQKA,,NO_MATCH,,0
UPI251010LQFGGO,,NO_MATCH,,0
ATM251010J9LVV5,,NO_MATCH,,0
TXN2510102FN0NU,,NO_MATCH,,0
UPI251011HWEMDO,,NO_MATCH,,0
TXN251011NVDI61,,NO_MATCH,,0
TXN251011XAOR6R,,NO_MATCH,,0
ATM251011M2WK0F,,NO_MATCH,,0
TXN251011CG756Q,,NO_MATCH,,0
ATM2510118UF7OX,,NO_MATCH,,0
ATM251011NWMH6P,,NO_MATCH,,0
UPI251011Z26MHU,,NO_MATCH,,0
UPI251011SBEYTD,,NO_MATCH,,0
TXN251011QBDJP5,,NO_MATCH,,0
IMPS251011DUP7LE,,NO_MATCH,,0
ATM251011IMYK09,,NO_MATCH,,0
UPI251011XXNKC2,,NO_MATCH,,0
ATM25101193SWRE,,NO_MATCH,,0
ATM251012PQY9ZA,,NO_MATCH,,0
TXN251012QPX6J3,,NO_MATCH,,0
UPI251012FQK4DY,,NO_MATCH,,0
TXN251012CQU2QM,,NO_MATCH,,0
UPI251012X55ZSA,,NO_MATCH,,0
UPI251012NHELRU,,NO_MATCH,,0
UPI251012T4KD3N,,NO_MATCH,,0
UPI251012Y7WMN4,,NO_MATCH,,0
UPI2510120WTB5P,,NO_MATCH,,0
TXN251012KDZFOU,,NO_MATCH,,0
UPI251012HW486Q,,NO_MATCH,,0
ATM251012CS0KB2,,NO_MATCH,,0
ATM251013CEZU9L,,NO_MATCH,,0
ATM251013BO7IRN,,NO_MATCH,,0
ATM251013YDFSJ8,,NO_MATCH,,0
ATM251013CTCF4G,,NO_MATCH,,0
ATM251013XD8UXO,,NO_MATCH,,0
UPI251013ZUND6B,,NO_MATCH,,0
TXN251013CLK97T,,NO_MATCH,,0
ATM251013NPF284,,NO_MATCH,,0
UPI2510138U2Y7T,,NO_MATCH,,0
ATM251013MPVO51,,NO_MATCH,,0
TXN251013B5A2FL,,NO_MATCH,,0
UPI251014FEKXNA,,NO_MATCH,,0
ATM2510149DTEKL,,NO_MATCH,,0
TXN251014SZLY7T,,NO_MATCH,,0
UPI2510140T9F7R,,NO_MATCH,,0
UPI2510147P3OUV,,NO_MATCH,,0
TXN251014SPUXFH,,NO_MATCH,,0
TXN251014ZIX5U9,,NO_MATCH,,0
ATM251015L6GUMS,,NO_MATCH,,0
ATM251015QKJLDJ,,NO_MATCH,,0
ATM251015KJ7ACU,,NO_MATCH,,0
ATM251015XB3VFF,,NO_MATCH,,0
ATM251015S1NECG,,NO_MATCH,,0
TXN251015H5O9UA,,NO_MATCH,,0
ATM251015VZ5NF6,,NO_MATCH,,0
UPI251015ZZPTYP,,NO_MATCH,,0
UPI2510150P4NLL,,NO_MATCH,,0
UPI25101592YKSC,,NO_MATCH,,0
ATM251015ZAGCV7,,NO_MATCH,,0
UPI251015PAHPEE,,NO_MATCH,,0
ATM251015YGFJ48,,NO_MATCH,,0
ATM251015ZWROPR,,NO_MATCH,,0
UPI2510161WUG9E,,NO_MATCH,,0
UPI2510169NF5NM,,NO_MATCH,,0
TXN251016XPUTQO,,NO_MATCH,,0
UPI251016WCLCQY,,NO_MATCH,,0
TXN251016T67GT5,,NO_MATCH,,0
TXN25101695WQTX,,NO_MATCH,,0
UPI251017H6WEA2,,NO_MATCH,,0
UPI251017VWIDYD,,NO_MATCH,,0
ATM25101707KUNJ,,NO_MATCH,,0
UPI251017SDENNX,,NO_MATCH,,0
UPI251017EXXPPB,,NO_MATCH,,0
TXN25101710F39U,,NO_MATCH,,0
UPI2510179XGP59,,NO_MATCH,,0
ATM2510177JT17W,,NO_MATCH,,0
TXN251017UN7SXX,,NO_MATCH,,0
IMPS251017H6LUM7,,NO_MATCH,,0
UPI251017J13ME9,,NO_MATCH,,0
ATM251017IGS6O9,,NO_MATCH,,0
TXN2510175ES9DK,,NO_MATCH,,0
UPI251017VKL3ZP,,NO_MATCH,,0
UPI251018LD7YWL,,NO_MATCH,,0
UPI251018HIUMNL,,NO_MATCH,,0
ATM251018LV4XLU,,NO_MATCH,,0
ATM251018CNY9E3,,NO_MATCH,,0
ATM251018PSGPY6,,NO_MATCH,,0
UPI251018ONUJAA,,NO_MATCH,,0
ATM251018TXB1IH,,NO_MATCH,,0
ATM251018215UHV,,NO_MATCH,,0
UPI251018FC1A5F,,NO_MATCH,,0
IMPS25101856RZGF,,NO_MATCH,,0
ATM251018KQGGXU,,NO_MATCH,,0
ATM251018MJ9HDT,,NO_MATCH,,0
ATM251019MZCFYB,,NO_MATCH,,0
ATM251019K4YQKI,,NO_MATCH,,0
TXN251019DRAAJA,,NO_MATCH,,0
UPI251019VZDOSM,,NO_MATCH,,0
UPI2510195KECR4,,NO_MATCH,,0
ATM2510190YLI6J,,NO_MATCH,,0
UPI251020AAT4VP,,NO_MATCH,,0
ATM251020AQ9NJI,,NO_MATCH,,0
UPI251020V25252,,NO_MATCH,,0
TXN251020LWPGGF,,NO_MATCH,,0
IMPS251020ONECQE,,NO_MATCH,,0
ATM251020OD6A83,,NO_MATCH,,0
UPI251020VNYSXW,,NO_MATCH,,0
UPI251020SAIFTR,,NO_MATCH,,0
IMPS251020T7QM45,,NO_MATCH,,0
UPI251021U4CSKK,,NO_MATCH,,0
ATM251021271F6G,,NO_MATCH,,0
UPI25102155S0X1,,NO_MATCH,,0
UPI251021Y8H5Z7,,NO_MATCH,,0
UPI251021LPH9IE,,NO_MATCH,,0
UPI251021GVUEXH,,NO_MATCH,,0
UPI251021NHGIEQ,,NO_MATCH,,0
UPI2510212T8EI1,,NO_MATCH,,0
TXN251021DEEFV7,,NO_MATCH,,0
IMPS251021TGNFUO,,NO_MATCH,,0
IMPS251022FFGDIK,,NO_MATCH,,0
TXN251022M2L90D,,NO_MATCH,,0
TXN25102235UJP2,,NO_MATCH,,0
TXN251022XKYX8T,,NO_MATCH,,0
TXN251022CUC532,,NO_MATCH,,0
ATM251022YF2CDG,,NO_MATCH,,0
UPI2510223TFO5A,,NO_MATCH,,0
ATM251022Z1DRJF,,NO_MATCH,,0
UPI2510221AH34R,,NO_MATCH,,0
ATM251022FVQ4OB,,NO_MATCH,,0
TXN251023T6WGKF,,NO_MATCH,,0
ATM251023TKU7V4,,NO_MATCH,,0
ATM251023AFRYA4,,NO_MATCH,,0
IMPS2510238NEGH4,,NO_MATCH,,0
IMPS2510233PCXOV,,NO_MATCH,,0
UPI251023HCTOIL,,NO_MATCH,,0
TXN251023158RQ2,,NO_MATCH,,0
TXN251023MS8WQO,,NO_MATCH,,0
IMPS2510234ZCANB,,NO_MATCH,,0
IMPS251024RDZ354,,NO_MATCH,,0
ATM251024W78FC7,,NO_MATCH,,0
UPI2510244R4ERC,,NO_MATCH,,0
TXN2510242LHQSK,,NO_MATCH,,0
UPI25102498H5AU,,NO_MATCH,,0
UPI251024T0Q9RO,,NO_MATCH,,0
ATM2510244EC620,,NO_MATCH,,0
UPI251024MESB3H,,NO_MATCH,,0
UPI251024R8VE2T,,NO_MATCH,,0
UPI2510246D0WLY,,NO_MATCH,,0
UPI251025G0NYLF,,NO_MATCH,,0
ATM251025IW9BC1,,NO_MATCH,,0
UPI251025B1R1Y3,,NO_MATCH,,0
TXN251025NY39TD,,NO_MATCH,,0
TXN251025PFSEU8,,NO_MATCH,,0
ATM2510254TEMH4,,NO_MATCH,,0
ATM251025VDBJFJ,,NO_MATCH,,0
UPI25102504WOF7,,NO_MATCH,,0
TXN251025JINE1G,,NO_MATCH,,0
IMPS251025NWXSPO,,NO_MATCH,,0
ATM251026STH531,,NO_MATCH,,0
UPI251026BH2CH3,,NO_MATCH,,0
TXN251026P0908M,,NO_MATCH,,0
TXN25102658ZVLH,,NO_MATCH,,0
UPI2510269PBZWM,,NO_MATCH,,0
UPI251026EMWMZF,,NO_MATCH,,0
ATM251026AJAQ56,,NO_MATCH,,0
UPI251026PTRGGQ,,NO_MATCH,,0
TXN251026GGJBHR,,NO_MATCH,,0
UPI251027RQ428N,,NO_MATCH,,0
IMPS251027DG2CVI,,NO_MATCH,,0
ATM25102797C3K2,,NO_MATCH,,0
UPI2510276IKHB2,,NO_MATCH,,0
ATM251027PDVB6U,,NO_MATCH,,0
ATM251027BOYWXE,,NO_MATCH,,0
ATM251027C2PBMF,,NO_MATCH,,0
TXN2510287G3935,,NO_MATCH,,0
ATM251028HYJQ1E,,NO_MATCH,,0
UPI251028MP7XS8,,NO_MATCH,,0
ATM2510299D8A5T,,NO_MATCH,,0
TXN251029SCY653,,NO_MATCH,,0
IMPS251029LX823A,,NO_MATCH,,0
UPI251029IM5DDG,,NO_MATCH,,0
UPI2510293DMNBY,,NO_MATCH,,0
ATM251029ZPXPUM,,NO_MATCH,,0
ATM2510295KO2K4,,NO_MATCH,,0
ATM251029GJGO4A,,NO_MATCH,,0
TXN251029KCQO6L,,NO_MATCH,,0
UPI251029BDMB5T,,NO_MATCH,,0
TXN251029FAOE6B,,NO_MATCH,,0
ATM251029160VQ8,,NO_MATCH,,0
TXN251029DBDCNP,,NO_MATCH,,0
UPI251030VHCU5X,,NO_MATCH,,0
TXN2510308BPB9N,,NO_MATCH,,0
TXN251030RXC3OH,,NO_MATCH,,0
UPI251030QN78XW,,NO_MATCH,,0
ATM251030T9R91O,,NO_MATCH,,0
TXN251030GCWSXH,,NO_MATCH,,0
TXN2510304EN3F0,,NO_MATCH,,0
ATM251030JQJJHK,,NO_MATCH,,0
IMPS251030JPUDV4,,NO_MATCH,,0
TXN251030TNQ8ND,,NO_MATCH,,0
UPI251030TK5W4G,,NO_MATCH,,0
UPI2510301W11T3,,NO_MATCH,,0
IMPS251030AHEBW3,,NO_MATCH,,0
TXN251030S4XOTR,,NO_MATCH,,0
TXN251030X3PAIO,,NO_MATCH,,0
UPI251031O6WHMZ,,NO_MATCH,,0
UPI251031E9VE8V,,NO_MATCH,,0
UPI251031VMOGH3,,NO_MATCH,,0
UPI2510310AK5WC,,NO_MATCH,,0
TXN251031KHTMSS,,NO_MATCH,,0
TXN251031ZNBG91,,NO_MATCH,,0
TXN25103171ROJG,,NO_MATCH,,0
TXN2510318FWOSY,,NO_MATCH,,0
TXN251031FPMFM5,,NO_MATCH,,0
ATM251031MJH907,,NO_MATCH,,0
UPI251031E777RF,,NO_MATCH,,0
IMPS251031YG98ZG,,NO_MATCH,,0
ATM251101EBI5T0,,NO_MATCH,,0
ATM251101TOVVFD,,NO_MATCH,,0
UPI251101UWUFB8,,NO_MATCH,,0
UPI251101RNL62C,,NO_MATCH,,0
UPI251101A3QYGE,,NO_MATCH,,0
TXN251101DVN60L,,NO_MATCH,,0
TXN251101R7FAMR,,NO_MATCH,,0
ATM2511018HSIIP,,NO_MATCH,,0
TXN2511025ZVJ04,,NO_MATCH,,0
TXN2511024L0L6A,,NO_MATCH,,0
UPI251102P7EU4H,,NO_MATCH,,0
ATM251102J4EG44,,NO_MATCH,,0
IMPS251102VO616S,,NO_MATCH,,0
ATM2511025DBPPF,,NO_MATCH,,0
TXN2511029IM4FL,,NO_MATCH,,0
IMPS251102EZAIDX,,NO_MATCH,,0
UPI251102HETTD3,,NO_MATCH,,0
ATM25110215U0TR,,NO_MATCH,,0
ATM251103CBZCAQ,,NO_MATCH,,0
ATM2511033Y3L04,,NO_MATCH,,0
UPI251103HFN97N,,NO_MATCH,,0
TXN251103DFV64B,,NO_MATCH,,0
ATM251103CCFPSF,,NO_MATCH,,0
ATM251103JXKA86,,NO_MATCH,,0
ATM2511031HX5SE,,NO_MATCH,,0
UPI251103MZ70D1,,NO_MATCH,,0
ATM251103JPQBT4,,NO_MATCH,,0
ATM2511035IEUM8,,NO_MATCH,,0
ATM251103TO3VZE,,NO_MATCH,,0
TXN251104PBXEYC,,NO_MATCH,,0
ATM251104GSQ7WI,,NO_MATCH,,0
ATM251104XIUFYS,,NO_MATCH,,0
ATM251104OTID51,,NO_MATCH,,0
TXN251104V9H4P4,,NO_MATCH,,0
UPI251104JO2VDZ,,NO_MATCH,,0
UPI2511047UD47V,,NO_MATCH,,0
ATM251104VJY4BC,,NO_MATCH,,0
ATM251105N1U3JK,,NO_MATCH,,0
ATM25110513ZQGL,,NO_MATCH,,0
TXN251105IISE3S,,NO_MATCH,,0
TXN2511051E0SIU,,NO_MATCH,,0
UPI251105ZK433R,,NO_MATCH,,0
ATM251105DU3V5U,,NO_MATCH,,0
ATM251105GZQK4D,,NO_MATCH,,0
TXN251105LO6NSU,,NO_MATCH,,0
UPI251105T64V7C,,NO_MATCH,,0
TXN251105FHHLAI,,NO_MATCH,,0
TXN251105QW90AQ,,NO_MATCH,,0
ATM251105JQNEAC,,NO_MATCH,,0
UPI25110525GBFV,,NO_MATCH,,0
UPI251105K2S4UF,,NO_MATCH,,0
ATM2511053RTWYB,,NO_MATCH,,0
UPI25110560KO2T,,NO_MATCH,,0
TXN251106DJQOIN,,NO_MATCH,,0
ATM251106HY7869,,NO_MATCH,,0
IMPS25110649TS1G,,NO_MATCH,,0
ATM251106R55XYW,,NO_MATCH,,0
ATM251106DTKOS5,,NO_MATCH,,0
UPI251106Q2MVJ7,,NO_MATCH,,0
ATM251106H9TDR5,,NO_MATCH,,0
UPI251106GUE9TE,,NO_MATCH,,0
ATM251106N9NQ3I,,NO_MATCH,,0
IMPS2511065UGDYK,,NO_MATCH,,0
TXN251106X3TXUG,,NO_MATCH,,0
UPI251106SNFWUO,,NO_MATCH,,0
IMPS2511064YMSCB,,NO_MATCH,,0
ATM251106KRVQMC,,NO_MATCH,,0
ATM251106NVJLAZ,,NO_MATCH,,0
UPI251106OWZGN7,,NO_MATCH,,0
UPI251106JTWECT,,NO_MATCH,,0
UPI251107DFS218,,NO_MATCH,,0
ATM251107KGGK9T,,NO_MATCH,,0
TXN2511070PYF9S,,NO_MATCH,,0
ATM251107B9ZMEZ,,NO_MATCH,,0
UPI25110776CXEP,,NO_MATCH,,0
UPI251107RJV3LR,,NO_MATCH,,0
ATM251107M302GX,,NO_MATCH,,0
ATM251107HXPQU0,,NO_MATCH,,0
UPI251108PPS8GF,,NO_MATCH,,0
IMPS251108FQMW0W,,NO_MATCH,,0
ATM251108TY9YLH,,NO_MATCH,,0
ATM251108TC3R2V,,NO_MATCH,,0
UPI251108EZ6RN9,,NO_MATCH,,0
TXN251108QMIK7T,,NO_MATCH,,0
IMPS251108R749Y5,,NO_MATCH,,0
ATM251108EPF0W4,,NO_MATCH,,0
UPI251108PZ8A15,,NO_MATCH,,0
TXN25110991X4RI,,NO_MATCH,,0
ATM251109HGI0L6,,NO_MATCH,,0
ATM251109GNVJC8,,NO_MATCH,,0
UPI251109E6NPMO,,NO_MATCH,,0
UPI251109J1IEO9,,NO_MATCH,,0
ATM251109KRR84D,,NO_MATCH,,0
UPI251109RP7F7O,,NO_MATCH,,0
TXN251109XOAP3V,,NO_MATCH,,0
ATM251109E2EWFG,,NO_MATCH,,0
ATM251109T5L0A1,,NO_MATCH,,0
UPI251109U1FHZ0,,NO_MATCH,,0
ATM251109IFQ9HJ,,NO_MATCH,,0
ATM251109DOHZYV,,NO_MATCH,,0
TXN2511099QFBGY,,NO_MATCH,,0
ATM25110945SDUP,,NO_MATCH,,0
ATM251109ZS8ESP,,NO_MATCH,,0
TXN251110ZIT5HB,,NO_MATCH,,0
TXN25111058XHDD,,NO_MATCH,,0
TXN2511106SZ60Q,,NO_MATCH,,0
ATM251110TP7CCZ,,NO_MATCH,,0
UPI25111010RTBG,,NO_MATCH,,0
UPI251110QKAAMS,,NO_MATCH,,0
TXN251110I7R0NI,,NO_MATCH,,0
ATM251110NGIBLE,,NO_MATCH,,0
UPI2511106BDUCI,,NO_MATCH,,0
ATM251110YO5EWD,,NO_MATCH,,0
IMPS25111182UDA2,,NO_MATCH,,0
ATM2511110O0VCD,,NO_MATCH,,0
ATM251111L27SIG,,NO_MATCH,,0
TXN25111162DJEW,,NO_MATCH,,0
TXN25111112V553,,NO_MATCH,,0
UPI251111FK8D31,,NO_MATCH,,0
UPI251111URQYKU,,NO_MATCH,,0
ATM2511111SZRRH,,NO_MATCH,,0
UPI251111XMKMYT,,NO_MATCH,,0
TXN2511119UUDGB,,NO_MATCH,,0
UPI251112BYTKNB,,NO_MATCH,,0
TXN251112DA1QMV,,NO_MATCH,,0
UPI251112Y9YB0Z,,NO_MATCH,,0
ATM251112JGNUPJ,,NO_MATCH,,0
TXN251112X6YPHR,,NO_MATCH,,0
ATM251112EZYA0C,,NO_MATCH,,0
UPI251112OEU3I8,,NO_MATCH,,0
TXN251112Z7EDPZ,,NO_MATCH,,0
UPI251112V5IK02,,NO_MATCH,,0
ATM251112ON1O7G,,NO_MATCH,,0
ATM251112E9QJ6X,,NO_MATCH,,0
UPI251112ZFJ6O5,,NO_MATCH,,0
ATM2511125IRQCQ,,NO_MATCH,,0
ATM251113LDSUOD,,NO_MATCH,,0
UPI2511138SNDTF,,NO_MATCH,,0
UPI251113Q5FPRP,,NO_MATCH,,0
ATM251113C9Z0AG,,NO_MATCH,,0
UPI2511136NAJXP,,NO_MATCH,,0
TXN251113N9EKN6,,NO_MATCH,,0
ATM251113WHP215,,NO_MATCH,,0
TXN251113GXY63W,,NO_MATCH,,0
UPI2511134IVYLJ,,NO_MATCH,,0
ATM251114Y9H12K,,NO_MATCH,,0
ATM251114TZFWKU,,NO_MATCH,,0
ATM251114HOBPVY,,NO_MATCH,,0
ATM251114L8O9QG,,NO_MATCH,,0
IMPS251114RK2FUP,,NO_MATCH,,0
UPI251114SZBNGW,,NO_MATCH,,0
IMPS251114TIVU5N,,NO_MATCH,,0
UPI2511147TZA4G,,NO_MATCH,,0
TXN251114B53TT9,,NO_MATCH,,0
ATM251114W2UPAO,,NO_MATCH,,0
IMPS251115XF13C6,,NO_MATCH,,0
TXN251115YR96O7,,NO_MATCH,,0
IMPS251115R2YHRT,,NO_MATCH,,0
ATM251115VIIXUF,,NO_MATCH,,0
ATM251115L11CKT,,NO_MATCH,,0
UPI251115BXQZ5X,,NO_MATCH,,0
TXN251115OTU0SQ,,NO_MATCH,,0
UPI251115VELF1K,,NO_MATCH,,0
UPI251115WA4CZK,,NO_MATCH,,0
UPI251116FGYUPI,,NO_MATCH,,0
TXN251116CCLXUP,,NO_MATCH,,0
UPI251116FYJ84X,,NO_MATCH,,0
TXN25111605AEPU,,NO_MATCH,,0
UPI25111661VHWP,,NO_MATCH,,0
TXN251116SJ2EIA,,NO_MATCH,,0
UPI251116JYANKD,,NO_MATCH,,0
ATM251116O91TEM,,NO_MATCH,,0
UPI251116LIJ66B,,NO_MATCH,,0
ATM251116ROEUEJ,,NO_MATCH,,0
TXN251116OGC6TV,,NO_MATCH,,0
ATM2511167J0RHX,,NO_MATCH,,0
ATM2511178VWYV0,,NO_MATCH,,0
ATM251117PM4NEU,,NO_MATCH,,0
IMPS251117GRXEHD,,NO_MATCH,,0
UPI251117TRKJZS,,NO_MATCH,,0
IMPS251117THK51L,,NO_MATCH,,0
UPI251117WZ73UN,,NO_MATCH,,0
IMPS2511171L6GVF,,NO_MATCH,,0
UPI251117FQ2HVS,,NO_MATCH,,0
ATM251117DJ1SLJ,,NO_MATCH,,0
TXN251117JL64CJ,,NO_MATCH,,0
ATM2511176QU2WP,,NO_MATCH,,0
ATM2511182L5O38,,NO_MATCH,,0
ATM251118IZNC0M,,NO_MATCH,,0
UPI251118TD96X7,,NO_MATCH,,0
ATM251118YOPONW,,NO_MATCH,,0
ATM251118BMZW95,,NO_MATCH,,0
UPI251118QITP9Z,,NO_MATCH,,0
TXN251118ZH4SWP,,NO_MATCH,,0
UPI2511188BINHJ,,NO_MATCH,,0
ATM251118SSZQJD,,NO_MATCH,,0
UPI251118WS28ZZ,,NO_MATCH,,0
ATM251118MCUVQ0,,NO_MATCH,,0
TXN251118MM66Y4,,NO_MATCH,,0
IMPS251118F8DT8R,,NO_MATCH,,0
TXN2511188VX7WO,,NO_MATCH,,0
TXN251119KWLRLD,,NO_MATCH,,0
UPI251119TSVLGA,,NO_MATCH,,0
IMPS251119BJ69XG,,NO_MATCH,,0
TXN25111952F4XN,,NO_MATCH,,0
TXN251119YAU2RR,,NO_MATCH,,0
IMPS2511198W91YV,,NO_MATCH,,0
UPI251119R07FLJ,,NO_MATCH,,0
TXN251119R1EWOY,,NO_MATCH,,0
ATM251119JVNNTD,,NO_MATCH,,0
ATM25111964U6G4,,NO_MATCH,,0
TXN251119B59WZ7,,NO_MATCH,,0
IMPS251120QUV3R0,,NO_MATCH,,0
TXN251120BCMY1E,,NO_MATCH,,0
ATM251120A32NIC,,NO_MATCH,,0
ATM25112132QEUO,,NO_MATCH,,0
TXN2511218HYOLV,,NO_MATCH,,0
UPI251121M1WI19,,NO_MATCH,,0
TXN2511213MQYN8,,NO_MATCH,,0
ATM2511215VRI85,,NO_MATCH,,0
TXN251121ZFL1N5,,NO_MATCH,,0
ATM251121X6E1AV,,NO_MATCH,,0
ATM251121B55LJQ,,NO_MATCH,,0
UPI251121ELWSTO,,NO_MATCH,,0
UPI251121PJ8YR4,,NO_MATCH,,0
TXN251121J323WY,,NO_MATCH,,0
ATM251121TFJC0D,,NO_MATCH,,0
TXN251121JATFG9,,NO_MATCH,,0
TXN251122O7GP6K,,NO_MATCH,,0
ATM2511220JLTC2,,NO_MATCH,,0
TXN251122QKHA1G,,NO_MATCH,,0
ATM2511233LPBOO,,NO_MATCH,,0
ATM2511236Q5XO9,,NO_MATCH,,0
TXN251123TWIYXK,,NO_MATCH,,0
UPI251123V2JGBA,,NO_MATCH,,0
TXN251123XVSVAU,,NO_MATCH,,0
UPI251123I8JRH1,,NO_MATCH,,0
UPI251123E2QMQU,,NO_MATCH,,0
TXN251123OXR13O,,NO_MATCH,,0
UPI251123D8X98X,,NO_MATCH,,0
ATM251123U473ID,,NO_MATCH,,0
ATM2511233IQ70L,,NO_MATCH,,0
ATM2511237PAPEH,,NO_MATCH,,0
UPI251123N2X22J,,NO_MATCH,,0
UPI251124V93FFX,,NO_MATCH,,0
UPI251124300IBQ,,NO_MATCH,,0
IMPS251124JQ2M8G,,NO_MATCH,,0
ATM251124KULUYK,,NO_MATCH,,0
ATM251124SKK36K,,NO_MATCH,,0
ATM2511246DJ1D6,,NO_MATCH,,0
TXN251124KCF2C7,,NO_MATCH,,0
ATM251124NKMOI8,,NO_MATCH,,0
UPI251125XPO6JM,,NO_MATCH,,0
TXN251125VB6YY4,,NO_MATCH,,0
UPI251125HWZRE7,,NO_MATCH,,0
IMPS251125DXUFUQ,,NO_MATCH,,0
TXN2511252JNA1V,,NO_MATCH,,0
TXN251125R1BQXZ,,NO_MATCH,,0
ATM251125LXV1OQ,,NO_MATCH,,0
IMPS251125OBTP07,,NO_MATCH,,0
ATM2511262T89ML,,NO_MATCH,,0
ATM2511268ZKPJE,,NO_MATCH,,0
UPI251126IEFP3X,,NO_MATCH,,0
UPI251126X6XAQN,,NO_MATCH,,0
TXN251126A2PTSM,,NO_MATCH,,0
UPI251126DHDNHM,,NO_MATCH,,0
TXN251126ULCY61,,NO_MATCH,,0
TXN251126C17V2L,,NO_MATCH,,0
UPI251127XC8RYC,,NO_MATCH,,0
ATM2511278J89GF,,NO_MATCH,,0
UPI251127NWBXVZ,,NO_MATCH,,0
TXN251127JFRUCN,,NO_MATCH,,0
UPI251127E3CYUE,,NO_MATCH,,0
ATM251127ENB16U,,NO_MATCH,,0
IMPS251128JQ4E7G,,NO_MATCH,,0
IMPS251128P88YPU,,NO_MATCH,,0
TXN251128C8APQ8,,NO_MATCH,,0
IMPS251128SZXI8R,,NO_MATCH,,0
UPI251128EKE23G,,NO_MATCH,,0
TXN251128XOW78U,,NO_MATCH,,0
ATM251128D8CNNW,,NO_MATCH,,0
UPI2511281B5AIY,,NO_MATCH,,0
UPI251128CNNNHK,,NO_MATCH,,0
UPI251128JDMMLF,,NO_MATCH,,0
ATM251129B125M4,,NO_MATCH,,0
UPI251129CQIMFK,,NO_MATCH,,0
ATM2511293SQLOV,,NO_MATCH,,0
ATM251129L22OIX,,NO_MATCH,,0
UPI251129UH7W4V,,NO_MATCH,,0
UPI251129UPA2P4,,NO_MATCH,,0
UPI251129218NIW,,NO_MATCH,,0
ATM251129SIFWGA,,NO_MATCH,,0
ATM251129YWHX13,,NO_MATCH,,0
ATM251129H6EQLF,,NO_MATCH,,0
UPI251129GI5R7F,,NO_MATCH,,0
TXN251130CKW6MY,,NO_MATCH,,0
TXN2511307PVJVO,,NO_MATCH,,0
TXN251130UYOJ9P,,NO_MATCH,,0
TXN25113073O087,,NO_MATCH,,0
TXN251130FKI34K,,NO_MATCH,,0
TXN251130OFSFCX,,NO_MATCH,,0
TXN2511306ZZW1O,,NO_MATCH,,0
ATM251130N9HNYE,,NO_MATCH,,0
UPI251130Y1R6VH,,NO_MATCH,,0
UPI25113016PY1R,,NO_MATCH,,0
ATM251130CCGABK,,NO_MATCH,,0
ATM2512017MK0W2,,NO_MATCH,,0
ATM25120106WMQP,,NO_MATCH,,0
UPI251201P9FR2I,,NO_MATCH,,0
ATM251201C48FDP,,NO_MATCH,,0
UPI25120112PYCC,,NO_MATCH,,0
ATM251201GFOE13,,NO_MATCH,,0
ATM251201VDUF1F,,NO_MATCH,,0
UPI251201LZKZO5,,NO_MATCH,,0
ATM251201ECFGYA,,NO_MATCH,,0
ATM2512018YG6X0,,NO_MATCH,,0
IMPS251201FAAAOR,,NO_MATCH,,0
ATM2512017MQZ9K,,NO_MATCH,,0
TXN251201O7SBV9,,NO_MATCH,,0
ATM2512018ZCZ7A,,NO_MATCH,,0
ATM251202C5MEU7,,NO_MATCH,,0
TXN251202SRJP1K,,NO_MATCH,,0
UPI251202I4W596,,NO_MATCH,,0
ATM2512025DDCT5,,NO_MATCH,,0
ATM251202F1MBL6,,NO_MATCH,,0
ATM251202G263M2,,NO_MATCH,,0
UPI2512021IS0VB,,NO_MATCH,,0
UPI251202DB2R3E,,NO_MATCH,,0
TXN25120211F88F,,NO_MATCH,,0
UPI251203HJR0D1,,NO_MATCH,,0
UPI251203W097BJ,,NO_MATCH,,0
ATM251203R03X8S,,NO_MATCH,,0
TXN2512036OHF4T,,NO_MATCH,,0
UPI251203JI1F72,,NO_MATCH,,0
UPI2512039YDEHN,,NO_MATCH,,0
IMPS2512035IBHMR,,NO_MATCH,,0
UPI251204HDNHAU,,NO_MATCH,,0
UPI251204T26DTW,,NO_MATCH,,0
ATM251204871XQS,,NO_MATCH,,0
UPI251204TY62F3,,NO_MATCH,,0
UPI2512048JCU2K,,NO_MATCH,,0
ATM251204G7AC93,,NO_MATCH,,0
UPI251204NJ4UX3,,NO_MATCH,,0
TXN25120579FGBA,,NO_MATCH,,0
ATM251205PG3FDP,,NO_MATCH,,0
UPI251205CVB754,,NO_MATCH,,0
UPI251205RGPCFY,,NO_MATCH,,0
TXN25120594I2Y0,,NO_MATCH,,0
ATM2512058A29JN,,NO_MATCH,,0
UPI251205BNQWAQ,,NO_MATCH,,0
IMPS2512055QM2V1,,NO_MATCH,,0
UPI2512051R17RK,,NO_MATCH,,0
UPI251205D4DWWA,,NO_MATCH,,0
TXN251205PN63XC,,NO_MATCH,,0
TXN251205DM0VHP,,NO_MATCH,,0
TXN251205QQ4DHF,,NO_MATCH,,0
ATM251206U9FOZ1,,NO_MATCH,,0
IMPS251206PLW1RV,,NO_MATCH,,0
UPI251206YC0Y4V,,NO_MATCH,,0
TXN251206L2F4AH,,NO_MATCH,,0
ATM2512066OF686,,NO_MATCH,,0
TXN251206QGJENW,,NO_MATCH,,0
ATM251206FYAA4X,,NO_MATCH,,0
TXN251206VPP9DK,,NO_MATCH,,0
TXN251207Q6AAPI,,NO_MATCH,,0
ATM251207TSG561,,NO_MATCH,,0
IMPS25120740XQK3,,NO_MATCH,,0
ATM251207MNL2ZJ,,NO_MATCH,,0
ATM251207DCQ09V,,NO_MATCH,,0
ATM251207EOL675,,NO_MATCH,,0
ATM251207RBTKHR,,NO_MATCH,,0
UPI251207FVN8TF,,NO_MATCH,,0
TXN251207UHYG6Y,,NO_MATCH,,0
ATM2512077ZCFNQ,,NO_MATCH,,0
TXN251207MHLYT6,,NO_MATCH,,0
TXN2512078MJX2K,,NO_MATCH,,0
UPI251208C2MC7E,,NO_MATCH,,0
ATM251208DH2IW9,,NO_MATCH,,0
ATM251208SAYH7U,,NO_MATCH,,0
ATM251208EZZ8NL,,NO_MATCH,,0
ATM251208V78WOL,,NO_MATCH,,0
UPI251208ZG4MVG,,NO_MATCH,,0
UPI251208GLTMXX,,NO_MATCH,,0
TXN251208XUFQ1V,,NO_MATCH,,0
UPI251208NKPA9X,,NO_MATCH,,0
ATM251208AW2Z89,,NO_MATCH,,0
TXN251208W4BM1X,,NO_MATCH,,0
ATM251209EQSQPN,,NO_MATCH,,0
UPI2512092XOCPB,,NO_MATCH,,0
TXN251209NE0DL9,,NO_MATCH,,0
ATM251209VLTMTK,,NO_MATCH,,0
TXN251209E2RCOP,,NO_MATCH,,0
UPI251209LWW7Z5,,NO_MATCH,,0
ATM25120963E9MO,,NO_MATCH,,0
TXN25120927ILPU,,NO_MATCH,,0
ATM251209XC4SH8,,NO_MATCH,,0
UPI251209H9SQNH,,NO_MATCH,,0
UPI251209THAB1F,,NO_MATCH,,0
IMPS251209SAP207,,NO_MATCH,,0
ATM251209DDNCUJ,,NO_MATCH,,0
UPI251210L79LAR,,NO_MATCH,,0
UPI251210O66WWG,,NO_MATCH,,0
IMPS251210PT587D,,NO_MATCH,,0
UPI251210YIH72W,,NO_MATCH,,0
UPI251210E70ZQC,,NO_MATCH,,0
IMPS2512106AJ4HO,,NO_MATCH,,0
TXN251210WJ4WA5,,NO_MATCH,,0
TXN251210HDVMUD,,NO_MATCH,,0
ATM251210Z9QT1Y,,NO_MATCH,,0
ATM251211M5ZM17,,NO_MATCH,,0
ATM251211EZ1XAX,,NO_MATCH,,0
TXN251211JZWLMZ,,NO_MATCH,,0
IMPS251211W2W1CL,,NO_MATCH,,0
ATM251211Z1I58Q,,NO_MATCH,,0
TXN251211BNDJOS,,NO_MATCH,,0
UPI251211KN2TZK,,NO_MATCH,,0
ATM251211E0DEH0,,NO_MATCH,,0
UPI251211G80ER2,,NO_MATCH,,0
TXN251211GSZ8GF,,NO_MATCH,,0
IMPS251212JUGH89,,NO_MATCH,,0
ATM251212B76R2H,,NO_MATCH,,0
ATM251212MLIED7,,NO_MATCH,,0
TXN251212BW41FH,,NO_MATCH,,0
UPI251212GBIG22,,NO_MATCH,,0
UPI251212MD4J26,,NO_MATCH,,0
UPI251212Z1WBOY,,NO_MATCH,,0
TXN251212C5FTRD,,NO_MATCH,,0
ATM251212KYK9BF,,NO_MATCH,,0
UPI25121316MSCZ,,NO_MATCH,,0
ATM2512130BAF3R,,NO_MATCH,,0
TXN251213FTP5OF,,NO_MATCH,,0
UPI251213RU4MH1,,NO_MATCH,,0
ATM251213C9BD09,,NO_MATCH,,0
UPI251213G1KSAJ,,NO_MATCH,,0
UPI251213JJDRVS,,NO_MATCH,,0
TXN251213EXL6VA,,NO_MATCH,,0
ATM2512132WGDXI,,NO_MATCH,,0
TXN25121324OKZZ,,NO_MATCH,,0
ATM2512148XZETB,,NO_MATCH,,0
ATM251214C7LJ2V,,NO_MATCH,,0
TXN2512140ZPULM,,NO_MATCH,,0
ATM251214APRW0X,,NO_MATCH,,0
ATM251214THNLGC,,NO_MATCH,,0
TXN251214MX5CDN,,NO_MATCH,,0
IMPS251214140EKM,,NO_MATCH,,0
TXN251214EASNOW,,NO_MATCH,,0
ATM251214DYRCOS,,NO_MATCH,,0
TXN251215UJAXRY,,NO_MATCH,,0
UPI251215XP8IDR,,NO_MATCH,,0
ATM251215FVF7R9,,NO_MATCH,,0
TXN2512157Q0HLF,,NO_MATCH,,0
ATM2512155KNAU8,,NO_MATCH,,0
UPI251215FACK0N,,NO_MATCH,,0
UPI2512151LYWUV,,NO_MATCH,,0
TXN2512155JRIV5,,NO_MATCH,,0
ATM2512159TAD78,,NO_MATCH,,0
TXN251215S930J7,,NO_MATCH,,0
TXN2512153QD9XW,,NO_MATCH,,0
ATM251216YLQS0P,,NO_MATCH,,0
ATM2512163QOQ9B,,NO_MATCH,,0
UPI251216JFOMYQ,,NO_MATCH,,0
UPI25121671JYO5,,NO_MATCH,,0
UPI251216TY9BF1,,NO_MATCH,,0
TXN251216FOXWLR,,NO_MATCH,,0
TXN251216PO13HI,,NO_MATCH,,0
UPI2512161FXZ2R,,NO_MATCH,,0
UPI251216V8PX3I,,NO_MATCH,,0
TXN251216BSSAEJ,,NO_MATCH,,0
TXN251216CNV4Z8,,NO_MATCH,,0
UPI2512171D0EWO,,NO_MATCH,,0
ATM251217GS0OMZ,,NO_MATCH,,0
UPI25121715866S,,NO_MATCH,,0
TXN251217TDJQ4D,,NO_MATCH,,0
ATM251217VFKWMH,,NO_MATCH,,0
UPI251217H9LAL6,,NO_MATCH,,0
IMPS2512179H2XP3,,NO_MATCH,,0
UPI251217QUT8VR,,NO_MATCH,,0
TXN2512172PRFQJ,,NO_MATCH,,0
ATM251217IAHBNX,,NO_MATCH,,0
ATM251218HOJQPG,,NO_MATCH,,0
ATM2512182RCPAE,,NO_MATCH,,0
ATM251218XLJZS1,,NO_MATCH,,0
UPI251218RRJMWD,,NO_MATCH,,0
TXN2512187C3GV0,,NO_MATCH,,0
TXN251218IZUP4D,,NO_MATCH,,0
TXN251218Z33SPN,,NO_MATCH,,0
UPI251219204T84,,NO_MATCH,,0
UPI251219Z9T2ZD,,NO_MATCH,,0
ATM251219JEF8E7,,NO_MATCH,,0
UPI251220GUBDIJ,,NO_MATCH,,0
UPI251220PI42BP,,NO_MATCH,,0
ATM2512201Z5D2C,,NO_MATCH,,0
IMPS2512201BG3YL,,NO_MATCH,,0
UPI2512202EIWVI,,NO_MATCH,,0
UPI251220D6E0N4,,NO_MATCH,,0
UPI251220GBTUC3,,NO_MATCH,,0
ATM251220UBIEGJ,,NO_MATCH,,0
ATM251220W8EEEL,,NO_MATCH,,0
UPI251221KQQBSG,,NO_MATCH,,0
UPI251221C72A9E,,NO_MATCH,,0
ATM251221Y3T6H3,,NO_MATCH,,0
IMPS251221HR1WQA,,NO_MATCH,,0
TXN251221TY5L7N,,NO_MATCH,,0
UPI251221ZDU2YM,,NO_MATCH,,0
ATM251221FWN16I,,NO_MATCH,,0
TXN251222NVEZV9,,NO_MATCH,,0
UPI2512221TDCMP,,NO_MATCH,,0
ATM251222ZAL1TC,,NO_MATCH,,0
ATM2512220KQ6L6,,NO_MATCH,,0
TXN251222J89HG9,,NO_MATCH,,0
ATM251222P62TNO,,NO_MATCH,,0
ATM251222X232L2,,NO_MATCH,,0
UPI2512229SO6V4,,NO_MATCH,,0
UPI251222XB52F8,,NO_MATCH,,0
TXN251223G19CTU,,NO_MATCH,,0
TXN2512235RQHWO,,NO_MATCH,,0
ATM251223WMCQWX,,NO_MATCH,,0
UPI25122303F8JY,,NO_MATCH,,0
IMPS251223R7045S,,NO_MATCH,,0
UPI251223UXP93Q,,NO_MATCH,,0
ATM25122441BHHD,,NO_MATCH,,0
IMPS251224P2BH67,,NO_MATCH,,0
ATM251224VTJ65W,,NO_MATCH,,0
TXN251224I7Y4IZ,,NO_MATCH,,0
TXN2512247RRP1Q,,NO_MATCH,,0
UPI25122457D2V5,,NO_MATCH,,0
TXN251224P6N1FW,,NO_MATCH,,0
UPI2512255H3Z2B,,NO_MATCH,,0
UPI251225R53WXO,,NO_MATCH,,0
TXN251225SRLDLY,,NO_MATCH,,0
UPI251225JE593L,,NO_MATCH,,0
ATM251225K3AUAX,,NO_MATCH,,0
TXN25122508GRY4,,NO_MATCH,,0
IMPS2512250GN3F1,,NO_MATCH,,0
UPI251225702DXV,,NO_MATCH,,0
TXN251225F1JEIY,,NO_MATCH,,0
UPI251225G0EBOO,,NO_MATCH,,0
ATM251225Y3ZEQ1,,NO_MATCH,,0
IMPS2512269ACUCW,,NO_MATCH,,0
ATM251226PL6L7D,,NO_MATCH,,0
ATM251226LDCFLF,,NO_MATCH,,0
TXN251226GVEOGB,,NO_MATCH,,0
TXN251226ULAKIA,,NO_MATCH,,0
ATM251226OFMW0U,,NO_MATCH,,0
ATM251226M5IM0V,,NO_MATCH,,0
ATM2512268UP7AQ,,NO_MATCH,,0
TXN251226BB163X,,NO_MATCH,,0
UPI251226IZ3PY5,,NO_MATCH,,0
UPI2512269B01MP,,NO_MATCH,,0
TXN251227ODPQDX,,NO_MATCH,,0
UPI251227SSFZKN,,NO_MATCH,,0
UPI251227D1YUJF,,NO_MATCH,,0
ATM251227PR1W5F,,NO_MATCH,,0
UPI251227C3LNZN,,NO_MATCH,,0
ATM251227ZRZ822,,NO_MATCH,,0
UPI2512274IIBVL,,NO_MATCH,,0
UPI251227HF84HO,,NO_MATCH,,0
UPI251227XST838,,NO_MATCH,,0
ATM251227CS69C5,,NO_MATCH,,0
UPI251227ZGDAPK,,NO_MATCH,,0
ATM251228RLKDMV,,NO_MATCH,,0
IMPS251228JIMYN6,,NO_MATCH,,0
UPI251228BBP0QG,,NO_MATCH,,0
ATM251228UE7M5G,,NO_MATCH,,0
TXN2512285QEJHW,,NO_MATCH,,0
UPI251228OHRKKV,,NO_MATCH,,0
ATM251229BP96N9,,NO_MATCH,,0
ATM251229NX6HFH,,NO_MATCH,,0
ATM251229YGYCS5,,NO_MATCH,,0
UPI2512291J6HS2,,NO_MATCH,,0
ATM251229T0A9BR,,NO_MATCH,,0
TXN251229OWYZRH,,NO_MATCH,,0
ATM251229FAQ4BC,,NO_MATCH,,0
UPI251229XDHKRF,,NO_MATCH,,0
IMPS251229M78Z30,,NO_MATCH,,0
TXN251229FAGTDU,,NO_MATCH,,0
ATM251229UTOCDN,,NO_MATCH,,0
UPI25122975V693,,NO_MATCH,,0
TXN251229KIUCYV,,NO_MATCH,,0
ATM251229ZEWJAR,,NO_MATCH,,0
IMPS251230OHW6R9,,NO_MATCH,,0
ATM251230RGMJBQ,,NO_MATCH,,0
UPI251230NFT5AJ,,NO_MATCH,,0
TXN251230TZ0JDL,,NO_MATCH,,0
ATM251230P7DIE0,,NO_MATCH,,0
UPI251230OSAKXZ,,NO_MATCH,,0
UPI2512307C5151,,NO_MATCH,,0
ATM2512307PWSTT,,NO_MATCH,,0
ATM251230SRPA1N,,NO_MATCH,,0
UPI251231OHRQVE,,NO_MATCH,,0
UPI251231OBUY99,,NO_MATCH,,0
UPI2512313EU730,,NO_MATCH,,0
TXN251231MPL3SP,,NO_MATCH,,0
UPI2512314CPCFI,,NO_MATCH,,0
ATM25123129578H,,NO_MATCH,,0
UPI2512318FYJ3C,,NO_MATCH,,0
ATM2512312YLSMW,,NO_MATCH,,0
TXN2512317ITVIP,,NO_MATCH,,0
NEFT250601BVG9SE,,NO_MATCH,,0
UPI250427DSR6NQ,,NO_MATCH,,0
UPI2502218RS0KJ,CDR202600000020,SENDER_OUTGOING_ACTIVITY,799,1
UPI251125PR6ZCG,CDR202600000042,SENDER_OUTGOING_ACTIVITY,24,1
ATM250218KFYH9B,CDR202600000047,DIRECT,-330,1
UPI2506150BWUUL,CDR202600000054,RECEIVER_INCOMING_ACTIVITY,232,1
UPI250521YE5CU2,CDR202600000077,DIRECT,-228,1
ATM250711832U9H,CDR202600000103,RECEIVER_INCOMING_ACTIVITY,1250,1
TXN251103ZWLK5M,CDR202600000111,DIRECT,-56,1
TXN250816YJ2GT5,CDR202600000151,REVERSE,5,1
ATM2507131ON88I,CDR202600000154,REVERSE,-202,1
ATM250714I6KW4K,CDR202600000155,DIRECT,-48,1
UPI2504308A9OW8,CDR202600000162,RECEIVER_INCOMING_ACTIVITY,-824,1
UPI2501208XDQHL,CDR202600000175,DIRECT,-53,1
UPI250416H0RSG1,CDR202600000187,SENDER_INCOMING_ACTIVITY,-112,1
TXN250518AMNABK,CDR202600000227,DIRECT,-100,1
ATM251128V0OP4W,CDR202600000239,DIRECT,1013,1
TXN251229YQ5EJF,CDR202600000241,SENDER_OUTGOING_ACTIVITY,15,1
TXN250620P6IYXE,CDR202600000254,SENDER_OUTGOING_ACTIVITY,41,1
UPI250509JD5F08,CDR202600000262,DIRECT,858,1
ATM2501088T1500,CDR202600000271,DIRECT,950,1
UPI25031088K5KM,CDR202600000278,SENDER_INCOMING_ACTIVITY,561,1
ATM251101SQ29SZ,CDR202600000302,RECEIVER_INCOMING_ACTIVITY,-207,1
ATM250818I3L6DI,CDR202600000316,SENDER_INCOMING_ACTIVITY,981,1
ATM2501044L2E4F,CDR202600000347,DIRECT,140,1
TXN2509076EFZ41,CDR202600000359,SENDER_OUTGOING_ACTIVITY,175,1
TXN251004NH4H7G,CDR202600000371,RECEIVER_OUTGOING_ACTIVITY,189,1
ATM250613V5RGGR,CDR202600000374,SENDER_INCOMING_ACTIVITY,-192,1
ATM251223L2YWOJ,CDR202600000377,SENDER_INCOMING_ACTIVITY,275,1
UPI250309T5VOMP,CDR202600000387,REVERSE,-119,1
ATM2512108H683N,CDR202600000412,DIRECT,58,1
TXN250515CA8E9Q,CDR202600000414,DIRECT,-179,1
UPI251105QR52E2,CDR202600000419,REVERSE,-63,1
UPI251024THG9YA,CDR202600000420,DIRECT,-1030,1
IMPS251114VN13DJ,CDR202600000432,DIRECT,-182,1
UPI250913JAX0PI,CDR202600000437,SENDER_OUTGOING_ACTIVITY,-142,1
TXN250829EUTLC0,CDR202600000449,DIRECT,845,1
UPI250508GQ9S9I,CDR202600000470,RECEIVER_INCOMING_ACTIVITY,1767,1
TXN250912B43BUX,CDR202600000473,SENDER_INCOMING_ACTIVITY,764,1
IMPS2507183BOFLI,CDR202600000479,DIRECT,-111,1
UPI250822RCYP2W,CDR202600000495,SENDER_OUTGOING_ACTIVITY,418,1
IMPS251214A5KR9T,CDR202600000498,DIRECT,-276,1
ATM250907MJOE8G,CDR202600000515,RECEIVER_INCOMING_ACTIVITY,-166,1
IMPS250219QSTZ00,CDR202600000558,DIRECT,-277,1
TXN250529FY2C7Z,CDR202600000566,RECEIVER_OUTGOING_ACTIVITY,-11,1
TXN250529NLFR1R,CDR202600000569,SENDER_INCOMING_ACTIVITY,1021,1
ATM250615KMFVG8,CDR202600000623,SENDER_OUTGOING_ACTIVITY,2,1
TXN2507267JN0SE,CDR202600000625,SENDER_INCOMING_ACTIVITY,-50,1
ATM25061409FM1W,CDR202600000640,DIRECT,166,1
TXN250427S71UA9,CDR202600000643,SENDER_OUTGOING_ACTIVITY,-299,1
UPI250604BJ3WM5,CDR202600000655,RECEIVER_OUTGOING_ACTIVITY,623,1
UPI250320BX9WZG,CDR202600000660,SENDER_INCOMING_ACTIVITY,-1782,1
TXN250206EIWDRX,CDR202600000666,DIRECT,313,1
UPI250731P2C9BD,CDR202600000667,RECEIVER_OUTGOING_ACTIVITY,-629,1
TXN250411T88U8L,CDR202600000693,DIRECT,17,1
UPI250325E38XX5,CDR202600000694,DIRECT,-584,1
ATM251030TZ2RKQ,CDR202600000697,DIRECT,-22,1
ATM2506121ZSDV0,CDR202600000719,REVERSE,-127,1
ATM251117EOS0YP,CDR202600000744,SENDER_OUTGOING_ACTIVITY,247,1
TXN251218EG4G62,CDR202600000760,SENDER_INCOMING_ACTIVITY,-270,1
ATM2506290N1OKI,CDR202600000767,RECEIVER_OUTGOING_ACTIVITY,9,1
TXN2511115SJBVO,CDR202600000772,REVERSE,-6,1
TXN250327H58D68,CDR202600000779,REVERSE,-239,1
IMPS250424DULLPJ,CDR202600000786,DIRECT,227,1
ATM250329OLEQXM,CDR202600000814,SENDER_OUTGOING_ACTIVITY,1262,1
UPI2505190VMRDO,CDR202600000826,RECEIVER_INCOMING_ACTIVITY,27,1
TXN251231XBR1TO,CDR202600000858,DIRECT,-156,1
UPI250601Z8X1JA,CDR202600000859,REVERSE,-217,1
ATM250628ME9U25,CDR202600000861,DIRECT,805,1
UPI250529XTTZWE,CDR202600000894,RECEIVER_OUTGOING_ACTIVITY,-1020,1
ATM250429XMP4PK,CDR202600000915,RECEIVER_OUTGOING_ACTIVITY,-45,1
UPI250909KQGBQD,CDR202600000936,DIRECT,-735,1
UPI2510105SGZUE,CDR202600000941,SENDER_INCOMING_ACTIVITY,-871,1
ATM251027N2IEC4,CDR202600001016,DIRECT,-143,1
TXN25082712V68G,CDR202600001021,DIRECT,-330,1
IMPS250911PNDGNV,CDR202600001034,SENDER_OUTGOING_ACTIVITY,-239,1
TXN250320FT2LEN,CDR202600001045,REVERSE,42,1
ATM2507063YJG3Y,CDR202600001062,SENDER_OUTGOING_ACTIVITY,52,1
TXN250220L2670C,CDR202600001077,REVERSE,582,1
ATM250402RE3QFA,CDR202600001081,REVERSE,-51,1
UPI251017X46BUJ,CDR202600001084,DIRECT,832,1
ATM250926RAKUD0,CDR202600001089,REVERSE,-49,1
TXN250801BZHJP3,CDR202600001100,DIRECT,14,1
ATM251224E0M3X5,CDR202600001115,RECEIVER_OUTGOING_ACTIVITY,51,1
TXN250509FQQHTZ,CDR202600001122,DIRECT,-30,1
UPI25120829XO20,CDR202600001149,SENDER_INCOMING_ACTIVITY,156,1
IMPS250506FTKL6X,CDR202600001166,REVERSE,-110,1
ATM250730KZKL6Z,CDR202600001180,REVERSE,-606,1
ATM2503313O4692,CDR202600001203,DIRECT,-1157,1
UPI250205KDLN2E,CDR202600001289,DIRECT,-1441,1
UPI250919EOEPQS,CDR202600001290,SENDER_OUTGOING_ACTIVITY,1379,1
UPI250428UC9E5F,CDR202600001306,SENDER_INCOMING_ACTIVITY,8,1
UPI250906Q66P7N,CDR202600001314,SENDER_INCOMING_ACTIVITY,-33,1
TXN2508135G11CB,CDR202600001318,DIRECT,41,1
UPI250430PG0OLN,CDR202600001331,DIRECT,-137,1
ATM2510014AI20O,CDR202600001334,SENDER_OUTGOING_ACTIVITY,50,1
ATM250618Y1SUIX,CDR202600001374,SENDER_OUTGOING_ACTIVITY,-26,1
TXN250104TWT2I9,CDR202600001389,SENDER_OUTGOING_ACTIVITY,-33,1
ATM250223MKRQ49,CDR202600001397,RECEIVER_INCOMING_ACTIVITY,705,1
ATM250211ADV785,CDR202600001399,DIRECT,-239,1
ATM250103DJM5GH,CDR202600001407,RECEIVER_OUTGOING_ACTIVITY,-58,1
UPI250712AUP5TG,CDR202600001427,RECEIVER_OUTGOING_ACTIVITY,340,1
ATM2509272WIRSD,CDR202600001433,DIRECT,217,1
TXN2502088L00YA,CDR202600001442,RECEIVER_OUTGOING_ACTIVITY,-819,1
ATM250803CK9OE7,CDR202600001449,DIRECT,45,1
UPI250721VH4SJI,CDR202600001470,SENDER_OUTGOING_ACTIVITY,-73,1
UPI250315WUDD1Y,CDR202600001478,RECEIVER_INCOMING_ACTIVITY,69,1
TXN250328PH0PX3,CDR202600001501,SENDER_OUTGOING_ACTIVITY,35,1
TXN250416JUTILP,CDR202600001504,SENDER_OUTGOING_ACTIVITY,-262,1
UPI250725Z9MSI3,CDR202600001508,DIRECT,24,1
IMPS2506288J2NWV,CDR202600001512,SENDER_OUTGOING_ACTIVITY,50,1
ATM250804CHG2ZT,CDR202600001535,SENDER_INCOMING_ACTIVITY,209,1
UPI251103T78KU8,CDR202600001567,SENDER_OUTGOING_ACTIVITY,-206,1
ATM250724RNV14V,CDR202600001584,DIRECT,-326,1
UPI251101SKFT54,CDR202600001591,DIRECT,-57,1
TXN25090657O2QC,CDR202600001655,DIRECT,1728,1
UPI250424CCMWOM,CDR202600001656,SENDER_INCOMING_ACTIVITY,-1552,1
UPI250804SMXINZ,CDR202600001664,SENDER_INCOMING_ACTIVITY,-546,1
TXN2503206Y48L0,CDR202600001672,SENDER_INCOMING_ACTIVITY,-224,1
TXN250603A8HRKX,CDR202600001688,RECEIVER_OUTGOING_ACTIVITY,1650,1
IMPS250406DT4RZY,CDR202600001695,SENDER_OUTGOING_ACTIVITY,53,1
ATM250517G2AU02,CDR202600001704,RECEIVER_INCOMING_ACTIVITY,-1598,1
ATM2511121OAC8L,CDR202600001743,REVERSE,38,1
IMPS2504248WAPCT,CDR202600001775,SENDER_INCOMING_ACTIVITY,55,1
ATM250629NC9VP0,CDR202600001777,SENDER_OUTGOING_ACTIVITY,487,1
TXN250307XPDMJZ,CDR202600001787,SENDER_INCOMING_ACTIVITY,5,1
ATM250502YXZDRE,CDR202600001804,DIRECT,60,1
IMPS2502188M6E8X,CDR202600001836,SENDER_OUTGOING_ACTIVITY,-39,1
TXN250707R1LSIV,CDR202600001844,RECEIVER_OUTGOING_ACTIVITY,16,1
ATM2503180ZUYGR,CDR202600001862,SENDER_INCOMING_ACTIVITY,-23,1
TXN251108D76ESW,CDR202600001867,DIRECT,-120,1
UPI251116FIXZJN,CDR202600001877,DIRECT,-59,1
UPI251224OB2KJ1,CDR202600001905,SENDER_INCOMING_ACTIVITY,-197,1
IMPS250306YTRVGL,CDR202600001914,SENDER_OUTGOING_ACTIVITY,10,1
IMPS250207TNL7BH,CDR202600001923,REVERSE,53,1
IMPS250210R12E0X,CDR202600001939,SENDER_OUTGOING_ACTIVITY,40,1
UPI250101NRXD35,CDR202600001942,RECEIVER_INCOMING_ACTIVITY,-779,1
ATM250331GWWU2B,CDR202600001950,DIRECT,-55,1
TXN25010431W0GQ,CDR202600001986,SENDER_INCOMING_ACTIVITY,-25,1
IMPS250622TK0S8J,CDR202600002007,REVERSE,-93,1
TXN250327D6POG6,CDR202600002021,RECEIVER_OUTGOING_ACTIVITY,659,1
TXN25042441AB4C,CDR202600002026,DIRECT,19,1
ATM251222A5MEK3,CDR202600002032,DIRECT,-1533,1
TXN250713X3NEHY,CDR202600002037,DIRECT,-364,1
ATM250102VRN8LP,CDR202600002052,SENDER_INCOMING_ACTIVITY,-114,1
ATM251103RZ3THQ,CDR202600002055,REVERSE,-162,1
UPI25060480UX11,CDR202600002073,REVERSE,-133,1
TXN2510154UYTVT,CDR202600002104,DIRECT,-19,1
ATM250131B1ZNYU,CDR202600002123,SENDER_INCOMING_ACTIVITY,-176,1
ATM250807VZ0EVW,CDR202600002137,REVERSE,1666,1
ATM250822NSD2B8,CDR202600002138,SENDER_INCOMING_ACTIVITY,-1524,1
UPI2509307CFKKN,CDR202600002148,SENDER_INCOMING_ACTIVITY,-11,1
ATM250411YO52R1,CDR202600002150,SENDER_OUTGOING_ACTIVITY,35,1
UPI250803JDDCYJ,CDR202600002165,SENDER_OUTGOING_ACTIVITY,864,1
TXN2510054PG7UI,CDR202600002189,DIRECT,1579,1
ATM2510026NMYW3,CDR202600002200,DIRECT,252,1
UPI250117P6X4N5,CDR202600002214,SENDER_INCOMING_ACTIVITY,152,1
TXN250210AUC32L,CDR202600002217,SENDER_OUTGOING_ACTIVITY,82,1
RTGS250301DBQDTF,CDR202600002230,RECEIVER_INCOMING_ACTIVITY,-19,1
IMPS251210A6CKF5,CDR202600002238,SENDER_OUTGOING_ACTIVITY,-1373,1
UPI250505QSMCII,CDR202600002240,REVERSE,-252,1
UPI251117CXETAW,CDR202600002253,SENDER_INCOMING_ACTIVITY,53,1
ATM2504139GEUEL,CDR202600002256,DIRECT,-89,1
IMPS250130G0MBFH,CDR202600002264,SENDER_OUTGOING_ACTIVITY,-519,1
ATM250308WPNMN5,CDR202600002268,SENDER_INCOMING_ACTIVITY,-323,1
UPI250422JOOI9L,CDR202600002272,REVERSE,-253,1
UPI251105MOV80N,CDR202600002275,DIRECT,-266,1
ATM250218F83VF3,CDR202600002292,SENDER_OUTGOING_ACTIVITY,830,1
TXN250509RHYE90,CDR202600002296,SENDER_INCOMING_ACTIVITY,-139,1
TXN250830OJM67M,CDR202600002305,SENDER_OUTGOING_ACTIVITY,250,1
IMPS250927JM8O6K,CDR202600002314,DIRECT,285,1
ATM250721PMICBE,CDR202600002317,DIRECT,260,1
UPI250907ZCNWZ0,CDR202600002330,RECEIVER_INCOMING_ACTIVITY,65,1
TXN251222JXYD2U,CDR202600002338,SENDER_OUTGOING_ACTIVITY,640,1
IMPS250808QXO7V7,CDR202600002343,DIRECT,145,1
ATM250822EHPBXS,CDR202600002354,DIRECT,116,1
ATM250905OMLX3L,CDR202600002364,REVERSE,-81,1
TXN2512207EEGS3,CDR202600002368,SENDER_INCOMING_ACTIVITY,20,1
TXN250602APE9V0,CDR202600002371,DIRECT,-2,1
ATM251230J8GIBS,CDR202600002376,SENDER_INCOMING_ACTIVITY,-297,1
UPI250325BMNNSL,CDR202600002390,RECEIVER_INCOMING_ACTIVITY,217,1
ATM251117Y5LLJI,CDR202600002394,SENDER_OUTGOING_ACTIVITY,33,1
ATM250804QK527V,CDR202600002405,SENDER_INCOMING_ACTIVITY,162,1
ATM250220G7JIA6,CDR202600002419,DIRECT,-61,1
ATM250627EW8TLH,CDR202600002445,DIRECT,51,1
ATM250910QFG72L,CDR202600002483,REVERSE,572,1
UPI250923G3V4OE,CDR202600002486,REVERSE,317,1
ATM2512262G3QK8,CDR202600002511,DIRECT,-536,1
UPI250702MTR8GR,CDR202600002517,DIRECT,-690,1
TXN2501127RWWRJ,CDR202600002526,SENDER_OUTGOING_ACTIVITY,216,1
ATM2510299ICQZH,CDR202600002550,RECEIVER_OUTGOING_ACTIVITY,298,1
ATM25042665BB8E,CDR202600002574,RECEIVER_OUTGOING_ACTIVITY,595,1
TXN250524SP5D8I,CDR202600002589,DIRECT,12,1
ATM250908S1B8DH,CDR202600002594,SENDER_INCOMING_ACTIVITY,17,1
IMPS25070263UU49,CDR202600002605,DIRECT,-34,1
IMPS250813QUOJMW,CDR202600002606,DIRECT,-140,1
UPI250523WIYTRF,CDR202600002611,DIRECT,459,1
TXN250216O0DWW7,CDR202600002630,DIRECT,474,1
ATM250217SP9JWO,CDR202600002655,DIRECT,508,1
UPI250726T2843O,CDR202600002662,REVERSE,290,1
ATM25050611TMDI,CDR202600002670,DIRECT,28,1
UPI250923WQTGZC,CDR202600002677,REVERSE,651,1
TXN251103XEFOMX,CDR202600002680,REVERSE,390,1
UPI250503DGGLTP,CDR202600002690,DIRECT,153,1
UPI2512283IPT7Q,CDR202600002693,SENDER_OUTGOING_ACTIVITY,95,1
UPI2509117YJL5R,CDR202600002695,DIRECT,-529,1
UPI250807LI3T54,CDR202600002703,DIRECT,-125,1
IMPS250319M4HFBJ,CDR202600002723,DIRECT,-636,1
TXN2501227II6ZG,CDR202600002742,SENDER_OUTGOING_ACTIVITY,19,1
IMPS251228P25Y3O,CDR202600002745,REVERSE,-58,1
TXN251003JS1NKF,CDR202600002750,SENDER_OUTGOING_ACTIVITY,53,1
TXN250127HJAQC7,CDR202600002752,RECEIVER_INCOMING_ACTIVITY,274,1
UPI251015ZHZSJP,CDR202600002755,DIRECT,1487,1
UPI250928EUYWM6,CDR202600002766,DIRECT,-29,1
UPI250321MW794W,CDR202600002778,REVERSE,-26,1
UPI251219J6E64M,CDR202600002779,RECEIVER_OUTGOING_ACTIVITY,-20,1
UPI250918EAYP9E,CDR202600002785,SENDER_OUTGOING_ACTIVITY,69,1
ATM250808ZRYD6H,CDR202600002811,DIRECT,725,1
UPI250620TYUCD2,CDR202600002841,DIRECT,-25,1
TXN250101Y72IVG,CDR202600002891,SENDER_OUTGOING_ACTIVITY,491,1
IMPS250420AE702V,CDR202600002892,SENDER_OUTGOING_ACTIVITY,443,1
UPI250113ZFQDM6,CDR202600002894,DIRECT,-171,1
ATM250102XVH7KA,CDR202600002896,DIRECT,60,1
UPI2505101F951E,CDR202600002908,SENDER_INCOMING_ACTIVITY,117,1
UPI25010752KOCW,CDR202600002947,RECEIVER_OUTGOING_ACTIVITY,-17,1
UPI25051215Y2P1,CDR202600002978,DIRECT,10,1
ATM2509065FBMVA,CDR202600002991,REVERSE,56,1
UPI2505179BUYHM,CDR202600002994,DIRECT,-32,1
ATM25020434TFTU,CDR202600002997,SENDER_INCOMING_ACTIVITY,-108,1
UPI251130UHH3R0,CDR202600003001,SENDER_OUTGOING_ACTIVITY,328,1
TXN2504051G2YNJ,CDR202600003005,SENDER_OUTGOING_ACTIVITY,-14,1
ATM250514WYHVSA,CDR202600003029,REVERSE,60,1
ATM250116US1BJH,CDR202600003040,SENDER_INCOMING_ACTIVITY,21,1
UPI250818D3C4WW,CDR202600003053,DIRECT,202,1
IMPS250815V6DSMS,CDR202600003059,REVERSE,-112,1
UPI250708TK5MK1,CDR202600003083,DIRECT,131,1
TXN251016PA6GHI,CDR202600003089,DIRECT,79,1
TXN251210L2NOP6,CDR202600003096,DIRECT,98,1
ATM250219YT4TO1,CDR202600003121,REVERSE,-1026,1
ATM251022H2E5SO,CDR202600003124,SENDER_INCOMING_ACTIVITY,-170,1
IMPS250319FXI0F6,CDR202600003153,RECEIVER_INCOMING_ACTIVITY,-296,1
UPI251125UIKFYL,CDR202600003163,SENDER_OUTGOING_ACTIVITY,174,1
ATM250731S1RNB3,CDR202600003165,DIRECT,55,1
ATM250815QJKG39,CDR202600003170,RECEIVER_INCOMING_ACTIVITY,16,1
UPI251017J4552K,CDR202600003198,DIRECT,60,1
UPI25021872X0W8,CDR202600003207,SENDER_OUTGOING_ACTIVITY,1701,1
ATM250317XJF3Q4,CDR202600003216,RECEIVER_OUTGOING_ACTIVITY,-279,1
TXN250327MGPQRM,CDR202600003233,SENDER_OUTGOING_ACTIVITY,-591,1
UPI2501023X8MBG,CDR202600003245,REVERSE,-322,1
UPI250211Y9TMA0,CDR202600003256,DIRECT,1591,1
UPI25081798BRMK,CDR202600003263,SENDER_OUTGOING_ACTIVITY,86,1
UPI250326FVWYTZ,CDR202600003264,REVERSE,16,1
UPI250915WD9RGI,CDR202600003280,SENDER_OUTGOING_ACTIVITY,663,1
ATM25022215JREP,CDR202600003292,DIRECT,-33,1
ATM251226ZE8FTV,CDR202600003295,SENDER_INCOMING_ACTIVITY,256,1
ATM250208HOO3Y0,CDR202600003307,DIRECT,2,1
TXN250107CZAFR0,CDR202600003329,DIRECT,241,1
ATM251031QG23NJ,CDR202600003330,DIRECT,-747,1
TXN251208QIQ7PW,CDR202600003333,RECEIVER_INCOMING_ACTIVITY,-544,1
ATM2501305A42XH,CDR202600003339,DIRECT,-726,1
IMPS250510O45CJN,CDR202600003353,DIRECT,298,1
UPI2512090Y6ZUP,CDR202600003374,REVERSE,-23,1
UPI250113VVRHRK,CDR202600003378,RECEIVER_INCOMING_ACTIVITY,107,1
ATM250525LKVVI3,CDR202600003387,RECEIVER_INCOMING_ACTIVITY,17,1
TXN251229H4KG1J,CDR202600003391,SENDER_OUTGOING_ACTIVITY,532,1
UPI2501222EE3ME,CDR202600003394,SENDER_OUTGOING_ACTIVITY,-670,1
ATM2510295UQ73O,CDR202600003405,SENDER_OUTGOING_ACTIVITY,-143,1
TXN2507131V7XNP,CDR202600003417,DIRECT,640,1
UPI2509141EIP5M,CDR202600003420,SENDER_OUTGOING_ACTIVITY,-780,1
IMPS250122WPMSOF,CDR202600003429,DIRECT,-610,1
ATM2504037PPL2W,CDR202600003430,SENDER_OUTGOING_ACTIVITY,-577,1
TXN250728C52N1T,CDR202600003451,REVERSE,-295,1
UPI2504222Y0GHB,CDR202600003457,RECEIVER_OUTGOING_ACTIVITY,-25,1
TXN2506307D3IBV,CDR202600003480,DIRECT,-146,1
ATM2510135WXT49,CDR202600003499,DIRECT,12,1
UPI251019FYRI7R,CDR202600003514,DIRECT,-380,1
UPI250524JH3C8H,CDR202600003524,REVERSE,-788,1
TXN250427ID5OLZ,CDR202600003542,SENDER_OUTGOING_ACTIVITY,34,1
UPI2512184Q5ZON,CDR202600003556,SENDER_INCOMING_ACTIVITY,-190,1
UPI251229OLVBXL,CDR202600003558,SENDER_OUTGOING_ACTIVITY,-1635,1
UPI25011123OTZF,CDR202600003588,DIRECT,58,1
ATM250510S7U501,CDR202600003590,SENDER_OUTGOING_ACTIVITY,149,1
ATM250118KLY95Y,CDR202600003606,DIRECT,136,1
ATM250407AJWGQ8,CDR202600003621,SENDER_OUTGOING_ACTIVITY,4,1
IMPS2512318MJYY5,CDR202600003676,SENDER_OUTGOING_ACTIVITY,274,1
TXN250316L5Q232,CDR202600003697,DIRECT,230,1
ATM250114CW6J7O,CDR202600003706,REVERSE,-599,1
IMPS251103RMNE0S,CDR202600003738,DIRECT,-707,1
ATM250318IW2KTV,CDR202600003740,DIRECT,56,1
ATM250622HDXNH1,CDR202600003742,DIRECT,-19,1
ATM250224O11539,CDR202600003761,REVERSE,-509,1
ATM2510013IQIPL,CDR202600003765,RECEIVER_INCOMING_ACTIVITY,585,1
TXN250526KL5H20,CDR202600003773,SENDER_OUTGOING_ACTIVITY,45,1
IMPS250730O8AXL0,CDR202600003783,DIRECT,-243,1
UPI250917JTYUC3,CDR202600003787,SENDER_OUTGOING_ACTIVITY,94,1
ATM250819ZWJ52L,CDR202600003799,DIRECT,-229,1
ATM251122FMS0OL,CDR202600003804,SENDER_OUTGOING_ACTIVITY,-502,1
TXN250420O0J0PD,CDR202600003810,DIRECT,-239,1
UPI251016NRVTJI,CDR202600003833,RECEIVER_INCOMING_ACTIVITY,282,1
IMPS2505195WZEDW,CDR202600003859,RECEIVER_OUTGOING_ACTIVITY,701,1
TXN2508017UMNIR,CDR202600003865,DIRECT,2,1
UPI250703R0HP4I,CDR202600003905,DIRECT,691,1
ATM251116BKFXYE,CDR202600003914,SENDER_INCOMING_ACTIVITY,-55,1
ATM2511274KNDM1,CDR202600003916,RECEIVER_INCOMING_ACTIVITY,297,1
UPI2509079S731X,CDR202600003930,RECEIVER_OUTGOING_ACTIVITY,-437,1
UPI250926SSOIAI,CDR202600003940,SENDER_INCOMING_ACTIVITY,1619,1
ATM250714DP1L3Z,CDR202600003950,SENDER_OUTGOING_ACTIVITY,45,1
TXN251118UN3RBZ,CDR202600003951,DIRECT,112,1
TXN250926SG0JIU,CDR202600003957,RECEIVER_INCOMING_ACTIVITY,-1375,1
ATM250116XVFA8R,CDR202600003977,SENDER_OUTGOING_ACTIVITY,454,1
UPI250605MJENAZ,CDR202600003982,SENDER_OUTGOING_ACTIVITY,1,1
ATM251009OINRHG,CDR202600003992,DIRECT,285,1
ATM251107GZHF3G,CDR202600004008,DIRECT,121,1
TXN250820TQ2V6R,CDR202600004020,DIRECT,-592,1
TXN250203QKUS7E,CDR202600004030,SENDER_INCOMING_ACTIVITY,-303,1
TXN250804PQHOLU,CDR202600004086,SENDER_OUTGOING_ACTIVITY,49,1
UPI2506094YAAS0,CDR202600004103,DIRECT,17,1
ATM250330QFYLK5,CDR202600004116,RECEIVER_INCOMING_ACTIVITY,-42,1
UPI2507280XIC8L,CDR202600004127,RECEIVER_OUTGOING_ACTIVITY,165,1
UPI250204HFVQS8,CDR202600004144,DIRECT,73,1
UPI250605EZAWMX,CDR202600004145,RECEIVER_OUTGOING_ACTIVITY,-136,1
IMPS2508036UYXDM,CDR202600004147,REVERSE,17,1
UPI2506058RJ6IV,CDR202600004150,REVERSE,32,1
ATM2507222CJS5U,CDR202600004169,DIRECT,778,1
IMPS2502034UZ9JG,CDR202600004178,RECEIVER_OUTGOING_ACTIVITY,1273,1
UPI251006DQ0BD9,CDR202600004190,REVERSE,31,1
IMPS250928IBGYP3,CDR202600004199,RECEIVER_OUTGOING_ACTIVITY,15,1
IMPS250503W2PF0M,CDR202600004207,DIRECT,-152,1
ATM250409J2VAC9,CDR202600004235,RECEIVER_INCOMING_ACTIVITY,52,1
UPI250724FKUSBY,CDR202600004241,RECEIVER_OUTGOING_ACTIVITY,-1571,1
UPI250721U8JG3T,CDR202600004262,SENDER_INCOMING_ACTIVITY,606,1
UPI251019XC4MSG,CDR202600004266,DIRECT,-159,1
ATM2503086NFGVI,CDR202600004273,RECEIVER_OUTGOING_ACTIVITY,153,1
UPI251023OO9LCD,CDR202600004324,REVERSE,-3,1
IMPS250221ZFF8OY,CDR202600004327,DIRECT,-39,1
ATM250314F8CZIW,CDR202600004337,DIRECT,-796,1
UPI2502234XC0ZH,CDR202600004339,SENDER_INCOMING_ACTIVITY,64,1
ATM250514603FMZ,CDR202600004383,SENDER_INCOMING_ACTIVITY,80,1
TXN250106Y95CPQ,CDR202600004407,SENDER_OUTGOING_ACTIVITY,38,1
UPI250819R9ZW44,CDR202600004434,RECEIVER_OUTGOING_ACTIVITY,-32,1
IMPS250807J0QK33,CDR202600004451,DIRECT,-1732,1
TXN251119GB5XQA,CDR202600004458,DIRECT,159,1
IMPS251126BXYWBP,CDR202600004473,DIRECT,-736,1
TXN250225MN02R6,CDR202600004492,DIRECT,-1060,1
UPI250823E8W7PK,CDR202600004527,REVERSE,-631,1
ATM251021JCW4CL,CDR202600004528,DIRECT,625,1
UPI250313C6CQPW,CDR202600004561,DIRECT,1493,1
UPI250618RKECJJ,CDR202600004565,RECEIVER_OUTGOING_ACTIVITY,51,1
UPI2510141ZREVT,CDR202600004569,REVERSE,370,1
ATM250716PSVQDJ,CDR202600004574,RECEIVER_OUTGOING_ACTIVITY,28,1
UPI2502121CT1S4,CDR202600004577,DIRECT,297,1
IMPS251220FP5RXW,CDR202600004583,SENDER_OUTGOING_ACTIVITY,50,1
UPI251118DVHNBE,CDR202600004585,RECEIVER_OUTGOING_ACTIVITY,40,1
UPI25031693GNFZ,CDR202600004588,RECEIVER_OUTGOING_ACTIVITY,-4,1
ATM250812EH0KAS,CDR202600004608,DIRECT,34,1
ATM251113MV1RSG,CDR202600004614,REVERSE,-105,1
UPI25082534FZRW,CDR202600004628,DIRECT,-51,1
ATM2511293GW053,CDR202600004657,SENDER_INCOMING_ACTIVITY,-1207,1
TXN250103XYPHWH,CDR202600004680,DIRECT,-532,1
UPI250106NXV50O,CDR202600004690,REVERSE,-34,1
ATM250115GAFZNT,CDR202600004692,SENDER_INCOMING_ACTIVITY,67,1
TXN25122221Z72U,CDR202600004711,REVERSE,516,1
TXN250526WBE8UF,CDR202600004722,DIRECT,691,1
TXN250426XJ28LE,CDR202600004733,RECEIVER_OUTGOING_ACTIVITY,18,1
TXN250116SMQGXW,CDR202600004741,DIRECT,29,1
UPI251209OOQVP8,CDR202600004742,REVERSE,-377,1
TXN251008CZPH3D,CDR202600004774,RECEIVER_INCOMING_ACTIVITY,-177,1
ATM250727CNSZMT,CDR202600004789,RECEIVER_INCOMING_ACTIVITY,-1288,1
ATM250107514GIU,CDR202600004796,SENDER_OUTGOING_ACTIVITY,79,1
ATM251231OPVEV4,CDR202600004801,SENDER_OUTGOING_ACTIVITY,-32,1
ATM251127H7DQB4,CDR202600004802,SENDER_OUTGOING_ACTIVITY,-1053,1
ATM250726MX2AG8,CDR202600004805,SENDER_INCOMING_ACTIVITY,161,1
TXN250328NWNMTK,CDR202600004820,DIRECT,546,1
TXN250214Y7ML0A,CDR202600004823,RECEIVER_OUTGOING_ACTIVITY,1017,1
IMPS2510246AWA2J,CDR202600004829,REVERSE,10,1
ATM250607X8U5F5,CDR202600004891,DIRECT,-94,1
IMPS2512183XD7Z6,CDR202600004899,SENDER_OUTGOING_ACTIVITY,24,1
UPI250313WO9WA1,CDR202600004949,DIRECT,784,1
UPI250318KBAFZC,CDR202600005002,SENDER_INCOMING_ACTIVITY,-49,1
TXN2503021LF17H,CDR202600005012,RECEIVER_INCOMING_ACTIVITY,-139,1
ATM251223KEPBIR,CDR202600005024,RECEIVER_INCOMING_ACTIVITY,2,1
TXN25111936N74K,CDR202600005031,SENDER_INCOMING_ACTIVITY,-184,1
UPI250808KN21JM,CDR202600005071,RECEIVER_OUTGOING_ACTIVITY,297,1
TXN250212M4VZHH,CDR202600005090,SENDER_INCOMING_ACTIVITY,-172,1
ATM251116AXKCWD,CDR202600005093,REVERSE,-1057,1
ATM250629AKHAF0,CDR202600005098,REVERSE,-391,1
ATM250703D1D3YE,CDR202600005103,DIRECT,-300,1
TXN250702NRP0I5,CDR202600005119,RECEIVER_INCOMING_ACTIVITY,-28,1
TXN251111V6AA7Z,CDR202600005165,REVERSE,-353,1
UPI25031704BRF4,CDR202600005167,RECEIVER_OUTGOING_ACTIVITY,-95,1
UPI250110Z9LPHU,CDR202600005181,DIRECT,2,1
ATM250622G7FMIF,CDR202600005209,DIRECT,-190,1
IMPS250617YE0BND,CDR202600005222,REVERSE,-15,1
UPI2505288N23KM,CDR202600005229,RECEIVER_OUTGOING_ACTIVITY,759,1
ATM250131TEVLA4,CDR202600005234,SENDER_OUTGOING_ACTIVITY,-50,1
TXN250602MMA15S,CDR202600005245,REVERSE,-18,1
UPI251227VJY7QY,CDR202600005253,SENDER_INCOMING_ACTIVITY,-22,1
IMPS250518RQM1JL,CDR202600005268,SENDER_INCOMING_ACTIVITY,864,1
UPI250114EQH11K,CDR202600005296,SENDER_INCOMING_ACTIVITY,-58,1
ATM250408S6LIFU,CDR202600005297,DIRECT,36,1
UPI251022LV1OGU,CDR202600005299,REVERSE,1056,1
IMPS250618WWXCDY,CDR202600005307,DIRECT,41,1
TXN251021XSLJ4D,CDR202600005339,SENDER_INCOMING_ACTIVITY,250,1
ATM250825TE3DUI,CDR202600005374,SENDER_OUTGOING_ACTIVITY,-870,1
IMPS2504142UG4IE,CDR202600005386,DIRECT,4,1
ATM250909XSVZGA,CDR202600005390,DIRECT,-26,1
UPI2510310UNAVV,CDR202600005396,DIRECT,122,1
ATM250507LVMV8T,CDR202600005431,SENDER_OUTGOING_ACTIVITY,-122,1
IMPS250804WQZP8Y,CDR202600005435,SENDER_INCOMING_ACTIVITY,-1279,1
TXN250403P6JXFC,CDR202600005442,DIRECT,-97,1
UPI250103FDXK31,CDR202600005447,RECEIVER_OUTGOING_ACTIVITY,38,1
ATM250830ZKQ16D,CDR202600005448,DIRECT,-1431,1
ATM250624OZXNR7,CDR202600005464,DIRECT,-37,1
TXN250929R1QANB,CDR202600005492,RECEIVER_INCOMING_ACTIVITY,-426,1
ATM250413NL0ORQ,CDR202600005504,DIRECT,1752,1
UPI2504237KPIYR,CDR202600005509,SENDER_INCOMING_ACTIVITY,36,1
IMPS250126MCC8JD,CDR202600005540,RECEIVER_OUTGOING_ACTIVITY,35,1
UPI250716RLBVUP,CDR202600005541,DIRECT,-755,1
ATM250821UXNC6C,CDR202600005569,DIRECT,-593,1
ATM25061273DB1M,CDR202600005573,SENDER_OUTGOING_ACTIVITY,271,1
TXN251004CJILME,CDR202600005603,REVERSE,-1131,1
TXN250702EX696F,CDR202600005609,SENDER_OUTGOING_ACTIVITY,662,1
UPI250111JR78IC,CDR202600005624,DIRECT,-181,1
ATM25012982C2AS,CDR202600005645,DIRECT,743,1
UPI250611W549GT,CDR202600005710,SENDER_INCOMING_ACTIVITY,-60,1
UPI250720OAM3GP,CDR202600005714,SENDER_OUTGOING_ACTIVITY,-321,1
ATM250407W70RVI,CDR202600005732,DIRECT,-45,1
UPI25092511CSGD,CDR202600005764,RECEIVER_OUTGOING_ACTIVITY,-44,1
UPI251118PW3N3A,CDR202600005774,SENDER_OUTGOING_ACTIVITY,-737,1
ATM25061459EFYD,CDR202600005790,SENDER_OUTGOING_ACTIVITY,49,1
TXN250828TWEGEN,CDR202600005806,DIRECT,-117,1
ATM250606R7WXXV,CDR202600005844,SENDER_OUTGOING_ACTIVITY,13,1
ATM250402YY7ZEJ,CDR202600005883,RECEIVER_INCOMING_ACTIVITY,-18,1
ATM250602UVXUL3,CDR202600005891,SENDER_OUTGOING_ACTIVITY,-130,1
TXN2511041BUKQY,CDR202600005903,REVERSE,-840,1
ATM250128NSAQW3,CDR202600005913,REVERSE,203,1
UPI2511133TQ1QI,CDR202600005929,RECEIVER_INCOMING_ACTIVITY,-21,1
ATM251013VDG8RV,CDR202600005937,RECEIVER_INCOMING_ACTIVITY,1738,1
ATM250819RSR735,CDR202600005948,REVERSE,31,1
ATM251119G7FHLM,CDR202600005949,SENDER_INCOMING_ACTIVITY,988,1
UPI2504211HK7VE,CDR202600005951,DIRECT,27,1
UPI250209PTHOVV,CDR202600005961,SENDER_OUTGOING_ACTIVITY,54,1
TXN250811Y83ZS4,CDR202600005965,RECEIVER_OUTGOING_ACTIVITY,-471,1
UPI250709MF8WD7,CDR202600005985,RECEIVER_INCOMING_ACTIVITY,-1534,1
ATM251102Z6GFCP,CDR202600006021,DIRECT,-440,1
TXN250615D7QS76,CDR202600006031,RECEIVER_INCOMING_ACTIVITY,646,1
UPI251028OH68V4,CDR202600006041,DIRECT,30,1
UPI2506192C9OWY,CDR202600006062,DIRECT,-280,1
UPI251122KQT50G,CDR202600006066,RECEIVER_INCOMING_ACTIVITY,846,1
UPI2511156VY3SD,CDR202600006080,DIRECT,48,1
UPI250531MZRXN3,CDR202600006100,RECEIVER_INCOMING_ACTIVITY,185,1
UPI250606CMD924,CDR202600006111,SENDER_OUTGOING_ACTIVITY,-17,1
TXN250914UTUSF4,CDR202600006112,RECEIVER_INCOMING_ACTIVITY,-462,1
UPI250411N8KAU5,CDR202600006117,DIRECT,-53,1
ATM250614V8KDFN,CDR202600006137,SENDER_OUTGOING_ACTIVITY,40,1
UPI250913M9L7IR,CDR202600006143,DIRECT,9,1
ATM250129FFTAES,CDR202600006155,SENDER_INCOMING_ACTIVITY,14,1
UPI251219OWPQPS,CDR202600006159,DIRECT,147,1
UPI250210EJVMBS,CDR202600006176,SENDER_OUTGOING_ACTIVITY,505,1
IMPS251109CEOXZW,CDR202600006222,SENDER_OUTGOING_ACTIVITY,-43,1
UPI250804HSVIB0,CDR202600006236,DIRECT,-576,1
ATM2507254MFZXH,CDR202600006243,REVERSE,22,1
ATM250220SJLJ90,CDR202600006256,DIRECT,-714,1
IMPS250721Z8JPKG,CDR202600006259,REVERSE,1607,1
TXN2502241F2TY7,CDR202600006273,REVERSE,1474,1
UPI250705IP07WM,CDR202600006289,RECEIVER_INCOMING_ACTIVITY,-55,1
TXN2507197ANZ5T,CDR202600006297,REVERSE,-452,1
ATM251216KA8XUD,CDR202600006348,SENDER_OUTGOING_ACTIVITY,-232,1
ATM25032051VWW8,CDR202600006379,DIRECT,617,1
TXN250203K76UED,CDR202600006384,DIRECT,49,1
ATM250830WCMRH5,CDR202600006397,RECEIVER_INCOMING_ACTIVITY,903,1
ATM2510134VN4DR,CDR202600006399,REVERSE,147,1
UPI2512273QIY1X,CDR202600006406,RECEIVER_OUTGOING_ACTIVITY,389,1
UPI250423QOIH1Y,CDR202600006407,DIRECT,775,1
ATM251002Q3V5O5,CDR202600006421,REVERSE,-58,1
UPI250201B3YTJO,CDR202600006441,DIRECT,-1324,1
ATM250626O7CVQ9,CDR202600006477,REVERSE,78,1
ATM2509300995E2,CDR202600006494,SENDER_OUTGOING_ACTIVITY,35,1
ATM250711KHOOSI,CDR202600006504,REVERSE,666,1
ATM250307F37WOJ,CDR202600006525,RECEIVER_OUTGOING_ACTIVITY,-855,1
ATM250913QYZL47,CDR202600006528,SENDER_OUTGOING_ACTIVITY,-1629,1
TXN250827GBEM5K,CDR202600006529,DIRECT,-836,1
ATM251214JLR5WL,CDR202600006570,DIRECT,-246,1
TXN250629RMOLSV,CDR202600006571,SENDER_INCOMING_ACTIVITY,-257,1
UPI250512Y4PCJX,CDR202600006597,DIRECT,-57,1
ATM251008WXAOWZ,CDR202600006607,RECEIVER_INCOMING_ACTIVITY,806,1
ATM250122S09JD5,CDR202600006642,RECEIVER_INCOMING_ACTIVITY,633,1
UPI250221HCRY5Z,CDR202600006661,DIRECT,-829,1
TXN2512218B4AME,CDR202600006666,DIRECT,-436,1
ATM25040131ZFS6,CDR202600006673,DIRECT,-874,1
UPI251203DXTIQQ,CDR202600006678,DIRECT,147,1
TXN250916Z9I6WK,CDR202600006686,SENDER_OUTGOING_ACTIVITY,-241,1
UPI2504156D1ZHP,CDR202600006703,REVERSE,-42,1
IMPS250530I15QAG,CDR202600006713,SENDER_INCOMING_ACTIVITY,71,1
ATM250915GGFQ3E,CDR202600006719,DIRECT,38,1
IMPS2505258I8T16,CDR202600006747,REVERSE,-1,1
ATM250215QUXYKC,CDR202600006756,DIRECT,34,1
TXN2508056B0EQ3,CDR202600006769,SENDER_OUTGOING_ACTIVITY,743,1
ATM250127PQBZA4,CDR202600006786,DIRECT,232,1
UPI251024M03FFO,CDR202600006814,DIRECT,-9,1
ATM2512167A0YPS,CDR202600006823,DIRECT,-19,1
UPI250818OMNR92,CDR202600006826,SENDER_INCOMING_ACTIVITY,-820,1
UPI2510040RMMZC,CDR202600006848,RECEIVER_OUTGOING_ACTIVITY,-61,1
ATM250105FU547O,CDR202600006861,DIRECT,17,1
UPI2510053IZRQD,CDR202600006871,SENDER_OUTGOING_ACTIVITY,-292,1
UPI250202EJQL98,CDR202600006876,DIRECT,873,1
TXN251215TKD1RU,CDR202600006880,SENDER_OUTGOING_ACTIVITY,-571,1
TXN2502187LHLNM,CDR202600006881,DIRECT,-1376,1
UPI250516Q8NLI9,CDR202600006892,DIRECT,-156,1
ATM250327BQR1NM,CDR202600006897,DIRECT,-32,1
UPI25091805VKH6,CDR202600006935,DIRECT,1639,1
ATM2510287DPBSB,CDR202600006950,SENDER_OUTGOING_ACTIVITY,-244,1
ATM25122434G83N,CDR202600006951,SENDER_OUTGOING_ACTIVITY,-1015,1
UPI251126EDXZWP,CDR202600006976,RECEIVER_OUTGOING_ACTIVITY,-14,1
ATM251128BTCP73,CDR202600006984,REVERSE,56,1
ATM2503264BGJE2,CDR202600006986,DIRECT,-147,1
TXN2503038IEUXV,CDR202600006997,SENDER_OUTGOING_ACTIVITY,-290,1
TXN2508262WV0XG,CDR202600007051,RECEIVER_OUTGOING_ACTIVITY,775,1
ATM250228KGQX4H,CDR202600007058,SENDER_INCOMING_ACTIVITY,1,1
TXN250206PNLQCZ,CDR202600007062,REVERSE,-254,1
UPI25090171RIUX,CDR202600007068,RECEIVER_INCOMING_ACTIVITY,37,1
UPI251013OQWDKY,CDR202600007069,REVERSE,374,1
TXN25052001LY9W,CDR202600007092,SENDER_INCOMING_ACTIVITY,68,1
TXN2512307J1VGJ,CDR202600007103,DIRECT,-216,1
ATM25062522KR9G,CDR202600007125,RECEIVER_OUTGOING_ACTIVITY,-1280,1
TXN250724D5RHOK,CDR202600007130,REVERSE,-381,1
ATM2503125YVUJJ,CDR202600007140,DIRECT,-539,1
IMPS250505HYDV7R,CDR202600007142,DIRECT,-676,1
ATM250619K9PBEN,CDR202600007145,RECEIVER_OUTGOING_ACTIVITY,44,1
ATM251022Q2RGJS,CDR202600007148,DIRECT,-145,1
ATM250716AKU578,CDR202600007152,REVERSE,-25,1
TXN2507011LV8TW,CDR202600007156,SENDER_INCOMING_ACTIVITY,-584,1
UPI250924P23M7P,CDR202600007171,DIRECT,-539,1
IMPS250925QTT48G,CDR202600007199,SENDER_OUTGOING_ACTIVITY,-242,1
ATM2502208GEC7G,CDR202600007207,DIRECT,-230,1
TXN250128GY1V3E,CDR202600007230,SENDER_INCOMING_ACTIVITY,-49,1
UPI250709OMW9KX,CDR202600007234,SENDER_INCOMING_ACTIVITY,-217,1
UPI250523XU2046,CDR202600007244,SENDER_OUTGOING_ACTIVITY,-866,1
TXN25042004P2ZZ,CDR202600007264,SENDER_INCOMING_ACTIVITY,-2,1
UPI25083173S63V,CDR202600007275,DIRECT,10,1
ATM2503294OBRIL,CDR202600007276,DIRECT,-273,1
UPI250512R5UI3T,CDR202600007281,RECEIVER_OUTGOING_ACTIVITY,179,1
TXN250215D90PM5,CDR202600007296,SENDER_INCOMING_ACTIVITY,30,1
TXN2505295AKHMI,CDR202600007321,REVERSE,-39,1
UPI2502118BBERJ,CDR202600007325,SENDER_INCOMING_ACTIVITY,253,1
ATM251226OQFDJJ,CDR202600007345,SENDER_INCOMING_ACTIVITY,719,1
UPI2502246NCTOE,CDR202600007373,SENDER_OUTGOING_ACTIVITY,-54,1
ATM250807PAZDBN,CDR202600007379,RECEIVER_OUTGOING_ACTIVITY,-257,1
ATM250817P84V53,CDR202600007393,DIRECT,-110,1
TXN250131MWNY0E,CDR202600007415,SENDER_INCOMING_ACTIVITY,1011,1
IMPS251126L8WZ6T,CDR202600007428,DIRECT,44,1
ATM250219GJXLQY,CDR202600007432,DIRECT,974,1
UPI250305RG0NQ9,CDR202600007434,SENDER_OUTGOING_ACTIVITY,7,1
ATM250211PNB2K1,CDR202600007444,SENDER_OUTGOING_ACTIVITY,126,1
UPI2502025N34B8,CDR202600007454,SENDER_OUTGOING_ACTIVITY,-902,1
ATM250324RMEUOJ,CDR202600007475,REVERSE,585,1
TXN250423J9M69Q,CDR202600007483,SENDER_OUTGOING_ACTIVITY,-12,1
ATM250710OY6AB8,CDR202600007521,DIRECT,535,1
TXN250326UYX1DR,CDR202600007532,REVERSE,412,1
UPI251031UNXOS9,CDR202600007546,RECEIVER_INCOMING_ACTIVITY,-771,1
ATM250203VXW9NF,CDR202600007560,SENDER_OUTGOING_ACTIVITY,833,1
TXN250628FEB9CY,CDR202600007596,RECEIVER_OUTGOING_ACTIVITY,1701,1
ATM2507308UVTNG,CDR202600007616,SENDER_INCOMING_ACTIVITY,-269,1
TXN250722HAEETT,CDR202600007618,REVERSE,114,1
ATM250811XJ89QJ,CDR202600007622,REVERSE,-36,1
UPI250921QLQNLS,CDR202600007634,DIRECT,145,1
ATM251230RU8BLU,CDR202600007635,REVERSE,-292,1
UPI251208AUTNJ5,CDR202600007653,SENDER_INCOMING_ACTIVITY,51,1
ATM2504237H00H6,CDR202600007654,DIRECT,-276,1
ATM251104A8BZQO,CDR202600007656,RECEIVER_INCOMING_ACTIVITY,-691,1
UPI2508054NN52L,CDR202600007674,SENDER_INCOMING_ACTIVITY,-159,1
UPI251120DBZTJ8,CDR202600007713,RECEIVER_INCOMING_ACTIVITY,487,1
UPI250316B5EJ6V,CDR202600007728,RECEIVER_OUTGOING_ACTIVITY,-13,1
UPI250814KMWZN2,CDR202600007818,DIRECT,-257,1
TXN251012KPW809,CDR202600007851,DIRECT,-184,1
ATM25072932TV1R,CDR202600007869,RECEIVER_INCOMING_ACTIVITY,-284,1
TXN250728XGXPPM,CDR202600007890,RECEIVER_INCOMING_ACTIVITY,88,1
ATM2509064OW7OQ,CDR202600007895,SENDER_INCOMING_ACTIVITY,205,1
ATM250131QQ7M5E,CDR202600007900,RECEIVER_INCOMING_ACTIVITY,1185,1
IMPS2505022CP06W,CDR202600007913,SENDER_INCOMING_ACTIVITY,225,1
ATM2503095SWYTJ,CDR202600007960,SENDER_INCOMING_ACTIVITY,-52,1
ATM251203TOGKC1,CDR202600008025,RECEIVER_INCOMING_ACTIVITY,361,1
UPI250702CSYVMD,CDR202600008028,DIRECT,-269,1
UPI250216HWJYJQ,CDR202600008043,DIRECT,-25,1
TXN251031CVZ0Q4,CDR202600008058,DIRECT,-320,1
TXN250828QLQEBY,CDR202600008078,RECEIVER_INCOMING_ACTIVITY,-275,1
TXN250129YRKLS4,CDR202600008092,SENDER_OUTGOING_ACTIVITY,710,1
TXN2509303HA4EY,CDR202600008097,DIRECT,-517,1
ATM251211UWHBAR,CDR202600008110,RECEIVER_OUTGOING_ACTIVITY,-585,1
UPI2504194A1J3M,CDR202600008115,RECEIVER_INCOMING_ACTIVITY,898,1
ATM251213YZ72YY,CDR202600008184,DIRECT,-480,1
UPI250227TUNTSX,CDR202600008198,SENDER_OUTGOING_ACTIVITY,-15,1
ATM2509270TCFWB,CDR202600008205,DIRECT,1086,1
IMPS250714TRN8TX,CDR202600008206,DIRECT,-282,1
ATM250708NVR0OS,CDR202600008211,DIRECT,-253,1
UPI251123TCDEAJ,CDR202600008231,DIRECT,160,1
UPI25070618FXSP,CDR202600008232,DIRECT,42,1
UPI250911LZ6TSO,CDR202600008248,REVERSE,-275,1
ATM251204TIT636,CDR202600008262,REVERSE,1152,1
UPI250612FUVG7R,CDR202600008264,SENDER_OUTGOING_ACTIVITY,231,1
UPI251119W6379J,CDR202600008269,DIRECT,-203,1
RTGS250226PJY516,CDR202600008277,DIRECT,-261,1
UPI250601XQHNDF,CDR202600008290,SENDER_OUTGOING_ACTIVITY,58,1
UPI251114NGW4BG,CDR202600008294,DIRECT,300,1
UPI2511175L91G3,CDR202600008311,SENDER_OUTGOING_ACTIVITY,-804,1
TXN250203BTO1CG,CDR202600008313,SENDER_INCOMING_ACTIVITY,59,1
TXN2504183DOWRL,CDR202600008348,RECEIVER_OUTGOING_ACTIVITY,-50,1
TXN250213J9Y4D0,CDR202600008351,SENDER_INCOMING_ACTIVITY,169,1
ATM250218WNZLX7,CDR202600008357,DIRECT,-13,1
UPI250216B9LG7Q,CDR202600008365,SENDER_OUTGOING_ACTIVITY,-229,1
ATM250822HBN8YU,CDR202600008367,RECEIVER_INCOMING_ACTIVITY,1666,1
ATM250831SGGR0W,CDR202600008389,SENDER_INCOMING_ACTIVITY,46,1
UPI251221VGKXBB,CDR202600008407,DIRECT,12,1
ATM251004EWNS5D,CDR202600008411,DIRECT,-1020,1
ATM250324AB3FSR,CDR202600008452,DIRECT,137,1
TXN250104IWZWT9,CDR202600008472,DIRECT,16,1
IMPS251125QNY180,CDR202600008475,DIRECT,-552,1
ATM251009HYQGLZ,CDR202600008482,RECEIVER_OUTGOING_ACTIVITY,-312,1
ATM250402QPWC3E,CDR202600008495,SENDER_INCOMING_ACTIVITY,-348,1
UPI2510176AO0R0,CDR202600008517,DIRECT,-49,1
ATM250312VNEAIL,CDR202600008532,RECEIVER_INCOMING_ACTIVITY,-205,1
TXN250509AYFMOP,CDR202600008540,DIRECT,-168,1
ATM250320PHF5QU,CDR202600008563,REVERSE,1092,1
IMPS250503R54C7V,CDR202600008594,DIRECT,41,1
TXN251124KEQFWY,CDR202600008612,SENDER_INCOMING_ACTIVITY,-11,1
ATM251027L0J4LL,CDR202600008645,DIRECT,-186,1
ATM250618DPXRZP,CDR202600008646,SENDER_OUTGOING_ACTIVITY,-681,1
UPI250326VGFYCY,CDR202600008660,RECEIVER_OUTGOING_ACTIVITY,-25,1
ATM250916XWPIF9,CDR202600008666,SENDER_INCOMING_ACTIVITY,-22,1
TXN250531WZCIV4,CDR202600008679,RECEIVER_OUTGOING_ACTIVITY,1075,1
ATM250213E6RYPI,CDR202600008687,DIRECT,29,1
UPI2501254ZAMF8,CDR202600008693,DIRECT,28,1
TXN2510092TOHAC,CDR202600008706,REVERSE,-290,1
TXN2506199C6R4H,CDR202600008716,REVERSE,280,1
ATM2502287FKYK9,CDR202600008735,DIRECT,-201,1
UPI250423UDL7DQ,CDR202600008738,SENDER_OUTGOING_ACTIVITY,-45,1
UPI25100174LAPE,CDR202600008740,DIRECT,-467,1
UPI250627QNUFWH,CDR202600008750,REVERSE,551,1
IMPS25040229VL2B,CDR202600008758,SENDER_OUTGOING_ACTIVITY,-181,1
TXN250430LO7GD7,CDR202600008783,REVERSE,1211,1
IMPS250823FCKQPV,CDR202600008794,RECEIVER_OUTGOING_ACTIVITY,674,1
ATM251014XK5EEA,CDR202600008801,SENDER_INCOMING_ACTIVITY,-1672,1
TXN251009QI00OF,CDR202600008814,SENDER_OUTGOING_ACTIVITY,-34,1
TXN250904VC2IOD,CDR202600008840,DIRECT,-523,1
ATM250412V7UDYH,CDR202600008851,SENDER_OUTGOING_ACTIVITY,89,1
ATM2503145BCRJI,CDR202600008855,DIRECT,11,1
UPI250501O0C0CF,CDR202600008878,RECEIVER_INCOMING_ACTIVITY,32,1
TXN250703WMEDG7,CDR202600008888,SENDER_INCOMING_ACTIVITY,376,1
ATM250623S0Y54L,CDR202600008893,DIRECT,-56,1
ATM250304TJ22FL,CDR202600008911,DIRECT,-174,1
IMPS251029NSX3M5,CDR202600008924,SENDER_INCOMING_ACTIVITY,-772,1
TXN250607UGY4RS,CDR202600008927,DIRECT,21,1
UPI2506247OP340,CDR202600008931,REVERSE,-701,1
ATM250408SQ6X5O,CDR202600008938,SENDER_OUTGOING_ACTIVITY,56,1
UPI2501318MV8ST,CDR202600008947,DIRECT,-144,1
UPI2508268OUTXX,CDR202600008956,RECEIVER_OUTGOING_ACTIVITY,-283,1
UPI250101OYC3RW,CDR202600008967,SENDER_INCOMING_ACTIVITY,7,1
ATM2509177DTV1U,CDR202600008977,RECEIVER_OUTGOING_ACTIVITY,-77,1
TXN251122P18525,CDR202600008983,REVERSE,367,1
TXN2512084QH2M9,CDR202600008993,DIRECT,123,1
ATM250323G80FAD,CDR202600008998,REVERSE,-55,1
ATM250303YME3VV,CDR202600008999,SENDER_INCOMING_ACTIVITY,194,1
UPI250531UL1TXB,CDR202600009038,REVERSE,269,1
ATM250725HK7RGU,CDR202600009044,DIRECT,100,1
TXN251219VDFWOX,CDR202600009059,SENDER_INCOMING_ACTIVITY,4,1
TXN250807V9NHV2,CDR202600009097,RECEIVER_OUTGOING_ACTIVITY,11,1
ATM2508203YZWE5,CDR202600009130,REVERSE,416,1
TXN251127JGDA1R,CDR202600009139,DIRECT,819,1
UPI250505FS7DL1,CDR202600009161,DIRECT,1684,1
TXN2509188X2YK6,CDR202600009172,DIRECT,60,1
UPI2505087S9QZK,CDR202600009179,DIRECT,64,1
ATM250405KX7CFR,CDR202600009201,SENDER_INCOMING_ACTIVITY,98,1
UPI2511219WI3L1,CDR202600009221,SENDER_OUTGOING_ACTIVITY,46,1
ATM250322LF3I1J,CDR202600009226,DIRECT,-295,1
ATM25050928AWU2,CDR202600009296,SENDER_OUTGOING_ACTIVITY,-27,1
UPI251128EZDDX4,CDR202600009323,REVERSE,573,1
UPI250525XVHYS9,CDR202600009334,RECEIVER_INCOMING_ACTIVITY,-138,1
TXN25100899CHO2,CDR202600009339,DIRECT,865,1
ATM251109D6UESO,CDR202600009359,DIRECT,246,1
IMPS250302OB4LR9,CDR202600009367,SENDER_INCOMING_ACTIVITY,38,1
TXN250314O3111G,CDR202600009381,SENDER_INCOMING_ACTIVITY,-94,1
UPI250601WX5N3R,CDR202600009400,SENDER_OUTGOING_ACTIVITY,1121,1
UPI250923ZYLS1A,CDR202600009401,SENDER_INCOMING_ACTIVITY,187,1
TXN25120977KQER,CDR202600009416,REVERSE,-647,1
ATM251025A04D04,CDR202600009451,SENDER_OUTGOING_ACTIVITY,49,1
TXN2509309SRRZN,CDR202600009455,REVERSE,-239,1
TXN2506309PUFUC,CDR202600009459,RECEIVER_INCOMING_ACTIVITY,-43,1
ATM2507163FPG2U,CDR202600009470,DIRECT,-492,1
UPI25062437HFIS,CDR202600009496,SENDER_OUTGOING_ACTIVITY,-872,1
UPI250628NP4XMQ,CDR202600009542,SENDER_OUTGOING_ACTIVITY,1618,1
UPI2501202F96KC,CDR202600009550,SENDER_OUTGOING_ACTIVITY,49,1
ATM251217DHDO8T,CDR202600009559,DIRECT,1545,1
TXN2502181EUYVR,CDR202600009572,DIRECT,1122,1
UPI2508121X0MY0,CDR202600009583,RECEIVER_INCOMING_ACTIVITY,577,1
UPI251205QBJ8FW,CDR202600009617,REVERSE,-484,1
UPI2502047WEJUH,CDR202600009622,SENDER_INCOMING_ACTIVITY,30,1
ATM250807WPGFD5,CDR202600009645,REVERSE,438,1
ATM250323MB6ZWW,CDR202600009667,SENDER_INCOMING_ACTIVITY,194,1
ATM250802LHY33U,CDR202600009674,DIRECT,-58,1
ATM250118BYJ4BO,CDR202600009701,RECEIVER_OUTGOING_ACTIVITY,559,1
ATM250317JEC7IX,CDR202600009702,DIRECT,-143,1
IMPS250616VMDQB7,CDR202600009711,SENDER_OUTGOING_ACTIVITY,5,1
IMPS250905JDR8S0,CDR202600009785,RECEIVER_INCOMING_ACTIVITY,79,1
UPI251120QO3XO4,CDR202600009787,REVERSE,-461,1
ATM25030774NOPV,CDR202600009794,SENDER_INCOMING_ACTIVITY,209,1
ATM2501099GSDIK,CDR202600009804,DIRECT,1417,1
ATM250421JLC0NX,CDR202600009805,SENDER_OUTGOING_ACTIVITY,-13,1
UPI250904XMZYAQ,CDR202600009813,DIRECT,-46,1
ATM250705U3WPKK,CDR202600009841,DIRECT,-96,1
UPI251130YICNM1,CDR202600009853,DIRECT,79,1
ATM251114W2LVT1,CDR202600009864,REVERSE,-91,1
TXN250702HNX6KB,CDR202600009876,DIRECT,339,1
UPI2501188RU8KQ,CDR202600009903,DIRECT,251,1
ATM251014QFN85M,CDR202600009918,SENDER_INCOMING_ACTIVITY,1554,1
ATM250902IXIJGH,CDR202600009940,DIRECT,458,1
IMPS250108KHD1YU,CDR202600010020,DIRECT,586,1
UPI2509157CPKKI,CDR202600010035,DIRECT,140,1
TXN250115WFO7RD,CDR202600010072,SENDER_INCOMING_ACTIVITY,-43,1
TXN250709G24IUC,CDR202600010087,RECEIVER_INCOMING_ACTIVITY,70,1
TXN251119875RYL,CDR202600010115,DIRECT,-863,1
TXN250119E7CFT0,CDR202600010157,RECEIVER_INCOMING_ACTIVITY,-890,1
TXN2502164S6V6V,CDR202600010165,DIRECT,-49,1
UPI250106SRLDHH,CDR202600010172,DIRECT,-239,1
UPI250415MHUDHV,CDR202600010186,RECEIVER_OUTGOING_ACTIVITY,-40,1
UPI2509237MGGJ9,CDR202600010204,REVERSE,-785,1
UPI2504273EFP2W,CDR202600010207,SENDER_OUTGOING_ACTIVITY,232,1
TXN2504221W5SPK,CDR202600010225,REVERSE,-198,1
UPI2505110VWK1B,CDR202600010228,DIRECT,270,1
IMPS251207G33P25,CDR202600010236,RECEIVER_INCOMING_ACTIVITY,-812,1
IMPS250126RSKLQR,CDR202600010248,REVERSE,-86,1
TXN250831RF4XIQ,CDR202600010281,SENDER_OUTGOING_ACTIVITY,-27,1
UPI250309X3LG2Y,CDR202600010287,DIRECT,-41,1
TXN250104VHLTMG,CDR202600010318,REVERSE,76,1
TXN250920SJCWDL,CDR202600010331,RECEIVER_OUTGOING_ACTIVITY,283,1
ATM250403GY9KSC,CDR202600010353,RECEIVER_INCOMING_ACTIVITY,202,1
UPI250215DPDV6L,CDR202600010356,REVERSE,-149,1
TXN2504062IQVF5,CDR202600010360,DIRECT,-251,1
ATM250828JB4TOS,CDR202600010361,RECEIVER_OUTGOING_ACTIVITY,-25,1
ATM25090121DWXD,CDR202600010366,DIRECT,264,1
ATM2502272KG9J5,CDR202600010388,REVERSE,-51,1
UPI251123DAXSEL,CDR202600010395,DIRECT,873,1
ATM250121KPA4E7,CDR202600010404,SENDER_INCOMING_ACTIVITY,-434,1
UPI251005KNWYV8,CDR202600010408,SENDER_INCOMING_ACTIVITY,-1478,1
UPI250419L4N8FQ,CDR202600010448,SENDER_OUTGOING_ACTIVITY,-175,1
ATM250403RDNJ3Z,CDR202600010460,SENDER_OUTGOING_ACTIVITY,4,1
UPI2510244YP7MJ,CDR202600010467,REVERSE,-150,1
IMPS250619G3FLCR,CDR202600010471,SENDER_INCOMING_ACTIVITY,251,1
ATM250331YTJAS3,CDR202600010484,RECEIVER_INCOMING_ACTIVITY,-437,1
UPI2511251QHHN2,CDR202600010487,DIRECT,198,1
ATM250320207ESF,CDR202600010491,DIRECT,-19,1
UPI250730FFFDKB,CDR202600010496,REVERSE,-363,1
UPI2508034V5RXU,CDR202600010555,DIRECT,74,1
ATM250201S4GDV9,CDR202600010564,SENDER_INCOMING_ACTIVITY,533,1
UPI250204882VQE,CDR202600010584,REVERSE,-10,1
UPI250808GNFY1G,CDR202600010589,RECEIVER_OUTGOING_ACTIVITY,-129,1
TXN250428YK4ZOT,CDR202600010600,REVERSE,-47,1
TXN250815X42HQB,CDR202600010607,REVERSE,-223,1
UPI2508062505VC,CDR202600010610,RECEIVER_INCOMING_ACTIVITY,-386,1
TXN2502252S11ZN,CDR202600010617,DIRECT,399,1
TXN251205P6C6NY,CDR202600010631,DIRECT,37,1
TXN250916Q8RKL0,CDR202600010635,DIRECT,730,1
ATM251117Q808GW,CDR202600010669,RECEIVER_OUTGOING_ACTIVITY,-262,1
ATM250310G7U5G0,CDR202600010680,RECEIVER_INCOMING_ACTIVITY,-80,1
UPI250912XOXBC0,CDR202600010703,DIRECT,-286,1
UPI2501138T8VLP,CDR202600010712,SENDER_INCOMING_ACTIVITY,-222,1
ATM251021C3JEEK,CDR202600010753,DIRECT,713,1
UPI250719TH5Y03,CDR202600010769,SENDER_OUTGOING_ACTIVITY,-1203,1
TXN251105GVY1FJ,CDR202600010780,REVERSE,-263,1
TXN250104SBRP14,CDR202600010799,REVERSE,-266,1
UPI250520COPF4B,CDR202600010802,SENDER_INCOMING_ACTIVITY,199,1
UPI250827O1ZACO,CDR202600010804,DIRECT,-287,1
UPI251012QQ641V,CDR202600010835,SENDER_OUTGOING_ACTIVITY,-4,1
ATM250718MIQNH4,CDR202600010846,RECEIVER_INCOMING_ACTIVITY,-279,1
TXN250402LTJRZ7,CDR202600010851,SENDER_OUTGOING_ACTIVITY,527,1
IMPS250502MF1AGS,CDR202600010870,DIRECT,-81,1
TXN250605H4RRD8,CDR202600010871,RECEIVER_INCOMING_ACTIVITY,-100,1
ATM250211NO4P84,CDR202600010876,SENDER_INCOMING_ACTIVITY,748,1
ATM250529GTNX74,CDR202600010881,RECEIVER_OUTGOING_ACTIVITY,-23,1
UPI250126FFD90Q,CDR202600010906,RECEIVER_INCOMING_ACTIVITY,-1379,1
UPI250511JAW4BH,CDR202600010907,SENDER_INCOMING_ACTIVITY,819,1
TXN250715LW5DJM,CDR202600010916,SENDER_INCOMING_ACTIVITY,31,1
UPI251207MNVLZ8,CDR202600010918,DIRECT,645,1
IMPS25081729NCUN,CDR202600010931,REVERSE,-105,1
ATM251223L1FBCT,CDR202600010938,RECEIVER_OUTGOING_ACTIVITY,-63,1
TXN2508116LKPGL,CDR202600010950,DIRECT,-1498,1
UPI25100280JCA4,CDR202600010966,RECEIVER_OUTGOING_ACTIVITY,236,1
UPI25111530IV83,CDR202600010973,SENDER_OUTGOING_ACTIVITY,605,1
UPI250524KI0ZN5,CDR202600011002,REVERSE,184,1
IMPS250817XKC1MU,CDR202600011017,REVERSE,-901,1
TXN250510HSPDCZ,CDR202600011026,REVERSE,-49,1
UPI251120POLABL,CDR202600011037,RECEIVER_INCOMING_ACTIVITY,-138,1
TXN250106KOE2HK,CDR202600011049,SENDER_INCOMING_ACTIVITY,-46,1
UPI2501125U8YL9,CDR202600011053,RECEIVER_OUTGOING_ACTIVITY,53,1
IMPS250321VLCW78,CDR202600011056,DIRECT,-788,1
ATM250125NU9KYJ,CDR202600011076,REVERSE,-402,1
TXN2512178Q1TQO,CDR202600011129,REVERSE,193,1
TXN2504281P8FSD,CDR202600011148,REVERSE,5,1
ATM250613Y1ZOGY,CDR202600011149,REVERSE,-555,1
TXN25071122RCDZ,CDR202600011181,RECEIVER_OUTGOING_ACTIVITY,-97,1
ATM2509231DPHCO,CDR202600011186,REVERSE,573,1
UPI2505086QS7VQ,CDR202600011194,SENDER_OUTGOING_ACTIVITY,42,1
UPI2510024YGHAB,CDR202600011203,DIRECT,1368,1
UPI250519QPJNW1,CDR202600011209,DIRECT,-93,1
UPI250211JJD1PG,CDR202600011214,DIRECT,385,1
TXN250512FML2HH,CDR202600011218,SENDER_OUTGOING_ACTIVITY,2,1
ATM250809A209VW,CDR202600011231,DIRECT,238,1
ATM250127ZGXB16,CDR202600011233,REVERSE,766,1
TXN250811YJKZ1G,CDR202600011266,DIRECT,11,1
TXN250515ZT0PSJ,CDR202600011270,DIRECT,1,1
ATM250506AP8FUZ,CDR202600011302,DIRECT,-779,1
TXN2508178X3ZQP,CDR202600011306,DIRECT,-283,1
TXN2508289OPVTI,CDR202600011310,DIRECT,118,1
ATM250526N6UOU9,CDR202600011335,RECEIVER_OUTGOING_ACTIVITY,1422,1
TXN250314UV0YGR,CDR202600011340,DIRECT,40,1
UPI251118MU6W60,CDR202600011341,DIRECT,-59,1
ATM251105VTBM94,CDR202600011347,DIRECT,827,1
ATM251209CDXACL,CDR202600011359,DIRECT,-27,1
UPI250219B1UDDJ,CDR202600011367,REVERSE,-753,1
UPI251103ZXQ5MW,CDR202600011391,SENDER_INCOMING_ACTIVITY,-1216,1
ATM25101416A35H,CDR202600011395,SENDER_INCOMING_ACTIVITY,-42,1
UPI25012462S70F,CDR202600011397,REVERSE,66,1
UPI2504263BC4S7,CDR202600011405,RECEIVER_OUTGOING_ACTIVITY,-30,1
UPI250528BEYXFE,CDR202600011415,DIRECT,-218,1
UPI25102740J32X,CDR202600011436,REVERSE,491,1
UPI251020VYPDVA,CDR202600011438,DIRECT,45,1
ATM250610NJHAAB,CDR202600011456,RECEIVER_INCOMING_ACTIVITY,158,1
ATM250204HASC9A,CDR202600011498,SENDER_INCOMING_ACTIVITY,89,1
ATM25012530SALK,CDR202600011507,DIRECT,1275,1
TXN250105F4IO2X,CDR202600011521,RECEIVER_OUTGOING_ACTIVITY,84,1
ATM250814JK6GOH,CDR202600011548,SENDER_OUTGOING_ACTIVITY,1537,1
TXN250916DYQR9S,CDR202600011550,RECEIVER_INCOMING_ACTIVITY,-215,1
ATM250529LXF5M5,CDR202600011561,DIRECT,181,1
IMPS2501236SZB6U,CDR202600011570,DIRECT,287,1
UPI250109IVZOU1,CDR202600011571,SENDER_INCOMING_ACTIVITY,665,1
UPI250329Q7T518,CDR202600011574,REVERSE,-27,1
ATM251014WK8RC9,CDR202600011576,SENDER_OUTGOING_ACTIVITY,-52,1
ATM250908O8SWNU,CDR202600011607,RECEIVER_INCOMING_ACTIVITY,-291,1
TXN250401B0RMA8,CDR202600011613,RECEIVER_OUTGOING_ACTIVITY,-145,1
TXN250512JZ881J,CDR202600011619,SENDER_INCOMING_ACTIVITY,16,1
ATM250703VXE4BP,CDR202600011632,SENDER_OUTGOING_ACTIVITY,-762,1
IMPS250703BHFN1E,CDR202600011644,RECEIVER_INCOMING_ACTIVITY,172,1
ATM2506117HT3YM,CDR202600011650,DIRECT,-216,1
UPI2510267Q55IM,CDR202600011653,RECEIVER_INCOMING_ACTIVITY,-22,1
UPI251231UG6C44,CDR202600011678,RECEIVER_OUTGOING_ACTIVITY,8,1
ATM250517L1XRNX,CDR202600011696,DIRECT,323,1
UPI250413TPZFZ4,CDR202600011697,REVERSE,-1637,1
ATM250125I7JO2L,CDR202600011706,SENDER_OUTGOING_ACTIVITY,-146,1
ATM250109RTZW44,CDR202600011762,DIRECT,914,1
TXN250715OCN7J7,CDR202600011773,RECEIVER_INCOMING_ACTIVITY,842,1
ATM250701LW82MU,CDR202600011774,DIRECT,883,1
TXN251108GTG59W,CDR202600011778,REVERSE,-231,1
TXN250107DYF7BN,CDR202600011825,RECEIVER_OUTGOING_ACTIVITY,-215,1
UPI251213YHQZXZ,CDR202600011831,DIRECT,8,1
TXN251229OD7SZT,CDR202600011838,DIRECT,3,1
IMPS250202DUFBY3,CDR202600011839,DIRECT,-17,1
ATM2512310VM8MX,CDR202600011851,RECEIVER_INCOMING_ACTIVITY,458,1
ATM250424N8YLLB,CDR202600011876,REVERSE,1425,1
TXN2512077LT9P8,CDR202600011880,SENDER_OUTGOING_ACTIVITY,622,1
UPI2507120AO0WZ,CDR202600011903,DIRECT,664,1
TXN250517R9YAQT,CDR202600011915,SENDER_OUTGOING_ACTIVITY,-165,1
UPI250417M708Q3,CDR202600011923,RECEIVER_INCOMING_ACTIVITY,-564,1
TXN250805D4JRET,CDR202600011925,DIRECT,-175,1
TXN251115M8WNVC,CDR202600011938,DIRECT,55,1
UPI250331IB3QLN,CDR202600011939,RECEIVER_OUTGOING_ACTIVITY,-761,1
UPI250315WB8AQD,CDR202600011945,SENDER_INCOMING_ACTIVITY,25,1
ATM25011699UPWZ,CDR202600011959,SENDER_INCOMING_ACTIVITY,212,1
UPI250630L2C72T,CDR202600011966,REVERSE,253,1
UPI251224R6CCP2,CDR202600011987,DIRECT,7,1
TXN2511184VAQMS,CDR202600012023,RECEIVER_INCOMING_ACTIVITY,289,1
ATM250119VSG4FK,CDR202600012030,SENDER_OUTGOING_ACTIVITY,-896,1
ATM250923PQO048,CDR202600012040,REVERSE,-70,1
ATM251226SJ9W0P,CDR202600012043,SENDER_INCOMING_ACTIVITY,-299,1
TXN251103Z1G0PW,CDR202600012048,DIRECT,-842,1
ATM2506269AJMQG,CDR202600012049,DIRECT,-115,1
UPI250426G1FXSE,CDR202600012058,DIRECT,-704,1
ATM250717Y9JCPF,CDR202600012068,DIRECT,-866,1
TXN2511060S6LKI,CDR202600012088,REVERSE,-68,1
TXN250402I8NOU7,CDR202600012089,DIRECT,285,1
ATM250517FA4979,CDR202600012091,REVERSE,-379,1
ATM250821BU2IA9,CDR202600012095,REVERSE,1305,1
TXN250110X30F0Q,CDR202600012115,SENDER_OUTGOING_ACTIVITY,159,1
TXN250309IDJBT0,CDR202600012125,REVERSE,202,1
IMPS250327CZNC5A,CDR202600012127,SENDER_INCOMING_ACTIVITY,1568,1
UPI250129YJGCRM,CDR202600012136,RECEIVER_OUTGOING_ACTIVITY,-218,1
ATM2507193FTLTY,CDR202600012166,RECEIVER_INCOMING_ACTIVITY,-409,1
TXN250113LCUFVJ,CDR202600012179,DIRECT,-327,1
TXN25100950LSLM,CDR202600012185,SENDER_INCOMING_ACTIVITY,346,1
ATM250511H74Z4X,CDR202600012206,DIRECT,281,1
TXN250405DCOWF9,CDR202600012237,REVERSE,182,1
ATM250423FGY3RF,CDR202600012297,RECEIVER_INCOMING_ACTIVITY,263,1
ATM251204EF0AS0,CDR202600012303,DIRECT,85,1
ATM250127LAC13M,CDR202600012304,RECEIVER_INCOMING_ACTIVITY,45,1
UPI250119HSQQMY,CDR202600012306,RECEIVER_INCOMING_ACTIVITY,35,1
TXN251125I3NVAN,CDR202600012315,SENDER_OUTGOING_ACTIVITY,32,1
TXN250704J5IPYW,CDR202600012323,SENDER_OUTGOING_ACTIVITY,470,1
UPI250317Y8PDUP,CDR202600012333,DIRECT,-434,1
TXN250413XWL8GL,CDR202600012341,DIRECT,195,1
TXN250507NPONO3,CDR202600012364,REVERSE,-191,1
ATM2511132KOP7E,CDR202600012382,DIRECT,166,1
TXN251119ANITQ8,CDR202600012393,REVERSE,799,1
TXN250426JE6Q8I,CDR202600012399,REVERSE,-212,1
ATM250330XHUKH2,CDR202600012421,RECEIVER_INCOMING_ACTIVITY,166,1
ATM251022NWZNAM,CDR202600012422,DIRECT,701,1
UPI251102I8A82J,CDR202600012434,RECEIVER_INCOMING_ACTIVITY,-884,1
ATM250912XXLAIK,CDR202600012438,SENDER_OUTGOING_ACTIVITY,154,1
IMPS25053082CUZW,CDR202600012466,REVERSE,-94,1
ATM250216LQQ76V,CDR202600012467,SENDER_INCOMING_ACTIVITY,-538,1
IMPS250910Y21J9A,CDR202600012510,SENDER_OUTGOING_ACTIVITY,215,1
ATM251029615YFS,CDR202600012512,REVERSE,30,1
TXN2512252JO9QM,CDR202600012518,SENDER_INCOMING_ACTIVITY,7,1
ATM251002AANXXL,CDR202600012557,DIRECT,820,1
TXN25072756VILP,CDR202600012574,DIRECT,-76,1
ATM250331MM7GT1,CDR202600012582,DIRECT,899,1
UPI251017F8KIHU,CDR202600012594,RECEIVER_OUTGOING_ACTIVITY,579,1
TXN250523U5STT4,CDR202600012663,REVERSE,24,1
TXN2510099VRDRZ,CDR202600012669,REVERSE,-4,1
ATM250628WR46T8,CDR202600012671,DIRECT,230,1
UPI250714IPJACS,CDR202600012678,DIRECT,2,1
UPI250222INUXWA,CDR202600012731,SENDER_OUTGOING_ACTIVITY,1515,1
TXN2506137WAPGY,CDR202600012768,SENDER_OUTGOING_ACTIVITY,608,1
ATM2505122NOUBY,CDR202600012792,DIRECT,8,1
ATM250716GUTO9R,CDR202600012862,DIRECT,258,1
ATM250610XV2Q0T,CDR202600012883,REVERSE,-50,1
ATM251201ERYRRI,CDR202600012896,SENDER_OUTGOING_ACTIVITY,52,1
UPI2507062QWW3O,CDR202600012932,DIRECT,1,1
ATM250402CO811H,CDR202600012938,SENDER_OUTGOING_ACTIVITY,287,1
ATM25081724ZDEV,CDR202600012940,DIRECT,474,1
TXN25101902DRD8,CDR202600012949,SENDER_INCOMING_ACTIVITY,-1116,1
UPI2511181BVKOF,CDR202600012964,RECEIVER_OUTGOING_ACTIVITY,-20,1
IMPS251110YJPAPL,CDR202600012980,DIRECT,-25,1
IMPS250112OFUOE7,CDR202600013010,SENDER_OUTGOING_ACTIVITY,202,1
TXN2512121VHM8K,CDR202600013016,DIRECT,11,1
IMPS251110YLQCPA,CDR202600013039,RECEIVER_INCOMING_ACTIVITY,-167,1
UPI2505142Z3ZFV,CDR202600013046,SENDER_OUTGOING_ACTIVITY,-1108,1
UPI250906B1ZQ6S,CDR202600013052,SENDER_INCOMING_ACTIVITY,166,1
TXN250628V39P80,CDR202600013071,DIRECT,1752,1
UPI2504063S3XX0,CDR202600013072,DIRECT,24,1
ATM250106YK820P,CDR202600013082,DIRECT,-28,1
UPI251216UABSMT,CDR202600013111,DIRECT,-670,1
ATM251229JO381P,CDR202600013140,DIRECT,1010,1
TXN2506144PBEV6,CDR202600013162,DIRECT,52,1
ATM250711CCZKGP,CDR202600013173,REVERSE,25,1
TXN250110146DZF,CDR202600013179,RECEIVER_OUTGOING_ACTIVITY,-944,1
TXN250427PZM9NN,CDR202600013211,SENDER_OUTGOING_ACTIVITY,271,1
UPI2505011P6GJC,CDR202600013222,DIRECT,-51,1
UPI25062225H4QN,CDR202600013235,DIRECT,-389,1
UPI250304CEQ0CI,CDR202600013302,RECEIVER_INCOMING_ACTIVITY,-132,1
ATM250402X1OBVS,CDR202600013332,DIRECT,15,1
ATM251210MBD8CU,CDR202600013349,DIRECT,-302,1
TXN2502114WDSCT,CDR202600013353,DIRECT,219,1
ATM2512053NGBXG,CDR202600013357,RECEIVER_INCOMING_ACTIVITY,682,1
UPI250429V30NGJ,CDR202600013368,SENDER_OUTGOING_ACTIVITY,132,1
UPI251031FKSZZR,CDR202600013387,SENDER_OUTGOING_ACTIVITY,1107,1
ATM251205AABMNM,CDR202600013409,DIRECT,-12,1
TXN251007CAPIDO,CDR202600013426,SENDER_INCOMING_ACTIVITY,1114,1
UPI250802XE2HZ9,CDR202600013483,SENDER_OUTGOING_ACTIVITY,209,1
TXN250322S4KTAI,CDR202600013515,SENDER_INCOMING_ACTIVITY,-13,1
TXN251231S0J69Y,CDR202600013527,RECEIVER_INCOMING_ACTIVITY,-28,1
UPI250827IN6IX7,CDR202600013553,SENDER_INCOMING_ACTIVITY,1470,1
UPI250130EO5A2U,CDR202600013561,SENDER_OUTGOING_ACTIVITY,-89,1
ATM250618Z7VLDN,CDR202600013564,DIRECT,-1485,1
IMPS2506265MOJ9I,CDR202600013568,SENDER_INCOMING_ACTIVITY,-908,1
ATM250618F0Y5OX,CDR202600013579,REVERSE,22,1
UPI2511235CXO9V,CDR202600013591,RECEIVER_INCOMING_ACTIVITY,-303,1
IMPS250515P557Z5,CDR202600013613,REVERSE,29,1
ATM250125VGO2XX,CDR202600013627,DIRECT,-42,1
TXN250527KVVVZ8,CDR202600013637,SENDER_OUTGOING_ACTIVITY,-31,1
TXN251214VSLN8Q,CDR202600013647,DIRECT,-112,1
ATM25050980FDM5,CDR202600013656,RECEIVER_OUTGOING_ACTIVITY,177,1
TXN250420HMRLTY,CDR202600013669,RECEIVER_INCOMING_ACTIVITY,-20,1
ATM2503208SNORY,CDR202600013675,REVERSE,680,1
UPI250916RMI6LW,CDR202600013686,DIRECT,27,1
TXN250312WMON8A,CDR202600013704,REVERSE,570,1
UPI251003EQGZEM,CDR202600013706,DIRECT,-573,1
UPI250511WC132W,CDR202600013723,DIRECT,-292,1
UPI251109LNBAWO,CDR202600013730,DIRECT,-23,1
ATM251027DBGX4X,CDR202600013732,SENDER_INCOMING_ACTIVITY,-46,1
UPI25100366HB11,CDR202600013781,REVERSE,-48,1
TXN2503252D4F09,CDR202600013784,DIRECT,49,1
TXN250921N1K315,CDR202600013791,DIRECT,-1648,1
ATM2506067L6NVA,CDR202600013794,SENDER_INCOMING_ACTIVITY,-942,1
TXN250325NN55OO,CDR202600013799,REVERSE,280,1
IMPS2504061RI62G,CDR202600013804,RECEIVER_OUTGOING_ACTIVITY,-420,1
TXN250904451F2B,CDR202600013805,SENDER_OUTGOING_ACTIVITY,432,1
ATM250322K9Q9NW,CDR202600013828,SENDER_OUTGOING_ACTIVITY,-56,1
IMPS250825U91KBL,CDR202600013832,SENDER_OUTGOING_ACTIVITY,849,1
TXN2506099GKIG0,CDR202600013843,DIRECT,-152,1
IMPS251204WYBJKC,CDR202600013855,SENDER_OUTGOING_ACTIVITY,-1027,1
ATM250121KWW5KJ,CDR202600013859,SENDER_OUTGOING_ACTIVITY,-675,1
ATM2512068ENYBK,CDR202600013867,SENDER_OUTGOING_ACTIVITY,-41,1
TXN2511309L44L9,CDR202600013880,DIRECT,-275,1
UPI251012A5YC4H,CDR202600013910,SENDER_INCOMING_ACTIVITY,35,1
ATM250216E0VIKI,CDR202600013918,REVERSE,-18,1
ATM251221XXY6AU,CDR202600013933,DIRECT,157,1
UPI250104ADUSQB,CDR202600013941,RECEIVER_OUTGOING_ACTIVITY,71,1
UPI251214TNJBEO,CDR202600013955,REVERSE,-296,1
ATM250321Y3R4AL,CDR202600014006,REVERSE,-83,1
TXN250120NX3P4A,CDR202600014009,DIRECT,-292,1
TXN251111Y4HIWC,CDR202600014073,DIRECT,36,1
ATM251027U38VOM,CDR202600014074,DIRECT,-568,1
ATM250709M6YKQG,CDR202600014089,DIRECT,211,1
ATM250401CQVEM4,CDR202600014122,SENDER_OUTGOING_ACTIVITY,248,1
ATM250817Y6GL9S,CDR202600014128,DIRECT,-62,1
IMPS251021QSVYT8,CDR202600014129,DIRECT,-567,1
ATM25110598R5GA,CDR202600014132,RECEIVER_INCOMING_ACTIVITY,-4,1
UPI250602RHPM5F,CDR202600014137,SENDER_OUTGOING_ACTIVITY,-8,1
TXN250420EYIXUO,CDR202600014140,RECEIVER_INCOMING_ACTIVITY,1513,1
ATM25021030QO4U,CDR202600014154,RECEIVER_OUTGOING_ACTIVITY,154,1
ATM2512268T33LA,CDR202600014167,SENDER_INCOMING_ACTIVITY,-1580,1
ATM250213BTZWVW,CDR202600014186,DIRECT,711,1
ATM250809HPXC9X,CDR202600014188,DIRECT,-203,1
TXN250903SMWTNZ,CDR202600014217,DIRECT,409,1
ATM251130SB82DO,CDR202600014224,DIRECT,-551,1
UPI250615PJEQSM,CDR202600014272,SENDER_OUTGOING_ACTIVITY,617,1
TXN250930RXPN51,CDR202600014278,DIRECT,126,1
TXN250911J0UEYJ,CDR202600014283,DIRECT,800,1
ATM251223PJ0DSU,CDR202600014287,SENDER_INCOMING_ACTIVITY,202,1
TXN250213M68V1X,CDR202600014291,RECEIVER_OUTGOING_ACTIVITY,1160,1
ATM251217JXB6ZK,CDR202600014302,DIRECT,283,1
UPI2507040JHH6V,CDR202600014314,REVERSE,28,1
IMPS2502117AIACK,CDR202600014327,SENDER_OUTGOING_ACTIVITY,-1712,1
UPI25102501QU9Q,CDR202600014369,SENDER_INCOMING_ACTIVITY,-1479,1
UPI250117LLMSM7,CDR202600014373,DIRECT,-16,1
ATM250804S2YMR2,CDR202600014381,REVERSE,-591,1
ATM250202FGEONN,CDR202600014385,SENDER_OUTGOING_ACTIVITY,-5,1
ATM251221CEQ0PD,CDR202600014387,DIRECT,-255,1
IMPS250816TDPMEE,CDR202600014391,DIRECT,239,1
UPI250607B8SIUD,CDR202600014394,SENDER_OUTGOING_ACTIVITY,-1406,1
TXN2502161TJLOC,CDR202600014400,RECEIVER_OUTGOING_ACTIVITY,411,1
ATM251123GO95A7,CDR202600014409,DIRECT,-138,1
UPI251206BSKWQY,CDR202600014424,SENDER_INCOMING_ACTIVITY,188,1
UPI250514P8QVKY,CDR202600014436,DIRECT,-19,1
UPI250906GPBQHC,CDR202600014448,RECEIVER_OUTGOING_ACTIVITY,-489,1
ATM2507127ATWWL,CDR202600014497,REVERSE,43,1
IMPS250708TDH4W0,CDR202600014546,SENDER_OUTGOING_ACTIVITY,173,1
UPI2510050NPNJC,CDR202600014547,DIRECT,30,1
ATM2505147CY38Z,CDR202600014580,RECEIVER_OUTGOING_ACTIVITY,499,1
ATM250707JLWCO5,CDR202600014581,RECEIVER_OUTGOING_ACTIVITY,-56,1
UPI250407A88R8M,CDR202600014589,SENDER_OUTGOING_ACTIVITY,587,1
UPI250929J9Y39N,CDR202600014592,RECEIVER_INCOMING_ACTIVITY,139,1
TXN2506190MD76R,CDR202600014605,DIRECT,490,1
UPI2511244FKDLJ,CDR202600014639,REVERSE,-263,1
ATM2509196H8ISI,CDR202600014646,DIRECT,32,1
TXN250727C0AWT4,CDR202600014661,SENDER_OUTGOING_ACTIVITY,-58,1
UPI250306L1GAI9,CDR202600014712,RECEIVER_OUTGOING_ACTIVITY,-59,1
UPI2503124I26VP,CDR202600014741,REVERSE,28,1
UPI250616KNUM83,CDR202600014759,SENDER_INCOMING_ACTIVITY,72,1
ATM250223NSJV44,CDR202600014803,SENDER_INCOMING_ACTIVITY,-343,1
TXN250826J9QFRF,CDR202600014808,DIRECT,83,1
UPI2505133CMTS1,CDR202600014817,SENDER_INCOMING_ACTIVITY,49,1
TXN250719BN0N4B,CDR202600014831,REVERSE,-8,1
ATM2512269RXLSS,CDR202600014847,REVERSE,-453,1
UPI250105PYBUXH,CDR202600014865,DIRECT,-957,1
UPI2506018PX8RK,CDR202600014866,RECEIVER_INCOMING_ACTIVITY,1379,1
UPI2503194FKVWQ,CDR202600014876,DIRECT,58,1
ATM250913M32MIB,CDR202600014880,DIRECT,59,1
TXN2511269AVBGB,CDR202600014886,REVERSE,-499,1
UPI2502031RWGNO,CDR202600014917,DIRECT,-489,1
IMPS2510218R3JJ7,CDR202600014926,SENDER_OUTGOING_ACTIVITY,-72,1
IMPS2504145383WI,CDR202600014938,DIRECT,-252,1
ATM2504205Q0BCY,CDR202600014960,SENDER_INCOMING_ACTIVITY,-832,1
UPI250228Z4MYJV,CDR202600014963,REVERSE,-500,1
UPI250416MFCXIW,CDR202600014997,DIRECT,159,1
UPI251004O2BOGD,CDR202600014998,DIRECT,-71,1
UPI250710OHW56H,CDR202600015004,SENDER_INCOMING_ACTIVITY,-229,1
TXN25050474GC1T,CDR202600015016,SENDER_INCOMING_ACTIVITY,-43,1
ATM250427GR17BH,CDR202600015019,SENDER_OUTGOING_ACTIVITY,-107,1
UPI2508214ML59F,CDR202600015025,DIRECT,-9,1
ATM2511206ELO0G,CDR202600015026,RECEIVER_INCOMING_ACTIVITY,-9,1
TXN250505OD6HES,CDR202600015041,DIRECT,-715,1
IMPS250117JETLIH,CDR202600015060,REVERSE,45,1
ATM251023GHWE9Z,CDR202600015084,RECEIVER_OUTGOING_ACTIVITY,-294,1
ATM25102392K6NF,CDR202600015096,DIRECT,-37,1
TXN250330MJ385Y,CDR202600015125,DIRECT,52,1
ATM250816CJQJOP,CDR202600015152,SENDER_OUTGOING_ACTIVITY,45,1
ATM251101GGT2FB,CDR202600015157,RECEIVER_OUTGOING_ACTIVITY,-22,1
ATM250216DZ7TOX,CDR202600015200,SENDER_OUTGOING_ACTIVITY,1141,1
IMPS250523EPZEQK,CDR202600015218,REVERSE,-190,1
UPI2506290ODK0Y,CDR202600015220,RECEIVER_OUTGOING_ACTIVITY,-872,1
UPI250504NPA4FX,CDR202600015275,SENDER_OUTGOING_ACTIVITY,-283,1
UPI251028R0Z4P7,CDR202600015296,SENDER_OUTGOING_ACTIVITY,-46,1
UPI2502048KJVHH,CDR202600015341,DIRECT,610,1
UPI251127NHGYJQ,CDR202600015349,DIRECT,130,1
IMPS2512080E5079,CDR202600015350,REVERSE,125,1
TXN250709ZCG01D,CDR202600015366,RECEIVER_INCOMING_ACTIVITY,24,1
ATM250508QOARK0,CDR202600015381,DIRECT,55,1
UPI250801Y335BH,CDR202600015387,DIRECT,11,1
TXN250509KLRPQD,CDR202600015397,RECEIVER_INCOMING_ACTIVITY,-37,1
TXN250215940VGB,CDR202600015408,RECEIVER_OUTGOING_ACTIVITY,59,1
TXN250907MULI5Z,CDR202600015414,DIRECT,-309,1
UPI251005J1ESCW,CDR202600015434,DIRECT,-769,1
UPI251124KS2LY2,CDR202600015438,SENDER_OUTGOING_ACTIVITY,768,1
UPI250609O1XD6H,CDR202600015464,SENDER_INCOMING_ACTIVITY,157,1
UPI251119WJGPMI,CDR202600015472,DIRECT,-441,1
ATM251016FWAOI9,CDR202600015477,REVERSE,33,1
IMPS250220PZ89H7,CDR202600015482,SENDER_INCOMING_ACTIVITY,12,1
TXN250120UYARCR,CDR202600015506,DIRECT,190,1
ATM251222XJSHMX,CDR202600015522,REVERSE,-1591,1
UPI250209B4W97L,CDR202600015525,REVERSE,-380,1
TXN251018UNVST8,CDR202600015551,REVERSE,42,1
UPI250911H5M2K5,CDR202600015560,RECEIVER_OUTGOING_ACTIVITY,-221,1
UPI250716XEC0L2,CDR202600015569,DIRECT,1441,1
ATM250119CYFRSM,CDR202600015579,SENDER_INCOMING_ACTIVITY,-1502,1
TXN25111884YDVU,CDR202600015583,DIRECT,-159,1
ATM250705XGI5NL,CDR202600015584,DIRECT,-169,1
TXN250601CTO0J7,CDR202600015590,SENDER_OUTGOING_ACTIVITY,-34,1
ATM250710DIWFE0,CDR202600015600,DIRECT,51,1
UPI250122YR2DLG,CDR202600015601,DIRECT,-845,1
ATM250716VUQOW3,CDR202600015608,DIRECT,49,1
IMPS251008DWA7CN,CDR202600015610,REVERSE,603,1
UPI2504078WMWS2,CDR202600015653,DIRECT,-229,1
UPI250102G8W85Y,CDR202600015664,DIRECT,1298,1
TXN25112995Q4Z9,CDR202600015666,RECEIVER_OUTGOING_ACTIVITY,336,1
IMPS251008L1U808,CDR202600015672,DIRECT,1,1
ATM250605STWC74,CDR202600015690,REVERSE,-431,1
TXN250613P42Y10,CDR202600015706,DIRECT,329,1
UPI250206SSDH52,CDR202600015737,DIRECT,-281,1
ATM251027F1A3Y1,CDR202600015743,SENDER_INCOMING_ACTIVITY,15,1
TXN2501240LSN6M,CDR202600015756,DIRECT,-69,1
UPI250606A5MR8U,CDR202600015761,RECEIVER_INCOMING_ACTIVITY,857,1
ATM250529I7M1DJ,CDR202600015771,DIRECT,283,1
UPI250518TGDSVJ,CDR202600015780,REVERSE,38,1
TXN250305BE67Z0,CDR202600015789,SENDER_INCOMING_ACTIVITY,506,1
ATM251105SY13PO,CDR202600015793,RECEIVER_OUTGOING_ACTIVITY,-23,1
ATM25040595R15X,CDR202600015805,SENDER_OUTGOING_ACTIVITY,-621,1
TXN250217BS579B,CDR202600015815,DIRECT,-479,1
ATM251222D52FCL,CDR202600015819,RECEIVER_OUTGOING_ACTIVITY,679,1
UPI2505103DTT13,CDR202600015823,SENDER_INCOMING_ACTIVITY,-17,1
ATM251116GWF76Z,CDR202600015849,RECEIVER_INCOMING_ACTIVITY,-968,1
ATM2512065V9FKE,CDR202600015856,REVERSE,151,1
TXN251123QUBO7R,CDR202600015858,DIRECT,639,1
TXN251114F9HGJL,CDR202600015895,DIRECT,-1665,1
UPI251129ZYVTSG,CDR202600015909,RECEIVER_OUTGOING_ACTIVITY,1184,1
IMPS250406JWYCCD,CDR202600015921,DIRECT,-1402,1
ATM250224AMGTED,CDR202600015937,DIRECT,-225,1
ATM2505027914A3,CDR202600015952,DIRECT,137,1
ATM251125339XVC,CDR202600015956,SENDER_OUTGOING_ACTIVITY,24,1
TXN251014LOIX2Q,CDR202600015967,SENDER_INCOMING_ACTIVITY,435,1
ATM2502178XKBMA,CDR202600015994,RECEIVER_INCOMING_ACTIVITY,-28,1
UPI251030S48A1J,CDR202600016005,RECEIVER_OUTGOING_ACTIVITY,-106,1
ATM251020YWD8R0,CDR202600016010,REVERSE,202,1
ATM250305P5XWCJ,CDR202600016035,REVERSE,1634,1
ATM2506101T7MQD,CDR202600016042,SENDER_INCOMING_ACTIVITY,-207,1
TXN250927LJY1F3,CDR202600016075,SENDER_OUTGOING_ACTIVITY,6,1
TXN251004NVPK7I,CDR202600016095,DIRECT,-585,1
ATM250721241YRG,CDR202600016100,REVERSE,134,1
ATM251007SXSIRN,CDR202600016128,RECEIVER_INCOMING_ACTIVITY,-10,1
UPI250302KJACLA,CDR202600016130,DIRECT,-59,1
ATM251114DRL4I3,CDR202600016132,DIRECT,71,1
UPI251215BWL29Z,CDR202600016149,DIRECT,622,1
ATM250325ZJVLXX,CDR202600016166,SENDER_OUTGOING_ACTIVITY,54,1
UPI250904E39T4T,CDR202600016180,RECEIVER_INCOMING_ACTIVITY,-22,1
ATM250213F8IPIH,CDR202600016189,SENDER_OUTGOING_ACTIVITY,-1020,1
TXN250825O9510J,CDR202600016191,RECEIVER_INCOMING_ACTIVITY,-6,1
ATM250208RP8JQS,CDR202600016201,SENDER_OUTGOING_ACTIVITY,49,1
UPI251112UB9IHT,CDR202600016208,SENDER_INCOMING_ACTIVITY,-165,1
UPI250911HVBOHG,CDR202600016210,SENDER_OUTGOING_ACTIVITY,32,1
TXN2512051E1IUL,CDR202600016243,RECEIVER_OUTGOING_ACTIVITY,-31,1
ATM2505283EEINV,CDR202600016247,DIRECT,4,1
UPI250919CQ1GD0,CDR202600016258,REVERSE,834,1
IMPS250625ITX4KR,CDR202600016270,DIRECT,39,1
UPI251122S1K1V4,CDR202600016274,SENDER_INCOMING_ACTIVITY,-830,1
TXN250923IZ1B5C,CDR202600016283,DIRECT,-416,1
TXN251202KZIJY7,CDR202600016294,DIRECT,35,1
IMPS250810DVLW7S,CDR202600016296,SENDER_OUTGOING_ACTIVITY,-268,1
ATM251123RLBRFO,CDR202600016301,RECEIVER_INCOMING_ACTIVITY,-764,1
ATM250429SFG6TP,CDR202600016305,REVERSE,-1432,1
TXN250809WXA99U,CDR202600016307,RECEIVER_INCOMING_ACTIVITY,232,1
TXN250513J0JM3M,CDR202600016334,DIRECT,709,1
UPI250826XPTM71,CDR202600016335,DIRECT,40,1
TXN2509178HF5M2,CDR202600016341,SENDER_INCOMING_ACTIVITY,46,1
TXN250701RYARL5,CDR202600016343,DIRECT,-3,1
TXN250106KKVP2M,CDR202600016348,RECEIVER_INCOMING_ACTIVITY,1062,1
ATM250115ULUU08,CDR202600016349,RECEIVER_OUTGOING_ACTIVITY,-156,1
TXN250817VXZNRU,CDR202600016369,RECEIVER_INCOMING_ACTIVITY,557,1
TXN250530JDXHXW,CDR202600016382,SENDER_INCOMING_ACTIVITY,40,1
IMPS250916DUIVZ4,CDR202600016423,SENDER_OUTGOING_ACTIVITY,-840,1
ATM250613SHWI28,CDR202600016428,DIRECT,-1470,1
UPI250906NQDCMA,CDR202600016489,REVERSE,104,1
ATM250809DWQK2T,CDR202600016496,REVERSE,392,1
ATM251107I2UXVU,CDR202600016501,SENDER_INCOMING_ACTIVITY,575,1
TXN2507249SOHC8,CDR202600016517,SENDER_OUTGOING_ACTIVITY,-10,1
UPI2506251YHQWR,CDR202600016519,SENDER_OUTGOING_ACTIVITY,714,1
ATM25122462JNND,CDR202600016564,DIRECT,-52,1
UPI2506305AB6P8,CDR202600016568,RECEIVER_OUTGOING_ACTIVITY,-765,1
UPI250106Q3CYFW,CDR202600016571,DIRECT,-916,1
ATM2506217LSH1A,CDR202600016589,SENDER_OUTGOING_ACTIVITY,-24,1
TXN250728FF8ZB7,CDR202600016591,DIRECT,597,1
ATM250622SW00SD,CDR202600016594,SENDER_INCOMING_ACTIVITY,161,1
ATM250807O7EONB,CDR202600016608,REVERSE,-51,1
TXN2505168Q47L5,CDR202600016644,SENDER_OUTGOING_ACTIVITY,-257,1
ATM250619MIDQ1F,CDR202600016645,DIRECT,-268,1
IMPS250509JQ0IQP,CDR202600016650,SENDER_OUTGOING_ACTIVITY,47,1
ATM250702PCQ2PU,CDR202600016692,DIRECT,-56,1
TXN251016S1KJ4S,CDR202600016696,RECEIVER_INCOMING_ACTIVITY,23,1
ATM251201B4N02O,CDR202600016697,DIRECT,-251,1
ATM250827EX8UAI,CDR202600016704,SENDER_INCOMING_ACTIVITY,772,1
UPI250718PC97VR,CDR202600016722,SENDER_INCOMING_ACTIVITY,118,1
ATM2507032PMWXC,CDR202600016747,REVERSE,34,1
UPI25111200MFBF,CDR202600016753,DIRECT,358,1
ATM2510099OD7PC,CDR202600016760,SENDER_OUTGOING_ACTIVITY,-255,1
TXN251014O1IXY5,CDR202600016763,SENDER_OUTGOING_ACTIVITY,156,1
UPI250508OPR261,CDR202600016765,SENDER_OUTGOING_ACTIVITY,-1428,1
IMPS250422KNDKZB,CDR202600016773,DIRECT,64,1
UPI2511221LJVH7,CDR202600016781,DIRECT,-48,1
ATM250828K2E622,CDR202600016784,SENDER_OUTGOING_ACTIVITY,1777,1
ATM250517XRLZ9U,CDR202600016806,DIRECT,-485,1
TXN2508119J03HA,CDR202600016809,REVERSE,-32,1
ATM251018QQ5UUT,CDR202600016837,SENDER_OUTGOING_ACTIVITY,1304,1
ATM2512180QTDYK,CDR202600016843,RECEIVER_INCOMING_ACTIVITY,-15,1
ATM25101374581Q,CDR202600016862,RECEIVER_OUTGOING_ACTIVITY,-589,1
TXN2512020N5DNN,CDR202600016867,DIRECT,36,1
UPI250826RMGT6Z,CDR202600016871,REVERSE,182,1
ATM251107HA45Y4,CDR202600016878,SENDER_OUTGOING_ACTIVITY,-47,1
UPI251222TSF70K,CDR202600016920,RECEIVER_OUTGOING_ACTIVITY,580,1
ATM250711RSBP2B,CDR202600016930,SENDER_OUTGOING_ACTIVITY,82,1
UPI251004GFFFMZ,CDR202600016938,DIRECT,900,1
UPI250130I7B5RL,CDR202600016962,DIRECT,-105,1
IMPS250616XQUXG5,CDR202600016983,DIRECT,146,1
ATM251003CFG5ZX,CDR202600016988,REVERSE,614,1
TXN250922KPHOEI,CDR202600017008,DIRECT,241,1
TXN250705IL3AHR,CDR202600017013,SENDER_INCOMING_ACTIVITY,-291,1
ATM250321ICJO4S,CDR202600017025,RECEIVER_INCOMING_ACTIVITY,188,1
ATM250912TMLLDN,CDR202600017050,REVERSE,172,1
IMPS2511185UPTWI,CDR202600017058,RECEIVER_INCOMING_ACTIVITY,-234,1
ATM25122908D1HE,CDR202600017083,REVERSE,837,1
ATM250812YOIBW2,CDR202600017086,REVERSE,-33,1
IMPS250928CEVZZI,CDR202600017089,SENDER_INCOMING_ACTIVITY,-1569,1
TXN25031847XOAC,CDR202600017099,DIRECT,-580,1
TXN250318EZ1P8X,CDR202600017111,SENDER_INCOMING_ACTIVITY,-182,1
ATM250114D5QN0K,CDR202600017132,DIRECT,-876,1
TXN250124MH5U8C,CDR202600017148,REVERSE,432,1
ATM250611M3VW2F,CDR202600017161,RECEIVER_INCOMING_ACTIVITY,-258,1
TXN25073178P0G6,CDR202600017167,REVERSE,214,1
TXN250216E8YDOR,CDR202600017173,REVERSE,-253,1
TXN250826MZSCX4,CDR202600017199,RECEIVER_OUTGOING_ACTIVITY,1603,1
TXN250715KQE5SE,CDR202600017220,RECEIVER_INCOMING_ACTIVITY,49,1
ATM25123159VQ95,CDR202600017259,SENDER_OUTGOING_ACTIVITY,446,1
UPI251105WHQRK5,CDR202600017264,SENDER_INCOMING_ACTIVITY,-249,1
TXN250624L8UQV6,CDR202600017284,SENDER_OUTGOING_ACTIVITY,30,1
UPI25040277I301,CDR202600017288,DIRECT,-528,1
ATM250918HXBEZ6,CDR202600017309,SENDER_OUTGOING_ACTIVITY,-117,1
UPI2504018JERV5,CDR202600017323,SENDER_INCOMING_ACTIVITY,36,1
ATM251108N9GFM1,CDR202600017329,SENDER_INCOMING_ACTIVITY,-632,1
TXN250731OJG2F1,CDR202600017353,SENDER_INCOMING_ACTIVITY,-1067,1
UPI2511018YOEO7,CDR202600017358,DIRECT,-89,1
ATM250319KIIKEL,CDR202600017360,REVERSE,-382,1
UPI250415ST5NM9,CDR202600017367,REVERSE,-595,1
ATM250809AE9869,CDR202600017377,SENDER_OUTGOING_ACTIVITY,-624,1
TXN2504129Z8E8X,CDR202600017392,REVERSE,-850,1
UPI250517ASQCFU,CDR202600017399,SENDER_OUTGOING_ACTIVITY,-569,1
UPI250731JOFIPZ,CDR202600017460,DIRECT,-33,1
TXN250125J2M96T,CDR202600017465,DIRECT,54,1
ATM250709QQLARH,CDR202600017476,SENDER_OUTGOING_ACTIVITY,-1619,1
TXN250107K7QIRJ,CDR202600017482,REVERSE,-132,1
IMPS251111YONU4P,CDR202600017484,RECEIVER_OUTGOING_ACTIVITY,180,1
UPI250720RKW4VC,CDR202600017511,DIRECT,59,1
UPI251001UNFJH3,CDR202600017541,RECEIVER_OUTGOING_ACTIVITY,183,1
IMPS2504121CUI32,CDR202600017557,DIRECT,28,1
TXN2501155X98JD,CDR202600017596,SENDER_OUTGOING_ACTIVITY,53,1
ATM2505310J199V,CDR202600017631,REVERSE,-17,1
IMPS251209SDX07S,CDR202600017636,SENDER_OUTGOING_ACTIVITY,-92,1
TXN250607YCMHEM,CDR202600017654,RECEIVER_INCOMING_ACTIVITY,58,1
IMPS2502246LTMTT,CDR202600017695,DIRECT,-63,1
UPI251112USB3HV,CDR202600017710,RECEIVER_INCOMING_ACTIVITY,304,1
ATM25111922X9WB,CDR202600017713,DIRECT,-50,1
ATM250705W700HQ,CDR202600017717,DIRECT,58,1
ATM2506276JRKWR,CDR202600017736,SENDER_INCOMING_ACTIVITY,-178,1
TXN250607I7NH1J,CDR202600017769,DIRECT,-157,1
ATM250322XFSBVI,CDR202600017785,RECEIVER_OUTGOING_ACTIVITY,-203,1
TXN250205OFSRL7,CDR202600017790,SENDER_OUTGOING_ACTIVITY,-1463,1
IMPS2510239EQXLZ,CDR202600017799,DIRECT,-19,1
UPI250904KWUVY2,CDR202600017803,SENDER_INCOMING_ACTIVITY,1653,1
ATM250730KXH02I,CDR202600017804,REVERSE,-254,1
TXN251231BPHLGM,CDR202600017836,RECEIVER_INCOMING_ACTIVITY,45,1
UPI250330THG8LY,CDR202600017839,DIRECT,29,1
UPI250126SFNL8K,CDR202600017846,DIRECT,-1126,1
IMPS250524O7DI6O,CDR202600017849,DIRECT,15,1
UPI2502071D5TQY,CDR202600017851,RECEIVER_INCOMING_ACTIVITY,-229,1
ATM251114Z3PPJ4,CDR202600017870,SENDER_INCOMING_ACTIVITY,-509,1
UPI250413CCN8ER,CDR202600017874,RECEIVER_OUTGOING_ACTIVITY,-128,1
UPI251004UL69H7,CDR202600017876,DIRECT,782,1
UPI250916T2TSVK,CDR202600017950,DIRECT,-221,1
TXN251113IBDVL8,CDR202600017955,DIRECT,-46,1
ATM250518KSDC1Q,CDR202600018008,RECEIVER_INCOMING_ACTIVITY,-9,1
UPI2501154RDR8F,CDR202600018019,SENDER_INCOMING_ACTIVITY,225,1
TXN250928KQU9RJ,CDR202600018039,RECEIVER_INCOMING_ACTIVITY,-269,1
ATM250930ZGD90V,CDR202600018054,SENDER_INCOMING_ACTIVITY,26,1
UPI2507218DKBZD,CDR202600018060,DIRECT,210,1
UPI250621PT7GGB,CDR202600018098,DIRECT,-24,1
UPI250504OSCXON,CDR202600018107,REVERSE,23,1
ATM25090193SDSW,CDR202600018120,SENDER_INCOMING_ACTIVITY,-48,1
ATM250914MP5MNT,CDR202600018132,SENDER_INCOMING_ACTIVITY,623,1
UPI250117XYDR4X,CDR202600018140,REVERSE,777,1
UPI251218QXP84I,CDR202600018147,SENDER_INCOMING_ACTIVITY,-7,1
ATM250124P8WZ1O,CDR202600018149,RECEIVER_INCOMING_ACTIVITY,208,1
ATM251225TZEF1B,CDR202600018155,DIRECT,304,1
ATM250420EM32XM,CDR202600018158,SENDER_OUTGOING_ACTIVITY,-180,1
ATM25052655TLZG,CDR202600018218,RECEIVER_INCOMING_ACTIVITY,-815,1
IMPS251218J8HF09,CDR202600018234,REVERSE,9,1
ATM2510168XG6WG,CDR202600018239,DIRECT,-13,1
ATM250309O17NT9,CDR202600018262,DIRECT,9,1
UPI250625DWFRXU,CDR202600018266,DIRECT,-241,1
UPI25061569GTL4,CDR202600018283,DIRECT,294,1
IMPS250827R2A6ZM,CDR202600018285,DIRECT,-117,1
UPI25082106L2F5,CDR202600018302,SENDER_INCOMING_ACTIVITY,208,1
UPI250517539DO5,CDR202600018305,SENDER_INCOMING_ACTIVITY,177,1
UPI250421SON4SI,CDR202600018306,DIRECT,40,1
TXN250821EMZWR0,CDR202600018323,RECEIVER_INCOMING_ACTIVITY,929,1
IMPS250126JNCGBE,CDR202600018325,RECEIVER_INCOMING_ACTIVITY,-468,1
TXN250526SKHPC7,CDR202600018344,RECEIVER_INCOMING_ACTIVITY,-618,1
UPI251114PKTL8Q,CDR202600018364,SENDER_OUTGOING_ACTIVITY,177,1
UPI250126910M8N,CDR202600018366,SENDER_OUTGOING_ACTIVITY,68,1
ATM2501066F7761,CDR202600018380,RECEIVER_INCOMING_ACTIVITY,44,1
ATM250212X82USQ,CDR202600018387,DIRECT,271,1
TXN250824G46W6W,CDR202600018400,DIRECT,405,1
IMPS250925PORVCY,CDR202600018401,RECEIVER_OUTGOING_ACTIVITY,40,1
ATM250723LJCDVS,CDR202600018419,DIRECT,1229,1
ATM251211Z7A7CY,CDR202600018458,RECEIVER_INCOMING_ACTIVITY,940,1
IMPS250424X9YJOC,CDR202600018468,SENDER_OUTGOING_ACTIVITY,16,1
ATM250725BJ7UH7,CDR202600018495,REVERSE,-1241,1
ATM25070142L0GC,CDR202600018512,RECEIVER_INCOMING_ACTIVITY,73,1
UPI250111CRLPKH,CDR202600018515,SENDER_INCOMING_ACTIVITY,-589,1
IMPS250827Z9MC11,CDR202600018519,SENDER_INCOMING_ACTIVITY,611,1
TXN25022284A2QK,CDR202600018533,SENDER_OUTGOING_ACTIVITY,-19,1
ATM250402YKUA2D,CDR202600018557,DIRECT,1061,1
UPI250520YSSW9G,CDR202600018563,DIRECT,187,1
TXN250308MHIAP0,CDR202600018580,RECEIVER_OUTGOING_ACTIVITY,-146,1
UPI2509130KC8H8,CDR202600018605,RECEIVER_OUTGOING_ACTIVITY,-69,1
IMPS250529EO0XZ9,CDR202600018608,REVERSE,-983,1
UPI2501104XPZWY,CDR202600018610,DIRECT,-230,1
ATM250703EX5KO9,CDR202600018633,RECEIVER_INCOMING_ACTIVITY,-19,1
ATM250605HM1TZ2,CDR202600018657,DIRECT,-209,1
TXN250114XPCZ07,CDR202600018661,DIRECT,-1198,1
UPI250515FJTH3J,CDR202600018696,DIRECT,15,1
TXN250418W2IOKL,CDR202600018707,SENDER_OUTGOING_ACTIVITY,-18,1
ATM2507028TDIHU,CDR202600018709,SENDER_OUTGOING_ACTIVITY,38,1
ATM2507075NEOVL,CDR202600018721,RECEIVER_INCOMING_ACTIVITY,-43,1
TXN251226WDBSFY,CDR202600018731,DIRECT,-214,1
UPI25101179TIPB,CDR202600018741,SENDER_INCOMING_ACTIVITY,-39,1
ATM250802NTXQWS,CDR202600018757,REVERSE,-55,1
UPI250519SLPTVS,CDR202600018769,DIRECT,39,1
ATM2507050AMAT2,CDR202600018773,SENDER_OUTGOING_ACTIVITY,254,1
ATM250520B9WDPY,CDR202600018788,RECEIVER_INCOMING_ACTIVITY,-53,1
IMPS250212PPV55J,CDR202600018795,RECEIVER_INCOMING_ACTIVITY,-60,1
ATM250301X4QY1P,CDR202600018828,REVERSE,348,1
ATM2511020L70V1,CDR202600018866,DIRECT,1739,1
ATM251006CT0OUD,CDR202600018888,SENDER_INCOMING_ACTIVITY,747,1
ATM2510238UOQTV,CDR202600018893,SENDER_OUTGOING_ACTIVITY,283,1
ATM250114IVCG3M,CDR202600018918,DIRECT,609,1
UPI250703FWYCC5,CDR202600018926,REVERSE,1567,1
ATM2505222VDDZ8,CDR202600018953,SENDER_OUTGOING_ACTIVITY,-881,1
UPI251203CQL0RW,CDR202600018961,SENDER_INCOMING_ACTIVITY,51,1
UPI250930M2ZJQY,CDR202600018965,DIRECT,423,1
IMPS251222DY9KKD,CDR202600018972,SENDER_INCOMING_ACTIVITY,-45,1
ATM2508248TZPPW,CDR202600018981,DIRECT,43,1
UPI250807K81NY4,CDR202600018982,SENDER_INCOMING_ACTIVITY,231,1
ATM250209X4LCRJ,CDR202600019001,DIRECT,733,1
UPI250115T38F16,CDR202600019009,DIRECT,-210,1
ATM2512152CHWLC,CDR202600019051,RECEIVER_OUTGOING_ACTIVITY,-195,1
TXN2506221LFKWY,CDR202600019057,DIRECT,54,1
IMPS2510173HXAQY,CDR202600019061,DIRECT,219,1
ATM250412HR3GQ9,CDR202600019069,RECEIVER_OUTGOING_ACTIVITY,41,1
IMPS2503206COB6Y,CDR202600019082,DIRECT,-129,1
UPI250613NIA8HW,CDR202600019087,DIRECT,-43,1
UPI250829047CIE,CDR202600019108,RECEIVER_OUTGOING_ACTIVITY,108,1
ATM251217T7540L,CDR202600019109,DIRECT,-3,1
UPI250526H01BXX,CDR202600019122,DIRECT,823,1
UPI250706N7TGE0,CDR202600019176,SENDER_INCOMING_ACTIVITY,-101,1
UPI250817F7ILKS,CDR202600019177,RECEIVER_OUTGOING_ACTIVITY,-200,1
UPI250606OJ0KPW,CDR202600019195,SENDER_INCOMING_ACTIVITY,31,1
ATM251205T7G8Y5,CDR202600019210,RECEIVER_INCOMING_ACTIVITY,-214,1
TXN250114PQXXJ3,CDR202600019212,REVERSE,-10,1
UPI250730HA1JPN,CDR202600019214,SENDER_OUTGOING_ACTIVITY,-776,1
ATM2508193CHA6S,CDR202600019225,RECEIVER_INCOMING_ACTIVITY,-190,1
TXN250930QG192K,CDR202600019226,REVERSE,1173,1
TXN250603L3P33O,CDR202600019239,DIRECT,-54,1
ATM250109B4UNEI,CDR202600019248,RECEIVER_OUTGOING_ACTIVITY,-93,1
UPI2503085S4465,CDR202600019255,RECEIVER_INCOMING_ACTIVITY,-269,1
TXN250311NP95QH,CDR202600019259,DIRECT,-1689,1
UPI250717H3J350,CDR202600019261,RECEIVER_INCOMING_ACTIVITY,193,1
UPI25050190IK40,CDR202600019267,DIRECT,57,1
TXN2508254K55MM,CDR202600019274,REVERSE,51,1
ATM250522E2Z3XL,CDR202600019275,DIRECT,-1,1
TXN250516IH302P,CDR202600019276,DIRECT,-1530,1
TXN250104S6GKJ7,CDR202600019309,REVERSE,-1531,1
ATM2512027YCNEO,CDR202600019349,DIRECT,37,1
TXN251230LHW6UC,CDR202600019354,RECEIVER_OUTGOING_ACTIVITY,-20,1
TXN250814VM1UCX,CDR202600019364,DIRECT,150,1
ATM250824B8ZTA2,CDR202600019383,SENDER_OUTGOING_ACTIVITY,60,1
TXN2510262ZM7RS,CDR202600019407,SENDER_OUTGOING_ACTIVITY,858,1
ATM250304AG1TCJ,CDR202600019410,SENDER_INCOMING_ACTIVITY,-695,1
IMPS250919XIK9OB,CDR202600019413,SENDER_OUTGOING_ACTIVITY,717,1
UPI250518E00SQ0,CDR202600019455,SENDER_OUTGOING_ACTIVITY,159,1
ATM251020R0ZXRX,CDR202600019457,REVERSE,-610,1
UPI251222KIVPE1,CDR202600019514,SENDER_INCOMING_ACTIVITY,-316,1
TXN2501255324GX,CDR202600019540,REVERSE,10,1
UPI250202O5S4S8,CDR202600019541,RECEIVER_INCOMING_ACTIVITY,-37,1
UPI250913QS2JZM,CDR202600019542,DIRECT,37,1
UPI251126TR9I25,CDR202600019555,RECEIVER_OUTGOING_ACTIVITY,79,1
ATM250117JUKFT1,CDR202600019562,SENDER_OUTGOING_ACTIVITY,-768,1
ATM250617SXYIET,CDR202600019563,DIRECT,-1558,1
UPI250110JZE4K2,CDR202600019575,DIRECT,534,1
IMPS2506015QW19U,CDR202600019612,RECEIVER_INCOMING_ACTIVITY,97,1
ATM2503186C41GH,CDR202600019622,SENDER_INCOMING_ACTIVITY,-92,1
ATM251231FA0LWA,CDR202600019647,RECEIVER_OUTGOING_ACTIVITY,-285,1
TXN250930ML1XMP,CDR202600019713,REVERSE,209,1
TXN250408LW02EU,CDR202600019715,DIRECT,164,1
TXN250928TP5B2B,CDR202600019740,RECEIVER_INCOMING_ACTIVITY,-60,1
ATM250110PV6LR0,CDR202600019744,SENDER_OUTGOING_ACTIVITY,4,1
UPI251121R8VAH1,CDR202600019778,SENDER_INCOMING_ACTIVITY,-362,1
TXN250307VNOXUH,CDR202600019782,SENDER_OUTGOING_ACTIVITY,-36,1
UPI250323PHTYPF,CDR202600019787,SENDER_OUTGOING_ACTIVITY,-38,1
TXN2508316Y2ZSC,CDR202600019811,DIRECT,228,1
ATM2509019RPRND,CDR202600019825,SENDER_INCOMING_ACTIVITY,1440,1
UPI250923UCU0LU,CDR202600019847,RECEIVER_INCOMING_ACTIVITY,-143,1
UPI2501047HA752,CDR202600019850,DIRECT,49,1
TXN2508230ITCZU,CDR202600019854,RECEIVER_INCOMING_ACTIVITY,535,1
ATM250127V2250S,CDR202600019893,RECEIVER_OUTGOING_ACTIVITY,162,1
ATM25032054ZCQX,CDR202600019924,DIRECT,-42,1
ATM250602OOQLZA,CDR202600019930,REVERSE,803,1
ATM250318TPNYES,CDR202600019952,RECEIVER_OUTGOING_ACTIVITY,32,1
TXN251204AL2U8K,CDR202600019985,REVERSE,-16,1
UPI2503317J8DGC,CDR202600019992,DIRECT,-249,1
ATM251214LFLWQJ,CDR202600020011,DIRECT,-1,1
TXN2506022NKO6X,CDR202600020018,SENDER_OUTGOING_ACTIVITY,-721,1
ATM251121PMQJEF,CDR202600020070,RECEIVER_OUTGOING_ACTIVITY,284,1
ATM2501187Y2GU7,CDR202600020071,SENDER_INCOMING_ACTIVITY,-182,1
ATM250519OJDD0Y,CDR202600020077,SENDER_INCOMING_ACTIVITY,-39,1
ATM250217FMDPEJ,CDR202600020093,RECEIVER_INCOMING_ACTIVITY,264,1
ATM250902D96FG7,CDR202600020140,RECEIVER_OUTGOING_ACTIVITY,807,1
UPI251212ZN6LEA,CDR202600020142,SENDER_OUTGOING_ACTIVITY,-212,1
UPI2501073OXESP,CDR202600020181,DIRECT,929,1
ATM251117JRBVH7,CDR202600020184,SENDER_INCOMING_ACTIVITY,77,1
TXN250708RDNNVN,CDR202600020191,REVERSE,-222,1
ATM250823T1TXYU,CDR202600020202,REVERSE,-232,1
ATM250509YPLU02,CDR202600020209,DIRECT,-330,1
TXN251114GLBPK4,CDR202600020211,DIRECT,436,1
TXN250117TZKGVD,CDR202600020214,SENDER_OUTGOING_ACTIVITY,-548,1
UPI251117OJI0LG,CDR202600020219,REVERSE,-14,1
UPI251108IAFYV5,CDR202600020232,SENDER_INCOMING_ACTIVITY,25,1
UPI250903PQJP7J,CDR202600020244,DIRECT,-25,1
IMPS250509YNM4ZI,CDR202600020254,SENDER_INCOMING_ACTIVITY,-199,1
TXN251019Y4P00Q,CDR202600020261,DIRECT,-62,1
ATM251221DESFEJ,CDR202600020262,SENDER_INCOMING_ACTIVITY,-616,1
TXN250601K80L6X,CDR202600020264,SENDER_INCOMING_ACTIVITY,46,1
ATM250512N0FOAC,CDR202600020277,SENDER_INCOMING_ACTIVITY,221,1
UPI250727U15RN7,CDR202600020279,DIRECT,26,1
ATM251012L6GNU3,CDR202600020335,DIRECT,581,1
TXN250301W04CZ1,CDR202600020337,REVERSE,-188,1
ATM250719BUXU60,CDR202600020344,REVERSE,-26,1
ATM2510218VZKPN,CDR202600020350,DIRECT,-55,1
UPI25072672U50W,CDR202600020360,REVERSE,1373,1
UPI251104AABJNF,CDR202600020376,RECEIVER_INCOMING_ACTIVITY,-1,1
UPI250105HLLSHW,CDR202600020387,DIRECT,-186,1
UPI250122OSVFBL,CDR202600020411,SENDER_INCOMING_ACTIVITY,1,1
TXN250317ATZ0SY,CDR202600020414,SENDER_INCOMING_ACTIVITY,-54,1
TXN250907680A5L,CDR202600020428,SENDER_OUTGOING_ACTIVITY,-712,1
UPI250423HMT4D9,CDR202600020438,DIRECT,-7,1
UPI251017DCWLNO,CDR202600020441,SENDER_OUTGOING_ACTIVITY,-466,1
UPI2505228GMSC7,CDR202600020445,RECEIVER_OUTGOING_ACTIVITY,682,1
ATM250926QCNI8G,CDR202600020448,DIRECT,59,1
UPI250801Q7A6W0,CDR202600020453,SENDER_OUTGOING_ACTIVITY,-206,1
TXN2509022VMSLE,CDR202600020471,SENDER_OUTGOING_ACTIVITY,-50,1
UPI250817GG8UMY,CDR202600020491,SENDER_INCOMING_ACTIVITY,-42,1
ATM251016GCW7KN,CDR202600020502,SENDER_INCOMING_ACTIVITY,-836,1
ATM2510287D3G9Y,CDR202600020509,REVERSE,203,1
UPI250123PTC378,CDR202600020510,DIRECT,197,1
UPI250318TQW7TI,CDR202600020533,SENDER_INCOMING_ACTIVITY,205,1
ATM250823NMDA8G,CDR202600020534,RECEIVER_OUTGOING_ACTIVITY,678,1
ATM250311X41DGI,CDR202600020551,DIRECT,37,1
IMPS2511076F6OAB,CDR202600020577,SENDER_INCOMING_ACTIVITY,44,1
UPI250219YI0CQJ,CDR202600020593,DIRECT,-506,1
IMPS250201FJ3BW3,CDR202600020605,DIRECT,108,1
ATM250216EGXAKF,CDR202600020614,DIRECT,53,1
ATM250525ZNQS2E,CDR202600020628,RECEIVER_INCOMING_ACTIVITY,-233,1
UPI250301GMIPEX,CDR202600020668,DIRECT,731,1
IMPS250220W2V9WU,CDR202600020696,SENDER_INCOMING_ACTIVITY,725,1
ATM250120MJPG8X,CDR202600020703,RECEIVER_OUTGOING_ACTIVITY,433,1
IMPS250722UK87J6,CDR202600020716,REVERSE,-59,1
UPI2503061WE58J,CDR202600020732,RECEIVER_INCOMING_ACTIVITY,10,1
IMPS251120GS5S2C,CDR202600020767,SENDER_OUTGOING_ACTIVITY,810,1
UPI250421371LJ5,CDR202600020775,SENDER_INCOMING_ACTIVITY,-276,1
ATM2508035T6MHZ,CDR202600020785,SENDER_INCOMING_ACTIVITY,-134,1
ATM250813I81OY1,CDR202600020808,SENDER_OUTGOING_ACTIVITY,731,1
TXN250701JZ5HOH,CDR202600020821,REVERSE,-30,1
UPI250524Y58LU7,CDR202600020832,SENDER_OUTGOING_ACTIVITY,-455,1
UPI250510VDB0MB,CDR202600020843,DIRECT,378,1
TXN2505307DC2GX,CDR202600020858,SENDER_INCOMING_ACTIVITY,194,1
TXN251031QEJ3RO,CDR202600020861,RECEIVER_INCOMING_ACTIVITY,1014,1
IMPS25043056UHW2,CDR202600020878,SENDER_INCOMING_ACTIVITY,-639,1
IMPS251005LC76A7,CDR202600020904,SENDER_INCOMING_ACTIVITY,498,1
ATM251024L5M0XQ,CDR202600020912,DIRECT,236,1
UPI250821H3S537,CDR202600020922,DIRECT,41,1
TXN251208YT37NI,CDR202600020926,DIRECT,10,1
ATM250926XUGZHR,CDR202600020932,SENDER_OUTGOING_ACTIVITY,87,1
UPI250323G5JZE7,CDR202600020934,SENDER_OUTGOING_ACTIVITY,163,1
TXN2509150NG792,CDR202600020944,RECEIVER_OUTGOING_ACTIVITY,-1660,1
ATM250703GSJS22,CDR202600020964,SENDER_OUTGOING_ACTIVITY,-5,1
UPI2509067CCUBC,CDR202600020999,REVERSE,-162,1
ATM2503164THUYX,CDR202600021003,RECEIVER_OUTGOING_ACTIVITY,-697,1
ATM250610OF81JV,CDR202600021011,RECEIVER_OUTGOING_ACTIVITY,29,1
UPI250424B3LMJT,CDR202600021012,SENDER_INCOMING_ACTIVITY,-272,1
IMPS251119NSTQAP,CDR202600021016,DIRECT,-25,1
IMPS250805OF86IG,CDR202600021029,DIRECT,836,1
TXN251120Y1FKW1,CDR202600021066,RECEIVER_OUTGOING_ACTIVITY,873,1
TXN250803W8UBLF,CDR202600021072,RECEIVER_OUTGOING_ACTIVITY,-178,1
TXN2506093UEK9D,CDR202600021073,RECEIVER_OUTGOING_ACTIVITY,300,1
UPI251227Q7MCPX,CDR202600021086,SENDER_INCOMING_ACTIVITY,155,1
TXN251008PO09Q7,CDR202600021096,RECEIVER_OUTGOING_ACTIVITY,-577,1
UPI251226X49V99,CDR202600021110,SENDER_INCOMING_ACTIVITY,60,1
ATM250217KR3VCA,CDR202600021118,REVERSE,636,1
ATM2509074S5IJ2,CDR202600021134,SENDER_OUTGOING_ACTIVITY,219,1
TXN250828U3UX6J,CDR202600021140,DIRECT,642,1
IMPS250325M65UBB,CDR202600021155,DIRECT,51,1
UPI250805F44KMS,CDR202600021163,SENDER_INCOMING_ACTIVITY,988,1
TXN2505276YFF1U,CDR202600021184,DIRECT,139,1
UPI250607AFP6IE,CDR202600021202,REVERSE,-446,1
TXN250314BN0HY5,CDR202600021231,SENDER_INCOMING_ACTIVITY,-238,1
UPI250607ZTCO9C,CDR202600021238,REVERSE,-702,1
TXN251011MKLNKE,CDR202600021251,DIRECT,-168,1
TXN251214IHYVWM,CDR202600021258,DIRECT,186,1
TXN251108HZ5FQ2,CDR202600021292,DIRECT,102,1
ATM250117HVLTAT,CDR202600021307,DIRECT,-38,1
ATM250504TA1VQJ,CDR202600021340,REVERSE,565,1
ATM2505170IIPJC,CDR202600021342,DIRECT,-119,1
TXN251127E8PIZD,CDR202600021372,SENDER_INCOMING_ACTIVITY,286,1
UPI251219QA31D7,CDR202600021377,REVERSE,-59,1
TXN2509270YZX8I,CDR202600021390,DIRECT,-35,1
UPI250309952PWU,CDR202600021415,REVERSE,-65,1
IMPS251218XQ8P1H,CDR202600021419,DIRECT,-1,1
ATM251113WZURQO,CDR202600021438,DIRECT,1275,1
UPI250814CFGX29,CDR202600021456,RECEIVER_INCOMING_ACTIVITY,244,1
ATM250628WU8TXO,CDR202600021458,REVERSE,98,1
UPI250504O0AH2B,CDR202600021460,REVERSE,171,1
UPI250107UCEFUL,CDR202600021473,DIRECT,1159,1
TXN25101447YBPI,CDR202600021476,DIRECT,-438,1
ATM250801W4BN46,CDR202600021490,DIRECT,13,1
UPI250920D2RNYI,CDR202600021540,RECEIVER_INCOMING_ACTIVITY,-5,1
ATM2504245GYELU,CDR202600021563,SENDER_INCOMING_ACTIVITY,50,1
ATM250324HR6ZXY,CDR202600021578,RECEIVER_INCOMING_ACTIVITY,25,1
TXN25013194ET14,CDR202600021594,REVERSE,-16,1
UPI250914HS4GTQ,CDR202600021672,DIRECT,-661,1
UPI251105UPQRO0,CDR202600021681,RECEIVER_OUTGOING_ACTIVITY,13,1
UPI250912TQPWZ3,CDR202600021733,DIRECT,-51,1
IMPS250819K3DXG3,CDR202600021758,DIRECT,-219,1
UPI250227ZM6OKN,CDR202600021763,SENDER_OUTGOING_ACTIVITY,-195,1
TXN250129V3YOUU,CDR202600021772,RECEIVER_INCOMING_ACTIVITY,553,1
ATM250222W9PEAY,CDR202600021774,SENDER_OUTGOING_ACTIVITY,162,1
UPI2504305WC7WO,CDR202600021781,SENDER_INCOMING_ACTIVITY,30,1
TXN250718JPBASK,CDR202600021792,DIRECT,6,1
ATM250405FIIW72,CDR202600021794,REVERSE,-993,1
ATM251029D2F35B,CDR202600021795,REVERSE,56,1
UPI251122CUQO42,CDR202600021815,SENDER_OUTGOING_ACTIVITY,-485,1
TXN251124JKLN9J,CDR202600021825,SENDER_OUTGOING_ACTIVITY,1528,1
ATM250404KJFVBU,CDR202600021835,SENDER_OUTGOING_ACTIVITY,26,1
ATM251001PMSU56,CDR202600021841,RECEIVER_INCOMING_ACTIVITY,88,1
TXN2504145H6CUT,CDR202600021842,SENDER_OUTGOING_ACTIVITY,156,1
UPI2501315Z0NKQ,CDR202600021871,DIRECT,597,1
UPI250627CFQVDO,CDR202600021875,SENDER_INCOMING_ACTIVITY,-5,1
UPI2507123QJB0T,CDR202600021883,DIRECT,-29,1
ATM251226FVWZZW,CDR202600021884,SENDER_OUTGOING_ACTIVITY,-79,1
IMPS250310Q5974L,CDR202600021896,REVERSE,26,1
TXN250620L03ZLN,CDR202600021903,DIRECT,-43,1
ATM250915OFYYSR,CDR202600021911,RECEIVER_INCOMING_ACTIVITY,-53,1
ATM251201NFYQX2,CDR202600021936,RECEIVER_INCOMING_ACTIVITY,-23,1
ATM251205GVG1HI,CDR202600021964,REVERSE,-26,1
UPI251227OSP3KP,CDR202600022003,DIRECT,-135,1
TXN251020Z3WBYM,CDR202600022016,DIRECT,-65,1
ATM250925ABY3SP,CDR202600022035,DIRECT,-1613,1
UPI250302QQKN27,CDR202600022060,RECEIVER_OUTGOING_ACTIVITY,-1460,1
UPI2510238BYS3C,CDR202600022069,DIRECT,561,1
ATM2511163PBHT1,CDR202600022070,DIRECT,133,1
ATM250407260TD5,CDR202600022073,SENDER_OUTGOING_ACTIVITY,1765,1
TXN25030361WFE0,CDR202600022084,RECEIVER_INCOMING_ACTIVITY,30,1
UPI250417V5P515,CDR202600022085,SENDER_OUTGOING_ACTIVITY,-50,1
TXN250710A5GFPD,CDR202600022108,SENDER_OUTGOING_ACTIVITY,6,1
ATM250926TPAR6L,CDR202600022124,RECEIVER_INCOMING_ACTIVITY,-145,1
TXN250112M2D93H,CDR202600022129,SENDER_OUTGOING_ACTIVITY,-201,1
IMPS250504NGJODU,CDR202600022134,DIRECT,723,1
UPI251023E592TJ,CDR202600022141,RECEIVER_OUTGOING_ACTIVITY,-1791,1
UPI250918RSHS9M,CDR202600022142,REVERSE,332,1
IMPS250620A8EHN6,CDR202600022157,REVERSE,1288,1
TXN250823EAJ716,CDR202600022175,REVERSE,-22,1
UPI250520A9UBIU,CDR202600022195,RECEIVER_INCOMING_ACTIVITY,-76,1
TXN250311AFHCYL,CDR202600022203,RECEIVER_INCOMING_ACTIVITY,-77,1
ATM250402D65L97,CDR202600022211,DIRECT,-56,1
ATM251029CW1Z3L,CDR202600022226,SENDER_OUTGOING_ACTIVITY,-404,1
UPI251006ZAN7P1,CDR202600022285,DIRECT,98,1
TXN250716SFOLYN,CDR202600022286,DIRECT,47,1
ATM250808M5KNC5,CDR202600022290,DIRECT,-2,1
TXN250725UA9CXX,CDR202600022303,REVERSE,48,1
UPI25070650YP3J,CDR202600022318,DIRECT,-1796,1
TXN2506121EDSZ0,CDR202600022334,REVERSE,-50,1
UPI250414OBA5NT,CDR202600022344,SENDER_OUTGOING_ACTIVITY,44,1
UPI250507VWP0Y5,CDR202600022347,DIRECT,-374,1
ATM250417AM1YSW,CDR202600022422,RECEIVER_OUTGOING_ACTIVITY,26,1
UPI250824P74DY3,CDR202600022423,REVERSE,7,1
ATM2503178P6PWZ,CDR202600022435,DIRECT,-174,1
TXN250111NOUROY,CDR202600022477,SENDER_INCOMING_ACTIVITY,-530,1
IMPS2511286O0YJC,CDR202600022524,REVERSE,1483,1
ATM250826U15WFO,CDR202600022539,REVERSE,-222,1
UPI251211CCHW5W,CDR202600022546,SENDER_INCOMING_ACTIVITY,-2,1
TXN250805WFV9O5,CDR202600022564,DIRECT,375,1
TXN251007EZ3XNC,CDR202600022602,RECEIVER_INCOMING_ACTIVITY,575,1
ATM250331VHOMSH,CDR202600022613,REVERSE,-499,1
ATM251103LR5PU3,CDR202600022623,SENDER_INCOMING_ACTIVITY,-835,1
IMPS2507085P50A3,CDR202600022624,DIRECT,-12,1
ATM2502015USROW,CDR202600022632,DIRECT,-550,1
UPI2504092NHNUI,CDR202600022633,REVERSE,86,1
ATM250928VU9W8W,CDR202600022639,DIRECT,178,1
ATM250704GHA929,CDR202600022642,DIRECT,-1601,1
ATM250820G3FS0V,CDR202600022646,SENDER_OUTGOING_ACTIVITY,-1122,1
ATM251218UWGUYX,CDR202600022648,REVERSE,201,1
UPI250219999EUO,CDR202600022650,REVERSE,-47,1
UPI2508099MOYKV,CDR202600022659,SENDER_INCOMING_ACTIVITY,-31,1
TXN251029EUKSTX,CDR202600022664,DIRECT,916,1
ATM250304MBQYMC,CDR202600022667,REVERSE,11,1
ATM250110USOXLO,CDR202600022679,RECEIVER_INCOMING_ACTIVITY,-21,1
ATM250226WTSH9E,CDR202600022688,REVERSE,-125,1
ATM250729DCMB6T,CDR202600022709,DIRECT,15,1
UPI25111269KMI1,CDR202600022728,SENDER_OUTGOING_ACTIVITY,-47,1
ATM250704MNYSA2,CDR202600022766,DIRECT,188,1
UPI250308PQ660C,CDR202600022776,DIRECT,-78,1
IMPS250415NUVHM4,CDR202600022812,RECEIVER_OUTGOING_ACTIVITY,231,1
ATM2502101XOS46,CDR202600022815,DIRECT,55,1
ATM251122JUJGXQ,CDR202600022881,RECEIVER_INCOMING_ACTIVITY,-56,1
TXN250420ZX15F0,CDR202600022886,SENDER_INCOMING_ACTIVITY,383,1
UPI2506013ZE89C,CDR202600022890,DIRECT,-1091,1
ATM250520UIFYRV,CDR202600022906,REVERSE,159,1
TXN251105HLVFYT,CDR202600022910,SENDER_OUTGOING_ACTIVITY,25,1
UPI250919XA1QZS,CDR202600022921,REVERSE,-38,1
ATM251110ITDQNN,CDR202600022949,RECEIVER_OUTGOING_ACTIVITY,-105,1
UPI251123XX4767,CDR202600022955,RECEIVER_INCOMING_ACTIVITY,19,1
UPI250604PK4BY0,CDR202600022957,DIRECT,891,1
UPI250802X4LGUA,CDR202600022977,REVERSE,125,1
ATM250108WNSQHA,CDR202600022998,DIRECT,-143,1
TXN250718ZMLV64,CDR202600023005,DIRECT,168,1
UPI25010931ZVW0,CDR202600023013,DIRECT,-362,1
IMPS250426IZKI6D,CDR202600023025,DIRECT,30,1
UPI25052549EWPA,CDR202600023058,SENDER_OUTGOING_ACTIVITY,-413,1
UPI2501252MBH1R,CDR202600023119,SENDER_INCOMING_ACTIVITY,-57,1
TXN251025O3EY0S,CDR202600023122,RECEIVER_INCOMING_ACTIVITY,-21,1
TXN250721CD4M3L,CDR202600023143,SENDER_INCOMING_ACTIVITY,-1249,1
TXN2510136K8CCV,CDR202600023153,DIRECT,-881,1
ATM250102Q9WFB7,CDR202600023185,DIRECT,-86,1
TXN2511152OEVCA,CDR202600023208,DIRECT,-891,1
UPI25112493ORIT,CDR202600023220,REVERSE,-32,1
TXN251025DWRRPO,CDR202600023239,SENDER_INCOMING_ACTIVITY,56,1
ATM250414HSCN52,CDR202600023268,SENDER_INCOMING_ACTIVITY,22,1
UPI25042895DC6J,CDR202600023296,REVERSE,-258,1
IMPS251218CMPO4J,CDR202600023305,SENDER_OUTGOING_ACTIVITY,-244,1
TXN250212WMOGPL,CDR202600023325,DIRECT,-153,1
TXN2503081BLXD9,CDR202600023337,REVERSE,-32,1
IMPS25110186ZXSK,CDR202600023339,RECEIVER_OUTGOING_ACTIVITY,-219,1
ATM250508FXI3WS,CDR202600023346,DIRECT,10,1
ATM251001MOQ72I,CDR202600023347,SENDER_OUTGOING_ACTIVITY,847,1
UPI251021362KIG,CDR202600023362,DIRECT,-36,1
ATM250622T5P6QQ,CDR202600023364,RECEIVER_INCOMING_ACTIVITY,-173,1
ATM250405W0YUQR,CDR202600023387,DIRECT,107,1
IMPS2505140Y5I8B,CDR202600023389,RECEIVER_OUTGOING_ACTIVITY,512,1
UPI250615SZ3C3E,CDR202600023424,RECEIVER_INCOMING_ACTIVITY,-584,1
UPI250118MU6GHV,CDR202600023432,DIRECT,215,1
UPI250713OQPNZJ,CDR202600023442,RECEIVER_OUTGOING_ACTIVITY,-830,1
TXN2505137WI7N6,CDR202600023443,REVERSE,120,1
ATM250709C93RR6,CDR202600023469,DIRECT,718,1
IMPS2508295YHXNE,CDR202600023476,DIRECT,-16,1
UPI25032490VNF7,CDR202600023484,SENDER_OUTGOING_ACTIVITY,168,1
TXN2512225VL67T,CDR202600023500,SENDER_INCOMING_ACTIVITY,-645,1
UPI250721H2C6J5,CDR202600023516,SENDER_INCOMING_ACTIVITY,-465,1
TXN250810U11N8B,CDR202600023525,SENDER_OUTGOING_ACTIVITY,21,1
TXN250112FKKPD4,CDR202600023538,DIRECT,853,1
UPI250128PZGL3A,CDR202600023544,SENDER_OUTGOING_ACTIVITY,-20,1
TXN250909A47BZW,CDR202600023562,RECEIVER_INCOMING_ACTIVITY,1484,1
TXN250124Y6THAG,CDR202600023566,REVERSE,188,1
TXN2504218HVOHY,CDR202600023568,REVERSE,-197,1
UPI250415PF71BO,CDR202600023570,RECEIVER_OUTGOING_ACTIVITY,182,1
ATM2501117UQ10E,CDR202600023578,DIRECT,-12,1
TXN250503HXADOZ,CDR202600023588,REVERSE,199,1
ATM2508290HD7HW,CDR202600023595,SENDER_OUTGOING_ACTIVITY,-1082,1
ATM25041795BL4Y,CDR202600023600,SENDER_OUTGOING_ACTIVITY,-127,1
ATM250208FZE3CR,CDR202600023616,RECEIVER_INCOMING_ACTIVITY,628,1
TXN250226X8JGPB,CDR202600023625,DIRECT,-169,1
TXN250109QSY9IS,CDR202600023627,RECEIVER_OUTGOING_ACTIVITY,-20,1
UPI250814723BDO,CDR202600023659,DIRECT,-23,1
UPI250619N4E57I,CDR202600023665,REVERSE,26,1
UPI250302DM4EB7,CDR202600023667,RECEIVER_INCOMING_ACTIVITY,46,1
UPI250810Y38AN1,CDR202600023706,DIRECT,8,1
ATM250223SJRB9Q,CDR202600023764,RECEIVER_OUTGOING_ACTIVITY,1090,1
ATM251009B0X57T,CDR202600023769,RECEIVER_OUTGOING_ACTIVITY,9,1
UPI251124N987BI,CDR202600023770,SENDER_INCOMING_ACTIVITY,279,1
ATM251013T0N1AU,CDR202600023782,DIRECT,-39,1
ATM250117WJJPYJ,CDR202600023783,REVERSE,276,1
IMPS2505285WN8W8,CDR202600023788,SENDER_INCOMING_ACTIVITY,565,1
ATM25070575H6NU,CDR202600023813,RECEIVER_INCOMING_ACTIVITY,-80,1
TXN251208HTHPZI,CDR202600023818,DIRECT,-37,1
ATM25032505IUJA,CDR202600023845,SENDER_OUTGOING_ACTIVITY,-58,1
ATM250129XQEGCC,CDR202600023849,DIRECT,1386,1
UPI2505116L4DKX,CDR202600023851,RECEIVER_INCOMING_ACTIVITY,865,1
UPI251017LSQT43,CDR202600023852,DIRECT,-99,1
IMPS250912GTN29C,CDR202600023863,DIRECT,14,1
UPI250709U4CF5A,CDR202600023871,REVERSE,282,1
UPI25092171VT5N,CDR202600023872,DIRECT,199,1
ATM250307HZZOBU,CDR202600023889,SENDER_OUTGOING_ACTIVITY,-1032,1
TXN25062282J8AU,CDR202600023907,DIRECT,-69,1
UPI250924KZT3QK,CDR202600023942,SENDER_INCOMING_ACTIVITY,113,1
UPI250129EZB7JD,CDR202600023943,REVERSE,32,1
TXN2501150CSFHS,CDR202600023958,DIRECT,58,1
UPI250907P4EBHB,CDR202600023960,SENDER_OUTGOING_ACTIVITY,272,1
UPI2507198QVP32,CDR202600023981,SENDER_INCOMING_ACTIVITY,-14,1
ATM25041490NCSP,CDR202600023994,REVERSE,38,1
ATM25040792Q9AN,CDR202600024016,SENDER_INCOMING_ACTIVITY,51,1
UPI2504105JNSBO,CDR202600024020,DIRECT,523,1
ATM250616G0XO8P,CDR202600024034,REVERSE,-967,1
UPI250310PDLLE1,CDR202600024056,REVERSE,9,1
TXN250911K1BW2H,CDR202600024077,SENDER_OUTGOING_ACTIVITY,462,1
UPI25010649440D,CDR202600024080,DIRECT,294,1
ATM250511HN5FPO,CDR202600024090,RECEIVER_INCOMING_ACTIVITY,-982,1
ATM250723IVIX1F,CDR202600024100,DIRECT,243,1
IMPS250810OX2D53,CDR202600024108,RECEIVER_OUTGOING_ACTIVITY,-175,1
ATM250226DDIBZ4,CDR202600024122,SENDER_OUTGOING_ACTIVITY,25,1
UPI251205ZOI430,CDR202600024135,SENDER_INCOMING_ACTIVITY,862,1
TXN250215WBGQ1Q,CDR202600024159,RECEIVER_OUTGOING_ACTIVITY,778,1
ATM2504180UMGG7,CDR202600024175,RECEIVER_OUTGOING_ACTIVITY,-1089,1
ATM251229VWE9XF,CDR202600024211,DIRECT,1199,1
UPI250513XWJJ8M,CDR202600024214,SENDER_INCOMING_ACTIVITY,-16,1
ATM250417AD513L,CDR202600024239,REVERSE,-55,1
ATM250520MRRTV3,CDR202600024252,SENDER_OUTGOING_ACTIVITY,30,1
ATM250317RWRRZ4,CDR202600024253,DIRECT,266,1
UPI25092910O0NM,CDR202600024278,DIRECT,192,1
ATM250429ND1F0R,CDR202600024305,SENDER_INCOMING_ACTIVITY,26,1
TXN250629FRGC6M,CDR202600024325,DIRECT,-11,1
UPI250929JJ789Z,CDR202600024332,SENDER_OUTGOING_ACTIVITY,54,1
TXN25111147L6L0,CDR202600024362,DIRECT,229,1
ATM250429SDOFWH,CDR202600024393,DIRECT,56,1
UPI250817L80VND,CDR202600024395,RECEIVER_OUTGOING_ACTIVITY,170,1
ATM250816CB3WOE,CDR202600024409,RECEIVER_OUTGOING_ACTIVITY,-910,1
ATM250206DJ27HG,CDR202600024433,DIRECT,-297,1
UPI250309WIHFWQ,CDR202600024439,DIRECT,-11,1
TXN250801FKBMP6,CDR202600024441,RECEIVER_OUTGOING_ACTIVITY,364,1
TXN251203OS7Y2Z,CDR202600024475,DIRECT,-322,1
ATM251205QOUOK8,CDR202600024478,REVERSE,932,1
UPI250604M4TQGQ,CDR202600024496,REVERSE,-688,1
ATM250220M5VT8Q,CDR202600024522,DIRECT,-881,1
IMPS251230ABGXP8,CDR202600024537,DIRECT,-409,1
ATM2512260WJ9FC,CDR202600024542,RECEIVER_INCOMING_ACTIVITY,-187,1
ATM2502258XSSSL,CDR202600024555,DIRECT,-158,1
UPI2505193GR2WC,CDR202600024557,RECEIVER_OUTGOING_ACTIVITY,-1611,1
UPI250526BOLT2Y,CDR202600024558,RECEIVER_OUTGOING_ACTIVITY,262,1
UPI2511166108ZD,CDR202600024587,RECEIVER_OUTGOING_ACTIVITY,-228,1
ATM251211NEU3FN,CDR202600024592,SENDER_INCOMING_ACTIVITY,610,1
UPI251117TSD4QW,CDR202600024617,DIRECT,592,1
TXN250910HHSMLJ,CDR202600024634,SENDER_OUTGOING_ACTIVITY,48,1
ATM250416RRDWYY,CDR202600024685,SENDER_OUTGOING_ACTIVITY,-212,1
IMPS251213RY5SLK,CDR202600024691,DIRECT,-1730,1
UPI250105IHN70N,CDR202600024705,DIRECT,48,1
ATM250916O0E9FO,CDR202600024708,REVERSE,-29,1
ATM250628FNOIS1,CDR202600024719,SENDER_INCOMING_ACTIVITY,-498,1
ATM250620I69ZFV,CDR202600024724,SENDER_INCOMING_ACTIVITY,520,1
ATM2503073XDXG2,CDR202600024726,RECEIVER_INCOMING_ACTIVITY,-273,1
UPI250625VAJ9MY,CDR202600024756,DIRECT,190,1
ATM2507294F6ZZF,CDR202600024779,DIRECT,98,1
ATM2509121DLLZM,CDR202600024795,RECEIVER_OUTGOING_ACTIVITY,-11,1
UPI251227LTFVZ8,CDR202600024804,DIRECT,751,1
TXN2505037T6WII,CDR202600024812,SENDER_OUTGOING_ACTIVITY,5,1
UPI25073176S54P,CDR202600024835,RECEIVER_OUTGOING_ACTIVITY,1495,1
ATM250116EHPO6W,CDR202600024867,DIRECT,-226,1
ATM250323JCZIGZ,CDR202600024880,SENDER_OUTGOING_ACTIVITY,-51,1
TXN250315MWAEVR,CDR202600024915,SENDER_INCOMING_ACTIVITY,888,1
ATM2509283E0LMO,CDR202600024919,DIRECT,-62,1
TXN250106CU5WMG,CDR202600024922,DIRECT,-1011,1
UPI250319IP72V2,CDR202600024924,RECEIVER_INCOMING_ACTIVITY,-611,1
TXN2502256L7BX1,CDR202600024934,DIRECT,92,1
UPI250802RQFHYR,CDR202600024944,DIRECT,-782,1
UPI2509240NZDIZ,CDR202600024947,SENDER_OUTGOING_ACTIVITY,-1,1
UPI2511173HAG03,CDR202600024963,RECEIVER_OUTGOING_ACTIVITY,1321,1
UPI25022381R86L,CDR202600024988,DIRECT,-219,1
ATM2508224V217F,CDR202600024990,RECEIVER_INCOMING_ACTIVITY,22,1
UPI250321B7OS9C,CDR202600025001,SENDER_OUTGOING_ACTIVITY,-35,1
UPI2510263DJW1I,CDR202600025016,REVERSE,-442,1
UPI250707PIRRRL,CDR202600025022,SENDER_OUTGOING_ACTIVITY,-1192,1
TXN2508054TLZXE,CDR202600025036,RECEIVER_OUTGOING_ACTIVITY,-801,1
TXN2504207D7DAP,CDR202600025056,RECEIVER_OUTGOING_ACTIVITY,-31,1
TXN250521MQS1VB,CDR202600025058,SENDER_OUTGOING_ACTIVITY,-3,1
UPI2507267Z3Z45,CDR202600025065,DIRECT,205,1
UPI2505186DS08K,CDR202600025101,RECEIVER_OUTGOING_ACTIVITY,-220,1
ATM250419D70X3B,CDR202600025122,DIRECT,-14,1
UPI250125N9H3KY,CDR202600025126,RECEIVER_INCOMING_ACTIVITY,-194,1
IMPS250612803H1N,CDR202600025175,SENDER_OUTGOING_ACTIVITY,-55,1
UPI251229XPJCJI,CDR202600025182,DIRECT,280,1
UPI2503280I30B7,CDR202600025215,REVERSE,-52,1
UPI2512092ASW5L,CDR202600025222,REVERSE,1673,1
UPI251225LIB7Y8,CDR202600025254,RECEIVER_OUTGOING_ACTIVITY,-285,1
TXN250411RBH7BQ,CDR202600025259,SENDER_INCOMING_ACTIVITY,-88,1
UPI250208VL32DU,CDR202600025261,DIRECT,-36,1
UPI250424INMS3H,CDR202600025271,SENDER_OUTGOING_ACTIVITY,98,1
UPI25072854URBB,CDR202600025298,REVERSE,-298,1
ATM250410VQ7H4E,CDR202600025307,RECEIVER_OUTGOING_ACTIVITY,-60,1
ATM2501145903KL,CDR202600025314,RECEIVER_INCOMING_ACTIVITY,-17,1
UPI2501089A7ZZ9,CDR202600025321,DIRECT,-2,1
TXN251126KMKKHK,CDR202600025328,DIRECT,484,1
TXN250103KCGGXP,CDR202600025340,REVERSE,-84,1
ATM250608S6MWZT,CDR202600025348,DIRECT,-94,1
ATM250112GVYJ2J,CDR202600025350,DIRECT,-39,1
TXN250427SXS4GO,CDR202600025352,DIRECT,-643,1
UPI2510137ZBMO4,CDR202600025368,DIRECT,43,1
ATM250330CY27X4,CDR202600025375,DIRECT,-22,1
UPI2505042YBBT7,CDR202600025379,SENDER_INCOMING_ACTIVITY,-15,1
UPI2501015UOFWB,CDR202600025404,REVERSE,38,1
UPI251022EYKQWR,CDR202600025454,SENDER_OUTGOING_ACTIVITY,184,1
TXN250429EQ7WHC,CDR202600025476,REVERSE,85,1
UPI250323ZQ494I,CDR202600025505,SENDER_INCOMING_ACTIVITY,25,1
ATM25052366AVNA,CDR202600025519,RECEIVER_INCOMING_ACTIVITY,-206,1
UPI250609X26BJP,CDR202600025523,DIRECT,45,1
TXN250622AWPBZV,CDR202600025535,REVERSE,-144,1
UPI250505N03U6I,CDR202600025595,REVERSE,27,1
IMPS250424853BYX,CDR202600025600,RECEIVER_OUTGOING_ACTIVITY,-32,1
ATM250208442Z0U,CDR202600025606,DIRECT,-9,1
UPI2511299JG5QD,CDR202600025619,REVERSE,-80,1
TXN251112EOTOD8,CDR202600025620,SENDER_OUTGOING_ACTIVITY,-684,1
TXN251228WFJJE5,CDR202600025621,REVERSE,665,1
UPI25102679EURE,CDR202600025677,RECEIVER_INCOMING_ACTIVITY,193,1
ATM2510057298JP,CDR202600025707,DIRECT,48,1
ATM250513U3ZBQT,CDR202600025730,RECEIVER_OUTGOING_ACTIVITY,1074,1
ATM250507DDY5HH,CDR202600025797,DIRECT,21,1
TXN25071131X4RW,CDR202600025801,SENDER_INCOMING_ACTIVITY,-50,1
UPI250923YJGF0Y,CDR202600025803,DIRECT,29,1
ATM250913QON0YS,CDR202600025819,DIRECT,-56,1
ATM250504EBUORP,CDR202600025820,SENDER_INCOMING_ACTIVITY,-719,1
TXN250728265X6J,CDR202600025826,SENDER_INCOMING_ACTIVITY,28,1
IMPS250606YR53TZ,CDR202600025828,RECEIVER_OUTGOING_ACTIVITY,10,1
TXN250807PK5J94,CDR202600025849,SENDER_OUTGOING_ACTIVITY,569,1
ATM250629PBL4WW,CDR202600025856,DIRECT,1288,1
UPI250624X36ARM,CDR202600025863,RECEIVER_INCOMING_ACTIVITY,53,1
TXN250918J8HFAQ,CDR202600025873,REVERSE,-671,1
ATM2502044HXRL2,CDR202600025877,DIRECT,275,1
UPI250518E6PU76,CDR202600025883,DIRECT,-334,1
IMPS250410DAKQKP,CDR202600025884,DIRECT,89,1
ATM2507178DENVE,CDR202600025909,DIRECT,-679,1
ATM250730W8Q5QF,CDR202600025925,SENDER_OUTGOING_ACTIVITY,3,1
TXN251225JWW44D,CDR202600025955,SENDER_OUTGOING_ACTIVITY,5,1
UPI251017H1DAUM,CDR202600025959,SENDER_INCOMING_ACTIVITY,-183,1
ATM251204UC1E8S,CDR202600025966,RECEIVER_INCOMING_ACTIVITY,-434,1
UPI250604OVY32O,CDR202600025992,RECEIVER_INCOMING_ACTIVITY,69,1
TXN25020440NHUX,CDR202600026007,DIRECT,1030,1
UPI2509294NLZ14,CDR202600026041,DIRECT,-300,1
ATM250317ZVEDVL,CDR202600026042,DIRECT,525,1
UPI250816BJ0J5I,CDR202600026046,SENDER_OUTGOING_ACTIVITY,14,1
TXN250816N02YGK,CDR202600026064,SENDER_OUTGOING_ACTIVITY,-244,1
ATM2506213G1R23,CDR202600026076,RECEIVER_INCOMING_ACTIVITY,1783,1
IMPS251212X9B3ZI,CDR202600026097,DIRECT,18,1
ATM2508028JGRF0,CDR202600026104,REVERSE,-3,1
IMPS250530AQ3871,CDR202600026109,DIRECT,-245,1
IMPS250712ZHU1E2,CDR202600026118,DIRECT,1676,1
UPI250506YS8JW4,CDR202600026132,DIRECT,159,1
ATM250325YAZ26A,CDR202600026140,REVERSE,-19,1
UPI2504172E0CSG,CDR202600026154,RECEIVER_OUTGOING_ACTIVITY,-207,1
TXN250819WIPBKI,CDR202600026183,RECEIVER_INCOMING_ACTIVITY,-488,1
UPI250820UY61XZ,CDR202600026184,SENDER_INCOMING_ACTIVITY,-234,1
TXN251125Z1R1KU,CDR202600026198,SENDER_INCOMING_ACTIVITY,519,1
TXN2509283VQ90V,CDR202600026213,DIRECT,458,1
ATM250316MXVYQ4,CDR202600026235,SENDER_INCOMING_ACTIVITY,-22,1
TXN250906IUT5GV,CDR202600026249,DIRECT,482,1
ATM250708QHYLYN,CDR202600026259,DIRECT,114,1
TXN2512078JAJHE,CDR202600026260,DIRECT,185,1
ATM250707KOM8BZ,CDR202600026290,DIRECT,132,1
UPI250331LV5B0N,CDR202600026296,RECEIVER_INCOMING_ACTIVITY,-50,1
UPI250612L8QMPX,CDR202600026299,SENDER_INCOMING_ACTIVITY,270,1
UPI25030426LUN8,CDR202600026315,REVERSE,-32,1
UPI25092940NOIR,CDR202600026319,SENDER_INCOMING_ACTIVITY,-29,1
TXN250129ZKZ7KI,CDR202600026328,SENDER_INCOMING_ACTIVITY,-45,1
UPI250309MK7JMP,CDR202600026330,SENDER_OUTGOING_ACTIVITY,-9,1
UPI250830PGSDUU,CDR202600026372,DIRECT,-193,1
UPI25092146EX3W,CDR202600026377,RECEIVER_INCOMING_ACTIVITY,1499,1
TXN251226BNZ5VR,CDR202600026379,DIRECT,88,1
ATM251015GXZVPG,CDR202600026394,DIRECT,263,1
ATM250307JRP4F0,CDR202600026406,SENDER_OUTGOING_ACTIVITY,-294,1
TXN250101S5NKB4,CDR202600026415,SENDER_INCOMING_ACTIVITY,-37,1
IMPS2501168TP0RG,CDR202600026419,SENDER_INCOMING_ACTIVITY,16,1
ATM250220EH7ZEZ,CDR202600026424,SENDER_OUTGOING_ACTIVITY,714,1
ATM250118CMN0Z5,CDR202600026428,REVERSE,784,1
ATM250902XY4WIG,CDR202600026449,SENDER_OUTGOING_ACTIVITY,486,1
TXN250726XCV6WT,CDR202600026453,RECEIVER_OUTGOING_ACTIVITY,26,1
UPI2512160Y1VLN,CDR202600026456,RECEIVER_INCOMING_ACTIVITY,-1650,1
ATM25120534KUXH,CDR202600026465,RECEIVER_INCOMING_ACTIVITY,882,1
IMPS250315FMO8NC,CDR202600026469,DIRECT,-1774,1
UPI250719RQ76YT,CDR202600026470,DIRECT,739,1
ATM2508252S4HFK,CDR202600026480,SENDER_INCOMING_ACTIVITY,-571,1
ATM250306HFRSBY,CDR202600026486,DIRECT,-51,1
TXN250118YYKGLP,CDR202600026503,DIRECT,-426,1
ATM2511161Q3QOH,CDR202600026509,SENDER_OUTGOING_ACTIVITY,21,1
UPI250108TROI91,CDR202600026552,SENDER_INCOMING_ACTIVITY,-227,1
ATM250920U2LQS0,CDR202600026567,SENDER_OUTGOING_ACTIVITY,890,1
ATM250613A87O15,CDR202600026577,SENDER_OUTGOING_ACTIVITY,-19,1
TXN250409IUEDCP,CDR202600026585,SENDER_INCOMING_ACTIVITY,32,1
ATM2506014DL88O,CDR202600026599,DIRECT,-193,1
ATM250213LQPMVJ,CDR202600026610,DIRECT,50,1
TXN251029IQCZV4,CDR202600026623,REVERSE,-1385,1
UPI250605MSNO45,CDR202600026624,DIRECT,-71,1
UPI251025XSLGR2,CDR202600026664,REVERSE,757,1
UPI250226BWW5HQ,CDR202600026703,RECEIVER_OUTGOING_ACTIVITY,-651,1
IMPS250610S6P7CH,CDR202600026707,SENDER_INCOMING_ACTIVITY,-32,1
ATM2502218BRIMT,CDR202600026712,DIRECT,419,1
IMPS2511140NCGJE,CDR202600026716,DIRECT,93,1
UPI250310WDCHPZ,CDR202600026717,DIRECT,-35,1
ATM250529WIPVA6,CDR202600026729,DIRECT,-39,1
UPI2511059I5N47,CDR202600026731,SENDER_INCOMING_ACTIVITY,131,1
ATM250902F78Y9F,CDR202600026760,DIRECT,401,1
UPI250127HB5323,CDR202600026791,DIRECT,457,1
TXN250113F4WGQ8,CDR202600026800,SENDER_OUTGOING_ACTIVITY,-163,1
UPI250125YAJ8LF,CDR202600026812,SENDER_OUTGOING_ACTIVITY,-48,1
ATM250519PWKJZZ,CDR202600026824,REVERSE,-259,1
TXN250716CF3WMG,CDR202600026827,RECEIVER_OUTGOING_ACTIVITY,-202,1
ATM250907F8YOQJ,CDR202600026839,REVERSE,-34,1
ATM251129LKD55W,CDR202600026844,DIRECT,-137,1
ATM250803ODZHV1,CDR202600026856,SENDER_OUTGOING_ACTIVITY,1347,1
ATM250626O00AIK,CDR202600026869,DIRECT,-656,1
UPI251201HQKEQI,CDR202600026872,SENDER_OUTGOING_ACTIVITY,41,1
TXN251207ISXYVW,CDR202600026883,REVERSE,1771,1
UPI250119Q7CGLO,CDR202600026887,SENDER_OUTGOING_ACTIVITY,-651,1
UPI2506190EHCD9,CDR202600026901,DIRECT,148,1
TXN251209B5U41D,CDR202600026906,SENDER_OUTGOING_ACTIVITY,-1238,1
UPI2509308EWITP,CDR202600026910,RECEIVER_OUTGOING_ACTIVITY,-13,1
ATM250902ZZC4HR,CDR202600026911,REVERSE,-223,1
TXN251019XWG9RV,CDR202600026912,SENDER_INCOMING_ACTIVITY,33,1
ATM2509045TRTLS,CDR202600026928,DIRECT,-966,1
TXN250429RE7HND,CDR202600026983,RECEIVER_OUTGOING_ACTIVITY,136,1
ATM2501085GZC2H,CDR202600027000,DIRECT,-491,1
ATM250525YC4Y5I,CDR202600027010,SENDER_INCOMING_ACTIVITY,303,1
TXN250512YIISYP,CDR202600027014,RECEIVER_INCOMING_ACTIVITY,261,1
ATM251105HYOLAS,CDR202600027024,SENDER_OUTGOING_ACTIVITY,-770,1
UPI25100817EV2F,CDR202600027027,RECEIVER_OUTGOING_ACTIVITY,-92,1
UPI251204G2K8A5,CDR202600027079,DIRECT,-79,1
ATM250807551CHA,CDR202600027116,SENDER_OUTGOING_ACTIVITY,-242,1
UPI2511146IJAZ0,CDR202600027125,REVERSE,71,1
TXN250122RNPLQM,CDR202600027130,DIRECT,727,1
UPI251128EIY2ZB,CDR202600027139,DIRECT,1394,1
ATM251210QHMFMH,CDR202600027164,DIRECT,62,1
UPI250530Q4OK5R,CDR202600027180,REVERSE,-967,1
UPI251211S8Y3SY,CDR202600027185,RECEIVER_OUTGOING_ACTIVITY,31,1
ATM251026J7GI2G,CDR202600027206,RECEIVER_INCOMING_ACTIVITY,1714,1
ATM2503199L800H,CDR202600027212,DIRECT,-37,1
ATM250822FK7BRY,CDR202600027244,RECEIVER_INCOMING_ACTIVITY,-225,1
UPI250203XEFDU7,CDR202600027246,SENDER_OUTGOING_ACTIVITY,7,1
UPI250502F19PPM,CDR202600027250,SENDER_OUTGOING_ACTIVITY,-208,1
TXN250918HT3XX1,CDR202600027255,REVERSE,497,1
ATM250804MKROY9,CDR202600027296,RECEIVER_INCOMING_ACTIVITY,127,1
UPI250203E66N0I,CDR202600027299,RECEIVER_OUTGOING_ACTIVITY,-783,1
UPI2501094ZNZQ7,CDR202600027314,REVERSE,-167,1
UPI250906S0IHAA,CDR202600027317,DIRECT,-60,1
TXN250711K56WMU,CDR202600027330,DIRECT,-48,1
UPI250123AF6RS9,CDR202600027345,DIRECT,-312,1
IMPS250830H153M2,CDR202600027442,DIRECT,-30,1
TXN251116Z8H1QR,CDR202600027443,REVERSE,-186,1
TXN251122L6ORBG,CDR202600027463,SENDER_OUTGOING_ACTIVITY,372,1
UPI251007R8VHVL,CDR202600027478,DIRECT,253,1
ATM250513Z0PFYX,CDR202600027479,DIRECT,-257,1
UPI251120ZWOPM0,CDR202600027480,DIRECT,4,1
UPI251014PJ23I6,CDR202600027490,RECEIVER_OUTGOING_ACTIVITY,26,1
ATM250127GZ9C71,CDR202600027502,DIRECT,29,1
UPI251119O333MZ,CDR202600027549,DIRECT,551,1
TXN250320FAD2FG,CDR202600027558,DIRECT,-606,1
UPI250324Y2SQUF,CDR202600027580,RECEIVER_OUTGOING_ACTIVITY,30,1
TXN2501247IN3O3,CDR202600027585,SENDER_INCOMING_ACTIVITY,758,1
UPI250515GTQCE9,CDR202600027587,SENDER_OUTGOING_ACTIVITY,-27,1
TXN251109V9KCAW,CDR202600027588,SENDER_INCOMING_ACTIVITY,198,1
ATM2504062MQ6DS,CDR202600027603,DIRECT,-892,1
ATM2511168YJA3O,CDR202600027643,REVERSE,-21,1
UPI25032616GDVJ,CDR202600027646,SENDER_OUTGOING_ACTIVITY,18,1
ATM250129283XYY,CDR202600027660,SENDER_OUTGOING_ACTIVITY,263,1
UPI250805D30GWG,CDR202600027667,DIRECT,-58,1
TXN250723GNVTX8,CDR202600027674,DIRECT,-894,1
UPI251108Y7C9LU,CDR202600027683,DIRECT,-49,1
UPI250129QQWSKH,CDR202600027723,SENDER_INCOMING_ACTIVITY,53,1
IMPS250325UKR054,CDR202600027739,DIRECT,20,1
ATM250609R6HYVT,CDR202600027750,DIRECT,-23,1
ATM250330BSH8IU,CDR202600027775,SENDER_OUTGOING_ACTIVITY,702,1
TXN250906Q2UIC4,CDR202600027790,REVERSE,1508,1
UPI2505238XNFA7,CDR202600027804,RECEIVER_OUTGOING_ACTIVITY,833,1
ATM250501IEFAVN,CDR202600027807,SENDER_INCOMING_ACTIVITY,1,1
IMPS250904H73TLI,CDR202600027810,DIRECT,-7,1
ATM250909CYH8XS,CDR202600027816,SENDER_INCOMING_ACTIVITY,185,1
UPI250301429KU9,CDR202600027817,DIRECT,-20,1
UPI251229TQY61G,CDR202600027839,RECEIVER_OUTGOING_ACTIVITY,-33,1
UPI250225GOH8BD,CDR202600027842,DIRECT,-240,1
UPI250114VNLDCK,CDR202600027860,DIRECT,-23,1
TXN251001E8GBWJ,CDR202600027886,SENDER_INCOMING_ACTIVITY,-20,1
ATM250608NA6PFN,CDR202600027889,SENDER_OUTGOING_ACTIVITY,700,1
IMPS250126MESTHW,CDR202600027914,SENDER_OUTGOING_ACTIVITY,-27,1
UPI250324MZP0MK,CDR202600027927,DIRECT,140,1
UPI251029I3JLRD,CDR202600027928,SENDER_INCOMING_ACTIVITY,132,1
UPI2502124MCEOD,CDR202600027931,DIRECT,384,1
ATM250304JNHYG8,CDR202600027964,RECEIVER_OUTGOING_ACTIVITY,46,1
UPI251013A09OMF,CDR202600028002,SENDER_OUTGOING_ACTIVITY,711,1
IMPS250330A2TG01,CDR202600028003,REVERSE,-128,1
ATM251120ZHESFU,CDR202600028030,DIRECT,-817,1
ATM250911BEEWAH,CDR202600028034,SENDER_OUTGOING_ACTIVITY,594,1
ATM250321NNNEUK,CDR202600028079,DIRECT,426,1
ATM250607MMOM0B,CDR202600028088,REVERSE,-200,1
UPI250207D2M1RB,CDR202600028114,RECEIVER_INCOMING_ACTIVITY,596,1
ATM250201N500OC,CDR202600028116,SENDER_OUTGOING_ACTIVITY,174,1
ATM250628K5JLKK,CDR202600028124,RECEIVER_OUTGOING_ACTIVITY,22,1
ATM251209KVI3S6,CDR202600028145,DIRECT,53,1
ATM2503117F6M05,CDR202600028150,RECEIVER_OUTGOING_ACTIVITY,-1501,1
TXN25120175KYVU,CDR202600028159,REVERSE,-52,1
ATM251008A12PV2,CDR202600028167,DIRECT,-285,1
ATM251211RDBXZ2,CDR202600028175,SENDER_INCOMING_ACTIVITY,-94,1
UPI2504133AK66G,CDR202600028180,SENDER_OUTGOING_ACTIVITY,378,1
UPI250918YUUK7Y,CDR202600028213,RECEIVER_INCOMING_ACTIVITY,-240,1
UPI2507120IHSR4,CDR202600028218,DIRECT,720,1
IMPS250418OL0B11,CDR202600028316,DIRECT,11,1
TXN250824YJDGQZ,CDR202600028327,REVERSE,30,1
ATM250318PCXGRF,CDR202600028340,DIRECT,441,1
TXN250725KES3R4,CDR202600028363,DIRECT,-154,1
IMPS251115WDE8G8,CDR202600028395,SENDER_OUTGOING_ACTIVITY,93,1
ATM250603F4E72O,CDR202600028432,DIRECT,-1278,1
UPI251218LZAX2P,CDR202600028447,REVERSE,-1024,1
ATM250505F43CU2,CDR202600028473,DIRECT,26,1
UPI250719YVS4MH,CDR202600028486,DIRECT,732,1
ATM2510106J6LG0,CDR202600028487,DIRECT,-33,1
UPI251119UTJ9FG,CDR202600028496,DIRECT,-140,1
TXN250107IO00O7,CDR202600028504,REVERSE,343,1
UPI2503285LCY20,CDR202600028563,DIRECT,17,1
UPI250505H1BYHR,CDR202600028610,SENDER_OUTGOING_ACTIVITY,187,1
UPI2502209IFG05,CDR202600028625,SENDER_INCOMING_ACTIVITY,-616,1
IMPS251108LQ117R,CDR202600028629,DIRECT,-43,1
TXN2512185X0OPY,CDR202600028637,SENDER_OUTGOING_ACTIVITY,-4,1
TXN2501181UAMBS,CDR202600028647,DIRECT,-175,1
ATM2511062KEGF8,CDR202600028648,RECEIVER_OUTGOING_ACTIVITY,-134,1
IMPS251218NL7N2B,CDR202600028649,RECEIVER_OUTGOING_ACTIVITY,786,1
ATM2503272YABNN,CDR202600028687,SENDER_INCOMING_ACTIVITY,-234,1
ATM250502H0XED5,CDR202600028690,DIRECT,-126,1
ATM250217GKWQAY,CDR202600028699,SENDER_INCOMING_ACTIVITY,212,1
UPI250810DZY7QX,CDR202600028713,REVERSE,130,1
ATM251109ZNBP1J,CDR202600028727,DIRECT,-150,1
ATM251118RRUS4H,CDR202600028767,SENDER_INCOMING_ACTIVITY,-53,1
ATM250606R1KCUJ,CDR202600028771,REVERSE,447,1
ATM251016XVG05Y,CDR202600028775,RECEIVER_OUTGOING_ACTIVITY,-21,1
ATM250814VDWB5W,CDR202600028820,RECEIVER_INCOMING_ACTIVITY,-227,1
TXN250504GX8B7I,CDR202600028827,SENDER_OUTGOING_ACTIVITY,80,1
ATM251007HCTRVT,CDR202600028840,RECEIVER_OUTGOING_ACTIVITY,869,1
ATM250323G33FR4,CDR202600028844,REVERSE,731,1
ATM2504178OK2AG,CDR202600028872,REVERSE,-86,1
IMPS250703GGZ5HX,CDR202600028895,RECEIVER_INCOMING_ACTIVITY,-1409,1
IMPS250407OMS2AI,CDR202600028903,DIRECT,75,1
ATM250805XEWVU9,CDR202600028905,REVERSE,-211,1
TXN250617E0J1BW,CDR202600028941,DIRECT,-211,1
TXN250228U0IT6R,CDR202600028981,REVERSE,-880,1
UPI250902TXG33S,CDR202600028993,SENDER_OUTGOING_ACTIVITY,-254,1
ATM251001E4YI69,CDR202600029041,RECEIVER_INCOMING_ACTIVITY,52,1
TXN250331EHSWIX,CDR202600029055,SENDER_INCOMING_ACTIVITY,-524,1
UPI250511BTKG6R,CDR202600029068,REVERSE,280,1
UPI250802QIU0Q0,CDR202600029071,DIRECT,-39,1
UPI250903X3GEDY,CDR202600029091,REVERSE,55,1
TXN2504178EFPO7,CDR202600029106,SENDER_INCOMING_ACTIVITY,-854,1
TXN250422FNWJA5,CDR202600029112,RECEIVER_INCOMING_ACTIVITY,602,1
UPI2505234HAPHH,CDR202600029131,REVERSE,144,1
UPI250303TGIYEM,CDR202600029135,DIRECT,-425,1
TXN251124K2AU6O,CDR202600029154,SENDER_OUTGOING_ACTIVITY,318,1
ATM2508207HH9VU,CDR202600029195,DIRECT,172,1
UPI2501308S2KGI,CDR202600029200,SENDER_INCOMING_ACTIVITY,-297,1
TXN2512210RESRX,CDR202600029217,SENDER_OUTGOING_ACTIVITY,-205,1
TXN2512134M96KA,CDR202600029250,DIRECT,184,1
ATM2503128Q0CIJ,CDR202600029267,REVERSE,142,1
UPI2501286AJFU9,CDR202600029278,RECEIVER_INCOMING_ACTIVITY,177,1
ATM250406IAF43Y,CDR202600029308,RECEIVER_OUTGOING_ACTIVITY,-1562,1
UPI2505102QSZXH,CDR202600029337,SENDER_INCOMING_ACTIVITY,-1571,1
ATM250714U4XBK4,CDR202600029351,DIRECT,233,1
ATM250819IK2SJP,CDR202600029362,DIRECT,5,1
UPI250125TZKRHT,CDR202600029391,REVERSE,-148,1
UPI251215SMBMOH,CDR202600029399,REVERSE,-178,1
TXN250913M9B16U,CDR202600029403,REVERSE,-272,1
ATM250706X1GB8L,CDR202600029406,SENDER_OUTGOING_ACTIVITY,-39,1
UPI251022YLSSQ1,CDR202600029420,SENDER_INCOMING_ACTIVITY,-31,1
TXN2505209X87X9,CDR202600029421,SENDER_INCOMING_ACTIVITY,-3,1
UPI250317H2NTCW,CDR202600029426,SENDER_INCOMING_ACTIVITY,56,1
ATM250331XSI0GI,CDR202600029428,SENDER_INCOMING_ACTIVITY,232,1
UPI2507032JEA4D,CDR202600029448,SENDER_OUTGOING_ACTIVITY,-665,1
UPI2507239C19D1,CDR202600029504,RECEIVER_INCOMING_ACTIVITY,-200,1
ATM250517RFEMYN,CDR202600029513,SENDER_INCOMING_ACTIVITY,278,1
UPI250323C48PDC,CDR202600029519,REVERSE,676,1
UPI250408J0M6WV,CDR202600029534,SENDER_OUTGOING_ACTIVITY,29,1
UPI250813T2F3DI,CDR202600029570,DIRECT,508,1
UPI250209CXAV4N,CDR202600029584,DIRECT,-452,1
ATM250419CFBB3N,CDR202600029587,RECEIVER_INCOMING_ACTIVITY,32,1
UPI250502LTXHRE,CDR202600029589,SENDER_OUTGOING_ACTIVITY,-1,1
ATM250303RQ1GFD,CDR202600029605,DIRECT,-28,1
ATM250221A8ODY7,CDR202600029614,REVERSE,778,1
ATM250629ERUYMJ,CDR202600029633,REVERSE,95,1
UPI250309AJEFZR,CDR202600029636,RECEIVER_INCOMING_ACTIVITY,-77,1
UPI2506260IP1ZJ,CDR202600029646,REVERSE,-35,1
UPI250809XA9Z69,CDR202600029647,DIRECT,190,1
TXN25111085UVEI,CDR202600029665,SENDER_OUTGOING_ACTIVITY,775,1
ATM251216B66W2I,CDR202600029708,DIRECT,149,1
IMPS250512X05NP2,CDR202600029709,DIRECT,299,1
ATM25062037ZNJK,CDR202600029720,DIRECT,-1484,1
IMPS251001CVE2AG,CDR202600029731,DIRECT,-818,1
UPI250721DPFJ2H,CDR202600029743,RECEIVER_OUTGOING_ACTIVITY,-1111,1
TXN250420JEPAMJ,CDR202600029748,DIRECT,-442,1
UPI251103X8YD7O,CDR202600029761,DIRECT,-3,1
ATM25011220CIH8,CDR202600029764,DIRECT,-239,1
UPI2502137LZN4D,CDR202600029774,SENDER_OUTGOING_ACTIVITY,-94,1
UPI2512145N4LBQ,CDR202600029777,SENDER_INCOMING_ACTIVITY,-677,1
UPI250101WHVNZH,CDR202600029797,DIRECT,278,1
TXN2506124H90P1,CDR202600029809,REVERSE,-343,1
TXN250128KRDV6G,CDR202600029813,DIRECT,259,1
UPI2512205CT980,CDR202600029821,RECEIVER_OUTGOING_ACTIVITY,670,1
UPI251209FAQ7XK,CDR202600029827,RECEIVER_OUTGOING_ACTIVITY,17,1
UPI25110197ZDAI,CDR202600029831,SENDER_INCOMING_ACTIVITY,388,1
TXN25100155AA22,CDR202600029845,DIRECT,59,1
UPI251114YLCT76,CDR202600029864,SENDER_INCOMING_ACTIVITY,-481,1
TXN250425R227LQ,CDR202600029868,RECEIVER_INCOMING_ACTIVITY,-224,1
ATM251027NDFXDH,CDR202600029883,DIRECT,171,1
ATM250325PLSFYF,CDR202600029909,DIRECT,-1475,1
UPI250406GOXVNO,CDR202600029926,RECEIVER_INCOMING_ACTIVITY,-137,1
ATM250101LGJE2A,CDR202600029938,DIRECT,-384,1
IMPS251023LM0LBL,CDR202600029951,SENDER_INCOMING_ACTIVITY,55,1
UPI2508047U8AJI,CDR202600029953,DIRECT,-5,1
ATM2506018FOPDO,CDR202600029959,RECEIVER_OUTGOING_ACTIVITY,-5,1
ATM250211PVQ8X1,CDR202600029977,RECEIVER_OUTGOING_ACTIVITY,32,1
ATM251110FZVFUM,CDR202600030008,REVERSE,-5,1
ATM250106XIO25N,CDR202600030031,DIRECT,98,1
UPI250301NXUBJ1,CDR202600030037,DIRECT,11,1
UPI25042450B7IO,CDR202600030062,DIRECT,1520,1
UPI2506221XPGLZ,CDR202600030078,REVERSE,-484,1
ATM251205YX3GA2,CDR202600030080,SENDER_INCOMING_ACTIVITY,56,1
ATM251003GVM32M,CDR202600030093,REVERSE,-576,1
ATM25111606YNLT,CDR202600030107,DIRECT,188,1
TXN250725PG79KM,CDR202600030130,REVERSE,30,1
TXN250828STKIZL,CDR202600030160,RECEIVER_INCOMING_ACTIVITY,23,1
UPI250310MV6RO6,CDR202600030166,DIRECT,-214,1
ATM250425BQEH9S,CDR202600030183,SENDER_INCOMING_ACTIVITY,-125,1
IMPS250417HTKQSU,CDR202600030220,REVERSE,-48,1
IMPS250729QPEQV7,CDR202600030224,DIRECT,-57,1
ATM250401O72FI6,CDR202600030225,SENDER_OUTGOING_ACTIVITY,672,1
UPI250422ZE8Z0P,CDR202600030253,DIRECT,524,1
ATM251104R8JIBV,CDR202600030254,SENDER_OUTGOING_ACTIVITY,-189,1
UPI250416V2E4B6,CDR202600030262,RECEIVER_OUTGOING_ACTIVITY,-1328,1
ATM250121C0LHZK,CDR202600030272,REVERSE,608,1
ATM250125FCB7HM,CDR202600030273,SENDER_INCOMING_ACTIVITY,298,1
IMPS25112690GCDN,CDR202600030279,RECEIVER_OUTGOING_ACTIVITY,33,1
TXN251214KXXTWD,CDR202600030286,RECEIVER_INCOMING_ACTIVITY,193,1
UPI2503185II301,CDR202600030310,DIRECT,-1237,1
UPI251130LTR2OE,CDR202600030311,DIRECT,168,1
ATM250705G99CU8,CDR202600030312,DIRECT,-348,1
ATM2508206GGYI3,CDR202600030346,DIRECT,-41,1
ATM25120434B8N6,CDR202600030418,SENDER_INCOMING_ACTIVITY,-806,1
UPI2511222O17U1,CDR202600030419,REVERSE,63,1
ATM251002PHG555,CDR202600030431,SENDER_INCOMING_ACTIVITY,225,1
ATM250808USFT9P,CDR202600030456,REVERSE,-55,1
UPI250322GQYEH5,CDR202600030465,SENDER_INCOMING_ACTIVITY,836,1
TXN25042699GYDB,CDR202600030480,DIRECT,275,1
IMPS2504203AQG1U,CDR202600030485,DIRECT,91,1
TXN251222DALZ0P,CDR202600030486,SENDER_OUTGOING_ACTIVITY,1603,1
ATM250409IFNZ84,CDR202600030493,RECEIVER_INCOMING_ACTIVITY,777,1
ATM250313SY6VO2,CDR202600030504,SENDER_INCOMING_ACTIVITY,-46,1
IMPS250520U4ZSI0,CDR202600030506,DIRECT,-643,1
ATM250304479KYV,CDR202600030518,RECEIVER_OUTGOING_ACTIVITY,-1113,1
IMPS2505271K5FSG,CDR202600030530,SENDER_INCOMING_ACTIVITY,192,1
UPI250707U773EG,CDR202600030540,REVERSE,86,1
ATM25012157V8C4,CDR202600030542,DIRECT,281,1
TXN2510187G5530,CDR202600030547,RECEIVER_OUTGOING_ACTIVITY,1408,1
UPI250529BOSMOZ,CDR202600030568,SENDER_OUTGOING_ACTIVITY,296,1
ATM2506272QN4LB,CDR202600030592,DIRECT,310,1
UPI251002QU8HR7,CDR202600030603,DIRECT,-35,1
ATM250227S31FP6,CDR202600030607,SENDER_OUTGOING_ACTIVITY,-449,1
UPI2508200QQ75Q,CDR202600030609,SENDER_INCOMING_ACTIVITY,818,1
TXN250625RY82S7,CDR202600030634,DIRECT,-1387,1
TXN250118C7EWP6,CDR202600030636,SENDER_INCOMING_ACTIVITY,298,1
ATM250918GPIK6V,CDR202600030644,SENDER_OUTGOING_ACTIVITY,-11,1
ATM250409YFW09L,CDR202600030653,SENDER_INCOMING_ACTIVITY,1400,1
UPI250213TKCE5E,CDR202600030670,RECEIVER_INCOMING_ACTIVITY,1013,1
UPI250925NLCQKH,CDR202600030671,DIRECT,-772,1
ATM2509010L0EYO,CDR202600030673,DIRECT,1288,1
ATM2506148KVPB0,CDR202600030675,SENDER_OUTGOING_ACTIVITY,-52,1
ATM251120I0VL3H,CDR202600030682,DIRECT,-737,1
ATM2511238KK0HU,CDR202600030696,RECEIVER_OUTGOING_ACTIVITY,35,1
UPI250401L59T51,CDR202600030697,DIRECT,86,1
UPI250513KOOSE8,CDR202600030704,SENDER_INCOMING_ACTIVITY,-15,1
IMPS250809F0ZQCQ,CDR202600030726,SENDER_INCOMING_ACTIVITY,-270,1
TXN250606O6KIGB,CDR202600030745,RECEIVER_INCOMING_ACTIVITY,1233,1
ATM2505164LBFGI,CDR202600030766,DIRECT,213,1
TXN251118T56VQ0,CDR202600030777,REVERSE,124,1
UPI250409UF7JRU,CDR202600030794,SENDER_OUTGOING_ACTIVITY,5,1
UPI250929D5MML1,CDR202600030865,DIRECT,-40,1
ATM250506W1ZJ64,CDR202600030885,SENDER_INCOMING_ACTIVITY,115,1
TXN250114T09CLU,CDR202600030887,DIRECT,289,1
TXN2511095498ZO,CDR202600030889,SENDER_INCOMING_ACTIVITY,-170,1
ATM2512300GGHYB,CDR202600030890,RECEIVER_OUTGOING_ACTIVITY,3,1
IMPS250822O2H7HS,CDR202600030898,RECEIVER_INCOMING_ACTIVITY,233,1
ATM251025R0LQ5W,CDR202600030911,REVERSE,40,1
UPI25110884FDD9,CDR202600030920,RECEIVER_INCOMING_ACTIVITY,-68,1
ATM250504O9SBSX,CDR202600030983,RECEIVER_INCOMING_ACTIVITY,-34,1
ATM2506308WUU31,CDR202600030988,REVERSE,-49,1
TXN250213S27IZN,CDR202600031037,RECEIVER_OUTGOING_ACTIVITY,-18,1
UPI2507260ASEWL,CDR202600031043,REVERSE,56,1
TXN250306OG1XV5,CDR202600031052,DIRECT,-76,1
ATM250423DNAE13,CDR202600031077,DIRECT,-80,1
ATM250312QXHLF2,CDR202600031089,SENDER_INCOMING_ACTIVITY,-4,1
TXN2502276S5WPC,CDR202600031102,REVERSE,-260,1
TXN250828HCA8TY,CDR202600031133,DIRECT,228,1
IMPS250413T3G63F,CDR202600031139,REVERSE,985,1
IMPS25110369VJFY,CDR202600031147,DIRECT,-13,1
UPI251015IJT0G3,CDR202600031175,RECEIVER_INCOMING_ACTIVITY,-422,1
UPI250823DXLVWP,CDR202600031211,DIRECT,572,1
TXN250206PIB6JT,CDR202600031219,SENDER_OUTGOING_ACTIVITY,60,1
TXN250511PS569P,CDR202600031225,DIRECT,1159,1
UPI250715WV1QQB,CDR202600031281,SENDER_INCOMING_ACTIVITY,17,1
UPI25052321E3AL,CDR202600031286,DIRECT,-204,1
UPI250825VHGDOS,CDR202600031308,DIRECT,30,1
TXN251014Q0TIXM,CDR202600031317,DIRECT,-10,1
ATM250705RBRS81,CDR202600031321,DIRECT,504,1
UPI2502047QLAPF,CDR202600031348,REVERSE,-779,1
UPI250117THN45S,CDR202600031426,DIRECT,52,1
ATM250409QGMAFA,CDR202600031428,SENDER_INCOMING_ACTIVITY,234,1
TXN250131NBRW5P,CDR202600031482,SENDER_INCOMING_ACTIVITY,283,1
ATM251209XMFPYK,CDR202600031490,RECEIVER_INCOMING_ACTIVITY,876,1
UPI250714OLJZSL,CDR202600031515,SENDER_INCOMING_ACTIVITY,254,1
UPI251029QPE8TV,CDR202600031519,DIRECT,30,1
ATM250219RXB399,CDR202600031571,REVERSE,41,1
UPI250916JX0875,CDR202600031575,SENDER_OUTGOING_ACTIVITY,-54,1
UPI250515Z6OC2P,CDR202600031585,RECEIVER_OUTGOING_ACTIVITY,19,1
ATM2507183YQNSV,CDR202600031589,RECEIVER_OUTGOING_ACTIVITY,-118,1
ATM250418DIAR46,CDR202600031600,DIRECT,-109,1
ATM251004WF5IM3,CDR202600031606,DIRECT,138,1
ATM250608GMLOTV,CDR202600031607,DIRECT,378,1
IMPS250825VLGXPS,CDR202600031610,SENDER_OUTGOING_ACTIVITY,-430,1
UPI250131ZZYXM5,CDR202600031622,REVERSE,-119,1
ATM2506279CBJEU,CDR202600031633,DIRECT,32,1
IMPS250530S6DZ29,CDR202600031639,SENDER_OUTGOING_ACTIVITY,-288,1
TXN250625G4ZUFJ,CDR202600031667,RECEIVER_OUTGOING_ACTIVITY,273,1
ATM2511094BQB0L,CDR202600031680,SENDER_INCOMING_ACTIVITY,490,1
IMPS2511061W24J0,CDR202600031713,RECEIVER_INCOMING_ACTIVITY,-523,1
TXN250922KD0J4M,CDR202600031719,DIRECT,-46,1
TXN2511135FWG7F,CDR202600031731,SENDER_OUTGOING_ACTIVITY,-497,1
UPI250831CJCGBU,CDR202600031734,RECEIVER_INCOMING_ACTIVITY,-181,1
UPI250104DTECAF,CDR202600031760,DIRECT,56,1
ATM250411N1Q3W2,CDR202600031763,REVERSE,75,1
ATM2505180W8N7A,CDR202600031769,DIRECT,-18,1
TXN251121RWR7BC,CDR202600031777,DIRECT,286,1
UPI25121553IQ7F,CDR202600031780,RECEIVER_OUTGOING_ACTIVITY,102,1
UPI250815J1FU8Y,CDR202600031810,DIRECT,12,1
UPI251227Z1SNPP,CDR202600031819,RECEIVER_INCOMING_ACTIVITY,550,1
TXN250423VUQD7Y,CDR202600031824,DIRECT,601,1
UPI25060843SHTN,CDR202600031882,SENDER_INCOMING_ACTIVITY,-539,1
IMPS250304A4W4WM,CDR202600031897,DIRECT,67,1
UPI250807MNMP9X,CDR202600031904,REVERSE,211,1
ATM250831IA164N,CDR202600031935,RECEIVER_INCOMING_ACTIVITY,-1240,1
UPI251127HBQJKL,CDR202600031942,SENDER_OUTGOING_ACTIVITY,-669,1
ATM251023YW51UT,CDR202600031958,RECEIVER_OUTGOING_ACTIVITY,211,1
ATM250607S97J83,CDR202600031968,DIRECT,32,1
ATM250822YCEBGP,CDR202600031986,SENDER_OUTGOING_ACTIVITY,177,1
ATM250602Q67NV2,CDR202600031988,DIRECT,-3,1
ATM250810SCC42L,CDR202600031999,RECEIVER_INCOMING_ACTIVITY,218,1
TXN250930MGDJG3,CDR202600032001,DIRECT,56,1
ATM250126UP2LE6,CDR202600032025,SENDER_INCOMING_ACTIVITY,958,1
IMPS250506MIWAW5,CDR202600032047,REVERSE,619,1
UPI2503290MFFYY,CDR202600032056,SENDER_OUTGOING_ACTIVITY,-33,1
TXN250530WCVP68,CDR202600032145,SENDER_OUTGOING_ACTIVITY,76,1
UPI251024NTSRQ2,CDR202600032154,SENDER_OUTGOING_ACTIVITY,-355,1
ATM250122690L5J,CDR202600032180,DIRECT,512,1
TXN250328X9UU2R,CDR202600032192,DIRECT,-133,1
UPI250415IL90VO,CDR202600032201,SENDER_OUTGOING_ACTIVITY,-810,1
ATM251220G07KVS,CDR202600032215,DIRECT,-1019,1
UPI250911SK0V9J,CDR202600032227,DIRECT,442,1
ATM250127970UCH,CDR202600032258,SENDER_OUTGOING_ACTIVITY,200,1
UPI250530WJO0N3,CDR202600032298,SENDER_OUTGOING_ACTIVITY,-753,1
ATM251224Z0U229,CDR202600032323,DIRECT,24,1
IMPS250512U65PQ6,CDR202600032350,DIRECT,263,1
UPI25031872ZVSF,CDR202600032365,REVERSE,58,1
UPI250822I1IV8E,CDR202600032373,SENDER_INCOMING_ACTIVITY,-173,1
IMPS250123CCHBFX,CDR202600032399,DIRECT,1769,1
ATM2503251X3E1U,CDR202600032407,SENDER_OUTGOING_ACTIVITY,-242,1
TXN250228NT7YFA,CDR202600032412,DIRECT,468,1
ATM250815R0OEQN,CDR202600032423,REVERSE,-10,1
TXN25090887FYY7,CDR202600032435,RECEIVER_INCOMING_ACTIVITY,165,1
ATM2503098Y1JE6,CDR202600032488,RECEIVER_OUTGOING_ACTIVITY,6,1
ATM25091295DAOJ,CDR202600032516,DIRECT,-97,1
UPI25022177BWIA,CDR202600032533,SENDER_INCOMING_ACTIVITY,324,1
ATM250315LYCVB7,CDR202600032540,SENDER_INCOMING_ACTIVITY,29,1
IMPS2505227PUAJN,CDR202600032593,REVERSE,24,1
ATM251028P817PY,CDR202600032604,RECEIVER_OUTGOING_ACTIVITY,-1665,1
ATM25112612QB3E,CDR202600032641,REVERSE,374,1
UPI250121UFL476,CDR202600032661,DIRECT,-3,1
ATM250509EIBQYH,CDR202600032669,DIRECT,157,1
TXN250630ES0B60,CDR202600032676,RECEIVER_OUTGOING_ACTIVITY,-764,1
TXN250726RPIY8H,CDR202600032678,DIRECT,-541,1
ATM250426VV11BL,CDR202600032689,RECEIVER_OUTGOING_ACTIVITY,-631,1
ATM250804JWC1EF,CDR202600032692,DIRECT,-553,1
ATM251011COZV9W,CDR202600032736,DIRECT,90,1
TXN250331WEB2IC,CDR202600032788,DIRECT,-715,1
TXN2503271NA4V9,CDR202600032798,RECEIVER_OUTGOING_ACTIVITY,657,1
ATM2503133RTQ7F,CDR202600032799,RECEIVER_OUTGOING_ACTIVITY,-121,1
ATM250326F9PR0R,CDR202600032801,SENDER_OUTGOING_ACTIVITY,-378,1
ATM2512059FXUTQ,CDR202600032827,DIRECT,145,1
ATM250924VJ7M9A,CDR202600032831,DIRECT,-273,1
ATM2506082I9167,CDR202600032833,SENDER_INCOMING_ACTIVITY,-43,1
ATM25030625TN7H,CDR202600032880,DIRECT,-143,1
ATM25051471JRQN,CDR202600032887,SENDER_INCOMING_ACTIVITY,630,1
UPI250727KQYH2F,CDR202600032901,REVERSE,1447,1
UPI250424IQT7CD,CDR202600032908,SENDER_INCOMING_ACTIVITY,-23,1
ATM250506LFWJZP,CDR202600032939,SENDER_OUTGOING_ACTIVITY,86,1
UPI25102790H6W1,CDR202600032977,DIRECT,1316,1
TXN250111HRQZDU,CDR202600033006,SENDER_INCOMING_ACTIVITY,-51,1
TXN250411UH8MZH,CDR202600033011,RECEIVER_OUTGOING_ACTIVITY,-384,1
IMPS250411RSRZO3,CDR202600033040,DIRECT,210,1
IMPS250827M4U7DM,CDR202600033048,SENDER_INCOMING_ACTIVITY,-290,1
TXN250913ME1DFD,CDR202600033050,DIRECT,479,1
TXN2511102M38ZF,CDR202600033078,DIRECT,29,1
IMPS250612IZFVQM,CDR202600033108,DIRECT,-244,1
UPI250620FXFBYG,CDR202600033118,DIRECT,-1293,1
ATM250331QJ1HN7,CDR202600033119,DIRECT,35,1
UPI251026MI6623,CDR202600033126,REVERSE,-186,1
UPI251116H1PC8O,CDR202600033132,SENDER_OUTGOING_ACTIVITY,976,1
ATM250531X8MEC7,CDR202600033154,RECEIVER_OUTGOING_ACTIVITY,183,1
UPI251017U98AN6,CDR202600033168,DIRECT,-42,1
UPI2510201R57LX,CDR202600033173,SENDER_OUTGOING_ACTIVITY,-61,1
UPI251106Z554U4,CDR202600033174,SENDER_OUTGOING_ACTIVITY,858,1
ATM2511263HU1KZ,CDR202600033217,DIRECT,510,1
TXN25010130O30U,CDR202600033234,DIRECT,-12,1
ATM250218QIRY7P,CDR202600033242,SENDER_INCOMING_ACTIVITY,127,1
TXN25051615NUII,CDR202600033248,RECEIVER_INCOMING_ACTIVITY,53,1
UPI250817VBF91X,CDR202600033254,DIRECT,1674,1
ATM2503039BL1ZE,CDR202600033269,DIRECT,-45,1
UPI250210WGCXOV,CDR202600033286,DIRECT,-32,1
TXN250831KZXD4Z,CDR202600033290,SENDER_OUTGOING_ACTIVITY,56,1
ATM250820JHHEN8,CDR202600033298,RECEIVER_OUTGOING_ACTIVITY,51,1
TXN250508SXJFKZ,CDR202600033302,SENDER_INCOMING_ACTIVITY,1072,1
TXN251230HYQET8,CDR202600033337,REVERSE,-682,1
ATM250621D4LXQ3,CDR202600033341,REVERSE,245,1
TXN251109NDHUDU,CDR202600033367,DIRECT,-233,1
ATM250817ZKI5JG,CDR202600033369,RECEIVER_INCOMING_ACTIVITY,-306,1
UPI2509296BCF8U,CDR202600033376,SENDER_INCOMING_ACTIVITY,273,1
ATM2503062RKZHQ,CDR202600033424,DIRECT,-15,1
UPI250922Y5PGDP,CDR202600033438,SENDER_OUTGOING_ACTIVITY,-40,1
TXN251126LZ6JM4,CDR202600033467,RECEIVER_INCOMING_ACTIVITY,277,1
UPI250407DONJZA,CDR202600033479,DIRECT,-867,1
UPI250930HAOL67,CDR202600033525,REVERSE,-64,1
ATM250803L36DPV,CDR202600033530,DIRECT,-232,1
UPI2507289M1NB0,CDR202600033538,DIRECT,-182,1
TXN251230V1DAT9,CDR202600033539,SENDER_OUTGOING_ACTIVITY,58,1
TXN251231FIE1CD,CDR202600033545,DIRECT,-270,1
IMPS251228DIM6II,CDR202600033550,REVERSE,590,1
TXN25070108BK1L,CDR202600033556,SENDER_INCOMING_ACTIVITY,157,1
ATM250219SNG3JP,CDR202600033584,RECEIVER_OUTGOING_ACTIVITY,-231,1
UPI250609RQWW3J,CDR202600033604,DIRECT,33,1
ATM250611W8EAVZ,CDR202600033606,REVERSE,-234,1
IMPS250815ST8DX0,CDR202600033611,REVERSE,23,1
UPI2507150TKAZ9,CDR202600033626,SENDER_OUTGOING_ACTIVITY,-334,1
ATM250410ATAOGC,CDR202600033658,RECEIVER_INCOMING_ACTIVITY,-26,1
ATM250108IM2L18,CDR202600033665,RECEIVER_INCOMING_ACTIVITY,-45,1
TXN250713RZPMW6,CDR202600033671,DIRECT,-7,1
ATM250224M1QHC6,CDR202600033674,DIRECT,233,1
ATM2510072CHX81,CDR202600033680,RECEIVER_OUTGOING_ACTIVITY,-890,1
UPI251127UWGOXE,CDR202600033683,RECEIVER_OUTGOING_ACTIVITY,46,1
UPI250801H7EHHY,CDR202600033685,RECEIVER_OUTGOING_ACTIVITY,1435,1
UPI251010GXT7VV,CDR202600033710,SENDER_OUTGOING_ACTIVITY,-587,1
ATM25042479HH1X,CDR202600033720,DIRECT,99,1
UPI250314LE1MYJ,CDR202600033745,SENDER_INCOMING_ACTIVITY,38,1
ATM2504241Z6J9X,CDR202600033753,REVERSE,182,1
UPI251203BHG26T,CDR202600033770,DIRECT,-239,1
TXN2505269MVE26,CDR202600033778,DIRECT,-1417,1
ATM250827DEWRIB,CDR202600033780,DIRECT,248,1
TXN251005R8QTIC,CDR202600033790,SENDER_OUTGOING_ACTIVITY,607,1
UPI250905KGE8LG,CDR202600033794,DIRECT,-834,1
UPI250916KY6Z7Y,CDR202600033795,RECEIVER_INCOMING_ACTIVITY,251,1
UPI250323EWCJ9Y,CDR202600033797,SENDER_OUTGOING_ACTIVITY,-285,1
TXN251224ZNLCJH,CDR202600033821,REVERSE,-1002,1
ATM250708NSMI3Q,CDR202600033833,DIRECT,-407,1
IMPS250401TZ1Z7K,CDR202600033846,SENDER_INCOMING_ACTIVITY,98,1
UPI2506092B06JP,CDR202600033854,DIRECT,60,1
UPI250605WCLA28,CDR202600033868,DIRECT,283,1
UPI2505203261S7,CDR202600033871,RECEIVER_OUTGOING_ACTIVITY,13,1
UPI250830HCP67P,CDR202600033899,RECEIVER_INCOMING_ACTIVITY,49,1
UPI250826N5W3BH,CDR202600033902,REVERSE,-44,1
UPI25012135ZLQT,CDR202600033916,SENDER_INCOMING_ACTIVITY,149,1
TXN251009SNIB31,CDR202600033955,REVERSE,57,1
TXN250131L7ZU2I,CDR202600033974,DIRECT,896,1
ATM2501300Q3HEC,CDR202600033980,DIRECT,-248,1
ATM250301N7M2X2,CDR202600034067,SENDER_INCOMING_ACTIVITY,806,1
ATM250906B93LCY,CDR202600034074,RECEIVER_INCOMING_ACTIVITY,-185,1
UPI250413A5XUQH,CDR202600034086,SENDER_INCOMING_ACTIVITY,322,1
TXN250617G3UAA8,CDR202600034107,DIRECT,-1515,1
UPI251211UPH37R,CDR202600034126,DIRECT,-410,1
UPI2502168B9UGK,CDR202600034177,DIRECT,-597,1
UPI250116FVN9U4,CDR202600034183,SENDER_OUTGOING_ACTIVITY,572,1
UPI250327DFOYXH,CDR202600034210,SENDER_OUTGOING_ACTIVITY,-39,1
TXN251022VXJLCC,CDR202600034223,SENDER_INCOMING_ACTIVITY,-32,1
TXN2511082F4VE9,CDR202600034229,SENDER_OUTGOING_ACTIVITY,226,1
ATM251205GGDIXA,CDR202600034231,REVERSE,50,1
TXN251115TM4KH2,CDR202600034242,SENDER_OUTGOING_ACTIVITY,30,1
ATM2511080DQVB1,CDR202600034258,DIRECT,559,1
ATM250817R1GZVI,CDR202600034301,RECEIVER_INCOMING_ACTIVITY,-309,1
UPI251225VQVQRV,CDR202600034315,DIRECT,678,1
IMPS250806V7YTTO,CDR202600034332,DIRECT,220,1
UPI251221ZQ19SX,CDR202600034336,SENDER_OUTGOING_ACTIVITY,93,1
TXN2502238N3YWN,CDR202600034362,SENDER_OUTGOING_ACTIVITY,161,1
IMPS250429OK3GJH,CDR202600034366,DIRECT,134,1
ATM250405QD3OA9,CDR202600034367,RECEIVER_INCOMING_ACTIVITY,60,1
ATM250222R990YA,CDR202600034402,DIRECT,128,1
TXN2507234O18RL,CDR202600034409,SENDER_OUTGOING_ACTIVITY,10,1
ATM2501208LSEJ7,CDR202600034410,DIRECT,31,1
ATM251008SDK9XM,CDR202600034411,DIRECT,1188,1
ATM251006JOHAB3,CDR202600034416,DIRECT,-119,1
UPI250703G6ME51,CDR202600034417,RECEIVER_INCOMING_ACTIVITY,219,1
UPI2512223WYB00,CDR202600034435,RECEIVER_INCOMING_ACTIVITY,-429,1
IMPS2505021VI56P,CDR202600034439,DIRECT,-533,1
UPI250207GJEF9K,CDR202600034482,RECEIVER_OUTGOING_ACTIVITY,767,1
UPI250711N7SQL1,CDR202600034490,RECEIVER_OUTGOING_ACTIVITY,-122,1
IMPS250208UI7ZFX,CDR202600034504,SENDER_INCOMING_ACTIVITY,-19,1
IMPS250814LN6OJ0,CDR202600034518,RECEIVER_OUTGOING_ACTIVITY,157,1
UPI251121FP1HB1,CDR202600034578,DIRECT,18,1
UPI250317RTCK7I,CDR202600034583,SENDER_OUTGOING_ACTIVITY,-2,1
TXN251206UVNQ3P,CDR202600034612,RECEIVER_INCOMING_ACTIVITY,59,1
ATM250629L0OH9R,CDR202600034618,SENDER_INCOMING_ACTIVITY,-199,1
TXN251225BFXFR2,CDR202600034620,RECEIVER_INCOMING_ACTIVITY,-740,1
ATM25041473U6GV,CDR202600034623,DIRECT,-27,1
ATM250817KTEYTM,CDR202600034624,RECEIVER_INCOMING_ACTIVITY,860,1
IMPS250408TYSGUN,CDR202600034647,SENDER_INCOMING_ACTIVITY,-333,1
UPI250501NNXCX6,CDR202600034665,DIRECT,18,1
UPI250709UI3QOK,CDR202600034720,SENDER_INCOMING_ACTIVITY,34,1
ATM251221UG2AML,CDR202600034729,RECEIVER_OUTGOING_ACTIVITY,-36,1
TXN2504282PFW0M,CDR202600034753,SENDER_OUTGOING_ACTIVITY,-765,1
UPI2503275HVNNK,CDR202600034755,DIRECT,-187,1
UPI251021MLJ269,CDR202600034787,SENDER_INCOMING_ACTIVITY,-814,1
ATM251221ZLM54Q,CDR202600034791,SENDER_OUTGOING_ACTIVITY,831,1
UPI2508272YYBT9,CDR202600034814,DIRECT,-57,1
UPI2509152HVPTX,CDR202600034815,RECEIVER_INCOMING_ACTIVITY,-378,1
UPI2509305WGU88,CDR202600034844,DIRECT,-376,1
UPI250813X0AWBA,CDR202600034850,SENDER_INCOMING_ACTIVITY,199,1
UPI250313BZB9VN,CDR202600034871,RECEIVER_INCOMING_ACTIVITY,-293,1
UPI250819LK7ZIZ,CDR202600034876,SENDER_INCOMING_ACTIVITY,17,1
ATM250209D0JOOS,CDR202600034894,RECEIVER_OUTGOING_ACTIVITY,120,1
ATM250302JDITM2,CDR202600034911,DIRECT,96,1
ATM250422SLAHQZ,CDR202600034926,DIRECT,1619,1
TXN25120556Q8PE,CDR202600034940,SENDER_OUTGOING_ACTIVITY,-122,1
TXN251219K50OGO,CDR202600034951,SENDER_INCOMING_ACTIVITY,-135,1
TXN250519R04S7A,CDR202600034960,SENDER_INCOMING_ACTIVITY,22,1
IMPS250715D4JMFC,CDR202600034962,RECEIVER_INCOMING_ACTIVITY,-228,1
UPI250828R3HE7Q,CDR202600034970,DIRECT,-213,1
UPI250113UXHPUQ,CDR202600034975,DIRECT,263,1
ATM250212HXBGOF,CDR202600034987,RECEIVER_INCOMING_ACTIVITY,-782,1
UPI2508193LOFMG,CDR202600034988,RECEIVER_OUTGOING_ACTIVITY,-127,1
UPI25061252FAWF,CDR202600035115,SENDER_INCOMING_ACTIVITY,72,1
IMPS250616IQUI04,CDR202600035120,REVERSE,-371,1
UPI250103SPXLSE,CDR202600035126,RECEIVER_OUTGOING_ACTIVITY,-266,1
ATM250721PSHGB5,CDR202600035150,REVERSE,-481,1
UPI250923K2WEN8,CDR202600035152,SENDER_INCOMING_ACTIVITY,31,1
ATM250118ONE48K,CDR202600035156,SENDER_OUTGOING_ACTIVITY,-254,1
ATM250916GEEOI1,CDR202600035161,SENDER_INCOMING_ACTIVITY,-564,1
UPI250413PRK6PC,CDR202600035165,DIRECT,149,1
TXN2503179DG4KE,CDR202600035173,REVERSE,630,1
UPI250910WYM1JP,CDR202600035188,REVERSE,-1056,1
UPI2508138RWSLK,CDR202600035221,SENDER_OUTGOING_ACTIVITY,-45,1
UPI250416FSU951,CDR202600035244,RECEIVER_INCOMING_ACTIVITY,71,1
ATM251231OUOGX5,CDR202600035254,SENDER_OUTGOING_ACTIVITY,-439,1
TXN2505029FU5JD,CDR202600035276,SENDER_OUTGOING_ACTIVITY,-76,1
TXN251014GRQFCX,CDR202600035285,DIRECT,-887,1
TXN251204SNXC7A,CDR202600035294,DIRECT,1,1
ATM251228J8K7VS,CDR202600035301,REVERSE,-33,1
UPI250217XBPFRW,CDR202600035310,DIRECT,23,1
UPI250820B6YP4W,CDR202600035364,DIRECT,1014,1
TXN250614AT5HO8,CDR202600035385,RECEIVER_INCOMING_ACTIVITY,52,1
ATM251107YF9X6S,CDR202600035399,SENDER_OUTGOING_ACTIVITY,3,1
UPI250115JYVW8V,CDR202600035412,DIRECT,-198,1
ATM250510E99OK5,CDR202600035415,SENDER_OUTGOING_ACTIVITY,727,1
ATM2508242L1BGK,CDR202600035425,REVERSE,78,1
UPI250327R42C1J,CDR202600035429,RECEIVER_INCOMING_ACTIVITY,247,1
TXN25080109VJ6T,CDR202600035455,SENDER_INCOMING_ACTIVITY,112,1
TXN250929KJIS8Y,CDR202600035460,SENDER_INCOMING_ACTIVITY,-12,1
UPI2512046CIXKS,CDR202600035462,DIRECT,219,1
TXN251007EN3RM1,CDR202600035486,DIRECT,-40,1
TXN251204BIJGOX,CDR202600035490,SENDER_INCOMING_ACTIVITY,-29,1
ATM250225GCXZWA,CDR202600035505,SENDER_OUTGOING_ACTIVITY,3,1
ATM250218EZTQ55,CDR202600035506,REVERSE,-680,1
UPI2509198MTURV,CDR202600035514,REVERSE,60,1
TXN250402L43CE8,CDR202600035531,DIRECT,-48,1
ATM250719ZJI946,CDR202600035538,DIRECT,19,1
IMPS250609CRT1X5,CDR202600035565,RECEIVER_OUTGOING_ACTIVITY,6,1
ATM251019FHF03M,CDR202600035577,RECEIVER_INCOMING_ACTIVITY,285,1
ATM250628ZWGI8U,CDR202600035588,SENDER_INCOMING_ACTIVITY,541,1
IMPS2508217YR7V0,CDR202600035590,SENDER_OUTGOING_ACTIVITY,-882,1
UPI250105JJ30TL,CDR202600035593,DIRECT,-1731,1
TXN25010694E82X,CDR202600035595,RECEIVER_INCOMING_ACTIVITY,-99,1
ATM251215AFGANE,CDR202600035606,DIRECT,777,1
UPI25102831BJBR,CDR202600035614,SENDER_OUTGOING_ACTIVITY,19,1
TXN250415OUPEM0,CDR202600035615,SENDER_INCOMING_ACTIVITY,486,1
ATM25102792J7FH,CDR202600035616,RECEIVER_OUTGOING_ACTIVITY,-250,1
TXN250411WQ0KAG,CDR202600035617,RECEIVER_INCOMING_ACTIVITY,245,1
UPI250824WHR70J,CDR202600035628,SENDER_INCOMING_ACTIVITY,-197,1
TXN251113JEDV3P,CDR202600035632,SENDER_INCOMING_ACTIVITY,-15,1
ATM250124U9QOGM,CDR202600035661,DIRECT,850,1
UPI25072967V77S,CDR202600035667,SENDER_OUTGOING_ACTIVITY,-142,1
UPI251219PNL3MZ,CDR202600035669,REVERSE,-105,1
TXN2501152I00J9,CDR202600035675,REVERSE,-25,1
ATM251208EFY2FA,CDR202600035686,SENDER_OUTGOING_ACTIVITY,582,1
ATM251202MKN1ZB,CDR202600035696,DIRECT,12,1
UPI250109T2G431,CDR202600035724,REVERSE,-55,1
ATM2509108GLRLY,CDR202600035732,RECEIVER_OUTGOING_ACTIVITY,332,1
TXN250223D14GBW,CDR202600035753,SENDER_INCOMING_ACTIVITY,236,1
ATM251119T26D9P,CDR202600035757,SENDER_INCOMING_ACTIVITY,-57,1
ATM250303WPF6D7,CDR202600035786,SENDER_OUTGOING_ACTIVITY,104,1
IMPS250531F3S7C8,CDR202600035798,RECEIVER_INCOMING_ACTIVITY,168,1
TXN250617EZ9Q37,CDR202600035801,RECEIVER_INCOMING_ACTIVITY,221,1
TXN250414UVFGJ2,CDR202600035806,REVERSE,87,1
TXN250130YXKBEK,CDR202600035807,SENDER_OUTGOING_ACTIVITY,-44,1
UPI25110505QCDV,CDR202600035822,RECEIVER_OUTGOING_ACTIVITY,53,1
ATM2507237E2IAN,CDR202600035823,SENDER_OUTGOING_ACTIVITY,872,1
TXN250306B0BRHJ,CDR202600035845,DIRECT,-91,1
TXN251125B77FEF,CDR202600035853,RECEIVER_OUTGOING_ACTIVITY,254,1
UPI2506168965ZA,CDR202600035858,DIRECT,-232,1
ATM250411QH5PF0,CDR202600035861,SENDER_OUTGOING_ACTIVITY,-22,1
ATM250514LMKXME,CDR202600035870,SENDER_OUTGOING_ACTIVITY,-464,1
TXN2503089KUQKL,CDR202600035903,SENDER_OUTGOING_ACTIVITY,-449,1
UPI250328B74GNZ,CDR202600035934,DIRECT,-664,1
UPI250121BPN4H5,CDR202600035935,DIRECT,9,1
UPI2502252HBDQE,CDR202600035940,SENDER_INCOMING_ACTIVITY,1673,1
ATM250127J200SX,CDR202600035964,DIRECT,-34,1
ATM250615ZR9NH1,CDR202600035976,REVERSE,-58,1
TXN250131PE8BPQ,CDR202600035983,RECEIVER_OUTGOING_ACTIVITY,32,1
TXN2503310ZP91O,CDR202600035987,RECEIVER_INCOMING_ACTIVITY,28,1
TXN250802UID5MY,CDR202600036006,RECEIVER_OUTGOING_ACTIVITY,-12,1
UPI250817JRV4A5,CDR202600036019,RECEIVER_INCOMING_ACTIVITY,-105,1
UPI250602675RV9,CDR202600036030,SENDER_INCOMING_ACTIVITY,-143,1
TXN250115SKWOF2,CDR202600036040,DIRECT,-659,1
ATM250517KNRQCM,CDR202600036043,SENDER_OUTGOING_ACTIVITY,125,1
UPI250309XRZYZO,CDR202600036044,SENDER_OUTGOING_ACTIVITY,631,1
UPI2508087PB94F,CDR202600036047,REVERSE,51,1
ATM2505142WYIPW,CDR202600036079,REVERSE,383,1
TXN250331B5C1LH,CDR202600036108,REVERSE,-22,1
UPI250326SBF3J7,CDR202600036113,SENDER_OUTGOING_ACTIVITY,136,1
UPI250810KVN0ON,CDR202600036119,DIRECT,4,1
IMPS25122371RCX4,CDR202600036123,RECEIVER_OUTGOING_ACTIVITY,-228,1
TXN250901R1GN44,CDR202600036131,DIRECT,51,1
UPI2503149G27K5,CDR202600036143,SENDER_OUTGOING_ACTIVITY,248,1
ATM2506020KT5WH,CDR202600036164,REVERSE,249,1
UPI250621E3V8GP,CDR202600036177,DIRECT,-18,1
IMPS250512O4MUUW,CDR202600036192,DIRECT,578,1
TXN250413KBIUI4,CDR202600036206,REVERSE,-51,1
ATM2511255OMN04,CDR202600036207,DIRECT,144,1
ATM251223XLWMC1,CDR202600036237,SENDER_OUTGOING_ACTIVITY,-50,1
ATM251014BQMYCX,CDR202600036246,RECEIVER_OUTGOING_ACTIVITY,-804,1
ATM2503126ZHWSN,CDR202600036281,SENDER_INCOMING_ACTIVITY,1196,1
TXN250809GANV6J,CDR202600036294,SENDER_INCOMING_ACTIVITY,752,1
TXN250410XE7UWW,CDR202600036324,DIRECT,-6,1
ATM2501052W8G4U,CDR202600036330,SENDER_OUTGOING_ACTIVITY,143,1
ATM25030851XRGJ,CDR202600036345,DIRECT,-1259,1
ATM250629533ZR6,CDR202600036361,SENDER_OUTGOING_ACTIVITY,-175,1
ATM2505128TMKF9,CDR202600036365,REVERSE,-604,1
TXN250122SVC5R4,CDR202600036389,DIRECT,-34,1
TXN250815DUBJIJ,CDR202600036390,DIRECT,-30,1
ATM2510239VB8G4,CDR202600036410,DIRECT,64,1
UPI2505173CS44B,CDR202600036412,DIRECT,1532,1
ATM250309Z4UO7M,CDR202600036418,SENDER_OUTGOING_ACTIVITY,1478,1
IMPS250407N4CI4D,CDR202600036424,DIRECT,-166,1
ATM250802R2JEJI,CDR202600036431,DIRECT,30,1
ATM2505064CGUUD,CDR202600036454,RECEIVER_OUTGOING_ACTIVITY,328,1
TXN251201CTJ3CK,CDR202600036464,SENDER_OUTGOING_ACTIVITY,-35,1
UPI2501268UXS1Z,CDR202600036468,DIRECT,-414,1
ATM250218U3LDRD,CDR202600036480,DIRECT,-89,1
UPI2503137IYMEI,CDR202600036529,REVERSE,29,1
ATM251116391ID9,CDR202600036538,DIRECT,-18,1
IMPS250907AF8F21,CDR202600036584,RECEIVER_INCOMING_ACTIVITY,3,1
UPI2504088A53LN,CDR202600036620,SENDER_OUTGOING_ACTIVITY,-27,1
TXN250712PJRIRE,CDR202600036689,DIRECT,-115,1
TXN2508093M4FZ7,CDR202600036697,RECEIVER_OUTGOING_ACTIVITY,-167,1
UPI2510316N0YFE,CDR202600036707,DIRECT,-19,1
IMPS251111FLWDXN,CDR202600036718,DIRECT,194,1
UPI250922D77W9I,CDR202600036748,DIRECT,-30,1
UPI250630CF31KZ,CDR202600036755,REVERSE,-225,1
UPI2501030KDN3T,CDR202600036774,SENDER_OUTGOING_ACTIVITY,-120,1
TXN2505053R39WD,CDR202600036825,DIRECT,-28,1
TXN2504304KH7PI,CDR202600036837,DIRECT,648,1
IMPS250818P6UBU1,CDR202600036840,DIRECT,-1484,1
ATM2507286693Z5,CDR202600036842,SENDER_OUTGOING_ACTIVITY,-2,1
TXN251231A3ZX9B,CDR202600036850,SENDER_OUTGOING_ACTIVITY,14,1
TXN25020270LP9Z,CDR202600036862,SENDER_OUTGOING_ACTIVITY,38,1
UPI250717CQD3W9,CDR202600036870,SENDER_INCOMING_ACTIVITY,177,1
ATM250923U8LY67,CDR202600036871,DIRECT,300,1
UPI2505050MBABU,CDR202600036890,REVERSE,643,1
TXN250321500UA1,CDR202600036891,SENDER_INCOMING_ACTIVITY,92,1
UPI2505253WZKIV,CDR202600036905,RECEIVER_INCOMING_ACTIVITY,-830,1
TXN251228ULPXEI,CDR202600036924,DIRECT,-50,1
UPI2512022O5LXK,CDR202600036925,RECEIVER_OUTGOING_ACTIVITY,30,1
IMPS250410TORG0V,CDR202600036934,REVERSE,-15,1
UPI25070878ORJ4,CDR202600036950,SENDER_INCOMING_ACTIVITY,735,1
IMPS2509091D44FV,CDR202600036965,RECEIVER_INCOMING_ACTIVITY,-23,1
ATM2504269UBIB0,CDR202600036984,SENDER_OUTGOING_ACTIVITY,-2,1
ATM250828NBCFKQ,CDR202600036993,RECEIVER_INCOMING_ACTIVITY,-18,1
UPI2509078BS84M,CDR202600037008,DIRECT,-519,1
ATM25092646E81S,CDR202600037016,SENDER_INCOMING_ACTIVITY,-148,1
UPI250423DTD7ON,CDR202600037024,DIRECT,229,1
TXN251106YI3QHE,CDR202600037027,REVERSE,255,1
UPI250111T5SB65,CDR202600037041,SENDER_OUTGOING_ACTIVITY,682,1
UPI250611CRDQY9,CDR202600037042,DIRECT,15,1
UPI251015QJEZBC,CDR202600037074,REVERSE,58,1
UPI2511042SC317,CDR202600037106,REVERSE,92,1
TXN250301QE07OJ,CDR202600037109,DIRECT,279,1
IMPS250605WPDPZQ,CDR202600037162,SENDER_INCOMING_ACTIVITY,-627,1
TXN250423A0MI02,CDR202600037180,DIRECT,-392,1
ATM250404HPEKJQ,CDR202600037187,SENDER_INCOMING_ACTIVITY,176,1
ATM2512118RLSBN,CDR202600037189,DIRECT,-193,1
IMPS250306F556II,CDR202600037201,RECEIVER_INCOMING_ACTIVITY,274,1
IMPS250107FE5WMD,CDR202600037224,DIRECT,52,1
TXN25072236X9RW,CDR202600037229,DIRECT,118,1
ATM250903FS0704,CDR202600037260,DIRECT,-1220,1
ATM250308LFB12L,CDR202600037265,SENDER_INCOMING_ACTIVITY,9,1
ATM2502268GV3NG,CDR202600037328,SENDER_INCOMING_ACTIVITY,-180,1
IMPS250506BWRPYC,CDR202600037334,SENDER_OUTGOING_ACTIVITY,-500,1
ATM250206SMPYOZ,CDR202600037348,SENDER_INCOMING_ACTIVITY,89,1
ATM250615BTHKUK,CDR202600037371,SENDER_INCOMING_ACTIVITY,-22,1
TXN251015QUXFGK,CDR202600037382,RECEIVER_INCOMING_ACTIVITY,-348,1
UPI2504171W84CH,CDR202600037407,SENDER_OUTGOING_ACTIVITY,-300,1
TXN250105OWAPCQ,CDR202600037409,SENDER_OUTGOING_ACTIVITY,198,1
UPI2507165JH7G1,CDR202600037413,REVERSE,105,1
ATM250127MXU2OB,CDR202600037419,DIRECT,37,1
UPI251201515C0I,CDR202600037439,DIRECT,751,1
ATM2502262G7GJO,CDR202600037450,SENDER_OUTGOING_ACTIVITY,-203,1
IMPS251215SNCE44,CDR202600037460,SENDER_OUTGOING_ACTIVITY,-35,1
ATM250308YFJ3DY,CDR202600037484,DIRECT,-899,1
UPI2512130UEHRM,CDR202600037488,RECEIVER_OUTGOING_ACTIVITY,-49,1
UPI251014AV7HB6,CDR202600037500,DIRECT,884,1
UPI250203FXAZQV,CDR202600037531,DIRECT,-671,1
UPI251220JKOK59,CDR202600037538,DIRECT,42,1
ATM250524CFTLG3,CDR202600037541,SENDER_INCOMING_ACTIVITY,-362,1
TXN251120JPM9MM,CDR202600037558,RECEIVER_INCOMING_ACTIVITY,-350,1
ATM250727MA3T2X,CDR202600037563,DIRECT,-360,1
ATM250714NUBRIX,CDR202600037577,SENDER_INCOMING_ACTIVITY,818,1
TXN2507073I7126,CDR202600037586,RECEIVER_INCOMING_ACTIVITY,171,1
ATM250507YW5LPL,CDR202600037609,SENDER_INCOMING_ACTIVITY,-1475,1
UPI250914U020LE,CDR202600037624,DIRECT,-534,1
TXN250125OZNFMR,CDR202600037626,DIRECT,703,1
ATM250422TT80F8,CDR202600037694,DIRECT,546,1
ATM25100198V4EI,CDR202600037707,RECEIVER_INCOMING_ACTIVITY,1480,1
UPI250828CQKPPG,CDR202600037713,DIRECT,281,1
ATM250218VMN8NV,CDR202600037714,DIRECT,81,1
UPI2509143WIN8W,CDR202600037719,REVERSE,-261,1
ATM250330JH62B4,CDR202600037739,REVERSE,-544,1
ATM250804XTDV5V,CDR202600037762,SENDER_INCOMING_ACTIVITY,152,1
TXN250709W7TMWP,CDR202600037766,DIRECT,24,1
ATM25100641EM48,CDR202600037770,REVERSE,-34,1
TXN251225EY3Q4B,CDR202600037785,DIRECT,-33,1
UPI250526M4QG53,CDR202600037820,RECEIVER_OUTGOING_ACTIVITY,-61,1
TXN251023FZLSWB,CDR202600037826,REVERSE,94,1
UPI2501221RK22I,CDR202600037829,REVERSE,164,1
TXN250304IBWVWO,CDR202600037848,SENDER_INCOMING_ACTIVITY,-1573,1
UPI250626PPCAXK,CDR202600037872,DIRECT,-705,1
UPI250603TZAVDZ,CDR202600037890,SENDER_INCOMING_ACTIVITY,-148,1
ATM250207AMMINW,CDR202600037895,RECEIVER_INCOMING_ACTIVITY,-1096,1
ATM250924IRFDLV,CDR202600037901,SENDER_INCOMING_ACTIVITY,6,1
UPI251111CN2745,CDR202600037909,DIRECT,-248,1
UPI251027D0YXIA,CDR202600037926,DIRECT,1092,1
UPI250812AZB0KT,CDR202600037930,SENDER_OUTGOING_ACTIVITY,-54,1
UPI251225P5ZVLJ,CDR202600037931,SENDER_OUTGOING_ACTIVITY,-940,1
ATM2501025DTAEG,CDR202600037932,RECEIVER_OUTGOING_ACTIVITY,-520,1
TXN250306L2WB0S,CDR202600037935,RECEIVER_OUTGOING_ACTIVITY,-99,1
ATM250202TVPRLM,CDR202600037941,DIRECT,-342,1
ATM250923RWXNJF,CDR202600037948,DIRECT,-98,1
ATM250804EZITUD,CDR202600037950,RECEIVER_OUTGOING_ACTIVITY,54,1
ATM250625P6VXZX,CDR202600037985,RECEIVER_OUTGOING_ACTIVITY,37,1
UPI250214LA7SVX,CDR202600037989,DIRECT,-26,1
TXN2501247Q2XDH,CDR202600037995,SENDER_OUTGOING_ACTIVITY,192,1
UPI250108O9O2M4,CDR202600038003,RECEIVER_OUTGOING_ACTIVITY,260,1
TXN251223DNCCI3,CDR202600038022,SENDER_INCOMING_ACTIVITY,59,1
ATM2501293DZGC3,CDR202600038041,DIRECT,-233,1
UPI251020SWU3GR,CDR202600038060,SENDER_INCOMING_ACTIVITY,129,1
ATM250421MF29BS,CDR202600038099,DIRECT,223,1
ATM2506259G5U7P,CDR202600038102,SENDER_INCOMING_ACTIVITY,33,1
ATM251214YZWTU9,CDR202600038114,SENDER_OUTGOING_ACTIVITY,-125,1
IMPS25011234XX4T,CDR202600038122,SENDER_OUTGOING_ACTIVITY,-668,1
ATM250122BHAA8C,CDR202600038128,RECEIVER_INCOMING_ACTIVITY,2,1
UPI250202X2SHCF,CDR202600038136,DIRECT,-201,1
UPI250923GUVU1T,CDR202600038147,SENDER_OUTGOING_ACTIVITY,-1523,1
UPI250504LJ56RF,CDR202600038150,RECEIVER_INCOMING_ACTIVITY,259,1
ATM2506090DX6ZY,CDR202600038169,RECEIVER_INCOMING_ACTIVITY,-71,1
TXN250211NLJO2P,CDR202600038175,SENDER_OUTGOING_ACTIVITY,-364,1
IMPS250123KPV358,CDR202600038195,DIRECT,-282,1
ATM251020V5E42G,CDR202600038204,DIRECT,164,1
IMPS2501034PU6W9,CDR202600038237,SENDER_INCOMING_ACTIVITY,-153,1
ATM251014VUGRB3,CDR202600038260,DIRECT,472,1
TXN251007QEID2Y,CDR202600038287,RECEIVER_INCOMING_ACTIVITY,47,1
IMPS25071967XVXZ,CDR202600038293,DIRECT,354,1
ATM250126681LRJ,CDR202600038294,RECEIVER_INCOMING_ACTIVITY,-1631,1
UPI250131Z3NUM8,CDR202600038336,DIRECT,13,1
UPI250126RAYBXF,CDR202600038361,DIRECT,58,1
TXN250917YPWODR,CDR202600038364,DIRECT,-838,1
ATM250825UQB17T,CDR202600038378,REVERSE,132,1
ATM250702CIR77P,CDR202600038392,DIRECT,-56,1
ATM2503205UHGJP,CDR202600038393,SENDER_INCOMING_ACTIVITY,-857,1
TXN25051786KLCB,CDR202600038397,SENDER_INCOMING_ACTIVITY,116,1
TXN250418Z124GV,CDR202600038407,DIRECT,-31,1
TXN251110Q1J8E3,CDR202600038422,DIRECT,-217,1
UPI2510128G48GD,CDR202600038424,SENDER_OUTGOING_ACTIVITY,1144,1
UPI250717RY5GUM,CDR202600038432,REVERSE,1241,1
UPI251014BT5JQZ,CDR202600038439,SENDER_INCOMING_ACTIVITY,-827,1
ATM2502047JFRS1,CDR202600038460,REVERSE,-3,1
UPI251224BCZSE9,CDR202600038468,REVERSE,-79,1
UPI250602DDSVP3,CDR202600038469,RECEIVER_OUTGOING_ACTIVITY,-179,1
UPI251103QOX597,CDR202600038474,SENDER_INCOMING_ACTIVITY,-840,1
ATM250710JKDA3W,CDR202600038484,DIRECT,-227,1
ATM2511274XC7WC,CDR202600038489,RECEIVER_OUTGOING_ACTIVITY,-84,1
ATM250507XUTOIW,CDR202600038497,RECEIVER_OUTGOING_ACTIVITY,-238,1
TXN251227OJS78U,CDR202600038509,SENDER_OUTGOING_ACTIVITY,-699,1
TXN2503076QVPEV,CDR202600038514,DIRECT,1060,1
UPI2511171IRU5L,CDR202600038528,SENDER_OUTGOING_ACTIVITY,882,1
TXN25120370RMO4,CDR202600038561,DIRECT,-21,1
TXN250922FLYM2R,CDR202600038605,RECEIVER_INCOMING_ACTIVITY,-100,1
ATM250601HV4L3D,CDR202600038611,DIRECT,29,1
ATM250401W0SRRS,CDR202600038622,SENDER_OUTGOING_ACTIVITY,75,1
ATM250822DE02VW,CDR202600038641,DIRECT,-1702,1
UPI251015827B2B,CDR202600038655,RECEIVER_OUTGOING_ACTIVITY,71,1
UPI251003R9YUUG,CDR202600038682,DIRECT,655,1
ATM2502289EXX5Z,CDR202600038685,DIRECT,1118,1
UPI2501252LTCM7,CDR202600038702,REVERSE,64,1
UPI250731R1JZIS,CDR202600038704,RECEIVER_OUTGOING_ACTIVITY,-171,1
UPI250708W87ON6,CDR202600038707,REVERSE,19,1
UPI250922GHG7RX,CDR202600038725,SENDER_OUTGOING_ACTIVITY,-1752,1
IMPS250925K4G7H1,CDR202600038731,RECEIVER_INCOMING_ACTIVITY,-252,1
ATM250508MVHPS8,CDR202600038776,DIRECT,-32,1
TXN250104UPWCKH,CDR202600038777,SENDER_INCOMING_ACTIVITY,-1163,1
ATM250421SQGPE4,CDR202600038798,SENDER_INCOMING_ACTIVITY,41,1
TXN250504Y3RCAD,CDR202600038803,RECEIVER_INCOMING_ACTIVITY,-831,1
TXN250126T304SJ,CDR202600038814,DIRECT,370,1
UPI251225DJNSF4,CDR202600038829,SENDER_OUTGOING_ACTIVITY,57,1
TXN250826V1I0FP,CDR202600038852,DIRECT,-129,1
ATM250730TG8VNB,CDR202600038856,DIRECT,893,1
TXN250311M1KNCA,CDR202600038871,RECEIVER_INCOMING_ACTIVITY,87,1
TXN2510053ZJDA0,CDR202600038872,DIRECT,314,1
ATM250523EC492K,CDR202600038878,DIRECT,-35,1
ATM2509187DS0V7,CDR202600038897,REVERSE,-30,1
IMPS250601QW02Q8,CDR202600038909,REVERSE,-478,1
TXN250703KQDO6J,CDR202600038923,SENDER_INCOMING_ACTIVITY,722,1
ATM251029NGUQRR,CDR202600038931,RECEIVER_INCOMING_ACTIVITY,-122,1
TXN250803IFOIXJ,CDR202600038965,DIRECT,-240,1
TXN250710K8EKC4,CDR202600038990,DIRECT,56,1
ATM250128U9S3RU,CDR202600038994,DIRECT,33,1
TXN2510141EWDUQ,CDR202600039009,REVERSE,32,1
UPI251009H36NZX,CDR202600039015,SENDER_OUTGOING_ACTIVITY,504,1
UPI250126RXIOGG,CDR202600039047,RECEIVER_INCOMING_ACTIVITY,-68,1
UPI250330K71ZJO,CDR202600039064,REVERSE,-1153,1
TXN250906JYCA0B,CDR202600039080,SENDER_OUTGOING_ACTIVITY,-789,1
ATM2502279LZ8HW,CDR202600039087,SENDER_OUTGOING_ACTIVITY,-112,1
UPI251125EV8WBI,CDR202600039099,DIRECT,36,1
ATM250928C91TXC,CDR202600039134,REVERSE,-170,1
UPI250901I0U28S,CDR202600039165,REVERSE,-308,1
UPI250720IN10RK,CDR202600039173,REVERSE,-496,1
UPI251024Q9MLTM,CDR202600039174,REVERSE,-1338,1
ATM2508229OQWE9,CDR202600039203,RECEIVER_INCOMING_ACTIVITY,-1800,1
TXN250906XAHIC3,CDR202600039234,SENDER_OUTGOING_ACTIVITY,101,1
UPI250425RANF8W,CDR202600039288,DIRECT,639,1
UPI25012490KTGX,CDR202600039289,REVERSE,-24,1
ATM250330SC0Q0S,CDR202600039297,DIRECT,246,1
UPI250603V3K1F3,CDR202600039316,SENDER_INCOMING_ACTIVITY,-57,1
TXN250723JPQX2X,CDR202600039317,SENDER_OUTGOING_ACTIVITY,5,1
UPI250301141R1O,CDR202600039319,SENDER_INCOMING_ACTIVITY,-261,1
ATM251112ZRWGPJ,CDR202600039336,REVERSE,-252,1
ATM250801ESK9BC,CDR202600039337,DIRECT,300,1
TXN250203SBDMKU,CDR202600039347,SENDER_OUTGOING_ACTIVITY,-871,1
UPI251010RCJ8OB,CDR202600039348,DIRECT,1009,1
IMPS2501268BN5QH,CDR202600039384,SENDER_INCOMING_ACTIVITY,-276,1
IMPS250927XGT27E,CDR202600039390,RECEIVER_INCOMING_ACTIVITY,375,1
TXN250614R2F1X5,CDR202600039395,SENDER_INCOMING_ACTIVITY,86,1
ATM25052329K05X,CDR202600039399,DIRECT,133,1
ATM251101L98KQP,CDR202600039421,SENDER_OUTGOING_ACTIVITY,-23,1
ATM250425GCXY4H,CDR202600039424,SENDER_INCOMING_ACTIVITY,29,1
TXN250908D9YFDO,CDR202600039427,SENDER_INCOMING_ACTIVITY,-569,1
TXN251006RA5QCM,CDR202600039439,DIRECT,-15,1
ATM2507212ED16W,CDR202600039447,SENDER_INCOMING_ACTIVITY,215,1
ATM2502150M3N3A,CDR202600039466,SENDER_OUTGOING_ACTIVITY,7,1
ATM2504124EBX5N,CDR202600039471,DIRECT,-87,1
IMPS250722RHDGGL,CDR202600039527,DIRECT,831,1
ATM251119GT8GEZ,CDR202600039530,DIRECT,59,1
UPI2502012SW51A,CDR202600039544,DIRECT,-1019,1
UPI2504061WS3D7,CDR202600039547,REVERSE,-37,1
TXN251229GDOIHX,CDR202600039608,RECEIVER_INCOMING_ACTIVITY,839,1
TXN250103TE9W0A,CDR202600039609,RECEIVER_OUTGOING_ACTIVITY,-711,1
ATM251012WIJTUA,CDR202600039636,RECEIVER_INCOMING_ACTIVITY,230,1
ATM250517IKULZM,CDR202600039645,REVERSE,-111,1
ATM250428D0I0AB,CDR202600039647,DIRECT,448,1
UPI25090154413E,CDR202600039652,REVERSE,57,1
UPI2511202H68ON,CDR202600039654,REVERSE,-54,1
TXN251010EDDHTQ,CDR202600039657,REVERSE,65,1
UPI251101UD588D,CDR202600039664,RECEIVER_OUTGOING_ACTIVITY,701,1
UPI250724XN8ROW,CDR202600039670,REVERSE,-300,1
ATM251125WLVEXY,CDR202600039671,RECEIVER_INCOMING_ACTIVITY,-1,1
ATM2505228U7X9R,CDR202600039679,REVERSE,156,1
TXN251003E4QKSJ,CDR202600039690,RECEIVER_INCOMING_ACTIVITY,697,1
TXN251113CKFP9Y,CDR202600039694,SENDER_INCOMING_ACTIVITY,274,1
TXN250521NFWTX7,CDR202600039706,DIRECT,-47,1
IMPS250602S67VPI,CDR202600039745,SENDER_INCOMING_ACTIVITY,187,1
UPI2510292OVAIH,CDR202600039812,REVERSE,-1247,1
ATM250618WY64XP,CDR202600039827,REVERSE,-49,1
ATM2511150OPK4F,CDR202600039828,RECEIVER_OUTGOING_ACTIVITY,-1664,1
UPI2510216RSX10,CDR202600039843,SENDER_INCOMING_ACTIVITY,-13,1
ATM2508063PKNW6,CDR202600039844,DIRECT,63,1
ATM250608D7YMLM,CDR202600039854,REVERSE,-409,1
TXN251212ET4DQE,CDR202600039880,DIRECT,-81,1
ATM250507MPONQZ,CDR202600039887,DIRECT,18,1
UPI250107G1KVR6,CDR202600039895,SENDER_OUTGOING_ACTIVITY,1646,1
ATM250902032CAF,CDR202600039905,DIRECT,-448,1
UPI251201S86WM7,CDR202600039925,DIRECT,-447,1
UPI250206HI1NSR,CDR202600039930,DIRECT,698,1
ATM251006RDSTHK,CDR202600039958,DIRECT,-19,1
ATM250513THTPJ6,CDR202600039976,SENDER_OUTGOING_ACTIVITY,-71,1
UPI251030DYHJRZ,CDR202600039981,DIRECT,1098,1
TXN251005LEQ96T,CDR202600039983,DIRECT,-43,1
UPI2508052NFNK5,CDR202600039990,REVERSE,564,1
ATM250310N53QYE,CDR202600040008,SENDER_INCOMING_ACTIVITY,-900,1
ATM250607YALS1W,CDR202600040010,DIRECT,-226,1
ATM251121X75I7L,CDR202600040015,REVERSE,789,1
ATM250127R09SO4,CDR202600040058,SENDER_OUTGOING_ACTIVITY,-480,1
UPI250815NIBPHQ,CDR202600040150,DIRECT,-261,1
UPI250720C9IHYX,CDR202600040197,SENDER_OUTGOING_ACTIVITY,49,1
TXN250110UUHUKB,CDR202600040208,RECEIVER_INCOMING_ACTIVITY,185,1
UPI251011PJNJCH,CDR202600040226,RECEIVER_OUTGOING_ACTIVITY,-260,1
ATM250424ZXTU64,CDR202600040240,DIRECT,133,1
ATM251130DCAU46,CDR202600040248,DIRECT,-35,1
TXN251101A73NJL,CDR202600040271,RECEIVER_OUTGOING_ACTIVITY,514,1
TXN2505267HROIY,CDR202600040291,SENDER_OUTGOING_ACTIVITY,-27,1
ATM251023FG2XLX,CDR202600040303,REVERSE,56,1
TXN250323CHQXCD,CDR202600040329,DIRECT,580,1
TXN2509087UCP6F,CDR202600040342,SENDER_INCOMING_ACTIVITY,-526,1
TXN251011DZNVVD,CDR202600040345,REVERSE,-47,1
UPI251113ZY366I,CDR202600040358,DIRECT,285,1
ATM250409UDAXHE,CDR202600040359,DIRECT,-1062,1
TXN250912IVT485,CDR202600040364,DIRECT,1574,1
ATM2508134WVF7R,CDR202600040382,REVERSE,770,1
UPI250315XJUJCK,CDR202600040387,DIRECT,1037,1
TXN251111SOP0CY,CDR202600040388,SENDER_OUTGOING_ACTIVITY,1037,1
TXN250706ZZDSZ2,CDR202600040395,DIRECT,153,1
ATM25010226UNVS,CDR202600040402,DIRECT,21,1
TXN250317YPU1WV,CDR202600040404,RECEIVER_OUTGOING_ACTIVITY,-105,1
UPI250625S16IAL,CDR202600040427,SENDER_INCOMING_ACTIVITY,144,1
ATM250419RUI6LZ,CDR202600040428,RECEIVER_INCOMING_ACTIVITY,-862,1
ATM250714XTKN4U,CDR202600040452,SENDER_OUTGOING_ACTIVITY,50,1
TXN250718W91UKV,CDR202600040456,RECEIVER_OUTGOING_ACTIVITY,-294,1
TXN2508058MO1J9,CDR202600040468,SENDER_INCOMING_ACTIVITY,747,1
TXN250316EGVQ3O,CDR202600040482,SENDER_INCOMING_ACTIVITY,-209,1
TXN251214SL06M6,CDR202600040486,REVERSE,-5,1
TXN250505BKWY1W,CDR202600040494,REVERSE,-15,1
UPI250426VTQKN8,CDR202600040497,DIRECT,-133,1
TXN250531M546Q5,CDR202600040509,DIRECT,1354,1
TXN251227N8PJG8,CDR202600040514,DIRECT,-37,1
UPI251010H2BCEG,CDR202600040523,DIRECT,-117,1
UPI250204DL1YEO,CDR202600040531,SENDER_INCOMING_ACTIVITY,-220,1
TXN25083159AMS4,CDR202600040542,DIRECT,164,1
TXN250615TQPCPW,CDR202600040573,DIRECT,40,1
ATM250124DZB58X,CDR202600040613,SENDER_INCOMING_ACTIVITY,-218,1
UPI251210JFZ1MV,CDR202600040625,SENDER_INCOMING_ACTIVITY,-56,1
TXN251014AP0BFK,CDR202600040632,RECEIVER_OUTGOING_ACTIVITY,138,1
TXN250405FD3S38,CDR202600040651,DIRECT,251,1
IMPS250406PJHAHZ,CDR202600040668,SENDER_OUTGOING_ACTIVITY,33,1
IMPS250206CODYND,CDR202600040683,SENDER_OUTGOING_ACTIVITY,284,1
ATM250423VMEQ9Q,CDR202600040742,SENDER_OUTGOING_ACTIVITY,-282,1
ATM251128ZQN6KW,CDR202600040778,SENDER_INCOMING_ACTIVITY,53,1
ATM250511QNK99Y,CDR202600040790,SENDER_OUTGOING_ACTIVITY,-147,1
UPI251114MPVGWS,CDR202600040802,RECEIVER_INCOMING_ACTIVITY,-557,1
UPI250623W4512Z,CDR202600040814,DIRECT,-49,1
UPI250623C6GI0T,CDR202600040833,DIRECT,-847,1
UPI250907J260KR,CDR202600040838,DIRECT,198,1
UPI2507116KAL76,CDR202600040867,RECEIVER_INCOMING_ACTIVITY,-301,1
UPI251023QHZ2OT,CDR202600040868,DIRECT,-501,1
UPI250512QW3IFJ,CDR202600040924,REVERSE,-90,1
IMPS250403OAPDBD,CDR202600040937,DIRECT,231,1
IMPS2503173NC2KJ,CDR202600040952,SENDER_INCOMING_ACTIVITY,887,1
UPI250306R376IK,CDR202600040966,DIRECT,123,1
ATM2502132S2AXQ,CDR202600040973,SENDER_OUTGOING_ACTIVITY,-31,1
UPI250828V1X9Y0,CDR202600041012,DIRECT,575,1
UPI25101966JJJ4,CDR202600041013,DIRECT,-278,1
ATM250906MQZY8U,CDR202600041027,RECEIVER_INCOMING_ACTIVITY,653,1
UPI25010574V6AO,CDR202600041054,SENDER_INCOMING_ACTIVITY,20,1
TXN251219RSL9JB,CDR202600041055,SENDER_INCOMING_ACTIVITY,-141,1
ATM250501PILG15,CDR202600041078,REVERSE,85,1
UPI250831G1NGL4,CDR202600041083,REVERSE,31,1
ATM250204YGSUPE,CDR202600041088,SENDER_INCOMING_ACTIVITY,-591,1
ATM250623BF7F1Y,CDR202600041106,SENDER_INCOMING_ACTIVITY,244,1
UPI251029FXYW1J,CDR202600041124,SENDER_INCOMING_ACTIVITY,1222,1
TXN250606R3ZCCW,CDR202600041136,SENDER_OUTGOING_ACTIVITY,-15,1
TXN250714PR7YO3,CDR202600041142,SENDER_OUTGOING_ACTIVITY,-9,1
ATM250221YW52FH,CDR202600041158,REVERSE,-731,1
ATM250321ZGR9HI,CDR202600041164,SENDER_INCOMING_ACTIVITY,-11,1
ATM25102893ZG29,CDR202600041170,RECEIVER_OUTGOING_ACTIVITY,-28,1
UPI250906ZH8TS9,CDR202600041199,DIRECT,-160,1
ATM250907XQMRPU,CDR202600041225,DIRECT,-1635,1
IMPS250127LGURJK,CDR202600041236,RECEIVER_INCOMING_ACTIVITY,501,1
UPI250325ZH4592,CDR202600041237,SENDER_OUTGOING_ACTIVITY,36,1
UPI25010287J5IE,CDR202600041239,DIRECT,31,1
ATM251118AX1L5B,CDR202600041278,SENDER_INCOMING_ACTIVITY,-333,1
ATM2504242PEBNY,CDR202600041299,SENDER_INCOMING_ACTIVITY,-379,1
ATM250804G888AR,CDR202600041308,RECEIVER_OUTGOING_ACTIVITY,439,1
UPI250924KMACX7,CDR202600041334,REVERSE,-40,1
ATM251006Z0VZWO,CDR202600041354,SENDER_INCOMING_ACTIVITY,-160,1
UPI2508232KHKX2,CDR202600041372,DIRECT,16,1
UPI2503145P1GRB,CDR202600041378,DIRECT,118,1
ATM2502161RCXXR,CDR202600041382,REVERSE,205,1
IMPS2510025RAWIV,CDR202600041389,RECEIVER_OUTGOING_ACTIVITY,48,1
UPI250109O6RHD5,CDR202600041394,RECEIVER_INCOMING_ACTIVITY,592,1
ATM25050880C6VH,CDR202600041395,SENDER_INCOMING_ACTIVITY,-28,1
ATM250405TJV5BH,CDR202600041406,RECEIVER_OUTGOING_ACTIVITY,-106,1
TXN2507236P2J3Y,CDR202600041444,SENDER_INCOMING_ACTIVITY,-190,1
ATM250211671PXI,CDR202600041462,RECEIVER_OUTGOING_ACTIVITY,-166,1
ATM250508XKY6ST,CDR202600041464,REVERSE,-331,1
TXN2509052C1YYY,CDR202600041473,DIRECT,809,1
ATM2512280BCB6K,CDR202600041498,SENDER_OUTGOING_ACTIVITY,-382,1
UPI250625QE8FHE,CDR202600041500,DIRECT,12,1
UPI250801MKW5SC,CDR202600041505,RECEIVER_INCOMING_ACTIVITY,-423,1
ATM250129CSO7CP,CDR202600041514,REVERSE,-645,1
TXN2509176WT1IF,CDR202600041528,SENDER_OUTGOING_ACTIVITY,1510,1
ATM250626BJ4Q3A,CDR202600041541,REVERSE,-39,1
TXN251024PLZFCM,CDR202600041556,SENDER_INCOMING_ACTIVITY,-141,1
UPI250810XTEV92,CDR202600041566,RECEIVER_OUTGOING_ACTIVITY,250,1
TXN250521VO6GYG,CDR202600041592,SENDER_OUTGOING_ACTIVITY,103,1
ATM25062057PF2T,CDR202600041608,REVERSE,51,1
IMPS250415BQINFS,CDR202600041623,REVERSE,-1242,1
ATM250120PWSDWV,CDR202600041636,RECEIVER_INCOMING_ACTIVITY,-25,1
ATM250919J1I93G,CDR202600041673,DIRECT,874,1
UPI2509230KSEAN,CDR202600041687,SENDER_INCOMING_ACTIVITY,-94,1
ATM250429A2F65N,CDR202600041698,RECEIVER_INCOMING_ACTIVITY,-5,1
TXN250314C9SY8V,CDR202600041720,SENDER_OUTGOING_ACTIVITY,-256,1
TXN250722HLF7JJ,CDR202600041724,SENDER_INCOMING_ACTIVITY,886,1
UPI250704SCJL0F,CDR202600041729,SENDER_INCOMING_ACTIVITY,-201,1
TXN250915S1310N,CDR202600041733,REVERSE,-6,1
ATM250912H17UKI,CDR202600041738,RECEIVER_INCOMING_ACTIVITY,207,1
UPI2509248IB3CJ,CDR202600041757,DIRECT,-164,1
UPI250312GYIICA,CDR202600041770,DIRECT,955,1
IMPS250221IQYIWU,CDR202600041790,RECEIVER_OUTGOING_ACTIVITY,-25,1
ATM251019FZOHWJ,CDR202600041796,REVERSE,-76,1
ATM251016HJQQCM,CDR202600041823,DIRECT,1028,1
UPI250122R0GAB2,CDR202600041829,RECEIVER_INCOMING_ACTIVITY,168,1
ATM2509250SE0D0,CDR202600041852,RECEIVER_OUTGOING_ACTIVITY,146,1
UPI251219BFKYSB,CDR202600041861,SENDER_OUTGOING_ACTIVITY,112,1
UPI251218XT9XSC,CDR202600041894,REVERSE,-23,1
TXN251012KBHMH1,CDR202600041898,RECEIVER_OUTGOING_ACTIVITY,-270,1
TXN250518W3Q00S,CDR202600041900,RECEIVER_OUTGOING_ACTIVITY,-300,1
ATM250806E7HCKR,CDR202600041906,REVERSE,-47,1
ATM250809A4JEOF,CDR202600041907,DIRECT,-5,1
UPI250808EZOZ4B,CDR202600041908,SENDER_INCOMING_ACTIVITY,283,1
ATM250528Z0S5CY,CDR202600041921,SENDER_OUTGOING_ACTIVITY,3,1
IMPS251009AJZVHN,CDR202600041965,RECEIVER_OUTGOING_ACTIVITY,60,1
ATM2504054TW0CG,CDR202600041994,RECEIVER_INCOMING_ACTIVITY,-396,1
TXN250731XHRK1E,CDR202600041996,SENDER_OUTGOING_ACTIVITY,-486,1
ATM250430D1VPMS,CDR202600042006,REVERSE,287,1
TXN251031GUZAZ0,CDR202600042008,REVERSE,290,1
ATM250901N10J0L,CDR202600042011,SENDER_INCOMING_ACTIVITY,-205,1
UPI250924LK19JG,CDR202600042064,DIRECT,1616,1
ATM250216RELF8H,CDR202600042067,DIRECT,792,1
ATM2510203PIQ7N,CDR202600042079,DIRECT,-210,1
ATM250306LMN29S,CDR202600042099,DIRECT,195,1
UPI251008KW1GNI,CDR202600042105,SENDER_INCOMING_ACTIVITY,188,1
UPI2511169TU686,CDR202600042108,SENDER_OUTGOING_ACTIVITY,181,1
UPI251126AH916A,CDR202600042109,RECEIVER_OUTGOING_ACTIVITY,-191,1
UPI250311XI0RXK,CDR202600042112,SENDER_OUTGOING_ACTIVITY,-51,1
TXN251201U12N4Y,CDR202600042131,SENDER_OUTGOING_ACTIVITY,-1478,1
TXN251010YS4NK5,CDR202600042153,REVERSE,-181,1
TXN250415O141QE,CDR202600042162,SENDER_OUTGOING_ACTIVITY,92,1
ATM250902HK1TDE,CDR202600042163,RECEIVER_INCOMING_ACTIVITY,-42,1
IMPS250124OVR0HK,CDR202600042165,DIRECT,-230,1
UPI250405J6EYZ3,CDR202600042166,DIRECT,-170,1
UPI2511105YQIPI,CDR202600042186,SENDER_INCOMING_ACTIVITY,-1192,1
ATM250812VF8X6O,CDR202600042209,SENDER_INCOMING_ACTIVITY,161,1
UPI2503135ZTAXT,CDR202600042231,DIRECT,253,1
TXN25090517SORZ,CDR202600042232,REVERSE,-559,1
ATM250619EGF3WO,CDR202600042235,SENDER_OUTGOING_ACTIVITY,-191,1
ATM251121CU648O,CDR202600042237,DIRECT,-257,1
UPI250508VV8RAZ,CDR202600042257,REVERSE,127,1
ATM250726Y5AJ2Y,CDR202600042261,DIRECT,-45,1
IMPS251127BKUPKT,CDR202600042274,SENDER_OUTGOING_ACTIVITY,-704,1
IMPS2508171I9CU8,CDR202600042285,DIRECT,-8,1
UPI250209EVQ071,CDR202600042311,RECEIVER_INCOMING_ACTIVITY,-293,1
UPI250412QWNURF,CDR202600042314,REVERSE,286,1
TXN250109TUX6J1,CDR202600042320,RECEIVER_INCOMING_ACTIVITY,189,1
ATM250716MYZ3MH,CDR202600042339,DIRECT,-24,1
ATM250225SNXILU,CDR202600042345,REVERSE,-60,1
ATM251025YBQM5E,CDR202600042347,SENDER_OUTGOING_ACTIVITY,-43,1
UPI250305BERBH6,CDR202600042355,REVERSE,83,1
TXN250713VEHROX,CDR202600042356,DIRECT,482,1
ATM251214Y10BJZ,CDR202600042372,RECEIVER_OUTGOING_ACTIVITY,-45,1
UPI2507124BQ4P3,CDR202600042376,SENDER_OUTGOING_ACTIVITY,156,1
UPI250121RICX3L,CDR202600042386,DIRECT,6,1
ATM250522Q6R201,CDR202600042402,RECEIVER_INCOMING_ACTIVITY,9,1
UPI251202MP7ZHJ,CDR202600042423,SENDER_INCOMING_ACTIVITY,192,1
TXN250620CW42S9,CDR202600042428,DIRECT,252,1
UPI251021EMNGS8,CDR202600042430,SENDER_INCOMING_ACTIVITY,-204,1
UPI250103G60E1E,CDR202600042444,SENDER_INCOMING_ACTIVITY,-59,1
TXN251224HU4398,CDR202600042449,REVERSE,136,1
ATM250813R8BCEQ,CDR202600042462,REVERSE,-287,1
UPI2511255BNK97,CDR202600042466,SENDER_INCOMING_ACTIVITY,111,1
ATM25041701R8DD,CDR202600042477,RECEIVER_OUTGOING_ACTIVITY,16,1
ATM251215D8AHJF,CDR202600042485,RECEIVER_INCOMING_ACTIVITY,-107,1
UPI2511272JASJG,CDR202600042498,DIRECT,-128,1
UPI25062510AHLZ,CDR202600042524,REVERSE,39,1
IMPS251010274T3P,CDR202600042529,RECEIVER_INCOMING_ACTIVITY,-47,1
TXN251224PZX53M,CDR202600042537,DIRECT,52,1
UPI250314XLAUED,CDR202600042539,SENDER_INCOMING_ACTIVITY,274,1
UPI250129G6D1H3,CDR202600042542,SENDER_OUTGOING_ACTIVITY,192,1
UPI250822B57DSQ,CDR202600042549,SENDER_INCOMING_ACTIVITY,-1228,1
TXN250226X7XDY7,CDR202600042564,DIRECT,-808,1
IMPS250911S8RR73,CDR202600042568,RECEIVER_OUTGOING_ACTIVITY,-378,1
UPI250223YLSZRS,CDR202600042579,RECEIVER_INCOMING_ACTIVITY,166,1
TXN250124Z1NW5I,CDR202600042585,DIRECT,-36,1
TXN250814APH9MA,CDR202600042586,REVERSE,43,1
TXN250827CCFG0F,CDR202600042592,RECEIVER_OUTGOING_ACTIVITY,-1187,1
ATM250725MATK96,CDR202600042595,DIRECT,9,1
ATM2508214J7KAP,CDR202600042600,RECEIVER_OUTGOING_ACTIVITY,636,1
ATM2510137R8BZ2,CDR202600042637,SENDER_OUTGOING_ACTIVITY,7,1
IMPS2504229YUMVY,CDR202600042649,RECEIVER_INCOMING_ACTIVITY,-5,1
ATM250623W7H3BU,CDR202600042655,DIRECT,404,1
ATM251203MXIBRI,CDR202600042663,SENDER_INCOMING_ACTIVITY,37,1
ATM250721M3LG0P,CDR202600042669,DIRECT,49,1
TXN250218HREFCG,CDR202600042714,DIRECT,5,1
TXN2502134VET06,CDR202600042715,RECEIVER_OUTGOING_ACTIVITY,-279,1
UPI250309888TUA,CDR202600042728,RECEIVER_OUTGOING_ACTIVITY,651,1
TXN250203L19IIF,CDR202600042733,DIRECT,7,1
ATM250608LOTFBJ,CDR202600042738,REVERSE,275,1
TXN250224VIWD71,CDR202600042747,REVERSE,-168,1
UPI250404SP9XHE,CDR202600042778,SENDER_OUTGOING_ACTIVITY,-445,1
ATM2505215CLZO5,CDR202600042810,DIRECT,-31,1
TXN2504071NCFNQ,CDR202600042812,DIRECT,-186,1
TXN250915LQJP4E,CDR202600042816,REVERSE,-467,1
UPI2507046NWL1M,CDR202600042820,RECEIVER_OUTGOING_ACTIVITY,-34,1
ATM250124DYQNL7,CDR202600042823,SENDER_INCOMING_ACTIVITY,-133,1
TXN251031DNCZSU,CDR202600042841,REVERSE,-12,1
ATM250227MTUGS4,CDR202600042853,DIRECT,-618,1
UPI251117UIPJ9C,CDR202600042855,DIRECT,-206,1
TXN250119Z7ZANU,CDR202600042884,DIRECT,-862,1
UPI250207ELL2IB,CDR202600042889,REVERSE,1587,1
UPI251123A7RMWN,CDR202600042904,RECEIVER_OUTGOING_ACTIVITY,-290,1
ATM2512176FTCSL,CDR202600042934,SENDER_INCOMING_ACTIVITY,-300,1
TXN250705084ZXP,CDR202600042947,SENDER_INCOMING_ACTIVITY,-23,1
IMPS250324ESI4WN,CDR202600042972,SENDER_OUTGOING_ACTIVITY,-87,1
UPI250910UVBAKL,CDR202600042978,RECEIVER_OUTGOING_ACTIVITY,637,1
IMPS250113F09098,CDR202600043003,REVERSE,-41,1
UPI250107J2P7RN,CDR202600043012,SENDER_OUTGOING_ACTIVITY,-511,1
IMPS2510191CLT39,CDR202600043014,SENDER_INCOMING_ACTIVITY,690,1
UPI25021428FMY6,CDR202600043026,REVERSE,-15,1
UPI250113I8RVJF,CDR202600043033,REVERSE,-66,1
ATM251104LDZM0P,CDR202600043038,DIRECT,-745,1
TXN2503029POIZA,CDR202600043044,DIRECT,101,1
ATM250105FP7AH2,CDR202600043051,RECEIVER_INCOMING_ACTIVITY,371,1
TXN250521MC1AA9,CDR202600043103,SENDER_OUTGOING_ACTIVITY,706,1
IMPS250903R4CA0O,CDR202600043104,SENDER_INCOMING_ACTIVITY,-1,1
UPI2501087ZJ8FN,CDR202600043136,DIRECT,-31,1
ATM2507019DEB0M,CDR202600043143,DIRECT,655,1
ATM251017XL5ND9,CDR202600043148,SENDER_OUTGOING_ACTIVITY,43,1
ATM251205W34VD1,CDR202600043154,DIRECT,779,1
UPI250702VAXOVC,CDR202600043158,RECEIVER_OUTGOING_ACTIVITY,5,1
ATM250425PDX8MH,CDR202600043197,SENDER_OUTGOING_ACTIVITY,124,1
UPI250202IH48HY,CDR202600043235,DIRECT,23,1
UPI250514QV7ABX,CDR202600043240,RECEIVER_OUTGOING_ACTIVITY,-832,1
UPI250729QVLZKP,CDR202600043251,SENDER_INCOMING_ACTIVITY,548,1
TXN250829O2XVCL,CDR202600043253,SENDER_INCOMING_ACTIVITY,-290,1
ATM250726NVCEED,CDR202600043266,RECEIVER_INCOMING_ACTIVITY,-530,1
TXN250302IQ76K5,CDR202600043279,RECEIVER_OUTGOING_ACTIVITY,204,1
ATM2508156TH7KP,CDR202600043285,DIRECT,-5,1
ATM250417HMI88Q,CDR202600043287,RECEIVER_OUTGOING_ACTIVITY,34,1
ATM251101V3F9SA,CDR202600043298,REVERSE,-510,1
UPI250122CBVJ5X,CDR202600043302,SENDER_INCOMING_ACTIVITY,280,1
ATM251028PAA9KR,CDR202600043328,DIRECT,276,1
TXN250725C1WONL,CDR202600043337,SENDER_INCOMING_ACTIVITY,1579,1
ATM2506120ORLOW,CDR202600043432,RECEIVER_OUTGOING_ACTIVITY,-229,1
ATM250803KNVBR7,CDR202600043452,RECEIVER_INCOMING_ACTIVITY,-791,1
UPI251020VMLLRC,CDR202600043458,DIRECT,-223,1
IMPS250505WD2EDI,CDR202600043510,SENDER_INCOMING_ACTIVITY,-16,1
ATM250709OWDKXF,CDR202600043527,SENDER_INCOMING_ACTIVITY,153,1
UPI2501041ZOPQZ,CDR202600043536,DIRECT,-1500,1
ATM250625WE1S5W,CDR202600043548,SENDER_OUTGOING_ACTIVITY,-39,1
UPI2512054YOXL3,CDR202600043550,SENDER_OUTGOING_ACTIVITY,-184,1
UPI250107MK3P6O,CDR202600043551,SENDER_INCOMING_ACTIVITY,-213,1
UPI251114RY19O8,CDR202600043582,DIRECT,-103,1
ATM250422NYAY4B,CDR202600043595,SENDER_INCOMING_ACTIVITY,-20,1
ATM250108L7MAYT,CDR202600043602,SENDER_INCOMING_ACTIVITY,160,1
ATM2511023PZKGF,CDR202600043611,REVERSE,-957,1
UPI2502202NCDB3,CDR202600043614,RECEIVER_INCOMING_ACTIVITY,1285,1
UPI2506239PXRIS,CDR202600043627,SENDER_INCOMING_ACTIVITY,598,1
ATM251013WQKUNT,CDR202600043628,DIRECT,856,1
ATM2505059X7G9I,CDR202600043629,RECEIVER_OUTGOING_ACTIVITY,-269,1
IMPS251107TSIC9V,CDR202600043644,RECEIVER_INCOMING_ACTIVITY,-1666,1
ATM251103H423G7,CDR202600043678,RECEIVER_INCOMING_ACTIVITY,636,1
TXN251016F67ZQH,CDR202600043679,REVERSE,38,1
UPI25110476UDUP,CDR202600043699,SENDER_INCOMING_ACTIVITY,-32,1
UPI251018UJ0PQB,CDR202600043703,DIRECT,-903,1
ATM251013AK9L1M,CDR202600043722,RECEIVER_INCOMING_ACTIVITY,46,1
ATM2507069E38A3,CDR202600043751,DIRECT,-458,1
UPI251121TQ551D,CDR202600043778,SENDER_INCOMING_ACTIVITY,243,1
ATM250616YC1I5D,CDR202600043785,REVERSE,-211,1
TXN250925CHIPJ4,CDR202600043829,DIRECT,281,1
ATM250111BWU5P8,CDR202600043831,REVERSE,910,1
ATM250720LK3GX9,CDR202600043832,REVERSE,-37,1
TXN250107BNVL0O,CDR202600043835,RECEIVER_OUTGOING_ACTIVITY,173,1
TXN250718B9OHCJ,CDR202600043843,SENDER_INCOMING_ACTIVITY,-1232,1
ATM251208VOFJ6W,CDR202600043857,SENDER_INCOMING_ACTIVITY,632,1
ATM250429EPK062,CDR202600043861,DIRECT,-423,1
ATM2502158GQDL8,CDR202600043898,DIRECT,577,1
UPI250416X6STS9,CDR202600043928,REVERSE,-43,1
TXN250908ACXLA0,CDR202600043952,RECEIVER_INCOMING_ACTIVITY,-255,1
UPI250729CVVSOM,CDR202600043989,DIRECT,-118,1
UPI2501137BXA2K,CDR202600043996,DIRECT,96,1
ATM250204VTNYYM,CDR202600044001,SENDER_OUTGOING_ACTIVITY,24,1
UPI250103JXZDVY,CDR202600044002,REVERSE,1119,1
ATM251106L9P1CL,CDR202600044012,DIRECT,-28,1
ATM250923LOBJVG,CDR202600044015,REVERSE,28,1
ATM251028WGCANA,CDR202600044038,SENDER_OUTGOING_ACTIVITY,-1025,1
ATM250120IC2AB1,CDR202600044039,SENDER_OUTGOING_ACTIVITY,-1579,1
ATM2510029FBJRS,CDR202600044060,DIRECT,233,1
TXN250613SFLMA7,CDR202600044063,DIRECT,-372,1
UPI250221R38Z7S,CDR202600044068,RECEIVER_OUTGOING_ACTIVITY,307,1
TXN250421EZ5CD7,CDR202600044097,REVERSE,-920,1
UPI250215USQS2E,CDR202600044101,DIRECT,481,1
TXN250810CTTG64,CDR202600044111,REVERSE,268,1
UPI2510177PWW8K,CDR202600044125,REVERSE,97,1
TXN250408QDJII5,CDR202600044128,RECEIVER_INCOMING_ACTIVITY,134,1
TXN2509161910L1,CDR202600044153,RECEIVER_INCOMING_ACTIVITY,41,1
ATM251025GW4VPI,CDR202600044164,RECEIVER_OUTGOING_ACTIVITY,-124,1
UPI250213EWUUNB,CDR202600044174,REVERSE,-1328,1
TXN250811FELLEL,CDR202600044175,RECEIVER_INCOMING_ACTIVITY,-1522,1
ATM250321D5P4Q2,CDR202600044195,SENDER_OUTGOING_ACTIVITY,-468,1
UPI251204OMZKYS,CDR202600044229,DIRECT,-767,1
IMPS250125H8CMD3,CDR202600044233,DIRECT,-52,1
TXN2505031Y7LDC,CDR202600044244,SENDER_OUTGOING_ACTIVITY,120,1
TXN250305P1WWKV,CDR202600044254,DIRECT,-386,1
ATM251117OUOYOM,CDR202600044275,SENDER_OUTGOING_ACTIVITY,139,1
UPI250301WSKKSQ,CDR202600044282,DIRECT,-263,1
ATM250924KL8U52,CDR202600044283,DIRECT,662,1
UPI2512296UE9UX,CDR202600044309,DIRECT,91,1
ATM251017Y661UE,CDR202600044315,DIRECT,-461,1
ATM250624RFNHR2,CDR202600044325,RECEIVER_OUTGOING_ACTIVITY,-24,1
TXN250919B87ARC,CDR202600044326,SENDER_OUTGOING_ACTIVITY,-238,1
UPI250908WVP9R0,CDR202600044346,DIRECT,-22,1
TXN251106NKRW1U,CDR202600044382,REVERSE,-841,1
UPI2511143Z9LQM,CDR202600044397,RECEIVER_INCOMING_ACTIVITY,-20,1
ATM2510271LI4D5,CDR202600044407,REVERSE,334,1
UPI250523KT0CBE,CDR202600044412,SENDER_INCOMING_ACTIVITY,252,1
IMPS251230MDPF4G,CDR202600044437,REVERSE,-1517,1
UPI250821OS50IF,CDR202600044457,DIRECT,154,1
ATM250228F6ZSYU,CDR202600044474,SENDER_INCOMING_ACTIVITY,53,1
ATM2511265J8XKO,CDR202600044491,REVERSE,15,1
ATM2503040864X8,CDR202600044516,REVERSE,-294,1
UPI250710SWNMCN,CDR202600044525,DIRECT,524,1
ATM25051046LA08,CDR202600044532,DIRECT,-35,1
TXN250730QZ7TPB,CDR202600044566,RECEIVER_INCOMING_ACTIVITY,-877,1
TXN251109XB72DQ,CDR202600044600,DIRECT,-18,1
ATM2508025XPC6K,CDR202600044616,SENDER_OUTGOING_ACTIVITY,410,1
TXN2501306L73XV,CDR202600044623,SENDER_INCOMING_ACTIVITY,-195,1
UPI250226O1TI8S,CDR202600044642,REVERSE,-1566,1
ATM2512314MEE70,CDR202600044648,DIRECT,354,1
TXN25061735SP4J,CDR202600044661,SENDER_INCOMING_ACTIVITY,181,1
UPI250122DMIGI1,CDR202600044667,DIRECT,17,1
ATM250426XJNDKH,CDR202600044671,RECEIVER_OUTGOING_ACTIVITY,-524,1
UPI250511Z0E2SC,CDR202600044677,REVERSE,-84,1
ATM250722DKTCE9,CDR202600044710,SENDER_OUTGOING_ACTIVITY,2,1
TXN250701AMKY12,CDR202600044722,DIRECT,-746,1
ATM251007DDN5F2,CDR202600044733,SENDER_INCOMING_ACTIVITY,-839,1
TXN250228TPP57K,CDR202600044757,DIRECT,-209,1
ATM250704Y9QHIX,CDR202600044759,DIRECT,-872,1
ATM250201H2XTIL,CDR202600044761,RECEIVER_INCOMING_ACTIVITY,1582,1
ATM250418Z0DP7A,CDR202600044763,DIRECT,-140,1
UPI250328A0PCVT,CDR202600044780,DIRECT,487,1
UPI250817BG7C5L,CDR202600044783,DIRECT,34,1
TXN250112ZD7128,CDR202600044786,SENDER_OUTGOING_ACTIVITY,366,1
TXN2507130YDZBR,CDR202600044801,REVERSE,449,1
UPI251105AO97WG,CDR202600044806,DIRECT,433,1
TXN2505247LGBX9,CDR202600044812,REVERSE,272,1
ATM2508023C8W4X,CDR202600044830,RECEIVER_INCOMING_ACTIVITY,-46,1
UPI250315ME321L,CDR202600044839,SENDER_OUTGOING_ACTIVITY,-179,1
ATM251119XT1V6P,CDR202600044855,RECEIVER_INCOMING_ACTIVITY,54,1
UPI250916HS76CK,CDR202600044876,REVERSE,1547,1
ATM250926B1ZKNY,CDR202600044901,SENDER_INCOMING_ACTIVITY,-235,1
IMPS251123QSKASC,CDR202600044915,DIRECT,123,1
UPI250520L3CLF9,CDR202600044926,REVERSE,-346,1
IMPS251008JN9KW8,CDR202600044938,DIRECT,267,1
UPI250525S1LEKL,CDR202600044945,SENDER_INCOMING_ACTIVITY,229,1
ATM250914BJOLSD,CDR202600044958,SENDER_INCOMING_ACTIVITY,-752,1
TXN250629SVKHVG,CDR202600044971,DIRECT,314,1
IMPS251031RE5ACL,CDR202600044999,RECEIVER_OUTGOING_ACTIVITY,170,1
ATM250804YTV9CM,CDR202600045023,DIRECT,103,1
UPI250829F3VVCC,CDR202600045036,DIRECT,-102,1
UPI251110IJT0NK,CDR202600045038,DIRECT,83,1
ATM250907ERLP9X,CDR202600045043,SENDER_INCOMING_ACTIVITY,-158,1
ATM251011PUQMOI,CDR202600045097,DIRECT,-728,1
UPI250215GNGR46,CDR202600045108,SENDER_OUTGOING_ACTIVITY,696,1
UPI25120190M9W5,CDR202600045126,SENDER_OUTGOING_ACTIVITY,114,1
UPI250528PGGQT4,CDR202600045132,REVERSE,40,1
ATM250109NKVB2H,CDR202600045134,SENDER_INCOMING_ACTIVITY,143,1
ATM2501096ATBY7,CDR202600045140,SENDER_OUTGOING_ACTIVITY,-15,1
ATM250925LUQ62K,CDR202600045162,SENDER_OUTGOING_ACTIVITY,257,1
ATM250421RCXV5E,CDR202600045164,SENDER_INCOMING_ACTIVITY,-58,1
ATM2506095XJ96U,CDR202600045200,DIRECT,-28,1
UPI250206114ESO,CDR202600045211,RECEIVER_OUTGOING_ACTIVITY,-10,1
ATM250804EZPYUV,CDR202600045226,REVERSE,88,1
ATM250428H50FKZ,CDR202600045238,SENDER_INCOMING_ACTIVITY,-464,1
UPI250304X43TI3,CDR202600045254,RECEIVER_INCOMING_ACTIVITY,-207,1
ATM250524DQ578F,CDR202600045272,DIRECT,-126,1
IMPS251208FK6AF2,CDR202600045279,DIRECT,-13,1
UPI250419ZBS9X8,CDR202600045295,RECEIVER_OUTGOING_ACTIVITY,870,1
UPI250529SJWLV8,CDR202600045361,RECEIVER_OUTGOING_ACTIVITY,-659,1
UPI2503052KAC4Y,CDR202600045378,RECEIVER_OUTGOING_ACTIVITY,-21,1
ATM250605SSKIE2,CDR202600045382,SENDER_INCOMING_ACTIVITY,649,1
UPI250426VYBS6N,CDR202600045399,RECEIVER_OUTGOING_ACTIVITY,-1772,1
ATM251223Q1V8X6,CDR202600045417,RECEIVER_INCOMING_ACTIVITY,283,1
IMPS250920PUHE0T,CDR202600045418,DIRECT,523,1
UPI2510194VW5YP,CDR202600045423,DIRECT,69,1
UPI251012HO9LXL,CDR202600045429,DIRECT,-129,1
TXN250826526NWX,CDR202600045453,SENDER_INCOMING_ACTIVITY,22,1
TXN251011LU3MTK,CDR202600045470,DIRECT,-140,1
ATM250929T9L3C0,CDR202600045478,RECEIVER_OUTGOING_ACTIVITY,665,1
ATM251113YH4O7O,CDR202600045485,RECEIVER_OUTGOING_ACTIVITY,-947,1
ATM250307WZQ8CP,CDR202600045488,RECEIVER_OUTGOING_ACTIVITY,-42,1
UPI2503313KNUXA,CDR202600045513,DIRECT,41,1
UPI251103NWXO7E,CDR202600045524,RECEIVER_OUTGOING_ACTIVITY,281,1
IMPS2509056K9ZVO,CDR202600045535,RECEIVER_OUTGOING_ACTIVITY,525,1
UPI2506014EHSRJ,CDR202600045569,SENDER_INCOMING_ACTIVITY,-19,1
TXN250320MS7CS4,CDR202600045571,SENDER_OUTGOING_ACTIVITY,-345,1
ATM2511084L025E,CDR202600045591,RECEIVER_OUTGOING_ACTIVITY,-121,1
TXN2511142SYH32,CDR202600045597,REVERSE,-267,1
ATM2502102AOL7C,CDR202600045611,DIRECT,24,1
IMPS251101HK1NGD,CDR202600045625,REVERSE,-258,1
UPI2512283EI6BQ,CDR202600045630,RECEIVER_INCOMING_ACTIVITY,31,1
IMPS25032402PHZK,CDR202600045633,RECEIVER_INCOMING_ACTIVITY,523,1
UPI250616AC8BFG,CDR202600045679,DIRECT,335,1
ATM250605L8JATR,CDR202600045683,DIRECT,-774,1
UPI251114FNHTP9,CDR202600045687,DIRECT,1628,1
TXN25062076W3WC,CDR202600045689,SENDER_INCOMING_ACTIVITY,108,1
UPI250515ML1YT8,CDR202600045693,SENDER_OUTGOING_ACTIVITY,-186,1
ATM251028KHM0FI,CDR202600045695,SENDER_OUTGOING_ACTIVITY,-581,1
TXN251012SUHQ0D,CDR202600045706,SENDER_OUTGOING_ACTIVITY,-171,1
ATM250918HWU4JI,CDR202600045712,RECEIVER_INCOMING_ACTIVITY,-308,1
UPI250130WJUBOM,CDR202600045715,DIRECT,296,1
IMPS250129JVX8CE,CDR202600045732,DIRECT,-289,1
UPI250424K5IMX9,CDR202600045745,RECEIVER_INCOMING_ACTIVITY,272,1
UPI251021S7GPLA,CDR202600045749,SENDER_OUTGOING_ACTIVITY,-284,1
UPI2510170NAIRM,CDR202600045753,RECEIVER_OUTGOING_ACTIVITY,105,1
ATM250606338KR0,CDR202600045764,RECEIVER_INCOMING_ACTIVITY,-57,1
TXN251214GCL1VH,CDR202600045769,REVERSE,-232,1
ATM25082661S6ZO,CDR202600045771,DIRECT,698,1
TXN2508092K4OT7,CDR202600045773,SENDER_OUTGOING_ACTIVITY,-717,1
UPI250421EVTCU5,CDR202600045785,REVERSE,34,1
TXN2510237XKRDJ,CDR202600045797,DIRECT,876,1
UPI250510HACU5F,CDR202600045804,REVERSE,16,1
IMPS2504083K9O6B,CDR202600045814,DIRECT,-52,1
ATM250221X6W4Q5,CDR202600045819,RECEIVER_OUTGOING_ACTIVITY,193,1
UPI250818YKU5P8,CDR202600045820,RECEIVER_OUTGOING_ACTIVITY,-278,1
ATM250107I47KAH,CDR202600045823,SENDER_INCOMING_ACTIVITY,-337,1
ATM251008IT4R7T,CDR202600045845,REVERSE,-1,1
UPI250523X2RMA8,CDR202600045850,REVERSE,19,1
ATM2506079RWJYB,CDR202600045887,SENDER_INCOMING_ACTIVITY,-519,1
UPI2508053UXUFJ,CDR202600045912,SENDER_INCOMING_ACTIVITY,350,1
ATM250313LXGQ7L,CDR202600045918,RECEIVER_INCOMING_ACTIVITY,100,1
UPI25021742SPC5,CDR202600045933,SENDER_INCOMING_ACTIVITY,-173,1
UPI250113ZODCZ4,CDR202600045946,DIRECT,-478,1
ATM2502157U8TN0,CDR202600045972,SENDER_INCOMING_ACTIVITY,-245,1
TXN250719C2R4QC,CDR202600045979,DIRECT,-103,1
ATM250603D7Y8FO,CDR202600045983,RECEIVER_OUTGOING_ACTIVITY,1481,1
ATM250905I3O1EK,CDR202600046000,REVERSE,488,1
TXN2507193RWO47,CDR202600046007,RECEIVER_OUTGOING_ACTIVITY,-38,1
ATM250601WW8V4Q,CDR202600046021,DIRECT,-1251,1
UPI250923TFUFNN,CDR202600046023,SENDER_OUTGOING_ACTIVITY,-91,1
UPI2501065WOQDN,CDR202600046037,DIRECT,-22,1
TXN250602DESJLT,CDR202600046038,DIRECT,-10,1
TXN250304O2W50H,CDR202600046065,DIRECT,221,1
ATM2512310LMX4H,CDR202600046066,REVERSE,-27,1
UPI250926YFHDB2,CDR202600046076,SENDER_INCOMING_ACTIVITY,-199,1
UPI2510063U2ACI,CDR202600046079,REVERSE,-244,1
UPI250419ITDYID,CDR202600046088,DIRECT,-88,1
UPI2506207LRZEN,CDR202600046106,DIRECT,309,1
TXN251213MXDNUV,CDR202600046108,SENDER_INCOMING_ACTIVITY,149,1
TXN2510304G88L9,CDR202600046162,RECEIVER_OUTGOING_ACTIVITY,1366,1
UPI251015BQ226W,CDR202600046209,REVERSE,1330,1
TXN250510VAOG57,CDR202600046214,DIRECT,240,1
ATM250326PN2BVJ,CDR202600046232,DIRECT,-15,1
TXN250812L39WKH,CDR202600046233,DIRECT,1318,1
ATM250923F4H4KP,CDR202600046265,DIRECT,-333,1
UPI250311E5QH4E,CDR202600046288,REVERSE,42,1
TXN250623D0HE4I,CDR202600046303,SENDER_INCOMING_ACTIVITY,83,1
ATM2501229GNXFK,CDR202600046310,DIRECT,7,1
IMPS250409WTLDWX,CDR202600046336,DIRECT,-584,1
ATM250706D3GR3C,CDR202600046348,DIRECT,-63,1
UPI25071186KYME,CDR202600046378,RECEIVER_INCOMING_ACTIVITY,-20,1
UPI250310XEI1TI,CDR202600046379,RECEIVER_INCOMING_ACTIVITY,-26,1
UPI250309Q4XIVY,CDR202600046382,RECEIVER_OUTGOING_ACTIVITY,17,1
TXN250830NMVNOF,CDR202600046392,REVERSE,-102,1
TXN250608UD86LY,CDR202600046396,SENDER_INCOMING_ACTIVITY,64,1
ATM250416CYZHFR,CDR202600046423,SENDER_OUTGOING_ACTIVITY,240,1
ATM251123DFMTES,CDR202600046426,RECEIVER_OUTGOING_ACTIVITY,198,1
TXN250405XT9MIT,CDR202600046432,DIRECT,-297,1
UPI250710425QCH,CDR202600046440,REVERSE,-54,1
IMPS250308VDDRMN,CDR202600046473,RECEIVER_INCOMING_ACTIVITY,239,1
UPI251024LWCFJ6,CDR202600046479,DIRECT,-9,1
UPI250613MNVE1L,CDR202600046484,SENDER_INCOMING_ACTIVITY,-423,1
ATM250409L38YL5,CDR202600046486,RECEIVER_OUTGOING_ACTIVITY,-43,1
UPI250406OI8YU1,CDR202600046506,DIRECT,-16,1
UPI251222RMPYCV,CDR202600046513,SENDER_OUTGOING_ACTIVITY,252,1
ATM250515OFT2HV,CDR202600046514,DIRECT,31,1
TXN2503142XP6UP,CDR202600046517,SENDER_OUTGOING_ACTIVITY,-178,1
UPI250927Z3SIB7,CDR202600046548,DIRECT,1714,1
ATM250509RXE2RE,CDR202600046551,REVERSE,-261,1
TXN250624NDECAI,CDR202600046554,REVERSE,-49,1
UPI250820AUPKFZ,CDR202600046558,RECEIVER_INCOMING_ACTIVITY,-434,1
TXN251031S6L4F5,CDR202600046567,REVERSE,-827,1
IMPS250109X9V3ED,CDR202600046571,SENDER_INCOMING_ACTIVITY,1108,1
TXN251025PTF0IH,CDR202600046572,RECEIVER_INCOMING_ACTIVITY,-40,1
TXN250225OJ7V4X,CDR202600046595,RECEIVER_INCOMING_ACTIVITY,-50,1
UPI251121B9WDOJ,CDR202600046601,REVERSE,-1070,1
TXN251205TTVP6G,CDR202600046607,DIRECT,36,1
TXN250518XR0HV7,CDR202600046628,DIRECT,788,1
ATM250705QZIGR2,CDR202600046655,SENDER_OUTGOING_ACTIVITY,178,1
UPI250104W07FIL,CDR202600046685,SENDER_OUTGOING_ACTIVITY,-69,1
UPI251203YSPHEE,CDR202600046686,DIRECT,28,1
UPI250727IMZVTA,CDR202600046689,SENDER_INCOMING_ACTIVITY,-195,1
ATM2507166J3BFR,CDR202600046712,DIRECT,57,1
TXN251219RSHYUT,CDR202600046717,SENDER_INCOMING_ACTIVITY,278,1
ATM251015X0WQNJ,CDR202600046737,REVERSE,498,1
IMPS251221JSYXRD,CDR202600046739,REVERSE,25,1
ATM250207NMN8P2,CDR202600046743,DIRECT,781,1
ATM251009R995HW,CDR202600046759,RECEIVER_INCOMING_ACTIVITY,-875,1
IMPS2502263IDT06,CDR202600046761,DIRECT,431,1
ATM250216M3Q877,CDR202600046782,DIRECT,255,1
TXN2506242TLGGJ,CDR202600046806,SENDER_OUTGOING_ACTIVITY,-825,1
UPI250818078QQ8,CDR202600046807,REVERSE,181,1
UPI2508113ONCKL,CDR202600046808,REVERSE,735,1
TXN251111X6J6AB,CDR202600046831,DIRECT,1646,1
ATM250712YW829P,CDR202600046834,DIRECT,278,1
IMPS250418F6WI7B,CDR202600046840,SENDER_INCOMING_ACTIVITY,-54,1
ATM251001TEWO6W,CDR202600046845,RECEIVER_OUTGOING_ACTIVITY,164,1
ATM251030WCO3BC,CDR202600046864,SENDER_OUTGOING_ACTIVITY,863,1
UPI251101R1LY0E,CDR202600046865,RECEIVER_INCOMING_ACTIVITY,-542,1
TXN2503015U6UNE,CDR202600046877,DIRECT,-866,1
UPI250705NMXLG7,CDR202600046879,DIRECT,59,1
TXN2504072H17HM,CDR202600046882,DIRECT,169,1
ATM25113083Y5AH,CDR202600046904,DIRECT,-10,1
UPI251124KCTH50,CDR202600046910,SENDER_OUTGOING_ACTIVITY,13,1
ATM250128AC10SI,CDR202600046927,REVERSE,-114,1
ATM251109NFHS5B,CDR202600046934,RECEIVER_INCOMING_ACTIVITY,-46,1
IMPS250211NXLXUG,CDR202600046944,SENDER_OUTGOING_ACTIVITY,-26,1
UPI251114B80PG4,CDR202600046951,SENDER_OUTGOING_ACTIVITY,-202,1
ATM2512251DY03E,CDR202600046954,RECEIVER_OUTGOING_ACTIVITY,-505,1
ATM25011450T0GD,CDR202600046955,SENDER_OUTGOING_ACTIVITY,-125,1
UPI250317PTADWK,CDR202600046960,REVERSE,472,1
TXN250916U3L247,CDR202600046961,RECEIVER_INCOMING_ACTIVITY,1582,1
TXN251123KEZ074,CDR202600046976,DIRECT,259,1
UPI2506126UJ5Q9,CDR202600046996,REVERSE,655,1
TXN250405CS056U,CDR202600046997,DIRECT,130,1
ATM250224LRLDYI,CDR202600047010,SENDER_INCOMING_ACTIVITY,26,1
TXN250427B7NZ57,CDR202600047020,SENDER_INCOMING_ACTIVITY,106,1
ATM251109D077FS,CDR202600047036,DIRECT,224,1
UPI250402FIH1AY,CDR202600047058,REVERSE,-18,1
ATM250219PU6WOA,CDR202600047117,REVERSE,-204,1
UPI250819X14UI9,CDR202600047138,DIRECT,709,1
TXN2512066636XK,CDR202600047153,SENDER_OUTGOING_ACTIVITY,-154,1
UPI2503046Y65CB,CDR202600047160,SENDER_OUTGOING_ACTIVITY,-536,1
UPI2507160YQF59,CDR202600047165,DIRECT,224,1
UPI250321S9HWIH,CDR202600047178,REVERSE,-425,1
ATM250920Z7FVQ1,CDR202600047193,DIRECT,-245,1
UPI2511171MU6O7,CDR202600047198,SENDER_OUTGOING_ACTIVITY,-279,1
UPI250716QIXZQY,CDR202600047207,DIRECT,60,1
TXN250224E2ELE9,CDR202600047219,SENDER_INCOMING_ACTIVITY,-1174,1
TXN250513YCU68T,CDR202600047223,SENDER_INCOMING_ACTIVITY,-293,1
TXN250314U8F6AU,CDR202600047234,RECEIVER_INCOMING_ACTIVITY,-25,1
IMPS250819QGKMKT,CDR202600047282,SENDER_OUTGOING_ACTIVITY,639,1
ATM250507ZWFSK5,CDR202600047303,DIRECT,-1541,1
ATM250225DJJKH3,CDR202600047305,DIRECT,1437,1
ATM250315WO265O,CDR202600047326,SENDER_OUTGOING_ACTIVITY,259,1
UPI251030C6WJ7L,CDR202600047348,SENDER_INCOMING_ACTIVITY,657,1
ATM250513VT04P4,CDR202600047376,DIRECT,-308,1
UPI2508065ITMRI,CDR202600047406,DIRECT,-294,1
TXN250406PNVE4X,CDR202600047418,RECEIVER_OUTGOING_ACTIVITY,-1651,1
ATM250925XJ1FMU,CDR202600047420,RECEIVER_INCOMING_ACTIVITY,-181,1
UPI2501204N0HWC,CDR202600047425,DIRECT,735,1
ATM250201QG6YZJ,CDR202600047429,REVERSE,-25,1
ATM250809NV9L3T,CDR202600047433,SENDER_INCOMING_ACTIVITY,151,1
IMPS250713IMFKCZ,CDR202600047435,SENDER_OUTGOING_ACTIVITY,-83,1
UPI250804VFYTYM,CDR202600047436,RECEIVER_INCOMING_ACTIVITY,25,1
IMPS251202ZY858G,CDR202600047450,REVERSE,45,1
ATM250816EDKBTM,CDR202600047452,SENDER_INCOMING_ACTIVITY,-616,1
TXN25020649Z08F,CDR202600047459,DIRECT,11,1
ATM250607ETDT9O,CDR202600047480,SENDER_OUTGOING_ACTIVITY,25,1
TXN2509272D26VN,CDR202600047530,DIRECT,-28,1
UPI250521WFYDIG,CDR202600047531,DIRECT,691,1
ATM250605A3B3IW,CDR202600047534,RECEIVER_INCOMING_ACTIVITY,112,1
ATM250612W6OCLF,CDR202600047543,DIRECT,-15,1
IMPS2508276Y47PY,CDR202600047544,DIRECT,76,1
TXN250612EYQFEA,CDR202600047552,DIRECT,279,1
UPI2501223DSN04,CDR202600047555,RECEIVER_INCOMING_ACTIVITY,126,1
ATM251003MW05SH,CDR202600047558,SENDER_OUTGOING_ACTIVITY,208,1
UPI250105A5PMLQ,CDR202600047569,SENDER_OUTGOING_ACTIVITY,-883,1
ATM250107ZG2VG3,CDR202600047573,SENDER_INCOMING_ACTIVITY,61,1
IMPS250330P5RHIZ,CDR202600047614,SENDER_INCOMING_ACTIVITY,-1236,1
ATM250512F8UOGT,CDR202600047621,SENDER_OUTGOING_ACTIVITY,227,1
IMPS2506243MXPJU,CDR202600047638,SENDER_OUTGOING_ACTIVITY,-1282,1
UPI2502067FO4GW,CDR202600047664,SENDER_OUTGOING_ACTIVITY,86,1
ATM250820YGPBSC,CDR202600047701,REVERSE,-233,1
TXN251108ZH1CP1,CDR202600047762,DIRECT,46,1
UPI250829SVTPNP,CDR202600047772,DIRECT,-45,1
UPI25010569REA3,CDR202600047781,SENDER_INCOMING_ACTIVITY,-261,1
ATM250313JIK69Y,CDR202600047787,REVERSE,-79,1
UPI250627PFSLHM,CDR202600047790,SENDER_OUTGOING_ACTIVITY,168,1
UPI251024MVX49A,CDR202600047794,REVERSE,-385,1
UPI2512252KT314,CDR202600047808,REVERSE,395,1
UPI250326OUQYFV,CDR202600047809,DIRECT,217,1
IMPS2511239DHDUV,CDR202600047814,DIRECT,-554,1
TXN250729JC7TW1,CDR202600047819,DIRECT,-272,1
UPI250714CLQ1MI,CDR202600047831,REVERSE,224,1
ATM250114FJ02LV,CDR202600047834,DIRECT,-129,1
TXN2510011BNMFT,CDR202600047849,SENDER_INCOMING_ACTIVITY,173,1
UPI250723RQAG4W,CDR202600047885,SENDER_OUTGOING_ACTIVITY,-16,1
ATM251015CMSMKP,CDR202600047896,RECEIVER_OUTGOING_ACTIVITY,-59,1
ATM250412DKRGJG,CDR202600047897,DIRECT,-270,1
UPI2503238RROGD,CDR202600047926,RECEIVER_OUTGOING_ACTIVITY,736,1
UPI250524SWWXPO,CDR202600047928,REVERSE,-204,1
ATM250614T96CK7,CDR202600047965,SENDER_OUTGOING_ACTIVITY,-248,1
UPI25061509FSQB,CDR202600047973,REVERSE,37,1
ATM250818GM5K3J,CDR202600047976,SENDER_INCOMING_ACTIVITY,9,1
ATM250821UNNQRP,CDR202600047982,RECEIVER_OUTGOING_ACTIVITY,-783,1
TXN250524DVWOHJ,CDR202600047990,SENDER_INCOMING_ACTIVITY,277,1
UPI250816Y37X95,CDR202600048005,DIRECT,-300,1
UPI250523BPLA4N,CDR202600048033,SENDER_INCOMING_ACTIVITY,9,1
UPI251013FPKMTQ,CDR202600048041,DIRECT,-975,1
TXN25020306IJVE,CDR202600048046,DIRECT,27,1
TXN2506282TUM0I,CDR202600048049,RECEIVER_OUTGOING_ACTIVITY,584,1
ATM250224Z0NHAU,CDR202600048052,RECEIVER_INCOMING_ACTIVITY,29,1
ATM251001ALDZIM,CDR202600048077,SENDER_INCOMING_ACTIVITY,534,1
TXN250505ER8SP7,CDR202600048092,DIRECT,-232,1
IMPS251219UFU6O9,CDR202600048095,SENDER_OUTGOING_ACTIVITY,766,1
ATM2510272B9RZT,CDR202600048108,RECEIVER_OUTGOING_ACTIVITY,-117,1
ATM250421BV9M8O,CDR202600048149,DIRECT,144,1
UPI250109PEQ1ZJ,CDR202600048151,REVERSE,307,1
ATM251129I9RT7D,CDR202600048173,SENDER_OUTGOING_ACTIVITY,-451,1
ATM25112243PTK1,CDR202600048175,DIRECT,281,1
UPI250211TO2QNN,CDR202600048178,DIRECT,-1767,1
TXN25050552G3GX,CDR202600048183,RECEIVER_INCOMING_ACTIVITY,740,1
UPI251119YHZHC9,CDR202600048190,DIRECT,207,1
TXN250106LRDMZV,CDR202600048199,DIRECT,497,1
ATM2507067GCVOU,CDR202600048202,SENDER_INCOMING_ACTIVITY,-287,1
UPI250524BJ1ISX,CDR202600048203,DIRECT,-824,1
UPI251208AIGYUB,CDR202600048237,DIRECT,887,1
UPI250126KEGN96,CDR202600048257,DIRECT,1371,1
UPI250220ITW3L2,CDR202600048262,RECEIVER_OUTGOING_ACTIVITY,-16,1
ATM251124OK8W2L,CDR202600048277,DIRECT,-114,1
UPI2512294EHRCL,CDR202600048285,DIRECT,-58,1
ATM250531FI5QIX,CDR202600048305,REVERSE,-109,1
UPI2511141EFIYS,CDR202600048311,REVERSE,458,1
UPI2505317Y93DX,CDR202600048333,RECEIVER_INCOMING_ACTIVITY,53,1
UPI250828HDPLD8,CDR202600048384,RECEIVER_OUTGOING_ACTIVITY,-433,1
ATM250902Y0W4VV,CDR202600048393,SENDER_INCOMING_ACTIVITY,145,1
IMPS251219QFV22S,CDR202600048405,DIRECT,143,1
TXN250604CWMNNN,CDR202600048408,DIRECT,403,1
TXN250624KE0N0C,CDR202600048443,SENDER_OUTGOING_ACTIVITY,167,1
ATM2511086DAM7E,CDR202600048452,RECEIVER_INCOMING_ACTIVITY,20,1
ATM250823S3IT1W,CDR202600048461,SENDER_OUTGOING_ACTIVITY,-838,1
UPI251213R7ZA3O,CDR202600048508,REVERSE,178,1
UPI251017HGXGS9,CDR202600048554,DIRECT,-188,1
ATM250619S6N70A,CDR202600048557,DIRECT,-75,1
ATM251228JAB7VW,CDR202600048594,SENDER_OUTGOING_ACTIVITY,59,1
ATM251012QGGTH9,CDR202600048601,SENDER_INCOMING_ACTIVITY,-527,1
ATM250131RN9FWO,CDR202600048609,RECEIVER_INCOMING_ACTIVITY,1502,1
ATM250824PJA2U7,CDR202600048629,SENDER_OUTGOING_ACTIVITY,-58,1
TXN250522RS4MGH,CDR202600048633,DIRECT,176,1
UPI250916DZKXF4,CDR202600048668,DIRECT,212,1
UPI2512079P0XBS,CDR202600048696,DIRECT,425,1
UPI250803PX4TJ9,CDR202600048705,DIRECT,-790,1
UPI250705139L9C,CDR202600048726,SENDER_INCOMING_ACTIVITY,-52,1
ATM250501DE7XZL,CDR202600048730,RECEIVER_INCOMING_ACTIVITY,55,1
UPI250826LKGD7Y,CDR202600048737,DIRECT,30,1
UPI250920ZJT973,CDR202600048765,DIRECT,301,1
UPI250817UKPOES,CDR202600048802,SENDER_OUTGOING_ACTIVITY,804,1
TXN250701D23JLW,CDR202600048806,SENDER_OUTGOING_ACTIVITY,-859,1
IMPS250416JTOEFN,CDR202600048837,DIRECT,-24,1
IMPS250418HWBO13,CDR202600048844,RECEIVER_OUTGOING_ACTIVITY,-251,1
UPI2512065Y5E9M,CDR202600048855,SENDER_OUTGOING_ACTIVITY,-14,1
UPI250829F554IN,CDR202600048856,DIRECT,711,1
UPI250521XB9QKK,CDR202600048872,SENDER_OUTGOING_ACTIVITY,116,1
ATM251003RH2LQQ,CDR202600048874,DIRECT,-574,1
UPI250211FBMWW8,CDR202600048893,REVERSE,-411,1
ATM251121CG43M4,CDR202600048914,DIRECT,276,1
TXN2508074TNFJW,CDR202600048920,REVERSE,-21,1
ATM2502157LVQJZ,CDR202600048928,SENDER_OUTGOING_ACTIVITY,298,1
ATM250108LUUJ7K,CDR202600048959,SENDER_INCOMING_ACTIVITY,243,1
UPI250704PBJY0C,CDR202600049011,DIRECT,187,1
UPI250701BZZA3I,CDR202600049021,RECEIVER_INCOMING_ACTIVITY,7,1
TXN250407ZKTERA,CDR202600049027,REVERSE,-670,1
ATM250906TTIQJJ,CDR202600049030,DIRECT,-3,1
ATM250107NRRVXJ,CDR202600049038,DIRECT,1229,1
IMPS250323T5VAPX,CDR202600049050,RECEIVER_OUTGOING_ACTIVITY,-11,1
TXN250326O2N9RU,CDR202600049056,SENDER_OUTGOING_ACTIVITY,433,1
IMPS250404NNUBC3,CDR202600049058,SENDER_OUTGOING_ACTIVITY,380,1
IMPS2508206KXBJ1,CDR202600049059,DIRECT,-455,1
ATM25070798PAA3,CDR202600049069,REVERSE,481,1
TXN251009G0ZOSO,CDR202600049071,DIRECT,-44,1
UPI250124VLCD5V,CDR202600049092,DIRECT,-192,1
TXN25102468RIY1,CDR202600049174,DIRECT,-341,1
UPI2509237TUZ8U,CDR202600049179,SENDER_OUTGOING_ACTIVITY,-274,1
ATM250215EGWSWC,CDR202600049187,REVERSE,-1254,1
UPI250917ULZKLN,CDR202600049210,SENDER_INCOMING_ACTIVITY,806,1
UPI250115EJ2037,CDR202600049213,SENDER_OUTGOING_ACTIVITY,-675,1
TXN250413UGT3F9,CDR202600049216,SENDER_INCOMING_ACTIVITY,204,1
UPI2501225M3AWO,CDR202600049222,REVERSE,-226,1
UPI251101NO9VPG,CDR202600049234,RECEIVER_INCOMING_ACTIVITY,16,1
IMPS25021840JOQL,CDR202600049265,SENDER_OUTGOING_ACTIVITY,-7,1
TXN2504307K45AJ,CDR202600049275,REVERSE,-1680,1
ATM251105JXKTB5,CDR202600049282,DIRECT,123,1
TXN251102XN82SD,CDR202600049284,RECEIVER_INCOMING_ACTIVITY,688,1
ATM251216UC5MS3,CDR202600049305,DIRECT,-237,1
TXN251129CMNJL2,CDR202600049307,REVERSE,-314,1
ATM250507B4DUZF,CDR202600049308,DIRECT,-41,1
UPI2507123SNLHP,CDR202600049317,DIRECT,-1607,1
ATM251221PLY8TS,CDR202600049322,DIRECT,-99,1
UPI250303OOBOQN,CDR202600049327,SENDER_INCOMING_ACTIVITY,-450,1
ATM250606EFPOUE,CDR202600049349,SENDER_OUTGOING_ACTIVITY,579,1
TXN2509187WGJ5U,CDR202600049421,RECEIVER_INCOMING_ACTIVITY,-34,1
ATM251112JRBISG,CDR202600049423,SENDER_INCOMING_ACTIVITY,-433,1
UPI250523CAZ4XA,CDR202600049427,RECEIVER_OUTGOING_ACTIVITY,50,1
ATM250315KDBNMC,CDR202600049432,RECEIVER_INCOMING_ACTIVITY,-585,1
UPI250927J6F5DX,CDR202600049440,SENDER_INCOMING_ACTIVITY,295,1
ATM251222C1UE84,CDR202600049460,REVERSE,-1091,1
UPI2503058ZG4B4,CDR202600049469,DIRECT,-44,1
ATM250228JNYDYQ,CDR202600049504,SENDER_INCOMING_ACTIVITY,1,1
TXN250729U19G84,CDR202600049505,DIRECT,325,1
TXN250117A6POM3,CDR202600049544,RECEIVER_INCOMING_ACTIVITY,36,1
TXN250108F2TBW4,CDR202600049554,REVERSE,401,1
UPI250330HHMG9P,CDR202600049556,REVERSE,992,1
UPI250715ZM6RL9,CDR202600049600,SENDER_OUTGOING_ACTIVITY,820,1
UPI250308QLKDU4,CDR202600049612,SENDER_INCOMING_ACTIVITY,-30,1
ATM2512064ATE8N,CDR202600049623,RECEIVER_OUTGOING_ACTIVITY,837,1
TXN25052806605D,CDR202600049638,REVERSE,175,1
ATM250730TMU2YW,CDR202600049647,DIRECT,182,1
TXN251014766GOE,CDR202600049660,SENDER_OUTGOING_ACTIVITY,821,1
UPI250730XQASX7,CDR202600049667,RECEIVER_OUTGOING_ACTIVITY,411,1
ATM250105PPFNNI,CDR202600049683,REVERSE,-1314,1
ATM250716YTJB3N,CDR202600049684,DIRECT,-838,1
ATM250803JODJG7,CDR202600049685,DIRECT,291,1
TXN250421JEHOA9,CDR202600049718,DIRECT,258,1
ATM250524LD6ZOF,CDR202600049740,DIRECT,46,1
UPI2503044X4VRV,CDR202600049752,DIRECT,478,1
ATM2511045XS5FR,CDR202600049756,RECEIVER_OUTGOING_ACTIVITY,-638,1
ATM250718L1X5X4,CDR202600049773,SENDER_INCOMING_ACTIVITY,1079,1
RTGS250826VH1QFV,CDR202600049777,REVERSE,422,1
UPI251016K5OEWM,CDR202600049790,SENDER_OUTGOING_ACTIVITY,-211,1
ATM250603VMWMLO,CDR202600049794,DIRECT,-98,1
UPI25020844QB9B,CDR202600049812,SENDER_INCOMING_ACTIVITY,-22,1
UPI250228LWONPE,CDR202600049819,RECEIVER_OUTGOING_ACTIVITY,-363,1
UPI251023D0PBWZ,CDR202600049827,DIRECT,37,1
ATM250527XMHWWD,CDR202600049882,REVERSE,182,1
UPI251219RCHM5V,CDR202600049888,RECEIVER_INCOMING_ACTIVITY,-1408,1
TXN250614LCJI53,CDR202600049907,DIRECT,492,1
ATM250116I1BR4Y,CDR202600049908,SENDER_INCOMING_ACTIVITY,-741,1
TXN25053021ELTU,CDR202600049909,DIRECT,-950,1
UPI251029MLM05Q,CDR202600049928,DIRECT,30,1
ATM251214UA4X0N,CDR202600049937,REVERSE,-42,1
UPI250425VK2HK9,CDR202600049939,REVERSE,-946,1
ATM250427FBC9SU,CDR202600049940,DIRECT,-48,1
IMPS251117D5A3VV,CDR202600049948,REVERSE,-1778,1
TXN251006N8PDIH,CDR202600049956,DIRECT,-1254,1
TXN2505255MUW9G,CDR202600049958,REVERSE,-876,1
IMPS2506080QFU89,CDR202600049974,DIRECT,-631,1
ATM2512144JB9UN,CDR202600049979,RECEIVER_INCOMING_ACTIVITY,-156,1
ATM250919WILDL1,CDR202600049987,DIRECT,-286,1
ATM250908GPBKK1,CDR202600049995,SENDER_INCOMING_ACTIVITY,-368,1
UPI250717AUOVKT,CDR202600050028,SENDER_OUTGOING_ACTIVITY,-259,1
ATM250507KG9PZ2,CDR202600050039,SENDER_OUTGOING_ACTIVITY,11,1
ATM251117CLIVXN,CDR202600050047,RECEIVER_INCOMING_ACTIVITY,246,1
TXN2506065N3WV4,CDR202600050075,SENDER_INCOMING_ACTIVITY,48,1
ATM250519H4VEQB,CDR202600050086,SENDER_OUTGOING_ACTIVITY,-781,1
TXN250228119IK7,CDR202600050109,SENDER_OUTGOING_ACTIVITY,60,1
TXN2506272F1UWV,CDR202600050132,REVERSE,-489,1
UPI2508108U39AC,CDR202600050134,REVERSE,-716,1
TXN250122QB8TDX,CDR202600050138,REVERSE,220,1
UPI25022729LIR2,CDR202600050148,REVERSE,195,1
TXN2509201OWLAI,CDR202600050164,SENDER_INCOMING_ACTIVITY,-181,1
UPI250624JZ13WG,CDR202600050172,DIRECT,-90,1
UPI250619UVORLH,CDR202600050191,RECEIVER_INCOMING_ACTIVITY,750,1
TXN251201N20QW5,CDR202600050193,DIRECT,293,1
UPI250705QQJWC3,CDR202600050212,DIRECT,881,1
ATM2512145THISN,CDR202600050216,SENDER_OUTGOING_ACTIVITY,-1280,1
TXN251127AJFGZR,CDR202600050267,SENDER_INCOMING_ACTIVITY,-252,1
ATM250311MBDFKJ,CDR202600050271,DIRECT,-1056,1
IMPS250603CASFR1,CDR202600050275,RECEIVER_INCOMING_ACTIVITY,-55,1
UPI250405QKJIVN,CDR202600050291,RECEIVER_OUTGOING_ACTIVITY,-6,1
ATM2505079LMQMG,CDR202600050304,REVERSE,-4,1
TXN2508299Z2QMM,CDR202600050311,SENDER_OUTGOING_ACTIVITY,-9,1
IMPS250224U2UUJ1,CDR202600050332,SENDER_INCOMING_ACTIVITY,-190,1
UPI2504112L4F03,CDR202600050335,RECEIVER_INCOMING_ACTIVITY,13,1
UPI250105QXPH1Y,CDR202600050339,SENDER_OUTGOING_ACTIVITY,743,1
TXN250602AFK7Z6,CDR202600050342,DIRECT,-287,1
ATM25050661ESHD,CDR202600050346,DIRECT,149,1
ATM250914P40ZY6,CDR202600050372,SENDER_INCOMING_ACTIVITY,29,1
ATM2510094C16DR,CDR202600050389,DIRECT,843,1
ATM250622AHH0OG,CDR202600050404,DIRECT,32,1
TXN250311NCO7N3,CDR202600050425,SENDER_OUTGOING_ACTIVITY,-618,1
ATM2508152JKTSG,CDR202600050429,RECEIVER_OUTGOING_ACTIVITY,299,1
UPI250211PG2MVK,CDR202600050444,REVERSE,190,1
UPI2511062JUNDH,CDR202600050494,DIRECT,-668,1
UPI250614SZGGB8,CDR202600050529,SENDER_INCOMING_ACTIVITY,456,1
ATM2509156NZ91N,CDR202600050534,SENDER_INCOMING_ACTIVITY,-607,1
TXN250417GKVJZX,CDR202600050551,DIRECT,-192,1
ATM251127W6T8M5,CDR202600050578,DIRECT,-1,1
ATM251214XWUDJ4,CDR202600050579,SENDER_OUTGOING_ACTIVITY,-455,1
UPI251102GXG94F,CDR202600050597,REVERSE,-1094,1
IMPS250806GAIPWC,CDR202600050617,REVERSE,-105,1
ATM250923PS08CM,CDR202600050685,DIRECT,82,1
ATM251121K2YJE6,CDR202600050719,SENDER_OUTGOING_ACTIVITY,210,1
UPI250329RI6GC7,CDR202600050724,DIRECT,-293,1
UPI250725PB3K42,CDR202600050737,DIRECT,-52,1
ATM250926TSTYI5,CDR202600050738,SENDER_OUTGOING_ACTIVITY,-19,1
TXN2508301SL5QZ,CDR202600050742,DIRECT,-20,1
ATM2511182WFKY9,CDR202600050751,DIRECT,-299,1
TXN25112471PURN,CDR202600050758,SENDER_INCOMING_ACTIVITY,2,1
ATM250717GDETIK,CDR202600050772,DIRECT,128,1
UPI250116W03BKF,CDR202600050782,SENDER_OUTGOING_ACTIVITY,93,1
ATM2506138YNBKK,CDR202600050794,SENDER_INCOMING_ACTIVITY,-877,1
IMPS251203JRWGOX,CDR202600050797,REVERSE,-1051,1
ATM250405MRZSI3,CDR202600050814,RECEIVER_INCOMING_ACTIVITY,25,1
ATM250406XC4PW4,CDR202600050839,SENDER_OUTGOING_ACTIVITY,-78,1
UPI251009GNH1S3,CDR202600050873,SENDER_INCOMING_ACTIVITY,42,1
TXN250215TVHZDC,CDR202600050886,RECEIVER_OUTGOING_ACTIVITY,98,1
UPI251016X3TQYF,CDR202600050897,REVERSE,-187,1
UPI2501280Q18OO,CDR202600050933,REVERSE,-828,1
TXN25082269093P,CDR202600050956,DIRECT,15,1
ATM250807X6X9Y4,CDR202600050959,SENDER_INCOMING_ACTIVITY,122,1
UPI250723K7YV0N,CDR202600051020,RECEIVER_INCOMING_ACTIVITY,48,1
ATM25070176WRUO,CDR202600051033,RECEIVER_OUTGOING_ACTIVITY,661,1
ATM251215JN7R2R,CDR202600051034,DIRECT,-769,1
ATM250320U2IMJV,CDR202600051044,RECEIVER_INCOMING_ACTIVITY,1766,1
ATM251028V0ZXC6,CDR202600051067,REVERSE,1070,1
TXN251106U9IAW6,CDR202600051078,SENDER_INCOMING_ACTIVITY,-31,1
ATM25021978OU0V,CDR202600051082,RECEIVER_OUTGOING_ACTIVITY,35,1
TXN251212ZBQC65,CDR202600051087,SENDER_INCOMING_ACTIVITY,24,1
TXN250615TNKI8M,CDR202600051111,DIRECT,-243,1
UPI2511247IJ277,CDR202600051122,REVERSE,174,1
ATM250905Z91F6Z,CDR202600051130,REVERSE,-105,1
ATM250901O6L42V,CDR202600051162,SENDER_OUTGOING_ACTIVITY,-1170,1
UPI251229N9Z3Y3,CDR202600051174,RECEIVER_OUTGOING_ACTIVITY,453,1
ATM250813TEX5TE,CDR202600051181,REVERSE,54,1
ATM250522UM61V3,CDR202600051218,REVERSE,73,1
ATM250120T8YTOI,CDR202600051228,SENDER_OUTGOING_ACTIVITY,-187,1
ATM251228UPRB5M,CDR202600051232,REVERSE,190,1
TXN251111J2KY7B,CDR202600051243,DIRECT,-53,1
TXN250126AUWBZ2,CDR202600051245,DIRECT,379,1
UPI251122T11LKB,CDR202600051260,REVERSE,35,1
TXN250714VAXKTO,CDR202600051269,SENDER_OUTGOING_ACTIVITY,858,1
TXN250302ZEZ0RX,CDR202600051274,SENDER_INCOMING_ACTIVITY,-5,1
ATM25081825EVGZ,CDR202600051284,RECEIVER_INCOMING_ACTIVITY,28,1
UPI250420C36XJB,CDR202600051301,SENDER_OUTGOING_ACTIVITY,-274,1
UPI250818Y4EMFG,CDR202600051305,SENDER_INCOMING_ACTIVITY,251,1
TXN251222JB9K1P,CDR202600051311,SENDER_INCOMING_ACTIVITY,127,1
TXN2509060NN9KR,CDR202600051360,RECEIVER_OUTGOING_ACTIVITY,-215,1
UPI2501190X6I0G,CDR202600051361,SENDER_INCOMING_ACTIVITY,-7,1
ATM251122F1A6BS,CDR202600051365,DIRECT,180,1
ATM251223A0RJQ9,CDR202600051369,DIRECT,-150,1
UPI2501255ERNKD,CDR202600051372,SENDER_OUTGOING_ACTIVITY,49,1
ATM250605CKQBOF,CDR202600051399,DIRECT,51,1
ATM250308QXIRXS,CDR202600051411,RECEIVER_INCOMING_ACTIVITY,776,1
ATM250425AUJOYC,CDR202600051442,DIRECT,25,1
ATM250727JQV7O8,CDR202600051450,SENDER_INCOMING_ACTIVITY,-1606,1
ATM25032299MAGC,CDR202600051453,REVERSE,27,1
TXN250925N3ETP9,CDR202600051454,RECEIVER_OUTGOING_ACTIVITY,-642,1
TXN2501246SS0FE,CDR202600051466,SENDER_INCOMING_ACTIVITY,-149,1
ATM251102U8J7U8,CDR202600051469,REVERSE,264,1
UPI250502Z0MF4Z,CDR202600051476,SENDER_OUTGOING_ACTIVITY,-20,1
UPI250717R9WRYZ,CDR202600051498,SENDER_OUTGOING_ACTIVITY,-107,1
UPI251218DA2JY8,CDR202600051530,DIRECT,-39,1
IMPS250123AHVXCU,CDR202600051534,SENDER_INCOMING_ACTIVITY,-270,1
ATM250413CSUD1W,CDR202600051541,RECEIVER_OUTGOING_ACTIVITY,-244,1
UPI250410WNIFEZ,CDR202600051626,SENDER_INCOMING_ACTIVITY,-98,1
ATM250814GUUM4I,CDR202600051635,RECEIVER_OUTGOING_ACTIVITY,396,1
ATM250426R5QKVA,CDR202600051636,RECEIVER_OUTGOING_ACTIVITY,-771,1
ATM250716KKYW1C,CDR202600051659,REVERSE,-644,1
UPI250712IO4NB3,CDR202600051661,REVERSE,-132,1
UPI251011ZNQGB9,CDR202600051692,SENDER_OUTGOING_ACTIVITY,149,1
TXN250806D1VY0O,CDR202600051695,REVERSE,-342,1
ATM250618KBHY9J,CDR202600051710,RECEIVER_OUTGOING_ACTIVITY,-112,1
UPI250315TMWAQQ,CDR202600051717,SENDER_OUTGOING_ACTIVITY,159,1
UPI250115K1BKS9,CDR202600051740,SENDER_OUTGOING_ACTIVITY,22,1
ATM2508137LKYOP,CDR202600051745,REVERSE,-19,1
UPI250209VE7RWM,CDR202600051749,SENDER_INCOMING_ACTIVITY,-83,1
TXN250115ENDZ15,CDR202600051774,REVERSE,-546,1
TXN2507208ZF9KZ,CDR202600051778,SENDER_OUTGOING_ACTIVITY,-42,1
ATM251207LONBO5,CDR202600051831,RECEIVER_OUTGOING_ACTIVITY,-143,1
ATM250802KI710J,CDR202600051851,RECEIVER_INCOMING_ACTIVITY,47,1
TXN250612A0A95M,CDR202600051854,SENDER_INCOMING_ACTIVITY,-37,1
TXN250521ZWLZFZ,CDR202600051857,SENDER_INCOMING_ACTIVITY,846,1
ATM2510031YSU64,CDR202600051864,SENDER_INCOMING_ACTIVITY,34,1
UPI250907WPN65A,CDR202600051883,RECEIVER_OUTGOING_ACTIVITY,-1718,1
UPI250718YLU2VA,CDR202600051904,DIRECT,38,1
UPI250719IFIB4I,CDR202600051919,DIRECT,208,1
TXN2507237B44XK,CDR202600051926,RECEIVER_INCOMING_ACTIVITY,-19,1
ATM2511222EGHUU,CDR202600051938,SENDER_INCOMING_ACTIVITY,33,1
UPI2512183JSFTD,CDR202600051965,RECEIVER_OUTGOING_ACTIVITY,-49,1
UPI251205AFMI64,CDR202600051978,SENDER_INCOMING_ACTIVITY,57,1
ATM250413OLLJNI,CDR202600051990,DIRECT,-726,1
UPI250621FWN7HS,CDR202600052001,DIRECT,43,1
UPI250103GKZJRU,CDR202600052002,DIRECT,-45,1
ATM250916IPHIWX,CDR202600052004,SENDER_OUTGOING_ACTIVITY,-898,1
TXN250205ZI08HO,CDR202600052015,RECEIVER_INCOMING_ACTIVITY,-8,1
UPI2512274GUTUW,CDR202600052020,RECEIVER_OUTGOING_ACTIVITY,770,1
ATM250923BNF4EX,CDR202600052040,RECEIVER_OUTGOING_ACTIVITY,-5,1
TXN251103M7ILRS,CDR202600052049,DIRECT,-260,1
TXN251113XNDKXG,CDR202600052068,DIRECT,-34,1
ATM2506055F8Z5H,CDR202600052089,DIRECT,-30,1
UPI251231KAIVSQ,CDR202600052096,SENDER_OUTGOING_ACTIVITY,-701,1
ATM250718RYYQ8N,CDR202600052097,REVERSE,34,1
TXN251113PLWKXD,CDR202600052103,REVERSE,66,1
UPI250611Y95Y58,CDR202600052111,DIRECT,-154,1
UPI250105VZL5UQ,CDR202600052116,DIRECT,-175,1
UPI250911518NWJ,CDR202600052120,DIRECT,29,1
IMPS250202L6K8OE,CDR202600052128,DIRECT,-48,1
TXN2512102NTIS8,CDR202600052135,DIRECT,1369,1
UPI250713F0I1JA,CDR202600052140,REVERSE,-120,1
ATM250629NP3LMS,CDR202600052155,RECEIVER_INCOMING_ACTIVITY,84,1
TXN2507053YPJKG,CDR202600052158,SENDER_OUTGOING_ACTIVITY,-177,1
ATM2503264ARMSY,CDR202600052163,SENDER_INCOMING_ACTIVITY,41,1
IMPS250611DIF7UA,CDR202600052164,RECEIVER_INCOMING_ACTIVITY,-27,1
ATM250503LQMYD9,CDR202600052169,DIRECT,-279,1
TXN251117EO7I66,CDR202600052170,DIRECT,26,1
TXN250314NJ2EAT,CDR202600052185,DIRECT,-130,1
UPI2507265AGK3Y,CDR202600052188,DIRECT,32,1
ATM250514K5OBO9,CDR202600052189,DIRECT,160,1
ATM250821LD9YCF,CDR202600052193,DIRECT,28,1
ATM251219UA7L7X,CDR202600052207,DIRECT,58,1
ATM250809TZKTBG,CDR202600052209,REVERSE,-129,1
ATM250510FGFXPY,CDR202600052218,SENDER_INCOMING_ACTIVITY,-1262,1
TXN250712RSU3EP,CDR202600052221,SENDER_INCOMING_ACTIVITY,610,1
UPI250507B435WB,CDR202600052223,SENDER_OUTGOING_ACTIVITY,558,1
ATM250829ZY4FEL,CDR202600052252,SENDER_INCOMING_ACTIVITY,-320,1
TXN251011ERYJV7,CDR202600052254,DIRECT,-575,1
UPI250426J42S1L,CDR202600052261,SENDER_INCOMING_ACTIVITY,-801,1
ATM250929965CGG,CDR202600052288,SENDER_OUTGOING_ACTIVITY,-52,1
TXN250723CMOZ4C,CDR202600052291,RECEIVER_INCOMING_ACTIVITY,54,1
UPI251130LBZD13,CDR202600052295,RECEIVER_OUTGOING_ACTIVITY,-32,1
UPI250701MK7A17,CDR202600052329,RECEIVER_OUTGOING_ACTIVITY,-185,1
UPI250222Z8NG72,CDR202600052336,DIRECT,78,1
ATM250613VZ5BFV,CDR202600052337,RECEIVER_OUTGOING_ACTIVITY,-28,1
ATM250111DPGAH3,CDR202600052351,RECEIVER_OUTGOING_ACTIVITY,-449,1
ATM251102R5XUUM,CDR202600052364,DIRECT,-300,1
TXN250729TROKUT,CDR202600052365,RECEIVER_INCOMING_ACTIVITY,-894,1
UPI250421YPF8HK,CDR202600052385,RECEIVER_OUTGOING_ACTIVITY,62,1
UPI25120901739F,CDR202600052405,SENDER_INCOMING_ACTIVITY,-144,1
TXN250503HOIMFF,CDR202600052415,SENDER_OUTGOING_ACTIVITY,770,1
ATM250411SA41OP,CDR202600052434,REVERSE,731,1
UPI250106NJKHVY,CDR202600052435,DIRECT,925,1
UPI250426WFHBMU,CDR202600052450,REVERSE,205,1
ATM2511151E6HMG,CDR202600052457,SENDER_INCOMING_ACTIVITY,-48,1
ATM251217ADIKV4,CDR202600052488,RECEIVER_OUTGOING_ACTIVITY,8,1
UPI2510176BKWPW,CDR202600052489,RECEIVER_INCOMING_ACTIVITY,4,1
ATM250407ALASKR,CDR202600052507,DIRECT,-89,1
ATM25112598206Z,CDR202600052521,DIRECT,54,1
UPI250803ZHFUTL,CDR202600052549,SENDER_OUTGOING_ACTIVITY,-29,1
IMPS250604LAEEX5,CDR202600052557,DIRECT,-583,1
UPI250102I0D4DM,CDR202600052567,DIRECT,-66,1
TXN250309EBVMXS,CDR202600052582,SENDER_OUTGOING_ACTIVITY,-1685,1
ATM250609SCL7O4,CDR202600052594,REVERSE,678,1
UPI251008Z70DC8,CDR202600052598,RECEIVER_INCOMING_ACTIVITY,894,1
TXN250219FEOV5H,CDR202600052602,SENDER_INCOMING_ACTIVITY,1081,1
ATM25070455H1JU,CDR202600052617,SENDER_OUTGOING_ACTIVITY,-153,1
ATM251016TSO0U6,CDR202600052625,REVERSE,-140,1
UPI2510292D6GS1,CDR202600052627,REVERSE,34,1
TXN2506139SM2DQ,CDR202600052637,SENDER_INCOMING_ACTIVITY,276,1
TXN250825EKLK8T,CDR202600052651,DIRECT,40,1
ATM250211UA30NK,CDR202600052659,REVERSE,-398,1
ATM2509093MW16Y,CDR202600052670,SENDER_INCOMING_ACTIVITY,927,1
UPI2504146XVEO4,CDR202600052686,RECEIVER_OUTGOING_ACTIVITY,-62,1
TXN250523TGFYLM,CDR202600052689,REVERSE,-712,1
UPI2506010NQDTT,CDR202600052700,SENDER_INCOMING_ACTIVITY,-2,1
ATM251024TEMB2X,CDR202600052730,RECEIVER_INCOMING_ACTIVITY,2,1
IMPS2502141EY2WD,CDR202600052734,DIRECT,-20,1
ATM250204QOYSLM,CDR202600052786,DIRECT,-421,1
IMPS25060886HM8O,CDR202600052787,SENDER_OUTGOING_ACTIVITY,-1187,1
ATM250517Z0Y2WJ,CDR202600052789,RECEIVER_INCOMING_ACTIVITY,-191,1
IMPS250116C5XIUI,CDR202600052796,DIRECT,-736,1
TXN25060467U2NZ,CDR202600052844,REVERSE,-199,1
ATM250304ECW1SV,CDR202600052852,RECEIVER_INCOMING_ACTIVITY,-91,1
ATM250531WHHEN9,CDR202600052864,REVERSE,5,1
UPI25021462NXL5,CDR202600052883,SENDER_INCOMING_ACTIVITY,432,1
TXN250519TWDVNH,CDR202600052895,SENDER_OUTGOING_ACTIVITY,-166,1
ATM250929AO99OK,CDR202600052897,SENDER_OUTGOING_ACTIVITY,-835,1
IMPS250914NZRMOW,CDR202600052985,DIRECT,-1475,1
UPI251015X4TZLV,CDR202600052999,SENDER_INCOMING_ACTIVITY,1752,1
TXN250317AGLKGY,CDR202600053012,SENDER_INCOMING_ACTIVITY,-1565,1
ATM2503181HTTK1,CDR202600053017,DIRECT,-145,1
UPI25010939MXFG,CDR202600053026,RECEIVER_OUTGOING_ACTIVITY,-1415,1
IMPS250207OJ3OXE,CDR202600053027,DIRECT,620,1
TXN250619REZ7NP,CDR202600053030,DIRECT,-808,1
UPI2510126VISUG,CDR202600053051,SENDER_OUTGOING_ACTIVITY,511,1
UPI250517Z18TAQ,CDR202600053074,REVERSE,-215,1
UPI250721TOYS3A,CDR202600053093,DIRECT,-6,1
ATM251009QHGURT,CDR202600053123,REVERSE,229,1
UPI250929LZQ62X,CDR202600053140,RECEIVER_OUTGOING_ACTIVITY,54,1
ATM250311XZ9N42,CDR202600053145,DIRECT,1672,1
ATM2510091AXCXM,CDR202600053157,RECEIVER_OUTGOING_ACTIVITY,137,1
UPI2504199VNM99,CDR202600053164,SENDER_OUTGOING_ACTIVITY,-181,1
TXN250301MDZKGW,CDR202600053199,SENDER_OUTGOING_ACTIVITY,317,1
TXN2509184I9YSF,CDR202600053205,RECEIVER_INCOMING_ACTIVITY,152,1
UPI2503169DLITF,CDR202600053211,SENDER_OUTGOING_ACTIVITY,175,1
UPI250904YRKA9D,CDR202600053214,DIRECT,796,1
ATM2510184L0DD6,CDR202600053219,RECEIVER_OUTGOING_ACTIVITY,693,1
UPI250113F6VZCR,CDR202600053227,REVERSE,45,1
TXN250227RWOJZW,CDR202600053238,RECEIVER_OUTGOING_ACTIVITY,-63,1
ATM250528B9UZZ0,CDR202600053250,DIRECT,-54,1
ATM251217LTCFE2,CDR202600053256,DIRECT,-147,1
IMPS250124X3N5H4,CDR202600053259,DIRECT,-123,1
UPI2504293QIIHV,CDR202600053260,DIRECT,168,1
UPI250220XCUPYO,CDR202600053267,RECEIVER_OUTGOING_ACTIVITY,893,1
TXN2511044CDXNT,CDR202600053287,SENDER_INCOMING_ACTIVITY,244,1
ATM25041310BFUQ,CDR202600053288,SENDER_INCOMING_ACTIVITY,26,1
ATM250201OBWE7K,CDR202600053292,RECEIVER_OUTGOING_ACTIVITY,-19,1
UPI250206QO00Z5,CDR202600053301,SENDER_INCOMING_ACTIVITY,15,1
UPI250416YDU46W,CDR202600053343,SENDER_OUTGOING_ACTIVITY,1161,1
IMPS2510036MIB83,CDR202600053351,REVERSE,-537,1
TXN250803L4Y7X6,CDR202600053353,RECEIVER_INCOMING_ACTIVITY,15,1
UPI25110880LQ22,CDR202600053377,SENDER_OUTGOING_ACTIVITY,-772,1
IMPS250305KB2XLS,CDR202600053379,SENDER_INCOMING_ACTIVITY,-200,1
ATM250719LOW4UF,CDR202600053383,DIRECT,-15,1
TXN250630K4UOTH,CDR202600053407,REVERSE,224,1
ATM2506149TX5SM,CDR202600053431,RECEIVER_OUTGOING_ACTIVITY,-192,1
ATM250523GVBABH,CDR202600053447,DIRECT,148,1
ATM250629PMSO8F,CDR202600053461,REVERSE,-1014,1
UPI25122097CMYZ,CDR202600053470,DIRECT,101,1
ATM250207H0CZSC,CDR202600053476,SENDER_OUTGOING_ACTIVITY,-266,1
UPI2501202L1D5V,CDR202600053515,DIRECT,-1102,1
TXN250301HDPGQJ,CDR202600053542,RECEIVER_INCOMING_ACTIVITY,499,1
UPI250328GWIMAC,CDR202600053559,RECEIVER_OUTGOING_ACTIVITY,293,1
ATM250831NEGJ3V,CDR202600053563,SENDER_INCOMING_ACTIVITY,-33,1
TXN250609CFWFDA,CDR202600053576,RECEIVER_INCOMING_ACTIVITY,51,1
TXN250629ND2268,CDR202600053604,SENDER_INCOMING_ACTIVITY,1614,1
TXN250425UF3RM4,CDR202600053605,DIRECT,-844,1
UPI251116S6TNHJ,CDR202600053617,DIRECT,870,1
UPI251025W96QC0,CDR202600053621,DIRECT,35,1
UPI2512250NF0VB,CDR202600053632,SENDER_OUTGOING_ACTIVITY,205,1
ATM25011852LVFK,CDR202600053639,DIRECT,560,1
TXN250922946E0E,CDR202600053644,DIRECT,53,1
ATM250925R6VSXI,CDR202600053648,DIRECT,-904,1
TXN250107HEXANV,CDR202600053677,RECEIVER_OUTGOING_ACTIVITY,613,1
ATM250326AVEJ8D,CDR202600053684,DIRECT,-140,1
UPI250215S42BKO,CDR202600053696,DIRECT,-41,1
UPI2508026PS763,CDR202600053712,DIRECT,-3,1
TXN2506204ZQHYZ,CDR202600053736,SENDER_INCOMING_ACTIVITY,-64,1
UPI2504141VRQ3L,CDR202600053750,REVERSE,-280,1
TXN25020383ZCGB,CDR202600053756,DIRECT,-264,1
UPI250112TL991K,CDR202600053771,DIRECT,-49,1
ATM250307MMIUZH,CDR202600053779,DIRECT,-433,1
UPI251029DRSJ6T,CDR202600053803,DIRECT,4,1
ATM250528BW0CPR,CDR202600053817,RECEIVER_INCOMING_ACTIVITY,-567,1
TXN251104UQYSW7,CDR202600053823,REVERSE,-279,1
ATM250312DR3CM4,CDR202600053869,SENDER_OUTGOING_ACTIVITY,-749,1
ATM250109FMTCP2,CDR202600053870,RECEIVER_INCOMING_ACTIVITY,66,1
ATM2511296CQ9LE,CDR202600053873,DIRECT,546,1
UPI250702DVS849,CDR202600053889,SENDER_INCOMING_ACTIVITY,5,1
UPI251210XHBBDQ,CDR202600053920,DIRECT,27,1
ATM251118D4T7EV,CDR202600053940,RECEIVER_OUTGOING_ACTIVITY,1168,1
ATM25070596B6UN,CDR202600053958,SENDER_OUTGOING_ACTIVITY,39,1
TXN250622HKC1M6,CDR202600053999,DIRECT,730,1
ATM250711K284LX,CDR202600054011,SENDER_OUTGOING_ACTIVITY,-31,1
TXN2510259KIXIW,CDR202600054012,REVERSE,865,1
ATM250531SMYS21,CDR202600054038,SENDER_INCOMING_ACTIVITY,-59,1
ATM2507147UIYQF,CDR202600054042,RECEIVER_OUTGOING_ACTIVITY,-1057,1
UPI250222RQ7424,CDR202600054059,SENDER_INCOMING_ACTIVITY,-48,1
ATM250715MV0YTE,CDR202600054065,SENDER_OUTGOING_ACTIVITY,698,1
UPI250220Q85YZN,CDR202600054069,SENDER_INCOMING_ACTIVITY,-48,1
TXN250127SE0I7K,CDR202600054074,DIRECT,-264,1
ATM251224TR4RXV,CDR202600054088,DIRECT,-276,1
IMPS250627ICXHX7,CDR202600054120,RECEIVER_INCOMING_ACTIVITY,-228,1
TXN250307IMBT4Q,CDR202600054128,RECEIVER_INCOMING_ACTIVITY,-146,1
ATM250925XCKTIW,CDR202600054154,RECEIVER_INCOMING_ACTIVITY,10,1
ATM2502057PSLKI,CDR202600054164,RECEIVER_INCOMING_ACTIVITY,-458,1
ATM251216BI0NLU,CDR202600054180,SENDER_OUTGOING_ACTIVITY,-266,1
ATM250225P8NLVC,CDR202600054184,RECEIVER_INCOMING_ACTIVITY,-750,1
ATM25110507N1AE,CDR202600054190,DIRECT,1122,1
ATM250614KGKIC8,CDR202600054206,DIRECT,282,1
UPI251010N03DX7,CDR202600054221,REVERSE,-234,1
TXN251116CK1WF3,CDR202600054226,REVERSE,-13,1
UPI25091964GEHD,CDR202600054257,SENDER_OUTGOING_ACTIVITY,-59,1
UPI251012XAXEGT,CDR202600054259,SENDER_OUTGOING_ACTIVITY,34,1
ATM250707VBIQ37,CDR202600054266,DIRECT,-804,1
UPI251201AH0GB6,CDR202600054274,SENDER_OUTGOING_ACTIVITY,68,1
IMPS251125HSJ9IL,CDR202600054300,RECEIVER_INCOMING_ACTIVITY,566,1
UPI250110391S81,CDR202600054308,SENDER_OUTGOING_ACTIVITY,-1647,1
UPI250909ORKM3T,CDR202600054314,DIRECT,-196,1
ATM251123NFT85V,CDR202600054315,REVERSE,69,1
UPI250518GYJCA0,CDR202600054332,DIRECT,-265,1
UPI251120QIBRG2,CDR202600054337,DIRECT,-997,1
ATM250830KVIIAS,CDR202600054377,SENDER_INCOMING_ACTIVITY,-165,1
ATM250227KJ7FN7,CDR202600054392,REVERSE,-57,1
IMPS250608Y75H7O,CDR202600054433,REVERSE,132,1
UPI251221KPK9G7,CDR202600054440,SENDER_INCOMING_ACTIVITY,-300,1
UPI250204IHWHD2,CDR202600054445,DIRECT,104,1
ATM250521JW23AM,CDR202600054460,REVERSE,-376,1
UPI250708E332M2,CDR202600054493,DIRECT,-6,1
ATM250824A0WNFO,CDR202600054510,REVERSE,214,1
TXN250416P0ZA28,CDR202600054543,SENDER_OUTGOING_ACTIVITY,141,1
ATM250212VZ809B,CDR202600054558,SENDER_OUTGOING_ACTIVITY,-171,1
UPI250511DT7H53,CDR202600054567,DIRECT,-314,1
ATM250725FCXJVQ,CDR202600054572,DIRECT,-59,1
TXN251107YDJ7QL,CDR202600054579,DIRECT,-177,1
TXN250218V5B9R7,CDR202600054595,DIRECT,155,1
TXN250611ISRTK4,CDR202600054605,DIRECT,-551,1
ATM250713PBNXVA,CDR202600054624,RECEIVER_INCOMING_ACTIVITY,-18,1
IMPS250501F9CYSK,CDR202600054626,RECEIVER_OUTGOING_ACTIVITY,304,1
ATM250115Z1ZEAA,CDR202600054629,DIRECT,-37,1
ATM250211N6TOPZ,CDR202600054663,DIRECT,-44,1
TXN2503132Y3VF2,CDR202600054667,RECEIVER_INCOMING_ACTIVITY,-561,1
UPI250722NA1044,CDR202600054683,DIRECT,170,1
UPI251210NGIQZO,CDR202600054691,SENDER_INCOMING_ACTIVITY,488,1
UPI25021800NIFS,CDR202600054697,DIRECT,1171,1
UPI250818W9D9LL,CDR202600054725,DIRECT,-46,1
TXN250507BGXWDE,CDR202600054768,RECEIVER_OUTGOING_ACTIVITY,-26,1
ATM2506251WSZS7,CDR202600054770,REVERSE,-170,1
TXN2504274TY2NH,CDR202600054772,SENDER_INCOMING_ACTIVITY,1620,1
TXN250907R3HXFG,CDR202600054788,REVERSE,-47,1
ATM251010FHI2AJ,CDR202600054818,SENDER_INCOMING_ACTIVITY,-92,1
UPI2506026EB7EP,CDR202600054821,SENDER_INCOMING_ACTIVITY,55,1
UPI250327NBHBMB,CDR202600054858,DIRECT,107,1
TXN250612WZKIEI,CDR202600054873,SENDER_OUTGOING_ACTIVITY,-18,1
ATM250715SOZ7WL,CDR202600054874,DIRECT,61,1
TXN2509111PEZYQ,CDR202600054884,SENDER_OUTGOING_ACTIVITY,209,1
ATM250428ILPL55,CDR202600054888,RECEIVER_OUTGOING_ACTIVITY,681,1
ATM251213C61RGW,CDR202600054897,DIRECT,275,1
ATM250305UFH6GS,CDR202600054910,SENDER_OUTGOING_ACTIVITY,-1687,1
ATM2504094JLBFK,CDR202600054921,RECEIVER_OUTGOING_ACTIVITY,-472,1
UPI250714MUXGEO,CDR202600054924,REVERSE,-231,1
TXN2501147WICFM,CDR202600054926,DIRECT,-296,1
ATM251225GHE75X,CDR202600054935,SENDER_INCOMING_ACTIVITY,-21,1
ATM2510052MY50B,CDR202600054946,REVERSE,876,1
TXN250129SDC4C6,CDR202600054948,RECEIVER_INCOMING_ACTIVITY,-130,1
IMPS25110950DUB8,CDR202600054973,RECEIVER_INCOMING_ACTIVITY,22,1
UPI250510EXLPXR,CDR202600054977,SENDER_OUTGOING_ACTIVITY,51,1
UPI250721AGUNQ3,CDR202600054981,DIRECT,-100,1
ATM250906QE44N5,CDR202600054984,SENDER_INCOMING_ACTIVITY,1,1
UPI251004NIMWQS,CDR202600054989,REVERSE,771,1
TXN250102MNTFK7,CDR202600054995,SENDER_OUTGOING_ACTIVITY,-131,1
ATM250126155TQO,CDR202600055023,REVERSE,632,1
ATM250608LYIGNK,CDR202600055040,DIRECT,-1590,1
ATM2510023KS93X,CDR202600055043,DIRECT,848,1
ATM2507039S04VO,CDR202600055061,RECEIVER_OUTGOING_ACTIVITY,-293,1
UPI250609JK5TGX,CDR202600055074,RECEIVER_OUTGOING_ACTIVITY,1066,1
IMPS250324GTLVSK,CDR202600055092,SENDER_OUTGOING_ACTIVITY,-185,1
ATM2503243DB8K8,CDR202600055104,SENDER_INCOMING_ACTIVITY,847,1
TXN2501193W9KS8,CDR202600055152,SENDER_OUTGOING_ACTIVITY,-21,1
UPI2512232C1FAZ,CDR202600055153,DIRECT,5,1
ATM250709AQHGNY,CDR202600055166,SENDER_OUTGOING_ACTIVITY,-897,1
ATM2505282AKFRN,CDR202600055173,REVERSE,769,1
UPI25120181W3KG,CDR202600055175,REVERSE,-166,1
TXN250113ZKEHL3,CDR202600055199,SENDER_OUTGOING_ACTIVITY,52,1
TXN2509113CFJDC,CDR202600055201,SENDER_INCOMING_ACTIVITY,814,1
TXN250301Y3XBHR,CDR202600055227,DIRECT,2,1
UPI250208IEZUSD,CDR202600055237,RECEIVER_INCOMING_ACTIVITY,-515,1
ATM250709CNGXXF,CDR202600055246,REVERSE,-579,1
TXN250906IDDK30,CDR202600055252,SENDER_INCOMING_ACTIVITY,285,1
ATM250711URFVUI,CDR202600055268,DIRECT,344,1
TXN251205NDL812,CDR202600055296,DIRECT,-234,1
TXN251001MAABL7,CDR202600055332,RECEIVER_INCOMING_ACTIVITY,282,1
UPI2505290NOBK9,CDR202600055333,RECEIVER_OUTGOING_ACTIVITY,-56,1
ATM250808OU47O9,CDR202600055356,DIRECT,-339,1
ATM250414Q6HK8P,CDR202600055369,DIRECT,535,1
ATM2504120C13S4,CDR202600055410,RECEIVER_INCOMING_ACTIVITY,1352,1
IMPS2508089RTB7K,CDR202600055414,DIRECT,39,1
UPI250702ALWC2A,CDR202600055421,REVERSE,41,1
IMPS2512301SRK5V,CDR202600055430,SENDER_OUTGOING_ACTIVITY,-140,1
TXN251010E237UA,CDR202600055505,DIRECT,-736,1
TXN250303EH9M9F,CDR202600055509,DIRECT,-167,1
IMPS250111A1HB1V,CDR202600055517,DIRECT,260,1
UPI250624CSUAFI,CDR202600055527,DIRECT,-20,1
ATM25090484V6PK,CDR202600055538,SENDER_INCOMING_ACTIVITY,148,1
ATM250708NV35JP,CDR202600055539,SENDER_OUTGOING_ACTIVITY,39,1
ATM2509196ZEDOW,CDR202600055605,DIRECT,58,1
UPI2507189QEZGL,CDR202600055614,DIRECT,187,1
UPI250905BLJKRB,CDR202600055617,REVERSE,-1402,1
ATM250329SSIVN1,CDR202600055622,DIRECT,-108,1
UPI250519DBAORY,CDR202600055632,SENDER_INCOMING_ACTIVITY,-159,1
ATM251022IFDZBH,CDR202600055642,SENDER_INCOMING_ACTIVITY,-1289,1
ATM250115FZOD7E,CDR202600055673,RECEIVER_INCOMING_ACTIVITY,180,1
ATM250812V5DL67,CDR202600055678,SENDER_OUTGOING_ACTIVITY,81,1
UPI2512160SESRG,CDR202600055680,RECEIVER_INCOMING_ACTIVITY,244,1
ATM250507H8OLGO,CDR202600055694,DIRECT,611,1
ATM2504034ZXMA3,CDR202600055697,REVERSE,-46,1
ATM250622UOADJS,CDR202600055708,SENDER_INCOMING_ACTIVITY,-2,1
ATM250327SSNTIV,CDR202600055709,DIRECT,-34,1
TXN250601BR1XPM,CDR202600055716,RECEIVER_INCOMING_ACTIVITY,112,1
ATM251223206A4B,CDR202600055726,SENDER_INCOMING_ACTIVITY,122,1
ATM250830O3ZK95,CDR202600055735,REVERSE,-232,1
IMPS2504210DJW2R,CDR202600055741,DIRECT,195,1
UPI251110HPGJGW,CDR202600055747,SENDER_OUTGOING_ACTIVITY,-19,1
ATM250926AQCD7O,CDR202600055755,RECEIVER_INCOMING_ACTIVITY,-167,1
TXN250407ES0BLX,CDR202600055767,DIRECT,52,1
UPI25033067GDQL,CDR202600055769,REVERSE,292,1
UPI25092680C3UN,CDR202600055776,SENDER_INCOMING_ACTIVITY,26,1
ATM250415R4WO3B,CDR202600055859,RECEIVER_OUTGOING_ACTIVITY,212,1
ATM250520LUE4HT,CDR202600055869,DIRECT,300,1
TXN250409N1BIU9,CDR202600055887,REVERSE,-123,1
UPI251105O13ZNH,CDR202600055888,DIRECT,-24,1
ATM251227C35TWN,CDR202600055892,SENDER_OUTGOING_ACTIVITY,50,1
UPI250310ULCZO4,CDR202600055894,RECEIVER_INCOMING_ACTIVITY,178,1
UPI250331YRPEAE,CDR202600055898,RECEIVER_OUTGOING_ACTIVITY,112,1
TXN251118A4NYMB,CDR202600055903,DIRECT,-22,1
TXN251110YHP4HR,CDR202600055914,RECEIVER_INCOMING_ACTIVITY,-346,1
TXN251003XGH3PH,CDR202600055942,SENDER_INCOMING_ACTIVITY,-268,1
ATM251025IO6EW6,CDR202600055946,REVERSE,-31,1
ATM250905W9UNGM,CDR202600055951,SENDER_OUTGOING_ACTIVITY,356,1
TXN250403ICZAT0,CDR202600055982,REVERSE,-31,1
TXN250628QONIY1,CDR202600055993,SENDER_OUTGOING_ACTIVITY,-704,1
TXN251020DL8A0A,CDR202600056021,RECEIVER_OUTGOING_ACTIVITY,246,1
UPI2509306VA7AH,CDR202600056027,REVERSE,560,1
TXN25061684HBQA,CDR202600056040,SENDER_OUTGOING_ACTIVITY,1591,1
ATM2503029J9KF8,CDR202600056049,DIRECT,-363,1
ATM251203I73Z0M,CDR202600056057,RECEIVER_OUTGOING_ACTIVITY,-259,1
TXN2511050IQRD6,CDR202600056066,SENDER_OUTGOING_ACTIVITY,8,1
UPI2501221TDC0X,CDR202600056081,SENDER_OUTGOING_ACTIVITY,73,1
ATM250616KG0W2G,CDR202600056083,RECEIVER_OUTGOING_ACTIVITY,202,1
ATM250624NQXBDG,CDR202600056095,DIRECT,298,1
TXN2511174IIOM7,CDR202600056102,SENDER_INCOMING_ACTIVITY,-153,1
UPI250601TNWW8E,CDR202600056118,DIRECT,-162,1
ATM250306Z44FVC,CDR202600056121,DIRECT,-125,1
ATM250705CIY6QE,CDR202600056125,DIRECT,-44,1
ATM250701IDYS0B,CDR202600056150,SENDER_INCOMING_ACTIVITY,-628,1
ATM250909L74M3Z,CDR202600056154,DIRECT,16,1
UPI2503217XPE49,CDR202600056175,DIRECT,-87,1
ATM251113OB5E3Z,CDR202600056194,DIRECT,173,1
TXN251016AB4UV5,CDR202600056208,DIRECT,-435,1
UPI250118FL5GYB,CDR202600056212,REVERSE,-34,1
ATM250601M5MGEN,CDR202600056213,DIRECT,44,1
ATM251220KTNMRU,CDR202600056215,SENDER_INCOMING_ACTIVITY,833,1
TXN250324GZDT4H,CDR202600056276,DIRECT,-30,1
TXN251121TYNW1R,CDR202600056288,RECEIVER_OUTGOING_ACTIVITY,-80,1
UPI250729RQANHJ,CDR202600056308,RECEIVER_INCOMING_ACTIVITY,1095,1
IMPS250106BZNMTR,CDR202600056330,DIRECT,-44,1
TXN250107ZVGIMR,CDR202600056336,RECEIVER_OUTGOING_ACTIVITY,-233,1
ATM251011WBVCBC,CDR202600056338,SENDER_OUTGOING_ACTIVITY,70,1
UPI250402G3IXI7,CDR202600056340,REVERSE,175,1
UPI251128DTVL3N,CDR202600056349,SENDER_INCOMING_ACTIVITY,169,1
TXN2502015H1LSK,CDR202600056381,SENDER_OUTGOING_ACTIVITY,-632,1
ATM250208GFD1TI,CDR202600056418,SENDER_INCOMING_ACTIVITY,574,1
UPI2501028MTK0R,CDR202600056452,SENDER_OUTGOING_ACTIVITY,114,1
TXN25032604CSR0,CDR202600056462,RECEIVER_OUTGOING_ACTIVITY,694,1
ATM250528SOY2WE,CDR202600056486,SENDER_OUTGOING_ACTIVITY,266,1
ATM250825RB880U,CDR202600056491,SENDER_OUTGOING_ACTIVITY,-18,1
TXN250505SCDWXU,CDR202600056502,RECEIVER_INCOMING_ACTIVITY,154,1
ATM250708K2LGWX,CDR202600056515,SENDER_OUTGOING_ACTIVITY,28,1
ATM250126NPV9UM,CDR202600056532,REVERSE,-702,1
ATM2504180KT8BI,CDR202600056582,DIRECT,-57,1
ATM250131T396QB,CDR202600056605,SENDER_OUTGOING_ACTIVITY,-3,1
IMPS2504144IOPOI,CDR202600056608,SENDER_INCOMING_ACTIVITY,-19,1
TXN250201F0TGFZ,CDR202600056613,SENDER_INCOMING_ACTIVITY,51,1
UPI251218TKPXS0,CDR202600056622,SENDER_OUTGOING_ACTIVITY,-201,1
TXN250821R664JU,CDR202600056642,SENDER_OUTGOING_ACTIVITY,1636,1
ATM25031658EADJ,CDR202600056668,DIRECT,126,1
UPI251225QFPZC4,CDR202600056674,DIRECT,-3,1
UPI2512291B1MRA,CDR202600056676,SENDER_INCOMING_ACTIVITY,-3,1
TXN250107YYWZL0,CDR202600056682,DIRECT,-53,1
ATM251010ZDL2MS,CDR202600056684,DIRECT,-59,1
IMPS250506H3DGKH,CDR202600056696,SENDER_OUTGOING_ACTIVITY,754,1
UPI2505216IZUJ7,CDR202600056697,DIRECT,-563,1
ATM25040495ORX6,CDR202600056699,DIRECT,798,1
TXN251115Q96AV7,CDR202600056702,SENDER_INCOMING_ACTIVITY,1060,1
IMPS250311FAO8IX,CDR202600056729,REVERSE,220,1
TXN251119VQIKIW,CDR202600056736,RECEIVER_OUTGOING_ACTIVITY,14,1
UPI2509100GTTN3,CDR202600056740,RECEIVER_INCOMING_ACTIVITY,-4,1
TXN2512170NUXRY,CDR202600056772,DIRECT,444,1
UPI250306M3ZZ61,CDR202600056780,DIRECT,99,1
ATM251209H35T4U,CDR202600056783,RECEIVER_OUTGOING_ACTIVITY,-389,1
UPI250919NH4F3N,CDR202600056801,SENDER_OUTGOING_ACTIVITY,1560,1
UPI250417EGO525,CDR202600056805,DIRECT,-27,1
ATM250814PW836P,CDR202600056811,DIRECT,847,1
ATM251227A4YV95,CDR202600056813,REVERSE,1500,1
ATM25052175JFFY,CDR202600056839,DIRECT,-224,1
ATM2503268H374D,CDR202600056843,SENDER_OUTGOING_ACTIVITY,1,1
ATM250817878JZT,CDR202600056844,RECEIVER_INCOMING_ACTIVITY,97,1
ATM250928D4RVXV,CDR202600056852,SENDER_OUTGOING_ACTIVITY,-404,1
ATM250208DTDZOT,CDR202600056854,SENDER_INCOMING_ACTIVITY,-29,1
ATM2501026GMDRD,CDR202600056899,DIRECT,53,1
UPI2505065UWQ3Z,CDR202600056920,DIRECT,320,1
TXN251101UU2379,CDR202600056921,DIRECT,-27,1
UPI250926XX409Z,CDR202600056929,RECEIVER_INCOMING_ACTIVITY,13,1
ATM250728ENEASQ,CDR202600056943,DIRECT,1331,1
TXN251103IPO3ER,CDR202600056949,RECEIVER_OUTGOING_ACTIVITY,42,1
ATM250813W6X7OK,CDR202600056956,DIRECT,-8,1
UPI251126RM7MIC,CDR202600056959,RECEIVER_INCOMING_ACTIVITY,-105,1
IMPS250126L1W150,CDR202600056975,REVERSE,249,1
TXN251024G8IBQZ,CDR202600056986,DIRECT,-588,1
ATM251030YQ5IY3,CDR202600056990,DIRECT,-70,1
ATM250401XLV59K,CDR202600057006,RECEIVER_OUTGOING_ACTIVITY,-11,1
TXN250818IMAK0E,CDR202600057016,SENDER_OUTGOING_ACTIVITY,1150,1
ATM250805HORCZO,CDR202600057022,SENDER_OUTGOING_ACTIVITY,-144,1
TXN250728ORWW77,CDR202600057025,RECEIVER_OUTGOING_ACTIVITY,-676,1
ATM250106V6LRLW,CDR202600057026,SENDER_INCOMING_ACTIVITY,807,1
UPI250929UTSS9B,CDR202600057030,SENDER_OUTGOING_ACTIVITY,140,1
UPI25112405ISA5,CDR202600057045,DIRECT,1517,1
ATM250423D0QCLC,CDR202600057083,RECEIVER_INCOMING_ACTIVITY,866,1
ATM250730UN5VN4,CDR202600057088,RECEIVER_INCOMING_ACTIVITY,-316,1
ATM250914WTRR3O,CDR202600057129,DIRECT,2,1
ATM250910L8WV1W,CDR202600057148,REVERSE,-324,1
UPI250530R6D18L,CDR202600057151,SENDER_INCOMING_ACTIVITY,349,1
ATM250603LD6I9U,CDR202600057175,RECEIVER_OUTGOING_ACTIVITY,-152,1
UPI2512082N9D52,CDR202600057176,DIRECT,-792,1
UPI250829SN4CK7,CDR202600057179,DIRECT,236,1
ATM2502163U7NBS,CDR202600057198,RECEIVER_OUTGOING_ACTIVITY,312,1
ATM250821G636SO,CDR202600057199,REVERSE,154,1
TXN250424NHYFKF,CDR202600057221,RECEIVER_OUTGOING_ACTIVITY,15,1
ATM250420WC99VB,CDR202600057225,RECEIVER_INCOMING_ACTIVITY,-133,1
TXN250222GD45P5,CDR202600057234,SENDER_INCOMING_ACTIVITY,-21,1
ATM251220VNG57K,CDR202600057240,REVERSE,303,1
UPI250110KNGROJ,CDR202600057241,SENDER_INCOMING_ACTIVITY,-30,1
TXN250711ANEOI4,CDR202600057249,DIRECT,-15,1
ATM250708CNC5BL,CDR202600057277,SENDER_OUTGOING_ACTIVITY,47,1
IMPS250906HI003P,CDR202600057280,REVERSE,-210,1
UPI2509138MS8NK,CDR202600057304,DIRECT,232,1
ATM250128H9BGUG,CDR202600057306,SENDER_OUTGOING_ACTIVITY,161,1
ATM251205LHZ05D,CDR202600057308,DIRECT,112,1
TXN250705E10FSM,CDR202600057319,RECEIVER_OUTGOING_ACTIVITY,1635,1
ATM250831OQSDKY,CDR202600057328,REVERSE,-780,1
ATM250210MEAKHG,CDR202600057363,DIRECT,-77,1
UPI2504165L073T,CDR202600057381,DIRECT,289,1
UPI250829DWK30L,CDR202600057383,RECEIVER_INCOMING_ACTIVITY,-44,1
ATM250130O5RUK1,CDR202600057420,REVERSE,91,1
UPI251206WYU0FZ,CDR202600057426,DIRECT,-546,1
UPI2504202NKUX6,CDR202600057456,SENDER_OUTGOING_ACTIVITY,-81,1
UPI250205BHJ3D9,CDR202600057480,SENDER_OUTGOING_ACTIVITY,-49,1
ATM250511BA6FR7,CDR202600057491,SENDER_INCOMING_ACTIVITY,835,1
UPI2511239B0TSK,CDR202600057496,REVERSE,-262,1
TXN250202Z6ET84,CDR202600057497,SENDER_OUTGOING_ACTIVITY,100,1
ATM251024AUNMJ8,CDR202600057506,DIRECT,-202,1
UPI2512197CZV9H,CDR202600057534,REVERSE,-98,1
UPI250114ABEHAM,CDR202600057545,DIRECT,-208,1
ATM2507060PC99K,CDR202600057553,DIRECT,161,1
UPI25010737H4KY,CDR202600057558,SENDER_OUTGOING_ACTIVITY,-296,1
TXN250328M1GHF0,CDR202600057600,DIRECT,280,1
TXN250612W1PGRJ,CDR202600057605,DIRECT,-248,1
ATM250630C6N3KT,CDR202600057614,SENDER_INCOMING_ACTIVITY,-534,1
ATM250831Y4MVWH,CDR202600057623,REVERSE,35,1
ATM250317YC7Q3P,CDR202600057624,SENDER_OUTGOING_ACTIVITY,-53,1
ATM251018ALXPCD,CDR202600057626,SENDER_OUTGOING_ACTIVITY,-56,1
UPI251014MO2VKV,CDR202600057630,DIRECT,268,1
ATM250729USX2SW,CDR202600057631,SENDER_INCOMING_ACTIVITY,-832,1
TXN250105BF8W80,CDR202600057641,SENDER_OUTGOING_ACTIVITY,-36,1
UPI250422NF42HZ,CDR202600057659,SENDER_INCOMING_ACTIVITY,-714,1
UPI250712VJC0D0,CDR202600057660,RECEIVER_INCOMING_ACTIVITY,128,1
UPI250629QFWXGC,CDR202600057665,SENDER_OUTGOING_ACTIVITY,-554,1
ATM251029PSPRMB,CDR202600057700,SENDER_OUTGOING_ACTIVITY,-1116,1
UPI250628W0ALM8,CDR202600057705,DIRECT,237,1
UPI2502181LBY4C,CDR202600057712,DIRECT,-49,1
ATM250911OPXN3R,CDR202600057717,DIRECT,6,1
UPI250815BJG8XH,CDR202600057732,DIRECT,42,1
ATM250504CVXR1D,CDR202600057745,RECEIVER_INCOMING_ACTIVITY,-1415,1
TXN250310AH2KT9,CDR202600057746,REVERSE,127,1
UPI251018FJ4C3Q,CDR202600057748,DIRECT,-512,1
TXN25072860Y70S,CDR202600057759,RECEIVER_INCOMING_ACTIVITY,6,1
ATM250310U0TYA9,CDR202600057811,DIRECT,-1569,1
ATM25012235S3BZ,CDR202600057828,DIRECT,-27,1
UPI250814XB0LSB,CDR202600057846,RECEIVER_INCOMING_ACTIVITY,-248,1
TXN2504233LM9G3,CDR202600057863,SENDER_OUTGOING_ACTIVITY,-92,1
UPI251127PY56P3,CDR202600057869,SENDER_OUTGOING_ACTIVITY,-63,1
ATM250923LOVDCQ,CDR202600057872,DIRECT,-60,1
ATM2505157EE423,CDR202600057884,SENDER_INCOMING_ACTIVITY,-832,1
ATM2503061FCPR7,CDR202600057898,REVERSE,-357,1
UPI250124PTPO5E,CDR202600057941,REVERSE,404,1
ATM250412M3EHOB,CDR202600057943,DIRECT,-828,1
ATM250227CCWIRH,CDR202600057949,DIRECT,102,1
IMPS251019B8HYYZ,CDR202600057967,SENDER_INCOMING_ACTIVITY,-59,1
ATM250118HCWLML,CDR202600057992,SENDER_OUTGOING_ACTIVITY,37,1
ATM2510194Y2NU9,CDR202600058006,DIRECT,35,1
UPI250331P8VF3X,CDR202600058010,DIRECT,107,1
IMPS250806UX0KXA,CDR202600058025,DIRECT,126,1
TXN2505269J0HYE,CDR202600058026,REVERSE,71,1
IMPS250715528WS5,CDR202600058041,DIRECT,-948,1
TXN250329DCK8U7,CDR202600058069,RECEIVER_INCOMING_ACTIVITY,231,1
UPI250921M51GEF,CDR202600058093,SENDER_OUTGOING_ACTIVITY,4,1
ATM250211ENRXPR,CDR202600058108,REVERSE,-44,1
ATM250819N6SNBI,CDR202600058109,RECEIVER_OUTGOING_ACTIVITY,-1518,1
UPI2506171DJ25G,CDR202600058124,DIRECT,59,1
UPI250902A43H1M,CDR202600058144,SENDER_OUTGOING_ACTIVITY,79,1
UPI2503144442B8,CDR202600058148,DIRECT,99,1
ATM250404ZSX0RW,CDR202600058157,DIRECT,-157,1
TXN2503203RQMZL,CDR202600058162,RECEIVER_OUTGOING_ACTIVITY,440,1
UPI250305AQX4HR,CDR202600058182,DIRECT,211,1
ATM251017YL2XOA,CDR202600058197,DIRECT,-44,1
TXN250820HJFI5M,CDR202600058203,RECEIVER_OUTGOING_ACTIVITY,-40,1
UPI2508012SWRJF,CDR202600058213,REVERSE,-4,1
UPI251128VRGKLK,CDR202600058230,REVERSE,-339,1
UPI250318V7V5PV,CDR202600058233,RECEIVER_INCOMING_ACTIVITY,-1385,1
UPI2503017S81BS,CDR202600058262,SENDER_INCOMING_ACTIVITY,1510,1
ATM2504191WBQ6S,CDR202600058282,DIRECT,539,1
TXN2502244EHXC9,CDR202600058284,SENDER_OUTGOING_ACTIVITY,282,1
UPI2506151YV8D8,CDR202600058341,SENDER_INCOMING_ACTIVITY,-231,1
ATM250804QPGEIY,CDR202600058347,REVERSE,-605,1
ATM2502281ASE7G,CDR202600058364,DIRECT,15,1
UPI251004E85FJQ,CDR202600058365,DIRECT,1008,1
UPI251105EEIZ1L,CDR202600058372,RECEIVER_INCOMING_ACTIVITY,154,1
IMPS25122659VHFZ,CDR202600058375,SENDER_OUTGOING_ACTIVITY,662,1
TXN2511061P0R9D,CDR202600058377,SENDER_INCOMING_ACTIVITY,-260,1
ATM250826BRICEJ,CDR202600058395,SENDER_INCOMING_ACTIVITY,24,1
ATM250708424KWG,CDR202600058396,DIRECT,126,1
UPI251017U9WA5R,CDR202600058398,DIRECT,41,1
UPI25071570XXOZ,CDR202600058428,DIRECT,48,1
ATM2506256DH8IT,CDR202600058431,RECEIVER_OUTGOING_ACTIVITY,1,1
ATM250614KAJKCJ,CDR202600058446,SENDER_INCOMING_ACTIVITY,-169,1
UPI250831I0DKEN,CDR202600058447,SENDER_INCOMING_ACTIVITY,475,1
ATM2512262NKAX8,CDR202600058448,REVERSE,-20,1
UPI250313Y429XV,CDR202600058491,DIRECT,878,1
ATM250731386K1W,CDR202600058503,DIRECT,-87,1
ATM250316Z11OIG,CDR202600058517,SENDER_INCOMING_ACTIVITY,244,1
TXN250818AC6P08,CDR202600058518,REVERSE,-40,1
UPI250327JNFX1K,CDR202600058561,DIRECT,132,1
UPI250522EXJ998,CDR202600058567,RECEIVER_OUTGOING_ACTIVITY,215,1
UPI251230AG86JS,CDR202600058569,REVERSE,611,1
UPI25011516GQ17,CDR202600058582,DIRECT,40,1
ATM250201BQ45AD,CDR202600058602,DIRECT,-615,1
TXN250921RWFV2Y,CDR202600058622,REVERSE,878,1
ATM250628DZUMW6,CDR202600058650,DIRECT,43,1
UPI250528O7MY9B,CDR202600058665,SENDER_OUTGOING_ACTIVITY,253,1
TXN250203TIUVYC,CDR202600058671,REVERSE,-165,1
ATM250830ZYQHVZ,CDR202600058681,REVERSE,-38,1
TXN250701GQQURJ,CDR202600058696,DIRECT,-1569,1
UPI250608M2RDV0,CDR202600058701,SENDER_INCOMING_ACTIVITY,191,1
UPI2503026PHGAF,CDR202600058713,REVERSE,33,1
UPI251113ZJKN4M,CDR202600058717,DIRECT,-614,1
ATM250726P4TTW2,CDR202600058728,RECEIVER_INCOMING_ACTIVITY,-413,1
ATM250716MRLNFC,CDR202600058729,DIRECT,-511,1
IMPS250807EYZB0W,CDR202600058750,SENDER_INCOMING_ACTIVITY,631,1
TXN250206L9THI6,CDR202600058766,REVERSE,43,1
TXN250504IYGYS5,CDR202600058770,REVERSE,116,1
TXN2503222C16B7,CDR202600058785,DIRECT,-149,1
UPI2512114VPBF9,CDR202600058791,RECEIVER_INCOMING_ACTIVITY,-1,1
TXN250218AKI5AJ,CDR202600058813,REVERSE,-767,1
IMPS25092717IF0O,CDR202600058846,REVERSE,-129,1
IMPS2503191NHKOQ,CDR202600058856,SENDER_OUTGOING_ACTIVITY,-312,1
UPI250822D78K6U,CDR202600058868,DIRECT,786,1
TXN250404FYFU52,CDR202600058891,DIRECT,58,1
TXN250530NWW0O3,CDR202600058910,SENDER_OUTGOING_ACTIVITY,58,1
UPI2511106VQDWM,CDR202600058921,SENDER_INCOMING_ACTIVITY,-193,1
ATM250303ZNI905,CDR202600058933,SENDER_OUTGOING_ACTIVITY,-8,1
UPI250104NXPWNU,CDR202600058960,SENDER_OUTGOING_ACTIVITY,5,1
ATM250523M139ZS,CDR202600058963,RECEIVER_INCOMING_ACTIVITY,-14,1
UPI250606CDX3ZI,CDR202600058971,DIRECT,47,1
ATM2501010CV3TL,CDR202600058976,RECEIVER_OUTGOING_ACTIVITY,1361,1
UPI250602QM9D5T,CDR202600058988,SENDER_OUTGOING_ACTIVITY,-565,1
ATM25021562DTGS,CDR202600059025,DIRECT,-240,1
ATM250917WV9SY9,CDR202600059041,REVERSE,334,1
TXN2503091PM563,CDR202600059043,DIRECT,22,1
IMPS250828M2CTW8,CDR202600059044,SENDER_INCOMING_ACTIVITY,188,1
ATM250701A4LIC7,CDR202600059060,RECEIVER_OUTGOING_ACTIVITY,139,1
UPI250602EK6J4A,CDR202600059068,SENDER_OUTGOING_ACTIVITY,-334,1
UPI25031366BT2G,CDR202600059076,RECEIVER_INCOMING_ACTIVITY,119,1
UPI250311SYCKKQ,CDR202600059095,DIRECT,41,1
TXN2507192UXIDM,CDR202600059099,SENDER_OUTGOING_ACTIVITY,-31,1
UPI25090692NV1Q,CDR202600059123,DIRECT,-856,1
TXN250818GMIAQY,CDR202600059131,DIRECT,-4,1
TXN251221QEGOSV,CDR202600059140,DIRECT,90,1
UPI2512144XIVOX,CDR202600059145,SENDER_INCOMING_ACTIVITY,-338,1
TXN251005F7OBLX,CDR202600059175,SENDER_OUTGOING_ACTIVITY,38,1
TXN251127FRAGQA,CDR202600059218,SENDER_INCOMING_ACTIVITY,-36,1
UPI250103EX7TV7,CDR202600059220,DIRECT,7,1
TXN250524OQDZRF,CDR202600059230,SENDER_OUTGOING_ACTIVITY,1598,1
UPI250803Y7C4FU,CDR202600059246,SENDER_OUTGOING_ACTIVITY,-704,1
TXN251206Q7Q9GD,CDR202600059248,SENDER_INCOMING_ACTIVITY,-178,1
ATM250705ZOG7IL,CDR202600059258,DIRECT,17,1
ATM251127BI49DY,CDR202600059273,SENDER_INCOMING_ACTIVITY,-45,1
UPI2505044XVXJN,CDR202600059292,DIRECT,289,1
TXN250511ZHCL20,CDR202600059331,RECEIVER_INCOMING_ACTIVITY,16,1
UPI250319T8XJEV,CDR202600059343,REVERSE,31,1
TXN251114CKBIDY,CDR202600059348,DIRECT,227,1
ATM250324KWFLLH,CDR202600059351,SENDER_INCOMING_ACTIVITY,831,1
ATM250315Z54DUF,CDR202600059364,RECEIVER_OUTGOING_ACTIVITY,43,1
TXN251204N2YH81,CDR202600059373,RECEIVER_INCOMING_ACTIVITY,-77,1
ATM251025XOQXY4,CDR202600059375,REVERSE,-164,1
ATM251013IF6R2U,CDR202600059415,DIRECT,-26,1
TXN2508119RH5PC,CDR202600059426,REVERSE,-458,1
ATM250824OBYTPL,CDR202600059459,RECEIVER_OUTGOING_ACTIVITY,1168,1
TXN250704L18Q3A,CDR202600059467,SENDER_OUTGOING_ACTIVITY,-35,1
TXN2508180KCBKK,CDR202600059486,DIRECT,-6,1
IMPS251124768TE1,CDR202600059519,DIRECT,889,1
ATM251020G1OPFT,CDR202600059542,DIRECT,-281,1
UPI250205V76SBG,CDR202600059573,SENDER_INCOMING_ACTIVITY,105,1
ATM250704SKF8ED,CDR202600059619,DIRECT,-509,1
ATM2509287WLPRE,CDR202600059638,SENDER_OUTGOING_ACTIVITY,684,1
UPI250228H89ZYJ,CDR202600059653,REVERSE,417,1
ATM250801F1PU46,CDR202600059656,REVERSE,-1087,1
UPI2512315QZ8EN,CDR202600059663,SENDER_OUTGOING_ACTIVITY,-28,1
UPI250314664Q7U,CDR202600059668,RECEIVER_OUTGOING_ACTIVITY,-298,1
TXN250818NT6A6M,CDR202600059721,DIRECT,-27,1
UPI25020537WF21,CDR202600059775,DIRECT,-159,1
ATM250316J3UWA0,CDR202600059780,SENDER_OUTGOING_ACTIVITY,-233,1
IMPS250329C8M72V,CDR202600059794,DIRECT,-1724,1
UPI250404J8I995,CDR202600059796,REVERSE,-46,1
ATM251211JTYP5W,CDR202600059798,RECEIVER_OUTGOING_ACTIVITY,375,1
UPI2504035M9JOA,CDR202600059816,SENDER_INCOMING_ACTIVITY,-265,1
TXN251223Q2MJMW,CDR202600059824,DIRECT,-60,1
UPI251208ZTIK1L,CDR202600059835,REVERSE,-48,1
TXN250307VZ644T,CDR202600059847,REVERSE,-1081,1
ATM250910HL9FT4,CDR202600059856,RECEIVER_OUTGOING_ACTIVITY,19,1
UPI25050465N89X,CDR202600059867,DIRECT,561,1
ATM250124D22OC1,CDR202600059900,RECEIVER_INCOMING_ACTIVITY,250,1
UPI25022185TUQL,CDR202600059903,RECEIVER_INCOMING_ACTIVITY,56,1
UPI2507152FZKCE,CDR202600059926,RECEIVER_OUTGOING_ACTIVITY,-661,1
UPI2501011R11Q7,CDR202600059932,DIRECT,-1374,1
IMPS250704PYRK4B,CDR202600059939,RECEIVER_OUTGOING_ACTIVITY,92,1
TXN250512DN4GEQ,CDR202600059950,DIRECT,-19,1
UPI250224YKRZF9,CDR202600059954,SENDER_OUTGOING_ACTIVITY,-49,1
TXN2512094B7Q6C,CDR202600059957,RECEIVER_INCOMING_ACTIVITY,-57,1
UPI2503078DORNU,CDR202600059958,RECEIVER_INCOMING_ACTIVITY,289,1
UPI250311MQXUOO,CDR202600059981,SENDER_INCOMING_ACTIVITY,128,1
TXN250203FG5F36,CDR202600059984,REVERSE,-547,1
TXN251224YQYC3A,CDR202600059991,REVERSE,-279,1
UPI250219WIH4KO,CDR202600059994,SENDER_INCOMING_ACTIVITY,-12,1
TXN250802GW10XS,CDR202600060002,RECEIVER_INCOMING_ACTIVITY,-71,1
ATM250708X9B367,CDR202600060004,RECEIVER_INCOMING_ACTIVITY,-151,1
TXN250520Z1ZR1T,CDR202600060006,SENDER_OUTGOING_ACTIVITY,-270,1
UPI251120JBTLW7,CDR202600060011,RECEIVER_OUTGOING_ACTIVITY,798,1
TXN250302JSTJ2I,CDR202600060022,SENDER_OUTGOING_ACTIVITY,-51,1
ATM250104ZCUH1I,CDR202600060071,DIRECT,-828,1
ATM2504273C5ZLI,CDR202600060075,SENDER_OUTGOING_ACTIVITY,-300,1
ATM2501242APLVE,CDR202600060082,DIRECT,1,1
ATM250407KKAWDD,CDR202600060097,REVERSE,-32,1
UPI250626L2VK7M,CDR202600060104,REVERSE,1592,1
TXN250615IPACCA,CDR202600060111,DIRECT,-331,1
TXN251219VKFA1K,CDR202600060139,RECEIVER_INCOMING_ACTIVITY,-53,1
TXN251208NNLMD8,CDR202600060142,DIRECT,-201,1
TXN2511158ZLUB7,CDR202600060168,RECEIVER_INCOMING_ACTIVITY,821,1
ATM250218VQDI3Z,CDR202600060179,REVERSE,228,1
UPI250728V9V6UG,CDR202600060190,RECEIVER_INCOMING_ACTIVITY,-830,1
ATM250921Y9SZMB,CDR202600060196,DIRECT,-467,1
UPI250905YBSJ3F,CDR202600060199,DIRECT,20,1
ATM250905US0RNG,CDR202600060208,DIRECT,157,1
ATM250623J0E3YN,CDR202600060214,SENDER_INCOMING_ACTIVITY,125,1
ATM250112J70GYV,CDR202600060215,DIRECT,-69,1
IMPS250505T2GL0L,CDR202600060232,DIRECT,279,1
UPI2507266DV5Y4,CDR202600060235,REVERSE,213,1
ATM251226ZJ02MJ,CDR202600060238,RECEIVER_INCOMING_ACTIVITY,1265,1
ATM250105GJD3X4,CDR202600060262,SENDER_OUTGOING_ACTIVITY,300,1
ATM250829MY5QAD,CDR202600060283,SENDER_INCOMING_ACTIVITY,1358,1
ATM250321E82646,CDR202600060300,RECEIVER_INCOMING_ACTIVITY,157,1
UPI250127RPNF07,CDR202600060314,REVERSE,-538,1
UPI2506294X73I5,CDR202600060323,RECEIVER_OUTGOING_ACTIVITY,-127,1
ATM251029QZLEQH,CDR202600060332,SENDER_INCOMING_ACTIVITY,-839,1
UPI250416JVKB69,CDR202600060365,DIRECT,693,1
UPI250924VZNQE7,CDR202600060381,RECEIVER_OUTGOING_ACTIVITY,320,1
UPI250208VF0Y0Y,CDR202600060389,DIRECT,-6,1
UPI250616GQOIK9,CDR202600060393,DIRECT,109,1
UPI251016HN4L0C,CDR202600060399,SENDER_OUTGOING_ACTIVITY,1026,1
TXN2501245B3CS7,CDR202600060431,DIRECT,151,1
UPI251118W1YCQM,CDR202600060451,REVERSE,11,1
UPI250430T6B3FA,CDR202600060452,SENDER_INCOMING_ACTIVITY,-868,1
UPI250320GJ8N5P,CDR202600060458,SENDER_OUTGOING_ACTIVITY,-305,1
ATM250308TPKKCB,CDR202600060486,DIRECT,281,1
IMPS250321PSKCRJ,CDR202600060530,DIRECT,-220,1
UPI251214PJP6E6,CDR202600060532,SENDER_INCOMING_ACTIVITY,613,1
ATM250708JKQCDA,CDR202600060561,RECEIVER_INCOMING_ACTIVITY,31,1
IMPS251215K2GYIN,CDR202600060597,SENDER_OUTGOING_ACTIVITY,871,1
IMPS250521MR82QM,CDR202600060599,RECEIVER_INCOMING_ACTIVITY,32,1
UPI250408Y65POQ,CDR202600060630,REVERSE,-224,1
TXN250311EH3F48,CDR202600060632,REVERSE,-211,1
UPI2510188SLP1K,CDR202600060643,DIRECT,-9,1
UPI250118Z3MEZ7,CDR202600060647,RECEIVER_INCOMING_ACTIVITY,-422,1
TXN250527OOR8R2,CDR202600060648,RECEIVER_INCOMING_ACTIVITY,-35,1
ATM250729RI5ON0,CDR202600060661,REVERSE,1373,1
ATM251110SSZSYH,CDR202600060664,DIRECT,656,1
UPI2506280IG07R,CDR202600060684,DIRECT,-262,1
ATM251227M4LC4Q,CDR202600060693,RECEIVER_OUTGOING_ACTIVITY,-35,1
UPI251102QOLCV2,CDR202600060714,RECEIVER_OUTGOING_ACTIVITY,-475,1
UPI251228IGVOK6,CDR202600060718,DIRECT,252,1
UPI250901ZAI1FE,CDR202600060740,SENDER_OUTGOING_ACTIVITY,-57,1
IMPS250726XC67NO,CDR202600060742,SENDER_OUTGOING_ACTIVITY,-698,1
UPI250408BN5NZA,CDR202600060746,SENDER_INCOMING_ACTIVITY,199,1
UPI250226VLYQPF,CDR202600060774,RECEIVER_INCOMING_ACTIVITY,-436,1
TXN251130BX8YN4,CDR202600060777,REVERSE,118,1
ATM2501219OJJJT,CDR202600060793,REVERSE,1736,1
TXN250312PBA6A0,CDR202600060798,SENDER_INCOMING_ACTIVITY,-170,1
TXN2510040AC856,CDR202600060836,SENDER_INCOMING_ACTIVITY,-600,1
UPI250411CFEFGR,CDR202600060839,DIRECT,-837,1
UPI250824JMUK49,CDR202600060854,DIRECT,-49,1
UPI2506010ILAAB,CDR202600060855,SENDER_INCOMING_ACTIVITY,567,1
ATM250327Q0KDAY,CDR202600060860,SENDER_INCOMING_ACTIVITY,295,1
ATM250128N5L44Z,CDR202600060901,REVERSE,192,1
TXN250920EBGRQW,CDR202600060908,DIRECT,11,1
TXN2512253ZSC9F,CDR202600060915,DIRECT,175,1
UPI250506IDQ1OE,CDR202600060942,REVERSE,676,1
ATM250522CGXTPV,CDR202600060973,REVERSE,123,1
UPI251113JEBZNR,CDR202600060994,RECEIVER_OUTGOING_ACTIVITY,-271,1
ATM250329BQ0QRF,CDR202600060995,REVERSE,487,1
ATM251020MHHEQ9,CDR202600061018,DIRECT,-196,1
ATM250911K921S7,CDR202600061039,RECEIVER_OUTGOING_ACTIVITY,44,1
ATM250414IQL5YQ,CDR202600061040,DIRECT,541,1
ATM25112837RAB0,CDR202600061069,RECEIVER_INCOMING_ACTIVITY,857,1
UPI250217PZZ81D,CDR202600061092,DIRECT,58,1
ATM250518OCZRV3,CDR202600061122,SENDER_INCOMING_ACTIVITY,43,1
ATM250503AD29EJ,CDR202600061140,DIRECT,1147,1
UPI250123KJMY94,CDR202600061153,DIRECT,-739,1
IMPS2511302D05RC,CDR202600061161,DIRECT,31,1
IMPS250714BN18FY,CDR202600061175,RECEIVER_INCOMING_ACTIVITY,97,1
TXN250923IAJCV7,CDR202600061206,SENDER_OUTGOING_ACTIVITY,169,1
TXN2503295CCSMF,CDR202600061208,SENDER_INCOMING_ACTIVITY,613,1
ATM250624AA8QC6,CDR202600061210,SENDER_OUTGOING_ACTIVITY,481,1
ATM250816RU3BBZ,CDR202600061215,DIRECT,-21,1
TXN251119BCS2XU,CDR202600061239,REVERSE,299,1
ATM250603L4FOYW,CDR202600061243,DIRECT,641,1
UPI2502069IZNDU,CDR202600061244,DIRECT,1403,1
ATM251125XZ1031,CDR202600061255,REVERSE,-954,1
ATM250417T5SAEI,CDR202600061292,DIRECT,-54,1
TXN2503307M7K4A,CDR202600061299,DIRECT,486,1
UPI250721STU9NH,CDR202600061346,DIRECT,1530,1
ATM250609UWQB6Q,CDR202600061353,DIRECT,-1452,1
ATM250222B38FIM,CDR202600061361,DIRECT,131,1
UPI251002CL5PCH,CDR202600061374,REVERSE,50,1
UPI250629UONCBH,CDR202600061395,DIRECT,-451,1
UPI251214YTYWYU,CDR202600061405,RECEIVER_OUTGOING_ACTIVITY,16,1
TXN2505015VPMTF,CDR202600061421,DIRECT,270,1
TXN250522F1S6X3,CDR202600061473,DIRECT,-18,1
UPI250513U5QIQD,CDR202600061518,DIRECT,151,1
UPI2506049NL995,CDR202600061528,SENDER_INCOMING_ACTIVITY,-263,1
UPI251203XFIGM3,CDR202600061534,SENDER_OUTGOING_ACTIVITY,-62,1
TXN250722NMM8YO,CDR202600061562,REVERSE,243,1
UPI250611H64NDL,CDR202600061586,DIRECT,-141,1
ATM25101765PTRV,CDR202600061589,REVERSE,-530,1
UPI2507287PS1NH,CDR202600061681,REVERSE,173,1
UPI251115OV6K3A,CDR202600061701,DIRECT,148,1
UPI250316RAQ2HQ,CDR202600061702,REVERSE,-879,1
IMPS251120H5K6DI,CDR202600061724,DIRECT,220,1
TXN250629PG3S3R,CDR202600061727,DIRECT,-270,1
ATM250914BDRTZ4,CDR202600061729,DIRECT,-51,1
IMPS250925H59YJK,CDR202600061745,REVERSE,-107,1
ATM250205FTVK1K,CDR202600061753,DIRECT,-1476,1
UPI2510270949K7,CDR202600061762,REVERSE,-89,1
TXN250416DI22LX,CDR202600061770,REVERSE,-21,1
UPI250731FSX3H7,CDR202600061773,REVERSE,-258,1
ATM2505087PY06K,CDR202600061781,SENDER_INCOMING_ACTIVITY,-79,1
UPI2503148BJJL0,CDR202600061793,SENDER_INCOMING_ACTIVITY,50,1
TXN251001D6XZTF,CDR202600061800,REVERSE,-167,1
UPI251216UVODNW,CDR202600061803,DIRECT,-10,1
UPI250523H2D911,CDR202600061808,DIRECT,126,1
ATM250606N9FKQW,CDR202600061817,DIRECT,160,1
TXN250513OI5QDM,CDR202600061819,DIRECT,1481,1
UPI2508153IA9HL,CDR202600061820,DIRECT,164,1
ATM250208XI9ZRM,CDR202600061833,DIRECT,-238,1
TXN250802NLF92M,CDR202600061851,RECEIVER_INCOMING_ACTIVITY,268,1
IMPS251017EY4D5E,CDR202600061853,SENDER_OUTGOING_ACTIVITY,-229,1
TXN250323KXNQI8,CDR202600061863,DIRECT,-223,1
ATM250914J822FB,CDR202600061869,DIRECT,-1733,1
TXN251105HM484Z,CDR202600061898,REVERSE,-53,1
UPI250318WDEJV0,CDR202600061899,SENDER_OUTGOING_ACTIVITY,1124,1
ATM251005V0IBJ2,CDR202600061905,REVERSE,233,1
ATM250930WZLRPD,CDR202600061975,RECEIVER_OUTGOING_ACTIVITY,-18,1
UPI250904944W40,CDR202600062003,DIRECT,577,1
ATM250415DSGG1W,CDR202600062011,RECEIVER_INCOMING_ACTIVITY,-38,1
IMPS250718868NOV,CDR202600062018,DIRECT,30,1
ATM250109KHDLSZ,CDR202600062049,SENDER_OUTGOING_ACTIVITY,-577,1
TXN250423IRU1RO,CDR202600062060,RECEIVER_OUTGOING_ACTIVITY,911,1
ATM250403PHIT3K,CDR202600062075,REVERSE,-295,1
ATM2510147X2VSK,CDR202600062082,DIRECT,95,1
ATM250105D6Z6PQ,CDR202600062085,SENDER_OUTGOING_ACTIVITY,-86,1
ATM250415SBM4LN,CDR202600062106,REVERSE,-1211,1
IMPS2512036A7OFK,CDR202600062125,REVERSE,133,1
UPI2503171GJQ5G,CDR202600062127,SENDER_INCOMING_ACTIVITY,-24,1
UPI251005BKD6YJ,CDR202600062166,DIRECT,-45,1
UPI25022537P2W0,CDR202600062180,SENDER_INCOMING_ACTIVITY,-1793,1
TXN2506185PPR3K,CDR202600062189,RECEIVER_OUTGOING_ACTIVITY,-122,1
ATM250804M8PQMR,CDR202600062199,DIRECT,39,1
IMPS251023PTM776,CDR202600062224,SENDER_INCOMING_ACTIVITY,-1531,1
ATM250503532JHM,CDR202600062225,DIRECT,-280,1
ATM250311IFI246,CDR202600062240,SENDER_INCOMING_ACTIVITY,-312,1
ATM250202RT93OF,CDR202600062267,RECEIVER_INCOMING_ACTIVITY,98,1
ATM250102B2VI10,CDR202600062301,REVERSE,-44,1
TXN2510115HBC7U,CDR202600062305,SENDER_OUTGOING_ACTIVITY,-21,1
ATM250902FSUZIA,CDR202600062342,RECEIVER_OUTGOING_ACTIVITY,1490,1
ATM250423VHOPZQ,CDR202600062347,DIRECT,60,1
TXN25011172AKTV,CDR202600062364,REVERSE,46,1
TXN250907HGL74U,CDR202600062406,DIRECT,-72,1
UPI2512262MTZ25,CDR202600062429,RECEIVER_INCOMING_ACTIVITY,46,1
ATM250324X7K0WL,CDR202600062431,RECEIVER_OUTGOING_ACTIVITY,193,1
UPI250414LLM1EX,CDR202600062462,SENDER_INCOMING_ACTIVITY,127,1
TXN251015Q110OO,CDR202600062495,DIRECT,-633,1
TXN251206MC3051,CDR202600062535,SENDER_OUTGOING_ACTIVITY,-203,1
TXN250403AA7L6C,CDR202600062539,RECEIVER_INCOMING_ACTIVITY,109,1
TXN250702NT73LC,CDR202600062551,DIRECT,-6,1
TXN250531PMQK14,CDR202600062564,DIRECT,266,1
UPI250706UP80HU,CDR202600062572,SENDER_OUTGOING_ACTIVITY,143,1
ATM250409SFTTYC,CDR202600062573,REVERSE,-55,1
TXN250422K5QR8B,CDR202600062577,DIRECT,543,1
ATM250107QXGYMY,CDR202600062589,SENDER_INCOMING_ACTIVITY,-4,1
UPI250420GTTQ9K,CDR202600062606,REVERSE,13,1
ATM250220N1EWLF,CDR202600062620,DIRECT,-86,1
ATM250429SZ6ZBG,CDR202600062626,DIRECT,236,1
UPI251231JF7AE2,CDR202600062627,REVERSE,141,1
TXN250403BM1T3F,CDR202600062645,SENDER_OUTGOING_ACTIVITY,-37,1
ATM2506083CHPFA,CDR202600062663,DIRECT,-579,1
UPI251027Y4D4GT,CDR202600062670,SENDER_INCOMING_ACTIVITY,-46,1
UPI250511SM3IDO,CDR202600062682,DIRECT,-9,1
TXN251114MTI4TT,CDR202600062713,RECEIVER_OUTGOING_ACTIVITY,32,1
IMPS250710YHJYQX,CDR202600062727,SENDER_OUTGOING_ACTIVITY,-42,1
UPI250424JWBOM8,CDR202600062728,DIRECT,-3,1
ATM251024EEWFQ2,CDR202600062733,DIRECT,-43,1
TXN251217YJXW0V,CDR202600062745,RECEIVER_OUTGOING_ACTIVITY,10,1
UPI250115IYY4BV,CDR202600062754,DIRECT,-191,1
UPI251221MZTLBC,CDR202600062776,SENDER_INCOMING_ACTIVITY,-279,1
ATM25082136O7KT,CDR202600062781,RECEIVER_OUTGOING_ACTIVITY,227,1
UPI251114KNIQA5,CDR202600062795,DIRECT,774,1
ATM250113Q9JUUL,CDR202600062802,RECEIVER_OUTGOING_ACTIVITY,18,1
ATM250526L8YMHW,CDR202600062806,RECEIVER_OUTGOING_ACTIVITY,-1521,1
UPI250302DTI5D9,CDR202600062825,SENDER_INCOMING_ACTIVITY,11,1
UPI2512030IE57X,CDR202600062827,REVERSE,-134,1
ATM2501159UK3J9,CDR202600062853,SENDER_INCOMING_ACTIVITY,-54,1
UPI250317A10957,CDR202600062856,REVERSE,34,1
IMPS250506C6JVV7,CDR202600062862,DIRECT,659,1
TXN250111N9EQRJ,CDR202600062897,DIRECT,557,1
ATM250314Z38K41,CDR202600062914,SENDER_OUTGOING_ACTIVITY,467,1
TXN250421HWEYPX,CDR202600062923,REVERSE,663,1
UPI250813WWA0W7,CDR202600062930,SENDER_INCOMING_ACTIVITY,-21,1
UPI250819S0AAOA,CDR202600062935,RECEIVER_INCOMING_ACTIVITY,-7,1
ATM251230PGA23I,CDR202600062989,DIRECT,-835,1
UPI2512231JTRIA,CDR202600062997,SENDER_OUTGOING_ACTIVITY,21,1
UPI2506234OYPIL,CDR202600063009,SENDER_INCOMING_ACTIVITY,172,1
UPI250728PAC3N3,CDR202600063020,SENDER_INCOMING_ACTIVITY,174,1
ATM250516T227SE,CDR202600063023,DIRECT,12,1
UPI251023T2WZYS,CDR202600063054,DIRECT,57,1
ATM2512178VHRR0,CDR202600063058,REVERSE,-151,1
TXN250206541G2G,CDR202600063063,SENDER_INCOMING_ACTIVITY,127,1
TXN2503116OXU0N,CDR202600063074,SENDER_INCOMING_ACTIVITY,50,1
TXN250216V23ET3,CDR202600063079,DIRECT,114,1
ATM251217WMHH2O,CDR202600063097,SENDER_OUTGOING_ACTIVITY,1642,1
ATM251216IMBHUT,CDR202600063098,RECEIVER_OUTGOING_ACTIVITY,-785,1
ATM250201IQZ9Z3,CDR202600063117,RECEIVER_OUTGOING_ACTIVITY,45,1
TXN250823Z1T82V,CDR202600063197,RECEIVER_OUTGOING_ACTIVITY,733,1
UPI250104AOQHVD,CDR202600063202,SENDER_INCOMING_ACTIVITY,79,1
TXN250423ELDPN3,CDR202600063209,DIRECT,290,1
ATM250126X5UQ4K,CDR202600063210,DIRECT,105,1
UPI250414CDJ7J9,CDR202600063211,DIRECT,-353,1
TXN250714UDSWZE,CDR202600063215,DIRECT,733,1
ATM25031982HTOL,CDR202600063263,DIRECT,296,1
UPI250416ZX6HFF,CDR202600063282,DIRECT,7,1
IMPS250913GBKGR9,CDR202600063303,REVERSE,55,1
UPI250626CQIGDF,CDR202600063308,SENDER_OUTGOING_ACTIVITY,-226,1
UPI251208BJXYTW,CDR202600063327,DIRECT,1245,1
UPI250423711M0J,CDR202600063350,DIRECT,416,1
UPI250224T3GVC0,CDR202600063382,RECEIVER_INCOMING_ACTIVITY,-129,1
UPI250616EXSHQM,CDR202600063404,RECEIVER_OUTGOING_ACTIVITY,-71,1
TXN2511253U39P5,CDR202600063407,RECEIVER_INCOMING_ACTIVITY,1172,1
ATM250620YRSUA6,CDR202600063411,REVERSE,281,1
TXN250223YXEZK9,CDR202600063429,DIRECT,-1536,1
UPI250819FOTUW9,CDR202600063431,SENDER_OUTGOING_ACTIVITY,89,1
UPI251022Y0HNUE,CDR202600063434,RECEIVER_INCOMING_ACTIVITY,-5,1
TXN250411M52YSN,CDR202600063464,SENDER_INCOMING_ACTIVITY,26,1
IMPS2505311RGJSI,CDR202600063483,DIRECT,820,1
UPI251126ZOVN9R,CDR202600063512,SENDER_INCOMING_ACTIVITY,645,1
UPI25052712RZPS,CDR202600063538,SENDER_INCOMING_ACTIVITY,60,1
ATM250421ZBQ1OM,CDR202600063541,SENDER_OUTGOING_ACTIVITY,55,1
TXN2507308HBVLQ,CDR202600063546,RECEIVER_INCOMING_ACTIVITY,18,1
IMPS250419ID1M4S,CDR202600063553,DIRECT,-2,1
ATM251127MYH67N,CDR202600063564,DIRECT,235,1
ATM2512313JECOD,CDR202600063572,SENDER_INCOMING_ACTIVITY,135,1
ATM2512210WKV44,CDR202600063582,DIRECT,-59,1
UPI250531NPI0JU,CDR202600063599,SENDER_OUTGOING_ACTIVITY,-590,1
UPI2503046RMY1P,CDR202600063611,RECEIVER_OUTGOING_ACTIVITY,-163,1
ATM250712Y6NKAG,CDR202600063623,DIRECT,189,1
TXN250422J318DS,CDR202600063637,RECEIVER_OUTGOING_ACTIVITY,10,1
ATM2511147DPLE7,CDR202600063656,REVERSE,878,1
UPI250617P1THBP,CDR202600063657,REVERSE,-37,1
ATM2509108AHJBY,CDR202600063662,DIRECT,152,1
IMPS250516O38C2P,CDR202600063677,RECEIVER_INCOMING_ACTIVITY,7,1
ATM251129YT35ET,CDR202600063678,SENDER_INCOMING_ACTIVITY,-130,1
UPI251119IIX9V4,CDR202600063688,SENDER_OUTGOING_ACTIVITY,162,1
ATM2502264L04ZY,CDR202600063696,SENDER_OUTGOING_ACTIVITY,326,1
UPI250520A16AH4,CDR202600063704,REVERSE,-218,1
UPI250612XQSTGD,CDR202600063710,SENDER_OUTGOING_ACTIVITY,-35,1
ATM251127YDF94N,CDR202600063715,SENDER_INCOMING_ACTIVITY,300,1
UPI250829ZAYHW9,CDR202600063725,REVERSE,-71,1
ATM250807CSK35X,CDR202600063727,DIRECT,85,1
UPI2506122Q14W7,CDR202600063739,DIRECT,-81,1
TXN251203JD73JB,CDR202600063749,DIRECT,16,1
IMPS2506139QV4IK,CDR202600063766,DIRECT,646,1
UPI251014C3FFUW,CDR202600063778,SENDER_INCOMING_ACTIVITY,512,1
TXN250128O7HZOE,CDR202600063784,RECEIVER_OUTGOING_ACTIVITY,-1602,1
TXN251018GPP2AP,CDR202600063797,DIRECT,205,1
ATM250903OF9K3M,CDR202600063812,DIRECT,275,1
UPI250215MBB0DN,CDR202600063815,DIRECT,-30,1
ATM251021KKHABA,CDR202600063820,DIRECT,-36,1
TXN250726JTXNMY,CDR202600063834,RECEIVER_INCOMING_ACTIVITY,-14,1
TXN2502244NSZD6,CDR202600063850,SENDER_OUTGOING_ACTIVITY,366,1
ATM250316P0RQSP,CDR202600063864,SENDER_INCOMING_ACTIVITY,44,1
UPI2503022ZZXOK,CDR202600063898,SENDER_INCOMING_ACTIVITY,-1,1
ATM250303UNTR9X,CDR202600063910,RECEIVER_OUTGOING_ACTIVITY,138,1
IMPS251025F5VLIO,CDR202600063930,SENDER_INCOMING_ACTIVITY,-9,1
IMPS2506290VWMXM,CDR202600063972,SENDER_OUTGOING_ACTIVITY,-1285,1
ATM2512267RC5JJ,CDR202600063983,DIRECT,41,1
ATM250926U0OKKV,CDR202600064023,REVERSE,37,1
TXN250123BQRJPX,CDR202600064030,DIRECT,16,1
ATM25111984EJY2,CDR202600064036,REVERSE,-351,1
UPI250111OK7KYC,CDR202600064048,RECEIVER_OUTGOING_ACTIVITY,129,1
ATM250416T8YK0Y,CDR202600064049,SENDER_OUTGOING_ACTIVITY,-353,1
TXN250127G44KXU,CDR202600064082,RECEIVER_OUTGOING_ACTIVITY,-38,1
UPI2510157D09LA,CDR202600064095,SENDER_OUTGOING_ACTIVITY,104,1
ATM2504254D81GR,CDR202600064108,DIRECT,349,1
UPI250412QQGSDX,CDR202600064115,SENDER_OUTGOING_ACTIVITY,504,1
ATM250328UPU8XB,CDR202600064134,SENDER_OUTGOING_ACTIVITY,-41,1
ATM250312ASG351,CDR202600064142,SENDER_OUTGOING_ACTIVITY,1053,1
TXN250116EPRAM9,CDR202600064155,DIRECT,-1384,1
IMPS250826MBPLEO,CDR202600064173,DIRECT,728,1
ATM250823RMN6DA,CDR202600064175,SENDER_INCOMING_ACTIVITY,-25,1
ATM250704JTKGU5,CDR202600064188,REVERSE,-911,1
TXN250209QSLYIQ,CDR202600064195,SENDER_OUTGOING_ACTIVITY,10,1
TXN250413XMJLDU,CDR202600064203,RECEIVER_OUTGOING_ACTIVITY,139,1
UPI250529C2IIG5,CDR202600064208,SENDER_OUTGOING_ACTIVITY,300,1
UPI250306HR56KH,CDR202600064213,RECEIVER_INCOMING_ACTIVITY,49,1
UPI251223NKLGTK,CDR202600064225,DIRECT,-53,1
UPI251018T0ASN9,CDR202600064238,RECEIVER_OUTGOING_ACTIVITY,279,1
ATM250820DNVB1U,CDR202600064274,REVERSE,1090,1
TXN250728DKV78G,CDR202600064277,REVERSE,-795,1
UPI250112CB7HQ5,CDR202600064283,DIRECT,-36,1
UPI251031F1W89Q,CDR202600064286,RECEIVER_OUTGOING_ACTIVITY,-52,1
UPI251028BZ3OUN,CDR202600064287,RECEIVER_INCOMING_ACTIVITY,-35,1
UPI25100961JNPC,CDR202600064304,DIRECT,-1330,1
UPI250730FE89ZN,CDR202600064315,DIRECT,-559,1
ATM251223229HD5,CDR202600064349,SENDER_OUTGOING_ACTIVITY,5,1
UPI251110JS13ZP,CDR202600064350,SENDER_OUTGOING_ACTIVITY,-42,1
UPI250523D8L0YS,CDR202600064356,SENDER_INCOMING_ACTIVITY,407,1
TXN2508027ZEGV8,CDR202600064359,SENDER_OUTGOING_ACTIVITY,475,1
TXN250615GCRGUK,CDR202600064366,DIRECT,-55,1
TXN250306HVR51N,CDR202600064379,RECEIVER_OUTGOING_ACTIVITY,219,1
TXN2511245X8FOF,CDR202600064388,SENDER_INCOMING_ACTIVITY,-371,1
UPI250124ZZUWDW,CDR202600064406,DIRECT,-252,1
ATM2503170W26CY,CDR202600064454,SENDER_INCOMING_ACTIVITY,21,1
TXN250924XLXTXX,CDR202600064489,RECEIVER_OUTGOING_ACTIVITY,99,1
UPI250824KYAN1K,CDR202600064495,DIRECT,-20,1
ATM250521FLSXR3,CDR202600064511,REVERSE,-4,1
ATM250516QHKR49,CDR202600064516,SENDER_INCOMING_ACTIVITY,3,1
UPI250414O7T0DT,CDR202600064528,DIRECT,-610,1
TXN250808JW29G5,CDR202600064535,DIRECT,-272,1
TXN250716M0R88J,CDR202600064609,DIRECT,-106,1
UPI2508172SPBIE,CDR202600064611,DIRECT,-192,1
ATM250729S6TCOG,CDR202600064630,DIRECT,5,1
UPI251127MDGKMZ,CDR202600064655,DIRECT,-240,1
ATM250804UKGZJM,CDR202600064706,REVERSE,-34,1
TXN2507141WV32S,CDR202600064725,DIRECT,-79,1
ATM25050975H5CB,CDR202600064727,REVERSE,-237,1
UPI2503089GRRHJ,CDR202600064750,RECEIVER_INCOMING_ACTIVITY,1790,1
ATM250417PRRZTJ,CDR202600064755,SENDER_INCOMING_ACTIVITY,-1177,1
ATM250123VJGU4P,CDR202600064772,DIRECT,-216,1
UPI250808XMQ083,CDR202600064773,SENDER_OUTGOING_ACTIVITY,71,1
ATM2512224KQPDO,CDR202600064784,SENDER_INCOMING_ACTIVITY,-541,1
UPI2504075355VP,CDR202600064789,REVERSE,1523,1
ATM250914358K1J,CDR202600064852,REVERSE,91,1
UPI251220ZFJU6U,CDR202600064867,DIRECT,-190,1
UPI2501282XYRK0,CDR202600064868,DIRECT,400,1
UPI250606VPZWQV,CDR202600064873,REVERSE,581,1
UPI2507146NG340,CDR202600064879,RECEIVER_OUTGOING_ACTIVITY,-787,1
ATM250711ZPSGMK,CDR202600064883,SENDER_OUTGOING_ACTIVITY,-92,1
UPI250121LWG6OR,CDR202600064887,SENDER_INCOMING_ACTIVITY,-220,1
TXN250414IH6Y0V,CDR202600064909,SENDER_OUTGOING_ACTIVITY,8,1
ATM250610A70TTK,CDR202600064931,REVERSE,-269,1
ATM2502267N9G4E,CDR202600064933,SENDER_INCOMING_ACTIVITY,-120,1
ATM250429XPGU2V,CDR202600064963,DIRECT,-1,1
UPI2510116K2H1Z,CDR202600064974,SENDER_OUTGOING_ACTIVITY,-45,1
TXN250324WGEEKR,CDR202600064976,DIRECT,730,1
TXN250414CY39EV,CDR202600064986,SENDER_INCOMING_ACTIVITY,52,1
ATM250715D4TSEO,CDR202600065018,RECEIVER_OUTGOING_ACTIVITY,363,1
UPI250218GE2X72,CDR202600065024,SENDER_INCOMING_ACTIVITY,-294,1
ATM2509278072PB,CDR202600065052,REVERSE,-655,1
ATM251217HWDLMX,CDR202600065077,SENDER_OUTGOING_ACTIVITY,268,1
UPI250421Z4SR53,CDR202600065090,SENDER_INCOMING_ACTIVITY,51,1
ATM251002R96CM8,CDR202600065100,RECEIVER_INCOMING_ACTIVITY,895,1
IMPS250319M7QOER,CDR202600065110,SENDER_INCOMING_ACTIVITY,417,1
ATM251110FN2BQR,CDR202600065136,REVERSE,-171,1
ATM251224OWQW8O,CDR202600065137,SENDER_OUTGOING_ACTIVITY,1609,1
TXN250228HL49WO,CDR202600065143,DIRECT,372,1
ATM250429OZNHQM,CDR202600065151,DIRECT,-27,1
ATM2502155TPY6M,CDR202600065179,DIRECT,10,1
ATM250717OO0QPT,CDR202600065196,SENDER_OUTGOING_ACTIVITY,-546,1
ATM25020724KPNG,CDR202600065210,REVERSE,248,1
ATM250119N7ASEJ,CDR202600065214,RECEIVER_INCOMING_ACTIVITY,211,1
TXN251203ZXJLDH,CDR202600065220,SENDER_OUTGOING_ACTIVITY,-176,1
TXN251114DEFD5H,CDR202600065224,DIRECT,19,1
ATM251126L51EPP,CDR202600065231,REVERSE,-378,1
ATM250710MOJHDD,CDR202600065250,RECEIVER_OUTGOING_ACTIVITY,1050,1
TXN250424OEJT9T,CDR202600065258,SENDER_OUTGOING_ACTIVITY,304,1
UPI250120GOCSLO,CDR202600065292,REVERSE,1575,1
UPI250821QHTALG,CDR202600065293,DIRECT,-10,1
UPI2507058PBRSW,CDR202600065333,SENDER_OUTGOING_ACTIVITY,97,1
UPI250526RX9C40,CDR202600065338,RECEIVER_INCOMING_ACTIVITY,477,1
UPI2505100M08KZ,CDR202600065340,SENDER_INCOMING_ACTIVITY,774,1
TXN251126RI8QEP,CDR202600065362,SENDER_OUTGOING_ACTIVITY,253,1
ATM2504126GI1NK,CDR202600065367,DIRECT,1243,1
UPI2508034QP7MR,CDR202600065381,DIRECT,841,1
ATM250121N9F3UX,CDR202600065385,SENDER_INCOMING_ACTIVITY,186,1
ATM250514ENHN22,CDR202600065387,DIRECT,543,1
ATM250202OLWGR1,CDR202600065392,SENDER_INCOMING_ACTIVITY,348,1
UPI251030EPYPQZ,CDR202600065422,RECEIVER_OUTGOING_ACTIVITY,-58,1
IMPS251215SIKNC2,CDR202600065455,SENDER_OUTGOING_ACTIVITY,118,1
ATM2505012Y2JGI,CDR202600065459,SENDER_OUTGOING_ACTIVITY,106,1
ATM250107PH1RAE,CDR202600065498,RECEIVER_OUTGOING_ACTIVITY,17,1
IMPS251226P66KP2,CDR202600065503,RECEIVER_INCOMING_ACTIVITY,110,1
IMPS251015XZCGO1,CDR202600065507,SENDER_INCOMING_ACTIVITY,-40,1
TXN250203UNMOTY,CDR202600065511,SENDER_INCOMING_ACTIVITY,865,1
TXN251221ZSE8HS,CDR202600065528,DIRECT,-665,1
ATM250502CE9DSE,CDR202600065533,RECEIVER_INCOMING_ACTIVITY,-788,1
UPI2504042EM2HB,CDR202600065568,RECEIVER_OUTGOING_ACTIVITY,-13,1
UPI25010502NMSI,CDR202600065584,DIRECT,613,1
TXN250712WJ7O2V,CDR202600065589,SENDER_OUTGOING_ACTIVITY,-70,1
UPI250708NUE4RH,CDR202600065597,SENDER_INCOMING_ACTIVITY,-23,1
UPI251115TH8MP4,CDR202600065600,DIRECT,-8,1
ATM2503221A7EZG,CDR202600065612,REVERSE,375,1
UPI251212F821N5,CDR202600065615,SENDER_INCOMING_ACTIVITY,17,1
ATM250201VASAGJ,CDR202600065630,DIRECT,110,1
UPI250206WSU99D,CDR202600065635,RECEIVER_OUTGOING_ACTIVITY,27,1
IMPS250111E1OH6X,CDR202600065636,DIRECT,125,1
TXN251004IE0Q43,CDR202600065680,RECEIVER_OUTGOING_ACTIVITY,-124,1
UPI250820CPAVZJ,CDR202600065683,DIRECT,237,1
IMPS250929QTMQTM,CDR202600065691,SENDER_INCOMING_ACTIVITY,140,1
TXN250514PJ7LEQ,CDR202600065714,DIRECT,11,1
ATM250127DQ8T0R,CDR202600065733,RECEIVER_INCOMING_ACTIVITY,273,1
TXN25061841VSHD,CDR202600065738,DIRECT,-394,1
ATM250201ODLK35,CDR202600065769,DIRECT,-272,1
TXN250912HSSHH9,CDR202600065774,SENDER_OUTGOING_ACTIVITY,-4,1
TXN2511048MBJS5,CDR202600065806,SENDER_OUTGOING_ACTIVITY,373,1
ATM250820OIZDY1,CDR202600065818,SENDER_INCOMING_ACTIVITY,-45,1
ATM250803ZW29N1,CDR202600065821,DIRECT,294,1
ATM251114PIL1Z5,CDR202600065831,RECEIVER_INCOMING_ACTIVITY,-71,1
TXN2512206BQC7R,CDR202600065838,SENDER_OUTGOING_ACTIVITY,-1356,1
UPI250412B1JIE2,CDR202600065856,DIRECT,574,1
IMPS250710D6GHD9,CDR202600065863,DIRECT,585,1
ATM251218X8PHBK,CDR202600065867,SENDER_OUTGOING_ACTIVITY,-289,1
UPI2510088B5S52,CDR202600065870,REVERSE,829,1
ATM250821BJ754J,CDR202600065874,DIRECT,594,1
ATM2507310I4XTT,CDR202600065896,DIRECT,5,1
TXN2503254BW9BV,CDR202600065907,SENDER_OUTGOING_ACTIVITY,-1092,1
ATM2508133IR71B,CDR202600065920,DIRECT,-985,1
ATM250717WLASYL,CDR202600065923,SENDER_OUTGOING_ACTIVITY,-3,1
ATM2501138B19RE,CDR202600065943,DIRECT,-23,1
ATM250618SWP8ZF,CDR202600065944,DIRECT,-751,1
ATM251129V4B64M,CDR202600065950,RECEIVER_OUTGOING_ACTIVITY,-762,1
UPI251112U8VIS0,CDR202600065956,DIRECT,635,1
UPI2506275IFUHE,CDR202600065969,RECEIVER_OUTGOING_ACTIVITY,-16,1
ATM250618C284NW,CDR202600065986,REVERSE,199,1
UPI250613RV4IHO,CDR202600066030,REVERSE,124,1
UPI250130CD2PKH,CDR202600066060,RECEIVER_INCOMING_ACTIVITY,-1527,1
UPI2502137H3XAO,CDR202600066077,RECEIVER_INCOMING_ACTIVITY,297,1
IMPS250410X9E2OV,CDR202600066080,SENDER_INCOMING_ACTIVITY,674,1
ATM250131PC4TQB,CDR202600066115,DIRECT,215,1
UPI25061370SEZL,CDR202600066118,RECEIVER_OUTGOING_ACTIVITY,-169,1
UPI250409M2UIX2,CDR202600066157,DIRECT,234,1
TXN2504136BIO45,CDR202600066174,SENDER_INCOMING_ACTIVITY,199,1
ATM2509036ZU8S4,CDR202600066193,DIRECT,190,1
UPI251221W6U6M5,CDR202600066226,SENDER_INCOMING_ACTIVITY,-517,1
ATM250723TFFFOP,CDR202600066231,SENDER_INCOMING_ACTIVITY,-13,1
TXN250910PT4V14,CDR202600066232,DIRECT,20,1
ATM250427971P3G,CDR202600066233,DIRECT,-1,1
TXN250730FTV1Y5,CDR202600066239,DIRECT,749,1
TXN250721QXUALL,CDR202600066264,SENDER_OUTGOING_ACTIVITY,-293,1
UPI25072983BYLC,CDR202600066295,REVERSE,-156,1
ATM2501053NM0SX,CDR202600066324,REVERSE,-707,1
TXN250921SIP9PC,CDR202600066326,RECEIVER_INCOMING_ACTIVITY,255,1
ATM2502125ARBE6,CDR202600066327,SENDER_INCOMING_ACTIVITY,-208,1
UPI250709TJSXH9,CDR202600066354,DIRECT,-46,1
TXN2512111JBRJU,CDR202600066388,DIRECT,11,1
UPI250710ZM1NYL,CDR202600066427,SENDER_OUTGOING_ACTIVITY,38,1
TXN251229BLDCZD,CDR202600066444,RECEIVER_OUTGOING_ACTIVITY,1016,1
TXN2503273BEYSS,CDR202600066476,SENDER_OUTGOING_ACTIVITY,32,1
UPI251114PUI6B1,CDR202600066486,RECEIVER_INCOMING_ACTIVITY,-101,1
TXN250301249ZG9,CDR202600066506,REVERSE,-285,1
ATM250423T5F2HR,CDR202600066517,RECEIVER_INCOMING_ACTIVITY,-135,1
TXN250414Z2UASY,CDR202600066540,RECEIVER_OUTGOING_ACTIVITY,-138,1
ATM2511035EUC3X,CDR202600066551,RECEIVER_INCOMING_ACTIVITY,-772,1
TXN251123OPYBM4,CDR202600066569,RECEIVER_OUTGOING_ACTIVITY,-969,1
UPI250327KK9ARM,CDR202600066581,RECEIVER_INCOMING_ACTIVITY,-645,1
ATM250930MRKJQQ,CDR202600066587,RECEIVER_INCOMING_ACTIVITY,-806,1
UPI2507147HPBZ8,CDR202600066614,SENDER_OUTGOING_ACTIVITY,552,1
TXN250225DWPYWI,CDR202600066629,REVERSE,872,1
UPI250707Q87KWS,CDR202600066662,DIRECT,-65,1
UPI250306XC3M1L,CDR202600066718,DIRECT,-42,1
UPI251214FIMG93,CDR202600066720,REVERSE,28,1
ATM250317CJ7SGL,CDR202600066751,RECEIVER_INCOMING_ACTIVITY,-67,1
ATM250410UCORGO,CDR202600066763,SENDER_INCOMING_ACTIVITY,-103,1
ATM251104K8O8U3,CDR202600066772,DIRECT,-30,1
UPI250412ZKQF0Z,CDR202600066790,DIRECT,260,1
UPI250216ATPUQ8,CDR202600066799,RECEIVER_INCOMING_ACTIVITY,28,1
ATM250817TP5SBX,CDR202600066801,REVERSE,32,1
ATM250724QFGACI,CDR202600066803,RECEIVER_INCOMING_ACTIVITY,-50,1
TXN2509282ER080,CDR202600066819,DIRECT,1603,1
ATM2510180J1KY5,CDR202600066833,SENDER_OUTGOING_ACTIVITY,-384,1
ATM250803JUM9RR,CDR202600066834,DIRECT,654,1
ATM250523YP7V2T,CDR202600066849,SENDER_INCOMING_ACTIVITY,-131,1
TXN251015GPRASW,CDR202600066873,DIRECT,46,1
UPI250715FNZK83,CDR202600066875,DIRECT,1011,1
ATM250805NH9B8B,CDR202600066902,RECEIVER_OUTGOING_ACTIVITY,-58,1
ATM251227EP13WI,CDR202600066907,SENDER_INCOMING_ACTIVITY,33,1
UPI251127YVO8LQ,CDR202600066925,DIRECT,-5,1
ATM250809G1H3Z9,CDR202600066938,RECEIVER_OUTGOING_ACTIVITY,132,1
ATM251111ZIAMME,CDR202600066944,DIRECT,32,1
UPI2512054W6T12,CDR202600066967,DIRECT,-1750,1
ATM250404LXSDWX,CDR202600067039,DIRECT,-46,1
ATM250312NKEV1T,CDR202600067044,RECEIVER_INCOMING_ACTIVITY,293,1
ATM250108ZN5H5J,CDR202600067045,DIRECT,-623,1
UPI250203GQXMRU,CDR202600067055,RECEIVER_INCOMING_ACTIVITY,-532,1
UPI250115HTWD0H,CDR202600067061,DIRECT,-1661,1
ATM250128S41TPC,CDR202600067091,SENDER_OUTGOING_ACTIVITY,37,1
ATM250914GUTTWT,CDR202600067142,DIRECT,-55,1
TXN250920NMHQK5,CDR202600067144,DIRECT,660,1
UPI250127X08I21,CDR202600067164,SENDER_OUTGOING_ACTIVITY,37,1
ATM251001QCHCK0,CDR202600067179,SENDER_INCOMING_ACTIVITY,248,1
TXN250810VP0H7E,CDR202600067194,DIRECT,-410,1
TXN250219FOL7L9,CDR202600067196,RECEIVER_INCOMING_ACTIVITY,128,1
TXN250101X2X18H,CDR202600067219,DIRECT,564,1
ATM250103LXN32N,CDR202600067242,SENDER_INCOMING_ACTIVITY,-1492,1
IMPS250710V4IBC7,CDR202600067244,DIRECT,-590,1
ATM251112OI65LA,CDR202600067302,RECEIVER_INCOMING_ACTIVITY,-105,1
ATM250630N89URP,CDR202600067336,DIRECT,-573,1
ATM250617GNJJY1,CDR202600067348,DIRECT,1695,1
ATM250107XAWTCI,CDR202600067391,REVERSE,-1632,1
UPI25092990C04Q,CDR202600067395,DIRECT,-8,1
ATM251113V0A3DA,CDR202600067432,DIRECT,36,1
UPI250426K7AUIW,CDR202600067451,DIRECT,-39,1
UPI250709H79TBS,CDR202600067457,SENDER_INCOMING_ACTIVITY,-595,1
UPI2506153R098E,CDR202600067465,SENDER_INCOMING_ACTIVITY,-274,1
TXN25061620BUIM,CDR202600067469,RECEIVER_OUTGOING_ACTIVITY,-93,1
UPI251029JETS0M,CDR202600067481,DIRECT,240,1
UPI250720IZEQ8Q,CDR202600067483,RECEIVER_INCOMING_ACTIVITY,855,1
TXN25082079A5K3,CDR202600067487,RECEIVER_INCOMING_ACTIVITY,820,1
ATM250110YHUIVG,CDR202600067490,DIRECT,-1488,1
ATM250925DR1OMN,CDR202600067506,SENDER_OUTGOING_ACTIVITY,440,1
IMPS250828K1LF98,CDR202600067508,REVERSE,-717,1
IMPS250412869VPF,CDR202600067514,SENDER_OUTGOING_ACTIVITY,-24,1
UPI250111JIDZ17,CDR202600067524,RECEIVER_INCOMING_ACTIVITY,246,1
UPI251002RAH4WZ,CDR202600067535,SENDER_INCOMING_ACTIVITY,29,1
TXN2512076BLNZQ,CDR202600067554,DIRECT,-128,1
UPI250708YUABMO,CDR202600067560,RECEIVER_OUTGOING_ACTIVITY,-675,1
UPI250602MVBY1R,CDR202600067597,DIRECT,-98,1
UPI251210I37IN9,CDR202600067606,DIRECT,-48,1
TXN250301TRQW2O,CDR202600067638,SENDER_INCOMING_ACTIVITY,-266,1
UPI250824V54297,CDR202600067646,SENDER_INCOMING_ACTIVITY,533,1
TXN250928CKU7GN,CDR202600067694,SENDER_OUTGOING_ACTIVITY,-46,1
IMPS2510053E6IBC,CDR202600067695,DIRECT,-115,1
UPI250325U8QATQ,CDR202600067706,RECEIVER_OUTGOING_ACTIVITY,-202,1
TXN2503179K0KL8,CDR202600067711,REVERSE,86,1
ATM250614W3XYX0,CDR202600067713,SENDER_INCOMING_ACTIVITY,200,1
ATM250604IM0ZAL,CDR202600067795,SENDER_INCOMING_ACTIVITY,-28,1
UPI2503306ZUJA7,CDR202600067817,RECEIVER_INCOMING_ACTIVITY,221,1
ATM250930AHJHMC,CDR202600067824,SENDER_INCOMING_ACTIVITY,-6,1
IMPS250804C39U0S,CDR202600067863,REVERSE,-134,1
ATM2507240N7XOY,CDR202600067872,SENDER_INCOMING_ACTIVITY,-41,1
TXN250425YL9SIL,CDR202600067876,SENDER_OUTGOING_ACTIVITY,864,1
ATM2504152RFHIQ,CDR202600067878,SENDER_INCOMING_ACTIVITY,8,1
TXN250814C9J9NX,CDR202600067879,SENDER_INCOMING_ACTIVITY,-47,1
UPI250617DB8DIJ,CDR202600067892,RECEIVER_INCOMING_ACTIVITY,-42,1
TXN250506FR3UAW,CDR202600067914,REVERSE,47,1
UPI2511094OBTQY,CDR202600067951,SENDER_INCOMING_ACTIVITY,-1475,1
UPI2511234511R2,CDR202600067968,RECEIVER_OUTGOING_ACTIVITY,-246,1
UPI250503U79PZ4,CDR202600067978,DIRECT,83,1
ATM2509289A4I5W,CDR202600067986,DIRECT,7,1
UPI251009A01K4X,CDR202600068000,DIRECT,206,1
TXN250521TIRNIF,CDR202600068003,SENDER_OUTGOING_ACTIVITY,-26,1
ATM251129XZACY1,CDR202600068005,RECEIVER_INCOMING_ACTIVITY,99,1
TXN25072526MVSQ,CDR202600068046,DIRECT,138,1
ATM250314UX3YHX,CDR202600068053,SENDER_INCOMING_ACTIVITY,-33,1
ATM250619QEQ1Y5,CDR202600068058,DIRECT,-142,1
ATM251106OL4PN5,CDR202600068082,RECEIVER_INCOMING_ACTIVITY,-1550,1
TXN250410F7G6Y3,CDR202600068106,RECEIVER_INCOMING_ACTIVITY,-341,1
IMPS250413E1MC3S,CDR202600068110,REVERSE,-243,1
IMPS250512AMI292,CDR202600068134,RECEIVER_OUTGOING_ACTIVITY,-1168,1
TXN250220B2PONO,CDR202600068148,REVERSE,49,1
ATM251010Y4HC27,CDR202600068162,DIRECT,-129,1
ATM250324KJL4DM,CDR202600068177,DIRECT,-486,1
ATM250129YTY94Q,CDR202600068195,RECEIVER_OUTGOING_ACTIVITY,-7,1
ATM251027POQ1MV,CDR202600068209,RECEIVER_OUTGOING_ACTIVITY,111,1
ATM251021CZHV8W,CDR202600068228,RECEIVER_INCOMING_ACTIVITY,-45,1
UPI251011TKCUII,CDR202600068229,RECEIVER_OUTGOING_ACTIVITY,294,1
ATM251130PZ6O43,CDR202600068233,DIRECT,358,1
UPI2508218D2BVZ,CDR202600068235,SENDER_INCOMING_ACTIVITY,-309,1
UPI250806ZIK3CJ,CDR202600068241,DIRECT,-160,1
ATM250331W7MGJV,CDR202600068246,DIRECT,55,1
UPI2502216X4JXT,CDR202600068257,SENDER_OUTGOING_ACTIVITY,-887,1
UPI251130EK0M1J,CDR202600068265,RECEIVER_INCOMING_ACTIVITY,-161,1
TXN250926000IRK,CDR202600068268,REVERSE,-803,1
ATM251125D8758D,CDR202600068284,REVERSE,104,1
ATM250315AVP6Q4,CDR202600068286,DIRECT,1776,1
IMPS250819XKEJDS,CDR202600068290,DIRECT,1478,1
ATM250902L3GYPY,CDR202600068291,SENDER_OUTGOING_ACTIVITY,291,1
TXN251216WVZUOW,CDR202600068299,DIRECT,-825,1
TXN250819P0Z628,CDR202600068309,DIRECT,-89,1
ATM2504114X4U8T,CDR202600068313,RECEIVER_OUTGOING_ACTIVITY,-588,1
UPI2511201NKAJ1,CDR202600068326,SENDER_INCOMING_ACTIVITY,-618,1
UPI250524ULGRSI,CDR202600068331,REVERSE,-58,1
UPI2509184NIDWW,CDR202600068340,RECEIVER_OUTGOING_ACTIVITY,-49,1
TXN250921XA69ZA,CDR202600068359,SENDER_INCOMING_ACTIVITY,167,1
TXN250617P0EV2T,CDR202600068384,SENDER_OUTGOING_ACTIVITY,-187,1
UPI250131KMINKK,CDR202600068390,DIRECT,-868,1
ATM251113Z2OUL7,CDR202600068397,SENDER_INCOMING_ACTIVITY,19,1
UPI2505198XKQ6F,CDR202600068403,DIRECT,1069,1
UPI2505183C549P,CDR202600068410,RECEIVER_OUTGOING_ACTIVITY,755,1
IMPS250802NG4L4Q,CDR202600068414,REVERSE,4,1
IMPS250430TMYDPP,CDR202600068424,SENDER_INCOMING_ACTIVITY,820,1
UPI250724320UCF,CDR202600068428,DIRECT,194,1
UPI25120348BVZV,CDR202600068434,RECEIVER_INCOMING_ACTIVITY,58,1
UPI250120PW87Y8,CDR202600068437,REVERSE,14,1
ATM250504LUTL9Q,CDR202600068439,SENDER_OUTGOING_ACTIVITY,-139,1
TXN2504061PDF1Y,CDR202600068441,DIRECT,67,1
UPI250704QWFGAQ,CDR202600068463,DIRECT,-105,1
ATM25090207KLUD,CDR202600068482,RECEIVER_OUTGOING_ACTIVITY,-413,1
TXN250507J1SZB5,CDR202600068508,RECEIVER_OUTGOING_ACTIVITY,-83,1
ATM250616AO9IHJ,CDR202600068514,DIRECT,202,1
ATM250711XQ86GR,CDR202600068531,REVERSE,-77,1
ATM250302HXK838,CDR202600068553,SENDER_INCOMING_ACTIVITY,-992,1
UPI250820I1RCYP,CDR202600068562,DIRECT,50,1
TXN250425CMPS74,CDR202600068568,SENDER_INCOMING_ACTIVITY,-11,1
ATM251124R4K559,CDR202600068575,REVERSE,37,1
UPI250503W35JAS,CDR202600068601,RECEIVER_OUTGOING_ACTIVITY,511,1
ATM2501249YH7T4,CDR202600068612,DIRECT,-49,1
IMPS2501032O4M84,CDR202600068645,DIRECT,954,1
UPI25081277CY6G,CDR202600068648,SENDER_OUTGOING_ACTIVITY,282,1
ATM2512240X43CS,CDR202600068649,REVERSE,-194,1
ATM251229E9DNG8,CDR202600068682,SENDER_INCOMING_ACTIVITY,933,1
IMPS2509217ERSVY,CDR202600068684,RECEIVER_INCOMING_ACTIVITY,-473,1
ATM250521H2AOWH,CDR202600068693,DIRECT,272,1
ATM250508OZ6FGU,CDR202600068700,DIRECT,-550,1
ATM250414C86SNR,CDR202600068701,RECEIVER_INCOMING_ACTIVITY,106,1
ATM250311ARIOR6,CDR202600068710,DIRECT,-140,1
UPI250924ISYTXB,CDR202600068716,RECEIVER_OUTGOING_ACTIVITY,216,1
ATM250221MXXLEP,CDR202600068725,DIRECT,-252,1
ATM2506232F5231,CDR202600068726,SENDER_INCOMING_ACTIVITY,-260,1
UPI250701ZFT33D,CDR202600068742,RECEIVER_INCOMING_ACTIVITY,21,1
TXN250405UTRLUJ,CDR202600068747,DIRECT,-239,1
UPI250226QHQCWM,CDR202600068762,RECEIVER_INCOMING_ACTIVITY,18,1
UPI250227B5P8PF,CDR202600068775,RECEIVER_OUTGOING_ACTIVITY,-135,1
TXN251026E9YV7W,CDR202600068779,DIRECT,12,1
ATM250829IM1EEU,CDR202600068790,SENDER_OUTGOING_ACTIVITY,-1219,1
TXN2507144MAM8U,CDR202600068792,RECEIVER_OUTGOING_ACTIVITY,82,1
ATM251018JS6DQK,CDR202600068800,DIRECT,-205,1
TXN251023XHNZIH,CDR202600068810,REVERSE,-272,1
UPI250528D7P6F6,CDR202600068820,DIRECT,769,1
ATM251006DUDMXY,CDR202600068837,DIRECT,-207,1
UPI25120360E26Y,CDR202600068863,RECEIVER_OUTGOING_ACTIVITY,152,1
TXN2506160SW9CV,CDR202600068867,SENDER_INCOMING_ACTIVITY,55,1
UPI2510296UEFVA,CDR202600068899,REVERSE,142,1
UPI251015I34YJ9,CDR202600068905,SENDER_INCOMING_ACTIVITY,-7,1
TXN251016O5QFU1,CDR202600068919,DIRECT,4,1
TXN250609IA492K,CDR202600068923,REVERSE,1445,1
TXN250828ILMUK2,CDR202600068941,DIRECT,-33,1
TXN251031MRPH8N,CDR202600068975,SENDER_INCOMING_ACTIVITY,388,1
UPI250418CWY2Z4,CDR202600068981,RECEIVER_OUTGOING_ACTIVITY,-28,1
UPI250906GXO7W2,CDR202600068985,SENDER_INCOMING_ACTIVITY,-416,1
ATM250303VSCLLG,CDR202600068991,RECEIVER_INCOMING_ACTIVITY,-81,1
UPI250515K8PD79,CDR202600068996,SENDER_OUTGOING_ACTIVITY,586,1
ATM250915AX562S,CDR202600068998,SENDER_INCOMING_ACTIVITY,-163,1
IMPS2511216I7LE9,CDR202600069005,REVERSE,15,1
TXN25062306BMCY,CDR202600069060,SENDER_INCOMING_ACTIVITY,29,1
ATM251218ZQHX3J,CDR202600069067,REVERSE,-245,1
TXN250708S7A8IS,CDR202600069078,DIRECT,-300,1
ATM2508165ILDTV,CDR202600069109,REVERSE,-18,1
UPI2506019QDET8,CDR202600069140,DIRECT,128,1
ATM250624GIYY9G,CDR202600069163,RECEIVER_OUTGOING_ACTIVITY,-130,1
TXN250318KPH0H4,CDR202600069172,DIRECT,158,1
TXN250607F42TCT,CDR202600069181,RECEIVER_INCOMING_ACTIVITY,275,1
UPI250718VS50F5,CDR202600069195,DIRECT,-1582,1
ATM250205NX37ZO,CDR202600069213,REVERSE,-257,1
ATM251028DMMU31,CDR202600069247,SENDER_INCOMING_ACTIVITY,32,1
ATM250411N1AO5A,CDR202600069254,RECEIVER_OUTGOING_ACTIVITY,-76,1
TXN250720N5V4G9,CDR202600069256,REVERSE,52,1
ATM250507R9DJOR,CDR202600069262,SENDER_INCOMING_ACTIVITY,-383,1
UPI250320AF2U0H,CDR202600069276,REVERSE,-31,1
TXN250318AWRVFI,CDR202600069280,DIRECT,796,1
UPI2508051N7FLJ,CDR202600069290,SENDER_OUTGOING_ACTIVITY,725,1
UPI2510053DQP4K,CDR202600069307,RECEIVER_OUTGOING_ACTIVITY,1679,1
ATM250629BV7ZCF,CDR202600069329,RECEIVER_INCOMING_ACTIVITY,288,1
UPI250814K4N7O7,CDR202600069381,SENDER_OUTGOING_ACTIVITY,-490,1
IMPS2508211JE562,CDR202600069400,SENDER_OUTGOING_ACTIVITY,25,1
ATM250608XZ5QDZ,CDR202600069402,RECEIVER_INCOMING_ACTIVITY,297,1
ATM250802BQSK3U,CDR202600069412,REVERSE,-131,1
UPI250622Q685D9,CDR202600069441,SENDER_OUTGOING_ACTIVITY,44,1
TXN250505A3MODY,CDR202600069443,SENDER_INCOMING_ACTIVITY,-1753,1
ATM250123HDJVZ0,CDR202600069459,DIRECT,42,1
ATM2506013S90Q5,CDR202600069480,RECEIVER_INCOMING_ACTIVITY,-35,1
TXN250411CHS7A6,CDR202600069492,DIRECT,-30,1
IMPS250428BT6FJN,CDR202600069497,RECEIVER_OUTGOING_ACTIVITY,-91,1
UPI250808VPX9K7,CDR202600069501,DIRECT,151,1
TXN25051619836I,CDR202600069522,RECEIVER_OUTGOING_ACTIVITY,141,1
UPI251201Y6ILDX,CDR202600069561,SENDER_OUTGOING_ACTIVITY,-943,1
ATM2507151NOC02,CDR202600069569,SENDER_OUTGOING_ACTIVITY,189,1
ATM251227PMS0JH,CDR202600069570,SENDER_OUTGOING_ACTIVITY,-4,1
TXN250809L8064F,CDR202600069611,SENDER_INCOMING_ACTIVITY,-153,1
UPI250902GS8T76,CDR202600069634,SENDER_OUTGOING_ACTIVITY,-358,1
TXN250329DVV53J,CDR202600069640,DIRECT,-744,1
ATM2508046HP13L,CDR202600069643,SENDER_OUTGOING_ACTIVITY,-180,1
UPI250815WOHHGG,CDR202600069647,REVERSE,-103,1
UPI250525R1DRQU,CDR202600069649,DIRECT,-45,1
IMPS250603Q6765N,CDR202600069691,DIRECT,-307,1
UPI250923M3K2P0,CDR202600069692,SENDER_OUTGOING_ACTIVITY,5,1
TXN250702CAIISQ,CDR202600069730,RECEIVER_INCOMING_ACTIVITY,-140,1
ATM251014VITQON,CDR202600069739,SENDER_OUTGOING_ACTIVITY,1772,1
UPI250224LG2DGF,CDR202600069748,DIRECT,-385,1
ATM25091492S60G,CDR202600069749,SENDER_OUTGOING_ACTIVITY,-3,1
ATM250823S9JKZM,CDR202600069751,SENDER_OUTGOING_ACTIVITY,-345,1
TXN250202R0MAM5,CDR202600069798,REVERSE,-150,1
UPI251110IJQBW8,CDR202600069820,REVERSE,-32,1
ATM250713J8E9WE,CDR202600069845,REVERSE,15,1
ATM2511083T42QD,CDR202600069850,DIRECT,78,1
NEFT251103PBDJII,CDR202600069867,SENDER_INCOMING_ACTIVITY,32,1
IMPS251020KPPV6W,CDR202600069878,RECEIVER_OUTGOING_ACTIVITY,244,1
ATM250204E8XWSC,CDR202600069904,DIRECT,-246,1
UPI2503186Y5P73,CDR202600069940,DIRECT,46,1
TXN2507011VXCLP,CDR202600069942,DIRECT,112,1
UPI2501158QBA3J,CDR202600069951,REVERSE,-275,1
ATM2507149WNI6V,CDR202600069952,REVERSE,148,1
UPI2503051SLS8S,CDR202600069982,REVERSE,-274,1
UPI251013KDKFF0,CDR202600069983,SENDER_INCOMING_ACTIVITY,124,1
UPI250709G35DTK,CDR202600069986,DIRECT,-295,1
ATM250526Q4WUEZ,CDR202600069994,SENDER_INCOMING_ACTIVITY,-44,1
ATM250702XIZYMK,CDR202600070017,DIRECT,623,1
ATM2507101Q3RHC,CDR202600070056,DIRECT,-59,1
ATM250418WV4YWW,CDR202600070094,RECEIVER_OUTGOING_ACTIVITY,-1627,1
UPI250706ZN6GPX,CDR202600070108,SENDER_INCOMING_ACTIVITY,165,1
TXN250315K9BEOJ,CDR202600070114,SENDER_OUTGOING_ACTIVITY,-732,1
ATM251021IL9L9Z,CDR202600070117,SENDER_OUTGOING_ACTIVITY,53,1
ATM251201YG3W9L,CDR202600070121,REVERSE,49,1
UPI251203BT10IE,CDR202600070132,RECEIVER_INCOMING_ACTIVITY,115,1
ATM250731RPPIWZ,CDR202600070148,SENDER_OUTGOING_ACTIVITY,1454,1
UPI250914WXY9S6,CDR202600070154,REVERSE,-6,1
ATM250710BOM0PC,CDR202600070165,DIRECT,46,1
ATM250611H90IN5,CDR202600070184,DIRECT,-69,1
ATM250722XFOTUL,CDR202600070213,REVERSE,135,1
UPI250813SCWNHJ,CDR202600070216,RECEIVER_OUTGOING_ACTIVITY,-54,1
UPI250623MO5L5E,CDR202600070232,RECEIVER_INCOMING_ACTIVITY,47,1
ATM250228GCSKC2,CDR202600070274,RECEIVER_INCOMING_ACTIVITY,1148,1
UPI2508033JPN8W,CDR202600070289,REVERSE,981,1
ATM250701HH35Z2,CDR202600070294,REVERSE,236,1
TXN25110828QR9P,CDR202600070301,DIRECT,442,1
ATM250623QLZZKS,CDR202600070306,REVERSE,68,1
ATM251222PP0CVF,CDR202600070325,RECEIVER_INCOMING_ACTIVITY,-456,1
ATM250401C3Z1U5,CDR202600070342,SENDER_OUTGOING_ACTIVITY,15,1
TXN250618TUJ6N3,CDR202600070347,SENDER_OUTGOING_ACTIVITY,569,1
ATM250319VM1CD8,CDR202600070348,SENDER_OUTGOING_ACTIVITY,203,1
UPI2510043JTVXH,CDR202600070362,DIRECT,483,1
UPI2504253IU8DH,CDR202600070384,SENDER_OUTGOING_ACTIVITY,709,1
TXN250715HIZV23,CDR202600070387,SENDER_OUTGOING_ACTIVITY,54,1
UPI250102C8CYNL,CDR202600070398,DIRECT,-76,1
TXN250323HAZPOR,CDR202600070422,DIRECT,283,1
IMPS251221T23Z0U,CDR202600070425,REVERSE,52,1
ATM250726GO4JPV,CDR202600070429,SENDER_OUTGOING_ACTIVITY,-151,1
ATM250623GZPJZM,CDR202600070434,SENDER_OUTGOING_ACTIVITY,364,1
TXN251120BTAF3A,CDR202600070448,SENDER_INCOMING_ACTIVITY,-241,1
ATM250111Z300WZ,CDR202600070457,REVERSE,68,1
TXN250123EESTRB,CDR202600070491,SENDER_OUTGOING_ACTIVITY,-210,1
TXN250228418UBL,CDR202600070511,SENDER_INCOMING_ACTIVITY,-328,1
TXN250913MIUAOO,CDR202600070513,SENDER_OUTGOING_ACTIVITY,1074,1
ATM250606X8EVCH,CDR202600070515,DIRECT,774,1
TXN2505170C5ZAV,CDR202600070526,SENDER_OUTGOING_ACTIVITY,-195,1
TXN251229RHPR3J,CDR202600070531,SENDER_INCOMING_ACTIVITY,-87,1
UPI250527GAQSX9,CDR202600070534,DIRECT,-38,1
ATM250204HFQBVW,CDR202600070573,SENDER_INCOMING_ACTIVITY,-135,1
ATM250711OARJ4H,CDR202600070578,RECEIVER_INCOMING_ACTIVITY,-861,1
ATM250720JQQFAB,CDR202600070585,DIRECT,-315,1
UPI2503029BHXS2,CDR202600070596,REVERSE,-19,1
ATM251030I883J2,CDR202600070641,DIRECT,-642,1
TXN251124V13OZW,CDR202600070644,SENDER_OUTGOING_ACTIVITY,-35,1
ATM2507143SS153,CDR202600070645,REVERSE,1411,1
TXN251026AU05F1,CDR202600070700,DIRECT,-9,1
UPI2509185O68LN,CDR202600070703,RECEIVER_OUTGOING_ACTIVITY,187,1
UPI250509FIH0V0,CDR202600070716,DIRECT,-1015,1
ATM2506042EBBT3,CDR202600070722,DIRECT,49,1
ATM250501N2FL1U,CDR202600070735,RECEIVER_INCOMING_ACTIVITY,-133,1
ATM250131IM8QJ7,CDR202600070748,REVERSE,349,1
UPI250507S8CRMW,CDR202600070779,REVERSE,311,1
TXN250315ILAN0Q,CDR202600070785,REVERSE,-22,1
TXN2511180W29AH,CDR202600070836,DIRECT,1634,1
IMPS2502162QI54H,CDR202600070856,RECEIVER_OUTGOING_ACTIVITY,-210,1
IMPS251203G8UXZG,CDR202600070861,SENDER_INCOMING_ACTIVITY,-44,1
TXN251103QG7RKK,CDR202600070903,RECEIVER_INCOMING_ACTIVITY,-17,1
TXN25101447TPCW,CDR202600070945,SENDER_INCOMING_ACTIVITY,627,1
UPI250703E4VU34,CDR202600070956,SENDER_OUTGOING_ACTIVITY,-56,1
UPI25022475KSCN,CDR202600070965,DIRECT,327,1
TXN25010701002G,CDR202600070968,DIRECT,-208,1
UPI250810YDKXN5,CDR202600070984,RECEIVER_INCOMING_ACTIVITY,28,1
TXN250719NY4K12,CDR202600070996,DIRECT,1501,1
UPI25030244HOKN,CDR202600071017,SENDER_OUTGOING_ACTIVITY,39,1
ATM250725TJ8SYA,CDR202600071018,SENDER_INCOMING_ACTIVITY,763,1
TXN251126SV9X9A,CDR202600071025,REVERSE,-221,1
TXN250310KVG7Q3,CDR202600071034,DIRECT,-160,1
UPI251013ZMYNHZ,CDR202600071037,DIRECT,-156,1
TXN2511257GZ6XS,CDR202600071040,RECEIVER_INCOMING_ACTIVITY,-143,1
TXN250621EXF849,CDR202600071048,DIRECT,42,1
UPI251214754QC2,CDR202600071054,SENDER_INCOMING_ACTIVITY,-795,1
UPI250817SELYHL,CDR202600071078,SENDER_OUTGOING_ACTIVITY,-481,1
TXN251101Z5GGHZ,CDR202600071083,DIRECT,-488,1
UPI2504175SL0YP,CDR202600071093,DIRECT,133,1
UPI250921G3KDSX,CDR202600071108,SENDER_OUTGOING_ACTIVITY,-59,1
ATM250825PNU7MO,CDR202600071109,DIRECT,-244,1
ATM2510192EGRPJ,CDR202600071111,DIRECT,-31,1
TXN250703QUP3K7,CDR202600071118,SENDER_OUTGOING_ACTIVITY,5,1
ATM2502263MEAMT,CDR202600071122,REVERSE,13,1
ATM250806KHGLRJ,CDR202600071129,DIRECT,104,1
ATM250317QQ1WEE,CDR202600071134,DIRECT,279,1
IMPS250123S09BEF,CDR202600071138,DIRECT,1567,1
TXN250428WOYSLV,CDR202600071139,REVERSE,1155,1
TXN251228LFJWTH,CDR202600071160,DIRECT,-55,1
TXN2509117H21D7,CDR202600071164,SENDER_OUTGOING_ACTIVITY,-655,1
TXN250224RAAMGE,CDR202600071171,DIRECT,-203,1
ATM250602WJGU1F,CDR202600071176,REVERSE,-827,1
ATM251005WMNBQM,CDR202600071191,RECEIVER_INCOMING_ACTIVITY,464,1
TXN250302DV50PP,CDR202600071195,DIRECT,-1619,1
ATM250625EAFREU,CDR202600071213,REVERSE,550,1
UPI2504203R8WAX,CDR202600071238,SENDER_OUTGOING_ACTIVITY,-505,1
UPI250817JKESWI,CDR202600071243,SENDER_OUTGOING_ACTIVITY,-247,1
IMPS251128J32CJK,CDR202600071249,DIRECT,-518,1
ATM250806QT7L2Q,CDR202600071252,SENDER_INCOMING_ACTIVITY,1466,1
UPI250222RRYBNN,CDR202600071259,SENDER_OUTGOING_ACTIVITY,-112,1
ATM250421YZL6TR,CDR202600071290,SENDER_INCOMING_ACTIVITY,104,1
ATM250908Z1AOLQ,CDR202600071291,RECEIVER_OUTGOING_ACTIVITY,-72,1
TXN250820WIQ8EC,CDR202600071301,SENDER_INCOMING_ACTIVITY,-20,1
UPI250622R3BB3L,CDR202600071366,RECEIVER_OUTGOING_ACTIVITY,40,1
TXN250719T38D1B,CDR202600071371,SENDER_OUTGOING_ACTIVITY,54,1
UPI250422O7VL6N,CDR202600071375,DIRECT,-28,1
UPI251213GCL2SR,CDR202600071410,SENDER_OUTGOING_ACTIVITY,-453,1
ATM251031KWJBH6,CDR202600071411,REVERSE,-28,1
TXN250117X4URJH,CDR202600071455,DIRECT,211,1
UPI250603JX8OKQ,CDR202600071474,SENDER_OUTGOING_ACTIVITY,-2,1
ATM250727991S7B,CDR202600071479,SENDER_INCOMING_ACTIVITY,289,1
ATM251228CJU7SX,CDR202600071488,DIRECT,131,1
UPI2507310JCTV6,CDR202600071509,RECEIVER_OUTGOING_ACTIVITY,-2,1
UPI250605K1CI7N,CDR202600071549,SENDER_INCOMING_ACTIVITY,-178,1
ATM250701P3F06D,CDR202600071615,SENDER_INCOMING_ACTIVITY,-35,1
ATM251204YXX9LQ,CDR202600071628,SENDER_INCOMING_ACTIVITY,-325,1
IMPS250606O2X7DX,CDR202600071630,SENDER_INCOMING_ACTIVITY,39,1
UPI2511263618WE,CDR202600071642,DIRECT,-482,1
ATM251209H90M9Q,CDR202600071719,SENDER_INCOMING_ACTIVITY,637,1
ATM251220J47SX5,CDR202600071753,RECEIVER_INCOMING_ACTIVITY,-151,1
ATM2512272INB4F,CDR202600071775,SENDER_INCOMING_ACTIVITY,14,1
IMPS2510071D7K9G,CDR202600071787,RECEIVER_INCOMING_ACTIVITY,-70,1
ATM25041193C7FL,CDR202600071797,DIRECT,-419,1
ATM250812F51I0A,CDR202600071810,REVERSE,23,1
ATM251017T8OZ0A,CDR202600071812,DIRECT,236,1
ATM2509101RFVVQ,CDR202600071822,DIRECT,-210,1
IMPS2508092JXS3X,CDR202600071856,SENDER_OUTGOING_ACTIVITY,66,1
UPI250105KNE1YB,CDR202600071858,DIRECT,-167,1
ATM251118AGUCJ2,CDR202600071863,SENDER_OUTGOING_ACTIVITY,771,1
ATM251013RPVY5F,CDR202600071890,SENDER_OUTGOING_ACTIVITY,-289,1
IMPS250331ANIXPE,CDR202600071923,SENDER_INCOMING_ACTIVITY,942,1
UPI251204LOUG0N,CDR202600071931,SENDER_INCOMING_ACTIVITY,1396,1
UPI250228YLWTEA,CDR202600071941,DIRECT,-791,1
ATM251001E8QXUY,CDR202600071960,DIRECT,-1648,1
TXN251006FE5AE2,CDR202600071992,SENDER_OUTGOING_ACTIVITY,-534,1
TXN251014UXWREV,CDR202600072001,DIRECT,-158,1
TXN250113PVK8R6,CDR202600072045,REVERSE,190,1
UPI250222TV3Z1F,CDR202600072061,DIRECT,3,1
ATM251214727MVC,CDR202600072074,RECEIVER_INCOMING_ACTIVITY,54,1
ATM250521OSF5XQ,CDR202600072086,SENDER_INCOMING_ACTIVITY,-28,1
ATM251111WBS22C,CDR202600072089,DIRECT,31,1
TXN251226YLAF3Y,CDR202600072106,DIRECT,-42,1
UPI250417V5WAAT,CDR202600072118,DIRECT,199,1
UPI250706Z3UPG5,CDR202600072122,DIRECT,637,1
ATM250220BJVUWL,CDR202600072134,DIRECT,243,1
UPI250104IQICB5,CDR202600072138,SENDER_INCOMING_ACTIVITY,-299,1
UPI251003UEPBQ7,CDR202600072158,SENDER_OUTGOING_ACTIVITY,-167,1
UPI251204LDGRZ3,CDR202600072169,SENDER_INCOMING_ACTIVITY,-23,1
ATM251118GST36C,CDR202600072182,RECEIVER_OUTGOING_ACTIVITY,-209,1
ATM250819FBXPTF,CDR202600072190,DIRECT,51,1
ATM250730MFOYCT,CDR202600072192,SENDER_INCOMING_ACTIVITY,-234,1
UPI250602BI1TBG,CDR202600072205,SENDER_OUTGOING_ACTIVITY,-242,1
ATM250609FO90TV,CDR202600072208,RECEIVER_OUTGOING_ACTIVITY,26,1
TXN250114PQNYMP,CDR202600072215,SENDER_INCOMING_ACTIVITY,1600,1
UPI250419A5V5R1,CDR202600072229,RECEIVER_INCOMING_ACTIVITY,-44,1
ATM2511300T0965,CDR202600072234,DIRECT,41,1
ATM250924ZZLEYU,CDR202600072249,RECEIVER_INCOMING_ACTIVITY,61,1
UPI250224ZWW191,CDR202600072258,RECEIVER_INCOMING_ACTIVITY,-106,1
ATM250719NJB9UP,CDR202600072268,REVERSE,-320,1
ATM2512115FDNLV,CDR202600072293,SENDER_INCOMING_ACTIVITY,77,1
UPI250902P2PHSO,CDR202600072294,RECEIVER_OUTGOING_ACTIVITY,-267,1
ATM250711WISSZP,CDR202600072425,DIRECT,-38,1
TXN2508311IDOBN,CDR202600072427,DIRECT,-42,1
IMPS250327SI7RFL,CDR202600072437,DIRECT,-1704,1
TXN250522YM7QZP,CDR202600072438,SENDER_OUTGOING_ACTIVITY,-1579,1
TXN250905EC6KLO,CDR202600072443,REVERSE,-495,1
ATM2507066NV031,CDR202600072445,RECEIVER_OUTGOING_ACTIVITY,648,1
UPI250127X02SVX,CDR202600072480,RECEIVER_OUTGOING_ACTIVITY,-82,1
ATM2511127JG28H,CDR202600072498,DIRECT,-798,1
UPI250207L41KYL,CDR202600072523,DIRECT,-56,1
ATM250110SJFNL8,CDR202600072530,RECEIVER_INCOMING_ACTIVITY,-599,1
ATM251202U1IG9N,CDR202600072535,RECEIVER_INCOMING_ACTIVITY,-266,1
ATM25032695PV2N,CDR202600072541,RECEIVER_OUTGOING_ACTIVITY,-1123,1
ATM250713O96WBW,CDR202600072557,RECEIVER_INCOMING_ACTIVITY,-583,1
UPI250601MWIGGI,CDR202600072579,RECEIVER_OUTGOING_ACTIVITY,-507,1
UPI250924SLF0MW,CDR202600072634,DIRECT,-36,1
TXN250217BP9RMD,CDR202600072660,SENDER_INCOMING_ACTIVITY,-15,1
TXN250223CJXC6J,CDR202600072666,DIRECT,-243,1
TXN25110757AFDX,CDR202600072674,SENDER_OUTGOING_ACTIVITY,414,1
UPI250621DCE51G,CDR202600072696,DIRECT,-37,1
TXN2502221X0OJY,CDR202600072716,RECEIVER_INCOMING_ACTIVITY,-847,1
ATM250106T8MMDF,CDR202600072717,DIRECT,-247,1
ATM251124K25K4H,CDR202600072738,DIRECT,520,1
ATM250608CJNUWC,CDR202600072743,REVERSE,-31,1
UPI250917EY3ZIT,CDR202600072772,REVERSE,-14,1
ATM2508132N48U3,CDR202600072782,REVERSE,-19,1
ATM250916XATF19,CDR202600072786,DIRECT,-868,1
ATM250424HNL3MG,CDR202600072804,SENDER_OUTGOING_ACTIVITY,-659,1
UPI250124DJ46Q1,CDR202600072812,RECEIVER_INCOMING_ACTIVITY,1792,1
ATM2510232J8WXU,CDR202600072826,SENDER_INCOMING_ACTIVITY,190,1
ATM2501175WIWRG,CDR202600072834,SENDER_INCOMING_ACTIVITY,1059,1
ATM250608LG42ZZ,CDR202600072837,DIRECT,-654,1
IMPS250711HADZJH,CDR202600072848,RECEIVER_OUTGOING_ACTIVITY,-135,1
TXN250103LTO4RQ,CDR202600072866,SENDER_INCOMING_ACTIVITY,598,1
IMPS250724Y22APZ,CDR202600072898,SENDER_INCOMING_ACTIVITY,21,1
TXN250404M7TNKH,CDR202600072911,DIRECT,-704,1
UPI250807CZ1HNT,CDR202600072941,RECEIVER_OUTGOING_ACTIVITY,-52,1
UPI2509165DVX5W,CDR202600072943,SENDER_OUTGOING_ACTIVITY,1213,1
ATM250409AT3BRS,CDR202600072946,SENDER_OUTGOING_ACTIVITY,665,1
TXN250826LPGIV2,CDR202600072959,DIRECT,-14,1
ATM25061668S80A,CDR202600072970,SENDER_OUTGOING_ACTIVITY,282,1
ATM250121L5ES2E,CDR202600072982,RECEIVER_OUTGOING_ACTIVITY,144,1
ATM2504185HB6D4,CDR202600073007,DIRECT,-820,1
UPI250511IDHR9B,CDR202600073012,DIRECT,-285,1
UPI250128FJJHYJ,CDR202600073020,REVERSE,136,1
UPI2503189HW89A,CDR202600073058,SENDER_INCOMING_ACTIVITY,96,1
UPI250302UP6LRT,CDR202600073062,DIRECT,-25,1
ATM250704CV6VPJ,CDR202600073067,REVERSE,-4,1
UPI25020387F9D8,CDR202600073069,SENDER_INCOMING_ACTIVITY,-247,1
ATM250827D4T900,CDR202600073082,REVERSE,279,1
IMPS251003AZRF7N,CDR202600073087,DIRECT,47,1
TXN251205N51JET,CDR202600073091,RECEIVER_OUTGOING_ACTIVITY,-313,1
IMPS250621BEC2EY,CDR202600073124,REVERSE,-660,1
TXN250425JWUGVR,CDR202600073129,DIRECT,134,1
ATM250528WK19IX,CDR202600073161,REVERSE,-293,1
ATM250218AYJ2FG,CDR202600073177,DIRECT,-183,1
ATM250428FM0U67,CDR202600073210,SENDER_INCOMING_ACTIVITY,328,1
ATM250517OSCWRI,CDR202600073260,DIRECT,-75,1
IMPS250723JQNF7Z,CDR202600073266,DIRECT,662,1
UPI250407ZXX24F,CDR202600073272,DIRECT,-1094,1
UPI251129E6HNYR,CDR202600073278,DIRECT,43,1
TXN251226V4TBGL,CDR202600073280,DIRECT,-534,1
ATM250819JAHORC,CDR202600073298,DIRECT,60,1
UPI250712RE0W53,CDR202600073314,DIRECT,-113,1
IMPS25020790B2DF,CDR202600073337,DIRECT,206,1
UPI251106OYYICP,CDR202600073344,DIRECT,-803,1
ATM25041365U9KC,CDR202600073356,SENDER_OUTGOING_ACTIVITY,673,1
UPI250628LWVB01,CDR202600073364,DIRECT,86,1
ATM250919ST70RT,CDR202600073388,DIRECT,-749,1
TXN250823EN40ER,CDR202600073395,RECEIVER_INCOMING_ACTIVITY,-1360,1
UPI250312II4SLC,CDR202600073401,SENDER_OUTGOING_ACTIVITY,454,1
TXN251119DJ7PHO,CDR202600073445,DIRECT,276,1
TXN2501298M113J,CDR202600073449,DIRECT,44,1
UPI250703DH611N,CDR202600073457,RECEIVER_OUTGOING_ACTIVITY,-26,1
ATM250724M1S84T,CDR202600073464,SENDER_OUTGOING_ACTIVITY,-271,1
ATM250211HMF0FY,CDR202600073470,REVERSE,810,1
UPI251216H9H9LK,CDR202600073473,RECEIVER_OUTGOING_ACTIVITY,-57,1
ATM250909ZX1K1S,CDR202600073477,RECEIVER_OUTGOING_ACTIVITY,-298,1
UPI250720I0FG9P,CDR202600073482,DIRECT,-254,1
UPI250901U173XT,CDR202600073546,SENDER_INCOMING_ACTIVITY,164,1
TXN2511309EI7L7,CDR202600073550,DIRECT,58,1
UPI251026UCID98,CDR202600073554,REVERSE,839,1
TXN250718XUSVXJ,CDR202600073561,DIRECT,681,1
IMPS250714V0T3WH,CDR202600073588,REVERSE,579,1
TXN250730NGLVOP,CDR202600073593,SENDER_OUTGOING_ACTIVITY,475,1
UPI250124C7BFMO,CDR202600073603,DIRECT,509,1
UPI2507267UJWTP,CDR202600073613,DIRECT,161,1
ATM2509127FB9DI,CDR202600073652,SENDER_OUTGOING_ACTIVITY,8,1
ATM250317UISI8Y,CDR202600073665,DIRECT,-42,1
TXN250217OZOBB6,CDR202600073688,SENDER_OUTGOING_ACTIVITY,566,1
TXN251116V6QO1Y,CDR202600073694,RECEIVER_OUTGOING_ACTIVITY,-500,1
UPI2510164DFY6H,CDR202600073696,RECEIVER_INCOMING_ACTIVITY,-40,1
ATM251031UGKFNV,CDR202600073704,SENDER_OUTGOING_ACTIVITY,-1617,1
ATM250408J8AVTC,CDR202600073719,SENDER_INCOMING_ACTIVITY,-1066,1
UPI250713O3CPRS,CDR202600073731,SENDER_INCOMING_ACTIVITY,-278,1
UPI2512154QOGOY,CDR202600073740,RECEIVER_INCOMING_ACTIVITY,-208,1
UPI251106E3VRYC,CDR202600073747,DIRECT,398,1
ATM2507016663JQ,CDR202600073767,SENDER_INCOMING_ACTIVITY,54,1
UPI251027TXFBMV,CDR202600073793,SENDER_OUTGOING_ACTIVITY,175,1
UPI250424MLMKKC,CDR202600073808,DIRECT,-260,1
ATM2503178L78PN,CDR202600073828,RECEIVER_OUTGOING_ACTIVITY,-771,1
ATM250224DY06JS,CDR202600073861,RECEIVER_OUTGOING_ACTIVITY,552,1
ATM250625AH5IPV,CDR202600073910,REVERSE,-51,1
UPI250921YER03B,CDR202600073913,DIRECT,216,1
TXN25041987QRDT,CDR202600073921,DIRECT,-883,1
TXN250710IY52E8,CDR202600073961,REVERSE,245,1
IMPS250516QN6CKG,CDR202600073966,DIRECT,-468,1
UPI250603AU44L6,CDR202600073971,DIRECT,156,1
UPI251025YMQOMT,CDR202600073974,DIRECT,-1430,1
ATM250920P11KJZ,CDR202600074016,SENDER_INCOMING_ACTIVITY,78,1
TXN250802VYSVD9,CDR202600074019,REVERSE,757,1
ATM250105DLWRFL,CDR202600074086,REVERSE,16,1
TXN250115F1J3L9,CDR202600074098,RECEIVER_OUTGOING_ACTIVITY,41,1
ATM250826GT70S2,CDR202600074131,DIRECT,-26,1
UPI250202J1MHTE,CDR202600074157,RECEIVER_OUTGOING_ACTIVITY,610,1
UPI251124VFL6XT,CDR202600074165,DIRECT,-810,1
UPI250419YT7RTH,CDR202600074175,REVERSE,804,1
ATM251124FJO72G,CDR202600074182,SENDER_OUTGOING_ACTIVITY,-84,1
UPI2509186O6570,CDR202600074183,SENDER_INCOMING_ACTIVITY,-209,1
UPI250226J0NDL2,CDR202600074192,RECEIVER_INCOMING_ACTIVITY,241,1
IMPS251029U3IGBF,CDR202600074196,SENDER_INCOMING_ACTIVITY,-1067,1
UPI250827NGL9IL,CDR202600074205,REVERSE,-17,1
TXN250312H2IBFG,CDR202600074244,RECEIVER_INCOMING_ACTIVITY,-155,1
UPI250124QJ2ZIK,CDR202600074289,SENDER_OUTGOING_ACTIVITY,207,1
TXN25080785KD8I,CDR202600074311,DIRECT,569,1
UPI2509030A1P6V,CDR202600074316,DIRECT,-110,1
UPI251019FHJUFV,CDR202600074325,DIRECT,307,1
UPI25011360Q75T,CDR202600074337,SENDER_INCOMING_ACTIVITY,351,1
TXN250511Y15P2T,CDR202600074343,DIRECT,-670,1
TXN2509254V53NC,CDR202600074354,REVERSE,36,1
ATM2512274E9O0I,CDR202600074357,DIRECT,33,1
UPI250118NMWVLP,CDR202600074365,DIRECT,-299,1
UPI251202ZMAYAK,CDR202600074382,RECEIVER_OUTGOING_ACTIVITY,-489,1
TXN2505192KCO9A,CDR202600074399,DIRECT,-140,1
IMPS25042900UMCU,CDR202600074405,SENDER_OUTGOING_ACTIVITY,-1583,1
UPI250510H34NJW,CDR202600074409,DIRECT,1123,1
UPI250618YQHNGV,CDR202600074441,SENDER_INCOMING_ACTIVITY,-203,1
TXN250511V948PK,CDR202600074444,SENDER_INCOMING_ACTIVITY,-659,1
TXN251004CKWJLK,CDR202600074446,SENDER_OUTGOING_ACTIVITY,-795,1
ATM250525XAT1OK,CDR202600074455,SENDER_OUTGOING_ACTIVITY,-383,1
TXN250513YF941E,CDR202600074469,REVERSE,-221,1
UPI250827CAP5AY,CDR202600074500,DIRECT,190,1
UPI2501032B4JTJ,CDR202600074512,DIRECT,-1620,1
UPI2504136IW5QA,CDR202600074533,REVERSE,1238,1
UPI250307W8HLKU,CDR202600074538,DIRECT,460,1
TXN251025P48EKQ,CDR202600074543,SENDER_INCOMING_ACTIVITY,-123,1
TXN250205JQTR3I,CDR202600074552,DIRECT,-153,1
ATM250923XWTH8C,CDR202600074567,DIRECT,-564,1
ATM250121ETI9HD,CDR202600074571,DIRECT,850,1
UPI250224171YMD,CDR202600074612,REVERSE,750,1
UPI250911OJS6V2,CDR202600074624,REVERSE,50,1
IMPS250107IH0FUO,CDR202600074628,RECEIVER_OUTGOING_ACTIVITY,649,1
UPI250121FNXBLJ,CDR202600074662,REVERSE,5,1
ATM251114U0NA5X,CDR202600074688,REVERSE,-25,1
IMPS250914ZMSZ2Q,CDR202600074700,REVERSE,-15,1
ATM250329X1WQWH,CDR202600074703,RECEIVER_INCOMING_ACTIVITY,-661,1
IMPS250624ZDUD9M,CDR202600074723,RECEIVER_OUTGOING_ACTIVITY,-81,1
IMPS250511Y48CO9,CDR202600074727,DIRECT,1154,1
ATM2508197DQCN3,CDR202600074730,DIRECT,-188,1
ATM250120DCSEVY,CDR202600074743,DIRECT,-461,1
UPI2510061GGOXK,CDR202600074754,SENDER_INCOMING_ACTIVITY,-442,1
TXN250113RZZSBL,CDR202600074756,DIRECT,395,1
ATM2502273JZX47,CDR202600074762,DIRECT,848,1
UPI25092315KR1E,CDR202600074818,DIRECT,603,1
ATM250610FN39DL,CDR202600074821,REVERSE,735,1
UPI251206OVA95G,CDR202600074829,RECEIVER_OUTGOING_ACTIVITY,22,1
ATM250406YHJZZB,CDR202600074844,DIRECT,157,1
ATM2501133JPOBM,CDR202600074852,SENDER_OUTGOING_ACTIVITY,1624,1
TXN250714VKQ5LK,CDR202600074858,RECEIVER_INCOMING_ACTIVITY,18,1
TXN250527EZ8GOQ,CDR202600074864,REVERSE,44,1
IMPS2501151HFU9P,CDR202600074871,RECEIVER_OUTGOING_ACTIVITY,-1800,1
TXN2507012G9M7X,CDR202600074903,DIRECT,-52,1
UPI251214U59UVT,CDR202600074913,SENDER_OUTGOING_ACTIVITY,802,1
UPI250106GFX30A,CDR202600074921,DIRECT,-181,1
UPI250709MKWNKQ,CDR202600074925,RECEIVER_OUTGOING_ACTIVITY,-564,1
TXN250902F4O6RI,CDR202600074926,REVERSE,53,1
TXN2505162SUHK1,CDR202600074931,DIRECT,-38,1
UPI250805Q0H9PG,CDR202600074939,REVERSE,-510,1
ATM25111946PRC6,CDR202600074945,DIRECT,-33,1
IMPS251208DGFG8T,CDR202600074963,DIRECT,26,1
ATM251227NRHESP,CDR202600074976,REVERSE,-780,1
UPI251006J66QA9,CDR202600074987,SENDER_INCOMING_ACTIVITY,-756,1
UPI2507205NAAKT,CDR202600075011,SENDER_INCOMING_ACTIVITY,663,1
ATM250213J8VAMY,CDR202600075013,DIRECT,-673,1
UPI250417FORFS0,CDR202600075033,SENDER_INCOMING_ACTIVITY,500,1
ATM251023BT3PUD,CDR202600075042,SENDER_OUTGOING_ACTIVITY,77,1
UPI2505099D3D3I,CDR202600075055,SENDER_INCOMING_ACTIVITY,-482,1
TXN250701FHFHAZ,CDR202600075065,SENDER_OUTGOING_ACTIVITY,1690,1
IMPS2501137P2F96,CDR202600075073,DIRECT,132,1
UPI2507057TGR9N,CDR202600075083,DIRECT,57,1
ATM250216XVNLVX,CDR202600075084,RECEIVER_INCOMING_ACTIVITY,-30,1
TXN250807OKSEJT,CDR202600075097,RECEIVER_INCOMING_ACTIVITY,-117,1
UPI25011047DVCF,CDR202600075101,DIRECT,-108,1
TXN250408LNRTM3,CDR202600075124,SENDER_INCOMING_ACTIVITY,244,1
UPI250519H7DS9D,CDR202600075142,DIRECT,-187,1
IMPS251224AYJCU5,CDR202600075144,REVERSE,-25,1
UPI2506147JYJT7,CDR202600075157,SENDER_INCOMING_ACTIVITY,1166,1
UPI2508030U0CV0,CDR202600075190,RECEIVER_INCOMING_ACTIVITY,-43,1
ATM2503240H88CX,CDR202600075191,REVERSE,-305,1
UPI250601HND7T8,CDR202600075201,DIRECT,-242,1
UPI250610R0WX5N,CDR202600075205,REVERSE,811,1
TXN2502231MIEC2,CDR202600075208,RECEIVER_OUTGOING_ACTIVITY,610,1
ATM251203LM0U29,CDR202600075217,DIRECT,-391,1
TXN2507157FTB43,CDR202600075224,DIRECT,-1226,1
UPI250526WPT1EU,CDR202600075237,RECEIVER_INCOMING_ACTIVITY,-10,1
TXN250108SRK6M8,CDR202600075249,DIRECT,-779,1
TXN251005LJ7YK9,CDR202600075270,RECEIVER_OUTGOING_ACTIVITY,170,1
TXN251127EV6QHT,CDR202600075293,DIRECT,1256,1
TXN250429U2C1MR,CDR202600075359,RECEIVER_OUTGOING_ACTIVITY,19,1
ATM250418AKOKHO,CDR202600075379,RECEIVER_INCOMING_ACTIVITY,251,1
UPI250528PF2YF5,CDR202600075381,RECEIVER_INCOMING_ACTIVITY,-218,1
ATM251028O7D4S3,CDR202600075398,DIRECT,-156,1
TXN250416K45WSU,CDR202600075407,DIRECT,202,1
ATM2505226V94W2,CDR202600075408,REVERSE,-51,1
IMPS250723MGZBZV,CDR202600075422,DIRECT,-124,1
ATM250417JRSGHN,CDR202600075445,REVERSE,-35,1
ATM250319H22CL0,CDR202600075449,DIRECT,-273,1
UPI2511027UEKNW,CDR202600075485,DIRECT,373,1
UPI250707O30S33,CDR202600075522,SENDER_INCOMING_ACTIVITY,-22,1
IMPS250228P7L0SM,CDR202600075538,REVERSE,-648,1
UPI251207W4CDO0,CDR202600075541,SENDER_INCOMING_ACTIVITY,-94,1
UPI250428GICZ5O,CDR202600075550,RECEIVER_OUTGOING_ACTIVITY,-547,1
TXN2501055XBIGU,CDR202600075559,DIRECT,-581,1
TXN250601CFILLD,CDR202600075579,SENDER_OUTGOING_ACTIVITY,-280,1
UPI250818TOO0OW,CDR202600075611,REVERSE,-12,1
UPI2509076VZTQW,CDR202600075632,DIRECT,-147,1
TXN2506208RI3XL,CDR202600075633,DIRECT,1462,1
ATM251118ZO9PYB,CDR202600075635,SENDER_OUTGOING_ACTIVITY,1044,1
UPI250511VMP0TI,CDR202600075674,RECEIVER_OUTGOING_ACTIVITY,-216,1
ATM251209XQ82TZ,CDR202600075691,SENDER_INCOMING_ACTIVITY,1458,1
UPI250225FC19WG,CDR202600075695,REVERSE,-2,1
TXN250525L5CY5M,CDR202600075739,DIRECT,20,1
UPI250602BSK02E,CDR202600075747,RECEIVER_OUTGOING_ACTIVITY,-872,1
IMPS250402X8LTR5,CDR202600075785,DIRECT,233,1
TXN250624M9E4P6,CDR202600075804,DIRECT,-24,1
UPI250531M28AQM,CDR202600075821,SENDER_OUTGOING_ACTIVITY,142,1
UPI250526T7CJ3K,CDR202600075827,SENDER_OUTGOING_ACTIVITY,55,1
UPI250824J8INNJ,CDR202600075871,SENDER_OUTGOING_ACTIVITY,248,1
ATM250828J8UNND,CDR202600075877,SENDER_INCOMING_ACTIVITY,-203,1
ATM250220JD0TVO,CDR202600075892,SENDER_OUTGOING_ACTIVITY,-88,1
TXN250224COMXIC,CDR202600075895,SENDER_OUTGOING_ACTIVITY,-138,1
TXN250426QBRW8V,CDR202600075945,SENDER_INCOMING_ACTIVITY,-44,1
UPI250421ZAYV1W,CDR202600075951,REVERSE,-722,1
ATM2507104IOXMP,CDR202600075973,SENDER_INCOMING_ACTIVITY,59,1
UPI2505164SU3LQ,CDR202600076006,DIRECT,20,1
IMPS250802XYTKDR,CDR202600076011,REVERSE,14,1
ATM250116FS5BM0,CDR202600076013,RECEIVER_OUTGOING_ACTIVITY,109,1
UPI250731JNRJII,CDR202600076038,SENDER_INCOMING_ACTIVITY,-962,1
TXN250305QI01D8,CDR202600076044,SENDER_OUTGOING_ACTIVITY,179,1
UPI250705BUWJKR,CDR202600076045,SENDER_OUTGOING_ACTIVITY,-64,1
ATM251207OONUTG,CDR202600076048,DIRECT,-361,1
ATM250309TKBQ54,CDR202600076069,REVERSE,5,1
ATM251024IZSGGR,CDR202600076070,SENDER_INCOMING_ACTIVITY,-491,1
IMPS2501146PIV6R,CDR202600076090,RECEIVER_INCOMING_ACTIVITY,238,1
ATM2506056JA2LH,CDR202600076093,DIRECT,-211,1
TXN250607KYPQRU,CDR202600076099,RECEIVER_INCOMING_ACTIVITY,-89,1
ATM250430Q3O5KA,CDR202600076105,RECEIVER_INCOMING_ACTIVITY,252,1
ATM251030ZP33MW,CDR202600076155,REVERSE,-771,1
IMPS250101AQVKIZ,CDR202600076173,REVERSE,-457,1
TXN251005MMTCSP,CDR202600076205,DIRECT,26,1
UPI251009XK7G3S,CDR202600076234,SENDER_OUTGOING_ACTIVITY,-24,1
UPI251224PZDFYS,CDR202600076242,DIRECT,457,1
ATM2509142JOQWC,CDR202600076276,SENDER_INCOMING_ACTIVITY,157,1
ATM2511091F2854,CDR202600076288,DIRECT,692,1
ATM2509097VMOC0,CDR202600076397,SENDER_OUTGOING_ACTIVITY,-250,1
TXN250104SBU7GE,CDR202600076430,DIRECT,111,1
UPI2509199BGXYM,CDR202600076456,SENDER_OUTGOING_ACTIVITY,1434,1
ATM250212O31W9N,CDR202600076498,DIRECT,256,1
ATM251010P0U9FE,CDR202600076504,DIRECT,388,1
TXN251015WEAVOM,CDR202600076523,DIRECT,35,1
UPI251208MAWIRW,CDR202600076542,DIRECT,98,1
UPI25052701T4OW,CDR202600076555,SENDER_INCOMING_ACTIVITY,154,1
UPI2507102X6Z3P,CDR202600076566,REVERSE,254,1
ATM250830EPP0ZC,CDR202600076570,DIRECT,-4,1
TXN250219V9AMLE,CDR202600076578,RECEIVER_INCOMING_ACTIVITY,-112,1
UPI250131LSE9GT,CDR202600076636,REVERSE,-716,1
ATM250514ZO35EJ,CDR202600076642,RECEIVER_INCOMING_ACTIVITY,897,1
TXN2505295VNBF5,CDR202600076645,REVERSE,212,1
ATM250529WHJNZH,CDR202600076658,SENDER_OUTGOING_ACTIVITY,168,1
TXN250728IROIPI,CDR202600076680,SENDER_INCOMING_ACTIVITY,140,1
ATM250912FR16QG,CDR202600076685,DIRECT,-178,1
ATM250424WPLIF9,CDR202600076689,DIRECT,-1444,1
ATM25021329O56E,CDR202600076691,REVERSE,-1315,1
IMPS2502028ES5O0,CDR202600076706,RECEIVER_OUTGOING_ACTIVITY,27,1
IMPS251001QBVCWO,CDR202600076707,SENDER_OUTGOING_ACTIVITY,48,1
TXN250116NXHSTL,CDR202600076738,RECEIVER_INCOMING_ACTIVITY,215,1
TXN2512023R4VK7,CDR202600076745,REVERSE,86,1
ATM251030ZVYUBK,CDR202600076755,DIRECT,-17,1
ATM2507254GYVFO,CDR202600076776,DIRECT,254,1
UPI250624DSQIFO,CDR202600076786,RECEIVER_INCOMING_ACTIVITY,-1493,1
TXN25091021VNGF,CDR202600076789,SENDER_OUTGOING_ACTIVITY,35,1
ATM250303LI6BAP,CDR202600076795,SENDER_OUTGOING_ACTIVITY,2,1
UPI250914Q4XQ85,CDR202600076818,RECEIVER_INCOMING_ACTIVITY,-45,1
UPI250721STA6D6,CDR202600076840,SENDER_INCOMING_ACTIVITY,270,1
ATM251119R1IJIT,CDR202600076843,RECEIVER_INCOMING_ACTIVITY,-34,1
UPI250107BHEYYS,CDR202600076869,DIRECT,55,1
ATM251207B2CPT9,CDR202600076872,DIRECT,233,1
ATM251119WH20XA,CDR202600076881,REVERSE,-91,1
UPI250324BHOA6A,CDR202600076883,DIRECT,174,1
UPI2508099P8XZW,CDR202600076910,RECEIVER_OUTGOING_ACTIVITY,683,1
UPI250316W7K8BX,CDR202600076914,SENDER_INCOMING_ACTIVITY,-46,1
UPI250219CY2NGA,CDR202600076922,DIRECT,-140,1
UPI250611PMA5D4,CDR202600076928,DIRECT,20,1
IMPS250324RR45GP,CDR202600076929,SENDER_OUTGOING_ACTIVITY,-19,1
IMPS2502175Z95YB,CDR202600076935,SENDER_OUTGOING_ACTIVITY,-40,1
UPI250813Q0DCWR,CDR202600076978,REVERSE,-118,1
TXN25030447ABPE,CDR202600076981,DIRECT,-83,1
ATM250818SE7IOF,CDR202600076993,REVERSE,138,1
ATM250212G3MRFV,CDR202600077023,SENDER_OUTGOING_ACTIVITY,216,1
UPI25010831QX4Q,CDR202600077029,SENDER_INCOMING_ACTIVITY,-51,1
UPI250910YWBV38,CDR202600077030,DIRECT,282,1
ATM251022Q3RU7W,CDR202600077031,DIRECT,-5,1
UPI250502JTUPSE,CDR202600077092,DIRECT,633,1
ATM250926GBIMI0,CDR202600077102,REVERSE,119,1
UPI2508019PFYAM,CDR202600077104,REVERSE,-182,1
TXN250727FKAZ2S,CDR202600077112,RECEIVER_OUTGOING_ACTIVITY,228,1
UPI2512288AW7VS,CDR202600077122,RECEIVER_INCOMING_ACTIVITY,885,1
UPI2509158CTEJE,CDR202600077128,RECEIVER_INCOMING_ACTIVITY,-1083,1
UPI251104FVGN10,CDR202600077140,DIRECT,24,1
TXN250306ORCTEC,CDR202600077154,REVERSE,558,1
ATM2509204DAXRA,CDR202600077155,SENDER_INCOMING_ACTIVITY,95,1
UPI2512065YZHSB,CDR202600077159,SENDER_INCOMING_ACTIVITY,-137,1
UPI2504033SFDPH,CDR202600077195,RECEIVER_OUTGOING_ACTIVITY,-1,1
ATM251027W6MMOA,CDR202600077199,RECEIVER_OUTGOING_ACTIVITY,51,1
ATM250608IP6R2R,CDR202600077205,SENDER_OUTGOING_ACTIVITY,298,1
UPI250521U9QCC5,CDR202600077215,SENDER_INCOMING_ACTIVITY,-1332,1
ATM251116J1NJS5,CDR202600077233,RECEIVER_OUTGOING_ACTIVITY,51,1
ATM251129TE58OV,CDR202600077244,DIRECT,-698,1
TXN250116EEKKTG,CDR202600077254,DIRECT,-48,1
ATM250918G96MEO,CDR202600077257,REVERSE,-2,1
UPI251106XEYLV4,CDR202600077274,SENDER_INCOMING_ACTIVITY,-387,1
UPI250427FEHR54,CDR202600077278,SENDER_INCOMING_ACTIVITY,-549,1
ATM25101061EGHF,CDR202600077297,RECEIVER_INCOMING_ACTIVITY,11,1
TXN251119G5S8MX,CDR202600077310,SENDER_INCOMING_ACTIVITY,-108,1
UPI250618U0LMCK,CDR202600077320,RECEIVER_OUTGOING_ACTIVITY,-691,1
ATM2506127JB6EX,CDR202600077334,SENDER_OUTGOING_ACTIVITY,148,1
ATM251229QDDI37,CDR202600077335,RECEIVER_INCOMING_ACTIVITY,-44,1
IMPS250617NCN7TN,CDR202600077353,DIRECT,407,1
ATM250413YIXYSV,CDR202600077381,REVERSE,828,1
UPI2501302WN10A,CDR202600077388,SENDER_OUTGOING_ACTIVITY,-573,1
ATM250220EOY4C7,CDR202600077391,SENDER_INCOMING_ACTIVITY,-289,1
TXN250316M681L0,CDR202600077392,DIRECT,70,1
UPI250109N952B5,CDR202600077426,SENDER_INCOMING_ACTIVITY,14,1
IMPS2502167DCPP5,CDR202600077447,DIRECT,-1708,1
UPI2505200X3SWZ,CDR202600077448,DIRECT,-617,1
TXN251029V65G7I,CDR202600077464,RECEIVER_INCOMING_ACTIVITY,-44,1
ATM251103J8BMUS,CDR202600077466,SENDER_OUTGOING_ACTIVITY,128,1
UPI250425I1SMMN,CDR202600077467,SENDER_OUTGOING_ACTIVITY,-61,1
TXN2508297MYOXB,CDR202600077528,SENDER_OUTGOING_ACTIVITY,974,1
ATM250710QRXXM0,CDR202600077551,DIRECT,444,1
UPI250418HKLCRS,CDR202600077562,DIRECT,-585,1
ATM250901DKXU92,CDR202600077577,DIRECT,127,1
ATM250511H1A62I,CDR202600077608,RECEIVER_INCOMING_ACTIVITY,72,1
TXN2504091QYDYA,CDR202600077609,DIRECT,173,1
TXN2501131WRAA7,CDR202600077622,RECEIVER_OUTGOING_ACTIVITY,-289,1
ATM2502209JY6S0,CDR202600077637,DIRECT,-946,1
ATM251222DMV2RK,CDR202600077648,REVERSE,422,1
ATM250817063S8I,CDR202600077661,SENDER_OUTGOING_ACTIVITY,-53,1
TXN251024QLRRIZ,CDR202600077666,RECEIVER_OUTGOING_ACTIVITY,-401,1
ATM250520W3E8OJ,CDR202600077675,RECEIVER_INCOMING_ACTIVITY,300,1
TXN25121174BV43,CDR202600077677,DIRECT,39,1
ATM250812EL7SPG,CDR202600077684,DIRECT,109,1
UPI250413V7N11J,CDR202600077694,SENDER_OUTGOING_ACTIVITY,-1555,1
UPI2508294CUJP7,CDR202600077706,DIRECT,40,1
UPI2501162GI57W,CDR202600077762,RECEIVER_OUTGOING_ACTIVITY,1274,1
TXN250527781TPR,CDR202600077771,RECEIVER_OUTGOING_ACTIVITY,56,1
IMPS251010R49U8G,CDR202600077780,DIRECT,531,1
ATM250225VY9HWO,CDR202600077785,RECEIVER_INCOMING_ACTIVITY,49,1
UPI2502017W6X24,CDR202600077792,SENDER_INCOMING_ACTIVITY,-21,1
TXN251127TQRT85,CDR202600077797,RECEIVER_INCOMING_ACTIVITY,-221,1
UPI250925ERJG93,CDR202600077803,REVERSE,22,1
IMPS250707S744DL,CDR202600077818,DIRECT,595,1
ATM2501289ECIDS,CDR202600077822,SENDER_INCOMING_ACTIVITY,-1207,1
TXN250921AVK352,CDR202600077829,RECEIVER_OUTGOING_ACTIVITY,-8,1
UPI250506N0HV18,CDR202600077839,RECEIVER_INCOMING_ACTIVITY,-99,1
TXN250627ICD8PM,CDR202600077872,SENDER_OUTGOING_ACTIVITY,-90,1
ATM250703PMFGOZ,CDR202600077874,SENDER_INCOMING_ACTIVITY,-58,1
IMPS25042996A6QN,CDR202600077908,DIRECT,809,1
TXN250530QH8MAS,CDR202600077914,DIRECT,-845,1
ATM250416D615HI,CDR202600077916,DIRECT,-290,1
ATM250805IUBVFD,CDR202600077938,RECEIVER_INCOMING_ACTIVITY,-32,1
TXN25122632D0PG,CDR202600077954,SENDER_OUTGOING_ACTIVITY,-22,1
ATM2501046C0OX8,CDR202600077965,DIRECT,-22,1
ATM25021151LAS5,CDR202600077969,RECEIVER_OUTGOING_ACTIVITY,3,1
UPI2505231887L8,CDR202600077970,RECEIVER_INCOMING_ACTIVITY,-683,1
TXN2506010YEL0E,CDR202600077974,DIRECT,273,1
UPI2510265LUA3Q,CDR202600077978,SENDER_INCOMING_ACTIVITY,142,1
TXN250923XL5IN9,CDR202600077996,DIRECT,785,1
TXN2512226WD2UO,CDR202600078008,DIRECT,1650,1
ATM250429TP7922,CDR202600078015,SENDER_OUTGOING_ACTIVITY,-17,1
ATM250113F5CDFM,CDR202600078016,RECEIVER_OUTGOING_ACTIVITY,21,1
TXN2508160RZLYO,CDR202600078034,REVERSE,504,1
UPI250525D8RR5R,CDR202600078064,REVERSE,-45,1
ATM2508287G9AVZ,CDR202600078067,REVERSE,-2,1
TXN250315RNRJVK,CDR202600078074,RECEIVER_INCOMING_ACTIVITY,-874,1
ATM250208BNL5DE,CDR202600078097,SENDER_OUTGOING_ACTIVITY,-270,1
TXN250314RSEKED,CDR202600078109,SENDER_OUTGOING_ACTIVITY,-26,1
TXN25080736XLVT,CDR202600078120,SENDER_INCOMING_ACTIVITY,171,1
UPI251009V8PU8F,CDR202600078162,RECEIVER_OUTGOING_ACTIVITY,689,1
ATM250417VBSI44,CDR202600078177,SENDER_INCOMING_ACTIVITY,10,1
UPI250309LFT3QT,CDR202600078195,RECEIVER_OUTGOING_ACTIVITY,29,1
TXN251024JETT5L,CDR202600078201,DIRECT,299,1
UPI250705UIWUOM,CDR202600078217,RECEIVER_OUTGOING_ACTIVITY,-406,1
ATM250106NIL847,CDR202600078228,REVERSE,-121,1
TXN250119J32DCI,CDR202600078236,DIRECT,-128,1
IMPS251017IFWB9S,CDR202600078272,SENDER_INCOMING_ACTIVITY,-816,1
ATM250525RTG2XU,CDR202600078305,SENDER_OUTGOING_ACTIVITY,10,1
ATM25011455H6ID,CDR202600078318,SENDER_INCOMING_ACTIVITY,-759,1
UPI2512254RZDOY,CDR202600078332,SENDER_INCOMING_ACTIVITY,48,1
UPI2509177EDLYT,CDR202600078351,SENDER_INCOMING_ACTIVITY,1704,1
TXN2503036OC19Q,CDR202600078357,RECEIVER_OUTGOING_ACTIVITY,272,1
ATM250706VNZ64L,CDR202600078360,DIRECT,-56,1
ATM250808N8B4Q2,CDR202600078367,REVERSE,-435,1
UPI250827SIVDVK,CDR202600078371,RECEIVER_OUTGOING_ACTIVITY,157,1
TXN250208M2SP0T,CDR202600078389,REVERSE,12,1
UPI251115DU0BLJ,CDR202600078390,RECEIVER_OUTGOING_ACTIVITY,-620,1
TXN250130QD8BLZ,CDR202600078431,SENDER_INCOMING_ACTIVITY,20,1
UPI2510210FQDBZ,CDR202600078445,DIRECT,-2,1
UPI2507273TKPUO,CDR202600078470,DIRECT,173,1
UPI2504024IYA35,CDR202600078495,RECEIVER_OUTGOING_ACTIVITY,18,1
ATM250109F8GQ8D,CDR202600078518,SENDER_OUTGOING_ACTIVITY,194,1
ATM250507CQQRST,CDR202600078521,RECEIVER_INCOMING_ACTIVITY,-180,1
UPI250801SQABM6,CDR202600078543,SENDER_INCOMING_ACTIVITY,-881,1
ATM251126I96GF0,CDR202600078558,RECEIVER_INCOMING_ACTIVITY,106,1
IMPS251114233Y4N,CDR202600078591,SENDER_OUTGOING_ACTIVITY,1754,1
TXN250603P8ATLZ,CDR202600078602,DIRECT,-59,1
ATM251027XRRP07,CDR202600078606,SENDER_OUTGOING_ACTIVITY,-97,1
UPI2502160AVJ5A,CDR202600078614,RECEIVER_OUTGOING_ACTIVITY,-35,1
ATM251010D0H6LG,CDR202600078619,SENDER_INCOMING_ACTIVITY,-34,1
ATM250504BGMKL7,CDR202600078638,SENDER_INCOMING_ACTIVITY,374,1
IMPS251218Y2XY6J,CDR202600078642,SENDER_OUTGOING_ACTIVITY,12,1
ATM251113H8JY0R,CDR202600078658,DIRECT,-38,1
TXN250511UQ93F7,CDR202600078660,SENDER_INCOMING_ACTIVITY,670,1
UPI250522EBXGM5,CDR202600078662,RECEIVER_OUTGOING_ACTIVITY,-170,1
ATM250913GBW2O0,CDR202600078665,DIRECT,-42,1
TXN251202QY0FLM,CDR202600078666,DIRECT,747,1
TXN250922OCZHQT,CDR202600078688,DIRECT,-56,1
TXN250216UOCQ0T,CDR202600078697,DIRECT,286,1
ATM251222742EOW,CDR202600078699,SENDER_INCOMING_ACTIVITY,-13,1
ATM250126MGUM2D,CDR202600078700,REVERSE,-1507,1
TXN251212X8TSH0,CDR202600078708,DIRECT,1684,1
UPI2502035MIAUW,CDR202600078710,RECEIVER_OUTGOING_ACTIVITY,285,1
TXN250903CBYJRC,CDR202600078717,SENDER_OUTGOING_ACTIVITY,-697,1
UPI2505299M4AYA,CDR202600078727,DIRECT,196,1
UPI251111UACUFM,CDR202600078733,SENDER_OUTGOING_ACTIVITY,805,1
TXN250620RVEWCG,CDR202600078759,REVERSE,-12,1
UPI250411QN48Y6,CDR202600078780,RECEIVER_INCOMING_ACTIVITY,-117,1
ATM250314UJJFU2,CDR202600078796,RECEIVER_OUTGOING_ACTIVITY,-96,1
ATM250508KV0EVA,CDR202600078805,SENDER_OUTGOING_ACTIVITY,-58,1
UPI2501065M9FER,CDR202600078821,DIRECT,-16,1
ATM251009LAUPKQ,CDR202600078848,RECEIVER_OUTGOING_ACTIVITY,347,1
ATM250128YFV0GZ,CDR202600078877,RECEIVER_INCOMING_ACTIVITY,-850,1
UPI250918A4YUW9,CDR202600078886,REVERSE,-292,1
UPI250423JACQRZ,CDR202600078887,REVERSE,-666,1
TXN2510125AG1LO,CDR202600078897,SENDER_OUTGOING_ACTIVITY,-237,1
IMPS2506142RZZJC,CDR202600078902,REVERSE,886,1
ATM2511096OL7B7,CDR202600078907,SENDER_INCOMING_ACTIVITY,19,1
IMPS2503045WN5H8,CDR202600078912,DIRECT,1589,1
IMPS251111ESUQZF,CDR202600078921,SENDER_INCOMING_ACTIVITY,-28,1
UPI250321YXN24P,CDR202600078941,REVERSE,221,1
UPI250318PK46X2,CDR202600078944,REVERSE,-543,1
UPI250524K5BDKB,CDR202600078947,DIRECT,301,1
TXN250926PC7WQY,CDR202600078949,SENDER_INCOMING_ACTIVITY,31,1
ATM251217909N2P,CDR202600078952,SENDER_OUTGOING_ACTIVITY,-54,1
IMPS250128RTKFC2,CDR202600078959,DIRECT,-604,1
ATM250119D2EW0P,CDR202600078993,REVERSE,-173,1
ATM250626F09S0H,CDR202600079054,RECEIVER_INCOMING_ACTIVITY,12,1
UPI250318UQARM8,CDR202600079068,SENDER_OUTGOING_ACTIVITY,1707,1
ATM251123J4MYFL,CDR202600079074,DIRECT,-351,1
ATM250301FBVQKO,CDR202600079104,RECEIVER_OUTGOING_ACTIVITY,-815,1
UPI250629YJDMAE,CDR202600079110,SENDER_INCOMING_ACTIVITY,-155,1
UPI2510118NZ3YH,CDR202600079113,DIRECT,50,1
TXN2512058XLWFX,CDR202600079142,DIRECT,498,1
ATM251008ETGFU8,CDR202600079163,DIRECT,-44,1
UPI2509173POSQ2,CDR202600079173,RECEIVER_INCOMING_ACTIVITY,1075,1
ATM250309IQBT4I,CDR202600079190,DIRECT,511,1
ATM251231QMQ1K5,CDR202600079197,DIRECT,-24,1
UPI251228Z4CZ3F,CDR202600079205,REVERSE,258,1
UPI2509031JA8RY,CDR202600079208,DIRECT,50,1
UPI2507123XW9YZ,CDR202600079210,DIRECT,269,1
UPI250414D7HTQC,CDR202600079211,SENDER_INCOMING_ACTIVITY,1627,1
TXN250901K3GVN4,CDR202600079215,RECEIVER_OUTGOING_ACTIVITY,576,1
ATM251113PZL3WW,CDR202600079227,REVERSE,779,1
ATM2504031LFJY9,CDR202600079241,REVERSE,-41,1
ATM250813LJNZJM,CDR202600079274,SENDER_OUTGOING_ACTIVITY,-1270,1
TXN2501301AZRMM,CDR202600079277,SENDER_OUTGOING_ACTIVITY,1514,1
UPI250106LMWNMJ,CDR202600079291,SENDER_OUTGOING_ACTIVITY,-114,1
UPI2502109NFU5F,CDR202600079300,SENDER_OUTGOING_ACTIVITY,-298,1
ATM250930FRETXS,CDR202600079373,SENDER_OUTGOING_ACTIVITY,76,1
ATM2504143P4Q3J,CDR202600079375,DIRECT,-29,1
ATM250516IOCAXZ,CDR202600079394,SENDER_OUTGOING_ACTIVITY,-1439,1
ATM25060355I4MN,CDR202600079397,SENDER_INCOMING_ACTIVITY,48,1
ATM251004DR603Z,CDR202600079425,REVERSE,258,1
UPI250512EGFCD9,CDR202600079448,DIRECT,-40,1
UPI2506242MKRLZ,CDR202600079454,DIRECT,69,1
ATM251125R89OH7,CDR202600079461,REVERSE,154,1
TXN250425XQCRCP,CDR202600079471,RECEIVER_OUTGOING_ACTIVITY,400,1
IMPS250721OMC6QO,CDR202600079474,DIRECT,1210,1
UPI2512204BJSQ8,CDR202600079481,DIRECT,-168,1
TXN2507182BSBLR,CDR202600079483,REVERSE,21,1
UPI250609FSD92K,CDR202600079486,REVERSE,367,1
UPI250903UDQRIL,CDR202600079488,SENDER_INCOMING_ACTIVITY,28,1
UPI25031905K319,CDR202600079491,DIRECT,14,1
UPI250328B5G0M7,CDR202600079497,RECEIVER_INCOMING_ACTIVITY,-577,1
ATM250828UL40ZL,CDR202600079510,DIRECT,1277,1
ATM250126FEW5CW,CDR202600079511,REVERSE,-1269,1
TXN250102QCZ0N0,CDR202600079543,REVERSE,-106,1
ATM250203TROF84,CDR202600079550,SENDER_OUTGOING_ACTIVITY,141,1
ATM2511304OTSGQ,CDR202600079563,DIRECT,54,1
ATM250826LSKBU2,CDR202600079565,DIRECT,-695,1
UPI250111VE5RZU,CDR202600079572,RECEIVER_OUTGOING_ACTIVITY,571,1
UPI2509124D9MI3,CDR202600079616,DIRECT,-16,1
ATM250822GMWEBL,CDR202600079622,DIRECT,-207,1
ATM250715YXUB5X,CDR202600079627,SENDER_INCOMING_ACTIVITY,81,1
UPI250124HY1P11,CDR202600079629,DIRECT,-11,1
TXN2504294JUSMV,CDR202600079635,DIRECT,-239,1
ATM250827G2474G,CDR202600079654,DIRECT,-17,1
UPI2508049KCEF4,CDR202600079680,SENDER_INCOMING_ACTIVITY,747,1
TXN250614GR2EFA,CDR202600079704,SENDER_OUTGOING_ACTIVITY,42,1
ATM250220970JWK,CDR202600079725,SENDER_INCOMING_ACTIVITY,-25,1
UPI250703ZKGU66,CDR202600079755,REVERSE,-37,1
ATM250711Y9VCLK,CDR202600079761,SENDER_INCOMING_ACTIVITY,46,1
TXN25080183V36J,CDR202600079779,SENDER_INCOMING_ACTIVITY,33,1
TXN250813X15XMM,CDR202600079781,RECEIVER_OUTGOING_ACTIVITY,57,1
ATM250826MZDXFC,CDR202600079792,RECEIVER_INCOMING_ACTIVITY,-53,1
UPI2508153BD2L5,CDR202600079796,RECEIVER_INCOMING_ACTIVITY,267,1
TXN251104UG03CO,CDR202600079801,SENDER_INCOMING_ACTIVITY,846,1
UPI250620PVBBOY,CDR202600079813,DIRECT,1556,1
ATM250309II4GAW,CDR202600079816,DIRECT,-141,1
TXN2502182DVKMX,CDR202600079833,SENDER_OUTGOING_ACTIVITY,-43,1
UPI250103HLI5L6,CDR202600079856,SENDER_INCOMING_ACTIVITY,161,1
TXN251127ME55BO,CDR202600079873,SENDER_INCOMING_ACTIVITY,-334,1
UPI25010155J2O7,CDR202600079874,RECEIVER_INCOMING_ACTIVITY,-39,1
TXN251015WN350H,CDR202600079877,REVERSE,-19,1
ATM250717FU39HQ,CDR202600079884,DIRECT,-51,1
ATM250423EI12SZ,CDR202600079887,DIRECT,-285,1
UPI250605UQSTAT,CDR202600079897,RECEIVER_OUTGOING_ACTIVITY,496,1
TXN2505192PFXRR,CDR202600079919,RECEIVER_INCOMING_ACTIVITY,642,1
UPI251020XZ0HC4,CDR202600079964,DIRECT,64,1
UPI2501218JOOT8,CDR202600079978,SENDER_INCOMING_ACTIVITY,-310,1
ATM250907QUOHCZ,CDR202600079996,DIRECT,-19,1
TXN251014G2MILV,CDR202600080003,DIRECT,264,1
TXN250929ANS0R1,CDR202600080014,DIRECT,-183,1
ATM250708YTMMUU,CDR202600080016,REVERSE,233,1
ATM250614N4W95O,CDR202600080092,SENDER_OUTGOING_ACTIVITY,192,1
TXN2507216BUZVX,CDR202600080101,SENDER_INCOMING_ACTIVITY,-179,1
ATM250223VTP7C0,CDR202600080108,DIRECT,43,1
UPI250707ICHZLD,CDR202600080116,DIRECT,-1093,1
TXN250326B05NPQ,CDR202600080150,RECEIVER_INCOMING_ACTIVITY,733,1
TXN250629P2KEE9,CDR202600080152,DIRECT,-176,1
UPI250622BMH10Q,CDR202600080158,REVERSE,686,1
UPI250320N8RS4F,CDR202600080161,DIRECT,-90,1
UPI2511056A9B43,CDR202600080175,DIRECT,-619,1
TXN250407SMSJCP,CDR202600080184,REVERSE,-857,1
TXN2501304VF0UX,CDR202600080201,SENDER_OUTGOING_ACTIVITY,-426,1
UPI2502059AEWN9,CDR202600080204,RECEIVER_INCOMING_ACTIVITY,133,1
ATM2502161088KB,CDR202600080210,DIRECT,-735,1
UPI251024OTR9NL,CDR202600080212,REVERSE,811,1
ATM250223EJ5PT4,CDR202600080238,DIRECT,-36,1
ATM2504058ZD1NG,CDR202600080249,SENDER_OUTGOING_ACTIVITY,42,1
IMPS250923XSEQN3,CDR202600080257,SENDER_INCOMING_ACTIVITY,383,1
UPI250308ZO9OZG,CDR202600080265,REVERSE,-1562,1
TXN250312GWKR7D,CDR202600080275,RECEIVER_INCOMING_ACTIVITY,27,1
UPI250701BHK5QQ,CDR202600080281,RECEIVER_OUTGOING_ACTIVITY,209,1
ATM250317Y7RJ6N,CDR202600080290,SENDER_INCOMING_ACTIVITY,-38,1
ATM25022761XUW7,CDR202600080301,SENDER_OUTGOING_ACTIVITY,-23,1
UPI250405U42ATC,CDR202600080306,DIRECT,161,1
UPI250728V4UJCN,CDR202600080309,REVERSE,-506,1
TXN250309N6VFQ6,CDR202600080328,REVERSE,177,1
ATM250819W739LK,CDR202600080333,DIRECT,1260,1
TXN2501236ES699,CDR202600080337,DIRECT,-29,1
ATM2509282FH3RS,CDR202600080366,REVERSE,-708,1
IMPS251004DOV3ZO,CDR202600080373,SENDER_OUTGOING_ACTIVITY,1,1
TXN251130OKRI23,CDR202600080394,DIRECT,-739,1
UPI2511086ZZZ71,CDR202600080412,REVERSE,-262,1
UPI250426SW07MP,CDR202600080418,DIRECT,-39,1
ATM2505163NXQ5N,CDR202600080425,REVERSE,58,1
UPI250307RYPLHJ,CDR202600080443,RECEIVER_INCOMING_ACTIVITY,-6,1
ATM250419YGQU9Y,CDR202600080465,DIRECT,-10,1
ATM250116GDGMLE,CDR202600080469,SENDER_OUTGOING_ACTIVITY,268,1
IMPS25103091K2QM,CDR202600080472,REVERSE,237,1
UPI2503013UYXOF,CDR202600080478,SENDER_INCOMING_ACTIVITY,57,1
TXN250531QV3ZVL,CDR202600080480,RECEIVER_INCOMING_ACTIVITY,44,1
TXN2512132SPXU7,CDR202600080484,DIRECT,-26,1
ATM250625K497LG,CDR202600080489,DIRECT,16,1
UPI250912HZUYMD,CDR202600080493,SENDER_OUTGOING_ACTIVITY,-55,1
ATM251004CAAX3U,CDR202600080494,SENDER_INCOMING_ACTIVITY,-492,1
UPI251008WHRFXD,CDR202600080497,DIRECT,-559,1
UPI251124UJ63AD,CDR202600080508,SENDER_INCOMING_ACTIVITY,-491,1
ATM250424SDM1AF,CDR202600080525,REVERSE,-782,1
UPI2504063QZB4L,CDR202600080528,SENDER_OUTGOING_ACTIVITY,18,1
UPI251121ZX5DG2,CDR202600080555,REVERSE,76,1
UPI250531YLJ1EW,CDR202600080584,SENDER_INCOMING_ACTIVITY,96,1
UPI2509165BJL6U,CDR202600080596,REVERSE,-507,1
UPI250305CILMND,CDR202600080598,SENDER_INCOMING_ACTIVITY,113,1
UPI250427PX1ZGE,CDR202600080611,RECEIVER_OUTGOING_ACTIVITY,-52,1
TXN250812LF14EX,CDR202600080612,DIRECT,77,1
ATM250320NGYIDT,CDR202600080613,RECEIVER_INCOMING_ACTIVITY,718,1
UPI251202FE3ZZN,CDR202600080616,DIRECT,-2,1
TXN250721RIIAQL,CDR202600080643,SENDER_INCOMING_ACTIVITY,-1377,1
ATM2504114GHKOT,CDR202600080657,DIRECT,-160,1
UPI250819CRWVHY,CDR202600080658,DIRECT,-18,1
UPI25070865IIIK,CDR202600080662,SENDER_OUTGOING_ACTIVITY,-586,1
UPI250818BSRVLE,CDR202600080680,DIRECT,-1793,1
UPI250916CT108Q,CDR202600080690,RECEIVER_INCOMING_ACTIVITY,60,1
TXN250512D7F87C,CDR202600080699,SENDER_INCOMING_ACTIVITY,994,1
ATM250613MJMBVP,CDR202600080721,REVERSE,875,1
ATM2505138JMS84,CDR202600080739,SENDER_OUTGOING_ACTIVITY,-518,1
UPI250925XL3LXT,CDR202600080743,RECEIVER_INCOMING_ACTIVITY,-432,1
ATM250109LQKIXE,CDR202600080747,RECEIVER_OUTGOING_ACTIVITY,852,1
TXN250604P3TCUE,CDR202600080751,SENDER_INCOMING_ACTIVITY,9,1
ATM250717P9YFIH,CDR202600080759,DIRECT,-259,1
TXN250208PNLMKM,CDR202600080765,SENDER_OUTGOING_ACTIVITY,-166,1
ATM250805QQB6CV,CDR202600080785,SENDER_OUTGOING_ACTIVITY,14,1
ATM250523XV0KYZ,CDR202600080786,RECEIVER_INCOMING_ACTIVITY,75,1
ATM25042350WK0W,CDR202600080792,DIRECT,54,1
UPI250114XAH6IX,CDR202600080804,RECEIVER_INCOMING_ACTIVITY,-204,1
UPI251129Y0FZ5X,CDR202600080815,DIRECT,-16,1
ATM251220401UJ1,CDR202600080827,SENDER_OUTGOING_ACTIVITY,5,1
ATM250805ERUUJF,CDR202600080829,SENDER_INCOMING_ACTIVITY,-39,1
TXN250303OZKMST,CDR202600080839,DIRECT,195,1
TXN2508081KBTL1,CDR202600080841,REVERSE,1248,1
TXN251130NC9T43,CDR202600080843,SENDER_OUTGOING_ACTIVITY,-867,1
IMPS251013I80RJ2,CDR202600080867,RECEIVER_INCOMING_ACTIVITY,58,1
IMPS251218I1MCIX,CDR202600080886,REVERSE,-1246,1
UPI250120SH88PF,CDR202600080891,DIRECT,885,1
UPI2504227SQJBJ,CDR202600080911,SENDER_OUTGOING_ACTIVITY,-455,1
ATM250122THKASL,CDR202600080933,SENDER_OUTGOING_ACTIVITY,-378,1
IMPS2512218CCH3Q,CDR202600080957,SENDER_OUTGOING_ACTIVITY,-364,1
UPI2507200J0T6I,CDR202600080960,DIRECT,1604,1
UPI2508178EWUSS,CDR202600080982,RECEIVER_OUTGOING_ACTIVITY,434,1
ATM2501064Q4VTY,CDR202600081012,REVERSE,224,1
ATM251007K08AMY,CDR202600081025,DIRECT,587,1
UPI250627ZY1BNK,CDR202600081026,DIRECT,234,1
TXN251025PX5PEM,CDR202600081033,RECEIVER_OUTGOING_ACTIVITY,1567,1
UPI251222GGRAPL,CDR202600081049,REVERSE,256,1
IMPS250405IWBJNE,CDR202600081056,SENDER_INCOMING_ACTIVITY,-51,1
IMPS2505305F4GQX,CDR202600081057,SENDER_OUTGOING_ACTIVITY,-81,1
IMPS250613W7VC3L,CDR202600081059,RECEIVER_INCOMING_ACTIVITY,858,1
UPI25032167BLHG,CDR202600081069,SENDER_OUTGOING_ACTIVITY,364,1
TXN251231IO2C27,CDR202600081084,SENDER_OUTGOING_ACTIVITY,-275,1
UPI250812XCSX6M,CDR202600081099,REVERSE,-244,1
TXN250727AWC7KE,CDR202600081106,DIRECT,-14,1
UPI250204PQ034C,CDR202600081144,REVERSE,-110,1
UPI250515B181NG,CDR202600081149,SENDER_OUTGOING_ACTIVITY,182,1
UPI251003HJREFR,CDR202600081233,RECEIVER_INCOMING_ACTIVITY,-735,1
UPI250319634WR2,CDR202600081259,DIRECT,189,1
TXN2503170YIH5C,CDR202600081263,DIRECT,-105,1
TXN250205ME930G,CDR202600081274,RECEIVER_OUTGOING_ACTIVITY,-29,1
UPI250929IR8WBP,CDR202600081333,SENDER_OUTGOING_ACTIVITY,54,1
IMPS250710AHFZ5Z,CDR202600081341,RECEIVER_INCOMING_ACTIVITY,1167,1
TXN250819KRRC7P,CDR202600081348,SENDER_OUTGOING_ACTIVITY,452,1
IMPS250618OJ8Q9F,CDR202600081374,RECEIVER_INCOMING_ACTIVITY,741,1
ATM250721BSTO4W,CDR202600081391,DIRECT,857,1
UPI251018CHAA3I,CDR202600081403,RECEIVER_INCOMING_ACTIVITY,-730,1
ATM2506164B1UFB,CDR202600081425,SENDER_OUTGOING_ACTIVITY,1154,1
UPI250411IE8ASW,CDR202600081434,SENDER_INCOMING_ACTIVITY,51,1
TXN25011703DCUV,CDR202600081447,RECEIVER_INCOMING_ACTIVITY,-24,1
ATM250908JEMOD5,CDR202600081465,DIRECT,-48,1
UPI250601UEC8YA,CDR202600081483,DIRECT,277,1
UPI2506084UG2ND,CDR202600081491,DIRECT,1163,1
TXN250205716FD1,CDR202600081492,SENDER_OUTGOING_ACTIVITY,1541,1
ATM250909RFED7H,CDR202600081499,SENDER_INCOMING_ACTIVITY,93,1
UPI250109AW0EWA,CDR202600081515,SENDER_INCOMING_ACTIVITY,-505,1
UPI250503A4CFK1,CDR202600081519,SENDER_INCOMING_ACTIVITY,-76,1
ATM250511WRUOFR,CDR202600081530,SENDER_OUTGOING_ACTIVITY,-96,1
ATM250803HY1TVB,CDR202600081551,SENDER_OUTGOING_ACTIVITY,-2,1
TXN250530SJ2UK2,CDR202600081552,SENDER_OUTGOING_ACTIVITY,8,1
ATM250415Q5FQ00,CDR202600081566,DIRECT,-164,1
IMPS2505223HPMO4,CDR202600081620,DIRECT,121,1
UPI250510EQZGF0,CDR202600081627,SENDER_INCOMING_ACTIVITY,1085,1
IMPS250322IPSIC3,CDR202600081635,SENDER_OUTGOING_ACTIVITY,-187,1
ATM2507170TWD78,CDR202600081653,SENDER_OUTGOING_ACTIVITY,115,1
IMPS2502101MCAJY,CDR202600081654,RECEIVER_INCOMING_ACTIVITY,-95,1
TXN251215I4STPY,CDR202600081685,SENDER_INCOMING_ACTIVITY,42,1
TXN251012SJC961,CDR202600081701,DIRECT,470,1
TXN25020368DABM,CDR202600081719,SENDER_OUTGOING_ACTIVITY,-17,1
IMPS2502128SWPEA,CDR202600081721,SENDER_OUTGOING_ACTIVITY,-221,1
ATM250129RC82E3,CDR202600081739,RECEIVER_INCOMING_ACTIVITY,-286,1
ATM250616XVPN72,CDR202600081764,REVERSE,-235,1
TXN250608BQ70I4,CDR202600081773,SENDER_OUTGOING_ACTIVITY,-848,1
ATM2502173TEM72,CDR202600081777,SENDER_INCOMING_ACTIVITY,-248,1
TXN250221RDWWQG,CDR202600081785,SENDER_INCOMING_ACTIVITY,-86,1
ATM2501117SOOIT,CDR202600081799,SENDER_INCOMING_ACTIVITY,693,1
TXN2512135O5CTO,CDR202600081811,SENDER_OUTGOING_ACTIVITY,-39,1
ATM250806I00K9X,CDR202600081825,RECEIVER_INCOMING_ACTIVITY,241,1
UPI251118ATWQHE,CDR202600081851,DIRECT,812,1
ATM251115ROOJVH,CDR202600081860,DIRECT,153,1
ATM2504059KN5IV,CDR202600081865,REVERSE,-47,1
UPI250309V1WQY4,CDR202600081871,SENDER_OUTGOING_ACTIVITY,53,1
UPI2505047IXL5N,CDR202600081879,RECEIVER_INCOMING_ACTIVITY,-1101,1
UPI250122MRG6OK,CDR202600081891,DIRECT,219,1
ATM251211BQ7NSP,CDR202600081892,REVERSE,51,1
ATM250404PRRL5N,CDR202600081958,SENDER_OUTGOING_ACTIVITY,475,1
ATM250320SFP1FS,CDR202600081985,SENDER_OUTGOING_ACTIVITY,1313,1
UPI2510229KQ2LH,CDR202600081988,DIRECT,-332,1
ATM250106A0E9EK,CDR202600082009,REVERSE,228,1
UPI251216123PX1,CDR202600082011,SENDER_OUTGOING_ACTIVITY,134,1
TXN250430WTWQWU,CDR202600082028,DIRECT,368,1
IMPS250130R54Y3K,CDR202600082033,DIRECT,141,1
UPI2501026CKMAL,CDR202600082039,DIRECT,38,1
TXN25062064CF0K,CDR202600082050,SENDER_INCOMING_ACTIVITY,529,1
IMPS250929MPZMQD,CDR202600082067,DIRECT,270,1
ATM251222RONBD8,CDR202600082075,DIRECT,36,1
UPI25080329WG34,CDR202600082082,DIRECT,-743,1
TXN251024N3UHID,CDR202600082090,SENDER_OUTGOING_ACTIVITY,277,1
TXN250227SFFUWH,CDR202600082094,SENDER_OUTGOING_ACTIVITY,-294,1
IMPS250711IEVFVY,CDR202600082116,SENDER_INCOMING_ACTIVITY,300,1
ATM250213BVUUG8,CDR202600082133,DIRECT,7,1
UPI2507048TL938,CDR202600082134,SENDER_OUTGOING_ACTIVITY,35,1
ATM250916EU3V88,CDR202600082141,RECEIVER_OUTGOING_ACTIVITY,-467,1
TXN250626HL7MLL,CDR202600082145,SENDER_OUTGOING_ACTIVITY,559,1
UPI250706K26DA3,CDR202600082165,RECEIVER_OUTGOING_ACTIVITY,-1664,1
ATM2504123FTO5D,CDR202600082189,DIRECT,-422,1
UPI25083050WTD5,CDR202600082192,RECEIVER_INCOMING_ACTIVITY,-11,1
UPI250629R2HNCD,CDR202600082193,DIRECT,19,1
UPI251210EKG8P8,CDR202600082210,RECEIVER_OUTGOING_ACTIVITY,-746,1
UPI250503KOS3YX,CDR202600082239,RECEIVER_INCOMING_ACTIVITY,637,1
UPI25011996X90R,CDR202600082244,DIRECT,80,1
TXN251031Z0JBQ0,CDR202600082268,RECEIVER_OUTGOING_ACTIVITY,-281,1
UPI251007788YU1,CDR202600082274,DIRECT,-106,1
UPI251225BRLCOQ,CDR202600082287,SENDER_INCOMING_ACTIVITY,-1792,1
ATM250616Z5HY17,CDR202600082298,SENDER_INCOMING_ACTIVITY,-201,1
TXN2511103P3KWI,CDR202600082317,SENDER_OUTGOING_ACTIVITY,-1011,1
ATM250414XUNHDI,CDR202600082336,RECEIVER_INCOMING_ACTIVITY,-708,1
UPI251031EPDQA7,CDR202600082355,DIRECT,-2,1
TXN250625Q5WCFU,CDR202600082386,RECEIVER_INCOMING_ACTIVITY,-520,1
TXN250926XPCV9C,CDR202600082413,RECEIVER_INCOMING_ACTIVITY,1417,1
ATM251013HKQ9HS,CDR202600082436,SENDER_INCOMING_ACTIVITY,-67,1
ATM250523JIOM3W,CDR202600082456,SENDER_OUTGOING_ACTIVITY,-767,1
ATM250805BJ695C,CDR202600082463,REVERSE,-46,1
UPI250705S37HYI,CDR202600082464,SENDER_INCOMING_ACTIVITY,-8,1
ATM2504269P5WUA,CDR202600082476,REVERSE,38,1
UPI250712JPIH0W,CDR202600082493,RECEIVER_OUTGOING_ACTIVITY,678,1
TXN250722W8TWJY,CDR202600082503,RECEIVER_OUTGOING_ACTIVITY,18,1
UPI2503162CTJRI,CDR202600082513,DIRECT,1219,1
UPI250120J8JCFD,CDR202600082538,RECEIVER_INCOMING_ACTIVITY,-269,1
ATM250515J43XNP,CDR202600082555,DIRECT,81,1
UPI2507152STUJ5,CDR202600082577,SENDER_INCOMING_ACTIVITY,-419,1
UPI250825PWU6Q7,CDR202600082579,DIRECT,-89,1
TXN250608XU3SKQ,CDR202600082604,DIRECT,-1209,1
UPI250521CTJGQP,CDR202600082605,REVERSE,678,1
TXN25111675KBUS,CDR202600082662,DIRECT,-254,1
ATM251106HWG3Y3,CDR202600082666,REVERSE,-887,1
TXN251104V2RC34,CDR202600082683,REVERSE,1341,1
ATM250224SLIXUK,CDR202600082695,DIRECT,820,1
ATM251203LXBS0M,CDR202600082698,SENDER_OUTGOING_ACTIVITY,247,1
UPI250223G20G7Z,CDR202600082737,RECEIVER_INCOMING_ACTIVITY,59,1
UPI250116N42K39,CDR202600082770,DIRECT,-684,1
IMPS250120TA57AG,CDR202600082790,DIRECT,654,1
TXN250605HOH35L,CDR202600082799,SENDER_INCOMING_ACTIVITY,243,1
TXN2510119TD43F,CDR202600082812,SENDER_OUTGOING_ACTIVITY,-192,1
ATM251214O94ZL6,CDR202600082817,DIRECT,-143,1
TXN2503246V8CJI,CDR202600082836,DIRECT,283,1
UPI250312J97Q1P,CDR202600082839,SENDER_OUTGOING_ACTIVITY,-930,1
UPI250628V4VZI3,CDR202600082865,DIRECT,4,1
ATM251005XU06FM,CDR202600082885,SENDER_INCOMING_ACTIVITY,667,1
TXN250713N16BBY,CDR202600082910,SENDER_INCOMING_ACTIVITY,-126,1
UPI250815W3KP1H,CDR202600082927,SENDER_INCOMING_ACTIVITY,-349,1
ATM250819VSYMB0,CDR202600082956,SENDER_INCOMING_ACTIVITY,507,1
ATM251121612TMK,CDR202600082971,RECEIVER_OUTGOING_ACTIVITY,844,1
ATM25122990EWRC,CDR202600082990,DIRECT,973,1
ATM2504232WW4D1,CDR202600082995,DIRECT,-250,1
UPI250122E74Q4V,CDR202600082998,REVERSE,-164,1
ATM250615G8EQW2,CDR202600083019,SENDER_INCOMING_ACTIVITY,-881,1
UPI250709UX7VXL,CDR202600083025,RECEIVER_OUTGOING_ACTIVITY,-210,1
ATM251225RZC28E,CDR202600083034,DIRECT,-177,1
UPI250611DIFUON,CDR202600083054,REVERSE,119,1
ATM250711TRX3ZK,CDR202600083076,RECEIVER_INCOMING_ACTIVITY,-33,1
TXN251120C8MFYG,CDR202600083114,REVERSE,-731,1
UPI2506111XOSIK,CDR202600083115,DIRECT,653,1
UPI250508M1KH12,CDR202600083120,DIRECT,36,1
ATM251107NCFF5I,CDR202600083187,DIRECT,-83,1
ATM25021129G0U0,CDR202600083214,REVERSE,-244,1
IMPS250905ZLVBET,CDR202600083227,SENDER_INCOMING_ACTIVITY,77,1
ATM250325PV14IY,CDR202600083229,DIRECT,692,1
ATM250330OBWLOH,CDR202600083253,SENDER_INCOMING_ACTIVITY,89,1
IMPS2502269NKF8E,CDR202600083265,REVERSE,-35,1
IMPS250601WS9IFH,CDR202600083267,SENDER_INCOMING_ACTIVITY,155,1
TXN2502108OX9TN,CDR202600083272,RECEIVER_OUTGOING_ACTIVITY,-1299,1
ATM250423ZAOJ76,CDR202600083282,SENDER_OUTGOING_ACTIVITY,-208,1
UPI250822HU81F3,CDR202600083286,SENDER_OUTGOING_ACTIVITY,-628,1
UPI2508262M653P,CDR202600083296,SENDER_INCOMING_ACTIVITY,149,1
ATM250903NAOQXN,CDR202600083310,DIRECT,-1036,1
UPI250122QYY6VZ,CDR202600083338,REVERSE,-134,1
ATM250311CGJCJU,CDR202600083376,DIRECT,686,1
UPI250331L9CTNL,CDR202600083388,REVERSE,361,1
TXN251114YIX02B,CDR202600083394,DIRECT,-7,1
ATM250205TX3GMW,CDR202600083398,RECEIVER_OUTGOING_ACTIVITY,-187,1
UPI250601KFLY9E,CDR202600083405,DIRECT,-196,1
IMPS250203JS2M4T,CDR202600083421,RECEIVER_OUTGOING_ACTIVITY,-877,1
ATM251116153RY8,CDR202600083444,SENDER_INCOMING_ACTIVITY,423,1
UPI250303AC3HWC,CDR202600083449,RECEIVER_OUTGOING_ACTIVITY,-234,1
TXN251009WH0O5C,CDR202600083474,SENDER_INCOMING_ACTIVITY,70,1
UPI2502122536YC,CDR202600083478,DIRECT,-893,1
UPI250601KPEFBX,CDR202600083487,DIRECT,-177,1
UPI2507144SPL0F,CDR202600083502,SENDER_INCOMING_ACTIVITY,-1677,1
UPI250110SKFQJT,CDR202600083504,DIRECT,-173,1
TXN250904T7C0XA,CDR202600083506,SENDER_INCOMING_ACTIVITY,48,1
TXN251102RSG3ED,CDR202600083509,SENDER_INCOMING_ACTIVITY,265,1
IMPS251006JB2YPG,CDR202600083511,DIRECT,489,1
IMPS2505073PE08D,CDR202600083514,DIRECT,190,1
TXN251204T0Y63Y,CDR202600083574,DIRECT,1333,1
ATM250721L608CH,CDR202600083575,RECEIVER_INCOMING_ACTIVITY,687,1
TXN250810DNEPI5,CDR202600083593,RECEIVER_OUTGOING_ACTIVITY,509,1
ATM2510107KR7Z1,CDR202600083616,SENDER_INCOMING_ACTIVITY,236,1
TXN250110YS813H,CDR202600083622,SENDER_INCOMING_ACTIVITY,-113,1
UPI2507082FLGGB,CDR202600083626,DIRECT,21,1
UPI250806ZH0EQM,CDR202600083640,SENDER_OUTGOING_ACTIVITY,-2,1
ATM250610SMU31M,CDR202600083646,SENDER_INCOMING_ACTIVITY,-737,1
ATM250726EJGJVF,CDR202600083655,RECEIVER_OUTGOING_ACTIVITY,-48,1
TXN2511085GYOMC,CDR202600083689,DIRECT,59,1
IMPS250422TWAPJB,CDR202600083695,DIRECT,1055,1
TXN2508273Z7S0H,CDR202600083707,DIRECT,38,1
IMPS2504293AL0P5,CDR202600083732,DIRECT,525,1
TXN2510040QKTL4,CDR202600083741,SENDER_OUTGOING_ACTIVITY,-47,1
ATM250321UO3AEL,CDR202600083749,RECEIVER_INCOMING_ACTIVITY,22,1
TXN251009ISNJIC,CDR202600083806,SENDER_OUTGOING_ACTIVITY,-603,1
ATM250716DQ3ZMN,CDR202600083815,REVERSE,-227,1
TXN25091785BU5U,CDR202600083816,DIRECT,-33,1
ATM2501183INONM,CDR202600083845,RECEIVER_INCOMING_ACTIVITY,873,1
UPI250219UEW6L1,CDR202600083860,DIRECT,-1143,1
UPI251215M8ND19,CDR202600083875,RECEIVER_OUTGOING_ACTIVITY,-24,1
ATM250607O0LE17,CDR202600083878,REVERSE,163,1
ATM251207V1XCYM,CDR202600083879,DIRECT,-159,1
UPI251027HGILV6,CDR202600083883,SENDER_OUTGOING_ACTIVITY,-145,1
UPI250920KP3HER,CDR202600083907,RECEIVER_INCOMING_ACTIVITY,-872,1
TXN250428DRRZWM,CDR202600083923,RECEIVER_OUTGOING_ACTIVITY,-45,1
IMPS2510244MRJQL,CDR202600083961,REVERSE,-198,1
ATM250510HUW0FL,CDR202600083965,RECEIVER_OUTGOING_ACTIVITY,-329,1
UPI251018JHMTCS,CDR202600083968,RECEIVER_OUTGOING_ACTIVITY,-1519,1
ATM2507179XLN6T,CDR202600083969,SENDER_OUTGOING_ACTIVITY,819,1
IMPS250201I2K3WO,CDR202600083972,REVERSE,-14,1
UPI250619HDCN48,CDR202600083988,REVERSE,-846,1
TXN250324T5WAHG,CDR202600083993,SENDER_INCOMING_ACTIVITY,195,1
ATM250717JP4MM4,CDR202600083997,DIRECT,-5,1
UPI251231BN5YPX,CDR202600084001,SENDER_OUTGOING_ACTIVITY,-442,1
ATM250208WDW0I9,CDR202600084012,SENDER_OUTGOING_ACTIVITY,831,1
UPI250803PVCF6N,CDR202600084039,RECEIVER_INCOMING_ACTIVITY,29,1
TXN25060821QFXZ,CDR202600084043,RECEIVER_OUTGOING_ACTIVITY,-140,1
UPI250118OC806S,CDR202600084044,RECEIVER_OUTGOING_ACTIVITY,1380,1
UPI250305UF1M3I,CDR202600084054,DIRECT,979,1
ATM250713NXC03O,CDR202600084067,DIRECT,-662,1
TXN250902AWIJUO,CDR202600084134,REVERSE,108,1
IMPS2509112DQWLP,CDR202600084170,RECEIVER_OUTGOING_ACTIVITY,1037,1
ATM251217P2L9CX,CDR202600084173,REVERSE,-157,1
ATM250616IS1J3M,CDR202600084182,DIRECT,-374,1
UPI250924YOOJSU,CDR202600084190,SENDER_INCOMING_ACTIVITY,108,1
NEFT250813EDYQT5,CDR202600084194,SENDER_OUTGOING_ACTIVITY,-231,1
ATM251013AK2KRJ,CDR202600084197,SENDER_INCOMING_ACTIVITY,-508,1
UPI250429A0H7H1,CDR202600084202,RECEIVER_INCOMING_ACTIVITY,130,1
ATM250107PM2FM7,CDR202600084222,REVERSE,345,1
ATM250503OP3G59,CDR202600084233,DIRECT,-239,1
ATM250912DSU02Z,CDR202600084241,REVERSE,568,1
TXN250709MUJO2F,CDR202600084250,RECEIVER_INCOMING_ACTIVITY,-12,1
IMPS2510178BXSZJ,CDR202600084261,SENDER_OUTGOING_ACTIVITY,408,1
ATM2506092OYCCF,CDR202600084273,REVERSE,1485,1
UPI250726205G9K,CDR202600084276,DIRECT,-378,1
UPI251129KW1XA9,CDR202600084280,DIRECT,12,1
ATM25060644HQGK,CDR202600084284,SENDER_INCOMING_ACTIVITY,42,1
UPI250215QMP8V1,CDR202600084305,DIRECT,-683,1
UPI251122QWP278,CDR202600084339,SENDER_INCOMING_ACTIVITY,-669,1
ATM250311QNTLVD,CDR202600084347,SENDER_INCOMING_ACTIVITY,-56,1
TXN2511169A6ZGH,CDR202600084358,DIRECT,-22,1
ATM250704NQ8DAF,CDR202600084364,SENDER_OUTGOING_ACTIVITY,1001,1
ATM251112MR2W0E,CDR202600084389,RECEIVER_OUTGOING_ACTIVITY,-79,1
TXN251022WMBP7V,CDR202600084399,DIRECT,-52,1
ATM251109AM6CYZ,CDR202600084407,RECEIVER_INCOMING_ACTIVITY,1151,1
UPI2503097FPGSN,CDR202600084414,SENDER_INCOMING_ACTIVITY,-53,1
UPI250112A789J1,CDR202600084425,RECEIVER_OUTGOING_ACTIVITY,50,1
TXN250111DL87XP,CDR202600084437,DIRECT,116,1
TXN2501291WYVIL,CDR202600084443,DIRECT,178,1
IMPS250719XBDW4I,CDR202600084449,DIRECT,-1722,1
ATM250822JQOVCM,CDR202600084452,SENDER_INCOMING_ACTIVITY,646,1
ATM250726FI4SBJ,CDR202600084460,RECEIVER_INCOMING_ACTIVITY,-253,1
ATM2507051OPDSN,CDR202600084484,SENDER_OUTGOING_ACTIVITY,-179,1
ATM2501267OQCHL,CDR202600084491,DIRECT,19,1
TXN250314PH2K3K,CDR202600084492,RECEIVER_INCOMING_ACTIVITY,1010,1
ATM250728I5E0P9,CDR202600084496,SENDER_OUTGOING_ACTIVITY,-283,1
ATM250206JDSR0X,CDR202600084520,SENDER_INCOMING_ACTIVITY,68,1
TXN250420DHL9UE,CDR202600084529,RECEIVER_INCOMING_ACTIVITY,-146,1
TXN251221ZQES2A,CDR202600084537,DIRECT,-17,1
ATM250613Q0YOU4,CDR202600084560,SENDER_OUTGOING_ACTIVITY,251,1
ATM2511268W6C0D,CDR202600084574,SENDER_INCOMING_ACTIVITY,528,1
TXN2504122L8T8S,CDR202600084576,SENDER_INCOMING_ACTIVITY,-737,1
ATM250613NM4XII,CDR202600084585,REVERSE,-27,1
ATM250223VW0CUW,CDR202600084591,DIRECT,-862,1
ATM25072933DISY,CDR202600084598,SENDER_INCOMING_ACTIVITY,-824,1
ATM250920T7GCEN,CDR202600084624,RECEIVER_INCOMING_ACTIVITY,-1558,1
TXN250304MLPJM3,CDR202600084632,RECEIVER_INCOMING_ACTIVITY,1283,1
UPI251016SIU5HB,CDR202600084665,DIRECT,85,1
ATM250112PRSH73,CDR202600084687,REVERSE,-873,1
UPI2512147BSL02,CDR202600084691,RECEIVER_OUTGOING_ACTIVITY,527,1
TXN251027EQMD7L,CDR202600084722,DIRECT,-44,1
ATM2505184BAC66,CDR202600084736,RECEIVER_INCOMING_ACTIVITY,221,1
TXN251117GQE2GL,CDR202600084755,REVERSE,-266,1
TXN250519S28RI2,CDR202600084758,REVERSE,-217,1
ATM2503167K6KUJ,CDR202600084766,SENDER_OUTGOING_ACTIVITY,-22,1
TXN250108GK3LV3,CDR202600084776,RECEIVER_OUTGOING_ACTIVITY,-1678,1
ATM250427RY2CAW,CDR202600084794,DIRECT,14,1
ATM250913ZMF1G9,CDR202600084795,REVERSE,-720,1
ATM2503170OWAG9,CDR202600084812,RECEIVER_OUTGOING_ACTIVITY,1617,1
ATM250209FD2C2P,CDR202600084814,RECEIVER_OUTGOING_ACTIVITY,232,1
UPI250212M5D8U1,CDR202600084818,REVERSE,-287,1
TXN250428TPHGLO,CDR202600084821,DIRECT,6,1
TXN250106Q2YVMZ,CDR202600084843,DIRECT,1,1
UPI2509155QJUSD,CDR202600084846,DIRECT,-1627,1
UPI251027NLKHNO,CDR202600084855,DIRECT,30,1
ATM250815HFWXXV,CDR202600084863,RECEIVER_OUTGOING_ACTIVITY,607,1
TXN250302S7GW0O,CDR202600084886,DIRECT,1328,1
UPI250714Y1PX8A,CDR202600084907,REVERSE,-503,1
ATM251026VYDUGD,CDR202600084932,RECEIVER_OUTGOING_ACTIVITY,55,1
UPI250905YO4SD2,CDR202600084933,SENDER_OUTGOING_ACTIVITY,-1457,1
TXN250421Z14M7B,CDR202600084934,RECEIVER_OUTGOING_ACTIVITY,-474,1
ATM250702SDLNWH,CDR202600084937,DIRECT,1283,1
ATM2503223DOBUB,CDR202600084956,DIRECT,-540,1
ATM250628FDAGPF,CDR202600084961,DIRECT,49,1
UPI251011GN7QYV,CDR202600084989,RECEIVER_INCOMING_ACTIVITY,51,1
UPI2512255XF578,CDR202600085032,RECEIVER_INCOMING_ACTIVITY,54,1
TXN250224K1ZOX2,CDR202600085048,SENDER_OUTGOING_ACTIVITY,-1607,1
TXN2504027F29DK,CDR202600085050,DIRECT,-57,1
IMPS250122A29TYR,CDR202600085060,DIRECT,-3,1
ATM25042320IA7K,CDR202600085093,SENDER_OUTGOING_ACTIVITY,28,1
UPI251120RNEG5M,CDR202600085115,DIRECT,7,1
IMPS2501184MF9VS,CDR202600085139,DIRECT,1718,1
TXN250426F4AU8E,CDR202600085168,REVERSE,-15,1
UPI250131EG39D6,CDR202600085171,DIRECT,1679,1
UPI251104IDZZJL,CDR202600085187,SENDER_OUTGOING_ACTIVITY,-5,1
UPI250615NC43H4,CDR202600085196,SENDER_OUTGOING_ACTIVITY,1022,1
TXN250927THFGLC,CDR202600085204,RECEIVER_OUTGOING_ACTIVITY,113,1
ATM2506026TRMWS,CDR202600085226,SENDER_OUTGOING_ACTIVITY,1331,1
UPI250623QCNLY9,CDR202600085233,SENDER_OUTGOING_ACTIVITY,-274,1
TXN250908ND5CAG,CDR202600085235,DIRECT,-312,1
TXN2511139V6C3W,CDR202600085238,DIRECT,-28,1
ATM251201LB5NQW,CDR202600085250,RECEIVER_OUTGOING_ACTIVITY,40,1
ATM250602SX95LO,CDR202600085265,SENDER_INCOMING_ACTIVITY,-557,1
TXN251025NYL63X,CDR202600085273,SENDER_INCOMING_ACTIVITY,-385,1
ATM25012128IKDO,CDR202600085282,REVERSE,21,1
UPI251003OP0JHG,CDR202600085283,DIRECT,-161,1
UPI250802MY6MPF,CDR202600085306,DIRECT,-111,1
ATM250818202CAT,CDR202600085327,SENDER_OUTGOING_ACTIVITY,-1236,1
UPI251204N6949V,CDR202600085335,DIRECT,292,1
UPI250122AZVPUX,CDR202600085341,DIRECT,-641,1
ATM2511010132CM,CDR202600085358,RECEIVER_OUTGOING_ACTIVITY,851,1
TXN250312JU08HO,CDR202600085373,DIRECT,-132,1
TXN250926ASPW7S,CDR202600085402,SENDER_OUTGOING_ACTIVITY,-624,1
ATM250219E0X6XB,CDR202600085407,RECEIVER_INCOMING_ACTIVITY,590,1
ATM250601D378P3,CDR202600085424,RECEIVER_OUTGOING_ACTIVITY,937,1
IMPS251126WYC4CT,CDR202600085497,RECEIVER_INCOMING_ACTIVITY,-276,1
UPI250809MOXK80,CDR202600085514,RECEIVER_INCOMING_ACTIVITY,-276,1
UPI251019V8GHSD,CDR202600085519,RECEIVER_OUTGOING_ACTIVITY,870,1
ATM250215LGGPD1,CDR202600085526,SENDER_OUTGOING_ACTIVITY,696,1
ATM250525FFB4K9,CDR202600085542,SENDER_INCOMING_ACTIVITY,7,1
UPI2512262BK1PL,CDR202600085543,REVERSE,-97,1
TXN251224O3T5WB,CDR202600085592,SENDER_INCOMING_ACTIVITY,-633,1
UPI2502231ZKCLS,CDR202600085606,RECEIVER_INCOMING_ACTIVITY,10,1
TXN2508207E9KXC,CDR202600085610,DIRECT,41,1
UPI250913WT4H08,CDR202600085615,DIRECT,-31,1
ATM2511107IDPYO,CDR202600085644,DIRECT,227,1
UPI250113YDRRDN,CDR202600085646,SENDER_INCOMING_ACTIVITY,364,1
UPI2508223JWT1P,CDR202600085650,SENDER_INCOMING_ACTIVITY,9,1
UPI2511080LWOQ6,CDR202600085653,DIRECT,-419,1
ATM250401IIQ1PX,CDR202600085688,DIRECT,-57,1
TXN25072264KHMA,CDR202600085724,DIRECT,899,1
TXN250104JIB931,CDR202600085726,DIRECT,-209,1
UPI251201L3T2XT,CDR202600085737,DIRECT,1132,1
UPI2504025STB0C,CDR202600085742,REVERSE,-1422,1
UPI250329OF6TVE,CDR202600085763,DIRECT,-144,1
UPI250712N593NZ,CDR202600085767,SENDER_INCOMING_ACTIVITY,-20,1
TXN250608YRA9RT,CDR202600085783,REVERSE,388,1
UPI250104PYI46N,CDR202600085793,RECEIVER_OUTGOING_ACTIVITY,253,1
TXN250211O9GRCV,CDR202600085794,REVERSE,-149,1
ATM250816HWZ4ND,CDR202600085797,SENDER_INCOMING_ACTIVITY,-578,1
UPI2508102L1M2T,CDR202600085812,RECEIVER_INCOMING_ACTIVITY,-651,1
ATM250228QR6RDU,CDR202600085819,RECEIVER_INCOMING_ACTIVITY,-152,1
ATM2505301SORPQ,CDR202600085825,RECEIVER_OUTGOING_ACTIVITY,-190,1
ATM250316MOAXVH,CDR202600085829,SENDER_INCOMING_ACTIVITY,-511,1
TXN251025X497OR,CDR202600085837,REVERSE,-41,1
ATM250627GJ5GYC,CDR202600085845,SENDER_INCOMING_ACTIVITY,-58,1
UPI250601TDEQ0G,CDR202600085851,SENDER_OUTGOING_ACTIVITY,-139,1
TXN250304Z60OEA,CDR202600085862,SENDER_INCOMING_ACTIVITY,-138,1
UPI250922STO0S9,CDR202600085910,DIRECT,1153,1
UPI2510301SRMC3,CDR202600085914,REVERSE,375,1
UPI250827H8H6NN,CDR202600085919,SENDER_OUTGOING_ACTIVITY,693,1
ATM2501256MNHRW,CDR202600085945,SENDER_INCOMING_ACTIVITY,712,1
TXN250626PBGHKZ,CDR202600085962,DIRECT,290,1
TXN250924THU5C5,CDR202600085970,DIRECT,-25,1
TXN250531DVRJ1P,CDR202600085972,SENDER_INCOMING_ACTIVITY,-604,1
ATM251101GHF0RN,CDR202600086006,DIRECT,-619,1
ATM250321M7V9TJ,CDR202600086019,REVERSE,918,1
UPI25121753Z3VB,CDR202600086038,DIRECT,-262,1
ATM250519PM8PQX,CDR202600086040,RECEIVER_INCOMING_ACTIVITY,-89,1
UPI250612ZURC52,CDR202600086047,RECEIVER_OUTGOING_ACTIVITY,-183,1
TXN2508031UU8P5,CDR202600086071,REVERSE,53,1
TXN25110946SR94,CDR202600086075,REVERSE,-56,1
UPI250501SVNVJA,CDR202600086082,RECEIVER_OUTGOING_ACTIVITY,-65,1
ATM250829VZA68Q,CDR202600086092,SENDER_INCOMING_ACTIVITY,-8,1
ATM251101WOMWMI,CDR202600086099,DIRECT,-1048,1
UPI2505070RPLKP,CDR202600086103,DIRECT,754,1
TXN250523VRKVOF,CDR202600086113,DIRECT,-1102,1
UPI250313NBULWY,CDR202600086141,RECEIVER_OUTGOING_ACTIVITY,-1503,1
UPI250409HOI866,CDR202600086151,DIRECT,717,1
ATM250808LVFLOM,CDR202600086154,DIRECT,1065,1
ATM250223KPB32E,CDR202600086170,DIRECT,-749,1
ATM2508147XVECK,CDR202600086213,SENDER_INCOMING_ACTIVITY,439,1
UPI251118MGGFNR,CDR202600086235,SENDER_OUTGOING_ACTIVITY,-33,1
ATM2503082MAU2K,CDR202600086252,REVERSE,35,1
TXN250225N7EVJS,CDR202600086271,SENDER_INCOMING_ACTIVITY,-821,1
UPI250510NKIFR1,CDR202600086289,REVERSE,482,1
UPI250928LFPFG4,CDR202600086293,REVERSE,-29,1
UPI251228ED5A1V,CDR202600086296,DIRECT,-339,1
RTGS251212W9S2IJ,CDR202600086303,SENDER_INCOMING_ACTIVITY,-28,1
IMPS251030W33DJY,CDR202600086328,DIRECT,-391,1
TXN25032823CK55,CDR202600086356,SENDER_INCOMING_ACTIVITY,-882,1
ATM2512181T7YHN,CDR202600086370,RECEIVER_OUTGOING_ACTIVITY,10,1
ATM250930D85VYT,CDR202600086378,SENDER_INCOMING_ACTIVITY,-443,1
UPI2502212S3TB0,CDR202600086389,SENDER_INCOMING_ACTIVITY,-703,1
UPI250824JWT43Q,CDR202600086429,SENDER_OUTGOING_ACTIVITY,998,1
TXN251226YMF3D8,CDR202600086451,REVERSE,-204,1
ATM250802NCXAIZ,CDR202600086452,DIRECT,140,1
TXN2503159A4RKF,CDR202600086467,REVERSE,-222,1
UPI25072312CGPG,CDR202600086493,DIRECT,-561,1
TXN251015T1HDVV,CDR202600086523,SENDER_INCOMING_ACTIVITY,-36,1
UPI2511275UX62V,CDR202600086533,REVERSE,-864,1
UPI250906GKNL15,CDR202600086549,SENDER_INCOMING_ACTIVITY,13,1
ATM251221SYIIOS,CDR202600086555,RECEIVER_INCOMING_ACTIVITY,-101,1
UPI2502121JMPFT,CDR202600086557,SENDER_OUTGOING_ACTIVITY,-196,1
TXN250213AN6CMA,CDR202600086561,RECEIVER_INCOMING_ACTIVITY,-20,1
UPI250112LKFBK9,CDR202600086563,REVERSE,-223,1
ATM2512288O9DIT,CDR202600086586,REVERSE,-881,1
TXN251002O9HJNA,CDR202600086606,RECEIVER_OUTGOING_ACTIVITY,-495,1
TXN250325LR3TEB,CDR202600086676,RECEIVER_OUTGOING_ACTIVITY,-243,1
UPI250306AXOR6Q,CDR202600086709,DIRECT,-258,1
ATM251114R49KIB,CDR202600086726,DIRECT,22,1
UPI250908LLBAT4,CDR202600086731,SENDER_INCOMING_ACTIVITY,-723,1
ATM250104L0YQZD,CDR202600086732,DIRECT,-880,1
ATM250530XXJEIF,CDR202600086786,SENDER_OUTGOING_ACTIVITY,767,1
TXN250430UM2MHR,CDR202600086796,DIRECT,-696,1
IMPS2502184S3TXR,CDR202600086797,REVERSE,677,1
TXN250302HVC3PX,CDR202600086811,RECEIVER_INCOMING_ACTIVITY,-1419,1
UPI250322IXUXP3,CDR202600086814,DIRECT,467,1
TXN250205IC2U3F,CDR202600086848,RECEIVER_OUTGOING_ACTIVITY,420,1
ATM251103EJR2UO,CDR202600086854,DIRECT,-37,1
TXN250808G45FKP,CDR202600086861,SENDER_OUTGOING_ACTIVITY,682,1
TXN2508029TVX7Z,CDR202600086878,DIRECT,-74,1
UPI250813KBQA95,CDR202600086891,RECEIVER_OUTGOING_ACTIVITY,-1360,1
UPI250127U4EQRU,CDR202600086910,SENDER_OUTGOING_ACTIVITY,28,1
UPI250220I5OYPM,CDR202600086911,SENDER_OUTGOING_ACTIVITY,-204,1
UPI2504020QEJQO,CDR202600086931,RECEIVER_OUTGOING_ACTIVITY,-14,1
UPI250407EBTNAX,CDR202600086960,SENDER_INCOMING_ACTIVITY,247,1
ATM251011UZEPOW,CDR202600086962,DIRECT,-637,1
UPI250303LNKTXP,CDR202600086964,DIRECT,674,1
UPI250216LUMZXQ,CDR202600086999,SENDER_INCOMING_ACTIVITY,-266,1
IMPS250609YEV4QT,CDR202600087016,DIRECT,18,1
ATM2505174HY9IW,CDR202600087051,DIRECT,31,1
IMPS250421HMVS1F,CDR202600087054,SENDER_OUTGOING_ACTIVITY,-118,1
IMPS250615HAHAWP,CDR202600087056,DIRECT,7,1
ATM250705KWY39A,CDR202600087059,DIRECT,75,1
ATM250809VPWNTY,CDR202600087060,DIRECT,-225,1
ATM2506215KIZBL,CDR202600087065,SENDER_OUTGOING_ACTIVITY,243,1
UPI250413VPPU47,CDR202600087070,DIRECT,-33,1
TXN250405YCD68O,CDR202600087071,DIRECT,753,1
IMPS250909KX4JZ7,CDR202600087072,REVERSE,-19,1
TXN250901H92QJV,CDR202600087084,DIRECT,-65,1
ATM250924B2CIEX,CDR202600087093,SENDER_INCOMING_ACTIVITY,-1672,1
TXN2510018N4CK7,CDR202600087097,DIRECT,-34,1
UPI250424H6Q8F7,CDR202600087113,RECEIVER_OUTGOING_ACTIVITY,-92,1
UPI251017PEO4R4,CDR202600087117,DIRECT,-144,1
UPI25042467D8A7,CDR202600087128,DIRECT,-445,1
UPI250509431Q96,CDR202600087139,DIRECT,1580,1
UPI251031XINJ3H,CDR202600087171,DIRECT,13,1
TXN2501180J9Q57,CDR202600087180,SENDER_OUTGOING_ACTIVITY,-51,1
UPI250605XIS7V7,CDR202600087212,SENDER_OUTGOING_ACTIVITY,1547,1
ATM250514014GQY,CDR202600087213,REVERSE,604,1
UPI251130TVU1WU,CDR202600087219,DIRECT,-967,1
UPI251126DNLJZ1,CDR202600087220,DIRECT,-315,1
ATM251214SIJK00,CDR202600087225,SENDER_INCOMING_ACTIVITY,60,1
ATM250106REWMUB,CDR202600087244,RECEIVER_OUTGOING_ACTIVITY,-3,1
UPI250805TFJR68,CDR202600087264,REVERSE,282,1
UPI250226PSAC34,CDR202600087274,SENDER_INCOMING_ACTIVITY,856,1
TXN25101187BNS7,CDR202600087313,DIRECT,-888,1
UPI251121CRXZCZ,CDR202600087314,SENDER_INCOMING_ACTIVITY,4,1
ATM2503257UJJDN,CDR202600087321,SENDER_OUTGOING_ACTIVITY,-247,1
UPI251129UOKW1Q,CDR202600087337,SENDER_OUTGOING_ACTIVITY,340,1
ATM250313YWW71N,CDR202600087347,SENDER_INCOMING_ACTIVITY,6,1
ATM250609H93VO0,CDR202600087354,SENDER_INCOMING_ACTIVITY,-18,1
UPI250227OAKOBG,CDR202600087365,REVERSE,168,1
ATM2503181FUXKC,CDR202600087395,RECEIVER_OUTGOING_ACTIVITY,46,1
UPI250418LMKUE9,CDR202600087408,SENDER_INCOMING_ACTIVITY,-749,1
ATM250622K58NLA,CDR202600087418,SENDER_INCOMING_ACTIVITY,-405,1
IMPS250424YXK2YV,CDR202600087419,SENDER_INCOMING_ACTIVITY,109,1
ATM250212F7PYQ3,CDR202600087433,RECEIVER_OUTGOING_ACTIVITY,132,1
TXN251128PRH58E,CDR202600087442,DIRECT,-21,1
TXN25010163N2QB,CDR202600087443,SENDER_OUTGOING_ACTIVITY,-390,1
ATM2507036GHR7C,CDR202600087455,REVERSE,636,1
ATM250627BZ0WS0,CDR202600087495,RECEIVER_INCOMING_ACTIVITY,578,1
IMPS250806HRU44M,CDR202600087498,DIRECT,-188,1
TXN250311F9MTZG,CDR202600087524,SENDER_OUTGOING_ACTIVITY,407,1
UPI25010552XOVY,CDR202600087539,DIRECT,24,1
ATM2507203MZH3L,CDR202600087564,REVERSE,-252,1
UPI2509040DV0TO,CDR202600087581,RECEIVER_INCOMING_ACTIVITY,140,1
ATM2507267T0GNW,CDR202600087597,SENDER_OUTGOING_ACTIVITY,-43,1
UPI250606MKRLRW,CDR202600087605,SENDER_OUTGOING_ACTIVITY,-229,1
UPI2501194KTFRE,CDR202600087616,SENDER_INCOMING_ACTIVITY,56,1
IMPS250218NXB930,CDR202600087617,RECEIVER_OUTGOING_ACTIVITY,769,1
UPI250204S8FL0D,CDR202600087631,REVERSE,14,1
TXN250408HMB59H,CDR202600087633,REVERSE,-20,1
ATM250410Z0Y9HU,CDR202600087634,REVERSE,52,1
UPI251226ZWE7L7,CDR202600087635,SENDER_OUTGOING_ACTIVITY,-117,1
TXN250509EY3K92,CDR202600087653,REVERSE,190,1
ATM250820LLFQR7,CDR202600087678,REVERSE,922,1
UPI251220F0SZPL,CDR202600087682,DIRECT,-279,1
ATM250106TQJ8CW,CDR202600087715,SENDER_OUTGOING_ACTIVITY,32,1
ATM2504305UXT49,CDR202600087718,SENDER_OUTGOING_ACTIVITY,-285,1
UPI2501108BKI5P,CDR202600087722,SENDER_INCOMING_ACTIVITY,6,1
UPI250307V4TMCM,CDR202600087744,SENDER_INCOMING_ACTIVITY,281,1
IMPS250805HVNX07,CDR202600087765,REVERSE,48,1
ATM250702NSTO5G,CDR202600087767,SENDER_OUTGOING_ACTIVITY,-1,1
UPI250407QODLL2,CDR202600087786,SENDER_OUTGOING_ACTIVITY,1177,1
UPI251213ARPWSX,CDR202600087804,SENDER_INCOMING_ACTIVITY,-339,1
TXN251201W78NSC,CDR202600087817,SENDER_OUTGOING_ACTIVITY,726,1
ATM25012467R2CF,CDR202600087823,RECEIVER_INCOMING_ACTIVITY,-20,1
ATM251008RH30LN,CDR202600087834,DIRECT,623,1
UPI251007KBNOXS,CDR202600087847,REVERSE,15,1
UPI250719BB3EWD,CDR202600087848,REVERSE,286,1
ATM250515CEK5MI,CDR202600087864,DIRECT,1215,1
IMPS25051920JFSJ,CDR202600087880,DIRECT,609,1
UPI250514AFGX61,CDR202600087885,SENDER_OUTGOING_ACTIVITY,-32,1
TXN250118QE94ZE,CDR202600087886,REVERSE,-1083,1
ATM250709VYIBOV,CDR202600087904,SENDER_OUTGOING_ACTIVITY,268,1
TXN250104C4191H,CDR202600087906,SENDER_OUTGOING_ACTIVITY,245,1
TXN251228LND0CM,CDR202600087912,SENDER_OUTGOING_ACTIVITY,206,1
ATM251103LJ9IHV,CDR202600087941,RECEIVER_INCOMING_ACTIVITY,-1241,1
ATM250212PDWFA4,CDR202600087948,REVERSE,1537,1
UPI2508051Y5FVI,CDR202600087951,DIRECT,59,1
TXN250331G140JA,CDR202600087965,DIRECT,3,1
TXN250305XY653T,CDR202600087976,DIRECT,-693,1
TXN2502214CI5O4,CDR202600087977,REVERSE,-372,1
UPI250828CGXPVJ,CDR202600087995,RECEIVER_INCOMING_ACTIVITY,129,1
TXN251108HHCX1V,CDR202600088044,DIRECT,-459,1
TXN250911H0ZDC5,CDR202600088058,RECEIVER_INCOMING_ACTIVITY,43,1
IMPS250906DLZZLG,CDR202600088061,REVERSE,857,1
ATM250227BPRXEO,CDR202600088104,SENDER_OUTGOING_ACTIVITY,733,1
TXN2506263Y9OCM,CDR202600088113,SENDER_INCOMING_ACTIVITY,-767,1
ATM2509241UVPHR,CDR202600088115,DIRECT,-774,1
ATM251115H896SW,CDR202600088147,DIRECT,56,1
TXN2506222FCYUG,CDR202600088160,REVERSE,-11,1
UPI250309A52RE1,CDR202600088183,DIRECT,159,1
TXN250520UPOCMZ,CDR202600088198,RECEIVER_INCOMING_ACTIVITY,-28,1
TXN250704EPROEA,CDR202600088201,SENDER_OUTGOING_ACTIVITY,555,1
TXN2505173MAXSS,CDR202600088204,DIRECT,224,1
ATM250916DC7NZS,CDR202600088211,REVERSE,21,1
ATM2503316SAQTL,CDR202600088220,DIRECT,-160,1
UPI250627T5CYBH,CDR202600088237,SENDER_OUTGOING_ACTIVITY,-145,1
TXN250628M4UVOR,CDR202600088258,REVERSE,6,1
ATM2506054FBR7Z,CDR202600088268,SENDER_OUTGOING_ACTIVITY,-193,1
UPI251231Q4E2BC,CDR202600088273,DIRECT,1081,1
ATM250703GGEU6P,CDR202600088286,DIRECT,678,1
ATM250219A3OBEG,CDR202600088332,RECEIVER_INCOMING_ACTIVITY,687,1
TXN250831PH6TBK,CDR202600088372,DIRECT,-356,1
UPI25091789NL7G,CDR202600088374,DIRECT,175,1
ATM250713RYLPTL,CDR202600088382,DIRECT,272,1
TXN251225YF3TUL,CDR202600088387,DIRECT,-147,1
ATM251130QFZJ8I,CDR202600088388,RECEIVER_INCOMING_ACTIVITY,-60,1
UPI25020296GV8T,CDR202600088443,SENDER_INCOMING_ACTIVITY,117,1
ATM250425PM0NCM,CDR202600088456,SENDER_INCOMING_ACTIVITY,-26,1
ATM250130WJPTYW,CDR202600088465,DIRECT,-110,1
TXN250908KIRV3W,CDR202600088476,DIRECT,100,1
UPI250223VWAW3X,CDR202600088497,REVERSE,-261,1
UPI251001P23GDX,CDR202600088498,SENDER_OUTGOING_ACTIVITY,49,1
TXN25102750ZC5G,CDR202600088519,REVERSE,709,1
UPI250327M8ON7Z,CDR202600088534,DIRECT,-661,1
ATM251220MLUMCY,CDR202600088577,DIRECT,-53,1
TXN2506296L13QF,CDR202600088578,DIRECT,-1758,1
ATM250108U833Z5,CDR202600088586,DIRECT,-736,1
IMPS250805XISXAO,CDR202600088599,RECEIVER_OUTGOING_ACTIVITY,321,1
UPI2503244MW26N,CDR202600088620,DIRECT,206,1
TXN250914PVK2IH,CDR202600088627,SENDER_INCOMING_ACTIVITY,-8,1
UPI250307292OUS,CDR202600088629,DIRECT,-12,1
UPI250105IJAM31,CDR202600088646,SENDER_INCOMING_ACTIVITY,119,1
UPI250103PJ7K99,CDR202600088650,SENDER_INCOMING_ACTIVITY,9,1
ATM250217BTLW0Y,CDR202600088652,DIRECT,-33,1
UPI251004V179D7,CDR202600088653,REVERSE,-232,1
ATM250713QJ7ODG,CDR202600088683,DIRECT,-262,1
UPI250926F7PNG4,CDR202600088684,RECEIVER_OUTGOING_ACTIVITY,94,1
UPI250117V7W7Q3,CDR202600088716,SENDER_OUTGOING_ACTIVITY,1226,1
ATM25050254KKWY,CDR202600088720,SENDER_INCOMING_ACTIVITY,22,1
UPI250718RNZ4S4,CDR202600088726,RECEIVER_INCOMING_ACTIVITY,756,1
TXN2510088MYGXL,CDR202600088728,RECEIVER_INCOMING_ACTIVITY,-73,1
TXN2504047LKLRA,CDR202600088729,DIRECT,-12,1
UPI25021429G7JP,CDR202600088733,SENDER_OUTGOING_ACTIVITY,-240,1
TXN250621QB690Y,CDR202600088736,DIRECT,-240,1
TXN2501066JP3ZJ,CDR202600088747,SENDER_OUTGOING_ACTIVITY,94,1
TXN250425E0DWHP,CDR202600088762,DIRECT,602,1
IMPS251213K9R7OT,CDR202600088804,DIRECT,-257,1
TXN2507158B7O5D,CDR202600088812,RECEIVER_OUTGOING_ACTIVITY,393,1
ATM250905NL9YLC,CDR202600088819,SENDER_INCOMING_ACTIVITY,849,1
ATM250331DOJI8X,CDR202600088825,SENDER_INCOMING_ACTIVITY,-630,1
TXN250819LZIZXC,CDR202600088829,SENDER_OUTGOING_ACTIVITY,33,1
UPI250413GPHMH9,CDR202600088844,SENDER_OUTGOING_ACTIVITY,247,1
ATM2505270ZMLH5,CDR202600088845,RECEIVER_OUTGOING_ACTIVITY,1737,1
ATM251007UQX6ZL,CDR202600088876,DIRECT,449,1
UPI250101CQ99CH,CDR202600088880,SENDER_OUTGOING_ACTIVITY,-108,1
UPI250821IDWJ2P,CDR202600088884,SENDER_OUTGOING_ACTIVITY,-915,1
UPI250105CYVU04,CDR202600088890,DIRECT,115,1
UPI251004LEE7PJ,CDR202600088905,SENDER_OUTGOING_ACTIVITY,160,1
UPI250718SJPMJ5,CDR202600088914,SENDER_OUTGOING_ACTIVITY,-16,1
ATM250302O6O34D,CDR202600088915,RECEIVER_INCOMING_ACTIVITY,859,1
ATM2509079AJ4OW,CDR202600088942,DIRECT,217,1
TXN250911X7CLET,CDR202600088949,SENDER_OUTGOING_ACTIVITY,-6,1
TXN250116US2ABH,CDR202600088951,DIRECT,573,1
UPI250516693VU1,CDR202600088957,DIRECT,284,1
IMPS251203NZWIS6,CDR202600088974,RECEIVER_OUTGOING_ACTIVITY,1586,1
TXN250819R0XUKU,CDR202600088978,RECEIVER_OUTGOING_ACTIVITY,-829,1
ATM250330D8V32X,CDR202600088981,DIRECT,-1378,1
TXN250519MQYJMQ,CDR202600088985,REVERSE,-248,1
TXN251220IGSXSD,CDR202600088988,DIRECT,-924,1
ATM2505122Y3T9N,CDR202600089028,RECEIVER_INCOMING_ACTIVITY,776,1
TXN251225IIGL9N,CDR202600089061,REVERSE,-65,1
UPI250105TXX6LK,CDR202600089068,SENDER_OUTGOING_ACTIVITY,-318,1
ATM250326F6NGM2,CDR202600089074,REVERSE,19,1
ATM250222Y7M315,CDR202600089090,SENDER_INCOMING_ACTIVITY,37,1
UPI251231ETP3RI,CDR202600089116,DIRECT,-40,1
UPI250724IDR86Y,CDR202600089119,SENDER_OUTGOING_ACTIVITY,201,1
IMPS251102V0GKZS,CDR202600089135,SENDER_INCOMING_ACTIVITY,16,1
UPI251218AN8DMV,CDR202600089136,DIRECT,-35,1
TXN2504144RSDCM,CDR202600089145,SENDER_INCOMING_ACTIVITY,-243,1
TXN250530PEOL3F,CDR202600089162,DIRECT,52,1
UPI2505020INDR9,CDR202600089175,SENDER_INCOMING_ACTIVITY,220,1
UPI250213POB8F8,CDR202600089207,SENDER_INCOMING_ACTIVITY,-131,1
ATM251216NPTU2B,CDR202600089229,REVERSE,49,1
ATM251011H5Y7XI,CDR202600089240,RECEIVER_INCOMING_ACTIVITY,-22,1
TXN250122BOGMOF,CDR202600089243,REVERSE,240,1
ATM250219EHT08S,CDR202600089249,DIRECT,626,1
UPI2508164CROA4,CDR202600089290,SENDER_OUTGOING_ACTIVITY,28,1
ATM250327MXLZJG,CDR202600089300,DIRECT,-229,1
ATM250909IZ1ICC,CDR202600089302,DIRECT,-388,1
ATM2512165T7A0J,CDR202600089331,REVERSE,706,1
ATM2501159XM98L,CDR202600089342,DIRECT,-299,1
UPI2502204ZIK89,CDR202600089343,DIRECT,1,1
UPI251210FBUMHF,CDR202600089371,REVERSE,143,1
TXN250301JCWF6A,CDR202600089375,DIRECT,27,1
IMPS250517RBBBPI,CDR202600089385,DIRECT,694,1
UPI250903XC5M3J,CDR202600089390,DIRECT,151,1
TXN251122ASIYO3,CDR202600089404,DIRECT,-34,1
TXN250406JJ6L5N,CDR202600089418,DIRECT,36,1
ATM251018P1S9XN,CDR202600089420,REVERSE,896,1
ATM2509306VLIY9,CDR202600089425,REVERSE,147,1
UPI250531P1DAR4,CDR202600089428,SENDER_INCOMING_ACTIVITY,-51,1
ATM250201K7BWYU,CDR202600089429,SENDER_INCOMING_ACTIVITY,252,1
ATM250720ZP60FV,CDR202600089431,DIRECT,-797,1
ATM25101142P4TG,CDR202600089463,RECEIVER_INCOMING_ACTIVITY,900,1
ATM2508246E78BU,CDR202600089464,REVERSE,16,1
IMPS25080488VVRM,CDR202600089465,DIRECT,-236,1
ATM251127L76HB8,CDR202600089469,SENDER_OUTGOING_ACTIVITY,-259,1
TXN2505193NK7BA,CDR202600089477,DIRECT,-286,1
TXN2503049F2IKR,CDR202600089532,SENDER_INCOMING_ACTIVITY,175,1
TXN250114UPZ4SB,CDR202600089564,RECEIVER_OUTGOING_ACTIVITY,488,1
ATM2506031TVVYR,CDR202600089573,RECEIVER_OUTGOING_ACTIVITY,-12,1
ATM250511KY392R,CDR202600089618,SENDER_OUTGOING_ACTIVITY,-1508,1
UPI250915BF6RUL,CDR202600089626,SENDER_INCOMING_ACTIVITY,926,1
ATM250921MMJEZ9,CDR202600089632,RECEIVER_INCOMING_ACTIVITY,-602,1
TXN250221YV3B5W,CDR202600089636,REVERSE,-795,1
IMPS251219AE84GC,CDR202600089641,DIRECT,400,1
TXN2511064ZC25T,CDR202600089646,DIRECT,35,1
ATM250827ZLI2OS,CDR202600089666,RECEIVER_OUTGOING_ACTIVITY,-38,1
ATM250415CFUT03,CDR202600089669,DIRECT,-23,1
IMPS250601P826UR,CDR202600089677,RECEIVER_INCOMING_ACTIVITY,97,1
UPI250322HYLYP4,CDR202600089714,DIRECT,-32,1
UPI250208TIVGIM,CDR202600089715,DIRECT,-447,1
UPI2511035Q83MY,CDR202600089730,REVERSE,-32,1
UPI2503201IEP0L,CDR202600089732,DIRECT,89,1
UPI25100158QM3V,CDR202600089739,SENDER_OUTGOING_ACTIVITY,605,1
UPI250425XPYFLJ,CDR202600089746,DIRECT,-164,1
UPI250817YHF0FI,CDR202600089763,REVERSE,-261,1
UPI250921XY6JAY,CDR202600089772,DIRECT,-211,1
IMPS2505196PUW7T,CDR202600089789,RECEIVER_INCOMING_ACTIVITY,-880,1
UPI250522JU91CL,CDR202600089790,SENDER_INCOMING_ACTIVITY,-107,1
UPI250717S4RRQ1,CDR202600089803,DIRECT,-209,1
TXN251205N0JKJD,CDR202600089816,SENDER_INCOMING_ACTIVITY,-746,1
ATM25010463XVFI,CDR202600089818,REVERSE,138,1
ATM250302E2KEZH,CDR202600089821,REVERSE,108,1
TXN250730QHUEV7,CDR202600089837,RECEIVER_INCOMING_ACTIVITY,-207,1
UPI2502169Q1WJA,CDR202600089842,REVERSE,-136,1
ATM250415SP4SPY,CDR202600089849,SENDER_OUTGOING_ACTIVITY,-779,1
ATM250524LAHCAH,CDR202600089864,RECEIVER_OUTGOING_ACTIVITY,113,1
UPI2502016LTKBT,CDR202600089869,DIRECT,640,1
TXN250310GRJL09,CDR202600089917,RECEIVER_OUTGOING_ACTIVITY,-30,1
UPI250607CMY8GR,CDR202600089925,SENDER_INCOMING_ACTIVITY,20,1
ATM250710HGIGF3,CDR202600089937,DIRECT,-134,1
ATM250712M1VO1Y,CDR202600089938,DIRECT,329,1
ATM250211HOHLGP,CDR202600089947,REVERSE,19,1
TXN2512238BM32I,CDR202600089957,SENDER_INCOMING_ACTIVITY,587,1
IMPS251124MKROI4,CDR202600089973,DIRECT,31,1
UPI250525XAJ9O1,CDR202600089987,DIRECT,-791,1
UPI25032166GBMN,CDR202600089988,RECEIVER_OUTGOING_ACTIVITY,-201,1
ATM251201BIZJXI,CDR202600089996,RECEIVER_INCOMING_ACTIVITY,430,1
ATM2506248QRAYT,CDR202600090005,SENDER_OUTGOING_ACTIVITY,-33,1
UPI251111I8GR3I,CDR202600090009,RECEIVER_INCOMING_ACTIVITY,315,1
ATM251203KXUIZB,CDR202600090015,RECEIVER_INCOMING_ACTIVITY,783,1
ATM250820U5VWSQ,CDR202600090025,RECEIVER_INCOMING_ACTIVITY,47,1
UPI250620OG2UXE,CDR202600090028,SENDER_INCOMING_ACTIVITY,-1616,1
ATM250219FGRWK4,CDR202600090033,SENDER_INCOMING_ACTIVITY,-23,1
IMPS250811GE4XDL,CDR202600090083,DIRECT,-685,1
ATM2505297RGTCT,CDR202600090094,DIRECT,520,1
ATM250530GEBEFM,CDR202600090118,DIRECT,-199,1
UPI250428LJRXHO,CDR202600090137,RECEIVER_INCOMING_ACTIVITY,-259,1
ATM25061773V2RI,CDR202600090156,DIRECT,40,1
ATM250329YQ9EW1,CDR202600090210,SENDER_OUTGOING_ACTIVITY,18,1
ATM250507MR6G9B,CDR202600090216,DIRECT,-31,1
UPI250426FNG32S,CDR202600090220,SENDER_INCOMING_ACTIVITY,-62,1
UPI2502189I41M3,CDR202600090224,REVERSE,255,1
TXN251018NWH615,CDR202600090226,SENDER_INCOMING_ACTIVITY,-145,1
ATM250117FDP08T,CDR202600090230,DIRECT,679,1
TXN2510191FQAH7,CDR202600090234,SENDER_OUTGOING_ACTIVITY,54,1
ATM250103OALFWY,CDR202600090245,RECEIVER_INCOMING_ACTIVITY,78,1
IMPS250213CP7EJK,CDR202600090255,SENDER_OUTGOING_ACTIVITY,-1396,1
ATM251120SV9LRS,CDR202600090276,RECEIVER_OUTGOING_ACTIVITY,-145,1
UPI250728Y1OV5S,CDR202600090299,RECEIVER_INCOMING_ACTIVITY,97,1
UPI251209GGJ6HE,CDR202600090301,DIRECT,-289,1
TXN251129EJ98EW,CDR202600090322,REVERSE,-298,1
TXN250322F129QG,CDR202600090347,RECEIVER_INCOMING_ACTIVITY,-340,1
UPI250310Y3U5K0,CDR202600090364,RECEIVER_OUTGOING_ACTIVITY,-285,1
ATM2510156I2K35,CDR202600090374,RECEIVER_OUTGOING_ACTIVITY,-15,1
UPI250506RGS3EY,CDR202600090402,REVERSE,68,1
ATM250627TZ9YRS,CDR202600090404,SENDER_INCOMING_ACTIVITY,1086,1
ATM250829SEG93Y,CDR202600090407,REVERSE,-320,1
IMPS250104Z1OV5V,CDR202600090408,RECEIVER_INCOMING_ACTIVITY,164,1
ATM2507308YSV2G,CDR202600090424,REVERSE,4,1
UPI2506237HH3Z9,CDR202600090446,DIRECT,63,1
ATM250923WA00E8,CDR202600090468,RECEIVER_OUTGOING_ACTIVITY,79,1
TXN25070668IV9C,CDR202600090480,RECEIVER_OUTGOING_ACTIVITY,-259,1
UPI2511015SHQFM,CDR202600090491,SENDER_INCOMING_ACTIVITY,185,1
ATM251106EGAWTS,CDR202600090511,DIRECT,43,1
TXN251208JGSWK9,CDR202600090513,REVERSE,-131,1
UPI251127496MUT,CDR202600090530,RECEIVER_INCOMING_ACTIVITY,-843,1
TXN250619OE8VKH,CDR202600090535,RECEIVER_OUTGOING_ACTIVITY,-76,1
TXN250119GJ7PSG,CDR202600090551,RECEIVER_OUTGOING_ACTIVITY,-417,1
UPI250113KC6S83,CDR202600090554,SENDER_INCOMING_ACTIVITY,975,1
TXN250717IRWI5S,CDR202600090557,DIRECT,36,1
UPI2501036EXNWZ,CDR202600090575,RECEIVER_OUTGOING_ACTIVITY,249,1
UPI2505084S2YIJ,CDR202600090593,SENDER_INCOMING_ACTIVITY,-1208,1
ATM2505271VJJC3,CDR202600090600,DIRECT,-607,1
UPI250518EQWW8H,CDR202600090627,DIRECT,104,1
ATM251031JUBGZV,CDR202600090631,DIRECT,-49,1
TXN250923ED0MVY,CDR202600090634,RECEIVER_INCOMING_ACTIVITY,-167,1
TXN251222NC74C5,CDR202600090662,SENDER_OUTGOING_ACTIVITY,-9,1
UPI251109GDL11P,CDR202600090667,SENDER_INCOMING_ACTIVITY,155,1
UPI2505021HW18D,CDR202600090679,REVERSE,189,1
UPI250115G9UHX0,CDR202600090680,DIRECT,1178,1
UPI25080829SRVD,CDR202600090683,DIRECT,-957,1
ATM250223462HWB,CDR202600090700,RECEIVER_INCOMING_ACTIVITY,28,1
ATM250219L8KLCX,CDR202600090728,SENDER_INCOMING_ACTIVITY,76,1
TXN2501224GXK74,CDR202600090729,DIRECT,350,1
ATM251219B506MN,CDR202600090746,REVERSE,-227,1
ATM2508179W0FU5,CDR202600090768,DIRECT,-673,1
ATM250216OE7Y3V,CDR202600090778,REVERSE,-1186,1
UPI251017GFC14P,CDR202600090783,DIRECT,-215,1
TXN250617EW7UC2,CDR202600090804,SENDER_INCOMING_ACTIVITY,157,1
TXN250410VT3HN4,CDR202600090810,SENDER_OUTGOING_ACTIVITY,-1219,1
UPI250422LR4MA4,CDR202600090816,REVERSE,13,1
IMPS2502083OM07B,CDR202600090818,RECEIVER_OUTGOING_ACTIVITY,96,1
ATM251130I2O2ZH,CDR202600090840,DIRECT,-32,1
TXN250911O4S87X,CDR202600090843,DIRECT,-244,1
ATM250629WMMZBG,CDR202600090845,SENDER_INCOMING_ACTIVITY,1109,1
TXN250226NVRQTU,CDR202600090868,SENDER_OUTGOING_ACTIVITY,-98,1
ATM251121HYBZXY,CDR202600090880,DIRECT,628,1
IMPS250509O0L1W8,CDR202600090884,RECEIVER_INCOMING_ACTIVITY,-20,1
UPI250223KS80TQ,CDR202600090901,DIRECT,40,1
ATM2503306DBHDL,CDR202600090959,SENDER_OUTGOING_ACTIVITY,164,1
UPI2504150BBQ7F,CDR202600090960,SENDER_OUTGOING_ACTIVITY,795,1
UPI250313VJDOV4,CDR202600091035,SENDER_OUTGOING_ACTIVITY,205,1
IMPS250114P1KFV4,CDR202600091045,DIRECT,-81,1
UPI250119NE4N2L,CDR202600091047,DIRECT,419,1
ATM250612BVHB2A,CDR202600091090,RECEIVER_INCOMING_ACTIVITY,-584,1
ATM250413L2IRQO,CDR202600091107,DIRECT,-231,1
ATM250506T9EIJ4,CDR202600091133,DIRECT,-150,1
ATM25012636M4D8,CDR202600091143,SENDER_INCOMING_ACTIVITY,-214,1
TXN250113AEB4KR,CDR202600091147,REVERSE,-44,1
