CDR_ID,IPDR_ID,Relationship_Type,Time_Difference_Seconds,Is_Correlated
CDR202600000020,,NO_MATCH,,0
CDR202600000047,,NO_MATCH,,0
CDR202600000077,,NO_MATCH,,0
CDR202600000103,,NO_MATCH,,0
CDR202600000151,,NO_MATCH,,0
CDR202600000155,,NO_MATCH,,0
CDR202600000187,,NO_MATCH,,0
CDR202600000239,,NO_MATCH,,0
CDR202600000254,,NO_MATCH,,0
CDR202600000347,,NO_MATCH,,0
CDR202600000371,,NO_MATCH,,0
CDR202600000414,,NO_MATCH,,0
CDR202600000419,,NO_MATCH,,0
CDR202600000473,,NO_MATCH,,0
CDR202600000566,,NO_MATCH,,0
CDR202600000569,,NO_MATCH,,0
CDR202600000623,,NO_MATCH,,0
CDR202600000640,,NO_MATCH,,0
CDR202600000643,,NO_MATCH,,0
CDR202600000667,,NO_MATCH,,0
CDR202600000693,,NO_MATCH,,0
CDR202600000694,,NO_MATCH,,0
CDR202600000697,,NO_MATCH,,0
CDR202600000814,,NO_MATCH,,0
CDR202600000826,,NO_MATCH,,0
CDR202600001021,,NO_MATCH,,0
CDR202600001045,,NO_MATCH,,0
CDR202600001077,,NO_MATCH,,0
CDR202600001180,,NO_MATCH,,0
CDR202600001290,,NO_MATCH,,0
CDR202600001331,,NO_MATCH,,0
CDR202600001389,,NO_MATCH,,0
CDR202600001407,,NO_MATCH,,0
CDR202600001449,,NO_MATCH,,0
CDR202600001470,,NO_MATCH,,0
CDR202600001535,,NO_MATCH,,0
CDR202600001567,,NO_MATCH,,0
CDR202600001584,,NO_MATCH,,0
CDR202600001655,,NO_MATCH,,0
CDR202600001664,,NO_MATCH,,0
CDR202600001743,,NO_MATCH,,0
CDR202600001862,,NO_MATCH,,0
CDR202600002007,,NO_MATCH,,0
CDR202600002032,,NO_MATCH,,0
CDR202600002052,,NO_MATCH,,0
CDR202600002138,,NO_MATCH,,0
CDR202600002165,,NO_MATCH,,0
CDR202600002217,,NO_MATCH,,0
CDR202600002230,,NO_MATCH,,0
CDR202600002253,,NO_MATCH,,0
CDR202600002272,,NO_MATCH,,0
CDR202600002305,,NO_MATCH,,0
CDR202600002486,,NO_MATCH,,0
CDR202600002550,,NO_MATCH,,0
CDR202600002574,,NO_MATCH,,0
CDR202600002655,,NO_MATCH,,0
CDR202600002670,,NO_MATCH,,0
CDR202600002677,,NO_MATCH,,0
CDR202600002693,,NO_MATCH,,0
CDR202600002695,,NO_MATCH,,0
CDR202600002750,,NO_MATCH,,0
CDR202600002778,,NO_MATCH,,0
CDR202600002785,,NO_MATCH,,0
CDR202600002811,,NO_MATCH,,0
CDR202600002908,,NO_MATCH,,0
CDR202600002994,,NO_MATCH,,0
CDR202600002997,,NO_MATCH,,0
CDR202600003029,,NO_MATCH,,0
CDR202600003059,,NO_MATCH,,0
CDR202600003089,,NO_MATCH,,0
CDR202600003216,,NO_MATCH,,0
CDR202600003263,,NO_MATCH,,0
CDR202600003292,,NO_MATCH,,0
CDR202600003307,,NO_MATCH,,0
CDR202600003329,,NO_MATCH,,0
CDR202600003353,,NO_MATCH,,0
CDR202600003378,,NO_MATCH,,0
CDR202600003387,,NO_MATCH,,0
CDR202600003417,,NO_MATCH,,0
CDR202600003420,,NO_MATCH,,0
CDR202600003429,,NO_MATCH,,0
CDR202600003588,,NO_MATCH,,0
CDR202600003676,,NO_MATCH,,0
CDR202600003742,,NO_MATCH,,0
CDR202600003761,,NO_MATCH,,0
CDR202600003804,,NO_MATCH,,0
CDR202600003914,,NO_MATCH,,0
CDR202600003940,,NO_MATCH,,0
CDR202600003957,,NO_MATCH,,0
CDR202600003977,,NO_MATCH,,0
CDR202600003982,,NO_MATCH,,0
CDR202600004030,,NO_MATCH,,0
CDR202600004127,,NO_MATCH,,0
CDR202600004178,,NO_MATCH,,0
CDR202600004199,,NO_MATCH,,0
CDR202600004207,,NO_MATCH,,0
CDR202600004235,,NO_MATCH,,0
CDR202600004266,,NO_MATCH,,0
CDR202600004324,,NO_MATCH,,0
CDR202600004337,,NO_MATCH,,0
CDR202600004339,,NO_MATCH,,0
CDR202600004407,,NO_MATCH,,0
CDR202600004451,,NO_MATCH,,0
CDR202600004473,,NO_MATCH,,0
CDR202600004492,,NO_MATCH,,0
CDR202600004561,,NO_MATCH,,0
CDR202600004577,,NO_MATCH,,0
CDR202600004588,,NO_MATCH,,0
CDR202600004657,,NO_MATCH,,0
CDR202600004692,,NO_MATCH,,0
CDR202600004742,,NO_MATCH,,0
CDR202600004774,,NO_MATCH,,0
CDR202600004789,,NO_MATCH,,0
CDR202600004802,,NO_MATCH,,0
CDR202600004805,,NO_MATCH,,0
CDR202600004823,,NO_MATCH,,0
CDR202600005002,,NO_MATCH,,0
CDR202600005098,,NO_MATCH,,0
CDR202600005119,,NO_MATCH,,0
CDR202600005181,,NO_MATCH,,0
CDR202600005390,,NO_MATCH,,0
CDR202600005442,,NO_MATCH,,0
CDR202600005447,,NO_MATCH,,0
CDR202600005504,,NO_MATCH,,0
CDR202600005509,,NO_MATCH,,0
CDR202600005569,,NO_MATCH,,0
CDR202600005603,,NO_MATCH,,0
CDR202600005645,,NO_MATCH,,0
CDR202600005732,,NO_MATCH,,0
CDR202600005774,,NO_MATCH,,0
CDR202600005948,,NO_MATCH,,0
CDR202600006062,,NO_MATCH,,0
CDR202600006100,,NO_MATCH,,0
CDR202600006112,,NO_MATCH,,0
CDR202600006137,,NO_MATCH,,0
CDR202600006176,,NO_MATCH,,0
CDR202600006222,,NO_MATCH,,0
CDR202600006259,,NO_MATCH,,0
CDR202600006289,,NO_MATCH,,0
CDR202600006297,,NO_MATCH,,0
CDR202600006348,,NO_MATCH,,0
CDR202600006379,,NO_MATCH,,0
CDR202600006477,,NO_MATCH,,0
CDR202600006504,,NO_MATCH,,0
CDR202600006570,,NO_MATCH,,0
CDR202600006571,,NO_MATCH,,0
CDR202600006666,,NO_MATCH,,0
CDR202600006673,,NO_MATCH,,0
CDR202600006703,,NO_MATCH,,0
CDR202600006769,,NO_MATCH,,0
CDR202600006814,,NO_MATCH,,0
CDR202600006823,,NO_MATCH,,0
CDR202600006861,,NO_MATCH,,0
CDR202600006880,,NO_MATCH,,0
CDR202600006892,,NO_MATCH,,0
CDR202600006951,,NO_MATCH,,0
CDR202600006997,,NO_MATCH,,0
CDR202600007051,,NO_MATCH,,0
CDR202600007062,,NO_MATCH,,0
CDR202600007130,,NO_MATCH,,0
CDR202600007140,,NO_MATCH,,0
CDR202600007156,,NO_MATCH,,0
CDR202600007199,,NO_MATCH,,0
CDR202600007276,,NO_MATCH,,0
CDR202600007281,,NO_MATCH,,0
CDR202600007345,,NO_MATCH,,0
CDR202600007415,,NO_MATCH,,0
CDR202600007434,,NO_MATCH,,0
CDR202600007444,,NO_MATCH,,0
CDR202600007532,,NO_MATCH,,0
CDR202600007560,,NO_MATCH,,0
CDR202600007713,,NO_MATCH,,0
CDR202600007890,,NO_MATCH,,0
CDR202600007960,,NO_MATCH,,0
CDR202600008043,,NO_MATCH,,0
CDR202600008078,,NO_MATCH,,0
CDR202600008115,,NO_MATCH,,0
CDR202600008184,,NO_MATCH,,0
CDR202600008198,,NO_MATCH,,0
CDR202600008211,,NO_MATCH,,0
CDR202600008232,,NO_MATCH,,0
CDR202600008248,,NO_MATCH,,0
CDR202600008277,,NO_MATCH,,0
CDR202600008294,,NO_MATCH,,0
CDR202600008365,,NO_MATCH,,0
CDR202600008389,,NO_MATCH,,0
CDR202600008482,,NO_MATCH,,0
CDR202600008660,,NO_MATCH,,0
CDR202600008735,,NO_MATCH,,0
CDR202600008738,,NO_MATCH,,0
CDR202600008758,,NO_MATCH,,0
CDR202600008814,,NO_MATCH,,0
CDR202600008851,,NO_MATCH,,0
CDR202600008938,,NO_MATCH,,0
CDR202600008947,,NO_MATCH,,0
CDR202600008977,,NO_MATCH,,0
CDR202600008999,,NO_MATCH,,0
CDR202600009044,,NO_MATCH,,0
CDR202600009161,,NO_MATCH,,0
CDR202600009221,,NO_MATCH,,0
CDR202600009226,,NO_MATCH,,0
CDR202600009323,,NO_MATCH,,0
CDR202600009339,,NO_MATCH,,0
CDR202600009359,,NO_MATCH,,0
CDR202600009367,,NO_MATCH,,0
CDR202600009400,,NO_MATCH,,0
CDR202600009401,,NO_MATCH,,0
CDR202600009455,,NO_MATCH,,0
CDR202600009459,,NO_MATCH,,0
CDR202600009496,,NO_MATCH,,0
CDR202600009542,,NO_MATCH,,0
CDR202600009572,,NO_MATCH,,0
CDR202600009645,,NO_MATCH,,0
CDR202600009667,,NO_MATCH,,0
CDR202600009701,,NO_MATCH,,0
CDR202600009787,,NO_MATCH,,0
CDR202600009804,,NO_MATCH,,0
CDR202600009903,,NO_MATCH,,0
CDR202600009940,,NO_MATCH,,0
CDR202600010157,,NO_MATCH,,0
CDR202600010172,,NO_MATCH,,0
CDR202600010204,,NO_MATCH,,0
CDR202600010228,,NO_MATCH,,0
CDR202600010236,,NO_MATCH,,0
CDR202600010248,,NO_MATCH,,0
CDR202600010287,,NO_MATCH,,0
CDR202600010366,,NO_MATCH,,0
CDR202600010484,,NO_MATCH,,0
CDR202600010555,,NO_MATCH,,0
CDR202600010584,,NO_MATCH,,0
CDR202600010607,,NO_MATCH,,0
CDR202600010617,,NO_MATCH,,0
CDR202600010680,,NO_MATCH,,0
CDR202600010916,,NO_MATCH,,0
CDR202600010931,,NO_MATCH,,0
CDR202600010950,,NO_MATCH,,0
CDR202600011049,,NO_MATCH,,0
CDR202600011148,,NO_MATCH,,0
CDR202600011149,,NO_MATCH,,0
CDR202600011181,,NO_MATCH,,0
CDR202600011209,,NO_MATCH,,0
CDR202600011266,,NO_MATCH,,0
CDR202600011310,,NO_MATCH,,0
CDR202600011335,,NO_MATCH,,0
CDR202600011359,,NO_MATCH,,0
CDR202600011367,,NO_MATCH,,0
CDR202600011391,,NO_MATCH,,0
CDR202600011395,,NO_MATCH,,0
CDR202600011397,,NO_MATCH,,0
CDR202600011405,,NO_MATCH,,0
CDR202600011507,,NO_MATCH,,0
CDR202600011521,,NO_MATCH,,0
CDR202600011548,,NO_MATCH,,0
CDR202600011550,,NO_MATCH,,0
CDR202600011561,,NO_MATCH,,0
CDR202600011607,,NO_MATCH,,0
CDR202600011613,,NO_MATCH,,0
CDR202600011697,,NO_MATCH,,0
CDR202600011773,,NO_MATCH,,0
CDR202600011838,,NO_MATCH,,0
CDR202600011880,,NO_MATCH,,0
CDR202600011925,,NO_MATCH,,0
CDR202600011966,,NO_MATCH,,0
CDR202600012023,,NO_MATCH,,0
CDR202600012030,,NO_MATCH,,0
CDR202600012040,,NO_MATCH,,0
CDR202600012058,,NO_MATCH,,0
CDR202600012115,,NO_MATCH,,0
CDR202600012127,,NO_MATCH,,0
CDR202600012206,,NO_MATCH,,0
CDR202600012304,,NO_MATCH,,0
CDR202600012341,,NO_MATCH,,0
CDR202600012364,,NO_MATCH,,0
CDR202600012382,,NO_MATCH,,0
CDR202600012393,,NO_MATCH,,0
CDR202600012421,,NO_MATCH,,0
CDR202600012422,,NO_MATCH,,0
CDR202600012434,,NO_MATCH,,0
CDR202600012467,,NO_MATCH,,0
CDR202600012512,,NO_MATCH,,0
CDR202600012594,,NO_MATCH,,0
CDR202600013016,,NO_MATCH,,0
CDR202600013052,,NO_MATCH,,0
CDR202600013071,,NO_MATCH,,0
CDR202600013140,,NO_MATCH,,0
CDR202600013211,,NO_MATCH,,0
CDR202600013387,,NO_MATCH,,0
CDR202600013515,,NO_MATCH,,0
CDR202600013527,,NO_MATCH,,0
CDR202600013561,,NO_MATCH,,0
CDR202600013568,,NO_MATCH,,0
CDR202600013579,,NO_MATCH,,0
CDR202600013613,,NO_MATCH,,0
CDR202600013637,,NO_MATCH,,0
CDR202600013647,,NO_MATCH,,0
CDR202600013656,,NO_MATCH,,0
CDR202600013704,,NO_MATCH,,0
CDR202600013706,,NO_MATCH,,0
CDR202600013781,,NO_MATCH,,0
CDR202600013804,,NO_MATCH,,0
CDR202600013805,,NO_MATCH,,0
CDR202600013843,,NO_MATCH,,0
CDR202600013855,,NO_MATCH,,0
CDR202600013859,,NO_MATCH,,0
CDR202600013918,,NO_MATCH,,0
CDR202600013933,,NO_MATCH,,0
CDR202600014137,,NO_MATCH,,0
CDR202600014188,,NO_MATCH,,0
CDR202600014224,,NO_MATCH,,0
CDR202600014283,,NO_MATCH,,0
CDR202600014287,,NO_MATCH,,0
CDR202600014314,,NO_MATCH,,0
CDR202600014369,,NO_MATCH,,0
CDR202600014373,,NO_MATCH,,0
CDR202600014387,,NO_MATCH,,0
CDR202600014400,,NO_MATCH,,0
CDR202600014580,,NO_MATCH,,0
CDR202600014589,,NO_MATCH,,0
CDR202600014712,,NO_MATCH,,0
CDR202600014847,,NO_MATCH,,0
CDR202600014926,,NO_MATCH,,0
CDR202600014960,,NO_MATCH,,0
CDR202600015016,,NO_MATCH,,0
CDR202600015019,,NO_MATCH,,0
CDR202600015096,,NO_MATCH,,0
CDR202600015218,,NO_MATCH,,0
CDR202600015275,,NO_MATCH,,0
CDR202600015296,,NO_MATCH,,0
CDR202600015366,,NO_MATCH,,0
CDR202600015414,,NO_MATCH,,0
CDR202600015551,,NO_MATCH,,0
CDR202600015579,,NO_MATCH,,0
CDR202600015590,,NO_MATCH,,0
CDR202600015608,,NO_MATCH,,0
CDR202600015737,,NO_MATCH,,0
CDR202600015793,,NO_MATCH,,0
CDR202600015805,,NO_MATCH,,0
CDR202600015858,,NO_MATCH,,0
CDR202600015909,,NO_MATCH,,0
CDR202600015921,,NO_MATCH,,0
CDR202600015952,,NO_MATCH,,0
CDR202600015956,,NO_MATCH,,0
CDR202600015967,,NO_MATCH,,0
CDR202600016005,,NO_MATCH,,0
CDR202600016035,,NO_MATCH,,0
CDR202600016042,,NO_MATCH,,0
CDR202600016095,,NO_MATCH,,0
CDR202600016130,,NO_MATCH,,0
CDR202600016132,,NO_MATCH,,0
CDR202600016149,,NO_MATCH,,0
CDR202600016258,,NO_MATCH,,0
CDR202600016501,,NO_MATCH,,0
CDR202600016519,,NO_MATCH,,0
CDR202600016564,,NO_MATCH,,0
CDR202600016589,,NO_MATCH,,0
CDR202600016608,,NO_MATCH,,0
CDR202600016692,,NO_MATCH,,0
CDR202600016765,,NO_MATCH,,0
CDR202600016862,,NO_MATCH,,0
CDR202600016920,,NO_MATCH,,0
CDR202600016962,,NO_MATCH,,0
CDR202600017013,,NO_MATCH,,0
CDR202600017086,,NO_MATCH,,0
CDR202600017089,,NO_MATCH,,0
CDR202600017099,,NO_MATCH,,0
CDR202600017111,,NO_MATCH,,0
CDR202600017259,,NO_MATCH,,0
CDR202600017329,,NO_MATCH,,0
CDR202600017353,,NO_MATCH,,0
CDR202600017358,,NO_MATCH,,0
CDR202600017377,,NO_MATCH,,0
CDR202600017460,,NO_MATCH,,0
CDR202600017465,,NO_MATCH,,0
CDR202600017476,,NO_MATCH,,0
CDR202600017484,,NO_MATCH,,0
CDR202600017596,,NO_MATCH,,0
CDR202600017710,,NO_MATCH,,0
CDR202600017736,,NO_MATCH,,0
CDR202600017769,,NO_MATCH,,0
CDR202600017790,,NO_MATCH,,0
CDR202600017836,,NO_MATCH,,0
CDR202600017849,,NO_MATCH,,0
CDR202600017870,,NO_MATCH,,0
CDR202600018098,,NO_MATCH,,0
CDR202600018140,,NO_MATCH,,0
CDR202600018147,,NO_MATCH,,0
CDR202600018155,,NO_MATCH,,0
CDR202600018158,,NO_MATCH,,0
CDR202600018266,,NO_MATCH,,0
CDR202600018364,,NO_MATCH,,0
CDR202600018401,,NO_MATCH,,0
CDR202600018709,,NO_MATCH,,0
CDR202600018731,,NO_MATCH,,0
CDR202600018757,,NO_MATCH,,0
CDR202600018828,,NO_MATCH,,0
CDR202600018866,,NO_MATCH,,0
CDR202600018961,,NO_MATCH,,0
CDR202600018965,,NO_MATCH,,0
CDR202600019009,,NO_MATCH,,0
CDR202600019057,,NO_MATCH,,0
CDR202600019069,,NO_MATCH,,0
CDR202600019122,,NO_MATCH,,0
CDR202600019210,,NO_MATCH,,0
CDR202600019212,,NO_MATCH,,0
CDR202600019214,,NO_MATCH,,0
CDR202600019225,,NO_MATCH,,0
CDR202600019259,,NO_MATCH,,0
CDR202600019261,,NO_MATCH,,0
CDR202600019275,,NO_MATCH,,0
CDR202600019276,,NO_MATCH,,0
CDR202600019364,,NO_MATCH,,0
CDR202600019407,,NO_MATCH,,0
CDR202600019455,,NO_MATCH,,0
CDR202600019457,,NO_MATCH,,0
CDR202600019541,,NO_MATCH,,0
CDR202600019715,,NO_MATCH,,0
CDR202600019744,,NO_MATCH,,0
CDR202600019787,,NO_MATCH,,0
CDR202600019854,,NO_MATCH,,0
CDR202600019930,,NO_MATCH,,0
CDR202600019952,,NO_MATCH,,0
CDR202600019985,,NO_MATCH,,0
CDR202600020191,,NO_MATCH,,0
CDR202600020214,,NO_MATCH,,0
CDR202600020219,,NO_MATCH,,0
CDR202600020232,,NO_MATCH,,0
CDR202600020264,,NO_MATCH,,0
CDR202600020277,,NO_MATCH,,0
CDR202600020279,,NO_MATCH,,0
CDR202600020344,,NO_MATCH,,0
CDR202600020350,,NO_MATCH,,0
CDR202600020376,,NO_MATCH,,0
CDR202600020438,,NO_MATCH,,0
CDR202600020445,,NO_MATCH,,0
CDR202600020471,,NO_MATCH,,0
CDR202600020491,,NO_MATCH,,0
CDR202600020502,,NO_MATCH,,0
CDR202600020533,,NO_MATCH,,0
CDR202600020551,,NO_MATCH,,0
CDR202600020767,,NO_MATCH,,0
CDR202600020858,,NO_MATCH,,0
CDR202600020878,,NO_MATCH,,0
CDR202600020926,,NO_MATCH,,0
CDR202600020999,,NO_MATCH,,0
CDR202600021086,,NO_MATCH,,0
CDR202600021096,,NO_MATCH,,0
CDR202600021110,,NO_MATCH,,0
CDR202600021118,,NO_MATCH,,0
CDR202600021238,,NO_MATCH,,0
CDR202600021258,,NO_MATCH,,0
CDR202600021292,,NO_MATCH,,0
CDR202600021340,,NO_MATCH,,0
CDR202600021342,,NO_MATCH,,0
CDR202600021415,,NO_MATCH,,0
CDR202600021456,,NO_MATCH,,0
CDR202600021458,,NO_MATCH,,0
CDR202600021540,,NO_MATCH,,0
CDR202600021563,,NO_MATCH,,0
CDR202600021594,,NO_MATCH,,0
CDR202600021681,,NO_MATCH,,0
CDR202600021763,,NO_MATCH,,0
CDR202600021792,,NO_MATCH,,0
CDR202600021815,,NO_MATCH,,0
CDR202600021835,,NO_MATCH,,0
CDR202600021896,,NO_MATCH,,0
CDR202600021936,,NO_MATCH,,0
CDR202600021964,,NO_MATCH,,0
CDR202600022003,,NO_MATCH,,0
CDR202600022108,,NO_MATCH,,0
CDR202600022129,,NO_MATCH,,0
CDR202600022134,,NO_MATCH,,0
CDR202600022142,,NO_MATCH,,0
CDR202600022175,,NO_MATCH,,0
CDR202600022211,,NO_MATCH,,0
CDR202600022285,,NO_MATCH,,0
CDR202600022286,,NO_MATCH,,0
CDR202600022318,,NO_MATCH,,0
CDR202600022344,,NO_MATCH,,0
CDR202600022347,,NO_MATCH,,0
CDR202600022423,,NO_MATCH,,0
CDR202600022435,,NO_MATCH,,0
CDR202600022524,,NO_MATCH,,0
CDR202600022539,,NO_MATCH,,0
CDR202600022546,,NO_MATCH,,0
CDR202600022623,,NO_MATCH,,0
CDR202600022624,,NO_MATCH,,0
CDR202600022642,,NO_MATCH,,0
CDR202600022667,,NO_MATCH,,0
CDR202600022815,,NO_MATCH,,0
CDR202600022949,,NO_MATCH,,0
CDR202600022957,,NO_MATCH,,0
CDR202600023220,,NO_MATCH,,0
CDR202600023325,,NO_MATCH,,0
CDR202600023339,,NO_MATCH,,0
CDR202600023346,,NO_MATCH,,0
CDR202600023364,,NO_MATCH,,0
CDR202600023389,,NO_MATCH,,0
CDR202600023476,,NO_MATCH,,0
CDR202600023484,,NO_MATCH,,0
CDR202600023500,,NO_MATCH,,0
CDR202600023516,,NO_MATCH,,0
CDR202600023538,,NO_MATCH,,0
CDR202600023568,,NO_MATCH,,0
CDR202600023578,,NO_MATCH,,0
CDR202600023616,,NO_MATCH,,0
CDR202600023667,,NO_MATCH,,0
CDR202600023788,,NO_MATCH,,0
CDR202600023818,,NO_MATCH,,0
CDR202600023849,,NO_MATCH,,0
CDR202600023871,,NO_MATCH,,0
CDR202600023942,,NO_MATCH,,0
CDR202600023943,,NO_MATCH,,0
CDR202600024020,,NO_MATCH,,0
CDR202600024080,,NO_MATCH,,0
CDR202600024100,,NO_MATCH,,0
CDR202600024108,,NO_MATCH,,0
CDR202600024122,,NO_MATCH,,0
CDR202600024211,,NO_MATCH,,0
CDR202600024214,,NO_MATCH,,0
CDR202600024409,,NO_MATCH,,0
CDR202600024441,,NO_MATCH,,0
CDR202600024496,,NO_MATCH,,0
CDR202600024555,,NO_MATCH,,0
CDR202600024587,,NO_MATCH,,0
CDR202600024634,,NO_MATCH,,0
CDR202600024724,,NO_MATCH,,0
CDR202600024779,,NO_MATCH,,0
CDR202600024795,,NO_MATCH,,0
CDR202600024880,,NO_MATCH,,0
CDR202600024919,,NO_MATCH,,0
CDR202600024922,,NO_MATCH,,0
CDR202600024924,,NO_MATCH,,0
CDR202600024947,,NO_MATCH,,0
CDR202600025022,,NO_MATCH,,0
CDR202600025056,,NO_MATCH,,0
CDR202600025058,,NO_MATCH,,0
CDR202600025259,,NO_MATCH,,0
CDR202600025314,,NO_MATCH,,0
CDR202600025368,,NO_MATCH,,0
CDR202600025476,,NO_MATCH,,0
CDR202600025519,,NO_MATCH,,0
CDR202600025535,,NO_MATCH,,0
CDR202600025677,,NO_MATCH,,0
CDR202600025707,,NO_MATCH,,0
CDR202600025730,,NO_MATCH,,0
CDR202600025819,,NO_MATCH,,0
CDR202600025820,,NO_MATCH,,0
CDR202600025925,,NO_MATCH,,0
CDR202600025959,,NO_MATCH,,0
CDR202600025966,,NO_MATCH,,0
CDR202600025992,,NO_MATCH,,0
CDR202600026041,,NO_MATCH,,0
CDR202600026046,,NO_MATCH,,0
CDR202600026064,,NO_MATCH,,0
CDR202600026132,,NO_MATCH,,0
CDR202600026183,,NO_MATCH,,0
CDR202600026259,,NO_MATCH,,0
CDR202600026290,,NO_MATCH,,0
CDR202600026299,,NO_MATCH,,0
CDR202600026315,,NO_MATCH,,0
CDR202600026330,,NO_MATCH,,0
CDR202600026394,,NO_MATCH,,0
CDR202600026469,,NO_MATCH,,0
CDR202600026486,,NO_MATCH,,0
CDR202600026624,,NO_MATCH,,0
CDR202600026664,,NO_MATCH,,0
CDR202600026712,,NO_MATCH,,0
CDR202600026717,,NO_MATCH,,0
CDR202600026731,,NO_MATCH,,0
CDR202600026812,,NO_MATCH,,0
CDR202600026910,,NO_MATCH,,0
CDR202600027010,,NO_MATCH,,0
CDR202600027116,,NO_MATCH,,0
CDR202600027125,,NO_MATCH,,0
CDR202600027130,,NO_MATCH,,0
CDR202600027185,,NO_MATCH,,0
CDR202600027246,,NO_MATCH,,0
CDR202600027250,,NO_MATCH,,0
CDR202600027345,,NO_MATCH,,0
CDR202600027480,,NO_MATCH,,0
CDR202600027490,,NO_MATCH,,0
CDR202600027580,,NO_MATCH,,0
CDR202600027587,,NO_MATCH,,0
CDR202600027643,,NO_MATCH,,0
CDR202600027646,,NO_MATCH,,0
CDR202600027667,,NO_MATCH,,0
CDR202600027674,,NO_MATCH,,0
CDR202600027775,,NO_MATCH,,0
CDR202600027790,,NO_MATCH,,0
CDR202600027817,,NO_MATCH,,0
CDR202600027839,,NO_MATCH,,0
CDR202600027842,,NO_MATCH,,0
CDR202600027886,,NO_MATCH,,0
CDR202600027964,,NO_MATCH,,0
CDR202600028079,,NO_MATCH,,0
CDR202600028167,,NO_MATCH,,0
CDR202600028180,,NO_MATCH,,0
CDR202600028316,,NO_MATCH,,0
CDR202600028363,,NO_MATCH,,0
CDR202600028610,,NO_MATCH,,0
CDR202600028637,,NO_MATCH,,0
CDR202600028771,,NO_MATCH,,0
CDR202600028820,,NO_MATCH,,0
CDR202600028840,,NO_MATCH,,0
CDR202600028872,,NO_MATCH,,0
CDR202600028903,,NO_MATCH,,0
CDR202600028981,,NO_MATCH,,0
CDR202600029131,,NO_MATCH,,0
CDR202600029135,,NO_MATCH,,0
CDR202600029154,,NO_MATCH,,0
CDR202600029195,,NO_MATCH,,0
CDR202600029308,,NO_MATCH,,0
CDR202600029337,,NO_MATCH,,0
CDR202600029399,,NO_MATCH,,0
CDR202600029420,,NO_MATCH,,0
CDR202600029426,,NO_MATCH,,0
CDR202600029605,,NO_MATCH,,0
CDR202600029614,,NO_MATCH,,0
CDR202600029646,,NO_MATCH,,0
CDR202600029665,,NO_MATCH,,0
CDR202600029709,,NO_MATCH,,0
CDR202600029720,,NO_MATCH,,0
CDR202600029743,,NO_MATCH,,0
CDR202600029777,,NO_MATCH,,0
CDR202600029813,,NO_MATCH,,0
CDR202600029821,,NO_MATCH,,0
CDR202600029845,,NO_MATCH,,0
CDR202600029951,,NO_MATCH,,0
CDR202600029953,,NO_MATCH,,0
CDR202600030062,,NO_MATCH,,0
CDR202600030080,,NO_MATCH,,0
CDR202600030160,,NO_MATCH,,0
CDR202600030220,,NO_MATCH,,0
CDR202600030224,,NO_MATCH,,0
CDR202600030272,,NO_MATCH,,0
CDR202600030310,,NO_MATCH,,0
CDR202600030346,,NO_MATCH,,0
CDR202600030480,,NO_MATCH,,0
CDR202600030506,,NO_MATCH,,0
CDR202600030518,,NO_MATCH,,0
CDR202600030568,,NO_MATCH,,0
CDR202600030675,,NO_MATCH,,0
CDR202600030682,,NO_MATCH,,0
CDR202600030726,,NO_MATCH,,0
CDR202600030745,,NO_MATCH,,0
CDR202600030766,,NO_MATCH,,0
CDR202600030794,,NO_MATCH,,0
CDR202600030865,,NO_MATCH,,0
CDR202600030887,,NO_MATCH,,0
CDR202600030889,,NO_MATCH,,0
CDR202600030911,,NO_MATCH,,0
CDR202600031037,,NO_MATCH,,0
CDR202600031043,,NO_MATCH,,0
CDR202600031052,,NO_MATCH,,0
CDR202600031077,,NO_MATCH,,0
CDR202600031139,,NO_MATCH,,0
CDR202600031175,,NO_MATCH,,0
CDR202600031317,,NO_MATCH,,0
CDR202600031348,,NO_MATCH,,0
CDR202600031426,,NO_MATCH,,0
CDR202600031519,,NO_MATCH,,0
CDR202600031589,,NO_MATCH,,0
CDR202600031600,,NO_MATCH,,0
CDR202600031610,,NO_MATCH,,0
CDR202600031622,,NO_MATCH,,0
CDR202600031633,,NO_MATCH,,0
CDR202600031680,,NO_MATCH,,0
CDR202600031719,,NO_MATCH,,0
CDR202600031769,,NO_MATCH,,0
CDR202600031777,,NO_MATCH,,0
CDR202600031819,,NO_MATCH,,0
CDR202600031824,,NO_MATCH,,0
CDR202600031882,,NO_MATCH,,0
CDR202600031935,,NO_MATCH,,0
CDR202600031968,,NO_MATCH,,0
CDR202600031999,,NO_MATCH,,0
CDR202600032025,,NO_MATCH,,0
CDR202600032145,,NO_MATCH,,0
CDR202600032154,,NO_MATCH,,0
CDR202600032180,,NO_MATCH,,0
CDR202600032192,,NO_MATCH,,0
CDR202600032215,,NO_MATCH,,0
CDR202600032227,,NO_MATCH,,0
CDR202600032298,,NO_MATCH,,0
CDR202600032399,,NO_MATCH,,0
CDR202600032533,,NO_MATCH,,0
CDR202600032540,,NO_MATCH,,0
CDR202600032641,,NO_MATCH,,0
CDR202600032678,,NO_MATCH,,0
CDR202600032801,,NO_MATCH,,0
CDR202600032833,,NO_MATCH,,0
CDR202600032887,,NO_MATCH,,0
CDR202600032901,,NO_MATCH,,0
CDR202600033006,,NO_MATCH,,0
CDR202600033048,,NO_MATCH,,0
CDR202600033050,,NO_MATCH,,0
CDR202600033078,,NO_MATCH,,0
CDR202600033126,,NO_MATCH,,0
CDR202600033174,,NO_MATCH,,0
CDR202600033298,,NO_MATCH,,0
CDR202600033302,,NO_MATCH,,0
CDR202600033369,,NO_MATCH,,0
CDR202600033376,,NO_MATCH,,0
CDR202600033538,,NO_MATCH,,0
CDR202600033584,,NO_MATCH,,0
CDR202600033658,,NO_MATCH,,0
CDR202600033665,,NO_MATCH,,0
CDR202600033671,,NO_MATCH,,0
CDR202600033674,,NO_MATCH,,0
CDR202600033683,,NO_MATCH,,0
CDR202600033685,,NO_MATCH,,0
CDR202600033745,,NO_MATCH,,0
CDR202600033770,,NO_MATCH,,0
CDR202600033778,,NO_MATCH,,0
CDR202600033795,,NO_MATCH,,0
CDR202600033797,,NO_MATCH,,0
CDR202600033854,,NO_MATCH,,0
CDR202600034086,,NO_MATCH,,0
CDR202600034107,,NO_MATCH,,0
CDR202600034183,,NO_MATCH,,0
CDR202600034223,,NO_MATCH,,0
CDR202600034231,,NO_MATCH,,0
CDR202600034242,,NO_MATCH,,0
CDR202600034301,,NO_MATCH,,0
CDR202600034315,,NO_MATCH,,0
CDR202600034332,,NO_MATCH,,0
CDR202600034336,,NO_MATCH,,0
CDR202600034409,,NO_MATCH,,0
CDR202600034482,,NO_MATCH,,0
CDR202600034490,,NO_MATCH,,0
CDR202600034583,,NO_MATCH,,0
CDR202600034618,,NO_MATCH,,0
CDR202600034620,,NO_MATCH,,0
CDR202600034624,,NO_MATCH,,0
CDR202600034729,,NO_MATCH,,0
CDR202600034787,,NO_MATCH,,0
CDR202600034791,,NO_MATCH,,0
CDR202600034894,,NO_MATCH,,0
CDR202600034911,,NO_MATCH,,0
CDR202600034926,,NO_MATCH,,0
CDR202600034962,,NO_MATCH,,0
CDR202600034988,,NO_MATCH,,0
CDR202600035150,,NO_MATCH,,0
CDR202600035173,,NO_MATCH,,0
CDR202600035285,,NO_MATCH,,0
CDR202600035429,,NO_MATCH,,0
CDR202600035455,,NO_MATCH,,0
CDR202600035486,,NO_MATCH,,0
CDR202600035490,,NO_MATCH,,0
CDR202600035590,,NO_MATCH,,0
CDR202600035593,,NO_MATCH,,0
CDR202600035595,,NO_MATCH,,0
CDR202600035606,,NO_MATCH,,0
CDR202600035615,,NO_MATCH,,0
CDR202600035628,,NO_MATCH,,0
CDR202600035632,,NO_MATCH,,0
CDR202600035667,,NO_MATCH,,0
CDR202600035686,,NO_MATCH,,0
CDR202600035753,,NO_MATCH,,0
CDR202600035786,,NO_MATCH,,0
CDR202600035798,,NO_MATCH,,0
CDR202600035903,,NO_MATCH,,0
CDR202600035940,,NO_MATCH,,0
CDR202600035964,,NO_MATCH,,0
CDR202600036019,,NO_MATCH,,0
CDR202600036043,,NO_MATCH,,0
CDR202600036108,,NO_MATCH,,0
CDR202600036164,,NO_MATCH,,0
CDR202600036237,,NO_MATCH,,0
CDR202600036281,,NO_MATCH,,0
CDR202600036330,,NO_MATCH,,0
CDR202600036365,,NO_MATCH,,0
CDR202600036390,,NO_MATCH,,0
CDR202600036418,,NO_MATCH,,0
CDR202600036431,,NO_MATCH,,0
CDR202600036454,,NO_MATCH,,0
CDR202600036468,,NO_MATCH,,0
CDR202600036480,,NO_MATCH,,0
CDR202600036697,,NO_MATCH,,0
CDR202600036718,,NO_MATCH,,0
CDR202600036862,,NO_MATCH,,0
CDR202600036934,,NO_MATCH,,0
CDR202600036950,,NO_MATCH,,0
CDR202600036984,,NO_MATCH,,0
CDR202600036993,,NO_MATCH,,0
CDR202600037016,,NO_MATCH,,0
CDR202600037027,,NO_MATCH,,0
CDR202600037042,,NO_MATCH,,0
CDR202600037074,,NO_MATCH,,0
CDR202600037109,,NO_MATCH,,0
CDR202600037162,,NO_MATCH,,0
CDR202600037224,,NO_MATCH,,0
CDR202600037260,,NO_MATCH,,0
CDR202600037328,,NO_MATCH,,0
CDR202600037413,,NO_MATCH,,0
CDR202600037531,,NO_MATCH,,0
CDR202600037558,,NO_MATCH,,0
CDR202600037563,,NO_MATCH,,0
CDR202600037577,,NO_MATCH,,0
CDR202600037586,,NO_MATCH,,0
CDR202600037609,,NO_MATCH,,0
CDR202600037694,,NO_MATCH,,0
CDR202600037707,,NO_MATCH,,0
CDR202600037762,,NO_MATCH,,0
CDR202600037785,,NO_MATCH,,0
CDR202600037890,,NO_MATCH,,0
CDR202600037901,,NO_MATCH,,0
CDR202600038099,,NO_MATCH,,0
CDR202600038102,,NO_MATCH,,0
CDR202600038147,,NO_MATCH,,0
CDR202600038150,,NO_MATCH,,0
CDR202600038175,,NO_MATCH,,0
CDR202600038204,,NO_MATCH,,0
CDR202600038237,,NO_MATCH,,0
CDR202600038378,,NO_MATCH,,0
CDR202600038424,,NO_MATCH,,0
CDR202600038469,,NO_MATCH,,0
CDR202600038489,,NO_MATCH,,0
CDR202600038702,,NO_MATCH,,0
CDR202600038707,,NO_MATCH,,0
CDR202600038856,,NO_MATCH,,0
CDR202600038923,,NO_MATCH,,0
CDR202600038994,,NO_MATCH,,0
CDR202600039047,,NO_MATCH,,0
CDR202600039165,,NO_MATCH,,0
CDR202600039174,,NO_MATCH,,0
CDR202600039203,,NO_MATCH,,0
CDR202600039289,,NO_MATCH,,0
CDR202600039317,,NO_MATCH,,0
CDR202600039347,,NO_MATCH,,0
CDR202600039439,,NO_MATCH,,0
CDR202600039530,,NO_MATCH,,0
CDR202600039547,,NO_MATCH,,0
CDR202600039609,,NO_MATCH,,0
CDR202600039645,,NO_MATCH,,0
CDR202600039657,,NO_MATCH,,0
CDR202600039670,,NO_MATCH,,0
CDR202600039671,,NO_MATCH,,0
CDR202600039690,,NO_MATCH,,0
CDR202600039706,,NO_MATCH,,0
CDR202600039745,,NO_MATCH,,0
CDR202600039843,,NO_MATCH,,0
CDR202600039880,,NO_MATCH,,0
CDR202600039887,,NO_MATCH,,0
CDR202600039930,,NO_MATCH,,0
CDR202600039958,,NO_MATCH,,0
CDR202600040008,,NO_MATCH,,0
CDR202600040197,,NO_MATCH,,0
CDR202600040345,,NO_MATCH,,0
CDR202600040358,,NO_MATCH,,0
CDR202600040359,,NO_MATCH,,0
CDR202600040482,,NO_MATCH,,0
CDR202600040494,,NO_MATCH,,0
CDR202600040531,,NO_MATCH,,0
CDR202600040542,,NO_MATCH,,0
CDR202600040632,,NO_MATCH,,0
CDR202600040867,,NO_MATCH,,0
CDR202600040868,,NO_MATCH,,0
CDR202600040952,,NO_MATCH,,0
CDR202600041012,,NO_MATCH,,0
CDR202600041088,,NO_MATCH,,0
CDR202600041158,,NO_MATCH,,0
CDR202600041199,,NO_MATCH,,0
CDR202600041225,,NO_MATCH,,0
CDR202600041237,,NO_MATCH,,0
CDR202600041308,,NO_MATCH,,0
CDR202600041372,,NO_MATCH,,0
CDR202600041389,,NO_MATCH,,0
CDR202600041406,,NO_MATCH,,0
CDR202600041462,,NO_MATCH,,0
CDR202600041505,,NO_MATCH,,0
CDR202600041556,,NO_MATCH,,0
CDR202600041623,,NO_MATCH,,0
CDR202600041636,,NO_MATCH,,0
CDR202600041907,,NO_MATCH,,0
CDR202600041921,,NO_MATCH,,0
CDR202600041996,,NO_MATCH,,0
CDR202600042008,,NO_MATCH,,0
CDR202600042011,,NO_MATCH,,0
CDR202600042166,,NO_MATCH,,0
CDR202600042231,,NO_MATCH,,0
CDR202600042339,,NO_MATCH,,0
CDR202600042345,,NO_MATCH,,0
CDR202600042355,,NO_MATCH,,0
CDR202600042430,,NO_MATCH,,0
CDR202600042485,,NO_MATCH,,0
CDR202600042498,,NO_MATCH,,0
CDR202600042586,,NO_MATCH,,0
CDR202600042595,,NO_MATCH,,0
CDR202600042637,,NO_MATCH,,0
CDR202600042655,,NO_MATCH,,0
CDR202600042714,,NO_MATCH,,0
CDR202600042715,,NO_MATCH,,0
CDR202600042820,,NO_MATCH,,0
CDR202600042823,,NO_MATCH,,0
CDR202600042841,,NO_MATCH,,0
CDR202600043104,,NO_MATCH,,0
CDR202600043143,,NO_MATCH,,0
CDR202600043197,,NO_MATCH,,0
CDR202600043251,,NO_MATCH,,0
CDR202600043266,,NO_MATCH,,0
CDR202600043279,,NO_MATCH,,0
CDR202600043285,,NO_MATCH,,0
CDR202600043298,,NO_MATCH,,0
CDR202600043302,,NO_MATCH,,0
CDR202600043548,,NO_MATCH,,0
CDR202600043595,,NO_MATCH,,0
CDR202600043699,,NO_MATCH,,0
CDR202600043703,,NO_MATCH,,0
CDR202600043778,,NO_MATCH,,0
CDR202600043829,,NO_MATCH,,0
CDR202600043831,,NO_MATCH,,0
CDR202600043843,,NO_MATCH,,0
CDR202600043857,,NO_MATCH,,0
CDR202600043928,,NO_MATCH,,0
CDR202600043989,,NO_MATCH,,0
CDR202600044038,,NO_MATCH,,0
CDR202600044068,,NO_MATCH,,0
CDR202600044128,,NO_MATCH,,0
CDR202600044153,,NO_MATCH,,0
CDR202600044164,,NO_MATCH,,0
CDR202600044175,,NO_MATCH,,0
CDR202600044233,,NO_MATCH,,0
CDR202600044315,,NO_MATCH,,0
CDR202600044346,,NO_MATCH,,0
CDR202600044397,,NO_MATCH,,0
CDR202600044491,,NO_MATCH,,0
CDR202600044616,,NO_MATCH,,0
CDR202600044759,,NO_MATCH,,0
CDR202600044761,,NO_MATCH,,0
CDR202600044801,,NO_MATCH,,0
CDR202600044806,,NO_MATCH,,0
CDR202600044830,,NO_MATCH,,0
CDR202600044855,,NO_MATCH,,0
CDR202600044958,,NO_MATCH,,0
CDR202600045126,,NO_MATCH,,0
CDR202600045399,,NO_MATCH,,0
CDR202600045571,,NO_MATCH,,0
CDR202600045597,,NO_MATCH,,0
CDR202600045611,,NO_MATCH,,0
CDR202600045625,,NO_MATCH,,0
CDR202600045630,,NO_MATCH,,0
CDR202600045679,,NO_MATCH,,0
CDR202600045687,,NO_MATCH,,0
CDR202600045771,,NO_MATCH,,0
CDR202600045785,,NO_MATCH,,0
CDR202600045819,,NO_MATCH,,0
CDR202600045820,,NO_MATCH,,0
CDR202600045850,,NO_MATCH,,0
CDR202600045887,,NO_MATCH,,0
CDR202600045918,,NO_MATCH,,0
CDR202600045933,,NO_MATCH,,0
CDR202600045946,,NO_MATCH,,0
CDR202600045979,,NO_MATCH,,0
CDR202600046079,,NO_MATCH,,0
CDR202600046209,,NO_MATCH,,0
CDR202600046396,,NO_MATCH,,0
CDR202600046426,,NO_MATCH,,0
CDR202600046432,,NO_MATCH,,0
CDR202600046440,,NO_MATCH,,0
CDR202600046506,,NO_MATCH,,0
CDR202600046513,,NO_MATCH,,0
CDR202600046548,,NO_MATCH,,0
CDR202600046558,,NO_MATCH,,0
CDR202600046567,,NO_MATCH,,0
CDR202600046572,,NO_MATCH,,0
CDR202600046595,,NO_MATCH,,0
CDR202600046685,,NO_MATCH,,0
CDR202600046761,,NO_MATCH,,0
CDR202600046782,,NO_MATCH,,0
CDR202600046806,,NO_MATCH,,0
CDR202600046831,,NO_MATCH,,0
CDR202600046834,,NO_MATCH,,0
CDR202600046865,,NO_MATCH,,0
CDR202600046877,,NO_MATCH,,0
CDR202600046879,,NO_MATCH,,0
CDR202600046904,,NO_MATCH,,0
CDR202600046927,,NO_MATCH,,0
CDR202600046951,,NO_MATCH,,0
CDR202600046960,,NO_MATCH,,0
CDR202600046976,,NO_MATCH,,0
CDR202600046996,,NO_MATCH,,0
CDR202600047178,,NO_MATCH,,0
CDR202600047219,,NO_MATCH,,0
CDR202600047234,,NO_MATCH,,0
CDR202600047282,,NO_MATCH,,0
CDR202600047305,,NO_MATCH,,0
CDR202600047348,,NO_MATCH,,0
CDR202600047435,,NO_MATCH,,0
CDR202600047543,,NO_MATCH,,0
CDR202600047558,,NO_MATCH,,0
CDR202600047614,,NO_MATCH,,0
CDR202600047638,,NO_MATCH,,0
CDR202600047664,,NO_MATCH,,0
CDR202600047772,,NO_MATCH,,0
CDR202600047787,,NO_MATCH,,0
CDR202600047808,,NO_MATCH,,0
CDR202600047896,,NO_MATCH,,0
CDR202600047973,,NO_MATCH,,0
CDR202600048005,,NO_MATCH,,0
CDR202600048049,,NO_MATCH,,0
CDR202600048095,,NO_MATCH,,0
CDR202600048108,,NO_MATCH,,0
CDR202600048178,,NO_MATCH,,0
CDR202600048190,,NO_MATCH,,0
CDR202600048202,,NO_MATCH,,0
CDR202600048257,,NO_MATCH,,0
CDR202600048262,,NO_MATCH,,0
CDR202600048285,,NO_MATCH,,0
CDR202600048393,,NO_MATCH,,0
CDR202600048405,,NO_MATCH,,0
CDR202600048443,,NO_MATCH,,0
CDR202600048601,,NO_MATCH,,0
CDR202600048629,,NO_MATCH,,0
CDR202600048633,,NO_MATCH,,0
CDR202600048705,,NO_MATCH,,0
CDR202600048765,,NO_MATCH,,0
CDR202600048806,,NO_MATCH,,0
CDR202600048855,,NO_MATCH,,0
CDR202600048872,,NO_MATCH,,0
CDR202600048928,,NO_MATCH,,0
CDR202600049038,,NO_MATCH,,0
CDR202600049058,,NO_MATCH,,0
CDR202600049092,,NO_MATCH,,0
CDR202600049174,,NO_MATCH,,0
CDR202600049187,,NO_MATCH,,0
CDR202600049234,,NO_MATCH,,0
CDR202600049349,,NO_MATCH,,0
CDR202600049421,,NO_MATCH,,0
CDR202600049469,,NO_MATCH,,0
CDR202600049505,,NO_MATCH,,0
CDR202600049544,,NO_MATCH,,0
CDR202600049554,,NO_MATCH,,0
CDR202600049623,,NO_MATCH,,0
CDR202600049647,,NO_MATCH,,0
CDR202600049667,,NO_MATCH,,0
CDR202600049685,,NO_MATCH,,0
CDR202600049773,,NO_MATCH,,0
CDR202600049777,,NO_MATCH,,0
CDR202600049819,,NO_MATCH,,0
CDR202600049827,,NO_MATCH,,0
CDR202600049907,,NO_MATCH,,0
CDR202600049940,,NO_MATCH,,0
CDR202600049979,,NO_MATCH,,0
CDR202600050047,,NO_MATCH,,0
CDR202600050134,,NO_MATCH,,0
CDR202600050138,,NO_MATCH,,0
CDR202600050148,,NO_MATCH,,0
CDR202600050164,,NO_MATCH,,0
CDR202600050304,,NO_MATCH,,0
CDR202600050529,,NO_MATCH,,0
CDR202600050579,,NO_MATCH,,0
CDR202600050617,,NO_MATCH,,0
CDR202600050724,,NO_MATCH,,0
CDR202600050814,,NO_MATCH,,0
CDR202600050839,,NO_MATCH,,0
CDR202600051034,,NO_MATCH,,0
CDR202600051082,,NO_MATCH,,0
CDR202600051111,,NO_MATCH,,0
CDR202600051162,,NO_MATCH,,0
CDR202600051274,,NO_MATCH,,0
CDR202600051301,,NO_MATCH,,0
CDR202600051305,,NO_MATCH,,0
CDR202600051361,,NO_MATCH,,0
CDR202600051365,,NO_MATCH,,0
CDR202600051498,,NO_MATCH,,0
CDR202600051692,,NO_MATCH,,0
CDR202600051710,,NO_MATCH,,0
CDR202600051740,,NO_MATCH,,0
CDR202600051774,,NO_MATCH,,0
CDR202600051778,,NO_MATCH,,0
CDR202600051851,,NO_MATCH,,0
CDR202600051854,,NO_MATCH,,0
CDR202600051904,,NO_MATCH,,0
CDR202600051919,,NO_MATCH,,0
CDR202600051926,,NO_MATCH,,0
CDR202600051938,,NO_MATCH,,0
CDR202600052015,,NO_MATCH,,0
CDR202600052049,,NO_MATCH,,0
CDR202600052068,,NO_MATCH,,0
CDR202600052111,,NO_MATCH,,0
CDR202600052128,,NO_MATCH,,0
CDR202600052163,,NO_MATCH,,0
CDR202600052164,,NO_MATCH,,0
CDR202600052189,,NO_MATCH,,0
CDR202600052193,,NO_MATCH,,0
CDR202600052218,,NO_MATCH,,0
CDR202600052252,,NO_MATCH,,0
CDR202600052254,,NO_MATCH,,0
CDR202600052288,,NO_MATCH,,0
CDR202600052295,,NO_MATCH,,0
CDR202600052351,,NO_MATCH,,0
CDR202600052415,,NO_MATCH,,0
CDR202600052549,,NO_MATCH,,0
CDR202600052602,,NO_MATCH,,0
CDR202600052617,,NO_MATCH,,0
CDR202600052625,,NO_MATCH,,0
CDR202600052637,,NO_MATCH,,0
CDR202600052787,,NO_MATCH,,0
CDR202600052789,,NO_MATCH,,0
CDR202600052796,,NO_MATCH,,0
CDR202600052864,,NO_MATCH,,0
CDR202600052985,,NO_MATCH,,0
CDR202600052999,,NO_MATCH,,0
CDR202600053017,,NO_MATCH,,0
CDR202600053074,,NO_MATCH,,0
CDR202600053145,,NO_MATCH,,0
CDR202600053250,,NO_MATCH,,0
CDR202600053287,,NO_MATCH,,0
CDR202600053288,,NO_MATCH,,0
CDR202600053292,,NO_MATCH,,0
CDR202600053301,,NO_MATCH,,0
CDR202600053353,,NO_MATCH,,0
CDR202600053383,,NO_MATCH,,0
CDR202600053407,,NO_MATCH,,0
CDR202600053461,,NO_MATCH,,0
CDR202600053542,,NO_MATCH,,0
CDR202600053576,,NO_MATCH,,0
CDR202600053605,,NO_MATCH,,0
CDR202600053632,,NO_MATCH,,0
CDR202600053677,,NO_MATCH,,0
CDR202600053771,,NO_MATCH,,0
CDR202600053999,,NO_MATCH,,0
CDR202600054011,,NO_MATCH,,0
CDR202600054042,,NO_MATCH,,0
CDR202600054065,,NO_MATCH,,0
CDR202600054074,,NO_MATCH,,0
CDR202600054259,,NO_MATCH,,0
CDR202600054300,,NO_MATCH,,0
CDR202600054337,,NO_MATCH,,0
CDR202600054433,,NO_MATCH,,0
CDR202600054440,,NO_MATCH,,0
CDR202600054595,,NO_MATCH,,0
CDR202600054605,,NO_MATCH,,0
CDR202600054663,,NO_MATCH,,0
CDR202600054725,,NO_MATCH,,0
CDR202600054772,,NO_MATCH,,0
CDR202600054818,,NO_MATCH,,0
CDR202600054821,,NO_MATCH,,0
CDR202600054874,,NO_MATCH,,0
CDR202600054888,,NO_MATCH,,0
CDR202600054897,,NO_MATCH,,0
CDR202600054910,,NO_MATCH,,0
CDR202600054921,,NO_MATCH,,0
CDR202600054924,,NO_MATCH,,0
CDR202600054926,,NO_MATCH,,0
CDR202600054948,,NO_MATCH,,0
CDR202600054981,,NO_MATCH,,0
CDR202600054995,,NO_MATCH,,0
CDR202600055040,,NO_MATCH,,0
CDR202600055166,,NO_MATCH,,0
CDR202600055201,,NO_MATCH,,0
CDR202600055227,,NO_MATCH,,0
CDR202600055333,,NO_MATCH,,0
CDR202600055410,,NO_MATCH,,0
CDR202600055414,,NO_MATCH,,0
CDR202600055421,,NO_MATCH,,0
CDR202600055527,,NO_MATCH,,0
CDR202600055538,,NO_MATCH,,0
CDR202600055539,,NO_MATCH,,0
CDR202600055709,,NO_MATCH,,0
CDR202600055726,,NO_MATCH,,0
CDR202600055767,,NO_MATCH,,0
CDR202600055769,,NO_MATCH,,0
CDR202600055776,,NO_MATCH,,0
CDR202600055869,,NO_MATCH,,0
CDR202600055894,,NO_MATCH,,0
CDR202600055914,,NO_MATCH,,0
CDR202600055946,,NO_MATCH,,0
CDR202600055993,,NO_MATCH,,0
CDR202600056040,,NO_MATCH,,0
CDR202600056083,,NO_MATCH,,0
CDR202600056208,,NO_MATCH,,0
CDR202600056276,,NO_MATCH,,0
CDR202600056288,,NO_MATCH,,0
CDR202600056381,,NO_MATCH,,0
CDR202600056452,,NO_MATCH,,0
CDR202600056605,,NO_MATCH,,0
CDR202600056608,,NO_MATCH,,0
CDR202600056613,,NO_MATCH,,0
CDR202600056668,,NO_MATCH,,0
CDR202600056696,,NO_MATCH,,0
CDR202600056697,,NO_MATCH,,0
CDR202600056699,,NO_MATCH,,0
CDR202600056702,,NO_MATCH,,0
CDR202600056736,,NO_MATCH,,0
CDR202600056772,,NO_MATCH,,0
CDR202600056783,,NO_MATCH,,0
CDR202600056813,,NO_MATCH,,0
CDR202600056839,,NO_MATCH,,0
CDR202600056843,,NO_MATCH,,0
CDR202600056852,,NO_MATCH,,0
CDR202600056975,,NO_MATCH,,0
CDR202600056986,,NO_MATCH,,0
CDR202600056990,,NO_MATCH,,0
CDR202600057025,,NO_MATCH,,0
CDR202600057030,,NO_MATCH,,0
CDR202600057045,,NO_MATCH,,0
CDR202600057151,,NO_MATCH,,0
CDR202600057179,,NO_MATCH,,0
CDR202600057225,,NO_MATCH,,0
CDR202600057234,,NO_MATCH,,0
CDR202600057241,,NO_MATCH,,0
CDR202600057249,,NO_MATCH,,0
CDR202600057277,,NO_MATCH,,0
CDR202600057308,,NO_MATCH,,0
CDR202600057420,,NO_MATCH,,0
CDR202600057506,,NO_MATCH,,0
CDR202600057660,,NO_MATCH,,0
CDR202600057665,,NO_MATCH,,0
CDR202600057712,,NO_MATCH,,0
CDR202600057746,,NO_MATCH,,0
CDR202600057828,,NO_MATCH,,0
CDR202600057846,,NO_MATCH,,0
CDR202600057869,,NO_MATCH,,0
CDR202600058010,,NO_MATCH,,0
CDR202600058026,,NO_MATCH,,0
CDR202600058041,,NO_MATCH,,0
CDR202600058230,,NO_MATCH,,0
CDR202600058282,,NO_MATCH,,0
CDR202600058284,,NO_MATCH,,0
CDR202600058347,,NO_MATCH,,0
CDR202600058377,,NO_MATCH,,0
CDR202600058398,,NO_MATCH,,0
CDR202600058446,,NO_MATCH,,0
CDR202600058448,,NO_MATCH,,0
CDR202600058503,,NO_MATCH,,0
CDR202600058561,,NO_MATCH,,0
CDR202600058567,,NO_MATCH,,0
CDR202600058696,,NO_MATCH,,0
CDR202600058701,,NO_MATCH,,0
CDR202600058729,,NO_MATCH,,0
CDR202600058791,,NO_MATCH,,0
CDR202600058846,,NO_MATCH,,0
CDR202600058856,,NO_MATCH,,0
CDR202600059041,,NO_MATCH,,0
CDR202600059076,,NO_MATCH,,0
CDR202600059145,,NO_MATCH,,0
CDR202600059175,,NO_MATCH,,0
CDR202600059218,,NO_MATCH,,0
CDR202600059230,,NO_MATCH,,0
CDR202600059258,,NO_MATCH,,0
CDR202600059273,,NO_MATCH,,0
CDR202600059348,,NO_MATCH,,0
CDR202600059373,,NO_MATCH,,0
CDR202600059573,,NO_MATCH,,0
CDR202600059656,,NO_MATCH,,0
CDR202600059663,,NO_MATCH,,0
CDR202600059780,,NO_MATCH,,0
CDR202600059816,,NO_MATCH,,0
CDR202600059847,,NO_MATCH,,0
CDR202600059867,,NO_MATCH,,0
CDR202600059939,,NO_MATCH,,0
CDR202600060011,,NO_MATCH,,0
CDR202600060022,,NO_MATCH,,0
CDR202600060111,,NO_MATCH,,0
CDR202600060142,,NO_MATCH,,0
CDR202600060168,,NO_MATCH,,0
CDR202600060179,,NO_MATCH,,0
CDR202600060199,,NO_MATCH,,0
CDR202600060208,,NO_MATCH,,0
CDR202600060215,,NO_MATCH,,0
CDR202600060238,,NO_MATCH,,0
CDR202600060283,,NO_MATCH,,0
CDR202600060300,,NO_MATCH,,0
CDR202600060393,,NO_MATCH,,0
CDR202600060452,,NO_MATCH,,0
CDR202600060458,,NO_MATCH,,0
CDR202600060532,,NO_MATCH,,0
CDR202600060643,,NO_MATCH,,0
CDR202600060647,,NO_MATCH,,0
CDR202600060648,,NO_MATCH,,0
CDR202600060664,,NO_MATCH,,0
CDR202600060684,,NO_MATCH,,0
CDR202600060693,,NO_MATCH,,0
CDR202600060714,,NO_MATCH,,0
CDR202600060718,,NO_MATCH,,0
CDR202600060774,,NO_MATCH,,0
CDR202600060777,,NO_MATCH,,0
CDR202600060793,,NO_MATCH,,0
CDR202600060854,,NO_MATCH,,0
CDR202600061122,,NO_MATCH,,0
CDR202600061239,,NO_MATCH,,0
CDR202600061292,,NO_MATCH,,0
CDR202600061346,,NO_MATCH,,0
CDR202600061395,,NO_MATCH,,0
CDR202600061518,,NO_MATCH,,0
CDR202600061701,,NO_MATCH,,0
CDR202600061753,,NO_MATCH,,0
CDR202600061762,,NO_MATCH,,0
CDR202600061773,,NO_MATCH,,0
CDR202600061819,,NO_MATCH,,0
CDR202600061820,,NO_MATCH,,0
CDR202600062003,,NO_MATCH,,0
CDR202600062305,,NO_MATCH,,0
CDR202600062406,,NO_MATCH,,0
CDR202600062429,,NO_MATCH,,0
CDR202600062431,,NO_MATCH,,0
CDR202600062564,,NO_MATCH,,0
CDR202600062577,,NO_MATCH,,0
CDR202600062589,,NO_MATCH,,0
CDR202600062626,,NO_MATCH,,0
CDR202600062663,,NO_MATCH,,0
CDR202600062727,,NO_MATCH,,0
CDR202600062728,,NO_MATCH,,0
CDR202600062754,,NO_MATCH,,0
CDR202600062802,,NO_MATCH,,0
CDR202600062827,,NO_MATCH,,0
CDR202600062853,,NO_MATCH,,0
CDR202600062856,,NO_MATCH,,0
CDR202600062914,,NO_MATCH,,0
CDR202600062930,,NO_MATCH,,0
CDR202600063009,,NO_MATCH,,0
CDR202600063023,,NO_MATCH,,0
CDR202600063054,,NO_MATCH,,0
CDR202600063079,,NO_MATCH,,0
CDR202600063117,,NO_MATCH,,0
CDR202600063210,,NO_MATCH,,0
CDR202600063211,,NO_MATCH,,0
CDR202600063215,,NO_MATCH,,0
CDR202600063308,,NO_MATCH,,0
CDR202600063411,,NO_MATCH,,0
CDR202600063464,,NO_MATCH,,0
CDR202600063512,,NO_MATCH,,0
CDR202600063611,,NO_MATCH,,0
CDR202600063678,,NO_MATCH,,0
CDR202600063688,,NO_MATCH,,0
CDR202600063715,,NO_MATCH,,0
CDR202600063766,,NO_MATCH,,0
CDR202600063972,,NO_MATCH,,0
CDR202600064036,,NO_MATCH,,0
CDR202600064082,,NO_MATCH,,0
CDR202600064108,,NO_MATCH,,0
CDR202600064225,,NO_MATCH,,0
CDR202600064238,,NO_MATCH,,0
CDR202600064283,,NO_MATCH,,0
CDR202600064315,,NO_MATCH,,0
CDR202600064356,,NO_MATCH,,0
CDR202600064359,,NO_MATCH,,0
CDR202600064406,,NO_MATCH,,0
CDR202600064454,,NO_MATCH,,0
CDR202600064495,,NO_MATCH,,0
CDR202600064511,,NO_MATCH,,0
CDR202600064516,,NO_MATCH,,0
CDR202600064611,,NO_MATCH,,0
CDR202600064725,,NO_MATCH,,0
CDR202600064755,,NO_MATCH,,0
CDR202600064773,,NO_MATCH,,0
CDR202600064784,,NO_MATCH,,0
CDR202600064868,,NO_MATCH,,0
CDR202600064909,,NO_MATCH,,0
CDR202600064931,,NO_MATCH,,0
CDR202600065090,,NO_MATCH,,0
CDR202600065100,,NO_MATCH,,0
CDR202600065196,,NO_MATCH,,0
CDR202600065210,,NO_MATCH,,0
CDR202600065224,,NO_MATCH,,0
CDR202600065292,,NO_MATCH,,0
CDR202600065293,,NO_MATCH,,0
CDR202600065340,,NO_MATCH,,0
CDR202600065367,,NO_MATCH,,0
CDR202600065385,,NO_MATCH,,0
CDR202600065422,,NO_MATCH,,0
CDR202600065455,,NO_MATCH,,0
CDR202600065503,,NO_MATCH,,0
CDR202600065635,,NO_MATCH,,0
CDR202600065774,,NO_MATCH,,0
CDR202600065867,,NO_MATCH,,0
CDR202600065896,,NO_MATCH,,0
CDR202600065920,,NO_MATCH,,0
CDR202600065944,,NO_MATCH,,0
CDR202600065950,,NO_MATCH,,0
CDR202600065956,,NO_MATCH,,0
CDR202600066174,,NO_MATCH,,0
CDR202600066231,,NO_MATCH,,0
CDR202600066486,,NO_MATCH,,0
CDR202600066581,,NO_MATCH,,0
CDR202600066587,,NO_MATCH,,0
CDR202600066629,,NO_MATCH,,0
CDR202600066763,,NO_MATCH,,0
CDR202600066801,,NO_MATCH,,0
CDR202600066819,,NO_MATCH,,0
CDR202600066902,,NO_MATCH,,0
CDR202600066907,,NO_MATCH,,0
CDR202600066925,,NO_MATCH,,0
CDR202600066944,,NO_MATCH,,0
CDR202600066967,,NO_MATCH,,0
CDR202600067044,,NO_MATCH,,0
CDR202600067045,,NO_MATCH,,0
CDR202600067055,,NO_MATCH,,0
CDR202600067142,,NO_MATCH,,0
CDR202600067144,,NO_MATCH,,0
CDR202600067196,,NO_MATCH,,0
CDR202600067219,,NO_MATCH,,0
CDR202600067242,,NO_MATCH,,0
CDR202600067244,,NO_MATCH,,0
CDR202600067391,,NO_MATCH,,0
CDR202600067451,,NO_MATCH,,0
CDR202600067483,,NO_MATCH,,0
CDR202600067487,,NO_MATCH,,0
CDR202600067506,,NO_MATCH,,0
CDR202600067508,,NO_MATCH,,0
CDR202600067535,,NO_MATCH,,0
CDR202600067560,,NO_MATCH,,0
CDR202600067606,,NO_MATCH,,0
CDR202600067646,,NO_MATCH,,0
CDR202600067694,,NO_MATCH,,0
CDR202600067713,,NO_MATCH,,0
CDR202600067878,,NO_MATCH,,0
CDR202600067914,,NO_MATCH,,0
CDR202600068053,,NO_MATCH,,0
CDR202600068058,,NO_MATCH,,0
CDR202600068082,,NO_MATCH,,0
CDR202600068106,,NO_MATCH,,0
CDR202600068110,,NO_MATCH,,0
CDR202600068148,,NO_MATCH,,0
CDR202600068162,,NO_MATCH,,0
CDR202600068177,,NO_MATCH,,0
CDR202600068233,,NO_MATCH,,0
CDR202600068241,,NO_MATCH,,0
CDR202600068246,,NO_MATCH,,0
CDR202600068257,,NO_MATCH,,0
CDR202600068290,,NO_MATCH,,0
CDR202600068291,,NO_MATCH,,0
CDR202600068299,,NO_MATCH,,0
CDR202600068340,,NO_MATCH,,0
CDR202600068414,,NO_MATCH,,0
CDR202600068424,,NO_MATCH,,0
CDR202600068437,,NO_MATCH,,0
CDR202600068508,,NO_MATCH,,0
CDR202600068562,,NO_MATCH,,0
CDR202600068648,,NO_MATCH,,0
CDR202600068701,,NO_MATCH,,0
CDR202600068710,,NO_MATCH,,0
CDR202600068726,,NO_MATCH,,0
CDR202600068747,,NO_MATCH,,0
CDR202600068762,,NO_MATCH,,0
CDR202600068792,,NO_MATCH,,0
CDR202600068820,,NO_MATCH,,0
CDR202600068899,,NO_MATCH,,0
CDR202600068919,,NO_MATCH,,0
CDR202600068985,,NO_MATCH,,0
CDR202600069005,,NO_MATCH,,0
CDR202600069078,,NO_MATCH,,0
CDR202600069247,,NO_MATCH,,0
CDR202600069256,,NO_MATCH,,0
CDR202600069262,,NO_MATCH,,0
CDR202600069276,,NO_MATCH,,0
CDR202600069329,,NO_MATCH,,0
CDR202600069402,,NO_MATCH,,0
CDR202600069412,,NO_MATCH,,0
CDR202600069441,,NO_MATCH,,0
CDR202600069459,,NO_MATCH,,0
CDR202600069501,,NO_MATCH,,0
CDR202600069570,,NO_MATCH,,0
CDR202600069611,,NO_MATCH,,0
CDR202600069647,,NO_MATCH,,0
CDR202600069649,,NO_MATCH,,0
CDR202600069691,,NO_MATCH,,0
CDR202600069739,,NO_MATCH,,0
CDR202600069940,,NO_MATCH,,0
CDR202600069942,,NO_MATCH,,0
CDR202600069982,,NO_MATCH,,0
CDR202600070017,,NO_MATCH,,0
CDR202600070094,,NO_MATCH,,0
CDR202600070121,,NO_MATCH,,0
CDR202600070148,,NO_MATCH,,0
CDR202600070154,,NO_MATCH,,0
CDR202600070165,,NO_MATCH,,0
CDR202600070216,,NO_MATCH,,0
CDR202600070274,,NO_MATCH,,0
CDR202600070301,,NO_MATCH,,0
CDR202600070347,,NO_MATCH,,0
CDR202600070362,,NO_MATCH,,0
CDR202600070384,,NO_MATCH,,0
CDR202600070398,,NO_MATCH,,0
CDR202600070425,,NO_MATCH,,0
CDR202600070429,,NO_MATCH,,0
CDR202600070448,,NO_MATCH,,0
CDR202600070511,,NO_MATCH,,0
CDR202600070644,,NO_MATCH,,0
CDR202600070735,,NO_MATCH,,0
CDR202600070779,,NO_MATCH,,0
CDR202600070861,,NO_MATCH,,0
CDR202600070965,,NO_MATCH,,0
CDR202600070996,,NO_MATCH,,0
CDR202600071078,,NO_MATCH,,0
CDR202600071118,,NO_MATCH,,0
CDR202600071138,,NO_MATCH,,0
CDR202600071139,,NO_MATCH,,0
CDR202600071171,,NO_MATCH,,0
CDR202600071291,,NO_MATCH,,0
CDR202600071366,,NO_MATCH,,0
CDR202600071410,,NO_MATCH,,0
CDR202600071479,,NO_MATCH,,0
CDR202600071488,,NO_MATCH,,0
CDR202600071549,,NO_MATCH,,0
CDR202600071753,,NO_MATCH,,0
CDR202600071797,,NO_MATCH,,0
CDR202600071890,,NO_MATCH,,0
CDR202600072074,,NO_MATCH,,0
CDR202600072089,,NO_MATCH,,0
CDR202600072134,,NO_MATCH,,0
CDR202600072138,,NO_MATCH,,0
CDR202600072158,,NO_MATCH,,0
CDR202600072205,,NO_MATCH,,0
CDR202600072215,,NO_MATCH,,0
CDR202600072229,,NO_MATCH,,0
CDR202600072234,,NO_MATCH,,0
CDR202600072258,,NO_MATCH,,0
CDR202600072294,,NO_MATCH,,0
CDR202600072427,,NO_MATCH,,0
CDR202600072443,,NO_MATCH,,0
CDR202600072523,,NO_MATCH,,0
CDR202600072541,,NO_MATCH,,0
CDR202600072579,,NO_MATCH,,0
CDR202600072738,,NO_MATCH,,0
CDR202600072782,,NO_MATCH,,0
CDR202600072812,,NO_MATCH,,0
CDR202600072848,,NO_MATCH,,0
CDR202600072866,,NO_MATCH,,0
CDR202600072911,,NO_MATCH,,0
CDR202600072959,,NO_MATCH,,0
CDR202600073007,,NO_MATCH,,0
CDR202600073058,,NO_MATCH,,0
CDR202600073082,,NO_MATCH,,0
CDR202600073272,,NO_MATCH,,0
CDR202600073278,,NO_MATCH,,0
CDR202600073280,,NO_MATCH,,0
CDR202600073314,,NO_MATCH,,0
CDR202600073401,,NO_MATCH,,0
CDR202600073464,,NO_MATCH,,0
CDR202600073546,,NO_MATCH,,0
CDR202600073550,,NO_MATCH,,0
CDR202600073588,,NO_MATCH,,0
CDR202600073731,,NO_MATCH,,0
CDR202600073740,,NO_MATCH,,0
CDR202600073747,,NO_MATCH,,0
CDR202600073767,,NO_MATCH,,0
CDR202600073913,,NO_MATCH,,0
CDR202600073961,,NO_MATCH,,0
CDR202600073966,,NO_MATCH,,0
CDR202600073974,,NO_MATCH,,0
CDR202600074157,,NO_MATCH,,0
CDR202600074182,,NO_MATCH,,0
CDR202600074183,,NO_MATCH,,0
CDR202600074196,,NO_MATCH,,0
CDR202600074337,,NO_MATCH,,0
CDR202600074365,,NO_MATCH,,0
CDR202600074409,,NO_MATCH,,0
CDR202600074441,,NO_MATCH,,0
CDR202600074444,,NO_MATCH,,0
CDR202600074446,,NO_MATCH,,0
CDR202600074723,,NO_MATCH,,0
CDR202600074730,,NO_MATCH,,0
CDR202600074858,,NO_MATCH,,0
CDR202600074939,,NO_MATCH,,0
CDR202600074987,,NO_MATCH,,0
CDR202600075042,,NO_MATCH,,0
CDR202600075217,,NO_MATCH,,0
CDR202600075270,,NO_MATCH,,0
CDR202600075398,,NO_MATCH,,0
CDR202600075485,,NO_MATCH,,0
CDR202600075538,,NO_MATCH,,0
CDR202600075611,,NO_MATCH,,0
CDR202600075633,,NO_MATCH,,0
CDR202600075691,,NO_MATCH,,0
CDR202600075892,,NO_MATCH,,0
CDR202600075895,,NO_MATCH,,0
CDR202600076038,,NO_MATCH,,0
CDR202600076045,,NO_MATCH,,0
CDR202600076093,,NO_MATCH,,0
CDR202600076099,,NO_MATCH,,0
CDR202600076234,,NO_MATCH,,0
CDR202600076276,,NO_MATCH,,0
CDR202600076397,,NO_MATCH,,0
CDR202600076430,,NO_MATCH,,0
CDR202600076456,,NO_MATCH,,0
CDR202600076658,,NO_MATCH,,0
CDR202600076685,,NO_MATCH,,0
CDR202600076689,,NO_MATCH,,0
CDR202600076745,,NO_MATCH,,0
CDR202600076843,,NO_MATCH,,0
CDR202600076881,,NO_MATCH,,0
CDR202600077023,,NO_MATCH,,0
CDR202600077031,,NO_MATCH,,0
CDR202600077104,,NO_MATCH,,0
CDR202600077155,,NO_MATCH,,0
CDR202600077159,,NO_MATCH,,0
CDR202600077195,,NO_MATCH,,0
CDR202600077215,,NO_MATCH,,0
CDR202600077244,,NO_MATCH,,0
CDR202600077257,,NO_MATCH,,0
CDR202600077334,,NO_MATCH,,0
CDR202600077381,,NO_MATCH,,0
CDR202600077391,,NO_MATCH,,0
CDR202600077392,,NO_MATCH,,0
CDR202600077466,,NO_MATCH,,0
CDR202600077467,,NO_MATCH,,0
CDR202600077562,,NO_MATCH,,0
CDR202600077608,,NO_MATCH,,0
CDR202600077675,,NO_MATCH,,0
CDR202600077780,,NO_MATCH,,0
CDR202600077818,,NO_MATCH,,0
CDR202600077829,,NO_MATCH,,0
CDR202600077874,,NO_MATCH,,0
CDR202600077970,,NO_MATCH,,0
CDR202600077974,,NO_MATCH,,0
CDR202600077978,,NO_MATCH,,0
CDR202600077996,,NO_MATCH,,0
CDR202600078008,,NO_MATCH,,0
CDR202600078034,,NO_MATCH,,0
CDR202600078067,,NO_MATCH,,0
CDR202600078074,,NO_MATCH,,0
CDR202600078217,,NO_MATCH,,0
CDR202600078371,,NO_MATCH,,0
CDR202600078591,,NO_MATCH,,0
CDR202600078602,,NO_MATCH,,0
CDR202600078658,,NO_MATCH,,0
CDR202600078662,,NO_MATCH,,0
CDR202600078665,,NO_MATCH,,0
CDR202600078699,,NO_MATCH,,0
CDR202600078708,,NO_MATCH,,0
CDR202600078710,,NO_MATCH,,0
CDR202600078759,,NO_MATCH,,0
CDR202600078780,,NO_MATCH,,0
CDR202600078796,,NO_MATCH,,0
CDR202600078821,,NO_MATCH,,0
CDR202600078886,,NO_MATCH,,0
CDR202600078921,,NO_MATCH,,0
CDR202600078947,,NO_MATCH,,0
CDR202600079054,,NO_MATCH,,0
CDR202600079074,,NO_MATCH,,0
CDR202600079104,,NO_MATCH,,0
CDR202600079113,,NO_MATCH,,0
CDR202600079142,,NO_MATCH,,0
CDR202600079190,,NO_MATCH,,0
CDR202600079211,,NO_MATCH,,0
CDR202600079291,,NO_MATCH,,0
CDR202600079375,,NO_MATCH,,0
CDR202600079454,,NO_MATCH,,0
CDR202600079543,,NO_MATCH,,0
CDR202600079629,,NO_MATCH,,0
CDR202600079704,,NO_MATCH,,0
CDR202600079761,,NO_MATCH,,0
CDR202600079781,,NO_MATCH,,0
CDR202600079792,,NO_MATCH,,0
CDR202600079801,,NO_MATCH,,0
CDR202600079816,,NO_MATCH,,0
CDR202600079833,,NO_MATCH,,0
CDR202600079856,,NO_MATCH,,0
CDR202600079873,,NO_MATCH,,0
CDR202600079964,,NO_MATCH,,0
CDR202600079996,,NO_MATCH,,0
CDR202600080092,,NO_MATCH,,0
CDR202600080116,,NO_MATCH,,0
CDR202600080152,,NO_MATCH,,0
CDR202600080210,,NO_MATCH,,0
CDR202600080290,,NO_MATCH,,0
CDR202600080418,,NO_MATCH,,0
CDR202600080425,,NO_MATCH,,0
CDR202600080465,,NO_MATCH,,0
CDR202600080472,,NO_MATCH,,0
CDR202600080478,,NO_MATCH,,0
CDR202600080484,,NO_MATCH,,0
CDR202600080497,,NO_MATCH,,0
CDR202600080528,,NO_MATCH,,0
CDR202600080598,,NO_MATCH,,0
CDR202600080643,,NO_MATCH,,0
CDR202600080680,,NO_MATCH,,0
CDR202600080690,,NO_MATCH,,0
CDR202600080721,,NO_MATCH,,0
CDR202600080785,,NO_MATCH,,0
CDR202600080829,,NO_MATCH,,0
CDR202600080843,,NO_MATCH,,0
CDR202600080867,,NO_MATCH,,0
CDR202600080911,,NO_MATCH,,0
CDR202600080933,,NO_MATCH,,0
CDR202600081057,,NO_MATCH,,0
CDR202600081069,,NO_MATCH,,0
CDR202600081084,,NO_MATCH,,0
CDR202600081106,,NO_MATCH,,0
CDR202600081263,,NO_MATCH,,0
CDR202600081274,,NO_MATCH,,0
CDR202600081403,,NO_MATCH,,0
CDR202600081447,,NO_MATCH,,0
CDR202600081465,,NO_MATCH,,0
CDR202600081515,,NO_MATCH,,0
CDR202600081701,,NO_MATCH,,0
CDR202600081785,,NO_MATCH,,0
CDR202600081811,,NO_MATCH,,0
CDR202600081860,,NO_MATCH,,0
CDR202600081891,,NO_MATCH,,0
CDR202600081958,,NO_MATCH,,0
CDR202600082028,,NO_MATCH,,0
CDR202600082050,,NO_MATCH,,0
CDR202600082189,,NO_MATCH,,0
CDR202600082239,,NO_MATCH,,0
CDR202600082244,,NO_MATCH,,0
CDR202600082355,,NO_MATCH,,0
CDR202600082436,,NO_MATCH,,0
CDR202600082513,,NO_MATCH,,0
CDR202600082579,,NO_MATCH,,0
CDR202600082604,,NO_MATCH,,0
CDR202600082605,,NO_MATCH,,0
CDR202600082683,,NO_MATCH,,0
CDR202600082695,,NO_MATCH,,0
CDR202600082836,,NO_MATCH,,0
CDR202600082865,,NO_MATCH,,0
CDR202600082885,,NO_MATCH,,0
CDR202600082971,,NO_MATCH,,0
CDR202600082995,,NO_MATCH,,0
CDR202600082998,,NO_MATCH,,0
CDR202600083034,,NO_MATCH,,0
CDR202600083114,,NO_MATCH,,0
CDR202600083115,,NO_MATCH,,0
CDR202600083267,,NO_MATCH,,0
CDR202600083272,,NO_MATCH,,0
CDR202600083310,,NO_MATCH,,0
CDR202600083394,,NO_MATCH,,0
CDR202600083398,,NO_MATCH,,0
CDR202600083405,,NO_MATCH,,0
CDR202600083444,,NO_MATCH,,0
CDR202600083449,,NO_MATCH,,0
CDR202600083478,,NO_MATCH,,0
CDR202600083511,,NO_MATCH,,0
CDR202600083655,,NO_MATCH,,0
CDR202600083732,,NO_MATCH,,0
CDR202600083749,,NO_MATCH,,0
CDR202600083816,,NO_MATCH,,0
CDR202600083860,,NO_MATCH,,0
CDR202600083878,,NO_MATCH,,0
CDR202600083879,,NO_MATCH,,0
CDR202600083965,,NO_MATCH,,0
CDR202600083968,,NO_MATCH,,0
CDR202600083972,,NO_MATCH,,0
CDR202600084001,,NO_MATCH,,0
CDR202600084039,,NO_MATCH,,0
CDR202600084067,,NO_MATCH,,0
CDR202600084134,,NO_MATCH,,0
CDR202600084182,,NO_MATCH,,0
CDR202600084194,,NO_MATCH,,0
CDR202600084197,,NO_MATCH,,0
CDR202600084202,,NO_MATCH,,0
CDR202600084241,,NO_MATCH,,0
CDR202600084276,,NO_MATCH,,0
CDR202600084280,,NO_MATCH,,0
CDR202600084305,,NO_MATCH,,0
CDR202600084358,,NO_MATCH,,0
CDR202600084407,,NO_MATCH,,0
CDR202600084437,,NO_MATCH,,0
CDR202600084449,,NO_MATCH,,0
CDR202600084529,,NO_MATCH,,0
CDR202600084560,,NO_MATCH,,0
CDR202600084576,,NO_MATCH,,0
CDR202600084632,,NO_MATCH,,0
CDR202600084758,,NO_MATCH,,0
CDR202600084795,,NO_MATCH,,0
CDR202600084812,,NO_MATCH,,0
CDR202600084814,,NO_MATCH,,0
CDR202600084818,,NO_MATCH,,0
CDR202600084907,,NO_MATCH,,0
CDR202600084932,,NO_MATCH,,0
CDR202600085032,,NO_MATCH,,0
CDR202600085048,,NO_MATCH,,0
CDR202600085139,,NO_MATCH,,0
CDR202600085171,,NO_MATCH,,0
CDR202600085196,,NO_MATCH,,0
CDR202600085233,,NO_MATCH,,0
CDR202600085238,,NO_MATCH,,0
CDR202600085250,,NO_MATCH,,0
CDR202600085273,,NO_MATCH,,0
CDR202600085306,,NO_MATCH,,0
CDR202600085335,,NO_MATCH,,0
CDR202600085592,,NO_MATCH,,0
CDR202600085615,,NO_MATCH,,0
CDR202600085650,,NO_MATCH,,0
CDR202600085688,,NO_MATCH,,0
CDR202600085726,,NO_MATCH,,0
CDR202600085742,,NO_MATCH,,0
CDR202600085794,,NO_MATCH,,0
CDR202600085812,,NO_MATCH,,0
CDR202600085819,,NO_MATCH,,0
CDR202600085910,,NO_MATCH,,0
CDR202600085914,,NO_MATCH,,0
CDR202600085919,,NO_MATCH,,0
CDR202600085970,,NO_MATCH,,0
CDR202600086019,,NO_MATCH,,0
CDR202600086071,,NO_MATCH,,0
CDR202600086103,,NO_MATCH,,0
CDR202600086151,,NO_MATCH,,0
CDR202600086271,,NO_MATCH,,0
CDR202600086289,,NO_MATCH,,0
CDR202600086389,,NO_MATCH,,0
CDR202600086429,,NO_MATCH,,0
CDR202600086451,,NO_MATCH,,0
CDR202600086557,,NO_MATCH,,0
CDR202600086709,,NO_MATCH,,0
CDR202600086726,,NO_MATCH,,0
CDR202600086786,,NO_MATCH,,0
CDR202600086854,,NO_MATCH,,0
CDR202600086911,,NO_MATCH,,0
CDR202600086960,,NO_MATCH,,0
CDR202600087016,,NO_MATCH,,0
CDR202600087065,,NO_MATCH,,0
CDR202600087070,,NO_MATCH,,0
CDR202600087093,,NO_MATCH,,0
CDR202600087213,,NO_MATCH,,0
CDR202600087219,,NO_MATCH,,0
CDR202600087220,,NO_MATCH,,0
CDR202600087244,,NO_MATCH,,0
CDR202600087313,,NO_MATCH,,0
CDR202600087321,,NO_MATCH,,0
CDR202600087354,,NO_MATCH,,0
CDR202600087365,,NO_MATCH,,0
CDR202600087419,,NO_MATCH,,0
CDR202600087433,,NO_MATCH,,0
CDR202600087581,,NO_MATCH,,0
CDR202600087631,,NO_MATCH,,0
CDR202600087633,,NO_MATCH,,0
CDR202600087634,,NO_MATCH,,0
CDR202600087678,,NO_MATCH,,0
CDR202600087722,,NO_MATCH,,0
CDR202600087765,,NO_MATCH,,0
CDR202600087847,,NO_MATCH,,0
CDR202600087864,,NO_MATCH,,0
CDR202600087880,,NO_MATCH,,0
CDR202600087941,,NO_MATCH,,0
CDR202600087951,,NO_MATCH,,0
CDR202600087977,,NO_MATCH,,0
CDR202600088198,,NO_MATCH,,0
CDR202600088201,,NO_MATCH,,0
CDR202600088220,,NO_MATCH,,0
CDR202600088237,,NO_MATCH,,0
CDR202600088258,,NO_MATCH,,0
CDR202600088273,,NO_MATCH,,0
CDR202600088332,,NO_MATCH,,0
CDR202600088382,,NO_MATCH,,0
CDR202600088387,,NO_MATCH,,0
CDR202600088388,,NO_MATCH,,0
CDR202600088443,,NO_MATCH,,0
CDR202600088519,,NO_MATCH,,0
CDR202600088586,,NO_MATCH,,0
CDR202600088620,,NO_MATCH,,0
CDR202600088629,,NO_MATCH,,0
CDR202600088646,,NO_MATCH,,0
CDR202600088652,,NO_MATCH,,0
CDR202600088653,,NO_MATCH,,0
CDR202600088728,,NO_MATCH,,0
CDR202600088733,,NO_MATCH,,0
CDR202600088736,,NO_MATCH,,0
CDR202600088762,,NO_MATCH,,0
CDR202600088890,,NO_MATCH,,0
CDR202600088915,,NO_MATCH,,0
CDR202600088978,,NO_MATCH,,0
CDR202600088981,,NO_MATCH,,0
CDR202600088985,,NO_MATCH,,0
CDR202600089068,,NO_MATCH,,0
CDR202600089175,,NO_MATCH,,0
CDR202600089302,,NO_MATCH,,0
CDR202600089371,,NO_MATCH,,0
CDR202600089375,,NO_MATCH,,0
CDR202600089429,,NO_MATCH,,0
CDR202600089463,,NO_MATCH,,0
CDR202600089469,,NO_MATCH,,0
CDR202600089573,,NO_MATCH,,0
CDR202600089646,,NO_MATCH,,0
CDR202600089730,,NO_MATCH,,0
CDR202600089739,,NO_MATCH,,0
CDR202600089746,,NO_MATCH,,0
CDR202600089763,,NO_MATCH,,0
CDR202600089789,,NO_MATCH,,0
CDR202600089790,,NO_MATCH,,0
CDR202600089816,,NO_MATCH,,0
CDR202600089821,,NO_MATCH,,0
CDR202600089842,,NO_MATCH,,0
CDR202600089864,,NO_MATCH,,0
CDR202600089869,,NO_MATCH,,0
CDR202600089947,,NO_MATCH,,0
CDR202600089996,,NO_MATCH,,0
CDR202600090009,,NO_MATCH,,0
CDR202600090025,,NO_MATCH,,0
CDR202600090137,,NO_MATCH,,0
CDR202600090156,,NO_MATCH,,0
CDR202600090216,,NO_MATCH,,0
CDR202600090226,,NO_MATCH,,0
CDR202600090322,,NO_MATCH,,0
CDR202600090364,,NO_MATCH,,0
CDR202600090424,,NO_MATCH,,0
CDR202600090446,,NO_MATCH,,0
CDR202600090491,,NO_MATCH,,0
CDR202600090530,,NO_MATCH,,0
CDR202600090535,,NO_MATCH,,0
CDR202600090554,,NO_MATCH,,0
CDR202600090600,,NO_MATCH,,0
CDR202600090700,,NO_MATCH,,0
CDR202600090728,,NO_MATCH,,0
CDR202600090804,,NO_MATCH,,0
CDR202600090840,,NO_MATCH,,0
CDR202600090845,,NO_MATCH,,0
CDR202600090960,,NO_MATCH,,0
CDR202600091035,,NO_MATCH,,0
CDR202600091045,,NO_MATCH,,0
CDR202600091047,,NO_MATCH,,0
CDR202600091143,,NO_MATCH,,0
CDR202600089636,IPDR202600000052,PRIMARY_SESSION,-59,1
CDR202600011678,IPDR202600000060,PRIMARY_SESSION,1075,1
CDR202600044063,IPDR202600000063,ADDITIONAL_SESSION,-1247,1
CDR202600041729,IPDR202600000081,ADDITIONAL_SESSION,339,1
CDR202600010907,IPDR202600000122,PRIMARY_SESSION,799,1
CDR202600045535,IPDR202600000135,PRIMARY_SESSION,-1569,1
CDR202600030547,IPDR202600000151,ADDITIONAL_SESSION,-122,1
CDR202600017955,IPDR202600000157,ADDITIONAL_SESSION,-50,1
CDR202600007546,IPDR202600000180,ADDITIONAL_SESSION,-207,1
CDR202600023347,IPDR202600000199,ADDITIONAL_SESSION,208,1
CDR202600045732,IPDR202600000203,ADDITIONAL_SESSION,-234,1
CDR202600048668,IPDR202600000206,PRIMARY_SESSION,-1403,1
CDR202600055887,IPDR202600000223,PRIMARY_SESSION,136,1
CDR202600059220,IPDR202600000240,PRIMARY_SESSION,-43,1
CDR202600046336,IPDR202600000257,PRIMARY_SESSION,120,1
CDR202600016247,IPDR202600000265,ADDITIONAL_SESSION,963,1
CDR202600084956,IPDR202600000271,ADDITIONAL_SESSION,-44,1
CDR202600035364,IPDR202600000274,PRIMARY_SESSION,-157,1
CDR202600008645,IPDR202600000292,PRIMARY_SESSION,39,1
CDR202600071812,IPDR202600000293,ADDITIONAL_SESSION,-255,1
CDR202600012932,IPDR202600000304,PRIMARY_SESSION,1007,1
CDR202600008740,IPDR202600000311,PRIMARY_SESSION,812,1
CDR202600024475,IPDR202600000334,ADDITIONAL_SESSION,-771,1
CDR202600027164,IPDR202600000336,PRIMARY_SESSION,-494,1
CDR202600050933,IPDR202600000366,PRIMARY_SESSION,598,1
CDR202600045683,IPDR202600000391,ADDITIONAL_SESSION,200,1
CDR202600060994,IPDR202600000395,PRIMARY_SESSION,-232,1
CDR202600055605,IPDR202600000413,ADDITIONAL_SESSION,-1778,1
CDR202600025849,IPDR202600000421,ADDITIONAL_SESSION,86,1
CDR202600043452,IPDR202600000427,PRIMARY_SESSION,-875,1
CDR202600002511,IPDR202600000436,ADDITIONAL_SESSION,172,1
CDR202600080555,IPDR202600000437,ADDITIONAL_SESSION,407,1
CDR202600068716,IPDR202600000459,PRIMARY_SESSION,-414,1
CDR202600080480,IPDR202600000493,PRIMARY_SESSION,-926,1
CDR202600038003,IPDR202600000521,PRIMARY_SESSION,-49,1
CDR202600004565,IPDR202600000533,ADDITIONAL_SESSION,231,1
CDR202600041124,IPDR202600000536,ADDITIONAL_SESSION,-116,1
CDR202600052844,IPDR202600000539,PRIMARY_SESSION,-112,1
CDR202600042462,IPDR202600000559,ADDITIONAL_SESSION,279,1
CDR202600081026,IPDR202600000562,PRIMARY_SESSION,-866,1
CDR202600035565,IPDR202600000623,PRIMARY_SESSION,-18,1
CDR202600035506,IPDR202600000631,ADDITIONAL_SESSION,-732,1
CDR202600018344,IPDR202600000671,ADDITIONAL_SESSION,-79,1
CDR202600049638,IPDR202600000679,ADDITIONAL_SESSION,825,1
CDR202600044532,IPDR202600000684,PRIMARY_SESSION,290,1
CDR202600049756,IPDR202600000694,ADDITIONAL_SESSION,-254,1
CDR202600071812,IPDR202600000705,ADDITIONAL_SESSION,-90,1
CDR202600087274,IPDR202600000762,PRIMARY_SESSION,60,1
CDR202600030673,IPDR202600000765,ADDITIONAL_SESSION,-7,1
CDR202600088578,IPDR202600000774,ADDITIONAL_SESSION,-1068,1
CDR202600021202,IPDR202600000779,PRIMARY_SESSION,29,1
CDR202600012932,IPDR202600000851,ADDITIONAL_SESSION,-299,1
CDR202600050339,IPDR202600000859,PRIMARY_SESSION,47,1
CDR202600023665,IPDR202600000878,PRIMARY_SESSION,26,1
CDR202600082463,IPDR202600000881,ADDITIONAL_SESSION,-52,1
CDR202600060798,IPDR202600000923,ADDITIONAL_SESSION,-1017,1
CDR202600057626,IPDR202600000957,PRIMARY_SESSION,-139,1
CDR202600038361,IPDR202600000961,ADDITIONAL_SESSION,-276,1
CDR202600080960,IPDR202600000965,PRIMARY_SESSION,-213,1
CDR202600053012,IPDR202600000968,PRIMARY_SESSION,846,1
CDR202600040509,IPDR202600000985,ADDITIONAL_SESSION,862,1
CDR202600028775,IPDR202600001032,PRIMARY_SESSION,-14,1
CDR202600037714,IPDR202600001048,PRIMARY_SESSION,11,1
CDR202600046910,IPDR202600001092,ADDITIONAL_SESSION,-115,1
CDR202600083227,IPDR202600001169,PRIMARY_SESSION,-318,1
CDR202600055074,IPDR202600001170,ADDITIONAL_SESSION,-577,1
CDR202600052507,IPDR202600001204,ADDITIONAL_SESSION,-521,1
CDR202600040402,IPDR202600001230,PRIMARY_SESSION,229,1
CDR202600006143,IPDR202600001231,PRIMARY_SESSION,-517,1
CDR202600003799,IPDR202600001267,ADDITIONAL_SESSION,810,1
CDR202600061215,IPDR202600001279,ADDITIONAL_SESSION,2,1
CDR202600018468,IPDR202600001283,ADDITIONAL_SESSION,17,1
CDR202600006786,IPDR202600001291,PRIMARY_SESSION,-738,1
CDR202600074756,IPDR202600001322,PRIMARY_SESSION,-65,1
CDR202600020411,IPDR202600001340,ADDITIONAL_SESSION,1130,1
CDR202600027804,IPDR202600001370,PRIMARY_SESSION,206,1
CDR202600037829,IPDR202600001371,PRIMARY_SESSION,-8,1
CDR202600070457,IPDR202600001384,ADDITIONAL_SESSION,-160,1
CDR202600073067,IPDR202600001418,ADDITIONAL_SESSION,984,1
CDR202600061473,IPDR202600001446,PRIMARY_SESSION,-500,1
CDR202600075201,IPDR202600001451,ADDITIONAL_SESSION,163,1
CDR202600028625,IPDR202600001467,PRIMARY_SESSION,-586,1
CDR202600015152,IPDR202600001496,PRIMARY_SESSION,133,1
CDR202600056676,IPDR202600001509,ADDITIONAL_SESSION,-34,1
CDR202600042810,IPDR202600001528,PRIMARY_SESSION,688,1
CDR202600011186,IPDR202600001543,ADDITIONAL_SESSION,214,1
CDR202600002419,IPDR202600001563,PRIMARY_SESSION,-46,1
CDR202600041906,IPDR202600001566,ADDITIONAL_SESSION,-1046,1
CDR202600017360,IPDR202600001585,ADDITIONAL_SESSION,642,1
CDR202600047020,IPDR202600001588,PRIMARY_SESSION,281,1
CDR202600022073,IPDR202600001610,ADDITIONAL_SESSION,-568,1
CDR202600007428,IPDR202600001627,PRIMARY_SESSION,-129,1
CDR202600078733,IPDR202600001706,PRIMARY_SESSION,-18,1
CDR202600045732,IPDR202600001714,PRIMARY_SESSION,696,1
CDR202600028687,IPDR202600001752,ADDITIONAL_SESSION,498,1
CDR202600066662,IPDR202600001757,PRIMARY_SESSION,-322,1
CDR202600049305,IPDR202600001778,PRIMARY_SESSION,-331,1
CDR202600048959,IPDR202600001780,ADDITIONAL_SESSION,426,1
CDR202600041054,IPDR202600001781,PRIMARY_SESSION,137,1
CDR202600004169,IPDR202600001787,PRIMARY_SESSION,17,1
CDR202600033479,IPDR202600001789,ADDITIONAL_SESSION,10,1
CDR202600084012,IPDR202600001790,ADDITIONAL_SESSION,147,1
CDR202600037713,IPDR202600001795,PRIMARY_SESSION,-306,1
CDR202600027588,IPDR202600001816,PRIMARY_SESSION,-269,1
CDR202600056194,IPDR202600001875,PRIMARY_SESSION,1163,1
CDR202600053431,IPDR202600001930,PRIMARY_SESSION,-657,1
CDR202600089385,IPDR202600001931,PRIMARY_SESSION,27,1
CDR202600057280,IPDR202600001941,ADDITIONAL_SESSION,-59,1
CDR202600000760,IPDR202600001953,ADDITIONAL_SESSION,-287,1
CDR202600030542,IPDR202600001974,ADDITIONAL_SESSION,-91,1
CDR202600087139,IPDR202600001988,ADDITIONAL_SESSION,109,1
CDR202600032799,IPDR202600002002,PRIMARY_SESSION,-535,1
CDR202600040387,IPDR202600002003,PRIMARY_SESSION,258,1
CDR202600083574,IPDR202600002012,PRIMARY_SESSION,145,1
CDR202600073694,IPDR202600002017,ADDITIONAL_SESSION,-20,1
CDR202600012166,IPDR202600002018,ADDITIONAL_SESSION,-40,1
CDR202600015220,IPDR202600002036,PRIMARY_SESSION,-34,1
CDR202600005167,IPDR202600002095,ADDITIONAL_SESSION,880,1
CDR202600048175,IPDR202600002096,PRIMARY_SESSION,-207,1
CDR202600025348,IPDR202600002098,ADDITIONAL_SESSION,12,1
CDR202600044437,IPDR202600002104,ADDITIONAL_SESSION,1381,1
CDR202600009711,IPDR202600002110,PRIMARY_SESSION,524,1
CDR202600035364,IPDR202600002111,ADDITIONAL_SESSION,-82,1
CDR202600002662,IPDR202600002157,PRIMARY_SESSION,-44,1
CDR202600043240,IPDR202600002182,PRIMARY_SESSION,-742,1
CDR202600051534,IPDR202600002225,PRIMARY_SESSION,1110,1
CDR202600079779,IPDR202600002360,ADDITIONAL_SESSION,-302,1
CDR202600018721,IPDR202600002369,PRIMARY_SESSION,54,1
CDR202600027928,IPDR202600002389,PRIMARY_SESSION,877,1
CDR202600043835,IPDR202600002408,PRIMARY_SESSION,-137,1
CDR202600032056,IPDR202600002417,PRIMARY_SESSION,844,1
CDR202600054377,IPDR202600002424,PRIMARY_SESSION,-36,1
CDR202600016837,IPDR202600002433,PRIMARY_SESSION,-298,1
CDR202600003524,IPDR202600002450,PRIMARY_SESSION,-58,1
CDR202600083509,IPDR202600002451,ADDITIONAL_SESSION,1349,1
CDR202600077637,IPDR202600002461,PRIMARY_SESSION,-265,1
CDR202600045732,IPDR202600002462,ADDITIONAL_SESSION,107,1
CDR202600047420,IPDR202600002481,PRIMARY_SESSION,-267,1
CDR202600002200,IPDR202600002487,PRIMARY_SESSION,365,1
CDR202600073344,IPDR202600002500,ADDITIONAL_SESSION,1688,1
CDR202600083338,IPDR202600002515,PRIMARY_SESSION,136,1
CDR202600040625,IPDR202600002518,PRIMARY_SESSION,-292,1
CDR202600088949,IPDR202600002522,PRIMARY_SESSION,13,1
CDR202600036389,IPDR202600002542,PRIMARY_SESSION,78,1
CDR202600010356,IPDR202600002551,PRIMARY_SESSION,54,1
CDR202600001877,IPDR202600002583,PRIMARY_SESSION,-73,1
CDR202600007296,IPDR202600002603,PRIMARY_SESSION,-47,1
CDR202600004116,IPDR202600002667,ADDITIONAL_SESSION,-229,1
CDR202600051399,IPDR202600002678,ADDITIONAL_SESSION,219,1
CDR202600016696,IPDR202600002690,ADDITIONAL_SESSION,-90,1
CDR202600072674,IPDR202600002704,PRIMARY_SESSION,882,1
CDR202600033821,IPDR202600002775,PRIMARY_SESSION,300,1
CDR202600043044,IPDR202600002780,PRIMARY_SESSION,222,1
CDR202600053563,IPDR202600002784,PRIMARY_SESSION,10,1
CDR202600063303,IPDR202600002804,ADDITIONAL_SESSION,1511,1
CDR202600088812,IPDR202600002816,ADDITIONAL_SESSION,-494,1
CDR202600032201,IPDR202600002857,PRIMARY_SESSION,-356,1
CDR202600013794,IPDR202600003005,ADDITIONAL_SESSION,41,1
CDR202600005374,IPDR202600003014,ADDITIONAL_SESSION,402,1
CDR202600020614,IPDR202600003025,PRIMARY_SESSION,-68,1
CDR202600074612,IPDR202600003027,ADDITIONAL_SESSION,-245,1
CDR202600041083,IPDR202600003035,ADDITIONAL_SESSION,-543,1
CDR202600023852,IPDR202600003063,ADDITIONAL_SESSION,-43,1
CDR202600040973,IPDR202600003068,ADDITIONAL_SESSION,69,1
CDR202600058157,IPDR202600003093,PRIMARY_SESSION,-146,1
CDR202600000772,IPDR202600003102,ADDITIONAL_SESSION,-1332,1
CDR202600006155,IPDR202600003137,PRIMARY_SESSION,-1,1
CDR202600069820,IPDR202600003151,PRIMARY_SESSION,-14,1
CDR202600083502,IPDR202600003157,ADDITIONAL_SESSION,48,1
CDR202600089240,IPDR202600003163,ADDITIONAL_SESSION,72,1
CDR202600001081,IPDR202600003177,PRIMARY_SESSION,-37,1
CDR202600027810,IPDR202600003183,ADDITIONAL_SESSION,215,1
CDR202600059824,IPDR202600003195,PRIMARY_SESSION,-517,1
CDR202600080281,IPDR202600003215,PRIMARY_SESSION,127,1
CDR202600036119,IPDR202600003222,ADDITIONAL_SESSION,54,1
CDR202600031321,IPDR202600003266,PRIMARY_SESSION,765,1
CDR202600089837,IPDR202600003307,ADDITIONAL_SESSION,-36,1
CDR202600081653,IPDR202600003327,PRIMARY_SESSION,651,1
CDR202600010846,IPDR202600003391,PRIMARY_SESSION,-328,1
CDR202600002256,IPDR202600003413,ADDITIONAL_SESSION,-442,1
CDR202600081892,IPDR202600003421,PRIMARY_SESSION,-1462,1
CDR202600040427,IPDR202600003436,ADDITIONAL_SESSION,1199,1
CDR202600036755,IPDR202600003441,ADDITIONAL_SESSION,-1346,1
CDR202600073482,IPDR202600003445,ADDITIONAL_SESSION,853,1
CDR202600045769,IPDR202600003461,PRIMARY_SESSION,213,1
CDR202600016180,IPDR202600003491,ADDITIONAL_SESSION,-79,1
CDR202600023185,IPDR202600003494,ADDITIONAL_SESSION,475,1
CDR202600009918,IPDR202600003527,ADDITIONAL_SESSION,-258,1
CDR202600001149,IPDR202600003575,ADDITIONAL_SESSION,-11,1
CDR202600078543,IPDR202600003594,ADDITIONAL_SESSION,273,1
CDR202600015610,IPDR202600003617,ADDITIONAL_SESSION,70,1
CDR202600045569,IPDR202600003619,PRIMARY_SESSION,-145,1
CDR202600008058,IPDR202600003627,ADDITIONAL_SESSION,-210,1
CDR202600073266,IPDR202600003654,ADDITIONAL_SESSION,-453,1
CDR202600060190,IPDR202600003666,ADDITIONAL_SESSION,295,1
CDR202600029827,IPDR202600003675,PRIMARY_SESSION,-934,1
CDR202600044763,IPDR202600003723,PRIMARY_SESSION,404,1
CDR202600036538,IPDR202600003733,PRIMARY_SESSION,298,1
CDR202600054884,IPDR202600003771,PRIMARY_SESSION,-47,1
CDR202600054180,IPDR202600003779,ADDITIONAL_SESSION,26,1
CDR202600017008,IPDR202600003802,PRIMARY_SESSION,-274,1
CDR202600022157,IPDR202600003808,ADDITIONAL_SESSION,472,1
CDR202600007818,IPDR202600003816,PRIMARY_SESSION,139,1
CDR202600042568,IPDR202600003863,PRIMARY_SESSION,-3,1
CDR202600005031,IPDR202600003870,ADDITIONAL_SESSION,23,1
CDR202600071034,IPDR202600003896,PRIMARY_SESSION,321,1
CDR202600089715,IPDR202600003904,PRIMARY_SESSION,-1473,1
CDR202600045036,IPDR202600003926,PRIMARY_SESSION,502,1
CDR202600033168,IPDR202600003956,ADDITIONAL_SESSION,-95,1
CDR202600049050,IPDR202600003990,ADDITIONAL_SESSION,-156,1
CDR202600051469,IPDR202600003993,PRIMARY_SESSION,259,1
CDR202600084956,IPDR202600003995,PRIMARY_SESSION,50,1
CDR202600086549,IPDR202600004008,PRIMARY_SESSION,516,1
CDR202600076789,IPDR202600004041,ADDITIONAL_SESSION,-166,1
CDR202600002742,IPDR202600004049,PRIMARY_SESSION,-163,1
CDR202600035853,IPDR202600004056,PRIMARY_SESSION,29,1
CDR202600081777,IPDR202600004067,PRIMARY_SESSION,-133,1
CDR202600060661,IPDR202600004107,PRIMARY_SESSION,82,1
CDR202600046882,IPDR202600004119,PRIMARY_SESSION,1696,1
CDR202600039679,IPDR202600004127,PRIMARY_SESSION,183,1
CDR202600083253,IPDR202600004153,PRIMARY_SESSION,530,1
CDR202600076840,IPDR202600004175,ADDITIONAL_SESSION,-1507,1
CDR202600015506,IPDR202600004178,PRIMARY_SESSION,-848,1
CDR202600022226,IPDR202600004184,ADDITIONAL_SESSION,-238,1
CDR202600086731,IPDR202600004193,PRIMARY_SESSION,-226,1
CDR202600024915,IPDR202600004208,PRIMARY_SESSION,-66,1
CDR202600010186,IPDR202600004216,PRIMARY_SESSION,11,1
CDR202600087597,IPDR202600004240,PRIMARY_SESSION,924,1
CDR202600011203,IPDR202600004352,PRIMARY_SESSION,-129,1
CDR202600034612,IPDR202600004382,ADDITIONAL_SESSION,-18,1
CDR202600052089,IPDR202600004452,PRIMARY_SESSION,-31,1
CDR202600065738,IPDR202600004454,PRIMARY_SESSION,-299,1
CDR202600026042,IPDR202600004463,ADDITIONAL_SESSION,241,1
CDR202600076013,IPDR202600004485,PRIMARY_SESSION,68,1
CDR202600053621,IPDR202600004549,PRIMARY_SESSION,-226,1
CDR202600083214,IPDR202600004587,PRIMARY_SESSION,614,1
CDR202600016100,IPDR202600004592,PRIMARY_SESSION,-1556,1
CDR202600015060,IPDR202600004600,ADDITIONAL_SESSION,46,1
CDR202600014140,IPDR202600004602,ADDITIONAL_SESSION,-245,1
CDR202600049974,IPDR202600004619,PRIMARY_SESSION,64,1
CDR202600006117,IPDR202600004621,ADDITIONAL_SESSION,-12,1
CDR202600005985,IPDR202600004644,PRIMARY_SESSION,1170,1
CDR202600035301,IPDR202600004646,PRIMARY_SESSION,27,1
CDR202600038561,IPDR202600004664,PRIMARY_SESSION,294,1
CDR202600072666,IPDR202600004701,PRIMARY_SESSION,173,1
CDR202600064155,IPDR202600004704,ADDITIONAL_SESSION,-302,1
CDR202600006256,IPDR202600004743,PRIMARY_SESSION,-46,1
CDR202600021390,IPDR202600004749,PRIMARY_SESSION,-26,1
CDR202600062535,IPDR202600004766,PRIMARY_SESSION,-262,1
CDR202600012438,IPDR202600004769,PRIMARY_SESSION,2,1
CDR202600008687,IPDR202600004783,PRIMARY_SESSION,-1225,1
CDR202600009674,IPDR202600004791,PRIMARY_SESSION,626,1
CDR202600089343,IPDR202600004798,PRIMARY_SESSION,-4,1
CDR202600074325,IPDR202600004806,PRIMARY_SESSION,-726,1
CDR202600010871,IPDR202600004818,PRIMARY_SESSION,260,1
CDR202600082011,IPDR202600004826,PRIMARY_SESSION,-531,1
CDR202600008716,IPDR202600004827,PRIMARY_SESSION,806,1
CDR202600084855,IPDR202600004832,ADDITIONAL_SESSION,-168,1
CDR202600026140,IPDR202600004864,PRIMARY_SESSION,-380,1
CDR202600084956,IPDR202600004889,ADDITIONAL_SESSION,-40,1
CDR202600053470,IPDR202600004999,PRIMARY_SESSION,632,1
CDR202600059292,IPDR202600005043,PRIMARY_SESSION,644,1
CDR202600071290,IPDR202600005093,PRIMARY_SESSION,850,1
CDR202600050578,IPDR202600005102,PRIMARY_SESSION,888,1
CDR202600057631,IPDR202600005126,PRIMARY_SESSION,1742,1
CDR202600040329,IPDR202600005155,PRIMARY_SESSION,297,1
CDR202600085235,IPDR202600005163,PRIMARY_SESSION,762,1
CDR202600030312,IPDR202600005168,PRIMARY_SESSION,-10,1
CDR202600052337,IPDR202600005181,ADDITIONAL_SESSION,105,1
CDR202600052594,IPDR202600005212,PRIMARY_SESSION,98,1
CDR202600055708,IPDR202600005284,ADDITIONAL_SESSION,886,1
CDR202600070387,IPDR202600005287,PRIMARY_SESSION,-418,1
CDR202600025101,IPDR202600005319,ADDITIONAL_SESSION,327,1
CDR202600090028,IPDR202600005324,ADDITIONAL_SESSION,1770,1
CDR202600086378,IPDR202600005325,PRIMARY_SESSION,-839,1
CDR202600039647,IPDR202600005361,PRIMARY_SESSION,-55,1
CDR202600065387,IPDR202600005399,PRIMARY_SESSION,-223,1
CDR202600018773,IPDR202600005407,ADDITIONAL_SESSION,-41,1
CDR202600035310,IPDR202600005439,PRIMARY_SESSION,391,1
CDR202600048802,IPDR202600005456,PRIMARY_SESSION,-79,1
CDR202600076935,IPDR202600005466,ADDITIONAL_SESSION,-32,1
CDR202600013173,IPDR202600005473,PRIMARY_SESSION,414,1
CDR202600078558,IPDR202600005486,PRIMARY_SESSION,23,1
CDR202600004722,IPDR202600005508,PRIMARY_SESSION,-145,1
CDR202600079173,IPDR202600005509,ADDITIONAL_SESSION,-241,1
CDR202600010035,IPDR202600005538,ADDITIONAL_SESSION,-817,1
CDR202600059796,IPDR202600005541,PRIMARY_SESSION,-187,1
CDR202600001787,IPDR202600005546,PRIMARY_SESSION,597,1
CDR202600050738,IPDR202600005554,ADDITIONAL_SESSION,-15,1
CDR202600011129,IPDR202600005574,ADDITIONAL_SESSION,257,1
CDR202600063784,IPDR202600005616,PRIMARY_SESSION,-1534,1
CDR202600064388,IPDR202600005617,ADDITIONAL_SESSION,70,1
CDR202600015350,IPDR202600005618,PRIMARY_SESSION,2,1
CDR202600047425,IPDR202600005629,ADDITIONAL_SESSION,-213,1
CDR202600026319,IPDR202600005636,PRIMARY_SESSION,11,1
CDR202600059932,IPDR202600005673,PRIMARY_SESSION,912,1
CDR202600024253,IPDR202600005690,PRIMARY_SESSION,24,1
CDR202600044015,IPDR202600005742,PRIMARY_SESSION,-55,1
CDR202600042386,IPDR202600005826,ADDITIONAL_SESSION,-29,1
CDR202600063749,IPDR202600005828,PRIMARY_SESSION,46,1
CDR202600020011,IPDR202600005894,ADDITIONAL_SESSION,-277,1
CDR202600014759,IPDR202600005898,ADDITIONAL_SESSION,1564,1
CDR202600024332,IPDR202600005903,ADDITIONAL_SESSION,7,1
CDR202600077648,IPDR202600005917,PRIMARY_SESSION,-1168,1
CDR202600066157,IPDR202600005929,ADDITIONAL_SESSION,-12,1
CDR202600053377,IPDR202600005935,PRIMARY_SESSION,-48,1
CDR202600008646,IPDR202600005946,ADDITIONAL_SESSION,115,1
CDR202600008348,IPDR202600005951,PRIMARY_SESSION,279,1
CDR202600040382,IPDR202600006013,ADDITIONAL_SESSION,13,1
CDR202600066875,IPDR202600006016,PRIMARY_SESSION,107,1
CDR202600015506,IPDR202600006074,ADDITIONAL_SESSION,33,1
CDR202600084170,IPDR202600006107,ADDITIONAL_SESSION,247,1
CDR202600006155,IPDR202600006146,ADDITIONAL_SESSION,-1415,1
CDR202600043235,IPDR202600006161,PRIMARY_SESSION,276,1
CDR202600078305,IPDR202600006172,ADDITIONAL_SESSION,-624,1
CDR202600071040,IPDR202600006196,PRIMARY_SESSION,-532,1
CDR202600020534,IPDR202600006203,ADDITIONAL_SESSION,-1385,1
CDR202600027810,IPDR202600006210,PRIMARY_SESSION,-347,1
CDR202600016697,IPDR202600006219,PRIMARY_SESSION,202,1
CDR202600000655,IPDR202600006222,ADDITIONAL_SESSION,239,1
CDR202600089385,IPDR202600006241,ADDITIONAL_SESSION,-152,1
CDR202600066834,IPDR202600006246,PRIMARY_SESSION,-139,1
CDR202600021460,IPDR202600006249,PRIMARY_SESSION,795,1
CDR202600028905,IPDR202600006262,ADDITIONAL_SESSION,-29,1
CDR202600039983,IPDR202600006281,PRIMARY_SESSION,-43,1
CDR202600077278,IPDR202600006315,PRIMARY_SESSION,43,1
CDR202600053756,IPDR202600006342,PRIMARY_SESSION,364,1
CDR202600084233,IPDR202600006367,ADDITIONAL_SESSION,271,1
CDR202600066444,IPDR202600006422,ADDITIONAL_SESSION,85,1
CDR202600051122,IPDR202600006446,PRIMARY_SESSION,39,1
CDR202600025620,IPDR202600006471,PRIMARY_SESSION,790,1
CDR202600081391,IPDR202600006488,PRIMARY_SESSION,-516,1
CDR202600063063,IPDR202600006502,ADDITIONAL_SESSION,90,1
CDR202600047376,IPDR202600006552,ADDITIONAL_SESSION,1461,1
CDR202600024557,IPDR202600006557,PRIMARY_SESSION,426,1
CDR202600035161,IPDR202600006600,PRIMARY_SESSION,637,1
CDR202600045134,IPDR202600006619,ADDITIONAL_SESSION,636,1
CDR202600086999,IPDR202600006623,ADDITIONAL_SESSION,597,1
CDR202600021672,IPDR202600006629,PRIMARY_SESSION,1022,1
CDR202600071176,IPDR202600006682,PRIMARY_SESSION,132,1
CDR202600002376,IPDR202600006792,PRIMARY_SESSION,-739,1
CDR202600035935,IPDR202600006805,PRIMARY_SESSION,437,1
CDR202600084284,IPDR202600006812,PRIMARY_SESSION,508,1
CDR202600044282,IPDR202600006820,PRIMARY_SESSION,-77,1
CDR202600076872,IPDR202600006832,PRIMARY_SESSION,-54,1
CDR202600078543,IPDR202600006846,PRIMARY_SESSION,-162,1
CDR202600066517,IPDR202600006895,PRIMARY_SESSION,1741,1
CDR202600068575,IPDR202600006918,PRIMARY_SESSION,293,1
CDR202600062682,IPDR202600006923,ADDITIONAL_SESSION,811,1
CDR202600012980,IPDR202600006932,ADDITIONAL_SESSION,-103,1
CDR202600049275,IPDR202600006936,ADDITIONAL_SESSION,622,1
CDR202600051831,IPDR202600006942,PRIMARY_SESSION,-751,1
CDR202600080212,IPDR202600006962,PRIMARY_SESSION,-864,1
CDR202600056027,IPDR202600006976,PRIMARY_SESSION,23,1
CDR202600008025,IPDR202600007041,PRIMARY_SESSION,990,1
CDR202600034612,IPDR202600007051,ADDITIONAL_SESSION,-15,1
CDR202600058491,IPDR202600007110,PRIMARY_SESSION,-1003,1
CDR202600057659,IPDR202600007121,ADDITIONAL_SESSION,362,1
CDR202600087084,IPDR202600007148,PRIMARY_SESSION,-140,1
CDR202600046021,IPDR202600007159,ADDITIONAL_SESSION,-28,1
CDR202600054059,IPDR202600007194,PRIMARY_SESSION,-348,1
CDR202600029428,IPDR202600007197,ADDITIONAL_SESSION,716,1
CDR202600029200,IPDR202600007227,PRIMARY_SESSION,14,1
CDR202600051232,IPDR202600007228,PRIMARY_SESSION,25,1
CDR202600066326,IPDR202600007246,PRIMARY_SESSION,573,1
CDR202600069307,IPDR202600007247,ADDITIONAL_SESSION,-783,1
CDR202600006607,IPDR202600007293,PRIMARY_SESSION,14,1
CDR202600038422,IPDR202600007304,PRIMARY_SESSION,182,1
CDR202600081056,IPDR202600007316,PRIMARY_SESSION,275,1
CDR202600051454,IPDR202600007329,PRIMARY_SESSION,-947,1
CDR202600082538,IPDR202600007360,PRIMARY_SESSION,-347,1
CDR202600041055,IPDR202600007372,ADDITIONAL_SESSION,-737,1
CDR202600033234,IPDR202600007374,PRIMARY_SESSION,131,1
CDR202600069254,IPDR202600007423,PRIMARY_SESSION,457,1
CDR202600011340,IPDR202600007552,PRIMARY_SESSION,-255,1
CDR202600072535,IPDR202600007554,PRIMARY_SESSION,-228,1
CDR202600071812,IPDR202600007559,PRIMARY_SESSION,-17,1
CDR202600048452,IPDR202600007561,ADDITIONAL_SESSION,-1255,1
CDR202600030279,IPDR202600007627,ADDITIONAL_SESSION,-755,1
CDR202600077274,IPDR202600007636,ADDITIONAL_SESSION,346,1
CDR202600078120,IPDR202600007673,PRIMARY_SESSION,51,1
CDR202600008794,IPDR202600007691,ADDITIONAL_SESSION,-224,1
CDR202600068601,IPDR202600007753,ADDITIONAL_SESSION,-670,1
CDR202600010635,IPDR202600007756,PRIMARY_SESSION,220,1
CDR202600058069,IPDR202600007766,ADDITIONAL_SESSION,-15,1
CDR202600061681,IPDR202600007769,ADDITIONAL_SESSION,-1481,1
CDR202600064706,IPDR202600007797,ADDITIONAL_SESSION,-28,1
CDR202600009416,IPDR202600007835,ADDITIONAL_SESSION,-899,1
CDR202600050191,IPDR202600007854,ADDITIONAL_SESSION,-164,1
CDR202600040248,IPDR202600007869,ADDITIONAL_SESSION,658,1
CDR202600007674,IPDR202600007871,ADDITIONAL_SESSION,54,1
CDR202600030465,IPDR202600007893,ADDITIONAL_SESSION,-284,1
CDR202600036047,IPDR202600007904,ADDITIONAL_SESSION,1278,1
CDR202600050275,IPDR202600007926,PRIMARY_SESSION,-1290,1
CDR202600064208,IPDR202600007933,PRIMARY_SESSION,-76,1
CDR202600040625,IPDR202600007950,ADDITIONAL_SESSION,192,1
CDR202600082116,IPDR202600007967,ADDITIONAL_SESSION,-47,1
CDR202600055043,IPDR202600008011,ADDITIONAL_SESSION,-32,1
CDR202600028487,IPDR202600008026,ADDITIONAL_SESSION,-904,1
CDR202600029391,IPDR202600008037,PRIMARY_SESSION,-644,1
CDR202600015387,IPDR202600008051,PRIMARY_SESSION,41,1
CDR202600065338,IPDR202600008055,ADDITIONAL_SESSION,-52,1
CDR202600057992,IPDR202600008063,ADDITIONAL_SESSION,-433,1
CDR202600060389,IPDR202600008124,ADDITIONAL_SESSION,-263,1
CDR202600089849,IPDR202600008190,PRIMARY_SESSION,-836,1
CDR202600013941,IPDR202600008244,ADDITIONAL_SESSION,-479,1
CDR202600011194,IPDR202600008247,PRIMARY_SESSION,310,1
CDR202600023562,IPDR202600008265,ADDITIONAL_SESSION,6,1
CDR202600021841,IPDR202600008268,PRIMARY_SESSION,49,1
CDR202600007622,IPDR202600008271,PRIMARY_SESSION,165,1
CDR202600007142,IPDR202600008276,ADDITIONAL_SESSION,172,1
CDR202600018306,IPDR202600008290,ADDITIONAL_SESSION,270,1
CDR202600058717,IPDR202600008332,ADDITIONAL_SESSION,-198,1
CDR202600081566,IPDR202600008351,PRIMARY_SESSION,539,1
CDR202600010631,IPDR202600008368,ADDITIONAL_SESSION,143,1
CDR202600056066,IPDR202600008390,ADDITIONAL_SESSION,-41,1
CDR202600090816,IPDR202600008410,PRIMARY_SESSION,221,1
CDR202600017284,IPDR202600008432,ADDITIONAL_SESSION,7,1
CDR202600009416,IPDR202600008440,ADDITIONAL_SESSION,-877,1
CDR202600027024,IPDR202600008467,PRIMARY_SESSION,-71,1
CDR202600017392,IPDR202600008486,PRIMARY_SESSION,198,1
CDR202600004680,IPDR202600008493,PRIMARY_SESSION,-4,1
CDR202600075445,IPDR202600008509,PRIMARY_SESSION,41,1
CDR202600001939,IPDR202600008517,PRIMARY_SESSION,669,1
CDR202600046066,IPDR202600008558,ADDITIONAL_SESSION,213,1
CDR202600084012,IPDR202600008564,ADDITIONAL_SESSION,-168,1
CDR202600057624,IPDR202600008591,ADDITIONAL_SESSION,-36,1
CDR202600016369,IPDR202600008606,PRIMARY_SESSION,298,1
CDR202600052582,IPDR202600008629,ADDITIONAL_SESSION,169,1
CDR202600022648,IPDR202600008651,PRIMARY_SESSION,60,1
CDR202600031147,IPDR202600008654,ADDITIONAL_SESSION,-156,1
CDR202600077954,IPDR202600008682,ADDITIONAL_SESSION,21,1
CDR202600006494,IPDR202600008693,PRIMARY_SESSION,510,1
CDR202600041757,IPDR202600008709,ADDITIONAL_SESSION,-101,1
CDR202600013791,IPDR202600008715,ADDITIONAL_SESSION,522,1
CDR202600052221,IPDR202600008751,ADDITIONAL_SESSION,741,1
CDR202600006719,IPDR202600008759,PRIMARY_SESSION,-155,1
CDR202600030286,IPDR202600008764,PRIMARY_SESSION,204,1
CDR202600005307,IPDR202600008771,ADDITIONAL_SESSION,-239,1
CDR202600037941,IPDR202600008787,ADDITIONAL_SESSION,-398,1
CDR202600079277,IPDR202600008808,PRIMARY_SESSION,-105,1
CDR202600052582,IPDR202600008857,ADDITIONAL_SESSION,427,1
CDR202600023013,IPDR202600008859,ADDITIONAL_SESSION,34,1
CDR202600030634,IPDR202600008873,PRIMARY_SESSION,-1081,1
CDR202600045769,IPDR202600008878,ADDITIONAL_SESSION,-179,1
CDR202600057280,IPDR202600008892,ADDITIONAL_SESSION,-145,1
CDR202600019563,IPDR202600008902,PRIMARY_SESSION,231,1
CDR202600033902,IPDR202600008905,ADDITIONAL_SESSION,-143,1
CDR202600073177,IPDR202600008922,ADDITIONAL_SESSION,-108,1
CDR202600073364,IPDR202600008953,PRIMARY_SESSION,401,1
CDR202600073470,IPDR202600008964,ADDITIONAL_SESSION,-236,1
CDR202600032001,IPDR202600009015,PRIMARY_SESSION,3,1
CDR202600026007,IPDR202600009043,ADDITIONAL_SESSION,-283,1
CDR202600004273,IPDR202600009062,PRIMARY_SESSION,-32,1
CDR202600045972,IPDR202600009070,ADDITIONAL_SESSION,157,1
CDR202600028088,IPDR202600009072,PRIMARY_SESSION,23,1
CDR202600057022,IPDR202600009093,ADDITIONAL_SESSION,-13,1
CDR202600058622,IPDR202600009144,PRIMARY_SESSION,-259,1
CDR202600075407,IPDR202600009145,ADDITIONAL_SESSION,14,1
CDR202600055642,IPDR202600009155,PRIMARY_SESSION,-383,1
CDR202600013732,IPDR202600009160,PRIMARY_SESSION,-184,1
CDR202600018926,IPDR202600009192,PRIMARY_SESSION,30,1
CDR202600045753,IPDR202600009206,PRIMARY_SESSION,-154,1
CDR202600037941,IPDR202600009223,ADDITIONAL_SESSION,133,1
CDR202600051411,IPDR202600009233,PRIMARY_SESSION,-224,1
CDR202600047831,IPDR202600009247,PRIMARY_SESSION,-259,1
CDR202600079274,IPDR202600009269,PRIMARY_SESSION,-52,1
CDR202600045814,IPDR202600009279,ADDITIONAL_SESSION,763,1
CDR202600084250,IPDR202600009330,PRIMARY_SESSION,232,1
CDR202600050346,IPDR202600009343,PRIMARY_SESSION,-389,1
CDR202600049939,IPDR202600009346,PRIMARY_SESSION,375,1
CDR202600010318,IPDR202600009348,ADDITIONAL_SESSION,63,1
CDR202600046378,IPDR202600009381,ADDITIONAL_SESSION,1404,1
CDR202600087834,IPDR202600009382,ADDITIONAL_SESSION,-288,1
CDR202600039905,IPDR202600009383,PRIMARY_SESSION,196,1
CDR202600088286,IPDR202600009419,PRIMARY_SESSION,181,1
CDR202600082812,IPDR202600009433,PRIMARY_SESSION,-691,1
CDR202600054314,IPDR202600009446,PRIMARY_SESSION,344,1
CDR202600029106,IPDR202600009455,PRIMARY_SESSION,114,1
CDR202600015815,IPDR202600009459,ADDITIONAL_SESSION,-662,1
CDR202600069904,IPDR202600009557,PRIMARY_SESSION,-1437,1
CDR202600033980,IPDR202600009564,PRIMARY_SESSION,-1746,1
CDR202600064095,IPDR202600009576,PRIMARY_SESSION,-585,1
CDR202600026449,IPDR202600009580,PRIMARY_SESSION,848,1
CDR202600013730,IPDR202600009595,PRIMARY_SESSION,-182,1
CDR202600075013,IPDR202600009600,PRIMARY_SESSION,-75,1
CDR202600020211,IPDR202600009611,ADDITIONAL_SESSION,14,1
CDR202600057705,IPDR202600009632,PRIMARY_SESSION,141,1
CDR202600054572,IPDR202600009685,ADDITIONAL_SESSION,-38,1
CDR202600058372,IPDR202600009714,ADDITIONAL_SESSION,-144,1
CDR202600085407,IPDR202600009718,PRIMARY_SESSION,-359,1
CDR202600048333,IPDR202600009730,ADDITIONAL_SESSION,-21,1
CDR202600011945,IPDR202600009812,PRIMARY_SESSION,716,1
CDR202600047406,IPDR202600009844,PRIMARY_SESSION,-109,1
CDR202600014009,IPDR202600009908,PRIMARY_SESSION,-58,1
CDR202600038393,IPDR202600009939,PRIMARY_SESSION,-117,1
CDR202600018721,IPDR202600009947,ADDITIONAL_SESSION,1480,1
CDR202600068228,IPDR202600009948,PRIMARY_SESSION,-719,1
CDR202600039080,IPDR202600009985,ADDITIONAL_SESSION,185,1
CDR202600058375,IPDR202600009986,PRIMARY_SESSION,213,1
CDR202600025375,IPDR202600010021,ADDITIONAL_SESSION,-1018,1
CDR202600005609,IPDR202600010048,PRIMARY_SESSION,-508,1
CDR202600015525,IPDR202600010054,ADDITIONAL_SESSION,56,1
CDR202600087495,IPDR202600010060,ADDITIONAL_SESSION,-691,1
CDR202600034367,IPDR202600010082,ADDITIONAL_SESSION,576,1
CDR202600052223,IPDR202600010090,PRIMARY_SESSION,45,1
CDR202600088627,IPDR202600010091,ADDITIONAL_SESSION,-1776,1
CDR202600070700,IPDR202600010096,PRIMARY_SESSION,-169,1
CDR202600058976,IPDR202600010142,PRIMARY_SESSION,280,1
CDR202600082165,IPDR202600010149,PRIMARY_SESSION,82,1
CDR202600049216,IPDR202600010169,PRIMARY_SESSION,-23,1
CDR202600073337,IPDR202600010172,ADDITIONAL_SESSION,117,1
CDR202600088044,IPDR202600010173,PRIMARY_SESSION,-530,1
CDR202600075821,IPDR202600010184,PRIMARY_SESSION,856,1
CDR202600076840,IPDR202600010190,ADDITIONAL_SESSION,-363,1
CDR202600027314,IPDR202600010209,ADDITIONAL_SESSION,290,1
CDR202600014186,IPDR202600010222,ADDITIONAL_SESSION,-173,1
CDR202600054884,IPDR202600010268,ADDITIONAL_SESSION,174,1
CDR202600031133,IPDR202600010309,PRIMARY_SESSION,81,1
CDR202600076755,IPDR202600010325,PRIMARY_SESSION,605,1
CDR202600051541,IPDR202600010332,PRIMARY_SESSION,43,1
CDR202600071111,IPDR202600010359,PRIMARY_SESSION,280,1
CDR202600067892,IPDR202600010398,PRIMARY_SESSION,42,1
CDR202600052521,IPDR202600010403,PRIMARY_SESSION,23,1
CDR202600078470,IPDR202600010415,ADDITIONAL_SESSION,-43,1
CDR202600002314,IPDR202600010426,PRIMARY_SESSION,4,1
CDR202600009139,IPDR202600010434,PRIMARY_SESSION,-234,1
CDR202600044926,IPDR202600010462,PRIMARY_SESSION,117,1
CDR202600074754,IPDR202600010484,PRIMARY_SESSION,-743,1
CDR202600034876,IPDR202600010489,PRIMARY_SESSION,381,1
CDR202600016930,IPDR202600010512,PRIMARY_SESSION,-23,1
CDR202600068384,IPDR202600010551,PRIMARY_SESSION,-169,1
CDR202600078521,IPDR202600010595,PRIMARY_SESSION,59,1
CDR202600000859,IPDR202600010610,ADDITIONAL_SESSION,-882,1
CDR202600079227,IPDR202600010621,ADDITIONAL_SESSION,40,1
CDR202600040778,IPDR202600010643,PRIMARY_SESSION,-798,1
CDR202600067091,IPDR202600010679,PRIMARY_SESSION,523,1
CDR202600018120,IPDR202600010721,PRIMARY_SESSION,-210,1
CDR202600015477,IPDR202600010761,ADDITIONAL_SESSION,-175,1
CDR202600023443,IPDR202600010824,ADDITIONAL_SESSION,-46,1
CDR202600076523,IPDR202600010878,ADDITIONAL_SESSION,32,1
CDR202600054266,IPDR202600010890,ADDITIONAL_SESSION,16,1
CDR202600079425,IPDR202600010911,PRIMARY_SESSION,238,1
CDR202600034951,IPDR202600010920,PRIMARY_SESSION,-1269,1
CDR202600056899,IPDR202600010947,PRIMARY_SESSION,-45,1
CDR202600067795,IPDR202600010964,ADDITIONAL_SESSION,211,1
CDR202600015690,IPDR202600010987,PRIMARY_SESSION,893,1
CDR202600029926,IPDR202600010990,ADDITIONAL_SESSION,-119,1
CDR202600074864,IPDR202600010993,PRIMARY_SESSION,-260,1
CDR202600035806,IPDR202600010995,PRIMARY_SESSION,-505,1
CDR202600020944,IPDR202600011029,ADDITIONAL_SESSION,-1746,1
CDR202600012136,IPDR202600011044,PRIMARY_SESSION,266,1
CDR202600041861,IPDR202600011060,ADDITIONAL_SESSION,-691,1
CDR202600042477,IPDR202600011063,PRIMARY_SESSION,-44,1
CDR202600083993,IPDR202600011077,PRIMARY_SESSION,-7,1
CDR202600054088,IPDR202600011080,PRIMARY_SESSION,-10,1
CDR202600026610,IPDR202600011095,ADDITIONAL_SESSION,584,1
CDR202600005374,IPDR202600011097,ADDITIONAL_SESSION,48,1
CDR202600018325,IPDR202600011147,PRIMARY_SESSION,17,1
CDR202600081620,IPDR202600011171,PRIMARY_SESSION,16,1
CDR202600027549,IPDR202600011179,PRIMARY_SESSION,-48,1
CDR202600017717,IPDR202600011200,PRIMARY_SESSION,-175,1
CDR202600037624,IPDR202600011202,ADDITIONAL_SESSION,-471,1
CDR202600013791,IPDR202600011231,PRIMARY_SESSION,164,1
CDR202600050191,IPDR202600011239,PRIMARY_SESSION,250,1
CDR202600022646,IPDR202600011244,ADDITIONAL_SESSION,178,1
CDR202600013046,IPDR202600011250,PRIMARY_SESSION,-450,1
CDR202600090094,IPDR202600011314,ADDITIONAL_SESSION,-1726,1
CDR202600038260,IPDR202600011321,PRIMARY_SESSION,626,1
CDR202600044661,IPDR202600011332,PRIMARY_SESSION,299,1
CDR202600067091,IPDR202600011384,ADDITIONAL_SESSION,1397,1
CDR202600003430,IPDR202600011400,PRIMARY_SESSION,563,1
CDR202600074019,IPDR202600011444,PRIMARY_SESSION,-115,1
CDR202600046021,IPDR202600011508,PRIMARY_SESSION,248,1
CDR202600087767,IPDR202600011518,ADDITIONAL_SESSION,477,1
CDR202600070716,IPDR202600011522,PRIMARY_SESSION,-275,1
CDR202600086606,IPDR202600011548,PRIMARY_SESSION,-907,1
CDR202600065533,IPDR202600011566,PRIMARY_SESSION,-59,1
CDR202600020335,IPDR202600011571,PRIMARY_SESSION,-36,1
CDR202600087498,IPDR202600011575,ADDITIONAL_SESSION,-292,1
CDR202600061586,IPDR202600011587,PRIMARY_SESSION,-856,1
CDR202600090783,IPDR202600011637,ADDITIONAL_SESSION,-757,1
CDR202600061374,IPDR202600011640,PRIMARY_SESSION,-166,1
CDR202600034876,IPDR202600011662,ADDITIONAL_SESSION,78,1
CDR202600014880,IPDR202600011679,PRIMARY_SESSION,9,1
CDR202600042320,IPDR202600011682,ADDITIONAL_SESSION,15,1
CDR202600086561,IPDR202600011702,PRIMARY_SESSION,142,1
CDR202600008794,IPDR202600011719,ADDITIONAL_SESSION,202,1
CDR202600050897,IPDR202600011738,ADDITIONAL_SESSION,546,1
CDR202600071259,IPDR202600011767,ADDITIONAL_SESSION,300,1
CDR202600041473,IPDR202600011814,PRIMARY_SESSION,-41,1
CDR202600002526,IPDR202600011816,PRIMARY_SESSION,53,1
CDR202600061770,IPDR202600011837,ADDITIONAL_SESSION,33,1
CDR202600089418,IPDR202600011842,ADDITIONAL_SESSION,60,1
CDR202600053644,IPDR202600011852,ADDITIONAL_SESSION,26,1
CDR202600057328,IPDR202600011861,PRIMARY_SESSION,72,1
CDR202600029519,IPDR202600011891,PRIMARY_SESSION,269,1
CDR202600065459,IPDR202600011955,ADDITIONAL_SESSION,405,1
CDR202600040937,IPDR202600011972,PRIMARY_SESSION,-55,1
CDR202600052450,IPDR202600011981,PRIMARY_SESSION,5,1
CDR202600080394,IPDR202600011986,ADDITIONAL_SESSION,734,1
CDR202600086848,IPDR202600012007,PRIMARY_SESSION,1427,1
CDR202600036538,IPDR202600012014,ADDITIONAL_SESSION,744,1
CDR202600027443,IPDR202600012118,PRIMARY_SESSION,-563,1
CDR202600085373,IPDR202600012139,PRIMARY_SESSION,-494,1
CDR202600007634,IPDR202600012153,ADDITIONAL_SESSION,-336,1
CDR202600030671,IPDR202600012164,ADDITIONAL_SESSION,289,1
CDR202600033254,IPDR202600012166,PRIMARY_SESSION,-1467,1
CDR202600084736,IPDR202600012171,PRIMARY_SESSION,58,1
CDR202600058213,IPDR202600012192,ADDITIONAL_SESSION,290,1
CDR202600028895,IPDR202600012217,ADDITIONAL_SESSION,-1156,1
CDR202600020861,IPDR202600012225,PRIMARY_SESSION,437,1
CDR202600066476,IPDR202600012229,PRIMARY_SESSION,226,1
CDR202600045132,IPDR202600012250,ADDITIONAL_SESSION,-61,1
CDR202600060901,IPDR202600012252,PRIMARY_SESSION,51,1
CDR202600078390,IPDR202600012298,ADDITIONAL_SESSION,170,1
CDR202600020254,IPDR202600012307,PRIMARY_SESSION,33,1
CDR202600039854,IPDR202600012328,PRIMARY_SESSION,615,1
CDR202600014497,IPDR202600012331,PRIMARY_SESSION,-751,1
CDR202600027244,IPDR202600012332,PRIMARY_SESSION,-569,1
CDR202600087113,IPDR202600012366,ADDITIONAL_SESSION,-876,1
CDR202600022073,IPDR202600012371,ADDITIONAL_SESSION,110,1
CDR202600024915,IPDR202600012388,ADDITIONAL_SESSION,830,1
CDR202600056949,IPDR202600012390,ADDITIONAL_SESSION,-225,1
CDR202600069381,IPDR202600012396,PRIMARY_SESSION,208,1
CDR202600022141,IPDR202600012402,PRIMARY_SESSION,189,1
CDR202600065052,IPDR202600012408,PRIMARY_SESSION,32,1
CDR202600074963,IPDR202600012434,ADDITIONAL_SESSION,-190,1
CDR202600061244,IPDR202600012435,PRIMARY_SESSION,208,1
CDR202600046882,IPDR202600012455,ADDITIONAL_SESSION,-1425,1
CDR202600005396,IPDR202600012456,PRIMARY_SESSION,438,1
CDR202600080751,IPDR202600012470,PRIMARY_SESSION,-51,1
CDR202600066354,IPDR202600012507,PRIMARY_SESSION,34,1
CDR202600002256,IPDR202600012517,PRIMARY_SESSION,151,1
CDR202600088720,IPDR202600012525,ADDITIONAL_SESSION,149,1
CDR202600057199,IPDR202600012553,PRIMARY_SESSION,267,1
CDR202600062535,IPDR202600012606,ADDITIONAL_SESSION,-14,1
CDR202600049305,IPDR202600012632,ADDITIONAL_SESSION,-52,1
CDR202600049317,IPDR202600012634,PRIMARY_SESSION,236,1
CDR202600077092,IPDR202600012647,PRIMARY_SESSION,975,1
CDR202600044326,IPDR202600012665,PRIMARY_SESSION,193,1
CDR202600051831,IPDR202600012686,ADDITIONAL_SESSION,35,1
CDR202600032908,IPDR202600012736,ADDITIONAL_SESSION,127,1
CDR202600010496,IPDR202600012741,PRIMARY_SESSION,-175,1
CDR202600062049,IPDR202600012760,PRIMARY_SESSION,234,1
CDR202600022664,IPDR202600012765,ADDITIONAL_SESSION,1,1
CDR202600016343,IPDR202600012773,ADDITIONAL_SESSION,-55,1
CDR202600085851,IPDR202600012779,ADDITIONAL_SESSION,-1762,1
CDR202600021871,IPDR202600012781,PRIMARY_SESSION,-4,1
CDR202600073719,IPDR202600012783,PRIMARY_SESSION,42,1
CDR202600053873,IPDR202600012796,PRIMARY_SESSION,-36,1
CDR202600082463,IPDR202600012845,ADDITIONAL_SESSION,141,1
CDR202600000936,IPDR202600012846,PRIMARY_SESSION,163,1
CDR202600039288,IPDR202600012934,PRIMARY_SESSION,-224,1
CDR202600057383,IPDR202600012953,ADDITIONAL_SESSION,-27,1
CDR202600038814,IPDR202600012976,PRIMARY_SESSION,35,1
CDR202600086732,IPDR202600012997,PRIMARY_SESSION,-48,1
CDR202600044516,IPDR202600013036,PRIMARY_SESSION,-277,1
CDR202600089465,IPDR202600013038,ADDITIONAL_SESSION,-32,1
CDR202600077792,IPDR202600013070,PRIMARY_SESSION,-36,1
CDR202600020448,IPDR202600013083,ADDITIONAL_SESSION,-75,1
CDR202600026465,IPDR202600013094,ADDITIONAL_SESSION,40,1
CDR202600052686,IPDR202600013100,PRIMARY_SESSION,1784,1
CDR202600004583,IPDR202600013119,PRIMARY_SESSION,4,1
CDR202600050797,IPDR202600013133,PRIMARY_SESSION,-1332,1
CDR202600057659,IPDR202600013199,PRIMARY_SESSION,803,1
CDR202600053219,IPDR202600013210,PRIMARY_SESSION,-598,1
CDR202600055074,IPDR202600013230,PRIMARY_SESSION,35,1
CDR202600017288,IPDR202600013234,ADDITIONAL_SESSION,233,1
CDR202600070785,IPDR202600013263,PRIMARY_SESSION,-159,1
CDR202600080555,IPDR202600013272,PRIMARY_SESSION,-202,1
CDR202600016201,IPDR202600013277,PRIMARY_SESSION,148,1
CDR202600039694,IPDR202600013324,PRIMARY_SESSION,363,1
CDR202600058976,IPDR202600013332,ADDITIONAL_SESSION,-816,1
CDR202600032692,IPDR202600013341,PRIMARY_SESSION,28,1
CDR202600035858,IPDR202600013357,ADDITIONAL_SESSION,-11,1
CDR202600062745,IPDR202600013381,PRIMARY_SESSION,-867,1
CDR202600089626,IPDR202600013382,PRIMARY_SESSION,251,1
CDR202600038878,IPDR202600013384,PRIMARY_SESSION,281,1
CDR202600085763,IPDR202600013387,PRIMARY_SESSION,-870,1
CDR202600016697,IPDR202600013413,ADDITIONAL_SESSION,-12,1
CDR202600049284,IPDR202600013443,ADDITIONAL_SESSION,-271,1
CDR202600029106,IPDR202600013464,ADDITIONAL_SESSION,-8,1
CDR202600070945,IPDR202600013488,PRIMARY_SESSION,-263,1
CDR202600013794,IPDR202600013557,ADDITIONAL_SESSION,797,1
CDR202600018325,IPDR202600013560,ADDITIONAL_SESSION,4,1
CDR202600010753,IPDR202600013579,PRIMARY_SESSION,239,1
CDR202600026760,IPDR202600013584,ADDITIONAL_SESSION,-585,1
CDR202600065136,IPDR202600013657,PRIMARY_SESSION,-360,1
CDR202600011233,IPDR202600013672,ADDITIONAL_SESSION,-1,1
CDR202600044002,IPDR202600013682,ADDITIONAL_SESSION,-107,1
CDR202600039812,IPDR202600013685,PRIMARY_SESSION,-36,1
CDR202600079887,IPDR202600013695,PRIMARY_SESSION,-638,1
CDR202600037948,IPDR202600013714,PRIMARY_SESSION,-13,1
CDR202600055951,IPDR202600013808,PRIMARY_SESSION,31,1
CDR202600060381,IPDR202600013812,PRIMARY_SESSION,1268,1
CDR202600076981,IPDR202600013825,ADDITIONAL_SESSION,-262,1
CDR202600062713,IPDR202600013838,ADDITIONAL_SESSION,576,1
CDR202600010802,IPDR202600013859,PRIMARY_SESSION,866,1
CDR202600016349,IPDR202600013860,PRIMARY_SESSION,238,1
CDR202600090094,IPDR202600013863,ADDITIONAL_SESSION,-581,1
CDR202600065459,IPDR202600013868,PRIMARY_SESSION,811,1
CDR202600020411,IPDR202600013875,ADDITIONAL_SESSION,-830,1
CDR202600024708,IPDR202600013940,PRIMARY_SESSION,343,1
CDR202600084484,IPDR202600013950,PRIMARY_SESSION,-32,1
CDR202600065870,IPDR202600013980,PRIMARY_SESSION,-403,1
CDR202600085945,IPDR202600014006,PRIMARY_SESSION,24,1
CDR202600060071,IPDR202600014122,ADDITIONAL_SESSION,239,1
CDR202600035506,IPDR202600014167,ADDITIONAL_SESSION,605,1
CDR202600016489,IPDR202600014174,PRIMARY_SESSION,-71,1
CDR202600025016,IPDR202600014189,ADDITIONAL_SESSION,278,1
CDR202600083504,IPDR202600014235,PRIMARY_SESSION,736,1
CDR202600079897,IPDR202600014272,ADDITIONAL_SESSION,828,1
CDR202600001334,IPDR202600014273,PRIMARY_SESSION,1380,1
CDR202600085168,IPDR202600014275,PRIMARY_SESSION,286,1
CDR202600061215,IPDR202600014289,ADDITIONAL_SESSION,381,1
CDR202600042904,IPDR202600014292,PRIMARY_SESSION,-104,1
CDR202600027683,IPDR202600014320,PRIMARY_SESSION,-34,1
CDR202600029708,IPDR202600014333,ADDITIONAL_SESSION,-54,1
CDR202600071018,IPDR202600014342,PRIMARY_SESSION,17,1
CDR202600065831,IPDR202600014352,PRIMARY_SESSION,-559,1
CDR202600042320,IPDR202600014383,PRIMARY_SESSION,46,1
CDR202600033794,IPDR202600014447,PRIMARY_SESSION,292,1
CDR202600022688,IPDR202600014466,ADDITIONAL_SESSION,20,1
CDR202600005624,IPDR202600014469,PRIMARY_SESSION,1685,1
CDR202600036143,IPDR202600014482,ADDITIONAL_SESSION,-40,1
CDR202600041027,IPDR202600014532,PRIMARY_SESSION,459,1
CDR202600042549,IPDR202600014557,ADDITIONAL_SESSION,132,1
CDR202600034623,IPDR202600014562,ADDITIONAL_SESSION,720,1
CDR202600065024,IPDR202600014564,PRIMARY_SESSION,229,1
CDR202600087097,IPDR202600014579,PRIMARY_SESSION,339,1
CDR202600071122,IPDR202600014594,PRIMARY_SESSION,-114,1
CDR202600022709,IPDR202600014627,PRIMARY_SESSION,1731,1
CDR202600018218,IPDR202600014642,PRIMARY_SESSION,-99,1
CDR202600020262,IPDR202600014656,PRIMARY_SESSION,-59,1
CDR202600026839,IPDR202600014678,ADDITIONAL_SESSION,27,1
CDR202600017803,IPDR202600014691,ADDITIONAL_SESSION,1415,1
CDR202600002947,IPDR202600014722,PRIMARY_SESSION,-40,1
CDR202600008967,IPDR202600014754,PRIMARY_SESSION,4,1
CDR202600051122,IPDR202600014767,ADDITIONAL_SESSION,-6,1
CDR202600018953,IPDR202600014773,PRIMARY_SESSION,35,1
CDR202600020337,IPDR202600014786,PRIMARY_SESSION,82,1
CDR202600018380,IPDR202600014832,PRIMARY_SESSION,-41,1
CDR202600054206,IPDR202600014838,ADDITIONAL_SESSION,229,1
CDR202600047555,IPDR202600014851,PRIMARY_SESSION,80,1
CDR202600049756,IPDR202600014878,PRIMARY_SESSION,1364,1
CDR202600048277,IPDR202600014879,PRIMARY_SESSION,287,1
CDR202600077528,IPDR202600014912,PRIMARY_SESSION,173,1
CDR202600049908,IPDR202600014914,PRIMARY_SESSION,-1345,1
CDR202600077969,IPDR202600014930,ADDITIONAL_SESSION,-70,1
CDR202600061863,IPDR202600014944,PRIMARY_SESSION,-82,1
CDR202600070645,IPDR202600014963,PRIMARY_SESSION,-100,1
CDR202600062224,IPDR202600014970,ADDITIONAL_SESSION,-112,1
CDR202600011915,IPDR202600014976,ADDITIONAL_SESSION,-33,1
CDR202600086113,IPDR202600015004,PRIMARY_SESSION,814,1
CDR202600016166,IPDR202600015028,PRIMARY_SESSION,-168,1
CDR202600006117,IPDR202600015062,ADDITIONAL_SESSION,196,1
CDR202600025873,IPDR202600015083,PRIMARY_SESSION,-1249,1
CDR202600069748,IPDR202600015111,PRIMARY_SESSION,-814,1
CDR202600075973,IPDR202600015116,PRIMARY_SESSION,286,1
CDR202600019555,IPDR202600015228,PRIMARY_SESSION,-56,1
CDR202600062862,IPDR202600015232,ADDITIONAL_SESSION,99,1
CDR202600068601,IPDR202600015242,ADDITIONAL_SESSION,793,1
CDR202600050772,IPDR202600015273,ADDITIONAL_SESSION,-1540,1
CDR202600045732,IPDR202600015296,ADDITIONAL_SESSION,-749,1
CDR202600041757,IPDR202600015345,PRIMARY_SESSION,93,1
CDR202600078389,IPDR202600015378,PRIMARY_SESSION,1117,1
CDR202600046554,IPDR202600015381,ADDITIONAL_SESSION,577,1
CDR202600031986,IPDR202600015421,ADDITIONAL_SESSION,757,1
CDR202600024915,IPDR202600015434,ADDITIONAL_SESSION,262,1
CDR202600006678,IPDR202600015450,PRIMARY_SESSION,-332,1
CDR202600038852,IPDR202600015456,PRIMARY_SESSION,-41,1
CDR202600000655,IPDR202600015474,PRIMARY_SESSION,193,1
CDR202600001867,IPDR202600015484,PRIMARY_SESSION,75,1
CDR202600025600,IPDR202600015495,ADDITIONAL_SESSION,471,1
CDR202600045097,IPDR202600015507,PRIMARY_SESSION,-208,1
CDR202600030603,IPDR202600015520,ADDITIONAL_SESSION,198,1
CDR202600015041,IPDR202600015523,ADDITIONAL_SESSION,-616,1
CDR202600014808,IPDR202600015554,ADDITIONAL_SESSION,-879,1
CDR202600076288,IPDR202600015572,ADDITIONAL_SESSION,-33,1
CDR202600072660,IPDR202600015576,PRIMARY_SESSION,662,1
CDR202600026983,IPDR202600015580,PRIMARY_SESSION,-220,1
CDR202600017654,IPDR202600015600,ADDITIONAL_SESSION,-223,1
CDR202600047621,IPDR202600015656,PRIMARY_SESSION,1135,1
CDR202600017654,IPDR202600015673,PRIMARY_SESSION,-48,1
CDR202600007393,IPDR202600015688,ADDITIONAL_SESSION,-56,1
CDR202600074945,IPDR202600015704,PRIMARY_SESSION,-282,1
CDR202600083120,IPDR202600015725,PRIMARY_SESSION,-734,1
CDR202600041514,IPDR202600015727,PRIMARY_SESSION,-244,1
CDR202600055173,IPDR202600015731,PRIMARY_SESSION,57,1
CDR202600060104,IPDR202600015786,ADDITIONAL_SESSION,124,1
CDR202600027164,IPDR202600015790,ADDITIONAL_SESSION,-173,1
CDR202600078015,IPDR202600015792,ADDITIONAL_SESSION,1073,1
CDR202600081499,IPDR202600015805,PRIMARY_SESSION,156,1
CDR202600058025,IPDR202600015839,ADDITIONAL_SESSION,-729,1
CDR202600054935,IPDR202600015844,PRIMARY_SESSION,-48,1
CDR202600046232,IPDR202600015845,PRIMARY_SESSION,168,1
CDR202600083388,IPDR202600015849,PRIMARY_SESSION,275,1
CDR202600071960,IPDR202600015866,PRIMARY_SESSION,-4,1
CDR202600064173,IPDR202600015870,PRIMARY_SESSION,-15,1
CDR202600003992,IPDR202600015889,PRIMARY_SESSION,41,1
CDR202600089988,IPDR202600015915,ADDITIONAL_SESSION,-122,1
CDR202600042663,IPDR202600015960,PRIMARY_SESSION,49,1
CDR202600078877,IPDR202600015998,PRIMARY_SESSION,170,1
CDR202600005245,IPDR202600016036,ADDITIONAL_SESSION,-808,1
CDR202600009876,IPDR202600016049,ADDITIONAL_SESSION,-893,1
CDR202600040208,IPDR202600016068,PRIMARY_SESSION,-131,1
CDR202600077622,IPDR202600016079,PRIMARY_SESSION,-27,1
CDR202600073971,IPDR202600016111,PRIMARY_SESSION,-511,1
CDR202600054460,IPDR202600016123,PRIMARY_SESSION,293,1
CDR202600042600,IPDR202600016130,PRIMARY_SESSION,-1442,1
CDR202600057545,IPDR202600016157,PRIMARY_SESSION,-65,1
CDR202600009201,IPDR202600016163,PRIMARY_SESSION,-1490,1
CDR202600009416,IPDR202600016199,PRIMARY_SESSION,41,1
CDR202600007058,IPDR202600016205,PRIMARY_SESSION,-52,1
CDR202600090810,IPDR202600016219,PRIMARY_SESSION,-260,1
CDR202600073177,IPDR202600016234,ADDITIONAL_SESSION,-1744,1
CDR202600082817,IPDR202600016240,PRIMARY_SESSION,-198,1
CDR202600000498,IPDR202600016262,PRIMARY_SESSION,-185,1
CDR202600088876,IPDR202600016307,ADDITIONAL_SESSION,-62,1
CDR202600058213,IPDR202600016313,ADDITIONAL_SESSION,-31,1
CDR202600062551,IPDR202600016349,PRIMARY_SESSION,-153,1
CDR202600016594,IPDR202600016381,PRIMARY_SESSION,-236,1
CDR202600048452,IPDR202600016384,PRIMARY_SESSION,323,1
CDR202600027317,IPDR202600016440,ADDITIONAL_SESSION,-21,1
CDR202600068410,IPDR202600016461,PRIMARY_SESSION,-18,1
CDR202600075559,IPDR202600016465,PRIMARY_SESSION,-113,1
CDR202600012306,IPDR202600016510,PRIMARY_SESSION,264,1
CDR202600075237,IPDR202600016523,PRIMARY_SESSION,-592,1
CDR202600046944,IPDR202600016536,PRIMARY_SESSION,-66,1
CDR202600046310,IPDR202600016573,PRIMARY_SESSION,217,1
CDR202600056095,IPDR202600016597,PRIMARY_SESSION,21,1
CDR202600039654,IPDR202600016610,PRIMARY_SESSION,-11,1
CDR202600050086,IPDR202600016629,ADDITIONAL_SESSION,19,1
CDR202600018234,IPDR202600016642,PRIMARY_SESSION,-94,1
CDR202600033720,IPDR202600016645,PRIMARY_SESSION,-129,1
CDR202600002123,IPDR202600016685,ADDITIONAL_SESSION,-46,1
CDR202600071301,IPDR202600016713,ADDITIONAL_SESSION,-22,1
CDR202600081551,IPDR202600016715,PRIMARY_SESSION,250,1
CDR202600010610,IPDR202600016719,PRIMARY_SESSION,-1053,1
CDR202600036905,IPDR202600016733,ADDITIONAL_SESSION,21,1
CDR202600085341,IPDR202600016755,PRIMARY_SESSION,-1017,1
CDR202600060002,IPDR202600016761,PRIMARY_SESSION,271,1
CDR202600082075,IPDR202600016766,PRIMARY_SESSION,30,1
CDR202600034814,IPDR202600016783,ADDITIONAL_SESSION,-40,1
CDR202600054977,IPDR202600016795,PRIMARY_SESSION,618,1
CDR202600061853,IPDR202600016798,PRIMARY_SESSION,92,1
CDR202600055942,IPDR202600016841,PRIMARY_SESSION,-271,1
CDR202600024252,IPDR202600016845,PRIMARY_SESSION,-3,1
CDR202600085358,IPDR202600016864,PRIMARY_SESSION,-58,1
CDR202600085862,IPDR202600016873,PRIMARY_SESSION,-24,1
CDR202600071017,IPDR202600016902,ADDITIONAL_SESSION,-135,1
CDR202600056684,IPDR202600016906,ADDITIONAL_SESSION,-28,1
CDR202600058233,IPDR202600016907,PRIMARY_SESSION,88,1
CDR202600014409,IPDR202600016909,PRIMARY_SESSION,863,1
CDR202600036206,IPDR202600016910,PRIMARY_SESSION,-5,1
CDR202600035514,IPDR202600016920,ADDITIONAL_SESSION,-172,1
CDR202600068682,IPDR202600016933,ADDITIONAL_SESSION,1100,1
CDR202600066849,IPDR202600016959,ADDITIONAL_SESSION,965,1
CDR202600001166,IPDR202600016984,PRIMARY_SESSION,192,1
CDR202600017695,IPDR202600016996,ADDITIONAL_SESSION,-625,1
CDR202600007103,IPDR202600017008,PRIMARY_SESSION,709,1
CDR202600006397,IPDR202600017015,PRIMARY_SESSION,50,1
CDR202600087347,IPDR202600017074,PRIMARY_SESSION,40,1
CDR202600047459,IPDR202600017090,PRIMARY_SESSION,-9,1
CDR202600050075,IPDR202600017107,ADDITIONAL_SESSION,225,1
CDR202600071992,IPDR202600017127,ADDITIONAL_SESSION,81,1
CDR202600079978,IPDR202600017135,ADDITIONAL_SESSION,108,1
CDR202600033753,IPDR202600017147,ADDITIONAL_SESSION,-190,1
CDR202600034814,IPDR202600017163,ADDITIONAL_SESSION,242,1
CDR202600018661,IPDR202600017167,PRIMARY_SESSION,569,1
CDR202600046689,IPDR202600017170,PRIMARY_SESSION,-1249,1
CDR202600035617,IPDR202600017171,PRIMARY_SESSION,-9,1
CDR202600086213,IPDR202600017190,PRIMARY_SESSION,1618,1
CDR202600002611,IPDR202600017212,PRIMARY_SESSION,52,1
CDR202600074500,IPDR202600017258,PRIMARY_SESSION,-49,1
CDR202600016988,IPDR202600017266,PRIMARY_SESSION,35,1
CDR202600020441,IPDR202600017314,ADDITIONAL_SESSION,1080,1
CDR202600083646,IPDR202600017359,PRIMARY_SESSION,306,1
CDR202600038897,IPDR202600017363,PRIMARY_SESSION,257,1
CDR202600056959,IPDR202600017393,PRIMARY_SESSION,-1548,1
CDR202600035822,IPDR202600017396,ADDITIONAL_SESSION,-291,1
CDR202600064188,IPDR202600017408,PRIMARY_SESSION,298,1
CDR202600004145,IPDR202600017465,PRIMARY_SESSION,74,1
CDR202600038605,IPDR202600017487,PRIMARY_SESSION,-53,1
CDR202600038336,IPDR202600017488,ADDITIONAL_SESSION,1080,1
CDR202600022955,IPDR202600017509,PRIMARY_SESSION,-40,1
CDR202600069492,IPDR202600017548,PRIMARY_SESSION,-181,1
CDR202600033479,IPDR202600017575,PRIMARY_SESSION,-371,1
CDR202600005929,IPDR202600017589,PRIMARY_SESSION,-24,1
CDR202600064789,IPDR202600017607,ADDITIONAL_SESSION,-126,1
CDR202600011851,IPDR202600017608,PRIMARY_SESSION,-119,1
CDR202600065683,IPDR202600017654,PRIMARY_SESSION,30,1
CDR202600008931,IPDR202600017669,PRIMARY_SESSION,394,1
CDR202600081530,IPDR202600017714,PRIMARY_SESSION,114,1
CDR202600016423,IPDR202600017794,PRIMARY_SESSION,-73,1
CDR202600032516,IPDR202600017799,PRIMARY_SESSION,-48,1
CDR202600022886,IPDR202600017836,ADDITIONAL_SESSION,-15,1
CDR202600069986,IPDR202600017863,PRIMARY_SESSION,779,1
CDR202600088497,IPDR202600017887,ADDITIONAL_SESSION,-1589,1
CDR202600034755,IPDR202600017908,PRIMARY_SESSION,-716,1
CDR202600056921,IPDR202600017911,ADDITIONAL_SESSION,-232,1
CDR202600080238,IPDR202600017956,PRIMARY_SESSION,-1030,1
CDR202600083019,IPDR202600017962,PRIMARY_SESSION,-97,1
CDR202600029748,IPDR202600017981,PRIMARY_SESSION,-39,1
CDR202600051466,IPDR202600018048,PRIMARY_SESSION,-1,1
CDR202600060973,IPDR202600018053,PRIMARY_SESSION,-9,1
CDR202600071509,IPDR202600018104,PRIMARY_SESSION,-148,1
CDR202600054164,IPDR202600018109,PRIMARY_SESSION,30,1
CDR202600021490,IPDR202600018117,PRIMARY_SESSION,1539,1
CDR202600051232,IPDR202600018124,ADDITIONAL_SESSION,-11,1
CDR202600026406,IPDR202600018134,ADDITIONAL_SESSION,-111,1
CDR202600088268,IPDR202600018146,PRIMARY_SESSION,-185,1
CDR202600019383,IPDR202600018170,PRIMARY_SESSION,-597,1
CDR202600012043,IPDR202600018176,PRIMARY_SESSION,407,1
CDR202600042853,IPDR202600018186,PRIMARY_SESSION,-243,1
CDR202600055680,IPDR202600018199,PRIMARY_SESSION,-180,1
CDR202600030636,IPDR202600018235,ADDITIONAL_SESSION,291,1
CDR202600053684,IPDR202600018240,PRIMARY_SESSION,10,1
CDR202600088372,IPDR202600018264,PRIMARY_SESSION,56,1
CDR202600087605,IPDR202600018274,ADDITIONAL_SESSION,-230,1
CDR202600057745,IPDR202600018275,PRIMARY_SESSION,359,1
CDR202600016784,IPDR202600018291,PRIMARY_SESSION,-149,1
CDR202600051372,IPDR202600018294,PRIMARY_SESSION,-117,1
CDR202600042579,IPDR202600018316,ADDITIONAL_SESSION,27,1
CDR202600046601,IPDR202600018396,PRIMARY_SESSION,120,1
CDR202600079572,IPDR202600018438,PRIMARY_SESSION,2,1
CDR202600002662,IPDR202600018441,ADDITIONAL_SESSION,542,1
CDR202600057641,IPDR202600018458,PRIMARY_SESSION,-19,1
CDR202600028340,IPDR202600018470,PRIMARY_SESSION,-275,1
CDR202600058681,IPDR202600018503,PRIMARY_SESSION,-168,1
CDR202600049612,IPDR202600018508,PRIMARY_SESSION,-184,1
CDR202600074571,IPDR202600018551,ADDITIONAL_SESSION,-727,1
CDR202600047193,IPDR202600018564,PRIMARY_SESSION,51,1
CDR202600057491,IPDR202600018567,PRIMARY_SESSION,689,1
CDR202600061361,IPDR202600018622,ADDITIONAL_SESSION,-1743,1
CDR202600005714,IPDR202600018628,PRIMARY_SESSION,-29,1
CDR202600052689,IPDR202600018670,ADDITIONAL_SESSION,719,1
CDR202600068134,IPDR202600018689,ADDITIONAL_SESSION,415,1
CDR202600055199,IPDR202600018693,PRIMARY_SESSION,149,1
CDR202600043012,IPDR202600018741,PRIMARY_SESSION,-1245,1
CDR202600016697,IPDR202600018801,ADDITIONAL_SESSION,-43,1
CDR202600017173,IPDR202600018886,ADDITIONAL_SESSION,-779,1
CDR202600051033,IPDR202600018892,PRIMARY_SESSION,-190,1
CDR202600016571,IPDR202600018907,PRIMARY_SESSION,82,1
CDR202600009097,IPDR202600018917,PRIMARY_SESSION,827,1
CDR202600022890,IPDR202600018922,ADDITIONAL_SESSION,-712,1
CDR202600068790,IPDR202600018960,PRIMARY_SESSION,-155,1
CDR202600045429,IPDR202600018978,PRIMARY_SESSION,29,1
CDR202600052883,IPDR202600018983,PRIMARY_SESSION,1210,1
CDR202600018707,IPDR202600019008,PRIMARY_SESSION,-807,1
CDR202600054274,IPDR202600019026,PRIMARY_SESSION,-849,1
CDR202600033833,IPDR202600019033,PRIMARY_SESSION,-875,1
CDR202600013072,IPDR202600019099,PRIMARY_SESSION,-8,1
CDR202600073828,IPDR202600019103,PRIMARY_SESSION,-255,1
CDR202600084339,IPDR202600019130,ADDITIONAL_SESSION,35,1
CDR202600028395,IPDR202600019239,ADDITIONAL_SESSION,-222,1
CDR202600068284,IPDR202600019246,ADDITIONAL_SESSION,159,1
CDR202600083265,IPDR202600019286,ADDITIONAL_SESSION,-186,1
CDR202600030671,IPDR202600019289,ADDITIONAL_SESSION,-2,1
CDR202600042257,IPDR202600019314,PRIMARY_SESSION,31,1
CDR202600060262,IPDR202600019325,ADDITIONAL_SESSION,8,1
CDR202600008666,IPDR202600019364,PRIMARY_SESSION,253,1
CDR202600036412,IPDR202600019372,PRIMARY_SESSION,264,1
CDR202600088497,IPDR202600019397,ADDITIONAL_SESSION,1647,1
CDR202600089564,IPDR202600019401,PRIMARY_SESSION,5,1
CDR202600065137,IPDR202600019415,ADDITIONAL_SESSION,28,1
CDR202600075407,IPDR202600019420,PRIMARY_SESSION,592,1
CDR202600068684,IPDR202600019435,PRIMARY_SESSION,1791,1
CDR202600010835,IPDR202600019442,PRIMARY_SESSION,-442,1
CDR202600062199,IPDR202600019467,ADDITIONAL_SESSION,-39,1
CDR202600077677,IPDR202600019475,ADDITIONAL_SESSION,207,1
CDR202600031760,IPDR202600019482,PRIMARY_SESSION,-53,1
CDR202600015200,IPDR202600019492,ADDITIONAL_SESSION,209,1
CDR202600089145,IPDR202600019523,PRIMARY_SESSION,-18,1
CDR202600024685,IPDR202600019606,PRIMARY_SESSION,130,1
CDR202600079481,IPDR202600019610,PRIMARY_SESSION,54,1
CDR202600060530,IPDR202600019657,PRIMARY_SESSION,513,1
CDR202600073593,IPDR202600019659,PRIMARY_SESSION,149,1
CDR202600075550,IPDR202600019678,ADDITIONAL_SESSION,251,1
CDR202600076786,IPDR202600019712,PRIMARY_SESSION,31,1
CDR202600060915,IPDR202600019759,PRIMARY_SESSION,-37,1
CDR202600026928,IPDR202600019774,PRIMARY_SESSION,126,1
CDR202600036529,IPDR202600019796,PRIMARY_SESSION,128,1
CDR202600068390,IPDR202600019822,ADDITIONAL_SESSION,106,1
CDR202600008706,IPDR202600019829,PRIMARY_SESSION,-1704,1
CDR202600087976,IPDR202600019848,ADDITIONAL_SESSION,-27,1
CDR202600030431,IPDR202600019857,PRIMARY_SESSION,594,1
CDR202600085767,IPDR202600019878,ADDITIONAL_SESSION,14,1
CDR202600007068,IPDR202600019884,PRIMARY_SESSION,-39,1
CDR202600012466,IPDR202600019885,PRIMARY_SESSION,-211,1
CDR202600008311,IPDR202600019894,PRIMARY_SESSION,10,1
CDR202600008092,IPDR202600019914,ADDITIONAL_SESSION,-170,1
CDR202600066080,IPDR202600019927,ADDITIONAL_SESSION,45,1
CDR202600037229,IPDR202600019932,PRIMARY_SESSION,-177,1
CDR202600089431,IPDR202600019959,PRIMARY_SESSION,1062,1
CDR202600057198,IPDR202600019968,PRIMARY_SESSION,-805,1
CDR202600052700,IPDR202600019983,ADDITIONAL_SESSION,-1142,1
CDR202600021842,IPDR202600020014,PRIMARY_SESSION,-3,1
CDR202600074533,IPDR202600020016,PRIMARY_SESSION,-595,1
CDR202600005296,IPDR202600020025,PRIMARY_SESSION,243,1
CDR202600080759,IPDR202600020028,ADDITIONAL_SESSION,42,1
CDR202600001836,IPDR202600020035,ADDITIONAL_SESSION,714,1
CDR202600004327,IPDR202600020091,PRIMARY_SESSION,-60,1
CDR202600037895,IPDR202600020153,PRIMARY_SESSION,-1693,1
CDR202600019087,IPDR202600020155,ADDITIONAL_SESSION,242,1
CDR202600068209,IPDR202600020188,PRIMARY_SESSION,20,1
CDR202600075973,IPDR202600020199,ADDITIONAL_SESSION,-745,1
CDR202600051260,IPDR202600020213,PRIMARY_SESSION,23,1
CDR202600023625,IPDR202600020220,ADDITIONAL_SESSION,-247,1
CDR202600023769,IPDR202600020236,ADDITIONAL_SESSION,223,1
CDR202600073694,IPDR202600020237,ADDITIONAL_SESSION,111,1
CDR202600006876,IPDR202600020241,PRIMARY_SESSION,-60,1
CDR202600020184,IPDR202600020252,PRIMARY_SESSION,37,1
CDR202600016189,IPDR202600020264,ADDITIONAL_SESSION,-111,1
CDR202600076498,IPDR202600020270,ADDITIONAL_SESSION,-14,1
CDR202600016763,IPDR202600020300,PRIMARY_SESSION,-204,1
CDR202600077464,IPDR202600020321,PRIMARY_SESSION,21,1
CDR202600001433,IPDR202600020322,PRIMARY_SESSION,-96,1
CDR202600015477,IPDR202600020366,PRIMARY_SESSION,-1227,1
CDR202600007428,IPDR202600020422,ADDITIONAL_SESSION,153,1
CDR202600067091,IPDR202600020485,ADDITIONAL_SESSION,1001,1
CDR202600063662,IPDR202600020491,ADDITIONAL_SESSION,-1067,1
CDR202600054884,IPDR202600020520,ADDITIONAL_SESSION,-103,1
CDR202600045132,IPDR202600020527,ADDITIONAL_SESSION,310,1
CDR202600078305,IPDR202600020536,PRIMARY_SESSION,-11,1
CDR202600033604,IPDR202600020547,PRIMARY_SESSION,-48,1
CDR202600049888,IPDR202600020567,PRIMARY_SESSION,24,1
CDR202600078201,IPDR202600020579,PRIMARY_SESSION,-70,1
CDR202600063074,IPDR202600020584,ADDITIONAL_SESSION,52,1
CDR202600052336,IPDR202600020593,PRIMARY_SESSION,181,1
CDR202600084043,IPDR202600020603,PRIMARY_SESSION,-256,1
CDR202600043154,IPDR202600020614,PRIMARY_SESSION,-250,1
CDR202600080786,IPDR202600020616,ADDITIONAL_SESSION,-43,1
CDR202600065600,IPDR202600020640,PRIMARY_SESSION,35,1
CDR202600003124,IPDR202600020648,PRIMARY_SESSION,288,1
CDR202600010870,IPDR202600020656,ADDITIONAL_SESSION,12,1
CDR202600019514,IPDR202600020702,ADDITIONAL_SESSION,-283,1
CDR202600076173,IPDR202600020726,PRIMARY_SESSION,9,1
CDR202600005071,IPDR202600020760,PRIMARY_SESSION,-56,1
CDR202600030592,IPDR202600020773,PRIMARY_SESSION,-324,1
CDR202600001089,IPDR202600020783,PRIMARY_SESSION,-11,1
CDR202600040523,IPDR202600020801,PRIMARY_SESSION,416,1
CDR202600076570,IPDR202600020820,PRIMARY_SESSION,-290,1
CDR202600069692,IPDR202600020827,PRIMARY_SESSION,-87,1
CDR202600074700,IPDR202600020832,PRIMARY_SESSION,-432,1
CDR202600060486,IPDR202600020836,ADDITIONAL_SESSION,-41,1
CDR202600047928,IPDR202600020873,PRIMARY_SESSION,465,1
CDR202600052557,IPDR202600020886,PRIMARY_SESSION,1001,1
CDR202600003799,IPDR202600020907,PRIMARY_SESSION,-282,1
CDR202600003233,IPDR202600020909,PRIMARY_SESSION,-32,1
CDR202600052507,IPDR202600020918,PRIMARY_SESSION,1526,1
CDR202600084012,IPDR202600020923,ADDITIONAL_SESSION,-357,1
CDR202600010881,IPDR202600020935,PRIMARY_SESSION,1225,1
CDR202600069213,IPDR202600020971,PRIMARY_SESSION,-52,1
CDR202600090408,IPDR202600021006,ADDITIONAL_SESSION,72,1
CDR202600030634,IPDR202600021037,ADDITIONAL_SESSION,1,1
CDR202600078887,IPDR202600021118,PRIMARY_SESSION,144,1
CDR202600088905,IPDR202600021136,PRIMARY_SESSION,16,1
CDR202600086676,IPDR202600021152,PRIMARY_SESSION,9,1
CDR202600088804,IPDR202600021158,PRIMARY_SESSION,-106,1
CDR202600055061,IPDR202600021160,PRIMARY_SESSION,76,1
CDR202600071960,IPDR202600021173,ADDITIONAL_SESSION,113,1
CDR202600070422,IPDR202600021218,PRIMARY_SESSION,-38,1
CDR202600010631,IPDR202600021221,PRIMARY_SESSION,100,1
CDR202600052040,IPDR202600021266,PRIMARY_SESSION,-1205,1
CDR202600038622,IPDR202600021304,PRIMARY_SESSION,284,1
CDR202600060075,IPDR202600021339,ADDITIONAL_SESSION,60,1
CDR202600029513,IPDR202600021349,ADDITIONAL_SESSION,1786,1
CDR202600088812,IPDR202600021416,ADDITIONAL_SESSION,341,1
CDR202600022069,IPDR202600021443,ADDITIONAL_SESSION,22,1
CDR202600047436,IPDR202600021455,PRIMARY_SESSION,109,1
CDR202600018608,IPDR202600021463,ADDITIONAL_SESSION,831,1
CDR202600035294,IPDR202600021503,PRIMARY_SESSION,-44,1
CDR202600051442,IPDR202600021505,PRIMARY_SESSION,215,1
CDR202600019274,IPDR202600021509,PRIMARY_SESSION,835,1
CDR202600082456,IPDR202600021526,PRIMARY_SESSION,38,1
CDR202600015780,IPDR202600021567,PRIMARY_SESSION,-90,1
CDR202600023600,IPDR202600021596,PRIMARY_SESSION,-36,1
CDR202600063538,IPDR202600021599,PRIMARY_SESSION,886,1
CDR202600007325,IPDR202600021608,PRIMARY_SESSION,347,1
CDR202600043033,IPDR202600021612,ADDITIONAL_SESSION,1502,1
CDR202600014808,IPDR202600021615,PRIMARY_SESSION,-228,1
CDR202600043235,IPDR202600021707,ADDITIONAL_SESSION,1262,1
CDR202600047831,IPDR202600021734,ADDITIONAL_SESSION,79,1
CDR202600056582,IPDR202600021746,ADDITIONAL_SESSION,94,1
CDR202600056943,IPDR202600021753,ADDITIONAL_SESSION,-232,1
CDR202600073388,IPDR202600021756,PRIMARY_SESSION,-3,1
CDR202600035732,IPDR202600021821,PRIMARY_SESSION,-179,1
CDR202600005297,IPDR202600021825,ADDITIONAL_SESSION,135,1
CDR202600036207,IPDR202600021851,ADDITIONAL_SESSION,823,1
CDR202600000162,IPDR202600021894,ADDITIONAL_SESSION,30,1
CDR202600071301,IPDR202600021911,ADDITIONAL_SESSION,-1,1
CDR202600022060,IPDR202600021928,ADDITIONAL_SESSION,1098,1
CDR202600023627,IPDR202600021932,PRIMARY_SESSION,-235,1
CDR202600063098,IPDR202600021936,PRIMARY_SESSION,246,1
CDR202600054946,IPDR202600021952,PRIMARY_SESSION,-247,1
CDR202600071164,IPDR202600021963,PRIMARY_SESSION,-56,1
CDR202600016753,IPDR202600021980,PRIMARY_SESSION,-261,1
CDR202600005891,IPDR202600021994,PRIMARY_SESSION,-45,1
CDR202600057717,IPDR202600022019,PRIMARY_SESSION,300,1
CDR202600058518,IPDR202600022025,PRIMARY_SESSION,-296,1
CDR202600063778,IPDR202600022028,PRIMARY_SESSION,-21,1
CDR202600039424,IPDR202600022030,PRIMARY_SESSION,24,1
CDR202600077706,IPDR202600022121,ADDITIONAL_SESSION,-255,1
CDR202600035415,IPDR202600022142,PRIMARY_SESSION,324,1
CDR202600090551,IPDR202600022200,PRIMARY_SESSION,-499,1
CDR202600080158,IPDR202600022331,ADDITIONAL_SESSION,445,1
CDR202600033539,IPDR202600022357,PRIMARY_SESSION,244,1
CDR202600011186,IPDR202600022381,ADDITIONAL_SESSION,-81,1
CDR202600075065,IPDR202600022382,PRIMARY_SESSION,647,1
CDR202600005268,IPDR202600022384,ADDITIONAL_SESSION,-36,1
CDR202600035696,IPDR202600022387,ADDITIONAL_SESSION,-269,1
CDR202600089632,IPDR202600022406,ADDITIONAL_SESSION,222,1
CDR202600085204,IPDR202600022430,PRIMARY_SESSION,-708,1
CDR202600065214,IPDR202600022437,PRIMARY_SESSION,-296,1
CDR202600047555,IPDR202600022447,ADDITIONAL_SESSION,-697,1
CDR202600068397,IPDR202600022451,ADDITIONAL_SESSION,633,1
CDR202600036748,IPDR202600022472,ADDITIONAL_SESSION,-53,1
CDR202600037941,IPDR202600022500,ADDITIONAL_SESSION,44,1
CDR202600076680,IPDR202600022626,PRIMARY_SESSION,-235,1
CDR202600057221,IPDR202600022628,ADDITIONAL_SESSION,888,1
CDR202600025801,IPDR202600022637,PRIMARY_SESSION,-24,1
CDR202600035152,IPDR202600022642,PRIMARY_SESSION,355,1
CDR202600033341,IPDR202600022667,PRIMARY_SESSION,-277,1
CDR202600069994,IPDR202600022676,PRIMARY_SESSION,-605,1
CDR202600077771,IPDR202600022717,PRIMARY_SESSION,-815,1
CDR202600024542,IPDR202600022753,ADDITIONAL_SESSION,224,1
CDR202600013179,IPDR202600022778,ADDITIONAL_SESSION,870,1
CDR202600067597,IPDR202600022783,ADDITIONAL_SESSION,-140,1
CDR202600080886,IPDR202600022788,PRIMARY_SESSION,-642,1
CDR202600064277,IPDR202600022807,PRIMARY_SESSION,-194,1
CDR202600064933,IPDR202600022816,PRIMARY_SESSION,-792,1
CDR202600021883,IPDR202600022857,PRIMARY_SESSION,207,1
CDR202600041894,IPDR202600022895,PRIMARY_SESSION,13,1
CDR202600048461,IPDR202600022909,PRIMARY_SESSION,58,1
CDR202600054858,IPDR202600022914,ADDITIONAL_SESSION,134,1
CDR202600084846,IPDR202600022923,ADDITIONAL_SESSION,-130,1
CDR202600040668,IPDR202600022945,ADDITIONAL_SESSION,183,1
CDR202600000894,IPDR202600022957,PRIMARY_SESSION,11,1
CDR202600076070,IPDR202600022996,PRIMARY_SESSION,-793,1
CDR202600069290,IPDR202600023013,ADDITIONAL_SESSION,39,1
CDR202600051369,IPDR202600023015,PRIMARY_SESSION,473,1
CDR202600079300,IPDR202600023031,ADDITIONAL_SESSION,-427,1
CDR202600013794,IPDR202600023034,PRIMARY_SESSION,522,1
CDR202600022290,IPDR202600023037,PRIMARY_SESSION,-381,1
CDR202600000449,IPDR202600023063,ADDITIONAL_SESSION,202,1
CDR202600015026,IPDR202600023066,ADDITIONAL_SESSION,-1796,1
CDR202600045134,IPDR202600023069,PRIMARY_SESSION,-305,1
CDR202600029748,IPDR202600023104,ADDITIONAL_SESSION,52,1
CDR202600028487,IPDR202600023118,ADDITIONAL_SESSION,-787,1
CDR202600060071,IPDR202600023124,ADDITIONAL_SESSION,150,1
CDR202600025856,IPDR202600023140,ADDITIONAL_SESSION,-861,1
CDR202600064379,IPDR202600023153,PRIMARY_SESSION,244,1
CDR202600003457,IPDR202600023154,PRIMARY_SESSION,-48,1
CDR202600038122,IPDR202600023169,ADDITIONAL_SESSION,-1750,1
CDR202600016644,IPDR202600023177,PRIMARY_SESSION,-611,1
CDR202600046910,IPDR202600023188,ADDITIONAL_SESSION,-113,1
CDR202600011233,IPDR202600023193,PRIMARY_SESSION,-280,1
CDR202600068309,IPDR202600023196,PRIMARY_SESSION,-3,1
CDR202600076090,IPDR202600023227,PRIMARY_SESSION,-406,1
CDR202600021733,IPDR202600023252,PRIMARY_SESSION,-402,1
CDR202600007244,IPDR202600023325,PRIMARY_SESSION,-312,1
CDR202600013179,IPDR202600023330,ADDITIONAL_SESSION,4,1
CDR202600063599,IPDR202600023360,PRIMARY_SESSION,304,1
CDR202600007654,IPDR202600023373,ADDITIONAL_SESSION,-263,1
CDR202600023907,IPDR202600023377,PRIMARY_SESSION,209,1
CDR202600011341,IPDR202600023401,ADDITIONAL_SESSION,108,1
CDR202600055622,IPDR202600023410,PRIMARY_SESSION,-578,1
CDR202600067490,IPDR202600023412,ADDITIONAL_SESSION,-248,1
CDR202600065110,IPDR202600023430,PRIMARY_SESSION,-179,1
CDR202600033217,IPDR202600023433,ADDITIONAL_SESSION,569,1
CDR202600058717,IPDR202600023435,PRIMARY_SESSION,-625,1
CDR202600005031,IPDR202600023477,PRIMARY_SESSION,1650,1
CDR202600005913,IPDR202600023481,PRIMARY_SESSION,-475,1
CDR202600036755,IPDR202600023489,PRIMARY_SESSION,-208,1
CDR202600008801,IPDR202600023491,PRIMARY_SESSION,143,1
CDR202600037541,IPDR202600023500,PRIMARY_SESSION,-113,1
CDR202600009864,IPDR202600023531,ADDITIONAL_SESSION,296,1
CDR202600047450,IPDR202600023550,PRIMARY_SESSION,528,1
CDR202600043158,IPDR202600023553,PRIMARY_SESSION,703,1
CDR202600037826,IPDR202600023578,ADDITIONAL_SESSION,33,1
CDR202600078318,IPDR202600023595,PRIMARY_SESSION,13,1
CDR202600049284,IPDR202600023648,ADDITIONAL_SESSION,-575,1
CDR202600055104,IPDR202600023653,PRIMARY_SESSION,-166,1
CDR202600002742,IPDR202600023692,ADDITIONAL_SESSION,293,1
CDR202600038128,IPDR202600023699,PRIMARY_SESSION,467,1
CDR202600008264,IPDR202600023700,ADDITIONAL_SESSION,51,1
CDR202600049071,IPDR202600023706,PRIMARY_SESSION,260,1
CDR202600045140,IPDR202600023712,ADDITIONAL_SESSION,249,1
CDR202600014186,IPDR202600023725,ADDITIONAL_SESSION,213,1
CDR202600042186,IPDR202600023753,ADDITIONAL_SESSION,339,1
CDR202600064203,IPDR202600023754,ADDITIONAL_SESSION,52,1
CDR202600083845,IPDR202600023758,PRIMARY_SESSION,143,1
CDR202600011574,IPDR202600023768,ADDITIONAL_SESSION,7,1
CDR202600007432,IPDR202600023786,PRIMARY_SESSION,-145,1
CDR202600050271,IPDR202600023799,ADDITIONAL_SESSION,-60,1
CDR202600075083,IPDR202600023815,ADDITIONAL_SESSION,-1131,1
CDR202600075550,IPDR202600023817,PRIMARY_SESSION,-240,1
CDR202600021884,IPDR202600023837,ADDITIONAL_SESSION,-461,1
CDR202600071290,IPDR202600023841,ADDITIONAL_SESSION,349,1
CDR202600017392,IPDR202600023843,ADDITIONAL_SESSION,-988,1
CDR202600049307,IPDR202600023869,ADDITIONAL_SESSION,96,1
CDR202600003163,IPDR202600023889,ADDITIONAL_SESSION,90,1
CDR202600058910,IPDR202600023903,ADDITIONAL_SESSION,751,1
CDR202600001804,IPDR202600023906,PRIMARY_SESSION,-1544,1
CDR202600057319,IPDR202600023956,PRIMARY_SESSION,-240,1
CDR202600057898,IPDR202600023964,ADDITIONAL_SESSION,492,1
CDR202600002354,IPDR202600023965,PRIMARY_SESSION,234,1
CDR202600028767,IPDR202600023966,PRIMARY_SESSION,-336,1
CDR202600084989,IPDR202600023995,PRIMARY_SESSION,1040,1
CDR202600006421,IPDR202600024024,ADDITIONAL_SESSION,-825,1
CDR202600047573,IPDR202600024045,PRIMARY_SESSION,40,1
CDR202600034960,IPDR202600024082,PRIMARY_SESSION,-224,1
CDR202600027478,IPDR202600024109,PRIMARY_SESSION,-41,1
CDR202600040271,IPDR202600024111,PRIMARY_SESSION,-231,1
CDR202600028727,IPDR202600024139,PRIMARY_SESSION,323,1
CDR202600071054,IPDR202600024190,PRIMARY_SESSION,27,1
CDR202600064609,IPDR202600024193,ADDITIONAL_SESSION,-109,1
CDR202600079488,IPDR202600024211,ADDITIONAL_SESSION,-256,1
CDR202600035514,IPDR202600024216,PRIMARY_SESSION,-27,1
CDR202600057863,IPDR202600024223,ADDITIONAL_SESSION,23,1
CDR202600010712,IPDR202600024267,ADDITIONAL_SESSION,540,1
CDR202600058891,IPDR202600024300,PRIMARY_SESSION,38,1
CDR202600021772,IPDR202600024319,ADDITIONAL_SESSION,881,1
CDR202600046037,IPDR202600024326,PRIMARY_SESSION,-85,1
CDR202600045418,IPDR202600024332,ADDITIONAL_SESSION,-54,1
CDR202600067469,IPDR202600024348,PRIMARY_SESSION,654,1
CDR202600012949,IPDR202600024408,PRIMARY_SESSION,250,1
CDR202600082698,IPDR202600024411,PRIMARY_SESSION,-440,1
CDR202600040226,IPDR202600024534,PRIMARY_SESSION,-462,1
CDR202600055673,IPDR202600024544,ADDITIONAL_SESSION,271,1
CDR202600048914,IPDR202600024573,ADDITIONAL_SESSION,-237,1
CDR202600041908,IPDR202600024602,PRIMARY_SESSION,51,1
CDR202600079755,IPDR202600024619,ADDITIONAL_SESSION,-9,1
CDR202600054266,IPDR202600024685,PRIMARY_SESSION,244,1
CDR202600071474,IPDR202600024714,PRIMARY_SESSION,-3,1
CDR202600003333,IPDR202600024753,PRIMARY_SESSION,35,1
CDR202600084520,IPDR202600024777,PRIMARY_SESSION,-90,1
CDR202600026042,IPDR202600024779,ADDITIONAL_SESSION,-806,1
CDR202600063063,IPDR202600024786,ADDITIONAL_SESSION,-465,1
CDR202600045715,IPDR202600024798,PRIMARY_SESSION,248,1
CDR202600041124,IPDR202600024810,PRIMARY_SESSION,-785,1
CDR202600068229,IPDR202600024836,ADDITIONAL_SESSION,603,1
CDR202600040382,IPDR202600024841,PRIMARY_SESSION,-621,1
CDR202600074405,IPDR202600024883,ADDITIONAL_SESSION,124,1
CDR202600045238,IPDR202600024901,PRIMARY_SESSION,-446,1
CDR202600025595,IPDR202600024902,PRIMARY_SESSION,611,1
CDR202600079779,IPDR202600024912,ADDITIONAL_SESSION,1105,1
CDR202600083229,IPDR202600024920,ADDITIONAL_SESSION,-426,1
CDR202600053817,IPDR202600024953,ADDITIONAL_SESSION,1341,1
CDR202600086006,IPDR202600024970,PRIMARY_SESSION,278,1
CDR202600047138,IPDR202600024999,PRIMARY_SESSION,-57,1
CDR202600049888,IPDR202600025017,ADDITIONAL_SESSION,-854,1
CDR202600082770,IPDR202600025072,ADDITIONAL_SESSION,-49,1
CDR202600006984,IPDR202600025088,ADDITIONAL_SESSION,7,1
CDR202600004190,IPDR202600025091,PRIMARY_SESSION,60,1
CDR202600041796,IPDR202600025100,ADDITIONAL_SESSION,-79,1
CDR202600064142,IPDR202600025148,PRIMARY_SESSION,-5,1
CDR202600033119,IPDR202600025165,PRIMARY_SESSION,-38,1
CDR202600008351,IPDR202600025179,PRIMARY_SESSION,1029,1
CDR202600040668,IPDR202600025218,ADDITIONAL_SESSION,-252,1
CDR202600076504,IPDR202600025225,PRIMARY_SESSION,-270,1
CDR202600059131,IPDR202600025242,PRIMARY_SESSION,417,1
CDR202600033545,IPDR202600025245,PRIMARY_SESSION,97,1
CDR202600041541,IPDR202600025248,PRIMARY_SESSION,-247,1
CDR202600041083,IPDR202600025281,ADDITIONAL_SESSION,-373,1
CDR202600050132,IPDR202600025310,PRIMARY_SESSION,-55,1
CDR202600042972,IPDR202600025317,ADDITIONAL_SESSION,-36,1
CDR202600020244,IPDR202600025331,PRIMARY_SESSION,222,1
CDR202600038685,IPDR202600025358,ADDITIONAL_SESSION,105,1
CDR202600036040,IPDR202600025381,PRIMARY_SESSION,478,1
CDR202600074903,IPDR202600025385,ADDITIONAL_SESSION,-723,1
CDR202600027502,IPDR202600025388,ADDITIONAL_SESSION,-687,1
CDR202600056949,IPDR202600025403,PRIMARY_SESSION,45,1
CDR202600000719,IPDR202600025420,ADDITIONAL_SESSION,-278,1
CDR202600016763,IPDR202600025448,ADDITIONAL_SESSION,40,1
CDR202600035364,IPDR202600025488,ADDITIONAL_SESSION,349,1
CDR202600069904,IPDR202600025497,ADDITIONAL_SESSION,-13,1
CDR202600072970,IPDR202600025502,PRIMARY_SESSION,177,1
CDR202600037995,IPDR202600025511,PRIMARY_SESSION,4,1
CDR202600042539,IPDR202600025555,ADDITIONAL_SESSION,109,1
CDR202600052897,IPDR202600025563,ADDITIONAL_SESSION,865,1
CDR202600059426,IPDR202600025582,ADDITIONAL_SESSION,-1741,1
CDR202600087539,IPDR202600025617,ADDITIONAL_SESSION,510,1
CDR202600026184,IPDR202600025666,PRIMARY_SESSION,4,1
CDR202600080204,IPDR202600025674,PRIMARY_SESSION,-50,1
CDR202600045633,IPDR202600025685,PRIMARY_SESSION,-65,1
CDR202600058182,IPDR202600025689,PRIMARY_SESSION,403,1
CDR202600038509,IPDR202600025705,PRIMARY_SESSION,58,1
CDR202600084691,IPDR202600025738,PRIMARY_SESSION,32,1
CDR202600025126,IPDR202600025765,PRIMARY_SESSION,50,1
CDR202600053379,IPDR202600025787,PRIMARY_SESSION,-338,1
CDR202600089229,IPDR202600025807,PRIMARY_SESSION,-553,1
CDR202600020510,IPDR202600025821,ADDITIONAL_SESSION,286,1
CDR202600007321,IPDR202600025824,PRIMARY_SESSION,104,1
CDR202600014886,IPDR202600025825,PRIMARY_SESSION,-25,1
CDR202600032001,IPDR202600025837,ADDITIONAL_SESSION,-777,1
CDR202600033269,IPDR202600025842,PRIMARY_SESSION,-144,1
CDR202600068991,IPDR202600025878,PRIMARY_SESSION,-7,1
CDR202600042314,IPDR202600025881,PRIMARY_SESSION,1450,1
CDR202600081892,IPDR202600025894,ADDITIONAL_SESSION,102,1
CDR202600029513,IPDR202600025905,ADDITIONAL_SESSION,-724,1
CDR202600006406,IPDR202600025927,PRIMARY_SESSION,2,1
CDR202600026869,IPDR202600025949,PRIMARY_SESSION,-264,1
CDR202600019924,IPDR202600025961,PRIMARY_SESSION,230,1
CDR202600061255,IPDR202600025968,PRIMARY_SESSION,246,1
CDR202600051466,IPDR202600025993,ADDITIONAL_SESSION,163,1
CDR202600061353,IPDR202600025999,ADDITIONAL_SESSION,1209,1
CDR202600038528,IPDR202600026045,PRIMARY_SESSION,55,1
CDR202600085265,IPDR202600026076,PRIMARY_SESSION,-139,1
CDR202600012678,IPDR202600026080,PRIMARY_SESSION,-107,1
CDR202600047480,IPDR202600026147,ADDITIONAL_SESSION,-49,1
CDR202600037909,IPDR202600026150,PRIMARY_SESSION,169,1
CDR202600066720,IPDR202600026166,PRIMARY_SESSION,174,1
CDR202600047621,IPDR202600026175,ADDITIONAL_SESSION,-751,1
CDR202600062127,IPDR202600026190,PRIMARY_SESSION,802,1
CDR202600041142,IPDR202600026221,PRIMARY_SESSION,92,1
CDR202600049265,IPDR202600026231,PRIMARY_SESSION,10,1
CDR202600061161,IPDR202600026264,PRIMARY_SESSION,511,1
CDR202600026707,IPDR202600026276,PRIMARY_SESSION,130,1
CDR202600006976,IPDR202600026282,PRIMARY_SESSION,801,1
CDR202600011632,IPDR202600026297,PRIMARY_SESSION,550,1
CDR202600079755,IPDR202600026312,ADDITIONAL_SESSION,299,1
CDR202600050742,IPDR202600026332,PRIMARY_SESSION,-5,1
CDR202600077274,IPDR202600026352,PRIMARY_SESSION,-1097,1
CDR202600076642,IPDR202600026361,PRIMARY_SESSION,244,1
CDR202600050494,IPDR202600026404,ADDITIONAL_SESSION,-277,1
CDR202600001688,IPDR202600026424,PRIMARY_SESSION,864,1
CDR202600031211,IPDR202600026436,PRIMARY_SESSION,14,1
CDR202600013302,IPDR202600026438,ADDITIONAL_SESSION,-23,1
CDR202600019195,IPDR202600026441,PRIMARY_SESSION,-1145,1
CDR202600059459,IPDR202600026445,PRIMARY_SESSION,22,1
CDR202600065630,IPDR202600026456,ADDITIONAL_SESSION,-65,1
CDR202600059721,IPDR202600026463,PRIMARY_SESSION,-586,1
CDR202600064883,IPDR202600026484,PRIMARY_SESSION,-710,1
CDR202600064706,IPDR202600026556,PRIMARY_SESSION,-203,1
CDR202600090511,IPDR202600026605,PRIMARY_SESSION,-127,1
CDR202600081492,IPDR202600026610,ADDITIONAL_SESSION,-990,1
CDR202600030254,IPDR202600026615,PRIMARY_SESSION,14,1
CDR202600017284,IPDR202600026671,ADDITIONAL_SESSION,483,1
CDR202600047531,IPDR202600026687,ADDITIONAL_SESSION,100,1
CDR202600068235,IPDR202600026697,ADDITIONAL_SESSION,-31,1
CDR202600056854,IPDR202600026706,PRIMARY_SESSION,5,1
CDR202600089425,IPDR202600026735,PRIMARY_SESSION,-345,1
CDR202600004711,IPDR202600026746,PRIMARY_SESSION,51,1
CDR202600065179,IPDR202600026758,PRIMARY_SESSION,-238,1
CDR202600014997,IPDR202600026769,PRIMARY_SESSION,-1199,1
CDR202600046382,IPDR202600026777,PRIMARY_SESSION,1149,1
CDR202600004733,IPDR202600026808,PRIMARY_SESSION,12,1
CDR202600005844,IPDR202600026818,PRIMARY_SESSION,-46,1
CDR202600037041,IPDR202600026821,PRIMARY_SESSION,124,1
CDR202600029362,IPDR202600026837,PRIMARY_SESSION,19,1
CDR202600028941,IPDR202600026847,ADDITIONAL_SESSION,-791,1
CDR202600088211,IPDR202600026854,ADDITIONAL_SESSION,-82,1
CDR202600058813,IPDR202600026883,ADDITIONAL_SESSION,-29,1
CDR202600018149,IPDR202600026899,PRIMARY_SESSION,-51,1
CDR202600037930,IPDR202600026938,PRIMARY_SESSION,-372,1
CDR202600067302,IPDR202600026976,PRIMARY_SESSION,-895,1
CDR202600019082,IPDR202600026983,ADDITIONAL_SESSION,-848,1
CDR202600021490,IPDR202600027023,ADDITIONAL_SESSION,128,1
CDR202600043679,IPDR202600027065,PRIMARY_SESSION,258,1
CDR202600046739,IPDR202600027094,PRIMARY_SESSION,88,1
CDR202600083622,IPDR202600027157,ADDITIONAL_SESSION,837,1
CDR202600053559,IPDR202600027175,PRIMARY_SESSION,211,1
CDR202600052883,IPDR202600027201,ADDITIONAL_SESSION,797,1
CDR202600045804,IPDR202600027227,PRIMARY_SESSION,43,1
CDR202600009841,IPDR202600027244,ADDITIONAL_SESSION,56,1
CDR202600004116,IPDR202600027253,PRIMARY_SESSION,670,1
CDR202600070573,IPDR202600027256,ADDITIONAL_SESSION,6,1
CDR202600006041,IPDR202600027260,PRIMARY_SESSION,-49,1
CDR202600019850,IPDR202600027268,PRIMARY_SESSION,241,1
CDR202600069569,IPDR202600027373,ADDITIONAL_SESSION,43,1
CDR202600090662,IPDR202600027380,PRIMARY_SESSION,-633,1
CDR202600078959,IPDR202600027402,PRIMARY_SESSION,727,1
CDR202600021473,IPDR202600027441,PRIMARY_SESSION,-80,1
CDR202600083923,IPDR202600027457,PRIMARY_SESSION,267,1
CDR202600078236,IPDR202600027488,PRIMARY_SESSION,36,1
CDR202600041278,IPDR202600027491,PRIMARY_SESSION,-504,1
CDR202600012399,IPDR202600027500,PRIMARY_SESSION,65,1
CDR202600056336,IPDR202600027524,PRIMARY_SESSION,832,1
CDR202600050191,IPDR202600027557,ADDITIONAL_SESSION,25,1
CDR202600021163,IPDR202600027567,PRIMARY_SESSION,1689,1
CDR202600079068,IPDR202600027569,PRIMARY_SESSION,-188,1
CDR202600071509,IPDR202600027593,ADDITIONAL_SESSION,-850,1
CDR202600022910,IPDR202600027625,ADDITIONAL_SESSION,-121,1
CDR202600000054,IPDR202600027642,PRIMARY_SESSION,-1104,1
CDR202600086213,IPDR202600027644,ADDITIONAL_SESSION,-86,1
CDR202600057497,IPDR202600027645,PRIMARY_SESSION,184,1
CDR202600068229,IPDR202600027649,PRIMARY_SESSION,90,1
CDR202600003765,IPDR202600027678,PRIMARY_SESSION,-69,1
CDR202600070342,IPDR202600027681,PRIMARY_SESSION,869,1
CDR202600013941,IPDR202600027690,ADDITIONAL_SESSION,-750,1
CDR202600000772,IPDR202600027698,PRIMARY_SESSION,23,1
CDR202600088204,IPDR202600027706,PRIMARY_SESSION,-30,1
CDR202600010020,IPDR202600027710,PRIMARY_SESSION,374,1
CDR202600014424,IPDR202600027719,PRIMARY_SESSION,-837,1
CDR202600064655,IPDR202600027746,PRIMARY_SESSION,30,1
CDR202600067514,IPDR202600027747,PRIMARY_SESSION,39,1
CDR202600078697,IPDR202600027750,PRIMARY_SESSION,-181,1
CDR202600043103,IPDR202600027752,PRIMARY_SESSION,175,1
CDR202600021073,IPDR202600027754,PRIMARY_SESSION,1093,1
CDR202600066614,IPDR202600027765,PRIMARY_SESSION,38,1
CDR202600079510,IPDR202600027778,PRIMARY_SESSION,49,1
CDR202600039844,IPDR202600027784,PRIMARY_SESSION,14,1
CDR202600037826,IPDR202600027798,ADDITIONAL_SESSION,878,1
CDR202600037460,IPDR202600027818,ADDITIONAL_SESSION,-896,1
CDR202600080508,IPDR202600027826,PRIMARY_SESSION,-69,1
CDR202600081764,IPDR202600027830,ADDITIONAL_SESSION,1653,1
CDR202600081259,IPDR202600027836,PRIMARY_SESSION,-46,1
CDR202600042978,IPDR202600027857,PRIMARY_SESSION,582,1
CDR202600040833,IPDR202600027900,ADDITIONAL_SESSION,-54,1
CDR202600057280,IPDR202600027951,PRIMARY_SESSION,698,1
CDR202600005093,IPDR202600027981,ADDITIONAL_SESSION,689,1
CDR202600051269,IPDR202600028003,ADDITIONAL_SESSION,-215,1
CDR202600043038,IPDR202600028069,ADDITIONAL_SESSION,45,1
CDR202600048384,IPDR202600028097,PRIMARY_SESSION,54,1
CDR202600027164,IPDR202600028118,ADDITIONAL_SESSION,157,1
CDR202600054510,IPDR202600028222,PRIMARY_SESSION,11,1
CDR202600069878,IPDR202600028237,PRIMARY_SESSION,118,1
CDR202600078912,IPDR202600028245,ADDITIONAL_SESSION,-733,1
CDR202600063434,IPDR202600028280,PRIMARY_SESSION,264,1
CDR202600023424,IPDR202600028293,PRIMARY_SESSION,-856,1
CDR202600030504,IPDR202600028300,PRIMARY_SESSION,58,1
CDR202600015672,IPDR202600028327,PRIMARY_SESSION,123,1
CDR202600056674,IPDR202600028334,PRIMARY_SESSION,68,1
CDR202600087225,IPDR202600028337,PRIMARY_SESSION,26,1
CDR202600074552,IPDR202600028347,PRIMARY_SESSION,-449,1
CDR202600061975,IPDR202600028350,PRIMARY_SESSION,45,1
CDR202600068981,IPDR202600028368,PRIMARY_SESSION,-245,1
CDR202600002021,IPDR202600028384,PRIMARY_SESSION,-312,1
CDR202600036925,IPDR202600028385,PRIMARY_SESSION,-8,1
CDR202600000772,IPDR202600028391,ADDITIONAL_SESSION,-687,1
CDR202600068397,IPDR202600028461,PRIMARY_SESSION,-42,1
CDR202600023122,IPDR202600028467,PRIMARY_SESSION,-225,1
CDR202600087834,IPDR202600028488,PRIMARY_SESSION,-50,1
CDR202600016274,IPDR202600028499,ADDITIONAL_SESSION,20,1
CDR202600071037,IPDR202600028513,ADDITIONAL_SESSION,786,1
CDR202600079874,IPDR202600028525,PRIMARY_SESSION,7,1
CDR202600007432,IPDR202600028530,ADDITIONAL_SESSION,-52,1
CDR202600003451,IPDR202600028559,ADDITIONAL_SESSION,-57,1
CDR202600068941,IPDR202600028577,PRIMARY_SESSION,-247,1
CDR202600054858,IPDR202600028585,PRIMARY_SESSION,-684,1
CDR202600046845,IPDR202600028624,PRIMARY_SESSION,-6,1
CDR202600040456,IPDR202600028634,ADDITIONAL_SESSION,-274,1
CDR202600052291,IPDR202600028639,PRIMARY_SESSION,31,1
CDR202600053211,IPDR202600028666,PRIMARY_SESSION,784,1
CDR202600010876,IPDR202600028673,PRIMARY_SESSION,-32,1
CDR202600047207,IPDR202600028684,PRIMARY_SESSION,902,1
CDR202600004241,IPDR202600028693,PRIMARY_SESSION,-37,1
CDR202600053256,IPDR202600028719,ADDITIONAL_SESSION,1101,1
CDR202600053256,IPDR202600028754,PRIMARY_SESSION,11,1
CDR202600023770,IPDR202600028767,PRIMARY_SESSION,73,1
CDR202600072498,IPDR202600028772,PRIMARY_SESSION,30,1
CDR202600075073,IPDR202600028774,PRIMARY_SESSION,268,1
CDR202600088115,IPDR202600028775,PRIMARY_SESSION,363,1
CDR202600017284,IPDR202600028800,ADDITIONAL_SESSION,100,1
CDR202600065838,IPDR202600028803,ADDITIONAL_SESSION,798,1
CDR202600060006,IPDR202600028840,ADDITIONAL_SESSION,-167,1
CDR202600070387,IPDR202600028844,ADDITIONAL_SESSION,-148,1
CDR202600090005,IPDR202600028849,ADDITIONAL_SESSION,-175,1
CDR202600088747,IPDR202600028873,ADDITIONAL_SESSION,208,1
CDR202600091090,IPDR202600028877,PRIMARY_SESSION,100,1
CDR202600056956,IPDR202600028948,ADDITIONAL_SESSION,-796,1
CDR202600059426,IPDR202600028949,PRIMARY_SESSION,-289,1
CDR202600055982,IPDR202600028968,PRIMARY_SESSION,-47,1
CDR202600033438,IPDR202600028996,ADDITIONAL_SESSION,29,1
CDR202600057884,IPDR202600029013,ADDITIONAL_SESSION,-213,1
CDR202600068000,IPDR202600029036,PRIMARY_SESSION,-131,1
CDR202600079210,IPDR202600029037,ADDITIONAL_SESSION,-324,1
CDR202600055252,IPDR202600029070,ADDITIONAL_SESSION,-134,1
CDR202600039348,IPDR202600029089,ADDITIONAL_SESSION,-6,1
CDR202600062049,IPDR202600029113,ADDITIONAL_SESSION,-176,1
CDR202600061851,IPDR202600029116,PRIMARY_SESSION,42,1
CDR202600050216,IPDR202600029140,PRIMARY_SESSION,737,1
CDR202600038364,IPDR202600029141,PRIMARY_SESSION,620,1
CDR202600001836,IPDR202600029144,PRIMARY_SESSION,-315,1
CDR202600068725,IPDR202600029208,PRIMARY_SESSION,-40,1
CDR202600080373,IPDR202600029241,PRIMARY_SESSION,507,1
CDR202600064883,IPDR202600029260,ADDITIONAL_SESSION,293,1
CDR202600068005,IPDR202600029301,ADDITIONAL_SESSION,-964,1
CDR202600083229,IPDR202600029305,PRIMARY_SESSION,-251,1
CDR202600053889,IPDR202600029306,PRIMARY_SESSION,55,1
CDR202600017636,IPDR202600029335,ADDITIONAL_SESSION,-222,1
CDR202600071642,IPDR202600029352,PRIMARY_SESSION,189,1
CDR202600030777,IPDR202600029370,PRIMARY_SESSION,-372,1
CDR202600006525,IPDR202600029402,PRIMARY_SESSION,426,1
CDR202600068482,IPDR202600029419,PRIMARY_SESSION,-282,1
CDR202600034871,IPDR202600029420,ADDITIONAL_SESSION,-201,1
CDR202600031734,IPDR202600029422,PRIMARY_SESSION,-115,1
CDR202600047621,IPDR202600029429,ADDITIONAL_SESSION,-475,1
CDR202600027463,IPDR202600029506,PRIMARY_SESSION,-45,1
CDR202600011706,IPDR202600029515,PRIMARY_SESSION,-57,1
CDR202600041142,IPDR202600029518,ADDITIONAL_SESSION,-460,1
CDR202600061898,IPDR202600029535,PRIMARY_SESSION,-39,1
CDR202600028003,IPDR202600029537,PRIMARY_SESSION,150,1
CDR202600026465,IPDR202600029551,PRIMARY_SESSION,7,1
CDR202600053259,IPDR202600029559,PRIMARY_SESSION,304,1
CDR202600013039,IPDR202600029573,ADDITIONAL_SESSION,66,1
CDR202600023783,IPDR202600029586,PRIMARY_SESSION,-726,1
CDR202600015823,IPDR202600029588,ADDITIONAL_SESSION,-1555,1
CDR202600069749,IPDR202600029612,PRIMARY_SESSION,53,1
CDR202600027723,IPDR202600029618,PRIMARY_SESSION,24,1
CDR202600052103,IPDR202600029621,ADDITIONAL_SESSION,1740,1
CDR202600037187,IPDR202600029622,ADDITIONAL_SESSION,-219,1
CDR202600077661,IPDR202600029631,ADDITIONAL_SESSION,415,1
CDR202600026839,IPDR202600029644,PRIMARY_SESSION,66,1
CDR202600059835,IPDR202600029647,PRIMARY_SESSION,191,1
CDR202600021016,IPDR202600029660,ADDITIONAL_SESSION,687,1
CDR202600038293,IPDR202600029664,ADDITIONAL_SESSION,35,1
CDR202600041906,IPDR202600029667,PRIMARY_SESSION,60,1
CDR202600062189,IPDR202600029683,PRIMARY_SESSION,416,1
CDR202600026198,IPDR202600029734,ADDITIONAL_SESSION,56,1
CDR202600069850,IPDR202600029738,ADDITIONAL_SESSION,868,1
CDR202600073449,IPDR202600029741,PRIMARY_SESSION,241,1
CDR202600025271,IPDR202600029758,ADDITIONAL_SESSION,137,1
CDR202600049556,IPDR202600029761,PRIMARY_SESSION,-147,1
CDR202600089119,IPDR202600029788,PRIMARY_SESSION,458,1
CDR202600087823,IPDR202600029795,PRIMARY_SESSION,-45,1
CDR202600002240,IPDR202600029799,PRIMARY_SESSION,-81,1
CDR202600007379,IPDR202600029804,ADDITIONAL_SESSION,-36,1
CDR202600090028,IPDR202600029831,ADDITIONAL_SESSION,299,1
CDR202600084491,IPDR202600029836,PRIMARY_SESSION,-515,1
CDR202600077335,IPDR202600029854,ADDITIONAL_SESSION,227,1
CDR202600036410,IPDR202600029855,PRIMARY_SESSION,25,1
CDR202600086563,IPDR202600029872,PRIMARY_SESSION,-1222,1
CDR202600012049,IPDR202600029879,PRIMARY_SESSION,-14,1
CDR202600064609,IPDR202600029943,PRIMARY_SESSION,727,1
CDR202600052097,IPDR202600029947,ADDITIONAL_SESSION,30,1
CDR202600061018,IPDR202600029951,PRIMARY_SESSION,-1729,1
CDR202600086796,IPDR202600029969,PRIMARY_SESSION,57,1
CDR202600033525,IPDR202600029978,PRIMARY_SESSION,-869,1
CDR202600001084,IPDR202600029990,PRIMARY_SESSION,-6,1
CDR202600030696,IPDR202600029999,ADDITIONAL_SESSION,27,1
CDR202600040452,IPDR202600030051,PRIMARY_SESSION,578,1
CDR202600015601,IPDR202600030061,ADDITIONAL_SESSION,-281,1
CDR202600089818,IPDR202600030110,PRIMARY_SESSION,-23,1
CDR202600029570,IPDR202600030117,ADDITIONAL_SESSION,20,1
CDR202600091133,IPDR202600030147,PRIMARY_SESSION,275,1
CDR202600024239,IPDR202600030149,PRIMARY_SESSION,832,1
CDR202600030225,IPDR202600030153,ADDITIONAL_SESSION,-57,1
CDR202600006661,IPDR202600030201,ADDITIONAL_SESSION,-292,1
CDR202600075379,IPDR202600030207,ADDITIONAL_SESSION,50,1
CDR202600042810,IPDR202600030211,ADDITIONAL_SESSION,502,1
CDR202600028175,IPDR202600030218,ADDITIONAL_SESSION,-27,1
CDR202600056676,IPDR202600030242,PRIMARY_SESSION,-1671,1
CDR202600033899,IPDR202600030246,PRIMARY_SESSION,249,1
CDR202600043452,IPDR202600030289,ADDITIONAL_SESSION,243,1
CDR202600074538,IPDR202600030293,PRIMARY_SESSION,-565,1
CDR202600067824,IPDR202600030341,ADDITIONAL_SESSION,250,1
CDR202600003001,IPDR202600030369,PRIMARY_SESSION,41,1
CDR202600057623,IPDR202600030379,PRIMARY_SESSION,146,1
CDR202600035861,IPDR202600030391,PRIMARY_SESSION,14,1
CDR202600039336,IPDR202600030414,PRIMARY_SESSION,106,1
CDR202600051122,IPDR202600030418,ADDITIONAL_SESSION,-48,1
CDR202600053051,IPDR202600030423,ADDITIONAL_SESSION,-262,1
CDR202600075065,IPDR202600030461,ADDITIONAL_SESSION,-201,1
CDR202600085093,IPDR202600030475,ADDITIONAL_SESSION,609,1
CDR202600010973,IPDR202600030494,PRIMARY_SESSION,554,1
CDR202600075522,IPDR202600030503,PRIMARY_SESSION,355,1
CDR202600031942,IPDR202600030512,PRIMARY_SESSION,-1718,1
CDR202600044876,IPDR202600030523,PRIMARY_SESSION,617,1
CDR202600012932,IPDR202600030528,ADDITIONAL_SESSION,-834,1
CDR202600084722,IPDR202600030569,PRIMARY_SESSION,-53,1
CDR202600041142,IPDR202600030578,ADDITIONAL_SESSION,414,1
CDR202600007728,IPDR202600030592,PRIMARY_SESSION,-30,1
CDR202600045279,IPDR202600030593,PRIMARY_SESSION,-279,1
CDR202600008311,IPDR202600030630,ADDITIONAL_SESSION,191,1
CDR202600021772,IPDR202600030632,PRIMARY_SESSION,342,1
CDR202600007635,IPDR202600030657,PRIMARY_SESSION,1182,1
CDR202600007818,IPDR202600030658,ADDITIONAL_SESSION,-1799,1
CDR202600073087,IPDR202600030665,PRIMARY_SESSION,-503,1
CDR202600052659,IPDR202600030671,ADDITIONAL_SESSION,26,1
CDR202600063382,IPDR202600030742,PRIMARY_SESSION,823,1
CDR202600073793,IPDR202600030750,PRIMARY_SESSION,140,1
CDR202600024077,IPDR202600030777,PRIMARY_SESSION,-48,1
CDR202600020261,IPDR202600030782,PRIMARY_SESSION,-72,1
CDR202600022124,IPDR202600030811,PRIMARY_SESSION,-13,1
CDR202600055023,IPDR202600030815,PRIMARY_SESSION,-115,1
CDR202600015152,IPDR202600030821,ADDITIONAL_SESSION,-167,1
CDR202600020716,IPDR202600030871,PRIMARY_SESSION,-703,1
CDR202600073921,IPDR202600030885,PRIMARY_SESSION,22,1
CDR202600086370,IPDR202600030886,PRIMARY_SESSION,1191,1
CDR202600035294,IPDR202600030903,ADDITIONAL_SESSION,528,1
CDR202600053559,IPDR202600030924,ADDITIONAL_SESSION,-625,1
CDR202600046378,IPDR202600030983,ADDITIONAL_SESSION,-33,1
CDR202600048959,IPDR202600031019,PRIMARY_SESSION,-283,1
CDR202600041790,IPDR202600031021,PRIMARY_SESSION,1418,1
CDR202600022890,IPDR202600031024,ADDITIONAL_SESSION,557,1
CDR202600030311,IPDR202600031034,ADDITIONAL_SESSION,-209,1
CDR202600066718,IPDR202600031039,PRIMARY_SESSION,580,1
CDR202600035822,IPDR202600031045,PRIMARY_SESSION,162,1
CDR202600062085,IPDR202600031050,PRIMARY_SESSION,-33,1
CDR202600083376,IPDR202600031070,ADDITIONAL_SESSION,-8,1
CDR202600031490,IPDR202600031096,PRIMARY_SESSION,-42,1
CDR202600018981,IPDR202600031134,PRIMARY_SESSION,11,1
CDR202600078949,IPDR202600031141,PRIMARY_SESSION,-1121,1
CDR202600084846,IPDR202600031172,ADDITIONAL_SESSION,451,1
CDR202600081492,IPDR202600031228,PRIMARY_SESSION,-268,1
CDR202600057748,IPDR202600031246,PRIMARY_SESSION,-274,1
CDR202600002947,IPDR202600031247,ADDITIONAL_SESSION,-497,1
CDR202600038497,IPDR202600031281,PRIMARY_SESSION,757,1
CDR202600085783,IPDR202600031290,ADDITIONAL_SESSION,-1571,1
CDR202600086075,IPDR202600031322,PRIMARY_SESSION,618,1
CDR202600056340,IPDR202600031340,PRIMARY_SESSION,227,1
CDR202600019109,IPDR202600031347,PRIMARY_SESSION,309,1
CDR202600052089,IPDR202600031351,ADDITIONAL_SESSION,-675,1
CDR202600076922,IPDR202600031391,ADDITIONAL_SESSION,102,1
CDR202600067490,IPDR202600031395,PRIMARY_SESSION,-56,1
CDR202600031571,IPDR202600031398,PRIMARY_SESSION,267,1
CDR202600038122,IPDR202600031427,ADDITIONAL_SESSION,-220,1
CDR202600014817,IPDR202600031429,PRIMARY_SESSION,-52,1
CDR202600015895,IPDR202600031446,PRIMARY_SESSION,-142,1
CDR202600048557,IPDR202600031479,ADDITIONAL_SESSION,555,1
CDR202600084574,IPDR202600031480,ADDITIONAL_SESSION,163,1
CDR202600000558,IPDR202600031516,PRIMARY_SESSION,518,1
CDR202600059653,IPDR202600031548,PRIMARY_SESSION,153,1
CDR202600030636,IPDR202600031549,ADDITIONAL_SESSION,834,1
CDR202600040404,IPDR202600031553,PRIMARY_SESSION,169,1
CDR202600037371,IPDR202600031561,ADDITIONAL_SESSION,99,1
CDR202600056118,IPDR202600031580,PRIMARY_SESSION,231,1
CDR202600050794,IPDR202600031589,PRIMARY_SESSION,-11,1
CDR202600071134,IPDR202600031601,PRIMARY_SESSION,-383,1
CDR202600001397,IPDR202600031606,ADDITIONAL_SESSION,852,1
CDR202600055694,IPDR202600031627,PRIMARY_SESSION,494,1
CDR202600039976,IPDR202600031660,PRIMARY_SESSION,576,1
CDR202600031986,IPDR202600031674,ADDITIONAL_SESSION,-699,1
CDR202600010035,IPDR202600031676,ADDITIONAL_SESSION,-10,1
CDR202600060262,IPDR202600031683,PRIMARY_SESSION,1785,1
CDR202600067164,IPDR202600031704,PRIMARY_SESSION,424,1
CDR202600026379,IPDR202600031737,PRIMARY_SESSION,-831,1
CDR202600038897,IPDR202600031758,ADDITIONAL_SESSION,-223,1
CDR202600079461,IPDR202600031770,ADDITIONAL_SESSION,334,1
CDR202600066517,IPDR202600031815,ADDITIONAL_SESSION,-264,1
CDR202600042747,IPDR202600031829,ADDITIONAL_SESSION,1609,1
CDR202600060836,IPDR202600031830,PRIMARY_SESSION,-667,1
CDR202600070184,IPDR202600031844,ADDITIONAL_SESSION,-951,1
CDR202600051399,IPDR202600031852,PRIMARY_SESSION,104,1
CDR202600038195,IPDR202600031899,ADDITIONAL_SESSION,-206,1
CDR202600035732,IPDR202600031914,ADDITIONAL_SESSION,-119,1
CDR202600012048,IPDR202600031944,ADDITIONAL_SESSION,848,1
CDR202600052598,IPDR202600031994,PRIMARY_SESSION,-42,1
CDR202600018972,IPDR202600032020,PRIMARY_SESSION,-786,1
CDR202600090818,IPDR202600032102,PRIMARY_SESSION,-168,1
CDR202600002445,IPDR202600032106,ADDITIONAL_SESSION,23,1
CDR202600085204,IPDR202600032114,ADDITIONAL_SESSION,-1176,1
CDR202600047160,IPDR202600032159,PRIMARY_SESSION,128,1
CDR202600080265,IPDR202600032160,PRIMARY_SESSION,-593,1
CDR202600014963,IPDR202600032161,PRIMARY_SESSION,210,1
CDR202600088465,IPDR202600032198,PRIMARY_SESSION,945,1
CDR202600018610,IPDR202600032207,PRIMARY_SESSION,-882,1
CDR202600071025,IPDR202600032218,ADDITIONAL_SESSION,-1775,1
CDR202600078016,IPDR202600032275,PRIMARY_SESSION,-1166,1
CDR202600034518,IPDR202600032278,ADDITIONAL_SESSION,-83,1
CDR202600018769,IPDR202600032293,PRIMARY_SESSION,29,1
CDR202600059668,IPDR202600032304,ADDITIONAL_SESSION,-157,1
CDR202600028432,IPDR202600032310,ADDITIONAL_SESSION,256,1
CDR202600079173,IPDR202600032394,ADDITIONAL_SESSION,32,1
CDR202600047207,IPDR202600032414,ADDITIONAL_SESSION,-510,1
CDR202600013426,IPDR202600032435,PRIMARY_SESSION,399,1
CDR202600036324,IPDR202600032449,PRIMARY_SESSION,-205,1
CDR202600042186,IPDR202600032450,PRIMARY_SESSION,-1216,1
CDR202600047376,IPDR202600032482,PRIMARY_SESSION,584,1
CDR202600034504,IPDR202600032500,PRIMARY_SESSION,410,1
CDR202600009785,IPDR202600032565,PRIMARY_SESSION,-13,1
CDR202600042592,IPDR202600032579,PRIMARY_SESSION,-29,1
CDR202600063582,IPDR202600032598,PRIMARY_SESSION,140,1
CDR202600016382,IPDR202600032611,ADDITIONAL_SESSION,1,1
CDR202600046954,IPDR202600032645,PRIMARY_SESSION,33,1
CDR202600055614,IPDR202600032651,PRIMARY_SESSION,-23,1
CDR202600032880,IPDR202600032677,ADDITIONAL_SESSION,-1079,1
CDR202600054626,IPDR202600032699,ADDITIONAL_SESSION,-699,1
CDR202600080175,IPDR202600032708,ADDITIONAL_SESSION,169,1
CDR202600013162,IPDR202600032721,PRIMARY_SESSION,269,1
CDR202600057630,IPDR202600032735,PRIMARY_SESSION,-35,1
CDR202600058988,IPDR202600032775,PRIMARY_SESSION,1724,1
CDR202600062682,IPDR202600032791,PRIMARY_SESSION,-8,1
CDR202600004434,IPDR202600032793,PRIMARY_SESSION,11,1
CDR202600055152,IPDR202600032799,ADDITIONAL_SESSION,152,1
CDR202600080016,IPDR202600032829,ADDITIONAL_SESSION,214,1
CDR202600083695,IPDR202600032853,PRIMARY_SESSION,133,1
CDR202600076795,IPDR202600032862,ADDITIONAL_SESSION,-28,1
CDR202600038871,IPDR202600032923,PRIMARY_SESSION,522,1
CDR202600055888,IPDR202600032924,PRIMARY_SESSION,182,1
CDR202600057943,IPDR202600032925,PRIMARY_SESSION,-18,1
CDR202600076981,IPDR202600032930,PRIMARY_SESSION,55,1
CDR202600073445,IPDR202600032943,ADDITIONAL_SESSION,42,1
CDR202600002390,IPDR202600032985,ADDITIONAL_SESSION,-240,1
CDR202600015060,IPDR202600033001,ADDITIONAL_SESSION,398,1
CDR202600037450,IPDR202600033012,ADDITIONAL_SESSION,1488,1
CDR202600009172,IPDR202600033014,PRIMARY_SESSION,17,1
CDR202600016722,IPDR202600033038,ADDITIONAL_SESSION,-117,1
CDR202600011436,IPDR202600033060,ADDITIONAL_SESSION,-1706,1
CDR202600045023,IPDR202600033103,PRIMARY_SESSION,96,1
CDR202600057176,IPDR202600033114,PRIMARY_SESSION,36,1
CDR202600076242,IPDR202600033119,PRIMARY_SESSION,309,1
CDR202600081739,IPDR202600033137,ADDITIONAL_SESSION,60,1
CDR202600025122,IPDR202600033141,PRIMARY_SESSION,96,1
CDR202600057426,IPDR202600033174,PRIMARY_SESSION,513,1
CDR202600050738,IPDR202600033177,PRIMARY_SESSION,-16,1
CDR202600009381,IPDR202600033195,PRIMARY_SESSION,12,1
CDR202600084855,IPDR202600033205,PRIMARY_SESSION,-160,1
CDR202600036840,IPDR202600033247,ADDITIONAL_SESSION,-552,1
CDR202600075695,IPDR202600033275,PRIMARY_SESSION,-488,1
CDR202600038432,IPDR202600033293,PRIMARY_SESSION,77,1
CDR202600012940,IPDR202600033309,ADDITIONAL_SESSION,1562,1
CDR202600007125,IPDR202600033325,PRIMARY_SESSION,374,1
CDR202600068867,IPDR202600033354,PRIMARY_SESSION,-263,1
CDR202600022070,IPDR202600033362,ADDITIONAL_SESSION,-24,1
CDR202600018400,IPDR202600033402,PRIMARY_SESSION,434,1
CDR202600036192,IPDR202600033411,ADDITIONAL_SESSION,108,1
CDR202600043510,IPDR202600033458,ADDITIONAL_SESSION,-285,1
CDR202600047965,IPDR202600033460,PRIMARY_SESSION,179,1
CDR202600045814,IPDR202600033491,ADDITIONAL_SESSION,1004,1
CDR202600090593,IPDR202600033526,PRIMARY_SESSION,-11,1
CDR202600089477,IPDR202600033565,ADDITIONAL_SESSION,-271,1
CDR202600024475,IPDR202600033570,ADDITIONAL_SESSION,262,1
CDR202600048856,IPDR202600033595,PRIMARY_SESSION,-885,1
CDR202600032827,IPDR202600033620,ADDITIONAL_SESSION,-315,1
CDR202600064213,IPDR202600033653,ADDITIONAL_SESSION,143,1
CDR202600000302,IPDR202600033680,PRIMARY_SESSION,640,1
CDR202600080306,IPDR202600033709,PRIMARY_SESSION,8,1
CDR202600077092,IPDR202600033749,ADDITIONAL_SESSION,-18,1
CDR202600013627,IPDR202600033837,PRIMARY_SESSION,31,1
CDR202600035126,IPDR202600033879,PRIMARY_SESSION,722,1
CDR202600003783,IPDR202600033894,PRIMARY_SESSION,683,1
CDR202600020428,IPDR202600033928,PRIMARY_SESSION,-682,1
CDR202600044733,IPDR202600033962,ADDITIONAL_SESSION,-33,1
CDR202600035858,IPDR202600033979,ADDITIONAL_SESSION,-166,1
CDR202600014876,IPDR202600034045,PRIMARY_SESSION,1364,1
CDR202600056154,IPDR202600034062,PRIMARY_SESSION,-1550,1
CDR202600046065,IPDR202600034074,PRIMARY_SESSION,-473,1
CDR202600082274,IPDR202600034081,PRIMARY_SESSION,63,1
CDR202600027244,IPDR202600034107,ADDITIONAL_SESSION,-22,1
CDR202600054308,IPDR202600034110,PRIMARY_SESSION,-70,1
CDR202600048594,IPDR202600034178,PRIMARY_SESSION,265,1
CDR202600026610,IPDR202600034203,ADDITIONAL_SESSION,-146,1
CDR202600024135,IPDR202600034213,ADDITIONAL_SESSION,101,1
CDR202600018019,IPDR202600034225,PRIMARY_SESSION,52,1
CDR202600045226,IPDR202600034262,ADDITIONAL_SESSION,303,1
CDR202600005541,IPDR202600034274,PRIMARY_SESSION,-24,1
CDR202600036047,IPDR202600034290,ADDITIONAL_SESSION,802,1
CDR202600088061,IPDR202600034314,PRIMARY_SESSION,-205,1
CDR202600091090,IPDR202600034440,ADDITIONAL_SESSION,543,1
CDR202600001442,IPDR202600034441,PRIMARY_SESSION,548,1
CDR202600077822,IPDR202600034444,PRIMARY_SESSION,-65,1
CDR202600024362,IPDR202600034476,PRIMARY_SESSION,374,1
CDR202600090843,IPDR202600034508,ADDITIONAL_SESSION,-18,1
CDR202600005961,IPDR202600034570,ADDITIONAL_SESSION,-21,1
CDR202600053817,IPDR202600034591,PRIMARY_SESSION,-609,1
CDR202600065568,IPDR202600034593,PRIMARY_SESSION,238,1
CDR202600054629,IPDR202600034634,PRIMARY_SESSION,897,1
CDR202600089641,IPDR202600034638,ADDITIONAL_SESSION,688,1
CDR202600069952,IPDR202600034646,PRIMARY_SESSION,-560,1
CDR202600044283,IPDR202600034652,ADDITIONAL_SESSION,57,1
CDR202600048959,IPDR202600034672,ADDITIONAL_SESSION,-417,1
CDR202600010035,IPDR202600034691,PRIMARY_SESSION,112,1
CDR202600004086,IPDR202600034698,PRIMARY_SESSION,272,1
CDR202600088819,IPDR202600034714,PRIMARY_SESSION,-193,1
CDR202600043510,IPDR202600034725,ADDITIONAL_SESSION,116,1
CDR202600069181,IPDR202600034735,PRIMARY_SESSION,808,1
CDR202600001836,IPDR202600034791,ADDITIONAL_SESSION,-211,1
CDR202600040303,IPDR202600034814,PRIMARY_SESSION,416,1
CDR202600055716,IPDR202600034839,PRIMARY_SESSION,289,1
CDR202600048844,IPDR202600034856,PRIMARY_SESSION,-862,1
CDR202600016128,IPDR202600034894,PRIMARY_SESSION,235,1
CDR202600089249,IPDR202600034922,PRIMARY_SESSION,19,1
CDR202600036131,IPDR202600034946,PRIMARY_SESSION,100,1
CDR202600068837,IPDR202600034953,ADDITIONAL_SESSION,-889,1
CDR202600015653,IPDR202600034971,PRIMARY_SESSION,-161,1
CDR202600021012,IPDR202600034984,PRIMARY_SESSION,598,1
CDR202600066115,IPDR202600035012,PRIMARY_SESSION,38,1
CDR202600039471,IPDR202600035053,PRIMARY_SESSION,293,1
CDR202600026585,IPDR202600035059,PRIMARY_SESSION,-656,1
CDR202600016201,IPDR202600035091,ADDITIONAL_SESSION,46,1
CDR202600076706,IPDR202600035094,PRIMARY_SESSION,1699,1
CDR202600078897,IPDR202600035122,PRIMARY_SESSION,-1372,1
CDR202600008495,IPDR202600035125,ADDITIONAL_SESSION,-114,1
CDR202600013828,IPDR202600035165,PRIMARY_SESSION,-590,1
CDR202600071108,IPDR202600035186,PRIMARY_SESSION,-298,1
CDR202600020912,IPDR202600035188,PRIMARY_SESSION,-25,1
CDR202600031575,IPDR202600035192,PRIMARY_SESSION,16,1
CDR202600030603,IPDR202600035198,PRIMARY_SESSION,176,1
CDR202600073356,IPDR202600035226,PRIMARY_SESSION,-47,1
CDR202600045488,IPDR202600035227,PRIMARY_SESSION,-1249,1
CDR202600075379,IPDR202600035246,ADDITIONAL_SESSION,59,1
CDR202600057240,IPDR202600035331,PRIMARY_SESSION,898,1
CDR202600068863,IPDR202600035337,ADDITIONAL_SESSION,257,1
CDR202600049794,IPDR202600035355,PRIMARY_SESSION,-132,1
CDR202600070132,IPDR202600035359,PRIMARY_SESSION,-210,1
CDR202600090816,IPDR202600035366,ADDITIONAL_SESSION,-248,1
CDR202600084722,IPDR202600035405,ADDITIONAL_SESSION,-56,1
CDR202600076090,IPDR202600035413,ADDITIONAL_SESSION,-236,1
CDR202600090783,IPDR202600035430,PRIMARY_SESSION,-272,1
CDR202600077762,IPDR202600035439,ADDITIONAL_SESSION,229,1
CDR202600039234,IPDR202600035455,PRIMARY_SESSION,1308,1
CDR202600076205,IPDR202600035468,PRIMARY_SESSION,845,1
CDR202600035661,IPDR202600035470,PRIMARY_SESSION,-605,1
CDR202600027212,IPDR202600035496,PRIMARY_SESSION,1164,1
CDR202600080786,IPDR202600035497,ADDITIONAL_SESSION,-1781,1
CDR202600030983,IPDR202600035500,PRIMARY_SESSION,190,1
CDR202600030673,IPDR202600035505,ADDITIONAL_SESSION,97,1
CDR202600050275,IPDR202600035526,ADDITIONAL_SESSION,17,1
CDR202600064203,IPDR202600035539,ADDITIONAL_SESSION,-1130,1
CDR202600023337,IPDR202600035558,PRIMARY_SESSION,155,1
CDR202600082067,IPDR202600035601,PRIMARY_SESSION,18,1
CDR202600068682,IPDR202600035605,ADDITIONAL_SESSION,186,1
CDR202600063657,IPDR202600035635,PRIMARY_SESSION,-156,1
CDR202600046288,IPDR202600035642,PRIMARY_SESSION,-148,1
CDR202600073067,IPDR202600035650,PRIMARY_SESSION,17,1
CDR202600042539,IPDR202600035655,ADDITIONAL_SESSION,812,1
CDR202600030419,IPDR202600035674,PRIMARY_SESSION,801,1
CDR202600065362,IPDR202600035693,PRIMARY_SESSION,-153,1
CDR202600065630,IPDR202600035752,ADDITIONAL_SESSION,-544,1
CDR202600077092,IPDR202600035784,ADDITIONAL_SESSION,33,1
CDR202600017654,IPDR202600035843,ADDITIONAL_SESSION,1588,1
CDR202600059486,IPDR202600035912,PRIMARY_SESSION,-1415,1
CDR202600002947,IPDR202600035933,ADDITIONAL_SESSION,-147,1
CDR202600031089,IPDR202600035940,PRIMARY_SESSION,59,1
CDR202600036905,IPDR202600035947,PRIMARY_SESSION,-69,1
CDR202600036707,IPDR202600035980,ADDITIONAL_SESSION,1268,1
CDR202600076922,IPDR202600036012,PRIMARY_SESSION,152,1
CDR202600015664,IPDR202600036045,PRIMARY_SESSION,-559,1
CDR202600050772,IPDR202600036089,ADDITIONAL_SESSION,130,1
CDR202600063623,IPDR202600036104,PRIMARY_SESSION,-72,1
CDR202600012166,IPDR202600036179,PRIMARY_SESSION,293,1
CDR202600079215,IPDR202600036208,ADDITIONAL_SESSION,-52,1
CDR202600017636,IPDR202600036232,ADDITIONAL_SESSION,-39,1
CDR202600087337,IPDR202600036255,PRIMARY_SESSION,-34,1
CDR202600045418,IPDR202600036268,PRIMARY_SESSION,-16,1
CDR202600016305,IPDR202600036273,ADDITIONAL_SESSION,-242,1
CDR202600046486,IPDR202600036315,PRIMARY_SESSION,-755,1
CDR202600062733,IPDR202600036318,PRIMARY_SESSION,-491,1
CDR202600046214,IPDR202600036321,PRIMARY_SESSION,-524,1
CDR202600030542,IPDR202600036335,PRIMARY_SESSION,768,1
CDR202600008231,IPDR202600036367,ADDITIONAL_SESSION,195,1
CDR202600015387,IPDR202600036386,ADDITIONAL_SESSION,-48,1
CDR202600046845,IPDR202600036422,ADDITIONAL_SESSION,51,1
CDR202600041395,IPDR202600036467,PRIMARY_SESSION,33,1
CDR202600037820,IPDR202600036500,PRIMARY_SESSION,213,1
CDR202600053205,IPDR202600036507,PRIMARY_SESSION,-898,1
CDR202600020912,IPDR202600036515,ADDITIONAL_SESSION,22,1
CDR202600074343,IPDR202600036532,PRIMARY_SESSION,59,1
CDR202600051360,IPDR202600036578,PRIMARY_SESSION,-169,1
CDR202600063910,IPDR202600036585,ADDITIONAL_SESSION,-204,1
CDR202600060389,IPDR202600036587,PRIMARY_SESSION,613,1
CDR202600085519,IPDR202600036593,PRIMARY_SESSION,-6,1
CDR202600077154,IPDR202600036603,ADDITIONAL_SESSION,-1372,1
CDR202600006273,IPDR202600036605,PRIMARY_SESSION,900,1
CDR202600083376,IPDR202600036610,ADDITIONAL_SESSION,-271,1
CDR202600022646,IPDR202600036619,ADDITIONAL_SESSION,293,1
CDR202600033367,IPDR202600036631,ADDITIONAL_SESSION,147,1
CDR202600015482,IPDR202600036633,PRIMARY_SESSION,-190,1
CDR202600079486,IPDR202600036683,PRIMARY_SESSION,-365,1
CDR202600069307,IPDR202600036693,PRIMARY_SESSION,-577,1
CDR202600008563,IPDR202600036708,PRIMARY_SESSION,-109,1
CDR202600011129,IPDR202600036732,ADDITIONAL_SESSION,426,1
CDR202600013222,IPDR202600036765,PRIMARY_SESSION,-157,1
CDR202600037713,IPDR202600036767,ADDITIONAL_SESSION,120,1
CDR202600065459,IPDR202600036791,ADDITIONAL_SESSION,-213,1
CDR202600079511,IPDR202600036794,PRIMARY_SESSION,-795,1
CDR202600090679,IPDR202600036872,PRIMARY_SESSION,-360,1
CDR202600018557,IPDR202600036899,ADDITIONAL_SESSION,65,1
CDR202600081654,IPDR202600036935,PRIMARY_SESSION,15,1
CDR202600024475,IPDR202600036956,PRIMARY_SESSION,322,1
CDR202600008311,IPDR202600036986,ADDITIONAL_SESSION,-15,1
CDR202600062573,IPDR202600037037,PRIMARY_SESSION,94,1
CDR202600023432,IPDR202600037076,PRIMARY_SESSION,194,1
CDR202600042109,IPDR202600037078,ADDITIONAL_SESSION,-65,1
CDR202600034126,IPDR202600037084,PRIMARY_SESSION,-331,1
CDR202600010460,IPDR202600037113,PRIMARY_SESSION,13,1
CDR202600044812,IPDR202600037131,ADDITIONAL_SESSION,340,1
CDR202600013553,IPDR202600037132,PRIMARY_SESSION,93,1
CDR202600087524,IPDR202600037133,ADDITIONAL_SESSION,1765,1
CDR202600047117,IPDR202600037139,ADDITIONAL_SESSION,-1028,1
CDR202600034067,IPDR202600037157,ADDITIONAL_SESSION,-47,1
CDR202600074871,IPDR202600037210,PRIMARY_SESSION,295,1
CDR202600038022,IPDR202600037219,PRIMARY_SESSION,-323,1
CDR202600008855,IPDR202600037245,ADDITIONAL_SESSION,363,1
CDR202600068514,IPDR202600037263,PRIMARY_SESSION,333,1
CDR202600084598,IPDR202600037266,PRIMARY_SESSION,-518,1
CDR202600086328,IPDR202600037279,PRIMARY_SESSION,6,1
CDR202600035845,IPDR202600037321,ADDITIONAL_SESSION,31,1
CDR202600022921,IPDR202600037328,PRIMARY_SESSION,802,1
CDR202600089342,IPDR202600037337,PRIMARY_SESSION,-58,1
CDR202600035276,IPDR202600037359,PRIMARY_SESSION,-1269,1
CDR202600060139,IPDR202600037363,PRIMARY_SESSION,-321,1
CDR202600045912,IPDR202600037376,PRIMARY_SESSION,-26,1
CDR202600064049,IPDR202600037420,ADDITIONAL_SESSION,62,1
CDR202600024542,IPDR202600037431,PRIMARY_SESSION,47,1
CDR202600030485,IPDR202600037468,PRIMARY_SESSION,-46,1
CDR202600023305,IPDR202600037498,PRIMARY_SESSION,-93,1
CDR202600083296,IPDR202600037506,ADDITIONAL_SESSION,-197,1
CDR202600078120,IPDR202600037544,ADDITIONAL_SESSION,9,1
CDR202600054266,IPDR202600037624,ADDITIONAL_SESSION,930,1
CDR202600091107,IPDR202600037644,PRIMARY_SESSION,162,1
CDR202600014278,IPDR202600037685,PRIMARY_SESSION,133,1
CDR202600086296,IPDR202600037692,PRIMARY_SESSION,-125,1
CDR202600084665,IPDR202600037696,PRIMARY_SESSION,-599,1
CDR202600025909,IPDR202600037703,PRIMARY_SESSION,-410,1
CDR202600048554,IPDR202600037714,ADDITIONAL_SESSION,45,1
CDR202600040388,IPDR202600037716,PRIMARY_SESSION,-1600,1
CDR202600080161,IPDR202600037726,PRIMARY_SESSION,-95,1
CDR202600060742,IPDR202600037736,PRIMARY_SESSION,-350,1
CDR202600064304,IPDR202600037767,ADDITIONAL_SESSION,-283,1
CDR202600051245,IPDR202600037793,PRIMARY_SESSION,1630,1
CDR202600050742,IPDR202600037804,ADDITIONAL_SESSION,-20,1
CDR202600070531,IPDR202600037818,PRIMARY_SESSION,-597,1
CDR202600090843,IPDR202600037831,PRIMARY_SESSION,24,1
CDR202600002343,IPDR202600037852,PRIMARY_SESSION,-48,1
CDR202600042165,IPDR202600037855,ADDITIONAL_SESSION,-717,1
CDR202600054543,IPDR202600037869,PRIMARY_SESSION,261,1
CDR202600048092,IPDR202600037888,PRIMARY_SESSION,57,1
CDR202600076523,IPDR202600037891,ADDITIONAL_SESSION,128,1
CDR202600029748,IPDR202600037932,ADDITIONAL_SESSION,506,1
CDR202600065459,IPDR202600037942,ADDITIONAL_SESSION,-111,1
CDR202600045706,IPDR202600037966,PRIMARY_SESSION,-13,1
CDR202600056854,IPDR202600037975,ADDITIONAL_SESSION,240,1
CDR202600017148,IPDR202600037986,PRIMARY_SESSION,622,1
CDR202600088729,IPDR202600038033,PRIMARY_SESSION,-94,1
CDR202600055092,IPDR202600038094,PRIMARY_SESSION,31,1
CDR202600003950,IPDR202600038104,PRIMARY_SESSION,217,1
CDR202600022659,IPDR202600038112,PRIMARY_SESSION,-642,1
CDR202600025619,IPDR202600038187,ADDITIONAL_SESSION,-254,1
CDR202600066444,IPDR202600038194,PRIMARY_SESSION,-597,1
CDR202600037106,IPDR202600038202,PRIMARY_SESSION,193,1
CDR202600077609,IPDR202600038224,ADDITIONAL_SESSION,-85,1
CDR202600051626,IPDR202600038259,PRIMARY_SESSION,-29,1
CDR202600057600,IPDR202600038294,PRIMARY_SESSION,-514,1
CDR202600055505,IPDR202600038303,PRIMARY_SESSION,-176,1
CDR202600043148,IPDR202600038308,PRIMARY_SESSION,131,1
CDR202600065018,IPDR202600038335,ADDITIONAL_SESSION,-99,1
CDR202600003096,IPDR202600038360,PRIMARY_SESSION,-38,1
CDR202600011340,IPDR202600038373,ADDITIONAL_SESSION,623,1
CDR202600077205,IPDR202600038420,PRIMARY_SESSION,35,1
CDR202600048077,IPDR202600038445,PRIMARY_SESSION,-65,1
CDR202600071259,IPDR202600038477,PRIMARY_SESSION,-49,1
CDR202600005165,IPDR202600038482,PRIMARY_SESSION,96,1
CDR202600052489,IPDR202600038491,ADDITIONAL_SESSION,60,1
CDR202600059426,IPDR202600038503,ADDITIONAL_SESSION,178,1
CDR202600007546,IPDR202600038510,PRIMARY_SESSION,-57,1
CDR202600014394,IPDR202600038551,PRIMARY_SESSION,-279,1
CDR202600065584,IPDR202600038584,ADDITIONAL_SESSION,-549,1
CDR202600080337,IPDR202600038617,ADDITIONAL_SESSION,405,1
CDR202600021871,IPDR202600038627,ADDITIONAL_SESSION,-76,1
CDR202600058671,IPDR202600038634,PRIMARY_SESSION,1010,1
CDR202600036840,IPDR202600038831,PRIMARY_SESSION,-632,1
CDR202600063202,IPDR202600038874,ADDITIONAL_SESSION,26,1
CDR202600024558,IPDR202600038940,ADDITIONAL_SESSION,-50,1
CDR202600065392,IPDR202600038982,PRIMARY_SESSION,-144,1
CDR202600041394,IPDR202600038997,PRIMARY_SESSION,-151,1
CDR202600060196,IPDR202600039006,PRIMARY_SESSION,263,1
CDR202600083689,IPDR202600039043,PRIMARY_SESSION,-22,1
CDR202600020211,IPDR202600039055,ADDITIONAL_SESSION,827,1
CDR202600076288,IPDR202600039078,PRIMARY_SESSION,-667,1
CDR202600015672,IPDR202600039082,ADDITIONAL_SESSION,-203,1
CDR202600035577,IPDR202600039089,PRIMARY_SESSION,-648,1
CDR202600041078,IPDR202600039096,ADDITIONAL_SESSION,-89,1
CDR202600048726,IPDR202600039110,PRIMARY_SESSION,13,1
CDR202600089937,IPDR202600039120,PRIMARY_SESSION,214,1
CDR202600008411,IPDR202600039130,PRIMARY_SESSION,148,1
CDR202600061724,IPDR202600039135,ADDITIONAL_SESSION,9,1
CDR202600052689,IPDR202600039143,PRIMARY_SESSION,878,1
CDR202600044915,IPDR202600039156,PRIMARY_SESSION,305,1
CDR202600000162,IPDR202600039162,PRIMARY_SESSION,1021,1
CDR202600017950,IPDR202600039168,PRIMARY_SESSION,-4,1
CDR202600028150,IPDR202600039244,ADDITIONAL_SESSION,-47,1
CDR202600057006,IPDR202600039246,ADDITIONAL_SESSION,-414,1
CDR202600087408,IPDR202600039271,ADDITIONAL_SESSION,-221,1
CDR202600011438,IPDR202600039295,PRIMARY_SESSION,205,1
CDR202600007475,IPDR202600039343,ADDITIONAL_SESSION,-26,1
CDR202600035412,IPDR202600039430,PRIMARY_SESSION,-31,1
CDR202600071048,IPDR202600039451,PRIMARY_SESSION,23,1
CDR202600088974,IPDR202600039461,ADDITIONAL_SESSION,-60,1
CDR202600050372,IPDR202600039512,PRIMARY_SESSION,45,1
CDR202600072946,IPDR202600039539,PRIMARY_SESSION,55,1
CDR202600018495,IPDR202600039542,PRIMARY_SESSION,263,1
CDR202600059794,IPDR202600039551,PRIMARY_SESSION,1710,1
CDR202600085093,IPDR202600039598,ADDITIONAL_SESSION,-3,1
CDR202600057759,IPDR202600039611,ADDITIONAL_SESSION,956,1
CDR202600020509,IPDR202600039625,PRIMARY_SESSION,172,1
CDR202600055246,IPDR202600039626,ADDITIONAL_SESSION,263,1
CDR202600042372,IPDR202600039631,ADDITIONAL_SESSION,-34,1
CDR202600002073,IPDR202600039639,PRIMARY_SESSION,846,1
CDR202600000412,IPDR202600039644,PRIMARY_SESSION,-1613,1
CDR202600022886,IPDR202600039648,PRIMARY_SESSION,42,1
CDR202600045043,IPDR202600039649,PRIMARY_SESSION,44,1
CDR202600029909,IPDR202600039650,PRIMARY_SESSION,-10,1
CDR202600050719,IPDR202600039657,PRIMARY_SESSION,39,1
CDR202600030286,IPDR202600039694,ADDITIONAL_SESSION,54,1
CDR202600062127,IPDR202600039701,ADDITIONAL_SESSION,192,1
CDR202600057304,IPDR202600039708,PRIMARY_SESSION,110,1
CDR202600063850,IPDR202600039755,PRIMARY_SESSION,42,1
CDR202600058395,IPDR202600039766,PRIMARY_SESSION,492,1
CDR202600048557,IPDR202600039796,PRIMARY_SESSION,47,1
CDR202600081892,IPDR202600039823,ADDITIONAL_SESSION,30,1
CDR202600050075,IPDR202600039837,PRIMARY_SESSION,-466,1
CDR202600079563,IPDR202600039854,PRIMARY_SESSION,271,1
CDR202600035757,IPDR202600039881,PRIMARY_SESSION,-21,1
CDR202600036620,IPDR202600039929,ADDITIONAL_SESSION,45,1
CDR202600087635,IPDR202600039938,PRIMARY_SESSION,157,1
CDR202600029731,IPDR202600039941,PRIMARY_SESSION,666,1
CDR202600032736,IPDR202600039981,ADDITIONAL_SESSION,-108,1
CDR202600039447,IPDR202600039995,ADDITIONAL_SESSION,701,1
CDR202600089136,IPDR202600040084,PRIMARY_SESSION,-267,1
CDR202600052135,IPDR202600040092,ADDITIONAL_SESSION,-187,1
CDR202600013867,IPDR202600040125,PRIMARY_SESSION,251,1
CDR202600003330,IPDR202600040177,PRIMARY_SESSION,-295,1
CDR202600063704,IPDR202600040178,PRIMARY_SESSION,112,1
CDR202600088845,IPDR202600040181,PRIMARY_SESSION,138,1
CDR202600059519,IPDR202600040225,ADDITIONAL_SESSION,-294,1
CDR202600035861,IPDR202600040236,ADDITIONAL_SESSION,-347,1
CDR202600023625,IPDR202600040241,PRIMARY_SESSION,165,1
CDR202600052852,IPDR202600040243,PRIMARY_SESSION,-1126,1
CDR202600080014,IPDR202600040246,PRIMARY_SESSION,-466,1
CDR202600014327,IPDR202600040251,PRIMARY_SESSION,110,1
CDR202600082268,IPDR202600040253,ADDITIONAL_SESSION,-1787,1
CDR202600085793,IPDR202600040271,PRIMARY_SESSION,466,1
CDR202600038136,IPDR202600040307,PRIMARY_SESSION,889,1
CDR202600045972,IPDR202600040329,PRIMARY_SESSION,-263,1
CDR202600033720,IPDR202600040367,ADDITIONAL_SESSION,99,1
CDR202600078390,IPDR202600040382,PRIMARY_SESSION,-141,1
CDR202600083646,IPDR202600040392,ADDITIONAL_SESSION,18,1
CDR202600021231,IPDR202600040424,ADDITIONAL_SESSION,595,1
CDR202600082082,IPDR202600040457,PRIMARY_SESSION,20,1
CDR202600019349,IPDR202600040464,ADDITIONAL_SESSION,294,1
CDR202600067706,IPDR202600040471,PRIMARY_SESSION,1230,1
CDR202600026428,IPDR202600040474,PRIMARY_SESSION,-120,1
CDR202600086999,IPDR202600040493,PRIMARY_SESSION,1574,1
CDR202600043287,IPDR202600040518,PRIMARY_SESSION,-70,1
CDR202600067978,IPDR202600040528,PRIMARY_SESSION,147,1
CDR202600035675,IPDR202600040560,PRIMARY_SESSION,834,1
CDR202600080815,IPDR202600040571,PRIMARY_SESSION,1769,1
CDR202600062573,IPDR202600040574,ADDITIONAL_SESSION,92,1
CDR202600014546,IPDR202600040581,PRIMARY_SESSION,-1212,1
CDR202600058933,IPDR202600040596,PRIMARY_SESSION,192,1
CDR202600080792,IPDR202600040601,PRIMARY_SESSION,-136,1
CDR202600082413,IPDR202600040616,PRIMARY_SESSION,217,1
CDR202600064195,IPDR202600040626,PRIMARY_SESSION,863,1
CDR202600060860,IPDR202600040638,ADDITIONAL_SESSION,-339,1
CDR202600055747,IPDR202600040645,PRIMARY_SESSION,16,1
CDR202600081491,IPDR202600040647,PRIMARY_SESSION,-97,1
CDR202600077551,IPDR202600040661,PRIMARY_SESSION,-49,1
CDR202600080525,IPDR202600040706,ADDITIONAL_SESSION,-1514,1
CDR202600089925,IPDR202600040753,PRIMARY_SESSION,295,1
CDR202600072293,IPDR202600040759,PRIMARY_SESSION,-1288,1
CDR202600073688,IPDR202600040777,ADDITIONAL_SESSION,995,1
CDR202600028563,IPDR202600040779,PRIMARY_SESSION,16,1
CDR202600030609,IPDR202600040782,PRIMARY_SESSION,43,1
CDR202600033168,IPDR202600040787,PRIMARY_SESSION,-166,1
CDR202600075871,IPDR202600040858,PRIMARY_SESSION,-1790,1
CDR202600005961,IPDR202600040864,ADDITIONAL_SESSION,-11,1
CDR202600045814,IPDR202600040884,ADDITIONAL_SESSION,5,1
CDR202600088058,IPDR202600040891,PRIMARY_SESSION,-125,1
CDR202600014132,IPDR202600040952,ADDITIONAL_SESSION,-16,1
CDR202600028487,IPDR202600040974,ADDITIONAL_SESSION,54,1
CDR202600052627,IPDR202600040980,PRIMARY_SESSION,-127,1
CDR202600014605,IPDR202600040997,ADDITIONAL_SESSION,-56,1
CDR202600028114,IPDR202600041003,ADDITIONAL_SESSION,-1032,1
CDR202600020510,IPDR202600041044,ADDITIONAL_SESSION,-64,1
CDR202600083265,IPDR202600041049,ADDITIONAL_SESSION,-633,1
CDR202600076242,IPDR202600041051,ADDITIONAL_SESSION,1345,1
CDR202600079779,IPDR202600041060,PRIMARY_SESSION,-27,1
CDR202600008264,IPDR202600041065,PRIMARY_SESSION,197,1
CDR202600052405,IPDR202600041107,PRIMARY_SESSION,6,1
CDR202600080804,IPDR202600041189,ADDITIONAL_SESSION,146,1
CDR202600090667,IPDR202600041274,ADDITIONAL_SESSION,-61,1
CDR202600087524,IPDR202600041275,PRIMARY_SESSION,250,1
CDR202600074571,IPDR202600041289,PRIMARY_SESSION,1453,1
CDR202600024835,IPDR202600041293,ADDITIONAL_SESSION,-4,1
CDR202600044309,IPDR202600041294,PRIMARY_SESSION,-165,1
CDR202600026296,IPDR202600041325,ADDITIONAL_SESSION,880,1
CDR202600061206,IPDR202600041363,ADDITIONAL_SESSION,-230,1
CDR202600011231,IPDR202600041418,ADDITIONAL_SESSION,-795,1
CDR202600090627,IPDR202600041419,PRIMARY_SESSION,50,1
CDR202600069561,IPDR202600041422,ADDITIONAL_SESSION,-862,1
CDR202600003787,IPDR202600041430,ADDITIONAL_SESSION,-1151,1
CDR202600015815,IPDR202600041443,ADDITIONAL_SESSION,-72,1
CDR202600022334,IPDR202600041463,PRIMARY_SESSION,-553,1
CDR202600062018,IPDR202600041491,PRIMARY_SESSION,-867,1
CDR202600070325,IPDR202600041508,PRIMARY_SESSION,-203,1
CDR202600027807,IPDR202600041511,ADDITIONAL_SESSION,219,1
CDR202600081739,IPDR202600041554,PRIMARY_SESSION,56,1
CDR202600082737,IPDR202600041562,PRIMARY_SESSION,504,1
CDR202600086006,IPDR202600041577,ADDITIONAL_SESSION,-54,1
CDR202600068649,IPDR202600041582,PRIMARY_SESSION,-72,1
CDR202600046517,IPDR202600041594,PRIMARY_SESSION,-243,1
CDR202600053476,IPDR202600041595,PRIMARY_SESSION,-39,1
CDR202600076636,IPDR202600041632,PRIMARY_SESSION,-277,1
CDR202600049928,IPDR202600041633,PRIMARY_SESSION,3,1
CDR202600021066,IPDR202600041659,PRIMARY_SESSION,309,1
CDR202600063209,IPDR202600041663,PRIMARY_SESSION,1602,1
CDR202600018107,IPDR202600041684,PRIMARY_SESSION,-100,1
CDR202600011415,IPDR202600041687,PRIMARY_SESSION,716,1
CDR202600067863,IPDR202600041723,ADDITIONAL_SESSION,59,1
CDR202600063538,IPDR202600041728,ADDITIONAL_SESSION,-866,1
CDR202600022602,IPDR202600041755,PRIMARY_SESSION,-140,1
CDR202600040651,IPDR202600041757,PRIMARY_SESSION,422,1
CDR202600066569,IPDR202600041804,PRIMARY_SESSION,128,1
CDR202600028030,IPDR202600041823,PRIMARY_SESSION,261,1
CDR202600006421,IPDR202600041824,ADDITIONAL_SESSION,807,1
CDR202600061040,IPDR202600041830,PRIMARY_SESSION,234,1
CDR202600048837,IPDR202600041832,PRIMARY_SESSION,-114,1
CDR202600007432,IPDR202600041845,ADDITIONAL_SESSION,-781,1
CDR202600038397,IPDR202600041854,PRIMARY_SESSION,15,1
CDR202600011017,IPDR202600041899,PRIMARY_SESSION,1305,1
CDR202600087912,IPDR202600041987,ADDITIONAL_SESSION,-154,1
CDR202600033720,IPDR202600041988,ADDITIONAL_SESSION,-59,1
CDR202600054315,IPDR202600042002,PRIMARY_SESSION,266,1
CDR202600080739,IPDR202600042010,ADDITIONAL_SESSION,-713,1
CDR202600037941,IPDR202600042011,ADDITIONAL_SESSION,-695,1
CDR202600029421,IPDR202600042028,ADDITIONAL_SESSION,485,1
CDR202600028487,IPDR202600042032,ADDITIONAL_SESSION,52,1
CDR202600028034,IPDR202600042040,PRIMARY_SESSION,-216,1
CDR202600065258,IPDR202600042042,ADDITIONAL_SESSION,66,1
CDR202600046554,IPDR202600042106,ADDITIONAL_SESSION,281,1
CDR202600005165,IPDR202600042108,ADDITIONAL_SESSION,270,1
CDR202600005093,IPDR202600042127,ADDITIONAL_SESSION,47,1
CDR202600005024,IPDR202600042129,ADDITIONAL_SESSION,-215,1
CDR202600079227,IPDR202600042141,ADDITIONAL_SESSION,1665,1
CDR202600010851,IPDR202600042167,ADDITIONAL_SESSION,708,1
CDR202600046473,IPDR202600042197,ADDITIONAL_SESSION,-31,1
CDR202600068003,IPDR202600042202,PRIMARY_SESSION,-245,1
CDR202600039895,IPDR202600042206,ADDITIONAL_SESSION,-766,1
CDR202600074852,IPDR202600042211,PRIMARY_SESSION,1393,1
CDR202600090094,IPDR202600042216,PRIMARY_SESSION,179,1
CDR202600083025,IPDR202600042229,PRIMARY_SESSION,1355,1
CDR202600028218,IPDR202600042241,PRIMARY_SESSION,-158,1
CDR202600062645,IPDR202600042273,PRIMARY_SESSION,-574,1
CDR202600002891,IPDR202600042286,PRIMARY_SESSION,1703,1
CDR202600007653,IPDR202600042324,PRIMARY_SESSION,-167,1
CDR202600085783,IPDR202600042341,PRIMARY_SESSION,190,1
CDR202600077447,IPDR202600042370,ADDITIONAL_SESSION,44,1
CDR202600087314,IPDR202600042372,PRIMARY_SESSION,185,1
CDR202600001399,IPDR202600042402,PRIMARY_SESSION,-121,1
CDR202600066295,IPDR202600042403,PRIMARY_SESSION,-47,1
CDR202600024934,IPDR202600042415,ADDITIONAL_SESSION,1215,1
CDR202600087995,IPDR202600042448,PRIMARY_SESSION,-21,1
CDR202600025298,IPDR202600042456,ADDITIONAL_SESSION,-1266,1
CDR202600030898,IPDR202600042463,PRIMARY_SESSION,-13,1
CDR202600019087,IPDR202600042470,PRIMARY_SESSION,-31,1
CDR202600070984,IPDR202600042487,PRIMARY_SESSION,-351,1
CDR202600063263,IPDR202600042498,ADDITIONAL_SESSION,-264,1
CDR202600048333,IPDR202600042535,ADDITIONAL_SESSION,95,1
CDR202600020448,IPDR202600042564,ADDITIONAL_SESSION,-275,1
CDR202600052116,IPDR202600042581,PRIMARY_SESSION,-338,1
CDR202600035983,IPDR202600042590,PRIMARY_SESSION,708,1
CDR202600034623,IPDR202600042628,ADDITIONAL_SESSION,112,1
CDR202600035254,IPDR202600042645,PRIMARY_SESSION,-106,1
CDR202600038336,IPDR202600042654,ADDITIONAL_SESSION,-157,1
CDR202600015506,IPDR202600042693,ADDITIONAL_SESSION,138,1
CDR202600080108,IPDR202600042694,ADDITIONAL_SESSION,1563,1
CDR202600026839,IPDR202600042716,ADDITIONAL_SESSION,-270,1
CDR202600073688,IPDR202600042724,ADDITIONAL_SESSION,264,1
CDR202600075632,IPDR202600042750,ADDITIONAL_SESSION,-434,1
CDR202600083296,IPDR202600042757,PRIMARY_SESSION,-13,1
CDR202600024478,IPDR202600042790,PRIMARY_SESSION,-1341,1
CDR202600038829,IPDR202600042812,PRIMARY_SESSION,-1694,1
CDR202600075055,IPDR202600042819,PRIMARY_SESSION,-201,1
CDR202600056338,IPDR202600042858,PRIMARY_SESSION,1454,1
CDR202600039337,IPDR202600042861,PRIMARY_SESSION,121,1
CDR202600061206,IPDR202600042862,PRIMARY_SESSION,-358,1
CDR202600006528,IPDR202600042921,PRIMARY_SESSION,34,1
CDR202600000111,IPDR202600042933,ADDITIONAL_SESSION,-54,1
CDR202600026235,IPDR202600042967,PRIMARY_SESSION,130,1
CDR202600047531,IPDR202600042974,ADDITIONAL_SESSION,164,1
CDR202600009059,IPDR202600042977,PRIMARY_SESSION,55,1
CDR202600055061,IPDR202600043010,ADDITIONAL_SESSION,775,1
CDR202600057083,IPDR202600043046,PRIMARY_SESSION,59,1
CDR202600014074,IPDR202600043079,PRIMARY_SESSION,34,1
CDR202600021307,IPDR202600043104,PRIMARY_SESSION,-12,1
CDR202600037407,IPDR202600043131,ADDITIONAL_SESSION,50,1
CDR202600016781,IPDR202600043170,PRIMARY_SESSION,-16,1
CDR202600090631,IPDR202600043217,PRIMARY_SESSION,-232,1
CDR202600023958,IPDR202600043225,ADDITIONAL_SESSION,48,1
CDR202600038293,IPDR202600043286,PRIMARY_SESSION,441,1
CDR202600036113,IPDR202600043312,PRIMARY_SESSION,275,1
CDR202600024056,IPDR202600043313,ADDITIONAL_SESSION,-929,1
CDR202600089837,IPDR202600043330,PRIMARY_SESSION,100,1
CDR202600003170,IPDR202600043338,PRIMARY_SESSION,213,1
CDR202600058750,IPDR202600043368,PRIMARY_SESSION,-703,1
CDR202600044437,IPDR202600043375,ADDITIONAL_SESSION,1244,1
CDR202600065136,IPDR202600043377,ADDITIONAL_SESSION,22,1
CDR202600052730,IPDR202600043395,PRIMARY_SESSION,850,1
CDR202600001084,IPDR202600043440,ADDITIONAL_SESSION,-182,1
CDR202600023566,IPDR202600043473,ADDITIONAL_SESSION,790,1
CDR202600069195,IPDR202600043498,ADDITIONAL_SESSION,-13,1
CDR202600023562,IPDR202600043504,ADDITIONAL_SESSION,614,1
CDR202600065250,IPDR202600043542,ADDITIONAL_SESSION,-56,1
CDR202600030093,IPDR202600043548,ADDITIONAL_SESSION,-30,1
CDR202600045423,IPDR202600043586,PRIMARY_SESSION,810,1
CDR202600046486,IPDR202600043596,ADDITIONAL_SESSION,80,1
CDR202600046551,IPDR202600043611,ADDITIONAL_SESSION,410,1
CDR202600020510,IPDR202600043658,PRIMARY_SESSION,-724,1
CDR202600025101,IPDR202600043665,PRIMARY_SESSION,24,1
CDR202600060314,IPDR202600043666,PRIMARY_SESSION,-825,1
CDR202600080201,IPDR202600043680,PRIMARY_SESSION,193,1
CDR202600000054,IPDR202600043720,ADDITIONAL_SESSION,852,1
CDR202600016650,IPDR202600043724,PRIMARY_SESSION,-383,1
CDR202600005965,IPDR202600043726,PRIMARY_SESSION,-697,1
CDR202600056801,IPDR202600043740,PRIMARY_SESSION,-149,1
CDR202600063656,IPDR202600043799,PRIMARY_SESSION,11,1
CDR202600075635,IPDR202600043817,PRIMARY_SESSION,-99,1
CDR202600028895,IPDR202600043821,PRIMARY_SESSION,-45,1
CDR202600024542,IPDR202600043861,ADDITIONAL_SESSION,7,1
CDR202600043432,IPDR202600043874,PRIMARY_SESSION,221,1
CDR202600053214,IPDR202600043880,PRIMARY_SESSION,-736,1
CDR202600025621,IPDR202600043922,PRIMARY_SESSION,91,1
CDR202600072786,IPDR202600043924,PRIMARY_SESSION,78,1
CDR202600078495,IPDR202600043951,ADDITIONAL_SESSION,168,1
CDR202600018060,IPDR202600043962,PRIMARY_SESSION,189,1
CDR202600016806,IPDR202600043966,ADDITIONAL_SESSION,242,1
CDR202600087443,IPDR202600043974,ADDITIONAL_SESSION,-20,1
CDR202600025797,IPDR202600043998,PRIMARY_SESSION,-282,1
CDR202600053604,IPDR202600044035,PRIMARY_SESSION,57,1
CDR202600042079,IPDR202600044049,PRIMARY_SESSION,897,1
CDR202600014803,IPDR202600044060,PRIMARY_SESSION,577,1
CDR202600046484,IPDR202600044076,ADDITIONAL_SESSION,-54,1
CDR202600087617,IPDR202600044085,ADDITIONAL_SESSION,193,1
CDR202600051284,IPDR202600044091,PRIMARY_SESSION,-52,1
CDR202600065077,IPDR202600044113,PRIMARY_SESSION,-778,1
CDR202600073910,IPDR202600044121,ADDITIONAL_SESSION,-701,1
CDR202600003374,IPDR202600044128,PRIMARY_SESSION,122,1
CDR202600011959,IPDR202600044133,PRIMARY_SESSION,-35,1
CDR202600047552,IPDR202600044139,ADDITIONAL_SESSION,-245,1
CDR202600068284,IPDR202600044145,ADDITIONAL_SESSION,155,1
CDR202600015819,IPDR202600044148,PRIMARY_SESSION,-669,1
CDR202600015004,IPDR202600044151,PRIMARY_SESSION,4,1
CDR202600082298,IPDR202600044169,PRIMARY_SESSION,-153,1
CDR202600066388,IPDR202600044174,ADDITIONAL_SESSION,-1724,1
CDR202600015464,IPDR202600044229,PRIMARY_SESSION,138,1
CDR202600063074,IPDR202600044230,PRIMARY_SESSION,-27,1
CDR202600062670,IPDR202600044274,ADDITIONAL_SESSION,-1174,1
CDR202600026406,IPDR202600044279,ADDITIONAL_SESSION,-44,1
CDR202600077154,IPDR202600044293,PRIMARY_SESSION,-705,1
CDR202600045715,IPDR202600044301,ADDITIONAL_SESSION,-247,1
CDR202600062897,IPDR202600044339,ADDITIONAL_SESSION,1527,1
CDR202600054257,IPDR202600044469,PRIMARY_SESSION,-762,1
CDR202600031219,IPDR202600044477,PRIMARY_SESSION,-113,1
CDR202600045633,IPDR202600044494,ADDITIONAL_SESSION,-70,1
CDR202600000377,IPDR202600044593,PRIMARY_SESSION,3,1
CDR202600068134,IPDR202600044606,ADDITIONAL_SESSION,127,1
CDR202600016806,IPDR202600044624,PRIMARY_SESSION,-12,1
CDR202600087051,IPDR202600044627,PRIMARY_SESSION,-812,1
CDR202600066938,IPDR202600044629,ADDITIONAL_SESSION,-73,1
CDR202600044407,IPDR202600044635,PRIMARY_SESSION,-749,1
CDR202600014217,IPDR202600044654,PRIMARY_SESSION,-163,1
CDR202600047926,IPDR202600044660,ADDITIONAL_SESSION,-62,1
CDR202600022632,IPDR202600044676,PRIMARY_SESSION,277,1
CDR202600030253,IPDR202600044679,PRIMARY_SESSION,-508,1
CDR202600083640,IPDR202600044688,PRIMARY_SESSION,-15,1
CDR202600017050,IPDR202600044698,PRIMARY_SESSION,32,1
CDR202600072425,IPDR202600044725,PRIMARY_SESSION,1656,1
CDR202600043628,IPDR202600044736,PRIMARY_SESSION,15,1
CDR202600047762,IPDR202600044753,PRIMARY_SESSION,-1565,1
CDR202600087564,IPDR202600044771,PRIMARY_SESSION,-43,1
CDR202600021473,IPDR202600044773,ADDITIONAL_SESSION,-44,1
CDR202600025803,IPDR202600044808,PRIMARY_SESSION,-10,1
CDR202600022070,IPDR202600044809,ADDITIONAL_SESSION,544,1
CDR202600026372,IPDR202600044836,PRIMARY_SESSION,-194,1
CDR202600088914,IPDR202600044840,PRIMARY_SESSION,-26,1
CDR202600019992,IPDR202600044864,PRIMARY_SESSION,1079,1
CDR202600082090,IPDR202600044866,ADDITIONAL_SESSION,-69,1
CDR202600013332,IPDR202600044880,PRIMARY_SESSION,42,1
CDR202600068265,IPDR202600044884,PRIMARY_SESSION,-226,1
CDR202600073129,IPDR202600044891,PRIMARY_SESSION,-853,1
CDR202600018419,IPDR202600044918,ADDITIONAL_SESSION,-860,1
CDR202600059246,IPDR202600044941,PRIMARY_SESSION,848,1
CDR202600037008,IPDR202600044954,ADDITIONAL_SESSION,-48,1
CDR202600056049,IPDR202600044970,PRIMARY_SESSION,28,1
CDR202600083993,IPDR202600044999,ADDITIONAL_SESSION,-123,1
CDR202600063404,IPDR202600045030,PRIMARY_SESSION,-38,1
CDR202600012095,IPDR202600045033,ADDITIONAL_SESSION,246,1
CDR202600047010,IPDR202600045054,PRIMARY_SESSION,520,1
CDR202600080584,IPDR202600045072,PRIMARY_SESSION,272,1
CDR202600035669,IPDR202600045107,PRIMARY_SESSION,48,1
CDR202600089988,IPDR202600045109,PRIMARY_SESSION,-1727,1
CDR202600062997,IPDR202600045128,ADDITIONAL_SESSION,546,1
CDR202600011218,IPDR202600045156,PRIMARY_SESSION,1,1
CDR202600002104,IPDR202600045194,PRIMARY_SESSION,-779,1
CDR202600051661,IPDR202600045206,ADDITIONAL_SESSION,128,1
CDR202600082210,IPDR202600045247,PRIMARY_SESSION,-255,1
CDR202600041083,IPDR202600045260,PRIMARY_SESSION,147,1
CDR202600080003,IPDR202600045304,PRIMARY_SESSION,-300,1
CDR202600073395,IPDR202600045333,PRIMARY_SESSION,-28,1
CDR202600044786,IPDR202600045398,PRIMARY_SESSION,594,1
CDR202600068410,IPDR202600045402,ADDITIONAL_SESSION,121,1
CDR202600086170,IPDR202600045415,PRIMARY_SESSION,-19,1
CDR202600015472,IPDR202600045435,PRIMARY_SESSION,-47,1
CDR202600065597,IPDR202600045475,PRIMARY_SESSION,5,1
CDR202600065528,IPDR202600045502,PRIMARY_SESSION,154,1
CDR202600036891,IPDR202600045504,ADDITIONAL_SESSION,745,1
CDR202600055509,IPDR202600045521,ADDITIONAL_SESSION,-319,1
CDR202600024756,IPDR202600045540,PRIMARY_SESSION,-199,1
CDR202600046737,IPDR202600045563,PRIMARY_SESSION,-67,1
CDR202600006525,IPDR202600045577,ADDITIONAL_SESSION,-82,1
CDR202600071093,IPDR202600045591,PRIMARY_SESSION,-180,1
CDR202600029428,IPDR202600045606,ADDITIONAL_SESSION,-44,1
CDR202600077029,IPDR202600045662,PRIMARY_SESSION,367,1
CDR202600042649,IPDR202600045686,PRIMARY_SESSION,180,1
CDR202600056729,IPDR202600045703,PRIMARY_SESSION,-565,1
CDR202600074743,IPDR202600045709,ADDITIONAL_SESSION,-231,1
CDR202600061905,IPDR202600045717,PRIMARY_SESSION,-455,1
CDR202600047198,IPDR202600045722,PRIMARY_SESSION,-42,1
CDR202600041444,IPDR202600045732,ADDITIONAL_SESSION,-14,1
CDR202600022073,IPDR202600045758,PRIMARY_SESSION,445,1
CDR202600048149,IPDR202600045767,ADDITIONAL_SESSION,-1,1
CDR202600047433,IPDR202600045802,PRIMARY_SESSION,-7,1
CDR202600073665,IPDR202600045807,PRIMARY_SESSION,1076,1
CDR202600029403,IPDR202600045818,PRIMARY_SESSION,467,1
CDR202600032350,IPDR202600045852,PRIMARY_SESSION,-46,1
CDR202600000241,IPDR202600045886,PRIMARY_SESSION,28,1
CDR202600055755,IPDR202600045892,PRIMARY_SESSION,45,1
CDR202600025619,IPDR202600045903,ADDITIONAL_SESSION,-18,1
CDR202600025307,IPDR202600045917,PRIMARY_SESSION,142,1
CDR202600090404,IPDR202600045923,PRIMARY_SESSION,243,1
CDR202600060365,IPDR202600045937,PRIMARY_SESSION,206,1
CDR202600055152,IPDR202600045940,PRIMARY_SESSION,-3,1
CDR202600047555,IPDR202600045945,ADDITIONAL_SESSION,548,1
CDR202600007379,IPDR202600045981,ADDITIONAL_SESSION,93,1
CDR202600089772,IPDR202600046001,PRIMARY_SESSION,546,1
CDR202600059957,IPDR202600046010,PRIMARY_SESSION,3,1
CDR202600057016,IPDR202600046018,PRIMARY_SESSION,275,1
CDR202600090033,IPDR202600046023,PRIMARY_SESSION,148,1
CDR202600055509,IPDR202600046036,PRIMARY_SESSION,551,1
CDR202600018773,IPDR202600046050,ADDITIONAL_SESSION,-150,1
CDR202600050534,IPDR202600046054,PRIMARY_SESSION,878,1
CDR202600006950,IPDR202600046074,PRIMARY_SESSION,147,1
CDR202600009617,IPDR202600046085,ADDITIONAL_SESSION,-256,1
CDR202600052097,IPDR202600046088,PRIMARY_SESSION,-112,1
CDR202600042237,IPDR202600046092,PRIMARY_SESSION,821,1
CDR202600049995,IPDR202600046098,PRIMARY_SESSION,-16,1
CDR202600011923,IPDR202600046106,PRIMARY_SESSION,98,1
CDR202600013039,IPDR202600046125,ADDITIONAL_SESSION,20,1
CDR202600040364,IPDR202600046156,ADDITIONAL_SESSION,328,1
CDR202600089677,IPDR202600046200,ADDITIONAL_SESSION,8,1
CDR202600087786,IPDR202600046204,PRIMARY_SESSION,32,1
CDR202600079210,IPDR202600046211,PRIMARY_SESSION,-194,1
CDR202600060431,IPDR202600046221,PRIMARY_SESSION,17,1
CDR202600081635,IPDR202600046229,ADDITIONAL_SESSION,-50,1
CDR202600085797,IPDR202600046245,PRIMARY_SESSION,344,1
CDR202600038169,IPDR202600046283,PRIMARY_SESSION,283,1
CDR202600060002,IPDR202600046289,ADDITIONAL_SESSION,91,1
CDR202600060855,IPDR202600046301,ADDITIONAL_SESSION,-294,1
CDR202600090884,IPDR202600046305,PRIMARY_SESSION,-93,1
CDR202600077122,IPDR202600046318,PRIMARY_SESSION,-51,1
CDR202600041170,IPDR202600046332,ADDITIONAL_SESSION,-151,1
CDR202600056532,IPDR202600046336,PRIMARY_SESSION,57,1
CDR202600074976,IPDR202600046381,PRIMARY_SESSION,-34,1
CDR202600073694,IPDR202600046404,PRIMARY_SESSION,-124,1
CDR202600074205,IPDR202600046451,PRIMARY_SESSION,-248,1
CDR202600051661,IPDR202600046462,PRIMARY_SESSION,395,1
CDR202600090634,IPDR202600046472,PRIMARY_SESSION,1277,1
CDR202600005764,IPDR202600046476,PRIMARY_SESSION,-871,1
CDR202600034518,IPDR202600046501,ADDITIONAL_SESSION,-23,1
CDR202600013222,IPDR202600046543,ADDITIONAL_SESSION,1020,1
CDR202600019001,IPDR202600046547,ADDITIONAL_SESSION,-1406,1
CDR202600019239,IPDR202600046575,ADDITIONAL_SESSION,-145,1
CDR202600024159,IPDR202600046584,ADDITIONAL_SESSION,271,1
CDR202600079241,IPDR202600046621,PRIMARY_SESSION,-513,1
CDR202600026296,IPDR202600046667,PRIMARY_SESSION,312,1
CDR202600068612,IPDR202600046699,ADDITIONAL_SESSION,-49,1
CDR202600045382,IPDR202600046701,PRIMARY_SESSION,-65,1
CDR202600077128,IPDR202600046707,PRIMARY_SESSION,-1638,1
CDR202600077140,IPDR202600046715,ADDITIONAL_SESSION,165,1
CDR202600077872,IPDR202600046724,PRIMARY_SESSION,-59,1
CDR202600069751,IPDR202600046737,ADDITIONAL_SESSION,-162,1
CDR202600084492,IPDR202600046742,PRIMARY_SESSION,197,1
CDR202600042972,IPDR202600046754,ADDITIONAL_SESSION,209,1
CDR202600014391,IPDR202600046795,PRIMARY_SESSION,-48,1
CDR202600047480,IPDR202600046870,PRIMARY_SESSION,828,1
CDR202600041796,IPDR202600046872,PRIMARY_SESSION,-211,1
CDR202600058197,IPDR202600046887,PRIMARY_SESSION,-294,1
CDR202600004458,IPDR202600046913,ADDITIONAL_SESSION,-62,1
CDR202600021884,IPDR202600046918,PRIMARY_SESSION,-43,1
CDR202600024159,IPDR202600046931,PRIMARY_SESSION,-898,1
CDR202600035807,IPDR202600046964,PRIMARY_SESSION,-43,1
CDR202600042579,IPDR202600046977,PRIMARY_SESSION,167,1
CDR202600031780,IPDR202600046980,PRIMARY_SESSION,-88,1
CDR202600050873,IPDR202600046981,ADDITIONAL_SESSION,209,1
CDR202600020808,IPDR202600047014,PRIMARY_SESSION,-126,1
CDR202600010165,IPDR202600047021,PRIMARY_SESSION,141,1
CDR202600046233,IPDR202600047042,ADDITIONAL_SESSION,-178,1
CDR202600090347,IPDR202600047074,PRIMARY_SESSION,-10,1
CDR202600081059,IPDR202600047084,PRIMARY_SESSION,399,1
CDR202600011231,IPDR202600047107,PRIMARY_SESSION,-829,1
CDR202600069730,IPDR202600047130,PRIMARY_SESSION,-869,1
CDR202600030093,IPDR202600047133,PRIMARY_SESSION,-1174,1
CDR202600079173,IPDR202600047159,PRIMARY_SESSION,-711,1
CDR202600068195,IPDR202600047160,PRIMARY_SESSION,-33,1
CDR202600034970,IPDR202600047191,ADDITIONAL_SESSION,5,1
CDR202600042131,IPDR202600047208,PRIMARY_SESSION,-246,1
CDR202600027931,IPDR202600047240,PRIMARY_SESSION,-438,1
CDR202600036584,IPDR202600047242,PRIMARY_SESSION,-33,1
CDR202600016369,IPDR202600047249,ADDITIONAL_SESSION,212,1
CDR202600037348,IPDR202600047257,PRIMARY_SESSION,-53,1
CDR202600022766,IPDR202600047294,PRIMARY_SESSION,-577,1
CDR202600011774,IPDR202600047301,PRIMARY_SESSION,-308,1
CDR202600088476,IPDR202600047322,ADDITIONAL_SESSION,-758,1
CDR202600012731,IPDR202600047328,PRIMARY_SESSION,60,1
CDR202600085514,IPDR202600047340,PRIMARY_SESSION,-292,1
CDR202600018380,IPDR202600047394,ADDITIONAL_SESSION,-232,1
CDR202600064175,IPDR202600047409,PRIMARY_SESSION,-158,1
CDR202600088747,IPDR202600047423,PRIMARY_SESSION,1393,1
CDR202600023058,IPDR202600047451,ADDITIONAL_SESSION,1220,1
CDR202600020077,IPDR202600047467,PRIMARY_SESSION,1012,1
CDR202600066060,IPDR202600047471,ADDITIONAL_SESSION,-1557,1
CDR202600064188,IPDR202600047474,ADDITIONAL_SESSION,-170,1
CDR202600036246,IPDR202600047505,PRIMARY_SESSION,-439,1
CDR202600012678,IPDR202600047514,ADDITIONAL_SESSION,-137,1
CDR202600008313,IPDR202600047519,PRIMARY_SESSION,207,1
CDR202600072106,IPDR202600047541,PRIMARY_SESSION,841,1
CDR202600004020,IPDR202600047554,PRIMARY_SESSION,-125,1
CDR202600087071,IPDR202600047567,ADDITIONAL_SESSION,-857,1
CDR202600080333,IPDR202600047587,PRIMARY_SESSION,1301,1
CDR202600085402,IPDR202600047593,PRIMARY_SESSION,135,1
CDR202600008594,IPDR202600047596,PRIMARY_SESSION,140,1
CDR202600088113,IPDR202600047604,PRIMARY_SESSION,281,1
CDR202600077872,IPDR202600047610,ADDITIONAL_SESSION,-1209,1
CDR202600074762,IPDR202600047617,PRIMARY_SESSION,20,1
CDR202600088578,IPDR202600047619,PRIMARY_SESSION,-16,1
CDR202600019514,IPDR202600047639,PRIMARY_SESSION,-38,1
CDR202600084043,IPDR202600047648,ADDITIONAL_SESSION,1599,1
CDR202600089290,IPDR202600047679,PRIMARY_SESSION,226,1
CDR202600071238,IPDR202600047707,ADDITIONAL_SESSION,-193,1
CDR202600038287,IPDR202600047715,ADDITIONAL_SESSION,-8,1
CDR202600018769,IPDR202600047736,ADDITIONAL_SESSION,57,1
CDR202600079565,IPDR202600047754,PRIMARY_SESSION,601,1
CDR202600068837,IPDR202600047772,PRIMARY_SESSION,19,1
CDR202600058728,IPDR202600047776,PRIMARY_SESSION,-53,1
CDR202600048305,IPDR202600047791,PRIMARY_SESSION,-93,1
CDR202600086814,IPDR202600047799,PRIMARY_SESSION,-462,1
CDR202600021825,IPDR202600047801,PRIMARY_SESSION,-41,1
CDR202600064379,IPDR202600047840,ADDITIONAL_SESSION,52,1
CDR202600005268,IPDR202600047855,PRIMARY_SESSION,805,1
CDR202600012088,IPDR202600047876,PRIMARY_SESSION,-313,1
CDR202600052435,IPDR202600047932,PRIMARY_SESSION,4,1
CDR202600008967,IPDR202600047958,ADDITIONAL_SESSION,-866,1
CDR202600071054,IPDR202600047971,ADDITIONAL_SESSION,-574,1
CDR202600054038,IPDR202600047975,PRIMARY_SESSION,302,1
CDR202600086141,IPDR202600047990,ADDITIONAL_SESSION,-97,1
CDR202600001433,IPDR202600048032,ADDITIONAL_SESSION,446,1
CDR202600026760,IPDR202600048050,ADDITIONAL_SESSION,17,1
CDR202600026901,IPDR202600048068,ADDITIONAL_SESSION,-808,1
CDR202600071238,IPDR202600048072,PRIMARY_SESSION,-108,1
CDR202600005431,IPDR202600048074,PRIMARY_SESSION,6,1
CDR202600009864,IPDR202600048103,ADDITIONAL_SESSION,266,1
CDR202600044195,IPDR202600048104,PRIMARY_SESSION,-670,1
CDR202600018512,IPDR202600048105,ADDITIONAL_SESSION,-629,1
CDR202600045769,IPDR202600048109,ADDITIONAL_SESSION,36,1
CDR202600026856,IPDR202600048119,PRIMARY_SESSION,-221,1
CDR202600070785,IPDR202600048135,ADDITIONAL_SESSION,-707,1
CDR202600002368,IPDR202600048144,ADDITIONAL_SESSION,-209,1
CDR202600051020,IPDR202600048161,ADDITIONAL_SESSION,-240,1
CDR202600068568,IPDR202600048184,ADDITIONAL_SESSION,-50,1
CDR202600011194,IPDR202600048210,ADDITIONAL_SESSION,-734,1
CDR202600007674,IPDR202600048214,PRIMARY_SESSION,16,1
CDR202600016428,IPDR202600048240,PRIMARY_SESSION,-32,1
CDR202600027206,IPDR202600048267,PRIMARY_SESSION,26,1
CDR202600012768,IPDR202600048277,PRIMARY_SESSION,117,1
CDR202600002292,IPDR202600048285,PRIMARY_SESSION,-864,1
CDR202600040468,IPDR202600048302,PRIMARY_SESSION,-15,1
CDR202600029587,IPDR202600048320,ADDITIONAL_SESSION,-256,1
CDR202600010907,IPDR202600048338,ADDITIONAL_SESSION,-1191,1
CDR202600008348,IPDR202600048346,ADDITIONAL_SESSION,1031,1
CDR202600002354,IPDR202600048369,ADDITIONAL_SESSION,2,1
CDR202600060995,IPDR202600048397,PRIMARY_SESSION,66,1
CDR202600063983,IPDR202600048400,ADDITIONAL_SESSION,-973,1
CDR202600057811,IPDR202600048404,PRIMARY_SESSION,-94,1
CDR202600055152,IPDR202600048412,ADDITIONAL_SESSION,-826,1
CDR202600008783,IPDR202600048413,ADDITIONAL_SESSION,41,1
CDR202600077388,IPDR202600048420,PRIMARY_SESSION,-290,1
CDR202600080373,IPDR202600048477,ADDITIONAL_SESSION,9,1
CDR202600049050,IPDR202600048486,ADDITIONAL_SESSION,28,1
CDR202600090083,IPDR202600048489,PRIMARY_SESSION,-111,1
CDR202600074844,IPDR202600048498,PRIMARY_SESSION,-630,1
CDR202600083883,IPDR202600048513,PRIMARY_SESSION,128,1
CDR202600032798,IPDR202600048528,ADDITIONAL_SESSION,-29,1
CDR202600021251,IPDR202600048529,PRIMARY_SESSION,-187,1
CDR202600023981,IPDR202600048550,PRIMARY_SESSION,786,1
CDR202600040058,IPDR202600048562,ADDITIONAL_SESSION,272,1
CDR202600038407,IPDR202600048599,PRIMARY_SESSION,1557,1
CDR202600076872,IPDR202600048605,ADDITIONAL_SESSION,-43,1
CDR202600077609,IPDR202600048634,ADDITIONAL_SESSION,-26,1
CDR202600041239,IPDR202600048650,PRIMARY_SESSION,282,1
CDR202600044474,IPDR202600048660,PRIMARY_SESSION,262,1
CDR202600056811,IPDR202600048665,PRIMARY_SESSION,-18,1
CDR202600073091,IPDR202600048679,PRIMARY_SESSION,183,1
CDR202600082476,IPDR202600048741,PRIMARY_SESSION,-14,1
CDR202600002371,IPDR202600048743,ADDITIONAL_SESSION,-257,1
CDR202600089090,IPDR202600048748,PRIMARY_SESSION,-1,1
CDR202600051284,IPDR202600048756,ADDITIONAL_SESSION,145,1
CDR202600042209,IPDR202600048757,PRIMARY_SESSION,-1707,1
CDR202600036030,IPDR202600048781,PRIMARY_SESSION,-1086,1
CDR202600049928,IPDR202600048816,ADDITIONAL_SESSION,-531,1
CDR202600007483,IPDR202600048823,PRIMARY_SESSION,215,1
CDR202600045417,IPDR202600048861,PRIMARY_SESSION,-25,1
CDR202600007171,IPDR202600048871,PRIMARY_SESSION,-139,1
CDR202600030130,IPDR202600048872,ADDITIONAL_SESSION,410,1
CDR202600049504,IPDR202600048880,PRIMARY_SESSION,41,1
CDR202600068313,IPDR202600048913,PRIMARY_SESSION,9,1
CDR202600053604,IPDR202600048968,ADDITIONAL_SESSION,712,1
CDR202600049021,IPDR202600048975,ADDITIONAL_SESSION,17,1
CDR202600054989,IPDR202600048987,PRIMARY_SESSION,-113,1
CDR202600068775,IPDR202600048991,PRIMARY_SESSION,-280,1
CDR202600081483,IPDR202600049003,PRIMARY_SESSION,104,1
CDR202600016517,IPDR202600049033,PRIMARY_SESSION,107,1
CDR202600025340,IPDR202600049035,ADDITIONAL_SESSION,-218,1
CDR202600059351,IPDR202600049055,PRIMARY_SESSION,-1184,1
CDR202600064188,IPDR202600049068,ADDITIONAL_SESSION,125,1
CDR202600033846,IPDR202600049090,PRIMARY_SESSION,32,1
CDR202600060597,IPDR202600049097,PRIMARY_SESSION,24,1
CDR202600008205,IPDR202600049104,ADDITIONAL_SESSION,-285,1
CDR202600086962,IPDR202600049112,ADDITIONAL_SESSION,247,1
CDR202600026883,IPDR202600049146,PRIMARY_SESSION,259,1
CDR202600047058,IPDR202600049147,PRIMARY_SESSION,266,1
CDR202600066324,IPDR202600049153,PRIMARY_SESSION,14,1
CDR202600048311,IPDR202600049173,PRIMARY_SESSION,-275,1
CDR202600055859,IPDR202600049208,PRIMARY_SESSION,-176,1
CDR202600042067,IPDR202600049215,PRIMARY_SESSION,-11,1
CDR202600051399,IPDR202600049241,ADDITIONAL_SESSION,132,1
CDR202600055252,IPDR202600049296,PRIMARY_SESSION,203,1
CDR202600086467,IPDR202600049297,PRIMARY_SESSION,-285,1
CDR202600048696,IPDR202600049326,PRIMARY_SESSION,-87,1
CDR202600073861,IPDR202600049331,PRIMARY_SESSION,543,1
CDR202600029250,IPDR202600049345,PRIMARY_SESSION,436,1
CDR202600026906,IPDR202600049349,PRIMARY_SESSION,200,1
CDR202600038287,IPDR202600049364,ADDITIONAL_SESSION,801,1
CDR202600020414,IPDR202600049390,PRIMARY_SESSION,-639,1
CDR202600005929,IPDR202600049422,ADDITIONAL_SESSION,-43,1
CDR202600046759,IPDR202600049437,PRIMARY_SESSION,212,1
CDR202600043103,IPDR202600049453,ADDITIONAL_SESSION,-293,1
CDR202600068682,IPDR202600049514,ADDITIONAL_SESSION,-54,1
CDR202600025454,IPDR202600049528,PRIMARY_SESSION,60,1
CDR202600069867,IPDR202600049560,PRIMARY_SESSION,-270,1
CDR202600042109,IPDR202600049575,PRIMARY_SESSION,-213,1
CDR202600016722,IPDR202600049578,ADDITIONAL_SESSION,-130,1
CDR202600031958,IPDR202600049598,PRIMARY_SESSION,-1004,1
CDR202600009864,IPDR202600049607,ADDITIONAL_SESSION,472,1
CDR202600077102,IPDR202600049614,PRIMARY_SESSION,30,1
CDR202600056929,IPDR202600049633,ADDITIONAL_SESSION,28,1
CDR202600066551,IPDR202600049645,ADDITIONAL_SESSION,-889,1
CDR202600026419,IPDR202600049700,PRIMARY_SESSION,-40,1
CDR202600050291,IPDR202600049702,PRIMARY_SESSION,-13,1
CDR202600027860,IPDR202600049739,PRIMARY_SESSION,-293,1
CDR202600015610,IPDR202600049768,PRIMARY_SESSION,-1356,1
CDR202600038514,IPDR202600049794,PRIMARY_SESSION,578,1
CDR202600063930,IPDR202600049811,PRIMARY_SESSION,75,1
CDR202600062862,IPDR202600049827,PRIMARY_SESSION,-10,1
CDR202600023958,IPDR202600049828,ADDITIONAL_SESSION,-1202,1
CDR202600047552,IPDR202600049829,ADDITIONAL_SESSION,-73,1
CDR202600049790,IPDR202600049836,PRIMARY_SESSION,938,1
CDR202600087804,IPDR202600049847,PRIMARY_SESSION,-72,1
CDR202600047982,IPDR202600049854,ADDITIONAL_SESSION,-54,1
CDR202600075144,IPDR202600049896,ADDITIONAL_SESSION,-820,1
CDR202600082075,IPDR202600049902,ADDITIONAL_SESSION,254,1
CDR202600042162,IPDR202600049908,PRIMARY_SESSION,-132,1
CDR202600078848,IPDR202600049923,ADDITIONAL_SESSION,857,1
CDR202600048609,IPDR202600049925,PRIMARY_SESSION,633,1
CDR202600003457,IPDR202600049926,ADDITIONAL_SESSION,5,1
CDR202600079471,IPDR202600049974,PRIMARY_SESSION,1362,1
CDR202600051530,IPDR202600049982,PRIMARY_SESSION,250,1
CDR202600070596,IPDR202600049985,PRIMARY_SESSION,23,1
CDR202600010331,IPDR202600050007,PRIMARY_SESSION,10,1
CDR202600056491,IPDR202600050038,ADDITIONAL_SESSION,34,1
CDR202600075142,IPDR202600050042,PRIMARY_SESSION,194,1
CDR202600025298,IPDR202600050053,PRIMARY_SESSION,-38,1
CDR202600012297,IPDR202600050072,PRIMARY_SESSION,-166,1
CDR202600066226,IPDR202600050088,PRIMARY_SESSION,-1486,1
CDR202600076935,IPDR202600050130,PRIMARY_SESSION,-310,1
CDR202600064287,IPDR202600050137,PRIMARY_SESSION,401,1
CDR202600000625,IPDR202600050172,ADDITIONAL_SESSION,-497,1
CDR202600062011,IPDR202600050174,PRIMARY_SESSION,-8,1
CDR202600034844,IPDR202600050191,PRIMARY_SESSION,29,1
CDR202600033290,IPDR202600050192,PRIMARY_SESSION,-1242,1
CDR202600068905,IPDR202600050210,PRIMARY_SESSION,232,1
CDR202600076691,IPDR202600050218,PRIMARY_SESSION,-91,1
CDR202600062862,IPDR202600050299,ADDITIONAL_SESSION,49,1
CDR202600080493,IPDR202600050305,PRIMARY_SESSION,-6,1
CDR202600084755,IPDR202600050316,ADDITIONAL_SESSION,74,1
CDR202600067872,IPDR202600050324,PRIMARY_SESSION,155,1
CDR202600086523,IPDR202600050374,PRIMARY_SESSION,1164,1
CDR202600016983,IPDR202600050385,PRIMARY_SESSION,1004,1
CDR202600026844,IPDR202600050392,PRIMARY_SESSION,-41,1
CDR202600023994,IPDR202600050393,PRIMARY_SESSION,-1782,1
CDR202600017323,IPDR202600050423,PRIMARY_SESSION,-1423,1
CDR202600089632,IPDR202600050441,PRIMARY_SESSION,81,1
CDR202600064350,IPDR202600050470,PRIMARY_SESSION,41,1
CDR202600043832,IPDR202600050481,PRIMARY_SESSION,889,1
CDR202600089418,IPDR202600050526,ADDITIONAL_SESSION,-709,1
CDR202600083875,IPDR202600050533,PRIMARY_SESSION,-287,1
CDR202600015025,IPDR202600050564,PRIMARY_SESSION,-50,1
CDR202600013349,IPDR202600050589,PRIMARY_SESSION,232,1
CDR202600084722,IPDR202600050622,ADDITIONAL_SESSION,1109,1
CDR202600011831,IPDR202600050642,ADDITIONAL_SESSION,245,1
CDR202600022906,IPDR202600050643,PRIMARY_SESSION,-202,1
CDR202600055735,IPDR202600050644,PRIMARY_SESSION,-45,1
CDR202600060836,IPDR202600050654,ADDITIONAL_SESSION,20,1
CDR202600002405,IPDR202600050657,PRIMARY_SESSION,169,1
CDR202600089240,IPDR202600050732,PRIMARY_SESSION,223,1
CDR202600065600,IPDR202600050736,ADDITIONAL_SESSION,243,1
CDR202600067490,IPDR202600050740,ADDITIONAL_SESSION,-802,1
CDR202600062462,IPDR202600050741,PRIMARY_SESSION,-685,1
CDR202600042539,IPDR202600050806,ADDITIONAL_SESSION,-214,1
CDR202600035506,IPDR202600050819,PRIMARY_SESSION,-181,1
CDR202600062127,IPDR202600050840,ADDITIONAL_SESSION,47,1
CDR202600009702,IPDR202600050873,PRIMARY_SESSION,-208,1
CDR202600034753,IPDR202600050926,PRIMARY_SESSION,-237,1
CDR202600084574,IPDR202600050938,PRIMARY_SESSION,275,1
CDR202600026097,IPDR202600050952,ADDITIONAL_SESSION,405,1
CDR202600077648,IPDR202600050972,ADDITIONAL_SESSION,185,1
CDR202600089477,IPDR202600050993,ADDITIONAL_SESSION,-334,1
CDR202600080257,IPDR202600051002,PRIMARY_SESSION,-459,1
CDR202600082956,IPDR202600051044,PRIMARY_SESSION,-1442,1
CDR202600061793,IPDR202600051122,PRIMARY_SESSION,244,1
CDR202600005464,IPDR202600051215,ADDITIONAL_SESSION,-43,1
CDR202600084591,IPDR202600051224,ADDITIONAL_SESSION,411,1
CDR202600071931,IPDR202600051275,PRIMARY_SESSION,-60,1
CDR202600005374,IPDR202600051296,ADDITIONAL_SESSION,37,1
CDR202600047036,IPDR202600051320,ADDITIONAL_SESSION,-29,1
CDR202600008956,IPDR202600051333,PRIMARY_SESSION,-29,1
CDR202600032047,IPDR202600051367,ADDITIONAL_SESSION,-234,1
CDR202600054626,IPDR202600051380,PRIMARY_SESSION,-613,1
CDR202600052103,IPDR202600051406,PRIMARY_SESSION,-49,1
CDR202600001089,IPDR202600051423,ADDITIONAL_SESSION,-477,1
CDR202600049958,IPDR202600051449,PRIMARY_SESSION,-60,1
CDR202600082287,IPDR202600051481,PRIMARY_SESSION,16,1
CDR202600046106,IPDR202600051484,ADDITIONAL_SESSION,-177,1
CDR202600008313,IPDR202600051507,ADDITIONAL_SESSION,-217,1
CDR202600037348,IPDR202600051519,ADDITIONAL_SESSION,1729,1
CDR202600033611,IPDR202600051541,PRIMARY_SESSION,1305,1
CDR202600002104,IPDR202600051549,ADDITIONAL_SESSION,-75,1
CDR202600049210,IPDR202600051574,PRIMARY_SESSION,7,1
CDR202600068359,IPDR202600051587,ADDITIONAL_SESSION,40,1
CDR202600077785,IPDR202600051592,PRIMARY_SESSION,675,1
CDR202600087817,IPDR202600051600,PRIMARY_SESSION,41,1
CDR202600065511,IPDR202600051629,ADDITIONAL_SESSION,-928,1
CDR202600044412,IPDR202600051639,PRIMARY_SESSION,-169,1
CDR202600057630,IPDR202600051644,ADDITIONAL_SESSION,-30,1
CDR202600010564,IPDR202600051650,ADDITIONAL_SESSION,221,1
CDR202600053051,IPDR202600051661,PRIMARY_SESSION,-56,1
CDR202600009794,IPDR202600051675,ADDITIONAL_SESSION,348,1
CDR202600085606,IPDR202600051679,PRIMARY_SESSION,852,1
CDR202600029774,IPDR202600051682,PRIMARY_SESSION,674,1
CDR202600033753,IPDR202600051699,PRIMARY_SESSION,104,1
CDR202600025877,IPDR202600051716,PRIMARY_SESSION,-1047,1
CDR202600005296,IPDR202600051727,ADDITIONAL_SESSION,262,1
CDR202600012095,IPDR202600051732,PRIMARY_SESSION,230,1
CDR202600021184,IPDR202600051739,PRIMARY_SESSION,150,1
CDR202600090255,IPDR202600051785,PRIMARY_SESSION,-76,1
CDR202600011436,IPDR202600051813,ADDITIONAL_SESSION,266,1
CDR202600002589,IPDR202600051822,ADDITIONAL_SESSION,2,1
CDR202600003233,IPDR202600051825,ADDITIONAL_SESSION,-895,1
CDR202600055892,IPDR202600051832,PRIMARY_SESSION,-48,1
CDR202600041136,IPDR202600051903,ADDITIONAL_SESSION,-305,1
CDR202600055605,IPDR202600051936,PRIMARY_SESSION,-2,1
CDR202600039399,IPDR202600051942,ADDITIONAL_SESSION,46,1
CDR202600024812,IPDR202600051966,PRIMARY_SESSION,654,1
CDR202600045200,IPDR202600052001,PRIMARY_SESSION,763,1
CDR202600085610,IPDR202600052007,PRIMARY_SESSION,149,1
CDR202600077916,IPDR202600052028,PRIMARY_SESSION,94,1
CDR202600048959,IPDR202600052078,ADDITIONAL_SESSION,-606,1
CDR202600001672,IPDR202600052119,PRIMARY_SESSION,-17,1
CDR202600082990,IPDR202600052125,ADDITIONAL_SESSION,144,1
CDR202600021140,IPDR202600052131,ADDITIONAL_SESSION,-128,1
CDR202600086099,IPDR202600052161,PRIMARY_SESSION,1671,1
CDR202600008452,IPDR202600052206,PRIMARY_SESSION,57,1
CDR202600046423,IPDR202600052214,PRIMARY_SESSION,778,1
CDR202600078717,IPDR202600052216,PRIMARY_SESSION,8,1
CDR202600002766,IPDR202600052269,PRIMARY_SESSION,-215,1
CDR202600086252,IPDR202600052270,PRIMARY_SESSION,28,1
CDR202600056215,IPDR202600052282,ADDITIONAL_SESSION,-20,1
CDR202600044600,IPDR202600052310,PRIMARY_SESSION,7,1
CDR202600069172,IPDR202600052320,PRIMARY_SESSION,30,1
CDR202600074098,IPDR202600052328,PRIMARY_SESSION,-499,1
CDR202600070213,IPDR202600052365,ADDITIONAL_SESSION,-1,1
CDR202600018580,IPDR202600052370,PRIMARY_SESSION,-37,1
CDR202600052120,IPDR202600052373,PRIMARY_SESSION,24,1
CDR202600010087,IPDR202600052381,ADDITIONAL_SESSION,-165,1
CDR202600040382,IPDR202600052418,ADDITIONAL_SESSION,-195,1
CDR202600062997,IPDR202600052437,PRIMARY_SESSION,-35,1
CDR202600044710,IPDR202600052450,ADDITIONAL_SESSION,164,1
CDR202600029883,IPDR202600052475,PRIMARY_SESSION,528,1
CDR202600069140,IPDR202600052509,PRIMARY_SESSION,-627,1
CDR202600002745,IPDR202600052532,PRIMARY_SESSION,-104,1
CDR202600007654,IPDR202600052540,ADDITIONAL_SESSION,149,1
CDR202600071111,IPDR202600052549,ADDITIONAL_SESSION,1,1
CDR202600039399,IPDR202600052553,PRIMARY_SESSION,843,1
CDR202600042449,IPDR202600052560,ADDITIONAL_SESSION,31,1
CDR202600070526,IPDR202600052572,ADDITIONAL_SESSION,54,1
CDR202600063097,IPDR202600052573,PRIMARY_SESSION,-833,1
CDR202600081865,IPDR202600052579,PRIMARY_SESSION,-132,1
CDR202600040427,IPDR202600052584,PRIMARY_SESSION,289,1
CDR202600008231,IPDR202600052604,PRIMARY_SESSION,167,1
CDR202600069561,IPDR202600052606,PRIMARY_SESSION,-1,1
CDR202600003001,IPDR202600052623,ADDITIONAL_SESSION,-500,1
CDR202600051864,IPDR202600052659,ADDITIONAL_SESSION,-515,1
CDR202600015026,IPDR202600052680,PRIMARY_SESSION,31,1
CDR202600051450,IPDR202600052710,PRIMARY_SESSION,584,1
CDR202600056740,IPDR202600052763,ADDITIONAL_SESSION,-20,1
CDR202600018305,IPDR202600052764,PRIMARY_SESSION,848,1
CDR202600036464,IPDR202600052781,ADDITIONAL_SESSION,-89,1
CDR202600006525,IPDR202600052793,ADDITIONAL_SESSION,758,1
CDR202600002841,IPDR202600052804,ADDITIONAL_SESSION,194,1
CDR202600013686,IPDR202600052828,PRIMARY_SESSION,-104,1
CDR202600060235,IPDR202600052879,PRIMARY_SESSION,55,1
CDR202600060740,IPDR202600052902,PRIMARY_SESSION,146,1
CDR202600066030,IPDR202600052908,PRIMARY_SESSION,29,1
CDR202600083253,IPDR202600052949,ADDITIONAL_SESSION,-290,1
CDR202600074931,IPDR202600052950,PRIMARY_SESSION,1175,1
CDR202600010448,IPDR202600052964,ADDITIONAL_SESSION,1620,1
CDR202600046336,IPDR202600052984,ADDITIONAL_SESSION,-1308,1
CDR202600040382,IPDR202600053000,ADDITIONAL_SESSION,-17,1
CDR202600065838,IPDR202600053012,PRIMARY_SESSION,-82,1
CDR202600001397,IPDR202600053080,ADDITIONAL_SESSION,-209,1
CDR202600086293,IPDR202600053089,PRIMARY_SESSION,-37,1
CDR202600012089,IPDR202600053101,PRIMARY_SESSION,711,1
CDR202600073473,IPDR202600053110,PRIMARY_SESSION,-56,1
CDR202600038460,IPDR202600053125,PRIMARY_SESSION,227,1
CDR202600075083,IPDR202600053126,PRIMARY_SESSION,245,1
CDR202600074945,IPDR202600053138,ADDITIONAL_SESSION,504,1
CDR202600034987,IPDR202600053141,PRIMARY_SESSION,40,1
CDR202600043785,IPDR202600053151,ADDITIONAL_SESSION,1190,1
CDR202600057605,IPDR202600053155,PRIMARY_SESSION,89,1
CDR202600019349,IPDR202600053184,ADDITIONAL_SESSION,-127,1
CDR202600039828,IPDR202600053192,PRIMARY_SESSION,245,1
CDR202600036361,IPDR202600053231,PRIMARY_SESSION,50,1
CDR202600051990,IPDR202600053243,ADDITIONAL_SESSION,-57,1
CDR202600054624,IPDR202600053247,PRIMARY_SESSION,170,1
CDR202600016704,IPDR202600053251,PRIMARY_SESSION,-180,1
CDR202600088825,IPDR202600053264,ADDITIONAL_SESSION,-69,1
CDR202600071164,IPDR202600053289,ADDITIONAL_SESSION,-716,1
CDR202600010225,IPDR202600053294,PRIMARY_SESSION,-634,1
CDR202600026729,IPDR202600053301,PRIMARY_SESSION,-407,1
CDR202600043432,IPDR202600053332,ADDITIONAL_SESSION,133,1
CDR202600024558,IPDR202600053343,PRIMARY_SESSION,-22,1
CDR202600036870,IPDR202600053344,PRIMARY_SESSION,245,1
CDR202600001100,IPDR202600053352,PRIMARY_SESSION,2,1
CDR202600031897,IPDR202600053368,PRIMARY_SESSION,261,1
CDR202600080743,IPDR202600053376,PRIMARY_SESSION,-535,1
CDR202600010703,IPDR202600053398,ADDITIONAL_SESSION,679,1
CDR202600068441,IPDR202600053412,PRIMARY_SESSION,180,1
CDR202600033680,IPDR202600053421,PRIMARY_SESSION,-260,1
CDR202600034362,IPDR202600053425,ADDITIONAL_SESSION,640,1
CDR202600001914,IPDR202600053441,PRIMARY_SESSION,-233,1
CDR202600048077,IPDR202600053445,ADDITIONAL_SESSION,47,1
CDR202600038611,IPDR202600053449,PRIMARY_SESSION,-11,1
CDR202600071455,IPDR202600053451,PRIMARY_SESSION,-290,1
CDR202600047534,IPDR202600053494,PRIMARY_SESSION,518,1
CDR202600076883,IPDR202600053510,PRIMARY_SESSION,31,1
CDR202600016763,IPDR202600053516,ADDITIONAL_SESSION,25,1
CDR202600052170,IPDR202600053517,ADDITIONAL_SESSION,48,1
CDR202600018306,IPDR202600053539,ADDITIONAL_SESSION,204,1
CDR202600039544,IPDR202600053556,PRIMARY_SESSION,-177,1
CDR202600085646,IPDR202600053559,PRIMARY_SESSION,-726,1
CDR202600005435,IPDR202600053570,ADDITIONAL_SESSION,-12,1
CDR202600077969,IPDR202600053644,ADDITIONAL_SESSION,-78,1
CDR202600072438,IPDR202600053665,PRIMARY_SESSION,-37,1
CDR202600077677,IPDR202600053690,ADDITIONAL_SESSION,-151,1
CDR202600023764,IPDR202600053706,PRIMARY_SESSION,83,1
CDR202600086452,IPDR202600053707,ADDITIONAL_SESSION,191,1
CDR202600044532,IPDR202600053741,ADDITIONAL_SESSION,216,1
CDR202600003040,IPDR202600053794,PRIMARY_SESSION,215,1
CDR202600064873,IPDR202600053801,PRIMARY_SESSION,-167,1
CDR202600061724,IPDR202600053814,ADDITIONAL_SESSION,228,1
CDR202600062620,IPDR202600053841,PRIMARY_SESSION,718,1
CDR202600063058,IPDR202600053852,ADDITIONAL_SESSION,-611,1
CDR202600007325,IPDR202600053861,ADDITIONAL_SESSION,562,1
CDR202600067395,IPDR202600053902,PRIMARY_SESSION,112,1
CDR202600063546,IPDR202600053914,PRIMARY_SESSION,-23,1
CDR202600014009,IPDR202600053926,ADDITIONAL_SESSION,227,1
CDR202600052488,IPDR202600053943,ADDITIONAL_SESSION,-1225,1
CDR202600040838,IPDR202600053952,ADDITIONAL_SESSION,1629,1
CDR202600071615,IPDR202600053960,PRIMARY_SESSION,1487,1
CDR202600006848,IPDR202600053989,PRIMARY_SESSION,10,1
CDR202600069983,IPDR202600053992,ADDITIONAL_SESSION,-79,1
CDR202600073177,IPDR202600053997,ADDITIONAL_SESSION,-37,1
CDR202600005903,IPDR202600054000,PRIMARY_SESSION,-120,1
CDR202600036965,IPDR202600054002,PRIMARY_SESSION,819,1
CDR202600004565,IPDR202600054009,PRIMARY_SESSION,-18,1
CDR202600087744,IPDR202600054010,PRIMARY_SESSION,-65,1
CDR202600029570,IPDR202600054018,PRIMARY_SESSION,-43,1
CDR202600014759,IPDR202600054020,ADDITIONAL_SESSION,-792,1
CDR202600000054,IPDR202600054044,ADDITIONAL_SESSION,-880,1
CDR202600016341,IPDR202600054047,PRIMARY_SESSION,-1116,1
CDR202600087976,IPDR202600054049,PRIMARY_SESSION,-19,1
CDR202600030078,IPDR202600054088,PRIMARY_SESSION,-796,1
CDR202600016983,IPDR202600054099,ADDITIONAL_SESSION,-1012,1
CDR202600033337,IPDR202600054108,PRIMARY_SESSION,-195,1
CDR202600017083,IPDR202600054169,PRIMARY_SESSION,35,1
CDR202600063725,IPDR202600054178,PRIMARY_SESSION,40,1
CDR202600042165,IPDR202600054211,PRIMARY_SESSION,-5,1
CDR202600056740,IPDR202600054230,PRIMARY_SESSION,2,1
CDR202600057600,IPDR202600054239,ADDITIONAL_SESSION,-156,1
CDR202600034753,IPDR202600054245,ADDITIONAL_SESSION,1208,1
CDR202600026887,IPDR202600054273,PRIMARY_SESSION,-48,1
CDR202600038336,IPDR202600054304,ADDITIONAL_SESSION,57,1
CDR202600018380,IPDR202600054321,ADDITIONAL_SESSION,11,1
CDR202600001591,IPDR202600054334,ADDITIONAL_SESSION,19,1
CDR202600050039,IPDR202600054386,PRIMARY_SESSION,-219,1
CDR202600061299,IPDR202600054410,PRIMARY_SESSION,-45,1
CDR202600022633,IPDR202600054412,PRIMARY_SESSION,-102,1
CDR202600005961,IPDR202600054432,PRIMARY_SESSION,55,1
CDR202600031904,IPDR202600054436,ADDITIONAL_SESSION,-576,1
CDR202600056418,IPDR202600054445,PRIMARY_SESSION,731,1
CDR202600013880,IPDR202600054448,ADDITIONAL_SESSION,646,1
CDR202600056081,IPDR202600054474,PRIMARY_SESSION,-550,1
CDR202600017167,IPDR202600054481,PRIMARY_SESSION,254,1
CDR202600031667,IPDR202600054515,PRIMARY_SESSION,124,1
CDR202600024239,IPDR202600054516,ADDITIONAL_SESSION,-46,1
CDR202600008706,IPDR202600054517,ADDITIONAL_SESSION,-40,1
CDR202600086303,IPDR202600054521,PRIMARY_SESSION,-271,1
CDR202600008888,IPDR202600054556,PRIMARY_SESSION,-583,1
CDR202600017846,IPDR202600054572,ADDITIONAL_SESSION,-4,1
CDR202600052096,IPDR202600054582,PRIMARY_SESSION,-376,1
CDR202600088498,IPDR202600054586,PRIMARY_SESSION,-146,1
CDR202600043644,IPDR202600054599,PRIMARY_SESSION,121,1
CDR202600038122,IPDR202600054601,ADDITIONAL_SESSION,-295,1
CDR202600044097,IPDR202600054626,PRIMARY_SESSION,-53,1
CDR202600023347,IPDR202600054635,PRIMARY_SESSION,10,1
CDR202600089061,IPDR202600054639,PRIMARY_SESSION,-368,1
CDR202600024522,IPDR202600054650,PRIMARY_SESSION,-685,1
CDR202600043328,IPDR202600054661,PRIMARY_SESSION,-296,1
CDR202600078097,IPDR202600054664,ADDITIONAL_SESSION,220,1
CDR202600088957,IPDR202600054687,ADDITIONAL_SESSION,542,1
CDR202600069497,IPDR202600054700,PRIMARY_SESSION,-654,1
CDR202600010966,IPDR202600054714,PRIMARY_SESSION,-2,1
CDR202600075422,IPDR202600054722,PRIMARY_SESSION,562,1
CDR202600047990,IPDR202600054723,PRIMARY_SESSION,-234,1
CDR202600067490,IPDR202600054727,ADDITIONAL_SESSION,208,1
CDR202600010906,IPDR202600054728,PRIMARY_SESSION,141,1
CDR202600049638,IPDR202600054740,PRIMARY_SESSION,-109,1
CDR202600017392,IPDR202600054758,ADDITIONAL_SESSION,56,1
CDR202600047117,IPDR202600054763,PRIMARY_SESSION,47,1
CDR202600057363,IPDR202600054766,PRIMARY_SESSION,-193,1
CDR202600045695,IPDR202600054799,PRIMARY_SESSION,43,1
CDR202600008028,IPDR202600054813,PRIMARY_SESSION,-56,1
CDR202600041729,IPDR202600054871,ADDITIONAL_SESSION,102,1
CDR202600034074,IPDR202600054918,PRIMARY_SESSION,648,1
CDR202600042402,IPDR202600054927,PRIMARY_SESSION,255,1
CDR202600051661,IPDR202600054989,ADDITIONAL_SESSION,144,1
CDR202600039064,IPDR202600055001,PRIMARY_SESSION,210,1
CDR202600031308,IPDR202600055005,ADDITIONAL_SESSION,4,1
CDR202600071164,IPDR202600055018,ADDITIONAL_SESSION,-266,1
CDR202600026610,IPDR202600055030,PRIMARY_SESSION,25,1
CDR202600026377,IPDR202600055063,ADDITIONAL_SESSION,-563,1
CDR202600074703,IPDR202600055077,PRIMARY_SESSION,-56,1
CDR202600038655,IPDR202600055086,PRIMARY_SESSION,-65,1
CDR202600050335,IPDR202600055091,PRIMARY_SESSION,-24,1
CDR202600047982,IPDR202600055092,ADDITIONAL_SESSION,148,1
CDR202600065831,IPDR202600055118,ADDITIONAL_SESSION,695,1
CDR202600041236,IPDR202600055163,ADDITIONAL_SESSION,205,1
CDR202600078495,IPDR202600055168,ADDITIONAL_SESSION,430,1
CDR202600056125,IPDR202600055191,PRIMARY_SESSION,-101,1
CDR202600056582,IPDR202600055237,PRIMARY_SESSION,36,1
CDR202600041894,IPDR202600055241,ADDITIONAL_SESSION,-21,1
CDR202600038336,IPDR202600055246,PRIMARY_SESSION,-104,1
CDR202600044125,IPDR202600055276,PRIMARY_SESSION,44,1
CDR202600023296,IPDR202600055281,PRIMARY_SESSION,-55,1
CDR202600082503,IPDR202600055309,ADDITIONAL_SESSION,6,1
CDR202600046288,IPDR202600055349,ADDITIONAL_SESSION,256,1
CDR202600054226,IPDR202600055350,ADDITIONAL_SESSION,-814,1
CDR202600035987,IPDR202600055351,PRIMARY_SESSION,558,1
CDR202600017874,IPDR202600055358,PRIMARY_SESSION,112,1
CDR202600075674,IPDR202600055360,ADDITIONAL_SESSION,28,1
CDR202600060908,IPDR202600055362,PRIMARY_SESSION,-172,1
CDR202600047530,IPDR202600055364,PRIMARY_SESSION,470,1
CDR202600015482,IPDR202600055386,ADDITIONAL_SESSION,53,1
CDR202600087848,IPDR202600055415,PRIMARY_SESSION,-753,1
CDR202600071642,IPDR202600055433,ADDITIONAL_SESSION,-56,1
CDR202600012574,IPDR202600055463,PRIMARY_SESSION,261,1
CDR202600003005,IPDR202600055479,PRIMARY_SESSION,-3,1
CDR202600080616,IPDR202600055488,PRIMARY_SESSION,-399,1
CDR202600064095,IPDR202600055509,ADDITIONAL_SESSION,1187,1
CDR202600009172,IPDR202600055518,ADDITIONAL_SESSION,-12,1
CDR202600024726,IPDR202600055531,ADDITIONAL_SESSION,-1471,1
CDR202600072557,IPDR202600055533,PRIMARY_SESSION,-436,1
CDR202600082134,IPDR202600055534,PRIMARY_SESSION,-275,1
CDR202600051745,IPDR202600055536,PRIMARY_SESSION,276,1
CDR202600083646,IPDR202600055541,ADDITIONAL_SESSION,34,1
CDR202600057221,IPDR202600055631,PRIMARY_SESSION,193,1
CDR202600071858,IPDR202600055657,PRIMARY_SESSION,-514,1
CDR202600080525,IPDR202600055664,PRIMARY_SESSION,894,1
CDR202600086962,IPDR202600055713,PRIMARY_SESSION,78,1
CDR202600046038,IPDR202600055720,PRIMARY_SESSION,322,1
CDR202600014876,IPDR202600055754,ADDITIONAL_SESSION,40,1
CDR202600022203,IPDR202600055799,PRIMARY_SESSION,22,1
CDR202600001695,IPDR202600055849,PRIMARY_SESSION,29,1
CDR202600056844,IPDR202600055850,PRIMARY_SESSION,-788,1
CDR202600083646,IPDR202600055872,ADDITIONAL_SESSION,296,1
CDR202600022060,IPDR202600055881,PRIMARY_SESSION,214,1
CDR202600049812,IPDR202600055882,ADDITIONAL_SESSION,702,1
CDR202600000719,IPDR202600055885,ADDITIONAL_SESSION,268,1
CDR202600071301,IPDR202600055938,PRIMARY_SESSION,332,1
CDR202600065636,IPDR202600055946,PRIMARY_SESSION,-506,1
CDR202600009038,IPDR202600055951,PRIMARY_SESSION,607,1
CDR202600005396,IPDR202600056046,ADDITIONAL_SESSION,-268,1
CDR202600074289,IPDR202600056072,PRIMARY_SESSION,-110,1
CDR202600053260,IPDR202600056080,PRIMARY_SESSION,432,1
CDR202600085845,IPDR202600056087,ADDITIONAL_SESSION,18,1
CDR202600066551,IPDR202600056090,PRIMARY_SESSION,-670,1
CDR202600025348,IPDR202600056091,PRIMARY_SESSION,638,1
CDR202600049440,IPDR202600056126,PRIMARY_SESSION,-159,1
CDR202600009674,IPDR202600056173,ADDITIONAL_SESSION,-1163,1
CDR202600019087,IPDR202600056180,ADDITIONAL_SESSION,-198,1
CDR202600081799,IPDR202600056186,PRIMARY_SESSION,764,1
CDR202600075951,IPDR202600056188,PRIMARY_SESSION,-270,1
CDR202600054984,IPDR202600056263,ADDITIONAL_SESSION,-156,1
CDR202600090094,IPDR202600056293,ADDITIONAL_SESSION,123,1
CDR202600062189,IPDR202600056315,ADDITIONAL_SESSION,36,1
CDR202600089135,IPDR202600056341,PRIMARY_SESSION,-266,1
CDR202600006525,IPDR202600056360,ADDITIONAL_SESSION,59,1
CDR202600042564,IPDR202600056387,PRIMARY_SESSION,851,1
CDR202600049327,IPDR202600056428,PRIMARY_SESSION,-100,1
CDR202600047701,IPDR202600056441,PRIMARY_SESSION,-293,1
CDR202600042064,IPDR202600056442,PRIMARY_SESSION,4,1
CDR202600059099,IPDR202600056443,ADDITIONAL_SESSION,-162,1
CDR202600072182,IPDR202600056451,PRIMARY_SESSION,-418,1
CDR202600005985,IPDR202600056482,ADDITIONAL_SESSION,191,1
CDR202600051228,IPDR202600056491,ADDITIONAL_SESSION,331,1
CDR202600039983,IPDR202600056501,ADDITIONAL_SESSION,503,1
CDR202600014661,IPDR202600056504,PRIMARY_SESSION,-164,1
CDR202600088880,IPDR202600056518,PRIMARY_SESSION,-215,1
CDR202600047531,IPDR202600056557,PRIMARY_SESSION,-558,1
CDR202600058813,IPDR202600056590,ADDITIONAL_SESSION,-37,1
CDR202600060798,IPDR202600056611,PRIMARY_SESSION,715,1
CDR202600026503,IPDR202600056626,PRIMARY_SESSION,238,1
CDR202600022812,IPDR202600056642,PRIMARY_SESSION,342,1
CDR202600005024,IPDR202600056646,PRIMARY_SESSION,-1294,1
CDR202600018132,IPDR202600056699,ADDITIONAL_SESSION,229,1
CDR202600049021,IPDR202600056730,PRIMARY_SESSION,93,1
CDR202600076928,IPDR202600056778,PRIMARY_SESSION,-690,1
CDR202600031986,IPDR202600056780,ADDITIONAL_SESSION,1280,1
CDR202600026453,IPDR202600056788,PRIMARY_SESSION,-172,1
CDR202600028395,IPDR202600056798,PRIMARY_SESSION,939,1
CDR202600003170,IPDR202600056859,ADDITIONAL_SESSION,110,1
CDR202600035823,IPDR202600056896,PRIMARY_SESSION,190,1
CDR202600035425,IPDR202600056901,PRIMARY_SESSION,-130,1
CDR202600025328,IPDR202600056924,PRIMARY_SESSION,837,1
CDR202600062935,IPDR202600056937,PRIMARY_SESSION,59,1
CDR202600037950,IPDR202600056942,PRIMARY_SESSION,67,1
CDR202600000387,IPDR202600056968,ADDITIONAL_SESSION,864,1
CDR202600033248,IPDR202600056970,PRIMARY_SESSION,-790,1
CDR202600034814,IPDR202600056977,PRIMARY_SESSION,170,1
CDR202600053140,IPDR202600057056,PRIMARY_SESSION,210,1
CDR202600032831,IPDR202600057060,PRIMARY_SESSION,-194,1
CDR202600056462,IPDR202600057097,PRIMARY_SESSION,-499,1
CDR202600067872,IPDR202600057133,ADDITIONAL_SESSION,580,1
CDR202600079654,IPDR202600057192,PRIMARY_SESSION,366,1
CDR202600072666,IPDR202600057202,ADDITIONAL_SESSION,-32,1
CDR202600042810,IPDR202600057224,ADDITIONAL_SESSION,-285,1
CDR202600002292,IPDR202600057256,ADDITIONAL_SESSION,-361,1
CDR202600020832,IPDR202600057265,ADDITIONAL_SESSION,-543,1
CDR202600084261,IPDR202600057294,PRIMARY_SESSION,-237,1
CDR202600054088,IPDR202600057296,ADDITIONAL_SESSION,217,1
CDR202600070491,IPDR202600057306,PRIMARY_SESSION,24,1
CDR202600070117,IPDR202600057334,PRIMARY_SESSION,755,1
CDR202600079635,IPDR202600057343,PRIMARY_SESSION,-1,1
CDR202600021377,IPDR202600057397,PRIMARY_SESSION,-78,1
CDR202600008495,IPDR202600057411,ADDITIONAL_SESSION,-783,1
CDR202600053343,IPDR202600057419,ADDITIONAL_SESSION,-92,1
CDR202600037932,IPDR202600057443,ADDITIONAL_SESSION,170,1
CDR202600002896,IPDR202600057496,PRIMARY_SESSION,-190,1
CDR202600003542,IPDR202600057521,PRIMARY_SESSION,-64,1
CDR202600041444,IPDR202600057524,PRIMARY_SESSION,-311,1
CDR202600072982,IPDR202600057535,PRIMARY_SESSION,548,1
CDR202600088720,IPDR202600057542,ADDITIONAL_SESSION,961,1
CDR202600049937,IPDR202600057543,PRIMARY_SESSION,126,1
CDR202600051228,IPDR202600057566,PRIMARY_SESSION,-38,1
CDR202600067795,IPDR202600057601,ADDITIONAL_SESSION,32,1
CDR202600031904,IPDR202600057630,PRIMARY_SESSION,196,1
CDR202600044382,IPDR202600057646,PRIMARY_SESSION,-54,1
CDR202600056780,IPDR202600057653,PRIMARY_SESSION,-398,1
CDR202600083265,IPDR202600057656,PRIMARY_SESSION,657,1
CDR202600028145,IPDR202600057668,PRIMARY_SESSION,1334,1
CDR202600078367,IPDR202600057696,PRIMARY_SESSION,210,1
CDR202600016189,IPDR202600057725,PRIMARY_SESSION,20,1
CDR202600056515,IPDR202600057745,PRIMARY_SESSION,-24,1
CDR202600001777,IPDR202600057752,PRIMARY_SESSION,-196,1
CDR202600020411,IPDR202600057771,PRIMARY_SESSION,-1651,1
CDR202600079919,IPDR202600057778,ADDITIONAL_SESSION,-39,1
CDR202600072716,IPDR202600057809,ADDITIONAL_SESSION,-41,1
CDR202600012862,IPDR202600057817,PRIMARY_SESSION,-978,1
CDR202600042079,IPDR202600057826,ADDITIONAL_SESSION,-276,1
CDR202600052140,IPDR202600057836,ADDITIONAL_SESSION,-1223,1
CDR202600054226,IPDR202600057858,ADDITIONAL_SESSION,-47,1
CDR202600023588,IPDR202600057873,ADDITIONAL_SESSION,292,1
CDR202600047010,IPDR202600057905,ADDITIONAL_SESSION,-199,1
CDR202600037624,IPDR202600058031,PRIMARY_SESSION,291,1
CDR202600032323,IPDR202600058093,PRIMARY_SESSION,-30,1
CDR202600017511,IPDR202600058121,ADDITIONAL_SESSION,-181,1
CDR202600008206,IPDR202600058165,ADDITIONAL_SESSION,-1596,1
CDR202600042235,IPDR202600058168,ADDITIONAL_SESSION,-20,1
CDR202600063303,IPDR202600058205,PRIMARY_SESSION,47,1
CDR202600018468,IPDR202600058209,ADDITIONAL_SESSION,-238,1
CDR202600023005,IPDR202600058225,ADDITIONAL_SESSION,-327,1
CDR202600020932,IPDR202600058226,PRIMARY_SESSION,-223,1
CDR202600011436,IPDR202600058240,ADDITIONAL_SESSION,294,1
CDR202600011341,IPDR202600058265,ADDITIONAL_SESSION,-551,1
CDR202600033871,IPDR202600058318,ADDITIONAL_SESSION,-712,1
CDR202600029587,IPDR202600058345,ADDITIONAL_SESSION,-792,1
CDR202600038872,IPDR202600058362,PRIMARY_SESSION,50,1
CDR202600079563,IPDR202600058399,ADDITIONAL_SESSION,-307,1
CDR202600057624,IPDR202600058400,PRIMARY_SESSION,-135,1
CDR202600030286,IPDR202600058450,ADDITIONAL_SESSION,-22,1
CDR202600045226,IPDR202600058470,ADDITIONAL_SESSION,-659,1
CDR202600055632,IPDR202600058493,PRIMARY_SESSION,-842,1
CDR202600063704,IPDR202600058497,ADDITIONAL_SESSION,-144,1
CDR202600088456,IPDR202600058498,PRIMARY_SESSION,19,1
CDR202600054184,IPDR202600058518,PRIMARY_SESSION,24,1
CDR202600015856,IPDR202600058536,PRIMARY_SESSION,380,1
CDR202600017173,IPDR202600058537,PRIMARY_SESSION,478,1
CDR202600046807,IPDR202600058567,ADDITIONAL_SESSION,1044,1
CDR202600085341,IPDR202600058595,ADDITIONAL_SESSION,163,1
CDR202600086040,IPDR202600058611,PRIMARY_SESSION,-1,1
CDR202600026118,IPDR202600058633,PRIMARY_SESSION,-826,1
CDR202600077609,IPDR202600058674,ADDITIONAL_SESSION,-244,1
CDR202600016369,IPDR202600058694,ADDITIONAL_SESSION,952,1
CDR202600085093,IPDR202600058699,PRIMARY_SESSION,-23,1
CDR202600025350,IPDR202600058700,PRIMARY_SESSION,32,1
CDR202600024705,IPDR202600058715,ADDITIONAL_SESSION,-447,1
CDR202600022157,IPDR202600058720,PRIMARY_SESSION,415,1
CDR202600026911,IPDR202600058764,ADDITIONAL_SESSION,-519,1
CDR202600083282,IPDR202600058775,PRIMARY_SESSION,1629,1
CDR202600019612,IPDR202600058788,ADDITIONAL_SESSION,147,1
CDR202600035588,IPDR202600058789,PRIMARY_SESSION,1744,1
CDR202600026154,IPDR202600058805,PRIMARY_SESSION,1246,1
CDR202600064286,IPDR202600058859,PRIMARY_SESSION,1,1
CDR202600036464,IPDR202600058861,PRIMARY_SESSION,-756,1
CDR202600030225,IPDR202600058868,PRIMARY_SESSION,-67,1
CDR202600012185,IPDR202600058887,PRIMARY_SESSION,-402,1
CDR202600019349,IPDR202600058926,PRIMARY_SESSION,241,1
CDR202600088942,IPDR202600058934,PRIMARY_SESSION,388,1
CDR202600083907,IPDR202600058950,PRIMARY_SESSION,-541,1
CDR202600054579,IPDR202600058965,PRIMARY_SESSION,746,1
CDR202600049638,IPDR202600058974,ADDITIONAL_SESSION,-5,1
CDR202600080804,IPDR202600059009,ADDITIONAL_SESSION,-324,1
CDR202600007618,IPDR202600059051,PRIMARY_SESSION,-75,1
CDR202600023025,IPDR202600059062,ADDITIONAL_SESSION,39,1
CDR202600009864,IPDR202600059085,ADDITIONAL_SESSION,-41,1
CDR202600065874,IPDR202600059087,PRIMARY_SESSION,12,1
CDR202600073971,IPDR202600059106,ADDITIONAL_SESSION,-47,1
CDR202600087885,IPDR202600059134,PRIMARY_SESSION,-581,1
CDR202600057381,IPDR202600059159,PRIMARY_SESSION,177,1
CDR202600017785,IPDR202600059160,PRIMARY_SESSION,-34,1
CDR202600007616,IPDR202600059174,PRIMARY_SESSION,-1527,1
CDR202600015084,IPDR202600059189,PRIMARY_SESSION,-627,1
CDR202600013302,IPDR202600059190,PRIMARY_SESSION,169,1
CDR202600057129,IPDR202600059191,PRIMARY_SESSION,-28,1
CDR202600075550,IPDR202600059192,ADDITIONAL_SESSION,-60,1
CDR202600044060,IPDR202600059212,PRIMARY_SESSION,-582,1
CDR202600028088,IPDR202600059296,ADDITIONAL_SESSION,713,1
CDR202600030183,IPDR202600059301,PRIMARY_SESSION,-93,1
CDR202600069280,IPDR202600059313,PRIMARY_SESSION,189,1
CDR202600057496,IPDR202600059317,PRIMARY_SESSION,42,1
CDR202600015349,IPDR202600059375,PRIMARY_SESSION,-30,1
CDR202600073344,IPDR202600059377,PRIMARY_SESSION,-68,1
CDR202600038294,IPDR202600059417,PRIMARY_SESSION,-824,1
CDR202600063098,IPDR202600059424,ADDITIONAL_SESSION,-352,1
CDR202600076910,IPDR202600059508,PRIMARY_SESSION,48,1
CDR202600064986,IPDR202600059526,PRIMARY_SESSION,-662,1
CDR202600022564,IPDR202600059532,PRIMARY_SESSION,630,1
CDR202600049179,IPDR202600059537,PRIMARY_SESSION,-276,1
CDR202600030456,IPDR202600059538,PRIMARY_SESSION,-389,1
CDR202600089477,IPDR202600059568,PRIMARY_SESSION,24,1
CDR202600064030,IPDR202600059571,PRIMARY_SESSION,167,1
CDR202600084389,IPDR202600059593,PRIMARY_SESSION,-263,1
CDR202600064049,IPDR202600059618,ADDITIONAL_SESSION,-260,1
CDR202600004949,IPDR202600059644,PRIMARY_SESSION,649,1
CDR202600041861,IPDR202600059645,ADDITIONAL_SESSION,-772,1
CDR202600036891,IPDR202600059731,ADDITIONAL_SESSION,109,1
CDR202600008888,IPDR202600059759,ADDITIONAL_SESSION,-230,1
CDR202600054788,IPDR202600059832,PRIMARY_SESSION,1519,1
CDR202600078907,IPDR202600059862,ADDITIONAL_SESSION,-587,1
CDR202600034876,IPDR202600059910,ADDITIONAL_SESSION,65,1
CDR202600064655,IPDR202600059939,ADDITIONAL_SESSION,-400,1
CDR202600068612,IPDR202600059945,PRIMARY_SESSION,294,1
CDR202600090005,IPDR202600059946,PRIMARY_SESSION,262,1
CDR202600016100,IPDR202600059950,ADDITIONAL_SESSION,-26,1
CDR202600082145,IPDR202600060037,PRIMARY_SESSION,827,1
CDR202600036119,IPDR202600060099,PRIMARY_SESSION,-1201,1
CDR202600056502,IPDR202600060161,PRIMARY_SESSION,-58,1
CDR202600076069,IPDR202600060173,ADDITIONAL_SESSION,-254,1
CDR202600060486,IPDR202600060195,ADDITIONAL_SESSION,-152,1
CDR202600024617,IPDR202600060199,PRIMARY_SESSION,-882,1
CDR202600033868,IPDR202600060207,PRIMARY_SESSION,566,1
CDR202600015815,IPDR202600060212,PRIMARY_SESSION,218,1
CDR202600010388,IPDR202600060224,PRIMARY_SESSION,-645,1
CDR202600058396,IPDR202600060229,PRIMARY_SESSION,-92,1
CDR202600039421,IPDR202600060236,PRIMARY_SESSION,-57,1
CDR202600046065,IPDR202600060251,ADDITIONAL_SESSION,-1034,1
CDR202600020011,IPDR202600060260,PRIMARY_SESSION,53,1
CDR202600079622,IPDR202600060264,PRIMARY_SESSION,32,1
CDR202600057175,IPDR202600060292,PRIMARY_SESSION,233,1
CDR202600009559,IPDR202600060298,PRIMARY_SESSION,-243,1
CDR202600033467,IPDR202600060311,ADDITIONAL_SESSION,-482,1
CDR202600085050,IPDR202600060372,PRIMARY_SESSION,-64,1
CDR202600016243,IPDR202600060374,PRIMARY_SESSION,300,1
CDR202600021140,IPDR202600060413,PRIMARY_SESSION,26,1
CDR202600019309,IPDR202600060430,PRIMARY_SESSION,-189,1
CDR202600011839,IPDR202600060436,PRIMARY_SESSION,-21,1
CDR202600077661,IPDR202600060437,PRIMARY_SESSION,-181,1
CDR202600081985,IPDR202600060450,PRIMARY_SESSION,157,1
CDR202600065077,IPDR202600060479,ADDITIONAL_SESSION,-1158,1
CDR202600059954,IPDR202600060509,PRIMARY_SESSION,855,1
CDR202600064772,IPDR202600060511,PRIMARY_SESSION,917,1
CDR202600003451,IPDR202600060538,ADDITIONAL_SESSION,192,1
CDR202600078064,IPDR202600060567,PRIMARY_SESSION,1619,1
CDR202600057006,IPDR202600060583,ADDITIONAL_SESSION,161,1
CDR202600041894,IPDR202600060616,ADDITIONAL_SESSION,-8,1
CDR202600052336,IPDR202600060624,ADDITIONAL_SESSION,1413,1
CDR202600038803,IPDR202600060638,PRIMARY_SESSION,-881,1
CDR202600037419,IPDR202600060639,PRIMARY_SESSION,665,1
CDR202600087071,IPDR202600060642,ADDITIONAL_SESSION,1554,1
CDR202600048199,IPDR202600060645,PRIMARY_SESSION,20,1
CDR202600025340,IPDR202600060651,PRIMARY_SESSION,232,1
CDR202600088825,IPDR202600060653,ADDITIONAL_SESSION,274,1
CDR202600011037,IPDR202600060658,PRIMARY_SESSION,173,1
CDR202600024252,IPDR202600060682,ADDITIONAL_SESSION,-1655,1
CDR202600052364,IPDR202600060696,PRIMARY_SESSION,-567,1
CDR202600089385,IPDR202600060722,ADDITIONAL_SESSION,363,1
CDR202600005299,IPDR202600060732,PRIMARY_SESSION,76,1
CDR202600056956,IPDR202600060749,PRIMARY_SESSION,-54,1
CDR202600043996,IPDR202600060753,PRIMARY_SESSION,226,1
CDR202600082927,IPDR202600060765,PRIMARY_SESSION,107,1
CDR202600027014,IPDR202600060792,ADDITIONAL_SESSION,-48,1
CDR202600051978,IPDR202600060833,ADDITIONAL_SESSION,274,1
CDR202600062125,IPDR202600060879,PRIMARY_SESSION,44,1
CDR202600072772,IPDR202600060893,ADDITIONAL_SESSION,17,1
CDR202600030262,IPDR202600060902,PRIMARY_SESSION,35,1
CDR202600084585,IPDR202600060921,PRIMARY_SESSION,-89,1
CDR202600070513,IPDR202600060942,PRIMARY_SESSION,291,1
CDR202600039905,IPDR202600060943,ADDITIONAL_SESSION,-25,1
CDR202600018512,IPDR202600060958,PRIMARY_SESSION,27,1
CDR202600030988,IPDR202600060968,PRIMARY_SESSION,37,1
CDR202600020964,IPDR202600060994,PRIMARY_SESSION,439,1
CDR202600072530,IPDR202600061045,PRIMARY_SESSION,55,1
CDR202600047534,IPDR202600061061,ADDITIONAL_SESSION,-221,1
CDR202600000420,IPDR202600061068,PRIMARY_SESSION,-23,1
CDR202600035616,IPDR202600061093,PRIMARY_SESSION,-61,1
CDR202600073554,IPDR202600061117,PRIMARY_SESSION,-592,1
CDR202600052457,IPDR202600061133,ADDITIONAL_SESSION,142,1
CDR202600073808,IPDR202600061134,PRIMARY_SESSION,488,1
CDR202600025884,IPDR202600061146,PRIMARY_SESSION,-58,1
CDR202600030696,IPDR202600061149,ADDITIONAL_SESSION,44,1
CDR202600057480,IPDR202600061172,PRIMARY_SESSION,-46,1
CDR202600012091,IPDR202600061182,PRIMARY_SESSION,29,1
CDR202600057732,IPDR202600061209,ADDITIONAL_SESSION,-5,1
CDR202600026377,IPDR202600061215,PRIMARY_SESSION,-16,1
CDR202600024934,IPDR202600061230,PRIMARY_SESSION,-43,1
CDR202600075201,IPDR202600061236,ADDITIONAL_SESSION,52,1
CDR202600037484,IPDR202600061267,PRIMARY_SESSION,223,1
CDR202600049011,IPDR202600061310,PRIMARY_SESSION,1301,1
CDR202600079163,IPDR202600061313,PRIMARY_SESSION,-123,1
CDR202600037826,IPDR202600061341,ADDITIONAL_SESSION,558,1
CDR202600040010,IPDR202600061361,PRIMARY_SESSION,-172,1
CDR202600033242,IPDR202600061366,ADDITIONAL_SESSION,42,1
CDR202600010938,IPDR202600061406,PRIMARY_SESSION,-1747,1
CDR202600011456,IPDR202600061411,PRIMARY_SESSION,255,1
CDR202600081333,IPDR202600061414,PRIMARY_SESSION,821,1
CDR202600051857,IPDR202600061420,PRIMARY_SESSION,74,1
CDR202600068286,IPDR202600061446,PRIMARY_SESSION,643,1
CDR202600023362,IPDR202600061458,PRIMARY_SESSION,328,1
CDR202600068923,IPDR202600061461,PRIMARY_SESSION,265,1
CDR202600087071,IPDR202600061511,ADDITIONAL_SESSION,-63,1
CDR202600068326,IPDR202600061557,ADDITIONAL_SESSION,23,1
CDR202600090680,IPDR202600061593,PRIMARY_SESSION,7,1
CDR202600045773,IPDR202600061595,PRIMARY_SESSION,-55,1
CDR202600010361,IPDR202600061615,ADDITIONAL_SESSION,-183,1
CDR202600029977,IPDR202600061616,PRIMARY_SESSION,-693,1
CDR202600078688,IPDR202600061621,PRIMARY_SESSION,-33,1
CDR202600053199,IPDR202600061653,PRIMARY_SESSION,-54,1
CDR202600058365,IPDR202600061715,PRIMARY_SESSION,-685,1
CDR202600013409,IPDR202600061716,ADDITIONAL_SESSION,891,1
CDR202600039827,IPDR202600061746,PRIMARY_SESSION,-56,1
CDR202600064388,IPDR202600061775,ADDITIONAL_SESSION,-794,1
CDR202600032736,IPDR202600061783,ADDITIONAL_SESSION,-719,1
CDR202600040790,IPDR202600061793,ADDITIONAL_SESSION,321,1
CDR202600021884,IPDR202600061815,ADDITIONAL_SESSION,29,1
CDR202600049460,IPDR202600061816,PRIMARY_SESSION,-1652,1
CDR202600071856,IPDR202600061823,PRIMARY_SESSION,27,1
CDR202600061781,IPDR202600061832,PRIMARY_SESSION,128,1
CDR202600082577,IPDR202600061885,ADDITIONAL_SESSION,-146,1
CDR202600024558,IPDR202600061895,ADDITIONAL_SESSION,58,1
CDR202600044525,IPDR202600061907,PRIMARY_SESSION,194,1
CDR202600001656,IPDR202600061955,PRIMARY_SESSION,-105,1
CDR202600078097,IPDR202600062017,ADDITIONAL_SESSION,-151,1
CDR202600063483,IPDR202600062020,ADDITIONAL_SESSION,1229,1
CDR202600088211,IPDR202600062032,ADDITIONAL_SESSION,526,1
CDR202600026827,IPDR202600062084,ADDITIONAL_SESSION,71,1
CDR202600089464,IPDR202600062100,ADDITIONAL_SESSION,284,1
CDR202600069492,IPDR202600062118,ADDITIONAL_SESSION,19,1
CDR202600003001,IPDR202600062223,ADDITIONAL_SESSION,-226,1
CDR202600069751,IPDR202600062235,PRIMARY_SESSION,621,1
CDR202600016809,IPDR202600062256,PRIMARY_SESSION,298,1
CDR202600063812,IPDR202600062284,ADDITIONAL_SESSION,221,1
CDR202600009794,IPDR202600062300,PRIMARY_SESSION,-710,1
CDR202600065338,IPDR202600062328,PRIMARY_SESSION,1042,1
CDR202600040497,IPDR202600062356,PRIMARY_SESSION,701,1
CDR202600031585,IPDR202600062397,PRIMARY_SESSION,21,1
CDR202600046655,IPDR202600062404,PRIMARY_SESSION,1409,1
CDR202600088374,IPDR202600062406,PRIMARY_SESSION,-432,1
CDR202600012940,IPDR202600062410,ADDITIONAL_SESSION,-896,1
CDR202600015397,IPDR202600062428,ADDITIONAL_SESSION,-42,1
CDR202600064789,IPDR202600062440,PRIMARY_SESSION,1,1
CDR202600029428,IPDR202600062442,PRIMARY_SESSION,14,1
CDR202600016334,IPDR202600062486,ADDITIONAL_SESSION,-66,1
CDR202600016274,IPDR202600062490,ADDITIONAL_SESSION,825,1
CDR202600033269,IPDR202600062507,ADDITIONAL_SESSION,814,1
CDR202600046955,IPDR202600062513,PRIMARY_SESSION,152,1
CDR202600036905,IPDR202600062518,ADDITIONAL_SESSION,285,1
CDR202600034975,IPDR202600062529,PRIMARY_SESSION,-196,1
CDR202600089973,IPDR202600062549,ADDITIONAL_SESSION,137,1
CDR202600023570,IPDR202600062556,PRIMARY_SESSION,542,1
CDR202600072122,IPDR202600062561,PRIMARY_SESSION,-20,1
CDR202600053736,IPDR202600062577,PRIMARY_SESSION,272,1
CDR202600036774,IPDR202600062581,PRIMARY_SESSION,-343,1
CDR202600057534,IPDR202600062584,PRIMARY_SESSION,-793,1
CDR202600018773,IPDR202600062595,PRIMARY_SESSION,40,1
CDR202600047429,IPDR202600062618,PRIMARY_SESSION,6,1
CDR202600068601,IPDR202600062643,PRIMARY_SESSION,267,1
CDR202600058713,IPDR202600062648,PRIMARY_SESSION,160,1
CDR202600019410,IPDR202600062663,PRIMARY_SESSION,121,1
CDR202600055175,IPDR202600062669,PRIMARY_SESSION,107,1
CDR202600081519,IPDR202600062681,PRIMARY_SESSION,584,1
CDR202600020775,IPDR202600062683,PRIMARY_SESSION,794,1
CDR202600032880,IPDR202600062700,PRIMARY_SESSION,-1225,1
CDR202600050873,IPDR202600062708,PRIMARY_SESSION,46,1
CDR202600078638,IPDR202600062719,PRIMARY_SESSION,-346,1
CDR202600050685,IPDR202600062726,PRIMARY_SESSION,12,1
CDR202600034755,IPDR202600062743,ADDITIONAL_SESSION,-38,1
CDR202600072208,IPDR202600062756,PRIMARY_SESSION,18,1
CDR202600058766,IPDR202600062794,PRIMARY_SESSION,-94,1
CDR202600000162,IPDR202600062864,ADDITIONAL_SESSION,275,1
CDR202600018519,IPDR202600062868,ADDITIONAL_SESSION,-51,1
CDR202600072743,IPDR202600062878,PRIMARY_SESSION,-899,1
CDR202600029761,IPDR202600062889,PRIMARY_SESSION,-666,1
CDR202600018468,IPDR202600062919,PRIMARY_SESSION,-606,1
CDR202600019893,IPDR202600062920,PRIMARY_SESSION,-39,1
CDR202600034362,IPDR202600062970,PRIMARY_SESSION,-104,1
CDR202600011876,IPDR202600062977,ADDITIONAL_SESSION,-158,1
CDR202600043627,IPDR202600062994,PRIMARY_SESSION,-769,1
CDR202600059926,IPDR202600063002,PRIMARY_SESSION,56,1
CDR202600059984,IPDR202600063054,ADDITIONAL_SESSION,-326,1
CDR202600049756,IPDR202600063061,ADDITIONAL_SESSION,1313,1
CDR202600020696,IPDR202600063065,PRIMARY_SESSION,236,1
CDR202600081425,IPDR202600063144,PRIMARY_SESSION,31,1
CDR202600006786,IPDR202600063152,ADDITIONAL_SESSION,286,1
CDR202600013179,IPDR202600063157,ADDITIONAL_SESSION,-1160,1
CDR202600027558,IPDR202600063255,PRIMARY_SESSION,-107,1
CDR202600026901,IPDR202600063297,ADDITIONAL_SESSION,716,1
CDR202600049275,IPDR202600063308,ADDITIONAL_SESSION,-9,1
CDR202600004722,IPDR202600063314,ADDITIONAL_SESSION,-755,1
CDR202600030607,IPDR202600063320,PRIMARY_SESSION,-56,1
CDR202600087976,IPDR202600063346,ADDITIONAL_SESSION,60,1
CDR202600079680,IPDR202600063351,PRIMARY_SESSION,1095,1
CDR202600043785,IPDR202600063364,PRIMARY_SESSION,-140,1
CDR202600011938,IPDR202600063368,PRIMARY_SESSION,701,1
CDR202600044667,IPDR202600063418,PRIMARY_SESSION,-41,1
CDR202600001905,IPDR202600063437,PRIMARY_SESSION,290,1
CDR202600083806,IPDR202600063444,PRIMARY_SESSION,18,1
CDR202600020244,IPDR202600063446,ADDITIONAL_SESSION,12,1
CDR202600078700,IPDR202600063450,PRIMARY_SESSION,555,1
CDR202600037739,IPDR202600063460,PRIMARY_SESSION,-36,1
CDR202600019267,IPDR202600063492,PRIMARY_SESSION,374,1
CDR202600080108,IPDR202600063510,ADDITIONAL_SESSION,-189,1
CDR202600026406,IPDR202600063519,ADDITIONAL_SESSION,-183,1
CDR202600051181,IPDR202600063538,PRIMARY_SESSION,-311,1
CDR202600072786,IPDR202600063553,ADDITIONAL_SESSION,30,1
CDR202600022766,IPDR202600063589,ADDITIONAL_SESSION,-10,1
CDR202600078015,IPDR202600063596,ADDITIONAL_SESSION,-539,1
CDR202600064304,IPDR202600063623,PRIMARY_SESSION,-480,1
CDR202600080699,IPDR202600063629,PRIMARY_SESSION,-216,1
CDR202600041965,IPDR202600063632,PRIMARY_SESSION,-536,1
CDR202600087653,IPDR202600063633,PRIMARY_SESSION,49,1
CDR202600040404,IPDR202600063655,ADDITIONAL_SESSION,52,1
CDR202600077762,IPDR202600063659,PRIMARY_SESSION,-893,1
CDR202600026424,IPDR202600063674,PRIMARY_SESSION,-284,1
CDR202600046961,IPDR202600063680,PRIMARY_SESSION,127,1
CDR202600048203,IPDR202600063691,PRIMARY_SESSION,-24,1
CDR202600023600,IPDR202600063698,ADDITIONAL_SESSION,354,1
CDR202600029636,IPDR202600063741,PRIMARY_SESSION,326,1
CDR202600036825,IPDR202600063758,ADDITIONAL_SESSION,-285,1
CDR202600014140,IPDR202600063771,ADDITIONAL_SESSION,-285,1
CDR202600069748,IPDR202600063806,ADDITIONAL_SESSION,34,1
CDR202600001704,IPDR202600063841,PRIMARY_SESSION,-113,1
CDR202600022084,IPDR202600063856,PRIMARY_SESSION,192,1
CDR202600066060,IPDR202600063944,PRIMARY_SESSION,-284,1
CDR202600040150,IPDR202600063968,PRIMARY_SESSION,51,1
CDR202600082094,IPDR202600063977,ADDITIONAL_SESSION,176,1
CDR202600082910,IPDR202600064015,PRIMARY_SESSION,98,1
CDR202600078848,IPDR202600064122,PRIMARY_SESSION,1409,1
CDR202600075951,IPDR202600064166,ADDITIONAL_SESSION,-53,1
CDR202600084937,IPDR202600064190,PRIMARY_SESSION,-697,1
CDR202600004144,IPDR202600064209,PRIMARY_SESSION,-227,1
CDR202600058717,IPDR202600064211,ADDITIONAL_SESSION,-277,1
CDR202600002394,IPDR202600064218,PRIMARY_SESSION,628,1
CDR202600078120,IPDR202600064265,ADDITIONAL_SESSION,-1344,1
CDR202600028124,IPDR202600064269,PRIMARY_SESSION,-20,1
CDR202600083502,IPDR202600064271,PRIMARY_SESSION,-615,1
CDR202600052170,IPDR202600064294,ADDITIONAL_SESSION,1065,1
CDR202600034439,IPDR202600064357,PRIMARY_SESSION,580,1
CDR202600088951,IPDR202600064381,PRIMARY_SESSION,41,1
CDR202600018888,IPDR202600064427,PRIMARY_SESSION,916,1
CDR202600034578,IPDR202600064445,PRIMARY_SESSION,242,1
CDR202600036192,IPDR202600064490,ADDITIONAL_SESSION,-21,1
CDR202600005464,IPDR202600064491,ADDITIONAL_SESSION,-265,1
CDR202600085093,IPDR202600064495,ADDITIONAL_SESSION,-74,1
CDR202600007913,IPDR202600064524,PRIMARY_SESSION,145,1
CDR202600032323,IPDR202600064601,ADDITIONAL_SESSION,1198,1
CDR202600038460,IPDR202600064626,ADDITIONAL_SESSION,-170,1
CDR202600066517,IPDR202600064644,ADDITIONAL_SESSION,226,1
CDR202600057221,IPDR202600064670,ADDITIONAL_SESSION,-247,1
CDR202600018132,IPDR202600064713,ADDITIONAL_SESSION,248,1
CDR202600069492,IPDR202600064725,ADDITIONAL_SESSION,806,1
CDR202600084460,IPDR202600064747,PRIMARY_SESSION,-269,1
CDR202600075293,IPDR202600064748,PRIMARY_SESSION,-12,1
CDR202600000359,IPDR202600064751,PRIMARY_SESSION,228,1
CDR202600055517,IPDR202600064763,PRIMARY_SESSION,-70,1
CDR202600061353,IPDR202600064801,ADDITIONAL_SESSION,16,1
CDR202600010408,IPDR202600064805,PRIMARY_SESSION,59,1
CDR202600014128,IPDR202600064846,ADDITIONAL_SESSION,178,1
CDR202600061528,IPDR202600064847,PRIMARY_SESSION,615,1
CDR202600041894,IPDR202600064895,ADDITIONAL_SESSION,-459,1
CDR202600018661,IPDR202600064897,ADDITIONAL_SESSION,587,1
CDR202600071195,IPDR202600064913,ADDITIONAL_SESSION,988,1
CDR202600070573,IPDR202600064938,ADDITIONAL_SESSION,206,1
CDR202600034871,IPDR202600064958,ADDITIONAL_SESSION,-36,1
CDR202600016594,IPDR202600064971,ADDITIONAL_SESSION,-862,1
CDR202600056956,IPDR202600064978,ADDITIONAL_SESSION,557,1
CDR202600081374,IPDR202600064989,PRIMARY_SESSION,89,1
CDR202600021011,IPDR202600065005,PRIMARY_SESSION,-528,1
CDR202600064388,IPDR202600065011,PRIMARY_SESSION,-47,1
CDR202600048033,IPDR202600065047,PRIMARY_SESSION,-21,1
CDR202600087059,IPDR202600065048,PRIMARY_SESSION,-85,1
CDR202600008783,IPDR202600065057,PRIMARY_SESSION,1594,1
CDR202600058372,IPDR202600065067,ADDITIONAL_SESSION,132,1
CDR202600000262,IPDR202600065151,PRIMARY_SESSION,56,1
CDR202600009334,IPDR202600065153,PRIMARY_SESSION,574,1
CDR202600044174,IPDR202600065165,PRIMARY_SESSION,-99,1
CDR202600012068,IPDR202600065168,PRIMARY_SESSION,-115,1
CDR202600004741,IPDR202600065201,PRIMARY_SESSION,193,1
CDR202600042934,IPDR202600065215,PRIMARY_SESSION,-372,1
CDR202600060006,IPDR202600065218,PRIMARY_SESSION,-148,1
CDR202600011644,IPDR202600065228,ADDITIONAL_SESSION,-137,1
CDR202600081566,IPDR202600065231,ADDITIONAL_SESSION,451,1
CDR202600050494,IPDR202600065314,PRIMARY_SESSION,-1085,1
CDR202600068975,IPDR202600065333,PRIMARY_SESSION,-146,1
CDR202600061421,IPDR202600065374,ADDITIONAL_SESSION,269,1
CDR202600037500,IPDR202600065389,ADDITIONAL_SESSION,-292,1
CDR202600029761,IPDR202600065400,ADDITIONAL_SESSION,-866,1
CDR202600030456,IPDR202600065402,ADDITIONAL_SESSION,37,1
CDR202600009805,IPDR202600065414,PRIMARY_SESSION,230,1
CDR202600087054,IPDR202600065415,PRIMARY_SESSION,357,1
CDR202600027000,IPDR202600065432,PRIMARY_SESSION,53,1
CDR202600067824,IPDR202600065450,PRIMARY_SESSION,26,1
CDR202600069213,IPDR202600065464,ADDITIONAL_SESSION,794,1
CDR202600025379,IPDR202600065471,PRIMARY_SESSION,-265,1
CDR202600068700,IPDR202600065479,ADDITIONAL_SESSION,-46,1
CDR202600078558,IPDR202600065487,ADDITIONAL_SESSION,-30,1
CDR202600013039,IPDR202600065500,PRIMARY_SESSION,807,1
CDR202600019713,IPDR202600065514,PRIMARY_SESSION,-320,1
CDR202600039009,IPDR202600065515,PRIMARY_SESSION,-807,1
CDR202600041898,IPDR202600065532,PRIMARY_SESSION,1603,1
CDR202600064750,IPDR202600065548,PRIMARY_SESSION,-11,1
CDR202600051218,IPDR202600065550,ADDITIONAL_SESSION,-247,1
CDR202600069820,IPDR202600065565,ADDITIONAL_SESSION,-21,1
CDR202600027588,IPDR202600065566,ADDITIONAL_SESSION,822,1
CDR202600084012,IPDR202600065570,PRIMARY_SESSION,-25,1
CDR202600043235,IPDR202600065579,ADDITIONAL_SESSION,520,1
CDR202600088627,IPDR202600065633,PRIMARY_SESSION,206,1
CDR202600036890,IPDR202600065649,ADDITIONAL_SESSION,1342,1
CDR202600073124,IPDR202600065650,PRIMARY_SESSION,17,1
CDR202600041299,IPDR202600065660,PRIMARY_SESSION,33,1
CDR202600050086,IPDR202600065664,ADDITIONAL_SESSION,45,1
CDR202600041054,IPDR202600065679,ADDITIONAL_SESSION,106,1
CDR202600001591,IPDR202600065719,PRIMARY_SESSION,-60,1
CDR202600060314,IPDR202600065743,ADDITIONAL_SESSION,257,1
CDR202600040683,IPDR202600065768,PRIMARY_SESSION,-45,1
CDR202600059900,IPDR202600065780,ADDITIONAL_SESSION,45,1
CDR202600042669,IPDR202600065792,PRIMARY_SESSION,42,1
CDR202600022226,IPDR202600065801,ADDITIONAL_SESSION,-152,1
CDR202600000412,IPDR202600065802,ADDITIONAL_SESSION,507,1
CDR202600049213,IPDR202600065828,PRIMARY_SESSION,30,1
CDR202600033611,IPDR202600065862,ADDITIONAL_SESSION,118,1
CDR202600027255,IPDR202600065863,PRIMARY_SESSION,-38,1
CDR202600048874,IPDR202600065882,PRIMARY_SESSION,-82,1
CDR202600074382,IPDR202600065897,PRIMARY_SESSION,112,1
CDR202600042600,IPDR202600065899,ADDITIONAL_SESSION,41,1
CDR202600087072,IPDR202600065904,PRIMARY_SESSION,261,1
CDR202600053750,IPDR202600065987,PRIMARY_SESSION,-16,1
CDR202600031667,IPDR202600066017,ADDITIONAL_SESSION,871,1
CDR202600074903,IPDR202600066027,ADDITIONAL_SESSION,-86,1
CDR202600068284,IPDR202600066036,PRIMARY_SESSION,42,1
CDR202600090408,IPDR202600066073,ADDITIONAL_SESSION,-49,1
CDR202600052364,IPDR202600066086,ADDITIONAL_SESSION,-799,1
CDR202600041720,IPDR202600066111,ADDITIONAL_SESSION,255,1
CDR202600087408,IPDR202600066146,ADDITIONAL_SESSION,239,1
CDR202600087995,IPDR202600066178,ADDITIONAL_SESSION,-1739,1
CDR202600051044,IPDR202600066185,PRIMARY_SESSION,-661,1
CDR202600033367,IPDR202600066208,ADDITIONAL_SESSION,-143,1
CDR202600054012,IPDR202600066231,PRIMARY_SESSION,-823,1
CDR202600044901,IPDR202600066307,ADDITIONAL_SESSION,-851,1
CDR202600064115,IPDR202600066331,PRIMARY_SESSION,81,1
CDR202600056049,IPDR202600066333,ADDITIONAL_SESSION,-59,1
CDR202600067863,IPDR202600066343,PRIMARY_SESSION,-35,1
CDR202600089641,IPDR202600066346,PRIMARY_SESSION,37,1
CDR202600026379,IPDR202600066353,ADDITIONAL_SESSION,261,1
CDR202600028432,IPDR202600066359,PRIMARY_SESSION,632,1
CDR202600062364,IPDR202600066375,PRIMARY_SESSION,56,1
CDR202600041729,IPDR202600066382,PRIMARY_SESSION,-294,1
CDR202600009918,IPDR202600066389,PRIMARY_SESSION,372,1
CDR202600072445,IPDR202600066392,PRIMARY_SESSION,-137,1
CDR202600015438,IPDR202600066465,ADDITIONAL_SESSION,89,1
CDR202600027927,IPDR202600066469,PRIMARY_SESSION,19,1
CDR202600070515,IPDR202600066513,PRIMARY_SESSION,877,1
CDR202600003083,IPDR202600066522,ADDITIONAL_SESSION,-56,1
CDR202600056057,IPDR202600066531,PRIMARY_SESSION,299,1
CDR202600022881,IPDR202600066546,PRIMARY_SESSION,62,1
CDR202600018234,IPDR202600066552,ADDITIONAL_SESSION,-34,1
CDR202600038397,IPDR202600066574,ADDITIONAL_SESSION,115,1
CDR202600070056,IPDR202600066591,PRIMARY_SESSION,-692,1
CDR202600046686,IPDR202600066671,PRIMARY_SESSION,-144,1
CDR202600008645,IPDR202600066673,ADDITIONAL_SESSION,236,1
CDR202600052489,IPDR202600066683,PRIMARY_SESSION,430,1
CDR202600061702,IPDR202600066694,PRIMARY_SESSION,40,1
CDR202600000719,IPDR202600066697,ADDITIONAL_SESSION,306,1
CDR202600014865,IPDR202600066700,PRIMARY_SESSION,-295,1
CDR202600010115,IPDR202600066750,PRIMARY_SESSION,-38,1
CDR202600067986,IPDR202600066756,PRIMARY_SESSION,151,1
CDR202600030671,IPDR202600066789,PRIMARY_SESSION,37,1
CDR202600005951,IPDR202600066802,PRIMARY_SESSION,-10,1
CDR202600012896,IPDR202600066815,PRIMARY_SESSION,878,1
CDR202600005229,IPDR202600066830,PRIMARY_SESSION,32,1
CDR202600035188,IPDR202600066837,PRIMARY_SESSION,345,1
CDR202600047982,IPDR202600066891,PRIMARY_SESSION,-2,1
CDR202600080739,IPDR202600066913,PRIMARY_SESSION,-42,1
CDR202600003951,IPDR202600066917,PRIMARY_SESSION,1649,1
CDR202600018302,IPDR202600066944,PRIMARY_SESSION,-101,1
CDR202600025215,IPDR202600066957,PRIMARY_SESSION,241,1
CDR202600019740,IPDR202600066975,PRIMARY_SESSION,-140,1
CDR202600084537,IPDR202600067008,ADDITIONAL_SESSION,12,1
CDR202600029217,IPDR202600067018,PRIMARY_SESSION,1200,1
CDR202600063727,IPDR202600067023,PRIMARY_SESSION,31,1
CDR202600060855,IPDR202600067060,PRIMARY_SESSION,693,1
CDR202600037719,IPDR202600067067,PRIMARY_SESSION,-4,1
CDR202600045485,IPDR202600067078,PRIMARY_SESSION,420,1
CDR202600059721,IPDR202600067088,ADDITIONAL_SESSION,-8,1
CDR202600003833,IPDR202600067131,PRIMARY_SESSION,491,1
CDR202600033606,IPDR202600067141,PRIMARY_SESSION,-197,1
CDR202600065333,IPDR202600067151,PRIMARY_SESSION,1251,1
CDR202600068331,IPDR202600067160,PRIMARY_SESSION,147,1
CDR202600086861,IPDR202600067161,ADDITIONAL_SESSION,699,1
CDR202600054984,IPDR202600067165,PRIMARY_SESSION,174,1
CDR202600000437,IPDR202600067176,PRIMARY_SESSION,40,1
CDR202600053648,IPDR202600067198,PRIMARY_SESSION,-834,1
CDR202600025101,IPDR202600067207,ADDITIONAL_SESSION,255,1
CDR202600037008,IPDR202600067249,ADDITIONAL_SESSION,-533,1
CDR202600011186,IPDR202600067250,ADDITIONAL_SESSION,24,1
CDR202600050959,IPDR202600067275,PRIMARY_SESSION,524,1
CDR202600035120,IPDR202600067288,PRIMARY_SESSION,155,1
CDR202600074903,IPDR202600067290,PRIMARY_SESSION,42,1
CDR202600007475,IPDR202600067298,PRIMARY_SESSION,969,1
CDR202600068390,IPDR202600067366,ADDITIONAL_SESSION,227,1
CDR202600037409,IPDR202600067395,PRIMARY_SESSION,-268,1
CDR202600082039,IPDR202600067426,PRIMARY_SESSION,-896,1
CDR202600073337,IPDR202600067469,PRIMARY_SESSION,14,1
CDR202600067711,IPDR202600067492,ADDITIONAL_SESSION,-241,1
CDR202600047480,IPDR202600067509,ADDITIONAL_SESSION,190,1
CDR202600050737,IPDR202600067526,PRIMARY_SESSION,5,1
CDR202600063429,IPDR202600067534,PRIMARY_SESSION,98,1
CDR202600010589,IPDR202600067572,PRIMARY_SESSION,29,1
CDR202600057941,IPDR202600067606,PRIMARY_SESSION,-91,1
CDR202600023347,IPDR202600067617,ADDITIONAL_SESSION,64,1
CDR202600084846,IPDR202600067649,ADDITIONAL_SESSION,104,1
CDR202600041673,IPDR202600067724,ADDITIONAL_SESSION,248,1
CDR202600029112,IPDR202600067752,PRIMARY_SESSION,1729,1
CDR202600060389,IPDR202600067754,ADDITIONAL_SESSION,750,1
CDR202600072970,IPDR202600067761,ADDITIONAL_SESSION,49,1
CDR202600033556,IPDR202600067765,PRIMARY_SESSION,-17,1
CDR202600037460,IPDR202600067795,PRIMARY_SESSION,-52,1
CDR202600041823,IPDR202600067804,ADDITIONAL_SESSION,208,1
CDR202600070785,IPDR202600067816,ADDITIONAL_SESSION,19,1
CDR202600008264,IPDR202600067818,ADDITIONAL_SESSION,-15,1
CDR202600025065,IPDR202600067862,PRIMARY_SESSION,-664,1
CDR202600056642,IPDR202600067919,ADDITIONAL_SESSION,-125,1
CDR202600033626,IPDR202600067958,ADDITIONAL_SESSION,48,1
CDR202600008407,IPDR202600067959,PRIMARY_SESSION,128,1
CDR202600005165,IPDR202600067974,ADDITIONAL_SESSION,233,1
CDR202600007656,IPDR202600067998,ADDITIONAL_SESSION,-753,1
CDR202600003394,IPDR202600068027,PRIMARY_SESSION,-1,1
CDR202600077622,IPDR202600068070,ADDITIONAL_SESSION,-1773,1
CDR202600022659,IPDR202600068076,ADDITIONAL_SESSION,47,1
CDR202600036123,IPDR202600068087,PRIMARY_SESSION,888,1
CDR202600047552,IPDR202600068158,ADDITIONAL_SESSION,-13,1
CDR202600025505,IPDR202600068178,ADDITIONAL_SESSION,625,1
CDR202600026249,IPDR202600068200,ADDITIONAL_SESSION,-750,1
CDR202600009841,IPDR202600068222,PRIMARY_SESSION,199,1
CDR202600076755,IPDR202600068231,ADDITIONAL_SESSION,1649,1
CDR202600010870,IPDR202600068235,PRIMARY_SESSION,655,1
CDR202600031988,IPDR202600068237,PRIMARY_SESSION,221,1
CDR202600015601,IPDR202600068246,ADDITIONAL_SESSION,-44,1
CDR202600070585,IPDR202600068256,PRIMARY_SESSION,239,1
CDR202600045591,IPDR202600068262,ADDITIONAL_SESSION,279,1
CDR202600061800,IPDR202600068264,PRIMARY_SESSION,-271,1
CDR202600012095,IPDR202600068280,ADDITIONAL_SESSION,-160,1
CDR202600023981,IPDR202600068281,ADDITIONAL_SESSION,-65,1
CDR202600011915,IPDR202600068289,PRIMARY_SESSION,446,1
CDR202600047425,IPDR202600068332,ADDITIONAL_SESSION,-96,1
CDR202600025016,IPDR202600068335,ADDITIONAL_SESSION,-249,1
CDR202600003740,IPDR202600068380,PRIMARY_SESSION,-1055,1
CDR202600075739,IPDR202600068396,PRIMARY_SESSION,-36,1
CDR202600049683,IPDR202600068422,PRIMARY_SESSION,-296,1
CDR202600047425,IPDR202600068477,PRIMARY_SESSION,13,1
CDR202600028116,IPDR202600068497,PRIMARY_SESSION,142,1
CDR202600070306,IPDR202600068515,PRIMARY_SESSION,-171,1
CDR202600036620,IPDR202600068556,ADDITIONAL_SESSION,-74,1
CDR202600049556,IPDR202600068586,ADDITIONAL_SESSION,-18,1
CDR202600051122,IPDR202600068644,ADDITIONAL_SESSION,-112,1
CDR202600044325,IPDR202600068653,ADDITIONAL_SESSION,228,1
CDR202600063282,IPDR202600068718,PRIMARY_SESSION,-1,1
CDR202600038060,IPDR202600068730,PRIMARY_SESSION,275,1
CDR202600071191,IPDR202600068799,PRIMARY_SESSION,454,1
CDR202600075973,IPDR202600068816,ADDITIONAL_SESSION,36,1
CDR202600007895,IPDR202600068823,PRIMARY_SESSION,-878,1
CDR202600037624,IPDR202600068861,ADDITIONAL_SESSION,588,1
CDR202600002330,IPDR202600068874,PRIMARY_SESSION,-34,1
CDR202600085945,IPDR202600068908,ADDITIONAL_SESSION,913,1
CDR202600061724,IPDR202600068921,PRIMARY_SESSION,-31,1
CDR202600083282,IPDR202600068922,ADDITIONAL_SESSION,-46,1
CDR202600050897,IPDR202600068932,ADDITIONAL_SESSION,276,1
CDR202600042162,IPDR202600068958,ADDITIONAL_SESSION,-197,1
CDR202600026911,IPDR202600068987,PRIMARY_SESSION,-9,1
CDR202600052730,IPDR202600068989,ADDITIONAL_SESSION,154,1
CDR202600042108,IPDR202600068990,PRIMARY_SESSION,-218,1
CDR202600012663,IPDR202600068996,PRIMARY_SESSION,565,1
CDR202600020510,IPDR202600069007,ADDITIONAL_SESSION,13,1
CDR202600090015,IPDR202600069037,PRIMARY_SESSION,10,1
CDR202600059981,IPDR202600069057,PRIMARY_SESSION,-28,1
CDR202600034210,IPDR202600069062,ADDITIONAL_SESSION,63,1
CDR202600002364,IPDR202600069066,ADDITIONAL_SESSION,-472,1
CDR202600029112,IPDR202600069081,ADDITIONAL_SESSION,746,1
CDR202600030311,IPDR202600069146,ADDITIONAL_SESSION,-1189,1
CDR202600010467,IPDR202600069184,PRIMARY_SESSION,38,1
CDR202600032939,IPDR202600069198,PRIMARY_SESSION,-279,1
CDR202600052364,IPDR202600069199,ADDITIONAL_SESSION,314,1
CDR202600035462,IPDR202600069227,PRIMARY_SESSION,49,1
CDR202600081099,IPDR202600069233,ADDITIONAL_SESSION,-960,1
CDR202600015600,IPDR202600069255,PRIMARY_SESSION,-240,1
CDR202600068005,IPDR202600069263,PRIMARY_SESSION,-29,1
CDR202600048092,IPDR202600069285,ADDITIONAL_SESSION,492,1
CDR202600033974,IPDR202600069302,PRIMARY_SESSION,280,1
CDR202600013880,IPDR202600069309,PRIMARY_SESSION,-594,1
CDR202600060006,IPDR202600069324,ADDITIONAL_SESSION,-33,1
CDR202600014592,IPDR202600069338,PRIMARY_SESSION,174,1
CDR202600032661,IPDR202600069353,ADDITIONAL_SESSION,1518,1
CDR202600010035,IPDR202600069361,ADDITIONAL_SESSION,-420,1
CDR202600016878,IPDR202600069377,PRIMARY_SESSION,208,1
CDR202600082456,IPDR202600069384,ADDITIONAL_SESSION,41,1
CDR202600012940,IPDR202600069386,PRIMARY_SESSION,-80,1
CDR202600063431,IPDR202600069451,ADDITIONAL_SESSION,891,1
CDR202600060486,IPDR202600069493,PRIMARY_SESSION,512,1
CDR202600023362,IPDR202600069503,ADDITIONAL_SESSION,24,1
CDR202600019255,IPDR202600069514,ADDITIONAL_SESSION,-8,1
CDR202600070573,IPDR202600069541,PRIMARY_SESSION,-60,1
CDR202600014866,IPDR202600069558,PRIMARY_SESSION,818,1
CDR202600007393,IPDR202600069565,PRIMARY_SESSION,-23,1
CDR202600041687,IPDR202600069576,PRIMARY_SESSION,787,1
CDR202600058162,IPDR202600069578,PRIMARY_SESSION,589,1
CDR202600058428,IPDR202600069632,PRIMARY_SESSION,185,1
CDR202600002292,IPDR202600069654,ADDITIONAL_SESSION,140,1
CDR202600020441,IPDR202600069703,PRIMARY_SESSION,-269,1
CDR202600033833,IPDR202600069738,ADDITIONAL_SESSION,56,1
CDR202600011026,IPDR202600069761,PRIMARY_SESSION,18,1
CDR202600082268,IPDR202600069789,PRIMARY_SESSION,359,1
CDR202600049756,IPDR202600069806,ADDITIONAL_SESSION,-63,1
CDR202600052001,IPDR202600069808,PRIMARY_SESSION,440,1
CDR202600049427,IPDR202600069837,PRIMARY_SESSION,801,1
CDR202600080003,IPDR202600069842,ADDITIONAL_SESSION,683,1
CDR202600062225,IPDR202600069851,PRIMARY_SESSION,-718,1
CDR202600048151,IPDR202600069854,PRIMARY_SESSION,-43,1
CDR202600034844,IPDR202600069856,ADDITIONAL_SESSION,-285,1
CDR202600045912,IPDR202600069866,ADDITIONAL_SESSION,192,1
CDR202600035399,IPDR202600069890,PRIMARY_SESSION,53,1
CDR202600080759,IPDR202600069924,PRIMARY_SESSION,-41,1
CDR202600061353,IPDR202600069953,PRIMARY_SESSION,-22,1
CDR202600032827,IPDR202600069966,PRIMARY_SESSION,-13,1
CDR202600000495,IPDR202600069981,PRIMARY_SESSION,-717,1
CDR202600040924,IPDR202600069988,PRIMARY_SESSION,-1515,1
CDR202600040427,IPDR202600070000,ADDITIONAL_SESSION,246,1
CDR202600003859,IPDR202600070009,ADDITIONAL_SESSION,-168,1
CDR202600077965,IPDR202600070052,ADDITIONAL_SESSION,31,1
CDR202600073688,IPDR202600070096,ADDITIONAL_SESSION,773,1
CDR202600066938,IPDR202600070109,PRIMARY_SESSION,34,1
CDR202600053644,IPDR202600070117,ADDITIONAL_SESSION,1661,1
CDR202600028175,IPDR202600070206,PRIMARY_SESSION,-13,1
CDR202600034067,IPDR202600070236,PRIMARY_SESSION,723,1
CDR202600028993,IPDR202600070273,PRIMARY_SESSION,281,1
CDR202600030031,IPDR202600070286,PRIMARY_SESSION,-98,1
CDR202600078272,IPDR202600070302,PRIMARY_SESSION,-343,1
CDR202600001433,IPDR202600070309,ADDITIONAL_SESSION,-53,1
CDR202600039348,IPDR202600070314,ADDITIONAL_SESSION,-871,1
CDR202600067638,IPDR202600070333,PRIMARY_SESSION,1426,1
CDR202600042733,IPDR202600070346,PRIMARY_SESSION,128,1
CDR202600015381,IPDR202600070349,ADDITIONAL_SESSION,-845,1
CDR202600081099,IPDR202600070359,ADDITIONAL_SESSION,835,1
CDR202600089074,IPDR202600070373,ADDITIONAL_SESSION,53,1
CDR202600082287,IPDR202600070385,ADDITIONAL_SESSION,125,1
CDR202600077140,IPDR202600070405,ADDITIONAL_SESSION,478,1
CDR202600073161,IPDR202600070431,PRIMARY_SESSION,426,1
CDR202600018283,IPDR202600070457,ADDITIONAL_SESSION,294,1
CDR202600019850,IPDR202600070475,ADDITIONAL_SESSION,-37,1
CDR202600013675,IPDR202600070480,PRIMARY_SESSION,-138,1
CDR202600040382,IPDR202600070487,ADDITIONAL_SESSION,-830,1
CDR202600036620,IPDR202600070494,ADDITIONAL_SESSION,-31,1
CDR202600080827,IPDR202600070502,PRIMARY_SESSION,-50,1
CDR202600028487,IPDR202600070540,PRIMARY_SESSION,2,1
CDR202600040509,IPDR202600070543,ADDITIONAL_SESSION,22,1
CDR202600038704,IPDR202600070568,PRIMARY_SESSION,1206,1
CDR202600074357,IPDR202600070586,PRIMARY_SESSION,-1149,1
CDR202600037382,IPDR202600070593,PRIMARY_SESSION,757,1
CDR202600042376,IPDR202600070600,PRIMARY_SESSION,-283,1
CDR202600066772,IPDR202600070603,PRIMARY_SESSION,-461,1
CDR202600051130,IPDR202600070660,PRIMARY_SESSION,23,1
CDR202600057967,IPDR202600070664,ADDITIONAL_SESSION,-14,1
CDR202600015789,IPDR202600070669,PRIMARY_SESSION,173,1
CDR202600028002,IPDR202600070675,PRIMARY_SESSION,84,1
CDR202600072660,IPDR202600070705,ADDITIONAL_SESSION,-1147,1
CDR202600005268,IPDR202600070707,ADDITIONAL_SESSION,583,1
CDR202600061361,IPDR202600070758,ADDITIONAL_SESSION,-26,1
CDR202600035244,IPDR202600070784,PRIMARY_SESSION,389,1
CDR202600072045,IPDR202600070786,PRIMARY_SESSION,-726,1
CDR202600037500,IPDR202600070792,PRIMARY_SESSION,-27,1
CDR202600044111,IPDR202600070804,PRIMARY_SESSION,23,1
CDR202600063074,IPDR202600070808,ADDITIONAL_SESSION,-1008,1
CDR202600040015,IPDR202600070824,PRIMARY_SESSION,-62,1
CDR202600089418,IPDR202600070851,PRIMARY_SESSION,-30,1
CDR202600054884,IPDR202600070883,ADDITIONAL_SESSION,300,1
CDR202600086452,IPDR202600070888,PRIMARY_SESSION,-289,1
CDR202600063662,IPDR202600070902,PRIMARY_SESSION,180,1
CDR202600086797,IPDR202600070903,PRIMARY_SESSION,654,1
CDR202600047552,IPDR202600070986,ADDITIONAL_SESSION,27,1
CDR202600090408,IPDR202600070997,ADDITIONAL_SESSION,12,1
CDR202600068134,IPDR202600071014,PRIMARY_SESSION,-91,1
CDR202600024988,IPDR202600071076,PRIMARY_SESSION,-59,1
CDR202600078195,IPDR202600071081,ADDITIONAL_SESSION,-182,1
CDR202600058785,IPDR202600071082,PRIMARY_SESSION,118,1
CDR202600045524,IPDR202600071112,ADDITIONAL_SESSION,-83,1
CDR202600021794,IPDR202600071135,PRIMARY_SESSION,-32,1
CDR202600074192,IPDR202600071136,PRIMARY_SESSION,-624,1
CDR202600026109,IPDR202600071145,ADDITIONAL_SESSION,110,1
CDR202600027027,IPDR202600071154,PRIMARY_SESSION,-1230,1
CDR202600024175,IPDR202600071167,PRIMARY_SESSION,-203,1
CDR202600030008,IPDR202600071212,ADDITIONAL_SESSION,-1414,1
CDR202600011778,IPDR202600071216,ADDITIONAL_SESSION,40,1
CDR202600020912,IPDR202600071256,ADDITIONAL_SESSION,163,1
CDR202600064727,IPDR202600071269,PRIMARY_SESSION,43,1
CDR202600060742,IPDR202600071277,ADDITIONAL_SESSION,-109,1
CDR202600076566,IPDR202600071369,PRIMARY_SESSION,-137,1
CDR202600002605,IPDR202600071408,ADDITIONAL_SESSION,-32,1
CDR202600059123,IPDR202600071413,PRIMARY_SESSION,288,1
CDR202600027330,IPDR202600071442,PRIMARY_SESSION,-213,1
CDR202600007321,IPDR202600071477,ADDITIONAL_SESSION,267,1
CDR202600042539,IPDR202600071486,ADDITIONAL_SESSION,-66,1
CDR202600013483,IPDR202600071494,PRIMARY_SESSION,-11,1
CDR202600081552,IPDR202600071542,ADDITIONAL_SESSION,10,1
CDR202600040387,IPDR202600071551,ADDITIONAL_SESSION,50,1
CDR202600067039,IPDR202600071556,ADDITIONAL_SESSION,-230,1
CDR202600033902,IPDR202600071586,PRIMARY_SESSION,57,1
CDR202600043611,IPDR202600071637,PRIMARY_SESSION,-235,1
CDR202600081721,IPDR202600071645,PRIMARY_SESSION,271,1
CDR202600053447,IPDR202600071668,ADDITIONAL_SESSION,76,1
CDR202600016296,IPDR202600071701,PRIMARY_SESSION,-631,1
CDR202600055741,IPDR202600071706,PRIMARY_SESSION,-21,1
CDR202600024867,IPDR202600071712,ADDITIONAL_SESSION,59,1
CDR202600089028,IPDR202600071723,PRIMARY_SESSION,-259,1
CDR202600033108,IPDR202600071742,PRIMARY_SESSION,163,1
CDR202600048737,IPDR202600071743,ADDITIONAL_SESSION,668,1
CDR202600084012,IPDR202600071748,ADDITIONAL_SESSION,93,1
CDR202600034410,IPDR202600071758,PRIMARY_SESSION,-241,1
CDR202600003280,IPDR202600071794,PRIMARY_SESSION,2,1
CDR202600023525,IPDR202600071833,PRIMARY_SESSION,214,1
CDR202600073012,IPDR202600071869,PRIMARY_SESSION,-1031,1
CDR202600042466,IPDR202600071872,PRIMARY_SESSION,-175,1
CDR202600076542,IPDR202600071883,PRIMARY_SESSION,628,1
CDR202600014547,IPDR202600071904,PRIMARY_SESSION,69,1
CDR202600005883,IPDR202600071937,PRIMARY_SESSION,-1748,1
CDR202600044623,IPDR202600071969,ADDITIONAL_SESSION,-17,1
CDR202600004434,IPDR202600071973,ADDITIONAL_SESSION,4,1
CDR202600046233,IPDR202600071989,PRIMARY_SESSION,-1786,1
CDR202600017392,IPDR202600072040,ADDITIONAL_SESSION,863,1
CDR202600078389,IPDR202600072070,ADDITIONAL_SESSION,178,1
CDR202600024252,IPDR202600072075,ADDITIONAL_SESSION,130,1
CDR202600030493,IPDR202600072093,ADDITIONAL_SESSION,-59,1
CDR202600039395,IPDR202600072114,PRIMARY_SESSION,-321,1
CDR202600045478,IPDR202600072117,PRIMARY_SESSION,-328,1
CDR202600039316,IPDR202600072135,ADDITIONAL_SESSION,145,1
CDR202600037187,IPDR202600072180,ADDITIONAL_SESSION,1348,1
CDR202600070294,IPDR202600072194,PRIMARY_SESSION,708,1
CDR202600081491,IPDR202600072223,ADDITIONAL_SESSION,144,1
CDR202600039447,IPDR202600072232,ADDITIONAL_SESSION,-725,1
CDR202600012125,IPDR202600072240,ADDITIONAL_SESSION,891,1
CDR202600023469,IPDR202600072256,PRIMARY_SESSION,-1628,1
CDR202600047544,IPDR202600072264,PRIMARY_SESSION,-221,1
CDR202600082075,IPDR202600072266,ADDITIONAL_SESSION,-804,1
CDR202600077908,IPDR202600072281,PRIMARY_SESSION,56,1
CDR202600032798,IPDR202600072305,PRIMARY_SESSION,56,1
CDR202600037371,IPDR202600072313,ADDITIONAL_SESSION,-41,1
CDR202600084460,IPDR202600072391,ADDITIONAL_SESSION,-33,1
CDR202600022226,IPDR202600072403,PRIMARY_SESSION,50,1
CDR202600028486,IPDR202600072407,ADDITIONAL_SESSION,29,1
CDR202600055673,IPDR202600072408,PRIMARY_SESSION,57,1
CDR202600080108,IPDR202600072410,PRIMARY_SESSION,117,1
CDR202600041027,IPDR202600072456,ADDITIONAL_SESSION,-99,1
CDR202600038990,IPDR202600072463,PRIMARY_SESSION,204,1
CDR202600043550,IPDR202600072528,PRIMARY_SESSION,-814,1
CDR202600086931,IPDR202600072539,ADDITIONAL_SESSION,-17,1
CDR202600071083,IPDR202600072573,PRIMARY_SESSION,57,1
CDR202600068649,IPDR202600072596,ADDITIONAL_SESSION,29,1
CDR202600023960,IPDR202600072620,ADDITIONAL_SESSION,-982,1
CDR202600088720,IPDR202600072634,PRIMARY_SESSION,34,1
CDR202600042423,IPDR202600072636,ADDITIONAL_SESSION,-25,1
CDR202600036192,IPDR202600072651,ADDITIONAL_SESSION,-955,1
CDR202600069400,IPDR202600072664,PRIMARY_SESSION,-582,1
CDR202600021578,IPDR202600072683,PRIMARY_SESSION,-684,1
CDR202600011498,IPDR202600072688,PRIMARY_SESSION,284,1
CDR202600046712,IPDR202600072741,PRIMARY_SESSION,165,1
CDR202600060104,IPDR202600072792,PRIMARY_SESSION,58,1
CDR202600089641,IPDR202600072814,ADDITIONAL_SESSION,47,1
CDR202600077666,IPDR202600072832,ADDITIONAL_SESSION,-35,1
CDR202600005012,IPDR202600072893,PRIMARY_SESSION,-237,1
CDR202600002214,IPDR202600072971,PRIMARY_SESSION,39,1
CDR202600071822,IPDR202600072978,PRIMARY_SESSION,-863,1
CDR202600005268,IPDR202600072981,ADDITIONAL_SESSION,52,1
CDR202600024135,IPDR202600072996,ADDITIONAL_SESSION,-360,1
CDR202600006786,IPDR202600073003,ADDITIONAL_SESSION,-23,1
CDR202600022639,IPDR202600073066,PRIMARY_SESSION,18,1
CDR202600009172,IPDR202600073076,ADDITIONAL_SESSION,43,1
CDR202600038685,IPDR202600073094,ADDITIONAL_SESSION,-1,1
CDR202600081049,IPDR202600073124,PRIMARY_SESSION,-141,1
CDR202600044812,IPDR202600073133,ADDITIONAL_SESSION,-965,1
CDR202600013564,IPDR202600073136,PRIMARY_SESSION,-41,1
CDR202600004383,IPDR202600073169,PRIMARY_SESSION,1523,1
CDR202600059721,IPDR202600073235,ADDITIONAL_SESSION,-827,1
CDR202600074612,IPDR202600073240,ADDITIONAL_SESSION,-1477,1
CDR202600039990,IPDR202600073248,PRIMARY_SESSION,293,1
CDR202600020337,IPDR202600073262,ADDITIONAL_SESSION,-572,1
CDR202600065733,IPDR202600073272,PRIMARY_SESSION,-313,1
CDR202600068390,IPDR202600073336,PRIMARY_SESSION,1391,1
CDR202600025826,IPDR202600073347,PRIMARY_SESSION,481,1
CDR202600082770,IPDR202600073386,PRIMARY_SESSION,-519,1
CDR202600083286,IPDR202600073426,PRIMARY_SESSION,-576,1
CDR202600022226,IPDR202600073427,ADDITIONAL_SESSION,-1299,1
CDR202600080739,IPDR202600073431,ADDITIONAL_SESSION,-358,1
CDR202600031308,IPDR202600073438,PRIMARY_SESSION,-67,1
CDR202600058364,IPDR202600073449,PRIMARY_SESSION,267,1
CDR202600046864,IPDR202600073525,PRIMARY_SESSION,-251,1
CDR202600048920,IPDR202600073533,PRIMARY_SESSION,-31,1
CDR202600046076,IPDR202600073567,ADDITIONAL_SESSION,467,1
CDR202600059044,IPDR202600073628,PRIMARY_SESSION,54,1
CDR202600044039,IPDR202600073659,PRIMARY_SESSION,85,1
CDR202600044101,IPDR202600073668,PRIMARY_SESSION,-215,1
CDR202600074311,IPDR202600073676,PRIMARY_SESSION,-19,1
CDR202600047569,IPDR202600073773,PRIMARY_SESSION,-103,1
CDR202600010404,IPDR202600073860,PRIMARY_SESSION,-19,1
CDR202600057623,IPDR202600073942,ADDITIONAL_SESSION,578,1
CDR202600057129,IPDR202600073967,ADDITIONAL_SESSION,-56,1
CDR202600057426,IPDR202600073973,ADDITIONAL_SESSION,-42,1
CDR202600076910,IPDR202600073977,ADDITIONAL_SESSION,-18,1
CDR202600082268,IPDR202600074009,ADDITIONAL_SESSION,-102,1
CDR202600059775,IPDR202600074026,PRIMARY_SESSION,-897,1
CDR202600090083,IPDR202600074063,ADDITIONAL_SESSION,-1628,1
CDR202600055246,IPDR202600074066,ADDITIONAL_SESSION,232,1
CDR202600063553,IPDR202600074071,ADDITIONAL_SESSION,-285,1
CDR202600085283,IPDR202600074096,PRIMARY_SESSION,20,1
CDR202600011825,IPDR202600074105,PRIMARY_SESSION,99,1
CDR202600087886,IPDR202600074113,PRIMARY_SESSION,-405,1
CDR202600085737,IPDR202600074130,PRIMARY_SESSION,-481,1
CDR202600088884,IPDR202600074144,PRIMARY_SESSION,1712,1
CDR202600078431,IPDR202600074175,PRIMARY_SESSION,-575,1
CDR202600040814,IPDR202600074197,ADDITIONAL_SESSION,297,1
CDR202600075208,IPDR202600074209,PRIMARY_SESSION,-897,1
CDR202600039134,IPDR202600074233,PRIMARY_SESSION,-188,1
CDR202600070968,IPDR202600074242,PRIMARY_SESSION,5,1
CDR202600054120,IPDR202600074246,ADDITIONAL_SESSION,159,1
CDR202600044971,IPDR202600074253,PRIMARY_SESSION,-139,1
CDR202600044097,IPDR202600074329,ADDITIONAL_SESSION,839,1
CDR202600036842,IPDR202600074369,ADDITIONAL_SESSION,-16,1
CDR202600067179,IPDR202600074386,ADDITIONAL_SESSION,-685,1
CDR202600033242,IPDR202600074407,ADDITIONAL_SESSION,-202,1
CDR202600068998,IPDR202600074423,PRIMARY_SESSION,842,1
CDR202600061153,IPDR202600074460,ADDITIONAL_SESSION,-219,1
CDR202600020202,IPDR202600074468,PRIMARY_SESSION,80,1
CDR202600042747,IPDR202600074477,PRIMARY_SESSION,-27,1
CDR202600046162,IPDR202600074502,PRIMARY_SESSION,-65,1
CDR202600049790,IPDR202600074538,ADDITIONAL_SESSION,-603,1
CDR202600001986,IPDR202600074553,PRIMARY_SESSION,-1523,1
CDR202600085767,IPDR202600074571,PRIMARY_SESSION,-299,1
CDR202600044532,IPDR202600074586,ADDITIONAL_SESSION,206,1
CDR202600037488,IPDR202600074597,PRIMARY_SESSION,-1091,1
CDR202600083487,IPDR202600074638,PRIMARY_SESSION,268,1
CDR202600036529,IPDR202600074658,ADDITIONAL_SESSION,-30,1
CDR202600077677,IPDR202600074673,ADDITIONAL_SESSION,-175,1
CDR202600062935,IPDR202600074701,ADDITIONAL_SESSION,754,1
CDR202600005573,IPDR202600074730,PRIMARY_SESSION,-1389,1
CDR202600054206,IPDR202600074733,PRIMARY_SESSION,162,1
CDR202600081552,IPDR202600074738,PRIMARY_SESSION,-326,1
CDR202600087616,IPDR202600074764,PRIMARY_SESSION,476,1
CDR202600071017,IPDR202600074774,PRIMARY_SESSION,1103,1
CDR202600072772,IPDR202600074815,PRIMARY_SESSION,1592,1
CDR202600023208,IPDR202600074836,PRIMARY_SESSION,672,1
CDR202600050751,IPDR202600074860,PRIMARY_SESSION,-643,1
CDR202600068863,IPDR202600074861,PRIMARY_SESSION,-598,1
CDR202600065589,IPDR202600074892,PRIMARY_SESSION,127,1
CDR202600075224,IPDR202600074897,PRIMARY_SESSION,-656,1
CDR202600090868,IPDR202600074903,PRIMARY_SESSION,60,1
CDR202600071992,IPDR202600074910,PRIMARY_SESSION,-181,1
CDR202600046514,IPDR202600074916,PRIMARY_SESSION,776,1
CDR202600002690,IPDR202600074924,PRIMARY_SESSION,-537,1
CDR202600015601,IPDR202600074979,PRIMARY_SESSION,-12,1
CDR202600074852,IPDR202600074988,ADDITIONAL_SESSION,-16,1
CDR202600057992,IPDR202600075019,PRIMARY_SESSION,62,1
CDR202600021066,IPDR202600075026,ADDITIONAL_SESSION,-351,1
CDR202600054069,IPDR202600075085,PRIMARY_SESSION,202,1
CDR202600008472,IPDR202600075092,PRIMARY_SESSION,-164,1
CDR202600052158,IPDR202600075135,ADDITIONAL_SESSION,800,1
CDR202600018533,IPDR202600075139,PRIMARY_SESSION,195,1
CDR202600057949,IPDR202600075157,ADDITIONAL_SESSION,-382,1
CDR202600028034,IPDR202600075166,ADDITIONAL_SESSION,127,1
CDR202600050342,IPDR202600075171,ADDITIONAL_SESSION,-5,1
CDR202600084250,IPDR202600075181,ADDITIONAL_SESSION,-412,1
CDR202600087056,IPDR202600075187,PRIMARY_SESSION,246,1
CDR202600034177,IPDR202600075208,ADDITIONAL_SESSION,1685,1
CDR202600025375,IPDR202600075217,ADDITIONAL_SESSION,-41,1
CDR202600008687,IPDR202600075223,ADDITIONAL_SESSION,689,1
CDR202600037371,IPDR202600075236,ADDITIONAL_SESSION,-1203,1
CDR202600045845,IPDR202600075273,PRIMARY_SESSION,-620,1
CDR202600050332,IPDR202600075274,ADDITIONAL_SESSION,-449,1
CDR202600039080,IPDR202600075317,PRIMARY_SESSION,50,1
CDR202600079394,IPDR202600075360,PRIMARY_SESSION,-197,1
CDR202600006984,IPDR202600075364,PRIMARY_SESSION,108,1
CDR202600025036,IPDR202600075419,PRIMARY_SESSION,-80,1
CDR202600063864,IPDR202600075428,ADDITIONAL_SESSION,-713,1
CDR202600067876,IPDR202600075456,ADDITIONAL_SESSION,797,1
CDR202600062825,IPDR202600075459,PRIMARY_SESSION,-40,1
CDR202600063710,IPDR202600075474,PRIMARY_SESSION,-504,1
CDR202600033916,IPDR202600075480,PRIMARY_SESSION,-54,1
CDR202600080612,IPDR202600075494,PRIMARY_SESSION,-754,1
CDR202600066875,IPDR202600075562,ADDITIONAL_SESSION,283,1
CDR202600071213,IPDR202600075564,PRIMARY_SESSION,-59,1
CDR202600072268,IPDR202600075565,ADDITIONAL_SESSION,-181,1
CDR202600004241,IPDR202600075566,ADDITIONAL_SESSION,74,1
CDR202600064852,IPDR202600075579,PRIMARY_SESSION,-29,1
CDR202600030670,IPDR202600075601,PRIMARY_SESSION,190,1
CDR202600019001,IPDR202600075617,PRIMARY_SESSION,-48,1
CDR202600039297,IPDR202600075647,PRIMARY_SESSION,487,1
CDR202600070526,IPDR202600075650,PRIMARY_SESSION,-9,1
CDR202600072941,IPDR202600075709,PRIMARY_SESSION,34,1
CDR202600007428,IPDR202600075714,ADDITIONAL_SESSION,779,1
CDR202600049021,IPDR202600075738,ADDITIONAL_SESSION,841,1
CDR202600002752,IPDR202600075752,PRIMARY_SESSION,23,1
CDR202600003480,IPDR202600075764,PRIMARY_SESSION,-51,1
CDR202600065612,IPDR202600075780,PRIMARY_SESSION,1315,1
CDR202600058341,IPDR202600075783,ADDITIONAL_SESSION,-664,1
CDR202600075785,IPDR202600075794,PRIMARY_SESSION,-500,1
CDR202600088844,IPDR202600075812,ADDITIONAL_SESSION,-357,1
CDR202600054977,IPDR202600075815,ADDITIONAL_SESSION,-54,1
CDR202600015937,IPDR202600075864,PRIMARY_SESSION,-66,1
CDR202600076978,IPDR202600075905,ADDITIONAL_SESSION,883,1
CDR202600001942,IPDR202600075906,PRIMARY_SESSION,15,1
CDR202600025065,IPDR202600075911,ADDITIONAL_SESSION,-265,1
CDR202600018795,IPDR202600075918,PRIMARY_SESSION,204,1
CDR202600038468,IPDR202600075935,PRIMARY_SESSION,-17,1
CDR202600014639,IPDR202600075969,PRIMARY_SESSION,49,1
CDR202600053696,IPDR202600075992,PRIMARY_SESSION,-175,1
CDR202600047406,IPDR202600076022,ADDITIONAL_SESSION,-83,1
CDR202600010631,IPDR202600076034,ADDITIONAL_SESSION,-27,1
CDR202600001844,IPDR202600076049,PRIMARY_SESSION,97,1
CDR202600066327,IPDR202600076116,ADDITIONAL_SESSION,-472,1
CDR202600032423,IPDR202600076117,PRIMARY_SESSION,1180,1
CDR202600014917,IPDR202600076137,ADDITIONAL_SESSION,-53,1
CDR202600008840,IPDR202600076171,PRIMARY_SESSION,42,1
CDR202600047982,IPDR202600076217,ADDITIONAL_SESSION,620,1
CDR202600022477,IPDR202600076243,ADDITIONAL_SESSION,-636,1
CDR202600000660,IPDR202600076245,PRIMARY_SESSION,743,1
CDR202600046807,IPDR202600076338,PRIMARY_SESSION,-349,1
CDR202600038484,IPDR202600076390,PRIMARY_SESSION,-286,1
CDR202600025016,IPDR202600076422,PRIMARY_SESSION,-757,1
CDR202600000515,IPDR202600076423,PRIMARY_SESSION,1335,1
CDR202600088876,IPDR202600076433,PRIMARY_SESSION,-158,1
CDR202600018239,IPDR202600076440,PRIMARY_SESSION,-47,1
CDR202600088825,IPDR202600076461,PRIMARY_SESSION,-14,1
CDR202600003451,IPDR202600076503,PRIMARY_SESSION,-151,1
CDR202600081721,IPDR202600076509,ADDITIONAL_SESSION,1287,1
CDR202600023659,IPDR202600076513,PRIMARY_SESSION,49,1
CDR202600065151,IPDR202600076515,PRIMARY_SESSION,-97,1
CDR202600053256,IPDR202600076546,ADDITIONAL_SESSION,1630,1
CDR202600049740,IPDR202600076559,PRIMARY_SESSION,-104,1
CDR202600017284,IPDR202600076583,PRIMARY_SESSION,320,1
CDR202600016208,IPDR202600076608,PRIMARY_SESSION,-47,1
CDR202600030273,IPDR202600076609,PRIMARY_SESSION,-565,1
CDR202600023769,IPDR202600076627,ADDITIONAL_SESSION,-873,1
CDR202600064974,IPDR202600076636,PRIMARY_SESSION,354,1
CDR202600030653,IPDR202600076637,PRIMARY_SESSION,235,1
CDR202600084843,IPDR202600076638,PRIMARY_SESSION,233,1
CDR202600010835,IPDR202600076642,ADDITIONAL_SESSION,1608,1
CDR202600059095,IPDR202600076689,PRIMARY_SESSION,98,1
CDR202600005790,IPDR202600076691,PRIMARY_SESSION,-1772,1
CDR202600072437,IPDR202600076713,PRIMARY_SESSION,29,1
CDR202600075674,IPDR202600076741,ADDITIONAL_SESSION,-564,1
CDR202600042585,IPDR202600076766,PRIMARY_SESSION,30,1
CDR202600018419,IPDR202600076785,PRIMARY_SESSION,-39,1
CDR202600022998,IPDR202600076794,PRIMARY_SESSION,-889,1
CDR202600089385,IPDR202600076797,ADDITIONAL_SESSION,520,1
CDR202600030547,IPDR202600076803,PRIMARY_SESSION,122,1
CDR202600045038,IPDR202600076845,PRIMARY_SESSION,-208,1
CDR202600053267,IPDR202600076862,ADDITIONAL_SESSION,89,1
CDR202600067824,IPDR202600076875,ADDITIONAL_SESSION,-42,1
CDR202600016270,IPDR202600076881,PRIMARY_SESSION,-1102,1
CDR202600013357,IPDR202600076882,PRIMARY_SESSION,1078,1
CDR202600086235,IPDR202600076903,PRIMARY_SESSION,498,1
CDR202600039015,IPDR202600076907,PRIMARY_SESSION,-1621,1
CDR202600050109,IPDR202600076909,PRIMARY_SESSION,-532,1
CDR202600014998,IPDR202600076914,PRIMARY_SESSION,-1227,1
CDR202600071812,IPDR202600076921,ADDITIONAL_SESSION,-198,1
CDR202600011017,IPDR202600076927,ADDITIONAL_SESSION,-875,1
CDR202600044254,IPDR202600076934,PRIMARY_SESSION,187,1
CDR202600073696,IPDR202600076966,PRIMARY_SESSION,-1200,1
CDR202600007379,IPDR202600077043,ADDITIONAL_SESSION,1258,1
CDR202600064134,IPDR202600077052,PRIMARY_SESSION,189,1
CDR202600071411,IPDR202600077060,PRIMARY_SESSION,-68,1
CDR202600065258,IPDR202600077063,PRIMARY_SESSION,-4,1
CDR202600079550,IPDR202600077073,ADDITIONAL_SESSION,-90,1
CDR202600013235,IPDR202600077097,ADDITIONAL_SESSION,843,1
CDR202600042163,IPDR202600077123,PRIMARY_SESSION,11,1
CDR202600006243,IPDR202600077139,PRIMARY_SESSION,375,1
CDR202600052207,IPDR202600077157,PRIMARY_SESSION,-60,1
CDR202600024835,IPDR202600077168,PRIMARY_SESSION,-72,1
CDR202600002594,IPDR202600077262,PRIMARY_SESSION,114,1
CDR202600052435,IPDR202600077271,ADDITIONAL_SESSION,-203,1
CDR202600023058,IPDR202600077275,PRIMARY_SESSION,6,1
CDR202600016210,IPDR202600077306,PRIMARY_SESSION,258,1
CDR202600045140,IPDR202600077308,PRIMARY_SESSION,-40,1
CDR202600028941,IPDR202600077387,ADDITIONAL_SESSION,103,1
CDR202600086092,IPDR202600077392,PRIMARY_SESSION,-695,1
CDR202600031102,IPDR202600077406,PRIMARY_SESSION,-734,1
CDR202600036143,IPDR202600077419,PRIMARY_SESSION,569,1
CDR202600064366,IPDR202600077511,PRIMARY_SESSION,-8,1
CDR202600083509,IPDR202600077540,PRIMARY_SESSION,-767,1
CDR202600013910,IPDR202600077562,PRIMARY_SESSION,410,1
CDR202600026760,IPDR202600077588,PRIMARY_SESSION,1314,1
CDR202600059619,IPDR202600077593,PRIMARY_SESSION,310,1
CDR202600058868,IPDR202600077620,PRIMARY_SESSION,-64,1
CDR202600032676,IPDR202600077640,PRIMARY_SESSION,5,1
CDR202600008311,IPDR202600077669,ADDITIONAL_SESSION,-1728,1
CDR202600033242,IPDR202600077677,PRIMARY_SESSION,-268,1
CDR202600014327,IPDR202600077722,ADDITIONAL_SESSION,240,1
CDR202600075550,IPDR202600077746,ADDITIONAL_SESSION,-264,1
CDR202600042947,IPDR202600077751,PRIMARY_SESSION,-288,1
CDR202600006494,IPDR202600077763,ADDITIONAL_SESSION,60,1
CDR202600056330,IPDR202600077764,ADDITIONAL_SESSION,295,1
CDR202600050212,IPDR202600077771,PRIMARY_SESSION,-167,1
CDR202600077797,IPDR202600077781,PRIMARY_SESSION,-297,1
CDR202600054266,IPDR202600077791,ADDITIONAL_SESSION,-381,1
CDR202600065362,IPDR202600077801,ADDITIONAL_SESSION,-52,1
CDR202600049882,IPDR202600077810,PRIMARY_SESSION,-199,1
CDR202600045912,IPDR202600077814,ADDITIONAL_SESSION,-160,1
CDR202600070836,IPDR202600077817,PRIMARY_SESSION,355,1
CDR202600061206,IPDR202600077853,ADDITIONAL_SESSION,83,1
CDR202600040814,IPDR202600077863,PRIMARY_SESSION,314,1
CDR202600015381,IPDR202600077865,PRIMARY_SESSION,586,1
CDR202600028687,IPDR202600077870,PRIMARY_SESSION,-1550,1
CDR202600038361,IPDR202600077911,PRIMARY_SESSION,-38,1
CDR202600018788,IPDR202600077930,PRIMARY_SESSION,728,1
CDR202600070573,IPDR202600077935,ADDITIONAL_SESSION,9,1
CDR202600008058,IPDR202600077940,PRIMARY_SESSION,-213,1
CDR202600051636,IPDR202600077990,PRIMARY_SESSION,-52,1
CDR202600063564,IPDR202600078010,PRIMARY_SESSION,-668,1
CDR202600011306,IPDR202600078011,PRIMARY_SESSION,714,1
CDR202600045211,IPDR202600078047,PRIMARY_SESSION,2,1
CDR202600000111,IPDR202600078059,PRIMARY_SESSION,19,1
CDR202600037935,IPDR202600078111,PRIMARY_SESSION,22,1
CDR202600075205,IPDR202600078112,PRIMARY_SESSION,-118,1
CDR202600013235,IPDR202600078125,PRIMARY_SESSION,185,1
CDR202600036748,IPDR202600078142,ADDITIONAL_SESSION,-1265,1
CDR202600079300,IPDR202600078181,ADDITIONAL_SESSION,57,1
CDR202600083695,IPDR202600078202,ADDITIONAL_SESSION,129,1
CDR202600042386,IPDR202600078214,PRIMARY_SESSION,1563,1
CDR202600001016,IPDR202600078256,PRIMARY_SESSION,-49,1
CDR202600083593,IPDR202600078263,PRIMARY_SESSION,-243,1
CDR202600058910,IPDR202600078275,ADDITIONAL_SESSION,467,1
CDR202600020448,IPDR202600078306,ADDITIONAL_SESSION,-766,1
CDR202600027317,IPDR202600078316,PRIMARY_SESSION,52,1
CDR202600037626,IPDR202600078338,PRIMARY_SESSION,1446,1
CDR202600029809,IPDR202600078340,PRIMARY_SESSION,20,1
CDR202600071787,IPDR202600078345,PRIMARY_SESSION,18,1
CDR202600089973,IPDR202600078365,PRIMARY_SESSION,249,1
CDR202600042542,IPDR202600078404,PRIMARY_SESSION,300,1
CDR202600032736,IPDR202600078410,ADDITIONAL_SESSION,-838,1
CDR202600054768,IPDR202600078419,PRIMARY_SESSION,1749,1
CDR202600044101,IPDR202600078421,ADDITIONAL_SESSION,-1311,1
CDR202600082503,IPDR202600078429,ADDITIONAL_SESSION,868,1
CDR202600017717,IPDR202600078462,ADDITIONAL_SESSION,705,1
CDR202600029513,IPDR202600078488,PRIMARY_SESSION,9,1
CDR202600034504,IPDR202600078501,ADDITIONAL_SESSION,201,1
CDR202600016568,IPDR202600078512,PRIMARY_SESSION,-18,1
CDR202600016867,IPDR202600078529,PRIMARY_SESSION,1552,1
CDR202600047809,IPDR202600078543,PRIMARY_SESSION,86,1
CDR202600051174,IPDR202600078578,ADDITIONAL_SESSION,-161,1
CDR202600054164,IPDR202600078604,ADDITIONAL_SESSION,42,1
CDR202600052659,IPDR202600078650,ADDITIONAL_SESSION,-282,1
CDR202600086964,IPDR202600078679,PRIMARY_SESSION,-527,1
CDR202600016166,IPDR202600078693,ADDITIONAL_SESSION,-509,1
CDR202600024592,IPDR202600078703,PRIMARY_SESSION,-161,1
CDR202600000154,IPDR202600078705,ADDITIONAL_SESSION,-15,1
CDR202600023013,IPDR202600078744,PRIMARY_SESSION,-631,1
CDR202600003430,IPDR202600078757,ADDITIONAL_SESSION,-686,1
CDR202600073177,IPDR202600078760,ADDITIONAL_SESSION,637,1
CDR202600083474,IPDR202600078799,PRIMARY_SESSION,1488,1
CDR202600045764,IPDR202600078807,PRIMARY_SESSION,-606,1
CDR202600012669,IPDR202600078830,PRIMARY_SESSION,294,1
CDR202600062166,IPDR202600078852,PRIMARY_SESSION,-246,1
CDR202600054493,IPDR202600078855,PRIMARY_SESSION,37,1
CDR202600027603,IPDR202600078864,PRIMARY_SESSION,62,1
CDR202600071164,IPDR202600078910,ADDITIONAL_SESSION,24,1
CDR202600046233,IPDR202600078925,ADDITIONAL_SESSION,9,1
CDR202600020944,IPDR202600078944,PRIMARY_SESSION,175,1
CDR202600017284,IPDR202600078957,ADDITIONAL_SESSION,-887,1
CDR202600088974,IPDR202600078965,PRIMARY_SESSION,-50,1
CDR202600046717,IPDR202600078992,PRIMARY_SESSION,299,1
CDR202600044671,IPDR202600079019,PRIMARY_SESSION,-111,1
CDR202600076155,IPDR202600079085,PRIMARY_SESSION,-76,1
CDR202600058988,IPDR202600079111,ADDITIONAL_SESSION,1751,1
CDR202600083296,IPDR202600079143,ADDITIONAL_SESSION,224,1
CDR202600078805,IPDR202600079159,PRIMARY_SESSION,-6,1
CDR202600088147,IPDR202600079201,ADDITIONAL_SESSION,186,1
CDR202600026791,IPDR202600079210,PRIMARY_SESSION,-32,1
CDR202600015408,IPDR202600079237,PRIMARY_SESSION,-151,1
CDR202600078228,IPDR202600079245,PRIMARY_SESSION,185,1
CDR202600045108,IPDR202600079251,ADDITIONAL_SESSION,34,1
CDR202600017132,IPDR202600079252,PRIMARY_SESSION,-746,1
CDR202600051749,IPDR202600079280,ADDITIONAL_SESSION,-106,1
CDR202600049908,IPDR202600079288,ADDITIONAL_SESSION,42,1
CDR202600060836,IPDR202600079311,ADDITIONAL_SESSION,61,1
CDR202600011341,IPDR202600079334,PRIMARY_SESSION,211,1
CDR202600079448,IPDR202600079347,PRIMARY_SESSION,-50,1
CDR202600090028,IPDR202600079369,PRIMARY_SESSION,-404,1
CDR202600062897,IPDR202600079370,PRIMARY_SESSION,54,1
CDR202600085825,IPDR202600079400,PRIMARY_SESSION,607,1
CDR202600047193,IPDR202600079451,ADDITIONAL_SESSION,-300,1
CDR202600030311,IPDR202600079464,PRIMARY_SESSION,19,1
CDR202600039395,IPDR202600079465,ADDITIONAL_SESSION,-346,1
CDR202600017804,IPDR202600079471,PRIMARY_SESSION,465,1
CDR202600022776,IPDR202600079482,ADDITIONAL_SESSION,-648,1
CDR202600018633,IPDR202600079493,PRIMARY_SESSION,146,1
CDR202600090783,IPDR202600079508,ADDITIONAL_SESSION,-264,1
CDR202600037948,IPDR202600079522,ADDITIONAL_SESSION,-48,1
CDR202600085341,IPDR202600079532,ADDITIONAL_SESSION,39,1
CDR202600056150,IPDR202600079607,ADDITIONAL_SESSION,66,1
CDR202600024726,IPDR202600079624,PRIMARY_SESSION,327,1
CDR202600068428,IPDR202600079670,PRIMARY_SESSION,-663,1
CDR202600051450,IPDR202600079684,ADDITIONAL_SESSION,-1,1
CDR202600066569,IPDR202600079696,ADDITIONAL_SESSION,-38,1
CDR202600062620,IPDR202600079732,ADDITIONAL_SESSION,1004,1
CDR202600070703,IPDR202600079750,ADDITIONAL_SESSION,-60,1
CDR202600085851,IPDR202600079765,ADDITIONAL_SESSION,517,1
CDR202600089973,IPDR202600079782,ADDITIONAL_SESSION,-15,1
CDR202600046066,IPDR202600079787,PRIMARY_SESSION,-43,1
CDR202600049948,IPDR202600079804,PRIMARY_SESSION,-60,1
CDR202600044783,IPDR202600079808,ADDITIONAL_SESSION,-131,1
CDR202600005307,IPDR202600079823,PRIMARY_SESSION,-66,1
CDR202600019622,IPDR202600079828,PRIMARY_SESSION,9,1
CDR202600010318,IPDR202600079834,PRIMARY_SESSION,-616,1
CDR202600061589,IPDR202600079844,PRIMARY_SESSION,-850,1
CDR202600057280,IPDR202600079853,ADDITIONAL_SESSION,-7,1
CDR202600018608,IPDR202600079863,ADDITIONAL_SESSION,-1172,1
CDR202600057280,IPDR202600079867,ADDITIONAL_SESSION,-834,1
CDR202600053684,IPDR202600079891,ADDITIONAL_SESSION,850,1
CDR202600055268,IPDR202600079903,PRIMARY_SESSION,820,1
CDR202600069850,IPDR202600079904,ADDITIONAL_SESSION,-103,1
CDR202600090480,IPDR202600079908,PRIMARY_SESSION,-31,1
CDR202600062535,IPDR202600079924,ADDITIONAL_SESSION,674,1
CDR202600013941,IPDR202600079931,PRIMARY_SESSION,34,1
CDR202600000374,IPDR202600079977,PRIMARY_SESSION,-834,1
CDR202600056920,IPDR202600080001,PRIMARY_SESSION,-123,1
CDR202600048696,IPDR202600080023,ADDITIONAL_SESSION,-29,1
CDR202600033367,IPDR202600080037,PRIMARY_SESSION,40,1
CDR202600090299,IPDR202600080039,PRIMARY_SESSION,-38,1
CDR202600051476,IPDR202600080048,PRIMARY_SESSION,-211,1
CDR202600090118,IPDR202600080051,ADDITIONAL_SESSION,285,1
CDR202600014140,IPDR202600080090,ADDITIONAL_SESSION,-208,1
CDR202600062781,IPDR202600080102,PRIMARY_SESSION,157,1
CDR202600036689,IPDR202600080143,ADDITIONAL_SESSION,-29,1
CDR202600015157,IPDR202600080170,PRIMARY_SESSION,-50,1
CDR202600077335,IPDR202600080194,PRIMARY_SESSION,-26,1
CDR202600034871,IPDR202600080203,PRIMARY_SESSION,679,1
CDR202600035385,IPDR202600080217,ADDITIONAL_SESSION,-1293,1
CDR202600004608,IPDR202600080242,PRIMARY_SESSION,-60,1
CDR202600065568,IPDR202600080255,ADDITIONAL_SESSION,59,1
CDR202600002755,IPDR202600080260,PRIMARY_SESSION,-805,1
CDR202600075379,IPDR202600080371,PRIMARY_SESSION,7,1
CDR202600048183,IPDR202600080380,PRIMARY_SESSION,657,1
CDR202600065615,IPDR202600080414,PRIMARY_SESSION,121,1
CDR202600002630,IPDR202600080416,PRIMARY_SESSION,-16,1
CDR202600012048,IPDR202600080418,PRIMARY_SESSION,-243,1
CDR202600064489,IPDR202600080470,PRIMARY_SESSION,-348,1
CDR202600075695,IPDR202600080471,ADDITIONAL_SESSION,8,1
CDR202600047790,IPDR202600080474,PRIMARY_SESSION,-1023,1
CDR202600004614,IPDR202600080502,PRIMARY_SESSION,-1369,1
CDR202600034435,IPDR202600080509,PRIMARY_SESSION,-318,1
CDR202600034366,IPDR202600080521,PRIMARY_SESSION,235,1
CDR202600090880,IPDR202600080541,PRIMARY_SESSION,-254,1
CDR202600083741,IPDR202600080552,PRIMARY_SESSION,-1669,1
CDR202600082662,IPDR202600080565,PRIMARY_SESSION,-665,1
CDR202600020077,IPDR202600080572,ADDITIONAL_SESSION,-232,1
CDR202600088914,IPDR202600080581,ADDITIONAL_SESSION,35,1
CDR202600042209,IPDR202600080601,ADDITIONAL_SESSION,-2,1
CDR202600023153,IPDR202600080620,PRIMARY_SESSION,-75,1
CDR202600056021,IPDR202600080646,PRIMARY_SESSION,-705,1
CDR202600005297,IPDR202600080661,PRIMARY_SESSION,-1088,1
CDR202600078944,IPDR202600080689,PRIMARY_SESSION,168,1
CDR202600067554,IPDR202600080718,PRIMARY_SESSION,640,1
CDR202600001672,IPDR202600080738,ADDITIONAL_SESSION,404,1
CDR202600076928,IPDR202600080774,ADDITIONAL_SESSION,163,1
CDR202600050389,IPDR202600080784,ADDITIONAL_SESSION,1205,1
CDR202600057748,IPDR202600080797,ADDITIONAL_SESSION,172,1
CDR202600036871,IPDR202600080807,PRIMARY_SESSION,122,1
CDR202600025505,IPDR202600080838,ADDITIONAL_SESSION,-43,1
CDR202600051087,IPDR202600080839,PRIMARY_SESSION,20,1
CDR202600046106,IPDR202600080888,PRIMARY_SESSION,1,1
CDR202600079897,IPDR202600080892,PRIMARY_SESSION,4,1
CDR202600043253,IPDR202600080894,PRIMARY_SESSION,-1463,1
CDR202600077254,IPDR202600080921,PRIMARY_SESSION,155,1
CDR202600084934,IPDR202600080932,PRIMARY_SESSION,-3,1
CDR202600037766,IPDR202600080977,PRIMARY_SESSION,129,1
CDR202600053712,IPDR202600080986,ADDITIONAL_SESSION,36,1
CDR202600055369,IPDR202600080992,PRIMARY_SESSION,179,1
CDR202600024305,IPDR202600080995,PRIMARY_SESSION,-278,1
CDR202600087906,IPDR202600081023,PRIMARY_SESSION,735,1
CDR202600004569,IPDR202600081041,PRIMARY_SESSION,-486,1
CDR202600069994,IPDR202600081070,ADDITIONAL_SESSION,84,1
CDR202600075541,IPDR202600081125,PRIMARY_SESSION,-5,1
CDR202600042099,IPDR202600081147,PRIMARY_SESSION,-49,1
CDR202600016191,IPDR202600081149,PRIMARY_SESSION,-40,1
CDR202600008205,IPDR202600081166,PRIMARY_SESSION,980,1
CDR202600073067,IPDR202600081180,ADDITIONAL_SESSION,-551,1
CDR202600074871,IPDR202600081242,ADDITIONAL_SESSION,-1,1
CDR202600046808,IPDR202600081271,PRIMARY_SESSION,-865,1
CDR202600036047,IPDR202600081277,ADDITIONAL_SESSION,231,1
CDR202600077839,IPDR202600081308,PRIMARY_SESSION,23,1
CDR202600063656,IPDR202600081392,ADDITIONAL_SESSION,-1327,1
CDR202600054667,IPDR202600081403,PRIMARY_SESSION,240,1
CDR202600005222,IPDR202600081409,PRIMARY_SESSION,-50,1
CDR202600003121,IPDR202600081427,PRIMARY_SESSION,249,1
CDR202600053267,IPDR202600081432,PRIMARY_SESSION,19,1
CDR202600049069,IPDR202600081485,PRIMARY_SESSION,1723,1
CDR202600046106,IPDR202600081495,ADDITIONAL_SESSION,-3,1
CDR202600008290,IPDR202600081497,ADDITIONAL_SESSION,-128,1
CDR202600078606,IPDR202600081531,PRIMARY_SESSION,-57,1
CDR202600065498,IPDR202600081532,PRIMARY_SESSION,-13,1
CDR202600045689,IPDR202600081547,PRIMARY_SESSION,-991,1
CDR202600055755,IPDR202600081573,ADDITIONAL_SESSION,-346,1
CDR202600040573,IPDR202600081576,ADDITIONAL_SESSION,-285,1
CDR202600053123,IPDR202600081611,ADDITIONAL_SESSION,-669,1
CDR202600051453,IPDR202600081655,PRIMARY_SESSION,38,1
CDR202600020821,IPDR202600081669,ADDITIONAL_SESSION,75,1
CDR202600085542,IPDR202600081690,PRIMARY_SESSION,49,1
CDR202600079173,IPDR202600081697,ADDITIONAL_SESSION,65,1
CDR202600052135,IPDR202600081714,PRIMARY_SESSION,155,1
CDR202600001478,IPDR202600081718,ADDITIONAL_SESSION,-45,1
CDR202600025863,IPDR202600081728,PRIMARY_SESSION,763,1
CDR202600041720,IPDR202600081750,PRIMARY_SESSION,-27,1
CDR202600001775,IPDR202600081780,PRIMARY_SESSION,5,1
CDR202600083506,IPDR202600081785,PRIMARY_SESSION,656,1
CDR202600019082,IPDR202600081799,PRIMARY_SESSION,2,1
CDR202600020628,IPDR202600081801,PRIMARY_SESSION,8,1
CDR202600058093,IPDR202600081804,ADDITIONAL_SESSION,-70,1
CDR202600039087,IPDR202600081809,PRIMARY_SESSION,-92,1
CDR202600017631,IPDR202600081824,PRIMARY_SESSION,845,1
CDR202600044642,IPDR202600081893,PRIMARY_SESSION,-171,1
CDR202600072480,IPDR202600081920,ADDITIONAL_SESSION,168,1
CDR202600025505,IPDR202600081924,ADDITIONAL_SESSION,142,1
CDR202600002445,IPDR202600081936,ADDITIONAL_SESSION,-1154,1
CDR202600088825,IPDR202600082034,ADDITIONAL_SESSION,-237,1
CDR202600001914,IPDR202600082058,ADDITIONAL_SESSION,-25,1
CDR202600063350,IPDR202600082092,PRIMARY_SESSION,630,1
CDR202600046554,IPDR202600082107,PRIMARY_SESSION,-1013,1
CDR202600021781,IPDR202600082147,PRIMARY_SESSION,-46,1
CDR202600003264,IPDR202600082155,PRIMARY_SESSION,260,1
CDR202600083988,IPDR202600082171,ADDITIONAL_SESSION,-35,1
CDR202600026419,IPDR202600082172,ADDITIONAL_SESSION,-2,1
CDR202600077447,IPDR202600082175,PRIMARY_SESSION,-30,1
CDR202600002483,IPDR202600082180,ADDITIONAL_SESSION,47,1
CDR202600060196,IPDR202600082202,ADDITIONAL_SESSION,759,1
CDR202600046108,IPDR202600082214,PRIMARY_SESSION,190,1
CDR202600027014,IPDR202600082215,ADDITIONAL_SESSION,-748,1
CDR202600023443,IPDR202600082240,PRIMARY_SESSION,-74,1
CDR202600076914,IPDR202600082249,PRIMARY_SESSION,-619,1
CDR202600065507,IPDR202600082257,ADDITIONAL_SESSION,296,1
CDR202600049027,IPDR202600082285,ADDITIONAL_SESSION,180,1
CDR202600046551,IPDR202600082313,ADDITIONAL_SESSION,-178,1
CDR202600026007,IPDR202600082316,PRIMARY_SESSION,-192,1
CDR202600045797,IPDR202600082318,PRIMARY_SESSION,411,1
CDR202600067711,IPDR202600082415,ADDITIONAL_SESSION,-42,1
CDR202600058069,IPDR202600082429,PRIMARY_SESSION,204,1
CDR202600048052,IPDR202600082443,PRIMARY_SESSION,1,1
CDR202600040058,IPDR202600082475,PRIMARY_SESSION,299,1
CDR202600089162,IPDR202600082531,PRIMARY_SESSION,-123,1
CDR202600062539,IPDR202600082539,PRIMARY_SESSION,-19,1
CDR202600083120,IPDR202600082567,ADDITIONAL_SESSION,1213,1
CDR202600036840,IPDR202600082581,ADDITIONAL_SESSION,-42,1
CDR202600001433,IPDR202600082649,ADDITIONAL_SESSION,24,1
CDR202600070903,IPDR202600082693,PRIMARY_SESSION,1054,1
CDR202600089331,IPDR202600082695,PRIMARY_SESSION,-756,1
CDR202600038682,IPDR202600082722,PRIMARY_SESSION,14,1
CDR202600029071,IPDR202600082751,PRIMARY_SESSION,-28,1
CDR202600044325,IPDR202600082766,PRIMARY_SESSION,840,1
CDR202600064963,IPDR202600082783,PRIMARY_SESSION,1537,1
CDR202600084736,IPDR202600082786,ADDITIONAL_SESSION,-113,1
CDR202600002189,IPDR202600082793,PRIMARY_SESSION,51,1
CDR202600076069,IPDR202600082795,PRIMARY_SESSION,-1076,1
CDR202600087767,IPDR202600082809,PRIMARY_SESSION,405,1
CDR202600004796,IPDR202600082816,PRIMARY_SESSION,585,1
CDR202600017876,IPDR202600082833,ADDITIONAL_SESSION,-783,1
CDR202600018608,IPDR202600082848,PRIMARY_SESSION,625,1
CDR202600048203,IPDR202600082852,ADDITIONAL_SESSION,-143,1
CDR202600023960,IPDR202600082872,PRIMARY_SESSION,87,1
CDR202600070785,IPDR202600082874,ADDITIONAL_SESSION,9,1
CDR202600003606,IPDR202600082878,ADDITIONAL_SESSION,-1385,1
CDR202600027314,IPDR202600082967,ADDITIONAL_SESSION,716,1
CDR202600033871,IPDR202600082993,ADDITIONAL_SESSION,-8,1
CDR202600029589,IPDR202600082998,ADDITIONAL_SESSION,192,1
CDR202600005540,IPDR202600083017,PRIMARY_SESSION,-809,1
CDR202600029504,IPDR202600083021,PRIMARY_SESSION,-627,1
CDR202600040790,IPDR202600083028,PRIMARY_SESSION,-1059,1
CDR202600040387,IPDR202600083093,ADDITIONAL_SESSION,73,1
CDR202600072634,IPDR202600083096,PRIMARY_SESSION,-484,1
CDR202600090593,IPDR202600083104,ADDITIONAL_SESSION,346,1
CDR202600040402,IPDR202600083107,ADDITIONAL_SESSION,29,1
CDR202600050444,IPDR202600083138,PRIMARY_SESSION,-890,1
CDR202600073344,IPDR202600083180,ADDITIONAL_SESSION,1195,1
CDR202600014073,IPDR202600083198,PRIMARY_SESSION,-58,1
CDR202600088104,IPDR202600083200,PRIMARY_SESSION,-33,1
CDR202600050873,IPDR202600083219,ADDITIONAL_SESSION,38,1
CDR202600010669,IPDR202600083251,PRIMARY_SESSION,324,1
CDR202600039664,IPDR202600083253,PRIMARY_SESSION,76,1
CDR202600056213,IPDR202600083270,PRIMARY_SESSION,277,1
CDR202600041170,IPDR202600083300,PRIMARY_SESSION,-614,1
CDR202600079197,IPDR202600083309,PRIMARY_SESSION,19,1
CDR202600042235,IPDR202600083344,PRIMARY_SESSION,167,1
CDR202600021774,IPDR202600083348,PRIMARY_SESSION,895,1
CDR202600005464,IPDR202600083362,PRIMARY_SESSION,-86,1
CDR202600086038,IPDR202600083372,PRIMARY_SESSION,522,1
CDR202600080158,IPDR202600083401,PRIMARY_SESSION,-252,1
CDR202600063434,IPDR202600083423,ADDITIONAL_SESSION,1496,1
CDR202600004801,IPDR202600083425,ADDITIONAL_SESSION,-1493,1
CDR202600052844,IPDR202600083440,ADDITIONAL_SESSION,1322,1
CDR202600027299,IPDR202600083468,ADDITIONAL_SESSION,-43,1
CDR202600071025,IPDR202600083474,ADDITIONAL_SESSION,-124,1
CDR202600026906,IPDR202600083479,ADDITIONAL_SESSION,-300,1
CDR202600076242,IPDR202600083495,ADDITIONAL_SESSION,-30,1
CDR202600003930,IPDR202600083517,PRIMARY_SESSION,1685,1
CDR202600078162,IPDR202600083537,PRIMARY_SESSION,1416,1
CDR202600023845,IPDR202600083554,PRIMARY_SESSION,-41,1
CDR202600002606,IPDR202600083557,ADDITIONAL_SESSION,-29,1
CDR202600066790,IPDR202600083579,PRIMARY_SESSION,-693,1
CDR202600057148,IPDR202600083609,PRIMARY_SESSION,-231,1
CDR202600018262,IPDR202600083620,PRIMARY_SESSION,163,1
CDR202600080489,IPDR202600083635,PRIMARY_SESSION,-119,1
CDR202600084846,IPDR202600083652,PRIMARY_SESSION,-5,1
CDR202600020448,IPDR202600083665,PRIMARY_SESSION,-210,1
CDR202600075632,IPDR202600083751,PRIMARY_SESSION,-179,1
CDR202600014759,IPDR202600083800,PRIMARY_SESSION,-151,1
CDR202600025321,IPDR202600083803,PRIMARY_SESSION,60,1
CDR202600089957,IPDR202600083841,PRIMARY_SESSION,-1310,1
CDR202600089626,IPDR202600083856,ADDITIONAL_SESSION,691,1
CDR202600088497,IPDR202600083908,PRIMARY_SESSION,125,1
CDR202600000271,IPDR202600083927,PRIMARY_SESSION,-124,1
CDR202600070703,IPDR202600083958,PRIMARY_SESSION,315,1
CDR202600053869,IPDR202600083960,ADDITIONAL_SESSION,57,1
CDR202600046997,IPDR202600083968,PRIMARY_SESSION,-564,1
CDR202600060097,IPDR202600083981,PRIMARY_SESSION,175,1
CDR202600001478,IPDR202600084000,ADDITIONAL_SESSION,-692,1
CDR202600064048,IPDR202600084043,PRIMARY_SESSION,288,1
CDR202600087965,IPDR202600084071,PRIMARY_SESSION,-88,1
CDR202600080101,IPDR202600084087,PRIMARY_SESSION,-13,1
CDR202600081144,IPDR202600084107,PRIMARY_SESSION,457,1
CDR202600010361,IPDR202600084131,ADDITIONAL_SESSION,1780,1
CDR202600037770,IPDR202600084196,PRIMARY_SESSION,54,1
CDR202600081499,IPDR202600084211,ADDITIONAL_SESSION,-7,1
CDR202600013591,IPDR202600084222,ADDITIONAL_SESSION,142,1
CDR202600013832,IPDR202600084241,ADDITIONAL_SESSION,171,1
CDR202600063538,IPDR202600084255,ADDITIONAL_SESSION,-187,1
CDR202600026424,IPDR202600084274,ADDITIONAL_SESSION,220,1
CDR202600016210,IPDR202600084392,ADDITIONAL_SESSION,29,1
CDR202600058517,IPDR202600084398,PRIMARY_SESSION,45,1
CDR202600023625,IPDR202600084465,ADDITIONAL_SESSION,-1696,1
CDR202600000760,IPDR202600084477,PRIMARY_SESSION,-2,1
CDR202600044926,IPDR202600084483,ADDITIONAL_SESSION,-106,1
CDR202600083707,IPDR202600084549,PRIMARY_SESSION,258,1
CDR202600041013,IPDR202600084568,PRIMARY_SESSION,37,1
CDR202600054691,IPDR202600084587,PRIMARY_SESSION,-90,1
CDR202600003590,IPDR202600084620,PRIMARY_SESSION,9,1
CDR202600052489,IPDR202600084622,ADDITIONAL_SESSION,-187,1
CDR202600061745,IPDR202600084631,ADDITIONAL_SESSION,-713,1
CDR202600072716,IPDR202600084658,PRIMARY_SESSION,41,1
CDR202600020453,IPDR202600084669,PRIMARY_SESSION,-825,1
CDR202600008855,IPDR202600084687,PRIMARY_SESSION,-239,1
CDR202600067039,IPDR202600084692,PRIMARY_SESSION,541,1
CDR202600014831,IPDR202600084698,ADDITIONAL_SESSION,-373,1
CDR202600079884,IPDR202600084702,ADDITIONAL_SESSION,-24,1
CDR202600054128,IPDR202600084739,PRIMARY_SESSION,-45,1
CDR202600083961,IPDR202600084751,PRIMARY_SESSION,13,1
CDR202600046479,IPDR202600084783,PRIMARY_SESSION,61,1
CDR202600026042,IPDR202600084800,PRIMARY_SESSION,1697,1
CDR202600053958,IPDR202600084814,PRIMARY_SESSION,122,1
CDR202600074925,IPDR202600084816,PRIMARY_SESSION,14,1
CDR202600080747,IPDR202600084829,PRIMARY_SESSION,-42,1
CDR202600033438,IPDR202600084856,PRIMARY_SESSION,1373,1
CDR202600021134,IPDR202600084865,PRIMARY_SESSION,-20,1
CDR202600074743,IPDR202600084873,PRIMARY_SESSION,-163,1
CDR202600063983,IPDR202600084888,PRIMARY_SESSION,-107,1
CDR202600020668,IPDR202600084894,PRIMARY_SESSION,-15,1
CDR202600019778,IPDR202600084919,ADDITIONAL_SESSION,-51,1
CDR202600019108,IPDR202600084927,PRIMARY_SESSION,-190,1
CDR202600011706,IPDR202600084929,ADDITIONAL_SESSION,183,1
CDR202600047452,IPDR202600084935,PRIMARY_SESSION,-502,1
CDR202600042462,IPDR202600084946,PRIMARY_SESSION,526,1
CDR202600058124,IPDR202600084958,ADDITIONAL_SESSION,-1056,1
CDR202600004899,IPDR202600084964,PRIMARY_SESSION,-239,1
CDR202600050028,IPDR202600084985,PRIMARY_SESSION,56,1
CDR202600056330,IPDR202600085026,PRIMARY_SESSION,-1478,1
CDR202600081773,IPDR202600085029,PRIMARY_SESSION,-26,1
CDR202600048149,IPDR202600085053,PRIMARY_SESSION,38,1
CDR202600054120,IPDR202600085061,PRIMARY_SESSION,-1658,1
CDR202600059856,IPDR202600085069,PRIMARY_SESSION,-311,1
CDR202600016496,IPDR202600085077,PRIMARY_SESSION,-177,1
CDR202600089937,IPDR202600085100,ADDITIONAL_SESSION,-3,1
CDR202600064203,IPDR202600085108,PRIMARY_SESSION,-52,1
CDR202600090783,IPDR202600085121,ADDITIONAL_SESSION,10,1
CDR202600064049,IPDR202600085127,PRIMARY_SESSION,129,1
CDR202600024395,IPDR202600085178,PRIMARY_SESSION,30,1
CDR202600008495,IPDR202600085279,PRIMARY_SESSION,7,1
CDR202600043952,IPDR202600085297,PRIMARY_SESSION,-224,1
CDR202600026260,IPDR202600085299,PRIMARY_SESSION,528,1
CDR202600035165,IPDR202600085313,PRIMARY_SESSION,215,1
CDR202600052582,IPDR202600085336,PRIMARY_SESSION,721,1
CDR202600057558,IPDR202600085347,PRIMARY_SESSION,-604,1
CDR202600077684,IPDR202600085372,PRIMARY_SESSION,907,1
CDR202600027314,IPDR202600085379,ADDITIONAL_SESSION,-817,1
CDR202600063815,IPDR202600085382,ADDITIONAL_SESSION,-89,1
CDR202600078941,IPDR202600085390,PRIMARY_SESSION,-126,1
CDR202600084443,IPDR202600085417,PRIMARY_SESSION,-7,1
CDR202600040342,IPDR202600085429,PRIMARY_SESSION,-27,1
CDR202600068434,IPDR202600085449,PRIMARY_SESSION,174,1
CDR202600030465,IPDR202600085486,PRIMARY_SESSION,-864,1
CDR202600014128,IPDR202600085528,PRIMARY_SESSION,112,1
CDR202600058203,IPDR202600085541,PRIMARY_SESSION,-1384,1
CDR202600029938,IPDR202600085585,PRIMARY_SESSION,-56,1
CDR202600082737,IPDR202600085594,ADDITIONAL_SESSION,-232,1
CDR202600090220,IPDR202600085598,ADDITIONAL_SESSION,300,1
CDR202600046551,IPDR202600085603,ADDITIONAL_SESSION,-306,1
CDR202600037931,IPDR202600085607,PRIMARY_SESSION,244,1
CDR202600088650,IPDR202600085612,PRIMARY_SESSION,-62,1
CDR202600003859,IPDR202600085619,PRIMARY_SESSION,-951,1
CDR202600028486,IPDR202600085634,ADDITIONAL_SESSION,4,1
CDR202600017851,IPDR202600085646,PRIMARY_SESSION,-540,1
CDR202600008716,IPDR202600085667,ADDITIONAL_SESSION,-223,1
CDR202600082456,IPDR202600085684,ADDITIONAL_SESSION,-520,1
CDR202600072169,IPDR202600085691,PRIMARY_SESSION,-28,1
CDR202600060190,IPDR202600085693,PRIMARY_SESSION,-133,1
CDR202600046473,IPDR202600085729,PRIMARY_SESSION,-40,1
CDR202600011939,IPDR202600085748,PRIMARY_SESSION,-444,1
CDR202600002896,IPDR202600085749,ADDITIONAL_SESSION,106,1
CDR202600028159,IPDR202600085764,PRIMARY_SESSION,-11,1
CDR202600073266,IPDR202600085777,PRIMARY_SESSION,756,1
CDR202600056943,IPDR202600085794,PRIMARY_SESSION,194,1
CDR202600033424,IPDR202600085801,PRIMARY_SESSION,-42,1
CDR202600048920,IPDR202600085812,ADDITIONAL_SESSION,691,1
CDR202600054226,IPDR202600085832,PRIMARY_SESSION,649,1
CDR202600090667,IPDR202600085835,ADDITIONAL_SESSION,-1568,1
CDR202600077205,IPDR202600085836,ADDITIONAL_SESSION,-80,1
CDR202600041464,IPDR202600085862,PRIMARY_SESSION,-1365,1
CDR202600088160,IPDR202600085876,ADDITIONAL_SESSION,40,1
CDR202600063538,IPDR202600085891,ADDITIONAL_SESSION,-1414,1
CDR202600082039,IPDR202600085900,ADDITIONAL_SESSION,-79,1
CDR202600081099,IPDR202600085954,ADDITIONAL_SESSION,-85,1
CDR202600046910,IPDR202600086010,PRIMARY_SESSION,129,1
CDR202600070534,IPDR202600086028,PRIMARY_SESSION,10,1
CDR202600060314,IPDR202600086031,ADDITIONAL_SESSION,274,1
CDR202600001203,IPDR202600086034,PRIMARY_SESSION,-2,1
CDR202600058108,IPDR202600086035,PRIMARY_SESSION,259,1
CDR202600041861,IPDR202600086045,PRIMARY_SESSION,-59,1
CDR202600048730,IPDR202600086055,PRIMARY_SESSION,-80,1
CDR202600002150,IPDR202600086059,PRIMARY_SESSION,137,1
CDR202600007275,IPDR202600086102,PRIMARY_SESSION,22,1
CDR202600076840,IPDR202600086152,PRIMARY_SESSION,329,1
CDR202600046628,IPDR202600086162,ADDITIONAL_SESSION,42,1
CDR202600077310,IPDR202600086173,PRIMARY_SESSION,286,1
CDR202600067695,IPDR202600086185,PRIMARY_SESSION,118,1
CDR202600042006,IPDR202600086257,PRIMARY_SESSION,282,1
CDR202600024056,IPDR202600086301,PRIMARY_SESSION,1782,1
CDR202600066264,IPDR202600086331,PRIMARY_SESSION,-294,1
CDR202600072106,IPDR202600086368,ADDITIONAL_SESSION,143,1
CDR202600057306,IPDR202600086380,PRIMARY_SESSION,631,1
CDR202600032788,IPDR202600086385,PRIMARY_SESSION,148,1
CDR202600090408,IPDR202600086404,PRIMARY_SESSION,611,1
CDR202600040428,IPDR202600086470,PRIMARY_SESSION,-1183,1
CDR202600016722,IPDR202600086501,ADDITIONAL_SESSION,-933,1
CDR202600062670,IPDR202600086521,PRIMARY_SESSION,20,1
CDR202600035301,IPDR202600086569,ADDITIONAL_SESSION,21,1
CDR202600078614,IPDR202600086570,PRIMARY_SESSION,-288,1
CDR202600047555,IPDR202600086577,ADDITIONAL_SESSION,55,1
CDR202600035531,IPDR202600086596,PRIMARY_SESSION,-287,1
CDR202600054221,IPDR202600086600,PRIMARY_SESSION,-4,1
CDR202600060561,IPDR202600086612,PRIMARY_SESSION,60,1
CDR202600057732,IPDR202600086625,PRIMARY_SESSION,334,1
CDR202600040402,IPDR202600086641,ADDITIONAL_SESSION,-50,1
CDR202600070457,IPDR202600086669,PRIMARY_SESSION,184,1
CDR202600044012,IPDR202600086671,PRIMARY_SESSION,19,1
CDR202600014831,IPDR202600086691,PRIMARY_SESSION,-218,1
CDR202600040613,IPDR202600086726,PRIMARY_SESSION,29,1
CDR202600079978,IPDR202600086749,ADDITIONAL_SESSION,-85,1
CDR202600067179,IPDR202600086757,PRIMARY_SESSION,-553,1
CDR202600080611,IPDR202600086766,PRIMARY_SESSION,-616,1
CDR202600053379,IPDR202600086792,ADDITIONAL_SESSION,29,1
CDR202600067706,IPDR202600086805,ADDITIONAL_SESSION,-262,1
CDR202600008927,IPDR202600086806,PRIMARY_SESSION,116,1
CDR202600085851,IPDR202600086813,ADDITIONAL_SESSION,-637,1
CDR202600061361,IPDR202600086831,PRIMARY_SESSION,-171,1
CDR202600006747,IPDR202600086838,PRIMARY_SESSION,102,1
CDR202600003558,IPDR202600086853,PRIMARY_SESSION,-1738,1
CDR202600026827,IPDR202600086858,PRIMARY_SESSION,-187,1
CDR202600064155,IPDR202600086872,PRIMARY_SESSION,710,1
CDR202600065381,IPDR202600086885,PRIMARY_SESSION,1322,1
CDR202600023588,IPDR202600086889,PRIMARY_SESSION,822,1
CDR202600048041,IPDR202600086912,PRIMARY_SESSION,692,1
CDR202600072898,IPDR202600086914,PRIMARY_SESSION,33,1
CDR202600023305,IPDR202600086935,ADDITIONAL_SESSION,4,1
CDR202600060632,IPDR202600086946,PRIMARY_SESSION,-132,1
CDR202600042549,IPDR202600086951,PRIMARY_SESSION,-217,1
CDR202600037932,IPDR202600086954,PRIMARY_SESSION,-44,1
CDR202600074921,IPDR202600086975,PRIMARY_SESSION,58,1
CDR202600050332,IPDR202600087002,ADDITIONAL_SESSION,-548,1
CDR202600002026,IPDR202600087003,PRIMARY_SESSION,-670,1
CDR202600050425,IPDR202600087029,PRIMARY_SESSION,46,1
CDR202600032604,IPDR202600087036,PRIMARY_SESSION,547,1
CDR202600036030,IPDR202600087056,ADDITIONAL_SESSION,51,1
CDR202600082317,IPDR202600087077,PRIMARY_SESSION,187,1
CDR202600078357,IPDR202600087096,PRIMARY_SESSION,-58,1
CDR202600034850,IPDR202600087108,PRIMARY_SESSION,-243,1
CDR202600064535,IPDR202600087115,PRIMARY_SESSION,7,1
CDR202600003773,IPDR202600087137,PRIMARY_SESSION,88,1
CDR202600022776,IPDR202600087145,PRIMARY_SESSION,-7,1
CDR202600071195,IPDR202600087146,PRIMARY_SESSION,123,1
CDR202600058963,IPDR202600087148,PRIMARY_SESSION,4,1
CDR202600063820,IPDR202600087153,PRIMARY_SESSION,51,1
CDR202600069067,IPDR202600087166,PRIMARY_SESSION,-194,1
CDR202600002690,IPDR202600087198,ADDITIONAL_SESSION,81,1
CDR202600027299,IPDR202600087210,PRIMARY_SESSION,1701,1
CDR202600036143,IPDR202600087237,ADDITIONAL_SESSION,-39,1
CDR202600090746,IPDR202600087246,PRIMARY_SESSION,-136,1
CDR202600033217,IPDR202600087299,PRIMARY_SESSION,37,1
CDR202600028647,IPDR202600087301,PRIMARY_SESSION,109,1
CDR202600074926,IPDR202600087314,PRIMARY_SESSION,-223,1
CDR202600090005,IPDR202600087318,ADDITIONAL_SESSION,48,1
CDR202600019612,IPDR202600087341,PRIMARY_SESSION,32,1
CDR202600086861,IPDR202600087378,PRIMARY_SESSION,-122,1
CDR202600019562,IPDR202600087382,PRIMARY_SESSION,393,1
CDR202600046743,IPDR202600087418,PRIMARY_SESSION,19,1
CDR202600081627,IPDR202600087420,PRIMARY_SESSION,-48,1
CDR202600078177,IPDR202600087421,PRIMARY_SESSION,-134,1
CDR202600079173,IPDR202600087437,ADDITIONAL_SESSION,25,1
CDR202600078543,IPDR202600087462,ADDITIONAL_SESSION,-587,1
CDR202600068046,IPDR202600087493,ADDITIONAL_SESSION,1505,1
CDR202600046066,IPDR202600087502,ADDITIONAL_SESSION,542,1
CDR202600046840,IPDR202600087549,ADDITIONAL_SESSION,677,1
CDR202600011498,IPDR202600087552,ADDITIONAL_SESSION,-303,1
CDR202600047436,IPDR202600087564,ADDITIONAL_SESSION,-226,1
CDR202600061562,IPDR202600087571,ADDITIONAL_SESSION,487,1
CDR202600033790,IPDR202600087595,ADDITIONAL_SESSION,868,1
CDR202600041444,IPDR202600087596,ADDITIONAL_SESSION,52,1
CDR202600013794,IPDR202600087597,ADDITIONAL_SESSION,54,1
CDR202600049432,IPDR202600087602,ADDITIONAL_SESSION,-1596,1
CDR202600005253,IPDR202600087657,PRIMARY_SESSION,6,1
CDR202600071025,IPDR202600087684,PRIMARY_SESSION,-847,1
CDR202600004829,IPDR202600087689,PRIMARY_SESSION,-199,1
CDR202600071249,IPDR202600087692,ADDITIONAL_SESSION,47,1
CDR202600067336,IPDR202600087694,PRIMARY_SESSION,-6,1
CDR202600079300,IPDR202600087763,PRIMARY_SESSION,780,1
CDR202600007207,IPDR202600087816,ADDITIONAL_SESSION,552,1
CDR202600048508,IPDR202600087843,PRIMARY_SESSION,-317,1
CDR202600081233,IPDR202600087849,PRIMARY_SESSION,31,1
CDR202600009130,IPDR202600087874,PRIMARY_SESSION,-832,1
CDR202600016938,IPDR202600087889,PRIMARY_SESSION,-134,1
CDR202600035294,IPDR202600087897,ADDITIONAL_SESSION,114,1
CDR202600043026,IPDR202600087923,PRIMARY_SESSION,-1024,1
CDR202600059638,IPDR202600087931,PRIMARY_SESSION,-99,1
CDR202600026377,IPDR202600087949,ADDITIONAL_SESSION,8,1
CDR202600056929,IPDR202600087952,PRIMARY_SESSION,-521,1
CDR202600090778,IPDR202600087963,PRIMARY_SESSION,-33,1
CDR202600072293,IPDR202600087976,ADDITIONAL_SESSION,-193,1
CDR202600025222,IPDR202600087997,PRIMARY_SESSION,-14,1
CDR202600063930,IPDR202600088005,ADDITIONAL_SESSION,542,1
CDR202600068229,IPDR202600088061,ADDITIONAL_SESSION,1717,1
CDR202600060006,IPDR202600088076,ADDITIONAL_SESSION,-218,1
CDR202600057949,IPDR202600088089,ADDITIONAL_SESSION,-12,1
CDR202600016294,IPDR202600088093,PRIMARY_SESSION,-884,1
CDR202600045683,IPDR202600088094,PRIMARY_SESSION,182,1
CDR202600042428,IPDR202600088113,PRIMARY_SESSION,541,1
CDR202600082116,IPDR202600088114,PRIMARY_SESSION,-14,1
CDR202600036755,IPDR202600088122,ADDITIONAL_SESSION,168,1
CDR202600038392,IPDR202600088150,PRIMARY_SESSION,235,1
CDR202600003556,IPDR202600088194,PRIMARY_SESSION,-17,1
CDR202600056150,IPDR202600088204,ADDITIONAL_SESSION,533,1
CDR202600018262,IPDR202600088205,ADDITIONAL_SESSION,198,1
CDR202600059123,IPDR202600088220,ADDITIONAL_SESSION,-9,1
CDR202600046484,IPDR202600088228,ADDITIONAL_SESSION,15,1
CDR202600050086,IPDR202600088250,ADDITIONAL_SESSION,114,1
CDR202600002517,IPDR202600088272,PRIMARY_SESSION,-779,1
CDR202600074754,IPDR202600088276,ADDITIONAL_SESSION,873,1
CDR202600025600,IPDR202600088278,PRIMARY_SESSION,55,1
CDR202600090557,IPDR202600088281,PRIMARY_SESSION,-688,1
CDR202600027502,IPDR202600088306,PRIMARY_SESSION,114,1
CDR202600060082,IPDR202600088318,PRIMARY_SESSION,346,1
CDR202600005245,IPDR202600088324,ADDITIONAL_SESSION,-349,1
CDR202600078097,IPDR202600088341,PRIMARY_SESSION,-23,1
CDR202600035732,IPDR202600088355,ADDITIONAL_SESSION,-48,1
CDR202600015584,IPDR202600088362,PRIMARY_SESSION,-1358,1
CDR202600071108,IPDR202600088404,ADDITIONAL_SESSION,31,1
CDR202600017636,IPDR202600088426,PRIMARY_SESSION,-1530,1
CDR202600045254,IPDR202600088457,ADDITIONAL_SESSION,-246,1
CDR202600043527,IPDR202600088462,PRIMARY_SESSION,-61,1
CDR202600039336,IPDR202600088525,ADDITIONAL_SESSION,-126,1
CDR202600035696,IPDR202600088528,PRIMARY_SESSION,-22,1
CDR202600024016,IPDR202600088557,PRIMARY_SESSION,-659,1
CDR202600000666,IPDR202600088563,PRIMARY_SESSION,406,1
CDR202600015522,IPDR202600088588,ADDITIONAL_SESSION,26,1
CDR202600089849,IPDR202600088638,ADDITIONAL_SESSION,-129,1
CDR202600051372,IPDR202600088665,ADDITIONAL_SESSION,597,1
CDR202600032435,IPDR202600088678,PRIMARY_SESSION,54,1
CDR202600078367,IPDR202600088711,ADDITIONAL_SESSION,-1,1
CDR202600081492,IPDR202600088723,ADDITIONAL_SESSION,35,1
CDR202600055517,IPDR202600088728,ADDITIONAL_SESSION,18,1
CDR202600048914,IPDR202600088746,PRIMARY_SESSION,-1285,1
CDR202600041055,IPDR202600088748,ADDITIONAL_SESSION,58,1
CDR202600090404,IPDR202600088767,ADDITIONAL_SESSION,-135,1
CDR202600035822,IPDR202600088804,ADDITIONAL_SESSION,-14,1
CDR202600044407,IPDR202600088811,ADDITIONAL_SESSION,-157,1
CDR202600059351,IPDR202600088826,ADDITIONAL_SESSION,-757,1
CDR202600068284,IPDR202600088837,ADDITIONAL_SESSION,579,1
CDR202600026260,IPDR202600088841,ADDITIONAL_SESSION,17,1
CDR202600063815,IPDR202600088847,ADDITIONAL_SESSION,194,1
CDR202600000042,IPDR202600088855,PRIMARY_SESSION,-474,1
CDR202600038776,IPDR202600088888,PRIMARY_SESSION,-2,1
CDR202600062301,IPDR202600088893,PRIMARY_SESSION,146,1
CDR202600078518,IPDR202600088911,PRIMARY_SESSION,28,1
CDR202600074821,IPDR202600088915,PRIMARY_SESSION,-2,1
CDR202600082799,IPDR202600088984,PRIMARY_SESSION,144,1
CDR202600022881,IPDR202600089056,ADDITIONAL_SESSION,-461,1
CDR202600057941,IPDR202600089063,ADDITIONAL_SESSION,-25,1
CDR202600030311,IPDR202600089077,ADDITIONAL_SESSION,30,1
CDR202600083988,IPDR202600089104,ADDITIONAL_SESSION,-14,1
CDR202600028649,IPDR202600089170,PRIMARY_SESSION,-241,1
CDR202600006597,IPDR202600089177,PRIMARY_SESSION,-461,1
CDR202600040802,IPDR202600089192,PRIMARY_SESSION,-1078,1
CDR202600010361,IPDR202600089229,PRIMARY_SESSION,178,1
CDR202600063098,IPDR202600089234,ADDITIONAL_SESSION,9,1
CDR202600053379,IPDR202600089259,ADDITIONAL_SESSION,293,1
CDR202600002892,IPDR202600089290,PRIMARY_SESSION,290,1
CDR202600009617,IPDR202600089293,PRIMARY_SESSION,92,1
CDR202600080747,IPDR202600089317,ADDITIONAL_SESSION,-300,1
CDR202600021003,IPDR202600089358,PRIMARY_SESSION,21,1
CDR202600040486,IPDR202600089393,PRIMARY_SESSION,757,1
CDR202600082463,IPDR202600089405,PRIMARY_SESSION,-30,1
CDR202600036890,IPDR202600089422,PRIMARY_SESSION,-27,1
CDR202600053920,IPDR202600089434,ADDITIONAL_SESSION,-542,1
CDR202600018657,IPDR202600089509,PRIMARY_SESSION,750,1
CDR202600023387,IPDR202600089513,PRIMARY_SESSION,35,1
CDR202600079227,IPDR202600089536,PRIMARY_SESSION,-31,1
CDR202600083514,IPDR202600089611,PRIMARY_SESSION,118,1
CDR202600051067,IPDR202600089621,PRIMARY_SESSION,-292,1
CDR202600080108,IPDR202600089631,ADDITIONAL_SESSION,578,1
CDR202600015664,IPDR202600089644,ADDITIONAL_SESSION,-666,1
CDR202600067879,IPDR202600089672,PRIMARY_SESSION,1435,1
CDR202600049284,IPDR202600089673,PRIMARY_SESSION,869,1
CDR202600021029,IPDR202600089693,PRIMARY_SESSION,-167,1
CDR202600017876,IPDR202600089729,PRIMARY_SESSION,-33,1
CDR202600081033,IPDR202600089735,PRIMARY_SESSION,-21,1
CDR202600000625,IPDR202600089767,PRIMARY_SESSION,-38,1
CDR202600050172,IPDR202600089768,ADDITIONAL_SESSION,5,1
CDR202600079796,IPDR202600089771,PRIMARY_SESSION,-36,1
CDR202600073062,IPDR202600089837,PRIMARY_SESSION,299,1
CDR202600030671,IPDR202600089842,ADDITIONAL_SESSION,60,1
CDR202600042285,IPDR202600089853,PRIMARY_SESSION,7,1
CDR202600057363,IPDR202600089860,ADDITIONAL_SESSION,108,1
CDR202600015756,IPDR202600089891,PRIMARY_SESSION,-1,1
CDR202600089243,IPDR202600089899,PRIMARY_SESSION,1581,1
CDR202600040833,IPDR202600089903,PRIMARY_SESSION,-624,1
CDR202600053644,IPDR202600089948,ADDITIONAL_SESSION,40,1
CDR202600027314,IPDR202600089962,PRIMARY_SESSION,129,1
CDR202600026800,IPDR202600089991,PRIMARY_SESSION,457,1
CDR202600036006,IPDR202600090019,PRIMARY_SESSION,265,1
CDR202600087408,IPDR202600090043,PRIMARY_SESSION,-591,1
CDR202600008475,IPDR202600090051,ADDITIONAL_SESSION,90,1
CDR202600003295,IPDR202600090073,PRIMARY_SESSION,-264,1
CDR202600063553,IPDR202600090076,ADDITIONAL_SESSION,209,1
CDR202600003256,IPDR202600090100,PRIMARY_SESSION,277,1
CDR202600042112,IPDR202600090103,PRIMARY_SESSION,128,1
CDR202600059426,IPDR202600090105,ADDITIONAL_SESSION,-1460,1
CDR202600090028,IPDR202600090127,ADDITIONAL_SESSION,379,1
CDR202600075205,IPDR202600090131,ADDITIONAL_SESSION,534,1
CDR202600082790,IPDR202600090138,PRIMARY_SESSION,407,1
CDR202600051695,IPDR202600090150,PRIMARY_SESSION,-1614,1
CDR202600021011,IPDR202600090226,ADDITIONAL_SESSION,-234,1
CDR202600040364,IPDR202600090241,PRIMARY_SESSION,264,1
CDR202600008110,IPDR202600090267,PRIMARY_SESSION,737,1
CDR202600008679,IPDR202600090301,PRIMARY_SESSION,59,1
CDR202600078642,IPDR202600090322,PRIMARY_SESSION,-57,1
CDR202600075381,IPDR202600090335,PRIMARY_SESSION,128,1
CDR202600010448,IPDR202600090366,ADDITIONAL_SESSION,-114,1
CDR202600062267,IPDR202600090370,PRIMARY_SESSION,-219,1
CDR202600000175,IPDR202600090404,PRIMARY_SESSION,18,1
CDR202600053030,IPDR202600090410,PRIMARY_SESSION,169,1
CDR202600051659,IPDR202600090418,ADDITIONAL_SESSION,410,1
CDR202600026552,IPDR202600090420,PRIMARY_SESSION,43,1
CDR202600085060,IPDR202600090436,PRIMARY_SESSION,368,1
CDR202600027816,IPDR202600090446,PRIMARY_SESSION,746,1
CDR202600043337,IPDR202600090447,PRIMARY_SESSION,-265,1
CDR202600068228,IPDR202600090453,ADDITIONAL_SESSION,-281,1
CDR202600090301,IPDR202600090468,PRIMARY_SESSION,1083,1
CDR202600085526,IPDR202600090469,PRIMARY_SESSION,-414,1
CDR202600012792,IPDR202600090527,PRIMARY_SESSION,-60,1
CDR202600021903,IPDR202600090529,PRIMARY_SESSION,38,1
CDR202600008687,IPDR202600090555,ADDITIONAL_SESSION,535,1
CDR202600002755,IPDR202600090602,ADDITIONAL_SESSION,5,1
CDR202600003339,IPDR202600090619,PRIMARY_SESSION,11,1
CDR202600071719,IPDR202600090637,PRIMARY_SESSION,57,1
CDR202600044437,IPDR202600090661,ADDITIONAL_SESSION,-727,1
CDR202600018008,IPDR202600090674,PRIMARY_SESSION,-39,1
CDR202600066157,IPDR202600090708,PRIMARY_SESSION,1201,1
CDR202600029278,IPDR202600090711,PRIMARY_SESSION,1199,1
CDR202600088160,IPDR202600090782,PRIMARY_SESSION,-269,1
CDR202600054392,IPDR202600090787,PRIMARY_SESSION,-28,1
CDR202600045715,IPDR202600090821,ADDITIONAL_SESSION,-52,1
CDR202600090005,IPDR202600090874,ADDITIONAL_SESSION,1327,1
CDR202600043722,IPDR202600090875,ADDITIONAL_SESSION,-216,1
CDR202600072086,IPDR202600090877,PRIMARY_SESSION,-923,1
CDR202600073482,IPDR202600090919,PRIMARY_SESSION,-713,1
CDR202600057614,IPDR202600090931,PRIMARY_SESSION,-1636,1
CDR202600088599,IPDR202600090972,PRIMARY_SESSION,-268,1
CDR202600008532,IPDR202600090976,PRIMARY_SESSION,215,1
CDR202600084222,IPDR202600090994,PRIMARY_SESSION,-184,1
CDR202600057006,IPDR202600091015,PRIMARY_SESSION,-1376,1
CDR202600042972,IPDR202600091022,PRIMARY_SESSION,-44,1
CDR202600052385,IPDR202600091035,PRIMARY_SESSION,-309,1
CDR202600077609,IPDR202600091043,PRIMARY_SESSION,-52,1
CDR202600031281,IPDR202600091072,PRIMARY_SESSION,-20,1
CDR202600036850,IPDR202600091117,PRIMARY_SESSION,-47,1
CDR202600059926,IPDR202600091139,ADDITIONAL_SESSION,4,1
CDR202600000941,IPDR202600091141,PRIMARY_SESSION,518,1
CDR202600073344,IPDR202600091166,ADDITIONAL_SESSION,1352,1
CDR202600065231,IPDR202600091184,PRIMARY_SESSION,-2,1
CDR202600065392,IPDR202600091185,ADDITIONAL_SESSION,167,1
CDR202600081685,IPDR202600091207,ADDITIONAL_SESSION,-1338,1
CDR202600016763,IPDR202600091221,ADDITIONAL_SESSION,685,1
CDR202600026824,IPDR202600091236,PRIMARY_SESSION,-48,1
CDR202600018696,IPDR202600091255,PRIMARY_SESSION,281,1
CDR202600071109,IPDR202600091285,PRIMARY_SESSION,217,1
CDR202600031810,IPDR202600091309,PRIMARY_SESSION,-1176,1
CDR202600044999,IPDR202600091344,PRIMARY_SESSION,18,1
CDR202600022141,IPDR202600091364,ADDITIONAL_SESSION,142,1
CDR202600055152,IPDR202600091379,ADDITIONAL_SESSION,-607,1
CDR202600076738,IPDR202600091382,PRIMARY_SESSION,183,1
CDR202600079813,IPDR202600091408,PRIMARY_SESSION,-67,1
CDR202600003865,IPDR202600091410,PRIMARY_SESSION,736,1
CDR202600050758,IPDR202600091414,PRIMARY_SESSION,-210,1
CDR202600016075,IPDR202600091440,ADDITIONAL_SESSION,-195,1
CDR202600039895,IPDR202600091483,PRIMARY_SESSION,588,1
CDR202600076578,IPDR202600091485,PRIMARY_SESSION,16,1
CDR202600073688,IPDR202600091493,PRIMARY_SESSION,-51,1
CDR202600064095,IPDR202600091498,ADDITIONAL_SESSION,421,1
CDR202600006986,IPDR202600091506,PRIMARY_SESSION,-11,1
CDR202600080891,IPDR202600091515,PRIMARY_SESSION,-204,1
CDR202600013832,IPDR202600091535,ADDITIONAL_SESSION,-57,1
CDR202600068810,IPDR202600091590,PRIMARY_SESSION,-104,1
CDR202600076069,IPDR202600091621,ADDITIONAL_SESSION,853,1
CDR202600004614,IPDR202600091640,ADDITIONAL_SESSION,28,1
CDR202600050551,IPDR202600091679,PRIMARY_SESSION,-362,1
CDR202600090230,IPDR202600091686,PRIMARY_SESSION,690,1
CDR202600033720,IPDR202600091718,ADDITIONAL_SESSION,9,1
CDR202600043898,IPDR202600091730,PRIMARY_SESSION,35,1
CDR202600059984,IPDR202600091734,PRIMARY_SESSION,386,1
CDR202600071054,IPDR202600091741,ADDITIONAL_SESSION,231,1
CDR202600032661,IPDR202600091742,PRIMARY_SESSION,-889,1
CDR202600036123,IPDR202600091773,ADDITIONAL_SESSION,-193,1
CDR202600008517,IPDR202600091787,PRIMARY_SESSION,-68,1
CDR202600074455,IPDR202600091788,PRIMARY_SESSION,1540,1
CDR202600050956,IPDR202600091792,PRIMARY_SESSION,289,1
CDR202600082555,IPDR202600091804,PRIMARY_SESSION,1349,1
CDR202600027442,IPDR202600091807,PRIMARY_SESSION,-167,1
CDR202600068410,IPDR202600091826,ADDITIONAL_SESSION,21,1
CDR202600031225,IPDR202600091848,PRIMARY_SESSION,28,1
CDR202600058069,IPDR202600091853,ADDITIONAL_SESSION,-792,1
CDR202600076755,IPDR202600091862,ADDITIONAL_SESSION,128,1
CDR202600004262,IPDR202600091863,PRIMARY_SESSION,-7,1
CDR202600081879,IPDR202600091870,PRIMARY_SESSION,44,1
CDR202600049222,IPDR202600091872,PRIMARY_SESSION,-887,1
CDR202600073457,IPDR202600091891,PRIMARY_SESSION,-475,1
CDR202600085526,IPDR202600091907,ADDITIONAL_SESSION,8,1
CDR202600002371,IPDR202600091931,ADDITIONAL_SESSION,-623,1
CDR202600051883,IPDR202600091950,PRIMARY_SESSION,-238,1
CDR202600078015,IPDR202600091957,ADDITIONAL_SESSION,-285,1
CDR202600040802,IPDR202600092014,ADDITIONAL_SESSION,-587,1
CDR202600043051,IPDR202600092031,PRIMARY_SESSION,185,1
CDR202600030530,IPDR202600092070,PRIMARY_SESSION,47,1
CDR202600046000,IPDR202600092087,PRIMARY_SESSION,-318,1
CDR202600010799,IPDR202600092166,PRIMARY_SESSION,424,1
CDR202600043582,IPDR202600092178,PRIMARY_SESSION,-839,1
CDR202600048554,IPDR202600092179,PRIMARY_SESSION,-657,1
CDR202600031102,IPDR202600092181,ADDITIONAL_SESSION,181,1
CDR202600037941,IPDR202600092187,PRIMARY_SESSION,317,1
CDR202600057759,IPDR202600092195,PRIMARY_SESSION,559,1
CDR202600016382,IPDR202600092202,PRIMARY_SESSION,41,1
CDR202600082698,IPDR202600092233,ADDITIONAL_SESSION,20,1
CDR202600054190,IPDR202600092242,PRIMARY_SESSION,2,1
CDR202600022881,IPDR202600092249,ADDITIONAL_SESSION,1,1
CDR202600034815,IPDR202600092251,PRIMARY_SESSION,-216,1
CDR202600002137,IPDR202600092295,PRIMARY_SESSION,-109,1
CDR202600030890,IPDR202600092301,PRIMARY_SESSION,-704,1
CDR202600074829,IPDR202600092322,PRIMARY_SESSION,-94,1
CDR202600037265,IPDR202600092327,PRIMARY_SESSION,1190,1
CDR202600045513,IPDR202600092332,ADDITIONAL_SESSION,729,1
CDR202600015397,IPDR202600092344,PRIMARY_SESSION,-208,1
CDR202600053869,IPDR202600092361,PRIMARY_SESSION,-209,1
CDR202600086555,IPDR202600092367,ADDITIONAL_SESSION,550,1
CDR202600071160,IPDR202600092391,PRIMARY_SESSION,208,1
CDR202600047976,IPDR202600092397,PRIMARY_SESSION,11,1
CDR202600045097,IPDR202600092450,ADDITIONAL_SESSION,-78,1
CDR202600050267,IPDR202600092488,PRIMARY_SESSION,51,1
CDR202600038931,IPDR202600092491,PRIMARY_SESSION,-122,1
CDR202600078897,IPDR202600092498,ADDITIONAL_SESSION,51,1
CDR202600061528,IPDR202600092508,ADDITIONAL_SESSION,-38,1
CDR202600076818,IPDR202600092522,PRIMARY_SESSION,28,1
CDR202600052155,IPDR202600092530,PRIMARY_SESSION,-48,1
CDR202600089385,IPDR202600092533,ADDITIONAL_SESSION,215,1
CDR202600024537,IPDR202600092538,PRIMARY_SESSION,-769,1
CDR202600038909,IPDR202600092563,PRIMARY_SESSION,130,1
CDR202600023566,IPDR202600092624,PRIMARY_SESSION,54,1
CDR202600011341,IPDR202600092669,ADDITIONAL_SESSION,5,1
CDR202600018306,IPDR202600092711,ADDITIONAL_SESSION,-307,1
CDR202600072061,IPDR202600092714,PRIMARY_SESSION,1,1
CDR202600069798,IPDR202600092719,PRIMARY_SESSION,3,1
CDR202600040625,IPDR202600092731,ADDITIONAL_SESSION,33,1
CDR202600056959,IPDR202600092736,ADDITIONAL_SESSION,84,1
CDR202600061361,IPDR202600092788,ADDITIONAL_SESSION,-80,1
CDR202600089390,IPDR202600092797,PRIMARY_SESSION,115,1
CDR202600080613,IPDR202600092811,PRIMARY_SESSION,55,1
CDR202600039652,IPDR202600092823,PRIMARY_SESSION,-69,1
CDR202600069951,IPDR202600092834,PRIMARY_SESSION,-1000,1
CDR202600052089,IPDR202600092847,ADDITIONAL_SESSION,-644,1
CDR202600001289,IPDR202600092852,PRIMARY_SESSION,-246,1
CDR202600084399,IPDR202600092861,PRIMARY_SESSION,922,1
CDR202600017839,IPDR202600092881,PRIMARY_SESSION,-23,1
CDR202600041770,IPDR202600092889,PRIMARY_SESSION,-56,1
CDR202600001877,IPDR202600092899,ADDITIONAL_SESSION,-80,1
CDR202600018519,IPDR202600092907,PRIMARY_SESSION,-471,1
CDR202600066833,IPDR202600092925,PRIMARY_SESSION,693,1
CDR202600078367,IPDR202600092926,ADDITIONAL_SESSION,-137,1
CDR202600052897,IPDR202600092943,PRIMARY_SESSION,272,1
CDR202600057898,IPDR202600092978,ADDITIONAL_SESSION,528,1
CDR202600002123,IPDR202600092989,PRIMARY_SESSION,-539,1
CDR202600050086,IPDR202600092993,PRIMARY_SESSION,-44,1
CDR202600090407,IPDR202600092998,PRIMARY_SESSION,-1406,1
CDR202600078558,IPDR202600093005,ADDITIONAL_SESSION,-531,1
CDR202600026406,IPDR202600093047,PRIMARY_SESSION,260,1
CDR202600087071,IPDR202600093073,PRIMARY_SESSION,-1117,1
CDR202600049556,IPDR202600093082,ADDITIONAL_SESSION,46,1
CDR202600064887,IPDR202600093123,PRIMARY_SESSION,-843,1
CDR202600065387,IPDR202600093132,ADDITIONAL_SESSION,-824,1
CDR202600037450,IPDR202600093137,PRIMARY_SESSION,6,1
CDR202600018366,IPDR202600093143,PRIMARY_SESSION,-133,1
CDR202600026377,IPDR202600093214,ADDITIONAL_SESSION,131,1
CDR202600022650,IPDR202600093235,PRIMARY_SESSION,216,1
CDR202600008367,IPDR202600093251,ADDITIONAL_SESSION,25,1
CDR202600067795,IPDR202600093261,ADDITIONAL_SESSION,-1181,1
CDR202600015125,IPDR202600093264,ADDITIONAL_SESSION,717,1
CDR202600020912,IPDR202600093321,ADDITIONAL_SESSION,-308,1
CDR202600080150,IPDR202600093366,PRIMARY_SESSION,189,1
CDR202600063063,IPDR202600093371,ADDITIONAL_SESSION,309,1
CDR202600057863,IPDR202600093402,PRIMARY_SESSION,100,1
CDR202600004434,IPDR202600093413,ADDITIONAL_SESSION,-33,1
CDR202600058813,IPDR202600093416,PRIMARY_SESSION,28,1
CDR202600005573,IPDR202600093419,ADDITIONAL_SESSION,-26,1
CDR202600005790,IPDR202600093459,ADDITIONAL_SESSION,47,1
CDR202600004801,IPDR202600093485,PRIMARY_SESSION,-85,1
CDR202600069850,IPDR202600093491,PRIMARY_SESSION,15,1
CDR202600028486,IPDR202600093518,PRIMARY_SESSION,148,1
CDR202600063202,IPDR202600093557,PRIMARY_SESSION,44,1
CDR202600036842,IPDR202600093563,PRIMARY_SESSION,30,1
CDR202600029774,IPDR202600093572,ADDITIONAL_SESSION,-21,1
CDR202600065821,IPDR202600093574,PRIMARY_SESSION,-45,1
CDR202600038878,IPDR202600093583,ADDITIONAL_SESSION,-1008,1
CDR202600058341,IPDR202600093584,PRIMARY_SESSION,-44,1
CDR202600022646,IPDR202600093589,PRIMARY_SESSION,-1172,1
CDR202600019226,IPDR202600093599,PRIMARY_SESSION,933,1
CDR202600039608,IPDR202600093605,PRIMARY_SESSION,-13,1
CDR202600079210,IPDR202600093667,ADDITIONAL_SESSION,-200,1
CDR202600002723,IPDR202600093674,PRIMARY_SESSION,-3,1
CDR202600042356,IPDR202600093686,PRIMARY_SESSION,1740,1
CDR202600008716,IPDR202600093701,ADDITIONAL_SESSION,-341,1
CDR202600080792,IPDR202600093728,ADDITIONAL_SESSION,271,1
CDR202600089390,IPDR202600093739,ADDITIONAL_SESSION,-782,1
CDR202600076044,IPDR202600093778,PRIMARY_SESSION,109,1
CDR202600026456,IPDR202600093849,ADDITIONAL_SESSION,-336,1
CDR202600049756,IPDR202600093862,ADDITIONAL_SESSION,-1172,1
CDR202600033118,IPDR202600093906,PRIMARY_SESSION,-1048,1
CDR202600028327,IPDR202600093907,PRIMARY_SESSION,-77,1
CDR202600043602,IPDR202600093909,PRIMARY_SESSION,104,1
CDR202600041334,IPDR202600093918,PRIMARY_SESSION,97,1
CDR202600025271,IPDR202600093929,PRIMARY_SESSION,48,1
CDR202600084863,IPDR202600093943,PRIMARY_SESSION,40,1
CDR202600010780,IPDR202600093994,ADDITIONAL_SESSION,-134,1
CDR202600059375,IPDR202600094010,PRIMARY_SESSION,279,1
CDR202600028699,IPDR202600094032,PRIMARY_SESSION,-397,1
CDR202600034177,IPDR202600094050,PRIMARY_SESSION,592,1
CDR202600063303,IPDR202600094063,ADDITIONAL_SESSION,-258,1
CDR202600088988,IPDR202600094077,ADDITIONAL_SESSION,57,1
CDR202600078332,IPDR202600094093,PRIMARY_SESSION,28,1
CDR202600002390,IPDR202600094100,PRIMARY_SESSION,-134,1
CDR202600041528,IPDR202600094115,PRIMARY_SESSION,856,1
CDR202600000915,IPDR202600094143,PRIMARY_SESSION,-15,1
CDR202600021795,IPDR202600094151,PRIMARY_SESSION,-334,1
CDR202600042539,IPDR202600094155,PRIMARY_SESSION,-216,1
CDR202600071054,IPDR202600094162,ADDITIONAL_SESSION,-19,1
CDR202600077092,IPDR202600094169,ADDITIONAL_SESSION,-285,1
CDR202600010769,IPDR202600094184,PRIMARY_SESSION,56,1
CDR202600063098,IPDR202600094203,ADDITIONAL_SESSION,-157,1
CDR202600089464,IPDR202600094204,PRIMARY_SESSION,1591,1
CDR202600052002,IPDR202600094243,PRIMARY_SESSION,60,1
CDR202600005448,IPDR202600094251,PRIMARY_SESSION,23,1
CDR202600083120,IPDR202600094256,ADDITIONAL_SESSION,-289,1
CDR202600005374,IPDR202600094296,PRIMARY_SESSION,127,1
CDR202600053351,IPDR202600094318,PRIMARY_SESSION,120,1
CDR202600068000,IPDR202600094340,ADDITIONAL_SESSION,-609,1
CDR202600084233,IPDR202600094345,ADDITIONAL_SESSION,169,1
CDR202600021072,IPDR202600094374,ADDITIONAL_SESSION,56,1
CDR202600006031,IPDR202600094375,PRIMARY_SESSION,223,1
CDR202600048737,IPDR202600094380,ADDITIONAL_SESSION,433,1
CDR202600041994,IPDR202600094385,PRIMARY_SESSION,159,1
CDR202600029351,IPDR202600094393,PRIMARY_SESSION,412,1
CDR202600064023,IPDR202600094395,PRIMARY_SESSION,1,1
CDR202600002605,IPDR202600094410,PRIMARY_SESSION,149,1
CDR202600044677,IPDR202600094414,PRIMARY_SESSION,-1324,1
CDR202600045378,IPDR202600094438,PRIMARY_SESSION,-623,1
CDR202600001374,IPDR202600094446,PRIMARY_SESSION,3,1
CDR202600004103,IPDR202600094450,PRIMARY_SESSION,979,1
CDR202600052089,IPDR202600094473,ADDITIONAL_SESSION,365,1
CDR202600021875,IPDR202600094495,PRIMARY_SESSION,45,1
CDR202600069290,IPDR202600094528,PRIMARY_SESSION,-42,1
CDR202600083969,IPDR202600094543,ADDITIONAL_SESSION,-668,1
CDR202600065024,IPDR202600094561,ADDITIONAL_SESSION,2,1
CDR202600011017,IPDR202600094629,ADDITIONAL_SESSION,-1664,1
CDR202600053823,IPDR202600094643,PRIMARY_SESSION,-133,1
CDR202600067432,IPDR202600094653,PRIMARY_SESSION,-648,1
CDR202600049909,IPDR202600094660,PRIMARY_SESSION,250,1
CDR202600040973,IPDR202600094674,PRIMARY_SESSION,-253,1
CDR202600043861,IPDR202600094683,PRIMARY_SESSION,-29,1
CDR202600062806,IPDR202600094716,PRIMARY_SESSION,-42,1
CDR202600075449,IPDR202600094717,PRIMARY_SESSION,-19,1
CDR202600085543,IPDR202600094738,ADDITIONAL_SESSION,22,1
CDR202600035165,IPDR202600094744,ADDITIONAL_SESSION,137,1
CDR202600003163,IPDR202600094758,PRIMARY_SESSION,250,1
CDR202600012949,IPDR202600094763,ADDITIONAL_SESSION,-1,1
CDR202600069109,IPDR202600094779,ADDITIONAL_SESSION,-56,1
CDR202600033525,IPDR202600094798,ADDITIONAL_SESSION,54,1
CDR202600017058,IPDR202600094806,PRIMARY_SESSION,-46,1
CDR202600047406,IPDR202600094807,ADDITIONAL_SESSION,-522,1
CDR202600046607,IPDR202600094817,PRIMARY_SESSION,-732,1
CDR202600022659,IPDR202600094826,ADDITIONAL_SESSION,-15,1
CDR202600056349,IPDR202600094837,PRIMARY_SESSION,-23,1
CDR202600073364,IPDR202600094869,ADDITIONAL_SESSION,1701,1
CDR202600048046,IPDR202600094882,PRIMARY_SESSION,1041,1
CDR202600050897,IPDR202600095031,PRIMARY_SESSION,180,1
CDR202600037008,IPDR202600095094,PRIMARY_SESSION,123,1
CDR202600013010,IPDR202600095108,PRIMARY_SESSION,-59,1
CDR202600028327,IPDR202600095119,ADDITIONAL_SESSION,-18,1
CDR202600032373,IPDR202600095141,PRIMARY_SESSION,557,1
CDR202600022422,IPDR202600095190,PRIMARY_SESSION,-240,1
CDR202600060232,IPDR202600095218,PRIMARY_SESSION,376,1
CDR202600076755,IPDR202600095242,ADDITIONAL_SESSION,-156,1
CDR202600003697,IPDR202600095250,PRIMARY_SESSION,32,1
CDR202600048333,IPDR202600095286,PRIMARY_SESSION,-28,1
CDR202600023239,IPDR202600095324,PRIMARY_SESSION,-105,1
CDR202600082464,IPDR202600095332,PRIMARY_SESSION,259,1
CDR202600056308,IPDR202600095334,PRIMARY_SESSION,73,1
CDR202600083815,IPDR202600095350,PRIMARY_SESSION,-1594,1
CDR202600032736,IPDR202600095360,PRIMARY_SESSION,505,1
CDR202600036079,IPDR202600095375,PRIMARY_SESSION,1518,1
CDR202600061729,IPDR202600095433,PRIMARY_SESSION,-458,1
CDR202600007818,IPDR202600095484,ADDITIONAL_SESSION,-38,1
CDR202600069845,IPDR202600095495,ADDITIONAL_SESSION,40,1
CDR202600075191,IPDR202600095499,PRIMARY_SESSION,637,1
CDR202600035221,IPDR202600095506,PRIMARY_SESSION,-797,1
CDR202600087180,IPDR202600095517,PRIMARY_SESSION,-68,1
CDR202600065498,IPDR202600095529,ADDITIONAL_SESSION,566,1
CDR202600003916,IPDR202600095530,PRIMARY_SESSION,-65,1
CDR202600016871,IPDR202600095559,PRIMARY_SESSION,73,1
CDR202600015583,IPDR202600095567,PRIMARY_SESSION,-57,1
CDR202600084233,IPDR202600095594,PRIMARY_SESSION,988,1
CDR202600079874,IPDR202600095619,ADDITIONAL_SESSION,170,1
CDR202600060002,IPDR202600095641,ADDITIONAL_SESSION,90,1
CDR202600011570,IPDR202600095646,PRIMARY_SESSION,-158,1
CDR202600046007,IPDR202600095722,PRIMARY_SESSION,-27,1
CDR202600030418,IPDR202600095786,PRIMARY_SESSION,58,1
CDR202600016247,IPDR202600095788,PRIMARY_SESSION,-1633,1
CDR202600080957,IPDR202600095823,PRIMARY_SESSION,-169,1
CDR202600059415,IPDR202600095861,PRIMARY_SESSION,-84,1
CDR202600047193,IPDR202600095876,ADDITIONAL_SESSION,-193,1
CDR202600006441,IPDR202600095877,PRIMARY_SESSION,-14,1
CDR202600078367,IPDR202600095892,ADDITIONAL_SESSION,849,1
CDR202600029448,IPDR202600095907,PRIMARY_SESSION,-144,1
CDR202600071642,IPDR202600095910,ADDITIONAL_SESSION,-800,1
CDR202600006826,IPDR202600095913,PRIMARY_SESSION,-285,1
CDR202600043536,IPDR202600095932,PRIMARY_SESSION,-491,1
CDR202600070325,IPDR202600095961,ADDITIONAL_SESSION,714,1
CDR202600084054,IPDR202600095970,PRIMARY_SESSION,-232,1
CDR202600010973,IPDR202600095972,ADDITIONAL_SESSION,-9,1
CDR202600078660,IPDR202600096009,ADDITIONAL_SESSION,791,1
CDR202600045162,IPDR202600096016,PRIMARY_SESSION,-55,1
CDR202600083227,IPDR202600096019,ADDITIONAL_SESSION,-295,1
CDR202600012964,IPDR202600096036,PRIMARY_SESSION,560,1
CDR202600029633,IPDR202600096053,PRIMARY_SESSION,833,1
CDR202600088829,IPDR202600096112,PRIMARY_SESSION,119,1
CDR202600079550,IPDR202600096123,PRIMARY_SESSION,-740,1
CDR202600084190,IPDR202600096139,PRIMARY_SESSION,-184,1
CDR202600052261,IPDR202600096154,PRIMARY_SESSION,7,1
CDR202600043240,IPDR202600096161,ADDITIONAL_SESSION,-93,1
CDR202600020821,IPDR202600096182,ADDITIONAL_SESSION,55,1
CDR202600035801,IPDR202600096196,PRIMARY_SESSION,-66,1
CDR202600014917,IPDR202600096228,PRIMARY_SESSION,1651,1
CDR202600042423,IPDR202600096240,PRIMARY_SESSION,-44,1
CDR202600046571,IPDR202600096275,PRIMARY_SESSION,-554,1
CDR202600087995,IPDR202600096288,ADDITIONAL_SESSION,3,1
CDR202600085962,IPDR202600096290,PRIMARY_SESSION,354,1
CDR202600008097,IPDR202600096302,PRIMARY_SESSION,178,1
CDR202600028145,IPDR202600096307,ADDITIONAL_SESSION,1052,1
CDR202600008750,IPDR202600096335,PRIMARY_SESSION,-276,1
CDR202600007654,IPDR202600096353,PRIMARY_SESSION,-295,1
CDR202600080494,IPDR202600096396,PRIMARY_SESSION,-70,1
CDR202600050782,IPDR202600096420,PRIMARY_SESSION,-30,1
CDR202600026716,IPDR202600096423,ADDITIONAL_SESSION,44,1
CDR202600074844,IPDR202600096452,ADDITIONAL_SESSION,-40,1
CDR202600042186,IPDR202600096463,ADDITIONAL_SESSION,1741,1
CDR202600051454,IPDR202600096483,ADDITIONAL_SESSION,1040,1
CDR202600073344,IPDR202600096493,ADDITIONAL_SESSION,9,1
CDR202600082094,IPDR202600096497,PRIMARY_SESSION,-133,1
CDR202600059954,IPDR202600096502,ADDITIONAL_SESSION,-137,1
CDR202600089677,IPDR202600096514,PRIMARY_SESSION,724,1
CDR202600001501,IPDR202600096516,PRIMARY_SESSION,-163,1
CDR202600046934,IPDR202600096525,PRIMARY_SESSION,1548,1
CDR202600052020,IPDR202600096560,ADDITIONAL_SESSION,-53,1
CDR202600090028,IPDR202600096602,ADDITIONAL_SESSION,256,1
CDR202600023143,IPDR202600096639,PRIMARY_SESSION,-250,1
CDR202600005103,IPDR202600096640,PRIMARY_SESSION,986,1
CDR202600079373,IPDR202600096655,ADDITIONAL_SESSION,88,1
CDR202600087498,IPDR202600096659,ADDITIONAL_SESSION,1171,1
CDR202600049928,IPDR202600096671,ADDITIONAL_SESSION,-38,1
CDR202600024988,IPDR202600096723,ADDITIONAL_SESSION,-602,1
CDR202600049050,IPDR202600096734,PRIMARY_SESSION,-190,1
CDR202600061039,IPDR202600096741,ADDITIONAL_SESSION,-7,1
CDR202600084624,IPDR202600096767,PRIMARY_SESSION,-835,1
CDR202600063063,IPDR202600096772,PRIMARY_SESSION,12,1
CDR202600013799,IPDR202600096776,PRIMARY_SESSION,189,1
CDR202600063864,IPDR202600096780,PRIMARY_SESSION,-224,1
CDR202600024988,IPDR202600096813,ADDITIONAL_SESSION,258,1
CDR202600054977,IPDR202600096814,ADDITIONAL_SESSION,3,1
CDR202600089849,IPDR202600096816,ADDITIONAL_SESSION,364,1
CDR202600087139,IPDR202600096818,ADDITIONAL_SESSION,2,1
CDR202600026599,IPDR202600096821,PRIMARY_SESSION,103,1
CDR202600081627,IPDR202600096856,ADDITIONAL_SESSION,-290,1
CDR202600011571,IPDR202600096858,ADDITIONAL_SESSION,-41,1
CDR202600085851,IPDR202600096861,PRIMARY_SESSION,1647,1
CDR202600017264,IPDR202600096932,PRIMARY_SESSION,-248,1
CDR202600018419,IPDR202600097078,ADDITIONAL_SESSION,-173,1
CDR202600068996,IPDR202600097081,PRIMARY_SESSION,56,1
CDR202600076069,IPDR202600097117,ADDITIONAL_SESSION,-110,1
CDR202600080982,IPDR202600097134,PRIMARY_SESSION,128,1
CDR202600040395,IPDR202600097136,PRIMARY_SESSION,-328,1
CDR202600074913,IPDR202600097182,PRIMARY_SESSION,-18,1
CDR202600089465,IPDR202600097201,ADDITIONAL_SESSION,-234,1
CDR202600066551,IPDR202600097229,ADDITIONAL_SESSION,-9,1
CDR202600016305,IPDR202600097240,PRIMARY_SESSION,-1255,1
CDR202600027079,IPDR202600097271,PRIMARY_SESSION,19,1
CDR202600047450,IPDR202600097278,ADDITIONAL_SESSION,199,1
CDR202600082145,IPDR202600097283,ADDITIONAL_SESSION,-814,1
CDR202600008563,IPDR202600097292,ADDITIONAL_SESSION,593,1
CDR202600055356,IPDR202600097300,PRIMARY_SESSION,1098,1
CDR202600023872,IPDR202600097315,PRIMARY_SESSION,262,1
CDR202600078993,IPDR202600097338,ADDITIONAL_SESSION,-77,1
CDR202600016837,IPDR202600097381,ADDITIONAL_SESSION,753,1
CDR202600083626,IPDR202600097402,ADDITIONAL_SESSION,-1391,1
CDR202600011574,IPDR202600097427,PRIMARY_SESSION,-883,1
CDR202600002214,IPDR202600097503,ADDITIONAL_SESSION,-35,1
CDR202600089938,IPDR202600097508,ADDITIONAL_SESSION,39,1
CDR202600003405,IPDR202600097523,ADDITIONAL_SESSION,-522,1
CDR202600067465,IPDR202600097537,PRIMARY_SESSION,-369,1
CDR202600031102,IPDR202600097541,ADDITIONAL_SESSION,-1003,1
CDR202600055043,IPDR202600097558,ADDITIONAL_SESSION,-369,1
CDR202600036689,IPDR202600097559,PRIMARY_SESSION,-63,1
CDR202600026213,IPDR202600097567,PRIMARY_SESSION,-140,1
CDR202600023706,IPDR202600097573,PRIMARY_SESSION,1467,1
CDR202600023595,IPDR202600097584,PRIMARY_SESSION,273,1
CDR202600042812,IPDR202600097590,PRIMARY_SESSION,-1021,1
CDR202600046882,IPDR202600097601,ADDITIONAL_SESSION,1,1
CDR202600003905,IPDR202600097604,ADDITIONAL_SESSION,-229,1
CDR202600010353,IPDR202600097640,ADDITIONAL_SESSION,-705,1
CDR202600023442,IPDR202600097668,PRIMARY_SESSION,-792,1
CDR202600076498,IPDR202600097686,ADDITIONAL_SESSION,-755,1
CDR202600052659,IPDR202600097692,PRIMARY_SESSION,-24,1
CDR202600042347,IPDR202600097703,PRIMARY_SESSION,1786,1
CDR202600075541,IPDR202600097707,ADDITIONAL_SESSION,293,1
CDR202600019195,IPDR202600097755,ADDITIONAL_SESSION,-35,1
CDR202600000666,IPDR202600097773,ADDITIONAL_SESSION,556,1
CDR202600046023,IPDR202600097805,PRIMARY_SESSION,553,1
CDR202600027804,IPDR202600097815,ADDITIONAL_SESSION,114,1
CDR202600086356,IPDR202600097828,PRIMARY_SESSION,-712,1
CDR202600082009,IPDR202600097834,PRIMARY_SESSION,1187,1
CDR202600049027,IPDR202600097842,PRIMARY_SESSION,-51,1
CDR202600025828,IPDR202600097927,PRIMARY_SESSION,-6,1
CDR202600048737,IPDR202600097936,PRIMARY_SESSION,-238,1
CDR202600058144,IPDR202600097949,PRIMARY_SESSION,868,1
CDR202600072716,IPDR202600097952,ADDITIONAL_SESSION,-43,1
CDR202600062060,IPDR202600097974,PRIMARY_SESSION,-8,1
CDR202600002779,IPDR202600097982,PRIMARY_SESSION,202,1
CDR202600058006,IPDR202600097992,PRIMARY_SESSION,668,1
CDR202600011653,IPDR202600098002,PRIMARY_SESSION,-316,1
CDR202600039925,IPDR202600098020,PRIMARY_SESSION,51,1
CDR202600083421,IPDR202600098118,PRIMARY_SESSION,-612,1
CDR202600071054,IPDR202600098123,ADDITIONAL_SESSION,-271,1
CDR202600042232,IPDR202600098128,PRIMARY_SESSION,-284,1
CDR202600035385,IPDR202600098133,PRIMARY_SESSION,85,1
CDR202600086047,IPDR202600098148,PRIMARY_SESSION,-42,1
CDR202600075827,IPDR202600098160,PRIMARY_SESSION,176,1
CDR202600067968,IPDR202600098186,PRIMARY_SESSION,-244,1
CDR202600082698,IPDR202600098212,ADDITIONAL_SESSION,711,1
CDR202600075201,IPDR202600098214,ADDITIONAL_SESSION,225,1
CDR202600075249,IPDR202600098219,PRIMARY_SESSION,313,1
CDR202600080016,IPDR202600098222,PRIMARY_SESSION,192,1
CDR202600077803,IPDR202600098272,PRIMARY_SESSION,3,1
CDR202600061175,IPDR202600098318,PRIMARY_SESSION,9,1
CDR202600001923,IPDR202600098336,PRIMARY_SESSION,293,1
CDR202600018741,IPDR202600098353,PRIMARY_SESSION,1515,1
CDR202600052221,IPDR202600098380,PRIMARY_SESSION,159,1
CDR202600033154,IPDR202600098403,PRIMARY_SESSION,1443,1
CDR202600016283,IPDR202600098409,PRIMARY_SESSION,-617,1
CDR202600052734,IPDR202600098431,PRIMARY_SESSION,156,1
CDR202600064349,IPDR202600098458,PRIMARY_SESSION,60,1
CDR202600037826,IPDR202600098459,PRIMARY_SESSION,468,1
CDR202600079205,IPDR202600098465,PRIMARY_SESSION,-166,1
CDR202600089938,IPDR202600098473,ADDITIONAL_SESSION,-50,1
CDR202600075674,IPDR202600098474,ADDITIONAL_SESSION,426,1
CDR202600036345,IPDR202600098481,PRIMARY_SESSION,13,1
CDR202600079110,IPDR202600098518,PRIMARY_SESSION,-690,1
CDR202600027180,IPDR202600098522,PRIMARY_SESSION,673,1
CDR202600007379,IPDR202600098549,PRIMARY_SESSION,37,1
CDR202600018306,IPDR202600098556,PRIMARY_SESSION,-75,1
CDR202600065943,IPDR202600098563,PRIMARY_SESSION,657,1
CDR202600033479,IPDR202600098566,ADDITIONAL_SESSION,11,1
CDR202600061833,IPDR202600098601,ADDITIONAL_SESSION,-474,1
CDR202600003514,IPDR202600098609,PRIMARY_SESSION,-42,1
CDR202600058602,IPDR202600098621,PRIMARY_SESSION,548,1
CDR202600089420,IPDR202600098646,PRIMARY_SESSION,1349,1
CDR202600031763,IPDR202600098657,ADDITIONAL_SESSION,286,1
CDR202600021251,IPDR202600098671,ADDITIONAL_SESSION,52,1
CDR202600086878,IPDR202600098673,PRIMARY_SESSION,-586,1
CDR202600068531,IPDR202600098741,PRIMARY_SESSION,-24,1
CDR202600063020,IPDR202600098769,PRIMARY_SESSION,-175,1
CDR202600051749,IPDR202600098774,PRIMARY_SESSION,-39,1
CDR202600075191,IPDR202600098808,ADDITIONAL_SESSION,-717,1
CDR202600084766,IPDR202600098845,PRIMARY_SESSION,-1148,1
CDR202600068700,IPDR202600098874,PRIMARY_SESSION,12,1
CDR202600074688,IPDR202600098908,PRIMARY_SESSION,630,1
CDR202600017367,IPDR202600098924,PRIMARY_SESSION,766,1
CDR202600035870,IPDR202600098969,ADDITIONAL_SESSION,-390,1
CDR202600017309,IPDR202600098972,PRIMARY_SESSION,-11,1
CDR202600051635,IPDR202600099018,PRIMARY_SESSION,-100,1
CDR202600008893,IPDR202600099086,PRIMARY_SESSION,3,1
CDR202600041733,IPDR202600099096,PRIMARY_SESSION,133,1
CDR202600022906,IPDR202600099124,ADDITIONAL_SESSION,448,1
CDR202600089917,IPDR202600099140,PRIMARY_SESSION,244,1
CDR202600057199,IPDR202600099144,ADDITIONAL_SESSION,-4,1
CDR202600067986,IPDR202600099146,ADDITIONAL_SESSION,-34,1
CDR202600051978,IPDR202600099164,PRIMARY_SESSION,11,1
CDR202600015060,IPDR202600099199,PRIMARY_SESSION,399,1
CDR202600044097,IPDR202600099210,ADDITIONAL_SESSION,329,1
CDR202600008878,IPDR202600099215,PRIMARY_SESSION,-687,1
CDR202600065387,IPDR202600099221,ADDITIONAL_SESSION,-642,1
CDR202600066324,IPDR202600099245,ADDITIONAL_SESSION,-99,1
CDR202600063431,IPDR202600099269,PRIMARY_SESSION,1328,1
CDR202600032047,IPDR202600099272,ADDITIONAL_SESSION,-690,1
CDR202600021672,IPDR202600099275,ADDITIONAL_SESSION,-1177,1
CDR202600007521,IPDR202600099316,PRIMARY_SESSION,-1361,1
CDR202600087212,IPDR202600099331,PRIMARY_SESSION,-46,1
CDR202600063815,IPDR202600099360,PRIMARY_SESSION,507,1
CDR202600071630,IPDR202600099370,PRIMARY_SESSION,212,1
CDR202600012938,IPDR202600099399,PRIMARY_SESSION,11,1
CDR202600027807,IPDR202600099421,PRIMARY_SESSION,-891,1
CDR202600026097,IPDR202600099449,ADDITIONAL_SESSION,54,1
CDR202600028473,IPDR202600099492,PRIMARY_SESSION,-236,1
CDR202600077577,IPDR202600099533,PRIMARY_SESSION,-19,1
CDR202600066751,IPDR202600099545,PRIMARY_SESSION,49,1
CDR202600079210,IPDR202600099556,ADDITIONAL_SESSION,-46,1
CDR202600055859,IPDR202600099576,ADDITIONAL_SESSION,863,1
CDR202600069443,IPDR202600099614,PRIMARY_SESSION,138,1
CDR202600003865,IPDR202600099627,ADDITIONAL_SESSION,37,1
CDR202600028648,IPDR202600099656,PRIMARY_SESSION,-854,1
CDR202600081719,IPDR202600099740,PRIMARY_SESSION,764,1
CDR202600003606,IPDR202600099767,PRIMARY_SESSION,-39,1
CDR202600044757,IPDR202600099790,PRIMARY_SESSION,-411,1
CDR202600086555,IPDR202600099798,PRIMARY_SESSION,20,1
CDR202600015482,IPDR202600099804,ADDITIONAL_SESSION,-67,1
CDR202600054626,IPDR202600099825,ADDITIONAL_SESSION,235,1
CDR202600086931,IPDR202600099828,PRIMARY_SESSION,-323,1
CDR202600010918,IPDR202600099877,PRIMARY_SESSION,335,1
CDR202600021825,IPDR202600099883,ADDITIONAL_SESSION,584,1
CDR202600018060,IPDR202600099914,ADDITIONAL_SESSION,-1601,1
CDR202600087617,IPDR202600099923,PRIMARY_SESSION,-7,1
CDR202600074543,IPDR202600099931,ADDITIONAL_SESSION,-10,1
CDR202600020605,IPDR202600099940,PRIMARY_SESSION,-117,1
CDR202600052670,IPDR202600099954,PRIMARY_SESSION,4,1
CDR202600039466,IPDR202600099973,ADDITIONAL_SESSION,-80,1
CDR202600058910,IPDR202600099978,ADDITIONAL_SESSION,-284,1
CDR202600049432,IPDR202600100017,ADDITIONAL_SESSION,-62,1
CDR202600077706,IPDR202600100044,ADDITIONAL_SESSION,-555,1
CDR202600024988,IPDR202600100097,ADDITIONAL_SESSION,-60,1
CDR202600013794,IPDR202600100108,ADDITIONAL_SESSION,133,1
CDR202600073260,IPDR202600100136,PRIMARY_SESSION,-230,1
CDR202600011762,IPDR202600100170,PRIMARY_SESSION,-131,1
CDR202600058582,IPDR202600100173,PRIMARY_SESSION,868,1
CDR202600022226,IPDR202600100267,ADDITIONAL_SESSION,29,1
CDR202600075124,IPDR202600100270,PRIMARY_SESSION,-287,1
CDR202600041354,IPDR202600100345,PRIMARY_SESSION,-87,1
CDR202600050886,IPDR202600100363,PRIMARY_SESSION,185,1
CDR202600081025,IPDR202600100367,PRIMARY_SESSION,18,1
CDR202600074743,IPDR202600100385,ADDITIONAL_SESSION,-695,1
CDR202600058069,IPDR202600100387,ADDITIONAL_SESSION,173,1
CDR202600038605,IPDR202600100388,ADDITIONAL_SESSION,8,1
CDR202600080184,IPDR202600100411,PRIMARY_SESSION,36,1
CDR202600033611,IPDR202600100474,ADDITIONAL_SESSION,1260,1
CDR202600007654,IPDR202600100484,ADDITIONAL_SESSION,-1646,1
CDR202600035294,IPDR202600100513,ADDITIONAL_SESSION,222,1
CDR202600053644,IPDR202600100613,ADDITIONAL_SESSION,-262,1
CDR202600005949,IPDR202600100642,PRIMARY_SESSION,-298,1
CDR202600050772,IPDR202600100668,PRIMARY_SESSION,-277,1
CDR202600043510,IPDR202600100686,ADDITIONAL_SESSION,-15,1
CDR202600050311,IPDR202600100699,PRIMARY_SESSION,163,1
CDR202600020070,IPDR202600100713,PRIMARY_SESSION,-820,1
CDR202600064304,IPDR202600100761,ADDITIONAL_SESSION,-58,1
CDR202600051749,IPDR202600100777,ADDITIONAL_SESSION,-47,1
CDR202600064023,IPDR202600100792,ADDITIONAL_SESSION,-199,1
CDR202600062347,IPDR202600100800,PRIMARY_SESSION,-206,1
CDR202600069522,IPDR202600100837,PRIMARY_SESSION,52,1
CDR202600011696,IPDR202600100856,PRIMARY_SESSION,363,1
CDR202600022016,IPDR202600100932,ADDITIONAL_SESSION,-644,1
CDR202600052089,IPDR202600100937,ADDITIONAL_SESSION,-293,1
CDR202600007634,IPDR202600100941,ADDITIONAL_SESSION,-115,1
CDR202600072717,IPDR202600100957,ADDITIONAL_SESSION,-21,1
CDR202600012980,IPDR202600100960,PRIMARY_SESSION,-1433,1
CDR202600044812,IPDR202600100994,PRIMARY_SESSION,-162,1
CDR202600085497,IPDR202600101035,PRIMARY_SESSION,451,1
CDR202600026470,IPDR202600101052,PRIMARY_SESSION,-26,1
CDR202600051078,IPDR202600101099,PRIMARY_SESSION,-263,1
CDR202600081764,IPDR202600101130,PRIMARY_SESSION,-735,1
CDR202600060262,IPDR202600101162,ADDITIONAL_SESSION,420,1
CDR202600058665,IPDR202600101229,PRIMARY_SESSION,1104,1
CDR202600045712,IPDR202600101247,PRIMARY_SESSION,59,1
CDR202600087495,IPDR202600101291,ADDITIONAL_SESSION,-710,1
CDR202600023981,IPDR202600101294,ADDITIONAL_SESSION,-12,1
CDR202600068568,IPDR202600101344,PRIMARY_SESSION,185,1
CDR202600042889,IPDR202600101351,PRIMARY_SESSION,54,1
CDR202600055741,IPDR202600101409,ADDITIONAL_SESSION,-42,1
CDR202600020605,IPDR202600101415,ADDITIONAL_SESSION,21,1
CDR202600003405,IPDR202600101436,PRIMARY_SESSION,-422,1
CDR202600066803,IPDR202600101487,PRIMARY_SESSION,182,1
CDR202600007207,IPDR202600101494,PRIMARY_SESSION,816,1
CDR202600035724,IPDR202600101508,PRIMARY_SESSION,-284,1
CDR202600019778,IPDR202600101509,ADDITIONAL_SESSION,-501,1
CDR202600025505,IPDR202600101542,PRIMARY_SESSION,-55,1
CDR202600055246,IPDR202600101554,PRIMARY_SESSION,-62,1
CDR202600063058,IPDR202600101555,PRIMARY_SESSION,-29,1
CDR202600061589,IPDR202600101584,ADDITIONAL_SESSION,292,1
CDR202600036837,IPDR202600101614,PRIMARY_SESSION,140,1
CDR202600066327,IPDR202600101635,PRIMARY_SESSION,621,1
CDR202600076645,IPDR202600101639,PRIMARY_SESSION,-297,1
CDR202600024393,IPDR202600101688,PRIMARY_SESSION,-174,1
CDR202600061534,IPDR202600101731,PRIMARY_SESSION,-166,1
CDR202600077694,IPDR202600101733,PRIMARY_SESSION,-76,1
CDR202600026577,IPDR202600101747,ADDITIONAL_SESSION,20,1
CDR202600030697,IPDR202600101764,PRIMARY_SESSION,-280,1
CDR202600031482,IPDR202600101782,PRIMARY_SESSION,857,1
CDR202600025849,IPDR202600101806,PRIMARY_SESSION,70,1
CDR202600036047,IPDR202600101810,ADDITIONAL_SESSION,-167,1
CDR202600074086,IPDR202600101816,PRIMARY_SESSION,-47,1
CDR202600003083,IPDR202600101817,ADDITIONAL_SESSION,-585,1
CDR202600074727,IPDR202600101826,PRIMARY_SESSION,-256,1
CDR202600061869,IPDR202600101908,PRIMARY_SESSION,-148,1
CDR202600089420,IPDR202600101924,ADDITIONAL_SESSION,-663,1
CDR202600014817,IPDR202600102046,ADDITIONAL_SESSION,34,1
CDR202600060839,IPDR202600102055,PRIMARY_SESSION,-153,1
CDR202600053027,IPDR202600102073,PRIMARY_SESSION,-4,1
CDR202600010600,IPDR202600102077,ADDITIONAL_SESSION,27,1
CDR202600041394,IPDR202600102094,ADDITIONAL_SESSION,16,1
CDR202600069845,IPDR202600102134,PRIMARY_SESSION,-318,1
CDR202600090575,IPDR202600102137,PRIMARY_SESSION,630,1
CDR202600002268,IPDR202600102169,PRIMARY_SESSION,-635,1
CDR202600046910,IPDR202600102204,ADDITIONAL_SESSION,-705,1
CDR202600087395,IPDR202600102234,PRIMARY_SESSION,-79,1
CDR202600033710,IPDR202600102235,PRIMARY_SESSION,832,1
CDR202600079373,IPDR202600102257,PRIMARY_SESSION,1,1
CDR202600019239,IPDR202600102264,PRIMARY_SESSION,-42,1
CDR202600063599,IPDR202600102275,ADDITIONAL_SESSION,-18,1
CDR202600077154,IPDR202600102297,ADDITIONAL_SESSION,-914,1
CDR202600067711,IPDR202600102300,PRIMARY_SESSION,475,1
CDR202600031986,IPDR202600102302,PRIMARY_SESSION,179,1
CDR202600062075,IPDR202600102316,PRIMARY_SESSION,43,1
CDR202600011571,IPDR202600102323,PRIMARY_SESSION,-17,1
CDR202600015653,IPDR202600102343,ADDITIONAL_SESSION,179,1
CDR202600027206,IPDR202600102396,ADDITIONAL_SESSION,-94,1
CDR202600042728,IPDR202600102412,PRIMARY_SESSION,207,1
CDR202600008311,IPDR202600102438,ADDITIONAL_SESSION,-188,1
CDR202600086891,IPDR202600102480,PRIMARY_SESSION,-38,1
CDR202600016343,IPDR202600102487,PRIMARY_SESSION,-207,1
CDR202600057304,IPDR202600102494,ADDITIONAL_SESSION,-486,1
CDR202600085187,IPDR202600102529,PRIMARY_SESSION,853,1
CDR202600010487,IPDR202600102537,PRIMARY_SESSION,-40,1
CDR202600055859,IPDR202600102540,ADDITIONAL_SESSION,1215,1
CDR202600015823,IPDR202600102575,PRIMARY_SESSION,1,1
CDR202600019575,IPDR202600102600,PRIMARY_SESSION,-33,1
CDR202600025352,IPDR202600102650,PRIMARY_SESSION,-132,1
CDR202600021012,IPDR202600102653,ADDITIONAL_SESSION,125,1
CDR202600043458,IPDR202600102684,ADDITIONAL_SESSION,285,1
CDR202600075379,IPDR202600102707,ADDITIONAL_SESSION,69,1
CDR202600078495,IPDR202600102734,PRIMARY_SESSION,277,1
CDR202600036825,IPDR202600102739,PRIMARY_SESSION,63,1
CDR202600057306,IPDR202600102765,ADDITIONAL_SESSION,-783,1
CDR202600065630,IPDR202600102771,ADDITIONAL_SESSION,246,1
CDR202600040802,IPDR202600102772,ADDITIONAL_SESSION,-243,1
CDR202600010448,IPDR202600102795,ADDITIONAL_SESSION,-346,1
CDR202600037407,IPDR202600102806,PRIMARY_SESSION,227,1
CDR202600024558,IPDR202600102858,ADDITIONAL_SESSION,-1775,1
CDR202600046484,IPDR202600102862,PRIMARY_SESSION,39,1
CDR202600014886,IPDR202600102867,ADDITIONAL_SESSION,-263,1
CDR202600003810,IPDR202600102869,PRIMARY_SESSION,343,1
CDR202600011650,IPDR202600102894,PRIMARY_SESSION,54,1
CDR202600069163,IPDR202600102902,PRIMARY_SESSION,-140,1
CDR202600046076,IPDR202600102935,PRIMARY_SESSION,-80,1
CDR202600085606,IPDR202600102960,ADDITIONAL_SESSION,-41,1
CDR202600049432,IPDR202600102967,ADDITIONAL_SESSION,-13,1
CDR202600064203,IPDR202600102968,ADDITIONAL_SESSION,-33,1
CDR202600077609,IPDR202600102979,ADDITIONAL_SESSION,-1317,1
CDR202600073477,IPDR202600103033,ADDITIONAL_SESSION,-207,1
CDR202600049284,IPDR202600103037,ADDITIONAL_SESSION,73,1
CDR202600020448,IPDR202600103074,ADDITIONAL_SESSION,-389,1
CDR202600063197,IPDR202600103076,PRIMARY_SESSION,1700,1
CDR202600019540,IPDR202600103080,PRIMARY_SESSION,565,1
CDR202600063910,IPDR202600103083,ADDITIONAL_SESSION,241,1
CDR202600074354,IPDR202600103095,PRIMARY_SESSION,1530,1
CDR202600002394,IPDR202600103148,ADDITIONAL_SESSION,1717,1
CDR202600065511,IPDR202600103171,ADDITIONAL_SESSION,-24,1
CDR202600074543,IPDR202600103182,PRIMARY_SESSION,-405,1
CDR202600084414,IPDR202600103198,PRIMARY_SESSION,-495,1
CDR202600013368,IPDR202600103205,PRIMARY_SESSION,510,1
CDR202600004150,IPDR202600103228,PRIMARY_SESSION,664,1
CDR202600010491,IPDR202600103229,PRIMARY_SESSION,86,1
CDR202600088476,IPDR202600103233,PRIMARY_SESSION,692,1
CDR202600006642,IPDR202600103247,PRIMARY_SESSION,-787,1
CDR202600040838,IPDR202600103273,ADDITIONAL_SESSION,-605,1
CDR202600012125,IPDR202600103285,PRIMARY_SESSION,-390,1
CDR202600018533,IPDR202600103291,ADDITIONAL_SESSION,657,1
CDR202600075033,IPDR202600103297,PRIMARY_SESSION,-664,1
CDR202600018344,IPDR202600103305,PRIMARY_SESSION,-396,1
CDR202600018283,IPDR202600103327,PRIMARY_SESSION,-176,1
CDR202600024433,IPDR202600103374,PRIMARY_SESSION,28,1
CDR202600068514,IPDR202600103389,ADDITIONAL_SESSION,-247,1
CDR202600004891,IPDR202600103440,PRIMARY_SESSION,1580,1
CDR202600009876,IPDR202600103449,PRIMARY_SESSION,-288,1
CDR202600016645,IPDR202600103453,PRIMARY_SESSION,-472,1
CDR202600002148,IPDR202600103476,ADDITIONAL_SESSION,1429,1
CDR202600052567,IPDR202600103495,PRIMARY_SESSION,298,1
CDR202600074399,IPDR202600103506,PRIMARY_SESSION,-39,1
CDR202600004628,IPDR202600103521,PRIMARY_SESSION,27,1
CDR202600034647,IPDR202600103528,PRIMARY_SESSION,-152,1
CDR202600046910,IPDR202600103542,ADDITIONAL_SESSION,-199,1
CDR202600008893,IPDR202600103554,ADDITIONAL_SESSION,-271,1
CDR202600014167,IPDR202600103557,PRIMARY_SESSION,-418,1
CDR202600010035,IPDR202600103563,ADDITIONAL_SESSION,318,1
CDR202600066799,IPDR202600103565,ADDITIONAL_SESSION,45,1
CDR202600067706,IPDR202600103604,ADDITIONAL_SESSION,-1,1
CDR202600018387,IPDR202600103613,PRIMARY_SESSION,-23,1
CDR202600063710,IPDR202600103630,ADDITIONAL_SESSION,282,1
CDR202600018039,IPDR202600103633,PRIMARY_SESSION,106,1
CDR202600088497,IPDR202600103664,ADDITIONAL_SESSION,96,1
CDR202600035976,IPDR202600103665,PRIMARY_SESSION,-81,1
CDR202600059958,IPDR202600103674,PRIMARY_SESSION,436,1
CDR202600087171,IPDR202600103688,PRIMARY_SESSION,-996,1
CDR202600056095,IPDR202600103692,ADDITIONAL_SESSION,-1664,1
CDR202600058124,IPDR202600103709,ADDITIONAL_SESSION,147,1
CDR202600085610,IPDR202600103736,ADDITIONAL_SESSION,481,1
CDR202600039316,IPDR202600103744,PRIMARY_SESSION,-49,1
CDR202600059248,IPDR202600103769,PRIMARY_SESSION,580,1
CDR202600019349,IPDR202600103802,ADDITIONAL_SESSION,44,1
CDR202600074512,IPDR202600103803,PRIMARY_SESSION,35,1
CDR202600031571,IPDR202600103817,ADDITIONAL_SESSION,-225,1
CDR202600016180,IPDR202600103832,PRIMARY_SESSION,2,1
CDR202600011876,IPDR202600103834,PRIMARY_SESSION,-923,1
CDR202600051659,IPDR202600103842,PRIMARY_SESSION,-1486,1
CDR202600057022,IPDR202600103875,PRIMARY_SESSION,3,1
CDR202600061770,IPDR202600103882,PRIMARY_SESSION,-131,1
CDR202600002055,IPDR202600103885,PRIMARY_SESSION,-870,1
CDR202600046423,IPDR202600103934,ADDITIONAL_SESSION,-51,1
CDR202600007379,IPDR202600103937,ADDITIONAL_SESSION,37,1
CDR202600082192,IPDR202600103942,PRIMARY_SESSION,-221,1
CDR202600056805,IPDR202600103944,PRIMARY_SESSION,89,1
CDR202600049928,IPDR202600103947,ADDITIONAL_SESSION,138,1
CDR202600006399,IPDR202600103969,PRIMARY_SESSION,-570,1
CDR202600007596,IPDR202600103988,ADDITIONAL_SESSION,150,1
CDR202600029864,IPDR202600103991,PRIMARY_SESSION,296,1
CDR202600023544,IPDR202600104024,PRIMARY_SESSION,-161,1
CDR202600066444,IPDR202600104033,ADDITIONAL_SESSION,-1372,1
CDR202600021460,IPDR202600104037,ADDITIONAL_SESSION,48,1
CDR202600019825,IPDR202600104044,PRIMARY_SESSION,56,1
CDR202600077092,IPDR202600104080,ADDITIONAL_SESSION,186,1
CDR202600030130,IPDR202600104082,PRIMARY_SESSION,6,1
CDR202600078907,IPDR202600104097,PRIMARY_SESSION,408,1
CDR202600054180,IPDR202600104132,PRIMARY_SESSION,193,1
CDR202600020534,IPDR202600104163,PRIMARY_SESSION,288,1
CDR202600069480,IPDR202600104174,PRIMARY_SESSION,-138,1
CDR202600068779,IPDR202600104202,PRIMARY_SESSION,-42,1
CDR202600079510,IPDR202600104214,ADDITIONAL_SESSION,390,1
CDR202600088497,IPDR202600104221,ADDITIONAL_SESSION,334,1
CDR202600016763,IPDR202600104222,ADDITIONAL_SESSION,322,1
CDR202600081653,IPDR202600104241,ADDITIONAL_SESSION,-131,1
CDR202600078944,IPDR202600104249,ADDITIONAL_SESSION,-283,1
CDR202600083616,IPDR202600104268,PRIMARY_SESSION,31,1
CDR202600050389,IPDR202600104292,ADDITIONAL_SESSION,-279,1
CDR202600013675,IPDR202600104345,ADDITIONAL_SESSION,32,1
CDR202600016201,IPDR202600104367,ADDITIONAL_SESSION,-110,1
CDR202600002338,IPDR202600104386,ADDITIONAL_SESSION,358,1
CDR202600052457,IPDR202600104402,PRIMARY_SESSION,-154,1
CDR202600027317,IPDR202600104454,ADDITIONAL_SESSION,-919,1
CDR202600015525,IPDR202600104462,PRIMARY_SESSION,-59,1
CDR202600047781,IPDR202600104469,PRIMARY_SESSION,-215,1
CDR202600068837,IPDR202600104519,ADDITIONAL_SESSION,-117,1
CDR202600000227,IPDR202600104542,PRIMARY_SESSION,-393,1
CDR202600054567,IPDR202600104546,ADDITIONAL_SESSION,-729,1
CDR202600046265,IPDR202600104626,PRIMARY_SESSION,-302,1
CDR202600079978,IPDR202600104628,PRIMARY_SESSION,-56,1
CDR202600009130,IPDR202600104654,ADDITIONAL_SESSION,-79,1
CDR202600062082,IPDR202600104656,PRIMARY_SESSION,1299,1
CDR202600046392,IPDR202600104674,PRIMARY_SESSION,-133,1
CDR202600017541,IPDR202600104677,ADDITIONAL_SESSION,298,1
CDR202600015600,IPDR202600104679,ADDITIONAL_SESSION,-1026,1
CDR202600006236,IPDR202600104706,PRIMARY_SESSION,708,1
CDR202600025375,IPDR202600104746,PRIMARY_SESSION,263,1
CDR202600065250,IPDR202600104757,PRIMARY_SESSION,27,1
CDR202600008783,IPDR202600104795,ADDITIONAL_SESSION,-889,1
CDR202600046379,IPDR202600104797,PRIMARY_SESSION,-8,1
CDR202600061215,IPDR202600104807,PRIMARY_SESSION,-154,1
CDR202600021772,IPDR202600104811,ADDITIONAL_SESSION,-92,1
CDR202600024719,IPDR202600104825,PRIMARY_SESSION,210,1
CDR202600018325,IPDR202600104829,ADDITIONAL_SESSION,-1770,1
CDR202600056212,IPDR202600104836,PRIMARY_SESSION,35,1
CDR202600057967,IPDR202600104858,ADDITIONAL_SESSION,531,1
CDR202600071628,IPDR202600104860,PRIMARY_SESSION,-840,1
CDR202600079215,IPDR202600104906,PRIMARY_SESSION,1095,1
CDR202600061421,IPDR202600104928,PRIMARY_SESSION,-34,1
CDR202600016369,IPDR202600104963,ADDITIONAL_SESSION,153,1
CDR202600009038,IPDR202600104977,ADDITIONAL_SESSION,-1746,1
CDR202600005297,IPDR202600104982,ADDITIONAL_SESSION,-4,1
CDR202600063572,IPDR202600104997,PRIMARY_SESSION,-874,1
CDR202600038641,IPDR202600105018,PRIMARY_SESSION,39,1
CDR202600060836,IPDR202600105070,ADDITIONAL_SESSION,-22,1
CDR202600052651,IPDR202600105078,PRIMARY_SESSION,223,1
CDR202600063739,IPDR202600105081,PRIMARY_SESSION,41,1
CDR202600076523,IPDR202600105108,ADDITIONAL_SESSION,645,1
CDR202600033955,IPDR202600105112,PRIMARY_SESSION,67,1
CDR202600007230,IPDR202600105117,PRIMARY_SESSION,-327,1
CDR202600021476,IPDR202600105120,PRIMARY_SESSION,-43,1
CDR202600073482,IPDR202600105131,ADDITIONAL_SESSION,-224,1
CDR202600050342,IPDR202600105148,PRIMARY_SESSION,1694,1
CDR202600049740,IPDR202600105156,ADDITIONAL_SESSION,1294,1
CDR202600075101,IPDR202600105164,ADDITIONAL_SESSION,785,1
CDR202600024944,IPDR202600105165,PRIMARY_SESSION,-159,1
CDR202600049882,IPDR202600105178,ADDITIONAL_SESSION,54,1
CDR202600031606,IPDR202600105179,PRIMARY_SESSION,-233,1
CDR202600040240,IPDR202600105221,PRIMARY_SESSION,-518,1
CDR202600014381,IPDR202600105230,PRIMARY_SESSION,-1794,1
CDR202600060232,IPDR202600105240,ADDITIONAL_SESSION,-232,1
CDR202600082790,IPDR202600105262,ADDITIONAL_SESSION,-350,1
CDR202600083227,IPDR202600105290,ADDITIONAL_SESSION,-42,1
CDR202600068682,IPDR202600105338,ADDITIONAL_SESSION,-257,1
CDR202600079215,IPDR202600105365,ADDITIONAL_SESSION,26,1
CDR202600054460,IPDR202600105375,ADDITIONAL_SESSION,-197,1
CDR202600076044,IPDR202600105436,ADDITIONAL_SESSION,-48,1
CDR202600068531,IPDR202600105450,ADDITIONAL_SESSION,158,1
CDR202600081825,IPDR202600105468,PRIMARY_SESSION,-1665,1
CDR202600036192,IPDR202600105471,PRIMARY_SESSION,811,1
CDR202600020934,IPDR202600105475,ADDITIONAL_SESSION,-49,1
CDR202600051311,IPDR202600105478,PRIMARY_SESSION,-90,1
CDR202600003499,IPDR202600105501,PRIMARY_SESSION,-29,1
CDR202600075408,IPDR202600105510,PRIMARY_SESSION,-43,1
CDR202600047165,IPDR202600105514,PRIMARY_SESSION,71,1
CDR202600040838,IPDR202600105528,PRIMARY_SESSION,-441,1
CDR202600082298,IPDR202600105572,ADDITIONAL_SESSION,624,1
CDR202600004574,IPDR202600105606,PRIMARY_SESSION,177,1
CDR202600024990,IPDR202600105614,PRIMARY_SESSION,49,1
CDR202600026912,IPDR202600105642,PRIMARY_SESSION,-47,1
CDR202600038528,IPDR202600105644,ADDITIONAL_SESSION,-384,1
CDR202600075871,IPDR202600105701,ADDITIONAL_SESSION,-51,1
CDR202600037989,IPDR202600105764,PRIMARY_SESSION,-1589,1
CDR202600088683,IPDR202600105810,PRIMARY_SESSION,-1002,1
CDR202600034258,IPDR202600105838,PRIMARY_SESSION,86,1
CDR202600004820,IPDR202600105851,PRIMARY_SESSION,-1102,1
CDR202600049030,IPDR202600105855,ADDITIONAL_SESSION,-877,1
CDR202600047926,IPDR202600105871,PRIMARY_SESSION,460,1
CDR202600049660,IPDR202600105877,PRIMARY_SESSION,562,1
CDR202600059043,IPDR202600105881,PRIMARY_SESSION,13,1
CDR202600045524,IPDR202600105893,PRIMARY_SESSION,208,1
CDR202600089957,IPDR202600105897,ADDITIONAL_SESSION,-276,1
CDR202600007596,IPDR202600105912,PRIMARY_SESSION,-208,1
CDR202600058650,IPDR202600105913,PRIMARY_SESSION,1242,1
CDR202600001149,IPDR202600105915,PRIMARY_SESSION,-1263,1
CDR202600015771,IPDR202600105947,PRIMARY_SESSION,-410,1
CDR202600032788,IPDR202600105950,ADDITIONAL_SESSION,1353,1
CDR202600074612,IPDR202600105963,PRIMARY_SESSION,38,1
CDR202600034518,IPDR202600105965,PRIMARY_SESSION,111,1
CDR202600046655,IPDR202600105971,ADDITIONAL_SESSION,-16,1
CDR202600055673,IPDR202600105985,ADDITIONAL_SESSION,-1486,1
CDR202600090374,IPDR202600105994,PRIMARY_SESSION,245,1
CDR202600077938,IPDR202600106024,PRIMARY_SESSION,-596,1
CDR202600008893,IPDR202600106051,ADDITIONAL_SESSION,-62,1
CDR202600000316,IPDR202600106052,PRIMARY_SESSION,-470,1
CDR202600065231,IPDR202600106062,ADDITIONAL_SESSION,209,1
CDR202600066873,IPDR202600106084,PRIMARY_SESSION,-115,1
CDR202600053227,IPDR202600106090,PRIMARY_SESSION,435,1
CDR202600057456,IPDR202600106117,PRIMARY_SESSION,40,1
CDR202600055153,IPDR202600106127,PRIMARY_SESSION,35,1
CDR202600084044,IPDR202600106134,ADDITIONAL_SESSION,-12,1
CDR202600012582,IPDR202600106165,PRIMARY_SESSION,385,1
CDR202600032736,IPDR202600106167,ADDITIONAL_SESSION,223,1
CDR202600001478,IPDR202600106172,PRIMARY_SESSION,122,1
CDR202600090402,IPDR202600106186,PRIMARY_SESSION,-79,1
CDR202600013784,IPDR202600106198,PRIMARY_SESSION,298,1
CDR202600027585,IPDR202600106202,PRIMARY_SESSION,248,1
CDR202600029055,IPDR202600106210,PRIMARY_SESSION,-129,1
CDR202600008750,IPDR202600106259,ADDITIONAL_SESSION,-190,1
CDR202600071923,IPDR202600106262,PRIMARY_SESSION,330,1
CDR202600076498,IPDR202600106264,ADDITIONAL_SESSION,-1176,1
CDR202600046336,IPDR202600106274,ADDITIONAL_SESSION,1112,1
CDR202600000432,IPDR202600106286,PRIMARY_SESSION,29,1
CDR202600019061,IPDR202600106332,PRIMARY_SESSION,-48,1
CDR202600053012,IPDR202600106336,ADDITIONAL_SESSION,-568,1
CDR202600062795,IPDR202600106354,PRIMARY_SESSION,-291,1
CDR202600028941,IPDR202600106362,PRIMARY_SESSION,-376,1
CDR202600014132,IPDR202600106368,PRIMARY_SESSION,-12,1
CDR202600029926,IPDR202600106369,PRIMARY_SESSION,174,1
CDR202600044566,IPDR202600106371,ADDITIONAL_SESSION,-662,1
CDR202600078993,IPDR202600106378,PRIMARY_SESSION,295,1
CDR202600002238,IPDR202600106392,PRIMARY_SESSION,-1,1
CDR202600011056,IPDR202600106397,PRIMARY_SESSION,16,1
CDR202600057732,IPDR202600106435,ADDITIONAL_SESSION,144,1
CDR202600042274,IPDR202600106443,PRIMARY_SESSION,-626,1
CDR202600045164,IPDR202600106451,PRIMARY_SESSION,36,1
CDR202600007818,IPDR202600106467,ADDITIONAL_SESSION,-71,1
CDR202600020453,IPDR202600106468,ADDITIONAL_SESSION,-700,1
CDR202600025856,IPDR202600106482,PRIMARY_SESSION,154,1
CDR202600089428,IPDR202600106525,PRIMARY_SESSION,-59,1
CDR202600070289,IPDR202600106544,ADDITIONAL_SESSION,44,1
CDR202600031639,IPDR202600106563,PRIMARY_SESSION,-17,1
CDR202600022688,IPDR202600106575,PRIMARY_SESSION,-23,1
CDR202600005031,IPDR202600106577,ADDITIONAL_SESSION,-429,1
CDR202600023782,IPDR202600106604,PRIMARY_SESSION,809,1
CDR202600026109,IPDR202600106625,PRIMARY_SESSION,-58,1
CDR202600089116,IPDR202600106631,PRIMARY_SESSION,34,1
CDR202600078495,IPDR202600106666,ADDITIONAL_SESSION,-1006,1
CDR202600055888,IPDR202600106691,ADDITIONAL_SESSION,4,1
CDR202600000479,IPDR202600106703,PRIMARY_SESSION,-859,1
CDR202600075201,IPDR202600106712,PRIMARY_SESSION,-10,1
CDR202600002073,IPDR202600106765,ADDITIONAL_SESSION,-899,1
CDR202600086141,IPDR202600106771,PRIMARY_SESSION,-275,1
CDR202600069640,IPDR202600106789,PRIMARY_SESSION,47,1
CDR202600055735,IPDR202600106800,ADDITIONAL_SESSION,-4,1
CDR202600041078,IPDR202600106844,PRIMARY_SESSION,-10,1
CDR202600089849,IPDR202600106865,ADDITIONAL_SESSION,-202,1
CDR202600023268,IPDR202600106898,PRIMARY_SESSION,-190,1
CDR202600055898,IPDR202600106905,PRIMARY_SESSION,85,1
CDR202600089714,IPDR202600106919,PRIMARY_SESSION,877,1
CDR202600008911,IPDR202600106923,PRIMARY_SESSION,-18,1
CDR202600081348,IPDR202600106973,PRIMARY_SESSION,213,1
CDR202600002338,IPDR202600106981,PRIMARY_SESSION,143,1
CDR202600035858,IPDR202600106996,PRIMARY_SESSION,313,1
CDR202600083907,IPDR202600107021,ADDITIONAL_SESSION,26,1
CDR202600054683,IPDR202600107023,PRIMARY_SESSION,-19,1
CDR202600074818,IPDR202600107025,ADDITIONAL_SESSION,-54,1
CDR202600007656,IPDR202600107028,PRIMARY_SESSION,1172,1
CDR202600084496,IPDR202600107030,PRIMARY_SESSION,-1195,1
CDR202600022085,IPDR202600107052,PRIMARY_SESSION,-859,1
CDR202600024867,IPDR202600107077,PRIMARY_SESSION,1439,1
CDR202600037985,IPDR202600107087,PRIMARY_SESSION,512,1
CDR202600019176,IPDR202600107095,PRIMARY_SESSION,-34,1
CDR202600067481,IPDR202600107120,PRIMARY_SESSION,356,1
CDR202600009550,IPDR202600107131,PRIMARY_SESSION,186,1
CDR202600064274,IPDR202600107158,PRIMARY_SESSION,-406,1
CDR202600087418,IPDR202600107229,PRIMARY_SESSION,123,1
CDR202600064213,IPDR202600107239,PRIMARY_SESSION,-54,1
CDR202600063097,IPDR202600107247,ADDITIONAL_SESSION,668,1
CDR202600070114,IPDR202600107309,PRIMARY_SESSION,1735,1
CDR202600054445,IPDR202600107343,PRIMARY_SESSION,46,1
CDR202600018285,IPDR202600107362,ADDITIONAL_SESSION,283,1
CDR202600010281,IPDR202600107383,PRIMARY_SESSION,-147,1
CDR202600015743,IPDR202600107394,PRIMARY_SESSION,-205,1
CDR202600008993,IPDR202600107429,PRIMARY_SESSION,-587,1
CDR202600081988,IPDR202600107430,PRIMARY_SESSION,-124,1
CDR202600049308,IPDR202600107447,ADDITIONAL_SESSION,-42,1
CDR202600042529,IPDR202600107451,PRIMARY_SESSION,593,1
CDR202600049908,IPDR202600107470,ADDITIONAL_SESSION,88,1
CDR202600039608,IPDR202600107501,ADDITIONAL_SESSION,-744,1
CDR202600063541,IPDR202600107516,ADDITIONAL_SESSION,-90,1
CDR202600080175,IPDR202600107528,PRIMARY_SESSION,-181,1
CDR202600088160,IPDR202600107541,ADDITIONAL_SESSION,8,1
CDR202600042747,IPDR202600107554,ADDITIONAL_SESSION,-17,1
CDR202600053093,IPDR202600107566,PRIMARY_SESSION,41,1
CDR202600088957,IPDR202600107567,PRIMARY_SESSION,-37,1
CDR202600035669,IPDR202600107584,ADDITIONAL_SESSION,87,1
CDR202600066540,IPDR202600107613,PRIMARY_SESSION,-215,1
CDR202600006421,IPDR202600107669,ADDITIONAL_SESSION,19,1
CDR202600067597,IPDR202600107714,PRIMARY_SESSION,-20,1
CDR202600022906,IPDR202600107718,ADDITIONAL_SESSION,-55,1
CDR202600043510,IPDR202600107781,PRIMARY_SESSION,-703,1
CDR202600076555,IPDR202600107796,PRIMARY_SESSION,1545,1
CDR202600026097,IPDR202600107824,ADDITIONAL_SESSION,1670,1
CDR202600014436,IPDR202600107866,PRIMARY_SESSION,84,1
CDR202600008888,IPDR202600107874,ADDITIONAL_SESSION,-206,1
CDR202600061808,IPDR202600107888,PRIMARY_SESSION,-11,1
CDR202600068725,IPDR202600107892,ADDITIONAL_SESSION,-118,1
CDR202600038364,IPDR202600107905,ADDITIONAL_SESSION,1330,1
CDR202600004690,IPDR202600107939,PRIMARY_SESSION,-774,1
CDR202600034970,IPDR202600107944,PRIMARY_SESSION,464,1
CDR202600036924,IPDR202600107963,PRIMARY_SESSION,158,1
CDR202600018563,IPDR202600108070,PRIMARY_SESSION,-175,1
CDR202600077154,IPDR202600108071,ADDITIONAL_SESSION,52,1
CDR202600063541,IPDR202600108072,PRIMARY_SESSION,65,1
CDR202600039427,IPDR202600108084,PRIMARY_SESSION,-254,1
CDR202600008693,IPDR202600108087,PRIMARY_SESSION,-13,1
CDR202600049011,IPDR202600108106,ADDITIONAL_SESSION,155,1
CDR202600057026,IPDR202600108138,PRIMARY_SESSION,1273,1
CDR202600049956,IPDR202600108145,PRIMARY_SESSION,778,1
CDR202600012303,IPDR202600108160,PRIMARY_SESSION,-290,1
CDR202600016274,IPDR202600108162,ADDITIONAL_SESSION,679,1
CDR202600037334,IPDR202600108166,PRIMARY_SESSION,-114,1
CDR202600007373,IPDR202600108181,PRIMARY_SESSION,150,1
CDR202600060599,IPDR202600108254,PRIMARY_SESSION,-10,1
CDR202600072943,IPDR202600108261,PRIMARY_SESSION,960,1
CDR202600032412,IPDR202600108286,PRIMARY_SESSION,252,1
CDR202600037407,IPDR202600108296,ADDITIONAL_SESSION,-651,1
CDR202600025909,IPDR202600108373,ADDITIONAL_SESSION,504,1
CDR202600009470,IPDR202600108455,PRIMARY_SESSION,121,1
CDR202600044642,IPDR202600108461,ADDITIONAL_SESSION,-21,1
CDR202600010207,IPDR202600108471,PRIMARY_SESSION,-6,1
CDR202600006661,IPDR202600108473,PRIMARY_SESSION,-1292,1
CDR202600049987,IPDR202600108485,ADDITIONAL_SESSION,12,1
CDR202600047814,IPDR202600108488,ADDITIONAL_SESSION,-708,1
CDR202600019782,IPDR202600108502,PRIMARY_SESSION,-37,1
CDR202600011436,IPDR202600108506,ADDITIONAL_SESSION,-228,1
CDR202600020843,IPDR202600108532,PRIMARY_SESSION,-634,1
CDR202600084222,IPDR202600108539,ADDITIONAL_SESSION,146,1
CDR202600026567,IPDR202600108571,PRIMARY_SESSION,-7,1
CDR202600026577,IPDR202600108582,PRIMARY_SESSION,55,1
CDR202600079755,IPDR202600108601,PRIMARY_SESSION,517,1
CDR202600024478,IPDR202600108612,ADDITIONAL_SESSION,1,1
CDR202600045983,IPDR202600108615,PRIMARY_SESSION,-175,1
CDR202600053123,IPDR202600108630,ADDITIONAL_SESSION,146,1
CDR202600078619,IPDR202600108638,PRIMARY_SESSION,-873,1
CDR202600042186,IPDR202600108683,ADDITIONAL_SESSION,-530,1
CDR202600015569,IPDR202600108685,PRIMARY_SESSION,8,1
CDR202600012237,IPDR202600108705,PRIMARY_SESSION,141,1
CDR202600038114,IPDR202600108720,PRIMARY_SESSION,188,1
CDR202600019255,IPDR202600108723,PRIMARY_SESSION,-9,1
CDR202600003391,IPDR202600108743,ADDITIONAL_SESSION,-37,1
CDR202600079208,IPDR202600108759,PRIMARY_SESSION,18,1
CDR202600051659,IPDR202600108767,ADDITIONAL_SESSION,-14,1
CDR202600058069,IPDR202600108768,ADDITIONAL_SESSION,40,1
CDR202600065258,IPDR202600108773,ADDITIONAL_SESSION,724,1
CDR202600014302,IPDR202600108790,PRIMARY_SESSION,48,1
CDR202600067061,IPDR202600108792,PRIMARY_SESSION,189,1
CDR202600039099,IPDR202600108806,PRIMARY_SESSION,154,1
CDR202600001115,IPDR202600108834,PRIMARY_SESSION,-605,1
CDR202600069109,IPDR202600108845,PRIMARY_SESSION,1319,1
CDR202600071863,IPDR202600108857,PRIMARY_SESSION,-118,1
CDR202600060006,IPDR202600108874,ADDITIONAL_SESSION,-102,1
CDR202600036748,IPDR202600108884,ADDITIONAL_SESSION,25,1
CDR202600078015,IPDR202600108943,ADDITIONAL_SESSION,-91,1
CDR202600042372,IPDR202600108952,PRIMARY_SESSION,-56,1
CDR202600059467,IPDR202600108964,PRIMARY_SESSION,713,1
CDR202600012166,IPDR202600109044,ADDITIONAL_SESSION,-201,1
CDR202600041055,IPDR202600109063,PRIMARY_SESSION,178,1
CDR202600034417,IPDR202600109070,PRIMARY_SESSION,-56,1
CDR202600042816,IPDR202600109088,PRIMARY_SESSION,60,1
CDR202600074016,IPDR202600109099,PRIMARY_SESSION,-9,1
CDR202600053940,IPDR202600109115,PRIMARY_SESSION,-370,1
CDR202600024963,IPDR202600109124,PRIMARY_SESSION,288,1
CDR202600029868,IPDR202600109126,PRIMARY_SESSION,101,1
CDR202600029636,IPDR202600109133,ADDITIONAL_SESSION,-233,1
CDR202600022477,IPDR202600109145,PRIMARY_SESSION,49,1
CDR202600084170,IPDR202600109150,PRIMARY_SESSION,-54,1
CDR202600084776,IPDR202600109172,PRIMARY_SESSION,-88,1
CDR202600062776,IPDR202600109190,PRIMARY_SESSION,-134,1
CDR202600017713,IPDR202600109195,PRIMARY_SESSION,-491,1
CDR202600075205,IPDR202600109201,ADDITIONAL_SESSION,-254,1
CDR202600032977,IPDR202600109204,PRIMARY_SESSION,-709,1
CDR202600063553,IPDR202600109223,PRIMARY_SESSION,166,1
CDR202600016704,IPDR202600109249,ADDITIONAL_SESSION,-7,1
CDR202600053026,IPDR202600109264,PRIMARY_SESSION,-687,1
CDR202600046076,IPDR202600109283,ADDITIONAL_SESSION,20,1
CDR202600015690,IPDR202600109315,ADDITIONAL_SESSION,-161,1
CDR202600023588,IPDR202600109332,ADDITIONAL_SESSION,-247,1
CDR202600061140,IPDR202600109336,PRIMARY_SESSION,-186,1
CDR202600052140,IPDR202600109342,PRIMARY_SESSION,59,1
CDR202600000271,IPDR202600109354,ADDITIONAL_SESSION,-77,1
CDR202600051659,IPDR202600109357,ADDITIONAL_SESSION,-55,1
CDR202600018515,IPDR202600109362,PRIMARY_SESSION,-59,1
CDR202600089666,IPDR202600109443,PRIMARY_SESSION,-18,1
CDR202600027739,IPDR202600109509,PRIMARY_SESSION,452,1
CDR202600052185,IPDR202600109524,PRIMARY_SESSION,-776,1
CDR202600002752,IPDR202600109525,ADDITIONAL_SESSION,-313,1
CDR202600026567,IPDR202600109548,ADDITIONAL_SESSION,816,1
CDR202600034367,IPDR202600109601,PRIMARY_SESSION,-36,1
CDR202600019542,IPDR202600109606,PRIMARY_SESSION,-4,1
CDR202600084937,IPDR202600109641,ADDITIONAL_SESSION,-113,1
CDR202600085327,IPDR202600109647,PRIMARY_SESSION,-635,1
CDR202600045097,IPDR202600109650,ADDITIONAL_SESSION,45,1
CDR202600001923,IPDR202600109668,ADDITIONAL_SESSION,-493,1
CDR202600027296,IPDR202600109691,PRIMARY_SESSION,-743,1
CDR202600059900,IPDR202600109724,PRIMARY_SESSION,273,1
CDR202600007264,IPDR202600109757,ADDITIONAL_SESSION,45,1
CDR202600019248,IPDR202600109775,PRIMARY_SESSION,247,1
CDR202600076789,IPDR202600109788,PRIMARY_SESSION,303,1
CDR202600006756,IPDR202600109803,PRIMARY_SESSION,257,1
CDR202600075124,IPDR202600109821,ADDITIONAL_SESSION,-4,1
CDR202600029041,IPDR202600109828,PRIMARY_SESSION,95,1
CDR202600012557,IPDR202600109860,PRIMARY_SESSION,263,1
CDR202600001950,IPDR202600109864,PRIMARY_SESSION,32,1
CDR202600055074,IPDR202600109868,ADDITIONAL_SESSION,-115,1
CDR202600075541,IPDR202600109873,ADDITIONAL_SESSION,-4,1
CDR202600087139,IPDR202600109886,PRIMARY_SESSION,81,1
CDR202600042728,IPDR202600109933,ADDITIONAL_SESSION,1529,1
CDR202600009470,IPDR202600109936,ADDITIONAL_SESSION,-1597,1
CDR202600008998,IPDR202600109967,PRIMARY_SESSION,295,1
CDR202600009853,IPDR202600110009,PRIMARY_SESSION,-35,1
CDR202600016983,IPDR202600110032,ADDITIONAL_SESSION,24,1
CDR202600019001,IPDR202600110039,ADDITIONAL_SESSION,-107,1
CDR202600060942,IPDR202600110073,PRIMARY_SESSION,-66,1
CDR202600061208,IPDR202600110078,PRIMARY_SESSION,-1790,1
CDR202600052734,IPDR202600110125,ADDITIONAL_SESSION,702,1
CDR202600043014,IPDR202600110131,PRIMARY_SESSION,-220,1
CDR202600040668,IPDR202600110165,ADDITIONAL_SESSION,-352,1
CDR202600033367,IPDR202600110170,ADDITIONAL_SESSION,-823,1
CDR202600041239,IPDR202600110174,ADDITIONAL_SESSION,-141,1
CDR202600014327,IPDR202600110185,ADDITIONAL_SESSION,-181,1
CDR202600002703,IPDR202600110188,PRIMARY_SESSION,9,1
CDR202600059467,IPDR202600110217,ADDITIONAL_SESSION,2,1
CDR202600065528,IPDR202600110232,ADDITIONAL_SESSION,10,1
CDR202600073910,IPDR202600110246,PRIMARY_SESSION,-13,1
CDR202600036177,IPDR202600110260,PRIMARY_SESSION,-615,1
CDR202600068568,IPDR202600110290,ADDITIONAL_SESSION,9,1
CDR202600087442,IPDR202600110317,PRIMARY_SESSION,212,1
CDR202600090768,IPDR202600110341,PRIMARY_SESSION,1701,1
CDR202600066157,IPDR202600110381,ADDITIONAL_SESSION,742,1
CDR202600078351,IPDR202600110390,PRIMARY_SESSION,-12,1
CDR202600071040,IPDR202600110400,ADDITIONAL_SESSION,-34,1
CDR202600076869,IPDR202600110402,PRIMARY_SESSION,-50,1
CDR202600066232,IPDR202600110476,PRIMARY_SESSION,-60,1
CDR202600044733,IPDR202600110478,PRIMARY_SESSION,-1397,1
CDR202600017323,IPDR202600110507,ADDITIONAL_SESSION,-365,1
CDR202600017557,IPDR202600110531,PRIMARY_SESSION,-1787,1
CDR202600084776,IPDR202600110532,ADDITIONAL_SESSION,576,1
CDR202600075877,IPDR202600110535,ADDITIONAL_SESSION,-900,1
CDR202600080275,IPDR202600110536,PRIMARY_SESSION,-47,1
CDR202600016334,IPDR202600110547,PRIMARY_SESSION,-326,1
CDR202600063812,IPDR202600110575,PRIMARY_SESSION,164,1
CDR202600005985,IPDR202600110582,ADDITIONAL_SESSION,-1254,1
CDR202600070108,IPDR202600110583,PRIMARY_SESSION,-29,1
CDR202600020387,IPDR202600110596,PRIMARY_SESSION,31,1
CDR202600062127,IPDR202600110613,ADDITIONAL_SESSION,-526,1
CDR202600070748,IPDR202600110655,PRIMARY_SESSION,43,1
CDR202600083376,IPDR202600110675,PRIMARY_SESSION,19,1
CDR202600074931,IPDR202600110706,ADDITIONAL_SESSION,-819,1
CDR202600082192,IPDR202600110725,ADDITIONAL_SESSION,-21,1
CDR202600070641,IPDR202600110793,PRIMARY_SESSION,-52,1
CDR202600062606,IPDR202600110806,PRIMARY_SESSION,235,1
CDR202600053617,IPDR202600110824,PRIMARY_SESSION,-45,1
CDR202600065018,IPDR202600110832,PRIMARY_SESSION,182,1
CDR202600065143,IPDR202600110873,PRIMARY_SESSION,-371,1
CDR202600059140,IPDR202600110917,PRIMARY_SESSION,15,1
CDR202600089477,IPDR202600110938,ADDITIONAL_SESSION,-58,1
CDR202600038777,IPDR202600110947,PRIMARY_SESSION,-748,1
CDR202600087682,IPDR202600110948,PRIMARY_SESSION,-416,1
CDR202600002394,IPDR202600110971,ADDITIONAL_SESSION,47,1
CDR202600067524,IPDR202600110974,PRIMARY_SESSION,-225,1
CDR202600005268,IPDR202600110980,ADDITIONAL_SESSION,226,1
CDR202600077694,IPDR202600110985,ADDITIONAL_SESSION,-142,1
CDR202600037201,IPDR202600111002,PRIMARY_SESSION,-1173,1
CDR202600068046,IPDR202600111025,PRIMARY_SESSION,138,1
CDR202600018741,IPDR202600111110,ADDITIONAL_SESSION,-223,1
CDR202600056349,IPDR202600111116,ADDITIONAL_SESSION,-129,1
CDR202600032407,IPDR202600111148,PRIMARY_SESSION,163,1
CDR202600040509,IPDR202600111166,ADDITIONAL_SESSION,88,1
CDR202600009617,IPDR202600111177,ADDITIONAL_SESSION,-125,1
CDR202600029831,IPDR202600111232,PRIMARY_SESSION,-704,1
CDR202600065630,IPDR202600111246,PRIMARY_SESSION,47,1
CDR202600023852,IPDR202600111247,ADDITIONAL_SESSION,35,1
CDR202600065856,IPDR202600111248,PRIMARY_SESSION,-881,1
CDR202600052221,IPDR202600111256,ADDITIONAL_SESSION,674,1
CDR202600050404,IPDR202600111258,PRIMARY_SESSION,-592,1
CDR202600013483,IPDR202600111282,ADDITIONAL_SESSION,-16,1
CDR202600069195,IPDR202600111290,PRIMARY_SESSION,-13,1
CDR202600033467,IPDR202600111369,ADDITIONAL_SESSION,168,1
CDR202600021072,IPDR202600111426,PRIMARY_SESSION,273,1
CDR202600059542,IPDR202600111432,PRIMARY_SESSION,779,1
CDR202600085265,IPDR202600111507,ADDITIONAL_SESSION,76,1
CDR202600082039,IPDR202600111515,ADDITIONAL_SESSION,195,1
CDR202600010600,IPDR202600111523,PRIMARY_SESSION,508,1
CDR202600004458,IPDR202600111539,PRIMARY_SESSION,-31,1
CDR202600002483,IPDR202600111553,PRIMARY_SESSION,265,1
CDR202600063263,IPDR202600111563,PRIMARY_SESSION,1246,1
CDR202600051864,IPDR202600111623,PRIMARY_SESSION,-249,1
CDR202600026097,IPDR202600111624,PRIMARY_SESSION,-45,1
CDR202600037538,IPDR202600111643,ADDITIONAL_SESSION,-11,1
CDR202600012179,IPDR202600111648,PRIMARY_SESSION,-12,1
CDR202600047814,IPDR202600111666,PRIMARY_SESSION,72,1
CDR202600043629,IPDR202600111671,PRIMARY_SESSION,40,1
CDR202600079884,IPDR202600111672,PRIMARY_SESSION,511,1
CDR202600036748,IPDR202600111693,PRIMARY_SESSION,186,1
CDR202600058447,IPDR202600111702,PRIMARY_SESSION,-364,1
CDR202600035505,IPDR202600111708,PRIMARY_SESSION,-1674,1
CDR202600074131,IPDR202600111745,PRIMARY_SESSION,-50,1
CDR202600015819,IPDR202600111753,ADDITIONAL_SESSION,-94,1
CDR202600088684,IPDR202600111770,PRIMARY_SESSION,14,1
CDR202600011987,IPDR202600111808,PRIMARY_SESSION,1757,1
CDR202600087495,IPDR202600111829,PRIMARY_SESSION,193,1
CDR202600001504,IPDR202600111858,PRIMARY_SESSION,-28,1
CDR202600030898,IPDR202600111908,ADDITIONAL_SESSION,-162,1
CDR202600053779,IPDR202600111915,PRIMARY_SESSION,43,1
CDR202600015200,IPDR202600111919,PRIMARY_SESSION,701,1
CDR202600088825,IPDR202600111921,ADDITIONAL_SESSION,-1702,1
CDR202600018893,IPDR202600111943,PRIMARY_SESSION,759,1
CDR202600025606,IPDR202600111972,PRIMARY_SESSION,8,1
CDR202600069850,IPDR202600111979,ADDITIONAL_SESSION,640,1
CDR202600023005,IPDR202600112019,PRIMARY_SESSION,93,1
CDR202600023813,IPDR202600112022,ADDITIONAL_SESSION,-653,1
CDR202600048668,IPDR202600112029,ADDITIONAL_SESSION,-44,1
CDR202600017846,IPDR202600112085,ADDITIONAL_SESSION,-132,1
CDR202600079550,IPDR202600112114,ADDITIONAL_SESSION,-12,1
CDR202600076498,IPDR202600112147,PRIMARY_SESSION,-1244,1
CDR202600006080,IPDR202600112172,ADDITIONAL_SESSION,227,1
CDR202600047926,IPDR202600112210,ADDITIONAL_SESSION,1173,1
CDR202600083969,IPDR202600112214,PRIMARY_SESSION,544,1
CDR202600086586,IPDR202600112222,PRIMARY_SESSION,1569,1
CDR202600048893,IPDR202600112241,PRIMARY_SESSION,-210,1
CDR202600069060,IPDR202600112263,PRIMARY_SESSION,652,1
CDR202600087605,IPDR202600112266,PRIMARY_SESSION,559,1
CDR202600089987,IPDR202600112273,PRIMARY_SESSION,649,1
CDR202600007851,IPDR202600112299,PRIMARY_SESSION,45,1
CDR202600033367,IPDR202600112305,ADDITIONAL_SESSION,300,1
CDR202600020605,IPDR202600112306,ADDITIONAL_SESSION,-115,1
CDR202600079397,IPDR202600112312,PRIMARY_SESSION,644,1
CDR202600016747,IPDR202600112322,PRIMARY_SESSION,40,1
CDR202600026372,IPDR202600112336,ADDITIONAL_SESSION,-556,1
CDR202600014646,IPDR202600112339,PRIMARY_SESSION,-876,1
CDR202600043103,IPDR202600112369,ADDITIONAL_SESSION,23,1
CDR202600020577,IPDR202600112370,PRIMARY_SESSION,49,1
CDR202600066849,IPDR202600112417,PRIMARY_SESSION,11,1
CDR202600019782,IPDR202600112431,ADDITIONAL_SESSION,-113,1
CDR202600077426,IPDR202600112456,PRIMARY_SESSION,-1288,1
CDR202600050389,IPDR202600112493,ADDITIONAL_SESSION,-395,1
CDR202600019647,IPDR202600112496,PRIMARY_SESSION,8,1
CDR202600008594,IPDR202600112520,ADDITIONAL_SESSION,1625,1
CDR202600025803,IPDR202600112524,ADDITIONAL_SESSION,60,1
CDR202600023769,IPDR202600112531,PRIMARY_SESSION,43,1
CDR202600006686,IPDR202600112547,PRIMARY_SESSION,-291,1
CDR202600049059,IPDR202600112587,PRIMARY_SESSION,-60,1
CDR202600076978,IPDR202600112594,PRIMARY_SESSION,-18,1
CDR202600077353,IPDR202600112607,PRIMARY_SESSION,41,1
CDR202600079680,IPDR202600112631,ADDITIONAL_SESSION,1248,1
CDR202600068645,IPDR202600112660,PRIMARY_SESSION,608,1
CDR202600057088,IPDR202600112690,PRIMARY_SESSION,-104,1
CDR202600046551,IPDR202600112695,ADDITIONAL_SESSION,-98,1
CDR202600026716,IPDR202600112701,PRIMARY_SESSION,-226,1
CDR202600057941,IPDR202600112704,ADDITIONAL_SESSION,311,1
CDR202600030262,IPDR202600112706,ADDITIONAL_SESSION,13,1
CDR202600016517,IPDR202600112729,ADDITIONAL_SESSION,-37,1
CDR202600024175,IPDR202600112792,ADDITIONAL_SESSION,-889,1
CDR202600037460,IPDR202600112822,ADDITIONAL_SESSION,-17,1
CDR202600005090,IPDR202600112844,PRIMARY_SESSION,-54,1
CDR202600042778,IPDR202600112847,PRIMARY_SESSION,314,1
CDR202600056330,IPDR202600112849,ADDITIONAL_SESSION,84,1
CDR202600030166,IPDR202600112910,PRIMARY_SESSION,-493,1
CDR202600020843,IPDR202600112943,ADDITIONAL_SESSION,712,1
CDR202600008612,IPDR202600112964,PRIMARY_SESSION,-1683,1
CDR202600060742,IPDR202600112980,ADDITIONAL_SESSION,-523,1
CDR202600035506,IPDR202600112997,ADDITIONAL_SESSION,-87,1
CDR202600017511,IPDR202600113014,PRIMARY_SESSION,-177,1
CDR202600076011,IPDR202600113026,PRIMARY_SESSION,-159,1
CDR202600067706,IPDR202600113046,ADDITIONAL_SESSION,86,1
CDR202600033173,IPDR202600113079,PRIMARY_SESSION,-257,1
CDR202600040966,IPDR202600113090,PRIMARY_SESSION,-72,1
CDR202600046473,IPDR202600113117,ADDITIONAL_SESSION,1053,1
CDR202600011347,IPDR202600113122,PRIMARY_SESSION,90,1
CDR202600024726,IPDR202600113130,ADDITIONAL_SESSION,-98,1
CDR202600035822,IPDR202600113162,ADDITIONAL_SESSION,478,1
CDR202600021012,IPDR202600113174,ADDITIONAL_SESSION,30,1
CDR202600018773,IPDR202600113181,ADDITIONAL_SESSION,52,1
CDR202600062180,IPDR202600113195,PRIMARY_SESSION,263,1
CDR202600091147,IPDR202600113257,PRIMARY_SESSION,-216,1
CDR202600029584,IPDR202600113399,PRIMARY_SESSION,-923,1
CDR202600080657,IPDR202600113404,PRIMARY_SESSION,-463,1
CDR202600069634,IPDR202600113411,PRIMARY_SESSION,141,1
CDR202600049308,IPDR202600113460,PRIMARY_SESSION,222,1
CDR202600014448,IPDR202600113472,PRIMARY_SESSION,223,1
CDR202600063538,IPDR202600113527,ADDITIONAL_SESSION,472,1
CDR202600018283,IPDR202600113528,ADDITIONAL_SESSION,242,1
CDR202600058124,IPDR202600113556,PRIMARY_SESSION,-82,1
CDR202600011037,IPDR202600113577,ADDITIONAL_SESSION,-847,1
CDR202600073298,IPDR202600113596,PRIMARY_SESSION,817,1
CDR202600028713,IPDR202600113612,PRIMARY_SESSION,87,1
CDR202600033011,IPDR202600113623,PRIMARY_SESSION,891,1
CDR202600058960,IPDR202600113624,PRIMARY_SESSION,120,1
CDR202600065680,IPDR202600113651,PRIMARY_SESSION,-3,1
CDR202600056491,IPDR202600113669,PRIMARY_SESSION,1087,1
CDR202600090729,IPDR202600113674,PRIMARY_SESSION,-692,1
CDR202600009876,IPDR202600113700,ADDITIONAL_SESSION,722,1
CDR202600006686,IPDR202600113710,ADDITIONAL_SESSION,793,1
CDR202600001122,IPDR202600113744,PRIMARY_SESSION,-235,1
CDR202600082386,IPDR202600113757,PRIMARY_SESSION,197,1
CDR202600069181,IPDR202600113758,ADDITIONAL_SESSION,-347,1
CDR202600090210,IPDR202600113805,PRIMARY_SESSION,-33,1
CDR202600030107,IPDR202600113811,PRIMARY_SESSION,-19,1
CDR202600052457,IPDR202600113821,ADDITIONAL_SESSION,-63,1
CDR202600012980,IPDR202600113824,ADDITIONAL_SESSION,-48,1
CDR202600023119,IPDR202600113827,PRIMARY_SESSION,-185,1
CDR202600061745,IPDR202600113866,PRIMARY_SESSION,-1665,1
CDR202600085424,IPDR202600113906,PRIMARY_SESSION,-22,1
CDR202600005165,IPDR202600113909,ADDITIONAL_SESSION,-1282,1
CDR202600044474,IPDR202600113923,ADDITIONAL_SESSION,-261,1
CDR202600041498,IPDR202600113926,PRIMARY_SESSION,62,1
CDR202600047552,IPDR202600113941,PRIMARY_SESSION,-105,1
CDR202600045478,IPDR202600113957,ADDITIONAL_SESSION,1671,1
CDR202600065769,IPDR202600113963,PRIMARY_SESSION,-59,1
CDR202600056642,IPDR202600113989,PRIMARY_SESSION,-1365,1
CDR202600037848,IPDR202600113990,PRIMARY_SESSION,-146,1
CDR202600029938,IPDR202600114013,ADDITIONAL_SESSION,56,1
CDR202600077154,IPDR202600114024,ADDITIONAL_SESSION,454,1
CDR202600075674,IPDR202600114031,PRIMARY_SESSION,570,1
CDR202600044783,IPDR202600114045,PRIMARY_SESSION,6,1
CDR202600053823,IPDR202600114049,ADDITIONAL_SESSION,538,1
CDR202600009296,IPDR202600114051,PRIMARY_SESSION,48,1
CDR202600036047,IPDR202600114089,PRIMARY_SESSION,41,1
CDR202600045226,IPDR202600114111,ADDITIONAL_SESSION,-597,1
CDR202600046021,IPDR202600114122,ADDITIONAL_SESSION,-508,1
CDR202600045591,IPDR202600114143,PRIMARY_SESSION,563,1
CDR202600052004,IPDR202600114167,PRIMARY_SESSION,-36,1
CDR202600043678,IPDR202600114191,PRIMARY_SESSION,-196,1
CDR202600054180,IPDR202600114194,ADDITIONAL_SESSION,-83,1
CDR202600061473,IPDR202600114201,ADDITIONAL_SESSION,712,1
CDR202600055153,IPDR202600114240,ADDITIONAL_SESSION,-407,1
CDR202600028629,IPDR202600114267,PRIMARY_SESSION,41,1
CDR202600018661,IPDR202600114272,ADDITIONAL_SESSION,277,1
CDR202600049071,IPDR202600114273,ADDITIONAL_SESSION,9,1
CDR202600065338,IPDR202600114284,ADDITIONAL_SESSION,1768,1
CDR202600049027,IPDR202600114341,ADDITIONAL_SESSION,463,1
CDR202600015584,IPDR202600114355,ADDITIONAL_SESSION,-367,1
CDR202600084364,IPDR202600114359,PRIMARY_SESSION,-17,1
CDR202600074533,IPDR202600114360,ADDITIONAL_SESSION,12,1
CDR202600058971,IPDR202600114365,PRIMARY_SESSION,-643,1
CDR202600078360,IPDR202600114398,PRIMARY_SESSION,17,1
CDR202600010448,IPDR202600114440,PRIMARY_SESSION,348,1
CDR202600046106,IPDR202600114455,ADDITIONAL_SESSION,479,1
CDR202600006713,IPDR202600114469,PRIMARY_SESSION,193,1
CDR202600039348,IPDR202600114483,ADDITIONAL_SESSION,709,1
CDR202600051442,IPDR202600114487,ADDITIONAL_SESSION,267,1
CDR202600062713,IPDR202600114520,PRIMARY_SESSION,-587,1
CDR202600082493,IPDR202600114523,ADDITIONAL_SESSION,-423,1
CDR202600044437,IPDR202600114551,PRIMARY_SESSION,-79,1
CDR202600020337,IPDR202600114573,ADDITIONAL_SESSION,4,1
CDR202600071249,IPDR202600114616,PRIMARY_SESSION,-1314,1
CDR202600089229,IPDR202600114659,ADDITIONAL_SESSION,-913,1
CDR202600018788,IPDR202600114662,ADDITIONAL_SESSION,-63,1
CDR202600006021,IPDR202600114668,PRIMARY_SESSION,154,1
CDR202600002978,IPDR202600114704,PRIMARY_SESSION,13,1
CDR202600060836,IPDR202600114718,ADDITIONAL_SESSION,-173,1
CDR202600050193,IPDR202600114735,PRIMARY_SESSION,375,1
CDR202600051020,IPDR202600114785,PRIMARY_SESSION,618,1
CDR202600072001,IPDR202600114787,PRIMARY_SESSION,-212,1
CDR202600047885,IPDR202600114796,PRIMARY_SESSION,-1100,1
CDR202600059025,IPDR202600114833,PRIMARY_SESSION,151,1
CDR202600057426,IPDR202600114844,ADDITIONAL_SESSION,9,1
CDR202600071037,IPDR202600114870,PRIMARY_SESSION,195,1
CDR202600071129,IPDR202600114873,PRIMARY_SESSION,10,1
CDR202600041673,IPDR202600114874,ADDITIONAL_SESSION,186,1
CDR202600074316,IPDR202600114881,PRIMARY_SESSION,-4,1
CDR202600057148,IPDR202600114884,ADDITIONAL_SESSION,-40,1
CDR202600052488,IPDR202600114887,ADDITIONAL_SESSION,149,1
CDR202600070325,IPDR202600114907,ADDITIONAL_SESSION,-8,1
CDR202600070232,IPDR202600114923,PRIMARY_SESSION,386,1
CDR202600076795,IPDR202600114955,PRIMARY_SESSION,199,1
CDR202600036755,IPDR202600114981,ADDITIONAL_SESSION,-33,1
CDR202600037371,IPDR202600114982,PRIMARY_SESSION,689,1
CDR202600049030,IPDR202600114983,PRIMARY_SESSION,-161,1
CDR202600074175,IPDR202600114984,PRIMARY_SESSION,654,1
CDR202600087718,IPDR202600115041,PRIMARY_SESSION,13,1
CDR202600004020,IPDR202600115109,ADDITIONAL_SESSION,634,1
CDR202600008472,IPDR202600115119,ADDITIONAL_SESSION,5,1
CDR202600023362,IPDR202600115135,ADDITIONAL_SESSION,-438,1
CDR202600037187,IPDR202600115141,PRIMARY_SESSION,765,1
CDR202600090407,IPDR202600115155,ADDITIONAL_SESSION,-45,1
CDR202600053164,IPDR202600115206,PRIMARY_SESSION,1165,1
CDR202600079779,IPDR202600115243,ADDITIONAL_SESSION,-565,1
CDR202600020821,IPDR202600115257,PRIMARY_SESSION,64,1
CDR202600041236,IPDR202600115291,PRIMARY_SESSION,19,1
CDR202600032412,IPDR202600115371,ADDITIONAL_SESSION,208,1
CDR202600065691,IPDR202600115374,PRIMARY_SESSION,-108,1
CDR202600083622,IPDR202600115378,PRIMARY_SESSION,-497,1
CDR202600044901,IPDR202600115419,PRIMARY_SESSION,271,1
CDR202600003865,IPDR202600115442,ADDITIONAL_SESSION,54,1
CDR202600073696,IPDR202600115445,ADDITIONAL_SESSION,-1617,1
CDR202600028993,IPDR202600115518,ADDITIONAL_SESSION,-534,1
CDR202600082839,IPDR202600115560,ADDITIONAL_SESSION,481,1
CDR202600010087,IPDR202600115570,ADDITIONAL_SESSION,-510,1
CDR202600000449,IPDR202600115583,PRIMARY_SESSION,-440,1
CDR202600001433,IPDR202600115592,ADDITIONAL_SESSION,-68,1
CDR202600039447,IPDR202600115603,PRIMARY_SESSION,243,1
CDR202600002371,IPDR202600115605,PRIMARY_SESSION,498,1
CDR202600047555,IPDR202600115626,ADDITIONAL_SESSION,459,1
CDR202600073177,IPDR202600115633,PRIMARY_SESSION,456,1
CDR202600050172,IPDR202600115658,PRIMARY_SESSION,118,1
CDR202600090901,IPDR202600115678,PRIMARY_SESSION,749,1
CDR202600088183,IPDR202600115687,PRIMARY_SESSION,-457,1
CDR202600015653,IPDR202600115689,ADDITIONAL_SESSION,-909,1
CDR202600057732,IPDR202600115692,ADDITIONAL_SESSION,584,1
CDR202600010564,IPDR202600115697,PRIMARY_SESSION,140,1
CDR202600011186,IPDR202600115706,PRIMARY_SESSION,-128,1
CDR202600060332,IPDR202600115709,PRIMARY_SESSION,688,1
CDR202600005961,IPDR202600115721,ADDITIONAL_SESSION,437,1
CDR202600064655,IPDR202600115744,ADDITIONAL_SESSION,-219,1
CDR202600042131,IPDR202600115750,ADDITIONAL_SESSION,498,1
CDR202600037820,IPDR202600115781,ADDITIONAL_SESSION,1441,1
CDR202600034402,IPDR202600115787,PRIMARY_SESSION,236,1
CDR202600005339,IPDR202600115799,PRIMARY_SESSION,580,1
CDR202600063662,IPDR202600115827,ADDITIONAL_SESSION,-6,1
CDR202600024034,IPDR202600115828,PRIMARY_SESSION,356,1
CDR202600015125,IPDR202600115859,PRIMARY_SESSION,868,1
CDR202600061817,IPDR202600115919,ADDITIONAL_SESSION,-92,1
CDR202600087443,IPDR202600115920,PRIMARY_SESSION,47,1
CDR202600070348,IPDR202600115921,ADDITIONAL_SESSION,6,1
CDR202600068645,IPDR202600115941,ADDITIONAL_SESSION,-279,1
CDR202600004583,IPDR202600115948,ADDITIONAL_SESSION,-766,1
CDR202600070289,IPDR202600115959,ADDITIONAL_SESSION,222,1
CDR202600055697,IPDR202600116003,PRIMARY_SESSION,792,1
CDR202600029068,IPDR202600116029,PRIMARY_SESSION,578,1
CDR202600025222,IPDR202600116031,ADDITIONAL_SESSION,5,1
CDR202600002841,IPDR202600116061,PRIMARY_SESSION,-412,1
CDR202600078941,IPDR202600116133,ADDITIONAL_SESSION,-16,1
CDR202600072249,IPDR202600116146,PRIMARY_SESSION,-14,1
CDR202600062199,IPDR202600116153,PRIMARY_SESSION,-5,1
CDR202600082141,IPDR202600116172,PRIMARY_SESSION,857,1
CDR202600036620,IPDR202600116179,ADDITIONAL_SESSION,-1467,1
CDR202600080841,IPDR202600116187,PRIMARY_SESSION,233,1
CDR202600059426,IPDR202600116191,ADDITIONAL_SESSION,-38,1
CDR202600043103,IPDR202600116197,ADDITIONAL_SESSION,-169,1
CDR202600018557,IPDR202600116207,PRIMARY_SESSION,-36,1
CDR202600005710,IPDR202600116231,PRIMARY_SESSION,377,1
CDR202600073704,IPDR202600116242,PRIMARY_SESSION,-81,1
CDR202600084574,IPDR202600116306,ADDITIONAL_SESSION,525,1
CDR202600085724,IPDR202600116341,PRIMARY_SESSION,-684,1
CDR202600088876,IPDR202600116346,ADDITIONAL_SESSION,-13,1
CDR202600036891,IPDR202600116384,PRIMARY_SESSION,1157,1
CDR202600000719,IPDR202600116395,PRIMARY_SESSION,-9,1
CDR202600075144,IPDR202600116416,PRIMARY_SESSION,36,1
CDR202600089803,IPDR202600116421,PRIMARY_SESSION,-174,1
CDR202600017482,IPDR202600116423,ADDITIONAL_SESSION,-24,1
CDR202600083988,IPDR202600116439,PRIMARY_SESSION,134,1
CDR202600071775,IPDR202600116444,PRIMARY_SESSION,14,1
CDR202600080309,IPDR202600116454,PRIMARY_SESSION,2,1
CDR202600026509,IPDR202600116477,PRIMARY_SESSION,278,1
CDR202600006159,IPDR202600116510,PRIMARY_SESSION,-320,1
CDR202600072717,IPDR202600116524,PRIMARY_SESSION,-10,1
CDR202600057745,IPDR202600116551,ADDITIONAL_SESSION,-418,1
CDR202600084585,IPDR202600116557,ADDITIONAL_SESSION,211,1
CDR202600050389,IPDR202600116587,ADDITIONAL_SESSION,-109,1
CDR202600059025,IPDR202600116591,ADDITIONAL_SESSION,5,1
CDR202600030696,IPDR202600116593,PRIMARY_SESSION,5,1
CDR202600039447,IPDR202600116608,ADDITIONAL_SESSION,-638,1
CDR202600007900,IPDR202600116641,PRIMARY_SESSION,-1311,1
CDR202600042314,IPDR202600116642,ADDITIONAL_SESSION,-179,1
CDR202600011903,IPDR202600116647,PRIMARY_SESSION,-188,1
CDR202600079497,IPDR202600116649,PRIMARY_SESSION,-457,1
CDR202600014089,IPDR202600116656,PRIMARY_SESSION,270,1
CDR202600046689,IPDR202600116668,ADDITIONAL_SESSION,-6,1
CDR202600031515,IPDR202600116670,PRIMARY_SESSION,227,1
CDR202600090783,IPDR202600116681,ADDITIONAL_SESSION,50,1
CDR202600040790,IPDR202600116684,ADDITIONAL_SESSION,-332,1
CDR202600067469,IPDR202600116710,ADDITIONAL_SESSION,-686,1
CDR202600004008,IPDR202600116714,PRIMARY_SESSION,237,1
CDR202600078445,IPDR202600116718,PRIMARY_SESSION,-200,1
CDR202600044648,IPDR202600116725,PRIMARY_SESSION,-21,1
CDR202600018605,IPDR202600116734,PRIMARY_SESSION,113,1
CDR202600056486,IPDR202600116766,PRIMARY_SESSION,792,1
CDR202600020018,IPDR202600116794,PRIMARY_SESSION,832,1
CDR202600038814,IPDR202600116802,ADDITIONAL_SESSION,41,1
CDR202600053823,IPDR202600116845,ADDITIONAL_SESSION,-80,1
CDR202600011498,IPDR202600116861,ADDITIONAL_SESSION,-39,1
CDR202600041444,IPDR202600116889,ADDITIONAL_SESSION,-594,1
CDR202600033871,IPDR202600116906,PRIMARY_SESSION,1775,1
CDR202600051990,IPDR202600116909,PRIMARY_SESSION,-44,1
CDR202600072438,IPDR202600116914,ADDITIONAL_SESSION,-18,1
CDR202600042314,IPDR202600116926,ADDITIONAL_SESSION,-732,1
CDR202600045453,IPDR202600116950,PRIMARY_SESSION,185,1
CDR202600015152,IPDR202600116970,ADDITIONAL_SESSION,-476,1
CDR202600020211,IPDR202600116996,PRIMARY_SESSION,642,1
CDR202600028496,IPDR202600117006,PRIMARY_SESSION,-35,1
CDR202600053817,IPDR202600117013,ADDITIONAL_SESSION,1581,1
CDR202600062627,IPDR202600117076,PRIMARY_SESSION,23,1
CDR202600084452,IPDR202600117097,PRIMARY_SESSION,30,1
CDR202600005093,IPDR202600117115,PRIMARY_SESSION,304,1
CDR202600041724,IPDR202600117176,PRIMARY_SESSION,8,1
CDR202600027463,IPDR202600117195,ADDITIONAL_SESSION,164,1
CDR202600087498,IPDR202600117208,ADDITIONAL_SESSION,1189,1
CDR202600067817,IPDR202600117232,PRIMARY_SESSION,-738,1
CDR202600042738,IPDR202600117251,ADDITIONAL_SESSION,-21,1
CDR202600088812,IPDR202600117261,PRIMARY_SESSION,-748,1
CDR202600074818,IPDR202600117362,ADDITIONAL_SESSION,-60,1
CDR202600004565,IPDR202600117365,ADDITIONAL_SESSION,548,1
CDR202600082839,IPDR202600117375,PRIMARY_SESSION,-319,1
CDR202600007913,IPDR202600117386,ADDITIONAL_SESSION,10,1
CDR202600043458,IPDR202600117415,PRIMARY_SESSION,-57,1
CDR202600033902,IPDR202600117429,ADDITIONAL_SESSION,19,1
CDR202600023025,IPDR202600117433,PRIMARY_SESSION,-41,1
CDR202600056622,IPDR202600117488,PRIMARY_SESSION,-40,1
CDR202600067490,IPDR202600117521,ADDITIONAL_SESSION,743,1
CDR202600026249,IPDR202600117523,PRIMARY_SESSION,138,1
CDR202600077320,IPDR202600117529,PRIMARY_SESSION,1793,1
CDR202600052488,IPDR202600117542,PRIMARY_SESSION,1773,1
CDR202600059099,IPDR202600117549,PRIMARY_SESSION,154,1
CDR202600046348,IPDR202600117561,PRIMARY_SESSION,32,1
CDR202600007069,IPDR202600117574,ADDITIONAL_SESSION,-254,1
CDR202600069986,IPDR202600117585,ADDITIONAL_SESSION,269,1
CDR202600070348,IPDR202600117623,ADDITIONAL_SESSION,20,1
CDR202600025254,IPDR202600117628,ADDITIONAL_SESSION,-217,1
CDR202600086213,IPDR202600117630,ADDITIONAL_SESSION,661,1
CDR202600086910,IPDR202600117672,PRIMARY_SESSION,232,1
CDR202600052020,IPDR202600117675,PRIMARY_SESSION,-34,1
CDR202600054572,IPDR202600117679,PRIMARY_SESSION,12,1
CDR202600078558,IPDR202600117688,ADDITIONAL_SESSION,-766,1
CDR202600051174,IPDR202600117707,ADDITIONAL_SESSION,-57,1
CDR202600085972,IPDR202600117734,PRIMARY_SESSION,-191,1
CDR202600006066,IPDR202600117754,PRIMARY_SESSION,515,1
CDR202600006407,IPDR202600117801,PRIMARY_SESSION,-97,1
CDR202600066118,IPDR202600117829,PRIMARY_SESSION,826,1
CDR202600039173,IPDR202600117884,PRIMARY_SESSION,21,1
CDR202600089074,IPDR202600117907,PRIMARY_SESSION,250,1
CDR202600045272,IPDR202600117912,PRIMARY_SESSION,48,1
CDR202600072837,IPDR202600117913,PRIMARY_SESSION,-575,1
CDR202600008097,IPDR202600117914,ADDITIONAL_SESSION,-712,1
CDR202600019349,IPDR202600117930,ADDITIONAL_SESSION,846,1
CDR202600000772,IPDR202600117941,ADDITIONAL_SESSION,-213,1
CDR202600017220,IPDR202600117951,PRIMARY_SESSION,-363,1
CDR202600001397,IPDR202600117979,PRIMARY_SESSION,-629,1
CDR202600017392,IPDR202600117985,ADDITIONAL_SESSION,1516,1
CDR202600007148,IPDR202600117991,PRIMARY_SESSION,702,1
CDR202600014122,IPDR202600118001,PRIMARY_SESSION,1106,1
CDR202600039636,IPDR202600118008,PRIMARY_SESSION,699,1
CDR202600058025,IPDR202600118009,PRIMARY_SESSION,344,1
CDR202600076048,IPDR202600118034,PRIMARY_SESSION,-156,1
CDR202600082666,IPDR202600118044,PRIMARY_SESSION,32,1
CDR202600002292,IPDR202600118056,ADDITIONAL_SESSION,-118,1
CDR202600029797,IPDR202600118069,PRIMARY_SESSION,319,1
CDR202600005209,IPDR202600118127,PRIMARY_SESSION,-551,1
CDR202600064867,IPDR202600118148,PRIMARY_SESSION,-746,1
CDR202600075190,IPDR202600118245,PRIMARY_SESSION,840,1
CDR202600057631,IPDR202600118247,ADDITIONAL_SESSION,-8,1
CDR202600021884,IPDR202600118272,ADDITIONAL_SESSION,-245,1
CDR202600037189,IPDR202600118294,PRIMARY_SESSION,-66,1
CDR202600053803,IPDR202600118321,PRIMARY_SESSION,-545,1
CDR202600014129,IPDR202600118352,PRIMARY_SESSION,-38,1
CDR202600005492,IPDR202600118385,PRIMARY_SESSION,-171,1
CDR202600041790,IPDR202600118406,ADDITIONAL_SESSION,-53,1
CDR202600047897,IPDR202600118407,ADDITIONAL_SESSION,188,1
CDR202600017360,IPDR202600118411,PRIMARY_SESSION,22,1
CDR202600078109,IPDR202600118426,PRIMARY_SESSION,-16,1
CDR202600006871,IPDR202600118432,PRIMARY_SESSION,23,1
CDR202600014759,IPDR202600118442,ADDITIONAL_SESSION,1737,1
CDR202600020209,IPDR202600118462,PRIMARY_SESSION,208,1
CDR202600003706,IPDR202600118477,PRIMARY_SESSION,-18,1
CDR202600090959,IPDR202600118504,PRIMARY_SESSION,-777,1
CDR202600083187,IPDR202600118558,ADDITIONAL_SESSION,-50,1
CDR202600083626,IPDR202600118562,ADDITIONAL_SESSION,-54,1
CDR202600083076,IPDR202600118594,PRIMARY_SESSION,-233,1
CDR202600042311,IPDR202600118604,PRIMARY_SESSION,415,1
CDR202600078952,IPDR202600118607,PRIMARY_SESSION,1367,1
CDR202600046021,IPDR202600118617,ADDITIONAL_SESSION,191,1
CDR202600007818,IPDR202600118626,ADDITIONAL_SESSION,-8,1
CDR202600008563,IPDR202600118636,ADDITIONAL_SESSION,498,1
CDR202600033902,IPDR202600118640,ADDITIONAL_SESSION,300,1
CDR202600017695,IPDR202600118655,ADDITIONAL_SESSION,213,1
CDR202600030670,IPDR202600118667,ADDITIONAL_SESSION,-19,1
CDR202600044901,IPDR202600118699,ADDITIONAL_SESSION,-745,1
CDR202600087128,IPDR202600118728,ADDITIONAL_SESSION,294,1
CDR202600059343,IPDR202600118746,PRIMARY_SESSION,-256,1
CDR202600000387,IPDR202600118748,PRIMARY_SESSION,203,1
CDR202600002264,IPDR202600118753,PRIMARY_SESSION,-824,1
CDR202600063098,IPDR202600118764,ADDITIONAL_SESSION,844,1
CDR202600058770,IPDR202600118766,PRIMARY_SESSION,-703,1
CDR202600080306,IPDR202600118770,ADDITIONAL_SESSION,-654,1
CDR202600050389,IPDR202600118771,PRIMARY_SESSION,730,1
CDR202600068682,IPDR202600118878,PRIMARY_SESSION,-276,1
CDR202600075877,IPDR202600118883,PRIMARY_SESSION,65,1
CDR202600020510,IPDR202600118891,ADDITIONAL_SESSION,-712,1
CDR202600002680,IPDR202600118914,PRIMARY_SESSION,-1256,1
CDR202600075084,IPDR202600118946,PRIMARY_SESSION,-43,1
CDR202600022955,IPDR202600118971,ADDITIONAL_SESSION,-13,1
CDR202600056175,IPDR202600118977,ADDITIONAL_SESSION,-1395,1
CDR202600020775,IPDR202600119043,ADDITIONAL_SESSION,-721,1
CDR202600038287,IPDR202600119052,PRIMARY_SESSION,-890,1
CDR202600070348,IPDR202600119087,PRIMARY_SESSION,1274,1
CDR202600076993,IPDR202600119129,PRIMARY_SESSION,-746,1
CDR202600044532,IPDR202600119145,ADDITIONAL_SESSION,34,1
CDR202600025122,IPDR202600119173,ADDITIONAL_SESSION,-62,1
CDR202600075747,IPDR202600119208,PRIMARY_SESSION,171,1
CDR202600055332,IPDR202600119220,PRIMARY_SESSION,41,1
CDR202600041673,IPDR202600119253,PRIMARY_SESSION,447,1
CDR202600043003,IPDR202600119254,PRIMARY_SESSION,-22,1
CDR202600080786,IPDR202600119266,PRIMARY_SESSION,-257,1
CDR202600090662,IPDR202600119322,ADDITIONAL_SESSION,-1250,1
CDR202600020732,IPDR202600119334,PRIMARY_SESSION,-42,1
CDR202600006747,IPDR202600119342,ADDITIONAL_SESSION,102,1
CDR202600016773,IPDR202600119369,PRIMARY_SESSION,-48,1
CDR202600073861,IPDR202600119381,ADDITIONAL_SESSION,-765,1
CDR202600023119,IPDR202600119384,ADDITIONAL_SESSION,-285,1
CDR202600062795,IPDR202600119394,ADDITIONAL_SESSION,-521,1
CDR202600002589,IPDR202600119408,PRIMARY_SESSION,-204,1
CDR202600073210,IPDR202600119418,PRIMARY_SESSION,-888,1
CDR202600014186,IPDR202600119469,ADDITIONAL_SESSION,-157,1
CDR202600045693,IPDR202600119492,PRIMARY_SESSION,-704,1
CDR202600000470,IPDR202600119509,PRIMARY_SESSION,-649,1
CDR202600053123,IPDR202600119512,PRIMARY_SESSION,36,1
CDR202600077199,IPDR202600119522,PRIMARY_SESSION,-191,1
CDR202600016591,IPDR202600119543,PRIMARY_SESSION,79,1
CDR202600080443,IPDR202600119546,PRIMARY_SESSION,-579,1
CDR202600034623,IPDR202600119564,ADDITIONAL_SESSION,-1698,1
CDR202600078727,IPDR202600119568,PRIMARY_SESSION,14,1
CDR202600027750,IPDR202600119619,PRIMARY_SESSION,-52,1
CDR202600005307,IPDR202600119632,ADDITIONAL_SESSION,-1175,1
CDR202600015438,IPDR202600119656,PRIMARY_SESSION,-181,1
CDR202600026729,IPDR202600119687,ADDITIONAL_SESSION,45,1
CDR202600076707,IPDR202600119715,PRIMARY_SESSION,1291,1
CDR202600058262,IPDR202600119728,PRIMARY_SESSION,783,1
CDR202600049056,IPDR202600119774,PRIMARY_SESSION,17,1
CDR202600002390,IPDR202600119821,ADDITIONAL_SESSION,-60,1
CDR202600011053,IPDR202600119827,PRIMARY_SESSION,-1176,1
CDR202600090224,IPDR202600119939,PRIMARY_SESSION,30,1
CDR202600081685,IPDR202600119947,PRIMARY_SESSION,47,1
CDR202600066193,IPDR202600119983,PRIMARY_SESSION,-498,1
CDR202600000278,IPDR202600119998,PRIMARY_SESSION,-33,1
CDR202600085851,IPDR202600120021,ADDITIONAL_SESSION,692,1
CDR202600076105,IPDR202600120044,PRIMARY_SESSION,863,1
CDR202600006111,IPDR202600120085,PRIMARY_SESSION,745,1
CDR202600085115,IPDR202600120097,ADDITIONAL_SESSION,1727,1
CDR202600056102,IPDR202600120116,PRIMARY_SESSION,45,1
CDR202600077666,IPDR202600120118,ADDITIONAL_SESSION,63,1
CDR202600086075,IPDR202600120122,ADDITIONAL_SESSION,-1268,1
CDR202600034411,IPDR202600120135,PRIMARY_SESSION,-727,1
CDR202600021231,IPDR202600120157,PRIMARY_SESSION,96,1
CDR202600043722,IPDR202600120172,PRIMARY_SESSION,799,1
CDR202600045361,IPDR202600120221,PRIMARY_SESSION,-130,1
CDR202600003394,IPDR202600120225,ADDITIONAL_SESSION,773,1
CDR202600066239,IPDR202600120242,PRIMARY_SESSION,204,1
CDR202600066080,IPDR202600120307,PRIMARY_SESSION,-64,1
CDR202600090245,IPDR202600120373,PRIMARY_SESSION,229,1
CDR202600026901,IPDR202600120425,ADDITIONAL_SESSION,371,1
CDR202600061803,IPDR202600120431,ADDITIONAL_SESSION,-285,1
CDR202600062224,IPDR202600120468,PRIMARY_SESSION,65,1
CDR202600032908,IPDR202600120476,PRIMARY_SESSION,-247,1
CDR202600017955,IPDR202600120483,PRIMARY_SESSION,-69,1
CDR202600025505,IPDR202600120491,ADDITIONAL_SESSION,-188,1
CDR202600006080,IPDR202600120492,PRIMARY_SESSION,-1036,1
CDR202600034720,IPDR202600120531,PRIMARY_SESSION,-800,1
CDR202600038965,IPDR202600120552,PRIMARY_SESSION,1748,1
CDR202600064887,IPDR202600120557,ADDITIONAL_SESSION,-8,1
CDR202600041829,IPDR202600120568,PRIMARY_SESSION,-386,1
CDR202600028993,IPDR202600120578,ADDITIONAL_SESSION,187,1
CDR202600002364,IPDR202600120657,ADDITIONAL_SESSION,130,1
CDR202600042855,IPDR202600120672,PRIMARY_SESSION,1636,1
CDR202600039319,IPDR202600120678,PRIMARY_SESSION,662,1
CDR202600079227,IPDR202600120697,ADDITIONAL_SESSION,34,1
CDR202600018285,IPDR202600120758,PRIMARY_SESSION,42,1
CDR202600029534,IPDR202600120777,PRIMARY_SESSION,-164,1
CDR202600053515,IPDR202600120833,PRIMARY_SESSION,-235,1
CDR202600003207,IPDR202600120849,PRIMARY_SESSION,118,1
CDR202600014741,IPDR202600120869,PRIMARY_SESSION,-416,1
CDR202600016270,IPDR202600120905,ADDITIONAL_SESSION,56,1
CDR202600038122,IPDR202600120908,PRIMARY_SESSION,-750,1
CDR202600033780,IPDR202600120910,PRIMARY_SESSION,-73,1
CDR202600079550,IPDR202600120912,ADDITIONAL_SESSION,-1049,1
CDR202600041378,IPDR202600120930,PRIMARY_SESSION,284,1
CDR202600065969,IPDR202600120961,PRIMARY_SESSION,-126,1
CDR202600059926,IPDR202600120964,ADDITIONAL_SESSION,790,1
CDR202600000744,IPDR202600120971,PRIMARY_SESSION,850,1
CDR202600031286,IPDR202600120990,PRIMARY_SESSION,-402,1
CDR202600022977,IPDR202600120992,PRIMARY_SESSION,-543,1
CDR202600067876,IPDR202600121042,PRIMARY_SESSION,315,1
CDR202600048408,IPDR202600121104,PRIMARY_SESSION,-842,1
CDR202600025849,IPDR202600121106,ADDITIONAL_SESSION,-51,1
CDR202600076795,IPDR202600121135,ADDITIONAL_SESSION,11,1
CDR202600080886,IPDR202600121202,ADDITIONAL_SESSION,-75,1
CDR202600010207,IPDR202600121215,ADDITIONAL_SESSION,6,1
CDR202600041965,IPDR202600121272,ADDITIONAL_SESSION,-446,1
CDR202600084794,IPDR202600121324,PRIMARY_SESSION,-134,1
CDR202600088534,IPDR202600121349,PRIMARY_SESSION,-54,1
CDR202600053712,IPDR202600121380,PRIMARY_SESSION,-125,1
CDR202600058197,IPDR202600121391,ADDITIONAL_SESSION,275,1
CDR202600082990,IPDR202600121406,ADDITIONAL_SESSION,-1608,1
CDR202600018696,IPDR202600121427,ADDITIONAL_SESSION,-285,1
CDR202600080394,IPDR202600121439,ADDITIONAL_SESSION,7,1
CDR202600011436,IPDR202600121446,PRIMARY_SESSION,-513,1
CDR202600089669,IPDR202600121449,PRIMARY_SESSION,-56,1
CDR202600019847,IPDR202600121470,PRIMARY_SESSION,851,1
CDR202600041500,IPDR202600121485,PRIMARY_SESSION,-60,1
CDR202600068359,IPDR202600121511,PRIMARY_SESSION,55,1
CDR202600090468,IPDR202600121528,PRIMARY_SESSION,258,1
CDR202600053559,IPDR202600121533,ADDITIONAL_SESSION,344,1
CDR202600074612,IPDR202600121546,ADDITIONAL_SESSION,-1232,1
CDR202600038361,IPDR202600121550,ADDITIONAL_SESSION,143,1
CDR202600035669,IPDR202600121589,ADDITIONAL_SESSION,619,1
CDR202600059248,IPDR202600121594,ADDITIONAL_SESSION,52,1
CDR202600090683,IPDR202600121614,PRIMARY_SESSION,-489,1
CDR202600016760,IPDR202600121615,PRIMARY_SESSION,231,1
CDR202600042402,IPDR202600121620,ADDITIONAL_SESSION,-161,1
CDR202600030885,IPDR202600121624,PRIMARY_SESSION,48,1
CDR202600068326,IPDR202600121640,PRIMARY_SESSION,-896,1
CDR202600050772,IPDR202600121686,ADDITIONAL_SESSION,-1235,1
CDR202600015434,IPDR202600121691,PRIMARY_SESSION,-709,1
CDR202600056921,IPDR202600121710,PRIMARY_SESSION,-24,1
CDR202600068693,IPDR202600121726,PRIMARY_SESSION,-326,1
CDR202600038195,IPDR202600121743,PRIMARY_SESSION,48,1
CDR202600053447,IPDR202600121755,PRIMARY_SESSION,-37,1
CDR202600036755,IPDR202600121787,ADDITIONAL_SESSION,747,1
CDR202600057306,IPDR202600121805,ADDITIONAL_SESSION,-798,1
CDR202600074469,IPDR202600121807,PRIMARY_SESSION,4,1
CDR202600052844,IPDR202600121813,ADDITIONAL_SESSION,554,1
CDR202600078902,IPDR202600121858,PRIMARY_SESSION,-816,1
CDR202600006881,IPDR202600121869,PRIMARY_SESSION,729,1
CDR202600024325,IPDR202600121919,PRIMARY_SESSION,-1223,1
CDR202600029959,IPDR202600121949,PRIMARY_SESSION,47,1
CDR202600075945,IPDR202600121973,PRIMARY_SESSION,-132,1
CDR202600028114,IPDR202600121978,PRIMARY_SESSION,-442,1
CDR202600019255,IPDR202600121981,ADDITIONAL_SESSION,815,1
CDR202600047223,IPDR202600122011,PRIMARY_SESSION,262,1
CDR202600090005,IPDR202600122048,ADDITIONAL_SESSION,-8,1
CDR202600079491,IPDR202600122054,PRIMARY_SESSION,219,1
CDR202600044763,IPDR202600122076,ADDITIONAL_SESSION,-296,1
CDR202600079215,IPDR202600122125,ADDITIONAL_SESSION,80,1
CDR202600044763,IPDR202600122129,ADDITIONAL_SESSION,-119,1
CDR202600054873,IPDR202600122135,PRIMARY_SESSION,-93,1
CDR202600065459,IPDR202600122143,ADDITIONAL_SESSION,21,1
CDR202600041608,IPDR202600122236,PRIMARY_SESSION,293,1
CDR202600087442,IPDR202600122243,ADDITIONAL_SESSION,-755,1
CDR202600005937,IPDR202600122336,PRIMARY_SESSION,-1527,1
CDR202600056066,IPDR202600122339,PRIMARY_SESSION,733,1
CDR202600026703,IPDR202600122348,ADDITIONAL_SESSION,-128,1
CDR202600046088,IPDR202600122363,PRIMARY_SESSION,177,1
CDR202600082033,IPDR202600122370,PRIMARY_SESSION,156,1
CDR202600038814,IPDR202600122403,ADDITIONAL_SESSION,509,1
CDR202600013591,IPDR202600122405,PRIMARY_SESSION,-469,1
CDR202600024804,IPDR202600122411,PRIMARY_SESSION,-163,1
CDR202600073020,IPDR202600122417,PRIMARY_SESSION,-553,1
CDR202600065863,IPDR202600122433,PRIMARY_SESSION,49,1
CDR202600058124,IPDR202600122446,ADDITIONAL_SESSION,-1547,1
CDR202600025261,IPDR202600122553,PRIMARY_SESSION,-35,1
CDR202600029764,IPDR202600122554,PRIMARY_SESSION,-121,1
CDR202600067986,IPDR202600122566,ADDITIONAL_SESSION,-17,1
CDR202600010780,IPDR202600122612,PRIMARY_SESSION,-976,1
CDR202600019811,IPDR202600122632,PRIMARY_SESSION,640,1
CDR202600051130,IPDR202600122646,ADDITIONAL_SESSION,-797,1
CDR202600084574,IPDR202600122668,ADDITIONAL_SESSION,-34,1
CDR202600044938,IPDR202600122705,PRIMARY_SESSION,513,1
CDR202600087128,IPDR202600122708,PRIMARY_SESSION,31,1
CDR202600075191,IPDR202600122713,ADDITIONAL_SESSION,-501,1
CDR202600075579,IPDR202600122720,PRIMARY_SESSION,5,1
CDR202600035538,IPDR202600122735,ADDITIONAL_SESSION,-157,1
CDR202600034753,IPDR202600122736,ADDITIONAL_SESSION,25,1
CDR202600044229,IPDR202600122792,PRIMARY_SESSION,162,1
CDR202600040509,IPDR202600122820,PRIMARY_SESSION,125,1
CDR202600081374,IPDR202600122839,ADDITIONAL_SESSION,-212,1
CDR202600025883,IPDR202600122857,PRIMARY_SESSION,-200,1
CDR202600039981,IPDR202600122880,PRIMARY_SESSION,23,1
CDR202600072834,IPDR202600122885,PRIMARY_SESSION,-35,1
CDR202600030418,IPDR202600122904,ADDITIONAL_SESSION,1385,1
CDR202600050271,IPDR202600122915,PRIMARY_SESSION,26,1
CDR202600078495,IPDR202600122961,ADDITIONAL_SESSION,-488,1
CDR202600072480,IPDR202600122973,PRIMARY_SESSION,-266,1
CDR202600050597,IPDR202600122982,PRIMARY_SESSION,-1536,1
CDR202600001089,IPDR202600122999,ADDITIONAL_SESSION,625,1
CDR202600045749,IPDR202600123025,PRIMARY_SESSION,221,1
CDR202600028649,IPDR202600123049,ADDITIONAL_SESSION,-926,1
CDR202600046108,IPDR202600123051,ADDITIONAL_SESSION,507,1
CDR202600008290,IPDR202600123128,PRIMARY_SESSION,-251,1
CDR202600033173,IPDR202600123134,ADDITIONAL_SESSION,60,1
CDR202600087128,IPDR202600123148,ADDITIONAL_SESSION,30,1
CDR202600044671,IPDR202600123169,ADDITIONAL_SESSION,-17,1
CDR202600000779,IPDR202600123173,PRIMARY_SESSION,-347,1
CDR202600021155,IPDR202600123182,PRIMARY_SESSION,-899,1
CDR202600064867,IPDR202600123221,ADDITIONAL_SESSION,698,1
CDR202600033550,IPDR202600123263,PRIMARY_SESSION,152,1
CDR202600035614,IPDR202600123279,PRIMARY_SESSION,166,1
CDR202600034416,IPDR202600123298,PRIMARY_SESSION,-391,1
CDR202600068810,IPDR202600123336,ADDITIONAL_SESSION,12,1
CDR202600077914,IPDR202600123353,PRIMARY_SESSION,22,1
CDR202600008540,IPDR202600123373,PRIMARY_SESSION,-873,1
CDR202600044001,IPDR202600123414,PRIMARY_SESSION,432,1
CDR202600030644,IPDR202600123444,PRIMARY_SESSION,357,1
CDR202600054572,IPDR202600123453,ADDITIONAL_SESSION,728,1
CDR202600055332,IPDR202600123486,ADDITIONAL_SESSION,-187,1
CDR202600058395,IPDR202600123492,ADDITIONAL_SESSION,302,1
CDR202600045513,IPDR202600123497,PRIMARY_SESSION,-96,1
CDR202600081012,IPDR202600123505,PRIMARY_SESSION,-19,1
CDR202600023863,IPDR202600123513,ADDITIONAL_SESSION,-143,1
CDR202600074567,IPDR202600123535,PRIMARY_SESSION,708,1
CDR202600079241,IPDR202600123597,ADDITIONAL_SESSION,-157,1
CDR202600066427,IPDR202600123617,PRIMARY_SESSION,102,1
CDR202600083421,IPDR202600123650,ADDITIONAL_SESSION,-833,1
CDR202600089532,IPDR202600123651,PRIMARY_SESSION,538,1
CDR202600084043,IPDR202600123698,ADDITIONAL_SESSION,-41,1
CDR202600016696,IPDR202600123707,PRIMARY_SESSION,18,1
CDR202600008290,IPDR202600123714,ADDITIONAL_SESSION,-22,1
CDR202600040248,IPDR202600123733,PRIMARY_SESSION,-259,1
CDR202600032365,IPDR202600123755,PRIMARY_SESSION,1585,1
CDR202600011839,IPDR202600123764,ADDITIONAL_SESSION,627,1
CDR202600045382,IPDR202600123790,ADDITIONAL_SESSION,-292,1
CDR202600053157,IPDR202600123804,PRIMARY_SESSION,166,1
CDR202600005961,IPDR202600123830,ADDITIONAL_SESSION,-780,1
CDR202600083806,IPDR202600123880,ADDITIONAL_SESSION,24,1
CDR202600008983,IPDR202600123910,PRIMARY_SESSION,-7,1
CDR202600068837,IPDR202600123914,ADDITIONAL_SESSION,-250,1
CDR202600028088,IPDR202600123967,ADDITIONAL_SESSION,54,1
CDR202600081892,IPDR202600123981,ADDITIONAL_SESSION,839,1
CDR202600024332,IPDR202600124043,PRIMARY_SESSION,-84,1
CDR202600013111,IPDR202600124066,PRIMARY_SESSION,23,1
CDR202600041299,IPDR202600124107,ADDITIONAL_SESSION,-244,1
CDR202600051243,IPDR202600124113,ADDITIONAL_SESSION,-8,1
CDR202600008269,IPDR202600124152,PRIMARY_SESSION,1471,1
CDR202600043136,IPDR202600124177,PRIMARY_SESSION,716,1
CDR202600017846,IPDR202600124181,PRIMARY_SESSION,15,1
CDR202600019248,IPDR202600124191,ADDITIONAL_SESSION,61,1
CDR202600039466,IPDR202600124211,ADDITIONAL_SESSION,-295,1
CDR202600004585,IPDR202600124239,PRIMARY_SESSION,-117,1
CDR202600034665,IPDR202600124247,PRIMARY_SESSION,32,1
CDR202600061727,IPDR202600124286,PRIMARY_SESSION,-468,1
CDR202600007869,IPDR202600124289,PRIMARY_SESSION,-86,1
CDR202600028150,IPDR202600124296,PRIMARY_SESSION,-72,1
CDR202600001306,IPDR202600124304,PRIMARY_SESSION,481,1
CDR202600038432,IPDR202600124316,ADDITIONAL_SESSION,-64,1
CDR202600003556,IPDR202600124328,ADDITIONAL_SESSION,161,1
CDR202600044661,IPDR202600124332,ADDITIONAL_SESSION,60,1
CDR202600053644,IPDR202600124382,PRIMARY_SESSION,-25,1
CDR202600060839,IPDR202600124395,ADDITIONAL_SESSION,-11,1
CDR202600017541,IPDR202600124427,PRIMARY_SESSION,135,1
CDR202600061405,IPDR202600124439,PRIMARY_SESSION,-267,1
CDR202600059991,IPDR202600124472,PRIMARY_SESSION,-1766,1
CDR202600063797,IPDR202600124476,PRIMARY_SESSION,-60,1
CDR202600039664,IPDR202600124512,ADDITIONAL_SESSION,4,1
CDR202600064304,IPDR202600124538,ADDITIONAL_SESSION,149,1
CDR202600076523,IPDR202600124554,ADDITIONAL_SESSION,-271,1
CDR202600078015,IPDR202600124560,PRIMARY_SESSION,173,1
CDR202600080249,IPDR202600124587,PRIMARY_SESSION,1002,1
CDR202600071941,IPDR202600124595,PRIMARY_SESSION,12,1
CDR202600083076,IPDR202600124616,ADDITIONAL_SESSION,-1279,1
CDR202600047701,IPDR202600124617,ADDITIONAL_SESSION,174,1
CDR202600006529,IPDR202600124620,PRIMARY_SESSION,-441,1
CDR202600090118,IPDR202600124630,PRIMARY_SESSION,-13,1
CDR202600019177,IPDR202600124653,ADDITIONAL_SESSION,-286,1
CDR202600062240,IPDR202600124665,PRIMARY_SESSION,32,1
CDR202600010353,IPDR202600124685,PRIMARY_SESSION,650,1
CDR202600029421,IPDR202600124704,PRIMARY_SESSION,-154,1
CDR202600009130,IPDR202600124719,ADDITIONAL_SESSION,-1479,1
CDR202600037229,IPDR202600124723,ADDITIONAL_SESSION,-48,1
CDR202600052170,IPDR202600124739,PRIMARY_SESSION,24,1
CDR202600018918,IPDR202600124751,PRIMARY_SESSION,-55,1
CDR202600068800,IPDR202600124782,PRIMARY_SESSION,-161,1
CDR202600054697,IPDR202600124794,PRIMARY_SESSION,-100,1
CDR202600071243,IPDR202600124795,PRIMARY_SESSION,-44,1
CDR202600061681,IPDR202600124838,PRIMARY_SESSION,247,1
CDR202600081988,IPDR202600124854,ADDITIONAL_SESSION,-683,1
CDR202600058109,IPDR202600124880,PRIMARY_SESSION,195,1
CDR202600068463,IPDR202600124894,ADDITIONAL_SESSION,104,1
CDR202600019051,IPDR202600124897,ADDITIONAL_SESSION,422,1
CDR202600050332,IPDR202600124962,PRIMARY_SESSION,31,1
CDR202600032047,IPDR202600124966,PRIMARY_SESSION,801,1
CDR202600090513,IPDR202600124973,PRIMARY_SESSION,198,1
CDR202600026760,IPDR202600124992,ADDITIONAL_SESSION,-23,1
CDR202600013955,IPDR202600125014,PRIMARY_SESSION,152,1
CDR202600032516,IPDR202600125022,ADDITIONAL_SESSION,-62,1
CDR202600006117,IPDR202600125025,PRIMARY_SESSION,-678,1
CDR202600089300,IPDR202600125049,PRIMARY_SESSION,-164,1
CDR202600081764,IPDR202600125099,ADDITIONAL_SESSION,484,1
CDR202600052689,IPDR202600125121,ADDITIONAL_SESSION,1229,1
CDR202600047834,IPDR202600125126,PRIMARY_SESSION,1338,1
CDR202600021772,IPDR202600125153,ADDITIONAL_SESSION,5,1
CDR202600060451,IPDR202600125161,PRIMARY_SESSION,1597,1
CDR202600054770,IPDR202600125188,PRIMARY_SESSION,-101,1
CDR202600011778,IPDR202600125223,PRIMARY_SESSION,47,1
CDR202600003170,IPDR202600125224,ADDITIONAL_SESSION,-775,1
CDR202600025340,IPDR202600125238,ADDITIONAL_SESSION,-490,1
CDR202600013179,IPDR202600125269,PRIMARY_SESSION,-27,1
CDR202600033286,IPDR202600125308,PRIMARY_SESSION,-30,1
CDR202600041136,IPDR202600125343,PRIMARY_SESSION,45,1
CDR202600043012,IPDR202600125356,ADDITIONAL_SESSION,246,1
CDR202600068235,IPDR202600125362,ADDITIONAL_SESSION,-42,1
CDR202600028003,IPDR202600125370,ADDITIONAL_SESSION,-693,1
CDR202600059668,IPDR202600125408,PRIMARY_SESSION,-157,1
CDR202600026097,IPDR202600125432,ADDITIONAL_SESSION,-1548,1
CDR202600031607,IPDR202600125433,PRIMARY_SESSION,74,1
CDR202600065024,IPDR202600125450,ADDITIONAL_SESSION,50,1
CDR202600045823,IPDR202600125461,PRIMARY_SESSION,2,1
CDR202600045108,IPDR202600125472,PRIMARY_SESSION,40,1
CDR202600013723,IPDR202600125473,PRIMARY_SESSION,5,1
CDR202600026076,IPDR202600125497,PRIMARY_SESSION,-198,1
CDR202600041738,IPDR202600125510,PRIMARY_SESSION,50,1
CDR202600057967,IPDR202600125551,PRIMARY_SESSION,-98,1
CDR202600043785,IPDR202600125611,ADDITIONAL_SESSION,-34,1
CDR202600058093,IPDR202600125617,PRIMARY_SESSION,37,1
CDR202600001034,IPDR202600125645,PRIMARY_SESSION,-283,1
CDR202600042738,IPDR202600125655,ADDITIONAL_SESSION,688,1
CDR202600047794,IPDR202600125660,PRIMARY_SESSION,60,1
CDR202600018107,IPDR202600125667,ADDITIONAL_SESSION,664,1
CDR202600006421,IPDR202600125670,PRIMARY_SESSION,44,1
CDR202600077706,IPDR202600125674,PRIMARY_SESSION,78,1
CDR202600060630,IPDR202600125696,PRIMARY_SESSION,-594,1
CDR202600009794,IPDR202600125701,ADDITIONAL_SESSION,1384,1
CDR202600023852,IPDR202600125729,PRIMARY_SESSION,-991,1
CDR202600000760,IPDR202600125738,ADDITIONAL_SESSION,-178,1
CDR202600089938,IPDR202600125742,PRIMARY_SESSION,1145,1
CDR202600002371,IPDR202600125806,ADDITIONAL_SESSION,13,1
CDR202600001314,IPDR202600125816,PRIMARY_SESSION,587,1
CDR202600066388,IPDR202600125823,PRIMARY_SESSION,313,1
CDR202600052158,IPDR202600125840,PRIMARY_SESSION,775,1
CDR202600081635,IPDR202600125864,ADDITIONAL_SESSION,-24,1
CDR202600083626,IPDR202600125875,ADDITIONAL_SESSION,262,1
CDR202600010360,IPDR202600125897,PRIMARY_SESSION,1663,1
CDR202600022646,IPDR202600125902,ADDITIONAL_SESSION,291,1
CDR202600090551,IPDR202600125912,ADDITIONAL_SESSION,-57,1
CDR202600058622,IPDR202600125926,ADDITIONAL_SESSION,-402,1
CDR202600078195,IPDR202600125940,ADDITIONAL_SESSION,-113,1
CDR202600047326,IPDR202600125946,PRIMARY_SESSION,-3,1
CDR202600072660,IPDR202600125952,ADDITIONAL_SESSION,39,1
CDR202600067795,IPDR202600125961,PRIMARY_SESSION,21,1
CDR202600035934,IPDR202600126017,PRIMARY_SESSION,183,1
CDR202600039384,IPDR202600126019,PRIMARY_SESSION,29,1
CDR202600066849,IPDR202600126032,ADDITIONAL_SESSION,23,1
CDR202600011002,IPDR202600126036,PRIMARY_SESSION,-289,1
CDR202600022016,IPDR202600126039,PRIMARY_SESSION,-708,1
CDR202600048237,IPDR202600126050,PRIMARY_SESSION,198,1
CDR202600040833,IPDR202600126062,ADDITIONAL_SESSION,-146,1
CDR202600037348,IPDR202600126107,ADDITIONAL_SESSION,-319,1
CDR202600021438,IPDR202600126127,PRIMARY_SESSION,-63,1
CDR202600023958,IPDR202600126130,PRIMARY_SESSION,-96,1
CDR202600057026,IPDR202600126147,ADDITIONAL_SESSION,-14,1
CDR202600085187,IPDR202600126173,ADDITIONAL_SESSION,184,1
CDR202600044283,IPDR202600126190,ADDITIONAL_SESSION,-391,1
CDR202600063910,IPDR202600126220,PRIMARY_SESSION,-617,1
CDR202600081099,IPDR202600126256,PRIMARY_SESSION,524,1
CDR202600074926,IPDR202600126268,ADDITIONAL_SESSION,6,1
CDR202600003738,IPDR202600126278,PRIMARY_SESSION,-206,1
CDR202600016270,IPDR202600126315,ADDITIONAL_SESSION,-1570,1
CDR202600085424,IPDR202600126348,ADDITIONAL_SESSION,623,1
CDR202600017199,IPDR202600126358,PRIMARY_SESSION,197,1
CDR202600036006,IPDR202600126369,ADDITIONAL_SESSION,-21,1
CDR202600085783,IPDR202600126404,ADDITIONAL_SESSION,-258,1
CDR202600055678,IPDR202600126424,PRIMARY_SESSION,-457,1
CDR202600045470,IPDR202600126427,PRIMARY_SESSION,796,1
CDR202600015849,IPDR202600126508,PRIMARY_SESSION,57,1
CDR202600052337,IPDR202600126510,PRIMARY_SESSION,216,1
CDR202600058395,IPDR202600126514,ADDITIONAL_SESSION,1307,1
CDR202600035188,IPDR202600126533,ADDITIONAL_SESSION,-56,1
CDR202600029708,IPDR202600126544,PRIMARY_SESSION,182,1
CDR202600057623,IPDR202600126545,ADDITIONAL_SESSION,-132,1
CDR202600055708,IPDR202600126560,PRIMARY_SESSION,-77,1
CDR202600018344,IPDR202600126590,ADDITIONAL_SESSION,232,1
CDR202600010395,IPDR202600126591,PRIMARY_SESSION,-52,1
CDR202600020785,IPDR202600126626,PRIMARY_SESSION,-233,1
CDR202600028687,IPDR202600126650,ADDITIONAL_SESSION,8,1
CDR202600026901,IPDR202600126657,PRIMARY_SESSION,1504,1
CDR202600007234,IPDR202600126664,PRIMARY_SESSION,-128,1
CDR202600002275,IPDR202600126676,ADDITIONAL_SESSION,770,1
CDR202600071615,IPDR202600126714,ADDITIONAL_SESSION,-81,1
CDR202600089207,IPDR202600126741,ADDITIONAL_SESSION,-218,1
CDR202600026456,IPDR202600126745,ADDITIONAL_SESSION,57,1
CDR202600012518,IPDR202600126753,ADDITIONAL_SESSION,-135,1
CDR202600065714,IPDR202600126781,PRIMARY_SESSION,168,1
CDR202600063020,IPDR202600126793,ADDITIONAL_SESSION,113,1
CDR202600010448,IPDR202600126853,ADDITIONAL_SESSION,-26,1
CDR202600011186,IPDR202600126884,ADDITIONAL_SESSION,-804,1
CDR202600031731,IPDR202600126924,PRIMARY_SESSION,24,1
CDR202600052730,IPDR202600126939,ADDITIONAL_SESSION,11,1
CDR202600025955,IPDR202600126966,PRIMARY_SESSION,-50,1
CDR202600062923,IPDR202600126979,PRIMARY_SESSION,1058,1
CDR202600029633,IPDR202600126999,ADDITIONAL_SESSION,-60,1
CDR202600039527,IPDR202600127018,PRIMARY_SESSION,-9,1
CDR202600034362,IPDR202600127028,ADDITIONAL_SESSION,112,1
CDR202600083376,IPDR202600127048,ADDITIONAL_SESSION,26,1
CDR202600003787,IPDR202600127131,PRIMARY_SESSION,550,1
CDR202600001089,IPDR202600127149,ADDITIONAL_SESSION,713,1
CDR202600082090,IPDR202600127168,ADDITIONAL_SESSION,-1471,1
CDR202600070289,IPDR202600127176,PRIMARY_SESSION,-69,1
CDR202600028213,IPDR202600127184,PRIMARY_SESSION,-56,1
CDR202600034210,IPDR202600127208,PRIMARY_SESSION,-46,1
CDR202600002445,IPDR202600127242,PRIMARY_SESSION,-332,1
CDR202600075877,IPDR202600127246,ADDITIONAL_SESSION,-44,1
CDR202600065584,IPDR202600127284,PRIMARY_SESSION,479,1
CDR202600066799,IPDR202600127288,PRIMARY_SESSION,-162,1
CDR202600061039,IPDR202600127295,PRIMARY_SESSION,736,1
CDR202600073210,IPDR202600127317,ADDITIONAL_SESSION,260,1
CDR202600046628,IPDR202600127345,PRIMARY_SESSION,70,1
CDR202600038439,IPDR202600127364,PRIMARY_SESSION,243,1
CDR202600087060,IPDR202600127377,PRIMARY_SESSION,-973,1
CDR202600028827,IPDR202600127395,PRIMARY_SESSION,-20,1
CDR202600026328,IPDR202600127399,PRIMARY_SESSION,53,1
CDR202600019354,IPDR202600127401,PRIMARY_SESSION,-1559,1
CDR202600069983,IPDR202600127405,PRIMARY_SESSION,-312,1
CDR202600072696,IPDR202600127422,ADDITIONAL_SESSION,-323,1
CDR202600038336,IPDR202600127479,ADDITIONAL_SESSION,79,1
CDR202600068463,IPDR202600127485,PRIMARY_SESSION,1225,1
CDR202600031713,IPDR202600127532,PRIMARY_SESSION,-58,1
CDR202600018458,IPDR202600127558,PRIMARY_SESSION,79,1
CDR202600055296,IPDR202600127582,ADDITIONAL_SESSION,-312,1
CDR202600023851,IPDR202600127594,ADDITIONAL_SESSION,487,1
CDR202600045814,IPDR202600127604,PRIMARY_SESSION,-275,1
CDR202600085606,IPDR202600127609,ADDITIONAL_SESSION,54,1
CDR202600026610,IPDR202600127619,ADDITIONAL_SESSION,-100,1
CDR202600045745,IPDR202600127636,PRIMARY_SESSION,-579,1
CDR202600024135,IPDR202600127640,ADDITIONAL_SESSION,-1543,1
CDR202600011214,IPDR202600127650,PRIMARY_SESSION,680,1
CDR202600083997,IPDR202600127656,PRIMARY_SESSION,171,1
CDR202600003542,IPDR202600127661,ADDITIONAL_SESSION,-248,1
CDR202600041444,IPDR202600127680,ADDITIONAL_SESSION,160,1
CDR202600006897,IPDR202600127689,PRIMARY_SESSION,-43,1
CDR202600038397,IPDR202600127690,ADDITIONAL_SESSION,-91,1
CDR202600028844,IPDR202600127695,PRIMARY_SESSION,10,1
CDR202600054567,IPDR202600127697,PRIMARY_SESSION,291,1
CDR202600063812,IPDR202600127702,ADDITIONAL_SESSION,17,1
CDR202600027479,IPDR202600127721,PRIMARY_SESSION,674,1
CDR202600012095,IPDR202600127751,ADDITIONAL_SESSION,182,1
CDR202600000387,IPDR202600127756,ADDITIONAL_SESSION,1233,1
CDR202600023851,IPDR202600127769,PRIMARY_SESSION,-104,1
CDR202600064379,IPDR202600127776,ADDITIONAL_SESSION,1005,1
CDR202600043235,IPDR202600127797,ADDITIONAL_SESSION,13,1
CDR202600069480,IPDR202600127816,ADDITIONAL_SESSION,-268,1
CDR202600033871,IPDR202600127822,ADDITIONAL_SESSION,14,1
CDR202600079627,IPDR202600127825,PRIMARY_SESSION,-134,1
CDR202600005806,IPDR202600127833,PRIMARY_SESSION,-1417,1
CDR202600063483,IPDR202600127835,PRIMARY_SESSION,1560,1
CDR202600060214,IPDR202600127871,PRIMARY_SESSION,271,1
CDR202600087071,IPDR202600127886,ADDITIONAL_SESSION,-415,1
CDR202600082464,IPDR202600127893,ADDITIONAL_SESSION,-50,1
CDR202600036119,IPDR202600127926,ADDITIONAL_SESSION,-1214,1
CDR202600036620,IPDR202600127949,PRIMARY_SESSION,241,1
CDR202600065630,IPDR202600127972,ADDITIONAL_SESSION,-242,1
CDR202600022035,IPDR202600127992,PRIMARY_SESSION,-86,1
CDR202600014140,IPDR202600128038,PRIMARY_SESSION,256,1
CDR202600020261,IPDR202600128041,ADDITIONAL_SESSION,-1163,1
CDR202600054884,IPDR202600128044,ADDITIONAL_SESSION,1105,1
CDR202600030486,IPDR202600128074,PRIMARY_SESSION,372,1
CDR202600051442,IPDR202600128078,ADDITIONAL_SESSION,-215,1
CDR202600029041,IPDR202600128089,ADDITIONAL_SESSION,147,1
CDR202600081851,IPDR202600128094,PRIMARY_SESSION,42,1
CDR202600035870,IPDR202600128095,PRIMARY_SESSION,-854,1
CDR202600064630,IPDR202600128101,PRIMARY_SESSION,-1175,1
CDR202600082192,IPDR202600128155,ADDITIONAL_SESSION,-151,1
CDR202600056532,IPDR202600128184,ADDITIONAL_SESSION,307,1
CDR202600015706,IPDR202600128213,PRIMARY_SESSION,56,1
CDR202600084222,IPDR202600128214,ADDITIONAL_SESSION,-399,1
CDR202600026824,IPDR202600128215,ADDITIONAL_SESSION,-56,1
CDR202600024867,IPDR202600128250,ADDITIONAL_SESSION,201,1
CDR202600080759,IPDR202600128268,ADDITIONAL_SESSION,-152,1
CDR202600066233,IPDR202600128331,PRIMARY_SESSION,-217,1
CDR202600087498,IPDR202600128335,PRIMARY_SESSION,310,1
CDR202600075559,IPDR202600128336,ADDITIONAL_SESSION,24,1
CDR202600079779,IPDR202600128352,ADDITIONAL_SESSION,-41,1
CDR202600033980,IPDR202600128357,ADDITIONAL_SESSION,1391,1
CDR202600087225,IPDR202600128364,ADDITIONAL_SESSION,21,1
CDR202600013409,IPDR202600128368,PRIMARY_SESSION,-236,1
CDR202600008367,IPDR202600128369,PRIMARY_SESSION,-117,1
CDR202600075083,IPDR202600128374,ADDITIONAL_SESSION,111,1
CDR202600002364,IPDR202600128395,PRIMARY_SESSION,-25,1
CDR202600040497,IPDR202600128399,ADDITIONAL_SESSION,407,1
CDR202600077112,IPDR202600128403,PRIMARY_SESSION,-287,1
CDR202600061210,IPDR202600128443,PRIMARY_SESSION,-139,1
CDR202600083054,IPDR202600128471,PRIMARY_SESSION,40,1
CDR202600044566,IPDR202600128482,PRIMARY_SESSION,-252,1
CDR202600058813,IPDR202600128483,ADDITIONAL_SESSION,-3,1
CDR202600040402,IPDR202600128502,ADDITIONAL_SESSION,264,1
CDR202600018060,IPDR202600128517,ADDITIONAL_SESSION,379,1
CDR202600014938,IPDR202600128532,PRIMARY_SESSION,489,1
CDR202600072122,IPDR202600128537,ADDITIONAL_SESSION,-134,1
CDR202600057992,IPDR202600128539,ADDITIONAL_SESSION,674,1
CDR202600036294,IPDR202600128543,PRIMARY_SESSION,827,1
CDR202600028447,IPDR202600128549,PRIMARY_SESSION,-644,1
CDR202600062495,IPDR202600128553,PRIMARY_SESSION,25,1
CDR202600002275,IPDR202600128556,PRIMARY_SESSION,-55,1
CDR202600084821,IPDR202600128567,PRIMARY_SESSION,-1743,1
CDR202600080275,IPDR202600128590,ADDITIONAL_SESSION,-4,1
CDR202600042466,IPDR202600128653,ADDITIONAL_SESSION,282,1
CDR202600034612,IPDR202600128655,PRIMARY_SESSION,-267,1
CDR202600082503,IPDR202600128662,PRIMARY_SESSION,1158,1
CDR202600013686,IPDR202600128664,ADDITIONAL_SESSION,-308,1
CDR202600024691,IPDR202600128679,PRIMARY_SESSION,-329,1
CDR202600018981,IPDR202600128692,ADDITIONAL_SESSION,-362,1
CDR202600012557,IPDR202600128717,ADDITIONAL_SESSION,159,1
CDR202600087715,IPDR202600128733,PRIMARY_SESSION,739,1
CDR202600080759,IPDR202600128789,ADDITIONAL_SESSION,176,1
CDR202600048092,IPDR202600128818,ADDITIONAL_SESSION,1144,1
CDR202600090234,IPDR202600128819,PRIMARY_SESSION,105,1
CDR202600072118,IPDR202600128821,PRIMARY_SESSION,-320,1
CDR202600001427,IPDR202600128849,PRIMARY_SESSION,217,1
CDR202600000495,IPDR202600128868,ADDITIONAL_SESSION,241,1
CDR202600036044,IPDR202600128912,ADDITIONAL_SESSION,-272,1
CDR202600036113,IPDR202600128936,ADDITIONAL_SESSION,-72,1
CDR202600029708,IPDR202600128953,ADDITIONAL_SESSION,32,1
CDR202600036707,IPDR202600128954,PRIMARY_SESSION,-9,1
CDR202600082133,IPDR202600128987,PRIMARY_SESSION,164,1
CDR202600017161,IPDR202600129024,PRIMARY_SESSION,82,1
CDR202600070785,IPDR202600129036,ADDITIONAL_SESSION,-592,1
CDR202600058717,IPDR202600129095,ADDITIONAL_SESSION,12,1
CDR202600059060,IPDR202600129140,PRIMARY_SESSION,219,1
CDR202600017803,IPDR202600129162,PRIMARY_SESSION,718,1
CDR202600078660,IPDR202600129179,PRIMARY_SESSION,-117,1
CDR202600069290,IPDR202600129211,ADDITIONAL_SESSION,69,1
CDR202600055237,IPDR202600129223,ADDITIONAL_SESSION,153,1
CDR202600079616,IPDR202600129259,PRIMARY_SESSION,-1381,1
CDR202600054266,IPDR202600129288,ADDITIONAL_SESSION,-202,1
CDR202600062225,IPDR202600129302,ADDITIONAL_SESSION,-493,1
CDR202600088104,IPDR202600129308,ADDITIONAL_SESSION,413,1
CDR202600042261,IPDR202600129332,PRIMARY_SESSION,876,1
CDR202600038474,IPDR202600129366,PRIMARY_SESSION,-270,1
CDR202600046378,IPDR202600129373,PRIMARY_SESSION,807,1
CDR202600061092,IPDR202600129381,PRIMARY_SESSION,1,1
CDR202600086606,IPDR202600129387,ADDITIONAL_SESSION,-441,1
CDR202600039348,IPDR202600129401,ADDITIONAL_SESSION,-120,1
CDR202600079483,IPDR202600129421,PRIMARY_SESSION,-42,1
CDR202600083626,IPDR202600129429,PRIMARY_SESSION,-808,1
CDR202600077448,IPDR202600129452,PRIMARY_SESSION,-273,1
CDR202600036965,IPDR202600129472,ADDITIONAL_SESSION,-140,1
CDR202600075739,IPDR202600129479,ADDITIONAL_SESSION,-818,1
CDR202600083265,IPDR202600129490,ADDITIONAL_SESSION,571,1
CDR202600044780,IPDR202600129494,PRIMARY_SESSION,503,1
CDR202600029091,IPDR202600129503,PRIMARY_SESSION,359,1
CDR202600046108,IPDR202600129579,ADDITIONAL_SESSION,-273,1
CDR202600015756,IPDR202600129622,ADDITIONAL_SESSION,-245,1
CDR202600038685,IPDR202600129676,PRIMARY_SESSION,432,1
CDR202600088726,IPDR202600129693,PRIMARY_SESSION,698,1
CDR202600040456,IPDR202600129710,PRIMARY_SESSION,699,1
CDR202600022890,IPDR202600129731,PRIMARY_SESSION,222,1
CDR202600088211,IPDR202600129738,PRIMARY_SESSION,247,1
CDR202600016307,IPDR202600129749,PRIMARY_SESSION,-296,1
CDR202600034229,IPDR202600129751,PRIMARY_SESSION,-18,1
CDR202600015525,IPDR202600129753,ADDITIONAL_SESSION,-54,1
CDR202600003165,IPDR202600129757,PRIMARY_SESSION,-89,1
CDR202600044002,IPDR202600129765,PRIMARY_SESSION,186,1
CDR202600082193,IPDR202600129787,PRIMARY_SESSION,1179,1
CDR202600056929,IPDR202600129824,ADDITIONAL_SESSION,-280,1
CDR202600049423,IPDR202600129847,PRIMARY_SESSION,50,1
CDR202600030704,IPDR202600129858,PRIMARY_SESSION,104,1
CDR202600060075,IPDR202600129879,PRIMARY_SESSION,24,1
CDR202600064528,IPDR202600129889,PRIMARY_SESSION,-1221,1
CDR202600073069,IPDR202600129904,ADDITIONAL_SESSION,199,1
CDR202600037180,IPDR202600129911,PRIMARY_SESSION,24,1
CDR202600085115,IPDR202600129940,PRIMARY_SESSION,667,1
CDR202600008348,IPDR202600129958,ADDITIONAL_SESSION,84,1
CDR202600049600,IPDR202600129969,PRIMARY_SESSION,257,1
CDR202600080658,IPDR202600129997,PRIMARY_SESSION,-179,1
CDR202600033530,IPDR202600130005,PRIMARY_SESSION,158,1
CDR202600036850,IPDR202600130030,ADDITIONAL_SESSION,680,1
CDR202600054315,IPDR202600130049,ADDITIONAL_SESSION,6,1
CDR202600083969,IPDR202600130078,ADDITIONAL_SESSION,205,1
CDR202600026703,IPDR202600130084,PRIMARY_SESSION,-830,1
CDR202600065923,IPDR202600130095,PRIMARY_SESSION,-10,1
CDR202600083502,IPDR202600130132,ADDITIONAL_SESSION,-6,1
CDR202600068553,IPDR202600130133,PRIMARY_SESSION,-449,1
CDR202600020904,IPDR202600130178,PRIMARY_SESSION,-632,1
CDR202600016335,IPDR202600130189,PRIMARY_SESSION,-205,1
CDR202600060071,IPDR202600130241,PRIMARY_SESSION,-219,1
CDR202600086047,IPDR202600130306,ADDITIONAL_SESSION,7,1
CDR202600005209,IPDR202600130330,ADDITIONAL_SESSION,13,1
CDR202600071048,IPDR202600130341,ADDITIONAL_SESSION,-426,1
CDR202600082145,IPDR202600130345,ADDITIONAL_SESSION,-29,1
CDR202600051269,IPDR202600130346,PRIMARY_SESSION,-257,1
CDR202600019177,IPDR202600130361,PRIMARY_SESSION,-119,1
CDR202600013828,IPDR202600130426,ADDITIONAL_SESSION,162,1
CDR202600069569,IPDR202600130443,PRIMARY_SESSION,-379,1
CDR202600086931,IPDR202600130460,ADDITIONAL_SESSION,32,1
CDR202600046303,IPDR202600130495,PRIMARY_SESSION,-1573,1
CDR202600084687,IPDR202600130498,PRIMARY_SESSION,331,1
CDR202600012940,IPDR202600130499,ADDITIONAL_SESSION,-395,1
CDR202600017167,IPDR202600130502,ADDITIONAL_SESSION,32,1
CDR202600030037,IPDR202600130506,PRIMARY_SESSION,81,1
CDR202600022664,IPDR202600130509,PRIMARY_SESSION,-126,1
CDR202600085226,IPDR202600130511,PRIMARY_SESSION,24,1
CDR202600089404,IPDR202600130538,PRIMARY_SESSION,586,1
CDR202600032258,IPDR202600130552,PRIMARY_SESSION,-565,1
CDR202600045633,IPDR202600130615,ADDITIONAL_SESSION,52,1
CDR202600039466,IPDR202600130619,PRIMARY_SESSION,-1567,1
CDR202600014006,IPDR202600130656,PRIMARY_SESSION,51,1
CDR202600049275,IPDR202600130689,PRIMARY_SESSION,-402,1
CDR202600051243,IPDR202600130737,PRIMARY_SESSION,-52,1
CDR202600082577,IPDR202600130770,ADDITIONAL_SESSION,-1380,1
CDR202600078195,IPDR202600130771,PRIMARY_SESSION,-19,1
CDR202600024988,IPDR202600130809,ADDITIONAL_SESSION,-1228,1
CDR202600037439,IPDR202600130816,PRIMARY_SESSION,202,1
CDR202600074165,IPDR202600130832,PRIMARY_SESSION,-804,1
CDR202600049432,IPDR202600130835,PRIMARY_SESSION,39,1
CDR202600009451,IPDR202600130901,PRIMARY_SESSION,19,1
CDR202600080366,IPDR202600130924,PRIMARY_SESSION,1779,1
CDR202600085282,IPDR202600130942,PRIMARY_SESSION,210,1
CDR202600049282,IPDR202600130956,PRIMARY_SESSION,-439,1
CDR202600015666,IPDR202600130957,PRIMARY_SESSION,-25,1
CDR202600089666,IPDR202600130971,ADDITIONAL_SESSION,-220,1
CDR202600057884,IPDR202600131003,ADDITIONAL_SESSION,-551,1
CDR202600082413,IPDR202600131023,ADDITIONAL_SESSION,28,1
CDR202600007454,IPDR202600131032,PRIMARY_SESSION,-220,1
CDR202600068229,IPDR202600131053,ADDITIONAL_SESSION,55,1
CDR202600090220,IPDR202600131078,PRIMARY_SESSION,1282,1
CDR202600052488,IPDR202600131099,ADDITIONAL_SESSION,206,1
CDR202600060740,IPDR202600131102,ADDITIONAL_SESSION,-40,1
CDR202600058717,IPDR202600131156,ADDITIONAL_SESSION,-44,1
CDR202600090276,IPDR202600131248,PRIMARY_SESSION,-10,1
CDR202600007142,IPDR202600131315,PRIMARY_SESSION,-104,1
CDR202600072772,IPDR202600131327,ADDITIONAL_SESSION,-19,1
CDR202600049752,IPDR202600131330,PRIMARY_SESSION,-200,1
CDR202600015152,IPDR202600131340,ADDITIONAL_SESSION,3,1
CDR202600077969,IPDR202600131358,PRIMARY_SESSION,161,1
CDR202600030078,IPDR202600131383,ADDITIONAL_SESSION,427,1
CDR202600066077,IPDR202600131427,PRIMARY_SESSION,-14,1
CDR202600084273,IPDR202600131444,ADDITIONAL_SESSION,-507,1
CDR202600066157,IPDR202600131467,ADDITIONAL_SESSION,273,1
CDR202600074628,IPDR202600131498,PRIMARY_SESSION,-394,1
CDR202600082090,IPDR202600131508,ADDITIONAL_SESSION,139,1
CDR202600008357,IPDR202600131557,PRIMARY_SESSION,-105,1
CDR202600008475,IPDR202600131562,PRIMARY_SESSION,-823,1
CDR202600031308,IPDR202600131564,ADDITIONAL_SESSION,751,1
CDR202600013302,IPDR202600131569,ADDITIONAL_SESSION,-6,1
CDR202600019051,IPDR202600131570,PRIMARY_SESSION,81,1
CDR202600025001,IPDR202600131671,ADDITIONAL_SESSION,156,1
CDR202600002511,IPDR202600131672,ADDITIONAL_SESSION,209,1
CDR202600049322,IPDR202600131680,PRIMARY_SESSION,295,1
CDR202600026076,IPDR202600131687,ADDITIONAL_SESSION,-178,1
CDR202600049987,IPDR202600131697,PRIMARY_SESSION,703,1
CDR202600011129,IPDR202600131715,PRIMARY_SESSION,52,1
CDR202600063327,IPDR202600131759,PRIMARY_SESSION,-775,1
CDR202600085653,IPDR202600131773,PRIMARY_SESSION,-244,1
CDR202600048856,IPDR202600131785,ADDITIONAL_SESSION,179,1
CDR202600077666,IPDR202600131800,PRIMARY_SESSION,8,1
CDR202600006384,IPDR202600131836,PRIMARY_SESSION,-57,1
CDR202600061153,IPDR202600131850,PRIMARY_SESSION,258,1
CDR202600043861,IPDR202600131891,ADDITIONAL_SESSION,256,1
CDR202600079877,IPDR202600131901,PRIMARY_SESSION,582,1
CDR202600076044,IPDR202600131911,ADDITIONAL_SESSION,150,1
CDR202600024558,IPDR202600131944,ADDITIONAL_SESSION,-405,1
CDR202600062989,IPDR202600131972,PRIMARY_SESSION,-142,1
CDR202600046955,IPDR202600132024,ADDITIONAL_SESSION,-198,1
CDR202600026983,IPDR202600132059,ADDITIONAL_SESSION,1098,1
CDR202600080839,IPDR202600132076,PRIMARY_SESSION,4,1
CDR202600045254,IPDR202600132096,PRIMARY_SESSION,292,1
CDR202600070422,IPDR202600132101,ADDITIONAL_SESSION,-84,1
CDR202600061899,IPDR202600132103,PRIMARY_SESSION,593,1
CDR202600052188,IPDR202600132158,PRIMARY_SESSION,40,1
CDR202600041239,IPDR202600132162,ADDITIONAL_SESSION,3,1
CDR202600088988,IPDR202600132177,PRIMARY_SESSION,-88,1
CDR202600040364,IPDR202600132180,ADDITIONAL_SESSION,1424,1
CDR202600053920,IPDR202600132198,PRIMARY_SESSION,-180,1
CDR202600036044,IPDR202600132232,PRIMARY_SESSION,-84,1
CDR202600012323,IPDR202600132286,PRIMARY_SESSION,-841,1
CDR202600083575,IPDR202600132317,PRIMARY_SESSION,126,1
CDR202600022679,IPDR202600132359,PRIMARY_SESSION,-9,1
CDR202600074405,IPDR202600132366,PRIMARY_SESSION,-41,1
CDR202600051243,IPDR202600132388,ADDITIONAL_SESSION,-851,1
CDR202600075359,IPDR202600132391,PRIMARY_SESSION,172,1
CDR202600057026,IPDR202600132431,ADDITIONAL_SESSION,203,1
CDR202600010087,IPDR202600132440,PRIMARY_SESSION,-24,1
CDR202600059519,IPDR202600132475,PRIMARY_SESSION,49,1
CDR202600030493,IPDR202600132478,PRIMARY_SESSION,22,1
CDR202600074963,IPDR202600132510,PRIMARY_SESSION,-586,1
CDR202600064976,IPDR202600132546,PRIMARY_SESSION,8,1
CDR202600010115,IPDR202600132549,ADDITIONAL_SESSION,108,1
CDR202600082493,IPDR202600132568,PRIMARY_SESSION,-151,1
CDR202600034876,IPDR202600132570,ADDITIONAL_SESSION,22,1
CDR202600060323,IPDR202600132590,PRIMARY_SESSION,-282,1
CDR202600020934,IPDR202600132599,PRIMARY_SESSION,847,1
CDR202600080839,IPDR202600132638,ADDITIONAL_SESSION,-235,1
CDR202600020360,IPDR202600132643,PRIMARY_SESSION,60,1
CDR202600018557,IPDR202600132706,ADDITIONAL_SESSION,-608,1
CDR202600065137,IPDR202600132719,PRIMARY_SESSION,252,1
CDR202600062106,IPDR202600132730,PRIMARY_SESSION,1263,1
CDR202600080337,IPDR202600132818,PRIMARY_SESSION,55,1
CDR202600025182,IPDR202600132915,PRIMARY_SESSION,157,1
CDR202600042444,IPDR202600132930,PRIMARY_SESSION,-186,1
CDR202600067348,IPDR202600132933,PRIMARY_SESSION,183,1
CDR202600055888,IPDR202600132953,ADDITIONAL_SESSION,18,1
CDR202600020832,IPDR202600132962,ADDITIONAL_SESSION,-467,1
CDR202600034435,IPDR202600132967,ADDITIONAL_SESSION,-1341,1
CDR202600065220,IPDR202600132968,PRIMARY_SESSION,-645,1
CDR202600057545,IPDR202600132983,ADDITIONAL_SESSION,291,1
CDR202600034067,IPDR202600132999,ADDITIONAL_SESSION,234,1
CDR202600012510,IPDR202600133043,PRIMARY_SESSION,69,1
CDR202600080786,IPDR202600133046,ADDITIONAL_SESSION,176,1
CDR202600033626,IPDR202600133051,PRIMARY_SESSION,-632,1
CDR202600020140,IPDR202600133060,PRIMARY_SESSION,60,1
CDR202600042537,IPDR202600133062,PRIMARY_SESSION,-52,1
CDR202600002991,IPDR202600133098,PRIMARY_SESSION,-39,1
CDR202600043551,IPDR202600133106,PRIMARY_SESSION,-185,1
CDR202600074624,IPDR202600133124,PRIMARY_SESSION,531,1
CDR202600010804,IPDR202600133132,PRIMARY_SESSION,22,1
CDR202600061770,IPDR202600133135,ADDITIONAL_SESSION,75,1
CDR202600080751,IPDR202600133140,ADDITIONAL_SESSION,1196,1
CDR202600059798,IPDR202600133157,PRIMARY_SESSION,-1376,1
CDR202600084339,IPDR202600133171,ADDITIONAL_SESSION,-696,1
CDR202600083626,IPDR202600133179,ADDITIONAL_SESSION,-374,1
CDR202600055237,IPDR202600133182,PRIMARY_SESSION,-890,1
CDR202600002752,IPDR202600133188,ADDITIONAL_SESSION,-260,1
CDR202600011270,IPDR202600133208,PRIMARY_SESSION,16,1
CDR202600059957,IPDR202600133222,ADDITIONAL_SESSION,16,1
CDR202600028504,IPDR202600133227,PRIMARY_SESSION,-402,1
CDR202600002037,IPDR202600133232,PRIMARY_SESSION,-21,1
CDR202600054154,IPDR202600133240,PRIMARY_SESSION,43,1
CDR202600037719,IPDR202600133246,ADDITIONAL_SESSION,184,1
CDR202600016843,IPDR202600133255,PRIMARY_SESSION,266,1
CDR202600073603,IPDR202600133296,PRIMARY_SESSION,-66,1
CDR202600048173,IPDR202600133299,PRIMARY_SESSION,1605,1
CDR202600045132,IPDR202600133302,PRIMARY_SESSION,-385,1
CDR202600015994,IPDR202600133325,PRIMARY_SESSION,-717,1
CDR202600061803,IPDR202600133334,PRIMARY_SESSION,-44,1
CDR202600058148,IPDR202600133342,PRIMARY_SESSION,-280,1
CDR202600060097,IPDR202600133399,ADDITIONAL_SESSION,-236,1
CDR202600043038,IPDR202600133401,PRIMARY_SESSION,59,1
CDR202600014581,IPDR202600133462,PRIMARY_SESSION,80,1
CDR202600087539,IPDR202600133465,ADDITIONAL_SESSION,-170,1
CDR202600058372,IPDR202600133477,PRIMARY_SESSION,-579,1
CDR202600023769,IPDR202600133496,ADDITIONAL_SESSION,-1143,1
CDR202600034258,IPDR202600133506,ADDITIONAL_SESSION,-466,1
CDR202600039390,IPDR202600133524,PRIMARY_SESSION,-1483,1
CDR202600070856,IPDR202600133536,PRIMARY_SESSION,440,1
CDR202600082990,IPDR202600133551,PRIMARY_SESSION,51,1
CDR202600035845,IPDR202600133584,PRIMARY_SESSION,-232,1
CDR202600010703,IPDR202600133606,PRIMARY_SESSION,1432,1
CDR202600086154,IPDR202600133615,PRIMARY_SESSION,-1464,1
CDR202600069820,IPDR202600133621,ADDITIONAL_SESSION,-30,1
CDR202600000786,IPDR202600133629,ADDITIONAL_SESSION,-51,1
CDR202600043235,IPDR202600133643,ADDITIONAL_SESSION,-1502,1
CDR202600057898,IPDR202600133670,PRIMARY_SESSION,-43,1
CDR202600075379,IPDR202600133702,ADDITIONAL_SESSION,-221,1
CDR202600003198,IPDR202600133708,PRIMARY_SESSION,-22,1
CDR202600079725,IPDR202600133733,PRIMARY_SESSION,-1747,1
CDR202600023185,IPDR202600133734,PRIMARY_SESSION,-84,1
CDR202600073477,IPDR202600133776,PRIMARY_SESSION,-846,1
CDR202600056921,IPDR202600133780,ADDITIONAL_SESSION,869,1
CDR202600000719,IPDR202600133783,ADDITIONAL_SESSION,555,1
CDR202600016010,IPDR202600133815,PRIMARY_SESSION,53,1
CDR202600022070,IPDR202600133822,PRIMARY_SESSION,-1284,1
CDR202600020922,IPDR202600133827,PRIMARY_SESSION,-289,1
CDR202600047897,IPDR202600133836,PRIMARY_SESSION,239,1
CDR202600072804,IPDR202600133838,PRIMARY_SESSION,119,1
CDR202600077965,IPDR202600133902,PRIMARY_SESSION,199,1
CDR202600059331,IPDR202600133959,PRIMARY_SESSION,37,1
CDR202600060399,IPDR202600133987,PRIMARY_SESSION,266,1
CDR202600033290,IPDR202600134034,ADDITIONAL_SESSION,-20,1
CDR202600019782,IPDR202600134037,ADDITIONAL_SESSION,363,1
CDR202600052365,IPDR202600134049,PRIMARY_SESSION,144,1
CDR202600041592,IPDR202600134082,PRIMARY_SESSION,290,1
CDR202600082336,IPDR202600134105,PRIMARY_SESSION,-49,1
CDR202600089666,IPDR202600134129,ADDITIONAL_SESSION,199,1
CDR202600075804,IPDR202600134167,PRIMARY_SESSION,-52,1
CDR202600011619,IPDR202600134169,PRIMARY_SESSION,368,1
CDR202600057304,IPDR202600134175,ADDITIONAL_SESSION,101,1
CDR202600020181,IPDR202600134189,PRIMARY_SESSION,47,1
CDR202600084044,IPDR202600134227,PRIMARY_SESSION,-113,1
CDR202600046303,IPDR202600134239,ADDITIONAL_SESSION,-43,1
CDR202600055617,IPDR202600134282,PRIMARY_SESSION,51,1
CDR202600029748,IPDR202600134289,ADDITIONAL_SESSION,90,1
CDR202600054543,IPDR202600134314,ADDITIONAL_SESSION,-1032,1
CDR202600029748,IPDR202600134324,ADDITIONAL_SESSION,-405,1
CDR202600089207,IPDR202600134346,PRIMARY_SESSION,642,1
CDR202600075407,IPDR202600134347,ADDITIONAL_SESSION,-416,1
CDR202600016274,IPDR202600134360,PRIMARY_SESSION,64,1
CDR202600008262,IPDR202600134370,PRIMARY_SESSION,-822,1
CDR202600021911,IPDR202600134378,PRIMARY_SESSION,106,1
CDR202600079919,IPDR202600134380,PRIMARY_SESSION,298,1
CDR202600013353,IPDR202600134389,PRIMARY_SESSION,-48,1
CDR202600021016,IPDR202600134391,PRIMARY_SESSION,207,1
CDR202600027588,IPDR202600134405,ADDITIONAL_SESSION,123,1
CDR202600037180,IPDR202600134411,ADDITIONAL_SESSION,-855,1
CDR202600086533,IPDR202600134419,PRIMARY_SESSION,-374,1
CDR202600007275,IPDR202600134434,ADDITIONAL_SESSION,-93,1
CDR202600017482,IPDR202600134494,PRIMARY_SESSION,-799,1
CDR202600005965,IPDR202600134517,ADDITIONAL_SESSION,-9,1
CDR202600077577,IPDR202600134525,ADDITIONAL_SESSION,-6,1
CDR202600065151,IPDR202600134546,ADDITIONAL_SESSION,49,1
CDR202600049684,IPDR202600134561,PRIMARY_SESSION,-25,1
CDR202600078470,IPDR202600134576,PRIMARY_SESSION,736,1
CDR202600017083,IPDR202600134582,ADDITIONAL_SESSION,-214,1
CDR202600035115,IPDR202600134594,PRIMARY_SESSION,-12,1
CDR202600065907,IPDR202600134598,ADDITIONAL_SESSION,-173,1
CDR202600080469,IPDR202600134606,PRIMARY_SESSION,-260,1
CDR202600026623,IPDR202600134607,PRIMARY_SESSION,-1161,1
CDR202600009813,IPDR202600134616,PRIMARY_SESSION,-540,1
CDR202600081777,IPDR202600134652,ADDITIONAL_SESSION,295,1
CDR202600011831,IPDR202600134653,PRIMARY_SESSION,-292,1
CDR202600075011,IPDR202600134675,PRIMARY_SESSION,1,1
CDR202600032258,IPDR202600134678,ADDITIONAL_SESSION,602,1
CDR202600056682,IPDR202600134698,PRIMARY_SESSION,416,1
CDR202600054038,IPDR202600134701,ADDITIONAL_SESSION,570,1
CDR202600016301,IPDR202600134760,PRIMARY_SESSION,-74,1
CDR202600075101,IPDR202600134764,PRIMARY_SESSION,378,1
CDR202600088845,IPDR202600134770,ADDITIONAL_SESSION,-480,1
CDR202600086082,IPDR202600134771,PRIMARY_SESSION,-141,1
CDR202600033132,IPDR202600134786,PRIMARY_SESSION,1530,1
CDR202600056150,IPDR202600134788,PRIMARY_SESSION,274,1
CDR202600040573,IPDR202600134806,PRIMARY_SESSION,21,1
CDR202600037538,IPDR202600134828,PRIMARY_SESSION,-662,1
CDR202600054558,IPDR202600134866,PRIMARY_SESSION,-416,1
CDR202600073445,IPDR202600134878,PRIMARY_SESSION,-801,1
CDR202600038561,IPDR202600134880,ADDITIONAL_SESSION,-384,1
CDR202600058921,IPDR202600134924,PRIMARY_SESSION,289,1
CDR202600083988,IPDR202600134965,ADDITIONAL_SESSION,143,1
CDR202600041698,IPDR202600134991,PRIMARY_SESSION,-705,1
CDR202600008206,IPDR202600134996,PRIMARY_SESSION,259,1
CDR202600066506,IPDR202600135045,PRIMARY_SESSION,260,1
CDR202600074612,IPDR202600135048,ADDITIONAL_SESSION,833,1
CDR202600078360,IPDR202600135117,ADDITIONAL_SESSION,-233,1
CDR202600055903,IPDR202600135126,ADDITIONAL_SESSION,35,1
CDR202600073470,IPDR202600135139,PRIMARY_SESSION,-42,1
CDR202600054973,IPDR202600135146,PRIMARY_SESSION,-811,1
CDR202600042153,IPDR202600135169,PRIMARY_SESSION,6,1
CDR202600033790,IPDR202600135171,PRIMARY_SESSION,25,1
CDR202600054120,IPDR202600135175,ADDITIONAL_SESSION,-49,1
CDR202600084886,IPDR202600135190,PRIMARY_SESSION,395,1
CDR202600051965,IPDR202600135192,PRIMARY_SESSION,-563,1
CDR202600040291,IPDR202600135241,PRIMARY_SESSION,41,1
CDR202600075097,IPDR202600135259,PRIMARY_SESSION,-1341,1
CDR202600014291,IPDR202600135288,PRIMARY_SESSION,90,1
CDR202600022303,IPDR202600135343,PRIMARY_SESSION,-255,1
CDR202600004527,IPDR202600135365,PRIMARY_SESSION,324,1
CDR202600035506,IPDR202600135366,ADDITIONAL_SESSION,-38,1
CDR202600070956,IPDR202600135381,PRIMARY_SESSION,863,1
CDR202600060004,IPDR202600135413,PRIMARY_SESSION,-91,1
CDR202600071775,IPDR202600135415,ADDITIONAL_SESSION,-431,1
CDR202600012333,IPDR202600135419,PRIMARY_SESSION,-38,1
CDR202600060860,IPDR202600135422,PRIMARY_SESSION,-203,1
CDR202600067194,IPDR202600135512,PRIMARY_SESSION,-244,1
CDR202600027014,IPDR202600135522,PRIMARY_SESSION,16,1
CDR202600035538,IPDR202600135537,PRIMARY_SESSION,-738,1
CDR202600000786,IPDR202600135553,PRIMARY_SESSION,192,1
CDR202600087948,IPDR202600135577,PRIMARY_SESSION,33,1
CDR202600003391,IPDR202600135589,PRIMARY_SESSION,46,1
CDR202600003556,IPDR202600135601,ADDITIONAL_SESSION,126,1
CDR202600003053,IPDR202600135612,PRIMARY_SESSION,-250,1
CDR202600067951,IPDR202600135613,PRIMARY_SESSION,-25,1
CDR202600025404,IPDR202600135629,PRIMARY_SESSION,-29,1
CDR202600082577,IPDR202600135632,PRIMARY_SESSION,37,1
CDR202600038731,IPDR202600135672,PRIMARY_SESSION,-3,1
CDR202600041900,IPDR202600135677,PRIMARY_SESSION,894,1
CDR202600031575,IPDR202600135681,ADDITIONAL_SESSION,630,1
CDR202600053238,IPDR202600135693,PRIMARY_SESSION,-250,1
CDR202600080657,IPDR202600135719,ADDITIONAL_SESSION,51,1
CDR202600025001,IPDR202600135742,PRIMARY_SESSION,426,1
CDR202600040514,IPDR202600135763,PRIMARY_SESSION,-1016,1
CDR202600080328,IPDR202600135819,PRIMARY_SESSION,-190,1
CDR202600061817,IPDR202600135841,PRIMARY_SESSION,60,1
CDR202600087264,IPDR202600135860,PRIMARY_SESSION,-180,1
CDR202600030431,IPDR202600135917,ADDITIONAL_SESSION,-491,1
CDR202600040509,IPDR202600135934,ADDITIONAL_SESSION,-671,1
CDR202600080786,IPDR202600135946,ADDITIONAL_SESSION,93,1
CDR202600061069,IPDR202600135955,PRIMARY_SESSION,-166,1
CDR202600005435,IPDR202600135968,PRIMARY_SESSION,-1047,1
CDR202600048554,IPDR202600135972,ADDITIONAL_SESSION,321,1
CDR202600072106,IPDR202600135991,ADDITIONAL_SESSION,-213,1
CDR202600036689,IPDR202600136007,ADDITIONAL_SESSION,-548,1
CDR202600087054,IPDR202600136080,ADDITIONAL_SESSION,-297,1
CDR202600038041,IPDR202600136102,PRIMARY_SESSION,759,1
CDR202600020093,IPDR202600136111,PRIMARY_SESSION,20,1
CDR202600015819,IPDR202600136153,ADDITIONAL_SESSION,-51,1
CDR202600035156,IPDR202600136154,PRIMARY_SESSION,-1239,1
CDR202600042524,IPDR202600136169,PRIMARY_SESSION,-927,1
CDR202600025863,IPDR202600136185,ADDITIONAL_SESSION,194,1
CDR202600002511,IPDR202600136196,PRIMARY_SESSION,-523,1
CDR202600031147,IPDR202600136209,PRIMARY_SESSION,150,1
CDR202600087904,IPDR202600136216,PRIMARY_SESSION,-391,1
CDR202600062224,IPDR202600136223,ADDITIONAL_SESSION,-56,1
CDR202600055043,IPDR202600136228,PRIMARY_SESSION,-272,1
CDR202600070213,IPDR202600136229,PRIMARY_SESSION,-179,1
CDR202600051218,IPDR202600136249,PRIMARY_SESSION,129,1
CDR202600063677,IPDR202600136265,PRIMARY_SESSION,505,1
CDR202600031763,IPDR202600136281,PRIMARY_SESSION,-667,1
CDR202600084425,IPDR202600136316,PRIMARY_SESSION,-14,1
CDR202600024135,IPDR202600136325,PRIMARY_SESSION,-255,1
CDR202600009583,IPDR202600136326,PRIMARY_SESSION,-1281,1
CDR202600088957,IPDR202600136331,ADDITIONAL_SESSION,-462,1
CDR202600046743,IPDR202600136350,ADDITIONAL_SESSION,954,1
CDR202600065507,IPDR202600136361,PRIMARY_SESSION,-48,1
CDR202600010851,IPDR202600136409,PRIMARY_SESSION,-722,1
CDR202600063834,IPDR202600136427,PRIMARY_SESSION,166,1
CDR202600060746,IPDR202600136429,PRIMARY_SESSION,251,1
CDR202600063407,IPDR202600136444,PRIMARY_SESSION,-267,1
CDR202600082790,IPDR202600136449,ADDITIONAL_SESSION,82,1
CDR202600013832,IPDR202600136450,PRIMARY_SESSION,256,1
CDR202600056684,IPDR202600136456,PRIMARY_SESSION,-6,1
CDR202600031428,IPDR202600136477,PRIMARY_SESSION,50,1
CDR202600044283,IPDR202600136487,PRIMARY_SESSION,401,1
CDR202600026465,IPDR202600136530,ADDITIONAL_SESSION,23,1
CDR202600036207,IPDR202600136538,PRIMARY_SESSION,-99,1
CDR202600080765,IPDR202600136563,PRIMARY_SESSION,626,1
CDR202600005245,IPDR202600136576,PRIMARY_SESSION,-440,1
CDR202600027889,IPDR202600136597,PRIMARY_SESSION,324,1
CDR202600076978,IPDR202600136608,ADDITIONAL_SESSION,-234,1
CDR202600009179,IPDR202600136634,PRIMARY_SESSION,-782,1
CDR202600084347,IPDR202600136647,PRIMARY_SESSION,-119,1
CDR202600042549,IPDR202600136653,ADDITIONAL_SESSION,1443,1
CDR202600058431,IPDR202600136670,PRIMARY_SESSION,-549,1
CDR202600032488,IPDR202600136675,PRIMARY_SESSION,-94,1
CDR202600007634,IPDR202600136677,PRIMARY_SESSION,-366,1
CDR202600070573,IPDR202600136695,ADDITIONAL_SESSION,-542,1
CDR202600003245,IPDR202600136713,PRIMARY_SESSION,-369,1
CDR202600081635,IPDR202600136730,PRIMARY_SESSION,727,1
CDR202600030920,IPDR202600136749,PRIMARY_SESSION,-27,1
CDR202600023813,IPDR202600136787,PRIMARY_SESSION,-109,1
CDR202600034367,IPDR202600136794,ADDITIONAL_SESSION,-226,1
CDR202600057949,IPDR202600136805,PRIMARY_SESSION,281,1
CDR202600042131,IPDR202600136825,ADDITIONAL_SESSION,83,1
CDR202600038361,IPDR202600136852,ADDITIONAL_SESSION,162,1
CDR202600068645,IPDR202600136856,ADDITIONAL_SESSION,-453,1
CDR202600084956,IPDR202600136879,ADDITIONAL_SESSION,-548,1
CDR202600077297,IPDR202600136893,PRIMARY_SESSION,-34,1
CDR202600051864,IPDR202600136895,ADDITIONAL_SESSION,-124,1
CDR202600019413,IPDR202600136900,PRIMARY_SESSION,-257,1
CDR202600057884,IPDR202600136923,PRIMARY_SESSION,32,1
CDR202600014154,IPDR202600136928,PRIMARY_SESSION,-35,1
CDR202600030540,IPDR202600136934,PRIMARY_SESSION,279,1
CDR202600069798,IPDR202600136939,ADDITIONAL_SESSION,-115,1
CDR202600082090,IPDR202600136942,PRIMARY_SESSION,-207,1
CDR202600089477,IPDR202600136949,ADDITIONAL_SESSION,16,1
CDR202600037460,IPDR202600136962,ADDITIONAL_SESSION,-44,1
CDR202600008924,IPDR202600136982,PRIMARY_SESSION,971,1
CDR202600041382,IPDR202600136983,PRIMARY_SESSION,-684,1
CDR202600051469,IPDR202600137010,ADDITIONAL_SESSION,-196,1
CDR202600054858,IPDR202600137045,ADDITIONAL_SESSION,34,1
CDR202600089732,IPDR202600137084,PRIMARY_SESSION,712,1
CDR202600084961,IPDR202600137096,PRIMARY_SESSION,24,1
CDR202600015761,IPDR202600137118,ADDITIONAL_SESSION,-884,1
CDR202600014272,IPDR202600137120,PRIMARY_SESSION,-9,1
CDR202600003621,IPDR202600137134,PRIMARY_SESSION,-270,1
CDR202600062733,IPDR202600137143,ADDITIONAL_SESSION,213,1
CDR202600044783,IPDR202600137149,ADDITIONAL_SESSION,-249,1
CDR202600045226,IPDR202600137157,PRIMARY_SESSION,1545,1
CDR202600035188,IPDR202600137158,ADDITIONAL_SESSION,14,1
CDR202600045140,IPDR202600137164,ADDITIONAL_SESSION,13,1
CDR202600053164,IPDR202600137182,ADDITIONAL_SESSION,-13,1
CDR202600017695,IPDR202600137201,PRIMARY_SESSION,-1194,1
CDR202600009622,IPDR202600137216,PRIMARY_SESSION,-292,1
CDR202600058569,IPDR202600137230,PRIMARY_SESSION,261,1
CDR202600013669,IPDR202600137243,PRIMARY_SESSION,-285,1
CDR202600085542,IPDR202600137246,ADDITIONAL_SESSION,-123,1
CDR202600069643,IPDR202600137250,PRIMARY_SESSION,-1378,1
CDR202600026456,IPDR202600137252,PRIMARY_SESSION,-1011,1
CDR202600068463,IPDR202600137278,ADDITIONAL_SESSION,767,1
CDR202600026415,IPDR202600137334,PRIMARY_SESSION,-1451,1
CDR202600065818,IPDR202600137339,PRIMARY_SESSION,-3,1
CDR202600053639,IPDR202600137348,PRIMARY_SESSION,-83,1
CDR202600032661,IPDR202600137376,ADDITIONAL_SESSION,12,1
CDR202600029647,IPDR202600137385,PRIMARY_SESSION,161,1
CDR202600083187,IPDR202600137389,PRIMARY_SESSION,158,1
CDR202600002606,IPDR202600137394,PRIMARY_SESSION,704,1
CDR202600039348,IPDR202600137415,PRIMARY_SESSION,-287,1
CDR202600088716,IPDR202600137417,PRIMARY_SESSION,-270,1
CDR202600045226,IPDR202600137467,ADDITIONAL_SESSION,-406,1
CDR202600012671,IPDR202600137469,PRIMARY_SESSION,-78,1
CDR202600030636,IPDR202600137479,PRIMARY_SESSION,-20,1
CDR202600010835,IPDR202600137485,ADDITIONAL_SESSION,261,1
CDR202600079488,IPDR202600137486,PRIMARY_SESSION,-85,1
CDR202600041852,IPDR202600137518,PRIMARY_SESSION,257,1
CDR202600051659,IPDR202600137533,ADDITIONAL_SESSION,219,1
CDR202600088844,IPDR202600137548,PRIMARY_SESSION,92,1
CDR202600024175,IPDR202600137561,ADDITIONAL_SESSION,-830,1
CDR202600077954,IPDR202600137573,PRIMARY_SESSION,-1,1
CDR202600030078,IPDR202600137603,ADDITIONAL_SESSION,567,1
CDR202600041823,IPDR202600137609,PRIMARY_SESSION,188,1
CDR202600057129,IPDR202600137626,ADDITIONAL_SESSION,-495,1
CDR202600023889,IPDR202600137629,PRIMARY_SESSION,41,1
CDR202600047418,IPDR202600137642,PRIMARY_SESSION,-192,1
CDR202600002296,IPDR202600137675,PRIMARY_SESSION,185,1
CDR202600085542,IPDR202600137699,ADDITIONAL_SESSION,-427,1
CDR202600025619,IPDR202600137707,PRIMARY_SESSION,-65,1
CDR202600051717,IPDR202600137720,PRIMARY_SESSION,-154,1
CDR202600041164,IPDR202600137723,PRIMARY_SESSION,-821,1
CDR202600073652,IPDR202600137726,PRIMARY_SESSION,-217,1
CDR202600036424,IPDR202600137727,PRIMARY_SESSION,-98,1
CDR202600041566,IPDR202600137739,PRIMARY_SESSION,129,1
CDR202600006399,IPDR202600137798,ADDITIONAL_SESSION,50,1
CDR202600087455,IPDR202600137810,PRIMARY_SESSION,58,1
CDR202600011076,IPDR202600137815,PRIMARY_SESSION,-275,1
CDR202600085644,IPDR202600137856,PRIMARY_SESSION,110,1
CDR202600065907,IPDR202600137873,PRIMARY_SESSION,138,1
CDR202600047303,IPDR202600137888,PRIMARY_SESSION,279,1
CDR202600004147,IPDR202600137903,PRIMARY_SESSION,-44,1
CDR202600001508,IPDR202600137909,PRIMARY_SESSION,196,1
CDR202600080108,IPDR202600137919,ADDITIONAL_SESSION,346,1
CDR202600011576,IPDR202600137946,PRIMARY_SESSION,-849,1
CDR202600054445,IPDR202600137960,ADDITIONAL_SESSION,1556,1
CDR202600024439,IPDR202600137974,PRIMARY_SESSION,-544,1
CDR202600074325,IPDR202600137978,ADDITIONAL_SESSION,-72,1
CDR202600035294,IPDR202600137997,ADDITIONAL_SESSION,-1438,1
CDR202600019255,IPDR202600138007,ADDITIONAL_SESSION,712,1
CDR202600020703,IPDR202600138032,PRIMARY_SESSION,-296,1
CDR202600052700,IPDR202600138048,PRIMARY_SESSION,-658,1
CDR202600030008,IPDR202600138081,ADDITIONAL_SESSION,156,1
CDR202600015761,IPDR202600138109,PRIMARY_SESSION,230,1
CDR202600070578,IPDR202600138119,PRIMARY_SESSION,741,1
CDR202600018323,IPDR202600138122,PRIMARY_SESSION,-169,1
CDR202600059903,IPDR202600138127,PRIMARY_SESSION,-194,1
CDR202600088147,IPDR202600138157,PRIMARY_SESSION,-805,1
CDR202600045382,IPDR202600138162,ADDITIONAL_SESSION,89,1
CDR202600072192,IPDR202600138163,PRIMARY_SESSION,-41,1
CDR202600022910,IPDR202600138206,PRIMARY_SESSION,295,1
CDR202600020832,IPDR202600138213,PRIMARY_SESSION,-802,1
CDR202600024278,IPDR202600138263,PRIMARY_SESSION,-40,1
CDR202600017399,IPDR202600138281,PRIMARY_SESSION,-234,1
CDR202600024756,IPDR202600138293,ADDITIONAL_SESSION,890,1
CDR202600081685,IPDR202600138295,ADDITIONAL_SESSION,-862,1
CDR202600049307,IPDR202600138334,PRIMARY_SESSION,-1512,1
CDR202600000767,IPDR202600138363,PRIMARY_SESSION,59,1
CDR202600017025,IPDR202600138383,PRIMARY_SESSION,-1502,1
CDR202600000054,IPDR202600138431,ADDITIONAL_SESSION,-29,1
CDR202600007069,IPDR202600138434,PRIMARY_SESSION,15,1
CDR202600010799,IPDR202600138489,ADDITIONAL_SESSION,-844,1
CDR202600072190,IPDR202600138500,PRIMARY_SESSION,831,1
CDR202600002317,IPDR202600138501,PRIMARY_SESSION,-40,1
CDR202600070722,IPDR202600138509,PRIMARY_SESSION,-3,1
CDR202600087653,IPDR202600138524,ADDITIONAL_SESSION,200,1
CDR202600024090,IPDR202600138531,PRIMARY_SESSION,-1153,1
CDR202600034940,IPDR202600138537,PRIMARY_SESSION,325,1
CDR202600042165,IPDR202600138552,ADDITIONAL_SESSION,-1550,1
CDR202600033899,IPDR202600138581,ADDITIONAL_SESSION,-59,1
CDR202600002148,IPDR202600138582,PRIMARY_SESSION,-22,1
CDR202600010072,IPDR202600138588,PRIMARY_SESSION,544,1
CDR202600026198,IPDR202600138594,PRIMARY_SESSION,-54,1
CDR202600052786,IPDR202600138596,PRIMARY_SESSION,-1050,1
CDR202600023863,IPDR202600138598,PRIMARY_SESSION,-265,1
CDR202600000861,IPDR202600138602,PRIMARY_SESSION,39,1
CDR202600054332,IPDR202600138627,PRIMARY_SESSION,856,1
CDR202600015560,IPDR202600138644,PRIMARY_SESSION,-284,1
CDR202600077677,IPDR202600138661,PRIMARY_SESSION,-52,1
CDR202600044623,IPDR202600138685,PRIMARY_SESSION,-145,1
CDR202600056215,IPDR202600138689,PRIMARY_SESSION,-441,1
CDR202600059068,IPDR202600138691,PRIMARY_SESSION,734,1
CDR202600014886,IPDR202600138696,ADDITIONAL_SESSION,3,1
CDR202600049718,IPDR202600138698,PRIMARY_SESSION,44,1
CDR202600084755,IPDR202600138712,ADDITIONAL_SESSION,-430,1
CDR202600074931,IPDR202600138735,ADDITIONAL_SESSION,-35,1
CDR202600007145,IPDR202600138740,PRIMARY_SESSION,-1614,1
CDR202600001512,IPDR202600138767,PRIMARY_SESSION,-34,1
CDR202600023562,IPDR202600138768,PRIMARY_SESSION,59,1
CDR202600056175,IPDR202600138776,PRIMARY_SESSION,-53,1
CDR202600003083,IPDR202600138811,PRIMARY_SESSION,-438,1
CDR202600080394,IPDR202600138836,PRIMARY_SESSION,19,1
CDR202600057129,IPDR202600138840,ADDITIONAL_SESSION,-819,1
CDR202600011341,IPDR202600138850,ADDITIONAL_SESSION,80,1
CDR202600017717,IPDR202600138857,ADDITIONAL_SESSION,-86,1
CDR202600005435,IPDR202600138883,ADDITIONAL_SESSION,-165,1
CDR202600021372,IPDR202600138918,PRIMARY_SESSION,93,1
CDR202600046840,IPDR202600138927,PRIMARY_SESSION,21,1
CDR202600084755,IPDR202600138939,PRIMARY_SESSION,-665,1
CDR202600065077,IPDR202600138946,ADDITIONAL_SESSION,181,1
CDR202600044945,IPDR202600138966,PRIMARY_SESSION,109,1
CDR202600027139,IPDR202600138977,PRIMARY_SESSION,-1295,1
CDR202600080175,IPDR202600138993,ADDITIONAL_SESSION,-891,1
CDR202600087128,IPDR202600138995,ADDITIONAL_SESSION,236,1
CDR202600054572,IPDR202600139003,ADDITIONAL_SESSION,-266,1
CDR202600088268,IPDR202600139151,ADDITIONAL_SESSION,72,1
CDR202600022195,IPDR202600139154,PRIMARY_SESSION,-25,1
CDR202600082577,IPDR202600139161,ADDITIONAL_SESSION,-5,1
CDR202600041027,IPDR202600139203,ADDITIONAL_SESSION,-227,1
CDR202600073603,IPDR202600139209,ADDITIONAL_SESSION,97,1
CDR202600072268,IPDR202600139241,PRIMARY_SESSION,181,1
CDR202600029267,IPDR202600139262,PRIMARY_SESSION,-57,1
CDR202600038611,IPDR202600139281,ADDITIONAL_SESSION,95,1
CDR202600020071,IPDR202600139302,PRIMARY_SESSION,-747,1
CDR202600008646,IPDR202600139383,PRIMARY_SESSION,-35,1
CDR202600014186,IPDR202600139456,PRIMARY_SESSION,-217,1
CDR202600050429,IPDR202600139468,PRIMARY_SESSION,525,1
CDR202600068403,IPDR202600139477,PRIMARY_SESSION,320,1
CDR202600000054,IPDR202600139482,ADDITIONAL_SESSION,409,1
CDR202600075190,IPDR202600139485,ADDITIONAL_SESSION,245,1
CDR202600008687,IPDR202600139487,ADDITIONAL_SESSION,-283,1
CDR202600037872,IPDR202600139499,PRIMARY_SESSION,456,1
CDR202600026480,IPDR202600139501,PRIMARY_SESSION,260,1
CDR202600030644,IPDR202600139538,ADDITIONAL_SESSION,-1782,1
CDR202600075804,IPDR202600139549,ADDITIONAL_SESSION,-7,1
CDR202600042884,IPDR202600139558,PRIMARY_SESSION,1629,1
CDR202600022069,IPDR202600139561,PRIMARY_SESSION,-111,1
CDR202600049069,IPDR202600139566,ADDITIONAL_SESSION,793,1
CDR202600012315,IPDR202600139586,PRIMARY_SESSION,38,1
CDR202600064879,IPDR202600139637,PRIMARY_SESSION,26,1
CDR202600055237,IPDR202600139664,ADDITIONAL_SESSION,244,1
CDR202600071252,IPDR202600139668,PRIMARY_SESSION,30,1
CDR202600008956,IPDR202600139681,ADDITIONAL_SESSION,388,1
CDR202600022728,IPDR202600139701,PRIMARY_SESSION,41,1
CDR202600085543,IPDR202600139728,PRIMARY_SESSION,-101,1
CDR202600019274,IPDR202600139774,ADDITIONAL_SESSION,120,1
CDR202600016075,IPDR202600139855,PRIMARY_SESSION,-1754,1
CDR202600061562,IPDR202600139907,PRIMARY_SESSION,29,1
CDR202600081764,IPDR202600139910,ADDITIONAL_SESSION,-277,1
CDR202600057992,IPDR202600139917,ADDITIONAL_SESSION,217,1
CDR202600084591,IPDR202600139992,PRIMARY_SESSION,12,1
CDR202600057456,IPDR202600139993,ADDITIONAL_SESSION,-47,1
CDR202600020785,IPDR202600140001,ADDITIONAL_SESSION,162,1
CDR202600063696,IPDR202600140015,PRIMARY_SESSION,-227,1
CDR202600057383,IPDR202600140027,PRIMARY_SESSION,-1129,1
CDR202600030673,IPDR202600140028,ADDITIONAL_SESSION,300,1
CDR202600085825,IPDR202600140044,ADDITIONAL_SESSION,-1285,1
CDR202600043033,IPDR202600140079,PRIMARY_SESSION,335,1
CDR202600028690,IPDR202600140088,PRIMARY_SESSION,-415,1
CDR202600044839,IPDR202600140103,PRIMARY_SESSION,193,1
CDR202600001942,IPDR202600140160,ADDITIONAL_SESSION,756,1
CDR202600007152,IPDR202600140177,PRIMARY_SESSION,100,1
CDR202600052209,IPDR202600140219,PRIMARY_SESSION,-31,1
CDR202600061833,IPDR202600140221,PRIMARY_SESSION,-140,1
CDR202600081149,IPDR202600140268,PRIMARY_SESSION,-657,1
CDR202600055903,IPDR202600140293,PRIMARY_SESSION,56,1
CDR202600063637,IPDR202600140306,PRIMARY_SESSION,-578,1
CDR202600062573,IPDR202600140319,ADDITIONAL_SESSION,-915,1
CDR202600065806,IPDR202600140343,PRIMARY_SESSION,23,1
CDR202600060561,IPDR202600140359,ADDITIONAL_SESSION,-46,1
CDR202600077030,IPDR202600140379,PRIMARY_SESSION,1611,1
CDR202600032593,IPDR202600140405,PRIMARY_SESSION,-15,1
CDR202600057553,IPDR202600140406,PRIMARY_SESSION,4,1
CDR202600053140,IPDR202600140410,ADDITIONAL_SESSION,549,1
CDR202600028340,IPDR202600140420,ADDITIONAL_SESSION,208,1
CDR202600082090,IPDR202600140430,ADDITIONAL_SESSION,292,1
CDR202600029406,IPDR202600140432,PRIMARY_SESSION,-3,1
CDR202600028625,IPDR202600140454,ADDITIONAL_SESSION,776,1
CDR202600079471,IPDR202600140463,ADDITIONAL_SESSION,136,1
CDR202600021419,IPDR202600140479,PRIMARY_SESSION,684,1
CDR202600090094,IPDR202600140498,ADDITIONAL_SESSION,244,1
CDR202600018982,IPDR202600140512,PRIMARY_SESSION,40,1
CDR202600057872,IPDR202600140525,PRIMARY_SESSION,-21,1
CDR202600025254,IPDR202600140536,ADDITIONAL_SESSION,-1450,1
CDR202600026872,IPDR202600140574,PRIMARY_SESSION,650,1
CDR202600055296,IPDR202600140577,PRIMARY_SESSION,-561,1
CDR202600068742,IPDR202600140667,PRIMARY_SESSION,-285,1
CDR202600041906,IPDR202600140696,ADDITIONAL_SESSION,486,1
CDR202600032689,IPDR202600140749,PRIMARY_SESSION,41,1
CDR202600034623,IPDR202600140804,PRIMARY_SESSION,299,1
CDR202600003783,IPDR202600140807,ADDITIONAL_SESSION,41,1
CDR202600035460,IPDR202600140842,ADDITIONAL_SESSION,-9,1
CDR202600080739,IPDR202600140847,ADDITIONAL_SESSION,233,1
CDR202600045814,IPDR202600140923,ADDITIONAL_SESSION,-196,1
CDR202600065511,IPDR202600140931,PRIMARY_SESSION,-1097,1
CDR202600025175,IPDR202600140936,PRIMARY_SESSION,-12,1
CDR202600040452,IPDR202600140973,ADDITIONAL_SESSION,39,1
CDR202600023769,IPDR202600140985,ADDITIONAL_SESSION,-1721,1
CDR202600078848,IPDR202600140990,ADDITIONAL_SESSION,-31,1
CDR202600030673,IPDR202600140999,PRIMARY_SESSION,79,1
CDR202600019108,IPDR202600141024,ADDITIONAL_SESSION,-689,1
CDR202600000154,IPDR202600141027,ADDITIONAL_SESSION,100,1
CDR202600058124,IPDR202600141069,ADDITIONAL_SESSION,-391,1
CDR202600073561,IPDR202600141091,PRIMARY_SESSION,25,1
CDR202600002894,IPDR202600141125,PRIMARY_SESSION,326,1
CDR202600014385,IPDR202600141129,PRIMARY_SESSION,242,1
CDR202600047153,IPDR202600141133,PRIMARY_SESSION,-715,1
CDR202600021903,IPDR202600141139,ADDITIONAL_SESSION,1331,1
CDR202600058891,IPDR202600141142,ADDITIONAL_SESSION,59,1
CDR202600073613,IPDR202600141147,PRIMARY_SESSION,-188,1
CDR202600053559,IPDR202600141151,ADDITIONAL_SESSION,-540,1
CDR202600049794,IPDR202600141173,ADDITIONAL_SESSION,-213,1
CDR202600015041,IPDR202600141192,PRIMARY_SESSION,21,1
CDR202600000154,IPDR202600141193,PRIMARY_SESSION,-1285,1
CDR202600052895,IPDR202600141201,PRIMARY_SESSION,-258,1
CDR202600068268,IPDR202600141225,PRIMARY_SESSION,788,1
CDR202600029589,IPDR202600141274,PRIMARY_SESSION,-34,1
CDR202600047036,IPDR202600141292,PRIMARY_SESSION,-208,1
CDR202600089229,IPDR202600141315,ADDITIONAL_SESSION,909,1
CDR202600072557,IPDR202600141316,ADDITIONAL_SESSION,-48,1
CDR202600068531,IPDR202600141329,ADDITIONAL_SESSION,-14,1
CDR202600027660,IPDR202600141365,PRIMARY_SESSION,-16,1
CDR202600083265,IPDR202600141370,ADDITIONAL_SESSION,-631,1
CDR202600054120,IPDR202600141385,ADDITIONAL_SESSION,-37,1
CDR202600003153,IPDR202600141400,PRIMARY_SESSION,-127,1
CDR202600080804,IPDR202600141401,PRIMARY_SESSION,-870,1
CDR202600035244,IPDR202600141406,ADDITIONAL_SESSION,-93,1
CDR202600089849,IPDR202600141421,ADDITIONAL_SESSION,-1194,1
CDR202600078877,IPDR202600141445,ADDITIONAL_SESSION,-295,1
CDR202600086811,IPDR202600141484,PRIMARY_SESSION,-19,1
CDR202600071375,IPDR202600141498,PRIMARY_SESSION,102,1
CDR202600000760,IPDR202600141524,ADDITIONAL_SESSION,113,1
CDR202600088268,IPDR202600141527,ADDITIONAL_SESSION,1126,1
CDR202600044063,IPDR202600141540,PRIMARY_SESSION,180,1
CDR202600038725,IPDR202600141560,PRIMARY_SESSION,113,1
CDR202600068439,IPDR202600141573,PRIMARY_SESSION,-833,1
CDR202600017799,IPDR202600141599,PRIMARY_SESSION,507,1
CDR202600047819,IPDR202600141630,PRIMARY_SESSION,426,1
CDR202600018306,IPDR202600141647,ADDITIONAL_SESSION,106,1
CDR202600000858,IPDR202600141648,PRIMARY_SESSION,-41,1
CDR202600017288,IPDR202600141666,PRIMARY_SESSION,-756,1
CDR202600026104,IPDR202600141718,PRIMARY_SESSION,-274,1
CDR202600016010,IPDR202600141724,ADDITIONAL_SESSION,-272,1
CDR202600010471,IPDR202600141726,PRIMARY_SESSION,82,1
CDR202600057745,IPDR202600141747,ADDITIONAL_SESSION,515,1
CDR202600078666,IPDR202600141786,PRIMARY_SESSION,28,1
CDR202600089465,IPDR202600141833,PRIMARY_SESSION,-55,1
CDR202600076840,IPDR202600141840,ADDITIONAL_SESSION,14,1
CDR202600037926,IPDR202600141860,PRIMARY_SESSION,-54,1
CDR202600073921,IPDR202600141861,ADDITIONAL_SESSION,-24,1
CDR202600005234,IPDR202600141886,PRIMARY_SESSION,1697,1
CDR202600002368,IPDR202600141938,PRIMARY_SESSION,605,1
CDR202600009864,IPDR202600141956,PRIMARY_SESSION,-1262,1
CDR202600005167,IPDR202600141980,PRIMARY_SESSION,261,1
CDR202600020142,IPDR202600141984,PRIMARY_SESSION,-294,1
CDR202600084537,IPDR202600141999,PRIMARY_SESSION,-445,1
CDR202600012518,IPDR202600142005,PRIMARY_SESSION,-400,1
CDR202600062127,IPDR202600142015,ADDITIONAL_SESSION,-9,1
CDR202600004528,IPDR202600142026,PRIMARY_SESSION,-538,1
CDR202600042449,IPDR202600142035,PRIMARY_SESSION,-729,1
CDR202600071810,IPDR202600142059,PRIMARY_SESSION,-865,1
CDR202600070184,IPDR202600142063,PRIMARY_SESSION,-37,1
CDR202600046066,IPDR202600142066,ADDITIONAL_SESSION,11,1
CDR202600040742,IPDR202600142073,PRIMARY_SESSION,420,1
CDR202600039608,IPDR202600142077,ADDITIONAL_SESSION,14,1
CDR202600043614,IPDR202600142083,PRIMARY_SESSION,47,1
CDR202600086549,IPDR202600142109,ADDITIONAL_SESSION,1792,1
CDR202600038798,IPDR202600142110,PRIMARY_SESSION,-489,1
CDR202600030279,IPDR202600142161,PRIMARY_SESSION,38,1
CDR202600015522,IPDR202600142173,PRIMARY_SESSION,18,1
CDR202600016722,IPDR202600142190,PRIMARY_SESSION,55,1
CDR202600076006,IPDR202600142201,PRIMARY_SESSION,-275,1
CDR202600059994,IPDR202600142211,PRIMARY_SESSION,-236,1
CDR202600057700,IPDR202600142247,PRIMARY_SESSION,295,1
CDR202600085845,IPDR202600142328,PRIMARY_SESSION,16,1
CDR202600001062,IPDR202600142361,PRIMARY_SESSION,-31,1
CDR202600006256,IPDR202600142364,ADDITIONAL_SESSION,-215,1
CDR202600052434,IPDR202600142371,PRIMARY_SESSION,-786,1
CDR202600000515,IPDR202600142411,ADDITIONAL_SESSION,-146,1
CDR202600049216,IPDR202600142516,ADDITIONAL_SESSION,795,1
CDR202600026760,IPDR202600142519,ADDITIONAL_SESSION,53,1
CDR202600073069,IPDR202600142539,PRIMARY_SESSION,280,1
CDR202600072696,IPDR202600142543,PRIMARY_SESSION,-128,1
CDR202600018982,IPDR202600142545,ADDITIONAL_SESSION,55,1
CDR202600079461,IPDR202600142568,ADDITIONAL_SESSION,422,1
CDR202600079461,IPDR202600142588,PRIMARY_SESSION,-199,1
CDR202600013832,IPDR202600142608,ADDITIONAL_SESSION,-105,1
CDR202600027914,IPDR202600142615,PRIMARY_SESSION,-156,1
CDR202600011302,IPDR202600142619,PRIMARY_SESSION,-34,1
CDR202600046551,IPDR202600142622,PRIMARY_SESSION,36,1
CDR202600074662,IPDR202600142643,PRIMARY_SESSION,-533,1
CDR202600049812,IPDR202600142650,ADDITIONAL_SESSION,34,1
CDR202600084273,IPDR202600142651,PRIMARY_SESSION,-241,1
CDR202600052169,IPDR202600142666,PRIMARY_SESSION,-886,1
CDR202600022613,IPDR202600142685,PRIMARY_SESSION,393,1
CDR202600026906,IPDR202600142686,ADDITIONAL_SESSION,801,1
CDR202600033467,IPDR202600142687,PRIMARY_SESSION,-54,1
CDR202600005374,IPDR202600142700,ADDITIONAL_SESSION,159,1
CDR202600076776,IPDR202600142748,PRIMARY_SESSION,31,1
CDR202600085829,IPDR202600142759,PRIMARY_SESSION,1503,1
CDR202600058910,IPDR202600142772,PRIMARY_SESSION,-514,1
CDR202600013082,IPDR202600142800,PRIMARY_SESSION,4,1
CDR202600024135,IPDR202600142819,ADDITIONAL_SESSION,-49,1
CDR202600058213,IPDR202600142865,PRIMARY_SESSION,952,1
CDR202600028905,IPDR202600142923,PRIMARY_SESSION,-102,1
CDR202600077030,IPDR202600142939,ADDITIONAL_SESSION,42,1
CDR202600016128,IPDR202600142947,ADDITIONAL_SESSION,-59,1
CDR202600052488,IPDR202600142964,ADDITIONAL_SESSION,-197,1
CDR202600059950,IPDR202600142986,PRIMARY_SESSION,272,1
CDR202600063898,IPDR202600142990,PRIMARY_SESSION,364,1
CDR202600007092,IPDR202600142997,PRIMARY_SESSION,-898,1
CDR202600087113,IPDR202600143004,PRIMARY_SESSION,-744,1
CDR202600025254,IPDR202600143007,PRIMARY_SESSION,-34,1
CDR202600055430,IPDR202600143036,PRIMARY_SESSION,479,1
CDR202600074818,IPDR202600143039,PRIMARY_SESSION,-289,1
CDR202600075201,IPDR202600143056,ADDITIONAL_SESSION,264,1
CDR202600043751,IPDR202600143061,PRIMARY_SESSION,300,1
CDR202600035696,IPDR202600143070,ADDITIONAL_SESSION,716,1
CDR202600024542,IPDR202600143081,ADDITIONAL_SESSION,419,1
CDR202600020843,IPDR202600143121,ADDITIONAL_SESSION,1108,1
CDR202600075157,IPDR202600143127,PRIMARY_SESSION,208,1
CDR202600020593,IPDR202600143150,PRIMARY_SESSION,-960,1
CDR202600008794,IPDR202600143183,PRIMARY_SESSION,-703,1
CDR202600062240,IPDR202600143195,ADDITIONAL_SESSION,-70,1
CDR202600081871,IPDR202600143224,PRIMARY_SESSION,132,1
CDR202600008993,IPDR202600143258,ADDITIONAL_SESSION,95,1
CDR202600086493,IPDR202600143259,PRIMARY_SESSION,626,1
CDR202600087823,IPDR202600143273,ADDITIONAL_SESSION,185,1
CDR202600087072,IPDR202600143279,ADDITIONAL_SESSION,-1273,1
CDR202600046961,IPDR202600143308,ADDITIONAL_SESSION,-210,1
CDR202600012179,IPDR202600143315,ADDITIONAL_SESSION,515,1
CDR202600011644,IPDR202600143324,PRIMARY_SESSION,-1373,1
CDR202600087117,IPDR202600143344,PRIMARY_SESSION,-715,1
CDR202600003621,IPDR202600143392,ADDITIONAL_SESSION,-17,1
CDR202600007296,IPDR202600143396,ADDITIONAL_SESSION,13,1
CDR202600019778,IPDR202600143424,PRIMARY_SESSION,45,1
CDR202600076929,IPDR202600143483,PRIMARY_SESSION,836,1
CDR202600067638,IPDR202600143485,ADDITIONAL_SESSION,-765,1
CDR202600008092,IPDR202600143503,PRIMARY_SESSION,-189,1
CDR202600006159,IPDR202600143526,ADDITIONAL_SESSION,-244,1
CDR202600012883,IPDR202600143531,PRIMARY_SESSION,534,1
CDR202600006256,IPDR202600143549,ADDITIONAL_SESSION,14,1
CDR202600018054,IPDR202600143550,PRIMARY_SESSION,213,1
CDR202600062166,IPDR202600143561,ADDITIONAL_SESSION,-469,1
CDR202600008532,IPDR202600143565,ADDITIONAL_SESSION,-31,1
CDR202600020912,IPDR202600143586,ADDITIONAL_SESSION,-1695,1
CDR202600044722,IPDR202600143604,PRIMARY_SESSION,12,1
CDR202600005386,IPDR202600143613,PRIMARY_SESSION,59,1
CDR202600056121,IPDR202600143642,PRIMARY_SESSION,56,1
CDR202600077140,IPDR202600143652,PRIMARY_SESSION,-726,1
CDR202600067554,IPDR202600143677,ADDITIONAL_SESSION,197,1
CDR202600000449,IPDR202600143687,ADDITIONAL_SESSION,814,1
CDR202600082067,IPDR202600143691,ADDITIONAL_SESSION,-15,1
CDR202600061243,IPDR202600143732,PRIMARY_SESSION,-122,1
CDR202600065600,IPDR202600143757,ADDITIONAL_SESSION,596,1
CDR202600068229,IPDR202600143763,ADDITIONAL_SESSION,-49,1
CDR202600074244,IPDR202600143771,PRIMARY_SESSION,-813,1
CDR202600080301,IPDR202600143772,PRIMARY_SESSION,-15,1
CDR202600080662,IPDR202600143792,PRIMARY_SESSION,54,1
CDR202600000859,IPDR202600143841,PRIMARY_SESSION,-497,1
CDR202600014605,IPDR202600143856,PRIMARY_SESSION,-117,1
CDR202600070641,IPDR202600143882,ADDITIONAL_SESSION,981,1
CDR202600059364,IPDR202600143905,PRIMARY_SESSION,-640,1
CDR202600084173,IPDR202600143906,PRIMARY_SESSION,-14,1
CDR202600062572,IPDR202600143967,PRIMARY_SESSION,-15,1
CDR202600041106,IPDR202600144048,PRIMARY_SESSION,15,1
CDR202600001318,IPDR202600144057,PRIMARY_SESSION,20,1
CDR202600055152,IPDR202600144063,ADDITIONAL_SESSION,-91,1
CDR202600053870,IPDR202600144077,PRIMARY_SESSION,973,1
CDR202600081341,IPDR202600144130,PRIMARY_SESSION,-478,1
CDR202600029587,IPDR202600144147,PRIMARY_SESSION,-264,1
CDR202600054226,IPDR202600144151,ADDITIONAL_SESSION,192,1
CDR202600078912,IPDR202600144161,PRIMARY_SESSION,53,1
CDR202600016773,IPDR202600144165,ADDITIONAL_SESSION,1183,1
CDR202600010799,IPDR202600144172,ADDITIONAL_SESSION,-35,1
CDR202600015477,IPDR202600144184,ADDITIONAL_SESSION,309,1
CDR202600010712,IPDR202600144191,PRIMARY_SESSION,101,1
CDR202600015601,IPDR202600144235,ADDITIONAL_SESSION,-146,1
CDR202600042105,IPDR202600144279,PRIMARY_SESSION,816,1
CDR202600081434,IPDR202600144287,PRIMARY_SESSION,670,1
CDR202600044457,IPDR202600144291,PRIMARY_SESSION,240,1
CDR202600044876,IPDR202600144298,ADDITIONAL_SESSION,-1465,1
CDR202600045295,IPDR202600144304,PRIMARY_SESSION,876,1
CDR202600025523,IPDR202600144310,PRIMARY_SESSION,33,1
CDR202600032669,IPDR202600144313,PRIMARY_SESSION,798,1
CDR202600053343,IPDR202600144325,PRIMARY_SESSION,403,1
CDR202600048149,IPDR202600144333,ADDITIONAL_SESSION,22,1
CDR202600003905,IPDR202600144344,PRIMARY_SESSION,101,1
CDR202600007264,IPDR202600144362,PRIMARY_SESSION,160,1
CDR202600068410,IPDR202600144394,ADDITIONAL_SESSION,-161,1
CDR202600062342,IPDR202600144414,PRIMARY_SESSION,-54,1
CDR202600030311,IPDR202600144439,ADDITIONAL_SESSION,-45,1
CDR202600076069,IPDR202600144445,ADDITIONAL_SESSION,-10,1
CDR202600034402,IPDR202600144457,ADDITIONAL_SESSION,349,1
CDR202600029761,IPDR202600144501,ADDITIONAL_SESSION,-364,1
CDR202600080596,IPDR202600144515,PRIMARY_SESSION,20,1
CDR202600024756,IPDR202600144528,ADDITIONAL_SESSION,201,1
CDR202600044275,IPDR202600144589,PRIMARY_SESSION,18,1
CDR202600047849,IPDR202600144591,PRIMARY_SESSION,-377,1
CDR202600010973,IPDR202600144592,ADDITIONAL_SESSION,-32,1
CDR202600068235,IPDR202600144619,PRIMARY_SESSION,44,1
CDR202600035460,IPDR202600144621,PRIMARY_SESSION,435,1
CDR202600007656,IPDR202600144625,ADDITIONAL_SESSION,-169,1
CDR202600055296,IPDR202600144628,ADDITIONAL_SESSION,263,1
CDR202600077233,IPDR202600144630,PRIMARY_SESSION,48,1
CDR202600024705,IPDR202600144652,PRIMARY_SESSION,199,1
CDR202600016348,IPDR202600144667,PRIMARY_SESSION,321,1
CDR202600019778,IPDR202600144683,ADDITIONAL_SESSION,1100,1
CDR202600052329,IPDR202600144706,PRIMARY_SESSION,-221,1
CDR202600001688,IPDR202600144735,ADDITIONAL_SESSION,1,1
CDR202600087597,IPDR202600144790,ADDITIONAL_SESSION,11,1
CDR202600042738,IPDR202600144803,PRIMARY_SESSION,36,1
CDR202600051174,IPDR202600144852,PRIMARY_SESSION,-54,1
CDR202600084339,IPDR202600144853,PRIMARY_SESSION,-52,1
CDR202600044244,IPDR202600144879,PRIMARY_SESSION,-7,1
CDR202600055642,IPDR202600144900,ADDITIONAL_SESSION,1681,1
CDR202600007454,IPDR202600144906,ADDITIONAL_SESSION,-892,1
CDR202600040668,IPDR202600144911,PRIMARY_SESSION,186,1
CDR202600080412,IPDR202600144929,PRIMARY_SESSION,-55,1
CDR202600087912,IPDR202600144951,PRIMARY_SESSION,-989,1
CDR202600087539,IPDR202600144957,PRIMARY_SESSION,722,1
CDR202600072826,IPDR202600145000,ADDITIONAL_SESSION,5,1
CDR202600065986,IPDR202600145003,PRIMARY_SESSION,48,1
CDR202600089618,IPDR202600145013,PRIMARY_SESSION,-343,1
CDR202600046712,IPDR202600145014,ADDITIONAL_SESSION,75,1
CDR202600015341,IPDR202600145045,PRIMARY_SESSION,17,1
CDR202600088577,IPDR202600145048,PRIMARY_SESSION,-507,1
CDR202600033040,IPDR202600145074,PRIMARY_SESSION,-70,1
CDR202600067457,IPDR202600145120,PRIMARY_SESSION,-822,1
CDR202600070387,IPDR202600145122,ADDITIONAL_SESSION,97,1
CDR202600071371,IPDR202600145124,PRIMARY_SESSION,-156,1
CDR202600030008,IPDR202600145129,PRIMARY_SESSION,-1640,1
CDR202600049888,IPDR202600145130,ADDITIONAL_SESSION,283,1
CDR202600021758,IPDR202600145162,PRIMARY_SESSION,-144,1
CDR202600084933,IPDR202600145169,PRIMARY_SESSION,-6,1
CDR202600027299,IPDR202600145173,ADDITIONAL_SESSION,1182,1
CDR202600079474,IPDR202600145233,PRIMARY_SESSION,-1439,1
CDR202600043510,IPDR202600145243,ADDITIONAL_SESSION,223,1
CDR202600025001,IPDR202600145270,ADDITIONAL_SESSION,143,1
CDR202600054572,IPDR202600145274,ADDITIONAL_SESSION,675,1
CDR202600065179,IPDR202600145278,ADDITIONAL_SESSION,-417,1
CDR202600006935,IPDR202600145311,PRIMARY_SESSION,17,1
CDR202600001704,IPDR202600145341,ADDITIONAL_SESSION,776,1
CDR202600018132,IPDR202600145401,PRIMARY_SESSION,-310,1
CDR202600072826,IPDR202600145409,PRIMARY_SESSION,896,1
CDR202600070434,IPDR202600145411,PRIMARY_SESSION,1052,1
CDR202600044710,IPDR202600145414,PRIMARY_SESSION,188,1
CDR202600076523,IPDR202600145420,PRIMARY_SESSION,61,1
CDR202600085837,IPDR202600145433,PRIMARY_SESSION,501,1
CDR202600090667,IPDR202600145453,PRIMARY_SESSION,17,1
CDR202600037024,IPDR202600145469,PRIMARY_SESSION,-130,1
CDR202600053164,IPDR202600145470,ADDITIONAL_SESSION,773,1
CDR202600074864,IPDR202600145520,ADDITIONAL_SESSION,225,1
CDR202600015601,IPDR202600145534,ADDITIONAL_SESSION,-217,1
CDR202600023960,IPDR202600145600,ADDITIONAL_SESSION,-20,1
CDR202600052557,IPDR202600145619,ADDITIONAL_SESSION,-384,1
CDR202600049812,IPDR202600145637,PRIMARY_SESSION,1693,1
