CDR_ID,Call_Date,Call_Start_Time,A_Party_Number,B_Party_Number,Call_Type,Call_Duration_Seconds,IMSI,IMEI,First_BTS_Location,First_Cell_Global_ID,Roaming_Network_Circle
CDR202600000020,2025-02-21,21:08:11,+916316168850,+918917637941,VOICE,56,404082440143170,355716322763748,Maharashtra_BTS_008,404-45-799-664,Maharashtra
CDR202600000042,2025-11-25,05:30:10,+918270857685,+918571064256,VOICE,135,404717231005437,358524930868103,Delhi_BTS_006,404-45-548-922,Delhi
CDR202600000047,2025-02-18,18:58:42,+918589919306,+916807387424,VOICE,184,404280161891579,357311273597473,Rajasthan_BTS_019,404-45-951-827,Rajasthan
CDR202600000054,2025-06-15,03:40:58,+917108246205,+916861162202,SMS,0,404937076872196,359329111794583,WestBengal_BTS_004,404-45-522-026,West Bengal
CDR202600000077,2025-05-21,08:10:08,+918160543442,+916074672501,VOICE,155,404943515003843,354513041733219,Maharashtra_BTS_008,404-45-799-664,Maharashtra
CDR202600000103,2025-07-11,22:07:15,+919066308574,+918357334243,SMS,0,404394014161321,352965587417531,WestBengal_BTS_002,404-45-355-683,West Bengal
CDR202600000111,2025-11-03,08:23:06,+917964837192,+916720582936,SMS,0,404746795190620,350005151791985,TamilNadu_BTS_004,404-45-683-253,Tamil Nadu
CDR202600000151,2025-08-16,20:11:25,+917896773158,+919095638704,VOICE,33,404078308997938,358412934771356,Karnataka_BTS_008,404-45-693-754,Karnataka
CDR202600000154,2025-07-13,20:05:11,+916015450890,+917021932231,VOICE,300,404750997518237,359822844509046,Delhi_BTS_006,404-45-223-254,Delhi
CDR202600000155,2025-07-14,13:26:31,+917039452657,+919972880601,VOICE,28,404858712022109,358460283729650,Rajasthan_BTS_007,404-45-697-409,Rajasthan
CDR202600000162,2025-04-30,10:10:08,+918024556229,+916793257571,VOICE,42,404301721751574,355847288691510,Rajasthan_BTS_002,404-45-334-842,Rajasthan
CDR202600000175,2025-01-20,01:05:54,+917215930461,+917001748325,VOICE,83,404410614310106,354423306457496,Rajasthan_BTS_019,404-45-951-827,Rajasthan
CDR202600000187,2025-04-16,06:23:13,+919296970509,+918431994101,VOICE,36,404911766561424,355404804666467,WestBengal_BTS_006,404-45-373-164,West Bengal
CDR202600000227,2025-05-18,01:15:36,+919019032610,+918086467700,VOICE,97,404829339959359,358068801797683,Maharashtra_BTS_006,404-45-987-104,Maharashtra
CDR202600000239,2025-11-28,03:46:27,+917459240913,919551126024,VOICE,19,404238516403650,352583236938253,WestBengal_BTS_006,404-45-906-719,West Bengal
CDR202600000241,2025-12-29,14:05:57,+919966441687,+917575555463,VOICE,195,404523052985527,355324421848994,Rajasthan_BTS_012,404-45-798-907,Rajasthan
CDR202600000254,2025-06-20,14:43:22,+916900513165,+917477947161,VOICE,11,404830836332809,357164467703446,UttarPradesh_BTS_007,404-45-999-138,Uttar Pradesh
CDR202600000262,2025-05-09,21:29:38,+917138188895,+917780325783,MISSED,0,404924548066336,352075730411539,Mumbai_BTS_006,404-45-235-741,Mumbai
CDR202600000271,2025-01-08,02:44:49,+918183633954,+919755692262,VOICE,188,404363192376997,353402632310840,WestBengal_BTS_001,404-45-230-043,West Bengal
CDR202600000278,2025-03-10,21:56:09,+917902175203,+918449702682,VOICE,166,404333792969553,352836061054866,Rajasthan_BTS_019,404-45-119-115,Rajasthan
CDR202600000302,2025-11-01,06:17:54,+918593080529,+916522164773,VOICE,57,404048573769166,357492573011904,Rajasthan_BTS_011,404-45-796-739,Rajasthan
CDR202600000316,2025-08-18,04:38:30,+919362518010,+916439825779,VOICE,120,404600340362263,355275595583717,Mumbai_BTS_007,404-45-516-195,Mumbai
CDR202600000347,2025-01-04,07:58:19,+918741550706,917746151048,VOICE,120,404503668221584,357972942224507,WestBengal_BTS_009,404-45-571-359,West Bengal
CDR202600000359,2025-09-07,09:10:59,+918357334243,+917744698471,VOICE,37,404430486556384,353829551928360,TamilNadu_BTS_005,404-45-734-084,Tamil Nadu
CDR202600000371,2025-10-04,09:58:07,+917946672758,+917164305697,SMS,0,404788202702595,358935572790234,WestBengal_BTS_003,404-45-342-886,West Bengal
CDR202600000374,2025-06-13,20:48:55,+917447036398,+917987572919,MISSED,0,404586519026425,350469480920838,Delhi_BTS_005,404-45-830-320,Delhi
CDR202600000377,2025-12-23,17:06:07,+917074707241,+918506148970,VOICE,165,404620166196158,352380867829352,Delhi_BTS_002,404-45-878-546,Delhi
CDR202600000387,2025-03-09,03:33:42,+919298342479,+918428693441,VOICE,30,404499213326899,350199550923964,Rajasthan_BTS_005,404-45-771-512,Rajasthan
CDR202600000412,2025-12-10,02:26:28,+917177023411,+918365467938,VOICE,166,404620998741764,352952570631966,WestBengal_BTS_006,404-45-373-164,West Bengal
CDR202600000414,2025-05-15,12:09:17,+918130444799,+919948372283,VOICE,195,404626996628807,356707391539797,Gujarat_BTS_006,404-45-833-666,Gujarat
CDR202600000419,2025-11-05,14:38:49,+917010090110,+917806464417,VOICE,254,404057680497100,355646612377514,WestBengal_BTS_005,404-45-521-822,West Bengal
CDR202600000420,2025-10-24,21:18:12,+917294147233,+918335471524,VOICE,536,404901811282027,350792612906733,Gujarat_BTS_007,404-45-703-285,Gujarat
CDR202600000432,2025-11-14,23:12:53,+918690343592,+917194014111,VOICE,112,404189037513872,352066676223449,Delhi_BTS_003,404-45-371-541,Delhi
CDR202600000437,2025-09-13,21:10:14,+919921386123,+918413233991,VOICE,186,404036017873742,357544410433316,UttarPradesh_BTS_002,404-45-174-010,Uttar Pradesh
CDR202600000449,2025-08-29,18:45:34,+917060125638,+916662607238,VOICE,514,404189156173647,358326118365801,Karnataka_BTS_005,404-45-371-949,Karnataka
CDR202600000470,2025-05-08,23:24:08,+917408328404,+918553509816,SMS,0,404342110637304,354475897725531,Maharashtra_BTS_001,404-45-204-095,Maharashtra
CDR202600000473,2025-09-12,04:49:46,+917261310519,+919099798724,VOICE,124,404016051763377,358576978158239,Rajasthan_BTS_005,404-45-505-906,Rajasthan
CDR202600000479,2025-07-18,15:27:08,+916254465133,+918160543442,VOICE,15,404755051273415,351750625023399,UttarPradesh_BTS_004,404-45-170-901,Uttar Pradesh
CDR202600000495,2025-08-22,11:29:59,+919916492249,+919537180531,VOICE,303,404153011564846,350781073551196,TamilNadu_BTS_003,404-45-169-692,Tamil Nadu
CDR202600000498,2025-12-14,15:07:50,+918872062978,+917546122102,VOICE,221,404372567533797,359871056492856,Karnataka_BTS_008,404-45-693-754,Karnataka
CDR202600000515,2025-09-07,19:30:55,+918591160693,+917098360653,VOICE,423,404833917437716,351269074622279,WestBengal_BTS_005,404-45-901-954,West Bengal
CDR202600000558,2025-02-19,14:39:45,+918842929899,+918513652338,SMS,0,404970640198003,359646145115390,Rajasthan_BTS_014,404-45-839-897,Rajasthan
CDR202600000566,2025-05-29,02:52:43,+919136542310,+917953786570,VOICE,38,404100734413135,352585287545502,Mumbai_BTS_007,404-45-348-804,Mumbai
CDR202600000569,2025-05-29,07:41:40,+918301052635,+918696518496,VOICE,23,404269636243100,354829168668657,UttarPradesh_BTS_009,404-45-378-289,Uttar Pradesh
CDR202600000623,2025-06-15,05:54:34,+917691247999,+917152331874,VOICE,107,404424539989228,351596209600217,Rajasthan_BTS_001,404-45-670-225,Rajasthan
CDR202600000625,2025-07-26,13:02:02,+919214140310,+918242972259,SMS,0,404362377302923,359378424108932,Karnataka_BTS_005,404-45-565-293,Karnataka
CDR202600000640,2025-06-14,05:38:50,+916789605747,+919966441687,VOICE,156,404660005917264,359728879326817,Karnataka_BTS_006,404-45-669-678,Karnataka
CDR202600000643,2025-04-27,10:08:29,+919624915154,+918834062492,SMS,0,404171441749762,353871475821544,UttarPradesh_BTS_005,404-45-478-292,Uttar Pradesh
CDR202600000655,2025-06-04,09:57:59,+916711627793,+917912873293,VOICE,122,404105866751004,351618595040516,UttarPradesh_BTS_002,404-45-568-324,Uttar Pradesh
CDR202600000660,2025-03-20,21:34:48,+919303397686,+919661926373,MISSED,0,404383030885020,356561665689383,Karnataka_BTS_005,404-45-371-949,Karnataka
CDR202600000666,2025-02-06,09:44:36,+916861464216,+917946672758,VOICE,44,404661448232320,354908884478796,TamilNadu_BTS_006,404-45-773-598,Tamil Nadu
CDR202600000667,2025-07-31,11:12:45,+917581547269,+917067035083,VOICE,3,404494858458989,356712866408387,Rajasthan_BTS_018,404-45-713-332,Rajasthan
CDR202600000693,2025-04-11,08:00:16,+916889163629,+916608790123,VOICE,10,404232429533485,352478929717171,Mumbai_BTS_004,404-45-980-339,Mumbai
CDR202600000694,2025-03-25,04:26:45,+918463580609,+919063742023,SMS,0,404433516855385,359734018086384,Delhi_BTS_005,404-45-830-320,Delhi
CDR202600000697,2025-10-30,10:05:52,+916514444241,+916510536250,VOICE,91,404954341991008,354682315116551,UttarPradesh_BTS_015,404-45-658-037,Uttar Pradesh
CDR202600000719,2025-06-12,12:31:52,+919023919192,+916711395291,VOICE,72,404853312226050,353782589180808,UttarPradesh_BTS_014,404-45-214-078,Uttar Pradesh
CDR202600000744,2025-11-17,02:29:51,+917050477573,+917433585027,VOICE,7,404434289472964,358822575952937,Maharashtra_BTS_008,404-45-173-624,Maharashtra
CDR202600000760,2025-12-18,01:11:17,+919854398841,+919287679663,VOICE,30,404966158185487,352788804979111,Karnataka_BTS_007,404-45-322-992,Karnataka
CDR202600000767,2025-06-29,18:49:46,+916576264669,+919350838052,VOICE,97,404112647907407,353380900863004,Maharashtra_BTS_008,404-45-173-624,Maharashtra
CDR202600000772,2025-11-11,18:03:35,+917606828823,+916500714924,VOICE,168,404554466920020,351267317822732,UttarPradesh_BTS_008,404-45-860-567,Uttar Pradesh
CDR202600000779,2025-03-27,19:17:23,+918308876815,+916512999260,VOICE,20,404532777429085,356191787627590,Mumbai_BTS_012,404-45-553-828,Mumbai
CDR202600000786,2025-04-24,13:09:47,+917250328744,+919074992781,VOICE,117,404507586727508,357498890671606,Rajasthan_BTS_007,404-45-605-094,Rajasthan
CDR202600000814,2025-03-29,16:17:17,+919564917584,+919196626351,VOICE,242,404436660401084,350118284556697,TamilNadu_BTS_001,404-45-698-489,Tamil Nadu
CDR202600000826,2025-05-19,03:07:30,+917120205782,+916098490653,VOICE,93,404174217073515,350906177101656,Mumbai_BTS_006,404-45-235-741,Mumbai
CDR202600000858,2025-12-31,10:49:23,+916499593430,+919548918958,VOICE,178,404062592728420,357341630084638,WestBengal_BTS_005,404-45-901-954,West Bengal
CDR202600000859,2025-06-01,12:37:19,+918179229014,+919758829816,VOICE,497,404426577272797,353309923582225,Maharashtra_BTS_001,404-45-204-095,Maharashtra
CDR202600000861,2025-06-28,19:07:27,+919665809248,+918705621158,VOICE,48,404187937931850,358919138781929,Maharashtra_BTS_001,404-45-881-345,Maharashtra
CDR202600000894,2025-05-29,09:41:36,+918356994250,+917101437820,VOICE,99,404244669366789,350647539459963,UttarPradesh_BTS_007,404-45-779-107,Uttar Pradesh
CDR202600000915,2025-04-29,00:40:54,+916199842463,+919328303009,SMS,0,404756238192259,350080024057789,UttarPradesh_BTS_007,404-45-370-119,Uttar Pradesh
CDR202600000936,2025-09-09,22:46:32,+918696608928,+916644086226,VOICE,15,404121971009727,351989521764185,Rajasthan_BTS_001,404-45-755-705,Rajasthan
CDR202600000941,2025-10-10,20:06:40,+917066424870,+916689450035,VOICE,65,404365688292963,353838827774865,Rajasthan_BTS_013,404-45-400-446,Rajasthan
CDR202600001016,2025-10-27,02:28:13,+916566410702,+917889856220,VOICE,241,404832790840193,358074749382953,Gujarat_BTS_001,404-45-859-282,Gujarat
CDR202600001021,2025-08-27,14:53:41,+916861162202,+917276113925,VOICE,62,404969721934546,351218164653593,Mumbai_BTS_010,404-45-919-883,Mumbai
CDR202600001034,2025-09-11,03:28:43,+917371519719,+919331539432,VOICE,19,404134004227625,357049269181579,Maharashtra_BTS_009,404-45-646-747,Maharashtra
CDR202600001045,2025-03-20,02:37:27,+918950769478,+916413888082,VOICE,364,404146155021671,357542112519077,UttarPradesh_BTS_010,404-45-749-874,Uttar Pradesh
CDR202600001062,2025-07-06,21:08:53,+917194014111,+918808747138,VOICE,66,404188477093271,351791227896205,Mumbai_BTS_006,404-45-785-498,Mumbai
CDR202600001077,2025-02-20,21:26:12,+919987672814,+916798129927,MISSED,0,404337914103881,358766259201169,Maharashtra_BTS_008,404-45-818-960,Maharashtra
CDR202600001081,2025-04-02,19:21:17,+916620236520,+919099798724,MISSED,0,404775909755641,357330311422470,Delhi_BTS_006,404-45-629-463,Delhi
CDR202600001084,2025-10-17,19:21:37,+917610855148,+917126365590,SMS,0,404739337351699,358928543831020,Maharashtra_BTS_006,404-45-987-104,Maharashtra
CDR202600001089,2025-09-26,12:08:13,+918883222397,+919760431493,VOICE,168,404602791659536,359488364481732,WestBengal_BTS_002,404-45-315-699,West Bengal
CDR202600001100,2025-08-01,22:32:32,+918160543442,+916433419172,VOICE,195,404943515003843,354513041733219,Rajasthan_BTS_001,404-45-801-333,Rajasthan
CDR202600001115,2025-12-24,20:11:38,+917202552638,+918863584113,VOICE,23,404133676382269,353096171519449,Gujarat_BTS_005,404-45-716-028,Gujarat
CDR202600001122,2025-05-09,00:41:29,+917970852104,+918603749632,VOICE,80,404700666167352,354372323952875,Rajasthan_BTS_018,404-45-713-332,Rajasthan
CDR202600001149,2025-12-08,22:46:25,+919214292240,+919304088017,VOICE,126,404188092215992,355282047802378,Rajasthan_BTS_007,404-45-605-094,Rajasthan
CDR202600001166,2025-05-06,07:18:42,+918335471524,+919100424658,VOICE,115,404943595860397,350947287373773,Delhi_BTS_006,404-45-629-463,Delhi
CDR202600001180,2025-07-30,02:24:45,+919548918958,+916752594591,VOICE,340,404528017635067,356913400110982,TamilNadu_BTS_005,404-45-734-084,Tamil Nadu
CDR202600001203,2025-03-31,20:14:12,+919256264316,+916689624081,VOICE,73,404504327748677,356164543648007,UttarPradesh_BTS_001,404-45-371-406,Uttar Pradesh
CDR202600001289,2025-02-05,06:26:37,+918011330675,+919976782155,VOICE,422,404982348831989,352854298669454,UttarPradesh_BTS_001,404-45-371-406,Uttar Pradesh
CDR202600001290,2025-09-19,13:46:13,+917345913698,+919831421399,VOICE,60,404710866105603,355030054609703,Karnataka_BTS_002,404-45-195-949,Karnataka
CDR202600001306,2025-04-28,07:03:32,+919827661084,+919377325397,VOICE,298,404305942305134,358211279384088,Rajasthan_BTS_017,404-45-652-977,Rajasthan
CDR202600001314,2025-09-06,03:19:48,+919772855644,+919967656270,MISSED,0,404276415708118,352521309694702,Rajasthan_BTS_019,404-45-471-900,Rajasthan
CDR202600001318,2025-08-13,00:47:53,+917291879073,+919606727982,VOICE,12,404059089626503,356351738429689,Gujarat_BTS_007,404-45-106-778,Gujarat
CDR202600001331,2025-04-30,00:06:21,+916438711116,+918130444799,VOICE,52,404914153417442,359053659920419,Gujarat_BTS_002,404-45-328-143,Gujarat
CDR202600001334,2025-10-01,02:27:04,+919689954668,+919714952391,VOICE,92,404962482169580,354487431859263,WestBengal_BTS_003,404-45-735-768,West Bengal
CDR202600001374,2025-06-18,09:31:45,+917367096138,+919760006542,VOICE,144,404893788173918,358491033763340,Delhi_BTS_001,404-45-999-581,Delhi
CDR202600001389,2025-01-04,06:14:22,+916720582936,+917339391044,VOICE,57,404245556217118,353140537561877,UttarPradesh_BTS_004,404-45-457-903,Uttar Pradesh
CDR202600001397,2025-02-23,16:48:46,+918913936238,+918130444799,VOICE,221,404595374707958,356956729860956,Rajasthan_BTS_005,404-45-505-906,Rajasthan
CDR202600001399,2025-02-11,23:04:10,+917182616036,+918579171918,VOICE,97,404287210661098,356845503569367,UttarPradesh_BTS_011,404-45-966-053,Uttar Pradesh
CDR202600001407,2025-01-03,20:14:31,+917114445865,+919831801291,MISSED,0,404790210119349,359824433046521,UttarPradesh_BTS_012,404-45-233-653,Uttar Pradesh
CDR202600001427,2025-07-12,11:16:05,+917980484996,+918335253268,VOICE,5,404071254803143,353078885257224,Rajasthan_BTS_004,404-45-316-936,Rajasthan
CDR202600001433,2025-09-27,12:22:49,+918335471524,+916009017229,VOICE,582,404943595860397,350947287373773,UttarPradesh_BTS_003,404-45-618-272,Uttar Pradesh
CDR202600001442,2025-02-08,18:05:44,+919513296299,+918097404542,VOICE,6,404236173707456,351412412328100,Delhi_BTS_006,404-45-629-463,Delhi
CDR202600001449,2025-08-03,19:35:24,+917776631300,+919966441687,VOICE,39,404198544869698,353663425013585,UttarPradesh_BTS_011,404-45-966-053,Uttar Pradesh
CDR202600001470,2025-07-21,05:18:49,+916889163629,+917815583717,VOICE,218,404232429533485,352478929717171,WestBengal_BTS_001,404-45-915-996,West Bengal
CDR202600001478,2025-03-15,03:39:46,+919056028478,+916073848956,VOICE,279,404023515058451,353856162631112,Maharashtra_BTS_004,404-45-691-197,Maharashtra
CDR202600001501,2025-03-28,05:12:10,+918024212426,+917786273074,VOICE,55,404023368807214,350078835059300,Mumbai_BTS_009,404-45-162-413,Mumbai
CDR202600001504,2025-04-16,03:55:44,+919774343936,+919678582112,SMS,0,404951666746468,354407829397723,Delhi_BTS_003,404-45-993-622,Delhi
CDR202600001508,2025-07-25,12:48:37,+919721191025,+917694064296,SMS,0,404574031182872,354145590843491,Mumbai_BTS_008,404-45-155-690,Mumbai
CDR202600001512,2025-06-28,12:48:57,+918130444799,+918667105637,VOICE,95,404626996628807,356707391539797,Rajasthan_BTS_019,404-45-414-246,Rajasthan
CDR202600001535,2025-08-04,17:27:45,+919388945796,+917740841180,VOICE,203,404988091607696,352171392573267,Gujarat_BTS_004,404-45-130-096,Gujarat
CDR202600001567,2025-11-03,09:04:55,+916828535602,+919723848862,VOICE,191,404342824672132,352474806224037,Rajasthan_BTS_016,404-45-961-655,Rajasthan
CDR202600001584,2025-07-24,00:09:44,+916038475611,+917123640419,SMS,0,404190566037373,352949912028484,Rajasthan_BTS_004,404-45-316-936,Rajasthan
CDR202600001591,2025-11-01,00:43:24,+917083365253,+919101709809,VOICE,2,404944084420710,356447244525782,UttarPradesh_BTS_011,404-45-194-650,Uttar Pradesh
CDR202600001655,2025-09-06,17:48:49,+919397945494,+917295568841,VOICE,113,404823651034660,354988035988256,UttarPradesh_BTS_010,404-45-308-704,Uttar Pradesh
CDR202600001656,2025-04-24,02:45:44,+919693344618,+916267473352,VOICE,68,404572637912864,357363710832425,WestBengal_BTS_002,404-45-205-363,West Bengal
CDR202600001664,2025-08-04,04:34:36,+918334945199,+919871238719,VOICE,293,404602845478763,358223887308410,WestBengal_BTS_004,404-45-283-755,West Bengal
CDR202600001672,2025-03-20,09:01:01,+918308501082,+919469984743,VOICE,364,404051021667463,353479572439148,Rajasthan_BTS_017,404-45-880-166,Rajasthan
CDR202600001688,2025-06-03,18:48:23,+919834873321,+919963226541,VOICE,234,404293998501585,355553672512867,UttarPradesh_BTS_012,404-45-233-653,Uttar Pradesh
CDR202600001695,2025-04-06,01:32:59,+918160543442,+917350010357,VOICE,58,404943515003843,354513041733219,UttarPradesh_BTS_003,404-45-650-219,Uttar Pradesh
CDR202600001704,2025-05-17,12:01:45,+919801754154,+919190096903,VOICE,50,404513270491426,356506183938935,Mumbai_BTS_006,404-45-235-741,Mumbai
CDR202600001743,2025-11-12,00:14:23,+916351928626,+916793257571,VOICE,64,404051072792631,356666532104504,Karnataka_BTS_004,404-45-985-411,Karnataka
CDR202600001775,2025-04-24,03:37:57,+918988889819,+917546122102,SMS,0,404399800113620,358782131028838,Karnataka_BTS_002,404-45-195-949,Karnataka
CDR202600001777,2025-06-29,00:38:30,+916138868243,+919432573996,VOICE,7,404209190449383,353481552324366,Gujarat_BTS_003,404-45-704-433,Gujarat
CDR202600001787,2025-03-07,10:47:34,+919407180693,+919504436453,VOICE,372,404342791841253,353709850252608,Delhi_BTS_002,404-45-935-071,Delhi
CDR202600001804,2025-05-02,02:45:20,+917371519719,+917366221937,VOICE,177,404134004227625,357049269181579,Rajasthan_BTS_017,404-45-897-945,Rajasthan
CDR202600001836,2025-02-18,08:34:44,+918168728462,+917199092278,VOICE,130,404056362185097,355443514929823,Karnataka_BTS_001,404-45-767-554,Karnataka
CDR202600001844,2025-07-07,17:38:40,+919181703697,+918892470993,VOICE,196,404195778210088,353461687222650,Rajasthan_BTS_001,404-45-755-705,Rajasthan
CDR202600001862,2025-03-18,09:51:07,+918070218329,+919331197309,VOICE,6,404266117496332,357375019809594,Delhi_BTS_006,404-45-548-922,Delhi
CDR202600001867,2025-11-08,06:49:27,+918875844526,+916186997295,VOICE,60,404296529625618,350218892558653,WestBengal_BTS_001,404-45-915-996,West Bengal
CDR202600001877,2025-11-16,00:58:18,+916604663553,+916008471797,VOICE,126,404866060494198,350843090361211,TamilNadu_BTS_002,404-45-158-984,Tamil Nadu
CDR202600001905,2025-12-24,15:29:38,+917268586640,+916195507250,VOICE,127,404599101874419,351996927719883,Maharashtra_BTS_006,404-45-489-285,Maharashtra
CDR202600001914,2025-03-06,01:12:08,+918454524696,+919412696827,SMS,0,404526381180744,351968352952468,WestBengal_BTS_001,404-45-415-374,West Bengal
CDR202600001923,2025-02-07,17:09:19,+917764635055,+917895319354,VOICE,147,404378681237624,352132705605098,Rajasthan_BTS_004,404-45-680-898,Rajasthan
CDR202600001939,2025-02-10,03:37:04,+916323610446,+918642991234,VOICE,109,404102448409285,357010127613309,Gujarat_BTS_007,404-45-703-285,Gujarat
CDR202600001942,2025-01-01,23:15:30,+919881584632,+919038361051,VOICE,7,404866456912658,351591454349197,Delhi_BTS_002,404-45-935-071,Delhi
CDR202600001950,2025-03-31,10:54:19,+916422315453,+917705202761,SMS,0,404072612434239,356142059327116,Rajasthan_BTS_011,404-45-796-739,Rajasthan
CDR202600001986,2025-01-04,03:54:29,+919872243537,+916287579696,VOICE,57,404094019517724,359780779904451,Gujarat_BTS_005,404-45-338-518,Gujarat
CDR202600002007,2025-06-22,12:33:14,+918308876815,+917291879073,SMS,0,404532777429085,356191787627590,Delhi_BTS_004,404-45-847-707,Delhi
CDR202600002021,2025-03-27,01:17:41,+917136919849,+917529034884,VOICE,111,404686926242393,351556743422821,Karnataka_BTS_006,404-45-669-678,Karnataka
CDR202600002026,2025-04-24,10:52:18,+916405134888,+918736319643,VOICE,40,404928533489829,357856220782707,WestBengal_BTS_005,404-45-521-822,West Bengal
CDR202600002032,2025-12-22,08:47:24,+916235230918,+917494152766,SMS,0,404195257080048,351748208151971,Rajasthan_BTS_005,404-45-771-512,Rajasthan
CDR202600002037,2025-07-13,09:37:34,+918705621158,+917562756713,VOICE,69,404824520758983,350623404998400,Gujarat_BTS_007,404-45-106-778,Gujarat
CDR202600002052,2025-01-02,05:12:16,+919702878507,+917546122102,VOICE,15,404087836256337,353568308701218,Rajasthan_BTS_014,404-45-839-897,Rajasthan
CDR202600002055,2025-11-03,14:36:33,+918886816128,+916945270946,VOICE,98,404495250348871,358706989348195,Rajasthan_BTS_006,404-45-651-270,Rajasthan
CDR202600002073,2025-06-04,03:42:45,+917995140318,+916938174319,VOICE,174,404424733490386,359005004669456,Gujarat_BTS_003,404-45-704-433,Gujarat
CDR202600002104,2025-10-15,20:03:34,+919900586055,+917375530261,VOICE,295,404082752725351,353892359151229,Delhi_BTS_003,404-45-993-622,Delhi
CDR202600002123,2025-01-31,11:59:32,+918754164233,+918579171918,VOICE,64,404394658512016,350914094387808,Gujarat_BTS_002,404-45-328-143,Gujarat
CDR202600002137,2025-08-07,20:30:44,+918039183877,+917103776964,VOICE,186,404616626891138,355471411266567,Gujarat_BTS_004,404-45-130-096,Gujarat
CDR202600002138,2025-08-22,09:40:41,+919545471289,+919055171931,VOICE,247,404564840789387,357151127315244,Rajasthan_BTS_015,404-45-612-781,Rajasthan
CDR202600002148,2025-09-30,03:35:31,+917973688976,+917946672758,VOICE,64,404201102655965,352680128559087,UttarPradesh_BTS_001,404-45-234-688,Uttar Pradesh
CDR202600002150,2025-04-11,18:49:05,+919423224659,+918896138180,VOICE,5,404056057394448,356491647676557,Rajasthan_BTS_004,404-45-374-068,Rajasthan
CDR202600002165,2025-08-03,23:56:45,+918338229837,+917810094286,VOICE,97,404852649995050,357753276223110,Karnataka_BTS_004,404-45-160-169,Karnataka
CDR202600002189,2025-10-05,04:44:49,+916861162202,+917820138345,VOICE,127,404969721934546,351218164653593,Gujarat_BTS_002,404-45-328-143,Gujarat
CDR202600002200,2025-10-02,23:44:03,+916297838879,+918131817017,VOICE,353,404728916933710,354412763150004,Karnataka_BTS_001,404-45-767-554,Karnataka
CDR202600002214,2025-01-17,03:47:10,+918262668723,+917871807770,VOICE,125,404704748072306,353406950936535,Rajasthan_BTS_013,404-45-448-115,Rajasthan
CDR202600002217,2025-02-10,15:19:16,+916852060235,+917952198585,SMS,0,404910033907119,356009000301404,Maharashtra_BTS_003,404-45-665-301,Maharashtra
CDR202600002230,2025-03-01,05:33:12,+919697905899,+916341686359,VOICE,137,404372735538715,358029551723814,Gujarat_BTS_001,404-45-859-282,Gujarat
CDR202600002238,2025-12-10,13:53:31,+919303389988,+917200699893,VOICE,108,404960859514954,350692230631326,UttarPradesh_BTS_001,404-45-234-688,Uttar Pradesh
CDR202600002240,2025-05-05,06:46:30,+919477846389,+916018821431,VOICE,277,404007120161986,353204258493266,Mumbai_BTS_004,404-45-980-339,Mumbai
CDR202600002253,2025-11-17,14:13:12,+919426881424,+918579171918,VOICE,164,404596658548425,355258963053031,UttarPradesh_BTS_010,404-45-370-518,Uttar Pradesh
CDR202600002256,2025-04-13,10:04:18,+919303389988,+916839881893,VOICE,93,404960859514954,350692230631326,Gujarat_BTS_004,404-45-130-096,Gujarat
CDR202600002264,2025-01-30,22:15:57,+916819928720,+918921497101,VOICE,174,404369008379726,356843493209092,Maharashtra_BTS_007,404-45-314-687,Maharashtra
CDR202600002268,2025-03-08,22:39:39,+919099598940,+916250502536,VOICE,9,404531790205242,355935654281283,Maharashtra_BTS_008,404-45-799-664,Maharashtra
CDR202600002272,2025-04-22,16:08:52,+919618161445,+918186295994,VOICE,21,404616899884825,350492301019331,Mumbai_BTS_010,404-45-919-883,Mumbai
CDR202600002275,2025-11-05,12:24:30,+919181847107,+917880755294,SMS,0,404022838669790,355636680853785,Mumbai_BTS_005,404-45-626-244,Mumbai
CDR202600002292,2025-02-18,20:17:51,+919163521709,+917852566106,SMS,0,404452351344498,353089370007914,WestBengal_BTS_002,404-45-205-363,West Bengal
CDR202600002296,2025-05-09,02:27:55,+917434154675,+917896773158,VOICE,47,404445617148525,356473063817390,Maharashtra_BTS_007,404-45-473-167,Maharashtra
CDR202600002305,2025-08-30,03:35:32,+918133493776,+919272430756,VOICE,242,404851434879460,357292330025722,Karnataka_BTS_003,404-45-597-493,Karnataka
CDR202600002314,2025-09-27,17:14:55,+917196407916,+918111670819,VOICE,7,404937102756234,356619429087337,Rajasthan_BTS_004,404-45-374-068,Rajasthan
CDR202600002317,2025-07-21,22:10:49,+917607617556,+918796161147,SMS,0,404766757077546,359430394663120,Mumbai_BTS_011,404-45-243-433,Mumbai
CDR202600002330,2025-09-07,03:29:42,+918448815061,+916616441279,VOICE,129,404216675510917,352001361434447,Maharashtra_BTS_004,404-45-821-072,Maharashtra
CDR202600002338,2025-12-22,02:02:28,+919661983775,+918727218356,VOICE,263,404392157751956,358578702559333,Rajasthan_BTS_007,404-45-697-409,Rajasthan
CDR202600002343,2025-08-08,00:07:33,+916320978567,+916226722085,VOICE,36,404677225297095,354444271585769,WestBengal_BTS_001,404-45-981-041,West Bengal
CDR202600002354,2025-08-22,01:13:58,+917221606897,+916226722085,VOICE,149,404148061648631,357336098013521,Maharashtra_BTS_004,404-45-691-197,Maharashtra
CDR202600002364,2025-09-05,20:35:27,+917310983111,+916287861707,VOICE,84,404773058174668,350742010959527,Mumbai_BTS_012,404-45-553-828,Mumbai
CDR202600002368,2025-12-20,19:30:48,+919509967774,+919755692262,VOICE,31,404289699415715,351259704035406,UttarPradesh_BTS_007,404-45-779-107,Uttar Pradesh
CDR202600002371,2025-06-02,20:14:36,+919689954668,+917956695406,VOICE,89,404962482169580,354487431859263,UttarPradesh_BTS_004,404-45-170-901,Uttar Pradesh
CDR202600002376,2025-12-30,16:34:49,+918682207748,+919099798724,SMS,0,404524374478372,350218309222213,Gujarat_BTS_006,404-45-833-666,Gujarat
CDR202600002390,2025-03-25,02:50:08,+918072472026,+917744360064,SMS,0,404613574841356,354063040153955,Maharashtra_BTS_002,404-45-967-353,Maharashtra
CDR202600002394,2025-11-17,03:06:58,+918073269811,+919108328332,VOICE,6,404228986043786,356501440284578,UttarPradesh_BTS_015,404-45-954-379,Uttar Pradesh
CDR202600002405,2025-08-04,08:03:29,+917716888285,+917050477573,MISSED,0,404194690073490,358896376963715,UttarPradesh_BTS_010,404-45-749-874,Uttar Pradesh
CDR202600002419,2025-02-20,18:55:55,+919767607703,+917896773158,SMS,0,404539689578494,355822235079438,Rajasthan_BTS_009,404-45-742-164,Rajasthan
CDR202600002445,2025-06-27,20:14:25,+918677835293,+918193179590,VOICE,195,404914110856479,359942593657521,Gujarat_BTS_007,404-45-106-778,Gujarat
CDR202600002483,2025-09-10,20:37:20,+917280030183,+916793257571,VOICE,84,404331547448022,350357150200566,Mumbai_BTS_002,404-45-702-226,Mumbai
CDR202600002486,2025-09-23,14:40:26,+916527716275,+918160543442,VOICE,91,404039207313020,355304345762499,Rajasthan_BTS_019,404-45-951-827,Rajasthan
CDR202600002511,2025-12-26,21:14:35,+918438901003,+919063194499,VOICE,275,404300837083033,353626590330348,Maharashtra_BTS_006,404-45-489-285,Maharashtra
CDR202600002517,2025-07-02,15:58:39,+919390373823,+916309299966,VOICE,51,404644299712659,357932801799654,Maharashtra_BTS_003,404-45-665-301,Maharashtra
CDR202600002526,2025-01-12,11:11:44,+916459441639,+917407396126,VOICE,29,404565046361968,353802504484345,Gujarat_BTS_007,404-45-325-460,Gujarat
CDR202600002550,2025-10-29,10:03:38,+917597324779,+917492037123,SMS,0,404864899645981,351852185975068,Karnataka_BTS_002,404-45-195-949,Karnataka
CDR202600002574,2025-04-26,11:25:03,+918234659344,+919544100830,VOICE,33,404045370086611,351830211436526,Rajasthan_BTS_016,404-45-619-624,Rajasthan
CDR202600002589,2025-05-24,20:34:43,+916952248854,+919966441687,VOICE,190,404704924831411,352062509939558,Karnataka_BTS_005,404-45-565-293,Karnataka
CDR202600002594,2025-09-08,21:57:46,+918591390562,+918431994101,VOICE,110,404289043181611,356642606958209,Maharashtra_BTS_004,404-45-146-678,Maharashtra
CDR202600002605,2025-07-02,10:40:29,+916233045738,+918147651676,SMS,0,404749275730228,351383067069519,Karnataka_BTS_006,404-45-848-803,Karnataka
CDR202600002606,2025-08-13,02:54:42,+916768200913,+918329411462,VOICE,15,404313833588735,353694004035084,UttarPradesh_BTS_012,404-45-233-653,Uttar Pradesh
CDR202600002611,2025-05-23,06:46:56,+919976782155,+916484393957,VOICE,145,404964747345476,358908149840555,Rajasthan_BTS_015,404-45-612-781,Rajasthan
CDR202600002630,2025-02-16,07:30:10,+919390373823,+916332772736,SMS,0,404644299712659,357932801799654,UttarPradesh_BTS_009,404-45-719-216,Uttar Pradesh
CDR202600002655,2025-02-17,02:00:49,+919647420415,+916125151698,VOICE,44,404583565986167,356635328145473,UttarPradesh_BTS_006,404-45-726-827,Uttar Pradesh
CDR202600002662,2025-07-26,02:45:12,+919372873392,+917717802928,VOICE,103,404301993167344,357991519174120,Rajasthan_BTS_001,404-45-670-225,Rajasthan
CDR202600002670,2025-05-06,07:27:41,+916441047693,+917008729392,VOICE,75,404403124328809,356044295639635,Mumbai_BTS_001,404-45-446-022,Mumbai
CDR202600002677,2025-09-23,16:08:55,+919018461351,+916769659872,VOICE,225,404773704391020,350784103760163,Rajasthan_BTS_009,404-45-742-164,Rajasthan
CDR202600002680,2025-11-03,21:13:23,+918775342521,+918438901003,VOICE,25,404069546113957,358349384137243,TamilNadu_BTS_001,404-45-698-489,Tamil Nadu
CDR202600002690,2025-05-03,12:53:06,+919377120878,+916379581696,VOICE,66,404701041975815,359742313395500,UttarPradesh_BTS_010,404-45-370-518,Uttar Pradesh
CDR202600002693,2025-12-28,22:36:40,+919689954668,+919180671494,VOICE,68,404962482169580,354487431859263,WestBengal_BTS_001,404-45-981-041,West Bengal
CDR202600002695,2025-09-11,05:26:47,+918147651676,+919354279372,SMS,0,404074397792308,356894263910237,Delhi_BTS_003,404-45-662-170,Delhi
CDR202600002703,2025-08-07,00:46:11,+916000914011,+918164818580,VOICE,26,404219362934400,355106855474818,Delhi_BTS_001,404-45-999-581,Delhi
CDR202600002723,2025-03-19,09:14:14,+919679681556,+919956147272,VOICE,133,404834365364532,352544019717877,Maharashtra_BTS_005,404-45-181-876,Maharashtra
CDR202600002742,2025-01-22,06:22:10,+917103776964,+917942536517,VOICE,38,404530150497959,353207339910650,Rajasthan_BTS_013,404-45-448-115,Rajasthan
CDR202600002745,2025-12-28,07:18:07,+916958390940,+916073749554,VOICE,34,404195388387238,354038903299819,Maharashtra_BTS_004,404-45-691-197,Maharashtra
CDR202600002750,2025-10-03,02:49:09,+916066479338,+919854946946,VOICE,402,404418186803806,350839520122067,Delhi_BTS_005,404-45-830-320,Delhi
CDR202600002752,2025-01-27,13:19:29,+918424306321,+919489279282,VOICE,58,404391110267778,352098774732455,TamilNadu_BTS_003,404-45-170-610,Tamil Nadu
CDR202600002755,2025-10-15,22:37:12,+918172548486,+919862546050,VOICE,71,404030644263963,354835062021205,Mumbai_BTS_009,404-45-162-413,Mumbai
CDR202600002766,2025-09-28,11:23:06,+919075161331,+916844606377,VOICE,2,404356067612154,350210830750689,Rajasthan_BTS_002,404-45-334-842,Rajasthan
CDR202600002778,2025-03-21,01:45:03,+916936307693,+919049670765,MISSED,0,404096814373519,352192386454181,Maharashtra_BTS_001,404-45-204-095,Maharashtra
CDR202600002779,2025-12-19,12:25:31,+917187868573,+917308966740,VOICE,2,404627015887651,359742573947384,Maharashtra_BTS_003,404-45-487-081,Maharashtra
CDR202600002785,2025-09-18,10:13:42,+919400214959,+918458539805,SMS,0,404917512744523,351313884892468,Rajasthan_BTS_004,404-45-680-898,Rajasthan
CDR202600002811,2025-08-08,05:44:56,+918428693441,+916135137130,VOICE,18,404346110155635,355146295612850,Mumbai_BTS_007,404-45-348-804,Mumbai
CDR202600002841,2025-06-20,14:57:49,+916221853444,+917546122102,VOICE,14,404277527896595,353725340162219,Rajasthan_BTS_008,404-45-981-113,Rajasthan
CDR202600002891,2025-01-01,14:30:58,+917375204266,+919555689741,SMS,0,404591100185168,352649383236383,UttarPradesh_BTS_010,404-45-749-874,Uttar Pradesh
CDR202600002892,2025-04-20,15:20:14,+916745094791,+918880931140,VOICE,61,404378019335813,359450630006133,Karnataka_BTS_005,404-45-371-949,Karnataka
CDR202600002894,2025-01-13,11:17:24,+919692416168,+916094464673,VOICE,415,404734933003080,353043476314577,UttarPradesh_BTS_006,404-45-726-827,Uttar Pradesh
CDR202600002896,2025-01-02,02:59:35,+918731777683,+916094464673,VOICE,12,404161397789995,351548608516084,Mumbai_BTS_004,404-45-980-339,Mumbai
CDR202600002908,2025-05-10,02:24:20,+918031255582,+916267473352,VOICE,377,404268961323383,353810545469945,WestBengal_BTS_001,404-45-981-041,West Bengal
CDR202600002947,2025-01-07,07:10:39,+919376485855,+917019160684,VOICE,94,404565806038870,350490320845893,Mumbai_BTS_012,404-45-553-828,Mumbai
CDR202600002978,2025-05-12,07:49:33,+916971406889,+919959778125,VOICE,193,404645349583587,351090702398496,WestBengal_BTS_003,404-45-735-768,West Bengal
CDR202600002991,2025-09-06,09:01:49,+918131817017,+919736199877,MISSED,0,404564349993226,359943580131031,Rajasthan_BTS_010,404-45-710-066,Rajasthan
CDR202600002994,2025-05-17,18:24:35,+918410989542,+916195507250,VOICE,62,404701491397937,359804555133351,Gujarat_BTS_005,404-45-716-028,Gujarat
CDR202600002997,2025-02-04,23:05:19,+918107066285,+919451505924,VOICE,52,404549174076855,358850283648944,Mumbai_BTS_007,404-45-196-100,Mumbai
CDR202600003001,2025-11-30,02:47:16,+918279910426,+917159170816,SMS,0,404145706757068,354004430320884,Karnataka_BTS_006,404-45-669-678,Karnataka
CDR202600003005,2025-04-05,18:56:34,+917928757125,+919511281693,VOICE,19,404103112033440,355031819125696,UttarPradesh_BTS_001,404-45-234-688,Uttar Pradesh
CDR202600003029,2025-05-14,19:06:00,+919689954668,+918328382428,VOICE,9,404962482169580,354487431859263,WestBengal_BTS_002,404-45-315-699,West Bengal
CDR202600003040,2025-01-16,23:51:41,+919339014138,+919670105203,VOICE,142,404772538230336,357958112155162,Rajasthan_BTS_019,404-45-471-900,Rajasthan
CDR202600003053,2025-08-18,05:20:23,+919718897270,+916446542749,SMS,0,404801134284088,350389702821913,Rajasthan_BTS_006,404-45-651-270,Rajasthan
CDR202600003059,2025-08-15,13:23:59,+916213343596,+919108645215,VOICE,151,404281537805585,359075711559117,Mumbai_BTS_008,404-45-462-434,Mumbai
CDR202600003083,2025-07-08,23:08:00,+916441047693,+917211243517,SMS,0,404403124328809,356044295639635,Mumbai_BTS_011,404-45-573-256,Mumbai
CDR202600003089,2025-10-16,03:27:54,+919828369317,+918581127730,VOICE,10,404209807041905,356698355620429,UttarPradesh_BTS_001,404-45-371-406,Uttar Pradesh
CDR202600003096,2025-12-10,20:31:38,+919747114779,+919828369317,VOICE,262,404820652665732,350791452464685,Maharashtra_BTS_002,404-45-718-271,Maharashtra
CDR202600003121,2025-02-19,02:10:25,+919377120878,+918059254461,MISSED,0,404701041975815,359742313395500,Gujarat_BTS_008,404-45-814-433,Gujarat
CDR202600003124,2025-10-22,18:43:12,+919459397528,+918734604354,VOICE,215,404633147939824,351769383072143,WestBengal_BTS_004,404-45-522-026,West Bengal
CDR202600003153,2025-03-19,10:42:47,+918531346220,+916800799878,VOICE,113,404118394307607,353235689793281,Gujarat_BTS_002,404-45-854-105,Gujarat
CDR202600003163,2025-11-25,01:38:24,+916626975384,+919366935694,VOICE,99,404603335093413,356560950964877,UttarPradesh_BTS_003,404-45-202-076,Uttar Pradesh
CDR202600003165,2025-07-31,22:40:28,+919920286616,+917790056636,VOICE,367,404334067496118,352595996466851,Delhi_BTS_003,404-45-371-541,Delhi
CDR202600003170,2025-08-15,10:20:39,+918063291832,+918954038504,VOICE,114,404101312343304,353874721730106,Rajasthan_BTS_004,404-45-680-898,Rajasthan
CDR202600003198,2025-10-17,07:08:53,+917360643477,+917885171272,VOICE,41,404406046402592,352070789348818,Rajasthan_BTS_011,404-45-796-739,Rajasthan
CDR202600003207,2025-02-18,16:27:30,+917414691368,+919288218118,VOICE,166,404922679365096,356119480005584,Rajasthan_BTS_009,404-45-911-697,Rajasthan
CDR202600003216,2025-03-17,03:16:34,+918193962511,+919973453066,VOICE,95,404706461434176,353427959588833,Rajasthan_BTS_013,404-45-448-115,Rajasthan
CDR202600003233,2025-03-27,08:05:24,+919246017276,+918459684294,VOICE,23,404955578018250,353312364975355,TamilNadu_BTS_004,404-45-513-123,Tamil Nadu
CDR202600003245,2025-01-02,20:12:16,+918741550706,+917835301377,VOICE,143,404503668221584,357972942224507,TamilNadu_BTS_004,404-45-513-123,Tamil Nadu
CDR202600003256,2025-02-11,09:39:47,+917080446357,+919345231893,VOICE,20,404112206146329,357907845855140,Rajasthan_BTS_015,404-45-208-892,Rajasthan
CDR202600003263,2025-08-17,16:56:30,+918572617340,+919817322357,VOICE,176,404069695747566,354934513671538,Delhi_BTS_002,404-45-878-546,Delhi
CDR202600003264,2025-03-26,11:17:14,+916040197081,+916015450890,SMS,0,404410923528424,359667456124028,WestBengal_BTS_001,404-45-915-996,West Bengal
CDR202600003280,2025-09-15,12:00:14,+919129556308,+919918592240,VOICE,46,404845264801961,354017740038605,Maharashtra_BTS_001,404-45-881-345,Maharashtra
CDR202600003292,2025-02-22,08:14:37,+919101709809,+918777999535,SMS,0,404248438256940,350527444926061,Mumbai_BTS_007,404-45-516-195,Mumbai
CDR202600003295,2025-12-26,06:33:44,+917942954531,+916413888082,VOICE,107,404650434236517,350342140837127,Maharashtra_BTS_007,404-45-473-167,Maharashtra
CDR202600003307,2025-02-08,07:49:46,+916426267031,+916235313934,VOICE,728,404475978442295,354217692142284,Maharashtra_BTS_007,404-45-750-855,Maharashtra
CDR202600003329,2025-01-07,05:24:21,+917750018186,+919976782155,VOICE,42,404501555353412,359396441541553,Mumbai_BTS_006,404-45-319-553,Mumbai
CDR202600003330,2025-10-31,23:45:59,+916905381930,+916953509233,VOICE,64,404212525937477,354731518995808,Rajasthan_BTS_013,404-45-448-115,Rajasthan
CDR202600003333,2025-12-08,15:11:41,+918067547792,+916774681896,VOICE,133,404988185105364,353571536690383,UttarPradesh_BTS_015,404-45-954-379,Uttar Pradesh
CDR202600003339,2025-01-30,19:55:17,+919463589346,+918649972048,VOICE,120,404281626195882,357819998802282,Maharashtra_BTS_002,404-45-967-353,Maharashtra
CDR202600003353,2025-05-10,00:27:50,+918495824226,+919921797910,VOICE,8,404900690737171,358171900032438,Rajasthan_BTS_010,404-45-641-258,Rajasthan
CDR202600003374,2025-12-09,12:47:48,+919345231893,+916798129927,VOICE,62,404841123582734,357477266962404,Rajasthan_BTS_008,404-45-981-113,Rajasthan
CDR202600003378,2025-01-13,04:24:55,+918353347141,+918227674221,VOICE,115,404141482495734,359326501519875,TamilNadu_BTS_006,404-45-678-536,Tamil Nadu
CDR202600003387,2025-05-25,22:47:03,+918537191794,+919726146663,VOICE,131,404002422058820,359844095525162,Gujarat_BTS_002,404-45-854-105,Gujarat
CDR202600003391,2025-12-29,11:10:05,+916983699346,+918881577009,VOICE,47,404622798947285,359512766727633,Mumbai_BTS_007,404-45-196-100,Mumbai
CDR202600003394,2025-01-22,20:50:32,+917765785944,+919579579446,VOICE,3,404900824727003,352958580177614,Mumbai_BTS_002,404-45-107-073,Mumbai
CDR202600003405,2025-10-29,15:05:24,+919285621806,+917576776951,VOICE,261,404778581566861,352768920226468,Mumbai_BTS_006,404-45-319-553,Mumbai
CDR202600003417,2025-07-13,16:55:36,+919611058482,+916710095087,SMS,0,404397536453971,356864902196456,Rajasthan_BTS_010,404-45-494-391,Rajasthan
CDR202600003420,2025-09-14,03:39:18,+919990782892,+918168929275,VOICE,44,404515736538903,352655559422146,Maharashtra_BTS_003,404-45-487-081,Maharashtra
CDR202600003429,2025-01-22,17:42:06,+917422237345,+919390373823,VOICE,26,404708579347132,355258184002898,UttarPradesh_BTS_007,404-45-779-107,Uttar Pradesh
CDR202600003430,2025-04-03,19:22:20,+919181703697,+917454988072,SMS,0,404195778210088,353461687222650,UttarPradesh_BTS_012,404-45-233-653,Uttar Pradesh
CDR202600003451,2025-07-28,01:10:04,+917163892412,+918763928240,VOICE,96,404498940236266,351307609436868,Rajasthan_BTS_004,404-45-835-323,Rajasthan
CDR202600003457,2025-04-22,10:27:46,+916426267031,+918107852297,VOICE,167,404475978442295,354217692142284,Mumbai_BTS_003,404-45-334-070,Mumbai
CDR202600003480,2025-06-30,07:48:04,+917780325783,+919946024602,VOICE,86,404164446601476,354093762640831,Maharashtra_BTS_004,404-45-821-072,Maharashtra
CDR202600003499,2025-10-13,12:08:12,+916326848177,+918524303999,VOICE,147,404712650699626,354766394915316,UttarPradesh_BTS_003,404-45-618-272,Uttar Pradesh
CDR202600003514,2025-10-19,20:37:45,+917984486630,+919423224659,VOICE,108,404747401527620,352090246229585,Gujarat_BTS_004,404-45-130-096,Gujarat
CDR202600003524,2025-05-24,14:33:11,+917780325783,+919806847893,MISSED,0,404164446601476,354093762640831,Rajasthan_BTS_005,404-45-505-906,Rajasthan
CDR202600003542,2025-04-27,00:16:48,+917038470095,+917334939603,VOICE,120,404641044073124,358452025917614,UttarPradesh_BTS_007,404-45-370-119,Uttar Pradesh
CDR202600003556,2025-12-18,02:33:51,+918952299802,+918256204328,VOICE,56,404088211228662,359063481682908,Rajasthan_BTS_004,404-45-374-068,Rajasthan
CDR202600003558,2025-12-29,07:39:56,+918640766313,+917658963970,VOICE,28,404114225325318,354687508795612,Mumbai_BTS_004,404-45-980-339,Mumbai
CDR202600003588,2025-01-11,06:17:25,+918132420926,+916855875174,VOICE,374,404387050182283,354164549934649,Maharashtra_BTS_009,404-45-646-747,Maharashtra
CDR202600003590,2025-05-10,22:51:14,+917086977227,+919374224651,VOICE,51,404938549862668,350460394261425,Maharashtra_BTS_003,404-45-487-081,Maharashtra
CDR202600003606,2025-01-18,00:08:12,+916226722085,+919246342306,VOICE,18,404836931057959,355341273638834,UttarPradesh_BTS_002,404-45-568-324,Uttar Pradesh
CDR202600003621,2025-04-07,05:52:33,+918696518496,+919119720105,VOICE,79,404446955706436,351926192706658,Mumbai_BTS_011,404-45-573-256,Mumbai
CDR202600003676,2025-12-31,05:01:42,+918538843571,+917043792440,VOICE,16,404206489042599,351324945079884,UttarPradesh_BTS_001,404-45-371-406,Uttar Pradesh
CDR202600003697,2025-03-16,16:33:24,+918223902580,+918707948369,SMS,0,404432903766024,352106779268990,UttarPradesh_BTS_008,404-45-860-567,Uttar Pradesh
CDR202600003706,2025-01-14,21:06:00,+917487718089,+916198707620,VOICE,186,404826245811395,359966168411168,Rajasthan_BTS_002,404-45-334-842,Rajasthan
CDR202600003738,2025-11-03,04:22:41,+919784324511,+919566359010,VOICE,21,404281608168273,355128110797975,Rajasthan_BTS_003,404-45-924-324,Rajasthan
CDR202600003740,2025-03-18,15:47:50,+917074198970,+918022731031,VOICE,92,404477849815790,354160536076765,UttarPradesh_BTS_003,404-45-618-272,Uttar Pradesh
CDR202600003742,2025-06-22,01:06:01,+917937550668,+919377120878,VOICE,98,404328676535974,356532030347240,Rajasthan_BTS_006,404-45-651-270,Rajasthan
CDR202600003761,2025-02-24,18:24:22,+917550376749,+917705202761,VOICE,59,404405467670011,351957557063964,Maharashtra_BTS_008,404-45-173-624,Maharashtra
CDR202600003765,2025-10-01,02:23:04,+919734777957,+916774681896,VOICE,30,404779775730719,354472772580202,Karnataka_BTS_007,404-45-322-992,Karnataka
CDR202600003773,2025-05-26,16:53:51,+918839351733,+917168861743,VOICE,1,404434701797103,352822367321741,Karnataka_BTS_005,404-45-371-949,Karnataka
CDR202600003783,2025-07-30,09:00:27,+918370544176,+917895319354,VOICE,7,404963045049213,353377459547785,Mumbai_BTS_008,404-45-520-479,Mumbai
CDR202600003787,2025-09-17,22:30:04,+919298342479,+919008469775,VOICE,432,404499213326899,350199550923964,Mumbai_BTS_010,404-45-296-195,Mumbai
CDR202600003799,2025-08-19,04:09:43,+919377120878,+919839346283,VOICE,76,404701041975815,350956831409566,WestBengal_BTS_004,404-45-522-026,West Bengal
CDR202600003804,2025-11-22,01:31:40,+919403517017,+917273264578,VOICE,97,404056792584486,354897105480658,UttarPradesh_BTS_011,404-45-533-850,Uttar Pradesh
CDR202600003810,2025-04-20,03:58:43,+917263065584,+918883222397,VOICE,408,404658295943072,350665706596039,Rajasthan_BTS_005,404-45-771-512,Rajasthan
CDR202600003833,2025-10-16,23:23:03,+917087455813,+917537891077,VOICE,353,404625100793347,358823910068242,Mumbai_BTS_005,404-45-626-244,Mumbai
CDR202600003859,2025-05-19,08:16:09,+919374503236,+917286980871,VOICE,50,404857020911440,358662047118741,Delhi_BTS_006,404-45-548-922,Delhi
CDR202600003865,2025-08-01,13:43:33,+916095157832,+918335471524,VOICE,371,404728148143910,353656618075195,UttarPradesh_BTS_007,404-45-370-119,Uttar Pradesh
CDR202600003905,2025-07-03,16:00:48,+916165076230,+919049670765,VOICE,162,404311269258694,359698754726304,UttarPradesh_BTS_007,404-45-370-119,Uttar Pradesh
CDR202600003914,2025-11-16,17:05:15,+917337108774,+916983699346,VOICE,46,404426261353363,353146080431707,UttarPradesh_BTS_006,404-45-726-827,Uttar Pradesh
CDR202600003916,2025-11-27,21:39:00,+919908157868,+919278967532,VOICE,159,404537432601418,352958370998978,Maharashtra_BTS_008,404-45-799-664,Maharashtra
CDR202600003930,2025-09-07,13:17:00,+919624875422,+919099868243,MISSED,0,404693021700541,359730236632243,UttarPradesh_BTS_002,404-45-869-959,Uttar Pradesh
CDR202600003940,2025-09-26,04:21:42,+919329483006,+916400781858,VOICE,89,404393251572345,358623258535247,Rajasthan_BTS_011,404-45-796-739,Rajasthan
CDR202600003950,2025-07-14,10:50:29,+918386857947,+919963923994,VOICE,124,404078416980158,354034089734219,Maharashtra_BTS_005,404-45-891-297,Maharashtra
CDR202600003951,2025-11-18,17:38:28,+919494750641,+919063742023,VOICE,264,404345499519823,353087814193491,UttarPradesh_BTS_005,404-45-261-449,Uttar Pradesh
CDR202600003957,2025-09-26,23:01:01,+917735506680,+918916760794,VOICE,155,404180501337592,357499946852853,Maharashtra_BTS_009,404-45-350-168,Maharashtra
CDR202600003977,2025-01-16,17:52:04,+917880755294,+917268282089,SMS,0,404391065804089,352332040789068,TamilNadu_BTS_002,404-45-620-083,Tamil Nadu
CDR202600003982,2025-06-05,04:13:46,+917254669580,+917557471809,VOICE,21,404149895694775,350347430915997,Delhi_BTS_004,404-45-652-774,Delhi
CDR202600003992,2025-10-09,12:02:27,+918434942218,+918678579997,MISSED,0,404851572477207,352079025471309,UttarPradesh_BTS_001,404-45-371-406,Uttar Pradesh
CDR202600004008,2025-11-07,02:23:33,+917744360064,+917222344178,VOICE,162,404009175258690,352818688184978,Rajasthan_BTS_007,404-45-470-225,Rajasthan
CDR202600004020,2025-08-20,20:25:21,+918897183146,+916720582936,VOICE,180,404171778971064,357654444675242,Maharashtra_BTS_001,404-45-204-095,Maharashtra
CDR202600004030,2025-02-03,01:18:42,+917620189013,+919545242691,VOICE,82,404110564517382,356869118324438,Delhi_BTS_004,404-45-652-774,Delhi
CDR202600004086,2025-08-04,02:21:40,+917649825655,+919728579661,VOICE,103,404225121543262,356001570762089,Delhi_BTS_004,404-45-847-707,Delhi
CDR202600004103,2025-06-09,15:06:44,+919714716749,+918130444799,VOICE,148,404251363074611,357579241740146,Maharashtra_BTS_003,404-45-949-644,Maharashtra
CDR202600004116,2025-03-30,12:24:48,+917057305763,+917139435997,SMS,0,404434453836044,352803608790508,UttarPradesh_BTS_006,404-45-108-684,Uttar Pradesh
CDR202600004127,2025-07-28,23:08:30,+919303389988,+919606231711,SMS,0,404960859514954,350692230631326,WestBengal_BTS_008,404-45-979-482,West Bengal
CDR202600004144,2025-02-04,16:56:56,+916091455166,+919019032610,VOICE,69,404738664035538,359818375998851,UttarPradesh_BTS_003,404-45-202-076,Uttar Pradesh
CDR202600004145,2025-06-05,08:07:05,+919774343936,+919689869300,SMS,0,404951666746468,354407829397723,Delhi_BTS_006,404-45-223-254,Delhi
CDR202600004147,2025-08-03,02:58:51,+916899271434,+918365467938,VOICE,403,404421629476650,357285006818961,Maharashtra_BTS_001,404-45-881-345,Maharashtra
CDR202600004150,2025-06-05,15:13:17,+918130444799,+919677377861,VOICE,18,404626996628807,356707391539797,Maharashtra_BTS_005,404-45-181-876,Maharashtra
CDR202600004169,2025-07-22,14:22:52,+919181703697,+916182088860,VOICE,175,404195778210088,353461687222650,Maharashtra_BTS_005,404-45-891-297,Maharashtra
CDR202600004178,2025-02-03,09:27:31,+918843361572,+919992796199,VOICE,14,404280030376925,351660676405719,UttarPradesh_BTS_003,404-45-202-076,Uttar Pradesh
CDR202600004190,2025-10-06,08:57:15,+917860543707,+919217831562,SMS,0,404214297745828,351542504159989,Mumbai_BTS_006,404-45-319-553,Mumbai
CDR202600004199,2025-09-28,08:49:14,+917098137294,+917234811101,VOICE,7,404311729274074,357085147391442,UttarPradesh_BTS_006,404-45-726-827,Uttar Pradesh
CDR202600004207,2025-05-03,09:17:58,+919585471670,+919271437076,VOICE,327,404899547635794,352424294650474,UttarPradesh_BTS_012,404-45-233-653,Uttar Pradesh
CDR202600004235,2025-04-09,06:49:03,+918306648434,+919581250815,VOICE,263,404489972321682,351254448422946,Gujarat_BTS_008,404-45-448-285,Gujarat
CDR202600004241,2025-07-24,19:29:23,+919181703697,+919353709779,MISSED,0,404195778210088,353461687222650,Karnataka_BTS_004,404-45-985-411,Karnataka
CDR202600004262,2025-07-21,10:18:24,+918162606199,+918373340094,MISSED,0,404401946268946,358070891815511,Maharashtra_BTS_006,404-45-987-104,Maharashtra
CDR202600004266,2025-10-19,00:53:29,+916769659872,+916790845663,VOICE,29,404477243766572,357392726908890,Rajasthan_BTS_012,404-45-798-907,Rajasthan
CDR202600004273,2025-03-08,12:32:27,+917626526174,+918036813239,VOICE,109,404389859076199,357601285089590,Delhi_BTS_003,404-45-533-988,Delhi
CDR202600004324,2025-10-23,02:02:12,+917274550287,+916971406889,VOICE,144,404847037780590,357248787990325,Rajasthan_BTS_004,404-45-316-936,Rajasthan
CDR202600004327,2025-02-21,14:47:37,+918234659344,+917366221937,VOICE,3,404045370086611,351830211436526,TamilNadu_BTS_001,404-45-158-052,Tamil Nadu
CDR202600004337,2025-03-14,16:31:03,+916813309827,+917036109640,VOICE,16,404152622140339,354824286608994,Delhi_BTS_003,404-45-533-988,Delhi
CDR202600004339,2025-02-23,19:25:23,+919417825315,+917646562501,MISSED,0,404545009765161,355227105734410,Maharashtra_BTS_002,404-45-926-045,Maharashtra
CDR202600004383,2025-05-14,07:05:01,+919769906305,+918954038504,VOICE,195,404883306578749,359941460443616,Rajasthan_BTS_012,404-45-798-907,Rajasthan
CDR202600004407,2025-01-06,13:12:46,+917001748325,+919299425699,VOICE,245,404211859203924,355046932190873,Rajasthan_BTS_018,404-45-713-332,Rajasthan
CDR202600004434,2025-08-19,12:48:20,+916138269495,+919792901335,MISSED,0,404066709678054,357073027438579,UttarPradesh_BTS_007,404-45-370-119,Uttar Pradesh
CDR202600004451,2025-08-07,07:16:17,+916459441639,+918550108931,VOICE,126,404565046361968,353802504484345,Karnataka_BTS_006,404-45-669-678,Karnataka
CDR202600004458,2025-11-19,11:17:11,+919892401423,+919548918958,VOICE,52,404745223060966,352241164919958,Gujarat_BTS_008,404-45-814-433,Gujarat
CDR202600004473,2025-11-26,18:16:03,+917806464417,+916593493207,VOICE,19,404441017823209,356132288893077,UttarPradesh_BTS_007,404-45-779-107,Uttar Pradesh
CDR202600004492,2025-02-25,18:54:44,+918407317690,+916938174319,VOICE,31,404328511152985,358813516346780,Karnataka_BTS_005,404-45-102-400,Karnataka
CDR202600004527,2025-08-23,06:05:16,+917512519174,+919956147272,VOICE,155,404592075178758,352508536337751,Rajasthan_BTS_005,404-45-771-512,Rajasthan
CDR202600004528,2025-10-21,06:34:11,+917691728825,+919582303603,SMS,0,404010972084597,357918586892171,Rajasthan_BTS_015,404-45-612-781,Rajasthan
CDR202600004561,2025-03-13,05:22:12,+917913725296,+916502651629,VOICE,68,404655173379642,350982553980871,Mumbai_BTS_003,404-45-334-070,Mumbai
CDR202600004565,2025-06-18,08:20:45,+916306053410,+919927061768,VOICE,183,404518670939366,350739963840208,Rajasthan_BTS_010,404-45-710-480,Rajasthan
CDR202600004569,2025-10-14,06:25:03,+919271437076,+918088194577,VOICE,100,404258355879605,350977320006271,Rajasthan_BTS_001,404-45-670-225,Rajasthan
CDR202600004574,2025-07-16,04:44:37,+916800799878,+919896185791,VOICE,133,404508789995907,350962914019392,Rajasthan_BTS_008,404-45-981-113,Rajasthan
CDR202600004577,2025-02-12,17:06:54,+917797590950,+919298342479,VOICE,23,404363576290828,355299542232771,UttarPradesh_BTS_008,404-45-860-567,Uttar Pradesh
CDR202600004583,2025-12-20,11:32:00,+916532038696,+919771057849,VOICE,102,404017659901753,356408909530522,UttarPradesh_BTS_003,404-45-650-219,Uttar Pradesh
CDR202600004585,2025-11-18,09:54:01,+919997519753,+917818124613,VOICE,38,404657347375993,352695658726012,Rajasthan_BTS_001,404-45-376-948,Rajasthan
CDR202600004588,2025-03-16,15:25:42,+916636863156,+918867938108,VOICE,515,404652074524965,358252347842938,UttarPradesh_BTS_007,404-45-999-138,Uttar Pradesh
CDR202600004608,2025-08-12,12:13:40,+916796962812,+918579171918,VOICE,303,404562761219617,357566444338433,TamilNadu_BTS_005,404-45-734-084,Tamil Nadu
CDR202600004614,2025-11-13,14:33:55,+918649972048,+918264015215,VOICE,179,404729167024194,350113479402455,UttarPradesh_BTS_014,404-45-214-078,Uttar Pradesh
CDR202600004628,2025-08-25,18:49:26,+917780325783,+919884362437,VOICE,21,404164446601476,354093762640831,WestBengal_BTS_005,404-45-785-885,West Bengal
CDR202600004657,2025-11-29,14:00:48,+919741991240,+919545242691,VOICE,10,404704833964804,359776872279952,UttarPradesh_BTS_010,404-45-308-704,Uttar Pradesh
CDR202600004680,2025-01-03,20:39:22,+919326665043,+917421487237,VOICE,360,404023156221920,357316736382837,Rajasthan_BTS_001,404-45-755-705,Rajasthan
CDR202600004690,2025-01-06,08:08:49,+917086977227,+919896364238,VOICE,35,404938549862668,350460394261425,WestBengal_BTS_001,404-45-981-041,West Bengal
CDR202600004692,2025-01-15,21:13:39,+918891324975,+916382761185,VOICE,75,404956405381482,354581524425335,UttarPradesh_BTS_012,404-45-441-790,Uttar Pradesh
CDR202600004711,2025-12-22,18:23:37,+916037748225,+918250075519,SMS,0,404007004894495,354521178527438,Mumbai_BTS_002,404-45-702-226,Mumbai
CDR202600004722,2025-05-26,16:56:42,+918319944674,+918088924530,SMS,0,404806274449316,353720449121324,Rajasthan_BTS_015,404-45-612-781,Rajasthan
CDR202600004733,2025-04-26,15:56:25,+917458741648,+918085627006,VOICE,4,404376061087820,356078130499542,UttarPradesh_BTS_013,404-45-552-565,Uttar Pradesh
CDR202600004741,2025-01-16,12:18:54,+917757582173,+917254669580,SMS,0,404462311991092,354997104848494,WestBengal_BTS_005,404-45-901-954,West Bengal
CDR202600004742,2025-12-09,19:23:02,+919256264316,+918794336450,VOICE,62,404504327748677,356164543648007,TamilNadu_BTS_006,404-45-423-958,Tamil Nadu
CDR202600004774,2025-10-08,10:43:33,+918896666392,+917625921832,VOICE,9,404442857906071,358857565771302,TamilNadu_BTS_006,404-45-678-536,Tamil Nadu
CDR202600004789,2025-07-27,21:23:27,+917673174980,+917546122102,VOICE,19,404790059399435,356271115979092,Mumbai_BTS_011,404-45-287-286,Mumbai
CDR202600004796,2025-01-07,22:38:39,+918750445092,+918816931545,VOICE,310,404829745533858,358188229109013,Karnataka_BTS_004,404-45-985-411,Karnataka
CDR202600004801,2025-12-31,01:06:50,+917160405940,+918280443904,VOICE,14,404802451264106,351347876309057,TamilNadu_BTS_006,404-45-367-210,Tamil Nadu
CDR202600004802,2025-11-27,06:29:27,+917790056636,+919268613037,SMS,0,404234553874690,359037807415142,Rajasthan_BTS_002,404-45-334-842,Rajasthan
CDR202600004805,2025-07-26,07:37:31,+919680592121,+918814625585,VOICE,14,404922890774884,355302417199376,Rajasthan_BTS_006,404-45-651-270,Rajasthan
CDR202600004820,2025-03-28,18:59:58,+917033743556,+918677835293,VOICE,198,404552918981175,351254731911273,Gujarat_BTS_007,404-45-928-891,Gujarat
CDR202600004823,2025-02-14,08:37:07,+918697898187,+918072135898,VOICE,61,404467516568109,358789375961594,Gujarat_BTS_008,404-45-448-285,Gujarat
CDR202600004829,2025-10-24,09:21:51,+916658692045,+917555664956,SMS,0,404234260469728,353529291510620,Mumbai_BTS_007,404-45-348-804,Mumbai
CDR202600004891,2025-06-07,12:40:06,+916618794445,+917765785944,VOICE,48,404023856599305,356046545386272,Karnataka_BTS_004,404-45-160-169,Karnataka
CDR202600004899,2025-12-18,11:13:16,+916838615374,+917592506456,VOICE,226,404146837781473,359507212306013,UttarPradesh_BTS_012,404-45-233-653,Uttar Pradesh
CDR202600004949,2025-03-13,13:59:22,+919976782155,+917075710577,VOICE,34,404964747345476,358908149840555,Rajasthan_BTS_015,404-45-282-520,Rajasthan
CDR202600005002,2025-03-18,19:49:19,+917857821690,+918677835293,VOICE,72,404474824623148,356996748154088,Gujarat_BTS_007,404-45-106-778,Gujarat
CDR202600005012,2025-03-02,12:28:40,+917942162887,+917283986142,VOICE,53,404865522755612,357455484508593,Maharashtra_BTS_003,404-45-665-301,Maharashtra
CDR202600005024,2025-12-23,15:48:30,+918833257053,+916304446754,MISSED,0,404786964348745,358902452793983,Gujarat_BTS_007,404-45-106-778,Gujarat
CDR202600005031,2025-11-19,07:29:16,+917025879219,+919784562292,VOICE,128,404090657671795,352469159841886,Rajasthan_BTS_013,404-45-400-446,Rajasthan
CDR202600005071,2025-08-08,20:23:37,+918825273229,+918211470496,VOICE,143,404960432794442,351062848382677,TamilNadu_BTS_006,404-45-423-958,Tamil Nadu
CDR202600005090,2025-02-12,12:07:19,+919824790863,+919272145577,VOICE,76,404416879527523,359533008354103,Maharashtra_BTS_008,404-45-818-960,Maharashtra
CDR202600005093,2025-11-16,15:49:09,+916529654829,+918671402590,VOICE,3,404384978487769,357818120830154,Mumbai_BTS_012,404-45-553-828,Mumbai
CDR202600005098,2025-06-29,10:05:48,+916754654913,+917900254663,VOICE,142,404242924507871,359034901587459,Rajasthan_BTS_012,404-45-798-907,Rajasthan
CDR202600005103,2025-07-03,15:28:02,+917103776964,+917991463057,VOICE,211,404530150497959,353207339910650,WestBengal_BTS_003,404-45-735-768,West Bengal
CDR202600005119,2025-07-02,21:00:38,+918199977756,+919753757178,VOICE,82,404581447848589,354214512868394,WestBengal_BTS_002,404-45-315-699,West Bengal
CDR202600005165,2025-11-11,18:28:28,+917738290593,+919539055439,VOICE,55,404230632140623,351607000124724,Maharashtra_BTS_005,404-45-891-297,Maharashtra
CDR202600005167,2025-03-17,06:45:59,+916768200913,+918535636291,VOICE,9,404313833588735,353694004035084,Delhi_BTS_002,404-45-231-676,Delhi
CDR202600005181,2025-01-10,23:23:17,+916031761341,+916125151698,VOICE,246,404017554314530,358108802096879,UttarPradesh_BTS_007,404-45-999-138,Uttar Pradesh
CDR202600005209,2025-06-22,06:14:05,+918386091313,+918335058737,VOICE,236,404974745885057,358247032222118,Rajasthan_BTS_016,404-45-303-157,Rajasthan
CDR202600005222,2025-06-17,07:44:20,+916971406889,+919048380289,MISSED,0,404645349583587,351090702398496,UttarPradesh_BTS_003,404-45-736-577,Uttar Pradesh
CDR202600005229,2025-05-28,14:35:48,+919840755464,+919241275576,VOICE,3,404840801033483,350312434611115,Mumbai_BTS_007,404-45-516-195,Mumbai
CDR202600005234,2025-01-31,00:17:37,+917715450816,+919582575393,VOICE,7,404559483795776,350885665599265,Rajasthan_BTS_017,404-45-880-166,Rajasthan
CDR202600005245,2025-06-02,14:11:20,+918270857685,+916033933059,VOICE,99,404717231005437,358524930868103,UttarPradesh_BTS_002,404-45-174-010,Uttar Pradesh
CDR202600005253,2025-12-27,19:57:59,+918242925726,+919985607330,VOICE,10,404576188919100,351088955299347,Mumbai_BTS_007,404-45-348-804,Mumbai
CDR202600005268,2025-05-18,03:31:05,+919359072417,+916703033328,SMS,0,404403557837976,356387708962174,UttarPradesh_BTS_010,404-45-749-874,Uttar Pradesh
CDR202600005296,2025-01-14,01:38:04,+919730978351,+917464104824,VOICE,105,404177482451144,356892784736811,UttarPradesh_BTS_011,404-45-533-850,Uttar Pradesh
CDR202600005297,2025-04-08,04:59:34,+917004087939,+919345231893,VOICE,42,404659928901355,351645451136991,Maharashtra_BTS_003,404-45-665-301,Maharashtra
CDR202600005299,2025-10-22,22:18:37,+916161835472,+916199842463,MISSED,0,404339551139975,351450210155876,Maharashtra_BTS_009,404-45-646-747,Maharashtra
CDR202600005307,2025-06-18,19:40:17,+918335471524,+917224475724,VOICE,57,404943595860397,350947287373773,Maharashtra_BTS_002,404-45-967-353,Maharashtra
CDR202600005339,2025-10-21,06:10:49,+918082727130,+918350930426,VOICE,364,404561637739296,358104866098819,UttarPradesh_BTS_014,404-45-214-078,Uttar Pradesh
CDR202600005374,2025-08-25,19:17:15,+918450421025,+919262912742,VOICE,327,404120665410878,352578688306582,TamilNadu_BTS_006,404-45-367-210,Tamil Nadu
CDR202600005386,2025-04-14,16:28:45,+918308876815,+919091919808,VOICE,25,404532777429085,356191787627590,WestBengal_BTS_002,404-45-315-699,West Bengal
CDR202600005390,2025-09-09,13:51:18,+918637615964,+919692520668,VOICE,225,404194317692160,354713602428393,Mumbai_BTS_011,404-45-995-946,Mumbai
CDR202600005396,2025-10-31,16:05:20,+916740546469,+916980575992,VOICE,117,404185240185165,356913338176746,TamilNadu_BTS_006,404-45-423-958,Tamil Nadu
CDR202600005431,2025-05-07,21:42:18,+917289419800,+918818572450,VOICE,214,404112073248463,351163565557351,Rajasthan_BTS_004,404-45-835-323,Rajasthan
CDR202600005435,2025-08-04,02:50:39,+918699860828,+918347908058,VOICE,28,404176648155085,356695365403140,WestBengal_BTS_009,404-45-304-837,West Bengal
CDR202600005442,2025-04-03,21:37:16,+916791902612,+916289877077,SMS,0,404187542153932,357741164304432,Rajasthan_BTS_003,404-45-924-324,Rajasthan
CDR202600005447,2025-01-03,10:41:57,+919941240635,+919835223456,VOICE,84,404429628875403,351968390974092,Maharashtra_BTS_001,404-45-204-095,Maharashtra
CDR202600005448,2025-08-30,07:05:19,+919946024602,+918937701015,SMS,0,404753780775281,354995454129495,TamilNadu_BTS_004,404-45-513-123,Tamil Nadu
CDR202600005464,2025-06-24,19:08:20,+917283214177,+917984465285,VOICE,7,404438543830103,359012617354469,Mumbai_BTS_008,404-45-155-690,Mumbai
CDR202600005492,2025-09-29,02:49:05,+919155344474,+918877660189,VOICE,87,404503313065769,350694325357474,TamilNadu_BTS_001,404-45-614-942,Tamil Nadu
CDR202600005504,2025-04-13,08:27:55,+916113148304,+917962085136,VOICE,12,404630342360375,355106872697450,WestBengal_BTS_001,404-45-415-374,West Bengal
CDR202600005509,2025-04-23,04:54:47,+918439739609,+917103776964,VOICE,6,404131003875349,353470700208177,Maharashtra_BTS_007,404-45-473-167,Maharashtra
CDR202600005540,2025-01-26,22:11:39,+916101094421,+919349326213,VOICE,115,404540278138947,354038409418467,Delhi_BTS_002,404-45-231-676,Delhi
CDR202600005541,2025-07-16,10:00:46,+918814573027,+916426267031,VOICE,50,404841274955080,358976630787115,Rajasthan_BTS_006,404-45-862-575,Rajasthan
CDR202600005569,2025-08-21,19:00:28,+917320631408,+917895319354,VOICE,64,404460123555542,356626899784581,Rajasthan_BTS_015,404-45-612-781,Rajasthan
CDR202600005573,2025-06-12,06:14:27,+916189719849,+918648141140,VOICE,364,404324916420853,359599442281731,Rajasthan_BTS_005,404-45-771-512,Rajasthan
CDR202600005603,2025-10-04,17:33:17,+918324188515,+918870582917,VOICE,164,404375625759776,350904256606265,WestBengal_BTS_002,404-45-205-363,West Bengal
CDR202600005609,2025-07-02,01:50:05,+916865666250,+919913552129,VOICE,26,404997208978606,359756898986666,UttarPradesh_BTS_010,404-45-370-518,Uttar Pradesh
CDR202600005624,2025-01-11,12:58:13,+918533993196,+918338229837,VOICE,259,404906231110945,356546402482028,Delhi_BTS_006,404-45-629-463,Delhi
CDR202600005645,2025-01-29,10:37:25,+916351928626,+918319944674,VOICE,71,404051072792631,356666532104504,Rajasthan_BTS_007,404-45-697-409,Rajasthan
CDR202600005710,2025-06-11,17:34:20,+917641578442,+917532385974,VOICE,141,404285715018784,357620574890450,Karnataka_BTS_005,404-45-902-804,Karnataka
CDR202600005714,2025-07-20,20:11:22,+916769659872,+917210531478,VOICE,214,404477243766572,357392726908890,Delhi_BTS_002,404-45-231-676,Delhi
CDR202600005732,2025-04-07,18:05:33,+918126695147,+918236349159,VOICE,118,404041698103623,358786032984526,Rajasthan_BTS_005,404-45-505-906,Rajasthan
CDR202600005764,2025-09-25,22:41:11,+917760388083,+918482999849,SMS,0,404631246222753,354608669477689,Rajasthan_BTS_007,404-45-697-409,Rajasthan
CDR202600005774,2025-11-18,16:50:09,+916768200913,+918479787216,VOICE,49,404313833588735,353694004035084,Mumbai_BTS_010,404-45-919-883,Mumbai
CDR202600005790,2025-06-14,13:20:15,+918741550706,+917785659592,VOICE,8,404503668221584,357972942224507,Rajasthan_BTS_005,404-45-505-906,Rajasthan
CDR202600005806,2025-08-28,22:47:20,+919831927521,+918825273229,VOICE,17,404403464011108,356476621516836,Maharashtra_BTS_004,404-45-146-678,Maharashtra
CDR202600005844,2025-06-06,18:48:49,+916094464673,+919238748012,VOICE,2,404599164637727,356279009551155,Mumbai_BTS_011,404-45-287-286,Mumbai
CDR202600005883,2025-04-02,01:58:32,+918358788542,+918664560732,VOICE,113,404208787621240,357538089324466,Maharashtra_BTS_008,404-45-799-664,Maharashtra
CDR202600005891,2025-06-02,16:15:22,+917913725296,+919649030126,VOICE,315,404655173379642,350982553980871,Delhi_BTS_002,404-45-935-071,Delhi
CDR202600005903,2025-11-04,20:52:42,+918556790007,+917310983111,VOICE,16,404385226873922,350596388065154,UttarPradesh_BTS_013,404-45-822-438,Uttar Pradesh
CDR202600005913,2025-01-28,10:17:09,+917173526045,+918725135227,VOICE,11,404260239063110,354702425585516,Karnataka_BTS_002,404-45-195-949,Karnataka
CDR202600005929,2025-11-13,05:17:44,+918222634792,+917839242505,SMS,0,404131867722694,359501224179723,Delhi_BTS_002,404-45-884-129,Delhi
CDR202600005937,2025-10-13,09:25:14,+918754129192,+916412740660,VOICE,36,404055842071051,352190012135173,WestBengal_BTS_002,404-45-315-699,West Bengal
CDR202600005948,2025-08-19,15:06:23,+917075309757,+919828369317,VOICE,17,404242927884205,352342848835412,WestBengal_BTS_002,404-45-205-363,West Bengal
CDR202600005949,2025-11-19,17:58:23,+918875862579,+919055781480,SMS,0,404294482917768,352239118056114,Rajasthan_BTS_015,404-45-208-892,Rajasthan
CDR202600005951,2025-04-21,11:52:24,+918234659344,+916027599622,VOICE,132,404045370086611,351830211436526,UttarPradesh_BTS_013,404-45-265-760,Uttar Pradesh
CDR202600005961,2025-02-09,13:58:03,+916038164772,+917657219015,VOICE,509,404132082877428,356072837704782,WestBengal_BTS_002,404-45-355-683,West Bengal
CDR202600005965,2025-08-11,10:01:48,+917740841180,+917940002407,SMS,0,404982658525554,359574687676495,Gujarat_BTS_003,404-45-704-433,Gujarat
CDR202600005985,2025-07-09,15:29:42,+919810794668,+919627533531,VOICE,243,404017994591933,357232101469938,Karnataka_BTS_003,404-45-597-493,Karnataka
CDR202600006021,2025-11-02,23:08:26,+917384387838,+918236349159,MISSED,0,404325600373291,351469415133815,Rajasthan_BTS_004,404-45-316-936,Rajasthan
CDR202600006031,2025-06-15,15:03:04,+918431807124,+919327809757,MISSED,0,404998750374856,353601089189253,Delhi_BTS_006,404-45-223-254,Delhi
CDR202600006041,2025-10-28,11:51:09,+919399655345,+918335471524,MISSED,0,404971775561489,356636499761154,Rajasthan_BTS_004,404-45-835-323,Rajasthan
CDR202600006062,2025-06-19,04:31:45,+919303120647,+917487113707,VOICE,21,404046005642058,353607007884020,Rajasthan_BTS_019,404-45-119-115,Rajasthan
CDR202600006066,2025-11-23,00:03:09,+917585992429,+917171842568,VOICE,170,404294556422072,356973154224603,Maharashtra_BTS_002,404-45-199-368,Maharashtra
CDR202600006080,2025-11-15,06:27:42,+917716209582,+918886151686,VOICE,95,404012597104691,358993457188569,WestBengal_BTS_005,404-45-521-822,West Bengal
CDR202600006100,2025-05-31,01:34:34,+917032778271,+918696518496,VOICE,54,404023973921419,359651570447851,Rajasthan_BTS_015,404-45-612-781,Rajasthan
CDR202600006111,2025-06-06,15:49:57,+917367096138,+917365515369,VOICE,303,404893788173918,358491033763340,Maharashtra_BTS_002,404-45-199-368,Maharashtra
CDR202600006112,2025-09-14,09:41:09,+917451446996,+918914201301,VOICE,4,404481744767569,352933724934641,Mumbai_BTS_009,404-45-162-413,Mumbai
CDR202600006117,2025-04-11,21:56:46,+918112610547,+919429605845,VOICE,90,404947155305976,355406498907866,Rajasthan_BTS_006,404-45-242-253,Rajasthan
CDR202600006137,2025-06-14,22:25:49,+918018025637,+919238161805,VOICE,109,404684672207627,358094890871782,Rajasthan_BTS_008,404-45-981-113,Rajasthan
CDR202600006143,2025-09-13,11:52:00,+917744360064,+916000451669,VOICE,107,404009175258690,352818688184978,Rajasthan_BTS_003,404-45-924-324,Rajasthan
CDR202600006155,2025-01-29,05:38:50,+917686334518,+917572256043,VOICE,62,404917929528871,359346373807954,UttarPradesh_BTS_001,404-45-371-406,Uttar Pradesh
CDR202600006159,2025-12-19,02:35:42,+917111609810,+917765785944,VOICE,126,404874927193935,353227390686985,Mumbai_BTS_007,404-45-584-827,Mumbai
CDR202600006176,2025-02-10,14:41:23,+918693933815,+917524615211,VOICE,92,404388681996356,353511120762246,Karnataka_BTS_002,404-45-195-949,Karnataka
CDR202600006222,2025-11-09,13:39:48,+918428693441,+919625629308,VOICE,179,404346110155635,355146295612850,Maharashtra_BTS_009,404-45-646-747,Maharashtra
CDR202600006236,2025-08-04,19:48:29,+916320978567,+917274550287,VOICE,52,404677225297095,354444271585769,WestBengal_BTS_005,404-45-785-885,West Bengal
CDR202600006243,2025-07-25,08:34:53,+916146244903,+918649972048,SMS,0,404747678304852,353675589664984,Rajasthan_BTS_009,404-45-742-164,Rajasthan
CDR202600006256,2025-02-20,21:07:13,+917634959653,+917880755294,VOICE,7,404371579682099,357709956059200,Rajasthan_BTS_017,404-45-897-945,Rajasthan
CDR202600006259,2025-07-21,17:22:49,+918419363668,+919997519753,VOICE,38,404880218378473,352069309566481,UttarPradesh_BTS_010,404-45-370-518,Uttar Pradesh
CDR202600006273,2025-02-24,00:42:11,+919594314492,+919400214959,SMS,0,404009696311585,351264393399618,Mumbai_BTS_002,404-45-702-226,Mumbai
CDR202600006289,2025-07-05,12:08:20,+917476814913,+916239203362,VOICE,210,404820230367579,354224225462502,UttarPradesh_BTS_005,404-45-478-292,Uttar Pradesh
CDR202600006297,2025-07-19,13:18:52,+918787249162,+918886151686,VOICE,46,404841835665323,358278979951745,Rajasthan_BTS_012,404-45-798-907,Rajasthan
CDR202600006348,2025-12-16,16:53:13,+916413888082,+918915046080,VOICE,34,404053087508063,354035906170731,WestBengal_BTS_002,404-45-315-699,West Bengal
CDR202600006379,2025-03-20,06:03:49,+918696518496,+919080000268,MISSED,0,404446955706436,351926192706658,Maharashtra_BTS_003,404-45-949-644,Maharashtra
CDR202600006384,2025-02-03,04:43:47,+918649972048,+919524120926,VOICE,177,404729167024194,354276436560927,Rajasthan_BTS_007,404-45-470-225,Rajasthan
CDR202600006397,2025-08-30,08:37:45,+918311138648,+918364246419,MISSED,0,404879771481631,352327270327494,Rajasthan_BTS_019,404-45-414-246,Rajasthan
CDR202600006399,2025-10-13,22:24:05,+919533878042,+917877532780,SMS,0,404817092051627,356906097490463,Gujarat_BTS_005,404-45-716-028,Gujarat
CDR202600006406,2025-12-27,09:46:18,+916094464673,+917700900060,VOICE,146,404599164637727,356279009551155,WestBengal_BTS_003,404-45-266-820,West Bengal
CDR202600006407,2025-04-23,23:29:53,+919631665676,+917086977227,MISSED,0,404715119648426,356638460601468,Gujarat_BTS_008,404-45-814-433,Gujarat
CDR202600006421,2025-10-02,15:22:30,+917537891077,+917387471512,VOICE,55,404714731371397,358775507928771,Rajasthan_BTS_009,404-45-742-164,Rajasthan
CDR202600006441,2025-02-01,14:35:31,+917418992908,+917114445865,VOICE,103,404898511297569,355242957187276,TamilNadu_BTS_003,404-45-170-610,Tamil Nadu
CDR202600006477,2025-06-26,16:13:13,+919260394257,+916745720308,VOICE,199,404673103385771,358478852390172,Karnataka_BTS_003,404-45-270-417,Karnataka
CDR202600006494,2025-09-30,16:40:41,+917529071926,+918052155736,SMS,0,404700536957454,353764527260375,UttarPradesh_BTS_002,404-45-869-959,Uttar Pradesh
CDR202600006504,2025-07-11,10:41:47,+919965469996,+919397945494,VOICE,711,404717496830282,359012297042647,Gujarat_BTS_006,404-45-833-666,Gujarat
CDR202600006525,2025-03-07,00:20:19,+916500714924,+917333351003,VOICE,63,404735955345011,353270298981204,Rajasthan_BTS_014,404-45-564-004,Rajasthan
CDR202600006528,2025-09-13,08:54:00,+919281751844,+917849205056,VOICE,98,404043958219375,351870197548711,Rajasthan_BTS_010,404-45-641-258,Rajasthan
CDR202600006529,2025-08-27,05:39:37,+918310460462,+918942896065,VOICE,72,404376649331652,354775998622848,Karnataka_BTS_005,404-45-902-804,Karnataka
CDR202600006570,2025-12-14,22:30:27,+918899007800,+916945270946,VOICE,147,404130608450420,354671212764471,Karnataka_BTS_006,404-45-835-499,Karnataka
CDR202600006571,2025-06-29,14:19:02,+917959151181,+919215789083,SMS,0,404159918415729,352770492947839,Maharashtra_BTS_001,404-45-204-095,Maharashtra
CDR202600006597,2025-05-12,17:22:29,+919993606910,+916720582936,VOICE,182,404597044252285,358371855747537,Rajasthan_BTS_009,404-45-742-164,Rajasthan
CDR202600006607,2025-10-08,11:30:17,+917037343729,+917351038836,VOICE,39,404754841845926,359792451631806,Mumbai_BTS_009,404-45-162-413,Mumbai
CDR202600006642,2025-01-22,05:31:48,+917796809094,+917526040352,VOICE,161,404115837684216,358897507098989,WestBengal_BTS_003,404-45-266-820,West Bengal
CDR202600006661,2025-02-21,04:38:43,+916562108246,+917139435997,VOICE,140,404327738390276,355153740521855,Rajasthan_BTS_007,404-45-241-522,Rajasthan
CDR202600006666,2025-12-21,05:31:00,+919819571871,+917218983467,VOICE,125,404355836021342,355751092131608,Rajasthan_BTS_009,404-45-911-697,Rajasthan
CDR202600006673,2025-04-01,00:14:55,+918846724960,+916604663553,SMS,0,404859731340120,357253920127798,Mumbai_BTS_011,404-45-287-286,Mumbai
CDR202600006678,2025-12-03,01:36:31,+916322777315,+917487113707,VOICE,132,404455037514358,357994144569630,Delhi_BTS_005,404-45-830-320,Delhi
CDR202600006686,2025-09-16,06:21:30,+916000914011,+917843703401,VOICE,39,404219362934400,355106855474818,Rajasthan_BTS_009,404-45-911-697,Rajasthan
CDR202600006703,2025-04-15,11:37:38,+918954038504,+917816533597,VOICE,21,404221356291183,359618824659252,UttarPradesh_BTS_011,404-45-533-850,Uttar Pradesh
CDR202600006713,2025-05-30,10:51:10,+917852429981,+917801519560,SMS,0,404850734370087,355970453702560,UttarPradesh_BTS_007,404-45-999-138,Uttar Pradesh
CDR202600006719,2025-09-15,18:57:13,+916644086226,+918337336887,VOICE,10,404139802471292,351990294831756,Delhi_BTS_001,404-45-999-581,Delhi
CDR202600006747,2025-05-25,23:38:07,+917691247999,+918547037424,VOICE,285,404424539989228,351596209600217,UttarPradesh_BTS_008,404-45-860-567,Uttar Pradesh
CDR202600006756,2025-02-15,19:03:03,+917221606897,+917473011798,VOICE,39,404148061648631,357336098013521,Rajasthan_BTS_014,404-45-564-004,Rajasthan
CDR202600006769,2025-08-05,12:26:46,+919774395988,+918838571798,VOICE,179,404971996935727,358176648509917,WestBengal_BTS_002,404-45-205-363,West Bengal
CDR202600006786,2025-01-27,18:45:17,+917163892412,+917702040182,VOICE,335,404498940236266,351307609436868,Rajasthan_BTS_011,404-45-796-739,Rajasthan
CDR202600006814,2025-10-24,16:44:02,+916500966217,+919530476674,VOICE,28,404513498964879,359482753954458,Rajasthan_BTS_016,404-45-619-624,Rajasthan
CDR202600006823,2025-12-16,09:36:14,+918981533864,+918475421677,SMS,0,404266293801277,358746292005518,Gujarat_BTS_007,404-45-106-778,Gujarat
CDR202600006826,2025-08-18,00:24:52,+919221973267,+916391671682,VOICE,133,404681683585856,353850616454544,WestBengal_BTS_003,404-45-266-820,West Bengal
CDR202600006848,2025-10-04,11:23:04,+917903072759,+919469952682,VOICE,157,404085818174766,352360035698036,UttarPradesh_BTS_004,404-45-170-901,Uttar Pradesh
CDR202600006861,2025-01-05,10:51:16,+917375530261,+919316737376,VOICE,29,404156411350746,355238630437835,Maharashtra_BTS_004,404-45-146-678,Maharashtra
CDR202600006871,2025-10-05,06:16:00,+916085015997,+918570799172,SMS,0,404700286147360,351008448341612,UttarPradesh_BTS_011,404-45-357-928,Uttar Pradesh
CDR202600006876,2025-02-02,15:30:34,+919976782155,+916603617094,VOICE,7,404964747345476,358908149840555,Mumbai_BTS_012,404-45-553-828,Mumbai
CDR202600006880,2025-12-15,21:10:17,+918380293724,+917966193543,VOICE,42,404710015270753,356608824939040,UttarPradesh_BTS_007,404-45-999-138,Uttar Pradesh
CDR202600006881,2025-02-18,20:47:41,+917804190370,+916329228510,VOICE,81,404410949926344,359697563175291,Karnataka_BTS_008,404-45-693-754,Karnataka
CDR202600006892,2025-05-16,05:39:51,+916643684366,+919181703697,VOICE,61,404663629467052,357362641597789,Karnataka_BTS_007,404-45-294-304,Karnataka
CDR202600006897,2025-03-27,14:18:04,+919244570649,+919303389988,MISSED,0,404615984916354,353045050701565,Delhi_BTS_001,404-45-999-581,Delhi
CDR202600006935,2025-09-18,17:52:32,+917259833994,+917028242355,VOICE,58,404306363934535,353753978039457,Maharashtra_BTS_008,404-45-799-664,Maharashtra
CDR202600006950,2025-10-28,06:43:12,+918449618521,+918706055930,VOICE,17,404685423453438,358764158018139,TamilNadu_BTS_004,404-45-513-123,Tamil Nadu
CDR202600006951,2025-12-24,16:55:32,+919548918958,+918371499488,VOICE,27,404528017635067,356913400110982,Gujarat_BTS_007,404-45-928-891,Gujarat
CDR202600006976,2025-11-26,17:34:59,+916861162202,+919233462132,VOICE,152,404969721934546,351218164653593,Maharashtra_BTS_009,404-45-350-168,Maharashtra
CDR202600006984,2025-11-28,21:13:47,+916566410702,+916793257571,VOICE,60,404832790840193,358074749382953,Karnataka_BTS_005,404-45-902-804,Karnataka
CDR202600006986,2025-03-26,01:25:48,+917038470095,+919806527236,VOICE,10,404641044073124,358452025917614,Rajasthan_BTS_012,404-45-798-907,Rajasthan
CDR202600006997,2025-03-03,05:32:51,+919810694473,+918330178284,VOICE,64,404872781535975,357229268434024,Maharashtra_BTS_003,404-45-665-301,Maharashtra
CDR202600007051,2025-08-26,02:32:32,+916882713712,+917644101464,VOICE,40,404762801608453,354164606441368,Rajasthan_BTS_013,404-45-887-657,Rajasthan
CDR202600007058,2025-02-28,17:00:02,+918539773288,+917866825856,SMS,0,404369435733042,350207444003689,WestBengal_BTS_009,404-45-571-359,West Bengal
CDR202600007062,2025-02-06,18:27:10,+916095157409,+918268162582,SMS,0,404007975713665,359795511387166,Karnataka_BTS_003,404-45-270-417,Karnataka
CDR202600007068,2025-09-01,09:54:45,+919181638587,+918266399146,VOICE,56,404312688128414,355789197212149,Delhi_BTS_003,404-45-662-170,Delhi
CDR202600007069,2025-10-13,19:34:18,+917926205514,+919828369317,VOICE,27,404249082709433,357716154270861,UttarPradesh_BTS_002,404-45-568-324,Uttar Pradesh
CDR202600007092,2025-05-20,11:03:41,+919559914098,+919441420171,VOICE,13,404452169766147,359986347962415,Rajasthan_BTS_015,404-45-282-520,Rajasthan
CDR202600007103,2025-12-30,00:53:42,+918059254461,+919072974918,SMS,0,404888119550635,356538571947020,Gujarat_BTS_008,404-45-814-433,Gujarat
CDR202600007125,2025-06-25,09:02:28,+916094464673,+918797918308,VOICE,62,404599164637727,356279009551155,Delhi_BTS_002,404-45-878-546,Delhi
CDR202600007130,2025-07-24,11:08:28,+919272145577,+917248823984,VOICE,211,404073846799198,354859186804604,UttarPradesh_BTS_007,404-45-999-138,Uttar Pradesh
CDR202600007140,2025-03-12,07:12:20,+919718897270,+917753706779,VOICE,182,404801134284088,350389702821913,UttarPradesh_BTS_004,404-45-457-903,Uttar Pradesh
CDR202600007142,2025-05-05,02:26:33,+917521892055,+918677835293,VOICE,111,404537003246926,351091949746668,UttarPradesh_BTS_005,404-45-261-449,Uttar Pradesh
CDR202600007145,2025-06-19,22:33:05,+918875844526,+918371986975,VOICE,14,404296529625618,350218892558653,UttarPradesh_BTS_010,404-45-749-874,Uttar Pradesh
CDR202600007148,2025-10-21,23:58:55,+919520134074,+919983610904,VOICE,78,404634145303106,353391215714902,Rajasthan_BTS_001,404-45-670-225,Rajasthan
CDR202600007152,2025-07-16,12:32:05,+916213343596,+917364876856,VOICE,128,404281537805585,359075711559117,Karnataka_BTS_002,404-45-195-949,Karnataka
CDR202600007156,2025-07-01,07:21:21,+917680370136,+917467444699,VOICE,274,404653279250896,353659174290920,UttarPradesh_BTS_011,404-45-357-928,Uttar Pradesh
CDR202600007171,2025-09-24,00:20:47,+916226722085,+919423650476,VOICE,213,404836931057959,355341273638834,Rajasthan_BTS_007,404-45-697-409,Rajasthan
CDR202600007199,2025-09-25,20:16:39,+917685568330,+917295640664,VOICE,29,404538801443233,356861719798878,WestBengal_BTS_004,404-45-283-755,West Bengal
CDR202600007207,2025-02-20,10:39:48,+917864386715,+917806464417,VOICE,47,404022502616968,358467179480061,Mumbai_BTS_011,404-45-243-433,Mumbai
CDR202600007230,2025-01-28,19:25:36,+918651184767,+916415475036,VOICE,49,404283399635555,357239402697025,WestBengal_BTS_003,404-45-258-948,West Bengal
CDR202600007234,2025-07-09,20:54:59,+917721379693,+916971406889,VOICE,239,404917159343191,358184157580678,Karnataka_BTS_005,404-45-371-949,Karnataka
CDR202600007244,2025-05-23,15:59:59,+918989303311,+917514152556,VOICE,43,404610866901945,355525483390402,UttarPradesh_BTS_006,404-45-726-827,Uttar Pradesh
CDR202600007264,2025-04-20,02:36:12,+918658461644,+917691247999,VOICE,61,404380815456907,351059005907709,Rajasthan_BTS_019,404-45-471-900,Rajasthan
CDR202600007275,2025-08-31,22:55:10,+919075161331,+916067868194,VOICE,161,404356067612154,350210830750689,TamilNadu_BTS_003,404-45-169-692,Tamil Nadu
CDR202600007276,2025-03-29,12:28:48,+916334790658,+917790056636,SMS,0,404559973297443,350229226452787,Maharashtra_BTS_001,404-45-204-095,Maharashtra
CDR202600007281,2025-05-12,01:11:35,+919620828570,+919231347091,VOICE,192,404112112093737,350880859605098,Maharashtra_BTS_008,404-45-799-664,Maharashtra
CDR202600007296,2025-02-15,22:54:00,+918865064080,+918118211392,VOICE,331,404083406065701,358595787502901,Delhi_BTS_004,404-45-652-774,Delhi
CDR202600007321,2025-05-29,03:54:30,+916512189673,+917880755294,SMS,0,404659807987610,350615379577800,Rajasthan_BTS_015,404-45-282-520,Rajasthan
CDR202600007325,2025-02-11,23:44:09,+918751468234,+918705621158,VOICE,405,404630476705783,356889764045973,Rajasthan_BTS_004,404-45-316-936,Rajasthan
CDR202600007345,2025-12-26,10:52:26,+917242809396,+919376485855,VOICE,40,404665321834734,354188777487445,Karnataka_BTS_005,404-45-902-804,Karnataka
CDR202600007373,2025-02-24,14:31:20,+917145904181,+917646010353,VOICE,32,404344789717454,350784042724474,Maharashtra_BTS_008,404-45-173-624,Maharashtra
CDR202600007379,2025-08-07,18:33:49,+917880755294,+919439765292,SMS,0,404391065804089,352332040789068,Rajasthan_BTS_001,404-45-755-705,Rajasthan
CDR202600007393,2025-08-17,01:01:46,+918438901003,+919253446305,VOICE,41,404300837083033,353626590330348,WestBengal_BTS_004,404-45-315-699,West Bengal
CDR202600007415,2025-01-31,18:42:52,+917014159599,+916086249316,VOICE,22,404188876433552,358691609032847,Rajasthan_BTS_006,404-45-246-272,Rajasthan
CDR202600007428,2025-11-26,20:40:51,+917970852104,+916820970779,VOICE,74,404700666167352,354372323952875,Gujarat_BTS_003,404-45-704-433,Gujarat
CDR202600007432,2025-02-19,09:13:19,+919495665521,+918431994101,VOICE,64,404162065760071,352458232732376,Rajasthan_BTS_016,404-45-619-624,Rajasthan
CDR202600007434,2025-03-05,06:32:30,+918965918029,+917608333809,VOICE,94,404598758510959,354722346847797,TamilNadu_BTS_006,404-45-423-958,Tamil Nadu
CDR202600007444,2025-02-11,04:58:58,+917487718089,+918455966058,VOICE,27,404826245811395,359966168411168,WestBengal_BTS_002,404-45-205-363,West Bengal
CDR202600007454,2025-02-02,19:55:11,+918062603613,+918922680663,VOICE,71,404742043806599,357837508623168,Maharashtra_BTS_007,404-45-473-167,Maharashtra
CDR202600007475,2025-03-24,09:41:53,+919183000493,+916703033328,VOICE,296,404409204540723,357881931390994,Delhi_BTS_003,404-45-662-170,Delhi
CDR202600007483,2025-04-23,02:09:59,+919423224659,+919369226374,VOICE,334,404056057394448,356491647676557,Delhi_BTS_003,404-45-662-170,Delhi
CDR202600007521,2025-07-10,08:38:13,+918899034094,+918845953682,VOICE,134,404410394791548,354572144030953,Delhi_BTS_003,404-45-993-622,Delhi
CDR202600007532,2025-03-26,07:41:35,+919314324123,+918130444799,VOICE,115,404453214922814,354163733458592,Karnataka_BTS_005,404-45-902-804,Karnataka
CDR202600007546,2025-10-31,14:38:02,+917528234171,+919921386123,VOICE,17,404498096191357,350850199774429,UttarPradesh_BTS_012,404-45-441-790,Uttar Pradesh
CDR202600007560,2025-02-03,23:10:20,+918490503411,+917361152025,VOICE,31,404244804282797,352767762527009,WestBengal_BTS_001,404-45-230-043,West Bengal
CDR202600007596,2025-06-28,03:38:14,+917494152766,+919728587843,VOICE,36,404562682523090,352056225827578,TamilNadu_BTS_004,404-45-683-253,Tamil Nadu
CDR202600007616,2025-07-30,00:06:07,+918873575114,+916018950497,VOICE,24,404439800657793,353923785915834,TamilNadu_BTS_002,404-45-158-984,Tamil Nadu
CDR202600007618,2025-07-22,05:08:35,+919595758817,+916237834522,VOICE,49,404458226546758,352747654948641,Rajasthan_BTS_001,404-45-376-948,Rajasthan
CDR202600007622,2025-08-11,16:59:21,+916781225121,+916269133279,VOICE,63,404133765568840,352891040026346,Gujarat_BTS_004,404-45-130-096,Gujarat
CDR202600007634,2025-09-21,01:53:50,+917134485784,+919624875422,SMS,0,404092335941132,353500871687732,Rajasthan_BTS_018,404-45-713-332,Rajasthan
CDR202600007635,2025-12-30,14:59:48,+918671851303,+916095157409,VOICE,1,404457182642696,354493985875994,Karnataka_BTS_005,404-45-902-804,Karnataka
CDR202600007653,2025-12-08,20:58:03,+919796117324,+919067451230,VOICE,116,404685783990547,352399652765549,Delhi_BTS_004,404-45-652-774,Delhi
CDR202600007654,2025-04-23,00:53:34,+917038470095,+916344670794,VOICE,49,404641044073124,358452025917614,Mumbai_BTS_010,404-45-919-883,Mumbai
CDR202600007656,2025-11-04,02:38:19,+918080114811,+917024544717,VOICE,23,404334854417223,351349923614129,Delhi_BTS_003,404-45-993-622,Delhi
CDR202600007674,2025-08-05,18:49:24,+918633216339,+918796161147,VOICE,252,404826820893524,357788095024517,Mumbai_BTS_007,404-45-196-100,Mumbai
CDR202600007713,2025-11-20,23:25:58,+917007021862,+919571616534,VOICE,101,404057946374340,351292202130475,Mumbai_BTS_007,404-45-516-195,Mumbai
CDR202600007728,2025-03-16,03:37:35,+918995836672,+917298155258,MISSED,0,404128185788350,353233348871712,Mumbai_BTS_010,404-45-919-883,Mumbai
CDR202600007818,2025-08-14,13:19:34,+919390373823,+917589321523,VOICE,233,404644299712659,357932801799654,Rajasthan_BTS_007,404-45-241-522,Rajasthan
CDR202600007851,2025-10-12,14:16:39,+917537891077,+917545752288,SMS,0,404714731371397,357923048965532,UttarPradesh_BTS_011,404-45-966-053,Uttar Pradesh
CDR202600007869,2025-07-29,03:09:15,+919532894501,+918316322799,SMS,0,404236365049960,353679754169323,Mumbai_BTS_010,404-45-919-883,Mumbai
CDR202600007890,2025-07-28,13:04:06,+918216107925,+918192900940,VOICE,135,404654049951709,358154071202547,UttarPradesh_BTS_004,404-45-457-903,Uttar Pradesh
CDR202600007895,2025-09-06,19:50:04,+917084040031,+918270857685,VOICE,6,404385067766103,355373331493985,Mumbai_BTS_001,404-45-446-022,Mumbai
CDR202600007900,2025-01-31,15:47:23,+918836222906,+916807387424,VOICE,18,404650416712566,354513888116418,Rajasthan_BTS_001,404-45-670-225,Rajasthan
CDR202600007913,2025-05-02,09:45:32,+919936653440,+917195063719,VOICE,55,404741676960888,351553085316102,Rajasthan_BTS_001,404-45-801-333,Rajasthan
CDR202600007960,2025-03-09,18:36:50,+917943900942,+918925576847,VOICE,84,404545529307792,352728878358889,WestBengal_BTS_003,404-45-266-820,West Bengal
CDR202600008025,2025-12-03,09:50:23,+917130873048,+919832911791,SMS,0,404273269345405,359468429586152,Karnataka_BTS_006,404-45-835-499,Karnataka
CDR202600008028,2025-07-02,06:20:43,+917467444699,+917719582304,SMS,0,404839170437940,351847207600726,Rajasthan_BTS_007,404-45-241-522,Rajasthan
CDR202600008043,2025-02-16,15:09:35,+919541078632,+916176261632,VOICE,234,404187617504206,356941933406067,Karnataka_BTS_005,404-45-102-400,Karnataka
CDR202600008058,2025-10-31,10:10:00,+916237834522,+918302224960,SMS,0,404690884726857,359815806300203,Gujarat_BTS_006,404-45-833-666,Gujarat
CDR202600008078,2025-08-28,14:36:38,+918400734583,+916541745855,SMS,0,404334503304313,354309354603287,Delhi_BTS_004,404-45-652-774,Delhi
CDR202600008092,2025-01-29,07:50:03,+918478798838,+919058996208,SMS,0,404634316521496,350531773142970,WestBengal_BTS_001,404-45-415-374,West Bengal
CDR202600008097,2025-09-30,11:58:31,+917289419800,+916138269495,VOICE,386,404112073248463,351163565557351,Rajasthan_BTS_013,404-45-400-446,Rajasthan
CDR202600008110,2025-12-11,03:09:23,+916625071606,+917571067523,VOICE,47,404445459938728,357257330347182,WestBengal_BTS_001,404-45-981-041,West Bengal
CDR202600008115,2025-04-19,03:31:40,+919596305523,+919316737376,VOICE,5,404701017726536,358902738376851,Rajasthan_BTS_017,404-45-897-945,Rajasthan
CDR202600008184,2025-12-13,01:21:33,+919038361051,+916019738669,SMS,0,404115973524821,359194899646784,Karnataka_BTS_005,404-45-371-949,Karnataka
CDR202600008198,2025-02-27,07:09:12,+919628735489,+917866814668,VOICE,20,404073780085336,355936983314124,UttarPradesh_BTS_012,404-45-145-004,Uttar Pradesh
CDR202600008205,2025-09-27,11:19:33,+917553405236,+918875457856,VOICE,25,404973549694467,356093741624822,Rajasthan_BTS_012,404-45-798-907,Rajasthan
CDR202600008206,2025-07-14,03:47:42,+918722680284,+916015450890,VOICE,10,404624194236977,351359593915826,WestBengal_BTS_007,404-45-491-894,West Bengal
CDR202600008211,2025-07-08,17:39:50,+918495071116,+917330670712,VOICE,174,404349215116533,359023935335194,Delhi_BTS_002,404-45-884-129,Delhi
CDR202600008231,2025-11-23,03:43:56,+918859982914,+918395270269,VOICE,88,404932672080780,354793029921705,Karnataka_BTS_006,404-45-848-803,Karnataka
CDR202600008232,2025-07-06,09:38:07,+916803693943,+918464943053,VOICE,58,404942338437775,354421822762447,UttarPradesh_BTS_009,404-45-378-289,Uttar Pradesh
CDR202600008248,2025-09-11,20:31:46,+919894369300,+916085015997,VOICE,30,404538266492618,355091168189029,WestBengal_BTS_005,404-45-785-885,West Bengal
CDR202600008262,2025-12-04,18:02:25,+917926205514,+917487718089,SMS,0,404249082709433,352462917799343,Maharashtra_BTS_004,404-45-691-197,Maharashtra
CDR202600008264,2025-06-12,00:37:28,+916983480372,+919854024332,VOICE,57,404471825872070,354926761999127,Maharashtra_BTS_009,404-45-646-747,Maharashtra
CDR202600008269,2025-11-19,00:39:10,+917785057063,+919606727982,VOICE,99,404594950011869,355884798642136,Rajasthan_BTS_009,404-45-742-164,Rajasthan
CDR202600008277,2025-02-26,04:46:53,+916260635104,+917055782610,SMS,0,404612283039936,352075813507734,Mumbai_BTS_009,404-45-162-413,Mumbai
CDR202600008290,2025-06-01,23:02:53,+918324188515,+917320758280,VOICE,272,404375625759776,350904256606265,Rajasthan_BTS_014,404-45-839-897,Rajasthan
CDR202600008294,2025-11-14,06:47:39,+918407468479,+917111609810,VOICE,252,404146529918829,355661745230251,Rajasthan_BTS_016,404-45-619-624,Rajasthan
CDR202600008311,2025-11-17,14:34:50,+917610693240,+917173674617,SMS,0,404917977376303,354249370616912,UttarPradesh_BTS_002,404-45-568-324,Uttar Pradesh
CDR202600008313,2025-02-03,07:42:57,+918507249617,+917577776432,VOICE,374,404063950460537,353818957116452,Rajasthan_BTS_012,404-45-798-907,Rajasthan
CDR202600008348,2025-04-18,02:24:35,+918118211392,+917143460212,VOICE,57,404929468829220,358071996273930,Rajasthan_BTS_006,404-45-651-270,Rajasthan
CDR202600008351,2025-02-13,03:10:47,+919679142516,+919860882785,VOICE,223,404433463799316,351409774537704,Maharashtra_BTS_008,404-45-173-624,Maharashtra
CDR202600008357,2025-02-18,09:38:32,+918034976738,+917546122102,VOICE,212,404103997174887,354413152719142,Rajasthan_BTS_017,404-45-880-166,Rajasthan
CDR202600008365,2025-02-16,08:15:09,+917880511319,+917591240514,VOICE,8,404076068248369,359346596875020,UttarPradesh_BTS_015,404-45-658-037,Uttar Pradesh
CDR202600008367,2025-08-22,16:46:25,+917974810945,+918615588643,VOICE,26,404729932698921,359354327752267,UttarPradesh_BTS_002,404-45-869-959,Uttar Pradesh
CDR202600008389,2025-08-31,10:25:40,+918886769055,+917860420045,VOICE,29,404420090544038,354929664523607,UttarPradesh_BTS_006,404-45-769-542,Uttar Pradesh
CDR202600008407,2025-12-21,17:44:04,+917885171272,+916025749167,VOICE,19,404250955064612,350308628096569,Gujarat_BTS_005,404-45-338-518,Gujarat
CDR202600008411,2025-10-04,11:31:44,+916861162202,+918319568494,VOICE,4,404969721934546,351218164653593,WestBengal_BTS_003,404-45-342-886,West Bengal
CDR202600008452,2025-03-24,02:23:43,+917578435098,+918677835293,VOICE,196,404577623108240,352376581435508,UttarPradesh_BTS_002,404-45-568-324,Uttar Pradesh
CDR202600008472,2025-01-04,18:43:10,+918649972048,+916375562961,VOICE,684,404729167024194,354276436560927,TamilNadu_BTS_004,404-45-683-253,Tamil Nadu
CDR202600008475,2025-11-25,14:53:53,+917779098299,+919611058482,VOICE,77,404433977280921,350725981945852,Gujarat_BTS_004,404-45-130-096,Gujarat
CDR202600008482,2025-10-09,03:21:31,+916754654913,+919004164594,SMS,0,404242924507871,359034901587459,WestBengal_BTS_003,404-45-735-768,West Bengal
CDR202600008495,2025-04-02,18:06:38,+918433603215,+916983699346,SMS,0,404416291954965,352011261061733,Mumbai_BTS_006,404-45-319-553,Mumbai
CDR202600008517,2025-10-17,22:06:23,+916530266675,+917194014111,VOICE,164,404685904134724,350170451092738,Rajasthan_BTS_016,404-45-303-157,Rajasthan
CDR202600008532,2025-03-12,22:36:03,+919739680293,+917995140318,VOICE,26,404081428471159,353894450591763,Maharashtra_BTS_009,404-45-646-747,Maharashtra
CDR202600008540,2025-05-09,19:54:20,+919169422276,+917310983111,SMS,0,404612241867228,352244712343551,WestBengal_BTS_002,404-45-205-363,West Bengal
CDR202600008563,2025-03-20,09:32:32,+917946672758,+919790449295,VOICE,351,404788202702595,358935572790234,UttarPradesh_BTS_003,404-45-736-577,Uttar Pradesh
CDR202600008594,2025-05-03,07:57:46,+918895947611,+916791902612,VOICE,40,404571631074686,359827685549244,TamilNadu_BTS_004,404-45-513-123,Tamil Nadu
CDR202600008612,2025-11-24,17:10:37,+918719755546,+917546122102,VOICE,6,404739613785281,353913465153655,Rajasthan_BTS_001,404-45-376-948,Rajasthan
CDR202600008645,2025-10-27,14:55:42,+917732595884,+916882713712,VOICE,132,404144024460926,350371123607148,Rajasthan_BTS_010,404-45-641-258,Rajasthan
CDR202600008646,2025-06-18,17:15:49,+918101927440,+917693218292,VOICE,128,404049099115725,354411463592849,Maharashtra_BTS_009,404-45-646-747,Maharashtra
CDR202600008660,2025-03-26,11:18:47,+916930499649,+919226779834,VOICE,275,404589300711742,352628898723142,UttarPradesh_BTS_008,404-45-860-567,Uttar Pradesh
CDR202600008666,2025-09-16,21:30:13,+918775162146,+918223902580,VOICE,273,404317221636562,356113636658156,Gujarat_BTS_006,404-45-833-666,Gujarat
CDR202600008679,2025-05-31,23:19:23,+918897183146,+918720560225,SMS,0,404171778971064,353846291826095,Delhi_BTS_003,404-45-371-541,Delhi
CDR202600008687,2025-02-13,01:27:54,+917627570441,+917744360064,VOICE,16,404850278278713,350954407652124,Karnataka_BTS_005,404-45-102-400,Karnataka
CDR202600008693,2025-01-25,09:43:09,+917173526045,+918452345688,VOICE,24,404260239063110,353966197190675,Delhi_BTS_003,404-45-993-622,Delhi
CDR202600008706,2025-10-09,03:33:11,+918186295994,+919495417194,VOICE,129,404853372962807,350147463819087,UttarPradesh_BTS_008,404-45-860-567,Uttar Pradesh
CDR202600008716,2025-06-19,00:12:41,+917082046364,+918431994101,VOICE,15,404723694030307,350896345047065,Rajasthan_BTS_010,404-45-710-066,Rajasthan
CDR202600008735,2025-02-28,15:25:44,+919594849368,+916938174319,VOICE,24,404812624536468,350835273872658,TamilNadu_BTS_003,404-45-169-692,Tamil Nadu
CDR202600008738,2025-04-23,19:14:38,+917008518494,+919929904035,VOICE,102,404850514466796,356068050777483,WestBengal_BTS_007,404-45-491-894,West Bengal
CDR202600008740,2025-10-01,16:55:47,+916720582936,+917560390861,VOICE,139,404245556217118,353140537561877,WestBengal_BTS_007,404-45-491-894,West Bengal
CDR202600008750,2025-06-27,23:27:31,+916581366088,+916459441639,VOICE,53,404668743781188,352741405343350,UttarPradesh_BTS_013,404-45-552-565,Uttar Pradesh
CDR202600008758,2025-04-02,15:55:38,+917121441593,+919104751868,MISSED,0,404085569060156,357613726708132,TamilNadu_BTS_001,404-45-158-052,Tamil Nadu
CDR202600008783,2025-04-30,17:55:13,+918160820437,+916334656922,VOICE,18,404777336164652,353002529142391,Delhi_BTS_002,404-45-884-129,Delhi
CDR202600008794,2025-08-23,02:31:37,+918640413741,+917478906234,VOICE,98,404937906708418,358983684283049,WestBengal_BTS_009,404-45-304-837,West Bengal
CDR202600008801,2025-10-14,13:52:31,+917167587374,+916094464673,VOICE,85,404117241127105,353328399120163,Karnataka_BTS_007,404-45-322-992,Karnataka
CDR202600008814,2025-10-09,06:31:12,+919343914928,+917643852620,VOICE,76,404950575916425,354543481198247,Rajasthan_BTS_015,404-45-208-892,Rajasthan
CDR202600008840,2025-09-04,16:09:10,+919019032610,+917057475889,VOICE,142,404829339959359,358068801797683,TamilNadu_BTS_001,404-45-614-942,Tamil Nadu
CDR202600008851,2025-04-12,14:41:26,+917815456502,+919384616352,VOICE,175,404781749579750,354975245899530,UttarPradesh_BTS_011,404-45-194-650,Uttar Pradesh
CDR202600008855,2025-03-14,18:06:07,+919544969039,+919023071406,VOICE,249,404871974710158,350091418767415,WestBengal_BTS_008,404-45-979-482,West Bengal
CDR202600008878,2025-05-01,10:41:07,+918819504121,+918234659344,VOICE,109,404754930809400,351179228256488,TamilNadu_BTS_004,404-45-513-123,Tamil Nadu
CDR202600008888,2025-07-03,07:59:38,+918829625573,+919976782155,VOICE,126,404119262462502,352039940446275,UttarPradesh_BTS_011,404-45-357-928,Uttar Pradesh
CDR202600008893,2025-06-23,09:34:16,+917310983111,+919105708614,VOICE,91,404773058174668,350742010959527,UttarPradesh_BTS_003,404-45-202-076,Uttar Pradesh
CDR202600008911,2025-03-04,04:00:34,+918449702682,+917052551230,VOICE,97,404746789341596,354200154970796,Rajasthan_BTS_017,404-45-897-945,Rajasthan
CDR202600008924,2025-10-29,03:56:10,+917221460042,+918176056203,VOICE,33,404937781226888,358538743130676,UttarPradesh_BTS_003,404-45-650-219,Uttar Pradesh
CDR202600008927,2025-06-07,06:33:32,+917537891077,+918164563305,VOICE,176,404714731371397,357923048965532,Rajasthan_BTS_015,404-45-282-520,Rajasthan
CDR202600008931,2025-06-24,16:36:57,+917038470095,+917846879565,VOICE,158,404641044073124,358452025917614,WestBengal_BTS_004,404-45-283-755,West Bengal
CDR202600008938,2025-04-08,18:28:08,+919471552494,+919950987313,VOICE,39,404056198564875,355996516601617,Mumbai_BTS_008,404-45-462-434,Mumbai
CDR202600008947,2025-01-31,19:56:35,+916996698129,+916268821410,SMS,0,404535388947837,359053332726449,Delhi_BTS_003,404-45-662-170,Delhi
CDR202600008956,2025-08-26,10:22:34,+918421572523,+919600147272,VOICE,25,404110421904781,354322179902977,Rajasthan_BTS_015,404-45-208-892,Rajasthan
CDR202600008967,2025-01-01,18:59:53,+919268019163,+919842762982,MISSED,0,404464418723640,351240949920534,WestBengal_BTS_006,404-45-373-164,West Bengal
CDR202600008977,2025-09-17,14:27:59,+917196407916,+918378939545,VOICE,59,404937102756234,356619429087337,Rajasthan_BTS_007,404-45-697-409,Rajasthan
CDR202600008983,2025-11-22,23:10:46,+919533878042,+916920060828,VOICE,12,404817092051627,356906097490463,Rajasthan_BTS_001,404-45-755-705,Rajasthan
CDR202600008993,2025-12-08,06:49:08,+917670399159,+919624875422,VOICE,402,404176058504179,357788093915647,Mumbai_BTS_008,404-45-155-690,Mumbai
CDR202600008998,2025-03-23,11:46:02,+916405988974,+919019947645,VOICE,99,404989630331467,358168268366441,WestBengal_BTS_001,404-45-415-374,West Bengal
CDR202600008999,2025-03-03,01:50:54,+917020253313,+916125151698,VOICE,52,404905208216921,351767352799539,Gujarat_BTS_007,404-45-325-460,Gujarat
CDR202600009038,2025-05-31,00:51:43,+919411246557,+919063742023,VOICE,99,404263687553612,350056279903240,Maharashtra_BTS_006,404-45-987-104,Maharashtra
CDR202600009044,2025-07-25,14:26:51,+918248669894,+917139435997,VOICE,46,404964488907819,359302259087647,Rajasthan_BTS_004,404-45-680-898,Rajasthan
CDR202600009059,2025-12-19,09:10:08,+919901961037,+919531565815,VOICE,150,404826190489465,352857763007783,Delhi_BTS_003,404-45-371-541,Delhi
CDR202600009097,2025-08-07,01:43:45,+917830946091,+919645035660,VOICE,18,404406895492367,351081092097773,Karnataka_BTS_003,404-45-270-417,Karnataka
CDR202600009130,2025-08-20,09:42:37,+917109071060,+916397337096,VOICE,46,404631884192265,350820221853760,Mumbai_BTS_010,404-45-919-883,Mumbai
CDR202600009139,2025-11-27,04:15:26,+919114332439,+916830684150,VOICE,100,404518908318565,350855865754760,Mumbai_BTS_010,404-45-296-195,Mumbai
CDR202600009161,2025-05-05,04:35:20,+918915331163,+918940237490,VOICE,179,404571851886125,359211008963511,Karnataka_BTS_008,404-45-693-754,Karnataka
CDR202600009172,2025-09-18,23:54:44,+918948299991,+918115991701,VOICE,213,404484800360225,356992147157992,Delhi_BTS_002,404-45-231-676,Delhi
CDR202600009179,2025-05-08,00:25:22,+916854171547,+918639338747,VOICE,59,404178588112455,359001100547860,UttarPradesh_BTS_011,404-45-357-928,Uttar Pradesh
CDR202600009201,2025-04-05,15:36:09,+919994333924,+917260525274,VOICE,201,404336791686234,353568356801690,WestBengal_BTS_008,404-45-979-482,West Bengal
CDR202600009221,2025-11-21,03:17:34,+918132420926,+917136199795,VOICE,41,404387050182283,355647341958329,Gujarat_BTS_007,404-45-325-460,Gujarat
CDR202600009226,2025-03-22,16:05:42,+916442918599,+919997519753,VOICE,140,404240908999350,358908629852705,TamilNadu_BTS_004,404-45-513-123,Tamil Nadu
CDR202600009296,2025-05-09,11:38:33,+919477846389,+917106616998,VOICE,216,404007120161986,353204258493266,UttarPradesh_BTS_003,404-45-202-076,Uttar Pradesh
CDR202600009323,2025-11-28,17:06:49,+919490686177,+918639338747,VOICE,108,404737022699609,354548242674104,UttarPradesh_BTS_010,404-45-370-518,Uttar Pradesh
CDR202600009334,2025-05-25,04:11:14,+919556107661,+919937818597,VOICE,63,404194799167093,357472792250889,Maharashtra_BTS_009,404-45-646-747,Maharashtra
CDR202600009339,2025-10-08,19:45:51,+917923213037,+917691728825,VOICE,127,404837378896374,356986986382495,UttarPradesh_BTS_014,404-45-214-078,Uttar Pradesh
CDR202600009359,2025-11-09,06:18:37,+919215789083,+917779436366,VOICE,162,404128606835753,357222136423862,Mumbai_BTS_011,404-45-573-256,Mumbai
CDR202600009367,2025-03-02,17:34:33,+917784537871,+916212264124,VOICE,29,404428681128069,350530522501449,WestBengal_BTS_003,404-45-266-820,West Bengal
CDR202600009381,2025-03-14,08:53:30,+917911114238,+918413136487,VOICE,610,404270491205945,356326084405469,Karnataka_BTS_003,404-45-270-417,Karnataka
CDR202600009400,2025-06-01,09:12:08,+917003418190,+919102172895,VOICE,13,404533453938630,355464043747160,Rajasthan_BTS_016,404-45-303-157,Rajasthan
CDR202600009401,2025-09-23,20:20:17,+917162513032,+918758540353,VOICE,43,404149818723174,354373008458919,WestBengal_BTS_009,404-45-571-359,West Bengal
CDR202600009416,2025-12-09,23:30:26,+916644086226,+917530144773,VOICE,249,404139802471292,351990294831756,Delhi_BTS_002,404-45-935-071,Delhi
CDR202600009451,2025-10-25,21:38:07,+916329228510,+918815273444,SMS,0,404041750860644,356344443007285,WestBengal_BTS_001,404-45-415-374,West Bengal
CDR202600009455,2025-09-30,11:07:59,+916094464673,+916571749870,VOICE,102,404599164637727,356279009551155,Mumbai_BTS_011,404-45-573-256,Mumbai
CDR202600009459,2025-06-30,05:40:18,+919744018116,+919667917018,SMS,0,404913532935988,350293360319155,Gujarat_BTS_008,404-45-448-285,Gujarat
CDR202600009470,2025-07-16,20:18:24,+919520134074,+917770776982,VOICE,310,404634145303106,353391215714902,WestBengal_BTS_006,404-45-373-164,West Bengal
CDR202600009496,2025-06-24,21:55:13,+917160477095,+919740528649,VOICE,86,404070669483202,350826965097934,Mumbai_BTS_007,404-45-348-804,Mumbai
CDR202600009542,2025-06-28,20:16:20,+918180416051,+918777180604,VOICE,87,404929828661603,352641137859494,Karnataka_BTS_002,404-45-195-949,Karnataka
CDR202600009550,2025-01-20,02:27:54,+919372873392,+919022943411,MISSED,0,404301993167344,357991519174120,Mumbai_BTS_001,404-45-446-022,Mumbai
CDR202600009559,2025-12-17,06:35:53,+916341686359,+918965928635,VOICE,28,404623667724578,354449803024132,Karnataka_BTS_001,404-45-767-554,Karnataka
CDR202600009572,2025-02-18,00:23:02,+917508657835,+918431994101,VOICE,6,404583148687297,355838120873937,TamilNadu_BTS_001,404-45-698-489,Tamil Nadu
CDR202600009583,2025-08-12,02:43:32,+918957004550,+918485572124,VOICE,273,404183998586794,356084268156012,Rajasthan_BTS_006,404-45-242-253,Rajasthan
CDR202600009617,2025-12-05,17:44:31,+917062097983,+916015450890,SMS,0,404774830309390,353463448498954,Maharashtra_BTS_004,404-45-146-678,Maharashtra
CDR202600009622,2025-02-04,09:48:53,+917530209172,+918133493776,VOICE,148,404696848463968,350931257918630,WestBengal_BTS_001,404-45-415-374,West Bengal
CDR202600009645,2025-08-07,08:18:05,+918940237490,+919157440394,VOICE,42,404884974809132,359120968456605,WestBengal_BTS_001,404-45-915-996,West Bengal
CDR202600009667,2025-03-23,21:31:27,+917714203376,+916445008061,VOICE,109,404843037082832,356127867195436,Maharashtra_BTS_006,404-45-489-285,Maharashtra
CDR202600009674,2025-08-02,13:18:04,+916213343596,+917416139365,VOICE,7,404281537805585,359075711559117,TamilNadu_BTS_006,404-45-773-598,Tamil Nadu
CDR202600009701,2025-01-18,03:36:34,+918875844526,+919269218460,VOICE,10,404296529625618,350218892558653,Maharashtra_BTS_008,404-45-799-664,Maharashtra
CDR202600009702,2025-03-17,23:06:41,+918372097730,+916274990881,VOICE,92,404925533059796,357560701974582,WestBengal_BTS_002,404-45-315-699,West Bengal
CDR202600009711,2025-06-16,08:51:51,+919124582856,+918132474732,VOICE,32,404374124843216,351835419995296,TamilNadu_BTS_001,404-45-698-489,Tamil Nadu
CDR202600009785,2025-09-05,04:32:08,+917453748847,+918653521274,SMS,0,404863225992927,352600568164527,Karnataka_BTS_005,404-45-902-804,Karnataka
CDR202600009787,2025-11-20,17:32:46,+916501249360,+916027901336,VOICE,134,404480067627200,354066822556696,Gujarat_BTS_002,404-45-328-143,Gujarat
CDR202600009794,2025-03-07,10:19:07,+919128587827,+916793257571,SMS,0,404854904775740,357279724094885,Rajasthan_BTS_001,404-45-670-225,Rajasthan
CDR202600009804,2025-01-09,20:00:44,+919557824700,+916439825779,VOICE,2,404797606909570,356146388195660,Karnataka_BTS_005,404-45-371-949,Karnataka
CDR202600009805,2025-04-21,13:26:18,+918133493776,+919946045118,VOICE,18,404851434879460,357292330025722,Maharashtra_BTS_002,404-45-926-045,Maharashtra
CDR202600009813,2025-09-04,06:26:01,+916259643051,+917487113707,VOICE,151,404536874006671,354630159878673,Delhi_BTS_001,404-45-999-581,Delhi
CDR202600009841,2025-07-05,08:00:06,+918132420926,+918594067406,VOICE,7,404387050182283,354164549934649,Rajasthan_BTS_010,404-45-710-480,Rajasthan
CDR202600009853,2025-11-30,21:56:54,+918062603613,+917283986142,VOICE,10,404742043806599,357837508623168,WestBengal_BTS_006,404-45-906-719,West Bengal
CDR202600009864,2025-11-14,16:27:13,+917409657381,+917694064296,VOICE,125,404815761597949,353510738135464,Rajasthan_BTS_016,404-45-961-655,Rajasthan
CDR202600009876,2025-07-02,18:49:16,+919023140164,+918761259355,VOICE,26,404424638219452,356872601576585,Rajasthan_BTS_019,404-45-471-900,Rajasthan
CDR202600009903,2025-01-18,17:32:23,+917608596145,+916107926886,SMS,0,404947632515527,353408840086302,Gujarat_BTS_002,404-45-854-105,Gujarat
CDR202600009918,2025-10-15,00:08:17,+917888820724,+917888161534,VOICE,4,404468682709533,355825864993782,Maharashtra_BTS_005,404-45-181-876,Maharashtra
CDR202600009940,2025-09-02,05:04:21,+919461917192,+916720582936,VOICE,22,404176725448936,356792261100452,Rajasthan_BTS_017,404-45-880-166,Rajasthan
CDR202600010020,2025-01-08,09:13:11,+918022471766,+916436248237,VOICE,22,404856472839696,350846420224682,UttarPradesh_BTS_013,404-45-822-438,Uttar Pradesh
CDR202600010035,2025-09-15,10:02:40,+918001733816,+918132420926,MISSED,0,404026004113130,359265622181357,Rajasthan_BTS_015,404-45-282-520,Rajasthan
CDR202600010072,2025-01-15,08:08:20,+918697579299,+919326665043,VOICE,121,404747526344556,355305181858941,Mumbai_BTS_002,404-45-107-073,Mumbai
CDR202600010087,2025-07-09,03:44:04,+919291111169,+916566410702,SMS,0,404490212084836,351030681557330,Rajasthan_BTS_014,404-45-564-004,Rajasthan
CDR202600010115,2025-11-19,17:21:51,+919326665043,+917699081158,VOICE,90,404023156221920,350074729682698,Maharashtra_BTS_006,404-45-489-285,Maharashtra
CDR202600010157,2025-01-19,18:35:26,+919279379224,+919143666828,SMS,0,404132050260189,353445902126119,Gujarat_BTS_003,404-45-704-433,Gujarat
CDR202600010165,2025-02-16,16:14:55,+916858960592,+919421577568,VOICE,12,404924243620528,350272287138525,Maharashtra_BTS_007,404-45-479-364,Maharashtra
CDR202600010172,2025-01-06,07:44:39,+916752906625,+916306053410,VOICE,123,404178946042397,359654058213152,Mumbai_BTS_011,404-45-287-286,Mumbai
CDR202600010186,2025-04-15,19:35:59,+918545824941,+917442134292,VOICE,70,404806110414995,359966743832585,Delhi_BTS_003,404-45-662-170,Delhi
CDR202600010204,2025-09-23,05:44:09,+917004277322,+916274990881,VOICE,399,404306796944490,356302390839240,Maharashtra_BTS_006,404-45-987-104,Maharashtra
CDR202600010207,2025-04-27,05:58:52,+919057787504,+917736976635,VOICE,90,404579201745518,358322884906606,Mumbai_BTS_011,404-45-573-256,Mumbai
CDR202600010225,2025-04-22,15:22:07,+918502488426,+918639338747,VOICE,316,404763406377809,351348069280781,Rajasthan_BTS_016,404-45-619-624,Rajasthan
CDR202600010228,2025-05-11,22:21:50,+916326848177,+919451440316,VOICE,62,404712650699626,354766394915316,Rajasthan_BTS_010,404-45-710-066,Rajasthan
CDR202600010236,2025-12-07,19:39:42,+917713501130,+916522164773,VOICE,12,404760723912654,356193567142316,Karnataka_BTS_002,404-45-195-949,Karnataka
CDR202600010248,2025-01-26,23:37:57,+918335058737,+916362993543,SMS,0,404468687189613,358685348288295,Mumbai_BTS_008,404-45-984-747,Mumbai
CDR202600010281,2025-08-31,02:30:20,+916237834522,+919967897728,VOICE,249,404690884726857,359815806300203,WestBengal_BTS_009,404-45-571-359,West Bengal
CDR202600010287,2025-03-09,13:32:26,+917008518494,+918455535238,VOICE,103,404850514466796,356068050777483,Gujarat_BTS_003,404-45-704-433,Gujarat
CDR202600010318,2025-01-04,12:44:23,+916178046096,+917283986142,VOICE,515,404734243441395,353422971935928,Delhi_BTS_005,404-45-508-688,Delhi
CDR202600010331,2025-09-20,14:14:41,+917916468521,+919425468974,VOICE,35,404618617542694,356361440450368,UttarPradesh_BTS_003,404-45-736-577,Uttar Pradesh
CDR202600010353,2025-04-03,17:07:30,+918971796609,+919997519753,SMS,0,404954368890588,359017242209263,UttarPradesh_BTS_015,404-45-954-379,Uttar Pradesh
CDR202600010356,2025-02-15,14:12:28,+918835539164,+917765785944,VOICE,10,404229669444078,356960963788580,Rajasthan_BTS_011,404-45-796-739,Rajasthan
CDR202600010360,2025-04-06,05:07:06,+917537891077,+918413136487,VOICE,63,404714731371397,358775507928771,Rajasthan_BTS_017,404-45-652-977,Rajasthan
CDR202600010361,2025-08-28,09:09:23,+919012273494,+918418300700,VOICE,49,404235376981388,359329896777630,TamilNadu_BTS_006,404-45-678-536,Tamil Nadu
CDR202600010366,2025-09-01,14:42:26,+916409475395,+918000471382,VOICE,154,404286354487832,359198726234916,Maharashtra_BTS_004,404-45-146-678,Maharashtra
CDR202600010388,2025-02-27,12:16:41,+917667453731,+918677835293,VOICE,89,404545403891825,352054906959877,Karnataka_BTS_006,404-45-813-981,Karnataka
CDR202600010395,2025-11-23,23:22:46,+918945702124,+919057787504,VOICE,200,404941308964482,350403875875444,UttarPradesh_BTS_006,404-45-108-684,Uttar Pradesh
CDR202600010404,2025-01-21,18:57:35,+918072718737,+918325665793,VOICE,2,404273926642078,353275580741179,Maharashtra_BTS_007,404-45-479-364,Maharashtra
CDR202600010408,2025-10-05,07:35:25,+919705550803,+917719582304,VOICE,54,404668071492129,356455213857398,Rajasthan_BTS_005,404-45-771-512,Rajasthan
CDR202600010448,2025-04-19,23:31:49,+918296063391,+917949860136,VOICE,21,404896607643963,356184058623853,WestBengal_BTS_005,404-45-901-954,West Bengal
CDR202600010460,2025-04-03,11:45:39,+918873257050,+918904046904,VOICE,33,404188736978541,351914142316888,TamilNadu_BTS_003,404-45-170-610,Tamil Nadu
CDR202600010467,2025-10-24,15:32:34,+917038470095,+918681985152,MISSED,0,404641044073124,352621209359096,Mumbai_BTS_004,404-45-980-339,Mumbai
CDR202600010471,2025-06-19,08:25:51,+919910472084,+918132420926,VOICE,78,404978527129041,350853413913859,Mumbai_BTS_011,404-45-287-286,Mumbai
CDR202600010484,2025-03-31,11:12:31,+918781555072,+919397945494,VOICE,69,404731318837143,355941783085711,Rajasthan_BTS_016,404-45-619-624,Rajasthan
CDR202600010487,2025-11-25,08:28:28,+916405134888,+919349124692,VOICE,89,404928533489829,357856220782707,UttarPradesh_BTS_007,404-45-779-107,Uttar Pradesh
CDR202600010491,2025-03-20,18:23:13,+918809691055,+919300467117,VOICE,16,404221348797978,355962692186794,TamilNadu_BTS_001,404-45-158-052,Tamil Nadu
CDR202600010496,2025-07-30,21:59:47,+918227674221,+919530476674,VOICE,5,404537226711587,353725299119551,Mumbai_BTS_009,404-45-162-413,Mumbai
CDR202600010555,2025-08-03,05:03:51,+918370571122,+919181703697,VOICE,19,404846419661094,352785295148148,Mumbai_BTS_010,404-45-296-195,Mumbai
CDR202600010564,2025-02-01,18:26:41,+917626058610,+917471231159,MISSED,0,404252198303139,357542662308189,Maharashtra_BTS_005,404-45-181-876,Maharashtra
CDR202600010584,2025-02-04,03:24:20,+916876034344,+917038470095,SMS,0,404427320888498,353233848649211,Mumbai_BTS_011,404-45-573-256,Mumbai
CDR202600010589,2025-08-08,10:32:25,+916538903040,+919021910645,VOICE,10,404758393225445,356102828248913,Mumbai_BTS_010,404-45-296-195,Mumbai
CDR202600010600,2025-04-28,20:23:10,+917310983111,+919126328604,VOICE,82,404773058174668,350742010959527,Maharashtra_BTS_001,404-45-204-095,Maharashtra
CDR202600010607,2025-08-15,20:04:34,+917372148187,+918308876815,SMS,0,404915743971013,352221846534542,Gujarat_BTS_008,404-45-448-285,Gujarat
CDR202600010610,2025-08-06,03:42:22,+918396368803,+919726146663,SMS,0,404297721985711,353325416224066,Mumbai_BTS_008,404-45-155-690,Mumbai
CDR202600010617,2025-02-25,00:08:20,+916346519073,+918223902580,VOICE,7,404757575640388,350513637596404,Rajasthan_BTS_019,404-45-414-246,Rajasthan
CDR202600010631,2025-12-05,09:12:21,+918728614929,+918841644330,VOICE,157,404809846897820,359550937294523,UttarPradesh_BTS_010,404-45-308-704,Uttar Pradesh
CDR202600010635,2025-09-16,03:50:23,+916176261632,+919256264316,VOICE,82,404878902477317,358590296675966,Karnataka_BTS_004,404-45-160-169,Karnataka
CDR202600010669,2025-11-17,00:29:01,+916018951432,+919039300456,VOICE,32,404797332905446,359275360081260,Gujarat_BTS_002,404-45-328-143,Gujarat
CDR202600010680,2025-03-10,02:33:03,+918417755035,+916648021488,VOICE,271,404095320717507,355489466939500,UttarPradesh_BTS_007,404-45-370-119,Uttar Pradesh
CDR202600010703,2025-09-12,12:49:06,+917038470095,+916432602700,MISSED,0,404641044073124,358452025917614,Rajasthan_BTS_004,404-45-680-898,Rajasthan
CDR202600010712,2025-01-13,22:01:46,+918934548693,+918443105482,VOICE,56,404621282716284,358912053568582,WestBengal_BTS_003,404-45-258-948,West Bengal
CDR202600010753,2025-10-21,03:12:30,+916566410702,+916834774991,VOICE,45,404832790840193,358074749382953,UttarPradesh_BTS_010,404-45-370-518,Uttar Pradesh
CDR202600010769,2025-07-19,05:46:45,+918584704952,+918381377021,VOICE,110,404436519606967,350948625310822,Gujarat_BTS_001,404-45-859-282,Gujarat
CDR202600010780,2025-11-05,18:19:19,+916896279431,+918407468479,VOICE,101,404871554562255,354150404343204,Maharashtra_BTS_008,404-45-173-624,Maharashtra
CDR202600010799,2025-01-04,07:30:38,+919716537585,+919531565815,VOICE,595,404004706422918,356283129949916,Maharashtra_BTS_002,404-45-718-271,Maharashtra
CDR202600010802,2025-05-20,14:10:59,+917970259420,+917283986142,VOICE,13,404815687020881,358122738534396,Rajasthan_BTS_004,404-45-680-898,Rajasthan
CDR202600010804,2025-08-27,10:27:33,+918927834095,+918160820437,VOICE,118,404740665222071,356932041564849,Gujarat_BTS_002,404-45-328-143,Gujarat
CDR202600010835,2025-10-12,07:31:29,+916138269495,+917716560544,VOICE,32,404066709678054,357073027438579,WestBengal_BTS_004,404-45-283-755,West Bengal
CDR202600010846,2025-07-18,12:39:25,+918140155897,+919939243535,VOICE,27,404750795751024,355806704585585,TamilNadu_BTS_006,404-45-423-958,Tamil Nadu
CDR202600010851,2025-04-02,03:19:01,+916135137130,+918983403992,VOICE,24,404596915190199,351658471281404,Rajasthan_BTS_011,404-45-796-739,Rajasthan
CDR202600010870,2025-05-02,05:36:34,+919966441687,+916564902284,VOICE,3,404523052985527,355324421848994,UttarPradesh_BTS_001,404-45-234-688,Uttar Pradesh
CDR202600010871,2025-06-05,12:38:12,+919671219693,+919572350182,VOICE,142,404487991285086,351682009493829,Rajasthan_BTS_019,404-45-414-246,Rajasthan
CDR202600010876,2025-02-11,15:52:24,+919222072383,+918055815601,VOICE,123,404756531294160,358920621587762,WestBengal_BTS_008,404-45-979-482,West Bengal
CDR202600010881,2025-05-29,23:41:43,+919429605845,+919441938062,VOICE,93,404012631446390,355358689978302,Karnataka_BTS_001,404-45-767-554,Karnataka
CDR202600010906,2025-01-26,00:38:43,+917948673762,+916662607238,SMS,0,404825542421768,357163781623349,Rajasthan_BTS_007,404-45-241-522,Rajasthan
CDR202600010907,2025-05-11,00:39:38,+919585724533,+918253706709,VOICE,150,404280346011393,352334029780744,Maharashtra_BTS_006,404-45-489-285,Maharashtra
CDR202600010916,2025-07-15,02:09:21,+919772130931,+918720207975,VOICE,202,404809946889498,358176532896089,Delhi_BTS_004,404-45-652-774,Delhi
CDR202600010918,2025-12-07,05:51:45,+919541078632,+916351363179,VOICE,212,404187617504206,356941933406067,Karnataka_BTS_007,404-45-322-992,Karnataka
CDR202600010931,2025-08-17,10:00:54,+918270857685,+917779436366,VOICE,107,404717231005437,358524930868103,Maharashtra_BTS_005,404-45-891-297,Maharashtra
CDR202600010938,2025-12-23,13:20:56,+918395270269,+919702550504,VOICE,157,404077627160213,353357584232191,Rajasthan_BTS_013,404-45-448-115,Rajasthan
CDR202600010950,2025-08-11,15:45:32,+919956147272,+917420023150,VOICE,60,404750729531744,351991337979179,Delhi_BTS_002,404-45-878-546,Delhi
CDR202600010966,2025-10-02,20:48:51,+919457831351,+919675805188,VOICE,18,404188731580659,353867230205061,UttarPradesh_BTS_011,404-45-194-650,Uttar Pradesh
CDR202600010973,2025-11-15,17:52:25,+918463580609,+917601683532,VOICE,156,404433516855385,359734018086384,Mumbai_BTS_011,404-45-287-286,Mumbai
CDR202600011002,2025-05-24,21:35:30,+919423224659,+916545444141,VOICE,50,404056057394448,356491647676557,Rajasthan_BTS_016,404-45-619-624,Rajasthan
CDR202600011017,2025-08-17,19:00:00,+918160543442,+917070317770,SMS,0,404943515003843,354513041733219,WestBengal_BTS_004,404-45-522-026,West Bengal
CDR202600011026,2025-05-10,02:07:18,+917260525274,+919930291914,VOICE,159,404348500968395,357212038753711,Maharashtra_BTS_002,404-45-967-353,Maharashtra
CDR202600011037,2025-11-20,18:21:19,+918136525229,+918040242847,SMS,0,404615359634780,354819632827585,UttarPradesh_BTS_003,404-45-736-577,Uttar Pradesh
CDR202600011049,2025-01-06,12:51:46,+919882303957,+919624915154,VOICE,16,404134205461323,356078016046870,Karnataka_BTS_006,404-45-848-803,Karnataka
CDR202600011053,2025-01-12,12:18:39,+919530476674,+918195017635,MISSED,0,404218645545408,357650585192968,Rajasthan_BTS_005,404-45-505-906,Rajasthan
CDR202600011056,2025-03-21,18:23:03,+919899054849,+916424170400,VOICE,24,404077851458618,355207790911692,UttarPradesh_BTS_012,404-45-441-790,Uttar Pradesh
CDR202600011076,2025-01-25,06:48:44,+916268821410,+916157919064,VOICE,181,404737652846641,358278249628790,Delhi_BTS_003,404-45-662-170,Delhi
CDR202600011129,2025-12-17,21:10:31,+918029577987,+917467444699,VOICE,146,404494528349687,356797022009334,Delhi_BTS_001,404-45-180-088,Delhi
CDR202600011148,2025-04-28,16:37:42,+916931781986,+918513652338,VOICE,196,404772035720693,351446511172745,Karnataka_BTS_006,404-45-669-678,Karnataka
CDR202600011149,2025-06-13,05:02:43,+917568309736,+917052551230,VOICE,131,404571466438985,351807421919841,WestBengal_BTS_007,404-45-491-894,West Bengal
CDR202600011181,2025-07-11,17:52:28,+916085015997,+917464932980,VOICE,305,404700286147360,351008448341612,Karnataka_BTS_006,404-45-835-499,Karnataka
CDR202600011186,2025-09-23,18:19:20,+919326665043,+919704118184,SMS,0,404023156221920,357316736382837,Karnataka_BTS_001,404-45-767-554,Karnataka
CDR202600011194,2025-05-08,21:37:06,+916073848956,+919594803469,VOICE,154,404682016917487,353798631993476,TamilNadu_BTS_003,404-45-169-692,Tamil Nadu
CDR202600011203,2025-10-02,17:03:02,+916601469841,+916983699346,SMS,0,404684105105024,355478212241805,UttarPradesh_BTS_001,404-45-234-688,Uttar Pradesh
CDR202600011209,2025-05-19,10:36:05,+916260635104,+918615588643,VOICE,209,404612283039936,352075813507734,Mumbai_BTS_010,404-45-296-195,Mumbai
CDR202600011214,2025-02-11,01:06:20,+917260525274,+918307779510,VOICE,6,404348500968395,357212038753711,Rajasthan_BTS_019,404-45-951-827,Rajasthan
CDR202600011218,2025-05-12,03:23:09,+918386857947,+917784205571,VOICE,19,404078416980158,354034089734219,Karnataka_BTS_006,404-45-835-499,Karnataka
CDR202600011231,2025-08-09,11:58:13,+919761524757,+916287579696,SMS,0,404711410182529,355619950218258,Delhi_BTS_005,404-45-830-320,Delhi
CDR202600011233,2025-01-27,14:43:38,+917984465285,+918915030647,VOICE,45,404436984436930,350289124787490,Maharashtra_BTS_004,404-45-146-678,Maharashtra
CDR202600011266,2025-08-11,07:24:52,+918395270269,918112014146,SMS,0,404077627160213,353357584232191,Rajasthan_BTS_001,404-45-376-948,Rajasthan
CDR202600011270,2025-05-15,23:46:07,+918698141236,+919396508569,VOICE,628,404610409734747,359105448805270,Rajasthan_BTS_015,404-45-208-892,Rajasthan
CDR202600011302,2025-05-06,06:37:58,+919012273494,+916763080870,VOICE,77,404235376981388,359329896777630,Rajasthan_BTS_010,404-45-641-258,Rajasthan
CDR202600011306,2025-08-17,16:24:00,+918899034094,+917341902120,SMS,0,404410394791548,354572144030953,Karnataka_BTS_001,404-45-767-554,Karnataka
CDR202600011310,2025-08-28,22:33:36,+917779921679,+917933350510,VOICE,81,404556062931099,354029096546621,Maharashtra_BTS_003,404-45-949-644,Maharashtra
CDR202600011335,2025-05-26,04:58:22,+916605441163,+919162094214,VOICE,73,404207652835216,355094604612376,Maharashtra_BTS_002,404-45-199-368,Maharashtra
CDR202600011340,2025-03-14,17:55:55,+918304771841,+916756772254,VOICE,92,404595577567417,355565599598468,Gujarat_BTS_004,404-45-130-096,Gujarat
CDR202600011341,2025-11-18,09:29:34,+916113148304,+919256186588,VOICE,73,404630342360375,355106872697450,Maharashtra_BTS_003,404-45-649-128,Maharashtra
CDR202600011347,2025-11-05,02:41:11,+916575518584,+916270799312,VOICE,99,404953618138388,357584245381199,Karnataka_BTS_007,404-45-294-304,Karnataka
CDR202600011359,2025-12-09,18:58:33,+917024544717,+918284025839,VOICE,55,404787712168763,351323383247574,Rajasthan_BTS_006,404-45-862-575,Rajasthan
CDR202600011367,2025-02-19,12:48:11,+919774343936,+918314200165,VOICE,169,404951666746468,354407829397723,UttarPradesh_BTS_010,404-45-308-704,Uttar Pradesh
CDR202600011391,2025-11-03,15:24:46,+919011016997,+919101709809,VOICE,97,404343654591852,359030012942534,Karnataka_BTS_006,404-45-813-981,Karnataka
CDR202600011395,2025-10-14,19:27:34,+919646571638,+919740888510,VOICE,272,404958760780520,352428214251356,Rajasthan_BTS_010,404-45-710-066,Rajasthan
CDR202600011397,2025-01-24,14:48:38,+917459240913,+916965012778,VOICE,147,404238516403650,352583236938253,Delhi_BTS_005,404-45-508-688,Delhi
CDR202600011405,2025-04-26,21:43:16,+918705621158,+919352904915,VOICE,15,404824520758983,350623404998400,Gujarat_BTS_006,404-45-818-559,Gujarat
CDR202600011415,2025-05-28,08:41:19,+919627533531,+916170671679,VOICE,59,404811167447859,353608149947869,Rajasthan_BTS_007,404-45-697-409,Rajasthan
CDR202600011436,2025-10-27,02:36:38,+919305259879,+916000914011,VOICE,157,404641078252538,350683954192352,Rajasthan_BTS_019,404-45-414-246,Rajasthan
CDR202600011438,2025-10-20,11:31:00,+919589729617,+918639338747,VOICE,322,404740061448917,359703564047417,WestBengal_BTS_006,404-45-373-164,West Bengal
CDR202600011456,2025-06-10,14:32:01,+917308123432,+918438901003,VOICE,139,404818497428731,359295771651996,Mumbai_BTS_011,404-45-995-946,Mumbai
CDR202600011498,2025-02-04,16:18:49,+917519710314,+916224886139,SMS,0,404329430015303,354495137429084,WestBengal_BTS_008,404-45-979-482,West Bengal
CDR202600011507,2025-01-25,19:23:08,+918971818920,+918671402590,VOICE,4,404363713362999,351775024525968,UttarPradesh_BTS_005,404-45-478-292,Uttar Pradesh
CDR202600011521,2025-01-05,06:37:50,+917291879073,+917018549820,VOICE,85,404059089626503,356351738429689,UttarPradesh_BTS_010,404-45-370-518,Uttar Pradesh
CDR202600011548,2025-08-14,06:40:56,+916803693943,+917552284607,VOICE,42,404942338437775,354421822762447,Rajasthan_BTS_007,404-45-470-225,Rajasthan
CDR202600011550,2025-09-16,08:01:29,+919866703738,+918335058737,VOICE,33,404266668404966,356741871827168,UttarPradesh_BTS_008,404-45-860-567,Uttar Pradesh
CDR202600011561,2025-05-29,07:16:12,+918940846006,+919987672814,VOICE,348,404047695219267,359330824672321,Maharashtra_BTS_008,404-45-818-960,Maharashtra
CDR202600011570,2025-01-23,03:23:20,+916235230918,+916971406889,SMS,0,404195257080048,351748208151971,Maharashtra_BTS_001,404-45-881-345,Maharashtra
CDR202600011571,2025-01-09,11:39:10,+918274009275,+919356562184,VOICE,61,404900775625991,350820277178264,Karnataka_BTS_007,404-45-322-992,Karnataka
CDR202600011574,2025-03-29,00:59:59,+919505939409,+919300467117,SMS,0,404566555215293,351942426647075,Delhi_BTS_005,404-45-508-688,Delhi
CDR202600011576,2025-10-14,09:40:01,+916939113008,+919339286767,VOICE,24,404375536217435,352249294184840,Karnataka_BTS_006,404-45-813-981,Karnataka
CDR202600011607,2025-09-08,15:13:01,+918215671662,+919566359010,VOICE,12,404158691983691,359838097699163,Karnataka_BTS_005,404-45-902-804,Karnataka
CDR202600011613,2025-04-01,17:52:19,+917230760386,+918923650326,VOICE,25,404482222456113,355319047581581,Rajasthan_BTS_018,404-45-713-332,Rajasthan
CDR202600011619,2025-05-12,18:49:59,+919565962181,+916274000646,VOICE,164,404244100692224,353091100310222,Gujarat_BTS_007,404-45-928-891,Gujarat
CDR202600011632,2025-07-03,12:08:06,+917744360064,+917354168898,SMS,0,404009175258690,352818688184978,UttarPradesh_BTS_014,404-45-214-078,Uttar Pradesh
CDR202600011644,2025-07-03,06:54:30,+918705550013,+916566410702,VOICE,36,404342363099074,357024997204835,Mumbai_BTS_008,404-45-462-434,Mumbai
CDR202600011650,2025-06-11,02:35:19,+919429605845,+918954038504,VOICE,392,404012631446390,355358689978302,Karnataka_BTS_003,404-45-597-493,Karnataka
CDR202600011653,2025-10-26,16:32:56,+917173642675,+916051757011,MISSED,0,404636760397391,350488395058725,Delhi_BTS_003,404-45-662-170,Delhi
CDR202600011678,2025-12-31,05:29:20,+916703033328,+918077560767,VOICE,377,404534663469013,350884351870079,TamilNadu_BTS_001,404-45-158-052,Tamil Nadu
CDR202600011696,2025-05-17,11:36:00,+917234440230,+917705202761,VOICE,100,404818680789400,354356321178293,WestBengal_BTS_002,404-45-205-363,West Bengal
CDR202600011697,2025-04-13,16:49:34,+917994574635,+919136542310,VOICE,222,404767400682693,351078955851308,Maharashtra_BTS_007,404-45-314-687,Maharashtra
CDR202600011706,2025-01-25,17:09:52,+917198208675,+919873576767,VOICE,76,404368695397644,350809681640027,TamilNadu_BTS_006,404-45-423-958,Tamil Nadu
CDR202600011762,2025-01-09,14:47:18,+919063742023,+918831688032,VOICE,305,404875113159013,350896219297089,Karnataka_BTS_003,404-45-597-493,Karnataka
CDR202600011773,2025-07-15,13:34:28,+917142204560,+916922074028,VOICE,21,404486745268961,352790301084206,Karnataka_BTS_001,404-45-767-554,Karnataka
CDR202600011774,2025-07-01,09:44:10,+916816927708,+916138269495,VOICE,209,404319847844278,359818768153227,Maharashtra_BTS_002,404-45-718-271,Maharashtra
CDR202600011778,2025-11-08,14:03:48,+916820970779,+916034872249,VOICE,17,404979474836709,353854713955768,UttarPradesh_BTS_004,404-45-170-901,Uttar Pradesh
CDR202600011825,2025-01-07,15:04:45,+916075420676,+917021480150,MISSED,0,404778484530636,356098562078761,Mumbai_BTS_009,404-45-162-413,Mumbai
CDR202600011831,2025-12-13,17:36:50,+918052364630,+917310983111,SMS,0,404959195634342,357154428981655,Rajasthan_BTS_002,404-45-334-842,Rajasthan
CDR202600011838,2025-12-29,07:23:42,+917345913698,+917327592623,VOICE,1,404710866105603,355030054609703,TamilNadu_BTS_001,404-45-158-052,Tamil Nadu
CDR202600011839,2025-02-02,09:14:50,+916320978567,+917799172924,VOICE,54,404677225297095,354444271585769,Rajasthan_BTS_002,404-45-334-842,Rajasthan
CDR202600011851,2025-12-31,04:42:13,+918062394766,+916605441163,VOICE,208,404257746906131,354564755381508,Rajasthan_BTS_015,404-45-208-892,Rajasthan
CDR202600011876,2025-04-24,11:33:46,+916337646547,+919544969039,VOICE,19,404099126604773,357955190463578,Maharashtra_BTS_008,404-45-799-664,Maharashtra
CDR202600011880,2025-12-07,14:32:28,+916513792801,+919562663578,VOICE,153,404936780270038,357713242438660,Maharashtra_BTS_008,404-45-799-664,Maharashtra
CDR202600011903,2025-07-12,11:35:23,+918464757411,+917116094493,SMS,0,404523268006758,354141442364349,Rajasthan_BTS_005,404-45-505-906,Rajasthan
CDR202600011915,2025-05-17,05:06:36,+918240745267,+917220792081,VOICE,7,404274710604849,353795531750027,Karnataka_BTS_005,404-45-371-949,Karnataka
CDR202600011923,2025-04-17,17:11:02,+918430577429,+919330324713,MISSED,0,404470428600097,354215565588004,Gujarat_BTS_005,404-45-338-518,Gujarat
CDR202600011925,2025-08-05,15:57:12,+918073269811,+918809084720,SMS,0,404228986043786,356016062808826,Rajasthan_BTS_010,404-45-710-480,Rajasthan
CDR202600011938,2025-11-15,09:59:44,+916882713712,+917661247113,VOICE,177,404762801608453,354164606441368,UttarPradesh_BTS_006,404-45-769-542,Uttar Pradesh
CDR202600011939,2025-03-31,19:08:46,+919748834018,+917523418685,VOICE,337,404953539554744,355805437907996,Rajasthan_BTS_006,404-45-651-270,Rajasthan
CDR202600011945,2025-03-15,19:34:15,+919094346595,+918537787814,VOICE,25,404761125553647,355209652659205,UttarPradesh_BTS_012,404-45-145-004,Uttar Pradesh
CDR202600011959,2025-01-16,11:26:51,+918410210628,+918477824436,VOICE,77,404050311982444,357657084692098,Mumbai_BTS_001,404-45-446-022,Mumbai
CDR202600011966,2025-06-30,15:20:41,+917555664956,+919286135312,VOICE,146,404211548585992,359044354035118,Rajasthan_BTS_010,404-45-494-391,Rajasthan
CDR202600011987,2025-12-24,16:10:03,+918854666127,+916679429916,SMS,0,404022925067399,351290751329413,Rajasthan_BTS_004,404-45-374-068,Rajasthan
CDR202600012023,2025-11-18,01:53:27,+917494989110,+919343914928,VOICE,64,404045908259691,358587653126074,Delhi_BTS_002,404-45-884-129,Delhi
CDR202600012030,2025-01-19,12:22:32,+917373608917,+919211943575,VOICE,80,404072363729833,350956831409566,UttarPradesh_BTS_002,404-45-869-959,Uttar Pradesh
CDR202600012040,2025-09-23,13:32:16,+918671402590,+918574000797,VOICE,31,404045318561370,352048382585034,UttarPradesh_BTS_011,404-45-966-053,Uttar Pradesh
CDR202600012043,2025-12-26,17:17:33,+919184834475,+917608240506,VOICE,154,404660574628459,354719413739345,UttarPradesh_BTS_012,404-45-233-653,Uttar Pradesh
CDR202600012048,2025-11-03,14:40:11,+919490686177,+917691728825,VOICE,28,404737022699609,355650611904305,Karnataka_BTS_004,404-45-160-169,Karnataka
CDR202600012049,2025-06-26,10:09:51,+919755560728,+916341686359,VOICE,142,404069013319672,350865449017573,WestBengal_BTS_002,404-45-315-699,West Bengal
CDR202600012058,2025-04-26,02:05:19,+916341686359,+919949676628,VOICE,62,404623667724578,354449803024132,TamilNadu_BTS_001,404-45-698-489,Tamil Nadu
CDR202600012068,2025-07-17,04:36:16,+917568309736,+917392229228,VOICE,95,404571466438985,351807421919841,Delhi_BTS_003,404-45-662-170,Delhi
CDR202600012088,2025-11-06,07:49:29,+917421862969,+916162288887,VOICE,173,404053723761452,350706799336933,Maharashtra_BTS_002,404-45-926-045,Maharashtra
CDR202600012089,2025-04-02,21:37:11,+917221606897,+919461917192,VOICE,99,404148061648631,357336098013521,UttarPradesh_BTS_010,404-45-308-704,Uttar Pradesh
CDR202600012091,2025-05-17,05:49:06,+917809855950,+918883222397,VOICE,41,404903551080914,359851663491636,Delhi_BTS_006,404-45-629-463,Delhi
CDR202600012095,2025-08-21,15:19:51,+918281664145,+918948299991,VOICE,183,404058285829410,355374301490384,Mumbai_BTS_008,404-45-520-479,Mumbai
CDR202600012115,2025-01-10,14:07:02,+918639338747,+917487354308,VOICE,5,404442834128049,359991110427423,UttarPradesh_BTS_012,404-45-233-653,Uttar Pradesh
CDR202600012125,2025-03-09,06:13:47,+919477846389,+919242367555,VOICE,36,404007120161986,353204258493266,Mumbai_BTS_011,404-45-573-256,Mumbai
CDR202600012127,2025-03-27,22:43:12,+918754483982,+919777908086,SMS,0,404788242818637,352332469387744,Mumbai_BTS_010,404-45-211-255,Mumbai
CDR202600012136,2025-01-29,11:25:48,+917797590950,+918930593438,VOICE,48,404363576290828,355299542232771,Delhi_BTS_005,404-45-830-320,Delhi
CDR202600012166,2025-07-19,11:50:10,+917164270166,+919285621806,VOICE,19,404836880408441,351533738239753,Rajasthan_BTS_018,404-45-713-332,Rajasthan
CDR202600012179,2025-01-13,19:26:31,+917163892412,+919943069773,VOICE,2,404498940236266,351307609436868,Karnataka_BTS_006,404-45-813-981,Karnataka
CDR202600012185,2025-10-09,22:16:28,+917035455008,+917264841110,VOICE,8,404692311767958,357153152099258,Gujarat_BTS_005,404-45-716-028,Gujarat
CDR202600012206,2025-05-11,14:44:14,+919740382759,+918407468479,VOICE,23,404665112796951,356110530059876,Mumbai_BTS_006,404-45-235-741,Mumbai
CDR202600012237,2025-04-05,00:17:55,+917500605037,+916772086432,SMS,0,404088007534537,355165904296461,Rajasthan_BTS_017,404-45-652-977,Rajasthan
CDR202600012297,2025-04-23,13:32:38,+919079915028,+918059254461,SMS,0,404306683448451,355716365197640,UttarPradesh_BTS_003,404-45-618-272,Uttar Pradesh
CDR202600012303,2025-12-04,17:36:41,+917679866322,+919390373823,VOICE,16,404322126714502,357537517871185,Rajasthan_BTS_005,404-45-771-512,Rajasthan
CDR202600012304,2025-01-27,17:28:26,+918778207771,+919256264316,SMS,0,404107054567129,359776901769251,Mumbai_BTS_008,404-45-520-479,Mumbai
CDR202600012306,2025-01-19,03:57:25,+919782331210,+917568309736,VOICE,61,404829442605476,358497478077677,WestBengal_BTS_005,404-45-901-954,West Bengal
CDR202600012315,2025-11-25,08:51:10,+918434942218,+918456325573,VOICE,134,404851572477207,352079025471309,Rajasthan_BTS_007,404-45-470-225,Rajasthan
CDR202600012323,2025-07-04,10:55:21,+918548687452,+919862983754,VOICE,60,404450967199644,350991576666052,Maharashtra_BTS_007,404-45-750-855,Maharashtra
CDR202600012333,2025-03-17,05:22:34,+918978860352,+916287579696,VOICE,10,404598035071597,358703493299422,TamilNadu_BTS_005,404-45-734-084,Tamil Nadu
CDR202600012341,2025-04-13,20:06:01,+919750518334,+918156405226,MISSED,0,404680770705936,356028474473915,WestBengal_BTS_006,404-45-906-719,West Bengal
CDR202600012364,2025-05-07,04:04:02,+916085015997,+919794732472,VOICE,68,404700286147360,351008448341612,WestBengal_BTS_001,404-45-415-374,West Bengal
CDR202600012382,2025-11-13,20:39:54,+919828369317,+917102303474,VOICE,93,404209807041905,356698355620429,TamilNadu_BTS_001,404-45-614-942,Tamil Nadu
CDR202600012393,2025-11-19,13:03:58,+916407278134,+919372873392,MISSED,0,404458862139353,356881054268331,Maharashtra_BTS_002,404-45-199-368,Maharashtra
CDR202600012399,2025-04-26,00:08:24,+919316737376,+917187757492,SMS,0,404029477845975,353027003969706,Delhi_BTS_003,404-45-662-170,Delhi
CDR202600012421,2025-03-30,16:20:14,+917015999095,+919548918958,VOICE,24,404753771907459,352941534296818,Maharashtra_BTS_002,404-45-926-045,Maharashtra
CDR202600012422,2025-10-22,03:27:44,+916605441163,+916933461937,VOICE,105,404207652835216,355094604612376,Delhi_BTS_001,404-45-180-088,Delhi
CDR202600012434,2025-11-02,21:29:26,+919256810437,+916237834522,SMS,0,404325553402057,355232051944757,Mumbai_BTS_011,404-45-243-433,Mumbai
CDR202600012438,2025-09-12,16:19:00,+917546122102,+918688935858,VOICE,61,404058139670577,359193278886332,Rajasthan_BTS_003,404-45-924-324,Rajasthan
CDR202600012466,2025-05-30,17:12:21,+917233331922,+919477846389,SMS,0,404588928455012,358886660910832,UttarPradesh_BTS_015,404-45-658-037,Uttar Pradesh
CDR202600012467,2025-02-16,02:45:11,+919943573817,+916882713712,SMS,0,404056288358574,359146366201955,Maharashtra_BTS_001,404-45-204-095,Maharashtra
CDR202600012510,2025-09-10,17:31:04,+919520134074,+918766716951,VOICE,30,404634145303106,353391215714902,Delhi_BTS_004,404-45-847-707,Delhi
CDR202600012512,2025-10-29,22:03:15,+916768200913,+919327169021,SMS,0,404313833588735,353694004035084,WestBengal_BTS_003,404-45-266-820,West Bengal
CDR202600012518,2025-12-25,13:37:02,+918059464816,+919316737376,VOICE,63,404157907421050,355185824360120,Delhi_BTS_002,404-45-935-071,Delhi
CDR202600012557,2025-10-02,21:51:28,+917201965416,+919099798724,VOICE,239,404363562122751,354202425112320,Rajasthan_BTS_005,404-45-505-906,Rajasthan
CDR202600012574,2025-07-27,10:19:14,+919511799653,+917913725296,VOICE,193,404321392386423,351100125669531,Gujarat_BTS_008,404-45-814-433,Gujarat
CDR202600012582,2025-03-31,23:00:28,+916882713712,+916890997421,SMS,0,404762801608453,354164606441368,Rajasthan_BTS_006,404-45-242-253,Rajasthan
CDR202600012594,2025-10-17,14:33:55,+916514444241,+918988838128,MISSED,0,404954341991008,353505173710886,Karnataka_BTS_006,404-45-813-981,Karnataka
CDR202600012663,2025-05-23,17:37:08,+919860882785,+916684845262,VOICE,39,404314479510459,359925939009870,Rajasthan_BTS_001,404-45-801-333,Rajasthan
CDR202600012669,2025-10-09,12:06:47,+918072478648,+917425544590,VOICE,311,404376090400440,355029339287652,WestBengal_BTS_001,404-45-915-996,West Bengal
CDR202600012671,2025-06-28,08:07:11,+916382761185,+919493846761,VOICE,165,404377582452181,355142288190247,Rajasthan_BTS_004,404-45-835-323,Rajasthan
CDR202600012678,2025-07-14,00:02:42,+919810324683,+919326665043,SMS,0,404130488424762,352195011650841,Rajasthan_BTS_005,404-45-771-512,Rajasthan
CDR202600012731,2025-02-22,09:43:05,+919624202963,+917924463389,VOICE,84,404674301956765,358831567009570,UttarPradesh_BTS_001,404-45-371-406,Uttar Pradesh
CDR202600012768,2025-06-13,10:56:24,+919443314569,+918558508867,VOICE,94,404234674135595,352246514313671,Maharashtra_BTS_004,404-45-146-678,Maharashtra
CDR202600012792,2025-05-12,14:17:28,+917026149618,+918337282355,VOICE,107,404119409185580,355728433651590,Delhi_BTS_004,404-45-652-774,Delhi
CDR202600012862,2025-07-16,21:44:02,+917477895275,+916971406889,MISSED,0,404955634980574,350624267965259,UttarPradesh_BTS_010,404-45-749-874,Uttar Pradesh
CDR202600012883,2025-06-10,12:10:26,+916566386279,+916250502536,VOICE,156,404816075977479,356731965772671,Karnataka_BTS_003,404-45-597-493,Karnataka
CDR202600012896,2025-12-01,16:29:43,+916237834522,+918287652960,VOICE,83,404690884726857,359815806300203,Delhi_BTS_002,404-45-884-129,Delhi
CDR202600012932,2025-07-06,08:41:34,+919182452649,+919956147272,VOICE,74,404188013585501,355731528985124,Rajasthan_BTS_015,404-45-282-520,Rajasthan
CDR202600012938,2025-04-02,11:21:27,+919685948210,+918386752389,MISSED,0,404969546620187,355494841110764,TamilNadu_BTS_005,404-45-734-084,Tamil Nadu
CDR202600012940,2025-08-17,22:09:05,+917555664956,+918497130615,VOICE,240,404211548585992,359044354035118,WestBengal_BTS_003,404-45-342-886,West Bengal
CDR202600012949,2025-10-19,16:20:06,+919947957962,+916514444241,VOICE,61,404775428111459,355950217228117,Delhi_BTS_002,404-45-884-129,Delhi
CDR202600012964,2025-11-18,00:12:02,+916950821627,+918146463659,SMS,0,404097626580031,356539038731726,TamilNadu_BTS_001,404-45-614-942,Tamil Nadu
CDR202600012980,2025-11-10,12:28:01,+916782572151,+919256264316,VOICE,263,404372871372135,356185796646368,Mumbai_BTS_001,404-45-446-022,Mumbai
CDR202600013010,2025-01-12,10:47:57,+917195063719,+919076610191,VOICE,83,404484235493315,356188917493486,Maharashtra_BTS_003,404-45-665-301,Maharashtra
CDR202600013016,2025-12-12,08:46:36,+916405988974,+919431265410,VOICE,22,404989630331467,358168268366441,Delhi_BTS_005,404-45-830-320,Delhi
CDR202600013039,2025-11-10,01:31:04,+918913388596,+919726146663,VOICE,39,404398658364057,356273247826276,Rajasthan_BTS_001,404-45-670-225,Rajasthan
CDR202600013046,2025-05-14,21:05:07,+918804035728,+919360999757,SMS,0,404426858966184,357650337480932,Gujarat_BTS_007,404-45-928-891,Gujarat
CDR202600013052,2025-09-06,02:30:08,+917461933492,+917392102359,VOICE,57,404724910796938,358945507994395,Rajasthan_BTS_005,404-45-505-906,Rajasthan
CDR202600013071,2025-06-28,14:32:06,+917103776964,+917139212492,MISSED,0,404530150497959,353207339910650,UttarPradesh_BTS_003,404-45-736-577,Uttar Pradesh
CDR202600013072,2025-04-06,04:13:53,+917025743722,+916514444241,VOICE,224,404159498862960,358558961405512,Gujarat_BTS_002,404-45-854-105,Gujarat
CDR202600013082,2025-01-06,09:29:30,+916213343596,+917785057063,VOICE,20,404281537805585,359075711559117,Rajasthan_BTS_019,404-45-951-827,Rajasthan
CDR202600013111,2025-12-16,06:34:05,+916318132842,+916213343596,SMS,0,404434010290348,359136578156759,Rajasthan_BTS_001,404-45-376-948,Rajasthan
CDR202600013140,2025-12-29,18:31:16,+918722681007,+916769659872,MISSED,0,404835394810778,357896118171355,UttarPradesh_BTS_011,404-45-194-650,Uttar Pradesh
CDR202600013162,2025-06-14,04:57:43,+919860882785,+916995819189,VOICE,528,404314479510459,359925939009870,Maharashtra_BTS_007,404-45-479-364,Maharashtra
CDR202600013173,2025-07-11,06:13:48,+917357740398,+919997519753,VOICE,8,404860973048844,359087616008755,Karnataka_BTS_007,404-45-322-992,Karnataka
CDR202600013179,2025-01-10,01:27:22,+918495071116,+917646977926,VOICE,30,404349215116533,359023935335194,Mumbai_BTS_008,404-45-520-479,Mumbai
CDR202600013211,2025-04-27,23:13:23,+917556076685,+919171862651,VOICE,21,404719434900278,356301056114751,WestBengal_BTS_008,404-45-979-482,West Bengal
CDR202600013222,2025-05-01,14:32:55,+917662059884,+918072478648,SMS,0,404703235594957,354473235152208,Gujarat_BTS_007,404-45-106-778,Gujarat
CDR202600013235,2025-06-22,05:35:44,+916269133279,+919459673734,VOICE,62,404216928433013,354684451414816,Rajasthan_BTS_009,404-45-742-164,Rajasthan
CDR202600013302,2025-03-04,21:33:33,+917060853496,+916199842463,VOICE,173,404569795572510,357654972033035,Gujarat_BTS_001,404-45-859-282,Gujarat
CDR202600013332,2025-04-02,16:16:23,+919260394257,+916093818132,VOICE,368,404673103385771,358478852390172,Rajasthan_BTS_001,404-45-755-705,Rajasthan
CDR202600013349,2025-12-10,20:48:18,+916250502536,+919493016966,VOICE,87,404529663619751,358095052685243,UttarPradesh_BTS_007,404-45-999-138,Uttar Pradesh
CDR202600013353,2025-02-11,00:42:50,+917194014111,+919511799653,VOICE,188,404188477093271,354791354639833,Maharashtra_BTS_008,404-45-799-664,Maharashtra
CDR202600013357,2025-12-05,17:23:59,+919266127157,+916662607238,VOICE,91,404210729046758,353874726403636,Rajasthan_BTS_001,404-45-755-705,Rajasthan
CDR202600013368,2025-04-29,11:05:28,+918235595849,+918391290269,VOICE,68,404392861671759,351657615653230,UttarPradesh_BTS_007,404-45-370-119,Uttar Pradesh
CDR202600013387,2025-10-31,06:41:50,+919976782155,+918253241186,SMS,0,404964747345476,358908149840555,UttarPradesh_BTS_009,404-45-719-216,Uttar Pradesh
CDR202600013409,2025-12-05,14:32:50,+918472765260,+919208418675,VOICE,44,404466966838838,354690218645410,Gujarat_BTS_006,404-45-833-666,Gujarat
CDR202600013426,2025-10-07,15:07:58,+917904711745,+916948757738,SMS,0,404793054712684,357087128424781,WestBengal_BTS_005,404-45-785-885,West Bengal
CDR202600013483,2025-08-02,06:25:54,+917705202761,+918375848411,VOICE,14,404776069852307,359631346998878,TamilNadu_BTS_001,404-45-614-942,Tamil Nadu
CDR202600013515,2025-03-22,03:53:12,+918754331119,+916711627793,VOICE,248,404179319856350,358760731471772,TamilNadu_BTS_006,404-45-367-210,Tamil Nadu
CDR202600013527,2025-12-31,11:17:43,+918140125522,+917578435098,SMS,0,404476777753490,357813404719910,UttarPradesh_BTS_001,404-45-371-406,Uttar Pradesh
CDR202600013553,2025-08-27,09:30:05,+919523443832,+918819865075,MISSED,0,404519331696434,354514703842462,Maharashtra_BTS_008,404-45-818-960,Maharashtra
CDR202600013561,2025-01-30,01:46:19,+917815142697,+917569906776,VOICE,106,404606943001039,356026719009536,Gujarat_BTS_002,404-45-854-105,Gujarat
CDR202600013564,2025-06-18,05:40:04,+917187868573,+919534108541,VOICE,52,404627015887651,359742573947384,Karnataka_BTS_004,404-45-985-411,Karnataka
CDR202600013568,2025-06-26,06:28:26,+918174562700,+918948299991,SMS,0,404676758406660,350655006236853,Rajasthan_BTS_013,404-45-448-115,Rajasthan
CDR202600013579,2025-06-18,11:50:00,+919316737376,+919355095519,VOICE,31,404029477845975,353027003969706,UttarPradesh_BTS_007,404-45-370-119,Uttar Pradesh
CDR202600013591,2025-11-23,21:48:05,+918655870198,+916162288887,MISSED,0,404666301474216,351586013747849,WestBengal_BTS_004,404-45-522-026,West Bengal
CDR202600013613,2025-05-15,08:00:36,+916803693943,+916333033015,SMS,0,404942338437775,354421822762447,UttarPradesh_BTS_002,404-45-869-959,Uttar Pradesh
CDR202600013627,2025-01-25,16:34:28,+917259833994,+917260525274,VOICE,28,404306363934535,353753978039457,Mumbai_BTS_002,404-45-702-226,Mumbai
CDR202600013637,2025-05-27,06:18:15,+918375410254,+917635632191,VOICE,34,404419431891454,352892305731784,TamilNadu_BTS_003,404-45-170-610,Tamil Nadu
CDR202600013647,2025-12-14,10:59:57,+919520134074,+917993022014,VOICE,75,404634145303106,353391215714902,UttarPradesh_BTS_006,404-45-108-684,Uttar Pradesh
CDR202600013656,2025-05-09,23:31:07,+917294491228,+917669226349,VOICE,351,404041722236468,352629376497070,UttarPradesh_BTS_002,404-45-568-324,Uttar Pradesh
CDR202600013669,2025-04-20,04:58:50,+917950890158,+918113345078,VOICE,139,404528697030785,352604622564017,Maharashtra_BTS_002,404-45-718-271,Maharashtra
CDR202600013675,2025-03-20,17:06:58,+918495824226,+916665816319,VOICE,220,404900690737171,358171900032438,Delhi_BTS_002,404-45-884-129,Delhi
CDR202600013686,2025-09-16,15:29:37,+918736319643,+916115268967,VOICE,187,404479859078459,357910948712763,Delhi_BTS_002,404-45-231-676,Delhi
CDR202600013704,2025-03-12,13:41:44,+917755598297,+919828369317,SMS,0,404497657461745,359100844958655,UttarPradesh_BTS_013,404-45-822-438,Uttar Pradesh
CDR202600013706,2025-10-03,22:22:18,+918374451566,+918942896065,VOICE,283,404714916332062,354657887589278,UttarPradesh_BTS_001,404-45-234-688,Uttar Pradesh
CDR202600013723,2025-05-11,05:16:37,+917015757307,+917345913698,VOICE,57,404184919357624,359028471577274,Mumbai_BTS_006,404-45-235-741,Mumbai
CDR202600013730,2025-11-09,03:47:34,+917642066484,+918825273229,SMS,0,404297817223306,350214917665193,Delhi_BTS_001,404-45-180-088,Delhi
CDR202600013732,2025-10-27,12:07:41,+918983168008,+917767520527,VOICE,133,404462061687257,353508300927500,Rajasthan_BTS_007,404-45-697-409,Rajasthan
CDR202600013781,2025-10-03,21:52:12,+916226722085,+918169255646,MISSED,0,404836931057959,355341273638834,Mumbai_BTS_008,404-45-984-747,Mumbai
CDR202600013784,2025-03-25,02:25:06,+917556633028,+917123640419,VOICE,118,404344417827823,350727302817374,Delhi_BTS_006,404-45-629-463,Delhi
CDR202600013791,2025-09-21,05:51:52,+919055781480,+919523870498,VOICE,207,404908385479809,351588243035260,WestBengal_BTS_006,404-45-906-719,West Bengal
CDR202600013794,2025-06-06,09:50:38,+919176357004,+916113148304,VOICE,363,404950952128650,359729805889291,UttarPradesh_BTS_011,404-45-966-053,Uttar Pradesh
CDR202600013799,2025-03-25,11:49:18,+917196407916,+917094749331,VOICE,49,404937102756234,356619429087337,TamilNadu_BTS_006,404-45-773-598,Tamil Nadu
CDR202600013804,2025-04-06,01:17:45,+919726146663,+918602655916,VOICE,20,404472993768494,351027354312120,Maharashtra_BTS_007,404-45-750-855,Maharashtra
CDR202600013805,2025-09-04,09:36:25,+917790056636,+917280306686,SMS,0,404234553874690,359037807415142,Mumbai_BTS_011,404-45-573-256,Mumbai
CDR202600013828,2025-03-22,02:53:46,+916858960592,+919006149178,VOICE,137,404924243620528,350272287138525,Gujarat_BTS_004,404-45-130-096,Gujarat
CDR202600013832,2025-08-25,00:57:42,+918550108931,+919640864845,VOICE,79,404481844036992,352468550418322,Rajasthan_BTS_010,404-45-494-391,Rajasthan
CDR202600013843,2025-06-09,14:03:40,+917946672758,+919286169150,VOICE,300,404788202702595,358935572790234,Maharashtra_BTS_005,404-45-181-876,Maharashtra
CDR202600013855,2025-12-04,16:46:52,+919084845614,+919105072004,SMS,0,404273747190122,357016799294163,Maharashtra_BTS_002,404-45-926-045,Maharashtra
CDR202600013859,2025-01-21,05:21:00,+919511637657,+919427110939,VOICE,186,404858892291725,350392319529574,Karnataka_BTS_004,404-45-985-411,Karnataka
CDR202600013867,2025-12-06,16:46:38,+916006247345,+917276421293,VOICE,31,404312899125175,352860367505121,WestBengal_BTS_003,404-45-342-886,West Bengal
CDR202600013880,2025-11-30,07:10:05,+918860630629,+918639338747,VOICE,114,404041718412336,351767138502605,Mumbai_BTS_006,404-45-785-498,Mumbai
CDR202600013910,2025-10-12,12:08:50,+918356219587,+916959472352,VOICE,14,404689120595948,358565727517822,Rajasthan_BTS_016,404-45-619-624,Rajasthan
CDR202600013918,2025-02-16,05:19:28,+916964241601,+918981533864,VOICE,33,404961052304411,351066785687197,Maharashtra_BTS_004,404-45-146-678,Maharashtra
CDR202600013933,2025-12-21,21:41:52,+917970852104,+916221886111,VOICE,72,404700666167352,354372323952875,Maharashtra_BTS_007,404-45-314-687,Maharashtra
CDR202600013941,2025-01-04,21:08:00,+917691728825,+918475331843,VOICE,178,404010972084597,357918586892171,Mumbai_BTS_008,404-45-155-690,Mumbai
CDR202600013955,2025-12-14,21:46:57,+919952361543,+919063742023,VOICE,61,404482623843422,354979941921350,Delhi_BTS_006,404-45-548-922,Delhi
CDR202600014006,2025-03-21,11:15:57,+918073269811,+918356551501,VOICE,878,404228986043786,356016062808826,Karnataka_BTS_007,404-45-294-304,Karnataka
CDR202600014009,2025-01-20,19:27:50,+919571680333,+916095157409,VOICE,409,404205107939618,353321897975383,Mumbai_BTS_007,404-45-516-195,Mumbai
CDR202600014073,2025-11-11,16:55:43,+917484854788,+918133493776,VOICE,146,404959181602820,357897236722471,Gujarat_BTS_002,404-45-328-143,Gujarat
CDR202600014074,2025-10-27,10:09:50,+918357334243,+916082764967,VOICE,43,404430486556384,353829551928360,Rajasthan_BTS_004,404-45-680-898,Rajasthan
CDR202600014089,2025-07-09,16:25:21,+916304446754,+917611934656,VOICE,240,404692512715125,358440478852857,Maharashtra_BTS_003,404-45-665-301,Maharashtra
CDR202600014122,2025-04-01,16:41:20,+917409690372,+919332231033,VOICE,105,404051193784515,355725556812497,WestBengal_BTS_001,404-45-230-043,West Bengal
CDR202600014128,2025-08-17,18:57:58,+916199842463,+919470876749,VOICE,174,404756238192259,350080024057789,Rajasthan_BTS_007,404-45-241-522,Rajasthan
CDR202600014129,2025-10-21,08:07:02,+916632730803,+916304446754,VOICE,71,404946227394122,354609582789310,UttarPradesh_BTS_002,404-45-174-010,Uttar Pradesh
CDR202600014132,2025-11-05,15:34:47,+919825077379,+919075161331,VOICE,122,404163879777029,350189974502354,Rajasthan_BTS_017,404-45-652-977,Rajasthan
CDR202600014137,2025-06-02,01:12:10,+917753706779,+917800246045,VOICE,41,404259052120868,356281409620412,Delhi_BTS_005,404-45-508-688,Delhi
CDR202600014140,2025-04-20,12:10:12,+917932933268,+916788660480,VOICE,4,404183433280839,350216992497925,UttarPradesh_BTS_011,404-45-194-650,Uttar Pradesh
CDR202600014154,2025-02-10,06:34:00,+916768200913,+919132587910,VOICE,47,404313833588735,353694004035084,Maharashtra_BTS_004,404-45-146-678,Maharashtra
CDR202600014167,2025-12-26,11:03:39,+918785646329,+916718698921,VOICE,75,404788064431252,356885867780428,Gujarat_BTS_008,404-45-448-285,Gujarat
CDR202600014186,2025-02-13,09:56:43,+918236349159,+916692585943,VOICE,173,404767944169204,359544269880685,Karnataka_BTS_008,404-45-693-754,Karnataka
CDR202600014188,2025-08-09,13:07:02,+916771944286,+919423224659,VOICE,12,404972440060458,355792170322414,Gujarat_BTS_002,404-45-854-105,Gujarat
CDR202600014217,2025-09-03,13:28:04,+919594849368,+919689954668,VOICE,106,404812624536468,356416763436171,UttarPradesh_BTS_015,404-45-658-037,Uttar Pradesh
CDR202600014224,2025-11-30,05:36:33,+917276655877,+918223902580,MISSED,0,404005637912230,354051050354759,Maharashtra_BTS_002,404-45-967-353,Maharashtra
CDR202600014272,2025-06-15,11:15:54,+916187949263,+917686042901,VOICE,134,404547143300286,355413855407668,Gujarat_BTS_005,404-45-716-028,Gujarat
CDR202600014278,2025-09-30,01:59:35,+918478798838,+918686767865,VOICE,380,404634316521496,350531773142970,UttarPradesh_BTS_009,404-45-378-289,Uttar Pradesh
CDR202600014283,2025-09-11,07:34:39,+918386857947,+917052551230,VOICE,200,404078416980158,354034089734219,Rajasthan_BTS_002,404-45-334-842,Rajasthan
CDR202600014287,2025-12-23,05:57:35,+917041707972,+917769613408,SMS,0,404225405180205,350823845878574,Rajasthan_BTS_017,404-45-652-977,Rajasthan
CDR202600014291,2025-02-13,05:08:08,+919038843593,+918493847477,VOICE,22,404503116121081,351617252870337,WestBengal_BTS_009,404-45-571-359,West Bengal
CDR202600014302,2025-12-17,23:19:28,+918897074122,+919544969039,VOICE,25,404495916120765,356315582302311,UttarPradesh_BTS_012,404-45-441-790,Uttar Pradesh
CDR202600014314,2025-07-04,08:20:47,+918160543442,+919113796021,VOICE,143,404943515003843,354513041733219,Rajasthan_BTS_004,404-45-374-068,Rajasthan
CDR202600014327,2025-02-11,23:08:08,+919639277661,+918917303207,SMS,0,404116713195324,355576443003604,Maharashtra_BTS_008,404-45-173-624,Maharashtra
CDR202600014369,2025-10-25,11:45:20,+919508981144,+917364876856,VOICE,117,404043276131067,358288534503053,UttarPradesh_BTS_009,404-45-378-289,Uttar Pradesh
CDR202600014373,2025-01-17,05:53:19,+917537891077,+917582123824,VOICE,399,404714731371397,358775507928771,UttarPradesh_BTS_002,404-45-568-324,Uttar Pradesh
CDR202600014381,2025-08-04,21:15:55,+918825273229,+919839346283,VOICE,4,404960432794442,351062848382677,Karnataka_BTS_006,404-45-835-499,Karnataka
CDR202600014385,2025-02-02,14:03:53,+917367096138,+917630102866,VOICE,69,404893788173918,358491033763340,Rajasthan_BTS_011,404-45-796-739,Rajasthan
CDR202600014387,2025-12-21,21:02:39,+917740841180,+917915522358,VOICE,102,404982658525554,359574687676495,Rajasthan_BTS_014,404-45-564-004,Rajasthan
CDR202600014391,2025-08-16,07:15:59,+917519999042,+919548918958,VOICE,265,404989415432201,353320078618476,UttarPradesh_BTS_007,404-45-779-107,Uttar Pradesh
CDR202600014394,2025-06-07,04:58:56,+919477846389,+917964148086,VOICE,39,404007120161986,353204258493266,Rajasthan_BTS_015,404-45-612-781,Rajasthan
CDR202600014400,2025-02-16,19:38:16,+916605441163,+917930652943,VOICE,44,404207652835216,355094604612376,Rajasthan_BTS_011,404-45-796-739,Rajasthan
CDR202600014409,2025-11-23,11:41:22,+917368147847,+917896773158,VOICE,289,404658366639490,357393255381295,WestBengal_BTS_004,404-45-283-755,West Bengal
CDR202600014424,2025-12-06,08:11:24,+919166543156,+917895319354,VOICE,33,404850038225117,356681508856845,WestBengal_BTS_001,404-45-230-043,West Bengal
CDR202600014436,2025-05-14,09:39:27,+918118211392,+916082468515,SMS,0,404929468829220,358071996273930,WestBengal_BTS_003,404-45-735-768,West Bengal
CDR202600014448,2025-09-06,17:59:45,+916250502536,+919530123045,VOICE,353,404529663619751,358095052685243,Mumbai_BTS_007,404-45-196-100,Mumbai
CDR202600014497,2025-07-12,10:17:23,+919538087097,+919327809757,SMS,0,404524752986163,357990578931589,Maharashtra_BTS_007,404-45-750-855,Maharashtra
CDR202600014546,2025-07-08,16:49:02,+917789224735,+917095050989,VOICE,29,404036696620777,357336902307662,Rajasthan_BTS_007,404-45-697-409,Rajasthan
CDR202600014547,2025-10-05,12:00:57,+916000914011,+918146417940,VOICE,4,404219362934400,355106855474818,UttarPradesh_BTS_011,404-45-966-053,Uttar Pradesh
CDR202600014580,2025-05-14,16:44:43,+917568309736,+918295339916,VOICE,46,404571466438985,351807421919841,Rajasthan_BTS_013,404-45-400-446,Rajasthan
CDR202600014581,2025-07-07,18:51:35,+918485572124,+917028279582,VOICE,35,404289039592310,350896790333888,Rajasthan_BTS_013,404-45-448-115,Rajasthan
CDR202600014589,2025-04-07,16:25:36,+916199842463,+919223684078,VOICE,5,404756238192259,350080024057789,Mumbai_BTS_009,404-45-162-413,Mumbai
CDR202600014592,2025-09-29,05:59:02,+919791199804,+917487718089,VOICE,39,404757507214918,355391399253668,Delhi_BTS_004,404-45-847-707,Delhi
CDR202600014605,2025-06-19,05:23:14,+919083548905,+916015450890,SMS,0,404016310765459,354321078343470,Rajasthan_BTS_010,404-45-641-258,Rajasthan
CDR202600014639,2025-11-24,09:47:02,+918080738604,+918875457856,VOICE,55,404641257175176,357830250922732,Karnataka_BTS_002,404-45-195-949,Karnataka
CDR202600014646,2025-09-19,02:56:49,+919297898204,+918022471766,MISSED,0,404760445197508,354357601117156,Mumbai_BTS_006,404-45-785-498,Mumbai
CDR202600014661,2025-07-27,19:18:51,+917260525274,+919809078674,SMS,0,404348500968395,357212038753711,Maharashtra_BTS_002,404-45-926-045,Maharashtra
CDR202600014712,2025-03-06,13:04:45,+918158388378,+919450140521,VOICE,343,404553136787963,355262183758898,Delhi_BTS_006,404-45-629-463,Delhi
CDR202600014741,2025-03-12,11:00:14,+916160615660,+916575838940,VOICE,17,404656342578681,351731329439168,Mumbai_BTS_006,404-45-319-553,Mumbai
CDR202600014759,2025-06-16,07:05:32,+918088293650,+916125151698,VOICE,32,404071304533723,353299170343588,UttarPradesh_BTS_002,404-45-174-010,Uttar Pradesh
CDR202600014803,2025-02-23,10:57:36,+919257139689,+919049670765,VOICE,39,404105364330204,356122917213913,Rajasthan_BTS_019,404-45-951-827,Rajasthan
CDR202600014808,2025-08-26,04:12:58,+919692520668,+919535247972,VOICE,52,404882435005203,353376505299245,UttarPradesh_BTS_010,404-45-308-704,Uttar Pradesh
CDR202600014817,2025-05-13,20:50:40,+918785113508,+918270857685,VOICE,5,404418324466204,357426790175787,WestBengal_BTS_004,404-45-522-026,West Bengal
CDR202600014831,2025-07-19,16:34:03,+918548687452,+919670105203,VOICE,103,404450967199644,350991576666052,WestBengal_BTS_004,404-45-522-026,West Bengal
CDR202600014847,2025-12-26,23:15:43,+916183533959,+916774681896,VOICE,12,404488993329065,351999793016439,Delhi_BTS_002,404-45-878-546,Delhi
CDR202600014865,2025-01-05,13:02:57,+918802853853,+919208418675,VOICE,125,404098960415338,356686382062399,Delhi_BTS_002,404-45-884-129,Delhi
CDR202600014866,2025-06-01,20:13:14,+918780144574,+917065215690,VOICE,32,404186840758932,354546834393242,Rajasthan_BTS_014,404-45-564-004,Rajasthan
CDR202600014876,2025-03-19,09:35:43,+917056715552,+917789224735,VOICE,9,404622854988890,358499035498144,Karnataka_BTS_003,404-45-597-493,Karnataka
CDR202600014880,2025-09-13,07:23:03,+917936178367,+919956147272,VOICE,37,404965395347489,359391787896901,UttarPradesh_BTS_004,404-45-170-901,Uttar Pradesh
CDR202600014886,2025-11-26,11:32:00,+916117737375,+919300467117,SMS,0,404204661026618,352917292231531,UttarPradesh_BTS_008,404-45-860-567,Uttar Pradesh
CDR202600014917,2025-02-03,15:48:44,+916630885265,+916306053410,VOICE,7,404401360014110,356204082931767,Delhi_BTS_006,404-45-629-463,Delhi
CDR202600014926,2025-10-21,11:11:11,+917467444699,+919172294037,VOICE,86,404839170437940,351847207600726,Mumbai_BTS_008,404-45-520-479,Mumbai
CDR202600014938,2025-04-14,04:43:45,+917103776964,+919040697052,SMS,0,404530150497959,353207339910650,Maharashtra_BTS_002,404-45-926-045,Maharashtra
CDR202600014960,2025-04-20,09:19:14,+919529285888,+916810952388,SMS,0,404943392389609,357371671334737,WestBengal_BTS_007,404-45-491-894,West Bengal
CDR202600014963,2025-02-28,16:56:14,+918245240086,+916113148304,VOICE,19,404300837370087,359479359551686,Rajasthan_BTS_014,404-45-564-004,Rajasthan
CDR202600014997,2025-04-16,06:24:12,+916261473917,+916075420676,VOICE,30,404338236381268,357412935464351,Rajasthan_BTS_018,404-45-713-332,Rajasthan
CDR202600014998,2025-10-04,08:09:20,+917916621634,+916774681896,VOICE,44,404897872118954,352979357894420,Mumbai_BTS_011,404-45-287-286,Mumbai
CDR202600015004,2025-07-10,15:34:16,+919535878966,+917103776964,VOICE,324,404301227770353,351066501499809,Rajasthan_BTS_010,404-45-641-258,Rajasthan
CDR202600015016,2025-05-04,04:18:11,+917352212674,+919343914928,VOICE,116,404366621318844,350267196044512,Maharashtra_BTS_003,404-45-949-644,Maharashtra
CDR202600015019,2025-04-27,14:42:31,+916658481061,+919844273151,VOICE,105,404863693383866,357618160312468,UttarPradesh_BTS_010,404-45-749-874,Uttar Pradesh
CDR202600015025,2025-08-21,22:13:53,+918699480610,+919377120878,SMS,0,404584779860566,351235843197593,Karnataka_BTS_007,404-45-322-992,Karnataka
CDR202600015026,2025-11-20,13:58:15,+918082396698,+917917398332,VOICE,86,404323315744746,350226305134736,Mumbai_BTS_003,404-45-334-070,Mumbai
CDR202600015041,2025-05-05,04:29:49,+919075161331,+918822202435,SMS,0,404356067612154,350210830750689,WestBengal_BTS_003,404-45-266-820,West Bengal
CDR202600015060,2025-01-17,04:52:16,+916329228510,+918148080476,VOICE,136,404041750860644,356344443007285,Rajasthan_BTS_007,404-45-470-225,Rajasthan
CDR202600015084,2025-10-23,05:43:43,+919530476674,+918023065281,SMS,0,404218645545408,357650585192968,Rajasthan_BTS_019,404-45-414-246,Rajasthan
CDR202600015096,2025-10-23,06:44:38,+918270857685,+919431265410,VOICE,142,404717231005437,358524930868103,Gujarat_BTS_002,404-45-328-143,Gujarat
CDR202600015125,2025-03-30,14:51:41,+916441047693,+917075986024,SMS,0,404403124328809,356044295639635,Karnataka_BTS_003,404-45-270-417,Karnataka
CDR202600015152,2025-08-16,18:37:04,+918172548486,+917368360787,VOICE,41,404030644263963,354835062021205,Rajasthan_BTS_018,404-45-713-332,Rajasthan
CDR202600015157,2025-11-01,04:20:52,+916252332183,+918687105692,VOICE,66,404467546172850,359242384065332,UttarPradesh_BTS_007,404-45-779-107,Uttar Pradesh
CDR202600015200,2025-02-16,19:24:58,+918428693441,+919632709759,VOICE,63,404346110155635,355146295612850,Delhi_BTS_004,404-45-652-774,Delhi
CDR202600015218,2025-05-23,14:03:00,+919299740124,+918158985419,VOICE,18,404639478699248,351120201089694,TamilNadu_BTS_001,404-45-158-052,Tamil Nadu
CDR202600015220,2025-06-29,16:13:11,+917790056636,+918368982375,VOICE,137,404234553874690,359037807415142,UttarPradesh_BTS_010,404-45-749-874,Uttar Pradesh
CDR202600015275,2025-05-04,19:50:31,+916869934327,+919639031880,VOICE,153,404916434525619,354096424086335,TamilNadu_BTS_005,404-45-734-084,Tamil Nadu
CDR202600015296,2025-10-28,12:20:57,+917896818953,+917782498752,VOICE,239,404980335496071,355680348335769,Maharashtra_BTS_003,404-45-649-128,Maharashtra
CDR202600015341,2025-02-04,12:48:20,+916250502536,+919488376410,VOICE,445,404529663619751,358095052685243,UttarPradesh_BTS_013,404-45-822-438,Uttar Pradesh
CDR202600015349,2025-11-27,04:18:19,+918854666127,+918798606168,VOICE,295,404022925067399,351290751329413,Rajasthan_BTS_008,404-45-981-113,Rajasthan
CDR202600015350,2025-12-08,02:57:24,+918675122332,+919997519753,VOICE,14,404559235006905,355176154857151,Maharashtra_BTS_006,404-45-489-285,Maharashtra
CDR202600015366,2025-07-09,03:09:08,+918369567278,+918051141100,VOICE,97,404833392879558,359566862395671,WestBengal_BTS_001,404-45-981-041,West Bengal
CDR202600015381,2025-05-08,06:28:33,+916000914011,+917964837192,SMS,0,404219362934400,355106855474818,Mumbai_BTS_010,404-45-211-255,Mumbai
CDR202600015387,2025-08-01,20:10:51,+916950821627,+919481005921,VOICE,205,404097626580031,356539038731726,Rajasthan_BTS_013,404-45-887-657,Rajasthan
CDR202600015397,2025-05-09,18:40:53,+919732263217,+917024544717,VOICE,114,404021314893713,352429410797313,Rajasthan_BTS_002,404-45-334-842,Rajasthan
CDR202600015408,2025-02-15,08:57:32,+917196407916,+919349222887,VOICE,26,404937102756234,356619429087337,Delhi_BTS_003,404-45-533-988,Delhi
CDR202600015414,2025-09-07,08:31:47,+917895319354,+919275894481,VOICE,158,404658658453164,354074775641863,Maharashtra_BTS_003,404-45-487-081,Maharashtra
CDR202600015434,2025-10-05,22:55:45,+918649972048,+919957152363,SMS,0,404729167024194,354276436560927,Delhi_BTS_001,404-45-180-088,Delhi
CDR202600015438,2025-11-24,23:15:06,+918821059883,+917271175627,VOICE,192,404714684485457,359900356962143,Rajasthan_BTS_016,404-45-619-624,Rajasthan
CDR202600015464,2025-06-09,09:02:03,+918186734279,+918236349159,VOICE,77,404325815476354,352706579634232,Karnataka_BTS_004,404-45-985-411,Karnataka
CDR202600015472,2025-11-19,19:30:15,+919099798724,+918006047998,SMS,0,404290913772444,354662149246057,Rajasthan_BTS_007,404-45-697-409,Rajasthan
CDR202600015477,2025-10-16,02:57:40,+918438901003,+919481578095,SMS,0,404300837083033,353626590330348,WestBengal_BTS_005,404-45-785-885,West Bengal
CDR202600015482,2025-02-20,04:10:17,+918601217498,+918572284522,SMS,0,404157556396825,355665347731562,Maharashtra_BTS_006,404-45-489-285,Maharashtra
CDR202600015506,2025-01-20,18:24:32,+919548918958,+916147612315,VOICE,1,404528017635067,356913400110982,Rajasthan_BTS_001,404-45-670-225,Rajasthan
CDR202600015522,2025-12-22,08:29:38,+916318132842,+918954038504,VOICE,89,404434010290348,359136578156759,WestBengal_BTS_006,404-45-373-164,West Bengal
CDR202600015525,2025-02-09,20:17:32,+916768200913,+916552475615,VOICE,18,404313833588735,353694004035084,Karnataka_BTS_007,404-45-322-992,Karnataka
CDR202600015551,2025-10-18,14:44:25,+919099798724,+917287862227,VOICE,260,404290913772444,354662149246057,Delhi_BTS_002,404-45-884-129,Delhi
CDR202600015560,2025-09-11,07:17:04,+919900586055,+917234608486,MISSED,0,404082752725351,353892359151229,Mumbai_BTS_002,404-45-107-073,Mumbai
CDR202600015569,2025-07-16,13:48:36,+916613980258,+917984465285,VOICE,29,404402309677687,351768945175759,Rajasthan_BTS_019,404-45-414-246,Rajasthan
CDR202600015579,2025-01-19,18:34:09,+919903778174,+918579171918,VOICE,6,404973845121376,350562268505284,TamilNadu_BTS_001,404-45-158-052,Tamil Nadu
CDR202600015583,2025-11-18,10:14:09,+916575838940,+919026922328,VOICE,62,404440168507590,352000244690704,Rajasthan_BTS_005,404-45-771-512,Rajasthan
CDR202600015584,2025-07-05,09:09:38,+916958390940,+916655642600,VOICE,354,404195388387238,354038903299819,Gujarat_BTS_001,404-45-859-282,Gujarat
CDR202600015590,2025-06-01,16:58:52,+917057475889,+917329773446,VOICE,97,404390080579944,356450181783976,Rajasthan_BTS_014,404-45-564-004,Rajasthan
CDR202600015600,2025-07-10,21:11:07,+917154767880,+917364876856,VOICE,9,404132159148971,355999292002554,Rajasthan_BTS_001,404-45-670-225,Rajasthan
CDR202600015601,2025-01-22,20:32:27,+919414634098,+916306053410,VOICE,159,404073260347191,355926245057177,TamilNadu_BTS_004,404-45-683-253,Tamil Nadu
CDR202600015608,2025-07-16,20:21:01,+919985306500,+917847064430,SMS,0,404896104187648,359026709068948,Rajasthan_BTS_010,404-45-710-066,Rajasthan
CDR202600015610,2025-10-08,22:56:31,+916000914011,+916921903014,VOICE,129,404219362934400,355106855474818,UttarPradesh_BTS_009,404-45-719-216,Uttar Pradesh
CDR202600015653,2025-04-07,16:56:34,+917614848942,+919099798724,VOICE,62,404756410518885,353424866034816,Delhi_BTS_003,404-45-533-988,Delhi
CDR202600015664,2025-01-02,21:34:17,+916886972845,+917546122102,VOICE,146,404808565972884,358561824608287,UttarPradesh_BTS_006,404-45-769-542,Uttar Pradesh
CDR202600015666,2025-11-29,17:46:01,+917486762256,+917852714723,SMS,0,404203334519820,352855724936090,Karnataka_BTS_005,404-45-102-400,Karnataka
CDR202600015672,2025-10-08,01:25:44,+916983480372,+918966735221,VOICE,43,404471825872070,354926761999127,UttarPradesh_BTS_002,404-45-174-010,Uttar Pradesh
CDR202600015690,2025-06-05,08:21:28,+919272145577,+917835301377,VOICE,21,404073846799198,354859186804604,UttarPradesh_BTS_006,404-45-769-542,Uttar Pradesh
CDR202600015706,2025-06-13,17:51:31,+919692520668,+919976939439,VOICE,117,404882435005203,353376505299245,Gujarat_BTS_004,404-45-130-096,Gujarat
CDR202600015737,2025-02-06,19:59:21,+918014088964,+919972880601,VOICE,21,404322203378252,357231241677195,Delhi_BTS_002,404-45-878-546,Delhi
CDR202600015743,2025-10-27,19:13:20,+919806383539,+917553405236,VOICE,283,404022209134648,358885419315894,Rajasthan_BTS_015,404-45-208-892,Rajasthan
CDR202600015756,2025-01-24,09:34:13,+919316737376,+916398996879,SMS,0,404029477845975,353027003969706,UttarPradesh_BTS_014,404-45-214-078,Uttar Pradesh
CDR202600015761,2025-06-06,18:32:50,+917515726170,+918318287801,SMS,0,404958891599768,356122850660239,UttarPradesh_BTS_004,404-45-457-903,Uttar Pradesh
CDR202600015771,2025-05-29,14:47:16,+917313453261,+917187868573,VOICE,229,404111221862519,354397336982796,Karnataka_BTS_001,404-45-767-554,Karnataka
CDR202600015780,2025-05-18,17:42:38,+916762217814,+916237834522,VOICE,86,404802722212115,354861606259454,TamilNadu_BTS_001,404-45-614-942,Tamil Nadu
CDR202600015789,2025-03-05,04:17:40,+917374707931,+918098046185,SMS,0,404972370259636,352102690470490,TamilNadu_BTS_001,404-45-158-052,Tamil Nadu
CDR202600015793,2025-11-05,23:22:24,+918671402590,+918568674332,VOICE,146,404045318561370,352048382585034,Delhi_BTS_002,404-45-884-129,Delhi
CDR202600015805,2025-04-05,17:17:54,+918817368148,+917448966178,VOICE,53,404933685554540,353143886526952,Gujarat_BTS_008,404-45-448-285,Gujarat
CDR202600015815,2025-02-17,20:31:04,+918061583078,+919019032610,VOICE,47,404182949411819,352366657471398,UttarPradesh_BTS_013,404-45-552-565,Uttar Pradesh
CDR202600015819,2025-12-22,18:12:51,+918621001114,+918534740912,VOICE,254,404937119590849,358435979286042,Karnataka_BTS_001,404-45-767-554,Karnataka
CDR202600015823,2025-05-10,17:17:02,+919097486103,+918699480610,VOICE,25,404139172628406,356489719534812,Gujarat_BTS_007,404-45-703-285,Gujarat
CDR202600015849,2025-11-16,16:17:16,+918111690079,+919860882785,VOICE,249,404270145788735,359749962715728,Karnataka_BTS_005,404-45-565-293,Karnataka
CDR202600015856,2025-12-06,14:12:10,+918649282034,+919956398624,VOICE,6,404655989672079,352728801663832,Delhi_BTS_003,404-45-533-988,Delhi
CDR202600015858,2025-11-23,12:03:12,+918485572124,+919895511404,VOICE,100,404289039592310,350896790333888,UttarPradesh_BTS_006,404-45-726-827,Uttar Pradesh
CDR202600015895,2025-11-14,03:30:18,+917026149618,+917394061822,VOICE,612,404119409185580,355728433651590,Mumbai_BTS_006,404-45-785-498,Mumbai
CDR202600015909,2025-11-29,19:47:37,+916813243781,+917719903927,VOICE,238,404477824158508,358360215017129,Rajasthan_BTS_013,404-45-887-657,Rajasthan
CDR202600015921,2025-04-06,15:26:19,+918236781960,+916953509233,VOICE,87,404159891020295,358916005228347,Mumbai_BTS_008,404-45-520-479,Mumbai
CDR202600015937,2025-02-24,09:42:30,+918485572124,+918130390023,VOICE,58,404289039592310,353053343558462,Delhi_BTS_006,404-45-548-922,Delhi
CDR202600015952,2025-05-02,13:38:33,+917501730315,+919208418675,VOICE,168,404520349735961,357930870044264,TamilNadu_BTS_004,404-45-513-123,Tamil Nadu
CDR202600015956,2025-11-25,14:21:49,+917282202555,+919223564253,VOICE,40,404364115516923,350152278148208,Rajasthan_BTS_013,404-45-887-657,Rajasthan
CDR202600015967,2025-10-14,12:27:39,+919982516936,918959499465,VOICE,85,404563204388462,355455444978319,Rajasthan_BTS_017,404-45-652-977,Rajasthan
CDR202600015994,2025-02-17,11:51:37,+919624738648,+916413888082,VOICE,26,404341862578155,359677010624008,Karnataka_BTS_007,404-45-322-992,Karnataka
CDR202600016005,2025-10-30,01:18:51,+917694064296,+918923615067,SMS,0,404656845418643,359676761495380,TamilNadu_BTS_006,404-45-773-598,Tamil Nadu
CDR202600016010,2025-10-20,05:46:49,+916405134888,+919966379916,SMS,0,404928533489829,357856220782707,Delhi_BTS_003,404-45-662-170,Delhi
CDR202600016035,2025-03-05,11:02:37,+918659465845,+919997519753,VOICE,27,404879049829459,359442273430042,Maharashtra_BTS_001,404-45-204-095,Maharashtra
CDR202600016042,2025-06-10,05:13:49,+917269618001,+918791522785,VOICE,54,404309543386755,356312138219771,UttarPradesh_BTS_003,404-45-736-577,Uttar Pradesh
CDR202600016075,2025-09-27,18:48:23,+918036036478,+918511275005,SMS,0,404329027481886,350598031580616,Delhi_BTS_001,404-45-180-088,Delhi
CDR202600016095,2025-10-04,01:06:15,+919928904654,+919606727982,VOICE,45,404165730135420,351169504141835,Rajasthan_BTS_007,404-45-470-225,Rajasthan
CDR202600016100,2025-07-21,16:50:05,+918130390023,+916953509233,VOICE,213,404350986244405,350809158509671,Mumbai_BTS_008,404-45-462-434,Mumbai
CDR202600016128,2025-10-07,03:56:27,+919821679053,+919105275211,VOICE,11,404213511017871,359950248954033,Rajasthan_BTS_009,404-45-911-697,Rajasthan
CDR202600016130,2025-03-02,08:17:33,+916889163629,+916981244816,SMS,0,404232429533485,352478929717171,WestBengal_BTS_002,404-45-355-683,West Bengal
CDR202600016132,2025-11-14,13:18:48,+917577776432,+919049670765,VOICE,26,404330845816497,353620688139371,UttarPradesh_BTS_015,404-45-658-037,Uttar Pradesh
CDR202600016149,2025-12-15,03:59:40,+918650741756,+917160405940,VOICE,13,404404700864529,351001165549651,Maharashtra_BTS_005,404-45-891-297,Maharashtra
CDR202600016166,2025-03-25,14:56:22,+918147651676,+917270968313,VOICE,101,404074397792308,356894263910237,Gujarat_BTS_007,404-45-325-460,Gujarat
CDR202600016180,2025-09-04,12:04:00,+918922458351,+918868630413,SMS,0,404110693429669,350643164035588,UttarPradesh_BTS_014,404-45-214-078,Uttar Pradesh
CDR202600016189,2025-02-13,23:18:32,+919489279282,+918256316963,VOICE,9,404261911494625,357177686545176,Mumbai_BTS_007,404-45-584-827,Mumbai
CDR202600016191,2025-08-25,02:04:38,+919445817927,+919181364357,VOICE,36,404551780660924,359309528958273,Mumbai_BTS_008,404-45-462-434,Mumbai
CDR202600016201,2025-02-08,12:13:15,+919178210985,+919211319764,VOICE,53,404425048093655,359903198641263,WestBengal_BTS_001,404-45-915-996,West Bengal
CDR202600016208,2025-11-12,15:07:27,+917349242315,+916500966217,VOICE,12,404189824616424,358033961849616,Karnataka_BTS_005,404-45-102-400,Karnataka
CDR202600016210,2025-09-11,12:46:55,+916025749167,+917533048512,VOICE,54,404786452926007,351203065630702,UttarPradesh_BTS_006,404-45-108-684,Uttar Pradesh
CDR202600016243,2025-12-05,08:05:00,+916720582936,+919573663351,VOICE,84,404245556217118,355330221594229,Rajasthan_BTS_017,404-45-897-945,Rajasthan
CDR202600016247,2025-05-28,10:10:18,+918513652338,+916924957846,SMS,0,404348804437862,358559391348291,Karnataka_BTS_005,404-45-902-804,Karnataka
CDR202600016258,2025-09-19,16:31:17,+916978831456,+918649972048,VOICE,115,404618525129513,354134248926861,Gujarat_BTS_007,404-45-928-891,Gujarat
CDR202600016270,2025-06-25,18:04:50,+917700807009,+919624875422,VOICE,442,404333405837417,354166654853496,Gujarat_BTS_006,404-45-818-559,Gujarat
CDR202600016274,2025-11-22,06:48:27,+918856969672,+917310983111,VOICE,56,404636841431012,352834068011255,UttarPradesh_BTS_009,404-45-378-289,Uttar Pradesh
CDR202600016283,2025-09-23,16:09:15,+917139435997,+919139549206,VOICE,89,404775867779992,353641324305350,Mumbai_BTS_007,404-45-196-100,Mumbai
CDR202600016294,2025-12-02,14:36:35,+918957604131,+918335471524,VOICE,27,404479142324196,350956727205135,Delhi_BTS_001,404-45-180-088,Delhi
CDR202600016296,2025-08-10,20:16:32,+918579171918,+919501978699,VOICE,46,404191767833870,350537794560575,UttarPradesh_BTS_012,404-45-441-790,Uttar Pradesh
CDR202600016301,2025-11-23,18:49:14,+918344829390,+917215930461,VOICE,146,404214792742909,353451331485058,Maharashtra_BTS_002,404-45-718-271,Maharashtra
CDR202600016305,2025-04-29,08:24:45,+919828279006,+919866647096,MISSED,0,404967213001662,352264274259463,Rajasthan_BTS_018,404-45-713-332,Rajasthan
CDR202600016307,2025-08-09,14:44:37,+919335564282,+916538903040,SMS,0,404184419129020,358477182777169,Mumbai_BTS_006,404-45-319-553,Mumbai
CDR202600016334,2025-05-13,06:20:00,+918637556262,+918981533864,MISSED,0,404694966746094,351343662986535,Delhi_BTS_002,404-45-231-676,Delhi
CDR202600016335,2025-08-26,20:31:41,+917146403309,+917346187234,MISSED,0,404898813214156,351927196682001,WestBengal_BTS_004,404-45-522-026,West Bengal
CDR202600016341,2025-09-17,21:40:41,+918438325836,+918819865075,VOICE,141,404965052031333,352269352072532,Delhi_BTS_003,404-45-371-541,Delhi
CDR202600016343,2025-07-01,18:29:54,+919221733830,+917581547269,VOICE,94,404777859909893,353870512696044,UttarPradesh_BTS_003,404-45-618-272,Uttar Pradesh
CDR202600016348,2025-01-06,13:47:45,+917185836687,+919372873392,VOICE,62,404408080010409,357085240081723,Rajasthan_BTS_007,404-45-605-094,Rajasthan
CDR202600016349,2025-01-15,14:58:38,+919882353627,+918115698295,VOICE,117,404088634119978,351811436923738,Gujarat_BTS_005,404-45-716-028,Gujarat
CDR202600016369,2025-08-17,22:53:30,+918573720369,+917509748174,SMS,0,404372654600703,352719752279285,Gujarat_BTS_007,404-45-106-778,Gujarat
CDR202600016382,2025-05-30,05:44:47,+919391766399,+919530476674,SMS,0,404670479634717,353260410914711,UttarPradesh_BTS_011,404-45-966-053,Uttar Pradesh
CDR202600016423,2025-09-16,12:17:55,+916269133279,+917951410812,SMS,0,404216928433013,354684451414816,WestBengal_BTS_006,404-45-373-164,West Bengal
CDR202600016428,2025-06-13,06:55:41,+916774681896,+918883344957,SMS,0,404544926126729,354040665862142,Rajasthan_BTS_007,404-45-697-409,Rajasthan
CDR202600016489,2025-09-06,01:32:36,+916858578040,+916095157409,VOICE,9,404273441539796,350753500924898,Delhi_BTS_002,404-45-884-129,Delhi
CDR202600016496,2025-08-09,02:19:31,+918513652338,+918774643382,VOICE,149,404348804437862,358559391348291,Gujarat_BTS_005,404-45-338-518,Gujarat
CDR202600016501,2025-11-07,10:37:17,+917405696823,+916800799878,VOICE,32,404336956187462,356369065823940,Rajasthan_BTS_019,404-45-951-827,Rajasthan
CDR202600016517,2025-07-24,00:57:20,+919206778836,+918274985563,VOICE,193,404194606092217,359565968866316,Gujarat_BTS_003,404-45-704-433,Gujarat
CDR202600016519,2025-06-25,18:35:44,+918068277597,+919985551962,SMS,0,404616999729474,358213633851934,UttarPradesh_BTS_008,404-45-860-567,Uttar Pradesh
CDR202600016564,2025-12-24,11:39:44,+917754642980,+919345231893,VOICE,81,404411081743181,354629650759633,TamilNadu_BTS_001,404-45-158-052,Tamil Nadu
CDR202600016568,2025-06-30,08:11:41,+918117725883,+919669968131,VOICE,19,404199003801411,357553927888484,WestBengal_BTS_005,404-45-521-822,West Bengal
CDR202600016571,2025-01-06,09:41:53,+916935232307,+918386857947,MISSED,0,404572288052010,359075642747298,Mumbai_BTS_006,404-45-785-498,Mumbai
CDR202600016589,2025-06-21,08:19:55,+917790056636,918161813346,VOICE,25,404234553874690,359037807415142,Mumbai_BTS_003,404-45-334-070,Mumbai
CDR202600016591,2025-07-28,16:11:56,+916226722085,+918696608928,MISSED,0,404836931057959,355341273638834,Delhi_BTS_003,404-45-662-170,Delhi
CDR202600016594,2025-06-22,04:11:25,+917908102192,+919390373823,VOICE,251,404323181800655,352171490274352,UttarPradesh_BTS_014,404-45-214-078,Uttar Pradesh
CDR202600016608,2025-08-07,10:07:33,+917310565973,+918981533864,VOICE,120,404002310433146,351635351115952,TamilNadu_BTS_006,404-45-423-958,Tamil Nadu
CDR202600016644,2025-05-16,11:41:18,+916094464673,+918335123842,VOICE,109,404599164637727,356279009551155,Maharashtra_BTS_007,404-45-750-855,Maharashtra
CDR202600016645,2025-06-19,23:19:40,+919298342479,+916928487160,VOICE,13,404499213326899,356965032387612,Rajasthan_BTS_017,404-45-652-977,Rajasthan
CDR202600016650,2025-05-09,05:54:16,+917139435997,+919807876328,SMS,0,404775867779992,353641324305350,Mumbai_BTS_010,404-45-919-883,Mumbai
CDR202600016692,2025-07-02,09:31:49,+917281720541,+917487113707,VOICE,96,404545213469089,358344412857467,UttarPradesh_BTS_007,404-45-999-138,Uttar Pradesh
CDR202600016696,2025-10-16,10:46:21,+918146989818,+918297232808,VOICE,86,404418950422707,352594201551769,Gujarat_BTS_007,404-45-325-460,Gujarat
CDR202600016697,2025-12-01,09:17:46,+916643359311,+918407468479,VOICE,52,404964811691172,350276410833930,Rajasthan_BTS_016,404-45-961-655,Rajasthan
CDR202600016704,2025-08-27,14:15:02,+917390828107,+918314200165,VOICE,118,404001171465664,357013445360978,Rajasthan_BTS_006,404-45-246-272,Rajasthan
CDR202600016722,2025-07-18,18:04:39,+917387788107,+916928487160,VOICE,58,404160529620635,358026882226382,WestBengal_BTS_006,404-45-373-164,West Bengal
CDR202600016747,2025-07-03,08:35:19,+917112655437,+919423224659,VOICE,116,404440823731920,351884584528946,Maharashtra_BTS_005,404-45-891-297,Maharashtra
CDR202600016753,2025-11-12,10:08:36,+918495071116,+917130471845,SMS,0,404349215116533,359023935335194,WestBengal_BTS_008,404-45-979-482,West Bengal
CDR202600016760,2025-10-09,15:12:09,+919062040925,+919467911230,SMS,0,404912133483703,356468413960188,Maharashtra_BTS_004,404-45-821-072,Maharashtra
CDR202600016763,2025-10-14,06:17:42,+918948299991,+918561820612,VOICE,306,404484800360225,356992147157992,Rajasthan_BTS_007,404-45-605-094,Rajasthan
CDR202600016765,2025-05-08,11:59:03,+917442580381,+918903774644,VOICE,130,404339945903720,358804007277423,Delhi_BTS_004,404-45-652-774,Delhi
CDR202600016773,2025-04-22,15:34:55,+919726146663,+919293408770,VOICE,67,404472993768494,351027354312120,UttarPradesh_BTS_015,404-45-658-037,Uttar Pradesh
CDR202600016781,2025-11-22,18:02:37,+917984465285,+919110399763,VOICE,100,404436984436930,350289124787490,Delhi_BTS_003,404-45-371-541,Delhi
CDR202600016784,2025-08-28,11:16:20,+919271437076,+917628999852,VOICE,227,404258355879605,350977320006271,Delhi_BTS_003,404-45-662-170,Delhi
CDR202600016806,2025-05-17,03:03:14,+916662607238,+917023655467,VOICE,56,404142071026873,359439335587165,UttarPradesh_BTS_012,404-45-145-004,Uttar Pradesh
CDR202600016809,2025-08-11,01:07:32,+918025884295,+916746134266,VOICE,247,404246895055097,354870679856690,Mumbai_BTS_004,404-45-980-339,Mumbai
CDR202600016837,2025-10-18,05:22:38,+917761792416,+918012453915,VOICE,7,404131629932306,355468468305072,Rajasthan_BTS_012,404-45-798-907,Rajasthan
CDR202600016843,2025-12-18,22:42:24,+919407359009,+918649972048,VOICE,171,404103096375977,350705963010234,Maharashtra_BTS_001,404-45-881-345,Maharashtra
CDR202600016862,2025-10-13,08:30:42,+918767260656,+919869963886,VOICE,43,404363589609744,356820305197751,Maharashtra_BTS_005,404-45-181-876,Maharashtra
CDR202600016867,2025-12-02,23:29:27,+919530476674,+916497063500,SMS,0,404218645545408,357650585192968,TamilNadu_BTS_002,404-45-620-083,Tamil Nadu
CDR202600016871,2025-08-26,07:06:52,+918513652338,+918717621688,VOICE,10,404348804437862,358559391348291,Rajasthan_BTS_007,404-45-697-409,Rajasthan
CDR202600016878,2025-11-07,03:41:24,+919481999310,+917115930003,VOICE,120,404455101513796,350687085571689,UttarPradesh_BTS_007,404-45-779-107,Uttar Pradesh
CDR202600016920,2025-12-22,10:29:01,+919343914928,+917576036849,SMS,0,404950575916425,354543481198247,UttarPradesh_BTS_011,404-45-533-850,Uttar Pradesh
CDR202600016930,2025-07-11,11:46:54,+919750518334,+919063455013,VOICE,276,404680770705936,356028474473915,Maharashtra_BTS_003,404-45-949-644,Maharashtra
CDR202600016938,2025-10-04,05:53:40,+917641309711,+916803693943,VOICE,32,404312870409485,353018319589196,Maharashtra_BTS_006,404-45-489-285,Maharashtra
CDR202600016962,2025-01-30,09:49:08,+918023844567,+917050477573,VOICE,20,404171825128017,352189169124027,UttarPradesh_BTS_012,404-45-441-790,Uttar Pradesh
CDR202600016983,2025-06-16,14:13:22,+918438901003,+918553840504,VOICE,82,404300837083033,353626590330348,Rajasthan_BTS_015,404-45-612-781,Rajasthan
CDR202600016988,2025-10-03,23:43:37,+917259833994,+916609187454,SMS,0,404306363934535,353753978039457,Rajasthan_BTS_019,404-45-471-900,Rajasthan
CDR202600017008,2025-09-22,13:48:28,+916653181892,+918604732277,VOICE,188,404609560643333,358623804256644,Gujarat_BTS_007,404-45-928-891,Gujarat
CDR202600017013,2025-07-05,20:24:18,+918050745398,+917251525914,SMS,0,404259187090226,350208487034847,Rajasthan_BTS_013,404-45-448-115,Rajasthan
CDR202600017025,2025-03-21,16:28:50,+918154821875,+919074333559,VOICE,85,404874096890488,353383599108453,UttarPradesh_BTS_010,404-45-308-704,Uttar Pradesh
CDR202600017050,2025-09-12,01:58:28,+919493016966,+916324219528,VOICE,61,404817156006422,351493089747468,WestBengal_BTS_009,404-45-571-359,West Bengal
CDR202600017058,2025-11-18,10:52:35,+917460284938,+919275704263,SMS,0,404039678532978,350218649647436,TamilNadu_BTS_002,404-45-620-083,Tamil Nadu
CDR202600017083,2025-12-29,20:26:34,+918741550706,+916901719348,VOICE,84,404503668221584,357972942224507,Mumbai_BTS_010,404-45-296-195,Mumbai
CDR202600017086,2025-08-12,00:56:10,+919548918958,+918542480602,VOICE,70,404528017635067,356913400110982,Mumbai_BTS_007,404-45-584-827,Mumbai
CDR202600017089,2025-09-28,16:31:56,+918629822729,+919520134074,VOICE,125,404125336717067,350158996023894,WestBengal_BTS_001,404-45-415-374,West Bengal
CDR202600017099,2025-03-18,05:56:55,+919548918958,+918906018753,SMS,0,404528017635067,356913400110982,Mumbai_BTS_010,404-45-919-883,Mumbai
CDR202600017111,2025-03-18,19:56:59,+917488042759,+916034872249,MISSED,0,404920950942903,354071353304403,Maharashtra_BTS_008,404-45-173-624,Maharashtra
CDR202600017132,2025-01-14,20:41:24,+917713644980,+918886151686,VOICE,198,404543330628683,355320449152160,Maharashtra_BTS_008,404-45-818-960,Maharashtra
CDR202600017148,2025-01-24,21:55:35,+916848585720,+916329228510,VOICE,334,404837429953200,355136543664016,UttarPradesh_BTS_013,404-45-822-438,Uttar Pradesh
CDR202600017161,2025-06-11,18:56:33,+917708444832,+918975762027,VOICE,88,404079337801474,353081153786927,UttarPradesh_BTS_006,404-45-726-827,Uttar Pradesh
CDR202600017167,2025-07-31,14:10:44,+918412078362,+918118211392,VOICE,27,404261600922763,353555105217787,Mumbai_BTS_008,404-45-462-434,Mumbai
CDR202600017173,2025-02-16,06:48:21,+919545242691,+918285821726,VOICE,165,404513626450601,352744752065164,UttarPradesh_BTS_013,404-45-265-760,Uttar Pradesh
CDR202600017199,2025-08-26,17:52:09,+916267473352,+919089087991,SMS,0,404357303853692,358761397758769,UttarPradesh_BTS_007,404-45-370-119,Uttar Pradesh
CDR202600017220,2025-07-15,18:13:10,+919454293069,+918434942218,VOICE,135,404225450429393,353751656121140,Delhi_BTS_003,404-45-371-541,Delhi
CDR202600017259,2025-12-31,05:27:30,+916800799878,+917004300374,VOICE,60,404508789995907,350962914019392,Rajasthan_BTS_004,404-45-316-936,Rajasthan
CDR202600017264,2025-11-05,16:11:42,+919607234933,+917544698525,SMS,0,404838576872711,350489360064190,UttarPradesh_BTS_012,404-45-441-790,Uttar Pradesh
CDR202600017284,2025-06-24,04:26:11,+916803693943,+917296406621,VOICE,78,404942338437775,354421822762447,Maharashtra_BTS_004,404-45-691-197,Maharashtra
CDR202600017288,2025-04-02,17:43:54,+916420902003,+916741574721,SMS,0,404686968666353,353740598937088,Rajasthan_BTS_016,404-45-961-655,Rajasthan
CDR202600017309,2025-09-18,02:56:44,+916882713712,+919204797608,MISSED,0,404762801608453,354164606441368,Karnataka_BTS_005,404-45-102-400,Karnataka
CDR202600017323,2025-04-01,22:34:06,+917642533112,+917750018186,VOICE,39,404629820333331,355067354777701,Gujarat_BTS_008,404-45-814-433,Gujarat
CDR202600017329,2025-11-08,13:37:26,+917275630139,+917851186667,SMS,0,404891743722587,356810971152966,UttarPradesh_BTS_002,404-45-174-010,Uttar Pradesh
CDR202600017353,2025-07-31,01:08:49,+919891838892,+918809539207,VOICE,157,404692729854041,350787454783238,Rajasthan_BTS_011,404-45-796-739,Rajasthan
CDR202600017358,2025-11-01,11:32:31,+916919803597,+919364363345,MISSED,0,404085584600453,352240319360537,Mumbai_BTS_006,404-45-319-553,Mumbai
CDR202600017360,2025-03-19,05:48:58,+919608539310,+919303389988,SMS,0,404227060188420,350082397225453,Mumbai_BTS_003,404-45-334-070,Mumbai
CDR202600017367,2025-04-15,16:56:45,+918741550706,+917869868331,VOICE,86,404503668221584,357972942224507,TamilNadu_BTS_005,404-45-734-084,Tamil Nadu
CDR202600017377,2025-08-09,03:22:43,+916053284739,+918005450282,VOICE,13,404902560309357,359912078288345,Rajasthan_BTS_017,404-45-897-945,Rajasthan
CDR202600017392,2025-04-12,04:05:44,+917992678747,+918324188515,VOICE,12,404719309464601,356956837054947,TamilNadu_BTS_004,404-45-513-123,Tamil Nadu
CDR202600017399,2025-05-17,03:11:39,+919108248045,+917926274079,VOICE,84,404988208838617,356935287698936,Mumbai_BTS_008,404-45-984-747,Mumbai
CDR202600017460,2025-07-31,22:56:24,+916605253870,+917173526045,VOICE,103,404725245347067,357061609982498,Rajasthan_BTS_004,404-45-835-323,Rajasthan
CDR202600017465,2025-01-25,15:42:58,+916322777315,+917194014111,VOICE,52,404455037514358,357994144569630,UttarPradesh_BTS_012,404-45-441-790,Uttar Pradesh
CDR202600017476,2025-07-09,09:27:27,+916226722085,+917179070213,VOICE,101,404836931057959,355341273638834,Mumbai_BTS_006,404-45-235-741,Mumbai
CDR202600017482,2025-01-07,16:10:58,+917813224629,+919300467117,VOICE,49,404975653115828,359327900913413,Mumbai_BTS_006,404-45-319-553,Mumbai
CDR202600017484,2025-11-11,14:51:23,+916577720740,+919813253184,SMS,0,404131158426403,354397443801421,Delhi_BTS_004,404-45-847-707,Delhi
CDR202600017511,2025-07-20,07:38:46,+919931602912,+916718698921,SMS,0,404590206810548,352267125251728,WestBengal_BTS_004,404-45-522-026,West Bengal
CDR202600017541,2025-10-01,12:20:57,+916720582936,+919845387732,VOICE,185,404245556217118,353140537561877,Mumbai_BTS_010,404-45-211-255,Mumbai
CDR202600017557,2025-04-12,10:13:35,+919429605845,+919806527236,VOICE,50,404012631446390,355358689978302,TamilNadu_BTS_005,404-45-734-084,Tamil Nadu
CDR202600017596,2025-01-15,03:26:50,+919938718030,+919606570036,VOICE,41,404165699933583,352185314190935,UttarPradesh_BTS_001,404-45-234-688,Uttar Pradesh
CDR202600017631,2025-05-31,18:15:42,+919823142395,+919966441687,SMS,0,404671200375676,352180348359178,Rajasthan_BTS_013,404-45-400-446,Rajasthan
CDR202600017636,2025-12-09,10:40:11,+918039327434,+917961856624,VOICE,241,404347015494888,358716692548778,Maharashtra_BTS_004,404-45-691-197,Maharashtra
CDR202600017654,2025-06-07,14:16:48,+918303556096,+916787017280,VOICE,132,404622054101161,353484438555691,Rajasthan_BTS_007,404-45-241-522,Rajasthan
CDR202600017695,2025-02-24,04:00:04,+919566359010,+918687188483,VOICE,96,404567747803805,350956641016355,UttarPradesh_BTS_003,404-45-736-577,Uttar Pradesh
CDR202600017710,2025-11-12,21:15:39,+918998334599,+916391671682,VOICE,61,404123640280663,358315920733296,Rajasthan_BTS_003,404-45-924-324,Rajasthan
CDR202600017713,2025-11-19,22:23:15,+919616576179,+916226722085,VOICE,16,404547168584848,353733296400473,Rajasthan_BTS_011,404-45-796-739,Rajasthan
CDR202600017717,2025-07-05,00:54:59,+916604663553,+918514631865,VOICE,70,404866060494198,350843090361211,Maharashtra_BTS_007,404-45-314-687,Maharashtra
CDR202600017736,2025-06-27,23:39:52,+919999489461,+917110719742,VOICE,86,404018430361534,357121905162162,UttarPradesh_BTS_004,404-45-457-903,Uttar Pradesh
CDR202600017769,2025-06-07,17:21:50,+916414920958,+919752934480,VOICE,39,404488607600398,351957410191476,UttarPradesh_BTS_012,404-45-145-004,Uttar Pradesh
CDR202600017785,2025-03-22,01:26:37,+918516181237,+919117217308,VOICE,270,404361260278561,352124900361915,UttarPradesh_BTS_002,404-45-869-959,Uttar Pradesh
CDR202600017790,2025-02-05,10:28:57,+917068162204,+919676891871,VOICE,398,404643767696890,356915323908530,Mumbai_BTS_011,404-45-287-286,Mumbai
CDR202600017799,2025-10-23,05:51:50,+917310983111,+916230066459,SMS,0,404773058174668,350742010959527,Delhi_BTS_001,404-45-999-581,Delhi
CDR202600017803,2025-09-04,04:11:05,+918218991698,+916392171813,VOICE,165,404386247810086,354740468236824,UttarPradesh_BTS_011,404-45-966-053,Uttar Pradesh
CDR202600017804,2025-07-30,06:44:13,+917312502106,+919227948913,SMS,0,404745566895118,352613271001974,Gujarat_BTS_006,404-45-833-666,Gujarat
CDR202600017836,2025-12-31,11:17:41,+919926291777,+919830803646,VOICE,58,404200554329700,355208018819970,Rajasthan_BTS_015,404-45-208-892,Rajasthan
CDR202600017839,2025-03-30,06:40:45,+917581547269,+916338779833,SMS,0,404494858458989,355469038469204,UttarPradesh_BTS_002,404-45-174-010,Uttar Pradesh
CDR202600017846,2025-01-26,07:13:17,+916905381930,+918365467938,VOICE,64,404212525937477,354731518995808,Rajasthan_BTS_004,404-45-680-898,Rajasthan
CDR202600017849,2025-05-24,23:31:00,+919816773749,+916938174319,SMS,0,404625189013788,357543097888639,Maharashtra_BTS_008,404-45-799-664,Maharashtra
CDR202600017851,2025-02-07,18:19:03,+917460536863,+917849242180,VOICE,372,404726118378358,351889581516687,UttarPradesh_BTS_006,404-45-108-684,Uttar Pradesh
CDR202600017870,2025-11-14,22:47:56,+918485163186,+916107560786,VOICE,407,404204015434263,358693087910564,Gujarat_BTS_007,404-45-325-460,Gujarat
CDR202600017874,2025-04-13,21:53:47,+919061657449,+917096453382,VOICE,172,404101224359455,359189201949655,Gujarat_BTS_007,404-45-106-778,Gujarat
CDR202600017876,2025-10-04,23:08:47,+917887149781,+916323610446,VOICE,19,404154318612967,358782959514269,Delhi_BTS_004,404-45-847-707,Delhi
CDR202600017950,2025-09-16,21:10:20,+919300467117,+916013425084,VOICE,9,404658605433151,350793541627934,Maharashtra_BTS_004,404-45-146-678,Maharashtra
CDR202600017955,2025-11-13,05:55:24,+918335058737,+917191570681,VOICE,33,404468687189613,358685348288295,Karnataka_BTS_003,404-45-597-493,Karnataka
CDR202600018008,2025-05-18,20:52:54,+917215866369,+918501249628,VOICE,19,404089527701035,352006116965792,UttarPradesh_BTS_005,404-45-478-292,Uttar Pradesh
CDR202600018019,2025-01-15,11:39:19,+918730786532,+916479867395,VOICE,46,404280093243776,357223192341019,Rajasthan_BTS_001,404-45-755-705,Rajasthan
CDR202600018039,2025-09-28,01:52:31,+919663969481,+917345913698,VOICE,298,404001317421963,356326030652146,Rajasthan_BTS_007,404-45-241-522,Rajasthan
CDR202600018054,2025-09-30,14:53:31,+917648840444,+916598175039,VOICE,33,404029940066270,356808032505886,Rajasthan_BTS_001,404-45-755-705,Rajasthan
CDR202600018060,2025-07-21,09:01:44,+916938174319,+918983022031,VOICE,258,404969369185189,352649854359926,Delhi_BTS_002,404-45-935-071,Delhi
CDR202600018098,2025-06-21,09:16:09,+917789224735,+918271040399,VOICE,108,404036696620777,357336902307662,Karnataka_BTS_005,404-45-902-804,Karnataka
CDR202600018107,2025-05-04,13:10:17,+917821133740,+918434942218,MISSED,0,404833478401982,352493642636829,Mumbai_BTS_006,404-45-319-553,Mumbai
CDR202600018120,2025-09-01,22:38:46,+919643046591,+916250502536,VOICE,39,404057139402330,350863733264193,TamilNadu_BTS_003,404-45-169-692,Tamil Nadu
CDR202600018132,2025-09-14,09:50:33,+919693182733,+916708604963,VOICE,255,404210579891269,352801783772092,WestBengal_BTS_003,404-45-342-886,West Bengal
CDR202600018140,2025-01-17,13:53:24,+916233045738,+918954038504,SMS,0,404749275730228,351383067069519,Mumbai_BTS_003,404-45-334-070,Mumbai
CDR202600018147,2025-12-18,16:46:27,+918688146845,+917394061822,VOICE,61,404045680361613,352172363986576,Maharashtra_BTS_003,404-45-949-644,Maharashtra
CDR202600018149,2025-01-24,13:29:43,+917740579944,+916237834522,SMS,0,404997505787600,353379352770628,Karnataka_BTS_007,404-45-294-304,Karnataka
CDR202600018155,2025-12-25,01:08:12,+919196255784,+916027901336,VOICE,53,404691948909109,356596402469636,WestBengal_BTS_002,404-45-355-683,West Bengal
CDR202600018158,2025-04-20,15:01:41,+918308876815,+919281042641,VOICE,35,404532777429085,356191787627590,WestBengal_BTS_001,404-45-981-041,West Bengal
CDR202600018218,2025-05-26,04:59:59,+917057138849,+918485572124,VOICE,110,404039723952372,352380306904646,UttarPradesh_BTS_006,404-45-108-684,Uttar Pradesh
CDR202600018234,2025-12-18,11:41:22,+916405134888,+918845391323,VOICE,27,404928533489829,357856220782707,UttarPradesh_BTS_007,404-45-999-138,Uttar Pradesh
CDR202600018239,2025-10-16,01:43:38,+916031355164,+918942896065,VOICE,449,404351892791956,350431075050735,UttarPradesh_BTS_001,404-45-234-688,Uttar Pradesh
CDR202600018262,2025-03-09,15:49:34,+918886151686,+916187858635,VOICE,66,404838733857404,350872819453524,Karnataka_BTS_006,404-45-835-499,Karnataka
CDR202600018266,2025-06-25,09:58:39,+918019473354,+919976782155,VOICE,16,404335322418690,358161017722570,WestBengal_BTS_005,404-45-521-822,West Bengal
CDR202600018283,2025-06-15,07:40:24,+916259643051,+918741550706,VOICE,12,404536874006671,354630159878673,WestBengal_BTS_008,404-45-979-482,West Bengal
CDR202600018285,2025-08-27,19:48:18,+919063742023,+919792293668,VOICE,50,404875113159013,350896219297089,Gujarat_BTS_007,404-45-928-891,Gujarat
CDR202600018302,2025-08-21,15:42:08,+919854637695,+916329228510,VOICE,3,404528568361509,354763922681119,TamilNadu_BTS_001,404-45-614-942,Tamil Nadu
CDR202600018305,2025-05-17,10:13:06,+919853485408,+916578016644,SMS,0,404973220137529,353425132853339,Gujarat_BTS_007,404-45-928-891,Gujarat
CDR202600018306,2025-04-21,16:04:45,+919976782155,+919437661194,VOICE,125,404964747345476,358908149840555,Rajasthan_BTS_016,404-45-619-624,Rajasthan
CDR202600018323,2025-08-21,00:54:03,+919641214313,+917729161160,VOICE,11,404036320195823,352417586121915,Maharashtra_BTS_004,404-45-146-678,Maharashtra
CDR202600018325,2025-01-26,17:36:34,+917517566815,+917615893220,SMS,0,404558212032016,350660609612551,WestBengal_BTS_004,404-45-283-755,West Bengal
CDR202600018344,2025-05-26,10:08:45,+917526993300,+917494152766,VOICE,595,404350879380965,357701262808904,WestBengal_BTS_001,404-45-981-041,West Bengal
CDR202600018364,2025-11-14,05:41:31,+916117737375,+917743797208,SMS,0,404204661026618,352917292231531,Rajasthan_BTS_009,404-45-911-697,Rajasthan
CDR202600018366,2025-01-26,21:50:53,+918882766707,+917271258994,VOICE,7,404318576017351,355932623658525,Rajasthan_BTS_015,404-45-282-520,Rajasthan
CDR202600018380,2025-01-06,14:50:42,+917310096664,+918916432132,VOICE,73,404379146433818,356861824624918,UttarPradesh_BTS_009,404-45-785-885,Uttar Pradesh
CDR202600018387,2025-02-12,05:04:44,+916341686359,+918129273278,SMS,0,404623667724578,354449803024132,Maharashtra_BTS_004,404-45-821-072,Maharashtra
CDR202600018400,2025-08-24,15:35:36,+917520455369,+919987672814,VOICE,260,404042052431781,351531765634388,UttarPradesh_BTS_004,404-45-457-903,Uttar Pradesh
CDR202600018401,2025-09-25,14:28:59,+918197384644,+917557440170,SMS,0,404854158061198,351874827906836,Maharashtra_BTS_005,404-45-181-876,Maharashtra
CDR202600018419,2025-07-23,01:04:39,+918185194936,+918160543442,VOICE,96,404516083446689,355578422779444,UttarPradesh_BTS_002,404-45-869-959,Uttar Pradesh
CDR202600018458,2025-12-11,18:15:43,+917198948334,+919163521709,VOICE,67,404387514758187,351025782412961,Maharashtra_BTS_005,404-45-891-297,Maharashtra
CDR202600018468,2025-04-24,22:27:24,+918132420926,+917017416387,VOICE,134,404387050182283,354164549934649,Mumbai_BTS_011,404-45-995-946,Mumbai
CDR202600018495,2025-07-25,14:35:39,+919900725569,+917740841180,VOICE,57,404043208547597,356654622799283,Maharashtra_BTS_007,404-45-479-364,Maharashtra
CDR202600018512,2025-07-01,17:02:24,+919923483178,+916190854372,VOICE,38,404289905343117,351640349541165,Maharashtra_BTS_004,404-45-146-678,Maharashtra
CDR202600018515,2025-01-11,06:14:32,+919805246229,+919530476674,VOICE,27,404968880698746,358443223413840,UttarPradesh_BTS_011,404-45-533-850,Uttar Pradesh
CDR202600018519,2025-08-27,06:49:08,+919587370305,+919539055439,SMS,0,404852254693821,354194931448334,Maharashtra_BTS_007,404-45-314-687,Maharashtra
CDR202600018533,2025-02-22,01:26:25,+918236349159,+919076571870,VOICE,237,404767944169204,359544269880685,UttarPradesh_BTS_004,404-45-170-901,Uttar Pradesh
CDR202600018557,2025-04-03,00:01:25,+918814625585,+917765785944,MISSED,0,404195847259050,359866021646935,Maharashtra_BTS_003,404-45-487-081,Maharashtra
CDR202600018563,2025-05-20,18:10:53,+918954772545,+916807387424,VOICE,54,404846987199165,351011634687960,Mumbai_BTS_007,404-45-348-804,Mumbai
CDR202600018580,2025-03-08,02:49:37,+918073269811,+919211604764,VOICE,117,404228986043786,356016062808826,Rajasthan_BTS_018,404-45-713-332,Rajasthan
CDR202600018605,2025-09-13,15:57:07,+917495807697,+917278541602,VOICE,165,404679890061192,359023705522054,WestBengal_BTS_003,404-45-735-768,West Bengal
CDR202600018608,2025-05-29,16:35:51,+918403650127,+919627533531,VOICE,2,404653740619271,351072256066057,Rajasthan_BTS_017,404-45-652-977,Rajasthan
CDR202600018610,2025-01-10,04:03:10,+917173526045,+916481070314,VOICE,4,404260239063110,353966197190675,Rajasthan_BTS_004,404-45-835-323,Rajasthan
CDR202600018633,2025-07-03,16:52:55,+918067978881,+918357334243,VOICE,98,404792842330928,356227506330893,Maharashtra_BTS_008,404-45-818-960,Maharashtra
CDR202600018657,2025-06-05,07:34:35,+918449702682,+918080738604,VOICE,89,404746789341596,354200154970796,UttarPradesh_BTS_005,404-45-478-292,Uttar Pradesh
CDR202600018661,2025-01-14,06:40:48,+919533878042,+919779594019,VOICE,248,404817092051627,356906097490463,Karnataka_BTS_003,404-45-597-493,Karnataka
CDR202600018696,2025-05-15,12:55:54,+916274990881,+916582010159,SMS,0,404755684535020,352391474599118,Gujarat_BTS_004,404-45-130-096,Gujarat
CDR202600018707,2025-04-18,09:48:06,+916420902003,+918983976233,VOICE,81,404686968666353,355610548234536,Maharashtra_BTS_008,404-45-818-960,Maharashtra
CDR202600018709,2025-07-02,10:23:36,+917895319354,+919461929774,VOICE,33,404658658453164,354074775641863,Maharashtra_BTS_007,404-45-473-167,Maharashtra
CDR202600018721,2025-07-07,19:35:24,+918011219206,+917740841180,SMS,0,404468669466527,352479022293870,UttarPradesh_BTS_013,404-45-822-438,Uttar Pradesh
CDR202600018731,2025-12-26,19:58:55,+919972880601,+918888536314,VOICE,14,404209485506141,359865851211506,Delhi_BTS_006,404-45-223-254,Delhi
CDR202600018741,2025-10-11,09:50:10,+917558944848,+918763168310,VOICE,43,404865275946795,355858558966899,TamilNadu_BTS_001,404-45-614-942,Tamil Nadu
CDR202600018757,2025-08-02,06:13:00,+916978958726,+916441047693,VOICE,575,404549025331336,352958688805218,Karnataka_BTS_002,404-45-195-949,Karnataka
CDR202600018769,2025-05-19,03:15:13,+919345231893,+916019562971,VOICE,369,404841123582734,359912610648655,WestBengal_BTS_005,404-45-785-885,West Bengal
CDR202600018773,2025-07-05,05:35:44,+918741550706,+918140014421,VOICE,42,404503668221584,357972942224507,Rajasthan_BTS_010,404-45-710-480,Rajasthan
CDR202600018788,2025-05-20,05:01:10,+917060469892,+916213343596,VOICE,179,404435681627933,358496522784306,Maharashtra_BTS_004,404-45-821-072,Maharashtra
CDR202600018795,2025-02-12,07:41:14,+917139665970,+918638184883,VOICE,38,404493223183795,357426351110147,UttarPradesh_BTS_011,404-45-357-928,Uttar Pradesh
CDR202600018828,2025-03-01,18:27:39,+916086029184,+917013936970,SMS,0,404263233797374,351137389227431,Mumbai_BTS_002,404-45-702-226,Mumbai
CDR202600018866,2025-11-02,05:38:18,+917168153605,+919343914928,VOICE,226,404861958570695,350964486494738,Karnataka_BTS_006,404-45-669-678,Karnataka
CDR202600018888,2025-10-06,09:23:50,+918377250756,+917139435997,MISSED,0,404898047457988,354101997270665,UttarPradesh_BTS_008,404-45-860-567,Uttar Pradesh
CDR202600018893,2025-10-23,11:31:35,+918865681045,+917949876543,VOICE,58,404739342385093,356316964822536,Mumbai_BTS_009,404-45-162-413,Mumbai
CDR202600018918,2025-01-14,07:44:02,+917746468481,+916847768665,VOICE,195,404940888924668,353190728545590,Rajasthan_BTS_010,404-45-710-480,Rajasthan
CDR202600018926,2025-07-03,02:19:56,+919544969039,+917602742153,VOICE,18,404871974710158,350091418767415,Mumbai_BTS_008,404-45-520-479,Mumbai
CDR202600018953,2025-05-22,22:53:34,+918522100638,+919642172606,VOICE,109,404320250295363,356945249565221,Rajasthan_BTS_009,404-45-911-697,Rajasthan
CDR202600018961,2025-12-03,10:40:42,+919633982364,+917746468481,VOICE,50,404180840176931,353353007406796,Delhi_BTS_001,404-45-999-581,Delhi
CDR202600018965,2025-09-30,12:27:28,+919181703697,+917283986142,VOICE,71,404195778210088,353461687222650,UttarPradesh_BTS_008,404-45-860-567,Uttar Pradesh
CDR202600018972,2025-12-22,21:50:45,+919497978527,+918386857947,VOICE,41,404130578586447,359851191408577,Karnataka_BTS_008,404-45-693-754,Karnataka
CDR202600018981,2025-08-24,07:42:44,+918205611760,+916575838940,VOICE,116,404970601771315,355820347032695,Rajasthan_BTS_003,404-45-924-324,Rajasthan
CDR202600018982,2025-08-07,21:25:11,+919025406627,+917055421789,VOICE,37,404153581283496,352769335518903,Rajasthan_BTS_009,404-45-911-697,Rajasthan
CDR202600019001,2025-02-09,02:02:59,+919421389179,+919541078632,VOICE,82,404586115347819,353095049755065,Karnataka_BTS_004,404-45-985-411,Karnataka
CDR202600019009,2025-01-15,18:23:37,+919606727982,+919463437589,VOICE,132,404072300653964,350858181395934,Maharashtra_BTS_009,404-45-646-747,Maharashtra
CDR202600019051,2025-12-15,13:31:44,+919376509468,+918884701301,VOICE,11,404207880549520,356895990796676,TamilNadu_BTS_002,404-45-620-083,Tamil Nadu
CDR202600019057,2025-06-22,05:24:51,+916835670988,+919670105203,VOICE,85,404313083774948,356009154249096,Gujarat_BTS_006,404-45-818-559,Gujarat
CDR202600019061,2025-10-17,02:36:01,+917816533597,+916034872249,VOICE,22,404496681078579,352659483609460,Delhi_BTS_002,404-45-231-676,Delhi
CDR202600019069,2025-04-12,16:22:30,+919627533531,+919740240863,VOICE,120,404811167447859,353608149947869,Rajasthan_BTS_004,404-45-316-936,Rajasthan
CDR202600019082,2025-03-20,16:07:14,+918431994101,+918310460462,VOICE,174,404964852820220,357227074076315,TamilNadu_BTS_005,404-45-734-084,Tamil Nadu
CDR202600019087,2025-06-13,16:12:08,+917154767880,+918141591982,VOICE,125,404132159148971,355999292002554,WestBengal_BTS_005,404-45-785-885,West Bengal
CDR202600019108,2025-08-29,07:28:55,+918535225459,+918060743196,SMS,0,404897301158974,350409069241202,Delhi_BTS_003,404-45-371-541,Delhi
CDR202600019109,2025-12-17,00:33:33,+916420902003,+916994593894,VOICE,5,404686968666353,355610548234536,Mumbai_BTS_007,404-45-196-100,Mumbai
CDR202600019122,2025-05-26,22:41:21,+917375204266,+916045034199,VOICE,43,404591100185168,352649383236383,Gujarat_BTS_007,404-45-703-285,Gujarat
CDR202600019176,2025-07-06,17:45:39,+918076334827,+918386857947,VOICE,32,404178711309892,354503895597765,Maharashtra_BTS_008,404-45-173-624,Maharashtra
CDR202600019177,2025-08-17,21:59:10,+916575518584,+918624511718,VOICE,90,404953618138388,357584245381199,UttarPradesh_BTS_013,404-45-552-565,Uttar Pradesh
CDR202600019195,2025-06-06,23:26:33,+918345650800,+916807387424,VOICE,124,404855106558400,353785587976531,Rajasthan_BTS_003,404-45-924-324,Rajasthan
CDR202600019210,2025-12-05,09:01:58,+917644177441,+917160690081,MISSED,0,404466066715591,356070515993879,Rajasthan_BTS_018,404-45-713-332,Rajasthan
CDR202600019212,2025-01-14,05:49:26,+916269133279,+917140885247,VOICE,54,404216928433013,354684451414816,UttarPradesh_BTS_005,404-45-261-449,Uttar Pradesh
CDR202600019214,2025-07-30,07:58:15,+917512519174,+919369278023,MISSED,0,404592075178758,352508536337751,WestBengal_BTS_001,404-45-981-041,West Bengal
CDR202600019225,2025-08-19,20:47:24,+919051515738,+918973195156,VOICE,128,404326818052640,352028282595511,WestBengal_BTS_004,404-45-283-755,West Bengal
CDR202600019226,2025-09-30,03:29:43,+918448288418,+918639338747,VOICE,55,404431656376538,355799209252182,Delhi_BTS_003,404-45-533-988,Delhi
CDR202600019239,2025-06-03,02:44:40,+917994149650,+917685568330,VOICE,25,404626442714264,356035032123071,TamilNadu_BTS_006,404-45-678-536,Tamil Nadu
CDR202600019248,2025-01-09,01:37:35,+918118211392,+919236149250,SMS,0,404929468829220,358071996273930,UttarPradesh_BTS_004,404-45-170-901,Uttar Pradesh
CDR202600019255,2025-03-08,08:48:33,+919948974185,+917310983111,VOICE,28,404645680175491,352696857289409,Delhi_BTS_003,404-45-993-622,Delhi
CDR202600019259,2025-03-11,03:09:26,+917092036746,+917221606897,SMS,0,404287043304880,358191605186468,Karnataka_BTS_006,404-45-848-803,Karnataka
CDR202600019261,2025-07-17,17:03:56,+917935069730,+916326848177,VOICE,699,404191182399167,358664096432387,Maharashtra_BTS_004,404-45-146-678,Maharashtra
CDR202600019267,2025-05-01,20:24:55,+917433422977,+919262204795,VOICE,74,404824972666194,350643031565003,TamilNadu_BTS_006,404-45-678-536,Tamil Nadu
CDR202600019274,2025-08-25,15:55:25,+919451570393,+917163892412,VOICE,89,404431585257385,356803978871410,Karnataka_BTS_002,404-45-195-949,Karnataka
CDR202600019275,2025-05-22,10:05:39,+918857736272,+916000914011,VOICE,25,404815577559186,351679862018521,Mumbai_BTS_010,404-45-919-883,Mumbai
CDR202600019276,2025-05-16,19:02:53,+918652246788,+916226722085,VOICE,8,404629772039836,352616192685537,Maharashtra_BTS_003,404-45-487-081,Maharashtra
CDR202600019309,2025-01-04,17:40:04,+917345913698,+917572256043,VOICE,7,404710866105603,355030054609703,Mumbai_BTS_011,404-45-287-286,Mumbai
CDR202600019349,2025-12-02,22:51:36,+918133493776,+919289658822,VOICE,8,404851434879460,357292330025722,WestBengal_BTS_002,404-45-315-699,West Bengal
CDR202600019354,2025-12-30,17:34:45,+917578969925,+919673760993,VOICE,64,404545826233718,358929298730948,UttarPradesh_BTS_007,404-45-370-119,Uttar Pradesh
CDR202600019364,2025-08-14,20:22:23,+918649972048,+919246342306,VOICE,31,404729167024194,354276436560927,Maharashtra_BTS_008,404-45-799-664,Maharashtra
CDR202600019383,2025-08-24,07:08:53,+918270857685,+919906742459,SMS,0,404717231005437,358524930868103,Gujarat_BTS_004,404-45-130-096,Gujarat
CDR202600019407,2025-10-26,21:47:07,+917134485784,+917969027392,VOICE,201,404092335941132,353500871687732,Rajasthan_BTS_005,404-45-771-512,Rajasthan
CDR202600019410,2025-03-04,03:43:43,+919483402792,+919429605845,VOICE,39,404775291026484,354465235716076,WestBengal_BTS_004,404-45-522-026,West Bengal
CDR202600019413,2025-09-19,08:05:30,+919326665043,+917623821784,VOICE,13,404023156221920,357316736382837,Karnataka_BTS_003,404-45-597-493,Karnataka
CDR202600019455,2025-05-18,08:26:37,+918223902580,+917687067829,VOICE,81,404432903766024,352106779268990,Mumbai_BTS_007,404-45-516-195,Mumbai
CDR202600019457,2025-10-20,15:18:38,+918981533864,+918156405226,VOICE,61,404266293801277,358746292005518,UttarPradesh_BTS_005,404-45-478-292,Uttar Pradesh
CDR202600019514,2025-12-22,04:51:58,+919226765769,+919942872445,VOICE,315,404482417258577,354342664975162,UttarPradesh_BTS_005,404-45-261-449,Uttar Pradesh
CDR202600019540,2025-01-25,05:37:59,+917895319354,+919561227472,VOICE,8,404658658453164,354074775641863,Maharashtra_BTS_002,404-45-926-045,Maharashtra
CDR202600019541,2025-02-02,04:19:55,+918878967456,+919871681664,VOICE,220,404215833026872,350607353556315,Maharashtra_BTS_002,404-45-967-353,Maharashtra
CDR202600019542,2025-09-13,02:20:31,+918814548537,+916538903040,VOICE,135,404029426518590,351081902316792,UttarPradesh_BTS_005,404-45-261-449,Uttar Pradesh
CDR202600019555,2025-11-26,21:27:14,+917272332491,+919522944036,VOICE,195,404287828188232,352259224086111,WestBengal_BTS_003,404-45-342-886,West Bengal
CDR202600019562,2025-01-17,15:47:24,+919727637274,+919803077365,VOICE,20,404199483254966,358445864203148,UttarPradesh_BTS_011,404-45-533-850,Uttar Pradesh
CDR202600019563,2025-06-17,21:32:19,+917705202761,+918128035533,VOICE,66,404776069852307,359631346998878,Rajasthan_BTS_006,404-45-242-253,Rajasthan
CDR202600019575,2025-01-10,13:39:00,+916653181892,+916791524906,VOICE,8,404609560643333,358623804256644,WestBengal_BTS_009,404-45-304-837,West Bengal
CDR202600019612,2025-06-01,20:08:19,+918564610533,+916407278134,VOICE,319,404163533655044,358410604729387,WestBengal_BTS_001,404-45-230-043,West Bengal
CDR202600019622,2025-03-18,12:15:22,+919667139459,+918594461745,SMS,0,404192775725839,359199772603489,UttarPradesh_BTS_003,404-45-650-219,Uttar Pradesh
CDR202600019647,2025-12-31,10:08:45,+917433422977,+917730233690,VOICE,7,404824972666194,351693489921480,Maharashtra_BTS_006,404-45-489-285,Maharashtra
CDR202600019713,2025-09-30,07:33:49,+917572256043,+919067451230,VOICE,161,404872899176231,350958080644565,Rajasthan_BTS_008,404-45-981-113,Rajasthan
CDR202600019715,2025-04-08,22:35:14,+919750518334,+917544698525,VOICE,387,404680770705936,356028474473915,UttarPradesh_BTS_014,404-45-214-078,Uttar Pradesh
CDR202600019740,2025-09-28,02:45:49,+919452444306,+919539055439,VOICE,367,404258879085317,350382111195274,TamilNadu_BTS_001,404-45-698-489,Tamil Nadu
CDR202600019744,2025-01-10,02:49:17,+917947077688,+919694496694,VOICE,83,404415194838866,356811740097738,Rajasthan_BTS_002,404-45-334-842,Rajasthan
CDR202600019778,2025-11-21,18:42:37,+917738330218,+918268072430,VOICE,1,404932708453725,350171454298861,Mumbai_BTS_005,404-45-626-244,Mumbai
CDR202600019782,2025-03-07,15:01:55,+916410834554,+917373203936,VOICE,6,404617725352254,354183895931955,Rajasthan_BTS_017,404-45-897-945,Rajasthan
CDR202600019787,2025-03-23,16:55:08,+917433422977,+917209181389,VOICE,26,404824972666194,350643031565003,Mumbai_BTS_007,404-45-584-827,Mumbai
CDR202600019811,2025-08-31,16:13:15,+916268821410,+919070188510,SMS,0,404737652846641,358278249628790,Mumbai_BTS_007,404-45-196-100,Mumbai
CDR202600019825,2025-09-01,13:03:02,+917066192979,+917041967900,SMS,0,404667042800452,356363278448756,Gujarat_BTS_004,404-45-130-096,Gujarat
CDR202600019847,2025-09-23,06:31:30,+917559294539,+919726938455,VOICE,420,404097693335873,357949066177082,Karnataka_BTS_001,404-45-767-554,Karnataka
CDR202600019850,2025-01-04,04:24:00,+919283033897,+918639338747,VOICE,15,404478211823608,357259571620926,WestBengal_BTS_003,404-45-735-768,West Bengal
CDR202600019854,2025-08-23,01:28:28,+919970530407,+916758605522,VOICE,98,404357696885267,352865521564378,Rajasthan_BTS_015,404-45-208-892,Rajasthan
CDR202600019893,2025-01-27,21:03:45,+918196593978,+919232781780,VOICE,13,404772981700004,355746711774077,Mumbai_BTS_010,404-45-296-195,Mumbai
CDR202600019924,2025-03-20,15:39:15,+917986817800,+916000914011,VOICE,23,404228327906464,354052490015046,Karnataka_BTS_001,404-45-767-554,Karnataka
CDR202600019930,2025-06-02,19:05:35,+918796161147,+919624945425,SMS,0,404766512968193,355616605217304,Mumbai_BTS_012,404-45-553-828,Mumbai
CDR202600019952,2025-03-18,21:22:21,+918022471766,+918336225725,VOICE,22,404856472839696,350571291207959,Gujarat_BTS_007,404-45-703-285,Gujarat
CDR202600019985,2025-12-04,01:30:15,+917327208351,+917896773158,VOICE,75,404158262383517,356215675926584,Gujarat_BTS_007,404-45-325-460,Gujarat
CDR202600019992,2025-03-31,12:49:41,+919541078632,+918794579254,VOICE,11,404187617504206,356941933406067,Maharashtra_BTS_004,404-45-146-678,Maharashtra
CDR202600020011,2025-12-14,17:51:04,+917139435997,+918350930426,VOICE,141,404775867779992,353641324305350,WestBengal_BTS_002,404-45-315-699,West Bengal
CDR202600020018,2025-06-02,17:58:19,+918948299991,+919381277896,VOICE,31,404484800360225,351234402167000,Rajasthan_BTS_010,404-45-710-480,Rajasthan
CDR202600020070,2025-11-21,09:00:33,+918935016236,+919911706761,VOICE,119,404516496110291,353183035961715,Rajasthan_BTS_005,404-45-505-906,Rajasthan
CDR202600020071,2025-01-18,06:50:57,+919844751948,+919828369317,VOICE,148,404198680212604,354516338431438,WestBengal_BTS_006,404-45-906-719,West Bengal
CDR202600020077,2025-05-19,11:08:54,+917427183712,+917111609810,VOICE,38,404593277256268,355826931212995,Maharashtra_BTS_002,404-45-967-353,Maharashtra
CDR202600020093,2025-02-17,01:24:45,+917091687902,+919544969039,VOICE,229,404552777823403,358963936567191,Rajasthan_BTS_015,404-45-208-892,Rajasthan
CDR202600020140,2025-09-02,01:07:02,+918921547916,+918111090165,VOICE,1,404433152915124,351668115814226,TamilNadu_BTS_001,404-45-158-052,Tamil Nadu
CDR202600020142,2025-12-12,08:33:31,+919272145577,+918335129820,VOICE,162,404073846799198,354859186804604,Mumbai_BTS_007,404-45-584-827,Mumbai
CDR202600020181,2025-01-07,11:21:26,+919902044375,+917790056636,VOICE,132,404003978292268,351577773205316,Karnataka_BTS_005,404-45-371-949,Karnataka
CDR202600020184,2025-11-17,03:02:05,+918296416941,+919429605845,SMS,0,404149794288978,354839412815633,UttarPradesh_BTS_007,404-45-779-107,Uttar Pradesh
CDR202600020191,2025-07-08,08:24:50,+917187868573,+919912667690,VOICE,20,404627015887651,359742573947384,Rajasthan_BTS_019,404-45-471-900,Rajasthan
CDR202600020202,2025-08-23,00:53:11,+919630217946,+919752934480,VOICE,109,404836848222467,353766014689767,Rajasthan_BTS_004,404-45-835-323,Rajasthan
CDR202600020209,2025-05-09,18:45:25,+919300467117,+917726107989,SMS,0,404658605433151,350793541627934,Delhi_BTS_003,404-45-371-541,Delhi
CDR202600020211,2025-11-14,08:34:18,+917409690372,+916793257571,VOICE,38,404051193784515,355725556812497,Rajasthan_BTS_015,404-45-282-520,Rajasthan
CDR202600020214,2025-01-17,10:33:48,+919902605527,+917093992530,VOICE,44,404854004987303,355926329191108,Maharashtra_BTS_001,404-45-881-345,Maharashtra
CDR202600020219,2025-11-17,21:30:51,+918229962046,+918130444799,VOICE,56,404532992067171,354995205681905,UttarPradesh_BTS_010,404-45-749-874,Uttar Pradesh
CDR202600020232,2025-11-08,21:52:41,+918076275419,+916746930885,VOICE,228,404324375787118,353573838675136,WestBengal_BTS_004,404-45-283-755,West Bengal
CDR202600020244,2025-09-03,16:30:05,+918523248397,+916807387424,VOICE,22,404645231360822,358414422127814,TamilNadu_BTS_004,404-45-683-253,Tamil Nadu
CDR202600020254,2025-05-09,23:31:14,+918850624584,+917692898277,MISSED,0,404438809486151,356765725097347,Mumbai_BTS_007,404-45-348-804,Mumbai
CDR202600020261,2025-10-19,02:08:32,+916828461664,+919324434019,VOICE,6,404691580244669,357307227659605,UttarPradesh_BTS_014,404-45-214-078,Uttar Pradesh
CDR202600020262,2025-12-21,15:55:38,+919892987714,+917667453731,VOICE,10,404138737874198,359102097747625,UttarPradesh_BTS_001,404-45-234-688,Uttar Pradesh
CDR202600020264,2025-06-01,10:33:41,+919144465027,+916953509233,VOICE,158,404521679556187,355617495531977,Karnataka_BTS_003,404-45-597-493,Karnataka
CDR202600020277,2025-05-12,23:15:21,+918503010187,+917289419800,SMS,0,404329593372692,355773164259583,Rajasthan_BTS_010,404-45-710-480,Rajasthan
CDR202600020279,2025-07-27,07:06:08,+916473372988,+918680112037,VOICE,120,404693228098416,352750397760722,Gujarat_BTS_007,404-45-928-891,Gujarat
CDR202600020335,2025-10-12,04:13:18,+916332879166,+917546122102,SMS,0,404994850203975,351029656867721,Karnataka_BTS_001,404-45-767-554,Karnataka
CDR202600020337,2025-03-01,08:26:10,+916324927197,+917947077688,VOICE,59,404974475881983,359623747783904,TamilNadu_BTS_004,404-45-513-123,Tamil Nadu
CDR202600020344,2025-07-19,17:22:15,+916911481734,+917691728825,VOICE,201,404020016472209,353609346272224,Rajasthan_BTS_013,404-45-887-657,Rajasthan
CDR202600020350,2025-10-21,15:47:52,+919063742023,+918061627794,VOICE,354,404875113159013,350896219297089,Delhi_BTS_002,404-45-231-676,Delhi
CDR202600020360,2025-07-26,08:24:45,+918736319643,+918310597374,VOICE,42,404479859078459,359968903713495,UttarPradesh_BTS_015,404-45-658-037,Uttar Pradesh
CDR202600020376,2025-11-04,15:22:41,+918920933025,+916073848956,VOICE,96,404564227442878,355135164005523,Rajasthan_BTS_012,404-45-798-907,Rajasthan
CDR202600020387,2025-01-05,14:44:10,+916425652411,+917196407916,VOICE,25,404831051565856,354006853640908,Maharashtra_BTS_003,404-45-665-301,Maharashtra
CDR202600020411,2025-01-22,00:23:01,+917934673445,+917204001120,VOICE,69,404552732472405,350452209046932,TamilNadu_BTS_004,404-45-513-123,Tamil Nadu
CDR202600020414,2025-03-17,05:51:59,+919776713658,+916326848177,VOICE,233,404575600971564,351383706457280,Rajasthan_BTS_017,404-45-897-945,Rajasthan
CDR202600020428,2025-09-07,07:11:38,+916237834522,+918763680491,VOICE,302,404690884726857,359815806300203,Mumbai_BTS_003,404-45-334-070,Mumbai
CDR202600020438,2025-04-23,13:16:32,+917631139077,+916329228510,SMS,0,404948525800679,352312646941400,UttarPradesh_BTS_003,404-45-736-577,Uttar Pradesh
CDR202600020441,2025-10-17,23:51:36,+919655649042,+919917664635,VOICE,179,404765267622414,354017462876350,Rajasthan_BTS_014,404-45-839-897,Rajasthan
CDR202600020445,2025-05-22,12:02:05,+916320821625,+917411330430,VOICE,132,404456422772625,357987960924842,UttarPradesh_BTS_004,404-45-457-903,Uttar Pradesh
CDR202600020448,2025-09-26,00:38:11,+917765785944,+919595758817,VOICE,3,404900824727003,352958580177614,WestBengal_BTS_008,404-45-979-482,West Bengal
CDR202600020453,2025-08-01,09:31:08,+916575518584,+918287989474,VOICE,94,404953618138388,357584245381199,UttarPradesh_BTS_005,404-45-261-449,Uttar Pradesh
CDR202600020471,2025-09-02,19:48:05,+919966441687,+918931243325,VOICE,17,404523052985527,355324421848994,Rajasthan_BTS_014,404-45-839-897,Rajasthan
CDR202600020491,2025-08-17,19:16:14,+917148133946,+917568309736,SMS,0,404947347909125,356644503055622,UttarPradesh_BTS_003,404-45-202-076,Uttar Pradesh
CDR202600020502,2025-10-16,16:48:26,+917904174250,+917744360064,MISSED,0,404444603109142,358937953887002,Maharashtra_BTS_006,404-45-987-104,Maharashtra
CDR202600020509,2025-10-28,00:59:08,+917139435997,+919391140734,VOICE,18,404775867779992,353641324305350,WestBengal_BTS_006,404-45-906-719,West Bengal
CDR202600020510,2025-01-23,13:54:16,+919541078632,+917057475889,VOICE,80,404187617504206,356941933406067,UttarPradesh_BTS_015,404-45-658-037,Uttar Pradesh
CDR202600020533,2025-03-18,04:23:10,+919934669718,+919435188242,SMS,0,404772514792497,354811770760705,UttarPradesh_BTS_012,404-45-145-004,Uttar Pradesh
CDR202600020534,2025-08-23,03:23:42,+919539055439,+918307136715,VOICE,34,404434535223350,356034468856730,Rajasthan_BTS_016,404-45-619-624,Rajasthan
CDR202600020551,2025-03-11,08:55:01,+919747114779,+917691728825,MISSED,0,404820652665732,350791452464685,Gujarat_BTS_001,404-45-859-282,Gujarat
CDR202600020577,2025-11-07,11:23:37,+918925724209,+919298342479,VOICE,209,404740763908851,356474857086482,UttarPradesh_BTS_011,404-45-194-650,Uttar Pradesh
CDR202600020593,2025-02-19,15:04:39,+916861162202,+916598150954,VOICE,75,404969721934546,351218164653593,Rajasthan_BTS_004,404-45-680-898,Rajasthan
CDR202600020605,2025-02-01,02:42:17,+919424193910,+917789224735,VOICE,110,404267464989834,358214938301433,Gujarat_BTS_003,404-45-704-433,Gujarat
CDR202600020614,2025-02-16,13:25:26,+916240459836,+917038470095,VOICE,42,404080029827408,357507878193799,Rajasthan_BTS_007,404-45-697-409,Rajasthan
CDR202600020628,2025-05-25,02:54:39,+918151516926,+917962847365,MISSED,0,404104185252788,356913862565958,Rajasthan_BTS_010,404-45-494-391,Rajasthan
CDR202600020668,2025-03-01,07:33:57,+919448338886,+917568309736,VOICE,87,404624428720870,352616732928665,Rajasthan_BTS_018,404-45-713-332,Rajasthan
CDR202600020696,2025-02-20,09:19:43,+919024662069,+919860882785,SMS,0,404920560877239,356333375921369,WestBengal_BTS_001,404-45-915-996,West Bengal
CDR202600020703,2025-01-20,13:44:25,+919208418675,+919962620786,VOICE,9,404590182667932,355512778050371,Delhi_BTS_002,404-45-884-129,Delhi
CDR202600020716,2025-07-22,08:57:07,+918639338747,+916284750681,VOICE,143,404442834128049,359991110427423,Gujarat_BTS_007,404-45-325-460,Gujarat
CDR202600020732,2025-03-06,06:15:43,+918195815519,+916637200851,VOICE,153,404649745030743,357976334009371,Karnataka_BTS_005,404-45-565-293,Karnataka
CDR202600020767,2025-11-20,11:56:11,+918485572124,+918796773970,VOICE,19,404289039592310,350896790333888,Gujarat_BTS_003,404-45-704-433,Gujarat
CDR202600020775,2025-04-21,05:53:01,+919227797071,+917599862745,VOICE,9,404513729613654,352907302802649,TamilNadu_BTS_002,404-45-158-984,Tamil Nadu
CDR202600020785,2025-08-03,19:59:20,+917895908333,+916326848177,SMS,0,404438187245563,356591592971280,Maharashtra_BTS_007,404-45-314-687,Maharashtra
CDR202600020808,2025-08-13,08:37:55,+918438901003,+918910468883,VOICE,96,404300837083033,353626590330348,Rajasthan_BTS_010,404-45-710-066,Rajasthan
CDR202600020821,2025-07-01,18:44:08,+916000914011,+919877983407,VOICE,318,404219362934400,355106855474818,Maharashtra_BTS_009,404-45-646-747,Maharashtra
CDR202600020832,2025-05-24,11:28:22,+917691728825,+919641376250,VOICE,150,404010972084597,357918586892171,Rajasthan_BTS_002,404-45-334-842,Rajasthan
CDR202600020843,2025-05-10,20:52:47,+916138269495,+918240731177,VOICE,12,404066709678054,357073027438579,WestBengal_BTS_003,404-45-342-886,West Bengal
CDR202600020858,2025-05-30,10:07:29,+919939948108,+919345231893,VOICE,63,404735784527824,359064552400295,Mumbai_BTS_011,404-45-287-286,Mumbai
CDR202600020861,2025-10-31,22:33:01,+919457066990,+918223902580,VOICE,31,404367799701071,355063239101852,UttarPradesh_BTS_015,404-45-658-037,Uttar Pradesh
CDR202600020878,2025-04-30,21:31:22,+917874356646,+918883222397,VOICE,33,404228940732709,350554756714624,Maharashtra_BTS_001,404-45-881-345,Maharashtra
CDR202600020904,2025-10-05,01:22:22,+919801663174,+917375204266,VOICE,79,404439612459463,354487245422225,Karnataka_BTS_006,404-45-813-981,Karnataka
CDR202600020912,2025-10-24,15:31:41,+918051123826,+916980575992,VOICE,15,404404779792671,351325529012942,UttarPradesh_BTS_006,404-45-726-827,Uttar Pradesh
CDR202600020922,2025-08-21,20:29:59,+919463351743,+916073749554,VOICE,109,404428572919739,353680846543826,TamilNadu_BTS_003,404-45-170-610,Tamil Nadu
CDR202600020926,2025-12-08,07:03:28,+918796161147,+919538087097,VOICE,95,404766512968193,355616605217304,TamilNadu_BTS_006,404-45-367-210,Tamil Nadu
CDR202600020932,2025-09-26,11:50:22,+917621349571,+919321326579,MISSED,0,404834491196663,352462023833147,Delhi_BTS_006,404-45-548-922,Delhi
CDR202600020934,2025-03-23,17:09:34,+918023844567,+917260619929,SMS,0,404171825128017,352189169124027,Delhi_BTS_005,404-45-830-320,Delhi
CDR202600020944,2025-09-15,00:39:21,+918347779013,+919069701189,VOICE,65,404278686189365,350746635643754,Gujarat_BTS_005,404-45-716-028,Gujarat
CDR202600020964,2025-07-03,09:30:23,+918485572124,+917114599293,VOICE,70,404289039592310,353053343558462,Mumbai_BTS_004,404-45-980-339,Mumbai
CDR202600020999,2025-09-06,06:46:07,+916546066779,+919390373823,VOICE,96,404203197986734,350007033988750,UttarPradesh_BTS_011,404-45-966-053,Uttar Pradesh
CDR202600021003,2025-03-16,06:44:14,+917433422977,+917184668925,SMS,0,404824972666194,350643031565003,UttarPradesh_BTS_010,404-45-370-518,Uttar Pradesh
CDR202600021011,2025-06-10,23:44:17,+918900700724,+917995263132,VOICE,237,404509314223725,352426121361540,Maharashtra_BTS_006,404-45-489-285,Maharashtra
CDR202600021012,2025-04-24,12:58:28,+918873674623,+917050477573,VOICE,616,404212260915956,352235111132340,Maharashtra_BTS_002,404-45-967-353,Maharashtra
CDR202600021016,2025-11-19,22:39:28,+919900586055,+916489779940,VOICE,62,404082752725351,353892359151229,Maharashtra_BTS_007,404-45-314-687,Maharashtra
CDR202600021029,2025-08-05,10:55:12,+917310983111,+917118751028,VOICE,13,404773058174668,350742010959527,Delhi_BTS_006,404-45-548-922,Delhi
CDR202600021066,2025-11-20,08:02:24,+916014935471,+917685584512,VOICE,96,404631217936337,354618489071977,UttarPradesh_BTS_009,404-45-719-216,Uttar Pradesh
CDR202600021072,2025-08-03,14:34:13,+918172548486,+918622621817,VOICE,12,404030644263963,354835062021205,Karnataka_BTS_006,404-45-848-803,Karnataka
CDR202600021073,2025-06-09,18:22:02,+919541078632,+918731823241,SMS,0,404187617504206,356941933406067,WestBengal_BTS_009,404-45-304-837,West Bengal
CDR202600021086,2025-12-27,19:14:46,+917099508392,+917790331176,MISSED,0,404316379526679,351186083717548,Karnataka_BTS_001,404-45-767-554,Karnataka
CDR202600021096,2025-10-08,23:29:10,+916581366088,+917171437809,VOICE,119,404668743781188,352741405343350,Rajasthan_BTS_015,404-45-208-892,Rajasthan
CDR202600021110,2025-12-26,10:29:09,+919475243632,+918319944674,VOICE,299,404976820658497,357331950096449,Rajasthan_BTS_013,404-45-887-657,Rajasthan
CDR202600021118,2025-02-17,17:52:25,+918499580075,+919208418675,VOICE,323,404068271497084,353310419721603,Karnataka_BTS_006,404-45-813-981,Karnataka
CDR202600021134,2025-09-07,00:43:14,+919726146663,+918412212108,MISSED,0,404472993768494,351027354312120,Rajasthan_BTS_013,404-45-448-115,Rajasthan
CDR202600021140,2025-08-28,03:26:06,+917785057063,+916631863027,VOICE,100,404594950011869,355884798642136,UttarPradesh_BTS_010,404-45-370-518,Uttar Pradesh
CDR202600021155,2025-03-25,22:02:54,+917776631300,+918169255646,VOICE,75,404198544869698,353663425013585,Maharashtra_BTS_004,404-45-821-072,Maharashtra
CDR202600021163,2025-08-05,23:03:32,+917890448666,+916424170400,VOICE,177,404464976063395,355912220729888,Rajasthan_BTS_007,404-45-241-522,Rajasthan
CDR202600021184,2025-05-27,07:35:33,+918250075519,+916798129927,VOICE,127,404574503330800,357456086029818,Mumbai_BTS_006,404-45-235-741,Mumbai
CDR202600021202,2025-06-07,04:00:35,+919479144574,+916950821627,VOICE,167,404681468789442,356726898037146,UttarPradesh_BTS_011,404-45-357-928,Uttar Pradesh
CDR202600021231,2025-03-14,14:17:46,+917515702449,+917789224735,VOICE,114,404507145148380,350179502202224,Gujarat_BTS_007,404-45-928-891,Gujarat
CDR202600021238,2025-06-07,00:15:21,+918143700361,+917936178367,VOICE,84,404782523359900,355758610499061,Gujarat_BTS_005,404-45-338-518,Gujarat
CDR202600021251,2025-10-11,07:39:04,+917895319354,+919004569581,VOICE,115,404658658453164,354074775641863,Rajasthan_BTS_001,404-45-376-948,Rajasthan
CDR202600021258,2025-12-14,18:48:02,+916703033328,+919577730855,SMS,0,404534663469013,350884351870079,Rajasthan_BTS_007,404-45-605-094,Rajasthan
CDR202600021292,2025-11-08,19:00:23,+918113944188,+916304446754,VOICE,139,404276033913791,354867980316927,Maharashtra_BTS_004,404-45-691-197,Maharashtra
CDR202600021307,2025-01-17,14:54:02,+916094464673,+917014276424,VOICE,92,404599164637727,356279009551155,Maharashtra_BTS_007,404-45-473-167,Maharashtra
CDR202600021340,2025-05-04,05:28:58,+918073269811,+919514705651,VOICE,275,404228986043786,356016062808826,UttarPradesh_BTS_012,404-45-145-004,Uttar Pradesh
CDR202600021342,2025-05-17,14:17:20,+919423224659,+918711713470,SMS,0,404056057394448,356491647676557,Gujarat_BTS_002,404-45-328-143,Gujarat
CDR202600021372,2025-11-27,14:24:19,+919905994929,+918475832689,VOICE,38,404300872219888,350330398576035,UttarPradesh_BTS_011,404-45-533-850,Uttar Pradesh
CDR202600021377,2025-12-19,04:33:51,+918741550706,+919956398624,VOICE,14,404503668221584,357972942224507,Rajasthan_BTS_007,404-45-697-409,Rajasthan
CDR202600021390,2025-09-27,17:58:14,+917103776964,+917764331775,VOICE,215,404530150497959,353207339910650,Delhi_BTS_005,404-45-508-688,Delhi
CDR202600021415,2025-03-09,02:04:12,+917885171272,+916271852980,VOICE,411,404250955064612,356429030607783,WestBengal_BTS_004,404-45-522-026,West Bengal
CDR202600021419,2025-12-18,21:17:26,+918579171918,+916603415616,VOICE,215,404191767833870,350537794560575,WestBengal_BTS_004,404-45-283-755,West Bengal
CDR202600021438,2025-11-13,10:04:54,+919686242865,+918386857947,VOICE,137,404587512644392,358106725613538,Gujarat_BTS_001,404-45-859-282,Gujarat
CDR202600021456,2025-08-14,14:34:02,+918610904846,+919390373823,VOICE,90,404458090195657,352031000806660,WestBengal_BTS_005,404-45-901-954,West Bengal
CDR202600021458,2025-06-28,07:25:04,+918428693441,+919092945663,VOICE,67,404346110155635,355146295612850,Gujarat_BTS_008,404-45-814-433,Gujarat
CDR202600021460,2025-05-04,06:02:50,+919071896901,+919900586055,VOICE,105,404605493757155,359057210981136,Karnataka_BTS_008,404-45-693-754,Karnataka
CDR202600021473,2025-01-07,19:16:44,+919624915154,+919960685094,VOICE,12,404171441749762,353871475821544,Rajasthan_BTS_006,404-45-246-272,Rajasthan
CDR202600021476,2025-10-14,08:04:29,+916721272168,+917151832568,VOICE,678,404225626373671,350072899430410,WestBengal_BTS_003,404-45-735-768,West Bengal
CDR202600021490,2025-08-01,15:49:42,+919566359010,+918209167077,VOICE,33,404567747803805,350956641016355,UttarPradesh_BTS_013,404-45-552-565,Uttar Pradesh
CDR202600021540,2025-09-20,07:45:37,+918457692628,+918113345078,VOICE,58,404249629785041,355791307173966,Maharashtra_BTS_002,404-45-199-368,Maharashtra
CDR202600021563,2025-04-24,21:35:08,+917575838248,+917291879073,VOICE,112,404811069993547,355284451525553,Gujarat_BTS_007,404-45-703-285,Gujarat
CDR202600021578,2025-03-24,02:16:31,+917328854993,+916644086226,VOICE,332,404078642776790,359563532796108,Mumbai_BTS_010,404-45-211-255,Mumbai
CDR202600021594,2025-01-31,19:00:50,+918688259248,+916000914011,VOICE,102,404570632333051,353362014882424,Rajasthan_BTS_017,404-45-652-977,Rajasthan
CDR202600021672,2025-09-14,23:22:15,+919012273494,+919468246927,VOICE,325,404235376981388,359329896777630,Delhi_BTS_005,404-45-508-688,Delhi
CDR202600021681,2025-11-05,14:44:20,+916653181892,+917331375646,VOICE,31,404609560643333,358623804256644,Maharashtra_BTS_005,404-45-181-876,Maharashtra
CDR202600021733,2025-09-12,21:39:20,+919900725569,+916018950497,VOICE,32,404043208547597,356654622799283,Delhi_BTS_002,404-45-231-676,Delhi
CDR202600021758,2025-08-19,03:12:04,+918883222397,+919624945425,VOICE,18,404602791659536,359488364481732,Rajasthan_BTS_019,404-45-951-827,Rajasthan
CDR202600021763,2025-02-27,13:41:20,+916503380680,+919765896090,VOICE,70,404137753014185,356016106519964,Rajasthan_BTS_001,404-45-670-225,Rajasthan
CDR202600021772,2025-01-29,01:07:26,+918330102792,+919343914928,SMS,0,404865712728570,354375306383605,Mumbai_BTS_004,404-45-980-339,Mumbai
CDR202600021774,2025-02-22,21:38:36,+918656840206,+918521274480,SMS,0,404316135761082,352462786865461,Gujarat_BTS_002,404-45-854-105,Gujarat
CDR202600021781,2025-04-30,11:31:47,+918493925937,+919391647759,MISSED,0,404255981375207,359737380409543,Karnataka_BTS_003,404-45-597-493,Karnataka
CDR202600021792,2025-07-18,01:59:15,+917008070515,+918825273229,VOICE,230,404854575397704,353617868799026,Rajasthan_BTS_007,404-45-697-409,Rajasthan
CDR202600021794,2025-04-05,21:18:59,+916132538151,+917984465285,VOICE,175,404924288621808,358759655922664,Maharashtra_BTS_007,404-45-314-687,Maharashtra
CDR202600021795,2025-10-29,22:47:58,+917259833994,+917287980169,VOICE,53,404306363934535,353753978039457,TamilNadu_BTS_004,404-45-683-253,Tamil Nadu
CDR202600021815,2025-11-22,20:41:34,+918728614929,+918190927390,VOICE,8,404809846897820,359550937294523,Gujarat_BTS_007,404-45-325-460,Gujarat
CDR202600021825,2025-11-24,17:46:24,+917683599400,+919415229632,VOICE,118,404932976841034,354203633321855,Karnataka_BTS_006,404-45-813-981,Karnataka
CDR202600021835,2025-04-04,17:33:41,+919285621806,+918185929415,VOICE,48,404778581566861,352768920226468,Rajasthan_BTS_004,404-45-316-936,Rajasthan
CDR202600021841,2025-10-01,01:42:02,+917634806381,+917202552638,VOICE,42,404858748983514,359367422031207,Karnataka_BTS_006,404-45-835-499,Karnataka
CDR202600021842,2025-04-14,07:26:44,+916138868243,+919684173023,MISSED,0,404209190449383,353481552324366,UttarPradesh_BTS_009,404-45-378-289,Uttar Pradesh
CDR202600021871,2025-01-31,01:34:54,+917529071926,+917913219342,VOICE,19,404700536957454,353764527260375,UttarPradesh_BTS_011,404-45-533-850,Uttar Pradesh
CDR202600021875,2025-06-27,22:10:14,+918295625243,+917173526045,VOICE,19,404549713118336,356364018258091,UttarPradesh_BTS_012,404-45-441-790,Uttar Pradesh
CDR202600021883,2025-07-12,10:45:47,+918750445092,+918649282034,SMS,0,404829745533858,358188229109013,Gujarat_BTS_008,404-45-448-285,Gujarat
CDR202600021884,2025-12-26,14:46:03,+916788660480,+917262136137,VOICE,10,404322778202924,359920632856051,UttarPradesh_BTS_002,404-45-568-324,Uttar Pradesh
CDR202600021896,2025-03-10,06:53:07,+918810305517,+919400214959,VOICE,227,404314836235386,350856106789044,Rajasthan_BTS_002,404-45-334-842,Rajasthan
CDR202600021903,2025-06-20,19:02:32,+917000470076,+919012273494,VOICE,49,404999139484040,353462981428845,Maharashtra_BTS_004,404-45-146-678,Maharashtra
CDR202600021911,2025-09-15,22:13:58,+919727173393,+916494355676,VOICE,72,404764321064209,352663653491349,Karnataka_BTS_004,404-45-985-411,Karnataka
CDR202600021936,2025-12-01,20:02:26,+919647628497,+916237834522,VOICE,167,404871854073735,351971377633447,Rajasthan_BTS_010,404-45-641-258,Rajasthan
CDR202600021964,2025-12-05,19:44:14,+916073749554,+916332879166,SMS,0,404747202138425,353215994276127,TamilNadu_BTS_002,404-45-620-083,Tamil Nadu
CDR202600022003,2025-12-27,19:32:47,+916286992966,+916267473352,SMS,0,404243527478769,357673915686285,Delhi_BTS_002,404-45-884-129,Delhi
CDR202600022016,2025-10-20,06:15:36,+917705202761,+917668323714,VOICE,19,404776069852307,359631346998878,UttarPradesh_BTS_009,404-45-378-289,Uttar Pradesh
CDR202600022035,2025-09-25,05:21:12,+916803693943,+917633004584,VOICE,295,404942338437775,354421822762447,Karnataka_BTS_003,404-45-597-493,Karnataka
CDR202600022060,2025-03-02,05:56:23,+917260525274,+919748174231,VOICE,112,404348500968395,357212038753711,Rajasthan_BTS_015,404-45-612-781,Rajasthan
CDR202600022069,2025-10-23,04:34:14,+918495193926,+917896773158,VOICE,445,404931840158295,355116548176908,Karnataka_BTS_006,404-45-848-803,Karnataka
CDR202600022070,2025-11-16,17:45:08,+918407468479,+916580744080,SMS,0,404146529918829,355661745230251,Rajasthan_BTS_015,404-45-282-520,Rajasthan
CDR202600022073,2025-04-07,16:05:29,+918553840504,+918726182138,VOICE,81,404552273161789,350979045133925,Mumbai_BTS_011,404-45-995-946,Mumbai
CDR202600022084,2025-03-03,16:14:50,+918431692828,+916033647473,VOICE,82,404874382807576,359679209065762,Gujarat_BTS_005,404-45-338-518,Gujarat
CDR202600022085,2025-04-17,02:32:24,+916168234592,+918332405525,VOICE,15,404227906348913,359130840069147,Mumbai_BTS_007,404-45-348-804,Mumbai
CDR202600022108,2025-07-10,05:59:35,+919063742023,+918129759073,VOICE,44,404875113159013,350896219297089,Rajasthan_BTS_016,404-45-303-157,Rajasthan
CDR202600022124,2025-09-26,04:39:11,+919355520969,+918589919306,VOICE,80,404318468349757,358734720015454,Rajasthan_BTS_016,404-45-961-655,Rajasthan
CDR202600022129,2025-01-12,17:53:29,+918796161147,+919986658059,VOICE,74,404766512968193,355616605217304,UttarPradesh_BTS_002,404-45-568-324,Uttar Pradesh
CDR202600022134,2025-05-04,17:24:46,+917970852104,+918700104861,VOICE,73,404700666167352,354372323952875,TamilNadu_BTS_001,404-45-158-052,Tamil Nadu
CDR202600022141,2025-10-23,05:36:55,+918639338747,+918239660518,VOICE,179,404442834128049,359991110427423,Delhi_BTS_002,404-45-935-071,Delhi
CDR202600022142,2025-09-18,02:08:13,+916268821410,+919692696466,MISSED,0,404737652846641,358278249628790,Mumbai_BTS_007,404-45-584-827,Mumbai
CDR202600022157,2025-06-20,22:19:53,+917129928470,+919392261784,VOICE,91,404937216720317,355827437320306,WestBengal_BTS_009,404-45-304-837,West Bengal
CDR202600022175,2025-08-23,15:40:42,+919413297429,+916000914011,VOICE,138,404915029871916,356747021068488,Delhi_BTS_003,404-45-371-541,Delhi
CDR202600022195,2025-05-20,21:07:57,+919588842627,+916720582936,VOICE,178,404677629148008,351484053636658,TamilNadu_BTS_004,404-45-683-253,Tamil Nadu
CDR202600022203,2025-03-11,16:16:38,+919965449729,+916391055866,VOICE,170,404241590557540,352047129993873,Delhi_BTS_003,404-45-533-988,Delhi
CDR202600022211,2025-04-02,15:07:09,+916146244903,+917947077688,VOICE,128,404747678304852,353675589664984,Rajasthan_BTS_018,404-45-713-332,Rajasthan
CDR202600022226,2025-10-29,07:52:31,+916901723889,+918192698234,VOICE,27,404891729990788,350067917917841,Rajasthan_BTS_015,404-45-282-520,Rajasthan
CDR202600022285,2025-10-06,13:15:10,+917036985685,+919548918958,VOICE,74,404237428284058,354156161161098,Delhi_BTS_006,404-45-223-254,Delhi
CDR202600022286,2025-07-16,10:53:00,+917288000354,+916329228510,VOICE,39,404532110511544,358464065681815,WestBengal_BTS_007,404-45-491-894,West Bengal
CDR202600022290,2025-08-08,02:29:54,+918118211392,+918019473354,VOICE,337,404929468829220,358071996273930,TamilNadu_BTS_001,404-45-158-052,Tamil Nadu
CDR202600022303,2025-07-25,18:22:35,+916554063783,+918022471766,VOICE,16,404519189662471,357822312444994,TamilNadu_BTS_006,404-45-773-598,Tamil Nadu
CDR202600022318,2025-07-06,18:29:08,+917751254001,+916391671682,VOICE,18,404567561151926,353506940905068,UttarPradesh_BTS_003,404-45-650-219,Uttar Pradesh
CDR202600022334,2025-06-12,06:55:58,+916237834522,+918750445092,VOICE,126,404690884726857,359815806300203,Rajasthan_BTS_019,404-45-119-115,Rajasthan
CDR202600022344,2025-04-14,03:57:50,+919471552494,+918089241513,VOICE,53,404056198564875,355996516601617,Mumbai_BTS_002,404-45-702-226,Mumbai
CDR202600022347,2025-05-07,05:29:27,+918186295994,+916018950497,VOICE,155,404853372962807,350147463819087,Karnataka_BTS_006,404-45-669-678,Karnataka
CDR202600022422,2025-04-17,18:22:09,+916565419648,+919027570914,VOICE,268,404188706948239,355941350535795,Rajasthan_BTS_016,404-45-961-655,Rajasthan
CDR202600022423,2025-08-24,18:14:34,+916945270946,+919939777816,VOICE,39,404362992853194,359137917587225,Rajasthan_BTS_010,404-45-710-066,Rajasthan
CDR202600022435,2025-03-17,06:10:19,+917880755294,+918584425155,VOICE,216,404391065804089,352332040789068,Rajasthan_BTS_011,404-45-796-739,Rajasthan
CDR202600022477,2025-01-11,01:48:53,+917624281393,+919343914928,VOICE,69,404548878667131,350582566235449,Rajasthan_BTS_010,404-45-710-066,Rajasthan
CDR202600022524,2025-11-29,00:03:35,+916833133502,+918819865075,VOICE,157,404185586586736,353426452079070,Rajasthan_BTS_016,404-45-303-157,Rajasthan
CDR202600022539,2025-08-26,20:51:11,+916324189635,+919866647096,VOICE,117,404248720180209,354360847285347,UttarPradesh_BTS_013,404-45-265-760,Uttar Pradesh
CDR202600022546,2025-12-11,06:08:51,+917026343378,+918428693441,VOICE,140,404278011827735,359669248243615,Karnataka_BTS_006,404-45-835-499,Karnataka
CDR202600022564,2025-08-05,22:44:22,+917202464650,+917984465285,VOICE,108,404467143790659,359597572522041,WestBengal_BTS_007,404-45-491-894,West Bengal
CDR202600022602,2025-10-07,12:41:18,+917702372166,+918100645658,VOICE,143,404309454824235,358982465043103,WestBengal_BTS_002,404-45-205-363,West Bengal
CDR202600022613,2025-03-31,01:39:05,+916409659188,+916538903040,VOICE,43,404517758864242,352908286875016,Mumbai_BTS_011,404-45-243-433,Mumbai
CDR202600022623,2025-11-03,07:15:38,+918439831924,+919949676628,VOICE,426,404011158598347,352286342707881,UttarPradesh_BTS_012,404-45-441-790,Uttar Pradesh
CDR202600022624,2025-07-08,07:20:08,+918438901003,+916983923513,VOICE,21,404300837083033,353626590330348,Rajasthan_BTS_016,404-45-619-624,Rajasthan
CDR202600022632,2025-02-01,21:55:16,+917298192697,+916018950497,VOICE,366,404372078850360,358990719266887,Mumbai_BTS_006,404-45-785-498,Mumbai
CDR202600022633,2025-04-09,18:17:46,+918567377345,+917984465285,MISSED,0,404030440610600,352837027219577,UttarPradesh_BTS_011,404-45-194-650,Uttar Pradesh
CDR202600022639,2025-09-28,09:32:24,+918492164668,+918335058737,VOICE,159,404921696582392,350548039413723,Rajasthan_BTS_017,404-45-880-166,Rajasthan
CDR202600022642,2025-07-04,08:39:18,+917599862745,+919616696703,VOICE,47,404627887210040,356036017703651,Maharashtra_BTS_003,404-45-949-644,Maharashtra
CDR202600022646,2025-08-20,09:51:18,+918802149671,+917990887781,VOICE,106,404816215689342,358532905329042,WestBengal_BTS_001,404-45-981-041,West Bengal
CDR202600022648,2025-12-18,18:19:29,+919067451230,+919337936648,MISSED,0,404250588923133,351958332645405,Rajasthan_BTS_013,404-45-448-115,Rajasthan
CDR202600022650,2025-02-19,05:21:42,+917578969925,+917062207522,SMS,0,404545826233718,358929298730948,UttarPradesh_BTS_014,404-45-214-078,Uttar Pradesh
CDR202600022659,2025-08-09,23:23:59,+917506123535,+917218983467,SMS,0,404243946853548,353815692613553,Gujarat_BTS_008,404-45-448-285,Gujarat
CDR202600022664,2025-10-29,21:08:29,+919822220280,+917746468481,VOICE,86,404025228979893,354802097310263,TamilNadu_BTS_006,404-45-367-210,Tamil Nadu
CDR202600022667,2025-03-04,14:58:49,+918476762224,+916604663553,SMS,0,404649195429316,353726098371994,UttarPradesh_BTS_003,404-45-618-272,Uttar Pradesh
CDR202600022679,2025-01-10,23:23:33,+918331449164,+918176232864,VOICE,184,404671771182724,359230872295272,Mumbai_BTS_006,404-45-235-741,Mumbai
CDR202600022688,2025-02-26,17:49:12,+919427637919,+918941845766,VOICE,59,404751369098702,352609269028899,Mumbai_BTS_007,404-45-516-195,Mumbai
CDR202600022709,2025-07-29,15:03:02,+919023140164,+916075420676,VOICE,60,404424638219452,356872601576585,TamilNadu_BTS_001,404-45-698-489,Tamil Nadu
CDR202600022728,2025-11-12,09:22:39,+916027901336,+917701770673,VOICE,115,404564941936969,359115177325864,Gujarat_BTS_007,404-45-106-778,Gujarat
CDR202600022766,2025-07-04,17:57:22,+919660533700,+916945270946,VOICE,53,404488574908295,354883624702198,Rajasthan_BTS_003,404-45-924-324,Rajasthan
CDR202600022776,2025-03-08,16:09:23,+916514444241,+917991653427,MISSED,0,404954341991008,354682315116551,Rajasthan_BTS_006,404-45-246-272,Rajasthan
CDR202600022812,2025-04-15,07:46:51,+919489086183,+919773727364,SMS,0,404331985646878,356556018369483,Karnataka_BTS_001,404-45-767-554,Karnataka
CDR202600022815,2025-02-10,01:58:59,+918814786239,+917936178367,VOICE,54,404350788809439,350869318799375,Karnataka_BTS_005,404-45-102-400,Karnataka
CDR202600022881,2025-11-22,08:58:38,+919343143931,+919530476674,VOICE,42,404607153836260,354179118498096,UttarPradesh_BTS_006,404-45-108-684,Uttar Pradesh
CDR202600022886,2025-04-20,01:25:08,+918338180645,+918736319643,VOICE,190,404834190220106,358694983476240,Mumbai_BTS_011,404-45-287-286,Mumbai
CDR202600022890,2025-06-01,17:04:22,+918826730580,+916162288887,VOICE,52,404626585615852,351717350884942,WestBengal_BTS_009,404-45-304-837,West Bengal
CDR202600022906,2025-05-20,06:50:33,+916868674635,+917173526045,VOICE,222,404440861620050,358377069805329,UttarPradesh_BTS_010,404-45-308-704,Uttar Pradesh
CDR202600022910,2025-11-05,01:40:43,+919853477736,+917462589387,VOICE,17,404989047242809,353746161818759,TamilNadu_BTS_002,404-45-158-984,Tamil Nadu
CDR202600022921,2025-09-19,05:33:35,+918862586974,+919423224659,VOICE,80,404205829797966,353776334044781,Karnataka_BTS_002,404-45-195-949,Karnataka
CDR202600022949,2025-11-10,08:07:51,+918845391323,+917388352680,VOICE,50,404127083355935,356904855075656,Mumbai_BTS_010,404-45-919-883,Mumbai
CDR202600022955,2025-11-23,04:47:30,+917289057145,+917538113815,VOICE,1,404276241715061,354195963444472,Karnataka_BTS_006,404-45-848-803,Karnataka
CDR202600022957,2025-06-04,23:51:45,+919228256985,+918059254461,VOICE,275,404621397147100,350476430737174,Rajasthan_BTS_010,404-45-494-391,Rajasthan
CDR202600022977,2025-08-02,06:16:09,+916718698921,+916784786363,VOICE,63,404486270070428,353952857487368,WestBengal_BTS_003,404-45-342-886,West Bengal
CDR202600022998,2025-01-08,23:28:52,+917790056636,+918086386905,SMS,0,404234553874690,359037807415142,Maharashtra_BTS_008,404-45-799-664,Maharashtra
CDR202600023005,2025-07-18,13:59:44,+919429605845,+919525180013,SMS,0,404012631446390,355358689978302,Rajasthan_BTS_004,404-45-835-323,Rajasthan
CDR202600023013,2025-01-09,09:01:05,+919063742023,+917234185015,VOICE,22,404875113159013,350896219297089,UttarPradesh_BTS_007,404-45-999-138,Uttar Pradesh
CDR202600023025,2025-04-26,11:20:48,+916187949263,+919719824025,VOICE,51,404547143300286,355413855407668,Maharashtra_BTS_003,404-45-649-128,Maharashtra
CDR202600023058,2025-05-25,05:38:50,+917968781084,+917694915325,VOICE,141,404655284153296,351547814203510,TamilNadu_BTS_002,404-45-620-083,Tamil Nadu
CDR202600023119,2025-01-25,05:05:19,+918659243440,+916306053410,VOICE,74,404075965489002,350717912503924,Maharashtra_BTS_004,404-45-821-072,Maharashtra
CDR202600023122,2025-10-25,03:38:09,+917285241541,+918854666127,VOICE,23,404817606970509,352063684702023,Rajasthan_BTS_001,404-45-376-948,Rajasthan
CDR202600023143,2025-07-21,23:16:37,+918759727587,+919755692262,VOICE,56,404079627349839,352028357537988,Delhi_BTS_002,404-45-935-071,Delhi
CDR202600023153,2025-10-13,01:00:24,+917581547269,+917187343145,VOICE,352,404494858458989,355469038469204,Karnataka_BTS_006,404-45-813-981,Karnataka
CDR202600023185,2025-01-02,23:29:29,+916304446754,+919267323424,MISSED,0,404692512715125,358440478852857,TamilNadu_BTS_004,404-45-683-253,Tamil Nadu
CDR202600023208,2025-11-15,23:26:41,+917166180380,+918677835293,SMS,0,404788820621284,358816143811114,Mumbai_BTS_008,404-45-155-690,Mumbai
CDR202600023220,2025-11-24,15:48:49,+916073749554,+917686460305,VOICE,40,404747202138425,353215994276127,TamilNadu_BTS_006,404-45-367-210,Tamil Nadu
CDR202600023239,2025-10-25,10:27:54,+917405591080,+916514444241,VOICE,122,404179142194632,353255068333819,Rajasthan_BTS_013,404-45-887-657,Rajasthan
CDR202600023268,2025-04-14,05:43:38,+919114432789,+916459441639,VOICE,17,404408110593877,359276652835774,Rajasthan_BTS_006,404-45-242-253,Rajasthan
CDR202600023296,2025-04-28,09:37:09,+917487718089,+918372113403,VOICE,173,404826245811395,359966168411168,Maharashtra_BTS_007,404-45-473-167,Maharashtra
CDR202600023305,2025-12-18,09:50:36,+919297898204,+917422271846,VOICE,104,404760445197508,354357601117156,Rajasthan_BTS_013,404-45-400-446,Rajasthan
CDR202600023325,2025-02-12,21:37:21,+918680112037,+919468246927,SMS,0,404931423436384,350022633249291,WestBengal_BTS_005,404-45-901-954,West Bengal
CDR202600023337,2025-03-08,05:21:04,+919774343936,+917912025292,VOICE,24,404951666746468,354407829397723,WestBengal_BTS_004,404-45-522-026,West Bengal
CDR202600023339,2025-11-01,00:33:51,+916326848177,+917613450529,VOICE,175,404712650699626,354766394915316,TamilNadu_BTS_002,404-45-620-083,Tamil Nadu
CDR202600023346,2025-05-08,18:12:54,+916187949263,+918905911604,VOICE,22,404547143300286,355413855407668,Rajasthan_BTS_019,404-45-414-246,Rajasthan
CDR202600023347,2025-10-01,10:37:19,+918014088964,+919879068710,VOICE,46,404322203378252,357231241677195,Mumbai_BTS_006,404-45-785-498,Mumbai
CDR202600023362,2025-10-21,11:12:06,+919622065512,+916075420676,VOICE,30,404126485629513,354620829643635,Delhi_BTS_002,404-45-884-129,Delhi
CDR202600023364,2025-06-22,11:06:08,+919104233216,+919999833162,VOICE,196,404974729162027,353150137629015,Rajasthan_BTS_017,404-45-652-977,Rajasthan
CDR202600023387,2025-04-05,18:41:23,+916429632648,+919866647096,SMS,0,404858566180420,353977887341390,Gujarat_BTS_008,404-45-448-285,Gujarat
CDR202600023389,2025-05-14,04:22:23,+919220644449,+917726300622,VOICE,241,404523291475621,352365575248561,Rajasthan_BTS_002,404-45-334-842,Rajasthan
CDR202600023424,2025-06-15,19:12:07,+919202678975,+917160477095,MISSED,0,404021681342261,352657399998131,Gujarat_BTS_001,404-45-859-282,Gujarat
CDR202600023432,2025-01-18,11:00:47,+918854666127,+916143387394,VOICE,72,404022925067399,351290751329413,Gujarat_BTS_008,404-45-814-433,Gujarat
CDR202600023442,2025-07-13,00:32:43,+919669988212,+917301194618,VOICE,136,404470050844943,355480147966581,Gujarat_BTS_007,404-45-325-460,Gujarat
CDR202600023443,2025-05-13,21:32:43,+916645304002,+917345913698,VOICE,13,404815700390332,358462141313250,WestBengal_BTS_006,404-45-373-164,West Bengal
CDR202600023469,2025-07-09,17:05:15,+917215930461,+918822202435,VOICE,4,404410614310106,354423306457496,TamilNadu_BTS_004,404-45-513-123,Tamil Nadu
CDR202600023476,2025-08-29,19:44:03,+917325887230,+919611058482,VOICE,28,404732166390948,351117494631300,Mumbai_BTS_011,404-45-243-433,Mumbai
CDR202600023484,2025-03-24,16:33:48,+916772086432,+918501614660,VOICE,27,404289913572225,356033358162547,Rajasthan_BTS_015,404-45-208-892,Rajasthan
CDR202600023500,2025-12-22,00:47:41,+918984521429,+919627533531,VOICE,14,404205166733854,354122431818753,Karnataka_BTS_005,404-45-902-804,Karnataka
CDR202600023516,2025-07-21,06:04:37,+917689377943,+918886151686,VOICE,118,404200053049083,354796040813982,Mumbai_BTS_001,404-45-446-022,Mumbai
CDR202600023525,2025-08-10,13:29:51,+916740601937,+917688986859,VOICE,56,404805941011930,355457006490963,Maharashtra_BTS_009,404-45-646-747,Maharashtra
CDR202600023538,2025-01-12,16:31:08,+917776631300,918970095655,VOICE,68,404198544869698,353663425013585,Karnataka_BTS_008,404-45-693-754,Karnataka
CDR202600023544,2025-01-28,18:59:10,+919233492867,+919878051946,VOICE,228,404810729956301,352191339101480,TamilNadu_BTS_006,404-45-773-598,Tamil Nadu
CDR202600023562,2025-09-09,21:22:00,+919821913431,+916065998772,VOICE,5,404633999864900,351402629214174,Gujarat_BTS_007,404-45-325-460,Gujarat
CDR202600023566,2025-01-24,03:03:19,+918249003215,+918133493776,SMS,0,404927458189283,351356307367248,Karnataka_BTS_004,404-45-160-169,Karnataka
CDR202600023568,2025-04-21,06:55:27,+919345231893,+917506860658,VOICE,185,404841123582734,359912610648655,Rajasthan_BTS_006,404-45-242-253,Rajasthan
CDR202600023570,2025-04-15,12:03:33,+919352442118,+918627946591,SMS,0,404424953011136,350535989646739,Delhi_BTS_006,404-45-548-922,Delhi
CDR202600023578,2025-01-11,09:16:55,+916376859846,+918250075519,MISSED,0,404700381456089,351305229306729,WestBengal_BTS_004,404-45-283-755,West Bengal
CDR202600023588,2025-05-03,06:08:49,+918407468479,+917967577356,SMS,0,404146529918829,355661745230251,UttarPradesh_BTS_012,404-45-233-653,Uttar Pradesh
CDR202600023595,2025-08-29,11:13:34,+918848006497,+919946761803,VOICE,58,404841701149744,352908716179625,WestBengal_BTS_004,404-45-283-755,West Bengal
CDR202600023600,2025-04-17,17:40:13,+919376485855,+917068285959,VOICE,336,404565806038870,350490320845893,WestBengal_BTS_001,404-45-415-374,West Bengal
CDR202600023616,2025-02-08,17:20:44,+918910296879,+917187868573,MISSED,0,404311209029088,352138005838514,UttarPradesh_BTS_012,404-45-233-653,Uttar Pradesh
CDR202600023625,2025-02-26,17:28:16,+916575518584,+917810804663,VOICE,14,404953618138388,357584245381199,Rajasthan_BTS_005,404-45-505-906,Rajasthan
CDR202600023627,2025-01-09,17:50:40,+916237834522,+917284494997,SMS,0,404690884726857,359815806300203,Rajasthan_BTS_010,404-45-641-258,Rajasthan
CDR202600023659,2025-08-14,20:33:34,+916392171813,+917691247999,VOICE,281,404312977760892,356010553251353,Rajasthan_BTS_019,404-45-414-246,Rajasthan
CDR202600023665,2025-06-19,00:54:54,+918761259355,+918812120821,VOICE,66,404185534368252,353132251803029,Maharashtra_BTS_003,404-45-665-301,Maharashtra
CDR202600023667,2025-03-02,00:14:41,+917222308164,+918567929047,VOICE,39,404607267515714,355609322085589,WestBengal_BTS_001,404-45-915-996,West Bengal
CDR202600023706,2025-08-10,15:55:12,+917003523683,+919828369317,VOICE,40,404122113576350,357717010439799,Maharashtra_BTS_006,404-45-987-104,Maharashtra
CDR202600023764,2025-02-23,16:14:13,+917459642648,+918394502502,VOICE,125,404563831048187,359142967634637,UttarPradesh_BTS_002,404-45-568-324,Uttar Pradesh
CDR202600023769,2025-10-09,06:10:51,+919985306500,+919621583242,VOICE,49,404896104187648,359026709068948,UttarPradesh_BTS_008,404-45-860-567,Uttar Pradesh
CDR202600023770,2025-11-24,14:33:25,+919734264775,+918680045420,VOICE,31,404331463336828,355959251239040,Gujarat_BTS_004,404-45-130-096,Gujarat
CDR202600023782,2025-10-13,05:51:36,+919952972156,+917815142697,VOICE,61,404786021529062,357522266580633,Maharashtra_BTS_007,404-45-473-167,Maharashtra
CDR202600023783,2025-01-17,07:34:13,+917151583041,+916953509233,VOICE,375,404331940015626,352377146968514,Mumbai_BTS_006,404-45-235-741,Mumbai
CDR202600023788,2025-05-28,10:44:06,+917218290114,+918602113340,VOICE,97,404864866823815,353460482558898,Gujarat_BTS_004,404-45-130-096,Gujarat
CDR202600023813,2025-07-05,04:21:25,+919594387670,+917291879073,VOICE,47,404534939758599,355454494744404,Delhi_BTS_002,404-45-935-071,Delhi
CDR202600023818,2025-12-08,15:50:52,+916715121345,+919752934480,VOICE,7,404409853657506,351966505096070,UttarPradesh_BTS_003,404-45-736-577,Uttar Pradesh
CDR202600023845,2025-03-25,15:43:53,+919208661356,+917911791554,VOICE,227,404577723549544,356370121582623,Rajasthan_BTS_010,404-45-641-258,Rajasthan
CDR202600023849,2025-01-29,14:54:41,+916207044235,+917256006787,VOICE,25,404283815950469,352146998099793,Rajasthan_BTS_002,404-45-334-842,Rajasthan
CDR202600023851,2025-05-11,01:54:28,+917266945433,+919376485855,VOICE,75,404700393977266,358133433014929,Rajasthan_BTS_019,404-45-471-900,Rajasthan
CDR202600023852,2025-10-17,15:44:31,+918940237490,+918644753678,SMS,0,404884974809132,359120968456605,Mumbai_BTS_010,404-45-718-271,Mumbai
CDR202600023863,2025-09-12,23:09:39,+916793257571,+917995140318,MISSED,0,404854898768103,351264296331890,Gujarat_BTS_006,404-45-818-559,Gujarat
CDR202600023871,2025-07-09,04:02:38,+918941039465,+919298342479,VOICE,43,404984631315875,353973090732579,WestBengal_BTS_002,404-45-205-363,West Bengal
CDR202600023872,2025-09-21,01:08:22,+918186295994,+919940849620,VOICE,30,404853372962807,350147463819087,Mumbai_BTS_010,404-45-211-255,Mumbai
CDR202600023889,2025-03-07,05:50:44,+916132538151,+919604832660,VOICE,23,404924288621808,359513706286369,Rajasthan_BTS_007,404-45-470-225,Rajasthan
CDR202600023907,2025-06-22,07:50:02,+918681413673,+918489207227,VOICE,25,404652588135097,356324801211716,Karnataka_BTS_006,404-45-835-499,Karnataka
CDR202600023942,2025-09-24,03:59:24,+918069146506,+918746983878,VOICE,137,404715232920080,357652682472880,Delhi_BTS_004,404-45-652-774,Delhi
CDR202600023943,2025-01-29,08:26:31,+918250075519,+916544958049,VOICE,113,404574503330800,357456086029818,Maharashtra_BTS_007,404-45-473-167,Maharashtra
CDR202600023958,2025-01-15,21:44:58,+917893772136,+918022471766,VOICE,66,404429532819085,353373947208139,UttarPradesh_BTS_005,404-45-261-449,Uttar Pradesh
CDR202600023960,2025-09-07,04:09:57,+916906896879,+918219622680,VOICE,73,404987658524753,350322012369543,TamilNadu_BTS_006,404-45-367-210,Tamil Nadu
CDR202600023981,2025-07-19,06:41:50,+917713638902,+918319944674,VOICE,39,404427141639175,355957661266921,Rajasthan_BTS_012,404-45-798-907,Rajasthan
CDR202600023994,2025-04-14,20:02:41,+916983699346,+917865754558,VOICE,55,404622798947285,359512766727633,UttarPradesh_BTS_003,404-45-736-577,Uttar Pradesh
CDR202600024016,2025-04-07,05:24:41,+919901841860,+919690082317,VOICE,75,404985224722234,359519572205970,Gujarat_BTS_005,404-45-338-518,Gujarat
CDR202600024020,2025-04-10,17:51:23,+917251525914,+917815142697,SMS,0,404284224318207,352520534434204,Rajasthan_BTS_018,404-45-713-332,Rajasthan
CDR202600024034,2025-06-16,11:03:23,+918696518496,+917134594868,VOICE,6,404446955706436,351926192706658,WestBengal_BTS_006,404-45-373-164,West Bengal
CDR202600024056,2025-03-10,12:49:41,+916503638974,+917038470095,VOICE,153,404513585581651,353718430957922,WestBengal_BTS_004,404-45-283-755,West Bengal
CDR202600024077,2025-09-11,23:28:29,+918638904475,+919982888599,VOICE,1,404210842484137,352344102174924,Rajasthan_BTS_006,404-45-651-270,Rajasthan
CDR202600024080,2025-01-06,00:19:11,+917367096138,+916689450035,VOICE,335,404893788173918,358491033763340,WestBengal_BTS_002,404-45-355-683,West Bengal
CDR202600024090,2025-05-11,17:26:40,+919270308026,+918966735221,SMS,0,404356190050468,351038295157421,Gujarat_BTS_005,404-45-716-028,Gujarat
CDR202600024100,2025-07-23,15:08:45,+916980575992,+919171405413,VOICE,50,404827915741428,356707408194869,Rajasthan_BTS_001,404-45-670-225,Rajasthan
CDR202600024108,2025-08-10,06:03:27,+916304446754,+918375060716,VOICE,195,404692512715125,358440478852857,Karnataka_BTS_006,404-45-835-499,Karnataka
CDR202600024122,2025-02-26,06:54:44,+919898277174,+917833991797,SMS,0,404543747173284,353317567421202,UttarPradesh_BTS_009,404-45-378-289,Uttar Pradesh
CDR202600024135,2025-12-05,13:11:37,+917661322420,+918061588925,SMS,0,404013235341558,358907632080567,Gujarat_BTS_007,404-45-703-285,Gujarat
CDR202600024159,2025-02-15,21:17:22,+916883177162,+918584377504,VOICE,55,404490402355063,354238092176001,WestBengal_BTS_004,404-45-283-755,West Bengal
CDR202600024175,2025-04-18,06:04:55,+917285832993,+919965464931,VOICE,48,404713114229869,356553394423299,Mumbai_BTS_004,404-45-980-339,Mumbai
CDR202600024211,2025-12-29,02:01:41,+917254669580,+919034522106,VOICE,163,404149895694775,350347430915997,WestBengal_BTS_002,404-45-205-363,West Bengal
CDR202600024214,2025-05-13,07:56:19,+917379175521,+917832109003,VOICE,189,404409715227212,359810125256092,Delhi_BTS_006,404-45-223-254,Delhi
CDR202600024239,2025-04-17,11:44:04,+917024544717,+916785943862,VOICE,16,404787712168763,351323383247574,WestBengal_BTS_005,404-45-901-954,West Bengal
CDR202600024252,2025-05-20,21:53:02,+916756772254,+918696783937,VOICE,84,404576737549070,350875765378923,UttarPradesh_BTS_015,404-45-658-037,Uttar Pradesh
CDR202600024253,2025-03-17,12:18:12,+917770290213,+917789224735,SMS,0,404860611593021,359316667300961,Mumbai_BTS_001,404-45-446-022,Mumbai
CDR202600024278,2025-09-29,17:12:52,+919835720801,+917885171272,VOICE,210,404012136241826,358569068718402,Mumbai_BTS_011,404-45-995-946,Mumbai
CDR202600024305,2025-04-29,23:53:19,+919546864401,+917865095641,VOICE,337,404832412640518,351676154457077,UttarPradesh_BTS_012,404-45-145-004,Uttar Pradesh
CDR202600024325,2025-06-29,14:02:33,+919396117793,+918728614929,VOICE,34,404609666243008,350569505949936,Rajasthan_BTS_007,404-45-697-409,Rajasthan
CDR202600024332,2025-09-29,23:40:17,+917282202555,+918950924968,VOICE,126,404364115516923,350152278148208,WestBengal_BTS_001,404-45-981-041,West Bengal
CDR202600024362,2025-11-11,18:52:09,+919429605845,+916275881698,VOICE,74,404012631446390,355358689978302,Delhi_BTS_001,404-45-999-581,Delhi
CDR202600024393,2025-04-29,02:33:37,+918223902580,+919729538589,VOICE,8,404432903766024,352106779268990,Rajasthan_BTS_019,404-45-119-115,Rajasthan
CDR202600024395,2025-08-17,00:54:16,+919317768225,+918962243305,VOICE,16,404676458146849,357459505877185,Rajasthan_BTS_017,404-45-897-945,Rajasthan
CDR202600024409,2025-08-16,08:17:51,+918588871993,+918635091877,VOICE,31,404381162084636,359889755385131,Maharashtra_BTS_007,404-45-479-364,Maharashtra
CDR202600024433,2025-02-06,16:01:42,+918696518496,+919417393331,VOICE,263,404446955706436,351926192706658,WestBengal_BTS_006,404-45-373-164,West Bengal
CDR202600024439,2025-03-09,15:23:46,+919099798724,+917813606859,VOICE,175,404290913772444,354662149246057,Mumbai_BTS_007,404-45-348-804,Mumbai
CDR202600024441,2025-08-01,05:01:23,+916375562961,+917410240798,VOICE,102,404701111742963,359046483582741,Delhi_BTS_001,404-45-999-581,Delhi
CDR202600024475,2025-12-03,16:00:14,+916237834522,+916445008061,VOICE,199,404690884726857,359815806300203,WestBengal_BTS_001,404-45-230-043,West Bengal
CDR202600024478,2025-12-05,21:23:38,+919313488362,+916971406889,SMS,0,404786263104650,355527714645009,Rajasthan_BTS_004,404-45-835-323,Rajasthan
CDR202600024496,2025-06-04,12:22:42,+919826091713,+916409475395,VOICE,31,404924509594008,354610400425647,Maharashtra_BTS_005,404-45-181-876,Maharashtra
CDR202600024522,2025-02-20,11:00:56,+919075161331,+917670399159,VOICE,44,404356067612154,350210830750689,WestBengal_BTS_002,404-45-205-363,West Bengal
CDR202600024537,2025-12-30,20:38:25,+916784190629,+917780325783,VOICE,1,404138319003810,351868423665694,Delhi_BTS_005,404-45-508-688,Delhi
CDR202600024542,2025-12-26,19:14:30,+918470791969,+916746134266,SMS,0,404515204047661,355738702085628,Maharashtra_BTS_005,404-45-891-297,Maharashtra
CDR202600024555,2025-02-25,06:56:19,+918883222397,+917325887230,VOICE,254,404602791659536,359488364481732,Maharashtra_BTS_009,404-45-646-747,Maharashtra
CDR202600024557,2025-05-19,10:25:00,+919332080700,+918038240690,VOICE,40,404689771830068,352633091445494,Rajasthan_BTS_019,404-45-951-827,Rajasthan
CDR202600024558,2025-05-26,02:20:18,+918967764489,+918087222569,SMS,0,404711086432703,354118656446829,Maharashtra_BTS_009,404-45-646-747,Maharashtra
CDR202600024587,2025-11-16,23:45:46,+916161835472,+919560025019,VOICE,342,404339551139975,351450210155876,Delhi_BTS_003,404-45-371-541,Delhi
CDR202600024592,2025-12-11,09:39:23,+917404404049,+919752934480,VOICE,102,404344538263888,352248230123750,Gujarat_BTS_002,404-45-854-105,Gujarat
CDR202600024617,2025-11-17,12:11:59,+918845391323,+917146185475,VOICE,124,404127083355935,356904855075656,UttarPradesh_BTS_013,404-45-265-760,Uttar Pradesh
CDR202600024634,2025-09-10,17:11:28,+919692768318,+919477948239,VOICE,32,404874841638061,352230698514635,Delhi_BTS_006,404-45-223-254,Delhi
CDR202600024685,2025-04-16,10:31:14,+917259833994,+918333097525,VOICE,302,404306363934535,353753978039457,Maharashtra_BTS_005,404-45-181-876,Maharashtra
CDR202600024691,2025-12-12,23:38:00,+917163892412,+917398307993,VOICE,86,404498940236266,351307609436868,TamilNadu_BTS_003,404-45-170-610,Tamil Nadu
CDR202600024705,2025-01-05,22:02:29,+917765785944,+917976291658,VOICE,18,404900824727003,352958580177614,Rajasthan_BTS_016,404-45-961-655,Rajasthan
CDR202600024708,2025-09-16,21:08:09,+916091455166,+917036109640,VOICE,180,404738664035538,359818375998851,Rajasthan_BTS_006,404-45-246-272,Rajasthan
CDR202600024719,2025-06-28,00:59:53,+919476809189,+917031578057,VOICE,145,404397721512621,358281604742326,Rajasthan_BTS_019,404-45-414-246,Rajasthan
CDR202600024724,2025-06-20,11:23:59,+919709926703,+917847548568,VOICE,392,404398051861907,350614994419626,Rajasthan_BTS_019,404-45-471-900,Rajasthan
CDR202600024726,2025-03-07,16:14:48,+917838374237,+919606727982,VOICE,88,404146452610457,359656240618259,WestBengal_BTS_003,404-45-342-886,West Bengal
CDR202600024756,2025-06-25,03:07:07,+919886214499,+917806464417,VOICE,81,404448084740171,359017324241386,Mumbai_BTS_006,404-45-235-741,Mumbai
CDR202600024779,2025-07-29,10:49:07,+919437611318,+916938174319,VOICE,52,404348617712053,358926857595797,Rajasthan_BTS_006,404-45-242-253,Rajasthan
CDR202600024795,2025-09-12,09:30:05,+916022087476,+917744783830,VOICE,25,404180972578257,359573310062722,Maharashtra_BTS_003,404-45-949-644,Maharashtra
CDR202600024804,2025-12-27,02:15:21,+918495071116,+918502488426,VOICE,106,404349215116533,359023935335194,Rajasthan_BTS_017,404-45-897-945,Rajasthan
CDR202600024812,2025-05-03,09:11:30,+916405988974,+917867097493,VOICE,112,404989630331467,358168268366441,Mumbai_BTS_007,404-45-584-827,Mumbai
CDR202600024835,2025-07-31,12:54:15,+916281663300,+918668243721,VOICE,23,404361782242550,359047114230818,Rajasthan_BTS_015,404-45-208-892,Rajasthan
CDR202600024867,2025-01-16,20:59:10,+918951012414,+919377120878,SMS,0,404657387353968,357777273684041,Rajasthan_BTS_004,404-45-835-323,Rajasthan
CDR202600024880,2025-03-23,15:52:57,+918981533864,+919658472314,SMS,0,404266293801277,358262898690810,WestBengal_BTS_004,404-45-522-026,West Bengal
CDR202600024915,2025-03-15,08:52:08,+917725701146,+918424242987,VOICE,246,404721720888817,356547301212337,WestBengal_BTS_005,404-45-785-885,West Bengal
CDR202600024919,2025-09-28,02:23:49,+918954038504,+916943301385,VOICE,42,404221356291183,359618824659252,Rajasthan_BTS_006,404-45-862-575,Rajasthan
CDR202600024922,2025-01-06,17:41:24,+918172548486,+919463351743,MISSED,0,404030644263963,354835062021205,Maharashtra_BTS_008,404-45-799-664,Maharashtra
CDR202600024924,2025-03-19,00:16:23,+919880151060,+917345913698,VOICE,65,404152634565106,357711770391622,WestBengal_BTS_003,404-45-342-886,West Bengal
CDR202600024934,2025-02-25,04:23:46,+917264065370,+916407278134,VOICE,19,404397474519238,359219813250885,Gujarat_BTS_008,404-45-814-433,Gujarat
CDR202600024944,2025-08-02,16:50:43,+919938718030,+919210440205,VOICE,48,404165699933583,352185314190935,UttarPradesh_BTS_003,404-45-618-272,Uttar Pradesh
CDR202600024947,2025-09-24,16:37:47,+919731750703,+917911432305,VOICE,55,404728763288212,359931385221416,UttarPradesh_BTS_005,404-45-261-449,Uttar Pradesh
CDR202600024963,2025-11-17,02:47:37,+919463351743,+918642296136,VOICE,39,404428572919739,353680846543826,TamilNadu_BTS_001,404-45-698-489,Tamil Nadu
CDR202600024988,2025-02-23,20:52:09,+916459441639,+917398664340,VOICE,10,404565046361968,353802504484345,Karnataka_BTS_004,404-45-985-411,Karnataka
CDR202600024990,2025-08-22,16:52:25,+919461662166,+918603824753,SMS,0,404110820536599,359287821633641,Rajasthan_BTS_013,404-45-448-115,Rajasthan
CDR202600025001,2025-03-21,09:03:03,+918424242987,+919568544288,SMS,0,404311771908883,354351287813652,Mumbai_BTS_007,404-45-516-195,Mumbai
CDR202600025016,2025-10-26,14:18:00,+919181703697,+918996434475,VOICE,6,404195778210088,353461687222650,Maharashtra_BTS_002,404-45-718-271,Maharashtra
CDR202600025022,2025-07-07,01:56:58,+916294342584,+918166970101,VOICE,161,404541826438135,350780610717565,UttarPradesh_BTS_009,404-45-719-216,Uttar Pradesh
CDR202600025036,2025-08-05,05:02:32,+919726938455,+918796526065,VOICE,657,404501104884287,350622405518454,Rajasthan_BTS_013,404-45-448-115,Rajasthan
CDR202600025056,2025-04-20,16:42:58,+918736319643,+917356819216,SMS,0,404479859078459,357910948712763,WestBengal_BTS_006,404-45-906-719,West Bengal
CDR202600025058,2025-05-21,05:53:31,+918959374225,+918473163635,VOICE,110,404483747717831,353992259638559,UttarPradesh_BTS_003,404-45-650-219,Uttar Pradesh
CDR202600025065,2025-07-26,11:45:22,+917970169332,+917529071926,VOICE,46,404164984931394,359981012273854,Gujarat_BTS_006,404-45-818-559,Gujarat
CDR202600025101,2025-05-18,20:08:27,+918164818580,+917652392440,VOICE,80,404254559621270,355664938607790,UttarPradesh_BTS_003,404-45-202-076,Uttar Pradesh
CDR202600025122,2025-04-19,09:46:39,+916565394017,+917310983111,VOICE,369,404453858807432,352073377482019,WestBengal_BTS_001,404-45-981-041,West Bengal
CDR202600025126,2025-01-25,08:13:54,+917372330717,+918335471524,VOICE,163,404853566275992,359014194156148,UttarPradesh_BTS_007,404-45-779-107,Uttar Pradesh
CDR202600025175,2025-06-12,16:42:36,+917297744721,+919197778520,MISSED,0,404054730595033,352610816260974,UttarPradesh_BTS_011,404-45-357-928,Uttar Pradesh
CDR202600025182,2025-12-29,22:46:24,+918485572124,+918081389432,VOICE,21,404289039592310,353053343558462,UttarPradesh_BTS_005,404-45-261-449,Uttar Pradesh
CDR202600025215,2025-03-28,14:42:29,+918431994101,+916810952388,SMS,0,404964852820220,357227074076315,Maharashtra_BTS_003,404-45-949-644,Maharashtra
CDR202600025222,2025-12-09,03:45:21,+917885171272,+917075986024,VOICE,13,404250955064612,350308628096569,Rajasthan_BTS_019,404-45-471-900,Rajasthan
CDR202600025254,2025-12-25,15:24:03,+919966441687,+919261808552,SMS,0,404523052985527,355324421848994,Maharashtra_BTS_007,404-45-473-167,Maharashtra
CDR202600025259,2025-04-11,18:52:35,+917236381965,+919616162666,VOICE,330,404574553622366,356020674942218,Karnataka_BTS_006,404-45-813-981,Karnataka
CDR202600025261,2025-02-08,07:51:56,+916034872249,+919062086012,VOICE,37,404120744194392,352303184120280,WestBengal_BTS_002,404-45-205-363,West Bengal
CDR202600025271,2025-04-24,06:51:24,+918059254461,+918588879853,VOICE,9,404888119550635,356538571947020,Delhi_BTS_002,404-45-935-071,Delhi
CDR202600025298,2025-07-28,10:31:53,+919618161445,+916644086226,VOICE,213,404616899884825,350492301019331,UttarPradesh_BTS_003,404-45-736-577,Uttar Pradesh
CDR202600025307,2025-04-10,12:35:14,+919190116831,+919459638280,SMS,0,404667454531285,358708911517832,Rajasthan_BTS_007,404-45-241-522,Rajasthan
CDR202600025314,2025-01-14,07:57:58,+919873119820,917543965837,VOICE,83,404766500147958,359934982672343,Rajasthan_BTS_005,404-45-771-512,Rajasthan
CDR202600025321,2025-01-08,14:48:52,+919299740124,+917318159142,VOICE,38,404639478699248,351120201089694,UttarPradesh_BTS_006,404-45-769-542,Uttar Pradesh
CDR202600025328,2025-11-26,05:41:09,+918242972259,+918875844526,VOICE,22,404006044624991,352826929314972,WestBengal_BTS_006,404-45-373-164,West Bengal
CDR202600025340,2025-01-03,10:11:25,+919099798724,+917341902120,SMS,0,404290913772444,354662149246057,Rajasthan_BTS_010,404-45-494-391,Rajasthan
CDR202600025348,2025-06-08,23:08:03,+916209055698,+916756772254,VOICE,166,404337473754074,356907091755640,WestBengal_BTS_006,404-45-373-164,West Bengal
CDR202600025350,2025-01-12,03:22:11,+917123640419,+916240077950,VOICE,380,404108331135991,352098794969779,UttarPradesh_BTS_010,404-45-308-704,Uttar Pradesh
CDR202600025352,2025-04-27,17:37:38,+919726146663,+916718698921,VOICE,13,404472993768494,351027354312120,Rajasthan_BTS_009,404-45-742-164,Rajasthan
CDR202600025368,2025-10-13,12:13:05,+916268821410,+917148207303,VOICE,70,404737652846641,358278249628790,Rajasthan_BTS_016,404-45-961-655,Rajasthan
CDR202600025375,2025-03-30,15:46:53,+916531562749,+919303389988,VOICE,35,404974628809410,353112533706178,Maharashtra_BTS_003,404-45-649-128,Maharashtra
CDR202600025379,2025-05-04,06:31:40,+918958778089,+917078809729,VOICE,186,404836273792755,350797777780177,Delhi_BTS_002,404-45-935-071,Delhi
CDR202600025404,2025-01-01,05:41:17,+916924065040,+919692520668,VOICE,44,404729867495719,354325886711283,Maharashtra_BTS_005,404-45-891-297,Maharashtra
CDR202600025454,2025-10-22,18:18:25,+919896429999,+919740788008,VOICE,43,404374477761393,354740902370988,TamilNadu_BTS_002,404-45-620-083,Tamil Nadu
CDR202600025476,2025-04-29,11:10:11,+918372097730,+916073749554,VOICE,202,404925533059796,357560701974582,Mumbai_BTS_002,404-45-702-226,Mumbai
CDR202600025505,2025-03-23,01:40:57,+919171499197,+919629878837,VOICE,16,404955035854755,353379674312203,UttarPradesh_BTS_007,404-45-779-107,Uttar Pradesh
CDR202600025519,2025-05-23,00:55:50,+919312870316,+918083790972,VOICE,223,404897470872791,359575333675544,Gujarat_BTS_005,404-45-716-028,Gujarat
CDR202600025523,2025-06-09,19:29:44,+916780789235,+917375204266,VOICE,296,404793963759528,353471137797257,Gujarat_BTS_007,404-45-106-778,Gujarat
CDR202600025535,2025-06-22,01:32:32,+916604663553,+916030265371,VOICE,119,404866060494198,350843090361211,Maharashtra_BTS_002,404-45-718-271,Maharashtra
CDR202600025595,2025-05-05,13:35:42,+917622292157,+919606727982,VOICE,16,404441952107279,356567364986630,Maharashtra_BTS_007,404-45-314-687,Maharashtra
CDR202600025600,2025-04-24,07:24:06,+917487718089,+918665374075,SMS,0,404826245811395,359966168411168,Delhi_BTS_004,404-45-847-707,Delhi
CDR202600025606,2025-02-08,03:15:40,+918680073586,+918270857685,SMS,0,404163095411538,356722448678553,UttarPradesh_BTS_006,404-45-108-684,Uttar Pradesh
CDR202600025619,2025-11-29,05:13:20,+917765785944,+916658692045,VOICE,30,404900824727003,352958580177614,UttarPradesh_BTS_005,404-45-478-292,Uttar Pradesh
CDR202600025620,2025-11-12,06:24:19,+919256264316,+917173362849,VOICE,118,404504327748677,356164543648007,Maharashtra_BTS_009,404-45-350-168,Maharashtra
CDR202600025621,2025-12-28,02:03:05,+919718897270,+916932296548,VOICE,35,404801134284088,350389702821913,Mumbai_BTS_010,404-45-211-255,Mumbai
CDR202600025677,2025-10-26,21:19:42,+918057152529,+917038470095,VOICE,148,404305550743987,357312738316196,UttarPradesh_BTS_002,404-45-869-959,Uttar Pradesh
CDR202600025707,2025-10-05,21:05:36,+916938174319,+918842929899,VOICE,29,404969369185189,352649854359926,Rajasthan_BTS_015,404-45-612-781,Rajasthan
CDR202600025730,2025-05-13,07:34:50,+919099798724,+918018258088,VOICE,165,404290913772444,354662149246057,Delhi_BTS_006,404-45-223-254,Delhi
CDR202600025797,2025-05-07,11:28:27,+916508363615,+918308876815,VOICE,165,404243548799159,356037185373039,Rajasthan_BTS_011,404-45-796-739,Rajasthan
CDR202600025801,2025-07-11,04:55:21,+919738652887,+918118211392,VOICE,353,404353959662965,351781825451142,TamilNadu_BTS_002,404-45-620-083,Tamil Nadu
CDR202600025803,2025-09-23,13:20:47,+918132420926,+917467444699,VOICE,305,404387050182283,354164549934649,UttarPradesh_BTS_002,404-45-869-959,Uttar Pradesh
CDR202600025819,2025-09-13,04:37:32,+916575518584,+918964784262,VOICE,130,404953618138388,357584245381199,Karnataka_BTS_001,404-45-767-554,Karnataka
CDR202600025820,2025-05-04,02:49:40,+917116145165,+917654516648,VOICE,306,404410775294462,351068244403070,WestBengal_BTS_009,404-45-571-359,West Bengal
CDR202600025826,2025-07-28,16:05:31,+917640182246,+918335471524,VOICE,732,404502874575403,357838230114883,TamilNadu_BTS_005,404-45-734-084,Tamil Nadu
CDR202600025828,2025-06-06,06:10:29,+917789224735,+919277103049,MISSED,0,404036696620777,357336902307662,WestBengal_BTS_005,404-45-901-954,West Bengal
CDR202600025849,2025-08-07,02:20:23,+917885171272,+919376203539,VOICE,410,404250955064612,356429030607783,Maharashtra_BTS_003,404-45-649-128,Maharashtra
CDR202600025856,2025-06-29,05:57:01,+918930676285,+916239203362,VOICE,24,404487873389614,356866438678053,UttarPradesh_BTS_013,404-45-822-438,Uttar Pradesh
CDR202600025863,2025-06-24,10:09:39,+919782130278,+916737515115,VOICE,27,404072946400092,359150833542836,UttarPradesh_BTS_012,404-45-145-004,Uttar Pradesh
CDR202600025873,2025-09-18,07:22:50,+916237834522,+918573319952,VOICE,12,404690884726857,359815806300203,Mumbai_BTS_012,404-45-553-828,Mumbai
CDR202600025877,2025-02-04,09:45:51,+919921386123,+917015757307,VOICE,90,404036017873742,357544410433316,Rajasthan_BTS_005,404-45-771-512,Rajasthan
CDR202600025883,2025-05-18,16:24:18,+917449919078,+916971406889,VOICE,42,404078839491429,351534772178261,Rajasthan_BTS_014,404-45-564-004,Rajasthan
CDR202600025884,2025-04-10,20:27:11,+916435964034,+919531565815,VOICE,5,404180230814226,356358507457842,UttarPradesh_BTS_002,404-45-174-010,Uttar Pradesh
CDR202600025909,2025-07-17,13:49:11,+918452345688,+919627533531,SMS,0,404271485899687,359349286111556,WestBengal_BTS_009,404-45-304-837,West Bengal
CDR202600025925,2025-07-30,08:54:26,+919260394257,+917475343856,VOICE,101,404673103385771,358478852390172,WestBengal_BTS_001,404-45-415-374,West Bengal
CDR202600025955,2025-12-25,08:58:59,+919324434019,+917807419891,SMS,0,404748785880154,351427360038758,Rajasthan_BTS_013,404-45-400-446,Rajasthan
CDR202600025959,2025-10-17,16:37:00,+917642546349,+917195063719,VOICE,97,404069480730203,351186967612594,Gujarat_BTS_005,404-45-338-518,Gujarat
CDR202600025966,2025-12-04,07:13:32,+918813082063,+917103776964,VOICE,21,404745033077395,358237600691916,Rajasthan_BTS_016,404-45-961-655,Rajasthan
CDR202600025992,2025-06-04,04:41:25,+918079771727,+917667564958,VOICE,285,404274058217058,354326353763340,Rajasthan_BTS_019,404-45-119-115,Rajasthan
CDR202600026007,2025-02-04,12:21:18,+916803693943,+919952426960,VOICE,157,404942338437775,354421822762447,Delhi_BTS_001,404-45-180-088,Delhi
CDR202600026041,2025-09-29,07:43:12,+916235230918,+919726146663,VOICE,168,404195257080048,351748208151971,Maharashtra_BTS_005,404-45-181-876,Maharashtra
CDR202600026042,2025-03-17,01:30:06,+917160405940,+919160824864,SMS,0,404802451264106,351347876309057,TamilNadu_BTS_003,404-45-169-692,Tamil Nadu
CDR202600026046,2025-08-16,21:33:20,+918954038504,+919541761647,SMS,0,404221356291183,359618824659252,WestBengal_BTS_006,404-45-373-164,West Bengal
CDR202600026064,2025-08-16,14:22:03,+917324658882,+918121115157,VOICE,420,404103060437476,355977001821490,Delhi_BTS_005,404-45-508-688,Delhi
CDR202600026076,2025-06-21,10:40:01,+918047209781,+919326665043,VOICE,5,404945587294991,357941793855316,UttarPradesh_BTS_014,404-45-214-078,Uttar Pradesh
CDR202600026097,2025-12-12,01:42:46,+919976782155,+917835301377,SMS,0,404964747345476,358908149840555,Rajasthan_BTS_006,404-45-246-272,Rajasthan
CDR202600026104,2025-08-02,11:20:52,+917896773158,+917781855378,MISSED,0,404078308997938,358412934771356,Karnataka_BTS_003,404-45-270-417,Karnataka
CDR202600026109,2025-05-30,20:19:41,+917674499537,+917086977227,VOICE,91,404612082750145,355808256769199,UttarPradesh_BTS_010,404-45-749-874,Uttar Pradesh
CDR202600026118,2025-07-12,15:10:02,+918236349159,+916611411515,VOICE,90,404767944169204,359544269880685,Gujarat_BTS_006,404-45-818-559,Gujarat
CDR202600026132,2025-05-06,19:57:17,+918407468479,+916485212129,VOICE,340,404146529918829,355661745230251,Delhi_BTS_005,404-45-830-320,Delhi
CDR202600026140,2025-03-25,20:15:47,+916344936147,+916938174319,VOICE,187,404681919741690,355716659789769,Maharashtra_BTS_007,404-45-314-687,Maharashtra
CDR202600026154,2025-04-17,03:04:05,+917807679343,+917374107518,SMS,0,404481090669296,351544085854622,Karnataka_BTS_005,404-45-102-400,Karnataka
CDR202600026183,2025-08-19,11:10:49,+919393399043,+916689110404,SMS,0,404431093924500,357256423867244,Gujarat_BTS_008,404-45-448-285,Gujarat
CDR202600026184,2025-08-20,19:34:43,+919647185912,+917467444699,VOICE,165,404207020284054,351491918470151,Mumbai_BTS_006,404-45-319-553,Mumbai
CDR202600026198,2025-11-25,03:12:22,+918297054576,+917788033011,VOICE,46,404189243514557,352186354717997,WestBengal_BTS_002,404-45-355-683,West Bengal
CDR202600026213,2025-09-28,15:36:05,+917123640419,+916899691590,VOICE,401,404108331135991,352098794969779,WestBengal_BTS_004,404-45-283-755,West Bengal
CDR202600026235,2025-03-16,07:16:46,+917152902593,+918698141236,VOICE,67,404521985190250,354226734020336,UttarPradesh_BTS_013,404-45-822-438,Uttar Pradesh
CDR202600026249,2025-09-06,09:02:49,+919271437076,+916113195194,VOICE,150,404258355879605,350977320006271,Maharashtra_BTS_003,404-45-665-301,Maharashtra
CDR202600026259,2025-07-08,13:09:34,+918359320053,+918308876815,VOICE,273,404199482008458,352653561770329,Rajasthan_BTS_001,404-45-801-333,Rajasthan
CDR202600026260,2025-12-07,16:54:37,+919595004318,+919606727982,VOICE,59,404291365192047,354684829241431,TamilNadu_BTS_006,404-45-678-536,Tamil Nadu
CDR202600026290,2025-07-07,06:30:52,+916983699346,+919278930052,VOICE,147,404622798947285,359512766727633,UttarPradesh_BTS_007,404-45-999-138,Uttar Pradesh
CDR202600026296,2025-03-31,13:11:44,+917331687992,+917780325783,SMS,0,404514378084392,358584012725145,Karnataka_BTS_005,404-45-371-949,Karnataka
CDR202600026299,2025-06-12,12:53:02,+917711480150,+918819865075,VOICE,92,404325494246421,358643546448572,Karnataka_BTS_005,404-45-102-400,Karnataka
CDR202600026315,2025-03-04,23:28:19,+916768200913,+918631470534,MISSED,0,404313833588735,353694004035084,Rajasthan_BTS_019,404-45-119-115,Rajasthan
CDR202600026319,2025-09-29,02:10:41,+917607296243,+917339084255,VOICE,193,404109924394829,354092713215946,Rajasthan_BTS_018,404-45-713-332,Rajasthan
CDR202600026328,2025-01-29,10:42:38,+919103517392,+917887149781,VOICE,92,404622990250655,355461084166296,WestBengal_BTS_003,404-45-266-820,West Bengal
CDR202600026330,2025-03-09,12:04:04,+918950845788,+919052925935,VOICE,324,404809107851168,352878971284673,WestBengal_BTS_001,404-45-981-041,West Bengal
CDR202600026372,2025-08-30,04:34:22,+917139435997,+916983923513,SMS,0,404775867779992,353641324305350,Karnataka_BTS_006,404-45-813-981,Karnataka
CDR202600026377,2025-09-21,06:09:00,+917778532868,+919285621806,SMS,0,404412505641248,350973514954089,Mumbai_BTS_010,404-45-296-195,Mumbai
CDR202600026379,2025-12-26,20:40:54,+919067451230,+919910375934,VOICE,12,404250588923133,351958332645405,Maharashtra_BTS_005,404-45-181-876,Maharashtra
CDR202600026394,2025-10-15,16:46:06,+919611058482,+917313453261,VOICE,8,404397536453971,356864902196456,UttarPradesh_BTS_003,404-45-736-577,Uttar Pradesh
CDR202600026406,2025-03-07,06:24:18,+916026573688,+919881332105,VOICE,58,404934483610783,351794638008881,UttarPradesh_BTS_010,404-45-308-704,Uttar Pradesh
CDR202600026415,2025-01-01,15:35:28,+918935271560,+916027901336,VOICE,67,404898625394110,357034467978715,WestBengal_BTS_004,404-45-522-026,West Bengal
CDR202600026419,2025-01-16,01:19:29,+919249946016,+917984465285,VOICE,94,404629351396738,356640397454850,Mumbai_BTS_008,404-45-520-479,Mumbai
CDR202600026424,2025-02-20,15:52:40,+919530995310,+917815588656,VOICE,215,404549946596911,353873194466022,Maharashtra_BTS_006,404-45-987-104,Maharashtra
CDR202600026428,2025-01-18,15:29:48,+918616083334,+918297232808,VOICE,8,404216619582777,359614236763799,Gujarat_BTS_006,404-45-818-559,Gujarat
CDR202600026449,2025-09-02,16:58:25,+917291879073,+917395536498,VOICE,59,404059089626503,356351738429689,Mumbai_BTS_010,404-45-919-883,Mumbai
CDR202600026453,2025-07-26,00:24:05,+916745094791,+917800308543,VOICE,231,404378019335813,359450630006133,UttarPradesh_BTS_005,404-45-478-292,Uttar Pradesh
CDR202600026456,2025-12-16,11:07:17,+917536232187,+919289658822,VOICE,96,404438868816640,355366766891803,Mumbai_BTS_005,404-45-626-244,Mumbai
CDR202600026465,2025-12-05,02:12:17,+918768167002,+916926016069,VOICE,33,404226450530860,353406916724365,Gujarat_BTS_006,404-45-818-559,Gujarat
CDR202600026469,2025-03-15,14:08:26,+918022471766,+918870582917,VOICE,29,404856472839696,350571291207959,TamilNadu_BTS_001,404-45-698-489,Tamil Nadu
CDR202600026470,2025-07-19,04:54:24,+918064434321,+917123640419,VOICE,111,404126491685411,354111397845547,Rajasthan_BTS_019,404-45-471-900,Rajasthan
CDR202600026480,2025-08-25,09:15:09,+917502872295,+917740841180,VOICE,167,404158656644324,350833486842686,Delhi_BTS_001,404-45-180-088,Delhi
CDR202600026486,2025-03-06,03:13:45,+917310565973,+917123640419,VOICE,34,404002310433146,351635351115952,Karnataka_BTS_002,404-45-195-949,Karnataka
CDR202600026503,2025-01-18,14:44:16,+916015450890,+918891078430,VOICE,6,404750997518237,359822844509046,Rajasthan_BTS_017,404-45-652-977,Rajasthan
CDR202600026509,2025-11-16,10:45:44,+918938209223,+919623493286,VOICE,7,404206982155858,352824278162508,WestBengal_BTS_002,404-45-205-363,West Bengal
CDR202600026552,2025-01-08,15:56:59,+917098056301,+919365641157,MISSED,0,404577349733764,352592613442218,UttarPradesh_BTS_007,404-45-779-107,Uttar Pradesh
CDR202600026567,2025-09-20,10:54:12,+917294415765,+918725167166,VOICE,302,404342247928192,350245305012264,Rajasthan_BTS_006,404-45-246-272,Rajasthan
CDR202600026577,2025-06-13,14:40:37,+916653181892,+917366443097,VOICE,12,404609560643333,358623804256644,Maharashtra_BTS_003,404-45-649-128,Maharashtra
CDR202600026585,2025-04-09,12:30:51,+919996804954,+919053193258,SMS,0,404019914224320,353260581724997,Mumbai_BTS_007,404-45-196-100,Mumbai
CDR202600026599,2025-06-01,15:48:52,+919062068156,+916653181892,VOICE,343,404193501510031,356304910343980,Maharashtra_BTS_002,404-45-718-271,Maharashtra
CDR202600026610,2025-02-13,09:08:23,+919115937866,+919303389988,VOICE,127,404274186756486,354174584977223,WestBengal_BTS_007,404-45-491-894,West Bengal
CDR202600026623,2025-10-29,01:50:24,+917291879073,+916552475615,VOICE,285,404059089626503,356351738429689,Karnataka_BTS_008,404-45-693-754,Karnataka
CDR202600026624,2025-06-05,06:58:32,+919956147272,+919067779599,VOICE,61,404750729531744,351991337979179,Rajasthan_BTS_010,404-45-710-066,Rajasthan
CDR202600026664,2025-10-25,09:32:34,+917194014111,+916439196676,VOICE,294,404188477093271,354791354639833,Maharashtra_BTS_007,404-45-479-364,Maharashtra
CDR202600026703,2025-02-26,13:48:44,+916000914011,+918572955854,VOICE,32,404219362934400,355106855474818,Rajasthan_BTS_001,404-45-376-948,Rajasthan
CDR202600026707,2025-06-10,17:42:57,+919382604550,+916329700235,VOICE,139,404967979486740,358878797641572,UttarPradesh_BTS_004,404-45-457-903,Uttar Pradesh
CDR202600026712,2025-02-21,14:56:24,+917259833994,+918703572462,VOICE,273,404306363934535,353753978039457,Delhi_BTS_003,404-45-533-988,Delhi
CDR202600026716,2025-11-14,16:14:06,+919899145864,+919316737376,SMS,0,404824869821874,350463263008246,Rajasthan_BTS_004,404-45-374-068,Rajasthan
CDR202600026717,2025-03-10,04:53:59,+919262309317,+919272145577,VOICE,108,404379669992204,358380868263876,UttarPradesh_BTS_010,404-45-370-518,Uttar Pradesh
CDR202600026729,2025-05-29,21:28:34,+919661881779,+916187949263,VOICE,39,404751085205828,358934157351598,WestBengal_BTS_003,404-45-342-886,West Bengal
CDR202600026731,2025-11-05,06:50:49,+919119682310,+916736354988,VOICE,26,404569908948626,355943825798630,Rajasthan_BTS_004,404-45-316-936,Rajasthan
CDR202600026760,2025-09-02,13:12:47,+917716485521,+918132420926,SMS,0,404393304698901,352934073222652,WestBengal_BTS_008,404-45-979-482,West Bengal
CDR202600026791,2025-01-27,02:29:57,+918060936189,+916162288887,VOICE,16,404128033240396,352578410018787,Maharashtra_BTS_007,404-45-473-167,Maharashtra
CDR202600026800,2025-01-13,00:26:41,+916885243807,+918296541183,VOICE,96,404560008590919,354769640808892,Maharashtra_BTS_003,404-45-949-644,Maharashtra
CDR202600026812,2025-01-25,23:17:42,+919530476674,+919280279109,VOICE,33,404218645545408,357650585192968,Rajasthan_BTS_007,404-45-470-225,Rajasthan
CDR202600026824,2025-05-19,04:33:10,+919530476674,+916445008061,SMS,0,404218645545408,357650585192968,Mumbai_BTS_002,404-45-107-073,Mumbai
CDR202600026827,2025-07-16,23:06:00,+918284059009,+918292401403,VOICE,822,404290064874757,359945038328136,Mumbai_BTS_002,404-45-107-073,Mumbai
CDR202600026839,2025-09-07,05:33:30,+919665809248,+919019032610,VOICE,22,404187937931850,358919138781929,UttarPradesh_BTS_007,404-45-370-119,Uttar Pradesh
CDR202600026844,2025-11-29,13:14:19,+918160543442,+916066479338,VOICE,85,404943515003843,356403842805204,WestBengal_BTS_007,404-45-491-894,West Bengal
CDR202600026856,2025-08-03,14:45:59,+918594067406,+918094360477,VOICE,92,404203928109236,351546142007704,Mumbai_BTS_007,404-45-584-827,Mumbai
CDR202600026869,2025-06-26,18:16:11,+918058412474,+917196407916,VOICE,236,404876353933170,350520997870693,Karnataka_BTS_006,404-45-669-678,Karnataka
CDR202600026872,2025-12-01,14:36:16,+917375204266,+917991436436,VOICE,147,404591100185168,352649383236383,WestBengal_BTS_006,404-45-373-164,West Bengal
CDR202600026883,2025-12-07,06:03:35,+916893328844,+917529071926,VOICE,291,404408599783691,357781319488428,Karnataka_BTS_003,404-45-597-493,Karnataka
CDR202600026887,2025-01-19,20:10:21,+918431994101,+918058441777,VOICE,150,404964852820220,357227074076315,TamilNadu_BTS_002,404-45-620-083,Tamil Nadu
CDR202600026901,2025-06-19,05:37:42,+919915788610,+916604663553,SMS,0,404355152012854,357964290031988,Rajasthan_BTS_007,404-45-697-409,Rajasthan
CDR202600026906,2025-12-09,10:59:07,+916573002449,+918831838625,VOICE,83,404682769159976,356450019365154,Maharashtra_BTS_007,404-45-479-364,Maharashtra
CDR202600026910,2025-09-30,07:23:13,+916073848956,+918414162680,VOICE,79,404682016917487,353798631993476,Delhi_BTS_006,404-45-223-254,Delhi
CDR202600026911,2025-09-02,22:40:57,+919379527810,+917467444699,VOICE,212,404426254927023,354923507433825,Rajasthan_BTS_007,404-45-241-522,Rajasthan
CDR202600026912,2025-10-19,10:23:20,+918756747594,+916459441639,VOICE,7,404643013005126,351330195124842,Karnataka_BTS_007,404-45-294-304,Karnataka
CDR202600026928,2025-09-04,17:29:45,+918338229837,+917330139400,VOICE,37,404852649995050,357753276223110,Gujarat_BTS_008,404-45-448-285,Gujarat
CDR202600026983,2025-04-29,20:13:06,+918338229837,+919990547223,VOICE,156,404852649995050,357753276223110,Karnataka_BTS_004,404-45-985-411,Karnataka
CDR202600027000,2025-01-08,00:19:58,+916015450890,+916442081161,VOICE,16,404750997518237,359822844509046,Rajasthan_BTS_005,404-45-771-512,Rajasthan
CDR202600027010,2025-05-25,19:25:41,+919650289020,+919272145577,SMS,0,404382222069798,350413462692418,UttarPradesh_BTS_009,404-45-719-216,Uttar Pradesh
CDR202600027014,2025-05-12,12:32:34,+917864142363,+919326665043,SMS,0,404474262479442,354662708999399,Delhi_BTS_006,404-45-629-463,Delhi
CDR202600027024,2025-11-05,03:54:15,+919548918958,+919532259444,VOICE,33,404528017635067,356913400110982,Mumbai_BTS_007,404-45-584-827,Mumbai
CDR202600027027,2025-10-08,03:45:36,+919256264316,+919954236686,VOICE,104,404504327748677,356164543648007,Rajasthan_BTS_007,404-45-697-409,Rajasthan
CDR202600027079,2025-12-04,19:30:25,+917355269541,+917880755294,SMS,0,404673831630385,356630725018463,Mumbai_BTS_008,404-45-155-690,Mumbai
CDR202600027116,2025-08-07,22:40:55,+917581547269,+917081749593,VOICE,29,404494858458989,356712866408387,TamilNadu_BTS_005,404-45-734-084,Tamil Nadu
CDR202600027125,2025-11-14,14:18:21,+916653271645,917549965641,VOICE,429,404867621011710,356014704827913,WestBengal_BTS_005,404-45-785-885,West Bengal
CDR202600027130,2025-01-22,13:04:57,+918105293797,+919326665043,VOICE,202,404997745244185,358580310871131,Delhi_BTS_003,404-45-533-988,Delhi
CDR202600027139,2025-11-28,23:08:42,+919285621806,+917075986024,VOICE,160,404778581566861,352768920226468,Rajasthan_BTS_019,404-45-951-827,Rajasthan
CDR202600027164,2025-12-10,08:54:41,+917056715552,+916213343596,VOICE,123,404622854988890,358499035498144,Maharashtra_BTS_008,404-45-799-664,Maharashtra
CDR202600027180,2025-05-30,02:01:59,+918580479082,+918802149671,VOICE,61,404241353546959,351192011970392,UttarPradesh_BTS_001,404-45-234-688,Uttar Pradesh
CDR202600027185,2025-12-11,08:53:54,+916010452530,+919669790419,VOICE,72,404645148034261,354053032650507,UttarPradesh_BTS_010,404-45-370-518,Uttar Pradesh
CDR202600027206,2025-10-26,23:37:22,+918943978661,+918998819735,SMS,0,404413863646996,351656971887413,Rajasthan_BTS_011,404-45-796-739,Rajasthan
CDR202600027212,2025-03-19,00:51:56,+918395270269,+916066006790,MISSED,0,404077627160213,353357584232191,Maharashtra_BTS_007,404-45-473-167,Maharashtra
CDR202600027244,2025-08-22,13:50:43,+917177936189,+919429605845,VOICE,49,404972884782765,357076933482426,Karnataka_BTS_002,404-45-195-949,Karnataka
CDR202600027246,2025-02-03,02:33:04,+919292744281,+917589758150,VOICE,43,404228746487191,355684027944136,Karnataka_BTS_008,404-45-693-754,Karnataka
CDR202600027250,2025-05-02,17:21:02,+919011638723,+917722136480,VOICE,59,404816358666569,358421097262501,Maharashtra_BTS_003,404-45-487-081,Maharashtra
CDR202600027255,2025-09-18,18:29:19,+916095157409,+917962847365,VOICE,29,404007975713665,359795511387166,Karnataka_BTS_003,404-45-270-417,Karnataka
CDR202600027296,2025-08-04,10:57:20,+918090749129,+917994149650,VOICE,164,404801595201349,350973241536554,Karnataka_BTS_003,404-45-270-417,Karnataka
CDR202600027299,2025-02-03,02:33:56,+919752934480,+919622512118,VOICE,184,404618342387373,351562868531746,TamilNadu_BTS_006,404-45-423-958,Tamil Nadu
CDR202600027314,2025-01-09,12:26:50,+918498064898,+916566410702,VOICE,32,404635648421403,359790100724490,Rajasthan_BTS_017,404-45-897-945,Rajasthan
CDR202600027317,2025-09-06,20:38:10,+918710128998,+919019032610,VOICE,312,404613251842119,357795090113518,UttarPradesh_BTS_004,404-45-170-901,Uttar Pradesh
CDR202600027330,2025-07-11,18:16:24,+917990704138,+918335058737,VOICE,87,404115088781645,353391276953655,UttarPradesh_BTS_010,404-45-749-874,Uttar Pradesh
CDR202600027345,2025-01-23,12:45:55,+919168753499,+916274990881,VOICE,75,404607257879941,357943368203139,Rajasthan_BTS_014,404-45-839-897,Rajasthan
CDR202600027442,2025-08-30,14:11:43,+917392182420,+917195063719,VOICE,5,404207859327537,355379640301539,WestBengal_BTS_003,404-45-342-886,West Bengal
CDR202600027443,2025-11-16,00:47:11,+917045390498,+918236349159,SMS,0,404647919817946,351587316731429,WestBengal_BTS_001,404-45-230-043,West Bengal
CDR202600027463,2025-11-22,09:32:19,+918073269811,+919216969536,VOICE,15,404228986043786,356501440284578,Mumbai_BTS_010,404-45-919-883,Mumbai
CDR202600027478,2025-10-07,18:44:25,+917667564958,+917789224735,SMS,0,404213937992862,353488319136712,UttarPradesh_BTS_006,404-45-726-827,Uttar Pradesh
CDR202600027479,2025-05-13,07:37:11,+916979318103,+916720582936,SMS,0,404115915747624,358858816302790,UttarPradesh_BTS_004,404-45-457-903,Uttar Pradesh
CDR202600027480,2025-11-20,01:20:06,+918022731031,+918072478648,VOICE,29,404839398605771,352777173290326,Maharashtra_BTS_002,404-45-718-271,Maharashtra
CDR202600027490,2025-10-14,09:02:08,+919918953072,+918659072817,VOICE,123,404602154742019,359818805004814,WestBengal_BTS_004,404-45-283-755,West Bengal
CDR202600027502,2025-01-27,19:30:59,+919801647719,+917790056636,VOICE,65,404395874521333,353650411724455,Gujarat_BTS_007,404-45-106-778,Gujarat
CDR202600027549,2025-11-19,01:59:44,+917616211754,+919627533531,VOICE,14,404712582421360,358227114764107,Rajasthan_BTS_010,404-45-710-066,Rajasthan
CDR202600027558,2025-03-20,12:08:52,+919119629233,+917173526045,VOICE,325,404115303822672,350019435742443,Delhi_BTS_001,404-45-999-581,Delhi
CDR202600027580,2025-03-24,04:07:59,+919012273494,+919833308274,VOICE,43,404235376981388,359329896777630,UttarPradesh_BTS_014,404-45-214-078,Uttar Pradesh
CDR202600027585,2025-01-24,08:51:00,+918780947361,+917291879073,VOICE,562,404427569009983,352588839462477,Mumbai_BTS_012,404-45-553-828,Mumbai
CDR202600027587,2025-05-15,13:28:42,+918172548486,+917277032644,VOICE,281,404030644263963,354835062021205,Maharashtra_BTS_009,404-45-646-747,Maharashtra
CDR202600027588,2025-11-09,14:19:11,+917425648341,+916226722085,VOICE,29,404226557822029,355747042819480,Maharashtra_BTS_002,404-45-967-353,Maharashtra
CDR202600027603,2025-04-06,17:25:38,+918728614929,+916402474122,SMS,0,404809846897820,359550937294523,Rajasthan_BTS_011,404-45-796-739,Rajasthan
CDR202600027643,2025-11-16,00:03:16,+918386857947,+917779098299,VOICE,23,404078416980158,354034089734219,Gujarat_BTS_001,404-45-859-282,Gujarat
CDR202600027646,2025-03-26,22:47:16,+916566410702,+917398533614,VOICE,56,404832790840193,358074749382953,Rajasthan_BTS_018,404-45-713-332,Rajasthan
CDR202600027660,2025-01-29,01:52:52,+916736354988,+919616742818,SMS,0,404951226980712,356681775483909,Karnataka_BTS_003,404-45-597-493,Karnataka
CDR202600027667,2025-08-05,23:10:41,+918385459802,+919181703697,VOICE,74,404073081012802,359481139096885,WestBengal_BTS_005,404-45-785-885,West Bengal
CDR202600027674,2025-07-23,17:30:06,+917922686412,+916823980384,VOICE,171,404227607503304,354070111631032,Gujarat_BTS_007,404-45-106-778,Gujarat
CDR202600027683,2025-11-08,18:05:15,+919372873392,+917532385974,VOICE,189,404301993167344,358419274316077,UttarPradesh_BTS_002,404-45-174-010,Uttar Pradesh
CDR202600027723,2025-01-29,22:03:46,+918389035304,+916278217913,VOICE,46,404101634476952,352608338226511,WestBengal_BTS_002,404-45-315-699,West Bengal
CDR202600027739,2025-03-25,10:31:41,+919035683813,+918335058737,SMS,0,404530762644959,359373442738598,Delhi_BTS_006,404-45-223-254,Delhi
CDR202600027750,2025-06-09,20:34:40,+917276113925,+918736319643,VOICE,72,404037070767765,352215311402760,UttarPradesh_BTS_015,404-45-954-379,Uttar Pradesh
CDR202600027775,2025-03-30,11:16:27,+917433422977,+917914186646,VOICE,10,404824972666194,350643031565003,WestBengal_BTS_005,404-45-901-954,West Bengal
CDR202600027790,2025-09-06,03:08:17,+918270857685,+916071286620,VOICE,86,404717231005437,358524930868103,Rajasthan_BTS_015,404-45-612-781,Rajasthan
CDR202600027804,2025-05-23,16:56:35,+916259069265,+918767932472,SMS,0,404012838515484,355969829135797,Karnataka_BTS_005,404-45-565-293,Karnataka
CDR202600027807,2025-05-01,01:30:16,+919821978762,+918736319643,VOICE,32,404976295649245,354248497816966,Delhi_BTS_003,404-45-993-622,Delhi
CDR202600027810,2025-09-04,17:34:03,+919034522106,+916575518584,MISSED,0,404178684364270,351643412985137,Rajasthan_BTS_017,404-45-880-166,Rajasthan
CDR202600027816,2025-09-09,05:28:44,+919682087635,+917345354711,VOICE,199,404829623745942,353178015634941,UttarPradesh_BTS_006,404-45-769-542,Uttar Pradesh
CDR202600027817,2025-03-01,03:00:08,+918365467938,+919761446279,VOICE,150,404977390792541,352744075589655,Delhi_BTS_004,404-45-652-774,Delhi
CDR202600027839,2025-12-29,08:18:52,+918952336036,+919706456330,VOICE,74,404081221820708,352786714131524,Maharashtra_BTS_007,404-45-750-855,Maharashtra
CDR202600027842,2025-02-25,00:37:40,+916512999260,+919285621806,VOICE,137,404913007298604,353935575787740,Maharashtra_BTS_007,404-45-314-687,Maharashtra
CDR202600027860,2025-01-14,18:38:18,+918627855226,+916439825779,VOICE,148,404623407165712,357893830512619,Rajasthan_BTS_016,404-45-619-624,Rajasthan
CDR202600027886,2025-10-01,19:06:31,+919216558697,+917302821930,VOICE,29,404331456705445,359564965382317,Delhi_BTS_006,404-45-223-254,Delhi
CDR202600027889,2025-06-08,21:07:12,+917791795228,+919319474284,VOICE,208,404836866697404,355781961930648,WestBengal_BTS_002,404-45-315-699,West Bengal
CDR202600027914,2025-01-26,02:17:04,+916661818948,+917709984827,VOICE,353,404328893621551,352390536422355,Mumbai_BTS_007,404-45-584-827,Mumbai
CDR202600027927,2025-03-24,03:01:31,+919933402985,+919316737376,VOICE,121,404680215914841,358824348812788,Karnataka_BTS_001,404-45-767-554,Karnataka
CDR202600027928,2025-10-29,00:50:59,+917554209178,+918226053249,VOICE,102,404991232588298,352283763398752,Rajasthan_BTS_016,404-45-303-157,Rajasthan
CDR202600027931,2025-02-12,22:38:16,+917103776964,+918809084720,SMS,0,404530150497959,353207339910650,UttarPradesh_BTS_005,404-45-261-449,Uttar Pradesh
CDR202600027964,2025-03-04,14:41:52,+916213343596,+918382346003,VOICE,36,404281537805585,359075711559117,Delhi_BTS_004,404-45-652-774,Delhi
CDR202600028002,2025-10-13,05:26:10,+916094464673,+918525096429,VOICE,132,404599164637727,356279009551155,Maharashtra_BTS_003,404-45-665-301,Maharashtra
CDR202600028003,2025-03-30,22:16:13,+919987672814,+919566359010,MISSED,0,404337914103881,358766259201169,Karnataka_BTS_006,404-45-813-981,Karnataka
CDR202600028030,2025-11-20,14:45:07,+919147562773,+917221606897,VOICE,28,404552533608528,353457825179450,Mumbai_BTS_007,404-45-196-100,Mumbai
CDR202600028034,2025-09-11,21:45:54,+918919039211,+917049770551,SMS,0,404084463018761,356900877601048,Maharashtra_BTS_005,404-45-891-297,Maharashtra
CDR202600028079,2025-03-21,05:00:19,+916318132842,+919382393873,VOICE,234,404434010290348,359136578156759,Rajasthan_BTS_004,404-45-316-936,Rajasthan
CDR202600028088,2025-06-07,08:59:09,+918701611171,+918736319643,VOICE,191,404394048734478,356559557518705,Gujarat_BTS_006,404-45-833-666,Gujarat
CDR202600028114,2025-02-07,10:04:30,+917583030037,+916517633065,SMS,0,404165502395957,351822636904732,UttarPradesh_BTS_010,404-45-308-704,Uttar Pradesh
CDR202600028116,2025-02-01,11:11:04,+916823553204,+918857183491,VOICE,45,404994276857438,350364422581355,Mumbai_BTS_003,404-45-334-070,Mumbai
CDR202600028124,2025-06-28,06:48:11,+918338229837,+919642931362,VOICE,147,404852649995050,357753276223110,Rajasthan_BTS_006,404-45-651-270,Rajasthan
CDR202600028145,2025-12-09,15:47:04,+916702559701,+919985306500,VOICE,23,404035594523373,354933757261198,Rajasthan_BTS_007,404-45-697-409,Rajasthan
CDR202600028150,2025-03-11,01:45:16,+919755692262,+918883061187,VOICE,18,404936090337433,352522701914938,Rajasthan_BTS_016,404-45-961-655,Rajasthan
CDR202600028159,2025-12-01,02:59:28,+919759024026,+916391671682,VOICE,145,404046884386830,356453117522156,Mumbai_BTS_006,404-45-235-741,Mumbai
CDR202600028167,2025-10-08,00:01:59,+916162288887,+917676778478,VOICE,20,404585317625880,350102977493890,Gujarat_BTS_006,404-45-833-666,Gujarat
CDR202600028175,2025-12-11,05:56:35,+917922887753,+916338779833,VOICE,25,404526690666893,354951646299800,WestBengal_BTS_003,404-45-258-948,West Bengal
CDR202600028180,2025-04-13,09:57:45,+918193199750,+919450520903,VOICE,136,404422089614356,354281342559296,Karnataka_BTS_006,404-45-669-678,Karnataka
CDR202600028213,2025-09-18,02:32:33,+918847418384,+919604448336,VOICE,424,404325795206872,356963994159546,TamilNadu_BTS_003,404-45-169-692,Tamil Nadu
CDR202600028218,2025-07-12,02:41:20,+918483233949,+917806464417,VOICE,350,404480330480521,356584661524566,WestBengal_BTS_005,404-45-901-954,West Bengal
CDR202600028316,2025-04-18,13:31:56,+916530266675,+916187949263,VOICE,47,404685904134724,350170451092738,Rajasthan_BTS_003,404-45-924-324,Rajasthan
CDR202600028327,2025-08-24,13:14:43,+916885243807,+917984465285,VOICE,619,404560008590919,354769640808892,Maharashtra_BTS_003,404-45-665-301,Maharashtra
CDR202600028340,2025-03-18,04:23:50,+918160820437,+916498514408,VOICE,193,404777336164652,353002529142391,Mumbai_BTS_005,404-45-626-244,Mumbai
CDR202600028363,2025-07-25,23:24:37,+919920286616,+919692520668,VOICE,54,404334067496118,352595996466851,UttarPradesh_BTS_005,404-45-478-292,Uttar Pradesh
CDR202600028395,2025-11-15,20:01:29,+916320978567,+918089680366,VOICE,100,404677225297095,354444271585769,UttarPradesh_BTS_006,404-45-726-827,Uttar Pradesh
CDR202600028432,2025-06-02,23:43:01,+916323599598,+916397337096,VOICE,44,404981882774590,356051644861259,UttarPradesh_BTS_015,404-45-658-037,Uttar Pradesh
CDR202600028447,2025-12-18,21:07:32,+917947077688,+918143515684,MISSED,0,404415194838866,356811740097738,Rajasthan_BTS_013,404-45-887-657,Rajasthan
CDR202600028473,2025-05-05,10:05:32,+919960863388,+919539055439,VOICE,49,404675108051541,354429738565050,Gujarat_BTS_007,404-45-703-285,Gujarat
CDR202600028486,2025-07-19,19:12:18,+917221606897,+918688259248,VOICE,82,404148061648631,357336098013521,Delhi_BTS_004,404-45-652-774,Delhi
CDR202600028487,2025-10-10,11:31:18,+916924065040,+919067451230,VOICE,269,404729867495719,355045879589969,Rajasthan_BTS_003,404-45-924-324,Rajasthan
CDR202600028496,2025-11-19,23:51:55,+918891832608,+916791902612,VOICE,8,404134652979588,352845309773784,Maharashtra_BTS_001,404-45-881-345,Maharashtra
CDR202600028504,2025-01-07,19:16:33,+916806718402,+916807387424,VOICE,361,404519295498411,351421775718885,WestBengal_BTS_007,404-45-491-894,West Bengal
CDR202600028563,2025-03-28,03:22:26,+917017264044,+916095157409,VOICE,128,404695106544354,350452444595631,Rajasthan_BTS_004,404-45-835-323,Rajasthan
CDR202600028610,2025-05-05,09:37:10,+919956147272,+919279402832,VOICE,129,404750729531744,351991337979179,Rajasthan_BTS_014,404-45-839-897,Rajasthan
CDR202600028625,2025-02-20,02:18:28,+919761743248,+917765785944,MISSED,0,404187973034027,358668876741712,Gujarat_BTS_002,404-45-854-105,Gujarat
CDR202600028629,2025-11-08,21:38:09,+917691247999,+916558226485,VOICE,20,404424539989228,351596209600217,Maharashtra_BTS_002,404-45-199-368,Maharashtra
CDR202600028637,2025-12-18,08:52:31,+919750518334,+918805401617,VOICE,241,404680770705936,356028474473915,UttarPradesh_BTS_011,404-45-194-650,Uttar Pradesh
CDR202600028647,2025-01-18,13:30:00,+916267473352,+917967111294,VOICE,89,404357303853692,358761397758769,Karnataka_BTS_005,404-45-371-949,Karnataka
CDR202600028648,2025-11-06,17:06:35,+918357334243,+919222498490,VOICE,128,404430486556384,353829551928360,UttarPradesh_BTS_009,404-45-378-289,Uttar Pradesh
CDR202600028649,2025-12-18,08:14:23,+917145904181,+917792268148,VOICE,92,404344789717454,350784042724474,Mumbai_BTS_006,404-45-785-498,Mumbai
CDR202600028687,2025-03-27,08:07:35,+917960840846,+916382761185,VOICE,85,404811124311382,357428179000302,Mumbai_BTS_001,404-45-446-022,Mumbai
CDR202600028690,2025-05-02,14:44:58,+916113148304,+919454030208,VOICE,191,404630342360375,355106872697450,WestBengal_BTS_001,404-45-230-043,West Bengal
CDR202600028699,2025-02-17,15:16:11,+919950184220,+916226722085,VOICE,44,404716891703797,351215382793596,WestBengal_BTS_001,404-45-915-996,West Bengal
CDR202600028713,2025-08-10,13:31:25,+916662607238,+917865754558,VOICE,58,404142071026873,359439335587165,Karnataka_BTS_004,404-45-985-411,Karnataka
CDR202600028727,2025-11-09,22:52:18,+917946672758,+916714343605,VOICE,24,404788202702595,358935572790234,UttarPradesh_BTS_010,404-45-308-704,Uttar Pradesh
CDR202600028767,2025-11-18,17:07:42,+918525316732,+919988690767,VOICE,132,404195458005302,355896104549086,Karnataka_BTS_005,404-45-371-949,Karnataka
CDR202600028771,2025-06-06,05:54:17,+919828369317,+918143832328,SMS,0,404209807041905,356698355620429,Delhi_BTS_005,404-45-830-320,Delhi
CDR202600028775,2025-10-16,08:38:16,+919985306500,+919487428214,VOICE,201,404896104187648,359026709068948,Karnataka_BTS_006,404-45-848-803,Karnataka
CDR202600028820,2025-08-14,06:44:32,+919842034998,+919844151253,VOICE,194,404927883896456,356270088828478,Rajasthan_BTS_019,404-45-414-246,Rajasthan
CDR202600028827,2025-05-04,16:13:16,+918802149671,+919755599140,VOICE,121,404816215689342,351181413715292,Delhi_BTS_002,404-45-884-129,Delhi
CDR202600028840,2025-10-07,06:44:09,+918905398864,+919709287469,VOICE,427,404663690197416,350971565514607,Karnataka_BTS_003,404-45-597-493,Karnataka
CDR202600028844,2025-03-23,06:29:44,+916428106759,+917581547269,SMS,0,404627310626496,359732217181666,WestBengal_BTS_009,404-45-571-359,West Bengal
CDR202600028872,2025-04-17,21:09:52,+916744812150,+916882713712,VOICE,78,404108257278911,350094420111933,Maharashtra_BTS_003,404-45-649-128,Maharashtra
CDR202600028895,2025-07-03,19:11:10,+918690927876,+917500605037,VOICE,171,404640423423885,358416554337947,WestBengal_BTS_005,404-45-521-822,West Bengal
CDR202600028903,2025-04-07,02:07:42,+918240745267,+916644086226,VOICE,155,404274710604849,355007224802824,TamilNadu_BTS_004,404-45-683-253,Tamil Nadu
CDR202600028905,2025-08-05,11:36:20,+917568309736,+916792758063,VOICE,15,404571466438985,351807421919841,UttarPradesh_BTS_013,404-45-552-565,Uttar Pradesh
CDR202600028941,2025-06-17,19:41:05,+919595906001,+917282202555,SMS,0,404421389569050,355773905276822,Mumbai_BTS_011,404-45-287-286,Mumbai
CDR202600028981,2025-02-28,13:11:47,+919326665043,+917970169332,SMS,0,404023156221920,357316736382837,Maharashtra_BTS_003,404-45-665-301,Maharashtra
CDR202600028993,2025-09-02,20:04:55,+917744360064,+917915507673,VOICE,717,404009175258690,352818688184978,UttarPradesh_BTS_003,404-45-736-577,Uttar Pradesh
CDR202600029041,2025-10-01,11:49:02,+919176322384,+916914219631,VOICE,176,404304379950538,351402962557986,Maharashtra_BTS_003,404-45-649-128,Maharashtra
CDR202600029055,2025-03-31,14:42:39,+919319867965,+917254669580,SMS,0,404733351692695,357262655101335,Mumbai_BTS_010,404-45-296-195,Mumbai
CDR202600029068,2025-05-11,08:51:32,+917790056636,+916858578040,VOICE,212,404234553874690,359037807415142,Rajasthan_BTS_007,404-45-470-225,Rajasthan
CDR202600029071,2025-08-02,04:18:46,+918335471524,+916028073851,VOICE,89,404943595860397,350947287373773,Mumbai_BTS_008,404-45-462-434,Mumbai
CDR202600029091,2025-09-03,11:18:44,+919714716749,+916983480372,VOICE,158,404251363074611,357579241740146,UttarPradesh_BTS_005,404-45-261-449,Uttar Pradesh
CDR202600029106,2025-04-17,17:14:58,+917369635659,+917001870786,VOICE,34,404151034425219,358226395957063,TamilNadu_BTS_004,404-45-683-253,Tamil Nadu
CDR202600029112,2025-04-22,18:07:18,+917169862157,+919285621806,VOICE,35,404812450122558,356325755196613,UttarPradesh_BTS_006,404-45-726-827,Uttar Pradesh
CDR202600029131,2025-05-23,12:35:23,+917933350510,+919663933582,VOICE,320,404676170832880,356890783418201,Delhi_BTS_002,404-45-878-546,Delhi
CDR202600029135,2025-03-03,18:38:48,+919667917018,+916768200913,VOICE,71,404725525204845,358966080330844,Mumbai_BTS_010,404-45-296-195,Mumbai
CDR202600029154,2025-11-24,11:14:21,+916858960592,+919406389395,VOICE,144,404924243620528,350272287138525,Rajasthan_BTS_008,404-45-981-113,Rajasthan
CDR202600029195,2025-08-20,00:04:32,+917139435997,+919616980510,MISSED,0,404775867779992,353641324305350,Maharashtra_BTS_004,404-45-821-072,Maharashtra
CDR202600029200,2025-01-30,06:35:16,+917086606385,+919468246927,VOICE,17,404656889035085,351455009495743,Mumbai_BTS_010,404-45-211-255,Mumbai
CDR202600029217,2025-12-21,19:09:43,+919303389988,+917888481428,VOICE,61,404960859514954,350692230631326,UttarPradesh_BTS_007,404-45-999-138,Uttar Pradesh
CDR202600029250,2025-12-13,01:18:59,+918431994101,+917245082128,VOICE,102,404964852820220,357227074076315,Gujarat_BTS_003,404-45-704-433,Gujarat
CDR202600029267,2025-03-12,11:25:06,+917944250166,+917126365590,VOICE,51,404843385427228,358324847830987,TamilNadu_BTS_006,404-45-773-598,Tamil Nadu
CDR202600029278,2025-01-28,04:27:22,+917139926208,+919168323830,VOICE,72,404048837939116,357206384478330,TamilNadu_BTS_003,404-45-169-692,Tamil Nadu
CDR202600029308,2025-04-06,14:56:31,+918883222397,+919708353465,VOICE,73,404602791659536,359488364481732,Delhi_BTS_006,404-45-223-254,Delhi
CDR202600029337,2025-05-10,08:59:01,+918231968944,+917130471845,VOICE,18,404863777640565,356375650168662,Rajasthan_BTS_008,404-45-981-113,Rajasthan
CDR202600029351,2025-07-14,07:18:32,+918658348252,+916268821410,VOICE,57,404429478738167,355595521195522,Delhi_BTS_005,404-45-508-688,Delhi
CDR202600029362,2025-08-19,07:07:33,+916879181970,+918338229837,VOICE,6,404936523529705,357676108487553,Rajasthan_BTS_007,404-45-241-522,Rajasthan
CDR202600029391,2025-01-25,23:19:35,+918707498242,+916424170400,VOICE,136,404424071853869,358972338624894,Mumbai_BTS_009,404-45-162-413,Mumbai
CDR202600029399,2025-12-15,22:07:44,+916566410702,+917995290724,VOICE,63,404832790840193,358074749382953,Rajasthan_BTS_017,404-45-880-166,Rajasthan
CDR202600029403,2025-09-13,11:45:03,+917024544717,+918417612095,SMS,0,404787712168763,351323383247574,WestBengal_BTS_001,404-45-415-374,West Bengal
CDR202600029406,2025-07-06,13:51:37,+916246610038,+919995420225,VOICE,111,404743399465299,354134062601246,Gujarat_BTS_002,404-45-328-143,Gujarat
CDR202600029420,2025-10-22,02:13:33,+918312593022,+916092061392,VOICE,73,404561275068895,359765479470191,Karnataka_BTS_004,404-45-985-411,Karnataka
CDR202600029421,2025-05-20,03:49:38,+917971711444,+918954038504,MISSED,0,404173075963333,351003949887124,Mumbai_BTS_005,404-45-626-244,Mumbai
CDR202600029426,2025-03-17,15:23:23,+917119546171,+919548918958,VOICE,31,404723489245241,357478003763166,Maharashtra_BTS_009,404-45-350-168,Maharashtra
CDR202600029428,2025-03-31,18:17:27,+918335488952,+919987672814,VOICE,7,404482476454619,354741739740585,UttarPradesh_BTS_001,404-45-371-406,Uttar Pradesh
CDR202600029448,2025-07-03,03:19:19,+916803693943,+918030228566,VOICE,26,404942338437775,354421822762447,Rajasthan_BTS_010,404-45-641-258,Rajasthan
CDR202600029504,2025-07-23,01:19:12,+919798500447,+917026149618,VOICE,1,404330205956806,354484315522350,UttarPradesh_BTS_014,404-45-214-078,Uttar Pradesh
CDR202600029513,2025-05-17,10:55:07,+919271913932,+917433422977,VOICE,118,404944263260051,355575693999191,Delhi_BTS_005,404-45-830-320,Delhi
CDR202600029519,2025-03-23,03:43:32,+916118944453,+916207044235,MISSED,0,404410342769352,357336022639552,UttarPradesh_BTS_002,404-45-174-010,Uttar Pradesh
CDR202600029534,2025-04-08,23:46:46,+918904179965,+917024759031,VOICE,26,404068179415673,358310895976384,TamilNadu_BTS_006,404-45-678-536,Tamil Nadu
CDR202600029570,2025-08-13,11:13:50,+918438901003,+918599065943,SMS,0,404300837083033,353626590330348,Maharashtra_BTS_005,404-45-891-297,Maharashtra
CDR202600029584,2025-02-09,18:49:05,+919345231893,+916067585373,VOICE,38,404841123582734,357477266962404,Delhi_BTS_005,404-45-508-688,Delhi
CDR202600029587,2025-04-19,17:50:27,+917614987495,+917913725296,VOICE,11,404370432784002,359228078301907,UttarPradesh_BTS_008,404-45-860-567,Uttar Pradesh
CDR202600029589,2025-05-02,22:45:57,+917139435997,+919165405307,MISSED,0,404775867779992,353641324305350,Mumbai_BTS_011,404-45-995-946,Mumbai
CDR202600029605,2025-03-03,17:48:35,+919382393873,+916459486932,VOICE,181,404770906715531,356790527106990,WestBengal_BTS_009,404-45-304-837,West Bengal
CDR202600029614,2025-02-21,03:19:10,+917027863776,+919548918958,VOICE,90,404939533408018,351432025546392,TamilNadu_BTS_001,404-45-158-052,Tamil Nadu
CDR202600029633,2025-06-29,19:11:29,+918276932638,+916953509233,VOICE,275,404565132639743,356661430457993,UttarPradesh_BTS_012,404-45-233-653,Uttar Pradesh
CDR202600029636,2025-03-09,16:07:36,+919506654797,+918761259355,VOICE,93,404965229904744,355662056328986,Delhi_BTS_003,404-45-371-541,Delhi
CDR202600029646,2025-06-26,16:28:09,+916950821627,+919726146663,VOICE,56,404097626580031,356539038731726,UttarPradesh_BTS_003,404-45-202-076,Uttar Pradesh
CDR202600029647,2025-08-09,23:02:53,+919102605302,+919400214959,VOICE,75,404964610923842,351055721204627,WestBengal_BTS_003,404-45-258-948,West Bengal
CDR202600029665,2025-11-10,21:38:19,+918160543442,+917922861612,SMS,0,404943515003843,354513041733219,Rajasthan_BTS_015,404-45-208-892,Rajasthan
CDR202600029708,2025-12-16,02:12:28,+916304446754,+919039001696,VOICE,77,404692512715125,359245945865263,Mumbai_BTS_008,404-45-520-479,Mumbai
CDR202600029709,2025-05-12,14:27:43,+919325366085,+916306053410,SMS,0,404507976539953,359659953668973,WestBengal_BTS_002,404-45-355-683,West Bengal
CDR202600029720,2025-06-20,23:05:43,+919038361051,+916967129073,VOICE,81,404115973524821,357820563301934,WestBengal_BTS_005,404-45-521-822,West Bengal
CDR202600029731,2025-10-01,21:21:09,+917276113925,+919566359010,VOICE,92,404037070767765,352215311402760,UttarPradesh_BTS_010,404-45-749-874,Uttar Pradesh
CDR202600029743,2025-07-21,03:23:35,+916959472352,+918454054783,VOICE,122,404806338081825,359783471910716,Karnataka_BTS_007,404-45-294-304,Karnataka
CDR202600029748,2025-04-20,21:52:40,+917887149781,+919595906001,VOICE,187,404154318612967,358782959514269,Mumbai_BTS_006,404-45-785-498,Mumbai
CDR202600029761,2025-11-03,05:16:13,+918705621158,+916348509114,VOICE,10,404824520758983,350623404998400,Maharashtra_BTS_005,404-45-891-297,Maharashtra
CDR202600029764,2025-01-12,00:21:56,+916720582936,+919163474807,MISSED,0,404245556217118,353140537561877,Maharashtra_BTS_006,404-45-987-104,Maharashtra
CDR202600029774,2025-02-13,13:38:23,+917313561574,+918540321517,VOICE,90,404909621117313,353132366861553,Rajasthan_BTS_014,404-45-839-897,Rajasthan
CDR202600029777,2025-12-14,06:45:57,+918450369283,+916170086772,VOICE,136,404214612350692,355868019187218,Maharashtra_BTS_004,404-45-821-072,Maharashtra
CDR202600029797,2025-01-01,11:38:29,+916662607238,+916555736210,VOICE,203,404142071026873,359439335587165,Karnataka_BTS_001,404-45-767-554,Karnataka
CDR202600029809,2025-06-12,11:02:42,+918159558655,+918937701015,SMS,0,404716410438414,354026512552398,Mumbai_BTS_011,404-45-573-256,Mumbai
CDR202600029813,2025-01-28,20:37:06,+916113148304,+919397945494,SMS,0,404630342360375,355106872697450,Karnataka_BTS_006,404-45-669-678,Karnataka
CDR202600029821,2025-12-20,01:43:53,+916407278134,+918138678910,VOICE,11,404458862139353,356881054268331,TamilNadu_BTS_006,404-45-773-598,Tamil Nadu
CDR202600029827,2025-12-09,04:00:31,+916451479387,+917205549829,VOICE,392,404821933206177,354498648404526,UttarPradesh_BTS_003,404-45-618-272,Uttar Pradesh
CDR202600029831,2025-11-01,10:01:14,+917369379885,+916157919064,VOICE,152,404267751544975,359731845140943,WestBengal_BTS_003,404-45-266-820,West Bengal
CDR202600029845,2025-10-01,01:35:02,+917789224735,+919390373823,VOICE,65,404036696620777,357336902307662,UttarPradesh_BTS_008,404-45-860-567,Uttar Pradesh
CDR202600029864,2025-11-14,06:10:28,+919380843774,+916391671682,VOICE,24,404279908487468,356360438365182,WestBengal_BTS_001,404-45-230-043,West Bengal
CDR202600029868,2025-04-25,02:32:03,+919284154573,+919459673734,VOICE,50,404955057422826,359984631747817,Gujarat_BTS_008,404-45-814-433,Gujarat
CDR202600029883,2025-10-27,13:34:54,+918172248106,+918335471524,VOICE,176,404366690173621,358442071295136,Rajasthan_BTS_018,404-45-713-332,Rajasthan
CDR202600029909,2025-03-25,09:51:34,+917088983646,+918485572124,VOICE,366,404159791250929,356540747096145,Rajasthan_BTS_001,404-45-376-948,Rajasthan
CDR202600029926,2025-04-06,11:06:19,+919328706960,+916249408728,VOICE,54,404089528908452,357126932543988,WestBengal_BTS_006,404-45-906-719,West Bengal
CDR202600029938,2025-01-01,20:00:16,+918365467938,+917207085533,VOICE,67,404977390792541,352744075589655,Rajasthan_BTS_019,404-45-951-827,Rajasthan
CDR202600029951,2025-10-23,04:37:57,+917058836215,+918428693441,VOICE,64,404082056057784,358981300838318,TamilNadu_BTS_006,404-45-678-536,Tamil Nadu
CDR202600029953,2025-08-04,23:51:36,+917060391103,+918705621158,SMS,0,404897945432030,357968905009303,WestBengal_BTS_002,404-45-355-683,West Bengal
CDR202600029959,2025-06-01,05:43:58,+917371519719,+919057021788,VOICE,474,404134004227625,357049269181579,Delhi_BTS_002,404-45-884-129,Delhi
CDR202600029977,2025-02-11,09:03:37,+916113148304,+918532509126,SMS,0,404630342360375,355106872697450,Rajasthan_BTS_013,404-45-887-657,Rajasthan
CDR202600030008,2025-11-10,17:12:24,+918698141236,+919423224659,VOICE,187,404610409734747,359105448805270,Maharashtra_BTS_005,404-45-891-297,Maharashtra
CDR202600030031,2025-01-06,14:36:46,+916095157409,+916883177162,VOICE,52,404007975713665,359795511387166,Rajasthan_BTS_004,404-45-835-323,Rajasthan
CDR202600030037,2025-03-01,02:29:08,+919924325643,+917346187234,MISSED,0,404493762679032,357987171750787,UttarPradesh_BTS_011,404-45-533-850,Uttar Pradesh
CDR202600030062,2025-04-24,16:39:51,+916927808946,+916938174319,VOICE,83,404888864496550,357401729368132,Mumbai_BTS_006,404-45-785-498,Mumbai
CDR202600030078,2025-06-22,13:48:58,+917037154208,+916953509233,VOICE,197,404715107373911,356309695850866,UttarPradesh_BTS_010,404-45-749-874,Uttar Pradesh
CDR202600030080,2025-12-05,00:25:42,+919579472936,+919932154161,VOICE,125,404460956309400,353170458654303,UttarPradesh_BTS_013,404-45-265-760,Uttar Pradesh
CDR202600030093,2025-10-03,08:29:19,+916983699346,+917506145552,VOICE,22,404622798947285,359512766727633,Karnataka_BTS_007,404-45-322-992,Karnataka
CDR202600030107,2025-11-16,01:04:25,+917096586377,+917970852104,VOICE,65,404039471892372,359332799805855,Rajasthan_BTS_009,404-45-742-164,Rajasthan
CDR202600030130,2025-07-25,03:13:39,+919296168334,+916075420676,VOICE,133,404234606493214,351460065262822,WestBengal_BTS_009,404-45-571-359,West Bengal
CDR202600030160,2025-08-28,11:49:45,+919088055826,+917259833994,VOICE,205,404504183984167,358908123434577,UttarPradesh_BTS_013,404-45-822-438,Uttar Pradesh
CDR202600030166,2025-03-10,17:47:42,+919303089176,+918147651676,VOICE,245,404328360732628,356269143015192,WestBengal_BTS_005,404-45-901-954,West Bengal
CDR202600030183,2025-04-25,14:25:19,+919936353016,+919285621806,VOICE,51,404536494384503,351289929196392,Delhi_BTS_003,404-45-533-988,Delhi
CDR202600030220,2025-04-17,22:01:27,+916716145567,917410353518,VOICE,123,404892025850861,351677749900463,WestBengal_BTS_009,404-45-571-359,West Bengal
CDR202600030224,2025-07-29,20:31:13,+918937701015,+918207197187,SMS,0,404962427989350,353095178874145,Karnataka_BTS_005,404-45-371-949,Karnataka
CDR202600030225,2025-04-01,16:49:07,+916938174319,+917241717976,VOICE,242,404969369185189,352649854359926,UttarPradesh_BTS_013,404-45-265-760,Uttar Pradesh
CDR202600030253,2025-04-22,09:00:07,+919905948889,+917187868573,VOICE,2,404967926232324,359811576706903,TamilNadu_BTS_006,404-45-678-536,Tamil Nadu
CDR202600030254,2025-11-04,13:01:53,+916803693943,+919700357805,VOICE,42,404942338437775,354421822762447,Rajasthan_BTS_019,404-45-119-115,Rajasthan
CDR202600030262,2025-04-16,14:18:55,+917433422977,+918284610655,VOICE,164,404824972666194,350643031565003,Maharashtra_BTS_007,404-45-473-167,Maharashtra
CDR202600030272,2025-01-21,21:38:05,+917581547269,+918810675068,MISSED,0,404494858458989,355469038469204,WestBengal_BTS_001,404-45-415-374,West Bengal
CDR202600030273,2025-01-25,19:51:53,+918100870923,+917218983467,VOICE,86,404073919830652,352693542533834,Rajasthan_BTS_006,404-45-242-253,Rajasthan
CDR202600030279,2025-11-26,12:16:52,+919514705651,+918251090062,VOICE,362,404503335139441,354307937429951,UttarPradesh_BTS_013,404-45-552-565,Uttar Pradesh
CDR202600030286,2025-12-14,20:14:51,+919106020082,+916858960592,VOICE,188,404540096544578,350885730167480,Mumbai_BTS_010,404-45-211-255,Mumbai
CDR202600030310,2025-03-18,21:12:12,+916803693943,+916004265664,VOICE,277,404942338437775,354421822762447,Delhi_BTS_006,404-45-629-463,Delhi
CDR202600030311,2025-11-30,07:41:13,+917173526045,+916055344520,VOICE,251,404260239063110,354702425585516,UttarPradesh_BTS_013,404-45-552-565,Uttar Pradesh
CDR202600030312,2025-07-05,07:16:52,+916885243807,+917254669580,VOICE,287,404560008590919,354769640808892,Rajasthan_BTS_017,404-45-897-945,Rajasthan
CDR202600030346,2025-08-20,21:07:50,+916230066459,+919256264316,VOICE,68,404322467785646,351649375300746,Mumbai_BTS_003,404-45-334-070,Mumbai
CDR202600030418,2025-12-04,01:21:57,+918009143746,+917648814668,VOICE,54,404089842897352,352830659986770,Mumbai_BTS_006,404-45-785-498,Mumbai
CDR202600030419,2025-11-22,14:02:19,+919244570649,+919326665043,SMS,0,404615984916354,353045050701565,TamilNadu_BTS_001,404-45-614-942,Tamil Nadu
CDR202600030431,2025-10-02,08:15:06,+917637396266,+919101709809,SMS,0,404879767187187,354307092927638,Rajasthan_BTS_017,404-45-880-166,Rajasthan
CDR202600030456,2025-08-08,23:43:39,+916306053410,+919105708614,SMS,0,404518670939366,350739963840208,Mumbai_BTS_011,404-45-243-433,Mumbai
CDR202600030465,2025-03-22,06:00:56,+918686641879,+918231513642,VOICE,187,404070022308960,358087456821154,TamilNadu_BTS_003,404-45-170-610,Tamil Nadu
CDR202600030480,2025-04-26,06:23:49,+919148133464,+918386857947,VOICE,36,404020485035843,353934363930766,UttarPradesh_BTS_007,404-45-999-138,Uttar Pradesh
CDR202600030485,2025-04-20,08:43:55,+916953509233,+918604903352,VOICE,158,404641640069520,357968719284652,TamilNadu_BTS_001,404-45-614-942,Tamil Nadu
CDR202600030486,2025-12-22,21:40:13,+919067779599,+917052250515,VOICE,113,404697454302893,356298277140661,Delhi_BTS_002,404-45-935-071,Delhi
CDR202600030493,2025-04-09,09:30:18,+919906473162,+918118211392,VOICE,135,404016426832372,353441585244414,Mumbai_BTS_003,404-45-334-070,Mumbai
CDR202600030504,2025-03-13,06:22:06,+917720851262,+916807387424,VOICE,213,404903977196523,354155971847944,Maharashtra_BTS_002,404-45-718-271,Maharashtra
CDR202600030506,2025-05-20,00:42:10,+917042748775,+919372873392,VOICE,42,404253609548051,358875049679613,UttarPradesh_BTS_001,404-45-234-688,Uttar Pradesh
CDR202600030518,2025-03-04,00:02:37,+919938718030,+918883030312,VOICE,100,404165699933583,352185314190935,Maharashtra_BTS_005,404-45-891-297,Maharashtra
CDR202600030530,2025-05-27,07:24:33,+919849369077,+918680112037,VOICE,237,404772669015794,350083558107642,UttarPradesh_BTS_003,404-45-202-076,Uttar Pradesh
CDR202600030540,2025-07-07,01:08:51,+917259833994,+918032282590,VOICE,27,404306363934535,353753978039457,Rajasthan_BTS_012,404-45-798-907,Rajasthan
CDR202600030542,2025-01-21,07:41:25,+916772554499,+918133493776,SMS,0,404765179251073,352442030848191,Karnataka_BTS_008,404-45-693-754,Karnataka
CDR202600030547,2025-10-18,22:29:13,+917433422977,+919063395410,VOICE,26,404824972666194,350643031565003,TamilNadu_BTS_006,404-45-678-536,Tamil Nadu
CDR202600030568,2025-05-29,22:55:24,+918873476503,+918573708211,VOICE,12,404845214192969,356175642347742,Mumbai_BTS_007,404-45-516-195,Mumbai
CDR202600030592,2025-06-27,03:51:44,+917195063719,+918209668727,VOICE,223,404484235493315,359476818327907,TamilNadu_BTS_003,404-45-170-610,Tamil Nadu
CDR202600030603,2025-10-02,18:00:44,+916794917483,+916653181892,SMS,0,404735251573840,353685769707516,Gujarat_BTS_006,404-45-833-666,Gujarat
CDR202600030607,2025-02-27,11:02:45,+918942896065,+917535605293,VOICE,55,404156358471538,355894969127860,Rajasthan_BTS_004,404-45-835-323,Rajasthan
CDR202600030609,2025-08-20,20:41:05,+919289084205,+918417612095,VOICE,83,404238776374155,356208031610812,Mumbai_BTS_007,404-45-516-195,Mumbai
CDR202600030634,2025-06-25,09:16:07,+918022731031,+919260394257,VOICE,101,404839398605771,352777173290326,Delhi_BTS_006,404-45-223-254,Delhi
CDR202600030636,2025-01-18,12:49:56,+918021596758,+918638904475,VOICE,151,404646485061669,353237111958741,Mumbai_BTS_003,404-45-334-070,Mumbai
CDR202600030644,2025-09-18,16:22:31,+918973195156,+918328302053,VOICE,2,404999689122226,351380920003013,Mumbai_BTS_008,404-45-155-690,Mumbai
CDR202600030653,2025-04-09,12:28:01,+917384172407,+916619262865,MISSED,0,404132544681299,358706347878406,Rajasthan_BTS_018,404-45-713-332,Rajasthan
CDR202600030670,2025-02-13,12:31:51,+918126125284,+919012273494,SMS,0,404468693668106,354816381568875,Mumbai_BTS_010,404-45-211-255,Mumbai
CDR202600030671,2025-09-25,06:34:03,+916791902612,+919089404735,VOICE,104,404187542153932,357741164304432,Rajasthan_BTS_005,404-45-771-512,Rajasthan
CDR202600030673,2025-09-01,07:26:34,+918741500918,+916015450890,VOICE,70,404248219280678,351978443987371,Maharashtra_BTS_005,404-45-181-876,Maharashtra
CDR202600030675,2025-06-14,15:44:11,+919692520668,+917601703648,VOICE,104,404882435005203,353376505299245,Rajasthan_BTS_010,404-45-494-391,Rajasthan
CDR202600030682,2025-11-20,03:39:31,+919376485855,+916788994233,VOICE,128,404565806038870,350490320845893,Mumbai_BTS_010,404-45-211-255,Mumbai
CDR202600030696,2025-11-23,23:41:24,+919711154236,+919228277809,MISSED,0,404782044011502,350199432259191,UttarPradesh_BTS_006,404-45-726-827,Uttar Pradesh
CDR202600030697,2025-04-01,03:11:14,+918940237490,+916846943785,VOICE,269,404884974809132,359120968456605,Maharashtra_BTS_003,404-45-665-301,Maharashtra
CDR202600030704,2025-05-13,01:46:37,+917548247161,+917900254663,VOICE,212,404247608857553,355170009288314,Rajasthan_BTS_017,404-45-897-945,Rajasthan
CDR202600030726,2025-08-09,13:37:26,+919082972474,+919737078087,VOICE,24,404826376186303,356245040691098,Rajasthan_BTS_019,404-45-951-827,Rajasthan
CDR202600030745,2025-06-06,03:50:06,+918928049188,+916250502536,VOICE,222,404687246289304,350379900915480,Rajasthan_BTS_004,404-45-316-936,Rajasthan
CDR202600030766,2025-05-16,20:11:18,+917542725592,+919377120878,MISSED,0,404517566966788,356003169724335,Gujarat_BTS_001,404-45-859-282,Gujarat
CDR202600030777,2025-11-18,12:31:11,+916861162202,+919393824493,VOICE,45,404969721934546,351218164653593,UttarPradesh_BTS_011,404-45-194-650,Uttar Pradesh
CDR202600030794,2025-04-09,17:11:12,+917740841180,+919338547439,MISSED,0,404982658525554,359574687676495,UttarPradesh_BTS_007,404-45-370-119,Uttar Pradesh
CDR202600030865,2025-09-29,09:41:35,+916405988974,+917143289283,SMS,0,404989630331467,358168268366441,Rajasthan_BTS_015,404-45-208-892,Rajasthan
CDR202600030885,2025-05-06,06:06:06,+918836898925,+919740447129,SMS,0,404481475883798,357911133052360,Maharashtra_BTS_005,404-45-891-297,Maharashtra
CDR202600030887,2025-01-14,23:45:05,+918395233382,+917970852104,VOICE,73,404491769674929,359131733047542,Rajasthan_BTS_015,404-45-282-520,Rajasthan
CDR202600030889,2025-11-09,13:31:06,+918936746316,+917765785944,VOICE,2,404939446694477,359610715737622,Delhi_BTS_002,404-45-935-071,Delhi
CDR202600030890,2025-12-30,19:14:42,+918335471524,+917313633842,VOICE,133,404943595860397,350947287373773,UttarPradesh_BTS_007,404-45-779-107,Uttar Pradesh
CDR202600030898,2025-08-22,03:39:43,+919321231186,+918365467938,VOICE,48,404492039491288,358776286990404,Rajasthan_BTS_007,404-45-470-225,Rajasthan
CDR202600030911,2025-10-25,20:56:04,+917345913698,+917847548568,VOICE,73,404710866105603,355030054609703,Rajasthan_BTS_015,404-45-208-892,Rajasthan
CDR202600030920,2025-11-08,13:56:23,+919145956395,+919531565815,VOICE,96,404249570920417,352649016950664,Rajasthan_BTS_002,404-45-334-842,Rajasthan
CDR202600030983,2025-05-04,23:32:11,+917954002577,+919409713050,VOICE,150,404964556701844,354843136514363,Karnataka_BTS_006,404-45-813-981,Karnataka
CDR202600030988,2025-06-30,12:05:21,+917927120113,+917895319354,VOICE,88,404041315832975,351187102658721,Maharashtra_BTS_007,404-45-750-855,Maharashtra
CDR202600031037,2025-02-13,00:37:37,+918188516903,+919813768711,VOICE,148,404562649024864,350592517971480,Gujarat_BTS_007,404-45-325-460,Gujarat
CDR202600031043,2025-07-26,12:38:54,+919067451230,+919685723915,VOICE,64,404250588923133,351958332645405,Mumbai_BTS_011,404-45-287-286,Mumbai
CDR202600031052,2025-03-06,07:13:32,+918886151686,+919987542852,VOICE,154,404838733857404,359310261797685,Rajasthan_BTS_006,404-45-242-253,Rajasthan
CDR202600031077,2025-04-23,01:46:02,+919103703768,+918022471766,VOICE,92,404812385422800,357123722331445,WestBengal_BTS_004,404-45-283-755,West Bengal
CDR202600031089,2025-03-12,19:46:24,+917774762561,+916655642600,VOICE,448,404878507410490,353061633600581,WestBengal_BTS_005,404-45-785-885,West Bengal
CDR202600031102,2025-02-27,08:19:21,+917559448875,+919364363345,SMS,0,404826437703400,352061345697566,Rajasthan_BTS_007,404-45-241-522,Rajasthan
CDR202600031133,2025-08-28,17:00:44,+919023686537,+916793257571,VOICE,20,404864662494618,353734632570015,TamilNadu_BTS_005,404-45-734-084,Tamil Nadu
CDR202600031139,2025-04-13,00:46:35,+918061597471,+919049670765,VOICE,92,404775815968063,357681365599503,Gujarat_BTS_002,404-45-328-143,Gujarat
CDR202600031147,2025-11-03,12:24:57,+919833211689,+917375204266,VOICE,23,404755456591209,353819504222520,Rajasthan_BTS_013,404-45-887-657,Rajasthan
CDR202600031175,2025-10-15,18:56:17,+918074967121,+916222431128,VOICE,38,404692268343585,352582394220485,Maharashtra_BTS_001,404-45-881-345,Maharashtra
CDR202600031211,2025-08-23,20:13:49,+917635392334,+918580479082,VOICE,23,404053027210892,357041146989574,UttarPradesh_BTS_006,404-45-108-684,Uttar Pradesh
CDR202600031219,2025-02-06,15:07:47,+918751136354,+919479970582,SMS,0,404955494298380,358493104613870,Karnataka_BTS_004,404-45-160-169,Karnataka
CDR202600031225,2025-05-11,01:42:12,+919938718030,+917146185475,VOICE,158,404165699933583,352185314190935,Karnataka_BTS_007,404-45-294-304,Karnataka
CDR202600031281,2025-07-15,21:30:02,+918620157220,+917594789568,VOICE,88,404090012245319,353660739357435,Mumbai_BTS_002,404-45-107-073,Mumbai
CDR202600031286,2025-05-23,07:32:03,+918845391323,+916059822778,VOICE,34,404127083355935,356904855075656,Delhi_BTS_006,404-45-223-254,Delhi
CDR202600031308,2025-08-25,12:42:46,+918319944674,+918833608117,SMS,0,404806274449316,353720449121324,TamilNadu_BTS_001,404-45-614-942,Tamil Nadu
CDR202600031317,2025-10-14,11:17:50,+916889163629,+917821536759,VOICE,105,404232429533485,352478929717171,Rajasthan_BTS_012,404-45-798-907,Rajasthan
CDR202600031321,2025-07-05,17:14:53,+916514444241,+917779436366,VOICE,122,404954341991008,354682315116551,Delhi_BTS_002,404-45-878-546,Delhi
CDR202600031348,2025-02-04,22:53:09,+919569890683,+918981533864,VOICE,99,404497425498165,357962525414463,TamilNadu_BTS_002,404-45-158-984,Tamil Nadu
CDR202600031426,2025-01-17,04:37:15,+919298342479,+916061439776,VOICE,64,404499213326899,350199550923964,UttarPradesh_BTS_001,404-45-371-406,Uttar Pradesh
CDR202600031428,2025-04-09,13:48:15,+919876327481,+917123640419,VOICE,3,404625519104943,357508976391304,Karnataka_BTS_006,404-45-813-981,Karnataka
CDR202600031482,2025-01-31,00:52:58,+917560430105,+917304074911,SMS,0,404747175449940,350437787759065,Rajasthan_BTS_019,404-45-414-246,Rajasthan
CDR202600031490,2025-12-09,21:10:56,+917132319373,+918250075519,SMS,0,404606877112020,351524053633914,Rajasthan_BTS_019,404-45-119-115,Rajasthan
CDR202600031515,2025-07-14,23:05:44,+918029873299,+917516306461,VOICE,286,404887504222063,350205296644345,UttarPradesh_BTS_001,404-45-234-688,Uttar Pradesh
CDR202600031519,2025-10-29,05:12:23,+917209736172,+917283986142,VOICE,192,404977115967995,350294412661071,Karnataka_BTS_006,404-45-835-499,Karnataka
CDR202600031571,2025-02-19,13:36:54,+917559448875,+919606727982,SMS,0,404826437703400,352061345697566,Delhi_BTS_004,404-45-652-774,Delhi
CDR202600031575,2025-09-16,12:22:47,+918843057211,+919222473850,VOICE,65,404150820517399,357755363851155,WestBengal_BTS_009,404-45-571-359,West Bengal
CDR202600031585,2025-05-15,14:12:02,+916198707620,+918490961511,VOICE,136,404891972624240,357830257673869,WestBengal_BTS_003,404-45-258-948,West Bengal
CDR202600031589,2025-07-18,17:42:42,+918899034094,+918566147540,MISSED,0,404410394791548,354572144030953,Karnataka_BTS_008,404-45-693-754,Karnataka
CDR202600031600,2025-04-18,09:33:41,+918617147343,+916213343596,VOICE,125,404352059393554,356968031708091,Mumbai_BTS_009,404-45-162-413,Mumbai
CDR202600031606,2025-10-04,01:35:51,+918579171918,+916798685135,VOICE,70,404191767833870,350537794560575,TamilNadu_BTS_005,404-45-734-084,Tamil Nadu
CDR202600031607,2025-06-08,03:16:37,+917221606897,+916320821625,VOICE,33,404148061648631,357336098013521,Rajasthan_BTS_004,404-45-835-323,Rajasthan
CDR202600031610,2025-08-25,22:28:19,+916803693943,+918810260203,VOICE,11,404942338437775,354421822762447,UttarPradesh_BTS_006,404-45-726-827,Uttar Pradesh
CDR202600031622,2025-01-31,00:52:13,+919544969039,+916276142797,SMS,0,404871974710158,350091418767415,Mumbai_BTS_002,404-45-702-226,Mumbai
CDR202600031633,2025-06-27,22:32:46,+917819700767,+918335058737,VOICE,118,404666027931160,357905341339581,Rajasthan_BTS_016,404-45-961-655,Rajasthan
CDR202600031639,2025-05-30,20:08:46,+918798708338,+917775944409,VOICE,227,404855603653001,359263123065166,Mumbai_BTS_002,404-45-702-226,Mumbai
CDR202600031667,2025-06-25,02:14:32,+917810864190,+917968771801,VOICE,49,404433457859718,355818554041223,Rajasthan_BTS_002,404-45-334-842,Rajasthan
CDR202600031680,2025-11-09,04:57:05,+917224403587,+916868674635,MISSED,0,404770677340827,355199438411775,UttarPradesh_BTS_005,404-45-261-449,Uttar Pradesh
CDR202600031713,2025-11-06,20:56:29,+919917941883,+919520134074,VOICE,125,404862173399453,358610570574880,WestBengal_BTS_006,404-45-373-164,West Bengal
CDR202600031719,2025-09-22,20:47:55,+918662979428,+916711627793,SMS,0,404801420025407,355284148097038,TamilNadu_BTS_006,404-45-678-536,Tamil Nadu
CDR202600031731,2025-11-13,04:21:35,+918308876815,+918660172768,VOICE,36,404532777429085,356191787627590,WestBengal_BTS_005,404-45-785-885,West Bengal
CDR202600031734,2025-08-31,04:17:28,+918685961967,+918689073841,VOICE,240,404412335075574,358411941022428,Gujarat_BTS_002,404-45-854-105,Gujarat
CDR202600031760,2025-01-04,10:44:26,+918959692049,+918705621158,VOICE,39,404199480471659,352168455477690,WestBengal_BTS_003,404-45-258-948,West Bengal
CDR202600031763,2025-04-11,18:45:03,+919705416563,+918854666127,VOICE,44,404199096378731,356710995888621,Maharashtra_BTS_002,404-45-967-353,Maharashtra
CDR202600031769,2025-05-18,00:11:50,+919944270722,+919303389988,VOICE,30,404639810080913,353572297351512,Maharashtra_BTS_009,404-45-646-747,Maharashtra
CDR202600031777,2025-11-21,10:59:00,+917382860002,+918118211392,VOICE,180,404620033240529,352809691437002,Rajasthan_BTS_004,404-45-680-898,Rajasthan
CDR202600031780,2025-12-15,01:19:51,+918234659344,+918049907681,VOICE,14,404045370086611,351830211436526,Mumbai_BTS_008,404-45-520-479,Mumbai
CDR202600031810,2025-08-15,03:12:21,+916420902003,+917313934114,VOICE,38,404686968666353,353740598937088,WestBengal_BTS_009,404-45-571-359,West Bengal
CDR202600031819,2025-12-27,16:55:10,+919950479753,+917119785630,SMS,0,404862915313800,357859259410776,Maharashtra_BTS_003,404-45-487-081,Maharashtra
CDR202600031824,2025-04-23,14:51:07,+917291879073,+918868630413,VOICE,17,404059089626503,356351738429689,Maharashtra_BTS_007,404-45-473-167,Maharashtra
CDR202600031882,2025-06-08,04:06:10,+918589503515,+918799546719,SMS,0,404814565516738,355962595824548,Rajasthan_BTS_015,404-45-208-892,Rajasthan
CDR202600031897,2025-03-04,12:57:24,+917914107048,+918386857947,VOICE,15,404298481636758,352339934344244,WestBengal_BTS_002,404-45-315-699,West Bengal
CDR202600031904,2025-08-07,11:07:46,+919424193910,+918845391323,SMS,0,404267464989834,358214938301433,TamilNadu_BTS_002,404-45-158-984,Tamil Nadu
CDR202600031935,2025-08-31,15:37:43,+917568372845,+919055238477,VOICE,227,404902109650688,358745596828043,Rajasthan_BTS_004,404-45-680-898,Rajasthan
CDR202600031942,2025-11-27,12:29:53,+917970852104,+919338701244,SMS,0,404700666167352,354372323952875,TamilNadu_BTS_001,404-45-698-489,Tamil Nadu
CDR202600031958,2025-10-23,09:19:17,+917789224735,+917865381925,VOICE,7,404036696620777,357336902307662,WestBengal_BTS_003,404-45-342-886,West Bengal
CDR202600031968,2025-06-07,21:20:16,+916260635104,+916367460540,VOICE,49,404612283039936,352075813507734,Karnataka_BTS_003,404-45-270-417,Karnataka
CDR202600031986,2025-08-22,13:30:45,+919372873392,+919734950417,VOICE,20,404301993167344,357991519174120,UttarPradesh_BTS_015,404-45-658-037,Uttar Pradesh
CDR202600031988,2025-06-02,01:44:24,+918194817783,+917103776964,SMS,0,404080995389283,356037860334542,Gujarat_BTS_005,404-45-716-028,Gujarat
CDR202600031999,2025-08-10,05:58:56,+917840373396,+919054859051,SMS,0,404184483835621,357654224095910,Mumbai_BTS_006,404-45-319-553,Mumbai
CDR202600032001,2025-09-30,18:21:36,+918234659344,+916376395156,VOICE,129,404045370086611,351830211436526,Maharashtra_BTS_002,404-45-967-353,Maharashtra
CDR202600032025,2025-01-26,14:38:38,+918861634935,+917024544717,SMS,0,404015333749652,354018340549649,UttarPradesh_BTS_007,404-45-370-119,Uttar Pradesh
CDR202600032047,2025-05-06,22:06:46,+917936178367,+917549758539,VOICE,88,404965395347489,359391787896901,Karnataka_BTS_004,404-45-985-411,Karnataka
CDR202600032056,2025-03-29,06:38:39,+919118981518,+918890756184,MISSED,0,404202041316271,352182932145858,UttarPradesh_BTS_007,404-45-999-138,Uttar Pradesh
CDR202600032145,2025-05-30,14:55:53,+917633004584,+917334388751,VOICE,49,404653243669267,354145074786160,Mumbai_BTS_005,404-45-626-244,Mumbai
CDR202600032154,2025-10-24,23:03:26,+918289291493,+918215661039,VOICE,90,404822895717813,354773216249352,Maharashtra_BTS_002,404-45-967-353,Maharashtra
CDR202600032180,2025-01-22,16:51:13,+916306053410,+916856753121,VOICE,53,404518670939366,350739963840208,Delhi_BTS_002,404-45-884-129,Delhi
CDR202600032192,2025-03-28,10:48:14,+919539055439,+916197645240,VOICE,252,404434535223350,356034468856730,Mumbai_BTS_011,404-45-287-286,Mumbai
CDR202600032201,2025-04-15,00:26:10,+917001748325,+917559231040,VOICE,193,404211859203924,355046932190873,Mumbai_BTS_007,404-45-348-804,Mumbai
CDR202600032215,2025-12-20,16:53:16,+917128731126,+919260394257,VOICE,21,404177104858198,357636486642398,WestBengal_BTS_004,404-45-283-755,West Bengal
CDR202600032227,2025-09-11,19:55:34,+916037694576,+917024544717,MISSED,0,404897193526925,358218944884694,Rajasthan_BTS_010,404-45-710-480,Rajasthan
CDR202600032258,2025-01-27,06:44:37,+919900586055,+919020944799,SMS,0,404082752725351,353892359151229,Gujarat_BTS_007,404-45-106-778,Gujarat
CDR202600032298,2025-05-30,20:38:27,+916556479131,+918024701092,SMS,0,404621138792997,356984291109475,Maharashtra_BTS_005,404-45-181-876,Maharashtra
CDR202600032323,2025-12-24,10:01:33,+919566359010,+918835539164,VOICE,64,404567747803805,350956641016355,UttarPradesh_BTS_011,404-45-357-928,Uttar Pradesh
CDR202600032350,2025-05-12,03:40:59,+917209638279,+916094464673,VOICE,53,404371840127821,355184127823467,Karnataka_BTS_006,404-45-835-499,Karnataka
CDR202600032365,2025-03-18,16:47:39,+917537891077,+916618077628,VOICE,29,404714731371397,358775507928771,Delhi_BTS_003,404-45-993-622,Delhi
CDR202600032373,2025-08-22,23:51:12,+919190920016,+916774681896,VOICE,113,404981505358217,350488752811735,Maharashtra_BTS_002,404-45-718-271,Maharashtra
CDR202600032399,2025-01-23,15:24:58,+918158388378,+917345913698,SMS,0,404553136787963,355262183758898,Rajasthan_BTS_007,404-45-605-094,Rajasthan
CDR202600032407,2025-03-25,21:02:55,+917345913698,+917158237066,VOICE,48,404710866105603,355030054609703,Maharashtra_BTS_003,404-45-649-128,Maharashtra
CDR202600032412,2025-02-28,05:41:46,+918589109040,+919390373823,VOICE,131,404341241824157,357500975137015,UttarPradesh_BTS_010,404-45-749-874,Uttar Pradesh
CDR202600032423,2025-08-15,20:53:26,+918319027559,+917815142697,VOICE,24,404445541776071,353071257518908,Delhi_BTS_004,404-45-652-774,Delhi
CDR202600032435,2025-09-08,12:56:58,+918024103364,+918206334544,VOICE,187,404935792531238,356298278044172,Rajasthan_BTS_019,404-45-414-246,Rajasthan
CDR202600032488,2025-03-09,04:38:45,+917221606897,+918492996336,VOICE,23,404148061648631,357336098013521,Rajasthan_BTS_005,404-45-771-512,Rajasthan
CDR202600032516,2025-09-12,10:29:19,+918630465207,+918485572124,VOICE,213,404614034986552,350499946996911,WestBengal_BTS_003,404-45-266-820,West Bengal
CDR202600032533,2025-02-21,05:06:58,+918697309395,+918133493776,SMS,0,404837998115514,359107809278998,UttarPradesh_BTS_014,404-45-214-078,Uttar Pradesh
CDR202600032540,2025-03-15,01:58:35,+919200954124,+917090699548,VOICE,6,404890001811181,350693883821097,Gujarat_BTS_008,404-45-448-285,Gujarat
CDR202600032593,2025-05-22,07:00:05,+918746005815,+918582326746,VOICE,26,404447625383915,354623710031534,Maharashtra_BTS_002,404-45-718-271,Maharashtra
CDR202600032604,2025-10-28,19:34:12,+919012273494,+918655554465,MISSED,0,404235376981388,359329896777630,UttarPradesh_BTS_002,404-45-869-959,Uttar Pradesh
CDR202600032641,2025-11-26,10:57:40,+917865527570,918922031742,VOICE,237,404908138843863,352615190303023,Karnataka_BTS_003,404-45-597-493,Karnataka
CDR202600032661,2025-01-21,03:56:22,+919956147272,+917499660487,VOICE,39,404750729531744,351991337979179,UttarPradesh_BTS_001,404-45-234-688,Uttar Pradesh
CDR202600032669,2025-05-09,14:34:47,+918088194577,+919345231893,VOICE,76,404910000290508,357637469314298,UttarPradesh_BTS_010,404-45-308-704,Uttar Pradesh
CDR202600032676,2025-06-30,01:40:39,+918434942218,+918102520750,VOICE,113,404851572477207,352079025471309,Rajasthan_BTS_009,404-45-911-697,Rajasthan
CDR202600032678,2025-07-26,11:43:16,+918270857685,+918121539663,VOICE,197,404717231005437,358524930868103,Delhi_BTS_005,404-45-508-688,Delhi
CDR202600032689,2025-04-26,17:42:54,+918761259355,+918022647133,VOICE,67,404185534368252,353132251803029,UttarPradesh_BTS_013,404-45-552-565,Uttar Pradesh
CDR202600032692,2025-08-04,07:09:02,+918132420926,+918130982200,VOICE,439,404387050182283,354164549934649,UttarPradesh_BTS_005,404-45-261-449,Uttar Pradesh
CDR202600032736,2025-10-11,07:30:38,+916022087476,+917173526045,VOICE,124,404180972578257,359573310062722,Maharashtra_BTS_009,404-45-646-747,Maharashtra
CDR202600032788,2025-03-31,05:37:35,+916503457490,+918186295994,VOICE,53,404869211819321,358124990257730,Delhi_BTS_003,404-45-662-170,Delhi
CDR202600032798,2025-03-27,23:12:30,+919098502025,+919644254959,VOICE,73,404594877751826,350743420831317,WestBengal_BTS_008,404-45-979-482,West Bengal
CDR202600032799,2025-03-13,09:11:17,+916721272168,+917553174719,VOICE,54,404225626373671,350072899430410,Gujarat_BTS_008,404-45-448-285,Gujarat
CDR202600032801,2025-03-26,06:53:21,+917129928470,+919858535963,VOICE,96,404937216720317,355827437320306,WestBengal_BTS_007,404-45-491-894,West Bengal
CDR202600032827,2025-12-05,23:08:50,+916426267031,+919378352004,VOICE,40,404475978442295,354217692142284,Delhi_BTS_006,404-45-629-463,Delhi
CDR202600032831,2025-09-24,23:42:06,+917215930461,+917817288617,VOICE,35,404410614310106,354423306457496,Karnataka_BTS_005,404-45-902-804,Karnataka
CDR202600032833,2025-06-08,06:19:59,+917137658509,+917744360064,VOICE,64,404564846382828,356314187059290,WestBengal_BTS_002,404-45-315-699,West Bengal
CDR202600032880,2025-03-06,19:14:11,+919420988874,+918649972048,VOICE,10,404810293575007,355129511257567,Rajasthan_BTS_009,404-45-911-697,Rajasthan
CDR202600032887,2025-05-14,08:43:38,+917294641203,+917714019299,VOICE,19,404204880762159,353191665707332,Rajasthan_BTS_018,404-45-713-332,Rajasthan
CDR202600032901,2025-07-27,17:03:02,+918796362847,+917218983467,VOICE,16,404014368922066,352961548641871,Maharashtra_BTS_001,404-45-881-345,Maharashtra
CDR202600032908,2025-04-24,03:26:40,+917609027643,+916406003488,VOICE,15,404270482455245,356205745146388,TamilNadu_BTS_001,404-45-614-942,Tamil Nadu
CDR202600032939,2025-05-06,17:36:01,+917403408444,+919176354074,VOICE,104,404620925784640,350364236173338,Delhi_BTS_001,404-45-999-581,Delhi
CDR202600032977,2025-10-27,04:56:34,+918118211392,+918662979428,VOICE,142,404929468829220,358071996273930,Maharashtra_BTS_002,404-45-718-271,Maharashtra
CDR202600033006,2025-01-11,11:28:06,+918826162726,+918431994101,VOICE,121,404887665394519,357294728492721,Mumbai_BTS_011,404-45-287-286,Mumbai
CDR202600033011,2025-04-11,10:15:05,+918449702682,+919725932688,VOICE,56,404746789341596,354200154970796,Rajasthan_BTS_016,404-45-961-655,Rajasthan
CDR202600033040,2025-04-11,17:31:16,+916441047693,+917691728825,VOICE,393,404403124328809,356044295639635,Rajasthan_BTS_017,404-45-880-166,Rajasthan
CDR202600033048,2025-08-27,14:16:23,+919420362941,+916703033328,SMS,0,404564346023889,351409001247397,Rajasthan_BTS_008,404-45-981-113,Rajasthan
CDR202600033050,2025-09-13,22:02:13,+919774343936,+919548918958,VOICE,132,404951666746468,354407829397723,UttarPradesh_BTS_004,404-45-170-901,Uttar Pradesh
CDR202600033078,2025-11-10,23:54:03,+918548966382,+918738240239,SMS,0,404249313815334,350278027610604,Maharashtra_BTS_007,404-45-314-687,Maharashtra
CDR202600033108,2025-06-12,14:06:14,+918418029638,+916250502536,VOICE,194,404861043205340,358088654578486,Maharashtra_BTS_002,404-45-199-368,Maharashtra
CDR202600033118,2025-06-20,00:39:52,+918761808684,+917815142697,VOICE,89,404248605946186,356406833689736,UttarPradesh_BTS_010,404-45-308-704,Uttar Pradesh
CDR202600033119,2025-03-31,06:54:05,+917355269541,+916983480372,VOICE,20,404673831630385,350600659957469,Delhi_BTS_005,404-45-830-320,Delhi
CDR202600033126,2025-10-26,22:23:57,+916426267031,+916532038696,SMS,0,404475978442295,354217692142284,Delhi_BTS_006,404-45-548-922,Delhi
CDR202600033132,2025-11-16,18:30:44,+918407468479,+918867003549,VOICE,44,404146529918829,355661745230251,Maharashtra_BTS_007,404-45-479-364,Maharashtra
CDR202600033154,2025-05-31,09:01:27,+917215930461,+917215411662,VOICE,116,404410614310106,354423306457496,Maharashtra_BTS_003,404-45-949-644,Maharashtra
CDR202600033168,2025-10-17,23:39:23,+917449940745,+916250502536,VOICE,67,404535156240692,352012991601019,Delhi_BTS_004,404-45-652-774,Delhi
CDR202600033173,2025-10-20,19:06:07,+918121539663,+919831441382,VOICE,60,404889478286175,356084953076643,UttarPradesh_BTS_014,404-45-214-078,Uttar Pradesh
CDR202600033174,2025-11-06,17:55:15,+918472678590,+917560729967,VOICE,14,404166261030766,353860843000816,Maharashtra_BTS_001,404-45-881-345,Maharashtra
CDR202600033217,2025-11-26,19:42:34,+919956147272,+918679570092,SMS,0,404750729531744,351991337979179,WestBengal_BTS_001,404-45-230-043,West Bengal
CDR202600033234,2025-01-01,09:17:54,+919063742023,+919362435268,VOICE,6,404875113159013,350896219297089,WestBengal_BTS_001,404-45-981-041,West Bengal
CDR202600033242,2025-02-18,15:32:34,+917268076772,+919298627886,VOICE,40,404557894197603,355419701743235,Rajasthan_BTS_019,404-45-119-115,Rajasthan
CDR202600033248,2025-05-16,04:30:09,+917345826648,+918173884278,VOICE,296,404061166561203,352337557293900,WestBengal_BTS_005,404-45-785-885,West Bengal
CDR202600033254,2025-08-17,09:33:54,+917038064368,+916662607238,VOICE,127,404880000444636,354631040074169,Delhi_BTS_003,404-45-662-170,Delhi
CDR202600033269,2025-03-03,18:44:28,+919209996225,+919215789083,VOICE,213,404876547029908,359415290473866,Maharashtra_BTS_009,404-45-350-168,Maharashtra
CDR202600033286,2025-02-10,02:32:14,+919696622808,+917765785944,VOICE,670,404235532390651,357022783274001,Delhi_BTS_005,404-45-508-688,Delhi
CDR202600033290,2025-08-31,20:36:01,+916995001441,+918561614208,VOICE,3,404487062930060,352330676981045,WestBengal_BTS_005,404-45-521-822,West Bengal
CDR202600033298,2025-08-20,08:52:06,+919354111328,+918885836702,MISSED,0,404099666149287,355524408386535,Rajasthan_BTS_003,404-45-924-324,Rajasthan
CDR202600033302,2025-05-08,07:50:06,+919176089942,+918335058737,VOICE,297,404356709080224,350563171183977,Karnataka_BTS_006,404-45-848-803,Karnataka
CDR202600033337,2025-12-30,15:59:50,+919260394257,+917552686085,VOICE,24,404673103385771,358478852390172,Maharashtra_BTS_002,404-45-967-353,Maharashtra
CDR202600033341,2025-06-21,06:29:49,+918478543393,+919828369317,MISSED,0,404424102315730,351594343891251,UttarPradesh_BTS_001,404-45-371-406,Uttar Pradesh
CDR202600033367,2025-11-09,00:44:53,+918973195156,+918900700724,VOICE,314,404999689122226,351380920003013,Karnataka_BTS_005,404-45-371-949,Karnataka
CDR202600033369,2025-08-17,12:41:04,+917976964241,+916443322447,SMS,0,404523180339377,354958042411344,Gujarat_BTS_007,404-45-703-285,Gujarat
CDR202600033376,2025-09-29,03:20:52,+917414212814,+916568470865,VOICE,35,404896530331262,353194432263551,Rajasthan_BTS_004,404-45-374-068,Rajasthan
CDR202600033424,2025-03-06,21:13:46,+919356113688,+917345354711,VOICE,75,404699817892443,353511853569233,TamilNadu_BTS_001,404-45-158-052,Tamil Nadu
CDR202600033438,2025-09-22,17:31:14,+919382393873,+919938729587,VOICE,91,404770906715531,356790527106990,Gujarat_BTS_007,404-45-325-460,Gujarat
CDR202600033467,2025-11-26,11:00:34,+917740838964,+918222730153,VOICE,55,404738981418359,357472390390028,Rajasthan_BTS_015,404-45-612-781,Rajasthan
CDR202600033479,2025-04-07,20:40:39,+919711154236,+919215789083,VOICE,19,404782044011502,350199432259191,Delhi_BTS_003,404-45-371-541,Delhi
CDR202600033525,2025-09-30,13:04:51,+917008518494,+918945702124,VOICE,69,404850514466796,356068050777483,Rajasthan_BTS_001,404-45-376-948,Rajasthan
CDR202600033530,2025-08-03,13:46:42,+916237507351,+919208418675,SMS,0,404944678170422,356896210384559,Karnataka_BTS_003,404-45-270-417,Karnataka
CDR202600033538,2025-07-28,14:25:38,+917282202555,+917632947740,VOICE,273,404364115516923,350152278148208,Maharashtra_BTS_002,404-45-926-045,Maharashtra
CDR202600033539,2025-12-30,20:39:43,+919566359010,+919462688918,SMS,0,404567747803805,350956641016355,TamilNadu_BTS_001,404-45-698-489,Tamil Nadu
CDR202600033545,2025-12-31,07:50:56,+918242972259,+917260525274,VOICE,22,404006044624991,352826929314972,Gujarat_BTS_001,404-45-859-282,Gujarat
CDR202600033550,2025-12-28,16:13:08,+917447850192,+919689954668,VOICE,79,404905543743590,353730691242345,UttarPradesh_BTS_012,404-45-233-653,Uttar Pradesh
CDR202600033556,2025-07-01,21:24:44,+917299118570,+918845391323,VOICE,80,404959354710684,352150995291386,Mumbai_BTS_012,404-45-553-828,Mumbai
CDR202600033584,2025-02-19,12:00:51,+918728614929,+918047679094,VOICE,37,404809846897820,359550937294523,WestBengal_BTS_001,404-45-981-041,West Bengal
CDR202600033604,2025-06-09,20:20:04,+919558612529,+918548966382,VOICE,192,404962795594487,357509845936469,UttarPradesh_BTS_011,404-45-357-928,Uttar Pradesh
CDR202600033606,2025-06-11,21:55:29,+917780325783,+919297025335,VOICE,156,404164446601476,354093762640831,Rajasthan_BTS_010,404-45-494-391,Rajasthan
CDR202600033611,2025-08-15,15:59:32,+918223902580,+917649139499,VOICE,24,404432903766024,352106779268990,WestBengal_BTS_001,404-45-230-043,West Bengal
CDR202600033626,2025-07-15,19:04:01,+919425196407,+917302536035,VOICE,103,404430618555028,358104863904378,Maharashtra_BTS_002,404-45-718-271,Maharashtra
CDR202600033658,2025-04-10,05:36:01,+918236721570,+919452540221,VOICE,53,404520133895286,357724863624189,Rajasthan_BTS_001,404-45-376-948,Rajasthan
CDR202600033665,2025-01-08,11:49:16,+917584502139,+916329228510,MISSED,0,404055519119231,355264461181799,Rajasthan_BTS_016,404-45-619-624,Rajasthan
CDR202600033671,2025-07-13,16:24:45,+916512999260,+917260525274,VOICE,58,404913007298604,353935575787740,Rajasthan_BTS_007,404-45-697-409,Rajasthan
CDR202600033674,2025-02-24,06:53:10,+918051123826,+919012273494,MISSED,0,404404779792671,351325529012942,Rajasthan_BTS_014,404-45-564-004,Rajasthan
CDR202600033680,2025-10-07,17:36:49,+919727637274,+917637879248,VOICE,19,404199483254966,358445864203148,TamilNadu_BTS_003,404-45-170-610,Tamil Nadu
CDR202600033683,2025-11-27,10:07:56,+919423052734,+919785040187,VOICE,187,404046991247105,357373470166878,Maharashtra_BTS_003,404-45-487-081,Maharashtra
CDR202600033685,2025-08-01,15:19:08,+919377120878,+917466368519,VOICE,41,404701041975815,359742313395500,UttarPradesh_BTS_011,404-45-357-928,Uttar Pradesh
CDR202600033710,2025-10-10,22:33:20,+919101709809,+919306097216,VOICE,17,404248438256940,350527444926061,Maharashtra_BTS_006,404-45-489-285,Maharashtra
CDR202600033720,2025-04-24,01:08:19,+916938174319,+916405134888,VOICE,137,404969369185189,352649854359926,Rajasthan_BTS_015,404-45-208-892,Rajasthan
CDR202600033745,2025-03-14,05:53:20,+917993006424,+916945270946,VOICE,47,404815897611082,350388666027853,UttarPradesh_BTS_005,404-45-261-449,Uttar Pradesh
CDR202600033753,2025-04-24,00:35:24,+917702931016,+916382761185,SMS,0,404612185216427,350965618668923,Rajasthan_BTS_005,404-45-505-906,Rajasthan
CDR202600033770,2025-12-03,08:55:44,+918130444799,+919628735489,VOICE,53,404626996628807,356707391539797,Rajasthan_BTS_015,404-45-208-892,Rajasthan
CDR202600033778,2025-05-25,23:57:21,+917946672758,+916847768665,VOICE,277,404788202702595,358935572790234,Rajasthan_BTS_013,404-45-448-115,Rajasthan
CDR202600033780,2025-08-27,15:45:45,+917885171272,+919341880760,VOICE,16,404250955064612,356429030607783,UttarPradesh_BTS_007,404-45-779-107,Uttar Pradesh
CDR202600033790,2025-10-05,20:02:09,+917689140715,+919843062680,VOICE,7,404851454830238,358335287148226,Karnataka_BTS_002,404-45-195-949,Karnataka
CDR202600033794,2025-09-05,15:14:48,+916015450890,+919493846761,VOICE,188,404750997518237,359822844509046,Mumbai_BTS_005,404-45-626-244,Mumbai
CDR202600033795,2025-09-16,01:35:27,+918266642256,+919390373823,VOICE,233,404951905925287,351440665361970,Rajasthan_BTS_010,404-45-710-480,Rajasthan
CDR202600033797,2025-03-23,23:13:25,+916320978567,+917382932334,VOICE,100,404677225297095,354444271585769,UttarPradesh_BTS_015,404-45-954-379,Uttar Pradesh
CDR202600033821,2025-12-24,23:18:42,+917780325783,+916219397884,VOICE,51,404164446601476,354093762640831,Delhi_BTS_001,404-45-180-088,Delhi
CDR202600033833,2025-07-07,23:57:36,+919933402985,+917260525274,VOICE,142,404680215914841,355428661258218,TamilNadu_BTS_004,404-45-683-253,Tamil Nadu
CDR202600033846,2025-04-01,22:08:46,+917179543655,+917050477573,VOICE,104,404620025367889,352760434372031,Rajasthan_BTS_019,404-45-414-246,Rajasthan
CDR202600033854,2025-06-09,06:59:29,+916566410702,+916887805045,VOICE,43,404832790840193,358074749382953,UttarPradesh_BTS_011,404-45-194-650,Uttar Pradesh
CDR202600033868,2025-06-05,15:16:32,+919773629639,+917751820084,VOICE,46,404456120749776,353343753439078,UttarPradesh_BTS_001,404-45-234-688,Uttar Pradesh
CDR202600033871,2025-05-20,00:34:22,+919513811282,+919645461962,VOICE,82,404634702054294,355259025621335,WestBengal_BTS_003,404-45-266-820,West Bengal
CDR202600033899,2025-08-30,03:07:27,+919919150534,+918051692725,VOICE,118,404068601117366,351169267355050,Rajasthan_BTS_016,404-45-619-624,Rajasthan
CDR202600033902,2025-08-26,11:13:26,+917345913698,+918696518496,VOICE,129,404710866105603,355030054609703,Karnataka_BTS_002,404-45-195-949,Karnataka
CDR202600033916,2025-01-21,19:26:47,+919467267206,+916407278134,VOICE,148,404606144857899,353544603603044,Rajasthan_BTS_017,404-45-897-945,Rajasthan
CDR202600033955,2025-10-09,06:06:31,+918857061139,+917529071926,VOICE,228,404502571351373,359702332379044,Rajasthan_BTS_004,404-45-835-323,Rajasthan
CDR202600033974,2025-01-31,00:37:02,+918671402590,+918799376735,VOICE,61,404045318561370,352048382585034,Rajasthan_BTS_001,404-45-755-705,Rajasthan
CDR202600033980,2025-01-30,21:52:01,+917702513123,+919327809757,VOICE,102,404115454727985,355013192389639,Maharashtra_BTS_006,404-45-489-285,Maharashtra
CDR202600034067,2025-03-01,18:58:00,+918048692997,+919316737376,VOICE,252,404774800460908,353012302503174,Rajasthan_BTS_016,404-45-961-655,Rajasthan
CDR202600034074,2025-09-06,23:51:15,+919865679486,+917537891077,VOICE,180,404459103077070,352600636952539,Karnataka_BTS_005,404-45-902-804,Karnataka
CDR202600034086,2025-04-13,13:53:10,+917001787518,+919181703697,VOICE,49,404935723989377,352712786841748,Gujarat_BTS_001,404-45-859-282,Gujarat
CDR202600034107,2025-06-17,14:09:00,+916941481300,+917459240913,SMS,0,404951363778671,359309629324906,Rajasthan_BTS_004,404-45-835-323,Rajasthan
CDR202600034126,2025-12-11,03:53:51,+918592362854,+917724773264,VOICE,121,404351046771894,355166282540885,WestBengal_BTS_005,404-45-901-954,West Bengal
CDR202600034177,2025-02-16,09:19:42,+919548918958,+916037748225,VOICE,32,404528017635067,356913400110982,TamilNadu_BTS_006,404-45-423-958,Tamil Nadu
CDR202600034183,2025-01-16,16:49:39,+916762480165,+918726145801,VOICE,249,404513250561090,357844000194428,Rajasthan_BTS_013,404-45-448-115,Rajasthan
CDR202600034210,2025-03-27,01:02:51,+918173815171,+919684358757,MISSED,0,404707090775426,359423814084723,UttarPradesh_BTS_005,404-45-261-449,Uttar Pradesh
CDR202600034223,2025-10-22,20:52:37,+917439496502,+919910834051,VOICE,128,404854463593211,355980307505089,Rajasthan_BTS_016,404-45-619-624,Rajasthan
CDR202600034229,2025-11-08,17:07:17,+916224886139,+919922938544,VOICE,81,404103461410298,356213367035671,Rajasthan_BTS_010,404-45-494-391,Rajasthan
CDR202600034231,2025-12-05,05:47:57,+919985306500,+916508637340,VOICE,208,404896104187648,359026709068948,Rajasthan_BTS_001,404-45-755-705,Rajasthan
CDR202600034242,2025-11-15,05:04:37,+919774343936,+917991993501,VOICE,179,404951666746468,354407829397723,Rajasthan_BTS_002,404-45-334-842,Rajasthan
CDR202600034258,2025-11-08,22:16:11,+916094464673,+918298954274,VOICE,13,404599164637727,356279009551155,Maharashtra_BTS_002,404-45-718-271,Maharashtra
CDR202600034301,2025-08-17,20:12:45,+918654116827,+918736319643,MISSED,0,404529337531475,355976438033646,Mumbai_BTS_002,404-45-107-073,Mumbai
CDR202600034315,2025-12-25,09:14:58,+919278930052,+918335058737,VOICE,413,404417549665216,359345629214267,Rajasthan_BTS_019,404-45-951-827,Rajasthan
CDR202600034332,2025-08-06,18:45:56,+919921386123,+917801519560,VOICE,27,404036017873742,357544410433316,UttarPradesh_BTS_011,404-45-357-928,Uttar Pradesh
CDR202600034336,2025-12-21,14:47:43,+919566359010,+919765512792,VOICE,168,404567747803805,358326936048970,Gujarat_BTS_002,404-45-854-105,Gujarat
CDR202600034362,2025-02-23,02:35:11,+919092613472,+918880019689,VOICE,87,404069389406172,352443435621926,WestBengal_BTS_007,404-45-491-894,West Bengal
CDR202600034366,2025-04-29,23:24:13,+919899054849,+916226722085,VOICE,25,404077851458618,355207790911692,Rajasthan_BTS_005,404-45-505-906,Rajasthan
CDR202600034367,2025-04-05,14:10:33,+917015271234,+917885171272,VOICE,105,404673857734861,356786568033553,TamilNadu_BTS_002,404-45-158-984,Tamil Nadu
CDR202600034402,2025-02-22,20:46:03,+916793257571,+919329327109,VOICE,155,404854898768103,351264296331890,Delhi_BTS_004,404-45-847-707,Delhi
CDR202600034409,2025-07-23,03:44:01,+917887149781,+917501867104,VOICE,39,404154318612967,358782959514269,Gujarat_BTS_002,404-45-328-143,Gujarat
CDR202600034410,2025-01-20,16:23:56,+919718897270,+918617878862,VOICE,1,404801134284088,350389702821913,TamilNadu_BTS_001,404-45-698-489,Tamil Nadu
CDR202600034411,2025-10-08,19:31:41,+916793257571,+916075420676,VOICE,58,404854898768103,351264296331890,Rajasthan_BTS_005,404-45-505-906,Rajasthan
CDR202600034416,2025-10-06,07:21:33,+916983699346,+919297898204,SMS,0,404622798947285,359512766727633,Mumbai_BTS_007,404-45-584-827,Mumbai
CDR202600034417,2025-07-03,13:02:45,+917667613084,+918940237490,SMS,0,404202333203784,358344797362289,Rajasthan_BTS_003,404-45-924-324,Rajasthan
CDR202600034435,2025-12-22,02:07:27,+917100614582,+919400214959,VOICE,75,404019427933190,353577315133631,Gujarat_BTS_005,404-45-338-518,Gujarat
CDR202600034439,2025-05-02,09:36:48,+917860543707,+919668550767,VOICE,35,404214297745828,351542504159989,Karnataka_BTS_004,404-45-985-411,Karnataka
CDR202600034482,2025-02-07,11:44:43,+919272145577,+917326409015,VOICE,45,404073846799198,354859186804604,WestBengal_BTS_002,404-45-315-699,West Bengal
CDR202600034490,2025-07-11,06:07:48,+917790056636,+919799955269,SMS,0,404234553874690,359037807415142,WestBengal_BTS_009,404-45-304-837,West Bengal
CDR202600034504,2025-02-08,06:49:32,+919557565324,+919900586055,VOICE,10,404132536534811,358317109843651,TamilNadu_BTS_006,404-45-678-536,Tamil Nadu
CDR202600034518,2025-08-15,00:00:07,+918567377345,+919907867928,SMS,0,404030440610600,352837027219577,Karnataka_BTS_001,404-45-767-554,Karnataka
CDR202600034578,2025-11-21,12:42:09,+917487718089,+919603057734,VOICE,8,404826245811395,359966168411168,Karnataka_BTS_004,404-45-160-169,Karnataka
CDR202600034583,2025-03-17,12:22:00,+917050477573,+918482549942,VOICE,240,404434289472964,358822575952937,Rajasthan_BTS_001,404-45-376-948,Rajasthan
CDR202600034612,2025-12-06,03:32:21,+918968252068,+918395270269,VOICE,11,404141602444658,350930266944114,Rajasthan_BTS_009,404-45-911-697,Rajasthan
CDR202600034618,2025-06-29,10:40:51,+919699460726,+916772086432,VOICE,255,404636477383904,356442641402039,UttarPradesh_BTS_015,404-45-658-037,Uttar Pradesh
CDR202600034620,2025-12-25,04:18:33,+917051702797,+918594931430,MISSED,0,404423609212942,357228935734743,WestBengal_BTS_008,404-45-979-482,West Bengal
CDR202600034623,2025-04-14,06:47:22,+918717621688,+916407278134,SMS,0,404826103490539,353063763312791,Rajasthan_BTS_007,404-45-470-225,Rajasthan
CDR202600034624,2025-08-17,12:11:38,+918962288403,+917599862745,VOICE,138,404792076496635,358485703872780,Maharashtra_BTS_002,404-45-199-368,Maharashtra
CDR202600034647,2025-04-08,07:43:53,+919500241745,+919750518334,VOICE,18,404741772912001,354794944240503,Maharashtra_BTS_002,404-45-199-368,Maharashtra
CDR202600034665,2025-05-01,17:57:09,+916803693943,+916524176702,VOICE,173,404942338437775,354421822762447,Maharashtra_BTS_004,404-45-821-072,Maharashtra
CDR202600034720,2025-07-09,17:39:11,+918814638663,+916000914011,SMS,0,404645975924571,357812024941784,Delhi_BTS_003,404-45-533-988,Delhi
CDR202600034729,2025-12-21,11:19:52,+917349514830,+918657699963,SMS,0,404322601671057,355591691998470,Rajasthan_BTS_008,404-45-981-113,Rajasthan
CDR202600034753,2025-04-28,15:52:31,+916410884553,+919762891724,VOICE,88,404784092390039,359439536238694,Maharashtra_BTS_003,404-45-487-081,Maharashtra
CDR202600034755,2025-03-27,00:34:43,+917500605037,+919343914928,VOICE,60,404088007534537,355165904296461,WestBengal_BTS_001,404-45-915-996,West Bengal
CDR202600034787,2025-10-21,07:51:19,+917252450381,+917291879073,VOICE,87,404044489441092,351630747971034,Rajasthan_BTS_014,404-45-564-004,Rajasthan
CDR202600034791,2025-12-21,09:04:51,+917790056636,+917814079243,VOICE,1,404234553874690,354369913613538,Karnataka_BTS_001,404-45-767-554,Karnataka
CDR202600034814,2025-08-27,16:28:06,+918875844526,+917789242476,VOICE,55,404296529625618,350218892558653,UttarPradesh_BTS_006,404-45-726-827,Uttar Pradesh
CDR202600034815,2025-09-15,11:28:28,+919567033893,+917863119852,SMS,0,404866831266460,359080582389342,Rajasthan_BTS_016,404-45-619-624,Rajasthan
CDR202600034844,2025-09-30,04:26:08,+917230153967,+919343914928,VOICE,26,404859289784526,354413707515187,Mumbai_BTS_010,404-45-211-255,Mumbai
CDR202600034850,2025-08-13,02:41:36,+919433409015,+918344666907,VOICE,164,404783413152242,354660285748444,TamilNadu_BTS_006,404-45-678-536,Tamil Nadu
CDR202600034871,2025-03-13,23:48:43,+919103164695,+918831688032,VOICE,269,404154812369270,358200309572726,Rajasthan_BTS_007,404-45-470-225,Rajasthan
CDR202600034876,2025-08-19,12:11:31,+917952046539,+919260394257,SMS,0,404238298943821,355142231942216,UttarPradesh_BTS_004,404-45-457-903,Uttar Pradesh
CDR202600034894,2025-02-09,21:06:55,+918837578152,+918331447791,VOICE,13,404575984454939,355746526475857,Maharashtra_BTS_004,404-45-146-678,Maharashtra
CDR202600034911,2025-03-02,20:51:08,+917730766918,+918428693441,VOICE,45,404381443320674,354976501131354,Delhi_BTS_005,404-45-508-688,Delhi
CDR202600034926,2025-04-22,15:35:47,+919303089176,+919539055439,VOICE,103,404328360732628,356269143015192,Mumbai_BTS_011,404-45-243-433,Mumbai
CDR202600034940,2025-12-05,10:13:24,+917012209135,+918581766662,VOICE,76,404865607529925,352578202241013,UttarPradesh_BTS_011,404-45-966-053,Uttar Pradesh
CDR202600034951,2025-12-19,06:11:41,+917682760565,+919326092510,VOICE,64,404401459771636,351458595648620,Rajasthan_BTS_017,404-45-897-945,Rajasthan
CDR202600034960,2025-05-19,11:14:31,+918993140008,+916031761341,VOICE,145,404284005119954,358021144482452,Rajasthan_BTS_012,404-45-798-907,Rajasthan
CDR202600034962,2025-07-15,04:46:57,+918987818335,+917310983111,VOICE,118,404665209345686,357781819435548,Karnataka_BTS_005,404-45-565-293,Karnataka
CDR202600034970,2025-08-28,16:49:35,+916793257571,+918533177561,SMS,0,404854898768103,351264296331890,UttarPradesh_BTS_006,404-45-108-684,Uttar Pradesh
CDR202600034975,2025-01-13,04:05:30,+919423224659,+916481070314,MISSED,0,404056057394448,356491647676557,WestBengal_BTS_002,404-45-205-363,West Bengal
CDR202600034987,2025-02-12,00:41:48,+919613337335,+917151832568,SMS,0,404702878125734,358959948456322,Rajasthan_BTS_001,404-45-670-225,Rajasthan
CDR202600034988,2025-08-19,18:22:25,+919870873770,+919329268786,VOICE,163,404097494638717,352217060725552,Mumbai_BTS_011,404-45-287-286,Mumbai
CDR202600035115,2025-06-12,10:55:11,+919574851416,+919180380303,VOICE,85,404501493922160,359410526316040,Rajasthan_BTS_005,404-45-771-512,Rajasthan
CDR202600035120,2025-06-16,21:42:10,+916237834522,+917933752908,MISSED,0,404690884726857,359815806300203,TamilNadu_BTS_005,404-45-734-084,Tamil Nadu
CDR202600035126,2025-01-03,02:16:36,+918485572124,+919198942105,VOICE,94,404289039592310,350896790333888,Karnataka_BTS_003,404-45-597-493,Karnataka
CDR202600035150,2025-07-21,01:03:02,+917165016325,+917116094493,VOICE,21,404872370183015,354071294478608,UttarPradesh_BTS_010,404-45-308-704,Uttar Pradesh
CDR202600035152,2025-09-23,08:18:29,+919508211060,+916094464673,VOICE,132,404802286744408,351251695240620,Karnataka_BTS_006,404-45-848-803,Karnataka
CDR202600035156,2025-01-18,04:03:38,+919291774930,+919618039164,VOICE,9,404812024391658,351731174885515,Rajasthan_BTS_014,404-45-839-897,Rajasthan
CDR202600035161,2025-09-16,12:15:35,+917684492198,+918705621158,VOICE,16,404079454921026,356099791004023,UttarPradesh_BTS_013,404-45-822-438,Uttar Pradesh
CDR202600035165,2025-04-13,13:39:06,+917195063719,+916667280391,VOICE,171,404484235493315,359476818327907,WestBengal_BTS_009,404-45-304-837,West Bengal
CDR202600035173,2025-03-17,13:15:42,+916425264630,+918966735221,VOICE,4,404889631396660,355994390930046,Rajasthan_BTS_004,404-45-316-936,Rajasthan
CDR202600035188,2025-09-10,03:43:55,+916812527503,+916095157409,VOICE,50,404702004554976,350833336721761,WestBengal_BTS_003,404-45-342-886,West Bengal
CDR202600035221,2025-08-13,02:43:52,+918705621158,+917146701944,VOICE,777,404824520758983,350623404998400,UttarPradesh_BTS_006,404-45-108-684,Uttar Pradesh
CDR202600035244,2025-04-16,12:20:38,+919910179369,+917494152766,VOICE,152,404745531916139,357100856031759,TamilNadu_BTS_002,404-45-158-984,Tamil Nadu
CDR202600035254,2025-12-31,12:58:58,+918365467938,+917703655032,VOICE,17,404977390792541,352744075589655,Gujarat_BTS_007,404-45-928-891,Gujarat
CDR202600035276,2025-05-02,17:25:21,+919526506513,+918126564671,VOICE,1,404446338186619,352115924164061,Mumbai_BTS_003,404-45-334-070,Mumbai
CDR202600035285,2025-10-14,13:34:38,+919256264316,+919169726559,VOICE,441,404504327748677,356164543648007,Rajasthan_BTS_019,404-45-471-900,Rajasthan
CDR202600035294,2025-12-04,01:52:37,+916221886111,+917780325783,VOICE,36,404238644817176,353000349574298,WestBengal_BTS_002,404-45-355-683,West Bengal
CDR202600035301,2025-12-28,12:28:29,+917007109452,+918386857947,VOICE,249,404062512377675,351674992751902,Maharashtra_BTS_009,404-45-646-747,Maharashtra
CDR202600035310,2025-02-17,15:53:16,+916106868890,+919067451230,VOICE,381,404740539446250,356204056466595,Karnataka_BTS_006,404-45-813-981,Karnataka
CDR202600035364,2025-08-20,22:28:14,+918845391323,+919685723915,VOICE,40,404127083355935,356904855075656,Maharashtra_BTS_008,404-45-799-664,Maharashtra
CDR202600035385,2025-06-14,15:44:57,+917664977995,+917562756713,SMS,0,404785793998321,354929384251716,Rajasthan_BTS_019,404-45-471-900,Rajasthan
CDR202600035399,2025-11-07,23:44:18,+918648302799,+918716064205,VOICE,18,404022366628291,354236179385382,Rajasthan_BTS_001,404-45-670-225,Rajasthan
CDR202600035412,2025-01-15,03:51:46,+917862795714,+919390373823,VOICE,192,404560757312807,357768701760648,Mumbai_BTS_007,404-45-516-195,Mumbai
CDR202600035415,2025-05-10,03:15:54,+917045154448,+918911926051,VOICE,31,404275577488706,357488860604901,Mumbai_BTS_005,404-45-626-244,Mumbai
CDR202600035425,2025-08-24,01:21:37,+919316737376,+916036443227,VOICE,80,404029477845975,353027003969706,Gujarat_BTS_006,404-45-833-666,Gujarat
CDR202600035429,2025-03-27,15:27:53,+919381316417,+917013936970,VOICE,47,404373274029094,352702572806362,Delhi_BTS_002,404-45-878-546,Delhi
CDR202600035455,2025-08-01,08:27:24,+917557453534,+918324188515,VOICE,94,404250440816814,354929303456532,Rajasthan_BTS_004,404-45-374-068,Rajasthan
CDR202600035460,2025-09-29,18:29:12,+919855356152,+918761808684,VOICE,139,404898124736120,357894467907132,UttarPradesh_BTS_013,404-45-552-565,Uttar Pradesh
CDR202600035462,2025-12-04,03:25:42,+918796161147,+918637905716,VOICE,59,404766512968193,355616605217304,Rajasthan_BTS_001,404-45-801-333,Rajasthan
CDR202600035486,2025-10-07,20:25:41,+919535247972,+917705202761,VOICE,52,404405082833812,355256365859960,Rajasthan_BTS_001,404-45-755-705,Rajasthan
CDR202600035490,2025-12-04,13:49:42,+919271751256,+918594552572,MISSED,0,404752074444111,355742381257348,Mumbai_BTS_006,404-45-235-741,Mumbai
CDR202600035505,2025-02-25,06:41:06,+917182616036,+918144656001,VOICE,5,404287210661098,356845503569367,Maharashtra_BTS_005,404-45-181-876,Maharashtra
CDR202600035506,2025-02-18,22:20:10,+916806991506,+918543409847,MISSED,0,404003519968866,357745376422967,Gujarat_BTS_003,404-45-704-433,Gujarat
CDR202600035514,2025-09-19,04:57:18,+919505180197,+919181703697,VOICE,78,404454347295430,352814461180368,Maharashtra_BTS_008,404-45-799-664,Maharashtra
CDR202600035531,2025-04-02,03:57:44,+917196407916,+919190116831,VOICE,220,404937102756234,356619429087337,Rajasthan_BTS_013,404-45-400-446,Rajasthan
CDR202600035538,2025-07-19,21:32:53,+917633222752,+916195507250,VOICE,65,404076294307221,359048534762084,TamilNadu_BTS_001,404-45-698-489,Tamil Nadu
CDR202600035565,2025-06-09,00:04:05,+916383468041,+917623048081,VOICE,319,404336734181053,356868615408500,UttarPradesh_BTS_001,404-45-371-406,Uttar Pradesh
CDR202600035577,2025-10-19,23:01:48,+917084041063,+918386857947,VOICE,117,404066049001679,350897040374863,Mumbai_BTS_007,404-45-348-804,Mumbai
CDR202600035588,2025-06-28,19:06:15,+918025710015,+919429605845,SMS,0,404188259140845,353526264567989,Karnataka_BTS_005,404-45-902-804,Karnataka
CDR202600035590,2025-08-21,12:41:34,+919034189040,+918418480166,VOICE,36,404946122233170,354885580133757,Rajasthan_BTS_004,404-45-835-323,Rajasthan
CDR202600035593,2025-01-05,21:09:36,+919168612085,+917062207522,SMS,0,404975810072801,351883517587492,Maharashtra_BTS_007,404-45-473-167,Maharashtra
CDR202600035595,2025-01-06,23:13:27,+918072057980,+916758605522,VOICE,4,404811633036198,350453254497158,Rajasthan_BTS_004,404-45-680-898,Rajasthan
CDR202600035606,2025-12-15,12:05:31,+918845391323,+916667280391,VOICE,120,404127083355935,356904855075656,Rajasthan_BTS_013,404-45-448-115,Rajasthan
CDR202600035614,2025-10-28,13:14:52,+917283986142,+919875068923,VOICE,51,404404456173393,358691735314663,Rajasthan_BTS_014,404-45-564-004,Rajasthan
CDR202600035615,2025-04-15,07:30:39,+919636959020,+918172548486,VOICE,113,404099133980065,359938388943184,Gujarat_BTS_007,404-45-106-778,Gujarat
CDR202600035616,2025-10-27,13:45:11,+916983480372,+918398502315,VOICE,213,404471825872070,354926761999127,Gujarat_BTS_001,404-45-859-282,Gujarat
CDR202600035617,2025-04-11,23:57:08,+919931834618,+916023272724,VOICE,70,404290302592888,358128578280169,WestBengal_BTS_001,404-45-915-996,West Bengal
CDR202600035628,2025-08-24,09:17:06,+919239887983,+918822202435,SMS,0,404705847868417,359769087951779,Karnataka_BTS_006,404-45-848-803,Karnataka
CDR202600035632,2025-11-13,22:16:19,+918010275772,+917705202761,VOICE,14,404115183772935,352833508190840,Rajasthan_BTS_019,404-45-471-900,Rajasthan
CDR202600035661,2025-01-24,06:16:37,+919750518334,+916894213212,VOICE,17,404680770705936,356028474473915,UttarPradesh_BTS_014,404-45-214-078,Uttar Pradesh
CDR202600035667,2025-07-29,01:30:30,+919372873392,+919107156961,VOICE,132,404301993167344,357991519174120,TamilNadu_BTS_001,404-45-614-942,Tamil Nadu
CDR202600035669,2025-12-19,15:54:52,+919611058482,+916900513165,VOICE,15,404397536453971,356864902196456,Maharashtra_BTS_001,404-45-881-345,Maharashtra
CDR202600035675,2025-01-15,16:19:11,+919484302634,+917259833994,VOICE,24,404472287228034,359214823904679,UttarPradesh_BTS_003,404-45-736-577,Uttar Pradesh
CDR202600035686,2025-12-08,19:05:55,+917209638279,+918805946705,VOICE,317,404371840127821,355184127823467,UttarPradesh_BTS_004,404-45-457-903,Uttar Pradesh
CDR202600035696,2025-12-02,09:36:13,+916720582936,+916915135144,VOICE,70,404245556217118,353140537561877,Gujarat_BTS_001,404-45-859-282,Gujarat
CDR202600035724,2025-01-09,03:36:22,+916015450890,+918714145702,VOICE,140,404750997518237,359822844509046,TamilNadu_BTS_004,404-45-513-123,Tamil Nadu
CDR202600035732,2025-09-10,22:19:13,+917008518494,+918717116522,VOICE,97,404850514466796,356068050777483,Mumbai_BTS_010,404-45-296-195,Mumbai
CDR202600035753,2025-02-23,18:19:47,+917925858670,+917702040182,VOICE,321,404387743414012,354463561590331,Delhi_BTS_006,404-45-548-922,Delhi
CDR202600035757,2025-11-19,14:58:11,+918250832253,+919073813244,VOICE,93,404503253330887,357080921572208,Mumbai_BTS_008,404-45-155-690,Mumbai
CDR202600035786,2025-03-03,11:28:04,+917537891077,+918661731585,VOICE,18,404714731371397,358775507928771,Mumbai_BTS_009,404-45-162-413,Mumbai
CDR202600035798,2025-05-31,00:15:44,+919201543551,+919101709809,VOICE,21,404365463826937,350736888292383,Rajasthan_BTS_005,404-45-771-512,Rajasthan
CDR202600035801,2025-06-17,03:08:54,+917247554043,+919794732472,VOICE,59,404382716172330,354973521633353,Karnataka_BTS_006,404-45-848-803,Karnataka
CDR202600035806,2025-04-14,22:30:11,+919141257788,+916721272168,SMS,0,404696803941980,350071394564876,UttarPradesh_BTS_010,404-45-308-704,Uttar Pradesh
CDR202600035807,2025-01-30,13:21:46,+916669831997,+917696374277,VOICE,16,404769709997524,353538357266294,Karnataka_BTS_005,404-45-102-400,Karnataka
CDR202600035822,2025-11-05,04:32:41,+918936078508,+918288806042,VOICE,58,404986839996157,352059192617486,UttarPradesh_BTS_006,404-45-726-827,Uttar Pradesh
CDR202600035823,2025-07-23,13:26:11,+918696518496,+918176901424,VOICE,29,404446955706436,351926192706658,UttarPradesh_BTS_007,404-45-370-119,Uttar Pradesh
CDR202600035845,2025-03-06,06:53:51,+919012273494,+918710128998,VOICE,94,404235376981388,359329896777630,Rajasthan_BTS_010,404-45-494-391,Rajasthan
CDR202600035853,2025-11-25,15:22:21,+919816773749,+919491115602,VOICE,42,404625189013788,357615887816429,UttarPradesh_BTS_012,404-45-441-790,Uttar Pradesh
CDR202600035858,2025-06-16,06:35:57,+917790056636,+918734604354,MISSED,0,404234553874690,359037807415142,Karnataka_BTS_006,404-45-835-499,Karnataka
CDR202600035861,2025-04-11,12:35:01,+918966735221,+919307958540,VOICE,56,404619157727644,358327383949328,Rajasthan_BTS_016,404-45-961-655,Rajasthan
CDR202600035870,2025-05-14,11:18:38,+918477793470,+917589983307,VOICE,136,404372065166047,353858832743102,WestBengal_BTS_001,404-45-981-041,West Bengal
CDR202600035903,2025-03-08,04:41:49,+918310460462,+919622195421,VOICE,39,404376649331652,354775998622848,Mumbai_BTS_006,404-45-235-741,Mumbai
CDR202600035934,2025-03-28,16:18:49,+916213343596,+919144825757,VOICE,60,404281537805585,359075711559117,Delhi_BTS_003,404-45-662-170,Delhi
CDR202600035935,2025-01-21,05:10:24,+919956147272,+918302224960,VOICE,353,404750729531744,351991337979179,UttarPradesh_BTS_002,404-45-568-324,Uttar Pradesh
CDR202600035940,2025-02-25,06:22:47,+918941328849,+918966735221,VOICE,270,404025674156743,353284214557875,Gujarat_BTS_007,404-45-106-778,Gujarat
CDR202600035964,2025-01-27,23:48:18,+919952672380,+916107926886,VOICE,5,404806217366746,358909741233391,TamilNadu_BTS_002,404-45-158-984,Tamil Nadu
CDR202600035976,2025-06-15,19:45:56,+918854666127,+917996736952,SMS,0,404022925067399,351290751329413,Mumbai_BTS_004,404-45-980-339,Mumbai
CDR202600035983,2025-01-31,07:29:16,+916507792328,+918078483616,VOICE,110,404857481908212,352993443271608,WestBengal_BTS_001,404-45-415-374,West Bengal
CDR202600035987,2025-03-31,20:07:55,+918731352811,+917740841180,VOICE,88,404329175590428,355261993747074,Mumbai_BTS_007,404-45-196-100,Mumbai
CDR202600036006,2025-08-02,00:44:52,+917530311906,+919855317839,VOICE,284,404568495988764,354298571463567,Delhi_BTS_005,404-45-830-320,Delhi
CDR202600036019,2025-08-17,11:40:18,+919158689955,+918250075519,VOICE,317,404706577974074,355413066709480,Rajasthan_BTS_018,404-45-713-332,Rajasthan
CDR202600036030,2025-06-02,17:29:45,+917637125202,+917163892412,VOICE,20,404932530171583,351573085317786,Mumbai_BTS_010,404-45-296-195,Mumbai
CDR202600036040,2025-01-15,01:45:39,+918319944674,+916730084407,VOICE,14,404806274449316,353720449121324,UttarPradesh_BTS_001,404-45-371-406,Uttar Pradesh
CDR202600036043,2025-05-17,04:49:24,+916720582936,+918318530035,VOICE,51,404245556217118,353140537561877,WestBengal_BTS_006,404-45-906-719,West Bengal
CDR202600036044,2025-03-09,17:51:09,+916165495106,+918872498273,SMS,0,404575098413284,350697299629506,UttarPradesh_BTS_001,404-45-371-406,Uttar Pradesh
CDR202600036047,2025-08-08,00:07:24,+918948299991,+919366164165,VOICE,50,404484800360225,351234402167000,TamilNadu_BTS_003,404-45-170-610,Tamil Nadu
CDR202600036079,2025-05-14,22:20:43,+916009017229,+916546258705,VOICE,212,404164672702254,355763030352940,UttarPradesh_BTS_014,404-45-214-078,Uttar Pradesh
CDR202600036108,2025-03-31,19:51:22,+916604663553,+918959149141,VOICE,70,404866060494198,350843090361211,Rajasthan_BTS_016,404-45-303-157,Rajasthan
CDR202600036113,2025-03-26,18:16:56,+918981533864,+917359817096,VOICE,178,404266293801277,358262898690810,UttarPradesh_BTS_001,404-45-371-406,Uttar Pradesh
CDR202600036119,2025-08-10,16:52:36,+917885171272,+919972195291,VOICE,57,404250955064612,356429030607783,Delhi_BTS_005,404-45-830-320,Delhi
CDR202600036123,2025-12-23,17:03:45,+916213343596,+917750278430,VOICE,34,404281537805585,359075711559117,Delhi_BTS_004,404-45-652-774,Delhi
CDR202600036131,2025-09-01,06:09:00,+918073269811,+917702672131,VOICE,18,404228986043786,356501440284578,UttarPradesh_BTS_002,404-45-174-010,Uttar Pradesh
CDR202600036143,2025-03-14,14:26:01,+916999450930,+917653381122,MISSED,0,404412125449956,350501338459360,Rajasthan_BTS_006,404-45-242-253,Rajasthan
CDR202600036164,2025-06-02,01:36:45,+918033289943,+919067451230,VOICE,72,404908531283073,352603289881940,UttarPradesh_BTS_012,404-45-233-653,Uttar Pradesh
CDR202600036177,2025-06-21,23:12:02,+916589740397,+918434942218,VOICE,196,404277629331020,352820835556871,Rajasthan_BTS_019,404-45-951-827,Rajasthan
CDR202600036192,2025-05-12,17:29:35,+916165308804,+919400214959,VOICE,28,404230387876950,350197542484726,TamilNadu_BTS_003,404-45-170-610,Tamil Nadu
CDR202600036206,2025-04-13,05:06:20,+917351038836,+919063742023,VOICE,486,404258896972632,359391960015643,WestBengal_BTS_005,404-45-901-954,West Bengal
CDR202600036207,2025-11-25,17:50:52,+916514444241,+918406330678,VOICE,132,404954341991008,353505173710886,UttarPradesh_BTS_011,404-45-357-928,Uttar Pradesh
CDR202600036237,2025-12-23,06:50:49,+919327809757,+917842910816,MISSED,0,404363762750299,358906664995036,Mumbai_BTS_002,404-45-702-226,Mumbai
CDR202600036246,2025-10-14,06:54:37,+916491497592,+919777540070,VOICE,617,404604190598025,352139664636796,Rajasthan_BTS_010,404-45-494-391,Rajasthan
CDR202600036281,2025-03-12,22:58:18,+918834032987,+918308876815,VOICE,188,404701152964180,356446486924105,Rajasthan_BTS_018,404-45-713-332,Rajasthan
CDR202600036294,2025-08-09,07:08:16,+917947339562,+916250502536,VOICE,56,404792349667077,355008504010930,Rajasthan_BTS_019,404-45-471-900,Rajasthan
CDR202600036324,2025-04-10,08:05:31,+917751254001,+919372873392,VOICE,250,404567561151926,353506940905068,WestBengal_BTS_002,404-45-205-363,West Bengal
CDR202600036330,2025-01-05,16:10:05,+918705621158,+919417781375,VOICE,273,404824520758983,350623404998400,UttarPradesh_BTS_015,404-45-658-037,Uttar Pradesh
CDR202600036345,2025-03-08,05:55:53,+917057082774,+916718698921,VOICE,86,404604622486338,356022040892141,Delhi_BTS_005,404-45-508-688,Delhi
CDR202600036361,2025-06-29,05:49:11,+917652574775,+917767747028,VOICE,66,404120655907786,352029070658288,Rajasthan_BTS_001,404-45-755-705,Rajasthan
CDR202600036365,2025-05-12,12:59:46,+917882935563,+916306053410,SMS,0,404969674654992,356294606328765,Rajasthan_BTS_004,404-45-374-068,Rajasthan
CDR202600036389,2025-01-22,06:01:58,+919541078632,+919055047760,MISSED,0,404187617504206,356941933406067,UttarPradesh_BTS_013,404-45-822-438,Uttar Pradesh
CDR202600036390,2025-08-15,21:07:46,+918274235495,+918022731031,VOICE,55,404351347791651,350838226127880,UttarPradesh_BTS_014,404-45-214-078,Uttar Pradesh
CDR202600036410,2025-10-23,03:05:04,+919259810548,+918357334243,VOICE,110,404328239196440,355231149275534,WestBengal_BTS_002,404-45-315-699,West Bengal
CDR202600036412,2025-05-17,06:09:22,+918891832608,+916094464673,SMS,0,404134652979588,352845309773784,Rajasthan_BTS_013,404-45-887-657,Rajasthan
CDR202600036418,2025-03-09,19:31:54,+917190444185,+917607470123,VOICE,2,404672251893467,356729489790697,Gujarat_BTS_002,404-45-854-105,Gujarat
CDR202600036424,2025-04-07,04:28:33,+917537891077,+919569890683,VOICE,26,404714731371397,358775507928771,UttarPradesh_BTS_007,404-45-999-138,Uttar Pradesh
CDR202600036431,2025-08-02,07:38:03,+919572350182,+916514444241,SMS,0,404474316403000,352991293698275,Mumbai_BTS_008,404-45-462-434,Mumbai
CDR202600036454,2025-05-06,03:21:38,+917088277832,+919925875892,VOICE,30,404727065173961,358073292772345,Gujarat_BTS_007,404-45-928-891,Gujarat
CDR202600036464,2025-12-01,13:35:14,+918386857947,+918238222803,VOICE,24,404078416980158,354034089734219,UttarPradesh_BTS_007,404-45-779-107,Uttar Pradesh
CDR202600036468,2025-01-26,15:58:27,+916957528120,+918297232808,VOICE,211,404456196355099,353643131730151,Maharashtra_BTS_005,404-45-181-876,Maharashtra
CDR202600036480,2025-02-18,05:23:03,+919870069397,+918130444799,VOICE,3,404554549258699,358180019649407,Rajasthan_BTS_016,404-45-961-655,Rajasthan
CDR202600036529,2025-03-13,01:36:01,+919531034512,+919544969039,VOICE,186,404210968278217,358886667692430,Karnataka_BTS_006,404-45-835-499,Karnataka
CDR202600036538,2025-11-16,10:02:02,+916459441639,+917582123824,VOICE,38,404565046361968,353802504484345,Mumbai_BTS_011,404-45-573-256,Mumbai
CDR202600036584,2025-09-07,00:19:07,+917203514216,+916882713712,VOICE,297,404739385738996,356635539338386,Maharashtra_BTS_003,404-45-649-128,Maharashtra
CDR202600036620,2025-04-08,22:43:01,+917409341016,+919584322916,VOICE,2,404366944217332,350374112466494,Rajasthan_BTS_017,404-45-880-166,Rajasthan
CDR202600036689,2025-07-12,21:03:38,+919390373823,+919420988874,VOICE,149,404644299712659,357932801799654,Mumbai_BTS_010,404-45-211-255,Mumbai
CDR202600036697,2025-08-09,20:18:39,+918236349159,+918521724840,VOICE,380,404767944169204,359544269880685,UttarPradesh_BTS_002,404-45-174-010,Uttar Pradesh
CDR202600036707,2025-10-31,02:59:34,+918270857685,+919581250815,SMS,0,404717231005437,358524930868103,TamilNadu_BTS_002,404-45-158-984,Tamil Nadu
CDR202600036718,2025-11-11,22:22:21,+919298342479,+916055618719,VOICE,16,404499213326899,357115419747367,Rajasthan_BTS_013,404-45-448-115,Rajasthan
CDR202600036748,2025-09-22,09:37:24,+917008518494,+919346555742,VOICE,157,404850514466796,356068050777483,Gujarat_BTS_002,404-45-854-105,Gujarat
CDR202600036755,2025-06-30,05:37:28,+917026149618,+916162337929,MISSED,0,404119409185580,355728433651590,Rajasthan_BTS_002,404-45-334-842,Rajasthan
CDR202600036774,2025-01-03,14:08:41,+919343914928,+918484984140,VOICE,9,404950575916425,354543481198247,WestBengal_BTS_001,404-45-981-041,West Bengal
CDR202600036825,2025-05-05,05:04:56,+917729161160,+919545242691,VOICE,13,404598284873191,354986526025125,Karnataka_BTS_006,404-45-848-803,Karnataka
CDR202600036837,2025-04-30,23:44:10,+916405134888,+917276462548,SMS,0,404928533489829,357856220782707,Rajasthan_BTS_009,404-45-911-697,Rajasthan
CDR202600036840,2025-08-18,02:20:35,+916287445230,+918431994101,VOICE,104,404744465201999,353927035269754,UttarPradesh_BTS_006,404-45-108-684,Uttar Pradesh
CDR202600036842,2025-07-28,15:31:43,+919972880601,+917988547230,VOICE,278,404209485506141,355123346022707,Mumbai_BTS_010,404-45-296-195,Mumbai
CDR202600036850,2025-12-31,23:17:16,+918250075519,+917692386213,SMS,0,404574503330800,357456086029818,UttarPradesh_BTS_004,404-45-457-903,Uttar Pradesh
CDR202600036862,2025-02-02,10:57:36,+917529071926,+917310105297,VOICE,10,404700536957454,353764527260375,Rajasthan_BTS_013,404-45-448-115,Rajasthan
CDR202600036870,2025-07-17,02:15:19,+919497845557,+918206334544,MISSED,0,404099337143569,354520138188966,Gujarat_BTS_002,404-45-328-143,Gujarat
CDR202600036871,2025-09-23,14:01:08,+919075161331,+917477895275,VOICE,462,404356067612154,350210830750689,UttarPradesh_BTS_013,404-45-265-760,Uttar Pradesh
CDR202600036890,2025-05-05,07:59:02,+917765785944,+919419470440,VOICE,219,404900824727003,352958580177614,Rajasthan_BTS_009,404-45-742-164,Rajasthan
CDR202600036891,2025-03-21,04:24:00,+917578755608,+919393284509,VOICE,119,404069542185148,358219555822950,Mumbai_BTS_002,404-45-702-226,Mumbai
CDR202600036905,2025-05-25,15:38:56,+919558813015,+919045306773,VOICE,200,404519459683527,357066675889368,TamilNadu_BTS_005,404-45-734-084,Tamil Nadu
CDR202600036924,2025-12-28,11:23:14,+918317688836,+916644086226,VOICE,133,404473287024147,355599640308143,UttarPradesh_BTS_015,404-45-954-379,Uttar Pradesh
CDR202600036925,2025-12-02,14:29:25,+917936178367,+917636840069,VOICE,287,404965395347489,359391787896901,Rajasthan_BTS_004,404-45-316-936,Rajasthan
CDR202600036934,2025-04-10,04:20:22,+918733363458,+917694064296,MISSED,0,404964620229276,351879029743038,WestBengal_BTS_006,404-45-906-719,West Bengal
CDR202600036950,2025-07-08,10:01:05,+918164157801,+917173526045,VOICE,624,404522350139693,352851083099973,Delhi_BTS_004,404-45-847-707,Delhi
CDR202600036965,2025-09-09,22:20:54,+917763737956,+918186295994,VOICE,125,404644503473205,358142455815617,Karnataka_BTS_006,404-45-813-981,Karnataka
CDR202600036984,2025-04-26,10:01:10,+918543409847,+918355973640,VOICE,23,404133684146761,358799185457500,Gujarat_BTS_005,404-45-338-518,Gujarat
CDR202600036993,2025-08-28,07:48:11,+917519395646,+916844164460,VOICE,94,404948771245654,354792653657991,Rajasthan_BTS_019,404-45-471-900,Rajasthan
CDR202600037008,2025-09-07,00:10:40,+918513652338,+917555049487,VOICE,338,404348804437862,358559391348291,TamilNadu_BTS_006,404-45-423-958,Tamil Nadu
CDR202600037016,2025-09-26,07:38:48,+919103727726,+916587541476,VOICE,166,404252884706384,354824918124310,Mumbai_BTS_007,404-45-516-195,Mumbai
CDR202600037024,2025-04-23,09:32:47,+916653181892,+918666798076,VOICE,106,404609560643333,358623804256644,Rajasthan_BTS_004,404-45-230-043,Rajasthan
CDR202600037027,2025-11-06,11:04:53,+916015450890,+918883427632,VOICE,395,404750997518237,359822844509046,Gujarat_BTS_008,404-45-448-285,Gujarat
CDR202600037041,2025-01-11,09:42:35,+916626409186,+919327922584,VOICE,25,404186217417664,350656739866034,Delhi_BTS_001,404-45-180-088,Delhi
CDR202600037042,2025-06-11,07:09:29,+918335471524,+916326243819,VOICE,13,404943595860397,350947287373773,UttarPradesh_BTS_013,404-45-265-760,Uttar Pradesh
CDR202600037074,2025-10-15,08:09:49,+918796161147,+916244500669,SMS,0,404766512968193,355616605217304,Delhi_BTS_006,404-45-223-254,Delhi
CDR202600037106,2025-11-04,05:26:31,+919683965369,+917568309736,VOICE,228,404001022725062,352740780759026,Rajasthan_BTS_009,404-45-742-164,Rajasthan
CDR202600037109,2025-03-01,03:32:18,+917610758846,+919300467117,SMS,0,404769864598956,350037550320406,Rajasthan_BTS_015,404-45-208-892,Rajasthan
CDR202600037162,2025-06-05,17:01:49,+918691474515,+917880755294,VOICE,239,404309677678014,357032343249230,Rajasthan_BTS_003,404-45-924-324,Rajasthan
CDR202600037180,2025-04-23,19:40:25,+919429605845,+918917058490,VOICE,40,404012631446390,352762811304640,WestBengal_BTS_002,404-45-205-363,West Bengal
CDR202600037187,2025-04-04,02:53:05,+918103429700,+919099798724,VOICE,239,404614274347578,354853870505418,UttarPradesh_BTS_003,404-45-618-272,Uttar Pradesh
CDR202600037189,2025-12-11,19:31:58,+917735485215,+918954038504,SMS,0,404728124858243,358086800977957,Rajasthan_BTS_006,404-45-242-253,Rajasthan
CDR202600037201,2025-03-06,23:28:01,+917384690203,+917806464417,VOICE,140,404298933321133,359860275948935,Rajasthan_BTS_001,404-45-755-705,Rajasthan
CDR202600037224,2025-01-07,01:49:13,+917310983111,+919253446305,VOICE,61,404773058174668,350742010959527,Maharashtra_BTS_009,404-45-350-168,Maharashtra
CDR202600037229,2025-07-22,09:15:08,+918175293565,+919860882785,VOICE,126,404083294532546,351810902008863,Mumbai_BTS_010,404-45-211-255,Mumbai
CDR202600037260,2025-09-03,23:15:14,+917130471845,+918059243421,VOICE,42,404958366915937,354132099107018,UttarPradesh_BTS_010,404-45-308-704,Uttar Pradesh
CDR202600037265,2025-03-08,00:46:13,+917154368501,+917815142697,VOICE,122,404564636177880,352037415034750,Maharashtra_BTS_009,404-45-350-168,Maharashtra
CDR202600037328,2025-02-26,17:28:23,+918020043388,+919040634063,VOICE,344,404863445061644,357536725829170,Gujarat_BTS_005,404-45-716-028,Gujarat
CDR202600037334,2025-05-06,20:23:00,+916308738289,+917810974595,VOICE,183,404709937393612,351921504599232,Rajasthan_BTS_006,404-45-862-575,Rajasthan
CDR202600037348,2025-02-06,20:29:01,+918129292740,+919271437076,SMS,0,404262439678237,350669312439364,UttarPradesh_BTS_005,404-45-261-449,Uttar Pradesh
CDR202600037371,2025-06-15,19:49:19,+917104046990,+919976782155,VOICE,9,404368009135949,353968496632566,UttarPradesh_BTS_002,404-45-174-010,Uttar Pradesh
CDR202600037382,2025-10-15,23:12:06,+918482790701,+916350110397,VOICE,90,404713676039784,357578795637100,Gujarat_BTS_008,404-45-448-285,Gujarat
CDR202600037407,2025-04-17,14:30:13,+918072478648,+918189052200,VOICE,41,404376090400440,355029339287652,Maharashtra_BTS_005,404-45-181-876,Maharashtra
CDR202600037409,2025-01-05,03:46:28,+919231061132,+919593322422,SMS,0,404354424882161,351018485238276,UttarPradesh_BTS_006,404-45-726-827,Uttar Pradesh
CDR202600037413,2025-07-16,14:00:00,+918322043815,+917994574635,VOICE,46,404724746072270,352263494797375,Maharashtra_BTS_002,404-45-718-271,Maharashtra
CDR202600037419,2025-01-27,10:11:51,+919774343936,+917871807770,VOICE,261,404951666746468,354407829397723,UttarPradesh_BTS_003,404-45-202-076,Uttar Pradesh
CDR202600037439,2025-12-01,12:38:47,+916564902284,+918825273229,SMS,0,404598620327583,355925252229032,Maharashtra_BTS_005,404-45-891-297,Maharashtra
CDR202600037450,2025-02-26,22:09:15,+917041620315,+919271656885,VOICE,9,404623709426280,359604346708639,WestBengal_BTS_004,404-45-522-026,West Bengal
CDR202600037460,2025-12-15,15:14:35,+918322227846,+917234622342,VOICE,114,404345199654552,359729507880276,Delhi_BTS_004,404-45-652-774,Delhi
CDR202600037484,2025-03-08,02:16:33,+919105275211,+918649972048,VOICE,58,404621038052111,356593958725004,Rajasthan_BTS_004,404-45-374-068,Rajasthan
CDR202600037488,2025-12-13,06:12:36,+916421167302,+918553866542,VOICE,81,404851789797452,352208958646603,Mumbai_BTS_011,404-45-287-286,Mumbai
CDR202600037500,2025-10-14,11:47:38,+917290527410,+917103776964,VOICE,32,404406451196647,350489119147300,WestBengal_BTS_002,404-45-315-699,West Bengal
CDR202600037531,2025-02-03,06:42:13,+919956147272,+917951839442,VOICE,21,404750729531744,351991337979179,Delhi_BTS_001,404-45-180-088,Delhi
CDR202600037538,2025-12-20,12:55:37,+918679080624,+916858960592,VOICE,70,404302097796718,354235010097020,Maharashtra_BTS_002,404-45-199-368,Maharashtra
CDR202600037541,2025-05-24,00:18:35,+917288253303,+916605441163,VOICE,43,404090458749823,351373108624463,Delhi_BTS_002,404-45-231-676,Delhi
CDR202600037558,2025-11-20,22:34:06,+917192924908,+916708604963,VOICE,225,404172483772626,358038827291554,Delhi_BTS_002,404-45-231-676,Delhi
CDR202600037563,2025-07-27,20:44:10,+919346979515,+916720582936,VOICE,576,404863373518011,357661821452108,Gujarat_BTS_001,404-45-859-282,Gujarat
CDR202600037577,2025-07-14,18:22:49,+919509974247,+919367772799,VOICE,121,404943643402757,358496065849365,TamilNadu_BTS_004,404-45-513-123,Tamil Nadu
CDR202600037586,2025-07-07,01:57:54,+919024509354,+916554101852,VOICE,54,404892908169664,359520037322358,Gujarat_BTS_002,404-45-328-143,Gujarat
CDR202600037609,2025-05-07,15:20:10,+918923753278,+917689714954,VOICE,200,404758048324329,358918313160680,UttarPradesh_BTS_003,404-45-202-076,Uttar Pradesh
CDR202600037624,2025-09-14,20:03:40,+917259833994,+917501730315,VOICE,14,404306363934535,353753978039457,UttarPradesh_BTS_009,404-45-719-216,Uttar Pradesh
CDR202600037626,2025-01-25,12:50:07,+919208418675,+916769007696,VOICE,102,404590182667932,355512778050371,Mumbai_BTS_002,404-45-107-073,Mumbai
CDR202600037694,2025-04-22,18:23:16,+916605441163,+917526040352,VOICE,107,404207652835216,355094604612376,Karnataka_BTS_004,404-45-985-411,Karnataka
CDR202600037707,2025-10-01,16:46:45,+917144456019,+918578598723,VOICE,115,404351593922800,355261324711746,Karnataka_BTS_005,404-45-102-400,Karnataka
CDR202600037713,2025-08-28,13:06:50,+919463437589,+916791902612,VOICE,43,404061102930063,354049752383955,UttarPradesh_BTS_012,404-45-441-790,Uttar Pradesh
CDR202600037714,2025-02-18,16:51:30,+918130444799,+918817131391,VOICE,386,404626996628807,356707391539797,WestBengal_BTS_001,404-45-415-374,West Bengal
CDR202600037719,2025-09-14,10:13:07,+919689954668,+917198208675,VOICE,155,404962482169580,354487431859263,TamilNadu_BTS_004,404-45-683-253,Tamil Nadu
CDR202600037739,2025-03-30,11:36:15,+917221606897,+919591086088,VOICE,281,404148061648631,357336098013521,UttarPradesh_BTS_006,404-45-769-542,Uttar Pradesh
CDR202600037762,2025-08-04,16:50:40,+919434432941,+918223902580,VOICE,158,404516931375796,355447076261866,Delhi_BTS_006,404-45-223-254,Delhi
CDR202600037766,2025-07-09,16:09:19,+916768200913,+918928248668,VOICE,13,404313833588735,353694004035084,Rajasthan_BTS_007,404-45-470-225,Rajasthan
CDR202600037770,2025-10-06,08:28:04,+917763435509,+919755692262,VOICE,140,404068104952284,353695885014262,Rajasthan_BTS_019,404-45-471-900,Rajasthan
CDR202600037785,2025-12-25,10:12:08,+916513792801,+918736319643,VOICE,359,404936780270038,358789729506336,WestBengal_BTS_001,404-45-415-374,West Bengal
CDR202600037820,2025-05-26,03:45:21,+919455952326,+918109731678,VOICE,168,404800229024968,358890339059643,Gujarat_BTS_003,404-45-704-433,Gujarat
CDR202600037826,2025-10-23,02:18:50,+916349996149,+916341686359,VOICE,74,404950384495616,358894286670074,Mumbai_BTS_008,404-45-984-747,Mumbai
CDR202600037829,2025-01-22,08:33:36,+919677767865,+919215789083,VOICE,8,404759768258383,351354997031773,Maharashtra_BTS_009,404-45-350-168,Maharashtra
CDR202600037848,2025-03-04,05:49:42,+919337978652,+918384683372,VOICE,57,404472324245813,355879955063979,UttarPradesh_BTS_005,404-45-261-449,Uttar Pradesh
CDR202600037872,2025-06-26,05:24:05,+919712276284,+916653181892,VOICE,87,404884181807490,353418489915238,Maharashtra_BTS_005,404-45-181-876,Maharashtra
CDR202600037890,2025-06-03,00:17:57,+917587843634,+918338229837,VOICE,163,404937871181362,352315460896745,WestBengal_BTS_003,404-45-258-948,West Bengal
CDR202600037895,2025-02-07,12:14:45,+919997414475,+918338229837,VOICE,34,404940111264444,350959247621531,Karnataka_BTS_005,404-45-565-293,Karnataka
CDR202600037901,2025-09-24,14:54:53,+919430768366,+917781855378,VOICE,219,404683154842446,352246312336749,Rajasthan_BTS_019,404-45-471-900,Rajasthan
CDR202600037909,2025-11-11,12:16:48,+918132420926,+919428385477,VOICE,128,404387050182283,354164549934649,Karnataka_BTS_003,404-45-597-493,Karnataka
CDR202600037926,2025-10-27,21:55:40,+916423394663,+918407468479,VOICE,51,404897358560463,358590262957590,Rajasthan_BTS_011,404-45-796-739,Rajasthan
CDR202600037930,2025-08-12,16:14:10,+919787608552,+919994011147,VOICE,14,404842899000349,356160113223957,Mumbai_BTS_011,404-45-573-256,Mumbai
CDR202600037931,2025-12-25,07:46:37,+919624915154,+919620013273,MISSED,0,404171441749762,353871475821544,Gujarat_BTS_005,404-45-338-518,Gujarat
CDR202600037932,2025-01-02,06:37:46,+917160405940,+918734871656,VOICE,98,404802451264106,351347876309057,Rajasthan_BTS_017,404-45-652-977,Rajasthan
CDR202600037935,2025-03-06,01:57:37,+917913725296,+917296545785,VOICE,121,404655173379642,350982553980871,UttarPradesh_BTS_004,404-45-457-903,Uttar Pradesh
CDR202600037941,2025-02-02,04:39:57,+916128360278,+916268821410,VOICE,254,404445901407212,355787640770795,Delhi_BTS_006,404-45-223-254,Delhi
CDR202600037948,2025-09-23,21:27:44,+916018950497,+916929778360,VOICE,292,404427107605994,358925740673790,Mumbai_BTS_010,404-45-296-195,Mumbai
CDR202600037950,2025-08-04,17:33:20,+916405134888,+919082665482,VOICE,89,404928533489829,357856220782707,Delhi_BTS_006,404-45-548-922,Delhi
CDR202600037985,2025-06-25,05:05:22,+917139435997,+917828434199,VOICE,43,404775867779992,353641324305350,Rajasthan_BTS_002,404-45-334-842,Rajasthan
CDR202600037989,2025-02-14,19:28:42,+918886151686,+918862032198,SMS,0,404838733857404,359310261797685,Maharashtra_BTS_008,404-45-818-960,Maharashtra
CDR202600037995,2025-01-24,18:56:11,+916774850187,+919197997797,VOICE,708,404069079530999,350649818456425,Mumbai_BTS_010,404-45-296-195,Mumbai
CDR202600038003,2025-01-08,15:29:38,+919972880601,+917497948734,VOICE,64,404209485506141,359865851211506,Mumbai_BTS_012,404-45-553-828,Mumbai
CDR202600038022,2025-12-23,05:29:23,+918091220065,+918583253906,VOICE,170,404157245492634,354505683519102,UttarPradesh_BTS_003,404-45-618-272,Uttar Pradesh
CDR202600038041,2025-01-29,19:43:41,+918815608115,+917936178367,VOICE,35,404043709314492,352592053508103,Rajasthan_BTS_015,404-45-208-892,Rajasthan
CDR202600038060,2025-10-20,00:20:24,+918016702420,+918882660015,VOICE,16,404131074532395,350019490221129,Rajasthan_BTS_006,404-45-862-575,Rajasthan
CDR202600038099,2025-04-21,10:39:21,+918312719539,+916575838940,VOICE,8,404521148141086,356277365382851,Maharashtra_BTS_008,404-45-818-960,Maharashtra
CDR202600038102,2025-06-25,14:10:12,+919766728923,+918604642782,VOICE,85,404838118672003,351583912141916,Maharashtra_BTS_001,404-45-204-095,Maharashtra
CDR202600038114,2025-12-14,22:53:27,+916828535602,+917793468915,VOICE,30,404342824672132,352474806224037,UttarPradesh_BTS_012,404-45-233-653,Uttar Pradesh
CDR202600038122,2025-01-12,12:52:07,+917345354711,+918156065620,SMS,0,404276755025871,351701829048452,Mumbai_BTS_011,404-45-995-946,Mumbai
CDR202600038128,2025-01-22,15:46:21,+917034246019,+917705202761,VOICE,53,404045268573333,351347823745798,UttarPradesh_BTS_011,404-45-194-650,Uttar Pradesh
CDR202600038136,2025-02-02,07:50:23,+919099798724,+916740171746,SMS,0,404290913772444,354662149246057,Mumbai_BTS_010,404-45-296-195,Mumbai
CDR202600038147,2025-09-23,16:18:13,+919972876234,+918705076723,SMS,0,404775508905821,358252390880109,Rajasthan_BTS_013,404-45-887-657,Rajasthan
CDR202600038150,2025-05-04,17:29:47,+918584770301,+916407278134,VOICE,74,404142066605271,354894734831779,Karnataka_BTS_003,404-45-270-417,Karnataka
CDR202600038169,2025-06-09,22:15:37,+917452017250,+919427637919,VOICE,77,404902910038777,354628911197579,Rajasthan_BTS_019,404-45-119-115,Rajasthan
CDR202600038175,2025-02-11,02:01:06,+918948299991,+918131871490,VOICE,353,404484800360225,351234402167000,Rajasthan_BTS_019,404-45-119-115,Rajasthan
CDR202600038195,2025-01-23,21:06:56,+919299740124,+918839351733,VOICE,58,404639478699248,351120201089694,Mumbai_BTS_010,404-45-919-883,Mumbai
CDR202600038204,2025-10-20,15:10:06,+917259833994,+919062179342,VOICE,2,404306363934535,353753978039457,TamilNadu_BTS_002,404-45-158-984,Tamil Nadu
CDR202600038237,2025-01-03,23:29:48,+918335539126,+919548918958,SMS,0,404398504546786,351942173457408,UttarPradesh_BTS_013,404-45-552-565,Uttar Pradesh
CDR202600038260,2025-10-14,16:01:09,+919256264316,+917984465285,SMS,0,404504327748677,356164543648007,TamilNadu_BTS_006,404-45-423-958,Tamil Nadu
CDR202600038287,2025-10-07,14:01:24,+918295689442,+919653146656,VOICE,120,404729963675072,357808817325914,UttarPradesh_BTS_011,404-45-966-053,Uttar Pradesh
CDR202600038293,2025-07-19,07:21:46,+917001094508,+918728614929,SMS,0,404603851125468,355084710244750,Mumbai_BTS_007,404-45-584-827,Mumbai
CDR202600038294,2025-01-26,20:41:45,+918292712812,+917707410019,VOICE,37,404820560479309,350653181853128,WestBengal_BTS_005,404-45-521-822,West Bengal
CDR202600038336,2025-01-31,14:31:35,+918603749632,+916772086432,VOICE,96,404116220515559,354213504338216,Delhi_BTS_005,404-45-508-688,Delhi
CDR202600038361,2025-01-26,23:49:13,+916458660215,+916424170400,VOICE,29,404425114296387,359706698226039,WestBengal_BTS_003,404-45-258-948,West Bengal
CDR202600038364,2025-09-17,17:17:41,+917986817800,+918365467938,VOICE,35,404228327906464,354052490015046,Mumbai_BTS_002,404-45-107-073,Mumbai
CDR202600038378,2025-08-25,02:13:01,+917946672758,+918476649472,VOICE,28,404788202702595,358935572790234,Rajasthan_BTS_016,404-45-619-624,Rajasthan
CDR202600038392,2025-07-02,19:21:25,+919305462797,+917885171272,VOICE,223,404086680031527,359137358308008,UttarPradesh_BTS_012,404-45-233-653,Uttar Pradesh
CDR202600038393,2025-03-20,05:57:30,+918684603901,+918186295994,SMS,0,404565880595142,352281882938072,WestBengal_BTS_006,404-45-906-719,West Bengal
CDR202600038397,2025-05-17,01:03:22,+918160081237,+919326665043,VOICE,271,404938817354685,357022207484103,Delhi_BTS_005,404-45-830-320,Delhi
CDR202600038407,2025-04-18,08:46:58,+916133167035,+919390373823,VOICE,170,404996266283546,353253628036983,Mumbai_BTS_004,404-45-980-339,Mumbai
CDR202600038422,2025-11-10,08:43:52,+916493912918,+917694064296,SMS,0,404823890725776,355898344910340,Rajasthan_BTS_013,404-45-448-115,Rajasthan
CDR202600038424,2025-10-12,12:05:47,+916734048451,+917926282722,VOICE,58,404807822687486,351819391724131,Mumbai_BTS_010,404-45-211-255,Mumbai
CDR202600038432,2025-07-17,05:35:38,+919906797106,+918338229837,SMS,0,404807113879434,350667685900353,Maharashtra_BTS_004,404-45-691-197,Maharashtra
CDR202600038439,2025-10-14,17:16:47,+917243900168,+916545539458,SMS,0,404427558353244,351830860236231,UttarPradesh_BTS_011,404-45-357-928,Uttar Pradesh
CDR202600038460,2025-02-04,22:09:39,+918843361012,+916514444241,SMS,0,404448521102836,354583315741900,Rajasthan_BTS_003,404-45-924-324,Rajasthan
CDR202600038468,2025-12-24,16:29:32,+917819700767,+916426267031,MISSED,0,404666027931160,357239520733854,Maharashtra_BTS_007,404-45-479-364,Maharashtra
CDR202600038469,2025-06-02,00:28:52,+917279722108,+918350052146,VOICE,181,404561587552564,354114694754324,Rajasthan_BTS_019,404-45-119-115,Rajasthan
CDR202600038474,2025-11-03,21:15:58,+917920095423,+918413136487,VOICE,53,404957031828200,355781785814559,UttarPradesh_BTS_002,404-45-869-959,Uttar Pradesh
CDR202600038484,2025-07-10,05:06:36,+919208418675,+919038843593,SMS,0,404590182667932,355512778050371,Karnataka_BTS_003,404-45-270-417,Karnataka
CDR202600038489,2025-11-27,04:24:01,+919256264316,+919578070357,VOICE,221,404504327748677,356164543648007,WestBengal_BTS_003,404-45-342-886,West Bengal
CDR202600038497,2025-05-07,11:27:38,+919734738182,+919133920333,VOICE,251,404085523781934,355549108978879,Maharashtra_BTS_008,404-45-818-960,Maharashtra
CDR202600038509,2025-12-27,08:44:14,+917291698031,+919822033038,SMS,0,404598209410548,351027310610965,WestBengal_BTS_006,404-45-906-719,West Bengal
CDR202600038514,2025-03-07,21:41:55,+918924982791,+918250075519,SMS,0,404112186855571,354089433885737,UttarPradesh_BTS_008,404-45-860-567,Uttar Pradesh
CDR202600038528,2025-11-17,05:54:33,+917789224735,+918567063444,VOICE,203,404036696620777,357336902307662,Rajasthan_BTS_001,404-45-376-948,Rajasthan
CDR202600038561,2025-12-03,19:13:27,+919934858141,+917283986142,VOICE,28,404088204175195,355512973942054,Mumbai_BTS_010,404-45-296-195,Mumbai
CDR202600038605,2025-09-22,02:49:38,+919573462014,+918018975987,VOICE,123,404396933028136,352066512309041,Mumbai_BTS_008,404-45-984-747,Mumbai
CDR202600038611,2025-06-01,11:49:20,+916187949263,+918964784262,VOICE,9,404547143300286,355413855407668,Mumbai_BTS_003,404-45-334-070,Mumbai
CDR202600038622,2025-04-01,11:36:02,+916812164446,+917371805793,VOICE,243,404707710636525,358751948421950,Mumbai_BTS_007,404-45-196-100,Mumbai
CDR202600038641,2025-08-22,06:46:36,+919214351370,+918741550706,VOICE,240,404999353862047,354975238077103,Rajasthan_BTS_013,404-45-887-657,Rajasthan
CDR202600038655,2025-10-15,08:17:59,+918428693441,+918476535885,VOICE,43,404346110155635,351278579675324,TamilNadu_BTS_002,404-45-620-083,Tamil Nadu
CDR202600038682,2025-10-03,00:40:00,+916382761185,+918337282355,SMS,0,404377582452181,355142288190247,Rajasthan_BTS_016,404-45-961-655,Rajasthan
CDR202600038685,2025-02-28,08:10:04,+917970852104,+918463841438,VOICE,235,404700666167352,354372323952875,UttarPradesh_BTS_004,404-45-457-903,Uttar Pradesh
CDR202600038702,2025-01-25,01:15:48,+917114445865,+917967111294,SMS,0,404790210119349,359824433046521,Maharashtra_BTS_008,404-45-799-664,Maharashtra
CDR202600038704,2025-07-31,21:34:39,+918247542287,+917926130414,VOICE,83,404630386763144,352400118409310,Karnataka_BTS_006,404-45-848-803,Karnataka
CDR202600038707,2025-07-08,12:47:08,+917345913698,+916975651122,VOICE,616,404710866105603,355030054609703,UttarPradesh_BTS_013,404-45-552-565,Uttar Pradesh
CDR202600038725,2025-09-22,01:15:36,+917215930461,+917829817408,VOICE,44,404410614310106,354423306457496,Delhi_BTS_002,404-45-231-676,Delhi
CDR202600038731,2025-09-25,01:23:59,+919777751414,+919793241404,VOICE,106,404626194119132,359950042145523,Rajasthan_BTS_006,404-45-862-575,Rajasthan
CDR202600038776,2025-05-08,13:26:26,+916899691590,+916575838940,VOICE,46,404815596249439,354023636853613,Delhi_BTS_005,404-45-830-320,Delhi
CDR202600038777,2025-01-04,05:30:48,+919621855736,+918543409847,VOICE,106,404513833133894,351361416784496,Rajasthan_BTS_013,404-45-400-446,Rajasthan
CDR202600038798,2025-04-21,17:59:49,+918165373813,+919530476674,VOICE,16,404954758047725,351063694242362,UttarPradesh_BTS_004,404-45-170-901,Uttar Pradesh
CDR202600038803,2025-05-04,23:31:10,+917829708521,+917975730367,VOICE,15,404318253957777,352643278284283,UttarPradesh_BTS_003,404-45-202-076,Uttar Pradesh
CDR202600038814,2025-01-26,16:25:30,+917746468481,+919488376410,VOICE,14,404940888924668,353190728545590,Maharashtra_BTS_002,404-45-199-368,Maharashtra
CDR202600038829,2025-12-25,19:55:24,+919658841524,+917301235881,VOICE,23,404859942494232,358747112545843,UttarPradesh_BTS_012,404-45-233-653,Uttar Pradesh
CDR202600038852,2025-08-26,08:15:57,+919356113688,+916720582936,VOICE,208,404699817892443,353511853569233,Delhi_BTS_003,404-45-993-622,Delhi
CDR202600038856,2025-07-30,19:56:05,+917531582611,+916085015997,VOICE,78,404790161480340,354298688663135,WestBengal_BTS_002,404-45-315-699,West Bengal
CDR202600038871,2025-03-11,04:13:38,+917566866508,+919966441687,VOICE,53,404330961885267,356930511704704,Maharashtra_BTS_001,404-45-204-095,Maharashtra
CDR202600038872,2025-10-05,15:45:16,+916882713712,+916931411072,VOICE,11,404762801608453,354164606441368,Mumbai_BTS_007,404-45-196-100,Mumbai
CDR202600038878,2025-05-23,12:43:19,+916575518584,+919680485464,VOICE,75,404953618138388,357584245381199,Rajasthan_BTS_014,404-45-839-897,Rajasthan
CDR202600038897,2025-09-18,20:11:39,+916757132341,+918973195156,VOICE,112,404319262961594,354467670183343,Rajasthan_BTS_018,404-45-713-332,Rajasthan
CDR202600038909,2025-06-01,09:25:51,+918127731517,+918386857947,VOICE,212,404106289546453,358428039283689,Rajasthan_BTS_004,404-45-680-898,Rajasthan
CDR202600038923,2025-07-03,01:07:23,+919306192439,+916983699346,VOICE,108,404348210389438,351633788756577,Rajasthan_BTS_007,404-45-605-094,Rajasthan
CDR202600038931,2025-10-29,20:30:25,+918275828990,+918304771841,VOICE,12,404007339287554,358000209997827,Delhi_BTS_002,404-45-878-546,Delhi
CDR202600038965,2025-08-03,08:53:58,+916543542858,+916073848956,VOICE,35,404184465740399,354240144634234,Gujarat_BTS_007,404-45-325-460,Gujarat
CDR202600038990,2025-07-10,20:04:49,+916938174319,+918319944674,VOICE,76,404969369185189,352649854359926,Rajasthan_BTS_011,404-45-796-739,Rajasthan
CDR202600038994,2025-01-28,19:10:51,+919049670765,+916513697790,VOICE,159,404755438789356,352854561052436,Mumbai_BTS_011,404-45-243-433,Mumbai
CDR202600039009,2025-10-14,00:06:37,+919922195921,+916405134888,VOICE,125,404847709193087,354025044719408,Rajasthan_BTS_007,404-45-605-094,Rajasthan
CDR202600039015,2025-10-09,18:25:44,+916439825779,+918183170971,VOICE,72,404588924420590,351845302050548,Karnataka_BTS_005,404-45-102-400,Karnataka
CDR202600039047,2025-01-26,06:37:37,+919757814069,+919466861466,VOICE,282,404110978296808,359952896897897,Mumbai_BTS_007,404-45-584-827,Mumbai
CDR202600039064,2025-03-30,10:34:42,+916983699346,+918334403732,VOICE,15,404622798947285,359512766727633,UttarPradesh_BTS_003,404-45-202-076,Uttar Pradesh
CDR202600039080,2025-09-06,11:37:13,+919000131450,+919373981078,VOICE,24,404750211686352,356127895181892,Gujarat_BTS_008,404-45-448-285,Gujarat
CDR202600039087,2025-02-27,17:15:13,+918347225784,+918994010022,SMS,0,404166030486760,355552754284729,Rajasthan_BTS_001,404-45-670-225,Rajasthan
CDR202600039099,2025-11-25,09:20:49,+916341686359,+919411786816,VOICE,542,404623667724578,355525905811486,WestBengal_BTS_006,404-45-373-164,West Bengal
CDR202600039134,2025-09-28,04:15:59,+916538903040,+916271852980,VOICE,84,404758393225445,355058061812359,Rajasthan_BTS_003,404-45-924-324,Rajasthan
CDR202600039165,2025-09-01,19:01:11,+917471231159,+917860543707,VOICE,8,404332744034857,355563602930531,WestBengal_BTS_003,404-45-735-768,West Bengal
CDR202600039173,2025-07-20,05:06:24,+918365467938,+916456247069,VOICE,16,404977390792541,352744075589655,Rajasthan_BTS_007,404-45-470-225,Rajasthan
CDR202600039174,2025-10-24,21:31:14,+919737078087,+919548918958,VOICE,8,404511832703302,351822162479074,TamilNadu_BTS_002,404-45-620-083,Tamil Nadu
CDR202600039203,2025-08-22,06:57:23,+917990787421,+916796251165,VOICE,7,404604922983336,356927585441052,UttarPradesh_BTS_006,404-45-726-827,Uttar Pradesh
CDR202600039234,2025-09-06,23:09:55,+916251776440,+919885161184,SMS,0,404732009939887,359882742033738,Delhi_BTS_002,404-45-878-546,Delhi
CDR202600039288,2025-04-25,07:38:01,+917103776964,+918371507888,VOICE,120,404530150497959,353207339910650,TamilNadu_BTS_004,404-45-513-123,Tamil Nadu
CDR202600039289,2025-01-24,13:09:11,+918759919015,+916426267031,VOICE,126,404656611016568,353951075766022,Karnataka_BTS_003,404-45-270-417,Karnataka
CDR202600039297,2025-03-30,01:59:03,+917983241131,+918386857947,VOICE,9,404420701696806,359949852616468,Mumbai_BTS_010,404-45-211-255,Mumbai
CDR202600039316,2025-06-03,12:59:36,+917641668794,+916015450890,VOICE,315,404807932853738,356926295486875,WestBengal_BTS_001,404-45-981-041,West Bengal
CDR202600039317,2025-07-23,18:24:19,+918147651676,+917692301607,VOICE,51,404074397792308,356894263910237,Mumbai_BTS_007,404-45-196-100,Mumbai
CDR202600039319,2025-03-01,09:11:03,+918174841837,+917249638044,VOICE,63,404318411446270,350563853263340,Rajasthan_BTS_016,404-45-961-655,Rajasthan
CDR202600039336,2025-11-12,19:40:52,+917950376050,+918582326746,SMS,0,404834333886365,350385503575253,UttarPradesh_BTS_004,404-45-170-901,Uttar Pradesh
CDR202600039337,2025-08-01,13:09:58,+917494152766,+917162154852,SMS,0,404562682523090,352056225827578,Karnataka_BTS_003,404-45-597-493,Karnataka
CDR202600039347,2025-02-03,21:01:38,+916226722085,+917576861313,VOICE,56,404836931057959,355341273638834,Rajasthan_BTS_008,404-45-981-113,Rajasthan
CDR202600039348,2025-10-10,09:19:57,+919718897270,+917393829401,VOICE,162,404801134284088,350389702821913,Rajasthan_BTS_015,404-45-282-520,Rajasthan
CDR202600039384,2025-01-26,20:13:23,+918359508985,+917250328744,VOICE,101,404126421250792,356651052073511,Rajasthan_BTS_010,404-45-494-391,Rajasthan
CDR202600039390,2025-09-27,11:52:06,+918110395959,+919938718030,VOICE,83,404091815192339,354657355694549,Rajasthan_BTS_004,404-45-374-068,Rajasthan
CDR202600039395,2025-06-14,06:27:25,+919882739381,+917086977227,VOICE,82,404419126550281,356181907745751,Rajasthan_BTS_005,404-45-771-512,Rajasthan
CDR202600039399,2025-05-23,16:08:45,+918900700724,+918579171918,VOICE,101,404509314223725,352426121361540,Rajasthan_BTS_019,404-45-119-115,Rajasthan
CDR202600039421,2025-11-01,07:59:24,+917187868573,+919150416587,VOICE,13,404627015887651,353522739184231,Mumbai_BTS_004,404-45-980-339,Mumbai
CDR202600039424,2025-04-25,10:45:38,+917703684826,+917114445865,VOICE,109,404921653614551,350352680180735,UttarPradesh_BTS_006,404-45-726-827,Uttar Pradesh
CDR202600039427,2025-09-08,12:31:16,+918135359686,+917940390336,VOICE,235,404629830437520,356454418653021,Maharashtra_BTS_006,404-45-489-285,Maharashtra
CDR202600039439,2025-10-06,11:38:02,+916604663553,+916345205059,VOICE,35,404866060494198,350843090361211,UttarPradesh_BTS_010,404-45-370-518,Uttar Pradesh
CDR202600039447,2025-07-21,04:21:27,+918038508055,+916320978567,VOICE,276,404654912604621,358509954598722,UttarPradesh_BTS_006,404-45-769-542,Uttar Pradesh
CDR202600039466,2025-02-15,20:44:44,+919429605845,+917120086082,VOICE,109,404012631446390,355358689978302,Mumbai_BTS_012,404-45-553-828,Mumbai
CDR202600039471,2025-04-12,13:40:28,+919038361051,+919092941081,VOICE,217,404115973524821,357820563301934,UttarPradesh_BTS_011,404-45-194-650,Uttar Pradesh
CDR202600039527,2025-07-22,19:26:33,+917746468481,+919380594725,SMS,0,404940888924668,353190728545590,Gujarat_BTS_007,404-45-325-460,Gujarat
CDR202600039530,2025-11-19,12:44:25,+916441047693,+918256587235,MISSED,0,404403124328809,356044295639635,Maharashtra_BTS_006,404-45-987-104,Maharashtra
CDR202600039544,2025-02-01,15:37:17,+919938718030,+918254756017,SMS,0,404165699933583,352185314190935,TamilNadu_BTS_006,404-45-773-598,Tamil Nadu
CDR202600039547,2025-04-06,11:00:17,+919524227909,+916075420676,VOICE,430,404725504859638,358154179968477,Rajasthan_BTS_019,404-45-471-900,Rajasthan
CDR202600039608,2025-12-29,00:32:24,+917582267600,+918531475958,VOICE,137,404516720718853,350731728078722,TamilNadu_BTS_006,404-45-678-536,Tamil Nadu
CDR202600039609,2025-01-03,11:00:19,+916095157409,+919670970163,VOICE,4,404007975713665,359795511387166,Rajasthan_BTS_017,404-45-897-945,Rajasthan
CDR202600039636,2025-10-12,19:25:06,+918056643579,+916754654913,SMS,0,404292466089113,353685292565880,Maharashtra_BTS_002,404-45-718-271,Maharashtra
CDR202600039645,2025-05-17,21:57:02,+918074497775,+919530476674,VOICE,96,404168418297687,359440959691953,Gujarat_BTS_006,404-45-833-666,Gujarat
CDR202600039647,2025-04-28,08:20:30,+917881796471,+919364363345,MISSED,0,404164399349034,356455639145259,Mumbai_BTS_010,404-45-919-883,Mumbai
CDR202600039652,2025-09-01,05:16:29,+919326665043,+917002363705,SMS,0,404023156221920,357316736382837,Mumbai_BTS_004,404-45-980-339,Mumbai
CDR202600039654,2025-11-20,19:27:40,+918335058737,+918463580609,VOICE,17,404468687189613,358685348288295,Rajasthan_BTS_015,404-45-612-781,Rajasthan
CDR202600039657,2025-10-10,10:52:47,+918242972259,+918428693441,VOICE,47,404006044624991,352826929314972,Mumbai_BTS_008,404-45-462-434,Mumbai
CDR202600039664,2025-11-01,03:03:19,+917293737752,+917599316531,VOICE,53,404871316693798,356280879400696,Karnataka_BTS_004,404-45-985-411,Karnataka
CDR202600039670,2025-07-24,23:08:52,+917311776474,+918728614929,SMS,0,404284573577050,358565942816831,Karnataka_BTS_005,404-45-102-400,Karnataka
CDR202600039671,2025-11-25,23:35:47,+918526016458,+917062207522,VOICE,123,404998451973296,355341417539991,Delhi_BTS_004,404-45-652-774,Delhi
CDR202600039679,2025-05-22,08:27:32,+917724773264,+917732595884,SMS,0,404241819455429,358514663933338,Rajasthan_BTS_015,404-45-282-520,Rajasthan
CDR202600039690,2025-10-03,00:59:15,+919743312066,+918813387158,VOICE,70,404470151136282,357909578932756,Mumbai_BTS_012,404-45-553-828,Mumbai
CDR202600039694,2025-11-13,12:52:24,+917754782282,+917309279648,VOICE,150,404857341409018,357247804270656,Rajasthan_BTS_004,404-45-374-068,Rajasthan
CDR202600039706,2025-05-21,09:47:31,+919208418675,+917927220453,VOICE,6,404590182667932,355512778050371,Rajasthan_BTS_017,404-45-897-945,Rajasthan
CDR202600039745,2025-06-02,21:03:49,+919028454460,+917891674997,MISSED,0,404180080048367,357906251007504,TamilNadu_BTS_004,404-45-683-253,Tamil Nadu
CDR202600039812,2025-10-29,15:51:21,+916366754523,+919316737376,VOICE,79,404983933155983,357439556394201,Gujarat_BTS_006,404-45-818-559,Gujarat
CDR202600039827,2025-06-18,11:00:01,+916088374903,+917259833994,VOICE,117,404702339224850,352683023147140,UttarPradesh_BTS_009,404-45-719-216,Uttar Pradesh
CDR202600039828,2025-11-15,07:08:12,+917038470095,+917972697685,VOICE,469,404641044073124,352621209359096,WestBengal_BTS_003,404-45-258-948,West Bengal
CDR202600039843,2025-10-21,06:22:37,+918666095281,+916207440957,VOICE,158,404376438360044,353688811524300,UttarPradesh_BTS_009,404-45-378-289,Uttar Pradesh
CDR202600039844,2025-08-06,10:56:43,+918361014702,+919343914928,MISSED,0,404961071753272,350217112354240,UttarPradesh_BTS_010,404-45-308-704,Uttar Pradesh
CDR202600039854,2025-06-08,11:33:18,+917600015177,+916138269495,VOICE,48,404851961607845,350846551067529,Gujarat_BTS_004,404-45-130-096,Gujarat
CDR202600039880,2025-12-12,07:40:35,+919976782155,+919648858310,VOICE,59,404964747345476,358908149840555,Mumbai_BTS_009,404-45-162-413,Mumbai
CDR202600039887,2025-05-07,14:56:11,+918268162582,+916237834522,SMS,0,404801572112221,353560041063325,Rajasthan_BTS_019,404-45-414-246,Rajasthan
CDR202600039895,2025-01-07,07:35:46,+917194014111,+918085304688,SMS,0,404188477093271,351791227896205,Delhi_BTS_001,404-45-180-088,Delhi
CDR202600039905,2025-09-02,20:49:00,+918392443071,+917776631300,VOICE,520,404753121552505,352705473623520,UttarPradesh_BTS_007,404-45-999-138,Uttar Pradesh
CDR202600039925,2025-12-01,20:43:17,+918319944674,+919371780314,VOICE,26,404806274449316,353720449121324,Rajasthan_BTS_006,404-45-242-253,Rajasthan
CDR202600039930,2025-02-06,23:56:27,+918274759994,+919377120878,VOICE,159,404456991660409,356783174155821,Rajasthan_BTS_003,404-45-924-324,Rajasthan
CDR202600039958,2025-10-06,11:26:07,+919955669684,+918395270269,VOICE,190,404234705121296,355370857050510,UttarPradesh_BTS_012,404-45-145-004,Uttar Pradesh
CDR202600039976,2025-05-13,05:45:13,+918127570596,+918700898333,VOICE,139,404184163684461,358485545565707,UttarPradesh_BTS_013,404-45-265-760,Uttar Pradesh
CDR202600039981,2025-10-30,10:05:11,+917743316380,+918485572124,SMS,0,404179752374943,350273981773725,Rajasthan_BTS_006,404-45-242-253,Rajasthan
CDR202600039983,2025-10-05,19:57:37,+917984465285,+917380042394,VOICE,62,404436984436930,350289124787490,Rajasthan_BTS_019,404-45-951-827,Rajasthan
CDR202600039990,2025-08-05,18:46:35,+916948129063,+916239203362,VOICE,137,404831496529145,353238309124616,UttarPradesh_BTS_005,404-45-478-292,Uttar Pradesh
CDR202600040008,2025-03-10,03:13:24,+919458021343,+918558079329,VOICE,16,404716929645681,358514296924464,Mumbai_BTS_008,404-45-984-747,Mumbai
CDR202600040010,2025-06-07,00:56:00,+916769659872,+919917783886,VOICE,88,404477243766572,357392726908890,Karnataka_BTS_006,404-45-835-499,Karnataka
CDR202600040015,2025-11-21,16:07:07,+917984465285,+916287579696,VOICE,71,404436984436930,350289124787490,UttarPradesh_BTS_001,404-45-234-688,Uttar Pradesh
CDR202600040058,2025-01-27,10:43:33,+919316032134,+917454455543,VOICE,298,404570448715179,358380601090410,Rajasthan_BTS_001,404-45-801-333,Rajasthan
CDR202600040150,2025-08-15,14:07:35,+916426267031,+919740382759,VOICE,159,404475978442295,354217692142284,Mumbai_BTS_002,404-45-702-226,Mumbai
CDR202600040197,2025-07-20,13:25:02,+916662607238,+917231210764,SMS,0,404142071026873,359439335587165,UttarPradesh_BTS_001,404-45-234-688,Uttar Pradesh
CDR202600040208,2025-01-10,18:52:12,+919718320924,+916545539458,VOICE,142,404003028878016,358658028346530,Mumbai_BTS_008,404-45-520-479,Mumbai
CDR202600040226,2025-10-11,16:57:22,+916724228409,+918878702134,VOICE,466,404999191519831,354071631462301,Maharashtra_BTS_003,404-45-487-081,Maharashtra
CDR202600040240,2025-04-24,11:31:06,+919750518334,+917101456294,VOICE,45,404680770705936,356028474473915,Karnataka_BTS_001,404-45-767-554,Karnataka
CDR202600040248,2025-11-30,11:24:03,+919655613746,+917139435997,VOICE,257,404169064796961,354074929553221,Delhi_BTS_002,404-45-231-676,Delhi
CDR202600040271,2025-11-01,13:44:07,+917984465285,+919395553759,VOICE,201,404436984436930,350289124787490,Maharashtra_BTS_007,404-45-479-364,Maharashtra
CDR202600040291,2025-05-26,16:41:12,+918493241204,+919097079743,VOICE,72,404446212907558,356461558103811,Karnataka_BTS_006,404-45-848-803,Karnataka
CDR202600040303,2025-10-23,01:58:44,+919860882785,+917387471512,VOICE,167,404314479510459,359925939009870,Mumbai_BTS_010,404-45-296-195,Mumbai
CDR202600040329,2025-03-23,10:04:05,+919272145577,+916443322447,VOICE,3,404073846799198,354859186804604,Rajasthan_BTS_004,404-45-374-068,Rajasthan
CDR202600040342,2025-09-08,22:53:41,+918127167228,+919821754200,VOICE,147,404964657001539,354601950110731,Maharashtra_BTS_009,404-45-646-747,Maharashtra
CDR202600040345,2025-10-11,09:43:48,+917086977227,+919828369317,SMS,0,404938549862668,350460394261425,Karnataka_BTS_006,404-45-669-678,Karnataka
CDR202600040358,2025-11-13,04:55:43,+916845331824,+919627533531,VOICE,242,404628334104639,355902365483111,WestBengal_BTS_007,404-45-491-894,West Bengal
CDR202600040359,2025-04-09,22:14:55,+917246431648,+916341686359,VOICE,15,404012363005894,356383342247027,Gujarat_BTS_007,404-45-325-460,Gujarat
CDR202600040364,2025-09-12,09:19:24,+916791524906,+919860882785,VOICE,96,404351930190258,354285588483997,Rajasthan_BTS_017,404-45-880-166,Rajasthan
CDR202600040382,2025-08-13,13:11:13,+918728614929,+919734738182,SMS,0,404809846897820,359550937294523,Rajasthan_BTS_015,404-45-612-781,Rajasthan
CDR202600040387,2025-03-15,22:49:08,+918905398864,+919570451081,VOICE,9,404663690197416,350971565514607,Gujarat_BTS_007,404-45-325-460,Gujarat
CDR202600040388,2025-11-11,12:08:21,+916858960592,+917599020094,MISSED,0,404924243620528,350272287138525,UttarPradesh_BTS_001,404-45-371-406,Uttar Pradesh
CDR202600040395,2025-07-06,06:25:09,+916034872249,+918352952845,SMS,0,404120744194392,352303184120280,Rajasthan_BTS_015,404-45-282-520,Rajasthan
CDR202600040402,2025-01-02,20:19:14,+916485367456,+917744360064,VOICE,102,404148842545946,350916083813826,Rajasthan_BTS_004,404-45-680-898,Rajasthan
CDR202600040404,2025-03-17,08:39:51,+917546122102,+918770626670,VOICE,78,404058139670577,359193278886332,UttarPradesh_BTS_011,404-45-533-850,Uttar Pradesh
CDR202600040427,2025-06-25,07:05:02,+917458872064,+919530476674,VOICE,177,404493928244855,351720995985238,Mumbai_BTS_008,404-45-462-434,Mumbai
CDR202600040428,2025-04-19,09:17:07,+919247009778,+919726146663,VOICE,11,404247266856104,357364892184554,WestBengal_BTS_003,404-45-266-820,West Bengal
CDR202600040452,2025-07-14,13:51:23,+917776631300,+919702276045,VOICE,6,404198544869698,353663425013585,Maharashtra_BTS_001,404-45-204-095,Maharashtra
CDR202600040456,2025-07-18,13:32:04,+916401402202,+918275299131,VOICE,144,404731980180827,351783452420351,Rajasthan_BTS_001,404-45-801-333,Rajasthan
CDR202600040468,2025-08-05,18:05:28,+919701913327,+916152778271,VOICE,64,404028362730854,354118782048649,Rajasthan_BTS_014,404-45-839-897,Rajasthan
CDR202600040482,2025-03-16,13:11:04,+919693525097,+918979462469,SMS,0,404745807704349,353810177640463,Rajasthan_BTS_004,404-45-316-936,Rajasthan
CDR202600040486,2025-12-14,18:55:11,+918555891707,+917815142697,SMS,0,404544133226752,353609730652456,Gujarat_BTS_006,404-45-818-559,Gujarat
CDR202600040494,2025-05-05,08:29:27,+918730123598,+916746134266,VOICE,22,404541458679728,358871302187801,Maharashtra_BTS_002,404-45-199-368,Maharashtra
CDR202600040497,2025-04-26,07:57:12,+918147651676,+917567600365,VOICE,234,404074397792308,356894263910237,Maharashtra_BTS_008,404-45-818-960,Maharashtra
CDR202600040509,2025-05-31,19:41:53,+917433422977,+917991255574,VOICE,81,404824972666194,350643031565003,UttarPradesh_BTS_004,404-45-170-901,Uttar Pradesh
CDR202600040514,2025-12-27,19:54:52,+917283986142,+916060935466,VOICE,45,404404456173393,358691735314663,Maharashtra_BTS_004,404-45-691-197,Maharashtra
CDR202600040523,2025-10-10,08:37:37,+916261473917,+919541078632,VOICE,308,404338236381268,357412935464351,UttarPradesh_BTS_011,404-45-533-850,Uttar Pradesh
CDR202600040531,2025-02-04,01:10:03,+918948367928,+917154767880,VOICE,51,404373451263584,350071649229964,Rajasthan_BTS_017,404-45-880-166,Rajasthan
CDR202600040542,2025-08-31,03:42:34,+918676769367,+918434942218,VOICE,138,404768993720285,352851124387747,Karnataka_BTS_005,404-45-902-804,Karnataka
CDR202600040573,2025-06-15,20:18:25,+918131817017,+918671851303,VOICE,1,404564349993226,359943580131031,UttarPradesh_BTS_013,404-45-552-565,Uttar Pradesh
CDR202600040613,2025-01-24,03:32:29,+919575075410,+918130390023,VOICE,274,404377467595567,356398969305006,Maharashtra_BTS_002,404-45-718-271,Maharashtra
CDR202600040625,2025-12-10,13:38:03,+918566455871,+917371519719,VOICE,134,404335249271864,356329364470652,Karnataka_BTS_005,404-45-902-804,Karnataka
CDR202600040632,2025-10-14,03:49:08,+919099798724,+917384072000,VOICE,59,404290913772444,354662149246057,Rajasthan_BTS_001,404-45-670-225,Rajasthan
CDR202600040651,2025-04-05,12:42:55,+919413021386,+918680112037,VOICE,216,404772133050301,357730421798981,Maharashtra_BTS_006,404-45-489-285,Maharashtra
CDR202600040668,2025-04-06,06:21:02,+916237834522,+918155138763,VOICE,16,404690884726857,359815806300203,WestBengal_BTS_007,404-45-491-894,West Bengal
CDR202600040683,2025-02-06,02:33:10,+916510932257,+918880749281,VOICE,8,404162165251473,351569011237167,Karnataka_BTS_007,404-45-322-992,Karnataka
CDR202600040742,2025-04-23,09:02:47,+917059707120,+917574764745,SMS,0,404852863677791,351876420888837,UttarPradesh_BTS_003,404-45-650-219,Uttar Pradesh
CDR202600040778,2025-11-28,05:29:17,+919121573910,+918678579997,VOICE,59,404345864325011,354217692200071,Rajasthan_BTS_009,404-45-911-697,Rajasthan
CDR202600040790,2025-05-11,18:10:20,+916335892159,+919035401379,VOICE,211,404027174706649,353013038166263,Delhi_BTS_004,404-45-652-774,Delhi
CDR202600040802,2025-11-14,04:05:25,+919033658116,+917260525274,VOICE,243,404595113022434,351466184896548,Delhi_BTS_002,404-45-231-676,Delhi
CDR202600040814,2025-06-23,10:56:29,+918359320053,+919606727982,SMS,0,404199482008458,352653561770329,WestBengal_BTS_006,404-45-906-719,West Bengal
CDR202600040833,2025-06-23,09:48:39,+919976782155,+918234659344,SMS,0,404964747345476,358908149840555,Karnataka_BTS_004,404-45-985-411,Karnataka
CDR202600040838,2025-09-07,03:21:21,+917726107989,+918905398864,VOICE,78,404407448096702,356385248348517,Mumbai_BTS_007,404-45-584-827,Mumbai
CDR202600040867,2025-07-11,00:31:05,+918961359219,+918862004084,VOICE,169,404207627098205,356849818867143,Maharashtra_BTS_007,404-45-750-855,Maharashtra
CDR202600040868,2025-10-23,04:38:55,+918848432908,+917785057063,VOICE,204,404391458759469,354110627194891,Karnataka_BTS_007,404-45-322-992,Karnataka
CDR202600040924,2025-05-12,18:33:24,+919299740124,+918331749263,VOICE,13,404639478699248,351120201089694,UttarPradesh_BTS_003,404-45-736-577,Uttar Pradesh
CDR202600040937,2025-04-03,10:00:52,+919390373823,+916459933119,VOICE,14,404644299712659,357932801799654,Rajasthan_BTS_010,404-45-494-391,Rajasthan
CDR202600040952,2025-03-17,01:11:10,+917427935567,+916227748571,VOICE,202,404064016428027,353855868017496,Mumbai_BTS_010,404-45-919-883,Mumbai
CDR202600040966,2025-03-06,01:36:41,+916774681896,+918774258277,VOICE,45,404544926126729,354040665862142,Gujarat_BTS_003,404-45-704-433,Gujarat
CDR202600040973,2025-02-13,20:13:38,+916653271645,+917042859719,VOICE,23,404867621011710,356014704827913,UttarPradesh_BTS_012,404-45-441-790,Uttar Pradesh
CDR202600041012,2025-08-28,10:16:16,+918134707813,+917896773158,VOICE,80,404529444296166,354347775387410,UttarPradesh_BTS_014,404-45-214-078,Uttar Pradesh
CDR202600041013,2025-10-19,16:21:30,+919069195070,+917691728825,VOICE,241,404264474638162,358161120173364,WestBengal_BTS_003,404-45-266-820,West Bengal
CDR202600041027,2025-09-06,04:53:48,+919907299355,+918775493694,VOICE,47,404211740551880,351040218832629,Delhi_BTS_005,404-45-508-688,Delhi
CDR202600041054,2025-01-05,10:41:41,+917977076993,+918133493776,VOICE,57,404601652045250,359684277354915,WestBengal_BTS_001,404-45-415-374,West Bengal
CDR202600041055,2025-12-19,12:04:26,+917257594896,+919587118211,VOICE,357,404891413227246,352017459925014,UttarPradesh_BTS_005,404-45-478-292,Uttar Pradesh
CDR202600041078,2025-05-01,11:02:15,+918137267327,+916207044235,VOICE,122,404853614230489,354286041027504,Rajasthan_BTS_016,404-45-619-624,Rajasthan
CDR202600041083,2025-08-31,00:01:52,+916983480372,+919613483801,VOICE,85,404471825872070,354926761999127,Mumbai_BTS_007,404-45-516-195,Mumbai
CDR202600041088,2025-02-04,01:24:39,+919444357920,+919103374810,VOICE,227,404133652849771,352445207413163,Rajasthan_BTS_004,404-45-374-068,Rajasthan
CDR202600041106,2025-06-23,19:21:14,+918364870025,+918022471766,VOICE,555,404013023564392,353093846951805,Gujarat_BTS_003,404-45-704-433,Gujarat
CDR202600041124,2025-10-29,09:09:33,+918343281375,+918308876815,MISSED,0,404518562937421,353258346795938,WestBengal_BTS_003,404-45-266-820,West Bengal
CDR202600041136,2025-06-06,19:47:22,+918223902580,+919237012735,VOICE,266,404432903766024,352106779268990,Rajasthan_BTS_019,404-45-951-827,Rajasthan
CDR202600041142,2025-07-14,22:44:26,+917194014111,+918288118403,VOICE,71,404188477093271,354791354639833,Rajasthan_BTS_009,404-45-742-164,Rajasthan
CDR202600041158,2025-02-21,23:42:54,+919828369317,+917542725592,VOICE,51,404209807041905,356698355620429,Maharashtra_BTS_001,404-45-204-095,Maharashtra
CDR202600041164,2025-03-21,13:57:57,+918743858293,+918940237490,VOICE,149,404804855209317,351992493630412,WestBengal_BTS_009,404-45-571-359,West Bengal
CDR202600041170,2025-10-28,12:23:22,+916546258705,+918576963914,SMS,0,404775408928373,355980180259385,Maharashtra_BTS_002,404-45-967-353,Maharashtra
CDR202600041199,2025-09-06,01:44:17,+917895319354,+918857736272,VOICE,24,404658658453164,354074775641863,Rajasthan_BTS_009,404-45-742-164,Rajasthan
CDR202600041225,2025-09-07,17:09:29,+918937701015,+917568151922,VOICE,37,404962427989350,353095178874145,Mumbai_BTS_008,404-45-462-434,Mumbai
CDR202600041236,2025-01-27,05:15:07,+918746804062,+918796913605,VOICE,53,404052110659682,358383000124297,Delhi_BTS_006,404-45-629-463,Delhi
CDR202600041237,2025-03-25,09:52:56,+918132420926,+917760537183,VOICE,69,404387050182283,354164549934649,Rajasthan_BTS_009,404-45-911-697,Rajasthan
CDR202600041239,2025-01-02,05:13:12,+918428693441,+919518453209,VOICE,51,404346110155635,355146295612850,Rajasthan_BTS_010,404-45-494-391,Rajasthan
CDR202600041278,2025-11-18,12:08:27,+918546994019,+918542124135,VOICE,61,404416157761669,353654592778823,WestBengal_BTS_005,404-45-901-954,West Bengal
CDR202600041299,2025-04-24,01:38:18,+917941203283,+916410834554,VOICE,57,404517716923133,353406715309106,Maharashtra_BTS_007,404-45-473-167,Maharashtra
CDR202600041308,2025-08-04,15:24:50,+918434942218,+919711024274,MISSED,0,404851572477207,352079025471309,WestBengal_BTS_005,404-45-521-822,West Bengal
CDR202600041334,2025-09-24,18:01:42,+916199778250,+916655642600,VOICE,73,404379085492388,355778424367789,Maharashtra_BTS_004,404-45-146-678,Maharashtra
CDR202600041354,2025-10-06,21:36:03,+919872113322,+919921386123,VOICE,8,404566657622448,352659320860046,Delhi_BTS_003,404-45-371-541,Delhi
CDR202600041372,2025-08-23,07:49:18,+916085015997,+919338034920,VOICE,236,404700286147360,351008448341612,WestBengal_BTS_006,404-45-373-164,West Bengal
CDR202600041378,2025-03-14,11:21:19,+917161146802,+916107926886,VOICE,67,404001565622054,350937691991275,Mumbai_BTS_007,404-45-196-100,Mumbai
CDR202600041382,2025-02-16,18:13:55,+918307779510,+917880755294,MISSED,0,404491469177009,353066757106009,UttarPradesh_BTS_009,404-45-719-216,Uttar Pradesh
CDR202600041389,2025-10-02,04:19:54,+918338229837,+917596453406,VOICE,243,404852649995050,357753276223110,Maharashtra_BTS_009,404-45-350-168,Maharashtra
CDR202600041394,2025-01-09,18:46:36,+917071105533,+918966735221,SMS,0,404623815937904,357140203498178,UttarPradesh_BTS_014,404-45-214-078,Uttar Pradesh
CDR202600041395,2025-05-08,04:49:35,+919404627808,+917154767880,VOICE,65,404260439020158,353254874953291,Mumbai_BTS_007,404-45-348-804,Mumbai
CDR202600041406,2025-04-05,01:24:32,+917129928470,+918281065874,VOICE,109,404937216720317,355827437320306,Rajasthan_BTS_017,404-45-897-945,Rajasthan
CDR202600041444,2025-07-23,14:36:33,+917103301219,+917789224735,VOICE,17,404025077960052,357157435660238,UttarPradesh_BTS_003,404-45-618-272,Uttar Pradesh
CDR202600041462,2025-02-11,17:03:09,+919372873392,+917660311612,SMS,0,404301993167344,357991519174120,Rajasthan_BTS_013,404-45-448-115,Rajasthan
CDR202600041464,2025-05-08,22:25:29,+916367460540,+919530476674,VOICE,103,404345987206091,352475744239847,Rajasthan_BTS_010,404-45-641-258,Rajasthan
CDR202600041473,2025-09-05,20:55:52,+916075420676,+916324724525,VOICE,122,404778484530636,356098562078761,Gujarat_BTS_007,404-45-703-285,Gujarat
CDR202600041498,2025-12-28,08:41:09,+919451440316,+919029215639,VOICE,39,404208954216742,354049516098909,Rajasthan_BTS_016,404-45-303-157,Rajasthan
CDR202600041500,2025-06-25,05:17:55,+917285832993,+919397945494,VOICE,478,404713114229869,356553394423299,UttarPradesh_BTS_008,404-45-860-567,Uttar Pradesh
CDR202600041505,2025-08-01,09:07:31,+917477073337,+919217831562,SMS,0,404778574076427,352323177548032,Mumbai_BTS_010,404-45-211-255,Mumbai
CDR202600041514,2025-01-29,04:30:37,+918855902173,+919364363345,MISSED,0,404448961846663,353540540430979,Karnataka_BTS_005,404-45-371-949,Karnataka
CDR202600041528,2025-09-17,04:18:31,+916633100802,+917054601396,VOICE,88,404909301767649,355764466657461,TamilNadu_BTS_003,404-45-169-692,Tamil Nadu
CDR202600041541,2025-06-26,01:42:06,+918428693441,+919603057734,VOICE,93,404346110155635,355146295612850,Mumbai_BTS_002,404-45-107-073,Mumbai
CDR202600041556,2025-10-24,03:03:42,+917788693329,+916018951432,VOICE,34,404351708101326,354308733992829,Maharashtra_BTS_008,404-45-799-664,Maharashtra
CDR202600041566,2025-08-10,19:25:01,+919298627886,+919954854516,VOICE,199,404496087487416,354569789754338,Karnataka_BTS_003,404-45-597-493,Karnataka
CDR202600041592,2025-05-21,05:28:46,+919561166692,+918083008785,VOICE,276,404161386418065,352083604132532,Rajasthan_BTS_006,404-45-651-270,Rajasthan
CDR202600041608,2025-06-20,16:46:39,+917443149086,+919624875422,VOICE,108,404106325896193,357242871609818,UttarPradesh_BTS_009,404-45-719-216,Uttar Pradesh
CDR202600041623,2025-04-15,18:51:19,+918819865075,+917158703657,SMS,0,404552977221367,352372209948997,Gujarat_BTS_007,404-45-325-460,Gujarat
CDR202600041636,2025-01-20,03:41:13,+919187660597,+919804617347,SMS,0,404250957983313,353239920349797,Mumbai_BTS_005,404-45-626-244,Mumbai
CDR202600041673,2025-09-20,00:08:26,+919477846389,+917671738770,VOICE,175,404007120161986,353204258493266,Rajasthan_BTS_005,404-45-505-906,Rajasthan
CDR202600041687,2025-09-23,20:47:07,+917311760614,+919063742023,VOICE,67,404945512223061,356619828363377,Delhi_BTS_003,404-45-533-988,Delhi
CDR202600041698,2025-04-29,17:50:33,+918962635096,+918468152024,SMS,0,404389538589111,357157394079641,Rajasthan_BTS_001,404-45-801-333,Rajasthan
CDR202600041720,2025-03-14,17:30:57,+916924957846,+918014901875,SMS,0,404367714654779,355431083751835,UttarPradesh_BTS_002,404-45-869-959,Uttar Pradesh
CDR202600041724,2025-07-22,23:00:27,+917764427886,+916223832638,VOICE,186,404147398150310,354054325898096,Rajasthan_BTS_019,404-45-471-900,Rajasthan
CDR202600041729,2025-07-04,15:22:53,+918863550419,+919689954668,MISSED,0,404844149088194,358791436619593,Mumbai_BTS_001,404-45-446-022,Mumbai
CDR202600041733,2025-09-15,19:19:55,+919822288775,+917086977227,VOICE,14,404286263531618,357517988378984,WestBengal_BTS_003,404-45-266-820,West Bengal
CDR202600041738,2025-09-12,23:08:01,+918466512526,+919806518907,VOICE,482,404239319844521,354792845603756,Gujarat_BTS_006,404-45-818-559,Gujarat
CDR202600041757,2025-09-24,00:35:05,+916237834522,+918597804386,VOICE,82,404690884726857,359815806300203,Maharashtra_BTS_002,404-45-199-368,Maharashtra
CDR202600041770,2025-03-12,22:12:04,+917629990624,+916514444241,SMS,0,404124090959700,357967013014896,TamilNadu_BTS_002,404-45-158-984,Tamil Nadu
CDR202600041790,2025-02-21,22:49:55,+917086977227,+917039008072,VOICE,2,404938549862668,350460394261425,Maharashtra_BTS_006,404-45-987-104,Maharashtra
CDR202600041796,2025-10-19,18:45:23,+918579171918,+918796161147,VOICE,278,404191767833870,350537794560575,UttarPradesh_BTS_013,404-45-265-760,Uttar Pradesh
CDR202600041823,2025-10-16,22:56:36,+916187949263,+918915030647,VOICE,15,404547143300286,355413855407668,Karnataka_BTS_008,404-45-693-754,Karnataka
CDR202600041829,2025-01-22,07:31:56,+917678577418,+916187949263,VOICE,120,404462429574007,359669696512162,WestBengal_BTS_003,404-45-735-768,West Bengal
CDR202600041852,2025-09-25,01:42:20,+917375204266,+918981301327,VOICE,80,404591100185168,352649383236383,Delhi_BTS_001,404-45-999-581,Delhi
CDR202600041861,2025-12-19,22:06:45,+918022731031,+917921522466,VOICE,241,404839398605771,352777173290326,Delhi_BTS_002,404-45-878-546,Delhi
CDR202600041894,2025-12-18,04:01:14,+918059254461,+916506058078,SMS,0,404888119550635,356538571947020,Rajasthan_BTS_007,404-45-697-409,Rajasthan
CDR202600041898,2025-10-12,15:41:29,+919027455561,+919844853269,VOICE,222,404700021399492,354594943541063,UttarPradesh_BTS_011,404-45-194-650,Uttar Pradesh
CDR202600041900,2025-05-18,10:51:05,+918039183877,+918824728270,SMS,0,404616626891138,355471411266567,Delhi_BTS_003,404-45-662-170,Delhi
CDR202600041906,2025-08-06,06:14:42,+917293592384,+919260394257,VOICE,72,404648762686641,356186013792860,WestBengal_BTS_007,404-45-491-894,West Bengal
CDR202600041907,2025-08-09,05:23:20,+919550067332,+919345231893,SMS,0,404614077859942,356841925906745,UttarPradesh_BTS_001,404-45-371-406,Uttar Pradesh
CDR202600041908,2025-08-08,01:10:34,+918668746055,+919918101590,VOICE,47,404978067443527,355792985051431,Mumbai_BTS_008,404-45-462-434,Mumbai
CDR202600041921,2025-05-28,23:21:00,+919921386123,+918848292834,VOICE,356,404036017873742,357544410433316,Rajasthan_BTS_016,404-45-961-655,Rajasthan
CDR202600041965,2025-10-09,16:46:54,+919755692262,+918893455846,VOICE,648,404936090337433,352522701914938,UttarPradesh_BTS_015,404-45-954-379,Uttar Pradesh
CDR202600041994,2025-04-05,07:43:22,+917565151564,+918855902173,VOICE,350,404108032038279,353011355952089,WestBengal_BTS_003,404-45-735-768,West Bengal
CDR202600041996,2025-07-31,05:42:28,+919390373823,+918023764716,VOICE,37,404644299712659,357932801799654,Mumbai_BTS_002,404-45-702-226,Mumbai
CDR202600042006,2025-04-30,19:27:11,+916332772736,+916237834522,VOICE,135,404629207890326,355444488727523,Karnataka_BTS_003,404-45-597-493,Karnataka
CDR202600042008,2025-10-31,22:08:46,+919049670765,+916498299558,VOICE,45,404755438789356,352854561052436,Gujarat_BTS_008,404-45-448-285,Gujarat
CDR202600042011,2025-09-01,01:13:28,+917940880594,+918472908771,VOICE,177,404215087846370,357928514714077,Mumbai_BTS_010,404-45-919-883,Mumbai
CDR202600042064,2025-09-24,02:05:22,+917250328744,+918395811284,VOICE,172,404507586727508,352831804833569,Gujarat_BTS_007,404-45-703-285,Gujarat
CDR202600042067,2025-02-16,02:38:55,+916341686359,+916643684366,VOICE,50,404623667724578,354449803024132,UttarPradesh_BTS_006,404-45-108-684,Uttar Pradesh
CDR202600042079,2025-10-20,03:06:27,+918666798076,+918883222397,VOICE,250,404296283717694,359562842685807,WestBengal_BTS_002,404-45-205-363,West Bengal
CDR202600042099,2025-03-06,17:37:34,+917765785944,+918070083591,VOICE,22,404900824727003,352958580177614,Karnataka_BTS_005,404-45-565-293,Karnataka
CDR202600042105,2025-10-08,13:12:03,+918188874316,+918588277925,VOICE,70,404552932602531,359318280706938,WestBengal_BTS_005,404-45-785-885,West Bengal
CDR202600042108,2025-11-16,20:57:16,+917561522014,+917703142976,VOICE,91,404591849220802,353574445817721,TamilNadu_BTS_004,404-45-683-253,Tamil Nadu
CDR202600042109,2025-11-26,02:42:45,+918917305553,+917199584258,VOICE,109,404517883552767,350924677998402,Maharashtra_BTS_002,404-45-926-045,Maharashtra
CDR202600042112,2025-03-11,22:46:24,+916807387424,+919764511816,VOICE,152,404249849699191,359677378144163,WestBengal_BTS_002,404-45-315-699,West Bengal
CDR202600042131,2025-12-01,11:26:17,+917680336387,+919526669516,VOICE,84,404788468683667,359420616259050,Rajasthan_BTS_013,404-45-448-115,Rajasthan
CDR202600042153,2025-10-10,21:42:40,+916769659872,+916453571115,VOICE,183,404477243766572,357392726908890,Karnataka_BTS_006,404-45-848-803,Karnataka
CDR202600042162,2025-04-15,19:42:52,+918854666127,+918964524850,VOICE,73,404022925067399,351290751329413,Gujarat_BTS_007,404-45-928-891,Gujarat
CDR202600042163,2025-09-02,13:35:25,+919627462031,+917319844499,VOICE,46,404568357636027,350692672667266,Maharashtra_BTS_002,404-45-199-368,Maharashtra
CDR202600042165,2025-01-24,00:06:29,+916027901336,+916334790658,VOICE,131,404564941936969,350504391016090,WestBengal_BTS_001,404-45-415-374,West Bengal
CDR202600042166,2025-04-05,23:47:07,+916332462710,+918449702682,VOICE,64,404714486511677,357517703710891,Rajasthan_BTS_011,404-45-796-739,Rajasthan
CDR202600042186,2025-11-10,15:29:05,+918744400947,+916791902612,VOICE,143,404868313154493,356422856305609,WestBengal_BTS_004,404-45-283-755,West Bengal
CDR202600042209,2025-08-12,13:56:20,+918708647344,+916383807491,VOICE,94,404937478799460,351429100366766,Maharashtra_BTS_007,404-45-750-855,Maharashtra
CDR202600042231,2025-03-13,11:58:34,+918073269811,+919477846389,VOICE,92,404228986043786,356501440284578,Rajasthan_BTS_010,404-45-710-480,Rajasthan
CDR202600042232,2025-09-05,08:25:48,+916861162202,+919732240792,SMS,0,404969721934546,351218164653593,Delhi_BTS_002,404-45-884-129,Delhi
CDR202600042235,2025-06-19,14:44:57,+919345231893,+919450153731,VOICE,1,404841123582734,359912610648655,WestBengal_BTS_003,404-45-342-886,West Bengal
CDR202600042237,2025-11-21,13:06:34,+919382393873,+919600404796,VOICE,58,404770906715531,356790527106990,UttarPradesh_BTS_004,404-45-457-903,Uttar Pradesh
CDR202600042257,2025-05-08,19:09:00,+916513697790,+918981533864,SMS,0,404731799144350,359960702942015,UttarPradesh_BTS_001,404-45-371-406,Uttar Pradesh
CDR202600042261,2025-07-26,21:56:23,+919263130560,+916267473352,VOICE,55,404074986214036,358578238059180,WestBengal_BTS_001,404-45-981-041,West Bengal
CDR202600042274,2025-11-27,21:47:27,+917751097476,+919950147555,VOICE,34,404583295548065,350602599364481,Maharashtra_BTS_004,404-45-691-197,Maharashtra
CDR202600042285,2025-08-17,19:20:49,+918111651183,+916439825779,VOICE,18,404164843406247,355484823964816,WestBengal_BTS_001,404-45-230-043,West Bengal
CDR202600042311,2025-02-09,12:00:28,+918057678618,+919285621806,VOICE,102,404757561458950,356842843431843,Karnataka_BTS_007,404-45-322-992,Karnataka
CDR202600042314,2025-04-12,12:53:23,+917806464417,+917946094608,VOICE,64,404441017823209,356132288893077,Delhi_BTS_001,404-45-999-581,Delhi
CDR202600042320,2025-01-09,23:37:48,+918079461994,+919899054849,VOICE,271,404549825096319,355614051810499,WestBengal_BTS_006,404-45-373-164,West Bengal
CDR202600042339,2025-07-16,02:12:08,+918958526012,+919256264316,MISSED,0,404428561557445,359242866635223,Rajasthan_BTS_010,404-45-710-066,Rajasthan
CDR202600042345,2025-02-25,14:13:46,+918981533864,+919642932017,VOICE,39,404266293801277,358262898690810,Maharashtra_BTS_007,404-45-314-687,Maharashtra
CDR202600042347,2025-10-25,23:36:32,+919256264316,+919726592443,VOICE,320,404504327748677,356164543648007,Karnataka_BTS_006,404-45-669-678,Karnataka
CDR202600042355,2025-03-05,03:11:23,+919154623608,+919938718030,MISSED,0,404568359801151,358792980144725,Gujarat_BTS_001,404-45-859-282,Gujarat
CDR202600042356,2025-07-13,17:53:38,+919831232904,+919997519753,VOICE,449,404870453181921,354782778417888,Rajasthan_BTS_005,404-45-771-512,Rajasthan
CDR202600042372,2025-12-14,22:25:08,+917498561685,+918760593663,VOICE,161,404866470920456,353031761633947,Delhi_BTS_005,404-45-508-688,Delhi
CDR202600042376,2025-07-12,03:44:49,+919049670765,+919194077517,VOICE,6,404755438789356,352854561052436,Delhi_BTS_002,404-45-935-071,Delhi
CDR202600042386,2025-01-21,10:29:45,+916133371166,+916807387424,SMS,0,404626520793554,357703967832722,Mumbai_BTS_007,404-45-348-804,Mumbai
CDR202600042402,2025-05-22,07:21:19,+917282519883,+918681413673,VOICE,350,404180489971791,356906910984420,Mumbai_BTS_011,404-45-995-946,Mumbai
CDR202600042423,2025-12-02,10:18:57,+919118430648,+919709224510,MISSED,0,404067716916756,358446683559880,UttarPradesh_BTS_012,404-45-441-790,Uttar Pradesh
CDR202600042428,2025-06-20,00:31:48,+919571680333,+916807387424,VOICE,11,404205107939618,353321897975383,Mumbai_BTS_007,404-45-584-827,Mumbai
CDR202600042430,2025-10-21,14:02:14,+918711096478,+916267473352,VOICE,15,404314994025111,352731904856037,Maharashtra_BTS_002,404-45-967-353,Maharashtra
CDR202600042444,2025-01-03,07:08:05,+919643515270,+917896773158,VOICE,66,404699453864659,351315577561045,Delhi_BTS_003,404-45-662-170,Delhi
CDR202600042449,2025-12-24,21:04:12,+917880299136,+919752934480,SMS,0,404707459088072,356825955376238,Maharashtra_BTS_005,404-45-181-876,Maharashtra
CDR202600042462,2025-08-13,00:08:49,+918519651226,+919692520668,VOICE,360,404527957813229,359635510843649,Karnataka_BTS_008,404-45-693-754,Karnataka
CDR202600042466,2025-11-25,02:23:22,+919990324665,+916803693943,VOICE,213,404450452477939,358996220982209,UttarPradesh_BTS_013,404-45-265-760,Uttar Pradesh
CDR202600042477,2025-04-17,22:01:22,+917537891077,+918807340099,VOICE,27,404714731371397,357923048965532,UttarPradesh_BTS_004,404-45-170-901,Uttar Pradesh
CDR202600042485,2025-12-15,17:52:14,+917448389330,+918842378751,VOICE,76,404547721744219,354508803848330,Gujarat_BTS_008,404-45-814-433,Gujarat
CDR202600042498,2025-11-27,21:19:25,+919878115007,+917345354711,VOICE,87,404745507258385,350587238926216,Maharashtra_BTS_007,404-45-473-167,Maharashtra
CDR202600042524,2025-06-25,23:59:45,+917776631300,+917499660487,SMS,0,404198544869698,353663425013585,UttarPradesh_BTS_001,404-45-371-406,Uttar Pradesh
CDR202600042529,2025-10-10,13:13:58,+919950781800,+917568309736,VOICE,21,404377489899351,355277343023490,Mumbai_BTS_012,404-45-553-828,Mumbai
CDR202600042537,2025-12-24,00:26:47,+916287579696,+917064409004,VOICE,90,404757122694855,358184354002053,WestBengal_BTS_006,404-45-373-164,West Bengal
CDR202600042539,2025-03-14,15:48:50,+917257246279,+918671851303,VOICE,68,404887630316996,354555520688067,Rajasthan_BTS_001,404-45-801-333,Rajasthan
CDR202600042542,2025-01-29,19:59:20,+919199976503,+919258850207,VOICE,115,404878779556098,358001394344739,Rajasthan_BTS_010,404-45-641-258,Rajasthan
CDR202600042549,2025-08-22,22:12:57,+919989321299,+918172548486,SMS,0,404519599675117,352140996699683,Mumbai_BTS_009,404-45-162-413,Mumbai
CDR202600042564,2025-02-26,00:14:37,+919726146663,+918074032769,VOICE,33,404472993768494,351027354312120,TamilNadu_BTS_006,404-45-367-210,Tamil Nadu
CDR202600042568,2025-09-11,08:51:35,+919032195732,+917687394146,SMS,0,404100375841823,352630118154356,Rajasthan_BTS_016,404-45-619-624,Rajasthan
CDR202600042579,2025-02-23,21:56:32,+918694561739,+916027901336,VOICE,23,404250837973859,352476219294664,Rajasthan_BTS_004,404-45-374-068,Rajasthan
CDR202600042585,2025-01-24,13:09:58,+919345231893,+919557433575,VOICE,39,404841123582734,357477266962404,Rajasthan_BTS_016,404-45-961-655,Rajasthan
CDR202600042586,2025-08-14,15:01:19,+917173526045,+916367952951,SMS,0,404260239063110,354702425585516,Rajasthan_BTS_008,404-45-981-113,Rajasthan
CDR202600042592,2025-08-27,02:08:24,+917086977227,+919095362674,SMS,0,404938549862668,350460394261425,Rajasthan_BTS_007,404-45-470-225,Rajasthan
CDR202600042595,2025-07-25,05:36:43,+918857061139,+918449702682,VOICE,94,404502571351373,359702332379044,UttarPradesh_BTS_011,404-45-966-053,Uttar Pradesh
CDR202600042600,2025-08-21,11:17:09,+916847768665,+919597430517,SMS,0,404547708131742,357209798283949,WestBengal_BTS_003,404-45-258-948,West Bengal
CDR202600042637,2025-10-13,20:46:00,+918627361341,+919140140542,VOICE,8,404874752192419,357642590192951,Rajasthan_BTS_014,404-45-839-897,Rajasthan
CDR202600042649,2025-04-22,11:22:31,+919030753832,+918297232808,VOICE,5,404725565898828,357071442979277,Karnataka_BTS_002,404-45-195-949,Karnataka
CDR202600042655,2025-06-23,21:05:59,+917346187234,+919430108522,VOICE,67,404863497884735,355174632162189,UttarPradesh_BTS_003,404-45-202-076,Uttar Pradesh
CDR202600042663,2025-12-03,04:37:32,+918000199591,+918958235130,VOICE,68,404089740332963,352184905848519,Rajasthan_BTS_019,404-45-951-827,Rajasthan
CDR202600042669,2025-07-21,17:33:49,+917487113707,+916337646547,VOICE,95,404094002194203,354916025007802,Maharashtra_BTS_004,404-45-691-197,Maharashtra
CDR202600042714,2025-02-18,17:59:35,+919832360435,+916382761185,VOICE,107,404808308362022,358090920495218,TamilNadu_BTS_006,404-45-678-536,Tamil Nadu
CDR202600042715,2025-02-13,23:35:09,+919300467117,+919516416545,VOICE,76,404658605433151,350793541627934,Maharashtra_BTS_009,404-45-646-747,Maharashtra
CDR202600042728,2025-03-09,02:48:26,+916207044235,+919104994592,VOICE,67,404283815950469,352146998099793,Delhi_BTS_003,404-45-993-622,Delhi
CDR202600042733,2025-02-03,07:19:12,+918160820437,+919461917192,VOICE,65,404777336164652,353002529142391,Karnataka_BTS_006,404-45-848-803,Karnataka
CDR202600042738,2025-06-08,04:00:29,+919376485855,+919452836158,MISSED,0,404565806038870,350490320845893,UttarPradesh_BTS_012,404-45-233-653,Uttar Pradesh
CDR202600042747,2025-02-24,14:25:15,+917293592384,+918449702682,SMS,0,404648762686641,359454136740583,WestBengal_BTS_002,404-45-205-363,West Bengal
CDR202600042778,2025-04-04,18:19:43,+917371519719,+918749906567,SMS,0,404134004227625,357049269181579,UttarPradesh_BTS_002,404-45-568-324,Uttar Pradesh
CDR202600042810,2025-05-21,14:37:15,+918186295994,+916044245685,MISSED,0,404853372962807,350147463819087,WestBengal_BTS_005,404-45-785-885,West Bengal
CDR202600042812,2025-04-07,18:50:16,+919661926373,+918680112037,VOICE,161,404763625570225,351236195274950,UttarPradesh_BTS_002,404-45-174-010,Uttar Pradesh
CDR202600042816,2025-09-15,12:25:17,+916934046510,+918022471766,VOICE,36,404050522771491,358513650087185,Maharashtra_BTS_008,404-45-799-664,Maharashtra
CDR202600042820,2025-07-04,23:33:30,+918270857685,+919454782600,VOICE,111,404717231005437,358524930868103,Rajasthan_BTS_019,404-45-119-115,Rajasthan
CDR202600042823,2025-01-24,15:51:30,+919943541782,+918127731517,VOICE,219,404583656722601,358043405529090,Gujarat_BTS_002,404-45-328-143,Gujarat
CDR202600042841,2025-10-31,18:54:36,+918118211392,+918364246419,VOICE,37,404929468829220,358071996273930,UttarPradesh_BTS_011,404-45-194-650,Uttar Pradesh
CDR202600042853,2025-02-27,02:05:04,+917975423561,+917691247999,VOICE,172,404972382407472,354824819097886,Mumbai_BTS_008,404-45-155-690,Mumbai
CDR202600042855,2025-11-17,00:59:23,+917126365590,+918938209223,VOICE,187,404068976637736,355882100797138,Mumbai_BTS_010,404-45-919-883,Mumbai
CDR202600042884,2025-01-19,23:19:14,+918281664145,+917691247999,SMS,0,404058285829410,355374301490384,Rajasthan_BTS_014,404-45-839-897,Rajasthan
CDR202600042889,2025-02-07,10:41:23,+918347714726,+916703033328,SMS,0,404386487100518,351452824249120,UttarPradesh_BTS_012,404-45-441-790,Uttar Pradesh
CDR202600042904,2025-11-23,06:41:26,+917860543707,+918904571740,VOICE,134,404214297745828,351542504159989,Delhi_BTS_004,404-45-652-774,Delhi
CDR202600042934,2025-12-17,15:46:01,+918933375429,+919866647096,VOICE,103,404347247454201,351386947770196,Mumbai_BTS_010,404-45-211-255,Mumbai
CDR202600042947,2025-07-05,05:07:27,+919926425786,+918059243421,VOICE,50,404659368785981,357029317905578,Rajasthan_BTS_015,404-45-612-781,Rajasthan
CDR202600042972,2025-03-24,11:45:03,+916035749603,+919510989013,VOICE,12,404229649660205,358478003811197,Maharashtra_BTS_006,404-45-489-285,Maharashtra
CDR202600042978,2025-09-10,18:02:33,+916546258705,+919039220425,VOICE,239,404775408928373,355980180259385,WestBengal_BTS_004,404-45-522-026,West Bengal
CDR202600043003,2025-01-13,22:19:44,+917196407916,+916107926886,VOICE,20,404937102756234,356619429087337,WestBengal_BTS_005,404-45-901-954,West Bengal
CDR202600043012,2025-01-07,11:21:40,+917209475777,+919423884816,VOICE,66,404372288470566,352862774108392,WestBengal_BTS_002,404-45-315-699,West Bengal
CDR202600043014,2025-10-19,07:06:48,+917052071688,+917954050962,SMS,0,404964491990032,358540410487139,Karnataka_BTS_007,404-45-294-304,Karnataka
CDR202600043026,2025-02-14,09:13:09,+916057261514,+918118211392,VOICE,297,404437743103644,351856059769526,UttarPradesh_BTS_011,404-45-194-650,Uttar Pradesh
CDR202600043033,2025-01-13,14:26:52,+917173526045,+918950845788,SMS,0,404260239063110,353966197190675,Gujarat_BTS_002,404-45-854-105,Gujarat
CDR202600043038,2025-11-04,23:45:30,+918966735221,+917406446241,VOICE,34,404619157727644,350674698892713,Maharashtra_BTS_002,404-45-718-271,Maharashtra
CDR202600043044,2025-03-02,08:25:08,+916889163629,+918553840504,VOICE,103,404232429533485,352478929717171,TamilNadu_BTS_001,404-45-698-489,Tamil Nadu
CDR202600043051,2025-01-05,05:33:34,+919256534899,+919161905734,SMS,0,404029773340295,359029600794729,Karnataka_BTS_005,404-45-102-400,Karnataka
CDR202600043103,2025-05-21,04:36:39,+917260525274,+917764754580,VOICE,149,404348500968395,357212038753711,TamilNadu_BTS_001,404-45-158-052,Tamil Nadu
CDR202600043104,2025-09-03,10:17:17,+917638817413,+917123640419,VOICE,60,404271535938549,355524439521138,TamilNadu_BTS_006,404-45-367-210,Tamil Nadu
CDR202600043136,2025-01-08,01:13:47,+917724773264,+918460514346,SMS,0,404241819455429,358514663933338,Maharashtra_BTS_008,404-45-818-960,Maharashtra
CDR202600043143,2025-07-01,22:48:50,+916250502536,+918753688075,VOICE,92,404529663619751,358095052685243,Rajasthan_BTS_007,404-45-605-094,Rajasthan
CDR202600043148,2025-10-17,23:25:34,+918737689450,+917581566561,SMS,0,404809596475095,355970328275637,UttarPradesh_BTS_010,404-45-308-704,Uttar Pradesh
CDR202600043154,2025-12-05,18:18:58,+917173526045,+919311039653,SMS,0,404260239063110,354702425585516,UttarPradesh_BTS_013,404-45-265-760,Uttar Pradesh
CDR202600043158,2025-07-02,09:41:43,+918689430834,+917870941995,VOICE,66,404115548972315,356813179968337,Delhi_BTS_006,404-45-548-922,Delhi
CDR202600043197,2025-04-25,16:55:04,+916889163629,+919589986395,VOICE,8,404232429533485,352478929717171,Delhi_BTS_002,404-45-935-071,Delhi
CDR202600043235,2025-02-02,06:35:48,+917691079433,+917860543707,VOICE,137,404886683446427,357752833001048,Delhi_BTS_003,404-45-662-170,Delhi
CDR202600043240,2025-05-14,05:42:27,+919339073555,+917675163617,SMS,0,404727251049178,359492724680785,UttarPradesh_BTS_002,404-45-869-959,Uttar Pradesh
CDR202600043251,2025-07-29,00:52:58,+919143042807,+918236781960,VOICE,339,404889529063139,356482679295674,Karnataka_BTS_005,404-45-102-400,Karnataka
CDR202600043253,2025-08-29,20:22:08,+919287451100,+919812638881,VOICE,106,404468392412516,353252882207223,Gujarat_BTS_005,404-45-338-518,Gujarat
CDR202600043266,2025-07-26,09:25:29,+917127802879,+917345913698,VOICE,329,404803133087846,359822448206798,Delhi_BTS_003,404-45-662-170,Delhi
CDR202600043279,2025-03-02,02:23:39,+917310983111,+917306024246,VOICE,64,404773058174668,350742010959527,Karnataka_BTS_006,404-45-835-499,Karnataka
CDR202600043285,2025-08-15,06:37:41,+919520134074,+916821183402,SMS,0,404634145303106,353391215714902,Karnataka_BTS_006,404-45-848-803,Karnataka
CDR202600043287,2025-04-17,06:56:01,+916514444241,+918821101078,VOICE,70,404954341991008,354682315116551,Rajasthan_BTS_014,404-45-839-897,Rajasthan
CDR202600043298,2025-11-01,05:59:48,+917885171272,+916262219659,SMS,0,404250955064612,356429030607783,Gujarat_BTS_008,404-45-814-433,Gujarat
CDR202600043302,2025-01-22,15:03:13,+918165425753,+916035749603,MISSED,0,404767557281995,356841381358531,WestBengal_BTS_003,404-45-735-768,West Bengal
CDR202600043328,2025-10-28,01:47:42,+916424170400,+918711318313,SMS,0,404813386439365,352733782832859,Karnataka_BTS_007,404-45-294-304,Karnataka
CDR202600043337,2025-07-25,04:54:42,+918766702595,+916567773143,VOICE,20,404277356307174,351357656734036,UttarPradesh_BTS_001,404-45-234-688,Uttar Pradesh
CDR202600043432,2025-06-12,00:08:57,+918118211392,+918356076471,SMS,0,404929468829220,358071996273930,Maharashtra_BTS_001,404-45-881-345,Maharashtra
CDR202600043452,2025-08-03,07:42:34,+918308270030,+917724773264,VOICE,29,404892904595360,355120078390467,Rajasthan_BTS_012,404-45-798-907,Rajasthan
CDR202600043458,2025-10-20,18:54:44,+918845391323,+918677835293,VOICE,36,404127083355935,356904855075656,WestBengal_BTS_005,404-45-901-954,West Bengal
CDR202600043510,2025-05-05,05:36:16,+918730525898,+917467444699,VOICE,241,404564531462663,350405460016865,UttarPradesh_BTS_011,404-45-533-850,Uttar Pradesh
CDR202600043527,2025-07-09,07:11:57,+918917644942,+919863606381,VOICE,35,404169286853504,355898303559859,UttarPradesh_BTS_005,404-45-261-449,Uttar Pradesh
CDR202600043536,2025-01-04,14:54:11,+919750518334,+919327274458,VOICE,324,404680770705936,356028474473915,TamilNadu_BTS_001,404-45-614-942,Tamil Nadu
CDR202600043548,2025-06-25,07:30:53,+917590663736,+919114631870,VOICE,32,404648222988446,350653832684809,UttarPradesh_BTS_010,404-45-308-704,Uttar Pradesh
CDR202600043550,2025-12-05,06:49:34,+917699081158,+918433562907,VOICE,133,404547082956137,358293217640914,Maharashtra_BTS_002,404-45-199-368,Maharashtra
CDR202600043551,2025-01-07,10:35:08,+917851866347,+917026149618,VOICE,249,404699729643179,350989135865645,Mumbai_BTS_011,404-45-243-433,Mumbai
CDR202600043582,2025-11-14,23:57:06,+918677835293,+918951285439,SMS,0,404914110856479,359942593657521,Rajasthan_BTS_004,404-45-835-323,Rajasthan
CDR202600043595,2025-04-22,06:43:31,+917258876311,+919143666828,VOICE,48,404198962287008,351008060487645,UttarPradesh_BTS_015,404-45-954-379,Uttar Pradesh
CDR202600043602,2025-01-08,05:16:48,+919585376906,+916575518584,MISSED,0,404228293359572,355402161494278,Maharashtra_BTS_004,404-45-146-678,Maharashtra
CDR202600043611,2025-11-02,10:21:12,+919531565815,+917003523683,SMS,0,404715544695319,350179363385443,Karnataka_BTS_004,404-45-160-169,Karnataka
CDR202600043614,2025-02-20,13:33:11,+917541551698,+916306053410,SMS,0,404739396351360,353646533062664,UttarPradesh_BTS_003,404-45-736-577,Uttar Pradesh
CDR202600043627,2025-06-23,11:13:21,+917696050690,+919315061206,VOICE,51,404142168741704,358300033954135,Mumbai_BTS_008,404-45-462-434,Mumbai
CDR202600043628,2025-10-13,10:03:45,+916323599598,+916268821410,VOICE,83,404981882774590,356051644861259,Rajasthan_BTS_004,404-45-835-323,Rajasthan
CDR202600043629,2025-05-05,05:39:47,+916331884664,+919878950037,VOICE,93,404602462843965,351214616046442,Rajasthan_BTS_002,404-45-334-842,Rajasthan
CDR202600043644,2025-11-07,22:51:16,+918859396383,+916575277012,VOICE,81,404294363361853,359395345150558,Rajasthan_BTS_019,404-45-414-246,Rajasthan
CDR202600043678,2025-11-03,20:59:03,+919827076865,+917114445865,SMS,0,404370548303205,350021557899371,Gujarat_BTS_003,404-45-704-433,Gujarat
CDR202600043679,2025-10-16,07:27:13,+919492128653,+917282202555,VOICE,133,404065166261178,357310232796424,UttarPradesh_BTS_012,404-45-233-653,Uttar Pradesh
CDR202600043699,2025-11-04,12:54:18,+917681953759,+919881228463,SMS,0,404317277080682,355623004478338,WestBengal_BTS_009,404-45-304-837,West Bengal
CDR202600043703,2025-10-18,01:58:53,+919129653625,+919539055439,MISSED,0,404410208963145,350935909467014,WestBengal_BTS_009,404-45-304-837,West Bengal
CDR202600043722,2025-10-13,20:43:04,+918177631047,+919668331917,VOICE,93,404335561945343,350064533558489,Maharashtra_BTS_007,404-45-473-167,Maharashtra
CDR202600043751,2025-07-06,10:49:23,+918567377345,+917103776964,VOICE,218,404030440610600,352837027219577,Rajasthan_BTS_014,404-45-839-897,Rajasthan
CDR202600043778,2025-11-21,16:31:00,+919485317191,+916791902612,SMS,0,404263099658854,354066142706540,WestBengal_BTS_003,404-45-735-768,West Bengal
CDR202600043785,2025-06-16,09:18:11,+917293592384,+919099798724,VOICE,183,404648762686641,359454136740583,Rajasthan_BTS_009,404-45-911-697,Rajasthan
CDR202600043829,2025-09-25,17:04:34,+917280030183,+916774681896,VOICE,57,404331547448022,350357150200566,WestBengal_BTS_008,404-45-979-482,West Bengal
CDR202600043831,2025-01-11,02:01:56,+917779511488,+916237834522,VOICE,173,404831814949565,352592110805620,UttarPradesh_BTS_004,404-45-457-903,Uttar Pradesh
CDR202600043832,2025-07-20,09:04:32,+919181703697,+916220027949,VOICE,83,404195778210088,353461687222650,WestBengal_BTS_004,404-45-522-026,West Bengal
CDR202600043835,2025-01-07,07:34:08,+917094110284,+918989837181,VOICE,36,404047681464652,355429182117702,Rajasthan_BTS_014,404-45-564-004,Rajasthan
CDR202600043843,2025-07-18,03:57:19,+918247160038,+917896616394,VOICE,510,404450893486062,357619009127217,Rajasthan_BTS_010,404-45-710-066,Rajasthan
CDR202600043857,2025-12-08,06:33:00,+918409903135,+918196593978,VOICE,63,404514984850847,350531890262638,Karnataka_BTS_005,404-45-371-949,Karnataka
CDR202600043861,2025-04-29,16:45:33,+919049670765,+916122817537,VOICE,55,404755438789356,352854561052436,TamilNadu_BTS_002,404-45-620-083,Tamil Nadu
CDR202600043898,2025-02-15,09:18:02,+919942741583,+919038361051,VOICE,82,404552839525702,350156353777565,WestBengal_BTS_005,404-45-901-954,West Bengal
CDR202600043928,2025-04-16,10:21:42,+916900513165,+919545242691,VOICE,55,404830836332809,350690821470600,Delhi_BTS_004,404-45-652-774,Delhi
CDR202600043952,2025-09-08,09:23:22,+917459347833,+917216941561,SMS,0,404057064482607,358530979490580,Gujarat_BTS_002,404-45-854-105,Gujarat
CDR202600043989,2025-07-29,16:01:27,+919195752363,+917806464417,VOICE,146,404522172235452,359786419634604,UttarPradesh_BTS_006,404-45-769-542,Uttar Pradesh
CDR202600043996,2025-01-13,17:56:55,+919435188242,+916703033328,VOICE,43,404973121874647,353797290675978,Gujarat_BTS_008,404-45-814-433,Gujarat
CDR202600044001,2025-02-04,16:07:54,+918335471524,+917488466545,VOICE,99,404943595860397,350947287373773,Gujarat_BTS_003,404-45-704-433,Gujarat
CDR202600044002,2025-01-03,18:57:53,+918121539663,+917013936970,MISSED,0,404889478286175,356084953076643,Mumbai_BTS_002,404-45-702-226,Mumbai
CDR202600044012,2025-11-06,08:10:39,+919530476674,+919827761268,VOICE,46,404218645545408,357650585192968,WestBengal_BTS_008,404-45-979-482,West Bengal
CDR202600044015,2025-09-23,18:53:19,+918712660416,+917599862745,VOICE,124,404443909378453,357594707679743,Rajasthan_BTS_007,404-45-241-522,Rajasthan
CDR202600044038,2025-10-28,13:02:23,+917642066484,+918228221165,VOICE,10,404297817223306,353681095622573,Maharashtra_BTS_008,404-45-173-624,Maharashtra
CDR202600044039,2025-01-20,21:24:45,+919726146663,+918062006505,VOICE,204,404472993768494,351027354312120,UttarPradesh_BTS_007,404-45-370-119,Uttar Pradesh
CDR202600044060,2025-10-02,07:53:27,+918485572124,+916193309397,VOICE,10,404289039592310,353053343558462,WestBengal_BTS_005,404-45-785-885,West Bengal
CDR202600044063,2025-06-13,02:45:52,+918270857685,+919793241404,VOICE,47,404717231005437,358524930868103,Mumbai_BTS_012,404-45-553-828,Mumbai
CDR202600044068,2025-02-21,04:08:15,+917887149781,+918111789100,VOICE,24,404154318612967,358782959514269,Karnataka_BTS_005,404-45-371-949,Karnataka
CDR202600044097,2025-04-21,02:13:05,+918240745267,+919299740124,VOICE,68,404274710604849,353795531750027,UttarPradesh_BTS_015,404-45-954-379,Uttar Pradesh
CDR202600044101,2025-02-15,17:19:37,+919982474591,+917123640419,SMS,0,404096984054023,356738530978048,Delhi_BTS_006,404-45-548-922,Delhi
CDR202600044111,2025-08-10,05:02:15,+916018950497,+919256264316,VOICE,42,404427107605994,359979971217906,Rajasthan_BTS_010,404-45-710-066,Rajasthan
CDR202600044125,2025-10-17,07:41:08,+917312502106,+916592860335,VOICE,24,404745566895118,352613271001974,Rajasthan_BTS_001,404-45-670-225,Rajasthan
CDR202600044128,2025-04-08,18:50:07,+919085981499,+916048012150,VOICE,326,404931053271314,357845847469039,Gujarat_BTS_006,404-45-833-666,Gujarat
CDR202600044153,2025-09-16,04:07:40,+917296729619,+919921386123,SMS,0,404958240563238,359484095185805,Rajasthan_BTS_011,404-45-796-739,Rajasthan
CDR202600044164,2025-10-25,12:59:16,+918133493776,+919486343538,MISSED,0,404851434879460,357292330025722,TamilNadu_BTS_001,404-45-614-942,Tamil Nadu
CDR202600044174,2025-02-13,22:33:10,+918755260741,+916498957589,VOICE,102,404293227877544,359448853760949,Mumbai_BTS_008,404-45-155-690,Mumbai
CDR202600044175,2025-08-11,13:34:40,+917946493688,+917736614677,VOICE,213,404763891908862,355723237282121,Maharashtra_BTS_001,404-45-881-345,Maharashtra
CDR202600044195,2025-03-21,14:04:17,+919611058482,+918941945340,VOICE,139,404397536453971,356864902196456,Mumbai_BTS_004,404-45-980-339,Mumbai
CDR202600044229,2025-12-04,21:42:07,+918059254461,+916240459836,VOICE,30,404888119550635,356538571947020,WestBengal_BTS_001,404-45-915-996,West Bengal
CDR202600044233,2025-01-25,18:56:42,+919215789083,+919173863255,VOICE,211,404128606835753,357222136423862,Maharashtra_BTS_007,404-45-479-364,Maharashtra
CDR202600044244,2025-05-03,12:33:22,+919689954668,+919882498135,SMS,0,404962482169580,354487431859263,Gujarat_BTS_005,404-45-338-518,Gujarat
CDR202600044254,2025-03-05,09:03:05,+916813042097,+917283986142,VOICE,34,404950896610922,356982821500687,WestBengal_BTS_006,404-45-373-164,West Bengal
CDR202600044275,2025-11-17,11:23:52,+918940237490,+917216936604,VOICE,234,404884974809132,359120968456605,UttarPradesh_BTS_012,404-45-441-790,Uttar Pradesh
CDR202600044282,2025-03-01,05:44:29,+917286120422,+916938174319,VOICE,289,404638322742938,355157312403493,Rajasthan_BTS_010,404-45-641-258,Rajasthan
CDR202600044283,2025-09-24,19:18:45,+918766903962,+917581547269,VOICE,65,404525347034619,356394689692620,Mumbai_BTS_004,404-45-980-339,Mumbai
CDR202600044309,2025-12-29,00:07:27,+919804617347,+918428693441,MISSED,0,404119104366898,354836012173757,Karnataka_BTS_005,404-45-371-949,Karnataka
CDR202600044315,2025-10-17,13:29:33,+919228202848,+917740841180,SMS,0,404044150172094,351668170141120,WestBengal_BTS_005,404-45-901-954,West Bengal
CDR202600044325,2025-06-24,02:59:24,+916426267031,+917109100834,VOICE,37,404475978442295,354217692142284,Mumbai_BTS_011,404-45-573-256,Mumbai
CDR202600044326,2025-09-19,08:46:06,+917970852104,+919710731087,VOICE,37,404700666167352,354372323952875,UttarPradesh_BTS_003,404-45-202-076,Uttar Pradesh
CDR202600044346,2025-09-08,16:28:44,+919896429999,+917487113707,VOICE,219,404374477761393,354740902370988,Gujarat_BTS_007,404-45-325-460,Gujarat
CDR202600044382,2025-11-06,04:21:59,+919668331917,+916426267031,VOICE,174,404462417039410,357481542862786,Delhi_BTS_003,404-45-533-988,Delhi
CDR202600044397,2025-11-14,15:49:18,+919794897823,+916514444241,SMS,0,404151998584968,359397607875258,UttarPradesh_BTS_005,404-45-261-449,Uttar Pradesh
CDR202600044407,2025-10-27,15:10:46,+918022731031,+918370571122,VOICE,61,404839398605771,352777173290326,Rajasthan_BTS_004,404-45-680-898,Rajasthan
CDR202600044412,2025-05-23,00:29:12,+917232979485,+918407468479,VOICE,186,404422942111545,357193776565359,UttarPradesh_BTS_001,404-45-234-688,Uttar Pradesh
CDR202600044437,2025-12-30,20:28:35,+916199842463,+917382860002,VOICE,56,404756238192259,350080024057789,Maharashtra_BTS_009,404-45-646-747,Maharashtra
CDR202600044457,2025-08-21,20:25:31,+916861162202,+919924396323,VOICE,1,404969721934546,351218164653593,Maharashtra_BTS_002,404-45-199-368,Maharashtra
CDR202600044474,2025-02-28,06:22:33,+918757812591,+916508363615,VOICE,384,404190572148507,351412676984014,Karnataka_BTS_002,404-45-195-949,Karnataka
CDR202600044491,2025-11-26,05:45:18,+917194014111,+916927808946,VOICE,43,404188477093271,351791227896205,Mumbai_BTS_008,404-45-984-747,Mumbai
CDR202600044516,2025-03-04,09:44:51,+919956147272,+917633940700,VOICE,104,404750729531744,351991337979179,Gujarat_BTS_005,404-45-338-518,Gujarat
CDR202600044525,2025-07-10,10:08:31,+919753757178,+917283986142,SMS,0,404068486702480,350895267593158,UttarPradesh_BTS_014,404-45-214-078,Uttar Pradesh
CDR202600044532,2025-05-10,08:52:01,+919816426523,+916113148304,VOICE,61,404621891072829,357498495138358,UttarPradesh_BTS_013,404-45-265-760,Uttar Pradesh
CDR202600044566,2025-07-30,18:20:16,+919960919293,+918297232808,SMS,0,404224507183986,358802750195801,Delhi_BTS_003,404-45-993-622,Delhi
CDR202600044600,2025-11-09,23:34:17,+916054681044,+918966735221,SMS,0,404838406043720,357039575775504,Mumbai_BTS_008,404-45-155-690,Mumbai
CDR202600044616,2025-08-02,06:52:21,+919272680898,+917600609795,VOICE,24,404649265759327,353161197380148,Rajasthan_BTS_017,404-45-880-166,Rajasthan
CDR202600044623,2025-01-30,13:01:35,+918589139251,+916379909239,VOICE,184,404462107475566,355452501664423,Mumbai_BTS_011,404-45-287-286,Mumbai
CDR202600044642,2025-02-26,22:29:24,+918297232808,+918978249018,SMS,0,404930042600511,350679169634900,UttarPradesh_BTS_013,404-45-265-760,Uttar Pradesh
CDR202600044648,2025-12-31,15:51:09,+918495824226,+917621349571,VOICE,83,404900690737171,358171900032438,Maharashtra_BTS_003,404-45-649-128,Maharashtra
CDR202600044661,2025-06-17,23:39:57,+917764231303,+916018950497,VOICE,244,404715726572874,351142568905685,Gujarat_BTS_007,404-45-325-460,Gujarat
CDR202600044667,2025-01-22,02:02:01,+918297232808,+918533177561,VOICE,162,404930042600511,350679169634900,Maharashtra_BTS_003,404-45-487-081,Maharashtra
CDR202600044671,2025-04-26,04:44:06,+918308876815,+917156308741,VOICE,38,404532777429085,356191787627590,Rajasthan_BTS_001,404-45-755-705,Rajasthan
CDR202600044677,2025-05-11,21:18:55,+916407278134,+918799546719,VOICE,118,404458862139353,356881054268331,UttarPradesh_BTS_011,404-45-533-850,Uttar Pradesh
CDR202600044710,2025-07-22,14:30:44,+916793257571,+919397657506,VOICE,84,404854898768103,351264296331890,Mumbai_BTS_001,404-45-446-022,Mumbai
CDR202600044722,2025-07-01,10:18:47,+918544790257,+919692520668,VOICE,241,404181069784890,357714382762388,WestBengal_BTS_001,404-45-415-374,West Bengal
CDR202600044733,2025-10-07,10:11:30,+918065267626,+918589919306,VOICE,145,404729078754797,358311432011549,UttarPradesh_BTS_002,404-45-174-010,Uttar Pradesh
CDR202600044757,2025-02-28,18:44:44,+919073813244,+918223902580,VOICE,652,404387669215900,351644724805472,Rajasthan_BTS_017,404-45-880-166,Rajasthan
CDR202600044759,2025-07-04,22:26:48,+917455593148,+918130444799,VOICE,33,404163182417701,358317752260340,TamilNadu_BTS_005,404-45-734-084,Tamil Nadu
CDR202600044761,2025-02-01,04:55:01,+917119710884,+919326665043,VOICE,11,404278413907359,359850081600456,UttarPradesh_BTS_009,404-45-378-289,Uttar Pradesh
CDR202600044763,2025-04-18,00:01:55,+918794336450,+919101709809,SMS,0,404730197359200,353879580704581,UttarPradesh_BTS_013,404-45-552-565,Uttar Pradesh
CDR202600044780,2025-03-28,21:48:52,+916129129648,+918485572124,VOICE,112,404784521071749,351643596893381,WestBengal_BTS_003,404-45-735-768,West Bengal
CDR202600044783,2025-08-17,00:51:04,+916269133279,+916098490653,SMS,0,404216928433013,354684451414816,Rajasthan_BTS_008,404-45-981-113,Rajasthan
CDR202600044786,2025-01-12,11:15:02,+916791902612,+917636803899,VOICE,321,404187542153932,357741164304432,WestBengal_BTS_007,404-45-491-894,West Bengal
CDR202600044801,2025-07-13,13:32:28,+918901744348,+918478798838,SMS,0,404573103495257,353116001459084,Karnataka_BTS_006,404-45-669-678,Karnataka
CDR202600044806,2025-11-05,04:08:25,+916073848956,+916883481069,VOICE,421,404682016917487,353798631993476,Mumbai_BTS_006,404-45-785-498,Mumbai
CDR202600044812,2025-05-24,07:22:35,+919233642723,+917555664956,VOICE,70,404478235452963,358896886104534,WestBengal_BTS_005,404-45-785-885,West Bengal
CDR202600044830,2025-08-02,15:14:59,+918024401665,+918560361589,VOICE,145,404962762172610,359117461190462,Maharashtra_BTS_003,404-45-665-301,Maharashtra
CDR202600044839,2025-03-15,20:52:50,+916213343596,+919602801196,VOICE,158,404281537805585,359075711559117,Maharashtra_BTS_003,404-45-487-081,Maharashtra
CDR202600044855,2025-11-19,05:27:06,+919365533976,+916887769057,VOICE,17,404658637421454,350141972124913,WestBengal_BTS_003,404-45-342-886,West Bengal
CDR202600044876,2025-09-16,16:26:32,+918356551501,+916407278134,VOICE,587,404371202653638,352203161080095,UttarPradesh_BTS_011,404-45-966-053,Uttar Pradesh
CDR202600044901,2025-09-26,01:45:41,+918684234768,+918319944674,VOICE,97,404030851877978,353725733920633,Maharashtra_BTS_004,404-45-146-678,Maharashtra
CDR202600044915,2025-11-23,15:55:04,+917214417699,+918338229837,VOICE,16,404965026035347,359154038018263,Rajasthan_BTS_007,404-45-697-409,Rajasthan
CDR202600044926,2025-05-20,20:51:41,+916711627793,+919581250815,VOICE,679,404105866751004,351618595040516,Mumbai_BTS_011,404-45-243-433,Mumbai
CDR202600044938,2025-10-08,01:16:21,+916861162202,+916412848043,VOICE,78,404969721934546,351218164653593,Mumbai_BTS_008,404-45-520-479,Mumbai
CDR202600044945,2025-05-25,18:47:51,+917440187369,+918640882643,VOICE,255,404557011746644,358218147722599,Gujarat_BTS_007,404-45-106-778,Gujarat
CDR202600044958,2025-09-14,01:11:22,+919393730724,+917259833994,VOICE,23,404513500898644,352140440813886,UttarPradesh_BTS_001,404-45-371-406,Uttar Pradesh
CDR202600044971,2025-06-29,01:56:20,+918720170052,+918059254461,VOICE,30,404750941374894,353328180312733,Gujarat_BTS_007,404-45-928-891,Gujarat
CDR202600044999,2025-10-31,11:11:57,+916711627793,+917422627842,VOICE,140,404105866751004,351618595040516,Karnataka_BTS_001,404-45-767-554,Karnataka
CDR202600045023,2025-08-04,17:49:50,+916721272168,+916053284739,VOICE,118,404225626373671,350072899430410,UttarPradesh_BTS_007,404-45-370-119,Uttar Pradesh
CDR202600045036,2025-08-29,22:30:17,+918308876815,+916228320383,VOICE,73,404532777429085,356191787627590,Rajasthan_BTS_015,404-45-208-892,Rajasthan
CDR202600045038,2025-11-10,15:56:47,+917946672758,+916576264669,VOICE,26,404788202702595,358935572790234,Rajasthan_BTS_015,404-45-208-892,Rajasthan
CDR202600045043,2025-09-07,18:34:03,+919181161111,+919541078632,VOICE,19,404006347281016,356607969151483,UttarPradesh_BTS_013,404-45-265-760,Uttar Pradesh
CDR202600045097,2025-10-11,17:12:33,+919272145577,+919821680119,VOICE,99,404073846799198,354859186804604,Karnataka_BTS_003,404-45-270-417,Karnataka
CDR202600045108,2025-02-15,14:25:37,+916391671682,+918190135515,SMS,0,404876135201152,352174447535894,Rajasthan_BTS_009,404-45-742-164,Rajasthan
CDR202600045126,2025-12-01,07:44:13,+917187757492,+919991462282,VOICE,1,404866529100698,353963778140679,WestBengal_BTS_006,404-45-906-719,West Bengal
CDR202600045132,2025-05-28,20:27:32,+917024137343,+918434942218,VOICE,124,404455682811912,352698478169301,Rajasthan_BTS_003,404-45-924-324,Rajasthan
CDR202600045134,2025-01-09,22:19:29,+917027056711,+918543409847,VOICE,122,404949904899659,357108094136708,TamilNadu_BTS_003,404-45-169-692,Tamil Nadu
CDR202600045140,2025-01-09,04:06:02,+918150773742,+918590944641,SMS,0,404880985228519,353912743682570,WestBengal_BTS_005,404-45-785-885,West Bengal
CDR202600045162,2025-09-25,21:48:24,+919066184321,+917497227566,VOICE,103,404951008967799,352498676969764,WestBengal_BTS_004,404-45-283-755,West Bengal
CDR202600045164,2025-04-21,17:41:04,+919063649079,+917116094493,VOICE,17,404055732742917,357610251670248,TamilNadu_BTS_002,404-45-620-083,Tamil Nadu
CDR202600045200,2025-06-09,14:48:16,+918431994101,+919367651733,VOICE,84,404964852820220,357227074076315,Rajasthan_BTS_004,404-45-680-898,Rajasthan
CDR202600045211,2025-02-06,12:27:55,+917346187234,+919051228637,VOICE,267,404863497884735,355174632162189,WestBengal_BTS_001,404-45-415-374,West Bengal
CDR202600045226,2025-08-04,05:13:26,+918426235935,+916950821627,VOICE,34,404952466995332,358491701230858,WestBengal_BTS_002,404-45-315-699,West Bengal
CDR202600045238,2025-04-28,10:52:56,+917547049117,+916965012778,VOICE,36,404784638147362,350225887264757,Mumbai_BTS_002,404-45-107-073,Mumbai
CDR202600045254,2025-03-04,11:33:48,+919441866251,+917989787550,VOICE,130,404890982530748,350581929600584,WestBengal_BTS_001,404-45-415-374,West Bengal
CDR202600045272,2025-05-24,17:25:14,+916314217495,+917024544717,VOICE,187,404749443894128,351177118529716,UttarPradesh_BTS_011,404-45-533-850,Uttar Pradesh
CDR202600045279,2025-12-08,09:36:42,+918270857685,+917674001935,VOICE,159,404717231005437,358524930868103,WestBengal_BTS_009,404-45-304-837,West Bengal
CDR202600045295,2025-04-19,08:05:24,+919524120926,+918329702834,VOICE,275,404623698897069,359937933527355,Karnataka_BTS_003,404-45-597-493,Karnataka
CDR202600045361,2025-05-29,14:33:32,+918495824226,+917509092243,VOICE,137,404900690737171,358171900032438,Karnataka_BTS_005,404-45-102-400,Karnataka
CDR202600045378,2025-03-05,20:12:36,+918365467938,+917583600963,VOICE,342,404977390792541,352744075589655,Maharashtra_BTS_002,404-45-199-368,Maharashtra
CDR202600045382,2025-06-05,15:46:58,+919139282580,+919300467117,SMS,0,404155664099733,353108189077082,WestBengal_BTS_003,404-45-342-886,West Bengal
CDR202600045399,2025-04-26,22:15:12,+918680112037,+917120388956,VOICE,98,404931423436384,350022633249291,Rajasthan_BTS_010,404-45-494-391,Rajasthan
CDR202600045417,2025-12-23,12:11:39,+919368475356,+916720582936,VOICE,99,404289591677802,359849448643731,Rajasthan_BTS_014,404-45-564-004,Rajasthan
CDR202600045418,2025-09-20,16:28:47,+917294851749,+918639338747,VOICE,53,404845438233639,358795479405989,Karnataka_BTS_003,404-45-270-417,Karnataka
CDR202600045423,2025-10-19,19:25:53,+918395270269,+917952495128,VOICE,90,404077627160213,353357584232191,Rajasthan_BTS_002,404-45-334-842,Rajasthan
CDR202600045429,2025-10-12,00:33:45,+917194014111,+919818898765,VOICE,14,404188477093271,354791354639833,Maharashtra_BTS_001,404-45-881-345,Maharashtra
CDR202600045453,2025-08-26,15:15:54,+918839088661,+919477846389,VOICE,84,404046545971850,352039495711779,Rajasthan_BTS_004,404-45-680-898,Rajasthan
CDR202600045470,2025-10-11,23:50:51,+916424170400,+919694372695,VOICE,269,404813386439365,352733782832859,WestBengal_BTS_007,404-45-491-894,West Bengal
CDR202600045478,2025-09-29,16:21:06,+919303389988,+919948874071,VOICE,357,404960859514954,350692230631326,TamilNadu_BTS_002,404-45-620-083,Tamil Nadu
CDR202600045485,2025-11-13,19:48:49,+918485572124,+917062607328,VOICE,38,404289039592310,353053343558462,Mumbai_BTS_007,404-45-516-195,Mumbai
CDR202600045488,2025-03-07,15:38:45,+916417231869,+918547925903,VOICE,75,404381435728621,359978722399106,WestBengal_BTS_004,404-45-522-026,West Bengal
CDR202600045513,2025-03-31,08:16:20,+916329228510,+919269014905,VOICE,49,404041750860644,356344443007285,Maharashtra_BTS_003,404-45-665-301,Maharashtra
CDR202600045524,2025-11-03,00:16:34,+917288000354,+918630598694,VOICE,184,404532110511544,358464065681815,Maharashtra_BTS_008,404-45-818-960,Maharashtra
CDR202600045535,2025-09-05,19:35:00,+919215365161,+917671755455,VOICE,11,404301434768971,350380620195443,WestBengal_BTS_004,404-45-522-026,West Bengal
CDR202600045569,2025-06-01,17:07:11,+917464089889,+916439825779,SMS,0,404329803877353,358884665826607,TamilNadu_BTS_002,404-45-158-984,Tamil Nadu
CDR202600045571,2025-03-20,18:40:15,+918130444799,+917198897574,VOICE,13,404626996628807,356707391539797,Mumbai_BTS_008,404-45-462-434,Mumbai
CDR202600045591,2025-11-08,16:56:47,+918147651676,+918512913626,VOICE,89,404074397792308,356894263910237,TamilNadu_BTS_002,404-45-158-984,Tamil Nadu
CDR202600045597,2025-11-14,00:07:19,+918118211392,+916413573860,VOICE,168,404929468829220,358071996273930,UttarPradesh_BTS_004,404-45-170-901,Uttar Pradesh
CDR202600045611,2025-02-10,14:48:06,+916983699346,+918430828642,VOICE,120,404622798947285,359512766727633,UttarPradesh_BTS_003,404-45-202-076,Uttar Pradesh
CDR202600045625,2025-11-01,18:13:22,+919038361051,+919683965369,VOICE,88,404115973524821,359194899646784,Maharashtra_BTS_007,404-45-314-687,Maharashtra
CDR202600045630,2025-12-28,21:45:54,+918761049521,+917214168272,VOICE,250,404992602165166,350410391406525,Mumbai_BTS_007,404-45-516-195,Mumbai
CDR202600045633,2025-03-24,00:59:06,+919297855577,+916861162202,SMS,0,404695012539890,356203354387476,Delhi_BTS_005,404-45-508-688,Delhi
CDR202600045679,2025-06-16,03:51:35,+916945270946,+918863921078,SMS,0,404362992853194,359137917587225,Rajasthan_BTS_014,404-45-839-897,Rajasthan
CDR202600045683,2025-06-05,21:58:36,+918335471524,+917173526045,VOICE,14,404943595860397,350947287373773,Mumbai_BTS_011,404-45-243-433,Mumbai
CDR202600045687,2025-11-14,16:39:16,+917187868573,+918424606485,VOICE,343,404627015887651,359742573947384,TamilNadu_BTS_003,404-45-170-610,Tamil Nadu
CDR202600045689,2025-06-20,10:07:12,+918800107841,+916170671679,VOICE,81,404657689310319,355784415840222,WestBengal_BTS_009,404-45-304-837,West Bengal
CDR202600045693,2025-05-15,17:53:59,+919287679663,+918114049928,SMS,0,404507034969555,352268771694615,Rajasthan_BTS_007,404-45-241-522,Rajasthan
CDR202600045695,2025-10-28,13:35:58,+916828461664,+917179171341,VOICE,133,404691580244669,357307227659605,Rajasthan_BTS_017,404-45-880-166,Rajasthan
CDR202600045706,2025-10-12,19:23:59,+917946672758,+917097227512,VOICE,102,404788202702595,358935572790234,WestBengal_BTS_001,404-45-981-041,West Bengal
CDR202600045712,2025-09-18,07:29:59,+918817304051,+916015450890,SMS,0,404988973049752,357021761485750,Karnataka_BTS_001,404-45-767-554,Karnataka
CDR202600045715,2025-01-30,04:18:38,+918399144115,+917467444699,VOICE,15,404911805795515,356529301728704,WestBengal_BTS_003,404-45-342-886,West Bengal
CDR202600045732,2025-01-29,04:51:47,+917392229228,+916138269495,VOICE,126,404906222125342,354762835963572,Mumbai_BTS_011,404-45-243-433,Mumbai
CDR202600045745,2025-04-24,00:22:31,+917016831533,+918875844526,VOICE,259,404278996619724,350935784595861,Mumbai_BTS_006,404-45-319-553,Mumbai
CDR202600045749,2025-10-21,07:56:38,+916792268333,+917507615999,VOICE,23,404936992542354,351887941986609,Rajasthan_BTS_006,404-45-246-272,Rajasthan
CDR202600045753,2025-10-17,17:57:13,+919667917018,+919125312807,VOICE,32,404725525204845,358966080330844,Karnataka_BTS_005,404-45-902-804,Karnataka
CDR202600045764,2025-06-06,03:05:26,+917650516704,+919300467117,VOICE,232,404680449825117,352778950624645,TamilNadu_BTS_003,404-45-170-610,Tamil Nadu
CDR202600045769,2025-12-14,07:03:56,+918179229014,+917113752610,VOICE,145,404426577272797,353309923582225,TamilNadu_BTS_004,404-45-513-123,Tamil Nadu
CDR202600045771,2025-08-26,22:07:39,+919595906001,+917221606897,VOICE,104,404421389569050,355773905276822,Maharashtra_BTS_008,404-45-799-664,Maharashtra
CDR202600045773,2025-08-09,04:49:24,+917222344178,+918143686193,VOICE,115,404662760728249,350935289469068,Delhi_BTS_003,404-45-662-170,Delhi
CDR202600045785,2025-04-21,00:10:18,+916806991506,+916226722085,VOICE,148,404003519968866,357745376422967,Rajasthan_BTS_010,404-45-494-391,Rajasthan
CDR202600045797,2025-10-23,15:41:23,+918072478648,+917954983066,VOICE,291,404376090400440,355029339287652,WestBengal_BTS_001,404-45-981-041,West Bengal
CDR202600045804,2025-05-10,10:51:13,+917984465285,+918143832328,MISSED,0,404436984436930,350289124787490,WestBengal_BTS_004,404-45-283-755,West Bengal
CDR202600045814,2025-04-08,15:30:48,+916575518584,+916226265278,VOICE,10,404953618138388,357584245381199,TamilNadu_BTS_006,404-45-773-598,Tamil Nadu
CDR202600045819,2025-02-21,16:08:49,+919390373823,+918147301164,SMS,0,404644299712659,357932801799654,Maharashtra_BTS_008,404-45-799-664,Maharashtra
CDR202600045820,2025-08-18,01:44:13,+916324219528,+919364627988,VOICE,296,404204430249930,357233498648717,Gujarat_BTS_007,404-45-106-778,Gujarat
CDR202600045823,2025-01-07,09:25:39,+918363068581,+918168728462,VOICE,127,404531727769403,351255072482506,Rajasthan_BTS_019,404-45-119-115,Rajasthan
CDR202600045845,2025-10-08,19:15:36,+917700807009,+918223902580,VOICE,341,404333405837417,354166654853496,Rajasthan_BTS_016,404-45-619-624,Rajasthan
CDR202600045850,2025-05-23,05:38:46,+917194014111,+916267473352,VOICE,56,404188477093271,354791354639833,Karnataka_BTS_005,404-45-565-293,Karnataka
CDR202600045887,2025-06-07,04:16:17,+917094238160,+917581547269,VOICE,41,404929394378657,357058707512283,UttarPradesh_BTS_012,404-45-145-004,Uttar Pradesh
CDR202600045912,2025-08-05,12:23:33,+917777334971,+916334620109,VOICE,77,404144687033910,353563287426323,Maharashtra_BTS_006,404-45-987-104,Maharashtra
CDR202600045918,2025-03-13,16:53:11,+918169819929,+918046561085,VOICE,19,404896126842302,350330487200802,WestBengal_BTS_001,404-45-230-043,West Bengal
CDR202600045933,2025-02-17,10:40:58,+919599888939,918965223865,SMS,0,404587290139968,354073706306699,Delhi_BTS_001,404-45-999-581,Delhi
CDR202600045946,2025-01-13,00:05:41,+919423224659,+918637556262,SMS,0,404056057394448,356491647676557,Maharashtra_BTS_002,404-45-967-353,Maharashtra
CDR202600045972,2025-02-15,07:36:38,+918458209735,+919597135551,VOICE,35,404568094470847,358647141461892,Rajasthan_BTS_007,404-45-697-409,Rajasthan
CDR202600045979,2025-07-19,22:31:49,+918961683209,+918223902580,VOICE,275,404747390335937,358437991490008,UttarPradesh_BTS_013,404-45-822-438,Uttar Pradesh
CDR202600045983,2025-06-03,14:38:39,+917606828823,+917321926108,VOICE,42,404554466920020,351267317822732,Rajasthan_BTS_014,404-45-839-897,Rajasthan
CDR202600046000,2025-09-05,19:28:13,+917173526045,+916757407709,VOICE,247,404260239063110,354702425585516,Karnataka_BTS_007,404-45-294-304,Karnataka
CDR202600046007,2025-07-19,00:18:07,+916324219528,+917162312815,VOICE,255,404204430249930,357233498648717,Mumbai_BTS_002,404-45-107-073,Mumbai
CDR202600046021,2025-06-01,01:31:10,+916027901336,+919053954041,VOICE,103,404564941936969,350504391016090,Maharashtra_BTS_002,404-45-967-353,Maharashtra
CDR202600046023,2025-09-23,16:36:07,+918604642782,+919360772664,VOICE,140,404219846076451,351723026627034,Rajasthan_BTS_012,404-45-798-907,Rajasthan
CDR202600046037,2025-01-06,09:26:35,+916575518584,+917393829401,SMS,0,404953618138388,357584245381199,Rajasthan_BTS_008,404-45-981-113,Rajasthan
CDR202600046038,2025-06-02,01:51:54,+917036109640,+918297232808,VOICE,49,404778627611614,359320083188004,Delhi_BTS_002,404-45-878-546,Delhi
CDR202600046065,2025-03-04,03:12:04,+916880276884,+918883222397,VOICE,160,404447444099033,355661352272034,Karnataka_BTS_007,404-45-294-304,Karnataka
CDR202600046066,2025-12-31,02:02:06,+919997519753,+916259313632,VOICE,39,404657347375993,352695658726012,Mumbai_BTS_010,404-45-211-255,Mumbai
CDR202600046076,2025-09-26,04:52:31,+919349544253,+917991463057,VOICE,68,404519273221262,357467088877609,Mumbai_BTS_010,404-45-919-883,Mumbai
CDR202600046079,2025-10-06,11:37:35,+916219539097,+919055781480,VOICE,32,404157286306076,351597360010863,Mumbai_BTS_001,404-45-446-022,Mumbai
CDR202600046088,2025-04-19,05:48:04,+919300467117,+916259148611,VOICE,78,404658605433151,350793541627934,Rajasthan_BTS_002,404-45-334-842,Rajasthan
CDR202600046106,2025-06-20,15:26:41,+916237834522,+917975168883,SMS,0,404690884726857,359815806300203,TamilNadu_BTS_004,404-45-683-253,Tamil Nadu
CDR202600046108,2025-12-13,00:52:46,+917028752793,+919276911498,VOICE,84,404645245565980,359307341230941,Rajasthan_BTS_004,404-45-835-323,Rajasthan
CDR202600046162,2025-10-30,14:06:55,+917038470095,+917853352820,VOICE,182,404641044073124,358452025917614,Maharashtra_BTS_009,404-45-350-168,Maharashtra
CDR202600046209,2025-10-15,17:53:51,+918088924530,+918580479082,SMS,0,404144367270143,354059504057745,Rajasthan_BTS_009,404-45-742-164,Rajasthan
CDR202600046214,2025-05-10,22:13:41,+918088194577,+919541078632,VOICE,152,404910000290508,357637469314298,Rajasthan_BTS_016,404-45-961-655,Rajasthan
CDR202600046232,2025-03-26,13:22:33,+919917783886,+918270857685,VOICE,71,404857420015834,358170444935421,Rajasthan_BTS_005,404-45-505-906,Rajasthan
CDR202600046233,2025-08-12,18:55:28,+919364363345,+916323610446,VOICE,23,404024398430840,357874122562930,Rajasthan_BTS_007,404-45-605-094,Rajasthan
CDR202600046265,2025-09-23,08:50:14,+916094464673,+918534986572,VOICE,166,404599164637727,356279009551155,Delhi_BTS_002,404-45-935-071,Delhi
CDR202600046288,2025-03-11,14:02:17,+919477846389,+917633445418,VOICE,1,404007120161986,353204258493266,Rajasthan_BTS_016,404-45-303-157,Rajasthan
CDR202600046303,2025-06-23,18:00:26,+919611994978,+917332349279,VOICE,24,404101455376536,352769884475655,UttarPradesh_BTS_004,404-45-457-903,Uttar Pradesh
CDR202600046310,2025-01-22,02:35:15,+916034872249,+918524303999,VOICE,38,404120744194392,352303184120280,UttarPradesh_BTS_010,404-45-370-518,Uttar Pradesh
CDR202600046336,2025-04-09,21:38:45,+919489086183,+917537891077,SMS,0,404331985646878,356556018369483,Rajasthan_BTS_013,404-45-887-657,Rajasthan
CDR202600046348,2025-07-06,03:02:54,+919479144574,+919530476674,VOICE,20,404681468789442,356726898037146,Gujarat_BTS_007,404-45-325-460,Gujarat
CDR202600046378,2025-07-11,16:12:09,+919027660512,+917061045842,VOICE,109,404927773060458,358271093659711,Karnataka_BTS_003,404-45-597-493,Karnataka
CDR202600046379,2025-03-10,00:17:07,+919560602509,+916953509233,VOICE,53,404581551462788,356402597565425,UttarPradesh_BTS_015,404-45-954-379,Uttar Pradesh
CDR202600046382,2025-03-09,08:20:25,+919208418675,+919386828966,VOICE,407,404590182667932,359525398913002,TamilNadu_BTS_002,404-45-620-083,Tamil Nadu
CDR202600046392,2025-08-30,03:02:19,+917211794556,+918335471524,VOICE,70,404238864942417,358752122174704,UttarPradesh_BTS_005,404-45-261-449,Uttar Pradesh
CDR202600046396,2025-06-08,18:53:57,+917252297685,+919326665043,VOICE,422,404445272365317,358191237057518,UttarPradesh_BTS_005,404-45-261-449,Uttar Pradesh
CDR202600046423,2025-04-16,10:42:36,+916073848956,+917357667572,VOICE,113,404682016917487,353798631993476,Karnataka_BTS_003,404-45-270-417,Karnataka
CDR202600046426,2025-11-23,08:41:57,+916803693943,+918701743077,VOICE,36,404942338437775,354421822762447,Maharashtra_BTS_007,404-45-750-855,Maharashtra
CDR202600046432,2025-04-05,08:08:12,+919158036910,+916803693943,VOICE,158,404016958446699,357246847237069,Gujarat_BTS_007,404-45-106-778,Gujarat
CDR202600046440,2025-07-10,10:48:40,+919326665043,+918165911009,MISSED,0,404023156221920,357316736382837,Maharashtra_BTS_007,404-45-750-855,Maharashtra
CDR202600046473,2025-03-08,07:55:55,+919302537717,+917613614230,VOICE,3,404335841014922,353855582035472,Rajasthan_BTS_010,404-45-710-066,Rajasthan
CDR202600046479,2025-10-24,19:21:53,+918407468479,+918726828100,VOICE,357,404146529918829,355661745230251,Rajasthan_BTS_006,404-45-246-272,Rajasthan
CDR202600046484,2025-06-13,00:21:52,+918243537186,+919087586016,VOICE,123,404570730763588,358892548433911,Maharashtra_BTS_004,404-45-821-072,Maharashtra
CDR202600046486,2025-04-09,06:15:34,+919866647096,+917011352986,VOICE,13,404414351089941,352840301991193,Maharashtra_BTS_003,404-45-649-128,Maharashtra
CDR202600046506,2025-04-06,09:04:56,+916662607238,+916205995615,VOICE,89,404142071026873,359439335587165,Gujarat_BTS_001,404-45-859-282,Gujarat
CDR202600046513,2025-12-22,19:06:15,+916858960592,+917705112297,VOICE,111,404924243620528,350272287138525,WestBengal_BTS_001,404-45-415-374,West Bengal
CDR202600046514,2025-05-15,04:16:21,+916407278134,+918617147343,VOICE,59,404458862139353,356881054268331,UttarPradesh_BTS_004,404-45-170-901,Uttar Pradesh
CDR202600046517,2025-03-14,01:11:35,+918223902580,+917703209022,VOICE,165,404432903766024,352106779268990,Gujarat_BTS_006,404-45-833-666,Gujarat
CDR202600046548,2025-09-27,04:48:16,+916382761185,+916662607238,SMS,0,404377582452181,355142288190247,Rajasthan_BTS_016,404-45-619-624,Rajasthan
CDR202600046551,2025-05-09,00:31:30,+916899182197,+917254669580,VOICE,23,404666452219794,356382903213887,Rajasthan_BTS_009,404-45-742-164,Rajasthan
CDR202600046554,2025-06-24,17:39:02,+919019032610,+917339084255,VOICE,86,404829339959359,358068801797683,Karnataka_BTS_002,404-45-195-949,Karnataka
CDR202600046558,2025-08-20,03:17:44,+919023447909,+918551596592,VOICE,4,404928439267467,356046786411820,WestBengal_BTS_003,404-45-266-820,West Bengal
CDR202600046567,2025-10-31,14:54:59,+917994574635,+919715515511,MISSED,0,404767400682693,351078955851308,WestBengal_BTS_001,404-45-981-041,West Bengal
CDR202600046571,2025-01-09,17:36:51,+917682050773,+917938295768,VOICE,42,404180512206345,358057466870306,WestBengal_BTS_006,404-45-906-719,West Bengal
CDR202600046572,2025-10-25,00:33:43,+917209222278,+916341686359,VOICE,89,404148096585549,357948337017211,Rajasthan_BTS_019,404-45-414-246,Rajasthan
CDR202600046595,2025-02-25,06:27:04,+917353922020,+917837994137,VOICE,214,404681575610436,359986162490015,TamilNadu_BTS_001,404-45-158-052,Tamil Nadu
CDR202600046601,2025-11-21,17:49:40,+917050477573,+917332738797,SMS,0,404434289472964,358822575952937,Gujarat_BTS_007,404-45-106-778,Gujarat
CDR202600046607,2025-12-05,10:19:22,+919012937960,+919256264316,SMS,0,404658360215787,356426428276997,Rajasthan_BTS_004,404-45-316-936,Rajasthan
CDR202600046628,2025-05-18,23:24:17,+916793257571,+917759486412,VOICE,10,404854898768103,351264296331890,Karnataka_BTS_004,404-45-160-169,Karnataka
CDR202600046655,2025-07-05,12:00:39,+918809539207,+918405997181,VOICE,46,404214301354589,352908069028474,Karnataka_BTS_003,404-45-597-493,Karnataka
CDR202600046685,2025-01-04,10:59:39,+917255189200,+919871676181,SMS,0,404636361389392,351457003226797,WestBengal_BTS_002,404-45-355-683,West Bengal
CDR202600046686,2025-12-03,15:43:54,+917701689307,+918639338747,VOICE,115,404210206920260,352686153796303,Rajasthan_BTS_004,404-45-374-068,Rajasthan
CDR202600046689,2025-07-27,10:11:10,+917592039800,+918207782343,SMS,0,404469091563084,353528135272161,Rajasthan_BTS_006,404-45-242-253,Rajasthan
CDR202600046712,2025-07-16,23:02:59,+919208418675,+916186997295,VOICE,293,404590182667932,355512778050371,Karnataka_BTS_005,404-45-902-804,Karnataka
CDR202600046717,2025-12-19,09:18:29,+918682564207,+916234011622,VOICE,106,404403060450858,358895219242813,TamilNadu_BTS_002,404-45-158-984,Tamil Nadu
CDR202600046737,2025-10-15,12:15:06,+919911769932,+919566359010,MISSED,0,404051910798849,355078456117409,Rajasthan_BTS_009,404-45-742-164,Rajasthan
CDR202600046739,2025-12-21,15:56:59,+918328382428,+919260394257,SMS,0,404315680743434,359419540493609,Rajasthan_BTS_019,404-45-471-900,Rajasthan
CDR202600046743,2025-02-07,00:34:53,+919470525787,+919067451230,SMS,0,404511572349636,353167444461153,WestBengal_BTS_001,404-45-915-996,West Bengal
CDR202600046759,2025-10-09,19:41:21,+919649968282,+916420902003,VOICE,31,404720969424507,358814334722612,Karnataka_BTS_001,404-45-767-554,Karnataka
CDR202600046761,2025-02-26,20:00:02,+917259833994,+917319386460,VOICE,26,404306363934535,353753978039457,Rajasthan_BTS_006,404-45-246-272,Rajasthan
CDR202600046782,2025-02-16,16:01:22,+919997519753,+919858140777,VOICE,211,404657347375993,352695658726012,Rajasthan_BTS_015,404-45-612-781,Rajasthan
CDR202600046806,2025-06-24,21:23:16,+916138269495,+918576968927,VOICE,47,404066709678054,357073027438579,Delhi_BTS_002,404-45-884-129,Delhi
CDR202600046807,2025-08-18,18:10:26,+916498299558,+917283986142,VOICE,104,404268954537396,358116470052068,Karnataka_BTS_001,404-45-767-554,Karnataka
CDR202600046808,2025-08-11,19:48:52,+919499721133,+918954038504,VOICE,13,404798002565549,355803262310660,Rajasthan_BTS_018,404-45-713-332,Rajasthan
CDR202600046831,2025-11-11,02:32:18,+917283232632,+919566359010,VOICE,21,404092009752893,350723669718681,Mumbai_BTS_010,404-45-211-255,Mumbai
CDR202600046834,2025-07-12,05:11:24,+919424193910,+916980575992,VOICE,154,404267464989834,358214938301433,Gujarat_BTS_001,404-45-859-282,Gujarat
CDR202600046840,2025-04-18,20:59:02,+919883003120,+918277560490,VOICE,20,404893734575264,351955331505070,TamilNadu_BTS_001,404-45-614-942,Tamil Nadu
CDR202600046845,2025-10-01,15:35:55,+919276154991,+918063936024,VOICE,235,404319673190441,355879526503750,Mumbai_BTS_007,404-45-516-195,Mumbai
CDR202600046864,2025-10-30,03:35:18,+918147651676,+919525415313,VOICE,18,404074397792308,356894263910237,Delhi_BTS_003,404-45-993-622,Delhi
CDR202600046865,2025-11-01,20:28:57,+919824367980,+917869868331,VOICE,64,404566974772807,351661198419210,Rajasthan_BTS_010,404-45-494-391,Rajasthan
CDR202600046877,2025-03-01,22:34:04,+919279734257,+918681413673,VOICE,64,404370662523562,351909090198122,UttarPradesh_BTS_011,404-45-533-850,Uttar Pradesh
CDR202600046879,2025-07-05,18:46:54,+918308876815,+918355248147,VOICE,124,404532777429085,356191787627590,Maharashtra_BTS_003,404-45-949-644,Maharashtra
CDR202600046882,2025-04-07,01:33:58,+917487718089,+916440472531,VOICE,46,404826245811395,359966168411168,Mumbai_BTS_006,404-45-785-498,Mumbai
CDR202600046904,2025-11-30,18:23:34,+919415570843,+916274990881,VOICE,154,404387388416436,356060818560799,Mumbai_BTS_008,404-45-462-434,Mumbai
CDR202600046910,2025-11-24,17:54:54,+917650607684,+918524670568,VOICE,150,404372349320132,359539179295784,UttarPradesh_BTS_012,404-45-233-653,Uttar Pradesh
CDR202600046927,2025-01-28,22:06:52,+919558612529,+919966441687,SMS,0,404962795594487,357509845936469,Rajasthan_BTS_017,404-45-880-166,Rajasthan
CDR202600046934,2025-11-09,06:15:05,+918495914919,+919057787504,MISSED,0,404729067275824,357655562896824,Rajasthan_BTS_004,404-45-374-068,Rajasthan
CDR202600046944,2025-02-11,05:09:11,+917327592623,+917767355526,VOICE,228,404363152583018,353918201863161,TamilNadu_BTS_006,404-45-367-210,Tamil Nadu
CDR202600046951,2025-11-14,13:46:59,+918740800899,+917850987914,SMS,0,404889652383324,359752537512764,Rajasthan_BTS_013,404-45-400-446,Rajasthan
CDR202600046954,2025-12-25,09:09:21,+917879744097,+917925176420,SMS,0,404781150875859,350100240754855,WestBengal_BTS_001,404-45-415-374,West Bengal
CDR202600046955,2025-01-14,18:53:09,+917487113707,+917184431222,VOICE,74,404094002194203,354916025007802,UttarPradesh_BTS_013,404-45-265-760,Uttar Pradesh
CDR202600046960,2025-03-17,17:15:52,+918981533864,+916148259773,VOICE,20,404266293801277,358262898690810,Mumbai_BTS_010,404-45-211-255,Mumbai
CDR202600046961,2025-09-16,03:28:47,+917883218274,+917885171272,VOICE,166,404209471181664,357727844229916,Delhi_BTS_006,404-45-223-254,Delhi
CDR202600046976,2025-11-23,11:34:30,+916226722085,+916611411515,VOICE,105,404836931057959,355341273638834,UttarPradesh_BTS_001,404-45-371-406,Uttar Pradesh
CDR202600046996,2025-06-12,15:03:24,+919752934480,+918871167031,VOICE,188,404618342387373,351562868531746,Mumbai_BTS_007,404-45-516-195,Mumbai
CDR202600046997,2025-04-05,21:36:04,+916428965595,+919285621806,VOICE,28,404338080564956,354085144699932,Mumbai_BTS_008,404-45-984-747,Mumbai
CDR202600047010,2025-02-24,22:57:34,+918726608706,+919866913702,SMS,0,404471064106257,351215540153702,Mumbai_BTS_002,404-45-107-073,Mumbai
CDR202600047020,2025-04-27,04:36:43,+919500258025,+916138269495,VOICE,173,404511540915651,353718193045051,UttarPradesh_BTS_009,404-45-378-289,Uttar Pradesh
CDR202600047036,2025-11-09,01:45:48,+916054681044,+917086977227,VOICE,173,404838406043720,357039575775504,Karnataka_BTS_005,404-45-565-293,Karnataka
CDR202600047058,2025-04-02,08:33:12,+918814548537,+918677835293,VOICE,28,404029426518590,351081902316792,Mumbai_BTS_008,404-45-520-479,Mumbai
CDR202600047117,2025-02-19,00:36:58,+917677934040,+919866647096,SMS,0,404173427517170,352574182479191,Gujarat_BTS_007,404-45-325-460,Gujarat
CDR202600047138,2025-08-19,20:24:27,+918072691426,+919316737376,VOICE,49,404447565258635,354180596251704,Mumbai_BTS_004,404-45-980-339,Mumbai
CDR202600047153,2025-12-06,05:01:08,+919292026084,+917004316091,VOICE,105,404954624643203,355606131212252,Mumbai_BTS_002,404-45-107-073,Mumbai
CDR202600047160,2025-03-04,03:47:45,+917260525274,+918205278054,VOICE,10,404348500968395,357212038753711,Rajasthan_BTS_003,404-45-924-324,Rajasthan
CDR202600047165,2025-07-16,07:19:54,+917376515557,+918649972048,VOICE,44,404050765201916,352687552770809,UttarPradesh_BTS_004,404-45-170-901,Uttar Pradesh
CDR202600047178,2025-03-21,11:17:36,+917163892412,+916359852739,VOICE,260,404498940236266,351307609436868,Gujarat_BTS_006,404-45-818-559,Gujarat
CDR202600047193,2025-09-20,05:25:54,+918428693441,+917169826846,VOICE,133,404346110155635,351278579675324,Maharashtra_BTS_002,404-45-718-271,Maharashtra
CDR202600047198,2025-11-17,07:47:41,+916791902612,+918044654081,VOICE,49,404187542153932,357741164304432,Rajasthan_BTS_010,404-45-710-066,Rajasthan
CDR202600047207,2025-07-16,10:51:07,+918449702682,+919128985834,VOICE,105,404746789341596,354200154970796,Rajasthan_BTS_006,404-45-651-270,Rajasthan
CDR202600047219,2025-02-24,22:39:10,+919047358803,+918059243421,VOICE,17,404634758780937,359905393202767,UttarPradesh_BTS_006,404-45-108-684,Uttar Pradesh
CDR202600047223,2025-05-13,00:56:59,+918153378515,+918431994101,VOICE,275,404445673279589,356153241064447,Karnataka_BTS_007,404-45-322-992,Karnataka
CDR202600047234,2025-03-14,15:19:39,+919046859241,+918278086239,VOICE,46,404901366974432,356471515245143,Delhi_BTS_003,404-45-371-541,Delhi
CDR202600047282,2025-08-19,04:24:35,+917283986142,+919705153689,VOICE,43,404404456173393,358691735314663,Karnataka_BTS_003,404-45-270-417,Karnataka
CDR202600047303,2025-05-07,06:06:57,+919585534289,+919531565815,SMS,0,404205309999637,355930662993807,UttarPradesh_BTS_005,404-45-478-292,Uttar Pradesh
CDR202600047305,2025-02-25,21:20:02,+918833175871,+916662607238,VOICE,13,404245751914713,354110363793573,Karnataka_BTS_005,404-45-902-804,Karnataka
CDR202600047326,2025-03-15,15:14:32,+918681413673,+919839125378,VOICE,226,404652588135097,356324801211716,UttarPradesh_BTS_004,404-45-457-903,Uttar Pradesh
CDR202600047348,2025-10-30,17:53:28,+917364270915,+917740841180,SMS,0,404585194532440,358389070488217,WestBengal_BTS_005,404-45-785-885,West Bengal
CDR202600047376,2025-05-13,22:29:52,+918335471524,+918531475958,VOICE,152,404943595860397,350947287373773,Mumbai_BTS_007,404-45-584-827,Mumbai
CDR202600047406,2025-08-06,01:12:57,+918335058737,+919384448683,VOICE,40,404468687189613,358685348288295,Gujarat_BTS_008,404-45-814-433,Gujarat
CDR202600047418,2025-04-06,22:29:04,+918256587235,+919249877917,VOICE,26,404759884792979,356567463047881,Maharashtra_BTS_008,404-45-552-565,Maharashtra
CDR202600047420,2025-09-25,22:18:35,+918655786056,+918127731517,VOICE,6,404037384008221,359626736773496,WestBengal_BTS_002,404-45-315-699,West Bengal
CDR202600047425,2025-01-20,00:23:57,+916341686359,+919499173306,MISSED,0,404623667724578,354449803024132,Gujarat_BTS_002,404-45-854-105,Gujarat
CDR202600047429,2025-02-01,11:07:46,+919997519753,+917686460305,VOICE,64,404657347375993,352695658726012,UttarPradesh_BTS_006,404-45-108-684,Uttar Pradesh
CDR202600047433,2025-08-09,12:59:20,+918090963793,+918841418832,VOICE,84,404864295030886,350140567573699,Mumbai_BTS_011,404-45-995-946,Mumbai
CDR202600047435,2025-07-13,10:40:08,+918338786803,+919952909952,VOICE,258,404781312842447,357578936995141,Rajasthan_BTS_016,404-45-303-157,Rajasthan
CDR202600047436,2025-08-04,11:48:28,+919535509583,+916382761185,VOICE,175,404692537307423,350299926053984,UttarPradesh_BTS_014,404-45-214-078,Uttar Pradesh
CDR202600047450,2025-12-02,16:58:32,+917195063719,+917792688833,VOICE,106,404484235493315,356188917493486,WestBengal_BTS_002,404-45-355-683,West Bengal
CDR202600047452,2025-08-16,10:37:06,+917106974651,+919304026784,VOICE,139,404840963958368,351031435050777,Delhi_BTS_003,404-45-662-170,Delhi
CDR202600047459,2025-02-06,12:27:17,+916221886111,+917196407916,VOICE,24,404238644817176,353000349574298,Maharashtra_BTS_008,404-45-818-960,Maharashtra
CDR202600047480,2025-06-07,05:33:58,+917163892412,+917548208326,SMS,0,404498940236266,351307609436868,UttarPradesh_BTS_011,404-45-194-650,Uttar Pradesh
CDR202600047530,2025-09-27,16:25:16,+917092709895,+919520134074,VOICE,259,404931833239807,354982894815024,Delhi_BTS_002,404-45-935-071,Delhi
CDR202600047531,2025-05-21,08:26:11,+918839351733,+918845391323,VOICE,59,404434701797103,352822367321741,WestBengal_BTS_002,404-45-355-683,West Bengal
CDR202600047534,2025-06-05,14:45:24,+918171805605,+919774343936,VOICE,40,404040622580706,350897429155331,WestBengal_BTS_003,404-45-258-948,West Bengal
CDR202600047543,2025-06-12,12:18:19,+918186295994,+918932345011,VOICE,183,404853372962807,350147463819087,UttarPradesh_BTS_007,404-45-370-119,Uttar Pradesh
CDR202600047544,2025-08-27,17:28:03,+919269381249,+917312502106,VOICE,57,404587549278719,359310500679208,Rajasthan_BTS_007,404-45-241-522,Rajasthan
CDR202600047552,2025-06-12,18:39:06,+916405988974,+918058838850,VOICE,9,404989630331467,358168268366441,Rajasthan_BTS_013,404-45-887-657,Rajasthan
CDR202600047555,2025-01-22,19:23:29,+919072459288,+918666798076,VOICE,114,404475958372245,359383639978026,Gujarat_BTS_005,404-45-716-028,Gujarat
CDR202600047558,2025-10-03,04:19:45,+918434942218,+919912492165,VOICE,94,404851572477207,352079025471309,Gujarat_BTS_005,404-45-716-028,Gujarat
CDR202600047569,2025-01-05,22:45:13,+918386857947,+917973071481,SMS,0,404078416980158,354034089734219,UttarPradesh_BTS_005,404-45-261-449,Uttar Pradesh
CDR202600047573,2025-01-07,05:34:24,+918134042850,+916983699346,SMS,0,404065725838870,351869237457927,Karnataka_BTS_004,404-45-160-169,Karnataka
CDR202600047614,2025-03-30,19:41:17,+917398203496,+918649972048,VOICE,76,404806231275885,351702784023027,UttarPradesh_BTS_003,404-45-202-076,Uttar Pradesh
CDR202600047621,2025-05-12,04:10:02,+917499660487,+919015342204,SMS,0,404103961975609,359116317176178,Delhi_BTS_003,404-45-371-541,Delhi
CDR202600047638,2025-06-24,13:51:48,+918696518496,+917663721863,MISSED,0,404446955706436,351926192706658,WestBengal_BTS_007,404-45-491-894,West Bengal
CDR202600047664,2025-02-06,21:16:49,+917371519719,+918204147222,VOICE,102,404134004227625,357049269181579,TamilNadu_BTS_001,404-45-158-052,Tamil Nadu
CDR202600047701,2025-08-20,19:20:36,+918746983878,+919372873392,VOICE,97,404483944420983,351662090771742,UttarPradesh_BTS_010,404-45-749-874,Uttar Pradesh
CDR202600047762,2025-11-08,02:27:56,+918736319643,+916118944453,VOICE,116,404479859078459,357910948712763,Rajasthan_BTS_011,404-45-796-739,Rajasthan
CDR202600047772,2025-08-29,23:53:57,+916883481069,+917487113707,VOICE,120,404325852283901,358175725952325,Rajasthan_BTS_013,404-45-887-657,Rajasthan
CDR202600047781,2025-01-05,16:16:45,+917667138522,+919303389988,VOICE,90,404519359926473,354578482412552,Delhi_BTS_002,404-45-878-546,Delhi
CDR202600047787,2025-03-13,23:45:23,+916774681896,+916605253870,VOICE,446,404544926126729,354040665862142,Delhi_BTS_003,404-45-533-988,Delhi
CDR202600047790,2025-06-27,15:27:38,+919208418675,+917370057291,VOICE,83,404590182667932,355512778050371,Karnataka_BTS_004,404-45-160-169,Karnataka
CDR202600047794,2025-10-24,13:11:48,+919326092510,+919752934480,VOICE,10,404716557110654,355764784028144,Rajasthan_BTS_007,404-45-241-522,Rajasthan
CDR202600047808,2025-12-25,04:11:55,+919143593051,+916566410702,VOICE,258,404234890997639,352267683813649,UttarPradesh_BTS_010,404-45-749-874,Uttar Pradesh
CDR202600047809,2025-03-26,00:41:59,+919066184321,+916566410702,VOICE,135,404951008967799,357815437876754,Gujarat_BTS_007,404-45-703-285,Gujarat
CDR202600047814,2025-11-23,06:05:30,+918052364630,+917806464417,VOICE,287,404959195634342,359689211419234,Gujarat_BTS_006,404-45-833-666,Gujarat
CDR202600047819,2025-07-29,03:49:20,+917694786829,+917310983111,VOICE,30,404867633302896,356062867456634,Maharashtra_BTS_007,404-45-314-687,Maharashtra
CDR202600047831,2025-07-14,14:09:37,+917581547269,+918806958755,VOICE,42,404494858458989,355469038469204,Maharashtra_BTS_005,404-45-181-876,Maharashtra
CDR202600047834,2025-01-14,00:37:08,+919726146663,+916408333768,VOICE,190,404472993768494,351027354312120,UttarPradesh_BTS_010,404-45-749-874,Uttar Pradesh
CDR202600047849,2025-10-01,22:09:25,+918078273596,+919326665043,VOICE,229,404007322760005,356655380235083,TamilNadu_BTS_002,404-45-620-083,Tamil Nadu
CDR202600047885,2025-07-23,07:10:28,+917607617556,+918077009283,VOICE,42,404766757077546,359430394663120,Karnataka_BTS_006,404-45-848-803,Karnataka
CDR202600047896,2025-10-15,01:09:10,+919382393873,+918024277643,SMS,0,404770906715531,359089363118009,Rajasthan_BTS_006,404-45-862-575,Rajasthan
CDR202600047897,2025-04-12,01:57:45,+919548918958,+919831927521,VOICE,418,404528017635067,356913400110982,Delhi_BTS_001,404-45-180-088,Delhi
CDR202600047926,2025-03-23,21:05:22,+918886151686,+917213292850,VOICE,107,404838733857404,359310261797685,Mumbai_BTS_008,404-45-984-747,Mumbai
CDR202600047928,2025-05-24,12:22:06,+918649972048,+918932345011,VOICE,28,404729167024194,350113479402455,Karnataka_BTS_005,404-45-371-949,Karnataka
CDR202600047965,2025-06-14,05:03:32,+919720552224,+917049896075,VOICE,33,404915289414877,352073601359939,TamilNadu_BTS_006,404-45-678-536,Tamil Nadu
CDR202600047973,2025-06-15,08:49:30,+919280390214,+918705621158,VOICE,414,404357712354158,356262965329805,Karnataka_BTS_007,404-45-294-304,Karnataka
CDR202600047976,2025-08-18,21:45:17,+919177776383,+919280390214,VOICE,245,404237535848406,350955540587224,UttarPradesh_BTS_013,404-45-822-438,Uttar Pradesh
CDR202600047982,2025-08-21,11:14:43,+917744360064,+918359295400,VOICE,33,404009175258690,352818688184978,WestBengal_BTS_003,404-45-735-768,West Bengal
CDR202600047990,2025-05-24,09:03:00,+917224443728,+919592231966,VOICE,235,404644239631653,354139788016364,WestBengal_BTS_003,404-45-342-886,West Bengal
CDR202600048005,2025-08-16,03:28:33,+918966735221,+917913121448,VOICE,163,404619157727644,350674698892713,Rajasthan_BTS_016,404-45-619-624,Rajasthan
CDR202600048033,2025-05-23,15:07:58,+917989228326,+917639027104,SMS,0,404161819020762,355982725960430,Gujarat_BTS_002,404-45-854-105,Gujarat
CDR202600048041,2025-10-13,01:23:04,+918338229837,+918227674221,VOICE,169,404852649995050,357753276223110,Rajasthan_BTS_019,404-45-119-115,Rajasthan
CDR202600048046,2025-02-03,06:31:40,+916250502536,+919938718030,VOICE,142,404529663619751,358095052685243,Karnataka_BTS_006,404-45-669-678,Karnataka
CDR202600048049,2025-06-28,23:34:02,+917941477323,+919546405233,VOICE,279,404446593385747,355260954545819,Rajasthan_BTS_015,404-45-208-892,Rajasthan
CDR202600048052,2025-02-24,05:35:04,+919623585415,+916329228510,SMS,0,404746737937265,357016549656141,Maharashtra_BTS_001,404-45-881-345,Maharashtra
CDR202600048077,2025-10-01,07:11:38,+918499410498,+917086977227,SMS,0,404914454918927,355374932097012,Rajasthan_BTS_007,404-45-470-225,Rajasthan
CDR202600048092,2025-05-05,10:27:26,+919287679663,+916271209011,VOICE,3,404507034969555,352268771694615,UttarPradesh_BTS_013,404-45-822-438,Uttar Pradesh
CDR202600048095,2025-12-19,17:46:39,+918671402590,+919006631532,VOICE,261,404045318561370,352048382585034,Gujarat_BTS_004,404-45-130-096,Gujarat
CDR202600048108,2025-10-27,18:06:52,+916195507250,+917027059877,VOICE,108,404727745612783,354591002894477,Delhi_BTS_001,404-45-999-581,Delhi
CDR202600048149,2025-04-21,20:11:18,+916184966761,+919300467117,VOICE,69,404115128469385,358118007313573,Maharashtra_BTS_008,404-45-818-960,Maharashtra
CDR202600048151,2025-01-09,23:10:26,+917483940296,+917024544717,VOICE,203,404505931914789,350938987359609,Gujarat_BTS_006,404-45-818-559,Gujarat
CDR202600048173,2025-11-29,23:01:54,+918253233543,+919019667892,VOICE,42,404858007576481,357445645006195,Rajasthan_BTS_006,404-45-651-270,Rajasthan
CDR202600048175,2025-11-22,15:08:49,+918141602781,+919101709809,VOICE,36,404466565355629,350212317260891,WestBengal_BTS_005,404-45-785-885,West Bengal
CDR202600048178,2025-02-11,09:16:56,+919566359010,+916453571115,VOICE,23,404567747803805,350956641016355,Gujarat_BTS_007,404-45-106-778,Gujarat
CDR202600048183,2025-05-05,13:11:06,+919148246425,+919898277174,VOICE,42,404791546811159,353702642699339,Maharashtra_BTS_004,404-45-146-678,Maharashtra
CDR202600048190,2025-11-19,19:37:43,+918926502854,+916015450890,SMS,0,404376980785959,356797491222268,TamilNadu_BTS_005,404-45-734-084,Tamil Nadu
CDR202600048199,2025-01-06,09:43:52,+918210496129,+918845391323,VOICE,106,404712224535294,359656335422353,Karnataka_BTS_005,404-45-902-804,Karnataka
CDR202600048202,2025-07-06,09:30:40,+918841919482,+916051333250,VOICE,139,404345070590438,351345762368896,UttarPradesh_BTS_003,404-45-618-272,Uttar Pradesh
CDR202600048203,2025-05-24,17:05:19,+918580479082,+917866825856,VOICE,107,404241353546959,351192011970392,Delhi_BTS_003,404-45-371-541,Delhi
CDR202600048237,2025-12-08,02:06:47,+916644086226,+919785454505,VOICE,38,404139802471292,351990294831756,WestBengal_BTS_003,404-45-735-768,West Bengal
CDR202600048257,2025-01-26,23:31:07,+919431468123,+917173526045,VOICE,52,404577328160525,354411156171298,WestBengal_BTS_004,404-45-522-026,West Bengal
CDR202600048262,2025-02-20,10:37:28,+916420902003,+918929532105,VOICE,53,404686968666353,355610548234536,Mumbai_BTS_008,404-45-520-479,Mumbai
CDR202600048277,2025-11-24,13:25:48,+916054681044,+919427637919,VOICE,205,404838406043720,357039575775504,UttarPradesh_BTS_011,404-45-194-650,Uttar Pradesh
CDR202600048285,2025-12-29,09:16:41,+916983699346,+919105708614,VOICE,203,404622798947285,359512766727633,WestBengal_BTS_002,404-45-205-363,West Bengal
CDR202600048305,2025-05-31,15:43:22,+917694064296,+919428385477,VOICE,194,404656845418643,359676761495380,WestBengal_BTS_001,404-45-415-374,West Bengal
CDR202600048311,2025-11-14,17:05:14,+919280390214,+918954038504,VOICE,57,404357712354158,356262965329805,Mumbai_BTS_007,404-45-348-804,Mumbai
CDR202600048333,2025-05-31,13:32:54,+918969203265,+917192258913,VOICE,23,404362901742620,356570983732351,UttarPradesh_BTS_006,404-45-726-827,Uttar Pradesh
CDR202600048384,2025-08-28,06:18:04,+917779145837,+918789529968,SMS,0,404146374333296,351553479466087,Maharashtra_BTS_003,404-45-649-128,Maharashtra
CDR202600048393,2025-09-02,22:36:25,+917155871465,+916085015997,VOICE,619,404858367254704,359925974470735,Rajasthan_BTS_017,404-45-652-977,Rajasthan
CDR202600048405,2025-12-19,10:54:51,+916220027949,+918478798838,VOICE,54,404365291277677,353293423737107,Rajasthan_BTS_013,404-45-400-446,Rajasthan
CDR202600048408,2025-06-04,06:41:45,+919377120878,+918450502877,VOICE,39,404701041975815,359742313395500,Maharashtra_BTS_008,404-45-173-624,Maharashtra
CDR202600048443,2025-06-24,23:18:11,+919272145577,+918419684344,VOICE,129,404073846799198,354859186804604,Rajasthan_BTS_007,404-45-605-094,Rajasthan
CDR202600048452,2025-11-08,19:02:31,+917655907682,+919067451230,VOICE,153,404331428660315,358752087654200,TamilNadu_BTS_003,404-45-169-692,Tamil Nadu
CDR202600048461,2025-08-23,07:47:11,+918834805758,+919600534307,VOICE,52,404000633754891,356719969697841,UttarPradesh_BTS_015,404-45-658-037,Uttar Pradesh
CDR202600048508,2025-12-13,08:40:24,+917065215690,+917195063719,SMS,0,404419118230745,354999342982864,Delhi_BTS_006,404-45-223-254,Delhi
CDR202600048554,2025-10-17,05:39:27,+919571616534,+916073749554,VOICE,307,404157270597524,351332250881339,Mumbai_BTS_007,404-45-348-804,Mumbai
CDR202600048557,2025-06-19,12:08:23,+917691079433,+918308876815,VOICE,37,404886683446427,357752833001048,Mumbai_BTS_008,404-45-462-434,Mumbai
CDR202600048594,2025-12-28,20:25:22,+919557824700,+918235685175,VOICE,237,404797606909570,356146388195660,UttarPradesh_BTS_006,404-45-726-827,Uttar Pradesh
CDR202600048601,2025-10-12,15:35:11,+919914614991,+916756772254,VOICE,225,404728910517790,351486547241071,Mumbai_BTS_012,404-45-553-828,Mumbai
CDR202600048609,2025-01-31,23:31:18,+918172870691,+918236349159,VOICE,160,404321633577984,354915400783927,Delhi_BTS_004,404-45-847-707,Delhi
CDR202600048629,2025-08-24,21:08:20,+918302224960,+919810285425,VOICE,19,404166221492165,357545003127404,Mumbai_BTS_005,404-45-626-244,Mumbai
CDR202600048633,2025-05-22,05:00:55,+917368161949,+919429605845,SMS,0,404997723431024,352721390890759,TamilNadu_BTS_001,404-45-614-942,Tamil Nadu
CDR202600048668,2025-09-16,02:03:18,+917511213964,+919260394257,SMS,0,404046824254908,354695094851282,Rajasthan_BTS_007,404-45-605-094,Rajasthan
CDR202600048696,2025-12-07,13:05:04,+918513652338,+917642066484,VOICE,23,404348804437862,358559391348291,UttarPradesh_BTS_005,404-45-478-292,Uttar Pradesh
CDR202600048705,2025-08-03,04:33:22,+917487718089,+917754117217,VOICE,52,404826245811395,359966168411168,Gujarat_BTS_002,404-45-854-105,Gujarat
CDR202600048726,2025-07-05,18:18:02,+919799925667,+918395233382,SMS,0,404389937536535,354935495736879,WestBengal_BTS_006,404-45-373-164,West Bengal
CDR202600048730,2025-05-01,04:23:18,+917126240129,+918558970150,VOICE,212,404300222688429,353433372177896,WestBengal_BTS_009,404-45-571-359,West Bengal
CDR202600048737,2025-08-26,08:37:38,+916791902612,+918807151096,SMS,0,404187542153932,357741164304432,Gujarat_BTS_004,404-45-130-096,Gujarat
CDR202600048765,2025-09-20,16:29:11,+919303389988,+918439056064,VOICE,70,404960859514954,350692230631326,Gujarat_BTS_008,404-45-448-285,Gujarat
CDR202600048802,2025-08-17,17:18:19,+916237834522,+919918369538,VOICE,1,404690884726857,359815806300203,Mumbai_BTS_006,404-45-235-741,Mumbai
CDR202600048806,2025-07-01,08:58:13,+917341902120,+919978666380,VOICE,3,404030014881124,357173637541514,Rajasthan_BTS_001,404-45-376-948,Rajasthan
CDR202600048837,2025-04-16,15:55:51,+918055300959,+919750518334,VOICE,4,404818266832550,355765250276931,Maharashtra_BTS_004,404-45-821-072,Maharashtra
CDR202600048844,2025-04-18,11:09:20,+917779681073,+917509634260,VOICE,10,404794283828860,355385381807289,UttarPradesh_BTS_005,404-45-261-449,Uttar Pradesh
CDR202600048855,2025-12-06,03:30:12,+918799376735,+918711713888,VOICE,102,404957154386329,356457613269208,TamilNadu_BTS_004,404-45-683-253,Tamil Nadu
CDR202600048856,2025-08-29,04:42:23,+916737596714,+919828369317,VOICE,224,404454749626021,354870307189105,Rajasthan_BTS_012,404-45-798-907,Rajasthan
CDR202600048872,2025-05-21,16:06:45,+919921386123,917365912456,VOICE,66,404036017873742,357544410433316,Karnataka_BTS_006,404-45-669-678,Karnataka
CDR202600048874,2025-10-03,17:52:44,+919038361051,+916164946801,VOICE,98,404115973524821,353344189122811,Rajasthan_BTS_004,404-45-835-323,Rajasthan
CDR202600048893,2025-02-11,05:53:17,+919726146663,+918733623301,VOICE,388,404472993768494,351027354312120,Karnataka_BTS_001,404-45-767-554,Karnataka
CDR202600048914,2025-11-21,15:57:25,+919321004160,+918160543442,VOICE,134,404372696888054,353313146881520,Rajasthan_BTS_015,404-45-208-892,Rajasthan
CDR202600048920,2025-08-07,14:41:50,+917276655877,+917254669580,VOICE,215,404005637912230,354051050354759,UttarPradesh_BTS_003,404-45-736-577,Uttar Pradesh
CDR202600048928,2025-02-15,10:10:23,+919299740124,+917148785851,VOICE,49,404639478699248,351120201089694,WestBengal_BTS_007,404-45-491-894,West Bengal
CDR202600048959,2025-01-08,05:46:28,+918942185850,+919997333426,MISSED,0,404484852427926,351799866879408,Rajasthan_BTS_010,404-45-710-480,Rajasthan
CDR202600049011,2025-07-04,02:03:08,+919726146663,+917522937264,VOICE,163,404472993768494,351027354312120,Maharashtra_BTS_006,404-45-489-285,Maharashtra
CDR202600049021,2025-07-01,18:32:24,+918939924475,+916405988974,VOICE,168,404536381699927,357411250846760,Rajasthan_BTS_014,404-45-839-897,Rajasthan
CDR202600049027,2025-04-07,12:32:38,+918193962511,+919285621806,SMS,0,404706461434176,353427959588833,UttarPradesh_BTS_011,404-45-966-053,Uttar Pradesh
CDR202600049030,2025-09-06,14:05:24,+917984465285,+917001870786,VOICE,512,404436984436930,350289124787490,UttarPradesh_BTS_012,404-45-145-004,Uttar Pradesh
CDR202600049038,2025-01-07,22:30:26,+917259833994,+918347714726,VOICE,101,404306363934535,353753978039457,TamilNadu_BTS_006,404-45-423-958,Tamil Nadu
CDR202600049050,2025-03-23,17:51:52,+918186295994,+918548685809,VOICE,307,404853372962807,350147463819087,Karnataka_BTS_006,404-45-848-803,Karnataka
CDR202600049056,2025-03-26,05:14:43,+919545242691,+919744084560,VOICE,80,404513626450601,352744752065164,TamilNadu_BTS_003,404-45-169-692,Tamil Nadu
CDR202600049058,2025-04-04,03:59:29,+919755692262,+917925062121,VOICE,101,404936090337433,352522701914938,Mumbai_BTS_002,404-45-107-073,Mumbai
CDR202600049059,2025-08-20,00:45:42,+916280269526,+917568309736,SMS,0,404988750332190,350750000931976,Mumbai_BTS_008,404-45-462-434,Mumbai
CDR202600049069,2025-07-07,10:28:10,+916356442533,+918073269811,VOICE,39,404629155111579,359956570026559,TamilNadu_BTS_001,404-45-698-489,Tamil Nadu
CDR202600049071,2025-10-09,16:10:05,+918580479082,+918195712344,VOICE,68,404241353546959,351192011970392,Maharashtra_BTS_005,404-45-891-297,Maharashtra
CDR202600049092,2025-01-24,02:53:03,+918691263876,+917705202761,VOICE,5,404347176603503,359277331701187,UttarPradesh_BTS_011,404-45-533-850,Uttar Pradesh
CDR202600049174,2025-10-24,19:42:04,+919055781480,+917919173758,VOICE,64,404908385479809,351588243035260,Gujarat_BTS_007,404-45-928-891,Gujarat
CDR202600049179,2025-09-23,10:28:24,+916219534441,+918005957241,VOICE,100,404573519139419,359029773171159,Mumbai_BTS_001,404-45-446-022,Mumbai
CDR202600049187,2025-02-15,01:06:17,+917895319354,+916297838879,VOICE,31,404658658453164,354074775641863,UttarPradesh_BTS_011,404-45-966-053,Uttar Pradesh
CDR202600049210,2025-09-17,23:37:50,+917558166478,+917013936970,SMS,0,404293254086842,358231022273153,Rajasthan_BTS_004,404-45-316-936,Rajasthan
CDR202600049213,2025-01-15,21:06:15,+919316737376,+918465712101,VOICE,95,404029477845975,353027003969706,Maharashtra_BTS_008,404-45-818-960,Maharashtra
CDR202600049216,2025-04-13,12:20:19,+917000827712,+919900586055,VOICE,254,404548772892142,354891903144327,UttarPradesh_BTS_010,404-45-370-518,Uttar Pradesh
CDR202600049222,2025-01-22,02:31:55,+917792830039,+919181703697,VOICE,35,404448130773950,351743636779464,Gujarat_BTS_007,404-45-106-778,Gujarat
CDR202600049234,2025-11-01,07:18:44,+917313740852,+917221606897,VOICE,122,404295874880045,354055597043170,Gujarat_BTS_005,404-45-338-518,Gujarat
CDR202600049265,2025-02-18,13:55:50,+918906387597,+917101792353,VOICE,92,404723804918368,354236209896698,Rajasthan_BTS_014,404-45-564-004,Rajasthan
CDR202600049275,2025-04-30,01:29:25,+918937701015,+916734839411,VOICE,139,404962427989350,353095178874145,Gujarat_BTS_006,404-45-833-666,Gujarat
CDR202600049282,2025-11-05,23:28:02,+919803539059,+918431994101,VOICE,321,404487057579608,352707989201744,WestBengal_BTS_003,404-45-266-820,West Bengal
CDR202600049284,2025-11-02,04:29:26,+919117880417,+919272145577,VOICE,176,404393504654127,352259922746067,Gujarat_BTS_001,404-45-859-282,Gujarat
CDR202600049305,2025-12-16,15:54:29,+916861464216,+919566359010,VOICE,16,404661448232320,354908884478796,Rajasthan_BTS_001,404-45-376-948,Rajasthan
CDR202600049307,2025-11-29,18:55:44,+917283986142,+916256464659,VOICE,126,404404456173393,358691735314663,Delhi_BTS_004,404-45-652-774,Delhi
CDR202600049308,2025-05-07,12:45:24,+917126918111,+918338229837,SMS,0,404750464988499,352250745536196,UttarPradesh_BTS_011,404-45-194-650,Uttar Pradesh
CDR202600049317,2025-07-12,11:11:09,+916575838940,+918548587193,VOICE,59,404440168507590,352000244690704,Rajasthan_BTS_016,404-45-303-157,Rajasthan
CDR202600049322,2025-12-21,08:16:40,+916094464673,+918019473354,VOICE,47,404599164637727,356279009551155,UttarPradesh_BTS_007,404-45-370-119,Uttar Pradesh
CDR202600049327,2025-03-03,18:47:26,+919087015123,+917246431648,VOICE,102,404386613664783,351592631717086,Mumbai_BTS_009,404-45-162-413,Mumbai
CDR202600049349,2025-06-06,14:21:48,+917013936970,+918395906586,VOICE,14,404217403380808,355414837972996,TamilNadu_BTS_003,404-45-170-610,Tamil Nadu
CDR202600049421,2025-09-18,20:02:33,+919389016743,+917606828823,VOICE,55,404187604066637,354271823305587,WestBengal_BTS_002,404-45-355-683,West Bengal
CDR202600049423,2025-11-12,13:33:13,+917161264604,+917129928470,SMS,0,404677773535553,359813004960575,Maharashtra_BTS_002,404-45-718-271,Maharashtra
CDR202600049427,2025-05-23,08:00:29,+917446862301,+919423252216,VOICE,30,404067131124370,351598585477127,Delhi_BTS_006,404-45-548-922,Delhi
CDR202600049432,2025-03-15,02:17:16,+919068678100,+917136919849,VOICE,317,404697999697543,352314206726139,Maharashtra_BTS_004,404-45-691-197,Maharashtra
CDR202600049440,2025-09-27,01:34:52,+917356580112,+918587763348,VOICE,385,404848160627850,358983711239860,TamilNadu_BTS_004,404-45-683-253,Tamil Nadu
CDR202600049460,2025-12-22,02:31:23,+918335058737,+919349124692,MISSED,0,404468687189613,358685348288295,Maharashtra_BTS_004,404-45-146-678,Maharashtra
CDR202600049469,2025-03-05,06:58:18,+916638057421,+916329228510,VOICE,111,404151810647539,357688797334811,UttarPradesh_BTS_004,404-45-457-903,Uttar Pradesh
CDR202600049504,2025-02-28,12:13:57,+918397394335,+919545242691,VOICE,512,404584328339044,351565606422978,WestBengal_BTS_007,404-45-491-894,West Bengal
CDR202600049505,2025-07-29,23:46:05,+919292026084,+918133493776,VOICE,52,404954624643203,355606131212252,UttarPradesh_BTS_013,404-45-265-760,Uttar Pradesh
CDR202600049544,2025-01-17,16:58:52,+919084586762,+916125151698,VOICE,28,404680531211034,350176933621334,Delhi_BTS_001,404-45-180-088,Delhi
CDR202600049554,2025-01-08,22:30:06,+919256264316,+918883344957,VOICE,205,404504327748677,356164543648007,Mumbai_BTS_008,404-45-984-747,Mumbai
CDR202600049556,2025-03-30,05:31:07,+919966441687,+919052122222,SMS,0,404523052985527,355324421848994,Karnataka_BTS_006,404-45-813-981,Karnataka
CDR202600049600,2025-07-15,23:46:36,+919108248045,+919976314590,VOICE,167,404988208838617,356679785721230,WestBengal_BTS_001,404-45-915-996,West Bengal
CDR202600049612,2025-03-08,19:33:39,+917483680164,+919269381249,VOICE,30,404000603020529,353322257522653,Rajasthan_BTS_006,404-45-246-272,Rajasthan
CDR202600049623,2025-12-06,11:52:58,+919067451230,+919867394942,VOICE,189,404250588923133,351958332645405,Rajasthan_BTS_005,404-45-505-906,Rajasthan
CDR202600049638,2025-05-28,10:35:18,+917312600520,+919397945494,SMS,0,404172382544619,350637104047368,Karnataka_BTS_003,404-45-597-493,Karnataka
CDR202600049647,2025-07-30,15:59:45,+919075161331,+916740546469,VOICE,38,404356067612154,350210830750689,Gujarat_BTS_005,404-45-338-518,Gujarat
CDR202600049660,2025-10-14,07:17:51,+916417055701,+919142472367,SMS,0,404407768647914,357780252215606,Maharashtra_BTS_005,404-45-181-876,Maharashtra
CDR202600049667,2025-07-30,19:00:21,+917779681073,+917780823636,VOICE,130,404794283828860,355385381807289,Mumbai_BTS_011,404-45-243-433,Mumbai
CDR202600049683,2025-01-05,14:47:19,+916508363615,+916439825779,MISSED,0,404243548799159,356037185373039,UttarPradesh_BTS_007,404-45-999-138,Uttar Pradesh
CDR202600049684,2025-07-16,11:55:33,+916935232307,+916566410702,VOICE,106,404572288052010,359075642747298,WestBengal_BTS_002,404-45-205-363,West Bengal
CDR202600049685,2025-08-03,16:39:02,+917617336262,+917946672758,MISSED,0,404473462127618,351841997136129,Mumbai_BTS_001,404-45-446-022,Mumbai
CDR202600049718,2025-04-21,16:42:28,+916305675757,+918696518496,VOICE,193,404320935116940,351462435223363,Mumbai_BTS_006,404-45-235-741,Mumbai
CDR202600049740,2025-05-24,21:31:35,+916499653745,+917705202761,SMS,0,404440840534670,352244201753151,Karnataka_BTS_004,404-45-160-169,Karnataka
CDR202600049752,2025-03-04,08:19:01,+917345913698,+918787668459,SMS,0,404710866105603,355030054609703,UttarPradesh_BTS_012,404-45-441-790,Uttar Pradesh
CDR202600049756,2025-11-04,07:30:04,+917103776964,+918058895523,MISSED,0,404530150497959,353207339910650,TamilNadu_BTS_006,404-45-423-958,Tamil Nadu
CDR202600049773,2025-07-18,16:11:10,+917312481407,+917246431648,VOICE,82,404143383974748,357591698732445,Delhi_BTS_002,404-45-231-676,Delhi
CDR202600049777,2025-08-26,04:12:00,+919063742023,+918791522785,VOICE,6,404875113159013,350896219297089,Maharashtra_BTS_006,404-45-489-285,Maharashtra
CDR202600049790,2025-10-16,00:59:25,+917887149781,+919998598833,VOICE,317,404154318612967,358782959514269,WestBengal_BTS_004,404-45-283-755,West Bengal
CDR202600049794,2025-06-03,16:26:24,+919520134074,+918954038504,VOICE,14,404634145303106,353391215714902,Maharashtra_BTS_003,404-45-487-081,Maharashtra
CDR202600049812,2025-02-08,20:40:18,+917582699855,+917487113707,SMS,0,404661150151858,357074389378167,Maharashtra_BTS_005,404-45-181-876,Maharashtra
CDR202600049819,2025-02-28,18:51:59,+919023919192,+917178113208,VOICE,69,404853312226050,353782589180808,Karnataka_BTS_001,404-45-767-554,Karnataka
CDR202600049827,2025-10-23,06:41:00,+917123640419,+918363215135,VOICE,17,404108331135991,352098794969779,UttarPradesh_BTS_007,404-45-370-119,Uttar Pradesh
CDR202600049882,2025-05-27,19:11:41,+919101709809,+918537919446,SMS,0,404248438256940,350527444926061,Delhi_BTS_006,404-45-548-922,Delhi
CDR202600049888,2025-12-19,08:42:11,+917814267966,+919726146663,VOICE,9,404078393223808,351270538464456,Mumbai_BTS_008,404-45-155-690,Mumbai
CDR202600049907,2025-06-14,15:25:53,+916207044235,+918535225459,VOICE,211,404283815950469,352146998099793,Rajasthan_BTS_001,404-45-755-705,Rajasthan
CDR202600049908,2025-01-16,17:04:04,+917115688458,+918270857685,VOICE,61,404994931785392,352015936472208,Gujarat_BTS_008,404-45-814-433,Gujarat
CDR202600049909,2025-05-30,10:38:45,+918839351733,+919611058482,VOICE,84,404434701797103,352822367321741,Rajasthan_BTS_001,404-45-376-948,Rajasthan
CDR202600049928,2025-10-29,23:03:03,+917304462314,+917283986142,VOICE,60,404820396843237,350999446460855,Karnataka_BTS_006,404-45-813-981,Karnataka
CDR202600049937,2025-12-14,14:32:04,+919530476674,+916309299966,VOICE,100,404218645545408,356094741788248,UttarPradesh_BTS_003,404-45-202-076,Uttar Pradesh
CDR202600049939,2025-04-25,20:31:09,+917700487240,+916095157409,VOICE,79,404370602364122,351756110899368,UttarPradesh_BTS_013,404-45-822-438,Uttar Pradesh
CDR202600049940,2025-04-27,23:22:49,+917905377686,+917126365590,VOICE,107,404857340971371,351734940423920,Mumbai_BTS_007,404-45-516-195,Mumbai
CDR202600049948,2025-11-17,03:21:09,+917126918111,+918639338747,VOICE,60,404750464988499,352250745536196,Delhi_BTS_003,404-45-533-988,Delhi
CDR202600049956,2025-10-06,21:48:08,+917785057063,+917077391024,SMS,0,404594950011869,355884798642136,Rajasthan_BTS_004,404-45-316-936,Rajasthan
CDR202600049958,2025-05-25,20:06:31,+917329489970,+918186295994,VOICE,5,404667052212359,358074725809543,UttarPradesh_BTS_013,404-45-265-760,Uttar Pradesh
CDR202600049974,2025-06-08,09:46:53,+919326665043,+917414233317,VOICE,132,404023156221920,357316736382837,Rajasthan_BTS_011,404-45-796-739,Rajasthan
CDR202600049979,2025-12-14,17:15:25,+919706131357,+916014875161,VOICE,98,404616494563289,357382842557564,UttarPradesh_BTS_003,404-45-202-076,Uttar Pradesh
CDR202600049987,2025-09-19,12:35:42,+919713364228,+916000914011,VOICE,122,404035989590786,359172753052471,Karnataka_BTS_004,404-45-985-411,Karnataka
CDR202600049995,2025-09-08,08:26:11,+919852491309,+918936078508,VOICE,449,404905790984572,352914746946447,TamilNadu_BTS_003,404-45-170-610,Tamil Nadu
CDR202600050028,2025-07-17,18:35:29,+916554875691,+919403919939,VOICE,7,404193031770569,350475325398768,Delhi_BTS_002,404-45-884-129,Delhi
CDR202600050039,2025-05-07,16:26:23,+918434942218,+919358853485,VOICE,161,404851572477207,352079025471309,Maharashtra_BTS_003,404-45-949-644,Maharashtra
CDR202600050047,2025-11-17,20:04:15,+917693923293,+919423224659,VOICE,35,404760244629588,356045797091573,UttarPradesh_BTS_006,404-45-108-684,Uttar Pradesh
CDR202600050075,2025-06-06,04:02:21,+917798667299,+918141591982,VOICE,21,404833317336897,354316121397697,TamilNadu_BTS_003,404-45-170-610,Tamil Nadu
CDR202600050086,2025-05-19,22:28:22,+916498514408,+918341902918,SMS,0,404163734049351,352386340940675,Delhi_BTS_006,404-45-223-254,Delhi
CDR202600050109,2025-02-28,21:33:40,+916034102808,+919722717967,VOICE,35,404574873443164,356831963254465,UttarPradesh_BTS_013,404-45-822-438,Uttar Pradesh
CDR202600050132,2025-06-27,01:00:57,+917819700767,+919260394257,VOICE,133,404666027931160,357905341339581,WestBengal_BTS_003,404-45-266-820,West Bengal
CDR202600050134,2025-08-10,00:36:48,+919530476674,+916010452530,SMS,0,404218645545408,357650585192968,Gujarat_BTS_007,404-45-928-891,Gujarat
CDR202600050138,2025-01-22,04:44:09,+916830684150,+917741034391,VOICE,208,404724796599881,352276817135352,Maharashtra_BTS_007,404-45-314-687,Maharashtra
CDR202600050148,2025-02-27,07:26:34,+918250075519,+919313488362,VOICE,3,404574503330800,357456086029818,Rajasthan_BTS_016,404-45-619-624,Rajasthan
CDR202600050164,2025-09-20,18:09:11,+918960007946,+916945270946,MISSED,0,404486882325610,356359100955632,Rajasthan_BTS_017,404-45-897-945,Rajasthan
CDR202600050172,2025-06-24,07:16:36,+916512999260,+916213343596,VOICE,41,404913007298604,353935575787740,TamilNadu_BTS_006,404-45-367-210,Tamil Nadu
CDR202600050191,2025-06-19,20:19:16,+917255163354,+916575518584,VOICE,13,404402992122092,354661814821321,Rajasthan_BTS_001,404-45-801-333,Rajasthan
CDR202600050193,2025-12-01,08:18:17,+919860882785,+919914843121,VOICE,20,404314479510459,359925939009870,Mumbai_BTS_009,404-45-162-413,Mumbai
CDR202600050212,2025-07-05,01:16:54,+916274990881,+917182616036,VOICE,236,404755684535020,352391474599118,Mumbai_BTS_010,404-45-296-195,Mumbai
CDR202600050216,2025-12-13,23:56:31,+917441431760,+919937293538,SMS,0,404960084358875,355219020587296,UttarPradesh_BTS_009,404-45-719-216,Uttar Pradesh
CDR202600050267,2025-11-27,17:45:06,+918203203374,+917358075553,MISSED,0,404792140663648,356189577326465,Maharashtra_BTS_006,404-45-987-104,Maharashtra
CDR202600050271,2025-03-11,18:37:46,+917785057063,+916633502767,VOICE,36,404594950011869,355884798642136,Rajasthan_BTS_002,404-45-334-842,Rajasthan
CDR202600050275,2025-06-03,15:38:04,+919303376101,+916287579696,VOICE,140,404908002376114,357899494979326,Karnataka_BTS_003,404-45-270-417,Karnataka
CDR202600050291,2025-04-05,02:20:13,+917933350510,+918769322681,SMS,0,404676170832880,356890783418201,Gujarat_BTS_007,404-45-928-891,Gujarat
CDR202600050304,2025-05-07,02:49:32,+917254669580,+916094321620,SMS,0,404149895694775,350347430915997,Karnataka_BTS_005,404-45-371-949,Karnataka
CDR202600050311,2025-08-29,21:28:52,+917221606897,+919810905603,VOICE,47,404148061648631,357336098013521,UttarPradesh_BTS_010,404-45-308-704,Uttar Pradesh
CDR202600050332,2025-02-24,08:29:04,+918600505718,+917126365590,MISSED,0,404870215172948,358680333769860,WestBengal_BTS_002,404-45-205-363,West Bengal
CDR202600050335,2025-04-11,20:37:48,+919727202813,+917139435997,VOICE,44,404343818793874,358091897897057,TamilNadu_BTS_001,404-45-614-942,Tamil Nadu
CDR202600050339,2025-01-05,02:50:55,+917222344178,+917126103669,VOICE,10,404662760728249,350935289469068,Rajasthan_BTS_017,404-45-897-945,Rajasthan
CDR202600050342,2025-06-02,14:45:16,+919530995310,+918130444799,VOICE,148,404549946596911,353873194466022,TamilNadu_BTS_001,404-45-614-942,Tamil Nadu
CDR202600050346,2025-05-06,04:26:53,+919128832417,+919390373823,SMS,0,404144140960295,357090748818931,Maharashtra_BTS_007,404-45-750-855,Maharashtra
CDR202600050372,2025-09-14,07:44:07,+917130262955,+919154548073,SMS,0,404053551132052,353990355355818,Maharashtra_BTS_007,404-45-314-687,Maharashtra
CDR202600050389,2025-10-09,04:07:39,+919215789083,+917322998434,SMS,0,404128606835753,357222136423862,Rajasthan_BTS_006,404-45-862-575,Rajasthan
CDR202600050404,2025-06-22,07:39:22,+918560366101,+919023919192,VOICE,5,404360442916983,356028653309968,Gujarat_BTS_005,404-45-338-518,Gujarat
CDR202600050425,2025-03-11,22:06:43,+916671916548,+917331180423,VOICE,461,404972472042358,352911560275372,WestBengal_BTS_003,404-45-266-820,West Bengal
CDR202600050429,2025-08-15,06:07:42,+916644086226,+917890790364,SMS,0,404139802471292,351990294831756,Rajasthan_BTS_011,404-45-796-739,Rajasthan
CDR202600050444,2025-02-11,02:05:43,+917814798827,+917086977227,SMS,0,404239412772121,351064541179021,UttarPradesh_BTS_002,404-45-869-959,Uttar Pradesh
CDR202600050494,2025-11-06,14:01:37,+917259833994,+917627570441,VOICE,15,404306363934535,353753978039457,WestBengal_BTS_001,404-45-981-041,West Bengal
CDR202600050529,2025-06-14,20:19:19,+917969357547,+916718698921,VOICE,123,404091220894100,356791426871849,Karnataka_BTS_006,404-45-848-803,Karnataka
CDR202600050534,2025-09-15,04:35:10,+917394359049,+917695692692,VOICE,21,404393189762567,355768808045384,Rajasthan_BTS_001,404-45-801-333,Rajasthan
CDR202600050551,2025-04-17,14:39:55,+916908164776,+918677835293,SMS,0,404684754439841,358248638849240,UttarPradesh_BTS_007,404-45-370-119,Uttar Pradesh
CDR202600050578,2025-11-27,16:49:05,+916138269495,+916868674635,VOICE,86,404066709678054,357073027438579,UttarPradesh_BTS_001,404-45-234-688,Uttar Pradesh
CDR202600050579,2025-12-14,14:10:35,+919772774577,+918621504653,VOICE,216,404124662230254,351428845737864,Maharashtra_BTS_009,404-45-646-747,Maharashtra
CDR202600050597,2025-11-02,23:30:03,+918883222397,+917074150940,VOICE,4,404602791659536,359488364481732,Delhi_BTS_002,404-45-935-071,Delhi
CDR202600050617,2025-08-06,17:42:47,+919429605845,+917652537154,VOICE,121,404012631446390,355358689978302,WestBengal_BTS_001,404-45-981-041,West Bengal
CDR202600050685,2025-09-23,04:27:31,+917206240903,+919429605845,VOICE,328,404400972026149,352696204114778,Rajasthan_BTS_007,404-45-241-522,Rajasthan
CDR202600050719,2025-11-21,00:32:10,+916967129073,+919596457279,VOICE,69,404603515619341,355256913636422,Mumbai_BTS_008,404-45-155-690,Mumbai
CDR202600050724,2025-03-29,17:03:11,+916125151698,+916059885809,VOICE,5,404577669055989,350874703867861,WestBengal_BTS_003,404-45-342-886,West Bengal
CDR202600050737,2025-07-25,19:21:36,+918428693441,+918024048400,VOICE,125,404346110155635,355146295612850,Maharashtra_BTS_001,404-45-204-095,Maharashtra
CDR202600050738,2025-09-26,23:15:44,+917626526174,+918796422063,VOICE,45,404389859076199,357601285089590,Rajasthan_BTS_004,404-45-374-068,Rajasthan
CDR202600050742,2025-08-30,19:48:21,+918428693441,+916887769057,VOICE,55,404346110155635,351278579675324,TamilNadu_BTS_006,404-45-423-958,Tamil Nadu
CDR202600050751,2025-11-18,16:03:51,+916756772254,+917345913698,VOICE,49,404576737549070,350875765378923,Maharashtra_BTS_003,404-45-665-301,Maharashtra
CDR202600050758,2025-11-24,19:01:09,+917453010602,+917062097983,VOICE,197,404165495175620,350460858482924,Rajasthan_BTS_004,404-45-835-323,Rajasthan
CDR202600050772,2025-07-17,10:32:43,+919819571871,+919976782155,VOICE,16,404355836021342,355751092131608,Maharashtra_BTS_007,404-45-479-364,Maharashtra
CDR202600050782,2025-01-16,05:38:23,+917117381519,+917591242214,VOICE,110,404860350076354,353299523640718,Mumbai_BTS_008,404-45-984-747,Mumbai
CDR202600050794,2025-06-13,01:56:21,+918530939616,+919591306535,VOICE,18,404087662374938,358928594330095,UttarPradesh_BTS_015,404-45-658-037,Uttar Pradesh
CDR202600050797,2025-12-03,06:31:32,+917616211754,+917555664956,VOICE,769,404712582421360,358227114764107,UttarPradesh_BTS_011,404-45-357-928,Uttar Pradesh
CDR202600050814,2025-04-05,19:02:11,+918177831338,+917283986142,VOICE,4,404688396016341,351317101612364,Rajasthan_BTS_005,404-45-771-512,Rajasthan
CDR202600050839,2025-04-06,13:46:28,+918935231354,+918283315921,SMS,0,404755161133876,357102644639925,WestBengal_BTS_004,404-45-522-026,West Bengal
CDR202600050873,2025-10-09,15:34:45,+919488861053,+918861991024,VOICE,97,404916850049126,358313064561249,Delhi_BTS_001,404-45-180-088,Delhi
CDR202600050886,2025-02-15,05:12:08,+917724773264,+918625878459,VOICE,189,404241819455429,358514663933338,Karnataka_BTS_004,404-45-985-411,Karnataka
CDR202600050897,2025-10-16,10:53:37,+917103776964,+917463608779,VOICE,284,404530150497959,353207339910650,Mumbai_BTS_010,404-45-211-255,Mumbai
CDR202600050933,2025-01-28,19:34:13,+918579835476,+917529071926,VOICE,11,404255406589881,352951365294377,UttarPradesh_BTS_005,404-45-261-449,Uttar Pradesh
CDR202600050956,2025-08-22,22:30:23,+919345231893,+918243276973,VOICE,12,404841123582734,359912610648655,Maharashtra_BTS_006,404-45-489-285,Maharashtra
CDR202600050959,2025-08-07,05:25:17,+917201703979,+918825273229,VOICE,487,404548925937398,354284151368141,Delhi_BTS_002,404-45-878-546,Delhi
CDR202600051020,2025-07-23,13:38:14,+918923412866,+917595084666,SMS,0,404838068077206,358931604639212,Rajasthan_BTS_007,404-45-470-225,Rajasthan
CDR202600051033,2025-07-01,11:06:21,+919286135312,+918670144939,MISSED,0,404514439233161,351899180651761,WestBengal_BTS_006,404-45-906-719,West Bengal
CDR202600051034,2025-12-15,23:35:31,+917050477573,+918905614550,VOICE,142,404434289472964,358822575952937,UttarPradesh_BTS_008,404-45-860-567,Uttar Pradesh
CDR202600051044,2025-03-20,22:09:54,+918008820092,+916882713712,VOICE,135,404510298776037,350784648762776,Maharashtra_BTS_003,404-45-949-644,Maharashtra
CDR202600051067,2025-10-28,04:23:50,+917024544717,+917519310681,VOICE,50,404787712168763,351323383247574,UttarPradesh_BTS_011,404-45-966-053,Uttar Pradesh
CDR202600051078,2025-11-06,10:01:20,+917431785415,+918059254461,VOICE,152,404168564113618,356213363938879,Karnataka_BTS_005,404-45-902-804,Karnataka
CDR202600051082,2025-02-19,09:33:34,+919372873392,+918407558458,SMS,0,404301993167344,357991519174120,Rajasthan_BTS_003,404-45-924-324,Rajasthan
CDR202600051087,2025-12-12,11:21:57,+919756494762,+919627533531,VOICE,78,404220008154131,357259108211250,WestBengal_BTS_001,404-45-230-043,West Bengal
CDR202600051111,2025-06-15,20:38:57,+918059243421,+918978860352,VOICE,42,404743402748830,352097215432433,WestBengal_BTS_003,404-45-342-886,West Bengal
CDR202600051122,2025-11-24,12:56:32,+918475421677,+919670105203,SMS,0,404367760286132,355713121447739,WestBengal_BTS_003,404-45-258-948,West Bengal
CDR202600051130,2025-09-05,23:31:58,+916644086226,+917304942518,VOICE,98,404139802471292,351990294831756,UttarPradesh_BTS_003,404-45-650-219,Uttar Pradesh
CDR202600051162,2025-09-01,04:15:31,+916837800030,+919125961938,SMS,0,404664010333189,354640992433067,WestBengal_BTS_002,404-45-315-699,West Bengal
CDR202600051174,2025-12-29,22:27:21,+918638131233,+918531947784,VOICE,223,404250667268068,359580758448743,Rajasthan_BTS_007,404-45-605-094,Rajasthan
CDR202600051181,2025-08-13,05:37:14,+918118211392,+918489207227,VOICE,169,404929468829220,358071996273930,Delhi_BTS_004,404-45-847-707,Delhi
CDR202600051218,2025-05-22,06:52:21,+919324434019,+916138868243,VOICE,121,404748785880154,351427360038758,Karnataka_BTS_006,404-45-669-678,Karnataka
CDR202600051228,2025-01-20,04:37:59,+916019562971,+919611574039,VOICE,172,404127679671757,357580394186253,Mumbai_BTS_011,404-45-995-946,Mumbai
CDR202600051232,2025-12-28,10:20:00,+917471315001,+917160405940,VOICE,48,404180355627608,357188244709919,Rajasthan_BTS_017,404-45-897-945,Rajasthan
CDR202600051243,2025-11-11,05:50:49,+917740841180,+916267444176,VOICE,61,404982658525554,359574687676495,UttarPradesh_BTS_009,404-45-719-216,Uttar Pradesh
CDR202600051245,2025-01-26,09:34:52,+916335892159,+919533878042,VOICE,141,404027174706649,353013038166263,UttarPradesh_BTS_014,404-45-214-078,Uttar Pradesh
CDR202600051260,2025-11-22,17:31:51,+916953509233,+917667453731,MISSED,0,404641640069520,357968719284652,WestBengal_BTS_005,404-45-785-885,West Bengal
CDR202600051269,2025-07-14,14:34:09,+919976782155,+919279888517,VOICE,48,404964747345476,358908149840555,Maharashtra_BTS_002,404-45-199-368,Maharashtra
CDR202600051274,2025-03-02,10:50:35,+917060886439,+916885624039,SMS,0,404966993995616,353275595947269,Maharashtra_BTS_003,404-45-649-128,Maharashtra
CDR202600051284,2025-08-18,21:35:00,+919139137413,+917166330584,VOICE,13,404868729932395,354751249754868,Gujarat_BTS_008,404-45-814-433,Gujarat
CDR202600051301,2025-04-20,14:57:53,+918130444799,+917235268651,VOICE,179,404626996628807,356707391539797,WestBengal_BTS_002,404-45-315-699,West Bengal
CDR202600051305,2025-08-18,19:04:01,+917348095295,+916410589582,VOICE,26,404554943350630,354995688497966,TamilNadu_BTS_002,404-45-158-984,Tamil Nadu
CDR202600051311,2025-12-22,17:23:07,+917091121775,+918386857947,MISSED,0,404455556693226,351210737809207,Karnataka_BTS_004,404-45-160-169,Karnataka
CDR202600051360,2025-09-06,03:54:00,+916768200913,+917152659807,VOICE,121,404313833588735,353694004035084,Rajasthan_BTS_007,404-45-470-225,Rajasthan
CDR202600051361,2025-01-19,17:36:37,+917409646349,+917195063719,SMS,0,404812263182594,356388624503614,Karnataka_BTS_006,404-45-848-803,Karnataka
CDR202600051365,2025-11-22,04:18:14,+918932345011,+918147651676,VOICE,238,404802941120163,354044609320569,Mumbai_BTS_001,404-45-446-022,Mumbai
CDR202600051369,2025-12-23,18:41:46,+917982832125,+919541078632,VOICE,338,404771011223088,351784813313289,UttarPradesh_BTS_003,404-45-618-272,Uttar Pradesh
CDR202600051372,2025-01-25,12:33:57,+916861162202,+918258960786,VOICE,315,404969721934546,351218164653593,Rajasthan_BTS_012,404-45-798-907,Rajasthan
CDR202600051399,2025-06-05,12:24:07,+917933350510,+919143666828,VOICE,252,404676170832880,356890783418201,Gujarat_BTS_005,404-45-338-518,Gujarat
CDR202600051411,2025-03-08,02:55:33,+917589579626,+919972880601,VOICE,50,404678920273215,358305576694273,Maharashtra_BTS_007,404-45-750-855,Maharashtra
CDR202600051442,2025-04-25,18:07:22,+919497486531,+918132420926,VOICE,36,404987131778897,354452219440532,Rajasthan_BTS_007,404-45-470-225,Rajasthan
CDR202600051450,2025-07-27,14:47:35,+917750357901,+918160543442,SMS,0,404940557105074,357594093667081,Delhi_BTS_001,404-45-180-088,Delhi
CDR202600051453,2025-03-22,02:54:13,+919409927622,+918130444799,VOICE,185,404674589230689,353336203182894,Delhi_BTS_001,404-45-180-088,Delhi
CDR202600051454,2025-09-25,00:23:25,+917304942518,+917448411379,VOICE,62,404024555627161,357402123885466,Mumbai_BTS_012,404-45-553-828,Mumbai
CDR202600051466,2025-01-24,03:09:04,+918589643322,+916582389328,VOICE,34,404416286560418,353634703618417,Rajasthan_BTS_019,404-45-414-246,Rajasthan
CDR202600051469,2025-11-02,10:30:59,+916590457791,+916830684150,VOICE,7,404886548778460,353032437174530,Delhi_BTS_003,404-45-993-622,Delhi
CDR202600051476,2025-05-02,00:57:25,+919390565701,+917969838782,VOICE,109,404204056403941,356965808647701,Delhi_BTS_002,404-45-878-546,Delhi
CDR202600051498,2025-07-17,14:42:08,+919513811282,+919203878737,VOICE,40,404634702054294,350942324188914,UttarPradesh_BTS_015,404-45-658-037,Uttar Pradesh
CDR202600051530,2025-12-18,23:04:39,+919714716749,+917487718089,VOICE,24,404251363074611,357579241740146,TamilNadu_BTS_002,404-45-158-984,Tamil Nadu
CDR202600051534,2025-01-23,17:04:23,+917215786381,+919035872592,SMS,0,404795933674761,355995697566364,UttarPradesh_BTS_011,404-45-357-928,Uttar Pradesh
CDR202600051541,2025-04-13,12:27:21,+916304446754,+919705437144,VOICE,26,404692512715125,359245945865263,WestBengal_BTS_001,404-45-915-996,West Bengal
CDR202600051626,2025-04-10,16:01:35,+917696541292,+919471315864,VOICE,35,404990348313023,351648186424449,Maharashtra_BTS_008,404-45-799-664,Maharashtra
CDR202600051635,2025-08-14,15:19:33,+917148207303,+918854862770,VOICE,204,404629505529319,354485810397538,Maharashtra_BTS_005,404-45-891-297,Maharashtra
CDR202600051636,2025-04-26,23:25:29,+916703033328,+917024655218,MISSED,0,404534663469013,350884351870079,Rajasthan_BTS_019,404-45-471-900,Rajasthan
CDR202600051659,2025-07-16,13:52:42,+919566359010,+918729346255,VOICE,365,404567747803805,350956641016355,TamilNadu_BTS_003,404-45-170-610,Tamil Nadu
CDR202600051661,2025-07-12,17:50:21,+916113148304,+917516858808,VOICE,12,404630342360375,355106872697450,Rajasthan_BTS_004,404-45-316-936,Rajasthan
CDR202600051692,2025-10-11,08:25:43,+917013936970,+917791403546,VOICE,15,404217403380808,355414837972996,TamilNadu_BTS_004,404-45-683-253,Tamil Nadu
CDR202600051695,2025-08-06,03:28:13,+917092709895,+916793257571,VOICE,27,404931833239807,354982894815024,Delhi_BTS_003,404-45-662-170,Delhi
CDR202600051710,2025-06-18,16:09:43,+919727637274,+918331822918,VOICE,224,404199483254966,358445864203148,Maharashtra_BTS_003,404-45-949-644,Maharashtra
CDR202600051717,2025-03-15,03:52:04,+916803693943,+917945365446,VOICE,17,404942338437775,354421822762447,Delhi_BTS_003,404-45-662-170,Delhi
CDR202600051740,2025-01-15,15:57:11,+917256764074,+918982990769,VOICE,465,404739815411160,359345210315544,Rajasthan_BTS_004,404-45-680-898,Rajasthan
CDR202600051745,2025-08-13,04:00:45,+919794732472,+919531565815,VOICE,16,404038619977866,351622768337691,Mumbai_BTS_006,404-45-211-255,Mumbai
CDR202600051749,2025-02-09,20:27:25,+919138426948,+916931781986,VOICE,455,404342206647450,353365607194487,Karnataka_BTS_001,404-45-767-554,Karnataka
CDR202600051774,2025-01-15,11:19:47,+916762217814,+918819865075,VOICE,149,404802722212115,354861606259454,Rajasthan_BTS_001,404-45-755-705,Rajasthan
CDR202600051778,2025-07-20,01:00:54,+919285621806,+918938025858,VOICE,113,404778581566861,352768920226468,Karnataka_BTS_005,404-45-371-949,Karnataka
CDR202600051831,2025-12-07,22:52:00,+916396105072,+917979333713,VOICE,171,404841463058246,350429250941974,Maharashtra_BTS_004,404-45-146-678,Maharashtra
CDR202600051851,2025-08-02,07:36:10,+919269123797,+918905398864,VOICE,174,404474055956368,351101290108927,WestBengal_BTS_006,404-45-906-719,West Bengal
CDR202600051854,2025-06-12,08:16:30,+918118593045,+918616869646,VOICE,47,404435333841568,355236162115180,Gujarat_BTS_004,404-45-130-096,Gujarat
CDR202600051857,2025-05-21,19:43:50,+917500768744,+916908293642,VOICE,104,404558038681469,350589051859081,Mumbai_BTS_011,404-45-287-286,Mumbai
CDR202600051864,2025-10-03,09:58:32,+919454549470,+919606727982,VOICE,224,404406287918641,355155366084559,TamilNadu_BTS_004,404-45-683-253,Tamil Nadu
CDR202600051883,2025-09-07,14:38:03,+916169553599,+919200839184,MISSED,0,404672105837017,356652961723485,Rajasthan_BTS_010,404-45-710-480,Rajasthan
CDR202600051904,2025-07-18,08:40:00,+918514272112,+919382393873,SMS,0,404421592140759,357367489399364,Rajasthan_BTS_015,404-45-282-520,Rajasthan
CDR202600051919,2025-07-19,14:03:23,+917033743556,+916306053410,VOICE,199,404552918981175,351328981460831,UttarPradesh_BTS_006,404-45-108-684,Uttar Pradesh
CDR202600051926,2025-07-23,06:14:09,+919299416869,+919947355979,VOICE,115,404878786682482,353564232251678,Maharashtra_BTS_007,404-45-473-167,Maharashtra
CDR202600051938,2025-11-22,15:22:24,+918843647707,+916983480372,VOICE,191,404404538983834,355824711102380,Maharashtra_BTS_003,404-45-487-081,Maharashtra
CDR202600051965,2025-12-18,08:12:29,+918028218755,+917273517421,VOICE,498,404192240129103,352251700487804,TamilNadu_BTS_001,404-45-158-052,Tamil Nadu
CDR202600051978,2025-12-05,13:10:29,+917885564913,+917013936970,VOICE,202,404681259916707,351279347980106,Rajasthan_BTS_007,404-45-605-094,Rajasthan
CDR202600051990,2025-04-13,19:00:22,+916890414403,+916720582936,VOICE,126,404801093962055,356620665811542,Karnataka_BTS_008,404-45-693-754,Karnataka
CDR202600052001,2025-06-21,02:07:19,+919541078632,+916401287273,VOICE,134,404187617504206,356941933406067,Rajasthan_BTS_019,404-45-951-827,Rajasthan
CDR202600052002,2025-01-03,03:42:46,+916250502536,+919624202963,SMS,0,404529663619751,358095052685243,Rajasthan_BTS_017,404-45-880-166,Rajasthan
CDR202600052004,2025-09-16,16:08:05,+917830946091,+918167213143,VOICE,9,404406895492367,351081092097773,WestBengal_BTS_007,404-45-491-894,West Bengal
CDR202600052015,2025-02-05,03:32:30,+917331960225,+919501198753,VOICE,176,404133645948835,353547492206277,TamilNadu_BTS_006,404-45-678-536,Tamil Nadu
CDR202600052020,2025-12-27,10:22:33,+916960393076,+917356869556,VOICE,122,404321093883842,350688258032483,Karnataka_BTS_001,404-45-767-554,Karnataka
CDR202600052040,2025-09-23,01:59:41,+918730504137,+919097869241,VOICE,29,404638710248935,357547191820575,Maharashtra_BTS_002,404-45-199-368,Maharashtra
CDR202600052049,2025-11-03,07:08:18,+919429605845,+916874810764,SMS,0,404012631446390,355358689978302,Rajasthan_BTS_002,404-45-334-842,Rajasthan
CDR202600052068,2025-11-13,11:19:28,+917885171272,+917356404102,VOICE,41,404250955064612,350308628096569,Rajasthan_BTS_006,404-45-862-575,Rajasthan
CDR202600052089,2025-06-05,12:55:30,+917000470076,+916391671682,VOICE,25,404999139484040,353462981428845,UttarPradesh_BTS_012,404-45-233-653,Uttar Pradesh
CDR202600052096,2025-12-31,23:30:47,+919541078632,+918273318247,VOICE,50,404187617504206,356941933406067,TamilNadu_BTS_001,404-45-614-942,Tamil Nadu
CDR202600052097,2025-07-18,22:02:44,+919298342479,+918537155241,VOICE,88,404499213326899,350199550923964,Mumbai_BTS_005,404-45-626-244,Mumbai
CDR202600052103,2025-11-13,02:28:50,+918179229014,+917423498695,VOICE,133,404426577272797,353309923582225,TamilNadu_BTS_006,404-45-678-536,Tamil Nadu
CDR202600052111,2025-06-11,10:20:04,+918678579997,+916514444241,MISSED,0,404200530896917,355047051950347,Karnataka_BTS_005,404-45-902-804,Karnataka
CDR202600052116,2025-01-05,21:39:04,+917422691205,+918431994101,VOICE,21,404969191860396,355164168640243,Maharashtra_BTS_001,404-45-881-345,Maharashtra
CDR202600052120,2025-09-11,15:00:30,+917654232184,+919860882785,VOICE,87,404850782025279,359043332001581,Maharashtra_BTS_002,404-45-967-353,Maharashtra
CDR202600052128,2025-02-02,23:41:22,+919816773749,+917691247999,VOICE,211,404625189013788,357615887816429,Rajasthan_BTS_006,404-45-862-575,Rajasthan
CDR202600052135,2025-12-10,19:11:29,+916407278134,+917815142697,MISSED,0,404458862139353,356881054268331,Mumbai_BTS_006,404-45-235-741,Mumbai
CDR202600052140,2025-07-13,16:47:24,+916978917521,+917984465285,VOICE,252,404595364132346,357852048425992,Delhi_BTS_005,404-45-830-320,Delhi
CDR202600052155,2025-06-29,14:49:01,+918625681218,+919168323830,VOICE,16,404576784919565,354929709872786,WestBengal_BTS_009,404-45-571-359,West Bengal
CDR202600052158,2025-07-05,12:13:36,+918535782598,+917519586310,SMS,0,404884335828351,353494098535177,Mumbai_BTS_011,404-45-995-946,Mumbai
CDR202600052163,2025-03-26,10:07:01,+919990898522,+918680112037,SMS,0,404345504041374,358724994846167,Maharashtra_BTS_005,404-45-181-876,Maharashtra
CDR202600052164,2025-06-11,17:18:21,+917727693784,+919544969039,VOICE,164,404277556779860,352558123625636,UttarPradesh_BTS_014,404-45-214-078,Uttar Pradesh
CDR202600052169,2025-05-03,00:08:17,+918741550706,+917913219342,VOICE,191,404503668221584,357972942224507,Delhi_BTS_003,404-45-662-170,Delhi
CDR202600052170,2025-11-17,01:48:24,+916587472075,+918022471766,VOICE,213,404390161342923,354909491050010,TamilNadu_BTS_002,404-45-620-083,Tamil Nadu
CDR202600052185,2025-03-14,06:04:19,+917250328744,+916931411072,VOICE,14,404507586727508,357498890671606,Maharashtra_BTS_002,404-45-926-045,Maharashtra
CDR202600052188,2025-07-26,06:58:52,+917779098299,+919326665043,VOICE,40,404433977280921,350725981945852,Mumbai_BTS_011,404-45-287-286,Mumbai
CDR202600052189,2025-05-14,09:10:58,+919566359010,+918640882643,VOICE,57,404567747803805,350956641016355,Rajasthan_BTS_013,404-45-887-657,Rajasthan
CDR202600052193,2025-08-21,13:47:37,+916915144159,+919987672814,VOICE,100,404098125879905,358191816486081,UttarPradesh_BTS_009,404-45-378-289,Uttar Pradesh
CDR202600052207,2025-12-19,07:09:30,+917800552999,+919260394257,VOICE,134,404222136747667,355059937183508,Mumbai_BTS_010,404-45-919-883,Mumbai
CDR202600052209,2025-08-09,00:18:19,+916439196676,+918324188515,SMS,0,404607355541444,352188310371275,WestBengal_BTS_003,404-45-342-886,West Bengal
CDR202600052218,2025-05-10,16:29:03,+917506494535,+916938530796,VOICE,257,404618879238185,350308660128180,UttarPradesh_BTS_010,404-45-308-704,Uttar Pradesh
CDR202600052221,2025-07-12,12:27:35,+918372125065,+917021122163,VOICE,141,404062553927895,358232130116267,Delhi_BTS_002,404-45-935-071,Delhi
CDR202600052223,2025-05-07,17:23:38,+919866647096,+918327718225,VOICE,8,404414351089941,352840301991193,Karnataka_BTS_006,404-45-669-678,Karnataka
CDR202600052252,2025-08-29,20:20:37,+919487268012,+917322937836,VOICE,169,404538365250511,356242367961918,Rajasthan_BTS_005,404-45-505-906,Rajasthan
CDR202600052254,2025-10-11,04:00:36,+919075161331,+919321106148,VOICE,8,404356067612154,350210830750689,UttarPradesh_BTS_012,404-45-145-004,Uttar Pradesh
CDR202600052261,2025-04-26,21:43:04,+919840185373,+917086977227,VOICE,186,404156567215679,354303173777071,UttarPradesh_BTS_009,404-45-719-216,Uttar Pradesh
CDR202600052288,2025-09-29,03:33:14,+918485572124,+918540733871,MISSED,0,404289039592310,350896790333888,TamilNadu_BTS_001,404-45-614-942,Tamil Nadu
CDR202600052291,2025-07-23,21:14:27,+918982792535,+918548966382,VOICE,128,404566387717265,354150612163399,Mumbai_BTS_004,404-45-980-339,Mumbai
CDR202600052295,2025-11-30,23:31:10,+918006047998,+918411560578,SMS,0,404026100892781,355881740959014,Rajasthan_BTS_013,404-45-887-657,Rajasthan
CDR202600052329,2025-07-01,02:04:58,+919437611318,+918231017928,VOICE,97,404348617712053,358926857595797,Maharashtra_BTS_007,404-45-479-364,Maharashtra
CDR202600052336,2025-02-22,12:08:18,+918236349159,+916740155666,MISSED,0,404767944169204,359544269880685,UttarPradesh_BTS_004,404-45-170-901,Uttar Pradesh
CDR202600052337,2025-06-13,23:39:36,+919377325397,+917050702389,VOICE,99,404737299139379,359994020272623,UttarPradesh_BTS_010,404-45-749-874,Uttar Pradesh
CDR202600052351,2025-01-11,02:36:51,+919858052091,+919907008230,VOICE,48,404344563739069,354995891713662,Maharashtra_BTS_004,404-45-146-678,Maharashtra
CDR202600052364,2025-11-02,11:26:02,+918270857685,+917161801948,VOICE,188,404717231005437,358524930868103,Delhi_BTS_002,404-45-935-071,Delhi
CDR202600052365,2025-07-29,16:21:08,+917069558134,+917165138799,VOICE,48,404339803147255,355870310004394,Karnataka_BTS_004,404-45-985-411,Karnataka
CDR202600052385,2025-04-21,16:32:03,+918160820437,+917648305455,VOICE,49,404777336164652,353002529142391,WestBengal_BTS_003,404-45-266-820,West Bengal
CDR202600052405,2025-12-09,00:31:31,+917269251795,+918688240084,MISSED,0,404365859534462,358463110204411,UttarPradesh_BTS_012,404-45-145-004,Uttar Pradesh
CDR202600052415,2025-05-03,00:29:38,+917864039170,+918852771093,VOICE,409,404540960824053,353481369789360,TamilNadu_BTS_001,404-45-698-489,Tamil Nadu
CDR202600052434,2025-04-11,12:14:10,+919409713050,+917043712715,VOICE,104,404174628517227,357025836520640,WestBengal_BTS_007,404-45-491-894,West Bengal
CDR202600052435,2025-01-06,09:16:37,+916125151698,+918336462389,VOICE,75,404577669055989,350874703867861,WestBengal_BTS_006,404-45-373-164,West Bengal
CDR202600052450,2025-04-26,08:33:41,+919239652363,+918681413673,VOICE,64,404544862326082,352542414592230,Rajasthan_BTS_019,404-45-471-900,Rajasthan
CDR202600052457,2025-11-15,01:02:07,+917406076336,+919548918958,VOICE,112,404505031905203,355054206837453,Maharashtra_BTS_002,404-45-926-045,Maharashtra
CDR202600052488,2025-12-17,01:37:48,+918875457856,+918574650111,SMS,0,404268033078806,351709418085617,Maharashtra_BTS_007,404-45-750-855,Maharashtra
CDR202600052489,2025-10-17,09:43:32,+918532806359,+916856748346,VOICE,65,404330806276510,357408409060737,Delhi_BTS_003,404-45-371-541,Delhi
CDR202600052507,2025-04-07,19:49:33,+918883222397,+916081606753,VOICE,40,404602791659536,359488364481732,Karnataka_BTS_007,404-45-322-992,Karnataka
CDR202600052521,2025-11-25,04:25:52,+918678579997,+916768200913,VOICE,606,404200530896917,355047051950347,Maharashtra_BTS_001,404-45-204-095,Maharashtra
CDR202600052549,2025-08-03,05:16:22,+919256264316,+917455937665,VOICE,148,404504327748677,356164543648007,Rajasthan_BTS_017,404-45-652-977,Rajasthan
CDR202600052557,2025-06-04,04:43:38,+916113148304,+916610357234,VOICE,474,404630342360375,355106872697450,Karnataka_BTS_002,404-45-195-949,Karnataka
CDR202600052567,2025-01-02,04:50:07,+918356036526,+917806464417,VOICE,59,404448212973135,352120509793166,UttarPradesh_BTS_011,404-45-966-053,Uttar Pradesh
CDR202600052582,2025-03-09,22:40:08,+918726828100,+919248590576,VOICE,212,404959859758017,354703374915431,Rajasthan_BTS_016,404-45-303-157,Rajasthan
CDR202600052594,2025-06-09,09:55:47,+916653271645,+918386091313,VOICE,61,404867621011710,356014704827913,Delhi_BTS_005,404-45-508-688,Delhi
CDR202600052598,2025-10-08,19:05:53,+918945768111,+918954038504,VOICE,101,404878023918919,350816440383159,Rajasthan_BTS_007,404-45-241-522,Rajasthan
CDR202600052602,2025-02-19,12:08:29,+919893858333,+918201352694,VOICE,350,404502124024389,359847967912716,TamilNadu_BTS_006,404-45-423-958,Tamil Nadu
CDR202600052617,2025-07-04,01:53:28,+916751299569,+918474665146,VOICE,26,404761262769794,355880818686590,TamilNadu_BTS_006,404-45-367-210,Tamil Nadu
CDR202600052625,2025-10-16,11:26:27,+918130444799,+916324219528,MISSED,0,404626996628807,356707391539797,Karnataka_BTS_005,404-45-902-804,Karnataka
CDR202600052627,2025-10-29,02:53:20,+919965388656,+916703033328,VOICE,21,404480525023371,356310350374950,Gujarat_BTS_001,404-45-859-282,Gujarat
CDR202600052637,2025-06-13,06:02:08,+918881226636,+916277624800,VOICE,13,404402494948027,358831003790016,UttarPradesh_BTS_003,404-45-202-076,Uttar Pradesh
CDR202600052651,2025-08-25,01:43:48,+919655613746,+917375204266,VOICE,92,404169064796961,354074929553221,WestBengal_BTS_006,404-45-906-719,West Bengal
CDR202600052659,2025-02-11,16:23:57,+917779098299,+916274990881,VOICE,151,404433977280921,350725981945852,UttarPradesh_BTS_013,404-45-822-438,Uttar Pradesh
CDR202600052670,2025-09-09,13:22:08,+917601873138,+917195063719,VOICE,147,404972059785381,351321834182803,Gujarat_BTS_002,404-45-328-143,Gujarat
CDR202600052686,2025-04-14,19:56:01,+917780325783,+917645247051,VOICE,71,404164446601476,354093762640831,UttarPradesh_BTS_015,404-45-954-379,Uttar Pradesh
CDR202600052689,2025-05-23,14:19:30,+918395270269,+918111120354,VOICE,330,404077627160213,353357584232191,Rajasthan_BTS_002,404-45-334-842,Rajasthan
CDR202600052700,2025-06-01,02:27:46,+917887357431,+919775555901,VOICE,320,404538640266859,355135838486942,Delhi_BTS_005,404-45-508-688,Delhi
CDR202600052730,2025-10-24,10:04:55,+919238531415,+916638057421,MISSED,0,404748104554658,359780251769567,UttarPradesh_BTS_003,404-45-736-577,Uttar Pradesh
CDR202600052734,2025-02-14,01:58:20,+917250328744,+918600414928,VOICE,292,404507586727508,357498890671606,Rajasthan_BTS_008,404-45-981-113,Rajasthan
CDR202600052786,2025-02-04,18:34:54,+919828369317,+916229850144,VOICE,44,404209807041905,356698355620429,Maharashtra_BTS_007,404-45-314-687,Maharashtra
CDR202600052787,2025-06-08,18:51:10,+917989787550,+919140107219,SMS,0,404384847396646,350268410149204,Rajasthan_BTS_005,404-45-505-906,Rajasthan
CDR202600052789,2025-05-17,04:52:20,+917160316133,+919345231893,MISSED,0,404588894120782,358415973503854,Delhi_BTS_001,404-45-999-581,Delhi
CDR202600052796,2025-01-16,11:53:47,+918204857859,+919260394257,VOICE,79,404483037104849,355716659789769,Karnataka_BTS_005,404-45-565-293,Karnataka
CDR202600052844,2025-06-04,11:03:43,+919278431420,+917282202555,VOICE,76,404069041709405,354432865155105,Mumbai_BTS_002,404-45-107-073,Mumbai
CDR202600052852,2025-03-04,03:55:42,+918813978903,+916034872249,VOICE,68,404754916167420,353070402095125,Rajasthan_BTS_015,404-45-282-520,Rajasthan
CDR202600052864,2025-05-31,15:00:25,+918338229837,+917259894725,VOICE,15,404852649995050,357753276223110,Maharashtra_BTS_007,404-45-473-167,Maharashtra
CDR202600052883,2025-02-14,11:33:48,+917006389610,+916644086226,VOICE,179,404858681384163,350728829369924,UttarPradesh_BTS_001,404-45-371-406,Uttar Pradesh
CDR202600052895,2025-05-19,21:54:46,+916162288887,+919287286345,SMS,0,404585317625880,350102977493890,WestBengal_BTS_001,404-45-915-996,West Bengal
CDR202600052897,2025-09-29,00:13:33,+917114445865,+919402088097,MISSED,0,404790210119349,359824433046521,Rajasthan_BTS_015,404-45-282-520,Rajasthan
CDR202600052985,2025-09-14,06:13:59,+919256264316,+918434558887,VOICE,61,404504327748677,356164543648007,Rajasthan_BTS_004,404-45-316-936,Rajasthan
CDR202600052999,2025-10-15,06:00:52,+917827220489,+916703033328,MISSED,0,404713730459892,353080995117790,Rajasthan_BTS_008,404-45-981-113,Rajasthan
CDR202600053012,2025-03-17,23:31:22,+919182096720,+916383468041,SMS,0,404808539296184,353163836686566,Maharashtra_BTS_009,404-45-646-747,Maharashtra
CDR202600053017,2025-03-18,23:35:49,+917006707766,+916793257571,VOICE,232,404865632981283,352024613888621,Maharashtra_BTS_008,404-45-173-624,Maharashtra
CDR202600053026,2025-01-09,12:33:54,+918247714890,+919850446285,MISSED,0,404642660988997,359806638166932,WestBengal_BTS_003,404-45-258-948,West Bengal
CDR202600053027,2025-02-07,10:07:53,+916137132432,+916015450890,VOICE,161,404934765024417,353773880254739,Mumbai_BTS_003,404-45-334-070,Mumbai
CDR202600053030,2025-06-19,08:59:02,+916823980384,+918180036150,VOICE,120,404615717462996,355168953616322,Maharashtra_BTS_002,404-45-199-368,Maharashtra
CDR202600053051,2025-10-12,16:00:14,+918443036224,+919232679367,VOICE,82,404410408910888,354411441357202,Mumbai_BTS_011,404-45-243-433,Mumbai
CDR202600053074,2025-05-17,15:05:58,+917026149618,+917624905405,VOICE,20,404119409185580,355728433651590,UttarPradesh_BTS_011,404-45-966-053,Uttar Pradesh
CDR202600053093,2025-07-21,06:09:09,+917620952623,+918118211392,VOICE,11,404754973060128,355724364521230,Rajasthan_BTS_007,404-45-605-094,Rajasthan
CDR202600053123,2025-10-09,02:40:40,+916269133279,+919278431420,VOICE,25,404216928433013,354684451414816,Rajasthan_BTS_010,404-45-641-258,Rajasthan
CDR202600053140,2025-09-29,01:31:52,+918641087153,+917765385094,SMS,0,404781330809704,355254101198984,Mumbai_BTS_008,404-45-520-479,Mumbai
CDR202600053145,2025-03-11,14:12:18,+917297336967,+916807387424,VOICE,134,404894124826118,359250330543109,Maharashtra_BTS_007,404-45-473-167,Maharashtra
CDR202600053157,2025-10-09,04:48:56,+917195063719,+919751387608,VOICE,87,404484235493315,356188917493486,UttarPradesh_BTS_011,404-45-533-850,Uttar Pradesh
CDR202600053164,2025-04-19,11:46:28,+918948299991,+917411740882,VOICE,63,404484800360225,351234402167000,UttarPradesh_BTS_007,404-45-999-138,Uttar Pradesh
CDR202600053199,2025-03-01,09:18:23,+916306053410,+919699989559,SMS,0,404518670939366,350739963840208,Delhi_BTS_005,404-45-830-320,Delhi
CDR202600053205,2025-09-18,07:11:59,+918392895271,+916664850079,VOICE,448,404803987460824,358683634558174,Karnataka_BTS_002,404-45-195-949,Karnataka
CDR202600053211,2025-03-16,00:35:11,+916015450890,+919762817945,VOICE,119,404750997518237,359822844509046,Karnataka_BTS_003,404-45-597-493,Karnataka
CDR202600053214,2025-09-04,01:08:36,+916084272030,+919544969039,SMS,0,404868161963058,355084167088362,UttarPradesh_BTS_001,404-45-371-406,Uttar Pradesh
CDR202600053219,2025-10-18,06:26:21,+919716537585,+919870605282,VOICE,41,404004706422918,356283129949916,UttarPradesh_BTS_002,404-45-174-010,Uttar Pradesh
CDR202600053227,2025-01-13,08:25:06,+918407468479,+918592362854,VOICE,13,404146529918829,355661745230251,Maharashtra_BTS_008,404-45-173-624,Maharashtra
CDR202600053238,2025-02-27,14:56:31,+916787017280,+918615821198,VOICE,178,404183138013087,354058825300028,Gujarat_BTS_005,404-45-716-028,Gujarat
CDR202600053250,2025-05-28,02:57:42,+916807387424,+918783824058,VOICE,150,404249849699191,359677378144163,TamilNadu_BTS_005,404-45-734-084,Tamil Nadu
CDR202600053256,2025-12-17,01:39:36,+918357334243,+916373848076,SMS,0,404430486556384,353829551928360,Delhi_BTS_006,404-45-629-463,Delhi
CDR202600053259,2025-01-24,07:44:02,+919316737376,+917779511488,VOICE,218,404029477845975,353027003969706,Karnataka_BTS_001,404-45-767-554,Karnataka
CDR202600053260,2025-04-29,18:58:36,+916262219659,+918579171918,VOICE,5,404363645879453,350996082730329,UttarPradesh_BTS_011,404-45-533-850,Uttar Pradesh
CDR202600053267,2025-02-20,17:06:16,+918940237490,+919219728455,SMS,0,404884974809132,359120968456605,UttarPradesh_BTS_011,404-45-533-850,Uttar Pradesh
CDR202600053287,2025-11-04,07:21:32,+917808883294,+919921386123,VOICE,10,404312982775229,358579383265526,WestBengal_BTS_002,404-45-355-683,West Bengal
CDR202600053288,2025-04-13,04:51:25,+918678772827,+917737096590,VOICE,66,404059164513760,352940197605228,Delhi_BTS_001,404-45-999-581,Delhi
CDR202600053292,2025-02-01,09:43:33,+918147651676,+919916260097,VOICE,36,404074397792308,356894263910237,Delhi_BTS_006,404-45-548-922,Delhi
CDR202600053301,2025-02-06,13:51:45,+918377825600,+916271277272,VOICE,13,404995518513293,357748664743954,Mumbai_BTS_005,404-45-626-244,Mumbai
CDR202600053343,2025-04-16,03:35:35,+919067451230,+918341406865,VOICE,172,404250588923133,351958332645405,Rajasthan_BTS_008,404-45-981-113,Rajasthan
CDR202600053351,2025-10-03,02:46:00,+916792268333,+918825273229,VOICE,50,404936992542354,351887941986609,Karnataka_BTS_008,404-45-693-754,Karnataka
CDR202600053353,2025-08-03,07:17:11,+917064958656,+919571616534,SMS,0,404503895522752,354857384213285,Rajasthan_BTS_006,404-45-651-270,Rajasthan
CDR202600053377,2025-11-08,19:49:23,+917356206890,+919805064316,VOICE,7,404921865665122,350927146925203,Rajasthan_BTS_013,404-45-887-657,Rajasthan
CDR202600053379,2025-03-05,23:21:57,+917500030080,+917346187234,VOICE,73,404907719223759,357006916947383,Maharashtra_BTS_005,404-45-181-876,Maharashtra
CDR202600053383,2025-07-19,22:28:56,+917057475889,+917896773158,VOICE,1,404390080579944,356450181783976,Delhi_BTS_003,404-45-662-170,Delhi
CDR202600053407,2025-06-30,00:41:30,+919262204795,+919181703697,VOICE,92,404680882137344,350416781777565,UttarPradesh_BTS_002,404-45-869-959,Uttar Pradesh
CDR202600053431,2025-06-14,13:15:24,+919521875296,+917647213634,VOICE,171,404831359029222,351411476110104,UttarPradesh_BTS_006,404-45-108-684,Uttar Pradesh
CDR202600053447,2025-05-23,07:18:08,+919092613472,+919624875422,SMS,0,404069389406172,352443435621926,Rajasthan_BTS_015,404-45-612-781,Rajasthan
CDR202600053461,2025-06-29,18:06:59,+917956864202,+917487113707,SMS,0,404617063995967,357820134159756,Rajasthan_BTS_017,404-45-897-945,Rajasthan
CDR202600053470,2025-12-20,09:23:07,+918026369302,+918681413673,VOICE,278,404274749679818,358914238097281,TamilNadu_BTS_001,404-45-158-052,Tamil Nadu
CDR202600053476,2025-02-07,20:00:38,+917871483240,+917651990080,VOICE,48,404477275284920,355538960175218,Mumbai_BTS_012,404-45-553-828,Mumbai
CDR202600053515,2025-01-20,20:43:50,+917686460305,+917790056636,VOICE,66,404850148023092,356635398358522,Maharashtra_BTS_002,404-45-718-271,Maharashtra
CDR202600053542,2025-03-01,03:05:01,+917919878461,+916063966410,VOICE,127,404310345896481,354431449184671,Delhi_BTS_003,404-45-533-988,Delhi
CDR202600053559,2025-03-28,14:22:17,+919030219049,+917758214936,VOICE,52,404338250473223,351162088177423,Karnataka_BTS_003,404-45-270-417,Karnataka
CDR202600053563,2025-08-31,21:09:27,+919303727103,+918924982791,VOICE,467,404944205506619,352318818285323,Rajasthan_BTS_004,404-45-680-898,Rajasthan
CDR202600053576,2025-06-09,01:10:47,+917220714425,+916659342899,SMS,0,404740203939342,354600743677838,WestBengal_BTS_002,404-45-205-363,West Bengal
CDR202600053604,2025-06-29,21:37:32,+917543004282,+916793257571,VOICE,160,404241668397561,359229299964357,Maharashtra_BTS_001,404-45-204-095,Maharashtra
CDR202600053605,2025-04-25,06:34:43,+919208418675,+916873049156,VOICE,36,404590182667932,355512778050371,Maharashtra_BTS_008,404-45-818-960,Maharashtra
CDR202600053617,2025-11-16,09:26:19,+916269133279,+919692416168,VOICE,205,404216928433013,354684451414816,Maharashtra_BTS_004,404-45-691-197,Maharashtra
CDR202600053621,2025-10-25,05:58:16,+916605441163,+918497130615,VOICE,220,404207652835216,357500970161173,Karnataka_BTS_006,404-45-848-803,Karnataka
CDR202600053632,2025-12-25,12:32:51,+918580479082,+919123514558,VOICE,82,404241353546959,351192011970392,Rajasthan_BTS_010,404-45-710-066,Rajasthan
CDR202600053639,2025-01-18,21:09:23,+918833608117,+918981533864,VOICE,362,404045176102072,354555068555621,Rajasthan_BTS_004,404-45-680-898,Rajasthan
CDR202600053644,2025-09-22,07:08:46,+916412740660,+918438901003,VOICE,211,404157942860250,351548028561955,Rajasthan_BTS_001,404-45-755-705,Rajasthan
CDR202600053648,2025-09-25,22:55:24,+916761030215,+916774681896,VOICE,243,404556693733285,358682600757233,Rajasthan_BTS_005,404-45-771-512,Rajasthan
CDR202600053677,2025-01-07,16:03:15,+919352442118,+917260632566,MISSED,0,404424953011136,350535989646739,UttarPradesh_BTS_013,404-45-822-438,Uttar Pradesh
CDR202600053684,2025-03-26,16:14:33,+916397337096,+919572350182,VOICE,38,404627648831363,356494198994747,Mumbai_BTS_011,404-45-573-256,Mumbai
CDR202600053696,2025-02-15,19:48:50,+916074672501,+919181703697,VOICE,92,404249256988017,353872697055895,TamilNadu_BTS_003,404-45-169-692,Tamil Nadu
CDR202600053712,2025-08-02,00:10:32,+916322571398,+918131817017,VOICE,130,404363852390572,355929263823426,Rajasthan_BTS_004,404-45-835-323,Rajasthan
CDR202600053736,2025-06-20,17:01:06,+917721283429,+919860882785,VOICE,26,404838934656110,359615147051106,Mumbai_BTS_011,404-45-243-433,Mumbai
CDR202600053750,2025-04-14,03:56:09,+918130444799,+916516598176,VOICE,35,404626996628807,356707391539797,TamilNadu_BTS_001,404-45-698-489,Tamil Nadu
CDR202600053756,2025-02-03,14:39:56,+917005567409,+918357334243,VOICE,14,404122112273974,358977901127687,Karnataka_BTS_006,404-45-835-499,Karnataka
CDR202600053771,2025-01-12,16:43:54,+919428151284,+916605441163,VOICE,45,404530989081670,350766193830396,TamilNadu_BTS_001,404-45-614-942,Tamil Nadu
CDR202600053779,2025-03-07,06:03:07,+918186295994,+918210095563,VOICE,14,404853372962807,350147463819087,Rajasthan_BTS_004,404-45-374-068,Rajasthan
CDR202600053803,2025-10-29,07:10:37,+918883222397,+916347183791,VOICE,386,404602791659536,359488364481732,Delhi_BTS_002,404-45-231-676,Delhi
CDR202600053817,2025-05-28,19:09:02,+919746757357,+917691970519,SMS,0,404672014622758,356752355414104,UttarPradesh_BTS_015,404-45-658-037,Uttar Pradesh
CDR202600053823,2025-11-04,10:36:15,+917352011739,+916803693943,VOICE,127,404632331550322,350259322585182,Rajasthan_BTS_004,404-45-316-936,Rajasthan
CDR202600053869,2025-03-12,01:47:33,+918431989685,+918178832665,VOICE,23,404428125914840,356593924874454,Rajasthan_BTS_001,404-45-801-333,Rajasthan
CDR202600053870,2025-01-09,22:22:58,+918453607885,+919300467117,VOICE,4,404224671941519,357353642775989,WestBengal_BTS_003,404-45-266-820,West Bengal
CDR202600053873,2025-11-29,04:07:21,+917724864370,+919049670765,MISSED,0,404924626718846,355884843292673,Rajasthan_BTS_017,404-45-897-945,Rajasthan
CDR202600053889,2025-07-02,13:32:37,+919174896342,+917806464417,SMS,0,404036859391455,351771137838134,Mumbai_BTS_002,404-45-107-073,Mumbai
CDR202600053920,2025-12-10,21:42:34,+916260635104,+919546824442,SMS,0,404612283039936,352075813507734,Delhi_BTS_003,404-45-371-541,Delhi
CDR202600053940,2025-11-18,09:50:10,+916094321620,+917824040444,SMS,0,404498400235115,351997502655664,TamilNadu_BTS_004,404-45-683-253,Tamil Nadu
CDR202600053958,2025-07-05,18:54:43,+919400214959,+917214235629,VOICE,4,404917512744523,351313884892468,Rajasthan_BTS_015,404-45-208-892,Rajasthan
CDR202600053999,2025-06-22,02:09:00,+918358273972,+917740841180,VOICE,150,404471632833113,350975862173592,UttarPradesh_BTS_007,404-45-779-107,Uttar Pradesh
CDR202600054011,2025-07-11,05:37:14,+917845253518,+919030147116,VOICE,17,404778741103371,350029817148682,UttarPradesh_BTS_002,404-45-174-010,Uttar Pradesh
CDR202600054012,2025-10-25,23:36:14,+917074150940,+919326665043,VOICE,209,404043409682547,358673434706117,Rajasthan_BTS_002,404-45-334-842,Rajasthan
CDR202600054038,2025-05-31,06:50:14,+918622418967,+919750518334,VOICE,9,404094869573836,353206172955575,Rajasthan_BTS_016,404-45-303-157,Rajasthan
CDR202600054042,2025-07-14,08:42:42,+919143666828,+919037586034,VOICE,8,404788257954230,350532528505546,UttarPradesh_BTS_005,404-45-478-292,Uttar Pradesh
CDR202600054059,2025-02-22,13:58:40,+917813773076,+919997519753,VOICE,86,404489786257851,350267185266064,UttarPradesh_BTS_013,404-45-265-760,Uttar Pradesh
CDR202600054065,2025-07-15,23:09:03,+918543409847,+918721818318,VOICE,41,404133684146761,358799185457500,WestBengal_BTS_003,404-45-258-948,West Bengal
CDR202600054069,2025-02-20,15:35:55,+918748740261,+919429605845,SMS,0,404437949821509,354527640818378,TamilNadu_BTS_004,404-45-513-123,Tamil Nadu
CDR202600054074,2025-01-27,07:26:08,+918942896065,+917368816693,VOICE,211,404156358471538,355894969127860,UttarPradesh_BTS_013,404-45-822-438,Uttar Pradesh
CDR202600054088,2025-12-24,01:09:23,+918973195156,+918535782598,VOICE,421,404999689122226,351380920003013,TamilNadu_BTS_001,404-45-698-489,Tamil Nadu
CDR202600054120,2025-06-27,12:55:21,+917568185596,+919935626428,VOICE,50,404164474702690,353176539320500,Rajasthan_BTS_015,404-45-612-781,Rajasthan
CDR202600054128,2025-03-07,06:24:41,+919157405160,+916019571525,VOICE,33,404619196894357,351772658047875,WestBengal_BTS_003,404-45-735-768,West Bengal
CDR202600054154,2025-09-25,13:25:31,+917839775351,+916565698576,VOICE,310,404040972371122,359830096828828,Delhi_BTS_001,404-45-180-088,Delhi
CDR202600054164,2025-02-05,09:54:57,+918906773543,+918603690558,VOICE,99,404827239733853,352296799390751,WestBengal_BTS_005,404-45-785-885,West Bengal
CDR202600054180,2025-12-16,17:08:55,+916566410702,+917880904647,SMS,0,404832790840193,358074749382953,Rajasthan_BTS_010,404-45-641-258,Rajasthan
CDR202600054184,2025-02-25,18:36:46,+919822017478,+919339648697,MISSED,0,404768103688714,355247944162595,Delhi_BTS_006,404-45-223-254,Delhi
CDR202600054190,2025-11-05,08:08:48,+916163907486,+918250075519,SMS,0,404103090356537,359095159153602,UttarPradesh_BTS_005,404-45-261-449,Uttar Pradesh
CDR202600054206,2025-06-14,04:31:54,+917471315001,+919372873392,VOICE,306,404180355627608,357188244709919,Delhi_BTS_006,404-45-548-922,Delhi
CDR202600054221,2025-10-10,04:48:32,+916420902003,+916469404237,SMS,0,404686968666353,355610548234536,WestBengal_BTS_001,404-45-230-043,West Bengal
CDR202600054226,2025-11-16,17:20:08,+916027901336,+918535782598,VOICE,46,404564941936969,350363927623026,Delhi_BTS_002,404-45-884-129,Delhi
CDR202600054257,2025-09-19,11:05:13,+918798786831,+918585424797,VOICE,44,404076119096060,355923462773763,Delhi_BTS_001,404-45-180-088,Delhi
CDR202600054259,2025-10-12,04:48:37,+916407278134,+919548334880,VOICE,253,404458862139353,356881054268331,UttarPradesh_BTS_011,404-45-194-650,Uttar Pradesh
CDR202600054266,2025-07-07,12:01:59,+917796041813,+916459441639,SMS,0,404076973686077,355781041598047,Mumbai_BTS_008,404-45-984-747,Mumbai
CDR202600054274,2025-12-01,11:48:51,+919287679663,+919312792919,VOICE,220,404507034969555,352268771694615,Karnataka_BTS_006,404-45-669-678,Karnataka
CDR202600054300,2025-11-25,21:57:31,+919012018755,+917639264698,VOICE,39,404457767509589,355370040282213,Delhi_BTS_003,404-45-371-541,Delhi
CDR202600054308,2025-01-10,06:13:54,+916644086226,+917715680389,SMS,0,404139802471292,351990294831756,Gujarat_BTS_001,404-45-859-282,Gujarat
CDR202600054314,2025-09-09,13:17:19,+916199842463,+916326768435,VOICE,52,404756238192259,350080024057789,Rajasthan_BTS_014,404-45-839-897,Rajasthan
CDR202600054315,2025-11-23,17:25:38,+918495071116,+918450421025,VOICE,23,404349215116533,359023935335194,UttarPradesh_BTS_005,404-45-478-292,Uttar Pradesh
CDR202600054332,2025-05-18,04:04:11,+919413197520,+918485572124,VOICE,810,404249164410484,355417626580271,Delhi_BTS_005,404-45-830-320,Delhi
CDR202600054337,2025-11-20,11:44:55,+918311759518,+919976782155,SMS,0,404378908048211,359700907836599,Rajasthan_BTS_010,404-45-641-258,Rajasthan
CDR202600054377,2025-08-30,13:56:31,+918169485886,+918519177497,VOICE,203,404315548515896,352338814572612,Mumbai_BTS_009,404-45-162-413,Mumbai
CDR202600054392,2025-02-27,12:12:50,+917291879073,+918691886548,VOICE,107,404059089626503,356351738429689,Maharashtra_BTS_007,404-45-473-167,Maharashtra
CDR202600054433,2025-06-08,05:52:56,+916709382155,+917086977227,SMS,0,404065605012585,357215148064690,UttarPradesh_BTS_005,404-45-478-292,Uttar Pradesh
CDR202600054440,2025-12-21,12:04:52,+919916254726,+918802149671,VOICE,74,404433503601079,353590545830296,Rajasthan_BTS_019,404-45-119-115,Rajasthan
CDR202600054445,2025-02-04,06:07:13,+919352442118,+919160623951,VOICE,166,404424953011136,350535989646739,UttarPradesh_BTS_012,404-45-233-653,Uttar Pradesh
CDR202600054460,2025-05-21,16:47:48,+917409657381,+918297232808,VOICE,20,404815761597949,353510738135464,Delhi_BTS_004,404-45-652-774,Delhi
CDR202600054493,2025-07-08,08:34:32,+917234440230,+919718897270,VOICE,35,404818680789400,354356321178293,Rajasthan_BTS_001,404-45-755-705,Rajasthan
CDR202600054510,2025-08-24,03:08:31,+916950821627,+918435706138,VOICE,41,404097626580031,356539038731726,Rajasthan_BTS_014,404-45-564-004,Rajasthan
CDR202600054543,2025-04-16,02:44:36,+916754654913,+918383977788,VOICE,559,404242924507871,359034901587459,Mumbai_BTS_004,404-45-980-339,Mumbai
CDR202600054558,2025-02-12,11:59:10,+918514631865,+918068436268,VOICE,325,404339613512198,357482994086243,Maharashtra_BTS_006,404-45-489-285,Maharashtra
CDR202600054567,2025-05-11,14:56:34,+917606828823,+919908060730,VOICE,308,404554466920020,351267317822732,UttarPradesh_BTS_008,404-45-860-567,Uttar Pradesh
CDR202600054572,2025-07-25,17:08:08,+916972278837,+918942896065,SMS,0,404065397527837,356396448030133,Rajasthan_BTS_015,404-45-612-781,Rajasthan
CDR202600054579,2025-11-07,04:27:09,+917860543707,+918939978058,VOICE,128,404214297745828,351542504159989,UttarPradesh_BTS_004,404-45-170-901,Uttar Pradesh
CDR202600054595,2025-02-18,23:24:48,+917537891077,+919686240092,SMS,0,404714731371397,358775507928771,Rajasthan_BTS_006,404-45-242-253,Rajasthan
CDR202600054605,2025-06-11,16:28:05,+918645734403,+917123640419,MISSED,0,404439580353423,356466044411906,Rajasthan_BTS_010,404-45-494-391,Rajasthan
CDR202600054624,2025-07-13,05:49:59,+919595424034,+916563778170,VOICE,64,404405642488859,354058349940093,WestBengal_BTS_008,404-45-979-482,West Bengal
CDR202600054626,2025-05-01,23:04:42,+917997677357,+918416982100,VOICE,167,404145240567351,357176744172467,Gujarat_BTS_007,404-45-106-778,Gujarat
CDR202600054629,2025-01-15,21:01:09,+919545242691,+918082849334,VOICE,15,404513626450601,352744752065164,Karnataka_BTS_007,404-45-294-304,Karnataka
CDR202600054663,2025-02-11,08:21:04,+919423224659,+919505939409,VOICE,84,404056057394448,356491647676557,Rajasthan_BTS_017,404-45-880-166,Rajasthan
CDR202600054667,2025-03-13,03:29:42,+917600458155,+919611058482,VOICE,343,404752075726042,352572260502671,Rajasthan_BTS_003,404-45-924-324,Rajasthan
CDR202600054683,2025-07-22,11:40:41,+918256587235,+919326665043,VOICE,152,404759884792979,356567463047881,Rajasthan_BTS_006,404-45-242-253,Rajasthan
CDR202600054691,2025-12-10,19:04:07,+919387553866,+917516306461,SMS,0,404341138081477,356524748690040,Mumbai_BTS_007,404-45-348-804,Mumbai
CDR202600054697,2025-02-18,10:05:27,+916306053410,+919731750703,VOICE,178,404518670939366,350739963840208,UttarPradesh_BTS_012,404-45-233-653,Uttar Pradesh
CDR202600054725,2025-08-18,13:51:11,+918059243421,+917221820048,SMS,0,404743402748830,352097215432433,Gujarat_BTS_005,404-45-716-028,Gujarat
CDR202600054768,2025-05-07,19:23:31,+919400214959,+919960085840,VOICE,67,404917512744523,351313884892468,Karnataka_BTS_001,404-45-767-554,Karnataka
CDR202600054770,2025-06-25,13:31:08,+917771836839,+919019032610,VOICE,96,404680543113861,358482592900413,WestBengal_BTS_001,404-45-981-041,West Bengal
CDR202600054772,2025-04-27,12:10:20,+917777797341,+919255680366,VOICE,397,404283508437348,359219352240656,UttarPradesh_BTS_003,404-45-618-272,Uttar Pradesh
CDR202600054788,2025-09-07,23:42:33,+919554610238,+919256264316,VOICE,107,404778711311331,357385064214926,UttarPradesh_BTS_002,404-45-174-010,Uttar Pradesh
CDR202600054818,2025-10-10,08:04:12,+918464966018,+916385541982,VOICE,134,404677800338651,358256739182021,Rajasthan_BTS_012,404-45-798-907,Rajasthan
CDR202600054821,2025-06-02,17:47:21,+919664746627,+919854103489,VOICE,30,404589408656079,354038059980466,Mumbai_BTS_006,404-45-319-553,Mumbai
CDR202600054858,2025-03-27,13:17:56,+919543348878,+919352442118,VOICE,292,404369428835073,352427918190689,Rajasthan_BTS_007,404-45-241-522,Rajasthan
CDR202600054873,2025-06-12,05:12:50,+918338229837,+917471916345,VOICE,189,404852649995050,357753276223110,TamilNadu_BTS_004,404-45-683-253,Tamil Nadu
CDR202600054874,2025-07-15,23:25:22,+918917058490,+918386857947,MISSED,0,404548793872722,353425914817948,UttarPradesh_BTS_001,404-45-371-406,Uttar Pradesh
CDR202600054884,2025-09-11,11:35:03,+917346187234,+917147656817,VOICE,1,404863497884735,355174632162189,UttarPradesh_BTS_010,404-45-370-518,Uttar Pradesh
CDR202600054888,2025-04-28,04:54:30,+918736319643,+919918631708,VOICE,131,404479859078459,357910948712763,Delhi_BTS_004,404-45-847-707,Delhi
CDR202600054897,2025-12-13,22:38:28,+916429261007,+918223902580,VOICE,98,404851123470342,358477427465404,TamilNadu_BTS_003,404-45-169-692,Tamil Nadu
CDR202600054910,2025-03-05,06:26:05,+917896773158,+919691838296,MISSED,0,404078308997938,358412934771356,Mumbai_BTS_010,404-45-296-195,Mumbai
CDR202600054921,2025-04-09,12:02:54,+916746134266,+917561378634,VOICE,100,404629531300268,358187325953686,Gujarat_BTS_008,404-45-448-285,Gujarat
CDR202600054924,2025-07-14,21:40:39,+918870582917,+917013936970,VOICE,48,404467169970918,352227942807991,Maharashtra_BTS_007,404-45-314-687,Maharashtra
CDR202600054926,2025-01-14,13:43:47,+917085160071,+916791902612,MISSED,0,404690260167513,353872635311274,Delhi_BTS_003,404-45-662-170,Delhi
CDR202600054935,2025-12-25,00:03:27,+917875907303,+916414920958,SMS,0,404995104729440,352771393643934,Rajasthan_BTS_016,404-45-619-624,Rajasthan
CDR202600054946,2025-10-05,07:09:20,+918428693441,+917838092720,VOICE,152,404346110155635,355146295612850,Rajasthan_BTS_007,404-45-241-522,Rajasthan
CDR202600054948,2025-01-29,05:40:27,+917664282396,+918926189084,VOICE,157,404356638356534,352546195416802,UttarPradesh_BTS_013,404-45-552-565,Uttar Pradesh
CDR202600054973,2025-11-09,20:49:51,+918208214017,+917740841180,VOICE,50,404481320530099,358026808344879,Rajasthan_BTS_013,404-45-400-446,Rajasthan
CDR202600054977,2025-05-10,15:23:32,+917283986142,+919322868912,VOICE,34,404404456173393,358691735314663,Rajasthan_BTS_018,404-45-713-332,Rajasthan
CDR202600054981,2025-07-21,13:10:00,+917322820347,+916274990881,MISSED,0,404317045030329,356024062698899,Karnataka_BTS_001,404-45-767-554,Karnataka
CDR202600054984,2025-09-06,23:48:54,+918332335294,+918288054523,VOICE,83,404332931058899,359655735586110,Gujarat_BTS_008,404-45-448-285,Gujarat
CDR202600054989,2025-10-04,00:13:18,+916274990881,+916710789265,VOICE,402,404755684535020,352391474599118,Rajasthan_BTS_007,404-45-470-225,Rajasthan
CDR202600054995,2025-01-02,02:45:19,+917896773158,+918914752177,SMS,0,404078308997938,358412934771356,Rajasthan_BTS_010,404-45-494-391,Rajasthan
CDR202600055023,2025-01-26,11:33:43,+918405214198,+918981533864,VOICE,22,404060617664111,351017386040934,Rajasthan_BTS_019,404-45-951-827,Rajasthan
CDR202600055040,2025-06-08,15:15:29,+916703033328,+918675122332,VOICE,97,404534663469013,350884351870079,Delhi_BTS_002,404-45-878-546,Delhi
CDR202600055043,2025-10-02,03:07:31,+918978860352,+917555664956,SMS,0,404598035071597,358703493299422,Rajasthan_BTS_019,404-45-951-827,Rajasthan
CDR202600055061,2025-07-03,17:16:48,+919900586055,+919733817850,VOICE,23,404082752725351,353892359151229,UttarPradesh_BTS_012,404-45-233-653,Uttar Pradesh
CDR202600055074,2025-06-09,05:00:51,+917806464417,+918530106296,VOICE,60,404441017823209,358000012030360,Delhi_BTS_002,404-45-878-546,Delhi
CDR202600055092,2025-03-24,23:23:33,+917526784197,+918370040659,VOICE,316,404920533635422,356309276687677,Maharashtra_BTS_005,404-45-181-876,Maharashtra
CDR202600055104,2025-03-24,04:34:51,+917846640475,+918132420926,VOICE,135,404485319134243,353291279185524,Gujarat_BTS_002,404-45-328-143,Gujarat
CDR202600055152,2025-01-19,04:09:22,+917071934390,+919643392400,VOICE,150,404801625735511,350485579681618,UttarPradesh_BTS_015,404-45-954-379,Uttar Pradesh
CDR202600055153,2025-12-23,15:37:24,+917241770635,+917312502106,SMS,0,404056088571682,350635215421434,UttarPradesh_BTS_009,404-45-719-216,Uttar Pradesh
CDR202600055166,2025-07-09,18:33:12,+916213343596,+919300851136,VOICE,280,404281537805585,359075711559117,UttarPradesh_BTS_007,404-45-999-138,Uttar Pradesh
CDR202600055173,2025-05-28,19:16:21,+918485572124,+919447328450,VOICE,106,404289039592310,350896790333888,UttarPradesh_BTS_014,404-45-214-078,Uttar Pradesh
CDR202600055175,2025-12-01,00:33:20,+916861162202,+916775235017,VOICE,48,404969721934546,351218164653593,TamilNadu_BTS_003,404-45-170-610,Tamil Nadu
CDR202600055199,2025-01-13,07:03:52,+918072478648,+919955701755,VOICE,2,404376090400440,355029339287652,Mumbai_BTS_003,404-45-334-070,Mumbai
CDR202600055201,2025-09-11,05:28:41,+919931528014,+917946672758,VOICE,2,404348997868317,352586023433620,UttarPradesh_BTS_002,404-45-869-959,Uttar Pradesh
CDR202600055227,2025-03-01,13:12:41,+917705202761,+919300467117,VOICE,9,404776069852307,359631346998878,Mumbai_BTS_010,404-45-211-255,Mumbai
CDR202600055237,2025-02-08,09:15:47,+918237364606,+918337336887,VOICE,208,404743061703979,355505227402595,TamilNadu_BTS_004,404-45-513-123,Tamil Nadu
CDR202600055246,2025-07-09,02:21:10,+917123640419,+916425537205,SMS,0,404108331135991,352098794969779,UttarPradesh_BTS_002,404-45-174-010,Uttar Pradesh
CDR202600055252,2025-09-06,19:43:55,+918109290639,+919649824597,SMS,0,404996472617486,354664491431703,Rajasthan_BTS_015,404-45-612-781,Rajasthan
CDR202600055268,2025-07-11,19:51:09,+917139435997,+918101927440,VOICE,145,404775867779992,353641324305350,Rajasthan_BTS_010,404-45-494-391,Rajasthan
CDR202600055296,2025-12-05,07:48:23,+919163474807,+919860882785,MISSED,0,404584472952835,357352703018696,Gujarat_BTS_004,404-45-130-096,Gujarat
CDR202600055332,2025-10-01,05:22:42,+918038517609,+919912667690,VOICE,210,404361183201369,354036811311202,Delhi_BTS_004,404-45-847-707,Delhi
CDR202600055333,2025-05-29,03:04:04,+916085015997,+919970566765,VOICE,317,404700286147360,351008448341612,Rajasthan_BTS_014,404-45-564-004,Rajasthan
CDR202600055356,2025-08-08,08:12:03,+917486506546,+916075420676,SMS,0,404999380357852,354460158686767,Karnataka_BTS_004,404-45-160-169,Karnataka
CDR202600055369,2025-04-14,12:03:34,+917250328744,+916408333768,VOICE,161,404507586727508,357498890671606,Rajasthan_BTS_005,404-45-771-512,Rajasthan
CDR202600055410,2025-04-12,23:19:43,+918849923344,+918223902580,VOICE,90,404181417512380,356355706065671,Rajasthan_BTS_004,404-45-316-936,Rajasthan
CDR202600055414,2025-08-08,08:11:53,+916995819189,+916405134888,SMS,0,404635454737221,357259958046463,Rajasthan_BTS_017,404-45-897-945,Rajasthan
CDR202600055421,2025-07-01,23:49:18,+919936394254,917386792945,VOICE,195,404284566350369,351241528349085,Karnataka_BTS_001,404-45-767-554,Karnataka
CDR202600055430,2025-12-30,02:05:31,+918942896065,+919877444736,VOICE,77,404156358471538,355894969127860,UttarPradesh_BTS_013,404-45-552-565,Uttar Pradesh
CDR202600055505,2025-10-10,01:07:00,+918681413673,+917205901379,VOICE,344,404652588135097,356324801211716,Delhi_BTS_004,404-45-847-707,Delhi
CDR202600055509,2025-03-03,21:14:02,+916459441639,+916981300161,VOICE,75,404565046361968,353802504484345,Mumbai_BTS_003,404-45-334-070,Mumbai
CDR202600055517,2025-01-11,13:07:46,+917770290213,+917215930461,SMS,0,404860611593021,359316667300961,Karnataka_BTS_001,404-45-767-554,Karnataka
CDR202600055527,2025-06-24,19:19:25,+916580341501,+917606828823,VOICE,56,404439314004406,356879446684789,WestBengal_BTS_004,404-45-522-026,West Bengal
CDR202600055538,2025-09-04,14:19:08,+919085571991,+918442782692,VOICE,342,404790812731465,350804056121578,WestBengal_BTS_002,404-45-205-363,West Bengal
CDR202600055539,2025-07-08,19:39:04,+917399919840,+919204825365,VOICE,7,404175878029571,358561526511582,UttarPradesh_BTS_003,404-45-618-272,Uttar Pradesh
CDR202600055605,2025-09-19,22:39:37,+919718897270,+919854103489,VOICE,238,404801134284088,350389702821913,WestBengal_BTS_003,404-45-258-948,West Bengal
CDR202600055614,2025-07-18,12:32:35,+918582590154,+919390373823,VOICE,9,404613219303117,355790648424865,Rajasthan_BTS_004,404-45-316-936,Rajasthan
CDR202600055617,2025-09-05,12:02:52,+917442580381,+917880755294,SMS,0,404339945903720,357774848995581,Maharashtra_BTS_004,404-45-821-072,Maharashtra
CDR202600055622,2025-03-29,21:09:48,+918428693441,+917330684763,SMS,0,404346110155635,355146295612850,WestBengal_BTS_003,404-45-266-820,West Bengal
CDR202600055632,2025-05-19,02:39:23,+917628014026,+918513652338,VOICE,68,404099390211567,355077982799383,Rajasthan_BTS_019,404-45-119-115,Rajasthan
CDR202600055642,2025-10-22,01:16:24,+919988757323,+918948299991,VOICE,381,404070598085535,357302719512138,Mumbai_BTS_007,404-45-516-195,Mumbai
CDR202600055673,2025-01-15,20:45:20,+917935214350,+918548966382,VOICE,134,404378204549446,351672075102235,TamilNadu_BTS_006,404-45-773-598,Tamil Nadu
CDR202600055678,2025-08-12,00:47:31,+919321185479,+918895265054,VOICE,259,404164193183409,355807387316622,Maharashtra_BTS_007,404-45-479-364,Maharashtra
CDR202600055680,2025-12-16,20:35:46,+919556729184,+916823980384,VOICE,106,404587461998087,350954810482865,Rajasthan_BTS_006,404-45-651-270,Rajasthan
CDR202600055694,2025-05-07,16:30:20,+918649972048,+919217424995,VOICE,76,404729167024194,354276436560927,Gujarat_BTS_008,404-45-448-285,Gujarat
CDR202600055697,2025-04-03,21:11:02,+916138269495,+916820970779,VOICE,93,404066709678054,357073027438579,WestBengal_BTS_003,404-45-735-768,West Bengal
CDR202600055708,2025-06-22,04:05:57,+919857232072,+917811653957,VOICE,140,404335114770196,354311937777502,Gujarat_BTS_004,404-45-130-096,Gujarat
CDR202600055709,2025-03-27,15:18:42,+916306053410,+916816062474,VOICE,130,404518670939366,350739963840208,Mumbai_BTS_010,404-45-296-195,Mumbai
CDR202600055716,2025-06-01,06:32:30,+917361598755,+919514705651,VOICE,10,404114370392842,354035919197727,Gujarat_BTS_005,404-45-338-518,Gujarat
CDR202600055726,2025-12-23,03:05:41,+918795140171,+916823778274,VOICE,276,404901952455958,350621104024051,Rajasthan_BTS_004,404-45-316-936,Rajasthan
CDR202600055735,2025-08-30,09:10:36,+916743115500,+918649282034,SMS,0,404007229581137,358016096673408,Delhi_BTS_004,404-45-652-774,Delhi
CDR202600055741,2025-04-21,20:23:48,+917916697566,+918883222397,VOICE,19,404383009770810,353344878755273,Gujarat_BTS_006,404-45-833-666,Gujarat
CDR202600055747,2025-11-10,16:40:01,+916897631203,+918543106698,VOICE,22,404762122220239,352242727455299,Maharashtra_BTS_007,404-45-314-687,Maharashtra
CDR202600055755,2025-09-26,23:03:25,+919211956988,+919751123056,VOICE,114,404572957693839,353117050473728,WestBengal_BTS_003,404-45-735-768,West Bengal
CDR202600055767,2025-04-07,22:38:55,+917283986142,+918564865564,VOICE,260,404404456173393,358691735314663,Rajasthan_BTS_007,404-45-697-409,Rajasthan
CDR202600055769,2025-03-30,15:59:32,+917209736172,+918395270269,MISSED,0,404977115967995,350294412661071,Maharashtra_BTS_003,404-45-487-081,Maharashtra
CDR202600055776,2025-09-26,10:28:14,+919624982501,+919190696665,MISSED,0,404119075725062,357034691517887,UttarPradesh_BTS_013,404-45-822-438,Uttar Pradesh
CDR202600055859,2025-04-15,23:27:52,+917594789568,+919485766237,VOICE,111,404538892677851,351801660599823,Rajasthan_BTS_005,404-45-505-906,Rajasthan
CDR202600055869,2025-05-20,08:57:22,+916462747289,+917459240913,SMS,0,404684444145774,356854940022610,Maharashtra_BTS_006,404-45-987-104,Maharashtra
CDR202600055887,2025-04-09,17:27:08,+919507571068,+919866647096,VOICE,35,404626033355371,353296689410159,Gujarat_BTS_004,404-45-130-096,Gujarat
CDR202600055888,2025-11-05,23:18:57,+919796214491,+919427637919,VOICE,310,404173298035898,358887385666814,Maharashtra_BTS_003,404-45-487-081,Maharashtra
CDR202600055892,2025-12-27,20:23:16,+918845391323,+919393308642,SMS,0,404127083355935,355997379384328,Maharashtra_BTS_003,404-45-949-644,Maharashtra
CDR202600055894,2025-03-10,06:23:36,+917702261250,+917412965945,VOICE,10,404781107518995,357204650371630,UttarPradesh_BTS_013,404-45-822-438,Uttar Pradesh
CDR202600055898,2025-03-31,21:13:18,+916703033328,+917055578563,VOICE,205,404534663469013,350884351870079,Rajasthan_BTS_009,404-45-911-697,Rajasthan
CDR202600055903,2025-11-18,17:39:54,+917123640419,+917913219342,VOICE,219,404108331135991,352098794969779,Karnataka_BTS_007,404-45-294-304,Karnataka
CDR202600055914,2025-11-10,05:45:48,+917921222010,+918498064898,SMS,0,404955643350329,357509487092658,Maharashtra_BTS_007,404-45-750-855,Maharashtra
CDR202600055942,2025-10-03,14:18:42,+918473348670,+919285621806,VOICE,151,404419805735654,358619201123917,Gujarat_BTS_007,404-45-928-891,Gujarat
CDR202600055946,2025-10-25,09:13:34,+919606727982,+916643359311,SMS,0,404072300653964,350858181395934,TamilNadu_BTS_003,404-45-169-692,Tamil Nadu
CDR202600055951,2025-09-05,11:55:26,+916005441336,+919992773861,VOICE,85,404078819000182,351877947969270,Rajasthan_BTS_013,404-45-400-446,Rajasthan
CDR202600055982,2025-04-03,04:50:49,+919285621806,+919297025335,VOICE,98,404778581566861,352768920226468,Maharashtra_BTS_007,404-45-479-364,Maharashtra
CDR202600055993,2025-06-28,05:15:39,+919299740124,+917856862505,VOICE,155,404639478699248,351120201089694,TamilNadu_BTS_006,404-45-423-958,Tamil Nadu
CDR202600056021,2025-10-20,19:14:14,+919437611318,+917286886651,VOICE,87,404348617712053,358926857595797,Rajasthan_BTS_006,404-45-242-253,Rajasthan
CDR202600056027,2025-09-30,17:04:44,+918223902580,+918875538722,MISSED,0,404432903766024,352106779268990,Maharashtra_BTS_003,404-45-949-644,Maharashtra
CDR202600056040,2025-06-16,01:36:34,+916711627793,+919386132929,VOICE,52,404105866751004,351618595040516,Rajasthan_BTS_016,404-45-619-624,Rajasthan
CDR202600056049,2025-03-02,02:44:28,+916515042423,+916754654913,VOICE,28,404449745286578,351713912111152,Gujarat_BTS_006,404-45-818-559,Gujarat
CDR202600056057,2025-12-03,12:28:50,+916662253218,+918256641632,VOICE,260,404382740512270,358517272094492,Rajasthan_BTS_006,404-45-862-575,Rajasthan
CDR202600056066,2025-11-05,05:52:36,+917291879073,+918129268008,VOICE,65,404059089626503,356351738429689,Mumbai_BTS_008,404-45-984-747,Mumbai
CDR202600056081,2025-01-22,17:02:54,+917806464417,+917221656979,SMS,0,404441017823209,358000012030360,WestBengal_BTS_007,404-45-491-894,West Bengal
CDR202600056083,2025-06-16,18:38:34,+919298342479,+918347461538,VOICE,48,404499213326899,350199550923964,UttarPradesh_BTS_005,404-45-261-449,Uttar Pradesh
CDR202600056095,2025-06-24,10:43:23,+918319944674,+918138883388,MISSED,0,404806274449316,353720449121324,UttarPradesh_BTS_003,404-45-650-219,Uttar Pradesh
CDR202600056102,2025-11-17,00:20:35,+919036065222,+918944000084,VOICE,167,404069394544828,354415608107416,UttarPradesh_BTS_004,404-45-457-903,Uttar Pradesh
CDR202600056118,2025-06-01,20:31:47,+919063089965,+919423224659,SMS,0,404597155113726,353030753184382,Delhi_BTS_006,404-45-629-463,Delhi
CDR202600056121,2025-03-06,06:40:28,+919546210442,+916769659872,VOICE,50,404614250721160,357897390470211,Maharashtra_BTS_004,404-45-821-072,Maharashtra
CDR202600056125,2025-07-05,03:53:34,+919437611318,+916420902003,SMS,0,404348617712053,358926857595797,Gujarat_BTS_008,404-45-448-285,Gujarat
CDR202600056150,2025-07-01,22:33:13,+917149488491,+917194014111,VOICE,296,404243190304734,358767457090509,UttarPradesh_BTS_005,404-45-261-449,Uttar Pradesh
CDR202600056154,2025-09-09,15:34:09,+917345913698,+917051299606,VOICE,119,404710866105603,355030054609703,Maharashtra_BTS_003,404-45-949-644,Maharashtra
CDR202600056175,2025-03-21,17:27:01,+918348348522,+916391671682,VOICE,79,404228085354947,353109453223983,Rajasthan_BTS_007,404-45-697-409,Rajasthan
CDR202600056194,2025-11-13,19:03:55,+916439825779,+919034417814,VOICE,32,404588924420590,351845302050548,Delhi_BTS_005,404-45-508-688,Delhi
CDR202600056208,2025-10-16,07:07:15,+919372873392,+918699480610,VOICE,94,404301993167344,357991519174120,UttarPradesh_BTS_013,404-45-265-760,Uttar Pradesh
CDR202600056212,2025-01-18,20:01:25,+919976782155,+918806117659,SMS,0,404964747345476,358908149840555,Maharashtra_BTS_005,404-45-181-876,Maharashtra
CDR202600056213,2025-06-01,20:02:38,+919651691486,+919300467117,VOICE,43,404793063943138,351811945662821,Rajasthan_BTS_013,404-45-448-115,Rajasthan
CDR202600056215,2025-12-20,02:11:14,+919110658785,+918905398864,VOICE,32,404943334689829,359227898642616,Rajasthan_BTS_001,404-45-801-333,Rajasthan
CDR202600056276,2025-03-24,22:24:11,+917260525274,+918264740465,VOICE,46,404348500968395,357212038753711,UttarPradesh_BTS_003,404-45-736-577,Uttar Pradesh
CDR202600056288,2025-11-21,01:56:59,+918438901003,+917702112965,VOICE,110,404300837083033,353626590330348,Rajasthan_BTS_014,404-45-564-004,Rajasthan
CDR202600056308,2025-07-29,05:03:12,+919576483183,+918698141236,SMS,0,404641060446269,351888214961705,Delhi_BTS_002,404-45-935-071,Delhi
CDR202600056330,2025-01-06,06:59:04,+917810864190,+919997519753,VOICE,15,404433457859718,355818554041223,Rajasthan_BTS_007,404-45-605-094,Rajasthan
CDR202600056336,2025-01-07,18:02:02,+916962357549,+919995832551,SMS,0,404811888846418,356290829006586,Rajasthan_BTS_013,404-45-448-115,Rajasthan
CDR202600056338,2025-10-11,09:31:50,+916971406889,+918960633395,VOICE,225,404645349583587,351090702398496,Maharashtra_BTS_009,404-45-646-747,Maharashtra
CDR202600056340,2025-04-02,16:41:30,+917887149781,+916157919064,VOICE,15,404154318612967,358782959514269,UttarPradesh_BTS_006,404-45-726-827,Uttar Pradesh
CDR202600056349,2025-11-28,14:58:56,+919345261062,+917505872480,VOICE,5,404198951333172,354816171718871,WestBengal_BTS_002,404-45-355-683,West Bengal
CDR202600056381,2025-02-01,21:39:02,+919541078632,+918528751362,VOICE,16,404187617504206,356941933406067,UttarPradesh_BTS_003,404-45-650-219,Uttar Pradesh
CDR202600056418,2025-02-08,05:57:00,+919015540749,+919976782155,SMS,0,404982895758555,353548189576057,WestBengal_BTS_002,404-45-355-683,West Bengal
CDR202600056452,2025-01-02,20:10:58,+918338229837,+917448410016,VOICE,331,404852649995050,357753276223110,WestBengal_BTS_003,404-45-266-820,West Bengal
CDR202600056462,2025-03-26,02:14:40,+917346187234,+919657963577,VOICE,119,404863497884735,355174632162189,Rajasthan_BTS_004,404-45-835-323,Rajasthan
CDR202600056486,2025-05-28,07:03:49,+918922212600,+917220042982,VOICE,34,404746976694569,358013752166954,TamilNadu_BTS_001,404-45-158-052,Tamil Nadu
CDR202600056491,2025-08-25,00:32:25,+916138155731,+919205679959,VOICE,229,404915895241964,357409263414673,Mumbai_BTS_010,404-45-919-883,Mumbai
CDR202600056502,2025-05-05,18:38:00,+919113992542,+919207762092,VOICE,101,404079547154045,359833212567848,Delhi_BTS_004,404-45-847-707,Delhi
CDR202600056515,2025-07-08,19:43:31,+917073393238,+919993401465,VOICE,110,404536488933097,353488775558686,WestBengal_BTS_003,404-45-266-820,West Bengal
CDR202600056532,2025-01-26,11:11:31,+918130444799,+918470065659,SMS,0,404626996628807,356707391539797,UttarPradesh_BTS_004,404-45-170-901,Uttar Pradesh
CDR202600056582,2025-04-18,15:04:36,+918736319643,+918256152897,VOICE,25,404479859078459,357910948712763,UttarPradesh_BTS_006,404-45-108-684,Uttar Pradesh
CDR202600056605,2025-01-31,11:44:05,+918061328602,+919104313281,VOICE,249,404567158737177,351999188361129,Karnataka_BTS_006,404-45-848-803,Karnataka
CDR202600056608,2025-04-14,07:48:43,+919151303141,+918609186164,VOICE,69,404655921095730,357048557204068,Rajasthan_BTS_008,404-45-981-113,Rajasthan
CDR202600056613,2025-02-01,16:10:19,+917007745759,+916121509183,VOICE,165,404713381858290,355854976114414,WestBengal_BTS_001,404-45-915-996,West Bengal
CDR202600056622,2025-12-18,02:35:08,+917788351292,+917062114840,VOICE,230,404529278074435,351043064263531,Maharashtra_BTS_008,404-45-799-664,Maharashtra
CDR202600056642,2025-08-21,14:14:27,+916253834431,+917849635962,VOICE,53,404453107354535,350301144095584,Rajasthan_BTS_005,404-45-771-512,Rajasthan
CDR202600056668,2025-03-16,00:08:13,+917195063719,+919507948129,VOICE,22,404484235493315,356188917493486,UttarPradesh_BTS_004,404-45-457-903,Uttar Pradesh
CDR202600056674,2025-12-25,08:33:29,+916855318594,+917487113707,VOICE,6,404570380113488,352937180993899,UttarPradesh_BTS_012,404-45-145-004,Uttar Pradesh
CDR202600056676,2025-12-29,10:45:58,+917035690561,+916022672911,MISSED,0,404041709015815,351960554969075,Mumbai_BTS_010,404-45-211-255,Mumbai
CDR202600056682,2025-01-07,09:01:33,+919287679663,+916816927708,VOICE,3,404507034969555,352268771694615,UttarPradesh_BTS_005,404-45-261-449,Uttar Pradesh
CDR202600056684,2025-10-10,09:26:30,+916887769057,+916807387424,MISSED,0,404273103882306,351133751779612,Gujarat_BTS_006,404-45-818-559,Gujarat
CDR202600056696,2025-05-06,23:21:11,+917525726501,+919237153986,VOICE,401,404679178377827,356194094583233,WestBengal_BTS_005,404-45-785-885,West Bengal
CDR202600056697,2025-05-21,11:32:54,+917160405940,+919571419902,VOICE,88,404802451264106,351347876309057,Rajasthan_BTS_013,404-45-400-446,Rajasthan
CDR202600056699,2025-04-04,21:55:09,+918431994101,+916965012778,VOICE,23,404964852820220,357227074076315,Rajasthan_BTS_006,404-45-242-253,Rajasthan
CDR202600056702,2025-11-15,22:46:31,+917949289532,+918579171918,VOICE,46,404861829908810,353002229800540,UttarPradesh_BTS_008,404-45-860-567,Uttar Pradesh
CDR202600056729,2025-03-11,20:49:54,+918833608117,+919976782155,VOICE,44,404045176102072,354555068555621,Rajasthan_BTS_015,404-45-208-892,Rajasthan
CDR202600056736,2025-11-19,17:28:34,+919900586055,+919843717173,VOICE,28,404082752725351,351820618341895,Rajasthan_BTS_006,404-45-246-272,Rajasthan
CDR202600056740,2025-09-10,05:52:31,+919046222073,+916413888082,VOICE,104,404470581610234,352585873362346,Gujarat_BTS_006,404-45-833-666,Gujarat
CDR202600056772,2025-12-17,14:37:53,+918428693441,+917922511142,SMS,0,404346110155635,351278579675324,Rajasthan_BTS_006,404-45-862-575,Rajasthan
CDR202600056780,2025-03-06,06:04:37,+918495824226,+917366221937,VOICE,131,404900690737171,358171900032438,WestBengal_BTS_009,404-45-304-837,West Bengal
CDR202600056783,2025-12-09,16:19:15,+919832360435,+918270333186,VOICE,96,404808308362022,358090920495218,Maharashtra_BTS_008,404-45-799-664,Maharashtra
CDR202600056801,2025-09-19,23:08:45,+916945270946,+919543893503,VOICE,68,404362992853194,359137917587225,Rajasthan_BTS_007,404-45-605-094,Rajasthan
CDR202600056805,2025-04-17,08:47:41,+918324188515,+919516823391,SMS,0,404375625759776,350904256606265,UttarPradesh_BTS_010,404-45-308-704,Uttar Pradesh
CDR202600056811,2025-08-14,07:04:41,+917797590950,+917487113707,VOICE,32,404363576290828,355299542232771,UttarPradesh_BTS_010,404-45-370-518,Uttar Pradesh
CDR202600056813,2025-12-27,12:35:49,+919692520668,+916219397884,VOICE,127,404882435005203,353376505299245,Maharashtra_BTS_009,404-45-350-168,Maharashtra
CDR202600056839,2025-05-21,10:29:50,+918686483115,+916073848956,SMS,0,404270719334809,356000727053098,Gujarat_BTS_006,404-45-833-666,Gujarat
CDR202600056843,2025-03-26,15:35:31,+917355269541,+919632215983,VOICE,50,404673831630385,350600659957469,Maharashtra_BTS_007,404-45-314-687,Maharashtra
CDR202600056844,2025-08-17,01:30:41,+917800522547,+917162180923,VOICE,77,404321951940149,353494385639791,Karnataka_BTS_005,404-45-565-293,Karnataka
CDR202600056852,2025-09-28,03:53:09,+916566410702,+918723614860,VOICE,42,404832790840193,358074749382953,Maharashtra_BTS_001,404-45-881-345,Maharashtra
CDR202600056854,2025-02-08,11:00:32,+919814073968,+917356404102,VOICE,146,404389365011550,350455782720385,Mumbai_BTS_006,404-45-319-553,Mumbai
CDR202600056899,2025-01-02,15:44:46,+917677447994,+918297232808,VOICE,3,404196303585848,353449897334442,Rajasthan_BTS_019,404-45-414-246,Rajasthan
CDR202600056920,2025-05-06,05:21:32,+917214596178,+918335471524,SMS,0,404374294907795,355292580055015,UttarPradesh_BTS_012,404-45-233-653,Uttar Pradesh
CDR202600056921,2025-11-01,20:04:02,+918760745567,+918948299991,VOICE,6,404054108405290,357580101818420,Mumbai_BTS_001,404-45-446-022,Mumbai
CDR202600056929,2025-09-26,08:43:40,+918554145995,+916409475395,VOICE,124,404139761599882,357492472451763,Rajasthan_BTS_006,404-45-246-272,Rajasthan
CDR202600056943,2025-07-28,19:13:22,+916506058078,+916213343596,VOICE,23,404817421817115,354224864598949,Maharashtra_BTS_006,404-45-987-104,Maharashtra
CDR202600056949,2025-11-03,20:37:54,+918428693441,+919300892456,VOICE,75,404346110155635,355146295612850,Rajasthan_BTS_017,404-45-897-945,Rajasthan
CDR202600056956,2025-08-13,00:22:24,+918677835293,+918176232864,VOICE,144,404914110856479,359942593657521,UttarPradesh_BTS_004,404-45-170-901,Uttar Pradesh
CDR202600056959,2025-11-26,09:09:00,+918355065260,+919143730729,VOICE,52,404863494565742,356164616897571,UttarPradesh_BTS_010,404-45-308-704,Uttar Pradesh
CDR202600056975,2025-01-26,09:59:23,+917740841180,+916773477967,VOICE,16,404982658525554,359574687676495,Rajasthan_BTS_016,404-45-619-624,Rajasthan
CDR202600056986,2025-10-24,11:49:50,+916306053410,+919030219049,VOICE,70,404518670939366,350739963840208,Rajasthan_BTS_007,404-45-697-409,Rajasthan
CDR202600056990,2025-10-30,20:13:10,+917459240913,+918916760794,VOICE,326,404238516403650,352583236938253,UttarPradesh_BTS_010,404-45-749-874,Uttar Pradesh
CDR202600057006,2025-04-01,19:20:11,+917053180901,+918165129008,VOICE,121,404703959553079,350453791815947,WestBengal_BTS_002,404-45-205-363,West Bengal
CDR202600057016,2025-08-18,23:04:24,+918403326267,+918684143095,VOICE,143,404478494613857,356954707600444,TamilNadu_BTS_003,404-45-170-610,Tamil Nadu
CDR202600057022,2025-08-05,07:07:38,+917983963795,+917160196935,VOICE,43,404597625485270,352297831315405,TamilNadu_BTS_002,404-45-158-984,Tamil Nadu
CDR202600057025,2025-07-28,04:21:16,+918131817017,+919619124366,VOICE,41,404564349993226,359943580131031,Gujarat_BTS_007,404-45-703-285,Gujarat
CDR202600057026,2025-01-06,03:41:02,+919874426713,+918516181237,VOICE,75,404038127739215,353385796974926,Maharashtra_BTS_002,404-45-926-045,Maharashtra
CDR202600057030,2025-09-29,15:29:00,+918088194577,+919322417979,VOICE,206,404910000290508,357637469314298,UttarPradesh_BTS_002,404-45-869-959,Uttar Pradesh
CDR202600057045,2025-11-24,16:31:31,+917581547269,+917645135220,VOICE,269,404494858458989,355469038469204,UttarPradesh_BTS_006,404-45-726-827,Uttar Pradesh
CDR202600057083,2025-04-23,13:27:00,+919872883047,+918130444799,SMS,0,404622953327135,356273415098476,Rajasthan_BTS_008,404-45-981-113,Rajasthan
CDR202600057088,2025-07-30,17:51:59,+917857940176,+919689954668,VOICE,140,404033917158543,352921347395907,Maharashtra_BTS_005,404-45-891-297,Maharashtra
CDR202600057129,2025-09-14,04:52:17,+919313564870,+917038470095,MISSED,0,404038018759597,351749209263398,Karnataka_BTS_006,404-45-835-499,Karnataka
CDR202600057148,2025-09-10,05:04:01,+916498514408,+918485572124,SMS,0,404163734049351,352386340940675,TamilNadu_BTS_004,404-45-683-253,Tamil Nadu
CDR202600057151,2025-05-30,20:04:18,+919065676213,+917487113707,SMS,0,404021448258270,356869908317222,UttarPradesh_BTS_012,404-45-145-004,Uttar Pradesh
CDR202600057175,2025-06-03,18:30:01,+919427637919,+917793289240,VOICE,287,404751369098702,352609269028899,Gujarat_BTS_001,404-45-859-282,Gujarat
CDR202600057176,2025-12-08,04:09:07,+917506145552,+919773629639,MISSED,0,404330656133359,351955575972717,UttarPradesh_BTS_012,404-45-441-790,Uttar Pradesh
CDR202600057179,2025-08-29,18:52:58,+919726146663,+916424262013,SMS,0,404472993768494,351027354312120,Maharashtra_BTS_006,404-45-987-104,Maharashtra
CDR202600057198,2025-02-16,20:13:01,+917045390498,+918383416193,VOICE,218,404647919817946,351587316731429,Mumbai_BTS_007,404-45-196-100,Mumbai
CDR202600057199,2025-08-21,23:47:58,+917896773158,+919918475078,VOICE,30,404078308997938,358412934771356,Rajasthan_BTS_005,404-45-505-906,Rajasthan
CDR202600057221,2025-04-24,17:38:59,+918541450816,+918083438597,SMS,0,404490268198372,351644846868790,UttarPradesh_BTS_015,404-45-658-037,Uttar Pradesh
CDR202600057225,2025-04-20,16:41:22,+918812623567,+917544698525,SMS,0,404589220379247,356198735973431,Maharashtra_BTS_003,404-45-949-644,Maharashtra
CDR202600057234,2025-02-22,19:05:31,+918406178426,+919541078632,VOICE,134,404344681770497,351724602651321,Gujarat_BTS_002,404-45-328-143,Gujarat
CDR202600057240,2025-12-20,10:26:40,+919071896901,+916983699346,VOICE,395,404605493757155,359057210981136,Rajasthan_BTS_001,404-45-801-333,Rajasthan
CDR202600057241,2025-01-10,05:17:55,+919754595957,+919055781480,VOICE,528,404014953858121,354063957355678,UttarPradesh_BTS_005,404-45-478-292,Uttar Pradesh
CDR202600057249,2025-07-11,10:14:44,+919215789083,+916933477706,SMS,0,404128606835753,357222136423862,Maharashtra_BTS_003,404-45-665-301,Maharashtra
CDR202600057277,2025-07-08,22:48:11,+918618810196,+918163116622,VOICE,37,404731033211454,350305332309995,TamilNadu_BTS_001,404-45-158-052,Tamil Nadu
CDR202600057280,2025-09-06,06:33:21,+916662607238,+918758540353,VOICE,31,404142071026873,359439335587165,Maharashtra_BTS_004,404-45-146-678,Maharashtra
CDR202600057304,2025-09-13,20:38:59,+916382761185,+916890434993,VOICE,162,404377582452181,355142288190247,WestBengal_BTS_001,404-45-915-996,West Bengal
CDR202600057306,2025-01-28,18:48:43,+916407278134,+917342909519,VOICE,30,404458862139353,356881054268331,UttarPradesh_BTS_005,404-45-261-449,Uttar Pradesh
CDR202600057308,2025-12-05,16:31:49,+919075161331,+916793257571,VOICE,8,404356067612154,350210830750689,Rajasthan_BTS_014,404-45-839-897,Rajasthan
CDR202600057319,2025-07-05,22:01:54,+919627533531,+917795725257,VOICE,15,404811167447859,353608149947869,Rajasthan_BTS_016,404-45-303-157,Rajasthan
CDR202600057328,2025-08-31,08:32:27,+917661247113,+918270857685,SMS,0,404609350841670,359844124239995,Karnataka_BTS_004,404-45-160-169,Karnataka
CDR202600057363,2025-02-10,15:44:06,+918680112037,+919581832048,VOICE,57,404931423436384,350022633249291,WestBengal_BTS_001,404-45-230-043,West Bengal
CDR202600057381,2025-04-16,20:07:47,+916034872249,+919849464401,VOICE,109,404120744194392,352303184120280,WestBengal_BTS_003,404-45-266-820,West Bengal
CDR202600057383,2025-08-29,22:03:05,+919219288173,+917086977227,VOICE,136,404716409095416,352766471934360,WestBengal_BTS_001,404-45-230-043,West Bengal
CDR202600057420,2025-01-30,12:43:14,+918226053249,+916239203362,SMS,0,404824404824299,359840975438604,UttarPradesh_BTS_011,404-45-533-850,Uttar Pradesh
CDR202600057426,2025-12-06,19:05:26,+917280030183,+917218983467,VOICE,38,404331547448022,350357150200566,UttarPradesh_BTS_002,404-45-568-324,Uttar Pradesh
CDR202600057456,2025-04-20,15:45:28,+919063742023,+918701321774,SMS,0,404875113159013,350896219297089,Delhi_BTS_001,404-45-180-088,Delhi
CDR202600057480,2025-02-05,02:37:29,+918131817017,+917314040528,VOICE,10,404564349993226,359943580131031,Maharashtra_BTS_002,404-45-967-353,Maharashtra
CDR202600057491,2025-05-11,05:25:58,+918658677249,+919956147272,VOICE,182,404173254849543,354607280314165,WestBengal_BTS_007,404-45-491-894,West Bengal
CDR202600057496,2025-11-23,14:09:17,+919611058482,+916930428469,VOICE,32,404397536453971,356864902196456,Rajasthan_BTS_015,404-45-208-892,Rajasthan
CDR202600057497,2025-02-02,20:30:25,+919206778836,+918453087250,VOICE,86,404194606092217,359565968866316,Rajasthan_BTS_007,404-45-470-225,Rajasthan
CDR202600057506,2025-10-24,01:20:09,+918250075519,+918240090833,VOICE,185,404574503330800,357456086029818,TamilNadu_BTS_001,404-45-698-489,Tamil Nadu
CDR202600057534,2025-12-19,01:29:33,+919185465057,+917789224735,VOICE,238,404640129057854,353691951768396,Mumbai_BTS_010,404-45-296-195,Mumbai
CDR202600057545,2025-01-14,04:36:11,+916271209011,+918431994101,VOICE,66,404751081937617,354699453667860,Rajasthan_BTS_005,404-45-771-512,Rajasthan
CDR202600057553,2025-07-06,12:49:06,+916858960592,+919886214499,VOICE,133,404924243620528,350272287138525,Rajasthan_BTS_015,404-45-208-892,Rajasthan
CDR202600057558,2025-01-07,16:05:11,+916908228505,+919024535324,SMS,0,404906057084823,351426409714398,UttarPradesh_BTS_015,404-45-658-037,Uttar Pradesh
CDR202600057600,2025-03-28,14:08:42,+916655642600,+917024544717,VOICE,42,404527511809286,354054632164844,Rajasthan_BTS_002,404-45-334-842,Rajasthan
CDR202600057605,2025-06-12,13:23:44,+916639458739,+917291879073,VOICE,50,404009296210414,355014533749006,Rajasthan_BTS_011,404-45-796-739,Rajasthan
CDR202600057614,2025-06-30,07:45:08,+918805805180,+918807151096,VOICE,67,404245701674357,351340879827599,Rajasthan_BTS_016,404-45-961-655,Rajasthan
CDR202600057623,2025-08-31,14:28:07,+918711713470,+916274990881,VOICE,267,404048069735721,359974040850737,Rajasthan_BTS_012,404-45-798-907,Rajasthan
CDR202600057624,2025-03-17,03:19:45,+919689954668,+918893696936,SMS,0,404962482169580,354487431859263,Rajasthan_BTS_004,404-45-316-936,Rajasthan
CDR202600057626,2025-10-18,03:01:08,+916853654496,+917421248124,SMS,0,404282479894564,352052770697393,Mumbai_BTS_010,404-45-919-883,Mumbai
CDR202600057630,2025-10-14,18:38:21,+917166986497,+916304446754,VOICE,62,404771617625080,352923420520847,Rajasthan_BTS_006,404-45-862-575,Rajasthan
CDR202600057631,2025-07-29,04:04:24,+917542167788,+917212435998,VOICE,117,404664342767879,352882509922368,Gujarat_BTS_006,404-45-818-559,Gujarat
CDR202600057641,2025-01-05,09:02:59,+919627533531,+919936465917,VOICE,75,404811167447859,353608149947869,Karnataka_BTS_003,404-45-597-493,Karnataka
CDR202600057659,2025-04-22,21:32:07,+917898455614,+919718897270,VOICE,54,404076743479853,358527478824603,Mumbai_BTS_010,404-45-919-883,Mumbai
CDR202600057660,2025-07-12,19:42:02,+918494698061,+916416227624,VOICE,136,404983125174625,351794887587774,Mumbai_BTS_011,404-45-243-433,Mumbai
CDR202600057665,2025-06-29,13:27:07,+917555664956,+917204468683,VOICE,27,404211548585992,359044354035118,Rajasthan_BTS_010,404-45-710-480,Rajasthan
CDR202600057700,2025-10-29,00:18:54,+916000914011,+918871539135,VOICE,238,404219362934400,355106855474818,Gujarat_BTS_001,404-45-859-282,Gujarat
CDR202600057705,2025-06-28,00:17:45,+918449702682,+917153195102,VOICE,48,404746789341596,354200154970796,UttarPradesh_BTS_012,404-45-233-653,Uttar Pradesh
CDR202600057712,2025-02-18,01:39:35,+916259148611,+917196407916,MISSED,0,404617825779155,352262798414567,Rajasthan_BTS_008,404-45-981-113,Rajasthan
CDR202600057717,2025-09-11,17:42:41,+918223902580,+916287445230,VOICE,55,404432903766024,352106779268990,UttarPradesh_BTS_013,404-45-265-760,Uttar Pradesh
CDR202600057732,2025-08-15,01:58:25,+918546007632,+918973195156,SMS,0,404055727358489,357386601217740,Karnataka_BTS_005,404-45-371-949,Karnataka
CDR202600057745,2025-05-04,00:04:15,+919094815578,+919530476674,VOICE,271,404315360002053,359893604099567,UttarPradesh_BTS_005,404-45-261-449,Uttar Pradesh
CDR202600057746,2025-03-10,07:38:39,+918835960008,+917173526045,VOICE,197,404344074368255,353336711331569,Rajasthan_BTS_016,404-45-303-157,Rajasthan
CDR202600057748,2025-10-18,03:40:47,+916098490653,+916756772254,VOICE,134,404412592329811,357930317729450,UttarPradesh_BTS_001,404-45-371-406,Uttar Pradesh
CDR202600057759,2025-07-28,01:42:00,+917075354242,+916897631203,VOICE,218,404248420757236,358637641591616,TamilNadu_BTS_006,404-45-678-536,Tamil Nadu
CDR202600057811,2025-03-10,12:23:21,+917127932030,+918736319643,VOICE,201,404210620805091,357101721094520,Gujarat_BTS_002,404-45-854-105,Gujarat
CDR202600057828,2025-01-22,18:48:37,+917528151116,+916213343596,VOICE,235,404872164893686,354478799654374,WestBengal_BTS_009,404-45-571-359,West Bengal
CDR202600057846,2025-08-14,08:43:55,+919720309284,+919548918958,SMS,0,404346953834829,355676419532248,UttarPradesh_BTS_001,404-45-371-406,Uttar Pradesh
CDR202600057863,2025-04-23,12:22:38,+918335471524,+917867290631,MISSED,0,404943595860397,350947287373773,Delhi_BTS_001,404-45-180-088,Delhi
CDR202600057869,2025-11-27,17:19:38,+919858910547,+919826483186,VOICE,385,404755287169649,358978634861394,Delhi_BTS_005,404-45-508-688,Delhi
CDR202600057872,2025-09-23,10:07:31,+919316737376,+917184478770,VOICE,5,404029477845975,353027003969706,Delhi_BTS_002,404-45-878-546,Delhi
CDR202600057884,2025-05-15,14:32:04,+917527489296,+919921386123,VOICE,139,404779130508905,351091514371493,WestBengal_BTS_001,404-45-915-996,West Bengal
CDR202600057898,2025-03-06,12:12:20,+916804371901,+917282202555,VOICE,29,404510441243349,358353438911446,UttarPradesh_BTS_011,404-45-194-650,Uttar Pradesh
CDR202600057941,2025-01-24,08:03:59,+917830946091,+918728614929,VOICE,118,404406895492367,351081092097773,WestBengal_BTS_006,404-45-373-164,West Bengal
CDR202600057943,2025-04-12,05:30:53,+918357334243,+916896279431,VOICE,128,404430486556384,353829551928360,WestBengal_BTS_005,404-45-901-954,West Bengal
CDR202600057949,2025-02-27,23:46:26,+919181703697,+919066184321,VOICE,168,404195778210088,353461687222650,Maharashtra_BTS_006,404-45-489-285,Maharashtra
CDR202600057967,2025-10-19,09:30:08,+917158424931,+919023071406,VOICE,16,404586840187188,357318289477863,Delhi_BTS_004,404-45-652-774,Delhi
CDR202600057992,2025-01-18,00:52:55,+916129415368,+918044908345,VOICE,40,404756864543641,356562168949765,Maharashtra_BTS_009,404-45-646-747,Maharashtra
CDR202600058006,2025-10-19,06:31:30,+919947818490,+917895319354,VOICE,731,404928661970346,359154071421858,Mumbai_BTS_011,404-45-287-286,Mumbai
CDR202600058010,2025-03-31,11:20:22,+917260525274,+916897631203,VOICE,382,404348500968395,357212038753711,WestBengal_BTS_006,404-45-906-719,West Bengal
CDR202600058025,2025-08-06,19:42:24,+917885171272,+916604663553,VOICE,90,404250955064612,356429030607783,UttarPradesh_BTS_002,404-45-869-959,Uttar Pradesh
CDR202600058026,2025-05-26,08:17:47,+916000914011,+918962499431,VOICE,222,404219362934400,355106855474818,Mumbai_BTS_011,404-45-243-433,Mumbai
CDR202600058041,2025-07-15,12:33:22,+918639338747,+918254756017,SMS,0,404442834128049,359991110427423,Gujarat_BTS_007,404-45-325-460,Gujarat
CDR202600058069,2025-03-29,15:26:15,+919413410359,+917956111288,SMS,0,404228197334556,351032295449423,Delhi_BTS_004,404-45-652-774,Delhi
CDR202600058093,2025-09-21,04:39:10,+919441396016,+919082268831,VOICE,174,404039964898085,355114973608338,Karnataka_BTS_003,404-45-270-417,Karnataka
CDR202600058108,2025-02-11,22:17:24,+917946672758,+916347851781,VOICE,23,404788202702595,358935572790234,UttarPradesh_BTS_007,404-45-370-119,Uttar Pradesh
CDR202600058109,2025-08-19,01:17:33,+917988058091,+917282414559,SMS,0,404811578455519,356417761189788,TamilNadu_BTS_006,404-45-423-958,Tamil Nadu
CDR202600058124,2025-06-17,02:53:36,+917484744160,+919976782155,VOICE,140,404126273489438,357088025662916,TamilNadu_BTS_003,404-45-170-610,Tamil Nadu
CDR202600058144,2025-09-02,10:40:24,+917562756713,+917474809204,VOICE,9,404757937781882,350527981848976,Mumbai_BTS_010,404-45-919-883,Mumbai
CDR202600058148,2025-03-14,06:42:48,+919151122781,+917946672758,VOICE,55,404786770620254,357671200146723,WestBengal_BTS_001,404-45-981-041,West Bengal
CDR202600058157,2025-04-04,16:19:31,+918032582611,+917050477573,VOICE,192,404895598940525,356476082315295,UttarPradesh_BTS_002,404-45-568-324,Uttar Pradesh
CDR202600058162,2025-03-20,13:29:06,+916953509233,+917542131339,VOICE,164,404641640069520,357968719284652,Karnataka_BTS_006,404-45-669-678,Karnataka
CDR202600058182,2025-03-05,00:26:23,+917201965416,+918485572124,VOICE,146,404363562122751,354202425112320,Rajasthan_BTS_004,404-45-316-936,Rajasthan
CDR202600058197,2025-10-17,14:56:20,+917282202555,+917788033011,VOICE,9,404364115516923,350152278148208,Delhi_BTS_002,404-45-231-676,Delhi
CDR202600058203,2025-08-20,05:38:29,+916481964978,+919494299077,VOICE,116,404735024043503,358007694508609,Rajasthan_BTS_006,404-45-862-575,Rajasthan
CDR202600058213,2025-08-01,19:51:42,+916768200913,+919526850403,VOICE,273,404313833588735,353694004035084,Rajasthan_BTS_010,404-45-710-480,Rajasthan
CDR202600058230,2025-11-28,17:18:23,+918696518496,+916769007696,VOICE,122,404446955706436,351926192706658,Karnataka_BTS_008,404-45-693-754,Karnataka
CDR202600058233,2025-03-18,19:57:12,+919259786377,+919966441687,VOICE,180,404096334313068,358278322045676,Maharashtra_BTS_003,404-45-949-644,Maharashtra
CDR202600058262,2025-03-01,09:14:09,+917087952901,+917705202761,VOICE,12,404378062633319,359360617119639,Delhi_BTS_001,404-45-180-088,Delhi
CDR202600058282,2025-04-19,03:30:13,+917254669580,+918656369211,VOICE,145,404149895694775,350347430915997,Mumbai_BTS_002,404-45-107-073,Mumbai
CDR202600058284,2025-02-24,08:36:45,+918266649175,+919479004470,VOICE,88,404078887494068,352954173065068,Rajasthan_BTS_011,404-45-796-739,Rajasthan
CDR202600058341,2025-06-15,01:13:20,+919072319829,+916471016116,VOICE,204,404733678300333,356116192264067,TamilNadu_BTS_003,404-45-169-692,Tamil Nadu
CDR202600058347,2025-08-04,23:14:33,+916563778170,+919409713050,SMS,0,404344746116656,359706671369234,TamilNadu_BTS_002,404-45-158-984,Tamil Nadu
CDR202600058364,2025-02-28,01:41:42,+918496889952,+916018950497,VOICE,21,404428102957055,357433601631528,Karnataka_BTS_001,404-45-767-554,Karnataka
CDR202600058365,2025-10-04,13:04:24,+916250502536,+919943069773,VOICE,23,404529663619751,358095052685243,Mumbai_BTS_003,404-45-334-070,Mumbai
CDR202600058372,2025-11-05,03:09:25,+919776349612,+919838511610,SMS,0,404645661692159,358744083125373,UttarPradesh_BTS_013,404-45-265-760,Uttar Pradesh
CDR202600058375,2025-12-26,15:21:23,+919866647096,+918246292538,VOICE,119,404414351089941,352840301991193,Delhi_BTS_005,404-45-830-320,Delhi
CDR202600058377,2025-11-06,07:19:20,+919317993233,+918059254461,SMS,0,404309511222391,357598170601033,WestBengal_BTS_007,404-45-491-894,West Bengal
CDR202600058395,2025-08-26,10:18:17,+919214337556,+918317688836,VOICE,27,404726090298134,355958138616237,WestBengal_BTS_006,404-45-373-164,West Bengal
CDR202600058396,2025-07-08,02:58:17,+918138883388,+918705621158,SMS,0,404698153199096,355318174414179,Maharashtra_BTS_006,404-45-489-285,Maharashtra
CDR202600058398,2025-10-17,20:37:51,+917173526045,+918074032769,VOICE,62,404260239063110,354702425585516,Karnataka_BTS_004,404-45-985-411,Karnataka
CDR202600058428,2025-07-15,09:50:52,+918132420926,+918921547916,VOICE,145,404387050182283,354164549934649,Delhi_BTS_002,404-45-935-071,Delhi
CDR202600058431,2025-06-25,05:07:20,+919921255627,+918642276347,VOICE,8,404914508673068,353776344181162,Maharashtra_BTS_003,404-45-949-644,Maharashtra
CDR202600058446,2025-06-14,17:37:25,+917690683929,+916855167550,VOICE,35,404810446113513,358848308140772,Rajasthan_BTS_019,404-45-951-827,Rajasthan
CDR202600058447,2025-08-31,02:17:11,+918858727096,+919019032610,VOICE,262,404763034870143,356616878222589,Karnataka_BTS_007,404-45-294-304,Karnataka
CDR202600058448,2025-12-26,13:01:03,+918584704952,919039483836,VOICE,62,404436519606967,350948625310822,TamilNadu_BTS_006,404-45-678-536,Tamil Nadu
CDR202600058491,2025-03-13,09:22:04,+916284750681,+919055781480,SMS,0,404098839775913,353086799628943,UttarPradesh_BTS_001,404-45-371-406,Uttar Pradesh
CDR202600058503,2025-07-31,19:30:25,+917546122102,+919341880760,VOICE,10,404058139670577,359193278886332,UttarPradesh_BTS_002,404-45-869-959,Uttar Pradesh
CDR202600058517,2025-03-16,16:05:59,+919892766147,+916831047808,VOICE,125,404544152054489,353734713629400,TamilNadu_BTS_003,404-45-170-610,Tamil Nadu
CDR202600058518,2025-08-18,23:52:45,+917880755294,+916110750507,VOICE,187,404391065804089,352332040789068,Delhi_BTS_006,404-45-223-254,Delhi
CDR202600058561,2025-03-27,07:04:57,+919405104944,+918513652338,MISSED,0,404588419363889,351310776718682,Karnataka_BTS_003,404-45-270-417,Karnataka
CDR202600058567,2025-05-22,12:53:18,+917187868573,+919147273761,VOICE,368,404627015887651,359742573947384,Mumbai_BTS_006,404-45-235-741,Mumbai
CDR202600058569,2025-12-30,18:36:59,+918671402590,+919092941081,VOICE,380,404045318561370,352048382585034,UttarPradesh_BTS_001,404-45-371-406,Uttar Pradesh
CDR202600058582,2025-01-15,03:32:21,+916953509233,+919332940696,VOICE,189,404641640069520,357968719284652,Maharashtra_BTS_009,404-45-350-168,Maharashtra
CDR202600058602,2025-02-01,06:46:50,+917487113707,+919039001696,VOICE,193,404094002194203,354916025007802,Maharashtra_BTS_006,404-45-489-285,Maharashtra
CDR202600058622,2025-09-21,18:37:57,+917568309736,+917849242180,VOICE,171,404571466438985,351807421919841,Karnataka_BTS_001,404-45-767-554,Karnataka
CDR202600058650,2025-06-28,03:56:55,+919457831351,+919566359010,VOICE,99,404188731580659,353867230205061,Mumbai_BTS_007,404-45-516-195,Mumbai
CDR202600058665,2025-05-28,03:06:53,+918059254461,+917999322845,VOICE,90,404888119550635,356538571947020,WestBengal_BTS_009,404-45-304-837,West Bengal
CDR202600058671,2025-02-03,16:34:06,+916499653745,+919866647096,VOICE,113,404440840534670,352244201753151,TamilNadu_BTS_004,404-45-683-253,Tamil Nadu
CDR202600058681,2025-08-30,23:45:35,+918319944674,+919339648697,VOICE,264,404806274449316,353720449121324,Delhi_BTS_003,404-45-993-622,Delhi
CDR202600058696,2025-07-01,06:47:43,+918639338747,+917881796471,VOICE,291,404442834128049,359991110427423,WestBengal_BTS_001,404-45-981-041,West Bengal
CDR202600058701,2025-06-08,16:10:19,+917103769954,+918335471524,VOICE,153,404235402685486,359177874332070,Rajasthan_BTS_006,404-45-862-575,Rajasthan
CDR202600058713,2025-03-02,02:52:58,+918319944674,+918157830462,VOICE,21,404806274449316,353720449121324,Mumbai_BTS_010,404-45-296-195,Mumbai
CDR202600058717,2025-11-13,08:34:43,+916856753121,+919049670765,SMS,0,404000868969442,352798085352771,Mumbai_BTS_002,404-45-702-226,Mumbai
CDR202600058728,2025-07-26,18:24:04,+917292474890,+918186295994,VOICE,128,404326280215673,351752853436810,Karnataka_BTS_007,404-45-294-304,Karnataka
CDR202600058729,2025-07-16,10:45:17,+918819865075,+918825273229,VOICE,67,404552977221367,352372209948997,Maharashtra_BTS_009,404-45-646-747,Maharashtra
CDR202600058750,2025-08-07,21:06:06,+918338555581,+916397337096,VOICE,42,404560287836141,351986584933041,Rajasthan_BTS_019,404-45-951-827,Rajasthan
CDR202600058766,2025-02-06,11:09:28,+918386857947,+917501730315,VOICE,22,404078416980158,354034089734219,WestBengal_BTS_002,404-45-315-699,West Bengal
CDR202600058770,2025-05-04,10:32:21,+918548966382,+919298342479,VOICE,180,404249313815334,350278027610604,Maharashtra_BTS_005,404-45-181-876,Maharashtra
CDR202600058785,2025-03-22,08:00:19,+918580479082,+919392804035,VOICE,7,404241353546959,351192011970392,Mumbai_BTS_001,404-45-446-022,Mumbai
CDR202600058791,2025-12-11,23:17:02,+919684313566,+918696518496,VOICE,75,404271405282290,353335504354095,WestBengal_BTS_002,404-45-205-363,West Bengal
CDR202600058813,2025-02-18,12:54:09,+917812150158,+919548918958,VOICE,117,404948829029838,351261056253311,TamilNadu_BTS_006,404-45-367-210,Tamil Nadu
CDR202600058846,2025-09-27,04:54:32,+916805432219,+918580479082,VOICE,198,404882840596949,350238454730386,Gujarat_BTS_002,404-45-328-143,Gujarat
CDR202600058856,2025-03-19,08:42:42,+918649282034,+917598379249,VOICE,6,404655989672079,352728801663832,Maharashtra_BTS_008,404-45-173-624,Maharashtra
CDR202600058868,2025-08-22,20:10:55,+917937550668,+917896773158,VOICE,252,404328676535974,356532030347240,WestBengal_BTS_009,404-45-571-359,West Bengal
CDR202600058891,2025-04-04,13:31:00,+917406816029,+917310983111,VOICE,38,404066293801338,359030652513863,Gujarat_BTS_002,404-45-328-143,Gujarat
CDR202600058910,2025-05-30,04:36:32,+916823980384,+917965177268,VOICE,193,404615717462996,355168953616322,TamilNadu_BTS_001,404-45-614-942,Tamil Nadu
CDR202600058921,2025-11-10,20:38:43,+918061566202,+918338229837,VOICE,180,404433296350929,358714473852325,Karnataka_BTS_003,404-45-270-417,Karnataka
CDR202600058933,2025-03-03,10:21:50,+917126365590,+919904991006,VOICE,204,404068976637736,355882100797138,Rajasthan_BTS_014,404-45-839-897,Rajasthan
CDR202600058960,2025-01-04,16:03:08,+916329228510,+918558303329,SMS,0,404041750860644,356344443007285,WestBengal_BTS_005,404-45-901-954,West Bengal
CDR202600058963,2025-05-23,10:04:03,+919241722337,+916243340467,VOICE,194,404375387920460,351374005828746,Gujarat_BTS_006,404-45-833-666,Gujarat
CDR202600058971,2025-06-06,15:47:10,+916566410702,+919384478969,VOICE,95,404832790840193,358074749382953,Rajasthan_BTS_007,404-45-697-409,Rajasthan
CDR202600058976,2025-01-01,07:19:32,+917276662070,+919513112829,VOICE,36,404195024125171,353115808780400,WestBengal_BTS_004,404-45-283-755,West Bengal
CDR202600058988,2025-06-02,03:45:08,+917375204266,+917133452271,VOICE,219,404591100185168,352649383236383,Rajasthan_BTS_007,404-45-697-409,Rajasthan
CDR202600059025,2025-02-15,13:14:15,+919718897270,+918800010844,VOICE,59,404801134284088,350389702821913,Gujarat_BTS_007,404-45-106-778,Gujarat
CDR202600059041,2025-09-17,21:35:57,+919239650910,+917744360064,VOICE,63,404326722823948,351068554617221,Maharashtra_BTS_004,404-45-821-072,Maharashtra
CDR202600059043,2025-03-09,11:21:43,+916703033328,+919202545091,SMS,0,404534663469013,350884351870079,Rajasthan_BTS_004,404-45-423-958,Rajasthan
CDR202600059044,2025-08-28,11:24:27,+919323613622,+917310983111,MISSED,0,404732816331800,358323090691096,Rajasthan_BTS_019,404-45-471-900,Rajasthan
CDR202600059060,2025-07-01,04:27:52,+919591553611,+918146896752,SMS,0,404235236317551,351214587966492,WestBengal_BTS_004,404-45-522-026,West Bengal
CDR202600059068,2025-06-02,12:22:15,+917842720451,+918925088146,VOICE,2,404995404914739,354654089540237,UttarPradesh_BTS_002,404-45-174-010,Uttar Pradesh
CDR202600059076,2025-03-13,20:54:11,+917307120571,+916566410702,VOICE,55,404693872649069,359905207651018,WestBengal_BTS_001,404-45-230-043,West Bengal
CDR202600059095,2025-03-11,04:14:04,+919094080058,+919670105203,MISSED,0,404094009581196,355589905992363,Mumbai_BTS_010,404-45-296-195,Mumbai
CDR202600059099,2025-07-19,05:58:36,+917254669580,+918914016681,SMS,0,404149895694775,350347430915997,Mumbai_BTS_010,404-45-919-883,Mumbai
CDR202600059123,2025-09-06,11:02:35,+917412845371,+916237834522,VOICE,140,404896010470210,357979402614682,Delhi_BTS_002,404-45-231-676,Delhi
CDR202600059131,2025-08-18,17:58:30,+919547374303,+916274990881,VOICE,136,404969686209670,357875426831293,Delhi_BTS_002,404-45-231-676,Delhi
CDR202600059140,2025-12-21,00:28:57,+917195063719,+916684600330,VOICE,187,404484235493315,359476818327907,Rajasthan_BTS_019,404-45-471-900,Rajasthan
CDR202600059145,2025-12-14,07:12:13,+919794066447,+917927220453,VOICE,22,404357913374968,355785482969394,Karnataka_BTS_001,404-45-767-554,Karnataka
CDR202600059175,2025-10-05,06:22:00,+917896773158,+918099363651,VOICE,32,404078308997938,358412934771356,Rajasthan_BTS_017,404-45-880-166,Rajasthan
CDR202600059218,2025-11-27,17:04:41,+919275981682,+919260394257,VOICE,94,404107809201674,353000696061554,Rajasthan_BTS_004,404-45-316-936,Rajasthan
CDR202600059220,2025-01-03,19:04:55,+918825273229,+916311126793,VOICE,211,404960432794442,353139579920692,UttarPradesh_BTS_006,404-45-108-684,Uttar Pradesh
CDR202600059230,2025-05-24,01:18:09,+919316737376,+917511615071,SMS,0,404029477845975,353027003969706,WestBengal_BTS_002,404-45-205-363,West Bengal
CDR202600059246,2025-08-03,09:59:58,+917288000354,+918932938464,SMS,0,404532110511544,351944368083242,Rajasthan_BTS_013,404-45-448-115,Rajasthan
CDR202600059248,2025-12-06,12:09:30,+918271057547,+918705329143,VOICE,54,404561125817969,356207800012922,Mumbai_BTS_007,404-45-348-804,Mumbai
CDR202600059258,2025-07-05,19:05:26,+919517609695,+916138269495,VOICE,5,404604966977995,359049273642454,Karnataka_BTS_004,404-45-985-411,Karnataka
CDR202600059273,2025-11-27,10:51:27,+917876039201,+916629642426,VOICE,287,404234117006455,356588974420201,Mumbai_BTS_007,404-45-516-195,Mumbai
CDR202600059292,2025-05-04,03:56:09,+916320978567,+918084960515,VOICE,387,404677225297095,354444271585769,Karnataka_BTS_006,404-45-835-499,Karnataka
CDR202600059331,2025-05-11,08:12:19,+917929456585,+919750518334,MISSED,0,404105579944363,354610807457013,WestBengal_BTS_003,404-45-735-768,West Bengal
CDR202600059343,2025-03-19,10:46:59,+917014276424,+918319944674,VOICE,70,404196948772471,358979290287811,UttarPradesh_BTS_014,404-45-214-078,Uttar Pradesh
CDR202600059348,2025-11-14,07:03:10,+916367952951,+919627533531,VOICE,177,404474716368898,357418943904104,Rajasthan_BTS_010,404-45-641-258,Rajasthan
CDR202600059351,2025-03-24,00:44:05,+919719160322,+917345354711,SMS,0,404917439407194,356150133476888,Mumbai_BTS_001,404-45-446-022,Mumbai
CDR202600059364,2025-03-15,14:32:30,+917720285731,+918855370247,VOICE,270,404162139730076,353404837871043,Karnataka_BTS_005,404-45-565-293,Karnataka
CDR202600059373,2025-12-04,16:30:20,+917530891911,+916207044235,SMS,0,404167541991023,351307294024111,Mumbai_BTS_010,404-45-919-883,Mumbai
CDR202600059375,2025-10-25,13:39:04,+919541078632,+917016396826,VOICE,111,404187617504206,356941933406067,UttarPradesh_BTS_011,404-45-966-053,Uttar Pradesh
CDR202600059415,2025-10-13,06:17:06,+919029177662,+918250075519,VOICE,49,404779447201753,351483317596555,WestBengal_BTS_003,404-45-258-948,West Bengal
CDR202600059426,2025-08-11,17:35:12,+918132420926,+918243819675,VOICE,39,404387050182283,354164549934649,Rajasthan_BTS_006,404-45-242-253,Rajasthan
CDR202600059459,2025-08-24,16:02:18,+918812120821,+918644593817,VOICE,106,404405636097503,357824276995792,Delhi_BTS_005,404-45-830-320,Delhi
CDR202600059467,2025-07-04,05:38:35,+918916760794,+917314549946,VOICE,87,404314766401059,355974034938205,Delhi_BTS_003,404-45-662-170,Delhi
CDR202600059486,2025-08-18,12:01:47,+916027901336,+918533993196,VOICE,62,404564941936969,350504391016090,Rajasthan_BTS_007,404-45-605-094,Rajasthan
CDR202600059519,2025-11-24,10:50:05,+916491497592,+918883222397,VOICE,188,404604190598025,355953200424729,Rajasthan_BTS_001,404-45-801-333,Rajasthan
CDR202600059542,2025-10-20,20:00:35,+919664940036,+918548966382,VOICE,20,404182459763711,353079624227701,Rajasthan_BTS_004,404-45-316-936,Rajasthan
CDR202600059573,2025-02-05,07:42:42,+918890777671,+916995819189,VOICE,111,404780943049731,354012154062286,Mumbai_BTS_011,404-45-243-433,Mumbai
CDR202600059619,2025-07-04,18:37:58,+919740447129,+918696518496,VOICE,176,404405453030137,357204880932781,UttarPradesh_BTS_013,404-45-265-760,Uttar Pradesh
CDR202600059638,2025-09-28,13:31:24,+918371507888,+919414673941,VOICE,257,404140638966652,357882214288996,Maharashtra_BTS_002,404-45-967-353,Maharashtra
CDR202600059653,2025-02-28,20:52:09,+916027901336,+919581832048,VOICE,127,404564941936969,359115177325864,Mumbai_BTS_005,404-45-626-244,Mumbai
CDR202600059656,2025-08-01,11:43:21,+919544969039,+916514444241,VOICE,81,404871974710158,356244041721928,Maharashtra_BTS_009,404-45-646-747,Maharashtra
CDR202600059663,2025-12-31,11:29:35,+917139435997,+919545809947,VOICE,110,404775867779992,353641324305350,Delhi_BTS_001,404-45-180-088,Delhi
CDR202600059668,2025-03-14,04:58:18,+916094464673,+917969225021,VOICE,66,404599164637727,356279009551155,UttarPradesh_BTS_011,404-45-966-053,Uttar Pradesh
CDR202600059721,2025-08-18,00:53:02,+916001031978,+917008518494,VOICE,34,404741422518144,350480339101754,TamilNadu_BTS_006,404-45-367-210,Tamil Nadu
CDR202600059775,2025-02-05,06:25:21,+916227568004,+917785057063,SMS,0,404591979986424,356275268758495,Mumbai_BTS_006,404-45-319-553,Mumbai
CDR202600059780,2025-03-16,18:17:25,+918312719539,+919017537809,VOICE,372,404521148141086,356277365382851,Delhi_BTS_002,404-45-231-676,Delhi
CDR202600059794,2025-03-29,12:57:44,+918386857947,+919113796021,VOICE,67,404078416980158,354034089734219,Rajasthan_BTS_001,404-45-801-333,Rajasthan
CDR202600059796,2025-04-04,18:52:22,+918022471766,+919030408992,VOICE,49,404856472839696,350571291207959,Karnataka_BTS_005,404-45-565-293,Karnataka
CDR202600059798,2025-12-11,11:42:04,+917319844499,+919148068774,VOICE,23,404278789020367,351704761931609,Rajasthan_BTS_010,404-45-641-258,Rajasthan
CDR202600059816,2025-04-03,19:33:10,+917203240874,+917691728825,VOICE,42,404877756029169,356800123403334,UttarPradesh_BTS_011,404-45-357-928,Uttar Pradesh
CDR202600059824,2025-12-23,16:25:55,+916115710458,+916274990881,SMS,0,404354241386155,354535659951646,UttarPradesh_BTS_004,404-45-170-901,Uttar Pradesh
CDR202600059835,2025-12-08,02:22:37,+919057787504,+919764981424,VOICE,63,404579201745518,358322884906606,Rajasthan_BTS_012,404-45-798-907,Rajasthan
CDR202600059847,2025-03-07,01:09:10,+919750518334,+918083660508,VOICE,15,404680770705936,356028474473915,Mumbai_BTS_011,404-45-243-433,Mumbai
CDR202600059856,2025-09-10,00:58:27,+916237834522,+918289744180,VOICE,139,404690884726857,359815806300203,Karnataka_BTS_001,404-45-767-554,Karnataka
CDR202600059867,2025-05-04,05:24:11,+919345231893,+918767649717,SMS,0,404841123582734,357477266962404,Mumbai_BTS_011,404-45-287-286,Mumbai
CDR202600059900,2025-01-24,18:30:44,+919143629081,+919300467117,VOICE,27,404120190818183,357876573790760,WestBengal_BTS_006,404-45-373-164,West Bengal
CDR202600059903,2025-02-21,23:11:22,+917483291711,+917309279648,VOICE,247,404533196103770,359442632650801,TamilNadu_BTS_006,404-45-423-958,Tamil Nadu
CDR202600059926,2025-07-15,04:47:41,+919566359010,+917397623611,VOICE,87,404567747803805,350956641016355,UttarPradesh_BTS_002,404-45-869-959,Uttar Pradesh
CDR202600059932,2025-01-01,05:27:49,+919423224659,+919721191025,VOICE,13,404056057394448,356491647676557,Delhi_BTS_006,404-45-223-254,Delhi
CDR202600059939,2025-07-04,07:18:42,+917108603202,+919005998872,VOICE,73,404004349417450,353283973633958,Gujarat_BTS_006,404-45-833-666,Gujarat
CDR202600059950,2025-05-12,19:08:06,+919860882785,+919648858310,VOICE,261,404314479510459,359925939009870,WestBengal_BTS_009,404-45-571-359,West Bengal
CDR202600059954,2025-02-24,19:25:03,+916502651629,+919573952339,VOICE,263,404834829902894,354008142260293,WestBengal_BTS_001,404-45-981-041,West Bengal
CDR202600059957,2025-12-09,06:05:49,+917199768899,+917069810649,VOICE,97,404275623906387,353707099372409,WestBengal_BTS_005,404-45-785-885,West Bengal
CDR202600059958,2025-03-07,14:05:13,+917439446706,+919842762982,VOICE,118,404725799057883,356878868590071,Delhi_BTS_006,404-45-629-463,Delhi
CDR202600059981,2025-03-11,02:33:11,+918295824059,+918236349159,SMS,0,404632590114941,358274840681605,WestBengal_BTS_001,404-45-415-374,West Bengal
CDR202600059984,2025-02-03,11:21:57,+917312502106,+917847303021,VOICE,46,404745566895118,352613271001974,UttarPradesh_BTS_008,404-45-860-567,Uttar Pradesh
CDR202600059991,2025-12-24,11:11:08,+918787852937,+916397337096,VOICE,95,404681768662901,357283865943387,Mumbai_BTS_009,404-45-162-413,Mumbai
CDR202600059994,2025-02-19,10:56:00,+919351625080,+919101709809,MISSED,0,404672366437823,358068472472595,WestBengal_BTS_001,404-45-981-041,West Bengal
CDR202600060002,2025-08-02,06:31:06,+919529891715,+918478798838,VOICE,150,404956312496439,356140923827976,WestBengal_BTS_005,404-45-521-822,West Bengal
CDR202600060004,2025-07-08,00:11:44,+918033114094,+916250502536,VOICE,2,404154886760064,353829043605479,Maharashtra_BTS_008,404-45-799-664,Maharashtra
CDR202600060006,2025-05-20,16:21:14,+917936178367,+918725127184,VOICE,360,404965395347489,359391787896901,Karnataka_BTS_005,404-45-102-400,Karnataka
CDR202600060011,2025-11-20,20:11:26,+918671402590,+918109018076,SMS,0,404045318561370,352048382585034,WestBengal_BTS_002,404-45-355-683,West Bengal
CDR202600060022,2025-03-02,12:21:24,+919448741983,+919723860346,VOICE,241,404163862347734,353438423855714,Karnataka_BTS_003,404-45-597-493,Karnataka
CDR202600060071,2025-01-04,11:15:52,+916703033328,+918152244712,SMS,0,404534663469013,350884351870079,Karnataka_BTS_006,404-45-669-678,Karnataka
CDR202600060075,2025-04-27,07:34:54,+918306832081,+919306021160,VOICE,57,404951041407366,357121185250657,TamilNadu_BTS_002,404-45-158-984,Tamil Nadu
CDR202600060082,2025-01-24,03:48:36,+916182088860,+916662607238,VOICE,48,404392068612533,354947118152750,Rajasthan_BTS_004,404-45-680-898,Rajasthan
CDR202600060097,2025-04-07,09:49:07,+917277934470,+919773629639,VOICE,35,404075170105556,351681829047786,Maharashtra_BTS_003,404-45-949-644,Maharashtra
CDR202600060104,2025-06-26,18:53:45,+918942896065,+918156405226,VOICE,80,404156358471538,355894969127860,TamilNadu_BTS_001,404-45-158-052,Tamil Nadu
CDR202600060111,2025-06-15,18:18:21,+917221606897,+917418564165,VOICE,321,404148061648631,357336098013521,TamilNadu_BTS_002,404-45-158-984,Tamil Nadu
CDR202600060139,2025-12-19,00:25:11,+918916878118,+916260635104,VOICE,6,404395916116825,350504098649647,WestBengal_BTS_003,404-45-342-886,West Bengal
CDR202600060142,2025-12-08,21:18:43,+917568309736,+916810780965,VOICE,577,404571466438985,351807421919841,WestBengal_BTS_009,404-45-304-837,West Bengal
CDR202600060168,2025-11-15,04:14:40,+919149496227,+916983699346,VOICE,42,404946744327971,358151340188370,Mumbai_BTS_012,404-45-553-828,Mumbai
CDR202600060179,2025-02-18,15:38:21,+917609163255,+918236349159,VOICE,85,404806036251056,351131245407006,UttarPradesh_BTS_002,404-45-568-324,Uttar Pradesh
CDR202600060190,2025-07-28,09:23:45,+917853196390,+916800799878,VOICE,306,404928480102745,350834712162463,Maharashtra_BTS_006,404-45-489-285,Maharashtra
CDR202600060196,2025-09-21,09:03:39,+918113023764,+919866647096,VOICE,64,404353443063704,353614533844545,Rajasthan_BTS_010,404-45-710-480,Rajasthan
CDR202600060199,2025-09-05,01:33:56,+918407468479,+917538113815,VOICE,37,404146529918829,355661745230251,UttarPradesh_BTS_005,404-45-261-449,Uttar Pradesh
CDR202600060208,2025-09-05,21:25:58,+919345231893,+916802536584,VOICE,192,404841123582734,357477266962404,WestBengal_BTS_005,404-45-901-954,West Bengal
CDR202600060214,2025-06-23,20:14:52,+919373738158,+916093818132,VOICE,69,404586403101644,354625510965641,Karnataka_BTS_005,404-45-371-949,Karnataka
CDR202600060215,2025-01-12,21:50:12,+916132538151,+916073749554,VOICE,159,404924288621808,358759655922664,Maharashtra_BTS_007,404-45-750-855,Maharashtra
CDR202600060232,2025-05-05,00:47:51,+916772554499,+918671402590,VOICE,85,404765179251073,352442030848191,UttarPradesh_BTS_013,404-45-822-438,Uttar Pradesh
CDR202600060235,2025-07-26,22:26:46,+918753688075,+919260394257,VOICE,50,404892718836373,350787307218117,Rajasthan_BTS_019,404-45-951-827,Rajasthan
CDR202600060238,2025-12-26,04:50:17,+918949911094,+918022731031,VOICE,259,404651457487342,358073752512120,Gujarat_BTS_006,404-45-833-666,Gujarat
CDR202600060262,2025-01-05,01:21:17,+917765785944,+917763545549,VOICE,82,404900824727003,352958580177614,Gujarat_BTS_002,404-45-854-105,Gujarat
CDR202600060283,2025-08-29,10:00:34,+917921858971,+918802853853,VOICE,191,404058885360681,351932895386100,Maharashtra_BTS_003,404-45-665-301,Maharashtra
CDR202600060300,2025-03-21,22:07:20,+918706155273,+918485572124,VOICE,71,404979653273610,359600230532178,Maharashtra_BTS_008,404-45-173-624,Maharashtra
CDR202600060314,2025-01-27,06:11:06,+917650892796,+919285621806,VOICE,14,404872690656938,350423684491888,Karnataka_BTS_001,404-45-767-554,Karnataka
CDR202600060323,2025-06-29,23:47:55,+916407278134,+917705415453,SMS,0,404458862139353,356881054268331,Gujarat_BTS_007,404-45-703-285,Gujarat
CDR202600060332,2025-10-29,22:35:10,+918322265984,+919507571068,VOICE,148,404767903611074,350175334487523,Delhi_BTS_005,404-45-830-320,Delhi
CDR202600060365,2025-04-16,05:51:49,+917463628825,+918485572124,VOICE,138,404401532276907,350168665612699,Karnataka_BTS_001,404-45-767-554,Karnataka
CDR202600060381,2025-09-24,11:45:01,+916904061892,+917978344399,SMS,0,404774582352225,359835691485352,Rajasthan_BTS_004,404-45-835-323,Rajasthan
CDR202600060389,2025-02-08,15:24:00,+919489086183,+917537891077,MISSED,0,404331985646878,356556018369483,Gujarat_BTS_005,404-45-716-028,Gujarat
CDR202600060393,2025-06-16,16:44:40,+919387246444,+917126365590,VOICE,71,404500136623332,358637583081378,WestBengal_BTS_001,404-45-230-043,West Bengal
CDR202600060399,2025-10-16,17:57:37,+918426781261,+919415097464,VOICE,329,404014543961348,354122917976473,Mumbai_BTS_011,404-45-995-946,Mumbai
CDR202600060431,2025-01-24,06:02:07,+919285621806,+919645644022,VOICE,64,404778581566861,352768920226468,Maharashtra_BTS_007,404-45-473-167,Maharashtra
CDR202600060451,2025-11-18,07:56:30,+916287579696,+917930975792,VOICE,311,404757122694855,358184354002053,TamilNadu_BTS_002,404-45-620-083,Tamil Nadu
CDR202600060452,2025-04-30,12:05:10,+919709798935,+917378976564,SMS,0,404925634181482,351073465743017,Maharashtra_BTS_007,404-45-314-687,Maharashtra
CDR202600060458,2025-03-20,07:57:03,+917345354711,+918833265586,VOICE,63,404276755025871,351701829048452,Delhi_BTS_006,404-45-548-922,Delhi
CDR202600060486,2025-03-08,11:57:43,+919866647096,+918814786239,SMS,0,404414351089941,352840301991193,Rajasthan_BTS_010,404-45-641-258,Rajasthan
CDR202600060530,2025-03-21,16:24:55,+917789224735,+918958235130,VOICE,109,404036696620777,357336902307662,Karnataka_BTS_007,404-45-322-992,Karnataka
CDR202600060532,2025-12-14,21:23:45,+918688942881,+919503307823,VOICE,116,404922475830520,358485477540218,Rajasthan_BTS_008,404-45-981-113,Rajasthan
CDR202600060561,2025-07-08,08:21:43,+917734182528,+917967111294,SMS,0,404986672381116,353749513403581,Rajasthan_BTS_005,404-45-505-906,Rajasthan
CDR202600060597,2025-12-15,07:18:39,+916983923513,+918454888055,MISSED,0,404363989843685,354481823348266,Delhi_BTS_002,404-45-935-071,Delhi
CDR202600060599,2025-05-21,21:20:36,+919235653451,+918286324319,SMS,0,404829706535839,353549151907156,TamilNadu_BTS_004,404-45-513-123,Tamil Nadu
CDR202600060630,2025-04-08,10:47:40,+916306053410,+918424561047,SMS,0,404518670939366,350739963840208,UttarPradesh_BTS_010,404-45-308-704,Uttar Pradesh
CDR202600060632,2025-03-11,04:59:40,+918256506557,+917371519719,VOICE,246,404342837836168,356074789746227,Rajasthan_BTS_013,404-45-400-446,Rajasthan
CDR202600060643,2025-10-18,02:58:36,+918338229837,+917007109452,VOICE,37,404852649995050,357753276223110,Mumbai_BTS_004,404-45-980-339,Mumbai
CDR202600060647,2025-01-18,23:24:33,+917634369479,+916889163629,VOICE,74,404401683390845,355846719228811,UttarPradesh_BTS_006,404-45-108-684,Uttar Pradesh
CDR202600060648,2025-05-27,13:50:57,+917685124769,+916075420676,VOICE,204,404075086038159,359875815502719,Mumbai_BTS_008,404-45-462-434,Mumbai
CDR202600060661,2025-07-29,05:25:40,+916514444241,+918067286045,VOICE,75,404954341991008,354682315116551,Maharashtra_BTS_006,404-45-987-104,Maharashtra
CDR202600060664,2025-11-10,15:32:11,+917762776695,+918579171918,VOICE,154,404751179186980,353991911051630,Karnataka_BTS_004,404-45-160-169,Karnataka
CDR202600060684,2025-06-28,05:48:22,+916213343596,+917419459319,VOICE,303,404281537805585,359075711559117,Karnataka_BTS_007,404-45-294-304,Karnataka
CDR202600060693,2025-12-27,01:16:33,+916000914011,+919851395432,VOICE,81,404219362934400,355106855474818,Rajasthan_BTS_006,404-45-651-270,Rajasthan
CDR202600060714,2025-11-02,22:35:43,+916202809988,+917482650913,MISSED,0,404206845548568,359779823993391,TamilNadu_BTS_003,404-45-169-692,Tamil Nadu
CDR202600060718,2025-12-28,11:27:11,+917050477573,+917339269344,VOICE,115,404434289472964,358822575952937,Rajasthan_BTS_007,404-45-241-522,Rajasthan
CDR202600060740,2025-09-01,11:39:32,+919463589346,+917398650035,VOICE,140,404281626195882,357819998802282,UttarPradesh_BTS_013,404-45-822-438,Uttar Pradesh
CDR202600060742,2025-07-26,07:32:29,+918428693441,+917001278829,VOICE,164,404346110155635,355146295612850,Rajasthan_BTS_006,404-45-246-272,Rajasthan
CDR202600060746,2025-04-08,07:46:28,+919171465349,+919088425546,VOICE,32,404312150420377,351931535965963,Mumbai_BTS_006,404-45-235-741,Mumbai
CDR202600060774,2025-02-26,04:45:35,+917118101894,+919689739691,VOICE,80,404116266525474,356141822366264,TamilNadu_BTS_001,404-45-698-489,Tamil Nadu
CDR202600060777,2025-11-30,16:09:04,+918884182239,+916830684150,VOICE,40,404359553425401,353710668268551,Mumbai_BTS_009,404-45-162-413,Mumbai
CDR202600060793,2025-01-21,10:39:50,+918567377345,+917139435997,VOICE,42,404030440610600,352837027219577,Rajasthan_BTS_001,404-45-376-948,Rajasthan
CDR202600060798,2025-03-12,09:10:19,+918766619742,+918572617340,VOICE,279,404684433685753,357366942142591,Mumbai_BTS_002,404-45-107-073,Mumbai
CDR202600060836,2025-10-04,00:43:50,+918505380057,+916807387424,VOICE,110,404175319424979,352645407228332,Maharashtra_BTS_004,404-45-691-197,Maharashtra
CDR202600060839,2025-04-11,02:31:38,+918940237490,+917378710251,VOICE,9,404884974809132,359120968456605,Mumbai_BTS_007,404-45-348-804,Mumbai
CDR202600060854,2025-08-24,05:43:25,+918718298518,+919566359010,VOICE,46,404882046787094,353287913989799,Rajasthan_BTS_019,404-45-471-900,Rajasthan
CDR202600060855,2025-06-01,13:25:29,+919764720355,+916353612151,VOICE,355,404871129355876,357966438281112,UttarPradesh_BTS_007,404-45-999-138,Uttar Pradesh
CDR202600060860,2025-03-27,12:10:05,+918366722760,+917994149650,VOICE,27,404206254755371,353630285719097,Rajasthan_BTS_010,404-45-710-480,Rajasthan
CDR202600060901,2025-01-28,03:24:09,+918337282355,+918270857685,VOICE,215,404334347469613,350073700411507,TamilNadu_BTS_004,404-45-513-123,Tamil Nadu
CDR202600060908,2025-09-20,15:08:58,+916720582936,+917069810649,VOICE,239,404245556217118,353140537561877,Gujarat_BTS_001,404-45-859-282,Gujarat
CDR202600060915,2025-12-25,21:24:33,+918223902580,+916223691209,VOICE,190,404432903766024,352106779268990,Rajasthan_BTS_019,404-45-471-900,Rajasthan
CDR202600060942,2025-05-06,19:46:19,+917568309736,+918032826157,VOICE,7,404571466438985,351807421919841,Gujarat_BTS_008,404-45-814-433,Gujarat
CDR202600060973,2025-05-22,16:13:02,+918804525702,+916983480372,VOICE,9,404106850707226,358376304523384,Karnataka_BTS_003,404-45-270-417,Karnataka
CDR202600060994,2025-11-13,04:16:52,+916514838556,+919083661555,VOICE,133,404519479209216,358609670962795,Maharashtra_BTS_007,404-45-473-167,Maharashtra
CDR202600060995,2025-03-29,18:38:52,+917813224629,+916187949263,VOICE,120,404975653115828,359327900913413,UttarPradesh_BTS_007,404-45-999-138,Uttar Pradesh
CDR202600061018,2025-10-20,18:57:55,+916239203362,+916828185165,VOICE,85,404214255178874,355873222679111,Mumbai_BTS_003,404-45-334-070,Mumbai
CDR202600061039,2025-09-11,02:33:52,+916407278134,+917595847646,VOICE,181,404458862139353,356881054268331,Delhi_BTS_002,404-45-231-676,Delhi
CDR202600061040,2025-04-14,13:40:30,+916103136442,+918431994101,VOICE,376,404613944662910,358792174679442,WestBengal_BTS_001,404-45-981-041,West Bengal
CDR202600061069,2025-11-28,19:54:56,+919252287225,+917259669075,SMS,0,404068279097060,351722835312459,Rajasthan_BTS_016,404-45-303-157,Rajasthan
CDR202600061092,2025-02-17,21:23:35,+918603749632,+918338229837,VOICE,27,404116220515559,354213504338216,Gujarat_BTS_007,404-45-325-460,Gujarat
CDR202600061122,2025-05-18,03:15:45,+919150840506,+918730123598,VOICE,79,404241276941415,353844487892713,UttarPradesh_BTS_002,404-45-174-010,Uttar Pradesh
CDR202600061140,2025-05-03,15:04:09,+916604663553,+916738105053,VOICE,265,404866060494198,350843090361211,Delhi_BTS_002,404-45-935-071,Delhi
CDR202600061153,2025-01-23,12:19:08,+918485572124,+916935232307,VOICE,56,404289039592310,350896790333888,WestBengal_BTS_008,404-45-979-482,West Bengal
CDR202600061161,2025-11-30,13:33:36,+916756772254,+917346187234,VOICE,121,404576737549070,350875765378923,Maharashtra_BTS_005,404-45-891-297,Maharashtra
CDR202600061175,2025-07-14,12:03:51,+918798861762,+916213343596,VOICE,151,404756630448593,351178550160619,Rajasthan_BTS_013,404-45-448-115,Rajasthan
CDR202600061206,2025-09-23,16:59:49,+919133345846,+918263025368,VOICE,27,404345436506046,359129317303317,Delhi_BTS_005,404-45-508-688,Delhi
CDR202600061208,2025-03-29,16:46:13,+919887253640,+917310983111,MISSED,0,404501885961971,352842861413445,Rajasthan_BTS_007,404-45-697-409,Rajasthan
CDR202600061210,2025-06-24,11:58:16,+918728614929,+917607308823,VOICE,25,404809846897820,359550937294523,Delhi_BTS_005,404-45-508-688,Delhi
CDR202600061215,2025-08-16,20:08:33,+916187949263,+917500004938,VOICE,297,404547143300286,355413855407668,Rajasthan_BTS_001,404-45-801-333,Rajasthan
CDR202600061239,2025-11-19,13:11:22,+917691247999,+917044675054,SMS,0,404424539989228,351596209600217,Mumbai_BTS_007,404-45-348-804,Mumbai
CDR202600061243,2025-06-03,06:53:38,+919057787504,+919276996642,VOICE,364,404579201745518,358322884906606,Delhi_BTS_002,404-45-884-129,Delhi
CDR202600061244,2025-02-07,00:00:21,+918335058737,+919591575660,VOICE,36,404468687189613,358685348288295,UttarPradesh_BTS_003,404-45-736-577,Uttar Pradesh
CDR202600061255,2025-11-25,21:39:14,+917887149781,+918587763348,VOICE,97,404154318612967,358782959514269,TamilNadu_BTS_001,404-45-614-942,Tamil Nadu
CDR202600061292,2025-04-17,14:37:47,+919260394257,+918877660189,VOICE,34,404673103385771,358478852390172,UttarPradesh_BTS_003,404-45-650-219,Uttar Pradesh
CDR202600061299,2025-03-30,22:12:58,+919300467117,+916773477967,VOICE,497,404658605433151,350793541627934,Rajasthan_BTS_004,404-45-316-936,Rajasthan
CDR202600061346,2025-07-21,04:22:44,+916803693943,+917275059368,MISSED,0,404942338437775,354421822762447,TamilNadu_BTS_001,404-45-698-489,Tamil Nadu
CDR202600061353,2025-06-09,18:47:53,+917621021670,+919300467117,MISSED,0,404685781050014,357019161567957,Karnataka_BTS_005,404-45-371-949,Karnataka
CDR202600061361,2025-02-22,12:39:02,+916226722085,+918165911009,VOICE,350,404836931057959,355341273638834,UttarPradesh_BTS_010,404-45-370-518,Uttar Pradesh
CDR202600061374,2025-10-02,22:29:57,+917815142697,+916380745151,VOICE,114,404606943001039,356026719009536,Maharashtra_BTS_008,404-45-173-624,Maharashtra
CDR202600061395,2025-06-29,19:26:53,+918186295994,+919534108541,VOICE,72,404853372962807,350147463819087,Rajasthan_BTS_010,404-45-710-480,Rajasthan
CDR202600061405,2025-12-14,06:46:51,+919157440394,+918027621097,SMS,0,404155049949633,356290241117233,UttarPradesh_BTS_006,404-45-769-542,Uttar Pradesh
CDR202600061421,2025-05-01,06:18:54,+918854666127,+918545525441,SMS,0,404022925067399,351290751329413,UttarPradesh_BTS_010,404-45-308-704,Uttar Pradesh
CDR202600061473,2025-05-22,03:02:29,+919465637402,+919900586055,VOICE,8,404274942441739,359832395242254,Mumbai_BTS_002,404-45-107-073,Mumbai
CDR202600061518,2025-05-13,10:16:47,+918160543442,+919942872445,VOICE,218,404943515003843,354513041733219,UttarPradesh_BTS_011,404-45-357-928,Uttar Pradesh
CDR202600061528,2025-06-04,14:41:33,+918854082904,+919285621806,VOICE,227,404965657856779,356516262342867,Karnataka_BTS_008,404-45-693-754,Karnataka
CDR202600061534,2025-12-03,01:52:00,+918886151686,+917826843031,VOICE,16,404838733857404,350872819453524,Maharashtra_BTS_004,404-45-691-197,Maharashtra
CDR202600061562,2025-07-22,19:03:43,+917346187234,+919647420415,VOICE,38,404863497884735,355174632162189,TamilNadu_BTS_002,404-45-620-083,Tamil Nadu
CDR202600061586,2025-06-11,17:36:23,+917947211455,+918966735221,VOICE,19,404393595553774,357588065258629,Maharashtra_BTS_008,404-45-799-664,Maharashtra
CDR202600061589,2025-10-17,20:09:04,+918639338747,+919491338072,VOICE,15,404442834128049,359991110427423,Rajasthan_BTS_009,404-45-911-697,Rajasthan
CDR202600061681,2025-07-28,23:53:02,+919624915154,+917765914396,VOICE,61,404171441749762,353871475821544,Gujarat_BTS_007,404-45-928-891,Gujarat
CDR202600061701,2025-11-15,23:59:46,+916341686359,+916447307270,VOICE,107,404623667724578,354449803024132,Karnataka_BTS_005,404-45-565-293,Karnataka
CDR202600061702,2025-03-16,10:31:09,+919023919192,+919400214959,VOICE,28,404853312226050,355360116480743,Maharashtra_BTS_007,404-45-750-855,Maharashtra
CDR202600061724,2025-11-20,22:52:54,+916736445566,+917126365590,VOICE,71,404555835892818,350743421485900,Mumbai_BTS_008,404-45-984-747,Mumbai
CDR202600061727,2025-06-29,11:48:10,+917842720451,+916605441163,VOICE,127,404995404914739,354654089540237,Rajasthan_BTS_013,404-45-400-446,Rajasthan
CDR202600061729,2025-09-14,20:03:48,+918250075519,+917604201224,MISSED,0,404574503330800,357456086029818,Delhi_BTS_006,404-45-223-254,Delhi
CDR202600061745,2025-09-25,08:13:24,+919742185716,+917815142697,VOICE,6,404639847712202,350201045818325,WestBengal_BTS_003,404-45-342-886,West Bengal
CDR202600061753,2025-02-05,14:40:10,+919285621806,+918126012835,VOICE,43,404778581566861,352768920226468,Delhi_BTS_003,404-45-371-541,Delhi
CDR202600061762,2025-10-27,21:00:38,+917294491228,+916000914011,VOICE,107,404041722236468,352629376497070,Mumbai_BTS_002,404-45-702-226,Mumbai
CDR202600061770,2025-04-16,20:25:21,+916459441639,+916859895067,VOICE,123,404565046361968,353802504484345,Rajasthan_BTS_006,404-45-242-253,Rajasthan
CDR202600061773,2025-07-31,15:51:10,+919298342479,919039475057,VOICE,175,404499213326899,350199550923964,UttarPradesh_BTS_003,404-45-736-577,Uttar Pradesh
CDR202600061781,2025-05-08,09:15:36,+918454040471,+918335058737,VOICE,635,404156990076563,355351365531188,TamilNadu_BTS_006,404-45-678-536,Tamil Nadu
CDR202600061793,2025-03-14,13:29:20,+918868174343,+919390373823,SMS,0,404225257545208,351423321331507,WestBengal_BTS_009,404-45-304-837,West Bengal
CDR202600061800,2025-10-01,09:49:21,+917447703199,+917933350510,VOICE,308,404372086862547,353160929469919,Karnataka_BTS_006,404-45-813-981,Karnataka
CDR202600061803,2025-12-16,02:24:22,+919023770633,+916260635104,VOICE,14,404959126217588,354368186110680,TamilNadu_BTS_002,404-45-620-083,Tamil Nadu
CDR202600061808,2025-05-23,23:03:06,+918320800834,+918677835293,VOICE,93,404124513978912,351363950453391,Karnataka_BTS_002,404-45-195-949,Karnataka
CDR202600061817,2025-06-06,15:49:10,+919552996514,+918728614929,VOICE,5,404076296959007,353878441205307,Rajasthan_BTS_001,404-45-670-225,Rajasthan
CDR202600061819,2025-05-13,07:54:59,+918040548173,+917724773264,VOICE,25,404664510878532,354593777995546,Rajasthan_BTS_007,404-45-470-225,Rajasthan
CDR202600061820,2025-08-15,20:10:41,+919468216765,+919023919192,SMS,0,404407565620610,357635455541309,WestBengal_BTS_004,404-45-522-026,West Bengal
CDR202600061833,2025-02-08,09:39:16,+917309300510,+918386857947,VOICE,126,404799023279191,356348988710341,Gujarat_BTS_008,404-45-448-285,Gujarat
CDR202600061851,2025-08-02,05:19:19,+917465880649,+919018461351,SMS,0,404238662292448,351723305482646,TamilNadu_BTS_006,404-45-773-598,Tamil Nadu
CDR202600061853,2025-10-17,06:29:55,+918507350388,+918054881350,VOICE,220,404944196762362,356856846842940,Rajasthan_BTS_002,404-45-334-842,Rajasthan
CDR202600061863,2025-03-23,22:09:53,+918916049942,+917970852104,VOICE,41,404205002625083,351511733699348,Maharashtra_BTS_002,404-45-199-368,Maharashtra
CDR202600061869,2025-09-14,06:56:57,+919687145375,+916938174319,VOICE,78,404576199336096,358528779490155,Mumbai_BTS_007,404-45-196-100,Mumbai
CDR202600061898,2025-11-05,16:17:09,+918558079329,+917789224735,VOICE,52,404324320175447,356161755888137,Maharashtra_BTS_005,404-45-891-297,Maharashtra
CDR202600061899,2025-03-18,06:33:49,+917116094493,+918894635258,VOICE,18,404023851164368,350215795140181,Rajasthan_BTS_011,404-45-796-739,Rajasthan
CDR202600061905,2025-10-05,00:56:50,+919208418675,+917724114721,VOICE,104,404590182667932,359525398913002,Maharashtra_BTS_005,404-45-181-876,Maharashtra
CDR202600061975,2025-09-30,20:55:00,+918696518496,+917603867893,VOICE,16,404446955706436,351926192706658,TamilNadu_BTS_002,404-45-620-083,Tamil Nadu
CDR202600062003,2025-09-04,20:43:42,+919451570393,+918132420926,VOICE,82,404431585257385,356803978871410,Maharashtra_BTS_009,404-45-646-747,Maharashtra
CDR202600062011,2025-04-15,11:07:34,+918968056290,+916703033328,VOICE,67,404027205634437,356644502171822,Karnataka_BTS_003,404-45-597-493,Karnataka
CDR202600062018,2025-07-18,02:27:54,+918677835293,+918530957544,VOICE,88,404914110856479,359942593657521,UttarPradesh_BTS_003,404-45-650-219,Uttar Pradesh
CDR202600062049,2025-01-09,01:46:21,+917487113707,+917549983952,VOICE,172,404094002194203,354916025007802,WestBengal_BTS_001,404-45-230-043,West Bengal
CDR202600062060,2025-04-23,19:37:31,+916268821410,+918652075882,VOICE,246,404737652846641,358278249628790,Rajasthan_BTS_013,404-45-448-115,Rajasthan
CDR202600062075,2025-04-03,13:43:48,+916980575992,+918147890850,VOICE,42,404827915741428,356707408194869,TamilNadu_BTS_006,404-45-678-536,Tamil Nadu
CDR202600062082,2025-10-14,09:25:04,+919012273494,+917417334533,VOICE,248,404235376981388,359329896777630,Maharashtra_BTS_002,404-45-199-368,Maharashtra
CDR202600062085,2025-01-05,00:36:41,+918478798838,+919269517504,VOICE,238,404634316521496,350531773142970,TamilNadu_BTS_006,404-45-367-210,Tamil Nadu
CDR202600062106,2025-04-15,08:07:01,+919417975739,+919611058482,VOICE,76,404134166626589,354834311191135,Mumbai_BTS_007,404-45-196-100,Mumbai
CDR202600062125,2025-12-03,01:22:38,+916449538500,+916439825779,VOICE,5,404492411886872,356815886688075,Rajasthan_BTS_004,404-45-316-936,Rajasthan
CDR202600062127,2025-03-17,22:44:00,+918576831931,+916060422207,VOICE,246,404874662606356,354670184733650,Maharashtra_BTS_006,404-45-987-104,Maharashtra
CDR202600062166,2025-10-05,09:57:05,+916250502536,+918818111233,VOICE,35,404529663619751,358095052685243,TamilNadu_BTS_004,404-45-683-253,Tamil Nadu
CDR202600062180,2025-02-25,11:21:59,+918471084356,+917012209135,VOICE,27,404039260503893,358752929573153,Maharashtra_BTS_007,404-45-479-364,Maharashtra
CDR202600062189,2025-06-18,14:09:29,+919986429497,+917037858632,VOICE,206,404906890280959,352902952631089,TamilNadu_BTS_006,404-45-367-210,Tamil Nadu
CDR202600062199,2025-08-04,12:46:49,+919233492867,+919012273494,VOICE,71,404810729956301,352191339101480,Rajasthan_BTS_019,404-45-119-115,Rajasthan
CDR202600062224,2025-10-23,00:31:15,+918909206917,+917893957406,VOICE,106,404347334027878,355515799122592,Rajasthan_BTS_017,404-45-652-977,Rajasthan
CDR202600062225,2025-05-03,12:25:59,+918495824226,+916850067098,SMS,0,404900690737171,358171900032438,UttarPradesh_BTS_012,404-45-441-790,Uttar Pradesh
CDR202600062240,2025-03-11,06:06:39,+919049823735,+919972880601,SMS,0,404777271241012,353434144057792,Maharashtra_BTS_002,404-45-718-271,Maharashtra
CDR202600062267,2025-02-02,02:43:41,+919733168080,+916350110397,VOICE,96,404855969480387,356828891756499,UttarPradesh_BTS_015,404-45-954-379,Uttar Pradesh
CDR202600062301,2025-01-02,07:57:42,+917815142697,+916323599598,VOICE,156,404606943001039,356763833583315,WestBengal_BTS_009,404-45-304-837,West Bengal
CDR202600062305,2025-10-11,23:06:44,+916267473352,+917592977370,SMS,0,404357303853692,358761397758769,Delhi_BTS_003,404-45-533-988,Delhi
CDR202600062342,2025-09-02,09:20:57,+916823980384,+918090277299,VOICE,55,404615717462996,355168953616322,UttarPradesh_BTS_006,404-45-726-827,Uttar Pradesh
CDR202600062347,2025-04-23,04:26:05,+918901211906,+918671402590,VOICE,31,404574940744066,355624536738703,Rajasthan_BTS_006,404-45-862-575,Rajasthan
CDR202600062364,2025-01-11,12:27:04,+916644086226,+917216941561,SMS,0,404139802471292,351990294831756,WestBengal_BTS_009,404-45-571-359,West Bengal
CDR202600062406,2025-09-07,02:34:19,+917633222752,+918319944674,SMS,0,404076294307221,359048534762084,Karnataka_BTS_007,404-45-294-304,Karnataka
CDR202600062429,2025-12-26,15:41:32,+918160171071,+919624875422,SMS,0,404421690213407,356464317762644,Rajasthan_BTS_016,404-45-961-655,Rajasthan
CDR202600062431,2025-03-24,17:12:35,+918476959878,+917400058007,VOICE,36,404932325641296,353085264805395,Delhi_BTS_003,404-45-371-541,Delhi
CDR202600062462,2025-04-14,23:52:25,+919127540874,+919935626428,VOICE,31,404268087791588,354832200722890,Karnataka_BTS_004,404-45-985-411,Karnataka
CDR202600062495,2025-10-15,01:56:50,+919161905734,+918579171918,VOICE,53,404758997958378,353705280550667,Karnataka_BTS_006,404-45-669-678,Karnataka
CDR202600062535,2025-12-06,09:51:20,+918435706138,+918234665968,SMS,0,404051141076574,351695592401100,Rajasthan_BTS_014,404-45-564-004,Rajasthan
CDR202600062539,2025-04-03,12:31:08,+919601437654,+917694064296,SMS,0,404810740202721,357877181379963,UttarPradesh_BTS_013,404-45-552-565,Uttar Pradesh
CDR202600062551,2025-07-02,20:31:28,+916018950497,+916982072253,VOICE,145,404427107605994,359979971217906,Gujarat_BTS_004,404-45-130-096,Gujarat
CDR202600062564,2025-05-31,14:19:35,+916552217069,+918236349159,SMS,0,404951100026643,358799362029030,Gujarat_BTS_008,404-45-814-433,Gujarat
CDR202600062572,2025-07-06,22:45:26,+918158388378,+919756747159,VOICE,477,404553136787963,355262183758898,Mumbai_BTS_006,404-45-319-553,Mumbai
CDR202600062573,2025-04-09,22:29:53,+919331197309,+917259833994,VOICE,141,404637821954901,352496092103518,UttarPradesh_BTS_012,404-45-441-790,Uttar Pradesh
CDR202600062577,2025-04-22,20:19:35,+919271437076,+919729192115,VOICE,172,404258355879605,350977320006271,Delhi_BTS_005,404-45-830-320,Delhi
CDR202600062589,2025-01-07,07:53:01,+918012543939,+917675633346,VOICE,217,404877157112273,352507711619425,UttarPradesh_BTS_009,404-45-719-216,Uttar Pradesh
CDR202600062606,2025-04-20,18:23:08,+918954038504,+919541078632,VOICE,27,404221356291183,359618824659252,Mumbai_BTS_008,404-45-462-434,Mumbai
CDR202600062620,2025-02-20,22:41:30,+919305462797,+917568309736,VOICE,77,404086680031527,359137358308008,WestBengal_BTS_003,404-45-258-948,West Bengal
CDR202600062626,2025-04-29,11:26:42,+916605441163,+917861070842,VOICE,29,404207652835216,355094604612376,Rajasthan_BTS_019,404-45-951-827,Rajasthan
CDR202600062627,2025-12-31,03:07:16,+919284736831,+917984465285,VOICE,38,404755610795769,354271889494206,WestBengal_BTS_001,404-45-981-041,West Bengal
CDR202600062645,2025-04-03,10:16:55,+919862611497,+917559113533,SMS,0,404537625691170,351211738640309,WestBengal_BTS_009,404-45-304-837,West Bengal
CDR202600062663,2025-06-08,03:45:56,+916900086278,+917036109640,VOICE,40,404026207906958,357579470724637,Mumbai_BTS_010,404-45-919-883,Mumbai
CDR202600062670,2025-10-27,20:18:55,+919493794587,+917629990624,VOICE,4,404103102104233,353932265236435,Karnataka_BTS_004,404-45-160-169,Karnataka
CDR202600062682,2025-05-11,23:17:02,+918160820437,+918584425155,VOICE,408,404777336164652,353002529142391,Mumbai_BTS_007,404-45-584-827,Mumbai
CDR202600062713,2025-11-14,20:04:28,+918761770499,+917223687718,SMS,0,404022726771088,358429865050010,Maharashtra_BTS_003,404-45-649-128,Maharashtra
CDR202600062727,2025-07-10,14:06:11,+918464943053,+917930591869,VOICE,39,404426472328858,358220021133238,Delhi_BTS_001,404-45-999-581,Delhi
CDR202600062728,2025-04-24,20:03:40,+919860882785,+918069347168,VOICE,20,404314479510459,359925939009870,Karnataka_BTS_004,404-45-985-411,Karnataka
CDR202600062733,2025-10-24,03:36:42,+916189433325,+916306053410,SMS,0,404693449397996,350531493971356,Maharashtra_BTS_006,404-45-987-104,Maharashtra
CDR202600062745,2025-12-17,17:52:43,+916823980384,+919359468603,MISSED,0,404615717462996,355168953616322,Gujarat_BTS_008,404-45-814-433,Gujarat
CDR202600062754,2025-01-15,21:15:57,+917391100073,+918728614929,VOICE,452,404313351720457,357780513988051,WestBengal_BTS_002,404-45-205-363,West Bengal
CDR202600062776,2025-12-21,22:13:26,+918780401118,+916000914011,VOICE,17,404596583366314,352663558367643,Karnataka_BTS_005,404-45-902-804,Karnataka
CDR202600062781,2025-08-21,05:37:54,+919038361051,+918382445784,VOICE,6,404115973524821,357820563301934,Gujarat_BTS_005,404-45-338-518,Gujarat
CDR202600062795,2025-11-14,11:05:39,+917195063719,+918601678460,SMS,0,404484235493315,359476818327907,WestBengal_BTS_003,404-45-735-768,West Bengal
CDR202600062802,2025-01-13,01:48:59,+916522202654,+918399589941,VOICE,78,404369018486919,355190492774542,Mumbai_BTS_008,404-45-155-690,Mumbai
CDR202600062806,2025-05-26,01:19:58,+919461917192,+918927905161,VOICE,14,404176725448936,356792261100452,Rajasthan_BTS_017,404-45-652-977,Rajasthan
CDR202600062825,2025-03-02,14:19:04,+917302137681,+917716485521,VOICE,110,404914037563386,354815065610061,Delhi_BTS_002,404-45-884-129,Delhi
CDR202600062827,2025-12-03,00:27:14,+919956147272,+918941994994,VOICE,130,404750729531744,351991337979179,WestBengal_BTS_003,404-45-266-820,West Bengal
CDR202600062853,2025-01-15,08:28:00,+918258807797,+918023743035,VOICE,67,404966197870977,357626879761703,Rajasthan_BTS_014,404-45-839-897,Rajasthan
CDR202600062856,2025-03-17,01:07:40,+916885948778,+919606727982,VOICE,14,404913031229901,351340369541670,Rajasthan_BTS_008,404-45-981-113,Rajasthan
CDR202600062862,2025-05-06,01:45:45,+918940237490,+918091766746,VOICE,113,404884974809132,359120968456605,Rajasthan_BTS_004,404-45-680-898,Rajasthan
CDR202600062897,2025-01-11,22:07:51,+917984465285,+916718318879,VOICE,26,404436984436930,350289124787490,UttarPradesh_BTS_008,404-45-860-567,Uttar Pradesh
CDR202600062914,2025-03-14,12:00:44,+918022731031,+917100290342,VOICE,69,404839398605771,352777173290326,Mumbai_BTS_010,404-45-211-255,Mumbai
CDR202600062923,2025-04-21,08:05:25,+916861162202,+917291957441,VOICE,36,404969721934546,351218164653593,Mumbai_BTS_008,404-45-462-434,Mumbai
CDR202600062930,2025-08-13,13:06:59,+918067706666,+916244248668,MISSED,0,404998012974394,353766293904765,Gujarat_BTS_007,404-45-928-891,Gujarat
CDR202600062935,2025-08-19,00:54:53,+917676321380,+916992253903,VOICE,72,404112573349164,356565518592688,UttarPradesh_BTS_015,404-45-954-379,Uttar Pradesh
CDR202600062989,2025-12-30,21:15:44,+916546258705,+917568309736,VOICE,198,404775408928373,355980180259385,TamilNadu_BTS_006,404-45-423-958,Tamil Nadu
CDR202600062997,2025-12-23,15:46:26,+916575838940,+918656692863,VOICE,104,404440168507590,352000244690704,TamilNadu_BTS_002,404-45-620-083,Tamil Nadu
CDR202600063009,2025-06-23,10:33:03,+919975933354,+918534986572,VOICE,50,404980758190480,351860636957778,Rajasthan_BTS_015,404-45-282-520,Rajasthan
CDR202600063020,2025-07-28,10:02:08,+919811959747,+919997519753,MISSED,0,404881914131043,358822242503074,Mumbai_BTS_010,404-45-296-195,Mumbai
CDR202600063023,2025-05-16,07:16:23,+918407468479,+917992049346,SMS,0,404146529918829,355661745230251,WestBengal_BTS_002,404-45-355-683,West Bengal
CDR202600063054,2025-10-23,06:09:04,+917345354711,+916049673310,SMS,0,404276755025871,351701829048452,Delhi_BTS_002,404-45-231-676,Delhi
CDR202600063058,2025-12-17,18:10:00,+917045390498,+917260525274,VOICE,4,404647919817946,351587316731429,UttarPradesh_BTS_009,404-45-719-216,Uttar Pradesh
CDR202600063063,2025-02-06,04:32:08,+919091291252,+919055781480,VOICE,142,404407614252208,354668440462867,Maharashtra_BTS_008,404-45-799-664,Maharashtra
CDR202600063074,2025-03-11,08:37:33,+917945938283,+918478798838,VOICE,57,404795346379248,353726500135362,Mumbai_BTS_010,404-45-211-255,Mumbai
CDR202600063079,2025-02-16,21:07:13,+917293737752,+919345231893,VOICE,41,404871316693798,356280879400696,UttarPradesh_BTS_006,404-45-726-827,Uttar Pradesh
CDR202600063097,2025-12-17,22:57:48,+919545242691,+919562282645,VOICE,217,404513626450601,352744752065164,Karnataka_BTS_003,404-45-270-417,Karnataka
CDR202600063098,2025-12-16,02:01:09,+918553840504,+917679620498,VOICE,114,404552273161789,350979045133925,Rajasthan_BTS_006,404-45-242-253,Rajasthan
CDR202600063117,2025-02-01,23:00:38,+919727760901,+918139079964,VOICE,147,404199439400076,357387778598042,Rajasthan_BTS_013,404-45-448-115,Rajasthan
CDR202600063197,2025-08-23,18:29:10,+916686979987,+919886312295,MISSED,0,404526370486215,353105077309600,WestBengal_BTS_001,404-45-415-374,West Bengal
CDR202600063202,2025-01-04,04:19:34,+918021913169,+916426267031,VOICE,99,404430771331680,351140696493579,Karnataka_BTS_006,404-45-835-499,Karnataka
CDR202600063209,2025-04-23,01:52:52,+919316737376,+917560992338,VOICE,113,404029477845975,353027003969706,WestBengal_BTS_006,404-45-906-719,West Bengal
CDR202600063210,2025-01-26,22:57:06,+919019032610,+919938718030,MISSED,0,404829339959359,358068801797683,UttarPradesh_BTS_009,404-45-378-289,Uttar Pradesh
CDR202600063211,2025-04-14,11:36:50,+916662607238,+919459673734,VOICE,87,404142071026873,359439335587165,Rajasthan_BTS_006,404-45-862-575,Rajasthan
CDR202600063215,2025-07-14,09:28:27,+916868674635,+918954038504,VOICE,328,404440861620050,358377069805329,Rajasthan_BTS_013,404-45-887-657,Rajasthan
CDR202600063263,2025-03-19,01:55:22,+917789224735,+916320853787,MISSED,0,404036696620777,357336902307662,Gujarat_BTS_001,404-45-859-282,Gujarat
CDR202600063282,2025-04-16,01:23:07,+919196255784,+919548918958,VOICE,143,404691948909109,356596402469636,Mumbai_BTS_006,404-45-319-553,Mumbai
CDR202600063303,2025-09-13,02:32:04,+917310983111,+917680336387,VOICE,6,404773058174668,350742010959527,Gujarat_BTS_001,404-45-859-282,Gujarat
CDR202600063308,2025-06-26,09:23:16,+919726146663,+918486221215,VOICE,120,404472993768494,351027354312120,WestBengal_BTS_002,404-45-315-699,West Bengal
CDR202600063327,2025-12-08,19:36:28,+919181703697,+919803539059,VOICE,261,404195778210088,353461687222650,Mumbai_BTS_010,404-45-919-883,Mumbai
CDR202600063350,2025-04-23,05:10:19,+916442684297,+918875457856,VOICE,49,404728455310117,352482924180978,Delhi_BTS_006,404-45-223-254,Delhi
CDR202600063382,2025-02-24,23:03:01,+917532147607,+916213343596,VOICE,191,404358165059685,351761394926744,Rajasthan_BTS_007,404-45-241-522,Rajasthan
CDR202600063404,2025-06-16,04:45:21,+918132420926,+917358987345,VOICE,535,404387050182283,354164549934649,UttarPradesh_BTS_007,404-45-999-138,Uttar Pradesh
CDR202600063407,2025-11-25,00:35:38,+918006302995,+918223902580,VOICE,162,404134695700942,359919391251711,UttarPradesh_BTS_004,404-45-457-903,Uttar Pradesh
CDR202600063411,2025-06-20,03:43:06,+916054530479,+917815142697,VOICE,6,404051892082392,351947163414396,UttarPradesh_BTS_003,404-45-736-577,Uttar Pradesh
CDR202600063429,2025-02-23,18:29:34,+916773477967,+916274990881,VOICE,67,404272930720080,357855721193652,Delhi_BTS_005,404-45-830-320,Delhi
CDR202600063431,2025-08-19,22:45:48,+916213343596,+919530852748,VOICE,34,404281537805585,359075711559117,WestBengal_BTS_003,404-45-342-886,West Bengal
CDR202600063434,2025-10-22,21:11:03,+917406227906,+916337646547,VOICE,76,404526086328111,356980568630157,Rajasthan_BTS_015,404-45-612-781,Rajasthan
CDR202600063464,2025-04-11,13:31:07,+918989130791,+919063742023,VOICE,20,404506770805295,353181420485099,Mumbai_BTS_011,404-45-995-946,Mumbai
CDR202600063483,2025-05-31,09:48:35,+916740155666,+916260635104,VOICE,142,404151310320533,352792816469911,Delhi_BTS_002,404-45-935-071,Delhi
CDR202600063512,2025-11-26,20:10:20,+917432970974,+918386857947,VOICE,18,404005946440360,351152088293027,Maharashtra_BTS_008,404-45-818-960,Maharashtra
CDR202600063538,2025-05-27,03:18:52,+917529020992,+918113023764,VOICE,338,404183351294839,357567226852050,Delhi_BTS_004,404-45-652-774,Delhi
CDR202600063541,2025-04-21,13:55:24,+916320978567,+918258227787,VOICE,115,404677225297095,354444271585769,UttarPradesh_BTS_007,404-45-370-119,Uttar Pradesh
CDR202600063546,2025-07-30,23:29:47,+919603814283,+918263475721,VOICE,22,404529049262555,357864803049499,Rajasthan_BTS_004,404-45-835-323,Rajasthan
CDR202600063553,2025-04-19,20:04:54,+916287579696,+918609595000,MISSED,0,404757122694855,358184354002053,Delhi_BTS_003,404-45-371-541,Delhi
CDR202600063564,2025-11-27,18:01:17,+918463580609,+918698141236,VOICE,371,404433516855385,359734018086384,Rajasthan_BTS_014,404-45-564-004,Rajasthan
CDR202600063572,2025-12-31,11:58:15,+917868659462,+919686240092,SMS,0,404994342094774,356113012575687,Rajasthan_BTS_004,404-45-680-898,Rajasthan
CDR202600063582,2025-12-21,07:37:17,+919717188846,+918942896065,SMS,0,404617462076092,356816027875884,WestBengal_BTS_003,404-45-258-948,West Bengal
CDR202600063599,2025-05-31,22:02:48,+918029577987,+919904445415,VOICE,99,404494528349687,356797022009334,Rajasthan_BTS_010,404-45-494-391,Rajasthan
CDR202600063611,2025-03-04,08:10:49,+918160543442,+917622009449,VOICE,457,404943515003843,354513041733219,Mumbai_BTS_012,404-45-553-828,Mumbai
CDR202600063623,2025-07-12,23:33:39,+918113944188,+919545242691,VOICE,46,404276033913791,354867980316927,UttarPradesh_BTS_013,404-45-552-565,Uttar Pradesh
CDR202600063637,2025-04-22,13:58:01,+918428693441,+919430101390,VOICE,325,404346110155635,355146295612850,Maharashtra_BTS_003,404-45-949-644,Maharashtra
CDR202600063656,2025-11-15,00:13:37,+919797309295,+919520134074,VOICE,38,404104719920098,358564711614058,UttarPradesh_BTS_006,404-45-726-827,Uttar Pradesh
CDR202600063657,2025-06-17,20:54:15,+918537787814,+917050477573,VOICE,24,404034913309627,356880978081051,Rajasthan_BTS_007,404-45-241-522,Rajasthan
CDR202600063662,2025-09-10,19:56:44,+919302776833,+916304446754,SMS,0,404773854034584,355884366981803,Rajasthan_BTS_007,404-45-470-225,Rajasthan
CDR202600063677,2025-05-16,15:19:03,+919160739971,+918485572124,VOICE,279,404874399448503,357935919749723,Rajasthan_BTS_007,404-45-697-409,Rajasthan
CDR202600063678,2025-11-29,04:23:13,+919568294503,+916551372983,VOICE,310,404143469366023,354544189872931,Rajasthan_BTS_019,404-45-119-115,Rajasthan
CDR202600063688,2025-11-19,04:47:19,+919983692422,+919911202692,VOICE,340,404650444286305,351395367152438,Rajasthan_BTS_010,404-45-710-066,Rajasthan
CDR202600063696,2025-02-26,13:38:32,+918582326746,+917735425832,SMS,0,404440937588251,356368539538446,Mumbai_BTS_011,404-45-995-946,Mumbai
CDR202600063704,2025-05-20,19:48:10,+917173526045,+916036443227,VOICE,367,404260239063110,353966197190675,Maharashtra_BTS_007,404-45-473-167,Maharashtra
CDR202600063710,2025-06-12,07:08:32,+917531503628,+919277153299,VOICE,124,404941300837100,352594463605922,Mumbai_BTS_011,404-45-243-433,Mumbai
CDR202600063715,2025-11-27,21:54:21,+917543078308,+917260525274,VOICE,228,404652218630262,355081235290719,Rajasthan_BTS_001,404-45-801-333,Rajasthan
CDR202600063725,2025-08-29,10:34:27,+919019032610,+917806464417,VOICE,70,404829339959359,358068801797683,UttarPradesh_BTS_014,404-45-214-078,Uttar Pradesh
CDR202600063727,2025-08-07,03:15:29,+916950821627,+917594789568,VOICE,220,404097626580031,356539038731726,Maharashtra_BTS_007,404-45-314-687,Maharashtra
CDR202600063739,2025-06-12,07:29:22,+919687175732,+917581547269,VOICE,24,404669070782637,350027011384329,Maharashtra_BTS_008,404-45-818-960,Maharashtra
CDR202600063749,2025-12-03,04:58:16,+916604663553,+917259669075,VOICE,44,404866060494198,350843090361211,UttarPradesh_BTS_003,404-45-736-577,Uttar Pradesh
CDR202600063766,2025-06-13,09:46:58,+918446620467,+917860543707,VOICE,97,404971232845433,359689245924042,UttarPradesh_BTS_013,404-45-265-760,Uttar Pradesh
CDR202600063778,2025-10-14,16:29:25,+919596976993,+918698141236,SMS,0,404980386904679,357766025655682,Rajasthan_BTS_013,404-45-887-657,Rajasthan
CDR202600063784,2025-01-28,08:17:06,+917705202761,+917072108264,VOICE,261,404776069852307,359631346998878,WestBengal_BTS_001,404-45-415-374,West Bengal
CDR202600063797,2025-10-18,04:39:12,+919900586055,+918501249628,VOICE,110,404082752725351,357749472868623,UttarPradesh_BTS_005,404-45-261-449,Uttar Pradesh
CDR202600063812,2025-09-03,11:33:41,+917765785944,+917312502106,VOICE,107,404900824727003,352958580177614,Karnataka_BTS_006,404-45-835-499,Karnataka
CDR202600063815,2025-02-15,00:06:26,+919099798724,+918110946046,VOICE,64,404290913772444,354662149246057,Rajasthan_BTS_019,404-45-951-827,Rajasthan
CDR202600063820,2025-10-21,02:57:35,+918365467938,+917960741167,VOICE,22,404977390792541,352744075589655,Maharashtra_BTS_001,404-45-204-095,Maharashtra
CDR202600063834,2025-07-26,12:05:05,+918232470161,+919338812546,VOICE,73,404844951624813,351825673234481,Delhi_BTS_003,404-45-533-988,Delhi
CDR202600063850,2025-02-24,14:49:16,+919101709809,+918853432208,VOICE,27,404248438256940,350527444926061,Rajasthan_BTS_004,404-45-316-936,Rajasthan
CDR202600063864,2025-03-16,09:41:06,+919536858737,+918311695933,VOICE,107,404164373133873,352801899651379,Karnataka_BTS_002,404-45-195-949,Karnataka
CDR202600063898,2025-03-02,00:48:52,+919966659489,+919860882785,MISSED,0,404402779786614,353410759002982,Rajasthan_BTS_019,404-45-414-246,Rajasthan
CDR202600063910,2025-03-03,18:24:40,+919956147272,+918530360467,VOICE,80,404750729531744,351991337979179,Rajasthan_BTS_011,404-45-796-739,Rajasthan
CDR202600063930,2025-10-25,15:38:54,+918139131373,+917644649155,VOICE,56,404743320700352,350340842579584,Karnataka_BTS_008,404-45-693-754,Karnataka
CDR202600063972,2025-06-29,03:41:11,+917215930461,+918840932785,SMS,0,404410614310106,354423306457496,WestBengal_BTS_006,404-45-906-719,West Bengal
CDR202600063983,2025-12-26,17:47:34,+918088924530,+917139435997,VOICE,117,404144367270143,354059504057745,Rajasthan_BTS_005,404-45-505-906,Rajasthan
CDR202600064023,2025-09-26,01:08:07,+918073269811,+916865004561,SMS,0,404228986043786,356016062808826,Rajasthan_BTS_015,404-45-612-781,Rajasthan
CDR202600064030,2025-01-23,22:52:38,+917399919840,+918875457856,SMS,0,404175878029571,358561526511582,Rajasthan_BTS_004,404-45-835-323,Rajasthan
CDR202600064036,2025-11-19,10:25:54,+918438901003,+919988690767,VOICE,11,404300837083033,353626590330348,Rajasthan_BTS_010,404-45-710-480,Rajasthan
CDR202600064048,2025-01-11,16:20:29,+919493846761,+917856263703,VOICE,3,404064543794209,356845669585267,UttarPradesh_BTS_013,404-45-265-760,Uttar Pradesh
CDR202600064049,2025-04-16,22:03:26,+917170645662,+918740442373,VOICE,8,404897715739186,359712631395758,Maharashtra_BTS_005,404-45-891-297,Maharashtra
CDR202600064082,2025-01-27,02:42:40,+916746134266,+918254100787,VOICE,326,404629531300268,358187325953686,Mumbai_BTS_011,404-45-995-946,Mumbai
CDR202600064095,2025-10-15,18:06:59,+918973195156,+919156276220,VOICE,183,404999689122226,351380920003013,Gujarat_BTS_008,404-45-814-433,Gujarat
CDR202600064108,2025-04-25,07:13:55,+918344666907,+918395270269,VOICE,287,404932551734555,353652131880590,Gujarat_BTS_007,404-45-928-891,Gujarat
CDR202600064115,2025-04-12,20:50:57,+919316737376,+917447878233,VOICE,73,404029477845975,353027003969706,Delhi_BTS_002,404-45-878-546,Delhi
CDR202600064134,2025-03-28,13:48:21,+917194014111,+919570452414,VOICE,112,404188477093271,351791227896205,Karnataka_BTS_003,404-45-270-417,Karnataka
CDR202600064142,2025-03-12,05:29:53,+916821183402,+917302912839,VOICE,118,404253912537000,352452407550603,WestBengal_BTS_009,404-45-304-837,West Bengal
CDR202600064155,2025-01-16,23:05:57,+919512431670,+917936178367,VOICE,157,404004081258353,358065194102352,Maharashtra_BTS_006,404-45-489-285,Maharashtra
CDR202600064173,2025-08-26,00:17:10,+917896773158,+918703572462,VOICE,3,404078308997938,358412934771356,Rajasthan_BTS_005,404-45-771-512,Rajasthan
CDR202600064175,2025-08-23,09:41:35,+917032443480,+916810780965,VOICE,254,404774080460747,358552331672747,Mumbai_BTS_010,404-45-919-883,Mumbai
CDR202600064188,2025-07-04,17:06:11,+919858910547,+918386857947,VOICE,417,404755287169649,358978634861394,Maharashtra_BTS_008,404-45-818-960,Maharashtra
CDR202600064195,2025-02-09,17:12:12,+916721272168,+917875510642,VOICE,4,404225626373671,350072899430410,Maharashtra_BTS_001,404-45-204-095,Maharashtra
CDR202600064203,2025-04-13,15:23:32,+919470063822,+918869155716,MISSED,0,404628349493150,358150648512498,Mumbai_BTS_007,404-45-516-195,Mumbai
CDR202600064208,2025-05-29,11:47:22,+919997519753,+917857890688,VOICE,145,404657347375993,352695658726012,UttarPradesh_BTS_011,404-45-194-650,Uttar Pradesh
CDR202600064213,2025-03-06,12:46:26,+917390495346,+919409713050,VOICE,68,404006134562699,354512106625456,Rajasthan_BTS_001,404-45-755-705,Rajasthan
CDR202600064225,2025-12-23,13:46:45,+916908293642,+918485572124,SMS,0,404685265998100,353222441175890,TamilNadu_BTS_006,404-45-678-536,Tamil Nadu
CDR202600064238,2025-10-18,00:25:11,+919343914928,+918061004637,VOICE,114,404950575916425,354543481198247,Mumbai_BTS_001,404-45-446-022,Mumbai
CDR202600064274,2025-08-20,06:18:09,+919530476674,+919863129485,SMS,0,404218645545408,357650585192968,TamilNadu_BTS_006,404-45-773-598,Tamil Nadu
CDR202600064277,2025-07-28,22:33:37,+918160543442,+916706456953,MISSED,0,404943515003843,354513041733219,WestBengal_BTS_009,404-45-304-837,West Bengal
CDR202600064283,2025-01-12,15:33:53,+919230647032,+919755692262,VOICE,62,404824988520540,354199386708064,Gujarat_BTS_008,404-45-448-285,Gujarat
CDR202600064286,2025-10-31,03:58:45,+916207044235,+919352741196,SMS,0,404283815950469,352146998099793,Mumbai_BTS_011,404-45-243-433,Mumbai
CDR202600064287,2025-10-28,19:17:44,+918230719924,+917568309736,VOICE,20,404729479893852,356570684028026,Rajasthan_BTS_004,404-45-316-936,Rajasthan
CDR202600064304,2025-10-09,23:24:20,+916125151698,+916415613537,VOICE,166,404577669055989,350874703867861,Rajasthan_BTS_014,404-45-839-897,Rajasthan
CDR202600064315,2025-07-30,04:40:25,+917593551276,+917885171272,VOICE,15,404030072927456,355099625788931,Gujarat_BTS_008,404-45-448-285,Gujarat
CDR202600064349,2025-12-23,17:33:42,+918132420926,+917036152315,VOICE,7,404387050182283,355647341958329,UttarPradesh_BTS_002,404-45-174-010,Uttar Pradesh
CDR202600064350,2025-11-10,09:42:15,+918160820437,+919688814153,VOICE,129,404777336164652,353002529142391,UttarPradesh_BTS_015,404-45-954-379,Uttar Pradesh
CDR202600064356,2025-05-23,12:49:49,+918642534732,+917218983467,VOICE,234,404255318221122,357488193689024,WestBengal_BTS_002,404-45-355-683,West Bengal
CDR202600064359,2025-08-02,09:42:30,+917291879073,+918951126096,VOICE,42,404059089626503,356351738429689,Maharashtra_BTS_002,404-45-967-353,Maharashtra
CDR202600064366,2025-06-15,10:38:41,+917789224735,+917552686085,VOICE,1,404036696620777,357336902307662,Delhi_BTS_005,404-45-830-320,Delhi
CDR202600064379,2025-03-06,00:25:46,+918278086239,+917491542664,SMS,0,404138288349354,354837781550037,Delhi_BTS_003,404-45-533-988,Delhi
CDR202600064388,2025-11-24,08:36:58,+919331896137,+916226722085,VOICE,45,404937146240338,355467444388697,WestBengal_BTS_006,404-45-906-719,West Bengal
CDR202600064406,2025-01-24,03:16:02,+918555023947,+918728614929,MISSED,0,404834907742668,354648232657988,Rajasthan_BTS_006,404-45-862-575,Rajasthan
CDR202600064454,2025-03-17,11:09:17,+917418004667,+917166654621,VOICE,48,404895106259217,354284257206802,Maharashtra_BTS_008,404-45-799-664,Maharashtra
CDR202600064489,2025-09-24,06:19:06,+919291774930,+917163982219,VOICE,41,404812024391658,351731174885515,UttarPradesh_BTS_009,404-45-719-216,Uttar Pradesh
CDR202600064495,2025-08-24,22:34:06,+918812120821,+916653181892,SMS,0,404405636097503,359347244103997,Maharashtra_BTS_004,404-45-821-072,Maharashtra
CDR202600064511,2025-05-21,17:32:45,+916983699346,+916643684366,MISSED,0,404622798947285,359512766727633,UttarPradesh_BTS_010,404-45-749-874,Uttar Pradesh
CDR202600064516,2025-05-16,11:21:49,+918766473760,+917895319354,VOICE,46,404817491954057,358509442752040,TamilNadu_BTS_004,404-45-683-253,Tamil Nadu
CDR202600064528,2025-04-14,15:11:06,+919356562184,+918966735221,VOICE,55,404266313045525,350199215906531,Karnataka_BTS_006,404-45-813-981,Karnataka
CDR202600064535,2025-08-08,20:15:45,+917164511236,+916807387424,VOICE,258,404658499279240,356086390325712,Mumbai_BTS_006,404-45-235-741,Mumbai
CDR202600064609,2025-07-16,08:14:10,+916514444241,+919102383496,VOICE,36,404954341991008,354682315116551,WestBengal_BTS_009,404-45-304-837,West Bengal
CDR202600064611,2025-08-17,00:33:30,+919352442118,+917959187177,VOICE,31,404424953011136,350535989646739,Mumbai_BTS_007,404-45-584-827,Mumbai
CDR202600064630,2025-07-29,14:06:07,+919345231893,+918533177561,VOICE,74,404841123582734,357477266962404,Mumbai_BTS_009,404-45-162-413,Mumbai
CDR202600064655,2025-11-27,13:43:54,+916953156153,+916407278134,VOICE,296,404230699059693,358505218091123,Delhi_BTS_006,404-45-223-254,Delhi
CDR202600064706,2025-08-04,20:41:50,+917893957406,+916213343596,VOICE,495,404789776525238,354519701350637,Rajasthan_BTS_005,404-45-771-512,Rajasthan
CDR202600064725,2025-07-14,18:06:19,+916677761480,+916391671682,VOICE,125,404388514056712,356161296773559,Maharashtra_BTS_004,404-45-821-072,Maharashtra
CDR202600064727,2025-05-09,18:20:41,+919182777057,+916720582936,SMS,0,404146854943465,355414319950971,Rajasthan_BTS_013,404-45-448-115,Rajasthan
CDR202600064750,2025-03-08,12:23:42,+918642607090,+919298342479,VOICE,71,404109434365053,355939978518529,Rajasthan_BTS_015,404-45-282-520,Rajasthan
CDR202600064755,2025-04-17,10:26:28,+918976110614,+916938174319,SMS,0,404979662330579,353575798701214,Maharashtra_BTS_005,404-45-891-297,Maharashtra
CDR202600064772,2025-01-23,16:22:54,+918407468479,+917503486314,VOICE,167,404146529918829,355661745230251,Karnataka_BTS_001,404-45-767-554,Karnataka
CDR202600064773,2025-08-08,22:01:07,+917310983111,+917016248390,VOICE,45,404773058174668,350742010959527,Rajasthan_BTS_018,404-45-713-332,Rajasthan
CDR202600064784,2025-12-21,23:59:00,+919955199380,+917158215594,VOICE,29,404204369480053,357377587787759,Mumbai_BTS_010,404-45-211-255,Mumbai
CDR202600064789,2025-04-07,10:11:49,+916999242678,+919324434019,VOICE,142,404378490428559,358895835530259,UttarPradesh_BTS_004,404-45-170-901,Uttar Pradesh
CDR202600064852,2025-09-14,11:27:05,+918250075519,+917875272264,SMS,0,404574503330800,357456086029818,Rajasthan_BTS_007,404-45-241-522,Rajasthan
CDR202600064867,2025-12-20,14:23:04,+919351880480,+919038361051,VOICE,45,404227342425961,356526560471705,WestBengal_BTS_001,404-45-915-996,West Bengal
CDR202600064868,2025-01-28,17:07:57,+917367096138,+917896773158,MISSED,0,404893788173918,358491033763340,Mumbai_BTS_004,404-45-980-339,Mumbai
CDR202600064873,2025-06-06,00:37:18,+916610863745,+919256264316,VOICE,338,404598511037479,352430378789516,UttarPradesh_BTS_005,404-45-261-449,Uttar Pradesh
CDR202600064879,2025-07-14,10:47:12,+916560482207,+917905792021,VOICE,7,404997287147467,351784705156675,WestBengal_BTS_003,404-45-735-768,West Bengal
CDR202600064883,2025-07-11,22:09:10,+919372873392,+919087422068,VOICE,289,404301993167344,357991519174120,WestBengal_BTS_006,404-45-373-164,West Bengal
CDR202600064887,2025-01-21,03:54:45,+917854714486,+919982916191,VOICE,198,404927373979922,351373504780207,Rajasthan_BTS_017,404-45-652-977,Rajasthan
CDR202600064909,2025-04-14,10:14:08,+916688877057,+918613573272,VOICE,259,404646375127576,351147167040826,Rajasthan_BTS_005,404-45-771-512,Rajasthan
CDR202600064931,2025-06-10,06:45:45,+917705202761,+919543842342,SMS,0,404776069852307,359631346998878,Delhi_BTS_005,404-45-830-320,Delhi
CDR202600064933,2025-02-26,22:56:35,+918951143534,+918746005815,VOICE,49,404941092675217,356111581244000,UttarPradesh_BTS_006,404-45-108-684,Uttar Pradesh
CDR202600064963,2025-04-29,07:02:07,+918160820437,+916381480141,VOICE,198,404777336164652,353002529142391,UttarPradesh_BTS_006,404-45-108-684,Uttar Pradesh
CDR202600064974,2025-10-11,20:47:23,+919956147272,+917054071324,VOICE,404,404750729531744,351991337979179,Maharashtra_BTS_002,404-45-718-271,Maharashtra
CDR202600064976,2025-03-24,14:23:39,+918230551622,+919670105203,VOICE,154,404661007208422,359076211438238,UttarPradesh_BTS_015,404-45-954-379,Uttar Pradesh
CDR202600064986,2025-04-14,06:22:52,+918314518726,+918697421639,VOICE,136,404630488233719,350136395417742,UttarPradesh_BTS_011,404-45-194-650,Uttar Pradesh
CDR202600065018,2025-07-15,23:13:14,+916473360711,+917935518670,VOICE,12,404268899702427,357848968221622,Delhi_BTS_006,404-45-548-922,Delhi
CDR202600065024,2025-02-18,22:31:24,+919566086719,+917304462314,VOICE,181,404082860592127,355319385227292,Rajasthan_BTS_005,404-45-505-906,Rajasthan
CDR202600065052,2025-09-27,22:42:05,+916971932873,+917194014111,VOICE,244,404865438417548,356486390125849,Rajasthan_BTS_004,404-45-835-323,Rajasthan
CDR202600065077,2025-12-17,13:41:32,+919326665043,+919342500646,VOICE,330,404023156221920,350074729682698,Karnataka_BTS_007,404-45-294-304,Karnataka
CDR202600065090,2025-04-21,07:53:43,+918033129822,+916267473352,VOICE,55,404115730371153,351641146279757,TamilNadu_BTS_001,404-45-614-942,Tamil Nadu
CDR202600065100,2025-10-02,09:53:46,+919559026549,+917255189200,VOICE,91,404807914205794,351729042915788,UttarPradesh_BTS_012,404-45-145-004,Uttar Pradesh
CDR202600065110,2025-03-19,15:25:02,+917179513072,+918914406667,SMS,0,404185941420153,351810625057209,WestBengal_BTS_002,404-45-205-363,West Bengal
CDR202600065136,2025-11-10,20:00:08,+918118211392,+919062040925,VOICE,82,404929468829220,358071996273930,Rajasthan_BTS_018,404-45-713-332,Rajasthan
CDR202600065137,2025-12-24,00:46:54,+917546122102,+918751329959,VOICE,172,404058139670577,359193278886332,Rajasthan_BTS_005,404-45-771-512,Rajasthan
CDR202600065143,2025-02-28,12:43:43,+916207044235,+916148259773,VOICE,27,404283815950469,352146998099793,Maharashtra_BTS_009,404-45-646-747,Maharashtra
CDR202600065151,2025-04-29,10:52:38,+917785057063,+916425537205,SMS,0,404594950011869,355884798642136,WestBengal_BTS_001,404-45-230-043,West Bengal
CDR202600065179,2025-02-15,02:13:46,+916269133279,+919628453819,VOICE,2,404216928433013,354684451414816,WestBengal_BTS_002,404-45-234-688,West Bengal
CDR202600065196,2025-07-17,01:15:53,+916861162202,+917880835603,SMS,0,404969721934546,351218164653593,Maharashtra_BTS_002,404-45-199-368,Maharashtra
CDR202600065210,2025-02-07,21:39:42,+919048716118,+916983699346,SMS,0,404545475549985,354769495802386,Gujarat_BTS_004,404-45-130-096,Gujarat
CDR202600065214,2025-01-19,14:21:03,+919624725199,+916983699346,VOICE,117,404183019378954,351741728703783,Rajasthan_BTS_007,404-45-241-522,Rajasthan
CDR202600065220,2025-12-03,06:04:06,+916341686359,+918877161878,VOICE,103,404623667724578,354449803024132,WestBengal_BTS_002,404-45-315-699,West Bengal
CDR202600065224,2025-11-14,19:36:28,+917815142697,+918826401945,VOICE,208,404606943001039,356763833583315,Maharashtra_BTS_009,404-45-350-168,Maharashtra
CDR202600065231,2025-11-26,01:10:29,+916720582936,+919987020808,VOICE,78,404245556217118,353140537561877,Mumbai_BTS_003,404-45-334-070,Mumbai
CDR202600065250,2025-07-10,23:11:14,+918335471524,+919670721522,VOICE,44,404943595860397,350947287373773,Maharashtra_BTS_009,404-45-646-747,Maharashtra
CDR202600065258,2025-04-24,14:12:25,+919062086012,+917778696387,VOICE,177,404306050827263,357054505537891,Mumbai_BTS_010,404-45-211-255,Mumbai
CDR202600065292,2025-01-20,18:30:40,+916304446754,+917171903569,VOICE,44,404692512715125,358440478852857,Rajasthan_BTS_009,404-45-911-697,Rajasthan
CDR202600065293,2025-08-21,19:13:52,+916347183791,+916306053410,VOICE,173,404741594746010,356611349472532,Karnataka_BTS_005,404-45-902-804,Karnataka
CDR202600065333,2025-07-05,00:27:03,+917581547269,+917793678162,SMS,0,404494858458989,356712866408387,UttarPradesh_BTS_004,404-45-457-903,Uttar Pradesh
CDR202600065338,2025-05-26,00:30:22,+917226144636,+919835075562,VOICE,97,404621286101955,350159050306114,WestBengal_BTS_002,404-45-315-699,West Bengal
CDR202600065340,2025-05-10,23:16:28,+919367337829,+916093818132,SMS,0,404748735111497,356316058829900,UttarPradesh_BTS_011,404-45-533-850,Uttar Pradesh
CDR202600065362,2025-11-26,09:57:43,+916199842463,+919693010048,VOICE,16,404756238192259,350080024057789,Rajasthan_BTS_001,404-45-670-225,Rajasthan
CDR202600065367,2025-04-12,08:22:54,+917806464417,+918804035728,VOICE,23,404441017823209,358000012030360,Karnataka_BTS_008,404-45-693-754,Karnataka
CDR202600065381,2025-08-03,17:07:16,+917806464417,+918083228722,MISSED,0,404441017823209,358000012030360,Maharashtra_BTS_004,404-45-821-072,Maharashtra
CDR202600065385,2025-01-21,14:09:01,+919102504752,+919624915154,VOICE,66,404584483103218,359118885204406,WestBengal_BTS_003,404-45-342-886,West Bengal
CDR202600065387,2025-05-14,01:16:44,+917371519719,+919496026445,VOICE,202,404134004227625,357049269181579,Mumbai_BTS_008,404-45-155-690,Mumbai
CDR202600065392,2025-02-02,17:24:26,+919281500345,+917062207522,VOICE,87,404129315533836,358301325179149,Delhi_BTS_006,404-45-629-463,Delhi
CDR202600065422,2025-10-30,19:09:32,+918495824226,+918100864233,MISSED,0,404900690737171,358171900032438,Mumbai_BTS_009,404-45-162-413,Mumbai
CDR202600065455,2025-12-15,16:59:22,+919023919192,+918524726139,SMS,0,404853312226050,355360116480743,UttarPradesh_BTS_009,404-45-719-216,Uttar Pradesh
CDR202600065459,2025-05-01,06:06:01,+917358492850,+917205783541,VOICE,61,404880401202691,353610474796233,Maharashtra_BTS_003,404-45-665-301,Maharashtra
CDR202600065498,2025-01-07,00:08:48,+917661247113,+918150572776,VOICE,194,404609350841670,359844124239995,Rajasthan_BTS_004,404-45-680-898,Rajasthan
CDR202600065503,2025-12-26,21:35:05,+918206673185,+919541078632,VOICE,57,404276237405446,350682050912498,Delhi_BTS_001,404-45-180-088,Delhi
CDR202600065507,2025-10-15,02:06:13,+917431079864,+916269133279,VOICE,59,404025255497846,353681482552507,UttarPradesh_BTS_003,404-45-650-219,Uttar Pradesh
CDR202600065511,2025-02-03,05:17:19,+918476994001,+918937701015,MISSED,0,404788042294923,353827064236125,Rajasthan_BTS_010,404-45-710-066,Rajasthan
CDR202600065528,2025-12-21,00:05:44,+917442580381,+919075161331,VOICE,63,404339945903720,357774848995581,Maharashtra_BTS_004,404-45-146-678,Maharashtra
CDR202600065533,2025-05-02,03:38:19,+917137044958,+919182023723,VOICE,85,404731841835590,356717173792308,Karnataka_BTS_002,404-45-195-949,Karnataka
CDR202600065568,2025-04-04,07:44:22,+916704041859,+918583375337,VOICE,35,404520732707622,356513701625460,Rajasthan_BTS_010,404-45-641-258,Rajasthan
CDR202600065584,2025-01-05,23:15:03,+918331749263,+917885171272,VOICE,52,404718065908713,350456361506397,Maharashtra_BTS_009,404-45-646-747,Maharashtra
CDR202600065589,2025-07-12,20:43:24,+916481070314,+918862843368,VOICE,179,404502233589532,358909267869189,Mumbai_BTS_002,404-45-702-226,Mumbai
CDR202600065597,2025-07-08,20:58:43,+917096748366,+918508939960,VOICE,17,404081478984109,357616940228932,Rajasthan_BTS_001,404-45-670-225,Rajasthan
CDR202600065600,2025-11-15,07:20:26,+916473889157,+919377120878,SMS,0,404734657794925,354265243045489,Karnataka_BTS_007,404-45-294-304,Karnataka
CDR202600065612,2025-03-22,03:52:49,+917442580381,+916774681896,VOICE,42,404339945903720,358804007277423,Rajasthan_BTS_012,404-45-798-907,Rajasthan
CDR202600065615,2025-12-12,11:27:39,+918084942669,+916938174319,VOICE,165,404664299539312,357581653293480,Mumbai_BTS_003,404-45-334-070,Mumbai
CDR202600065630,2025-02-01,16:23:15,+918350930426,+918671402590,VOICE,63,404384698673957,350652253795686,Mumbai_BTS_006,404-45-785-498,Mumbai
CDR202600065635,2025-02-06,18:49:40,+917215930461,+917559234466,VOICE,40,404410614310106,354423306457496,Rajasthan_BTS_017,404-45-652-977,Rajasthan
CDR202600065636,2025-01-11,04:23:32,+918082572028,+919397945494,SMS,0,404046948991371,355140999098348,WestBengal_BTS_004,404-45-522-026,West Bengal
CDR202600065680,2025-10-04,15:50:36,+916341506720,+919673153562,VOICE,332,404139679646912,355827395200777,UttarPradesh_BTS_002,404-45-568-324,Uttar Pradesh
CDR202600065683,2025-08-20,08:10:40,+916870121565,+918308876815,VOICE,104,404891436322335,355450710112877,Delhi_BTS_003,404-45-371-541,Delhi
CDR202600065691,2025-09-29,08:22:26,+918460629980,+918186295994,VOICE,79,404871396619787,357138967845469,Rajasthan_BTS_002,404-45-334-842,Rajasthan
CDR202600065714,2025-05-14,21:21:08,+917691079433,+917013936970,VOICE,50,404886683446427,357752833001048,Mumbai_BTS_006,404-45-235-741,Mumbai
CDR202600065733,2025-01-27,07:19:11,+917301701702,+917419433566,VOICE,25,404049648322913,358552294220474,Rajasthan_BTS_012,404-45-798-907,Rajasthan
CDR202600065738,2025-06-18,12:39:53,+917393829401,+916983699346,VOICE,548,404932134145371,357834753200557,Karnataka_BTS_003,404-45-597-493,Karnataka
CDR202600065769,2025-02-01,20:27:25,+917045115050,+918875844526,MISSED,0,404716921441477,352101391754907,Maharashtra_BTS_004,404-45-691-197,Maharashtra
CDR202600065774,2025-09-12,17:40:31,+916426267031,+917658662244,VOICE,272,404475978442295,354217692142284,Gujarat_BTS_007,404-45-928-891,Gujarat
CDR202600065806,2025-11-04,14:53:32,+918160543442,+919238523261,VOICE,18,404943515003843,354513041733219,Mumbai_BTS_003,404-45-334-070,Mumbai
CDR202600065818,2025-08-20,10:27:15,+918452990344,+919423224659,VOICE,90,404052006048863,355816261088616,TamilNadu_BTS_004,404-45-513-123,Tamil Nadu
CDR202600065821,2025-08-03,08:18:17,+917074279351,+919377120878,VOICE,212,404733520790615,353399590268932,Karnataka_BTS_005,404-45-902-804,Karnataka
CDR202600065831,2025-11-14,12:47:58,+919644410350,+916326263871,VOICE,78,404367838471798,356460342684494,Mumbai_BTS_003,404-45-334-070,Mumbai
CDR202600065838,2025-12-20,00:49:54,+919829550080,+919694184989,SMS,0,404039179612327,353561538152583,WestBengal_BTS_008,404-45-979-482,West Bengal
CDR202600065856,2025-04-12,04:36:46,+919870814055,+918250075519,VOICE,659,404150088116017,352561453120622,Gujarat_BTS_008,404-45-448-285,Gujarat
CDR202600065863,2025-07-10,23:08:02,+917375204266,+917368871151,VOICE,202,404591100185168,352649383236383,Mumbai_BTS_011,404-45-573-256,Mumbai
CDR202600065867,2025-12-18,02:36:55,+919327809757,+917569704154,VOICE,24,404363762750299,358906664995036,Karnataka_BTS_002,404-45-195-949,Karnataka
CDR202600065870,2025-10-08,17:13:34,+917893330838,+917282202555,VOICE,327,404310205216486,352018996475472,Delhi_BTS_005,404-45-830-320,Delhi
CDR202600065874,2025-08-21,17:22:02,+916823553204,+917375204266,VOICE,191,404994276857438,350364422581355,Delhi_BTS_003,404-45-533-988,Delhi
CDR202600065896,2025-07-31,17:24:39,+916803693943,+917562134412,VOICE,45,404942338437775,354421822762447,UttarPradesh_BTS_012,404-45-441-790,Uttar Pradesh
CDR202600065907,2025-03-25,00:57:27,+917488910754,+917790573863,VOICE,386,404237753259187,353281506157269,TamilNadu_BTS_003,404-45-169-692,Tamil Nadu
CDR202600065920,2025-08-13,09:28:39,+916931781986,+917116094493,VOICE,207,404772035720693,351446511172745,Mumbai_BTS_011,404-45-287-286,Mumbai
CDR202600065923,2025-07-17,16:22:24,+919972880601,+918873257906,SMS,0,404209485506141,355123346022707,Maharashtra_BTS_003,404-45-649-128,Maharashtra
CDR202600065943,2025-01-13,22:10:23,+916169082341,+918386857947,VOICE,48,404801566748178,357050211991539,Karnataka_BTS_003,404-45-597-493,Karnataka
CDR202600065944,2025-06-18,16:38:19,+919038361051,+917060470888,VOICE,161,404115973524821,357820563301934,UttarPradesh_BTS_006,404-45-726-827,Uttar Pradesh
CDR202600065950,2025-11-29,14:57:17,+917195063719,+919677383334,VOICE,18,404484235493315,356188917493486,Mumbai_BTS_011,404-45-995-946,Mumbai
CDR202600065956,2025-11-12,23:42:12,+916814966618,+919063742023,VOICE,51,404388837875490,350056781262871,UttarPradesh_BTS_010,404-45-749-874,Uttar Pradesh
CDR202600065969,2025-06-27,15:49:36,+916005708056,+917882286697,MISSED,0,404353366677138,350457157239469,Maharashtra_BTS_002,404-45-718-271,Maharashtra
CDR202600065986,2025-06-18,01:11:11,+918468417389,+918677835293,MISSED,0,404025902580252,350247014945044,Karnataka_BTS_005,404-45-565-293,Karnataka
CDR202600066030,2025-06-13,14:38:47,+918022471766,+917237041157,VOICE,40,404856472839696,350846420224682,Maharashtra_BTS_002,404-45-926-045,Maharashtra
CDR202600066060,2025-01-30,20:14:48,+917732112848,+919083834177,SMS,0,404095280593970,352109358899038,Rajasthan_BTS_017,404-45-897-945,Rajasthan
CDR202600066077,2025-02-13,13:12:37,+917099185241,+917994574635,VOICE,58,404769441042510,358469998152052,Rajasthan_BTS_001,404-45-376-948,Rajasthan
CDR202600066080,2025-04-10,02:15:22,+917611816257,+918621001114,VOICE,21,404271605896548,358965928528703,Maharashtra_BTS_004,404-45-821-072,Maharashtra
CDR202600066115,2025-01-31,18:19:55,+918875457856,+918981377102,VOICE,109,404268033078806,351709418085617,Karnataka_BTS_006,404-45-848-803,Karnataka
CDR202600066118,2025-06-13,00:50:11,+917008729392,+918392369110,VOICE,66,404813003453498,351038928753780,Mumbai_BTS_008,404-45-155-690,Mumbai
CDR202600066157,2025-04-09,14:24:27,+918875844526,+918180758109,SMS,0,404296529625618,350218892558653,UttarPradesh_BTS_006,404-45-726-827,Uttar Pradesh
CDR202600066174,2025-04-13,21:09:27,+917495055317,+917546122102,VOICE,152,404087806219632,355101986911007,Karnataka_BTS_008,404-45-693-754,Karnataka
CDR202600066193,2025-09-03,03:45:37,+919296464727,+917880755294,MISSED,0,404777881213895,356573157110761,UttarPradesh_BTS_009,404-45-378-289,Uttar Pradesh
CDR202600066226,2025-12-21,04:54:46,+917547258165,+918579171918,VOICE,4,404207906895679,356607240939567,Mumbai_BTS_007,404-45-516-195,Mumbai
CDR202600066231,2025-07-23,12:06:40,+918351713958,+919345231893,SMS,0,404368813179757,353494830479857,Rajasthan_BTS_005,404-45-771-512,Rajasthan
CDR202600066232,2025-09-10,19:37:40,+919976939439,+919670105203,VOICE,20,404801317575827,350459981234032,Mumbai_BTS_008,404-45-520-479,Mumbai
CDR202600066233,2025-04-27,22:39:52,+917345913698,+918734604354,VOICE,124,404710866105603,355030054609703,WestBengal_BTS_005,404-45-901-954,West Bengal
CDR202600066239,2025-07-30,00:36:54,+916503380680,+916605441163,VOICE,133,404137753014185,356016106519964,UttarPradesh_BTS_001,404-45-371-406,Uttar Pradesh
CDR202600066264,2025-07-21,05:59:07,+918511999304,+918430018567,VOICE,212,404004952428892,352160624241936,Maharashtra_BTS_002,404-45-967-353,Maharashtra
CDR202600066295,2025-07-29,18:34:17,+917822157183,+919548918958,MISSED,0,404486575313504,358356580720732,Maharashtra_BTS_001,404-45-881-345,Maharashtra
CDR202600066324,2025-01-05,14:57:22,+917603737434,+916073749554,VOICE,41,404763231813325,357094412630849,UttarPradesh_BTS_011,404-45-533-850,Uttar Pradesh
CDR202600066326,2025-09-21,06:42:39,+917271815839,+917245082128,VOICE,71,404569410927220,350462834268966,Karnataka_BTS_007,404-45-322-992,Karnataka
CDR202600066327,2025-02-12,18:52:00,+918436231638,+919327809757,VOICE,19,404386102068296,353272638913021,WestBengal_BTS_001,404-45-981-041,West Bengal
CDR202600066354,2025-07-09,02:36:30,+919651650123,+916397337096,VOICE,125,404409837871341,353864764196009,Gujarat_BTS_005,404-45-338-518,Gujarat
CDR202600066388,2025-12-11,15:34:47,+919055238477,+918431994101,VOICE,28,404607207505822,356860549563361,Gujarat_BTS_006,404-45-833-666,Gujarat
CDR202600066427,2025-07-10,06:51:57,+919260394257,+919076867273,VOICE,81,404673103385771,358478852390172,UttarPradesh_BTS_004,404-45-457-903,Uttar Pradesh
CDR202600066444,2025-12-29,00:19:51,+916790727198,+919912904557,VOICE,231,404075055862050,353737255270924,UttarPradesh_BTS_007,404-45-779-107,Uttar Pradesh
CDR202600066476,2025-03-27,00:13:24,+918952336036,+917472568131,SMS,0,404081221820708,352786714131524,Mumbai_BTS_007,404-45-584-827,Mumbai
CDR202600066486,2025-11-14,18:38:58,+919339616543,+917570191353,VOICE,66,404275547624355,358889738050452,Gujarat_BTS_008,404-45-814-433,Gujarat
CDR202600066506,2025-03-01,00:00:02,+919084845614,+918883222397,VOICE,458,404273747190122,357016799294163,UttarPradesh_BTS_009,404-45-719-216,Uttar Pradesh
CDR202600066517,2025-04-23,01:14:11,+917978781801,+918845391323,VOICE,47,404598689395265,356501466924761,Delhi_BTS_006,404-45-629-463,Delhi
CDR202600066540,2025-04-14,11:45:55,+917691728825,+917546834993,SMS,0,404010972084597,357918586892171,Rajasthan_BTS_005,404-45-771-512,Rajasthan
CDR202600066551,2025-11-03,20:03:55,+917642932201,+918428693441,MISSED,0,404503383909577,352241342480014,UttarPradesh_BTS_006,404-45-769-542,Uttar Pradesh
CDR202600066569,2025-11-23,03:43:32,+916409475395,+918050030563,SMS,0,404286354487832,359198726234916,Maharashtra_BTS_009,404-45-646-747,Maharashtra
CDR202600066581,2025-03-27,13:06:30,+918108775608,+918270857685,VOICE,26,404967362340177,352576416090407,Rajasthan_BTS_013,404-45-887-657,Rajasthan
CDR202600066587,2025-09-30,02:18:49,+917598585811,+919533878042,VOICE,38,404615940845239,350563529344646,UttarPradesh_BTS_003,404-45-650-219,Uttar Pradesh
CDR202600066614,2025-07-14,07:37:59,+918431994101,+919312667293,VOICE,170,404964852820220,357227074076315,Maharashtra_BTS_004,404-45-146-678,Maharashtra
CDR202600066629,2025-02-25,07:50:52,+916718698921,+917865885358,VOICE,76,404486270070428,353952857487368,Rajasthan_BTS_005,404-45-505-906,Rajasthan
CDR202600066662,2025-07-07,18:43:56,+918131817017,+919807911392,VOICE,10,404564349993226,359943580131031,UttarPradesh_BTS_001,404-45-234-688,Uttar Pradesh
CDR202600066718,2025-03-06,04:03:37,+917250328744,+918276932638,SMS,0,404507586727508,357498890671606,Mumbai_BTS_004,404-45-980-339,Mumbai
CDR202600066720,2025-12-14,12:17:31,+918434942218,+916550235390,VOICE,6,404851572477207,352079025471309,Maharashtra_BTS_003,404-45-665-301,Maharashtra
CDR202600066751,2025-03-17,03:58:44,+919583289754,+919298342479,SMS,0,404747943273774,354446891209974,Rajasthan_BTS_002,404-45-334-842,Rajasthan
CDR202600066763,2025-04-10,09:57:44,+918322576869,917924304439,VOICE,21,404662937200595,354746527615441,Karnataka_BTS_006,404-45-669-678,Karnataka
CDR202600066772,2025-11-04,05:55:02,+916661818948,+918449702682,VOICE,89,404328893621551,352390536422355,Delhi_BTS_004,404-45-652-774,Delhi
CDR202600066790,2025-04-12,02:46:43,+917345913698,+919458003318,SMS,0,404710866105603,355030054609703,Rajasthan_BTS_010,404-45-494-391,Rajasthan
CDR202600066799,2025-02-16,17:56:15,+918162158875,+918438901003,VOICE,335,404410200229662,352436521857830,UttarPradesh_BTS_012,404-45-145-004,Uttar Pradesh
CDR202600066801,2025-08-17,16:39:05,+919914457927,+917154767880,VOICE,8,404581950522177,359909437823655,Delhi_BTS_002,404-45-231-676,Delhi
CDR202600066803,2025-07-24,13:30:05,+918959400520,+919768168667,SMS,0,404282898059155,355623500209921,UttarPradesh_BTS_007,404-45-999-138,Uttar Pradesh
CDR202600066819,2025-09-28,18:06:38,+918397046727,+917984465285,VOICE,184,404920363665136,353100778764589,WestBengal_BTS_006,404-45-373-164,West Bengal
CDR202600066833,2025-10-18,08:45:31,+919847716312,+918093259312,VOICE,52,404609695075279,352655085920235,WestBengal_BTS_002,404-45-315-699,West Bengal
CDR202600066834,2025-08-03,23:21:12,+919208418675,+919143632994,VOICE,15,404590182667932,355512778050371,Mumbai_BTS_008,404-45-984-747,Mumbai
CDR202600066849,2025-05-23,13:01:25,+919675861671,+916238316365,VOICE,35,404386644479733,352961444580716,Rajasthan_BTS_017,404-45-897-945,Rajasthan
CDR202600066873,2025-10-15,03:34:41,+919784324511,+916655642600,VOICE,26,404281608168273,355128110797975,UttarPradesh_BTS_010,404-45-749-874,Uttar Pradesh
CDR202600066875,2025-07-15,04:05:06,+916546258705,+918692131025,SMS,0,404775408928373,355980180259385,Karnataka_BTS_005,404-45-902-804,Karnataka
CDR202600066902,2025-08-05,00:50:06,+916360495844,+919946647990,VOICE,24,404232566285199,352290428501886,Gujarat_BTS_007,404-45-928-891,Gujarat
CDR202600066907,2025-12-27,15:08:17,+918756582361,+916653181892,VOICE,356,404357410062673,353903701318479,Maharashtra_BTS_008,404-45-173-624,Maharashtra
CDR202600066925,2025-11-27,20:13:06,+916000714203,+916239203362,VOICE,21,404265436662089,358017449751490,Rajasthan_BTS_007,404-45-697-409,Rajasthan
CDR202600066938,2025-08-09,10:13:25,+918338229837,+918499863235,VOICE,35,404852649995050,357753276223110,Mumbai_BTS_006,404-45-235-741,Mumbai
CDR202600066944,2025-11-11,18:06:24,+917345913698,+918344666907,MISSED,0,404710866105603,355030054609703,Karnataka_BTS_007,404-45-322-992,Karnataka
CDR202600066967,2025-12-05,17:59:19,+916020521859,+919987672814,VOICE,305,404066510906888,353904914762430,Karnataka_BTS_005,404-45-371-949,Karnataka
CDR202600067039,2025-04-04,10:27:00,+918966735221,+918738306137,SMS,0,404619157727644,350674698892713,Maharashtra_BTS_005,404-45-181-876,Maharashtra
CDR202600067044,2025-03-12,00:08:10,+919702830789,+919983692422,VOICE,226,404399806338930,352786397613451,Rajasthan_BTS_005,404-45-505-906,Rajasthan
CDR202600067045,2025-01-08,02:10:59,+917459240913,+918750445092,VOICE,46,404238516403650,352583236938253,Rajasthan_BTS_004,404-45-316-936,Rajasthan
CDR202600067055,2025-02-03,09:56:12,+918482638113,+916653181892,VOICE,19,404944060921611,351788532102880,Mumbai_BTS_011,404-45-243-433,Mumbai
CDR202600067061,2025-01-15,17:15:56,+916417231869,+918022471766,VOICE,335,404381435728621,359213055972399,WestBengal_BTS_009,404-45-304-837,West Bengal
CDR202600067091,2025-01-28,05:53:58,+919689954668,+917719908405,VOICE,61,404962482169580,354487431859263,WestBengal_BTS_008,404-45-371-406,West Bengal
CDR202600067142,2025-09-14,11:12:12,+917006707766,+917694064296,VOICE,249,404865632981283,352024613888621,Rajasthan_BTS_016,404-45-619-624,Rajasthan
CDR202600067144,2025-09-20,01:10:14,+916889163629,+916515449347,VOICE,23,404232429533485,352478929717171,Karnataka_BTS_005,404-45-902-804,Karnataka
CDR202600067164,2025-01-27,17:49:52,+917791268753,+918027581685,VOICE,112,404024738616131,357851872898142,WestBengal_BTS_003,404-45-266-820,West Bengal
CDR202600067179,2025-10-01,02:38:59,+919405848426,+918954038504,VOICE,106,404090158056710,357299541170663,Maharashtra_BTS_004,404-45-691-197,Maharashtra
CDR202600067194,2025-08-10,10:49:38,+916424170400,+917200790501,VOICE,356,404813386439365,352733782832859,Rajasthan_BTS_004,404-45-374-068,Rajasthan
CDR202600067196,2025-02-19,04:12:10,+919696486327,+919201163316,VOICE,6,404213910763584,359576606854027,Rajasthan_BTS_006,404-45-246-272,Rajasthan
CDR202600067219,2025-01-01,02:58:16,+918130444799,+919679681556,VOICE,25,404626996628807,356707391539797,Rajasthan_BTS_004,404-45-680-898,Rajasthan
CDR202600067242,2025-01-03,21:35:22,+917661139009,+916644086226,VOICE,188,404819024686713,356577960797291,UttarPradesh_BTS_011,404-45-357-928,Uttar Pradesh
CDR202600067244,2025-07-10,09:58:36,+916447047934,+918883222397,VOICE,252,404085737537618,351682285103585,Maharashtra_BTS_004,404-45-691-197,Maharashtra
CDR202600067302,2025-11-12,10:50:37,+919312860011,+916592860335,VOICE,6,404225502917741,352563720021164,WestBengal_BTS_005,404-45-785-885,West Bengal
CDR202600067336,2025-06-30,19:21:04,+919627533531,+916746930885,SMS,0,404811167447859,353608149947869,UttarPradesh_BTS_006,404-45-769-542,Uttar Pradesh
CDR202600067348,2025-06-17,01:43:08,+918942896065,+919155297468,VOICE,85,404156358471538,355894969127860,WestBengal_BTS_001,404-45-981-041,West Bengal
CDR202600067391,2025-01-07,16:11:56,+919752934480,+917649825655,VOICE,14,404618342387373,351562868531746,UttarPradesh_BTS_005,404-45-478-292,Uttar Pradesh
CDR202600067395,2025-09-29,06:24:37,+916287579696,+916363734751,VOICE,156,404757122694855,358184354002053,Gujarat_BTS_008,404-45-814-433,Gujarat
CDR202600067432,2025-11-13,04:26:42,+917765785944,+916014737993,VOICE,45,404900824727003,352958580177614,UttarPradesh_BTS_007,404-45-779-107,Uttar Pradesh
CDR202600067451,2025-04-26,03:56:06,+919860882785,+918385459802,MISSED,0,404314479510459,359925939009870,UttarPradesh_BTS_003,404-45-618-272,Uttar Pradesh
CDR202600067457,2025-07-08,23:52:10,+919343397389,+918900483112,VOICE,181,404519663078610,354346016487899,Rajasthan_BTS_001,404-45-755-705,Rajasthan
CDR202600067465,2025-06-15,00:11:34,+917222540853,+919621130257,SMS,0,404531650029134,358785380156330,Rajasthan_BTS_012,404-45-798-907,Rajasthan
CDR202600067469,2025-06-16,17:13:53,+917167098122,+917762883448,VOICE,184,404499403882481,351179122288022,UttarPradesh_BTS_006,404-45-108-684,Uttar Pradesh
CDR202600067481,2025-10-29,14:42:53,+919992568406,+919400214959,VOICE,153,404493826513323,359017170331970,Gujarat_BTS_007,404-45-325-460,Gujarat
CDR202600067483,2025-07-20,16:28:43,+919320092387,+918431994101,MISSED,0,404099548306121,350633012543439,Delhi_BTS_002,404-45-878-546,Delhi
CDR202600067487,2025-08-20,15:05:07,+918351018972,+919648858310,VOICE,71,404244251542838,358322909438415,Rajasthan_BTS_005,404-45-771-512,Rajasthan
CDR202600067490,2025-01-10,20:46:48,+917726107989,+916195507250,VOICE,4,404407448096702,356385248348517,Karnataka_BTS_006,404-45-848-803,Karnataka
CDR202600067506,2025-09-25,07:14:04,+916018951432,+919476809926,VOICE,31,404797332905446,359275360081260,Mumbai_BTS_001,404-45-446-022,Mumbai
CDR202600067508,2025-08-28,20:28:00,+917163319940,+918118211392,VOICE,22,404944499695471,356628658860732,Gujarat_BTS_008,404-45-448-285,Gujarat
CDR202600067514,2025-04-12,08:27:25,+919860882785,+917651096569,VOICE,56,404314479510459,359925939009870,UttarPradesh_BTS_001,404-45-371-406,Uttar Pradesh
CDR202600067524,2025-01-11,11:16:10,+919343168402,+917895319354,VOICE,96,404982426015545,357283093242103,Maharashtra_BTS_005,404-45-181-876,Maharashtra
CDR202600067535,2025-10-02,23:18:23,+917294679240,+919361218918,VOICE,45,404174024224613,359209923795699,Maharashtra_BTS_009,404-45-350-168,Maharashtra
CDR202600067554,2025-12-07,14:42:26,+918335058737,+919108248045,VOICE,37,404468687189613,358685348288295,UttarPradesh_BTS_005,404-45-478-292,Uttar Pradesh
CDR202600067560,2025-07-08,21:08:26,+916239203362,+918438880052,VOICE,121,404214255178874,355873222679111,UttarPradesh_BTS_011,404-45-533-850,Uttar Pradesh
CDR202600067597,2025-06-02,13:51:59,+916199842463,+918890491950,VOICE,349,404756238192259,350080024057789,UttarPradesh_BTS_012,404-45-233-653,Uttar Pradesh
CDR202600067606,2025-12-10,17:13:51,+919740382759,+916426267031,VOICE,169,404665112796951,355837095749554,Maharashtra_BTS_006,404-45-489-285,Maharashtra
CDR202600067638,2025-03-01,01:04:00,+919604766217,+917765785944,SMS,0,404469196561124,351378168794244,TamilNadu_BTS_005,404-45-734-084,Tamil Nadu
CDR202600067646,2025-08-24,21:43:25,+918910424528,+919012273494,VOICE,460,404510190696977,355912599867320,Maharashtra_BTS_003,404-45-487-081,Maharashtra
CDR202600067694,2025-09-28,09:16:04,+918130444799,+917463739082,VOICE,9,404626996628807,356707391539797,Mumbai_BTS_009,404-45-162-413,Mumbai
CDR202600067695,2025-10-05,10:07:04,+919539055439,+918500760709,VOICE,54,404434535223350,356034468856730,Gujarat_BTS_008,404-45-448-285,Gujarat
CDR202600067706,2025-03-25,16:52:24,+917705202761,+918985780368,VOICE,248,404776069852307,359631346998878,UttarPradesh_BTS_011,404-45-533-850,Uttar Pradesh
CDR202600067711,2025-03-17,16:19:09,+916250502536,+918897507947,VOICE,46,404529663619751,358095052685243,WestBengal_BTS_005,404-45-785-885,West Bengal
CDR202600067713,2025-06-14,23:33:39,+919785782177,+916774681896,VOICE,30,404458169991088,358368612521723,Rajasthan_BTS_004,404-45-374-068,Rajasthan
CDR202600067795,2025-06-04,18:51:41,+918695359077,+919049670765,VOICE,238,404337266929098,359617452973971,Rajasthan_BTS_016,404-45-303-157,Rajasthan
CDR202600067817,2025-03-30,17:11:46,+918594963791,+919199976503,VOICE,57,404755125344459,359424889150962,Maharashtra_BTS_003,404-45-487-081,Maharashtra
CDR202600067824,2025-09-30,13:31:14,+919412399415,+918555623598,SMS,0,404706685968034,354320944177788,Gujarat_BTS_004,404-45-130-096,Gujarat
CDR202600067863,2025-08-04,12:39:06,+918875844526,+917842720451,VOICE,98,404296529625618,350218892558653,UttarPradesh_BTS_011,404-45-357-928,Uttar Pradesh
CDR202600067872,2025-07-24,12:57:34,+917965093308,+918548687452,VOICE,26,404085669673059,352712261730713,Mumbai_BTS_007,404-45-516-195,Mumbai
CDR202600067876,2025-04-25,23:54:31,+918875457856,+917523358759,VOICE,105,404268033078806,351709418085617,UttarPradesh_BTS_003,404-45-736-577,Uttar Pradesh
CDR202600067878,2025-04-15,18:47:36,+918831250684,+916703033328,VOICE,16,404976579296464,356762528082025,Gujarat_BTS_002,404-45-854-105,Gujarat
CDR202600067879,2025-08-14,04:34:36,+918202927453,+917477895275,VOICE,125,404243475213384,358945616877808,Rajasthan_BTS_005,404-45-505-906,Rajasthan
CDR202600067892,2025-06-17,11:36:19,+917343894198,+917264841110,VOICE,43,404652103179462,350408975834669,Maharashtra_BTS_002,404-45-718-271,Maharashtra
CDR202600067914,2025-05-06,23:02:34,+916281663300,+919900586055,VOICE,76,404361782242550,359047114230818,UttarPradesh_BTS_005,404-45-478-292,Uttar Pradesh
CDR202600067951,2025-11-09,09:05:22,+919052210715,+916788282430,VOICE,94,404879677332556,356342299385923,UttarPradesh_BTS_012,404-45-145-004,Uttar Pradesh
CDR202600067968,2025-11-23,19:33:15,+916774681896,+917358161400,VOICE,241,404544926126729,354040665862142,Maharashtra_BTS_002,404-45-926-045,Maharashtra
CDR202600067978,2025-05-03,02:58:12,+917215930461,+918500889903,SMS,0,404410614310106,354423306457496,Delhi_BTS_003,404-45-371-541,Delhi
CDR202600067986,2025-09-28,02:44:37,+916711627793,+916115710458,SMS,0,404105866751004,351618595040516,UttarPradesh_BTS_002,404-45-568-324,Uttar Pradesh
CDR202600068000,2025-10-09,09:55:26,+917111609810,+917746468481,VOICE,2,404874927193935,353227390686985,Rajasthan_BTS_019,404-45-951-827,Rajasthan
CDR202600068003,2025-05-21,07:22:08,+916165495106,+918395116334,VOICE,30,404575098413284,350697299629506,Mumbai_BTS_008,404-45-984-747,Mumbai
CDR202600068005,2025-11-29,14:11:14,+919886096374,+919459673734,VOICE,78,404789615599847,353464047384469,Delhi_BTS_005,404-45-508-688,Delhi
CDR202600068046,2025-07-25,13:22:51,+917893772136,+918395270269,VOICE,109,404429532819085,353373947208139,WestBengal_BTS_002,404-45-355-683,West Bengal
CDR202600068053,2025-03-14,04:27:12,+918408559443,+916800799878,VOICE,41,404576457522063,354138757233039,WestBengal_BTS_006,404-45-373-164,West Bengal
CDR202600068058,2025-06-19,12:35:52,+919539055439,+916009323187,VOICE,317,404434535223350,356034468856730,Rajasthan_BTS_016,404-45-961-655,Rajasthan
CDR202600068082,2025-11-06,20:50:27,+917212305176,+916341686359,VOICE,90,404704950117081,352683635963292,Rajasthan_BTS_001,404-45-755-705,Rajasthan
CDR202600068106,2025-04-10,10:33:32,+919891723164,+919821754200,VOICE,155,404318858051536,352826108727367,Rajasthan_BTS_006,404-45-242-253,Rajasthan
CDR202600068110,2025-04-13,07:27:55,+917218732990,+917555664956,VOICE,565,404249411985200,350140652205161,Mumbai_BTS_002,404-45-702-226,Mumbai
CDR202600068134,2025-05-12,10:48:19,+916274990881,+919464956987,VOICE,84,404755684535020,352391474599118,UttarPradesh_BTS_009,404-45-378-289,Uttar Pradesh
CDR202600068148,2025-02-20,14:12:03,+918335058737,+916357516769,VOICE,22,404468687189613,358685348288295,Maharashtra_BTS_002,404-45-967-353,Maharashtra
CDR202600068162,2025-10-10,02:02:56,+918043156494,+918875844526,VOICE,267,404263547392946,358739873651692,WestBengal_BTS_001,404-45-915-996,West Bengal
CDR202600068177,2025-03-24,11:16:54,+916720582936,+917561835261,VOICE,101,404245556217118,353140537561877,WestBengal_BTS_007,404-45-491-894,West Bengal
CDR202600068195,2025-01-29,19:19:26,+916614308540,+918070010316,SMS,0,404554374586575,353649182947339,Rajasthan_BTS_005,404-45-505-906,Rajasthan
CDR202600068209,2025-10-27,12:01:46,+917848333825,+918312503168,VOICE,83,404638282024425,356257442755581,Rajasthan_BTS_006,404-45-246-272,Rajasthan
CDR202600068228,2025-10-21,02:05:57,+917049471555,+917352011739,VOICE,88,404254009580200,353017825711655,Gujarat_BTS_005,404-45-716-028,Gujarat
CDR202600068229,2025-10-11,02:53:11,+916341686359,+918502606018,VOICE,94,404623667724578,354449803024132,Rajasthan_BTS_010,404-45-710-480,Rajasthan
CDR202600068233,2025-11-30,08:23:57,+916713812095,+916803693943,VOICE,383,404518132928907,359818235416508,Mumbai_BTS_006,404-45-319-553,Mumbai
CDR202600068235,2025-08-21,02:44:28,+918006077064,+918034976738,VOICE,39,404966747222928,359388897063932,Mumbai_BTS_007,404-45-516-195,Mumbai
CDR202600068241,2025-08-06,17:27:53,+917806464417,+917101589949,VOICE,53,404441017823209,356132288893077,Rajasthan_BTS_015,404-45-208-892,Rajasthan
CDR202600068246,2025-03-31,17:25:08,+917740841180,+918081732281,VOICE,84,404982658525554,359574687676495,WestBengal_BTS_001,404-45-915-996,West Bengal
CDR202600068257,2025-02-21,08:35:18,+916793257571,+919250447510,VOICE,30,404854898768103,351264296331890,Maharashtra_BTS_006,404-45-489-285,Maharashtra
CDR202600068265,2025-11-30,07:56:10,+918365642707,+918698141236,VOICE,260,404434278130702,350467026302288,WestBengal_BTS_009,404-45-304-837,West Bengal
CDR202600068268,2025-09-26,23:18:15,+917021122163,+917740841180,MISSED,0,404824320919838,359104444142723,Rajasthan_BTS_010,404-45-641-258,Rajasthan
CDR202600068284,2025-11-25,06:44:21,+917371519719,+919422165191,VOICE,22,404134004227625,357049269181579,Delhi_BTS_006,404-45-629-463,Delhi
CDR202600068286,2025-03-15,15:39:25,+916543542858,+918250075519,VOICE,267,404184465740399,354240144634234,Gujarat_BTS_005,404-45-716-028,Gujarat
CDR202600068290,2025-08-19,05:03:45,+918022471766,+917315573079,VOICE,10,404856472839696,350571291207959,UttarPradesh_BTS_004,404-45-170-901,Uttar Pradesh
CDR202600068291,2025-09-02,17:53:02,+918514351191,+918825094278,VOICE,81,404624676870548,357094566675089,Rajasthan_BTS_010,404-45-641-258,Rajasthan
CDR202600068299,2025-12-16,15:02:19,+918478798838,+916120287187,VOICE,47,404634316521496,350531773142970,Rajasthan_BTS_007,404-45-697-409,Rajasthan
CDR202600068309,2025-08-19,20:34:48,+917154767880,+918198046912,SMS,0,404132159148971,355999292002554,Mumbai_BTS_008,404-45-520-479,Mumbai
CDR202600068313,2025-04-11,11:49:22,+918141316801,+918646334557,VOICE,392,404180704485129,356394137564180,Karnataka_BTS_007,404-45-294-304,Karnataka
CDR202600068326,2025-11-20,15:02:35,+919451355422,+917375204266,VOICE,19,404971451622952,352615636636512,Mumbai_BTS_010,404-45-211-255,Mumbai
CDR202600068331,2025-05-24,07:04:39,+916237834522,+917284241516,VOICE,27,404690884726857,359815806300203,UttarPradesh_BTS_003,404-45-650-219,Uttar Pradesh
CDR202600068340,2025-09-18,23:28:45,+916212246320,+919409178421,SMS,0,404992676697472,351529610730051,Delhi_BTS_005,404-45-508-688,Delhi
CDR202600068359,2025-09-21,02:32:36,+919633887696,+916000914011,VOICE,314,404652641224520,357631371620079,Delhi_BTS_002,404-45-935-071,Delhi
CDR202600068384,2025-06-17,06:41:06,+916983699346,+917164056380,VOICE,153,404622798947285,359512766727633,Karnataka_BTS_007,404-45-294-304,Karnataka
CDR202600068390,2025-01-31,13:22:55,+918335058737,+916774850187,VOICE,104,404468687189613,358685348288295,WestBengal_BTS_002,404-45-205-363,West Bengal
CDR202600068397,2025-11-13,22:00:45,+918953146939,+918186295994,VOICE,65,404956687479327,358380249529956,Mumbai_BTS_003,404-45-334-070,Mumbai
CDR202600068403,2025-05-19,05:19:58,+916720582936,+917313672000,SMS,0,404245556217118,353140537561877,Rajasthan_BTS_006,404-45-242-253,Rajasthan
CDR202600068410,2025-05-18,04:03:09,+916018950497,+918087699107,SMS,0,404427107605994,358925740673790,UttarPradesh_BTS_001,404-45-234-688,Uttar Pradesh
CDR202600068414,2025-08-02,14:30:33,+918381531235,+916983480372,VOICE,208,404212108414946,351175182283670,Karnataka_BTS_005,404-45-565-293,Karnataka
CDR202600068424,2025-04-30,03:19:42,+919465827639,+917173526045,VOICE,42,404004588699286,352568455969917,WestBengal_BTS_003,404-45-258-948,West Bengal
CDR202600068428,2025-07-24,07:19:29,+917743316380,+918407468479,SMS,0,404179752374943,350273981773725,Gujarat_BTS_006,404-45-833-666,Gujarat
CDR202600068434,2025-12-03,12:00:42,+917076016385,+919304088017,VOICE,46,404645265487107,358781937625897,Gujarat_BTS_006,404-45-833-666,Gujarat
CDR202600068437,2025-01-20,12:33:45,+916410589582,+916703033328,VOICE,108,404432880474427,351574882492264,Delhi_BTS_006,404-45-223-254,Delhi
CDR202600068439,2025-05-04,15:35:26,+916659342899,+919655078268,VOICE,125,404480361460623,352618857427649,Mumbai_BTS_011,404-45-287-286,Mumbai
CDR202600068441,2025-04-06,20:54:55,+917599862745,+918481132189,VOICE,31,404627887210040,356036017703651,UttarPradesh_BTS_007,404-45-779-107,Uttar Pradesh
CDR202600068463,2025-07-04,02:34:42,+918547889936,+917050477573,VOICE,39,404235762677337,356005459530834,WestBengal_BTS_001,404-45-981-041,West Bengal
CDR202600068482,2025-09-02,00:55:15,+916915144159,+918768605929,VOICE,159,404098125879905,355622796714334,WestBengal_BTS_004,404-45-522-026,West Bengal
CDR202600068508,2025-05-07,15:39:11,+918031382106,+917713604459,VOICE,36,404910051812327,359249352745311,Karnataka_BTS_006,404-45-835-499,Karnataka
CDR202600068514,2025-06-16,05:01:40,+918485572124,+918473249061,VOICE,16,404289039592310,353053343558462,Rajasthan_BTS_013,404-45-448-115,Rajasthan
CDR202600068531,2025-07-11,11:24:21,+918588871993,+918072478648,VOICE,338,404381162084636,358265936599061,UttarPradesh_BTS_006,404-45-726-827,Uttar Pradesh
CDR202600068553,2025-03-02,17:04:02,+918147582074,+918862088779,VOICE,48,404720455943237,355847145802458,Rajasthan_BTS_016,404-45-961-655,Rajasthan
CDR202600068562,2025-08-20,00:15:38,+917473250842,+916226722085,VOICE,392,404721790291841,351505445852685,WestBengal_BTS_008,404-45-979-482,West Bengal
CDR202600068568,2025-04-25,10:36:03,+919097540151,+917282202555,VOICE,68,404941632451407,351190956774117,TamilNadu_BTS_001,404-45-158-052,Tamil Nadu
CDR202600068575,2025-11-24,11:14:18,+919539055439,+917604201224,VOICE,177,404434535223350,356034468856730,UttarPradesh_BTS_003,404-45-736-577,Uttar Pradesh
CDR202600068601,2025-05-03,17:28:55,+918454524696,+918403845425,SMS,0,404526381180744,351968352952468,Karnataka_BTS_003,404-45-597-493,Karnataka
CDR202600068612,2025-01-24,07:36:17,+916324724525,+917116094493,VOICE,173,404424884327982,356942945140804,WestBengal_BTS_001,404-45-915-996,West Bengal
CDR202600068645,2025-01-03,07:27:40,+918179229014,+918016213557,SMS,0,404426577272797,353309923582225,Rajasthan_BTS_010,404-45-710-066,Rajasthan
CDR202600068648,2025-08-12,02:59:23,+918291847197,+917510542175,VOICE,46,404156220483490,353539108281662,UttarPradesh_BTS_007,404-45-999-138,Uttar Pradesh
CDR202600068649,2025-12-24,14:58:37,+916226722085,+916383807491,VOICE,114,404836931057959,355341273638834,Maharashtra_BTS_002,404-45-926-045,Maharashtra
CDR202600068682,2025-12-29,09:06:01,+919768083331,+916258490597,VOICE,12,404893296259969,350077023628953,Rajasthan_BTS_016,404-45-961-655,Rajasthan
CDR202600068684,2025-09-21,23:14:29,+917125036008,+916260635104,VOICE,18,404281721408558,352629605476932,UttarPradesh_BTS_007,404-45-370-119,Uttar Pradesh
CDR202600068693,2025-05-21,11:33:20,+916239203362,+918804525702,SMS,0,404214255178874,355873222679111,Maharashtra_BTS_003,404-45-487-081,Maharashtra
CDR202600068700,2025-05-08,18:10:27,+918139765704,+917103776964,VOICE,295,404629162298574,357205547577746,Delhi_BTS_002,404-45-884-129,Delhi
CDR202600068701,2025-04-14,13:38:51,+919067991812,+917173526045,VOICE,105,404127048291361,354560464983743,Gujarat_BTS_008,404-45-814-433,Gujarat
CDR202600068710,2025-03-11,08:04:15,+916405134888,+919988690767,VOICE,234,404928533489829,357856220782707,Mumbai_BTS_008,404-45-520-479,Mumbai
CDR202600068716,2025-09-24,09:07:04,+916067587903,+917654753392,VOICE,89,404248064008768,357885839048422,WestBengal_BTS_004,404-45-283-755,West Bengal
CDR202600068725,2025-02-21,14:47:58,+916644086226,+916332495475,MISSED,0,404139802471292,351990294831756,UttarPradesh_BTS_012,404-45-145-004,Uttar Pradesh
CDR202600068726,2025-06-23,00:35:40,+917292142765,+917487718089,VOICE,61,404683142785243,350684748404194,WestBengal_BTS_004,404-45-283-755,West Bengal
CDR202600068742,2025-07-01,03:08:49,+918041369622,+918705018229,VOICE,99,404675056171721,353224482035570,Delhi_BTS_005,404-45-508-688,Delhi
CDR202600068747,2025-04-05,18:58:08,+916308738289,+917568309736,VOICE,326,404709937393612,351921504599232,Mumbai_BTS_005,404-45-626-244,Mumbai
CDR202600068762,2025-02-26,01:33:12,+917218722567,+918533177561,SMS,0,404163880494217,354884307760157,Gujarat_BTS_007,404-45-106-778,Gujarat
CDR202600068775,2025-02-27,08:08:08,+916326243819,+917345232220,VOICE,108,404101232690789,354980417445130,Mumbai_BTS_002,404-45-702-226,Mumbai
CDR202600068779,2025-10-26,03:12:29,+917359031931,+919272145577,VOICE,83,404542758054368,353992045246878,Maharashtra_BTS_004,404-45-821-072,Maharashtra
CDR202600068790,2025-08-29,12:56:14,+917352137764,+917604397567,VOICE,780,404184979291848,351737628124614,TamilNadu_BTS_002,404-45-158-984,Tamil Nadu
CDR202600068792,2025-07-14,23:53:03,+919049670765,+919269788997,VOICE,10,404755438789356,352854561052436,Maharashtra_BTS_008,404-45-818-960,Maharashtra
CDR202600068800,2025-10-18,09:49:53,+917045390498,+916983699346,VOICE,43,404647919817946,351587316731429,UttarPradesh_BTS_013,404-45-552-565,Uttar Pradesh
CDR202600068810,2025-10-23,20:37:57,+918160543442,+918302945701,SMS,0,404943515003843,354513041733219,TamilNadu_BTS_002,404-45-620-083,Tamil Nadu
CDR202600068820,2025-05-28,03:43:11,+917346187234,+916160615660,SMS,0,404863497884735,355174632162189,UttarPradesh_BTS_006,404-45-108-684,Uttar Pradesh
CDR202600068837,2025-10-06,14:30:38,+919714716749,+918395270269,VOICE,105,404251363074611,357579241740146,Delhi_BTS_002,404-45-231-676,Delhi
CDR202600068863,2025-12-03,17:34:48,+919303089176,+919726722966,VOICE,37,404328360732628,356269143015192,Delhi_BTS_003,404-45-371-541,Delhi
CDR202600068867,2025-06-16,16:45:33,+917813651180,+916431757889,VOICE,607,404684269717347,352651120311492,Karnataka_BTS_006,404-45-669-678,Karnataka
CDR202600068899,2025-10-29,10:02:21,+918639338747,+917913121448,VOICE,150,404442834128049,359991110427423,Karnataka_BTS_006,404-45-813-981,Karnataka
CDR202600068905,2025-10-15,11:03:21,+919414465248,+917790056636,VOICE,106,404981902315200,354145995637630,WestBengal_BTS_002,404-45-205-363,West Bengal
CDR202600068919,2025-10-16,12:19:54,+916781991519,+916566410702,VOICE,13,404247250655301,356735939257535,Maharashtra_BTS_005,404-45-181-876,Maharashtra
CDR202600068923,2025-06-09,09:27:09,+919429605845,+917861626307,VOICE,66,404012631446390,355358689978302,Mumbai_BTS_011,404-45-243-433,Mumbai
CDR202600068941,2025-08-28,19:40:17,+916567773143,+917038470095,MISSED,0,404805981955900,359201373126516,Rajasthan_BTS_003,404-45-924-324,Rajasthan
CDR202600068975,2025-10-31,11:24:40,+917208542337,+917790056636,VOICE,676,404495229580493,352003401657260,Gujarat_BTS_003,404-45-704-433,Gujarat
CDR202600068981,2025-04-18,01:52:11,+916362993543,+917997728186,VOICE,54,404774132219076,359626974428578,Rajasthan_BTS_010,404-45-641-258,Rajasthan
CDR202600068985,2025-09-06,11:54:25,+919847343643,+916756772254,VOICE,38,404857801169855,355220193012953,Maharashtra_BTS_004,404-45-691-197,Maharashtra
CDR202600068991,2025-03-03,15:05:53,+917017987590,+918681413673,VOICE,144,404805223546352,352552503197106,UttarPradesh_BTS_007,404-45-779-107,Uttar Pradesh
CDR202600068996,2025-05-15,18:35:07,+916793257571,+917165557850,SMS,0,404854898768103,351264296331890,UttarPradesh_BTS_001,404-45-371-406,Uttar Pradesh
CDR202600068998,2025-09-15,18:53:01,+919635256984,+916711627793,SMS,0,404879461516022,356537067558697,Mumbai_BTS_007,404-45-516-195,Mumbai
CDR202600069005,2025-11-21,02:49:23,+919300467117,+919886214499,VOICE,244,404658605433151,350793541627934,Rajasthan_BTS_005,404-45-505-906,Rajasthan
CDR202600069060,2025-06-23,07:38:42,+918133095302,+919777564751,SMS,0,404263381269378,358962025665442,TamilNadu_BTS_003,404-45-170-610,Tamil Nadu
CDR202600069067,2025-12-18,14:17:17,+919624317034,+916566410702,SMS,0,404515499934331,357683527235660,Gujarat_BTS_007,404-45-325-460,Gujarat
CDR202600069078,2025-07-08,06:57:47,+918981377102,+919208418675,VOICE,16,404837379899209,351146239803844,TamilNadu_BTS_001,404-45-614-942,Tamil Nadu
CDR202600069109,2025-08-16,17:33:45,+919726146663,+919911175837,VOICE,198,404472993768494,351027354312120,Mumbai_BTS_009,404-45-162-413,Mumbai
CDR202600069140,2025-06-01,13:59:25,+919231472534,+917050477573,VOICE,125,404916705435648,358717212766130,Mumbai_BTS_006,404-45-235-741,Mumbai
CDR202600069163,2025-06-24,01:11:54,+917297336967,+919347103210,VOICE,200,404894124826118,359250330543109,Maharashtra_BTS_006,404-45-987-104,Maharashtra
CDR202600069172,2025-03-18,09:45:33,+917038470095,+917916740444,VOICE,292,404641044073124,358452025917614,UttarPradesh_BTS_010,404-45-370-518,Uttar Pradesh
CDR202600069181,2025-06-07,06:18:39,+918911407159,+919147562773,VOICE,105,404123134074553,355899325015641,WestBengal_BTS_004,404-45-283-755,West Bengal
CDR202600069195,2025-07-18,05:31:44,+918603749632,+919624915154,VOICE,68,404116220515559,354213504338216,Rajasthan_BTS_016,404-45-303-157,Rajasthan
CDR202600069213,2025-02-05,14:23:38,+917463628825,+917691247999,MISSED,0,404401532276907,350168665612699,WestBengal_BTS_002,404-45-355-683,West Bengal
CDR202600069247,2025-10-28,18:25:11,+919472739833,+916905182618,VOICE,147,404924320607156,359675096143364,Delhi_BTS_005,404-45-830-320,Delhi
CDR202600069254,2025-04-11,07:40:45,+917806464417,+918749290390,VOICE,17,404441017823209,358000012030360,Mumbai_BTS_007,404-45-348-804,Mumbai
CDR202600069256,2025-07-20,17:56:10,+918324188515,+918582326746,VOICE,207,404375625759776,350904256606265,Rajasthan_BTS_009,404-45-911-697,Rajasthan
CDR202600069262,2025-05-07,04:48:13,+919070326311,+918886151686,VOICE,94,404772845347735,351540320689527,Gujarat_BTS_003,404-45-704-433,Gujarat
CDR202600069276,2025-03-20,16:55:13,+919322807894,+917123640419,VOICE,108,404152506975179,355618201812046,Maharashtra_BTS_006,404-45-987-104,Maharashtra
CDR202600069280,2025-03-18,10:21:34,+917947077688,+916420902003,VOICE,91,404415194838866,356811740097738,Mumbai_BTS_008,404-45-462-434,Mumbai
CDR202600069290,2025-08-05,08:29:20,+917880755294,+917318324593,SMS,0,404391065804089,352332040789068,Mumbai_BTS_006,404-45-785-498,Mumbai
CDR202600069307,2025-10-05,20:45:42,+918845391323,+919098463934,SMS,0,404127083355935,356904855075656,Rajasthan_BTS_016,404-45-619-624,Rajasthan
CDR202600069329,2025-06-29,18:39:46,+917855592437,+918639338747,VOICE,171,404402692367948,356315402229631,Delhi_BTS_002,404-45-884-129,Delhi
CDR202600069381,2025-08-14,11:06:12,+919794732472,+917928315736,VOICE,51,404038619977866,351622768337691,Rajasthan_BTS_019,404-45-471-900,Rajasthan
CDR202600069400,2025-08-21,06:16:22,+916329228510,+919042424399,VOICE,73,404041750860644,359531593335311,UttarPradesh_BTS_010,404-45-749-874,Uttar Pradesh
CDR202600069402,2025-06-08,09:17:50,+919823544431,+918734604354,SMS,0,404163314236917,354819170605105,Karnataka_BTS_006,404-45-835-499,Karnataka
CDR202600069412,2025-08-02,08:11:36,+918448663143,+916983699346,MISSED,0,404211475233926,355458532067953,WestBengal_BTS_006,404-45-373-164,West Bengal
CDR202600069441,2025-06-22,14:34:24,+917999412339,+919449746033,SMS,0,404657481770655,358902426015116,UttarPradesh_BTS_002,404-45-174-010,Uttar Pradesh
CDR202600069443,2025-05-05,14:02:49,+919699785818,+917291879073,VOICE,202,404275519901973,355899901202887,UttarPradesh_BTS_009,404-45-719-216,Uttar Pradesh
CDR202600069459,2025-01-23,03:44:20,+916807387424,+916793257571,VOICE,60,404249849699191,359677378144163,UttarPradesh_BTS_003,404-45-736-577,Uttar Pradesh
CDR202600069480,2025-06-01,15:43:00,+918739785356,+916022087476,VOICE,221,404313748838261,350957216858894,WestBengal_BTS_001,404-45-915-996,West Bengal
CDR202600069492,2025-04-11,01:32:56,+916113148304,+919144983537,VOICE,81,404630342360375,355106872697450,UttarPradesh_BTS_013,404-45-265-760,Uttar Pradesh
CDR202600069497,2025-04-28,01:54:26,+918319944674,+918395308633,VOICE,61,404806274449316,353720449121324,WestBengal_BTS_003,404-45-258-948,West Bengal
CDR202600069501,2025-08-08,11:10:42,+916758065971,+917744360064,VOICE,192,404320517865762,359474122713721,Maharashtra_BTS_001,404-45-881-345,Maharashtra
CDR202600069522,2025-05-16,09:30:37,+917526964242,+917162471850,VOICE,105,404916845285673,357785855799387,Rajasthan_BTS_004,404-45-835-323,Rajasthan
CDR202600069561,2025-12-01,02:57:56,+918431994101,+917924251931,VOICE,181,404964852820220,357227074076315,WestBengal_BTS_008,404-45-979-482,West Bengal
CDR202600069569,2025-07-15,00:29:58,+919215789083,+919351020464,VOICE,239,404128606835753,357222136423862,Karnataka_BTS_001,404-45-767-554,Karnataka
CDR202600069570,2025-12-27,23:30:33,+917555664956,+917808598623,MISSED,0,404211548585992,359044354035118,Gujarat_BTS_005,404-45-338-518,Gujarat
CDR202600069611,2025-08-09,02:02:40,+919832785014,+919632716087,VOICE,111,404483938346562,351481761117407,Rajasthan_BTS_007,404-45-605-094,Rajasthan
CDR202600069634,2025-09-02,16:07:21,+918677835293,+917737079775,SMS,0,404914110856479,359942593657521,Delhi_BTS_003,404-45-993-622,Delhi
CDR202600069640,2025-03-29,21:21:49,+916060935466,+917103776964,VOICE,64,404899773157430,351876107171928,Karnataka_BTS_003,404-45-597-493,Karnataka
CDR202600069643,2025-08-04,23:00:14,+916172825755,+917242040730,VOICE,148,404937076517802,355535825415362,Karnataka_BTS_002,404-45-195-949,Karnataka
CDR202600069647,2025-08-15,09:30:01,+917933350510,+916814966618,VOICE,11,404676170832880,356890783418201,UttarPradesh_BTS_011,404-45-194-650,Uttar Pradesh
CDR202600069649,2025-05-25,06:54:42,+919303389988,+916992253903,VOICE,213,404960859514954,350692230631326,Karnataka_BTS_006,404-45-835-499,Karnataka
CDR202600069691,2025-06-03,10:43:33,+916721272168,+919335674247,SMS,0,404225626373671,350072899430410,Gujarat_BTS_004,404-45-130-096,Gujarat
CDR202600069692,2025-09-23,01:06:27,+917790056636,+917701254906,VOICE,24,404234553874690,359037807415142,WestBengal_BTS_006,404-45-906-719,West Bengal
CDR202600069730,2025-07-02,03:13:54,+917975017094,+916774681896,VOICE,131,404152627819330,350317885402698,Mumbai_BTS_004,404-45-980-339,Mumbai
CDR202600069739,2025-10-14,12:21:36,+916559231263,+917551061762,VOICE,184,404432091832087,355044533977277,UttarPradesh_BTS_009,404-45-719-216,Uttar Pradesh
CDR202600069748,2025-02-24,00:53:00,+917652537154,+918728614929,VOICE,150,404942195487237,350923176036450,UttarPradesh_BTS_010,404-45-370-518,Uttar Pradesh
CDR202600069749,2025-09-14,03:58:00,+916810780965,+919764205453,VOICE,85,404278371268641,353184037566106,UttarPradesh_BTS_010,404-45-370-518,Uttar Pradesh
CDR202600069751,2025-08-22,23:54:20,+917780325783,+917971232630,VOICE,135,404164446601476,354093762640831,Gujarat_BTS_008,404-45-448-285,Gujarat
CDR202600069798,2025-02-02,17:13:41,+916889163629,+918953459059,SMS,0,404232429533485,352478929717171,TamilNadu_BTS_006,404-45-678-536,Tamil Nadu
CDR202600069820,2025-11-10,09:59:03,+918940237490,+919306698575,VOICE,23,404884974809132,359120968456605,Rajasthan_BTS_016,404-45-961-655,Rajasthan
CDR202600069845,2025-07-13,08:19:42,+917508657835,+916566410702,SMS,0,404583148687297,355838120873937,Rajasthan_BTS_011,404-45-796-739,Rajasthan
CDR202600069850,2025-11-08,07:19:56,+918478798838,+918027122973,VOICE,169,404634316521496,350531773142970,Mumbai_BTS_007,404-45-584-827,Mumbai
CDR202600069867,2025-11-03,17:54:44,+919001283900,+919409713050,VOICE,96,404827230112674,356611815031546,WestBengal_BTS_004,404-45-283-755,West Bengal
CDR202600069878,2025-10-20,12:24:41,+917045783733,+919730677713,VOICE,129,404350993155605,356941951937329,UttarPradesh_BTS_011,404-45-966-053,Uttar Pradesh
CDR202600069904,2025-02-04,12:59:59,+916002531356,+917946672758,SMS,0,404818122481836,350585101669452,UttarPradesh_BTS_003,404-45-202-076,Uttar Pradesh
CDR202600069940,2025-03-18,00:49:14,+917841153209,+919477846389,SMS,0,404647520240209,354021875474862,Delhi_BTS_005,404-45-508-688,Delhi
CDR202600069942,2025-07-01,12:55:09,+918438901003,+919040193458,VOICE,83,404300837083033,353626590330348,Rajasthan_BTS_016,404-45-961-655,Rajasthan
CDR202600069951,2025-01-15,10:54:11,+919333238923,+919049670765,SMS,0,404658790244141,355457729966287,Delhi_BTS_006,404-45-629-463,Delhi
CDR202600069952,2025-07-14,04:38:18,+917458741648,+918132420926,VOICE,2,404376061087820,356078130499542,WestBengal_BTS_003,404-45-735-768,West Bengal
CDR202600069982,2025-03-05,21:14:22,+919055781480,+919298701709,VOICE,225,404908385479809,351588243035260,Gujarat_BTS_002,404-45-328-143,Gujarat
CDR202600069983,2025-10-13,03:27:15,+919724964218,+919253347453,MISSED,0,404970589162927,351231084708749,UttarPradesh_BTS_003,404-45-650-219,Uttar Pradesh
CDR202600069986,2025-07-09,13:24:15,+916107926886,+916769527221,VOICE,13,404728057974850,358855644717995,Rajasthan_BTS_003,404-45-924-324,Rajasthan
CDR202600069994,2025-05-26,20:31:46,+919311205642,+919976782155,VOICE,256,404505365051990,353902178931859,Karnataka_BTS_002,404-45-195-949,Karnataka
CDR202600070017,2025-07-02,14:18:11,+918804035728,+917694064296,VOICE,165,404426858966184,357650337480932,Mumbai_BTS_004,404-45-980-339,Mumbai
CDR202600070056,2025-07-10,03:07:23,+918825273229,+918157830462,VOICE,10,404960432794442,351062848382677,Maharashtra_BTS_003,404-45-649-128,Maharashtra
CDR202600070094,2025-04-18,10:25:28,+916199842463,+919516667398,VOICE,38,404756238192259,350080024057789,Karnataka_BTS_007,404-45-294-304,Karnataka
CDR202600070108,2025-07-06,02:33:05,+919080993034,+917885171272,VOICE,157,404464781720643,359058681295022,Karnataka_BTS_005,404-45-102-400,Karnataka
CDR202600070114,2025-03-15,14:22:24,+918022471766,+917565085794,VOICE,78,404856472839696,350571291207959,TamilNadu_BTS_004,404-45-513-123,Tamil Nadu
CDR202600070117,2025-10-21,16:39:58,+918210095563,+918798613442,SMS,0,404114302094584,350746226387974,UttarPradesh_BTS_014,404-45-214-078,Uttar Pradesh
CDR202600070121,2025-12-01,18:10:10,+919683871134,+916644086226,VOICE,120,404210300772604,357689132320095,Delhi_BTS_003,404-45-993-622,Delhi
CDR202600070132,2025-12-03,21:11:28,+918626527938,+916324219528,MISSED,0,404337758518713,358893153481612,Mumbai_BTS_010,404-45-211-255,Mumbai
CDR202600070148,2025-07-31,09:52:03,+918310597374,+917428641281,VOICE,153,404578790520999,352141082234429,Delhi_BTS_006,404-45-629-463,Delhi
CDR202600070154,2025-09-14,10:22:51,+918952279212,+916138269495,VOICE,123,404208990627549,350413385390776,UttarPradesh_BTS_004,404-45-170-901,Uttar Pradesh
CDR202600070165,2025-07-10,22:57:05,+918084960515,+919376485855,VOICE,38,404834546926461,352642436385735,Karnataka_BTS_006,404-45-835-499,Karnataka
CDR202600070184,2025-06-11,05:41:27,+918338572713,+916566410702,VOICE,198,404486680876769,359089063237279,UttarPradesh_BTS_003,404-45-202-076,Uttar Pradesh
CDR202600070213,2025-07-22,04:12:19,+918326295564,+919327809757,VOICE,30,404831348841198,351672078913180,Gujarat_BTS_002,404-45-328-143,Gujarat
CDR202600070216,2025-08-13,11:23:15,+918395233382,+919638401827,VOICE,34,404491769674929,359131733047542,Rajasthan_BTS_005,404-45-505-906,Rajasthan
CDR202600070232,2025-06-23,21:53:11,+919008476720,+917753706779,VOICE,161,404032980199298,357907800040045,TamilNadu_BTS_006,404-45-773-598,Tamil Nadu
CDR202600070274,2025-02-28,04:10:46,+918154023060,+917789224735,VOICE,61,404893942830968,353863356770512,Maharashtra_BTS_001,404-45-204-095,Maharashtra
CDR202600070289,2025-08-03,05:25:07,+918904218146,+916397337096,SMS,0,404851581074666,356596392659134,UttarPradesh_BTS_003,404-45-736-577,Uttar Pradesh
CDR202600070294,2025-07-01,03:27:07,+916138269495,+919663933582,VOICE,193,404066709678054,357073027438579,Maharashtra_BTS_004,404-45-146-678,Maharashtra
CDR202600070301,2025-11-08,14:13:41,+918324188515,+918931917368,VOICE,137,404375625759776,350904256606265,UttarPradesh_BTS_013,404-45-552-565,Uttar Pradesh
CDR202600070306,2025-06-23,02:01:45,+919689954668,+918022731031,VOICE,12,404962482169580,354487431859263,UttarPradesh_BTS_013,404-45-552-565,Uttar Pradesh
CDR202600070325,2025-12-22,14:38:38,+919616833360,+918033642591,VOICE,106,404460771874401,359807494315228,Rajasthan_BTS_002,404-45-334-842,Rajasthan
CDR202600070342,2025-04-01,10:57:53,+918885004458,+917275157302,VOICE,88,404219411662211,355456812721059,Maharashtra_BTS_003,404-45-949-644,Maharashtra
CDR202600070347,2025-06-18,10:39:04,+916022087476,+917130521357,SMS,0,404180972578257,359573310062722,Gujarat_BTS_006,404-45-818-559,Gujarat
CDR202600070348,2025-03-19,17:04:57,+917250328744,+918071675894,VOICE,44,404507586727508,352831804833569,UttarPradesh_BTS_011,404-45-357-928,Uttar Pradesh
CDR202600070362,2025-10-04,12:28:07,+916410834554,+916793257571,VOICE,210,404617725352254,354183895931955,Rajasthan_BTS_016,404-45-961-655,Rajasthan
CDR202600070384,2025-04-25,01:55:03,+919796214491,+917987739524,VOICE,25,404173298035898,358887385666814,Rajasthan_BTS_005,404-45-771-512,Rajasthan
CDR202600070387,2025-07-15,07:05:55,+919566359010,+919151396872,VOICE,67,404567747803805,354622712309207,Rajasthan_BTS_010,404-45-710-480,Rajasthan
CDR202600070398,2025-01-02,19:59:41,+916661818948,+917487718089,SMS,0,404328893621551,352390536422355,Delhi_BTS_004,404-45-652-774,Delhi
CDR202600070422,2025-03-23,12:50:16,+916239203362,+916724635767,VOICE,104,404214255178874,355873222679111,Rajasthan_BTS_019,404-45-951-827,Rajasthan
CDR202600070425,2025-12-21,21:52:36,+919298981264,+917195063719,SMS,0,404399381767864,358404746457162,Mumbai_BTS_010,404-45-211-255,Mumbai
CDR202600070429,2025-07-26,00:30:58,+918811034388,+917691770113,VOICE,86,404420393991230,357472371360590,WestBengal_BTS_007,404-45-491-894,West Bengal
CDR202600070434,2025-06-23,08:34:47,+918193962511,+917938658780,VOICE,88,404706461434176,353427959588833,Gujarat_BTS_005,404-45-716-028,Gujarat
CDR202600070448,2025-11-20,23:49:19,+918667008125,+917984465285,SMS,0,404959919984195,354773150029953,Rajasthan_BTS_001,404-45-755-705,Rajasthan
CDR202600070457,2025-01-11,15:59:53,+919631160683,+917691247999,VOICE,30,404420010950948,354966202491655,WestBengal_BTS_006,404-45-373-164,West Bengal
CDR202600070491,2025-01-23,13:17:02,+918966735221,+918311415715,VOICE,149,404619157727644,350674698892713,Maharashtra_BTS_008,404-45-799-664,Maharashtra
CDR202600070511,2025-02-28,22:47:08,+919911059687,+919327809757,VOICE,87,404610360686344,359452364408867,Mumbai_BTS_010,404-45-296-195,Mumbai
CDR202600070513,2025-09-13,19:58:09,+917592249545,+918846399732,SMS,0,404414762676403,358023494000203,Mumbai_BTS_011,404-45-243-433,Mumbai
CDR202600070515,2025-06-06,21:27:18,+919956147272,+917314099350,VOICE,97,404750729531744,351991337979179,Mumbai_BTS_008,404-45-520-479,Mumbai
CDR202600070526,2025-05-17,00:31:34,+918072478648,+917762394148,VOICE,71,404376090400440,355029339287652,Rajasthan_BTS_014,404-45-564-004,Rajasthan
CDR202600070531,2025-12-29,21:37:49,+918073657145,+918234659344,VOICE,17,404625967587242,355968443855900,Rajasthan_BTS_001,404-45-670-225,Rajasthan
CDR202600070534,2025-05-27,13:49:10,+919975295363,+917346187234,VOICE,168,404823326931024,358520266766902,Rajasthan_BTS_004,404-45-374-068,Rajasthan
CDR202600070573,2025-02-04,14:38:30,+918231300391,+919548918958,VOICE,245,404564150045226,350127179912118,Delhi_BTS_002,404-45-884-129,Delhi
CDR202600070578,2025-07-11,04:17:10,+917072294500,+918946516483,VOICE,275,404455842257216,350858377264983,UttarPradesh_BTS_013,404-45-265-760,Uttar Pradesh
CDR202600070585,2025-07-20,09:49:27,+918530957544,+917790056636,VOICE,181,404400418876935,359586243557151,Rajasthan_BTS_001,404-45-755-705,Rajasthan
CDR202600070596,2025-03-02,20:59:56,+917163319940,+917375204266,SMS,0,404944499695471,356628658860732,UttarPradesh_BTS_011,404-45-357-928,Uttar Pradesh
CDR202600070641,2025-10-30,22:27:50,+916655642600,+916692052062,VOICE,53,404527511809286,354054632164844,WestBengal_BTS_006,404-45-906-719,West Bengal
CDR202600070644,2025-11-24,03:36:24,+919921386123,+919406501592,VOICE,149,404036017873742,357544410433316,WestBengal_BTS_005,404-45-901-954,West Bengal
CDR202600070645,2025-07-14,08:20:09,+918073269811,+917637842746,VOICE,36,404228986043786,356016062808826,Maharashtra_BTS_001,404-45-204-095,Maharashtra
CDR202600070700,2025-10-26,10:24:09,+918438901003,+917462463390,SMS,0,404300837083033,353626590330348,UttarPradesh_BTS_005,404-45-261-449,Uttar Pradesh
CDR202600070703,2025-09-18,22:37:49,+917713644980,+919611078761,VOICE,224,404543330628683,355320449152160,UttarPradesh_BTS_004,404-45-457-903,Uttar Pradesh
CDR202600070716,2025-05-09,22:48:13,+918875457856,+919910512157,VOICE,149,404268033078806,351709418085617,Maharashtra_BTS_002,404-45-718-271,Maharashtra
CDR202600070722,2025-06-04,12:56:47,+916768547198,+919256264316,SMS,0,404168341942961,352284718686872,Rajasthan_BTS_016,404-45-619-624,Rajasthan
CDR202600070735,2025-05-01,03:04:21,+917912339487,+918966735221,MISSED,0,404771073968851,353111836921207,TamilNadu_BTS_004,404-45-513-123,Tamil Nadu
CDR202600070748,2025-01-31,12:05:39,+916073749554,+917274340836,VOICE,62,404747202138425,353215994276127,WestBengal_BTS_009,404-45-571-359,West Bengal
CDR202600070779,2025-05-07,19:01:04,+919019032610,+918048587727,VOICE,149,404829339959359,358068801797683,UttarPradesh_BTS_012,404-45-145-004,Uttar Pradesh
CDR202600070785,2025-03-15,14:56:01,+916360495844,+917346187234,VOICE,10,404232566285199,352290428501886,Maharashtra_BTS_007,404-45-473-167,Maharashtra
CDR202600070836,2025-11-18,18:04:53,+917555664956,+918531943344,SMS,0,404211548585992,359044354035118,Delhi_BTS_006,404-45-548-922,Delhi
CDR202600070856,2025-02-16,13:28:23,+918250075519,+918230823210,VOICE,165,404574503330800,357456086029818,Karnataka_BTS_001,404-45-767-554,Karnataka
CDR202600070861,2025-12-03,02:00:56,+918651873040,+917754642980,SMS,0,404518637965093,356910573611484,Gujarat_BTS_005,404-45-338-518,Gujarat
CDR202600070903,2025-11-03,20:50:29,+919359694403,+919322807894,SMS,0,404400178315139,359258996101217,Delhi_BTS_001,404-45-180-088,Delhi
CDR202600070945,2025-10-14,20:15:21,+918374009466,+918022471766,VOICE,81,404975781006091,352303770657703,Rajasthan_BTS_009,404-45-911-697,Rajasthan
CDR202600070956,2025-07-03,18:59:20,+916291821796,+917987814590,VOICE,110,404664140238026,354830214035306,Rajasthan_BTS_006,404-45-242-253,Rajasthan
CDR202600070965,2025-02-24,06:36:11,+917789224735,+916975651122,VOICE,153,404036696620777,357336902307662,Delhi_BTS_002,404-45-231-676,Delhi
CDR202600070968,2025-01-07,23:06:40,+918787249162,+918022471766,MISSED,0,404841835665323,358278979951745,Gujarat_BTS_006,404-45-818-559,Gujarat
CDR202600070984,2025-08-10,01:07:55,+918576884534,+919300467117,SMS,0,404313428163178,351762521949279,Gujarat_BTS_008,404-45-448-285,Gujarat
CDR202600070996,2025-07-19,21:33:04,+918981533864,+918276932638,VOICE,11,404266293801277,358262898690810,Rajasthan_BTS_013,404-45-887-657,Rajasthan
CDR202600071017,2025-03-02,14:50:50,+916422315453,+918517540952,SMS,0,404072612434239,356142059327116,UttarPradesh_BTS_004,404-45-457-903,Uttar Pradesh
CDR202600071018,2025-07-25,03:29:31,+919245695836,+918973195156,VOICE,124,404071322834480,353684877536098,Karnataka_BTS_004,404-45-985-411,Karnataka
CDR202600071025,2025-11-26,18:10:46,+916788994233,+919429605845,SMS,0,404960223759142,353129998447704,Karnataka_BTS_007,404-45-322-992,Karnataka
CDR202600071034,2025-03-10,23:42:22,+918680112037,+916406226532,VOICE,35,404931423436384,350022633249291,Delhi_BTS_002,404-45-935-071,Delhi
CDR202600071037,2025-10-13,13:01:41,+916260635104,+919928904654,SMS,0,404612283039936,352075813507734,Delhi_BTS_004,404-45-652-774,Delhi
CDR202600071040,2025-11-25,12:14:01,+918220212925,+917765785944,SMS,0,404895764439083,350237182142380,Delhi_BTS_006,404-45-629-463,Delhi
CDR202600071048,2025-06-21,02:38:27,+917762776695,+918845391323,VOICE,46,404751179186980,353991911051630,WestBengal_BTS_005,404-45-785-885,West Bengal
CDR202600071054,2025-12-14,01:25:03,+917096200021,+919921797910,VOICE,42,404037362830229,358984163948072,Mumbai_BTS_006,404-45-785-498,Mumbai
CDR202600071078,2025-08-17,23:10:53,+917604830854,+917014021256,VOICE,454,404560199968998,352365114479629,WestBengal_BTS_004,404-45-522-026,West Bengal
CDR202600071083,2025-11-01,20:17:45,+918741550706,+918626002812,VOICE,64,404503668221584,357972942224507,TamilNadu_BTS_004,404-45-683-253,Tamil Nadu
CDR202600071093,2025-04-17,08:46:48,+916566410702,+917768078171,VOICE,43,404832790840193,358074749382953,Rajasthan_BTS_002,404-45-334-842,Rajasthan
CDR202600071108,2025-09-21,08:27:12,+918094022864,+918024081573,VOICE,354,404349472037700,356068837217893,UttarPradesh_BTS_008,404-45-860-567,Uttar Pradesh
CDR202600071109,2025-08-25,19:29:22,+918677835293,+918098046185,VOICE,250,404914110856479,359942593657521,Delhi_BTS_002,404-45-878-546,Delhi
CDR202600071111,2025-10-19,19:37:47,+917477895275,+916655642600,VOICE,149,404955634980574,350624267965259,Karnataka_BTS_006,404-45-669-678,Karnataka
CDR202600071118,2025-07-03,02:54:52,+919210440205,+918791250454,SMS,0,404614263663820,350677466958333,Mumbai_BTS_006,404-45-235-741,Mumbai
CDR202600071122,2025-02-26,22:20:40,+916501314508,+916604663553,VOICE,41,404783668610175,356349277455500,Maharashtra_BTS_009,404-45-350-168,Maharashtra
CDR202600071129,2025-08-06,08:02:35,+916206944144,+916407278134,VOICE,16,404051340089299,355760815036286,Maharashtra_BTS_007,404-45-479-364,Maharashtra
CDR202600071134,2025-03-17,19:02:39,+918881580265,+919520134074,VOICE,162,404913217065967,351650320782433,Mumbai_BTS_012,404-45-553-828,Mumbai
CDR202600071138,2025-01-23,07:52:12,+919303389988,+918733363458,VOICE,25,404960859514954,350692230631326,Rajasthan_BTS_017,404-45-652-977,Rajasthan
CDR202600071139,2025-04-28,07:19:22,+919967560456,+918438901003,VOICE,82,404229889621630,355001522559758,Rajasthan_BTS_016,404-45-303-157,Rajasthan
CDR202600071160,2025-12-28,19:39:58,+917422237345,+919530476674,VOICE,3,404708579347132,355258184002898,Maharashtra_BTS_003,404-45-487-081,Maharashtra
CDR202600071164,2025-09-11,22:20:39,+919820790871,+919524942003,VOICE,184,404188559435370,357828701251599,Mumbai_BTS_009,404-45-162-413,Mumbai
CDR202600071171,2025-02-24,23:31:26,+916442684297,+918736319643,VOICE,64,404728455310117,352482924180978,Maharashtra_BTS_007,404-45-473-167,Maharashtra
CDR202600071176,2025-06-02,04:30:13,+918845391323,+916809281418,MISSED,0,404127083355935,356904855075656,WestBengal_BTS_005,404-45-785-885,West Bengal
CDR202600071191,2025-10-05,20:36:31,+919873061059,+917603737434,VOICE,112,404208938864289,350762394680586,Mumbai_BTS_010,404-45-211-255,Mumbai
CDR202600071195,2025-03-02,00:28:11,+916315447290,+916718698921,VOICE,93,404561815653242,358936219659373,WestBengal_BTS_003,404-45-342-886,West Bengal
CDR202600071213,2025-06-25,18:58:34,+917639264698,+919298342479,VOICE,12,404214663596236,355331163958148,TamilNadu_BTS_004,404-45-683-253,Tamil Nadu
CDR202600071238,2025-04-20,03:55:26,+916837800030,+919476084806,VOICE,109,404664010333189,353561641256611,Rajasthan_BTS_016,404-45-619-624,Rajasthan
CDR202600071243,2025-08-17,20:41:40,+919548918958,+919416939415,SMS,0,404528017635067,356913400110982,Maharashtra_BTS_003,404-45-649-128,Maharashtra
CDR202600071249,2025-11-28,07:20:47,+917785057063,+917192710528,MISSED,0,404594950011869,355884798642136,TamilNadu_BTS_005,404-45-734-084,Tamil Nadu
CDR202600071252,2025-08-06,11:56:52,+918097093835,+917765785944,VOICE,49,404115638612281,353859935820249,Rajasthan_BTS_019,404-45-471-900,Rajasthan
CDR202600071259,2025-02-22,11:33:43,+916703033328,+918774597116,VOICE,182,404534663469013,350884351870079,Rajasthan_BTS_004,404-45-374-068,Rajasthan
CDR202600071290,2025-04-21,18:10:04,+919436655272,+917330989925,SMS,0,404681462770294,359689881937404,Delhi_BTS_003,404-45-662-170,Delhi
CDR202600071291,2025-09-08,06:58:15,+917168153605,+918061254764,MISSED,0,404861958570695,350964486494738,Rajasthan_BTS_010,404-45-710-066,Rajasthan
CDR202600071301,2025-08-20,22:16:43,+919428347981,+917260525274,VOICE,23,404080337649333,355782041831231,Rajasthan_BTS_011,404-45-796-739,Rajasthan
CDR202600071366,2025-06-22,18:14:57,+918193199750,+918140999996,VOICE,327,404422089614356,354281342559296,Mumbai_BTS_002,404-45-702-226,Mumbai
CDR202600071371,2025-07-19,19:54:52,+916768200913,+918487119755,VOICE,106,404313833588735,353694004035084,Rajasthan_BTS_016,404-45-619-624,Rajasthan
CDR202600071375,2025-04-22,05:27:00,+919256264316,+916479664596,VOICE,74,404504327748677,356164543648007,Delhi_BTS_003,404-45-371-541,Delhi
CDR202600071410,2025-12-13,10:20:56,+916703033328,+918321214904,VOICE,17,404534663469013,350884351870079,Mumbai_BTS_011,404-45-243-433,Mumbai
CDR202600071411,2025-10-31,21:15:29,+918056588210,+918649972048,VOICE,171,404717721386919,353998154043319,UttarPradesh_BTS_002,404-45-174-010,Uttar Pradesh
CDR202600071455,2025-01-17,04:47:17,+918994803417,+916830684150,VOICE,45,404649368015064,351560175893296,Karnataka_BTS_002,404-45-195-949,Karnataka
CDR202600071474,2025-06-03,09:37:22,+918604732277,+919017843264,VOICE,13,404934481827891,350704595805419,Maharashtra_BTS_007,404-45-473-167,Maharashtra
CDR202600071479,2025-07-27,04:46:14,+917271377779,+919896429999,VOICE,66,404651390036941,356894570116240,UttarPradesh_BTS_004,404-45-170-901,Uttar Pradesh
CDR202600071488,2025-12-28,21:08:30,+916274990881,+916552410937,VOICE,187,404755684535020,352391474599118,Rajasthan_BTS_015,404-45-282-520,Rajasthan
CDR202600071509,2025-07-31,16:50:59,+918071212153,+919373141460,SMS,0,404066982054682,350457719295578,Delhi_BTS_002,404-45-878-546,Delhi
CDR202600071549,2025-06-05,11:28:39,+918692406216,+918829617027,VOICE,23,404955027655153,352100149984754,Mumbai_BTS_011,404-45-573-256,Mumbai
CDR202600071615,2025-07-01,07:37:25,+919028034948,+917537891077,VOICE,256,404879763016131,354142977843868,UttarPradesh_BTS_010,404-45-749-874,Uttar Pradesh
CDR202600071628,2025-12-04,22:26:06,+917934503869,+919531565815,VOICE,2,404010548437825,353923354022349,Rajasthan_BTS_016,404-45-619-624,Rajasthan
CDR202600071630,2025-06-06,13:37:15,+917675728341,+916089251110,VOICE,300,404848589455349,356518780507465,Rajasthan_BTS_014,404-45-839-897,Rajasthan
CDR202600071642,2025-11-26,01:02:52,+916138269495,+919524385848,VOICE,42,404066709678054,357073027438579,UttarPradesh_BTS_011,404-45-194-650,Uttar Pradesh
CDR202600071719,2025-12-09,05:58:02,+917325824502,+918147651676,VOICE,27,404838435374526,350223017454978,Mumbai_BTS_011,404-45-243-433,Mumbai
CDR202600071753,2025-12-20,19:58:54,+918041465145,+918799546719,VOICE,469,404040083385453,356581929376606,Maharashtra_BTS_002,404-45-718-271,Maharashtra
CDR202600071775,2025-12-27,00:25:32,+917462521273,+918079164441,VOICE,9,404611818698618,358968125645756,Maharashtra_BTS_002,404-45-967-353,Maharashtra
CDR202600071787,2025-10-07,18:17:40,+917741532508,+917414556776,VOICE,109,404462747026009,356930470218900,WestBengal_BTS_009,404-45-571-359,West Bengal
CDR202600071797,2025-04-11,03:21:12,+918335058737,+916288499688,VOICE,2,404468687189613,358685348288295,Rajasthan_BTS_001,404-45-376-948,Rajasthan
CDR202600071810,2025-08-12,15:00:51,+919409713050,+918912069515,VOICE,79,404174628517227,357025836520640,Maharashtra_BTS_004,404-45-146-678,Maharashtra
CDR202600071812,2025-10-17,15:06:42,+918022471766,+919293839888,SMS,0,404856472839696,350571291207959,Rajasthan_BTS_014,404-45-564-004,Rajasthan
CDR202600071822,2025-09-10,16:08:31,+919471552494,+919303389988,VOICE,3,404056198564875,355996516601617,Mumbai_BTS_006,404-45-319-553,Mumbai
CDR202600071856,2025-08-09,20:33:18,+918172548486,+917878083725,VOICE,6,404030644263963,354835062021205,Karnataka_BTS_007,404-45-322-992,Karnataka
CDR202600071858,2025-01-05,03:27:13,+917173526045,+919777564751,VOICE,273,404260239063110,353966197190675,Gujarat_BTS_007,404-45-928-891,Gujarat
CDR202600071863,2025-11-18,13:40:37,+918826730580,+918231393264,SMS,0,404626585615852,351717350884942,Gujarat_BTS_005,404-45-716-028,Gujarat
CDR202600071890,2025-10-13,17:29:05,+919628735489,+918666712354,VOICE,57,404073780085336,355936983314124,Maharashtra_BTS_002,404-45-199-368,Maharashtra
CDR202600071923,2025-03-31,15:06:18,+917560073621,+918741550706,VOICE,249,404350590736917,350564988140987,Mumbai_BTS_001,404-45-446-022,Mumbai
CDR202600071931,2025-12-04,17:55:21,+919628670668,+917103776964,VOICE,6,404772711482284,353968203451361,UttarPradesh_BTS_015,404-45-658-037,Uttar Pradesh
CDR202600071941,2025-02-28,14:47:41,+919726146663,+918347779013,VOICE,128,404472993768494,351027354312120,Mumbai_BTS_007,404-45-516-195,Mumbai
CDR202600071960,2025-10-01,11:17:32,+916420902003,+917126880860,VOICE,83,404686968666353,355610548234536,WestBengal_BTS_001,404-45-415-374,West Bengal
CDR202600071992,2025-10-06,21:41:50,+916545444141,+919537787576,VOICE,34,404519526173522,352016802106728,Maharashtra_BTS_006,404-45-489-285,Maharashtra
CDR202600072001,2025-10-14,18:11:07,+918649972048,+917361964508,SMS,0,404729167024194,354276436560927,Rajasthan_BTS_016,404-45-303-157,Rajasthan
CDR202600072045,2025-01-13,02:31:34,+916018239046,+916125151698,VOICE,186,404349788297057,353778875379356,Gujarat_BTS_007,404-45-703-285,Gujarat
CDR202600072061,2025-02-22,09:09:07,+918765396450,+916138269495,VOICE,31,404011292829339,353445551282313,Maharashtra_BTS_003,404-45-487-081,Maharashtra
CDR202600072074,2025-12-14,13:26:01,+918299522174,+916720582936,VOICE,132,404043418808420,359947389687446,Maharashtra_BTS_003,404-45-949-644,Maharashtra
CDR202600072086,2025-05-21,08:58:55,+918307487855,+917345354711,VOICE,202,404346643418659,352111201754157,UttarPradesh_BTS_012,404-45-233-653,Uttar Pradesh
CDR202600072089,2025-11-11,03:24:31,+918132420926,+916306053410,SMS,0,404387050182283,354164549934649,UttarPradesh_BTS_007,404-45-999-138,Uttar Pradesh
CDR202600072106,2025-12-26,23:12:40,+919484302634,+916803693943,VOICE,143,404472287228034,359214823904679,Delhi_BTS_003,404-45-371-541,Delhi
CDR202600072118,2025-04-17,10:26:43,+918798708338,+919541078632,VOICE,364,404855603653001,359263123065166,Rajasthan_BTS_013,404-45-448-115,Rajasthan
CDR202600072122,2025-07-06,00:25:07,+917680336387,+916138269495,VOICE,49,404788468683667,359420616259050,Maharashtra_BTS_001,404-45-881-345,Maharashtra
CDR202600072134,2025-02-20,23:14:51,+916018950497,+916935232307,VOICE,339,404427107605994,358925740673790,Maharashtra_BTS_004,404-45-821-072,Maharashtra
CDR202600072138,2025-01-04,04:34:53,+919189190147,+919248670364,VOICE,76,404346935920791,355755559114711,Maharashtra_BTS_007,404-45-473-167,Maharashtra
CDR202600072158,2025-10-03,14:57:46,+918434942218,+918533304058,VOICE,114,404851572477207,352079025471309,UttarPradesh_BTS_011,404-45-533-850,Uttar Pradesh
CDR202600072169,2025-12-04,08:45:43,+917150453200,+916329228510,VOICE,105,404640641383955,352600401352008,TamilNadu_BTS_004,404-45-683-253,Tamil Nadu
CDR202600072182,2025-11-18,22:48:29,+919384954099,+918943011876,VOICE,72,404535736113603,352957082179306,UttarPradesh_BTS_013,404-45-265-760,Uttar Pradesh
CDR202600072190,2025-08-19,18:02:16,+916503870964,+917062207522,VOICE,47,404876026850785,357154294894431,Mumbai_BTS_011,404-45-243-433,Mumbai
CDR202600072192,2025-07-30,13:10:46,+919708813337,+917790056636,SMS,0,404055989314560,354685578867890,Mumbai_BTS_006,404-45-785-498,Mumbai
CDR202600072205,2025-06-02,12:14:55,+917020407324,+917365404043,VOICE,72,404395647685104,352009746336459,Delhi_BTS_006,404-45-223-254,Delhi
CDR202600072208,2025-06-09,08:24:53,+918205040265,+918944492691,VOICE,245,404719831295468,355629319051695,WestBengal_BTS_002,404-45-355-683,West Bengal
CDR202600072215,2025-01-14,00:58:57,+917457474816,+919547909779,VOICE,53,404813280120466,358512331033177,Delhi_BTS_006,404-45-629-463,Delhi
CDR202600072229,2025-04-19,01:20:12,+917121809218,+919012273494,VOICE,329,404717515991021,355402123374450,Maharashtra_BTS_008,404-45-799-664,Maharashtra
CDR202600072234,2025-11-30,04:09:06,+917896773158,+916918113424,VOICE,15,404078308997938,358412934771356,Maharashtra_BTS_008,404-45-818-960,Maharashtra
CDR202600072249,2025-09-24,18:13:02,+917636131926,+918495824226,VOICE,62,404086348976210,358640409290981,Mumbai_BTS_006,404-45-319-553,Mumbai
CDR202600072258,2025-02-24,11:47:59,+918690727802,+916226722085,VOICE,58,404471780870700,356571135479552,UttarPradesh_BTS_001,404-45-234-688,Uttar Pradesh
CDR202600072268,2025-07-19,20:22:49,+918179229014,+919651650123,SMS,0,404426577272797,353309923582225,Delhi_BTS_006,404-45-629-463,Delhi
CDR202600072293,2025-12-11,10:39:18,+917053495994,+916138269495,VOICE,100,404201360869083,358721877728874,TamilNadu_BTS_002,404-45-620-083,Tamil Nadu
CDR202600072294,2025-09-02,15:36:12,+916911142376,+917987858179,VOICE,30,404853493889965,353513409444941,Karnataka_BTS_003,404-45-597-493,Karnataka
CDR202600072425,2025-07-11,08:29:41,+917313934114,+917160405940,VOICE,218,404499515927681,356883222346275,Delhi_BTS_006,404-45-629-463,Delhi
CDR202600072427,2025-08-31,17:18:43,+919884260198,+919063742023,VOICE,121,404723043814837,352770810096535,Gujarat_BTS_002,404-45-854-105,Gujarat
CDR202600072437,2025-03-27,23:12:28,+916001009798,+918250075519,MISSED,0,404742918381126,354329537488402,Mumbai_BTS_004,404-45-980-339,Mumbai
CDR202600072438,2025-05-22,12:37:46,+919217676704,+919724399000,VOICE,8,404472009634239,357884468403621,TamilNadu_BTS_001,404-45-158-052,Tamil Nadu
CDR202600072443,2025-09-05,18:00:38,+916217222021,+918338229837,VOICE,10,404476320202423,355610178322420,Karnataka_BTS_006,404-45-813-981,Karnataka
CDR202600072445,2025-07-06,19:56:09,+916138269495,+919919014681,VOICE,136,404066709678054,357073027438579,Rajasthan_BTS_006,404-45-651-270,Rajasthan
CDR202600072480,2025-01-27,13:31:00,+916604663553,+919401821284,VOICE,35,404866060494198,350843090361211,Mumbai_BTS_007,404-45-516-195,Mumbai
CDR202600072498,2025-11-12,18:48:33,+919860882785,+919847716312,VOICE,14,404314479510459,359925939009870,Mumbai_BTS_010,404-45-211-255,Mumbai
CDR202600072523,2025-02-07,09:38:03,+916125151698,+919033465385,VOICE,47,404577669055989,350874703867861,WestBengal_BTS_007,404-45-491-894,West Bengal
CDR202600072530,2025-01-10,12:25:37,+919918785491,+917008518494,VOICE,22,404528630117722,355296689313882,UttarPradesh_BTS_014,404-45-214-078,Uttar Pradesh
CDR202600072535,2025-12-02,14:24:10,+918135717917,+916803693943,VOICE,205,404976934910955,353897013174927,Rajasthan_BTS_005,404-45-771-512,Rajasthan
CDR202600072541,2025-03-26,19:13:25,+918943011728,+919343420753,VOICE,233,404345731041487,359168464324277,Rajasthan_BTS_003,404-45-924-324,Rajasthan
CDR202600072557,2025-07-13,06:16:52,+917802076353,+919545365324,VOICE,267,404584975161730,350509955290880,Rajasthan_BTS_017,404-45-897-945,Rajasthan
CDR202600072579,2025-06-01,16:14:13,+918064175201,+919697614361,SMS,0,404450153254472,359166087403148,Maharashtra_BTS_009,404-45-350-168,Maharashtra
CDR202600072634,2025-09-24,16:00:33,+918186295994,+919023592934,VOICE,214,404853372962807,350147463819087,Karnataka_BTS_006,404-45-835-499,Karnataka
CDR202600072660,2025-02-17,13:35:45,+919111663373,+918940237490,SMS,0,404699668216799,359442205406466,WestBengal_BTS_003,404-45-342-886,West Bengal
CDR202600072666,2025-02-23,23:09:16,+919530476674,+916256200914,VOICE,67,404218645545408,357650585192968,WestBengal_BTS_009,404-45-571-359,West Bengal
CDR202600072674,2025-11-07,12:08:30,+917218983467,+917289342229,VOICE,83,404954255716503,356356421522814,Karnataka_BTS_005,404-45-371-949,Karnataka
CDR202600072696,2025-06-21,14:19:03,+919561166692,+917691247999,VOICE,131,404161386418065,352083604132532,UttarPradesh_BTS_015,404-45-658-037,Uttar Pradesh
CDR202600072716,2025-02-22,19:19:09,+917928714571,+917699081158,VOICE,61,404702806663076,352398548867176,Maharashtra_BTS_007,404-45-314-687,Maharashtra
CDR202600072717,2025-01-06,20:52:21,+917603737434,+918883222397,VOICE,62,404763231813325,350746825023064,Mumbai_BTS_001,404-45-446-022,Mumbai
CDR202600072738,2025-11-24,01:06:20,+917885171272,+916256040485,VOICE,3,404250955064612,350308628096569,Mumbai_BTS_007,404-45-348-804,Mumbai
CDR202600072743,2025-06-08,12:21:43,+918947516711,+918133493776,SMS,0,404273297261657,357743892196403,Gujarat_BTS_007,404-45-703-285,Gujarat
CDR202600072772,2025-09-17,12:40:42,+919985306500,+918965928635,VOICE,27,404896104187648,359026709068948,UttarPradesh_BTS_010,404-45-370-518,Uttar Pradesh
CDR202600072782,2025-08-13,13:48:25,+918438839388,+919345231893,VOICE,45,404442550139449,351953772767372,WestBengal_BTS_001,404-45-915-996,West Bengal
CDR202600072786,2025-09-16,16:07:24,+919713364228,+919624875422,VOICE,38,404035989590786,359172753052471,WestBengal_BTS_005,404-45-521-822,West Bengal
CDR202600072804,2025-04-24,03:10:14,+919774343936,+919361935192,VOICE,348,404951666746468,354407829397723,UttarPradesh_BTS_015,404-45-954-379,Uttar Pradesh
CDR202600072812,2025-01-24,20:18:20,+917701159703,+916268821410,VOICE,436,404434004045513,351156615320356,Maharashtra_BTS_003,404-45-949-644,Maharashtra
CDR202600072826,2025-10-23,20:59:45,+918978403242,+916226722085,VOICE,148,404773371236966,359285687354701,Delhi_BTS_003,404-45-993-622,Delhi
CDR202600072834,2025-01-17,09:45:48,+919039373895,+917803278203,VOICE,60,404327979937671,359938389398906,TamilNadu_BTS_005,404-45-734-084,Tamil Nadu
CDR202600072837,2025-06-08,05:38:49,+916397337096,+918810001509,VOICE,181,404627648831363,356494198994747,Rajasthan_BTS_010,404-45-641-258,Rajasthan
CDR202600072848,2025-07-11,00:18:58,+917250328744,+917878171506,SMS,0,404507586727508,357498890671606,UttarPradesh_BTS_002,404-45-568-324,Uttar Pradesh
CDR202600072866,2025-01-03,05:30:35,+917964064857,+919531565815,VOICE,64,404503375190712,353405925000395,TamilNadu_BTS_006,404-45-423-958,Tamil Nadu
CDR202600072898,2025-07-24,14:39:41,+917042136548,+919624875422,VOICE,59,404942059499243,352875077658170,Gujarat_BTS_007,404-45-928-891,Gujarat
CDR202600072911,2025-04-04,16:26:33,+916377342699,+919921386123,VOICE,52,404544280981613,354326982275354,Rajasthan_BTS_004,404-45-374-068,Rajasthan
CDR202600072941,2025-08-07,08:17:43,+919049670765,+919269670438,SMS,0,404755438789356,352854561052436,UttarPradesh_BTS_011,404-45-966-053,Uttar Pradesh
CDR202600072943,2025-09-16,16:09:30,+917984465285,+917448511704,VOICE,200,404436984436930,350289124787490,UttarPradesh_BTS_003,404-45-618-272,Uttar Pradesh
CDR202600072946,2025-04-09,08:51:47,+917694064296,+919194839248,VOICE,128,404656845418643,359676761495380,Mumbai_BTS_008,404-45-462-434,Mumbai
CDR202600072959,2025-08-26,16:20:52,+916803693943,+916323610446,VOICE,12,404942338437775,354421822762447,Rajasthan_BTS_006,404-45-242-253,Rajasthan
CDR202600072970,2025-06-16,01:38:21,+918761770499,+919719209367,MISSED,0,404022726771088,358429865050010,Rajasthan_BTS_016,404-45-961-655,Rajasthan
CDR202600072982,2025-01-21,22:15:34,+918954038504,+919620398250,VOICE,72,404221356291183,359618824659252,Rajasthan_BTS_009,404-45-742-164,Rajasthan
CDR202600073007,2025-04-18,00:36:46,+916655642600,+916410589582,VOICE,25,404527511809286,354054632164844,Maharashtra_BTS_002,404-45-718-271,Maharashtra
CDR202600073012,2025-05-11,05:10:35,+916240459836,+917375204266,VOICE,15,404080029827408,357507878193799,Rajasthan_BTS_007,404-45-241-522,Rajasthan
CDR202600073020,2025-01-28,03:51:54,+919881228463,+919611058482,VOICE,320,404416676698069,354449453441702,UttarPradesh_BTS_015,404-45-658-037,Uttar Pradesh
CDR202600073058,2025-03-18,21:02:32,+919282067219,+917885171272,VOICE,100,404793810188392,356157467493293,Maharashtra_BTS_006,404-45-987-104,Maharashtra
CDR202600073062,2025-03-02,05:57:27,+918443171885,+919326665043,SMS,0,404603490239087,354838211296565,Rajasthan_BTS_017,404-45-652-977,Rajasthan
CDR202600073067,2025-07-04,21:24:54,+919900369433,+916269133279,VOICE,154,404610139299784,359865158482863,Maharashtra_BTS_002,404-45-199-368,Maharashtra
CDR202600073069,2025-02-03,13:06:29,+919644684494,+919527662100,VOICE,33,404809621361315,351180900508400,Maharashtra_BTS_008,404-45-818-960,Maharashtra
CDR202600073082,2025-08-27,01:41:00,+916615153351,+918728614929,VOICE,43,404537311112386,352872620094106,UttarPradesh_BTS_004,404-45-170-901,Uttar Pradesh
CDR202600073087,2025-10-03,06:53:40,+917283986142,+916066479338,VOICE,11,404404456173393,358691735314663,Mumbai_BTS_010,404-45-296-195,Mumbai
CDR202600073091,2025-12-05,10:14:54,+918728614929,+917081347202,VOICE,125,404809846897820,359550937294523,Rajasthan_BTS_010,404-45-710-066,Rajasthan
CDR202600073124,2025-06-21,15:48:14,+917933350510,+918622698307,VOICE,195,404676170832880,356890783418201,Karnataka_BTS_004,404-45-985-411,Karnataka
CDR202600073129,2025-04-25,11:25:52,+917984465285,+919150306079,VOICE,284,404436984436930,350289124787490,Delhi_BTS_002,404-45-935-071,Delhi
CDR202600073161,2025-05-28,06:27:09,+917896773158,+919464622784,VOICE,26,404078308997938,358412934771356,UttarPradesh_BTS_008,404-45-860-567,Uttar Pradesh
CDR202600073177,2025-02-18,11:03:52,+919063742023,+918596194251,VOICE,68,404875113159013,350896219297089,TamilNadu_BTS_006,404-45-678-536,Tamil Nadu
CDR202600073210,2025-04-28,10:26:56,+917643111689,+919102383496,VOICE,4,404626272190320,358234035287661,Delhi_BTS_002,404-45-884-129,Delhi
CDR202600073260,2025-05-17,13:02:03,+916015450890,+917704481279,VOICE,114,404750997518237,359822844509046,Rajasthan_BTS_001,404-45-670-225,Rajasthan
CDR202600073266,2025-07-23,01:31:52,+917260525274,+916603472583,SMS,0,404348500968395,357212038753711,Delhi_BTS_006,404-45-548-922,Delhi
CDR202600073272,2025-04-07,15:41:40,+916803693943,+919766255695,SMS,0,404942338437775,354421822762447,Rajasthan_BTS_010,404-45-494-391,Rajasthan
CDR202600073278,2025-11-29,14:10:01,+917696453514,+916113148304,VOICE,204,404649261707261,358238343725756,Maharashtra_BTS_007,404-45-314-687,Maharashtra
CDR202600073280,2025-12-26,04:54:09,+917173526045,+918897183146,VOICE,81,404260239063110,354702425585516,Rajasthan_BTS_017,404-45-880-166,Rajasthan
CDR202600073298,2025-08-19,08:20:09,+919773629639,+917481376900,VOICE,107,404456120749776,353343753439078,UttarPradesh_BTS_011,404-45-533-850,Uttar Pradesh
CDR202600073314,2025-07-12,17:04:15,+917319844499,+918386857947,VOICE,89,404278789020367,351704761931609,UttarPradesh_BTS_011,404-45-533-850,Uttar Pradesh
CDR202600073337,2025-02-07,23:40:50,+919181703697,+919092945663,SMS,0,404195778210088,353461687222650,Maharashtra_BTS_007,404-45-479-364,Maharashtra
CDR202600073344,2025-11-06,16:25:22,+917279722108,+917487718089,VOICE,98,404561587552564,350985997585975,Rajasthan_BTS_017,404-45-897-945,Rajasthan
CDR202600073356,2025-04-13,20:48:26,+916364596304,+917517140887,VOICE,248,404972947243242,356538650974470,Maharashtra_BTS_004,404-45-821-072,Maharashtra
CDR202600073364,2025-06-28,10:32:34,+919093947355,+919956147272,VOICE,219,404361031978945,358101665275208,Rajasthan_BTS_009,404-45-911-697,Rajasthan
CDR202600073388,2025-09-19,14:47:14,+919321185479,+918966735221,VOICE,400,404164193183409,355807387316622,Rajasthan_BTS_010,404-45-710-066,Rajasthan
CDR202600073395,2025-08-23,01:18:22,+918244683036,+918602550381,VOICE,4,404417240135466,356665373035166,Maharashtra_BTS_007,404-45-473-167,Maharashtra
CDR202600073401,2025-03-12,23:43:24,+919219271868,+917113366550,VOICE,78,404826501742485,352812701729688,Rajasthan_BTS_001,404-45-376-948,Rajasthan
CDR202600073445,2025-11-19,16:16:10,+916341686359,+916958719481,VOICE,21,404623667724578,354449803024132,Rajasthan_BTS_007,404-45-605-094,Rajasthan
CDR202600073449,2025-01-29,07:03:15,+916364596304,+919208418675,VOICE,94,404972947243242,356538650974470,UttarPradesh_BTS_012,404-45-233-653,Uttar Pradesh
CDR202600073457,2025-07-03,21:40:20,+917946672758,+917971619072,MISSED,0,404788202702595,358935572790234,Rajasthan_BTS_017,404-45-897-945,Rajasthan
CDR202600073464,2025-07-24,19:46:05,+916073848956,+918649131492,VOICE,124,404682016917487,353798631993476,WestBengal_BTS_005,404-45-521-822,West Bengal
CDR202600073470,2025-02-11,10:11:07,+919256264316,+917674001935,VOICE,114,404504327748677,356164543648007,Delhi_BTS_005,404-45-830-320,Delhi
CDR202600073473,2025-12-16,22:47:49,+917896773158,+918309557559,VOICE,139,404078308997938,358412934771356,Rajasthan_BTS_004,404-45-680-898,Rajasthan
CDR202600073477,2025-09-09,05:01:31,+917154767880,+917179555491,VOICE,25,404132159148971,355999292002554,WestBengal_BTS_001,404-45-415-374,West Bengal
CDR202600073482,2025-07-20,06:46:00,+918264740465,+916085015997,VOICE,56,404296958166067,351691842648253,UttarPradesh_BTS_006,404-45-769-542,Uttar Pradesh
CDR202600073546,2025-09-01,08:46:09,+919730263668,+918580479082,VOICE,48,404039822768003,352604738350421,Delhi_BTS_002,404-45-884-129,Delhi
CDR202600073550,2025-11-30,11:43:26,+918987497344,+917345913698,VOICE,224,404415669230960,354227976261223,WestBengal_BTS_003,404-45-735-768,West Bengal
CDR202600073554,2025-10-26,21:46:18,+919343914928,+917906523487,VOICE,73,404950575916425,354543481198247,WestBengal_BTS_006,404-45-373-164,West Bengal
CDR202600073561,2025-07-18,01:32:38,+916108198417,+916226722085,VOICE,12,404139508483753,356196011798540,Mumbai_BTS_009,404-45-162-413,Mumbai
CDR202600073588,2025-07-14,13:28:48,+916800799878,+917263065584,MISSED,0,404508789995907,350962914019392,Delhi_BTS_001,404-45-999-581,Delhi
CDR202600073593,2025-07-30,16:05:51,+918308876815,+919046493615,VOICE,366,404532777429085,356191787627590,UttarPradesh_BTS_015,404-45-954-379,Uttar Pradesh
CDR202600073603,2025-01-24,09:06:17,+918133493776,+917829802427,VOICE,71,404851434879460,357292330025722,Karnataka_BTS_004,404-45-985-411,Karnataka
CDR202600073613,2025-07-26,12:22:42,+919866647096,+916876034344,VOICE,10,404414351089941,352840301991193,WestBengal_BTS_007,404-45-491-894,West Bengal
CDR202600073652,2025-09-12,18:54:20,+916326848177,+918831723466,VOICE,206,404712650699626,354766394915316,UttarPradesh_BTS_008,404-45-860-567,Uttar Pradesh
CDR202600073665,2025-03-17,01:51:04,+917422691205,+917555664956,VOICE,56,404969191860396,355164168640243,UttarPradesh_BTS_007,404-45-999-138,Uttar Pradesh
CDR202600073688,2025-02-17,11:32:04,+917129928470,+917906177925,SMS,0,404937216720317,355827437320306,Mumbai_BTS_008,404-45-984-747,Mumbai
CDR202600073694,2025-11-16,14:21:56,+918714145702,+919190002028,VOICE,501,404191486201429,352274871262949,UttarPradesh_BTS_001,404-45-371-406,Uttar Pradesh
CDR202600073696,2025-10-16,03:26:14,+918423688865,+916803693943,VOICE,71,404659220556329,359789723782645,Mumbai_BTS_001,404-45-446-022,Mumbai
CDR202600073704,2025-10-31,00:14:46,+918917305553,+918734951157,VOICE,301,404517883552767,350924677998402,Mumbai_BTS_008,404-45-462-434,Mumbai
CDR202600073719,2025-04-07,23:53:19,+918379155133,+918160543442,VOICE,45,404197918527035,350760518842584,Gujarat_BTS_008,404-45-448-285,Gujarat
CDR202600073731,2025-07-13,06:44:32,+917795896778,+918787249162,VOICE,2,404066784749311,357293788937613,Delhi_BTS_006,404-45-629-463,Delhi
CDR202600073740,2025-12-15,17:27:41,+919850313893,+919938718030,VOICE,64,404267554117794,354408516957884,Delhi_BTS_002,404-45-878-546,Delhi
CDR202600073747,2025-11-06,13:50:51,+918188516903,+916409475395,MISSED,0,404562649024864,358457448383966,UttarPradesh_BTS_011,404-45-357-928,Uttar Pradesh
CDR202600073767,2025-07-01,15:18:30,+917425239590,+916090257504,VOICE,140,404984252045752,351008912330578,Rajasthan_BTS_012,404-45-798-907,Rajasthan
CDR202600073793,2025-10-27,06:22:56,+917865095641,+919030892785,VOICE,53,404809955745526,354532222571046,Maharashtra_BTS_006,404-45-489-285,Maharashtra
CDR202600073808,2025-04-24,06:22:12,+917740841180,+916836401730,VOICE,70,404982658525554,359574687676495,Mumbai_BTS_005,404-45-626-244,Mumbai
CDR202600073828,2025-03-17,01:06:07,+919866647096,+917808074660,VOICE,5,404414351089941,352840301991193,WestBengal_BTS_004,404-45-522-026,West Bengal
CDR202600073861,2025-02-24,21:12:31,+919287679663,+918059660130,VOICE,81,404507034969555,352268771694615,Rajasthan_BTS_010,404-45-710-066,Rajasthan
CDR202600073910,2025-06-25,08:26:09,+918495071116,+918268162582,VOICE,108,404349215116533,359023935335194,Rajasthan_BTS_017,404-45-897-945,Rajasthan
CDR202600073913,2025-09-21,01:38:20,+919099798724,+918521164382,SMS,0,404290913772444,354662149246057,Mumbai_BTS_010,404-45-919-883,Mumbai
CDR202600073921,2025-04-19,14:41:39,+918761259355,+918888793866,VOICE,181,404185534368252,353132251803029,Rajasthan_BTS_008,404-45-981-113,Rajasthan
CDR202600073961,2025-07-10,20:46:40,+919976782155,+918721606129,VOICE,93,404964747345476,358908149840555,Mumbai_BTS_007,404-45-584-827,Mumbai
CDR202600073966,2025-05-16,13:32:59,+916953509233,919260708551,VOICE,61,404641640069520,357968719284652,Mumbai_BTS_010,404-45-211-255,Mumbai
CDR202600073971,2025-06-03,17:33:36,+916294943981,+916424170400,SMS,0,404249369451784,353746910598660,TamilNadu_BTS_005,404-45-734-084,Tamil Nadu
CDR202600073974,2025-10-25,04:55:33,+916306053410,+918491357224,SMS,0,404518670939366,350739963840208,Rajasthan_BTS_004,404-45-374-068,Rajasthan
CDR202600074016,2025-09-20,19:23:59,+919433077230,+917291879073,VOICE,20,404043578058895,351625628617983,Maharashtra_BTS_002,404-45-926-045,Maharashtra
CDR202600074019,2025-08-02,18:16:41,+917195063719,+918901852904,VOICE,124,404484235493315,356188917493486,Mumbai_BTS_011,404-45-573-256,Mumbai
CDR202600074086,2025-01-05,17:08:33,+918761808684,+918698141236,VOICE,61,404248605946186,356406833689736,Mumbai_BTS_008,404-45-155-690,Mumbai
CDR202600074098,2025-01-15,14:17:32,+917546122102,+917728442039,VOICE,33,404058139670577,359193278886332,UttarPradesh_BTS_008,404-45-860-567,Uttar Pradesh
CDR202600074131,2025-08-26,18:51:39,+916481040966,+919260394257,VOICE,16,404437230620527,353908106731102,UttarPradesh_BTS_005,404-45-261-449,Uttar Pradesh
CDR202600074157,2025-02-02,23:12:33,+919530476674,+918331508779,SMS,0,404218645545408,357650585192968,Rajasthan_BTS_004,404-45-680-898,Rajasthan
CDR202600074165,2025-11-24,05:13:40,+918130444799,+917111609810,SMS,0,404626996628807,356707391539797,Maharashtra_BTS_004,404-45-691-197,Maharashtra
CDR202600074175,2025-04-19,04:22:19,+918966735221,+918395233382,VOICE,76,404619157727644,350674698892713,TamilNadu_BTS_001,404-45-614-942,Tamil Nadu
CDR202600074182,2025-11-24,05:03:23,+916926016069,+917637415297,VOICE,27,404407537616024,356088492413262,Maharashtra_BTS_005,404-45-891-297,Maharashtra
CDR202600074183,2025-09-18,14:58:43,+917395292429,+919303389988,SMS,0,404595538514922,352206191590283,WestBengal_BTS_002,404-45-355-683,West Bengal
CDR202600074192,2025-02-26,12:06:43,+919188916785,+918357334243,MISSED,0,404061338198187,352033691959268,Delhi_BTS_001,404-45-180-088,Delhi
CDR202600074196,2025-10-29,19:13:33,+918677158065,+918810760694,VOICE,27,404974026308540,353602282214459,TamilNadu_BTS_001,404-45-614-942,Tamil Nadu
CDR202600074205,2025-08-27,16:37:33,+919726146663,+918054881002,VOICE,138,404472993768494,351027354312120,WestBengal_BTS_008,404-45-979-482,West Bengal
CDR202600074244,2025-03-12,02:29:08,+919008938568,+919851970938,SMS,0,404722869804855,354918417361863,Rajasthan_BTS_016,404-45-961-655,Rajasthan
CDR202600074289,2025-01-24,22:42:59,+916946794883,+918821650848,VOICE,32,404325555268722,354829484930880,Delhi_BTS_003,404-45-533-988,Delhi
CDR202600074311,2025-08-07,05:07:20,+916391671682,+918723371913,VOICE,103,404876135201152,359234506822410,Rajasthan_BTS_016,404-45-961-655,Rajasthan
CDR202600074316,2025-09-03,04:32:45,+916938174319,+917212572771,VOICE,167,404969369185189,352649854359926,Rajasthan_BTS_013,404-45-887-657,Rajasthan
CDR202600074325,2025-10-19,19:23:21,+916509404669,+917694064296,VOICE,11,404174884785274,351254498513028,Rajasthan_BTS_009,404-45-911-697,Rajasthan
CDR202600074337,2025-01-13,00:56:46,+919578446491,+918253233543,VOICE,13,404698111887400,356642214695800,Rajasthan_BTS_007,404-45-241-522,Rajasthan
CDR202600074343,2025-05-11,17:42:33,+916776375142,+918270857685,VOICE,151,404565880990591,352355906877754,Karnataka_BTS_006,404-45-813-981,Karnataka
CDR202600074354,2025-09-25,10:45:20,+916769659872,+916348016574,VOICE,183,404477243766572,357392726908890,Mumbai_BTS_001,404-45-446-022,Mumbai
CDR202600074357,2025-12-27,07:19:51,+919898277174,+917126365590,VOICE,22,404543747173284,353317567421202,Maharashtra_BTS_003,404-45-649-128,Maharashtra
CDR202600074365,2025-01-18,00:48:33,+917346187234,+916921903014,VOICE,29,404863497884735,355174632162189,UttarPradesh_BTS_012,404-45-441-790,Uttar Pradesh
CDR202600074382,2025-12-02,10:16:41,+919461917192,+919299608354,SMS,0,404176725448936,356792261100452,Rajasthan_BTS_010,404-45-710-066,Rajasthan
CDR202600074399,2025-05-18,23:59:40,+919328747622,+919063742023,SMS,0,404474901347854,355969341364053,UttarPradesh_BTS_007,404-45-999-138,Uttar Pradesh
CDR202600074405,2025-04-29,04:22:29,+917888161534,+918575351526,VOICE,108,404711002684518,351045136207423,Maharashtra_BTS_005,404-45-181-876,Maharashtra
CDR202600074409,2025-05-10,05:02:11,+916226722085,+916351363179,SMS,0,404836931057959,355341273638834,Rajasthan_BTS_014,404-45-839-897,Rajasthan
CDR202600074441,2025-06-18,02:16:51,+918854297324,+919806036814,VOICE,113,404378440785141,353701345802484,WestBengal_BTS_003,404-45-735-768,West Bengal
CDR202600074444,2025-05-11,08:57:05,+918981777313,+918128772180,VOICE,172,404479464934832,357413833745419,Rajasthan_BTS_001,404-45-801-333,Rajasthan
CDR202600074446,2025-10-04,02:48:21,+918438901003,+919472021704,MISSED,0,404300837083033,353626590330348,Rajasthan_BTS_015,404-45-612-781,Rajasthan
CDR202600074455,2025-05-25,03:13:55,+916459441639,+918763527891,VOICE,11,404565046361968,353802504484345,Rajasthan_BTS_016,404-45-961-655,Rajasthan
CDR202600074469,2025-05-13,20:55:54,+916575518584,+916270799312,VOICE,72,404953618138388,357584245381199,Maharashtra_BTS_002,404-45-199-368,Maharashtra
CDR202600074500,2025-08-27,17:20:13,+918573131772,+918338229837,SMS,0,404055092561728,352031454015017,Mumbai_BTS_008,404-45-155-690,Mumbai
CDR202600074512,2025-01-03,16:04:55,+918733363458,+916000914011,VOICE,24,404964620229276,351879029743038,Mumbai_BTS_010,404-45-296-195,Mumbai
CDR202600074533,2025-04-13,00:45:13,+916916934525,+916983699346,VOICE,63,404655323495685,358184644792079,Rajasthan_BTS_019,404-45-471-900,Rajasthan
CDR202600074538,2025-03-07,14:05:03,+917946672758,+919924396323,VOICE,276,404788202702595,358935572790234,UttarPradesh_BTS_011,404-45-533-850,Uttar Pradesh
CDR202600074543,2025-10-25,17:41:30,+918826651601,+919390373823,MISSED,0,404962574284214,355382241792862,TamilNadu_BTS_006,404-45-773-598,Tamil Nadu
CDR202600074552,2025-02-05,08:17:32,+918320800834,+919627533531,MISSED,0,404124513978912,351363950453391,Mumbai_BTS_010,404-45-296-195,Mumbai
CDR202600074567,2025-09-23,12:37:38,+916341686359,+917288073639,SMS,0,404623667724578,354449803024132,Rajasthan_BTS_009,404-45-911-697,Rajasthan
CDR202600074571,2025-01-21,12:35:58,+919435611650,+917780325783,VOICE,63,404710685875555,359225296022192,Mumbai_BTS_009,404-45-162-413,Mumbai
CDR202600074612,2025-02-24,21:11:40,+919734738182,+917896773158,SMS,0,404085523781934,355549108978879,UttarPradesh_BTS_004,404-45-170-901,Uttar Pradesh
CDR202600074624,2025-09-11,15:24:14,+916018950497,+918756810071,VOICE,40,404427107605994,358925740673790,Rajasthan_BTS_006,404-45-651-270,Rajasthan
CDR202600074628,2025-01-07,14:01:56,+919966441687,+918544376600,VOICE,78,404523052985527,355324421848994,Mumbai_BTS_006,404-45-785-498,Mumbai
CDR202600074662,2025-01-21,16:29:00,+918954038504,+919672668117,SMS,0,404221356291183,359618824659252,Mumbai_BTS_007,404-45-196-100,Mumbai
CDR202600074688,2025-11-14,08:13:42,+916990731677,+919530476674,VOICE,4,404006669616539,350011450433960,Gujarat_BTS_002,404-45-328-143,Gujarat
CDR202600074700,2025-09-14,17:42:28,+917568151922,+919423224659,VOICE,118,404306135752809,354410709847742,UttarPradesh_BTS_003,404-45-618-272,Uttar Pradesh
CDR202600074703,2025-03-29,22:36:58,+919220847764,+917008518494,VOICE,61,404171782783549,357807845072591,WestBengal_BTS_003,404-45-735-768,West Bengal
CDR202600074723,2025-06-24,23:56:36,+916605441163,+918662542667,VOICE,102,404207652835216,355094604612376,Mumbai_BTS_007,404-45-196-100,Mumbai
CDR202600074727,2025-05-11,17:51:20,+918083790972,+919012273494,VOICE,29,404032897780070,350316306522384,UttarPradesh_BTS_010,404-45-370-518,Uttar Pradesh
CDR202600074730,2025-08-19,00:50:11,+917086977227,+917847303021,VOICE,97,404938549862668,350460394261425,Karnataka_BTS_003,404-45-270-417,Karnataka
CDR202600074743,2025-01-20,17:35:28,+917433422977,+917190444185,VOICE,44,404824972666194,350643031565003,Gujarat_BTS_008,404-45-448-285,Gujarat
CDR202600074754,2025-10-06,23:23:00,+919444012974,+916635012007,VOICE,139,404274235117037,355616623589016,Maharashtra_BTS_003,404-45-487-081,Maharashtra
CDR202600074756,2025-01-13,12:08:15,+919803539059,+916983699346,VOICE,201,404487057579608,352707989201744,Karnataka_BTS_005,404-45-565-293,Karnataka
CDR202600074762,2025-02-27,04:32:57,+919371960857,+919611058482,VOICE,28,404882341107562,350675694520535,WestBengal_BTS_009,404-45-571-359,West Bengal
CDR202600074818,2025-09-23,14:13:06,+919983988484,+917581547269,VOICE,89,404602156686987,355300800519707,UttarPradesh_BTS_007,404-45-999-138,Uttar Pradesh
CDR202600074821,2025-06-10,09:57:17,+918338229837,+919332940696,VOICE,143,404852649995050,357753276223110,TamilNadu_BTS_006,404-45-773-598,Tamil Nadu
CDR202600074829,2025-12-06,11:15:26,+919611058482,+918357213759,MISSED,0,404397536453971,356864902196456,Maharashtra_BTS_009,404-45-350-168,Maharashtra
CDR202600074844,2025-04-06,01:08:54,+917842739552,+919099798724,SMS,0,404471376477997,350916918316478,Rajasthan_BTS_019,404-45-119-115,Rajasthan
CDR202600074852,2025-01-13,22:07:54,+918679570092,+917088876889,VOICE,172,404788112957032,352156701147536,Rajasthan_BTS_014,404-45-839-897,Rajasthan
CDR202600074858,2025-07-14,19:33:48,+918337091812,+916950821627,VOICE,15,404585485455074,353165225119791,Maharashtra_BTS_006,404-45-489-285,Maharashtra
CDR202600074864,2025-05-27,20:13:12,+916274990881,+918265668051,VOICE,133,404755684535020,352391474599118,Delhi_BTS_004,404-45-652-774,Delhi
CDR202600074871,2025-01-15,00:22:30,+916426267031,+917085660031,VOICE,9,404475978442295,354217692142284,WestBengal_BTS_003,404-45-258-948,West Bengal
CDR202600074903,2025-07-01,10:59:53,+919740382759,+916326848177,VOICE,51,404665112796951,355837095749554,Rajasthan_BTS_013,404-45-887-657,Rajasthan
CDR202600074913,2025-12-14,20:37:46,+916000914011,+918633023301,SMS,0,404219362934400,355106855474818,Rajasthan_BTS_010,404-45-710-480,Rajasthan
CDR202600074921,2025-01-06,12:08:29,+918130444799,+916885643856,VOICE,312,404626996628807,356707391539797,Rajasthan_BTS_009,404-45-742-164,Rajasthan
CDR202600074925,2025-07-09,15:05:46,+917753706779,+917070813384,VOICE,58,404259052120868,356281409620412,Rajasthan_BTS_014,404-45-839-897,Rajasthan
CDR202600074926,2025-09-02,07:51:47,+918728614929,+918622698307,VOICE,102,404809846897820,359550937294523,WestBengal_BTS_001,404-45-981-041,West Bengal
CDR202600074931,2025-05-16,08:09:23,+918226053249,+919063742023,VOICE,159,404824404824299,359840975438604,Karnataka_BTS_004,404-45-160-169,Karnataka
CDR202600074939,2025-08-05,18:53:11,+917867766542,+919300467117,VOICE,16,404133574101974,358873427518159,Delhi_BTS_003,404-45-662-170,Delhi
CDR202600074945,2025-11-19,20:16:19,+919657334663,+917724773264,VOICE,17,404338142662248,357177116528414,WestBengal_BTS_002,404-45-355-683,West Bengal
CDR202600074963,2025-12-08,15:59:40,+919762234042,+916107926886,VOICE,114,404301171300967,353279036701435,UttarPradesh_BTS_003,404-45-650-219,Uttar Pradesh
CDR202600074976,2025-12-27,23:19:42,+916213343596,+916724228409,VOICE,121,404281537805585,359075711559117,UttarPradesh_BTS_012,404-45-441-790,Uttar Pradesh
CDR202600074987,2025-10-06,13:15:03,+917166972659,+917129928470,VOICE,121,404886172063208,351148485708532,UttarPradesh_BTS_012,404-45-441-790,Uttar Pradesh
CDR202600075011,2025-07-20,10:47:53,+919995486424,+919462586403,VOICE,170,404875040002436,359180588530442,Rajasthan_BTS_010,404-45-710-480,Rajasthan
CDR202600075013,2025-02-13,08:01:03,+916945270946,+918473249061,MISSED,0,404362992853194,359137917587225,UttarPradesh_BTS_010,404-45-370-518,Uttar Pradesh
CDR202600075033,2025-04-17,19:25:15,+919110920437,+916938174319,VOICE,14,404309863996211,355974000111773,TamilNadu_BTS_006,404-45-423-958,Tamil Nadu
CDR202600075042,2025-10-23,04:22:20,+917000470076,+917011270610,VOICE,25,404999139484040,353462981428845,UttarPradesh_BTS_005,404-45-261-449,Uttar Pradesh
CDR202600075055,2025-05-09,23:47:36,+919879402106,+919734426560,SMS,0,404671884680876,351475524088765,UttarPradesh_BTS_007,404-45-999-138,Uttar Pradesh
CDR202600075065,2025-07-01,18:20:44,+919366164165,+917903590231,VOICE,2,404166582624951,358357204533122,UttarPradesh_BTS_002,404-45-869-959,Uttar Pradesh
CDR202600075073,2025-01-13,01:50:01,+918164818580,+918386857947,SMS,0,404254559621270,355664938607790,Rajasthan_BTS_008,404-45-981-113,Rajasthan
CDR202600075083,2025-07-05,16:17:56,+916027901336,+918231513642,VOICE,50,404564941936969,359115177325864,Rajasthan_BTS_019,404-45-119-115,Rajasthan
CDR202600075084,2025-02-16,15:31:26,+918550545472,+919055781480,VOICE,32,404126771800261,356131794955754,Rajasthan_BTS_006,404-45-246-272,Rajasthan
CDR202600075097,2025-08-07,22:29:00,+919129026598,+918078546016,VOICE,89,404594681996069,350138803791929,UttarPradesh_BTS_014,404-45-214-078,Uttar Pradesh
CDR202600075101,2025-01-10,04:57:03,+919541078632,+917215930461,SMS,0,404187617504206,356941933406067,UttarPradesh_BTS_001,404-45-234-688,Uttar Pradesh
CDR202600075124,2025-04-08,08:56:14,+919035577601,+917310983111,SMS,0,404695179513469,354338287829553,UttarPradesh_BTS_006,404-45-108-684,Uttar Pradesh
CDR202600075142,2025-05-19,17:39:34,+917163892412,+919755828703,VOICE,173,404498940236266,351307609436868,Rajasthan_BTS_019,404-45-951-827,Rajasthan
CDR202600075144,2025-12-24,14:42:42,+918188516903,+918485572124,SMS,0,404562649024864,350592517971480,Gujarat_BTS_002,404-45-328-143,Gujarat
CDR202600075157,2025-06-14,13:45:45,+917552880049,+916566410702,MISSED,0,404879943486627,355575005677935,UttarPradesh_BTS_003,404-45-650-219,Uttar Pradesh
CDR202600075190,2025-08-03,23:47:34,+919033717029,+916807387424,VOICE,256,404661413743904,350660517968615,Delhi_BTS_005,404-45-830-320,Delhi
CDR202600075191,2025-03-24,08:26:02,+917037180152,+916250502536,SMS,0,404167063575724,355542200277157,Rajasthan_BTS_004,404-45-316-936,Rajasthan
CDR202600075201,2025-06-01,09:27:24,+917291879073,+919983988484,VOICE,25,404059089626503,356351738429689,Maharashtra_BTS_006,404-45-489-285,Maharashtra
CDR202600075205,2025-06-10,18:01:00,+919053954041,+918741550706,VOICE,111,404604715065863,354923066208594,Karnataka_BTS_008,404-45-693-754,Karnataka
CDR202600075208,2025-02-23,16:17:33,+917522812672,+919910312421,VOICE,97,404700872708376,355119621887130,Karnataka_BTS_003,404-45-597-493,Karnataka
CDR202600075217,2025-12-03,09:36:47,+918172548486,+916711652048,SMS,0,404030644263963,354835062021205,Delhi_BTS_004,404-45-847-707,Delhi
CDR202600075224,2025-07-15,07:57:27,+919972195291,+917970852104,VOICE,169,404067488322984,358309953895317,Maharashtra_BTS_006,404-45-987-104,Maharashtra
CDR202600075237,2025-05-26,04:00:06,+917652084481,+916566410702,VOICE,363,404078024759746,352524267871978,Rajasthan_BTS_016,404-45-303-157,Rajasthan
CDR202600075249,2025-01-08,16:51:56,+918478798838,+917875453680,VOICE,52,404634316521496,350531773142970,Maharashtra_BTS_001,404-45-204-095,Maharashtra
CDR202600075270,2025-10-05,20:58:50,+916268821410,+918772223933,VOICE,73,404737652846641,358278249628790,UttarPradesh_BTS_015,404-45-954-379,Uttar Pradesh
CDR202600075293,2025-11-27,06:46:55,+918825273229,+916020248860,VOICE,125,404960432794442,351062848382677,Rajasthan_BTS_006,404-45-242-253,Rajasthan
CDR202600075359,2025-04-29,04:15:55,+919976782155,+917960222310,VOICE,10,404964747345476,358908149840555,TamilNadu_BTS_006,404-45-423-958,Tamil Nadu
CDR202600075379,2025-04-18,21:59:13,+917476254865,+917126365590,VOICE,46,404226802477836,354573558202599,UttarPradesh_BTS_003,404-45-736-577,Uttar Pradesh
CDR202600075381,2025-05-28,00:34:44,+919734226884,+918639338747,MISSED,0,404965242371404,355792012779548,UttarPradesh_BTS_010,404-45-749-874,Uttar Pradesh
CDR202600075398,2025-10-28,11:21:51,+916213122460,+919012273494,SMS,0,404225308388518,357211645393107,Delhi_BTS_004,404-45-847-707,Delhi
CDR202600075407,2025-04-16,05:06:32,+917283986142,+917166330584,VOICE,62,404404456173393,358691735314663,Delhi_BTS_002,404-45-231-676,Delhi
CDR202600075408,2025-05-22,22:14:45,+917788351292,+919298342479,SMS,0,404529278074435,351043064263531,Karnataka_BTS_002,404-45-195-949,Karnataka
CDR202600075422,2025-07-23,20:26:54,+917652537154,+916711627793,VOICE,92,404942195487237,350923176036450,UttarPradesh_BTS_003,404-45-650-219,Uttar Pradesh
CDR202600075445,2025-04-17,16:40:39,+918966735221,+919686242865,VOICE,287,404619157727644,358327383949328,UttarPradesh_BTS_012,404-45-145-004,Uttar Pradesh
CDR202600075449,2025-03-19,15:01:48,+917984465285,+919918953072,VOICE,273,404436984436930,350289124787490,Rajasthan_BTS_007,404-45-605-094,Rajasthan
CDR202600075485,2025-11-02,08:44:42,+917913725296,+918862032198,VOICE,64,404655173379642,350982553980871,UttarPradesh_BTS_011,404-45-966-053,Uttar Pradesh
CDR202600075522,2025-07-07,01:09:24,+918709236155,+917433389841,VOICE,157,404660992566113,353819896134589,Delhi_BTS_001,404-45-999-581,Delhi
CDR202600075538,2025-02-28,04:59:28,+918752189636,+918681413673,VOICE,23,404148900480565,355743943002823,Rajasthan_BTS_016,404-45-619-624,Rajasthan
CDR202600075541,2025-12-07,07:31:27,+919199338315,+916329228510,VOICE,211,404276876757075,358305129499201,Mumbai_BTS_002,404-45-702-226,Mumbai
CDR202600075550,2025-04-28,17:44:51,+919752934480,+919900429635,VOICE,100,404618342387373,351562868531746,UttarPradesh_BTS_007,404-45-370-119,Uttar Pradesh
CDR202600075559,2025-01-05,05:51:48,+916579842769,+919285621806,SMS,0,404754108869705,354361644242471,UttarPradesh_BTS_007,404-45-999-138,Uttar Pradesh
CDR202600075579,2025-06-01,15:57:15,+918862586974,+919098605495,VOICE,29,404205829797966,353776334044781,Delhi_BTS_001,404-45-999-581,Delhi
CDR202600075611,2025-08-18,09:07:48,+919345231893,+919439074769,SMS,0,404841123582734,359912610648655,Rajasthan_BTS_010,404-45-710-066,Rajasthan
CDR202600075632,2025-09-07,04:40:45,+919285621806,+918334403732,VOICE,118,404778581566861,352768920226468,Rajasthan_BTS_004,404-45-374-068,Rajasthan
CDR202600075633,2025-06-20,17:31:10,+919049670765,+917313561574,VOICE,152,404755438789356,352854561052436,Rajasthan_BTS_003,404-45-924-324,Rajasthan
CDR202600075635,2025-11-18,06:58:25,+916015450890,+918858944065,VOICE,265,404750997518237,359822844509046,Rajasthan_BTS_015,404-45-612-781,Rajasthan
CDR202600075674,2025-05-11,18:14:36,+919921386123,+917119117596,VOICE,215,404036017873742,357544410433316,UttarPradesh_BTS_013,404-45-265-760,Uttar Pradesh
CDR202600075691,2025-12-09,10:23:15,+917487724046,+917295568841,VOICE,109,404523416159123,350624042198048,UttarPradesh_BTS_013,404-45-552-565,Uttar Pradesh
CDR202600075695,2025-02-25,03:07:51,+917013936970,+917847548568,VOICE,54,404217403380808,355414837972996,TamilNadu_BTS_002,404-45-158-984,Tamil Nadu
CDR202600075739,2025-05-25,22:37:09,+918111670819,+917537891077,VOICE,40,404760242144637,357401233211716,TamilNadu_BTS_006,404-45-367-210,Tamil Nadu
CDR202600075747,2025-06-02,04:52:03,+917344796039,+918706692807,VOICE,4,404676148956637,352295215758496,Rajasthan_BTS_006,404-45-242-253,Rajasthan
CDR202600075785,2025-04-02,18:18:36,+917895319354,+919053193258,SMS,0,404658658453164,354074775641863,UttarPradesh_BTS_010,404-45-749-874,Uttar Pradesh
CDR202600075804,2025-06-24,06:38:56,+917123640419,+916495821337,SMS,0,404108331135991,352098794969779,Delhi_BTS_006,404-45-223-254,Delhi
CDR202600075821,2025-05-31,08:54:00,+917204001120,+917724117655,VOICE,332,404081290647334,355103220159854,UttarPradesh_BTS_011,404-45-194-650,Uttar Pradesh
CDR202600075827,2025-05-26,06:58:04,+918207690529,+917229314622,VOICE,271,404198229721366,350135552769965,Maharashtra_BTS_002,404-45-718-271,Maharashtra
CDR202600075871,2025-08-24,06:49:24,+916791902612,+917364644388,SMS,0,404187542153932,357741164304432,WestBengal_BTS_001,404-45-415-374,West Bengal
CDR202600075877,2025-08-28,02:45:46,+919828113314,+917913725296,VOICE,97,404790199956439,357652258369029,Rajasthan_BTS_006,404-45-862-575,Rajasthan
CDR202600075892,2025-02-20,15:12:09,+919933402985,+917041368326,VOICE,68,404680215914841,351434555683508,WestBengal_BTS_001,404-45-981-041,West Bengal
CDR202600075895,2025-02-24,00:27:17,+916566410702,+919839651087,VOICE,27,404832790840193,358074749382953,Karnataka_BTS_005,404-45-102-400,Karnataka
CDR202600075945,2025-04-26,00:31:59,+918692221816,+917705202761,VOICE,68,404741377004742,356193964971920,Maharashtra_BTS_002,404-45-926-045,Maharashtra
CDR202600075951,2025-04-21,05:24:38,+919468246927,+918883222397,VOICE,62,404084726666170,359263789661399,TamilNadu_BTS_002,404-45-158-984,Tamil Nadu
CDR202600075973,2025-07-10,02:58:08,+919987157029,+919303389988,VOICE,179,404154812337807,353096493380834,Rajasthan_BTS_019,404-45-951-827,Rajasthan
CDR202600076006,2025-05-16,09:50:16,+917291957441,+918543409847,VOICE,220,404196482341487,355216459670827,UttarPradesh_BTS_005,404-45-478-292,Uttar Pradesh
CDR202600076011,2025-08-02,23:19:19,+917546122102,+916995819189,VOICE,416,404058139670577,359193278886332,WestBengal_BTS_001,404-45-230-043,West Bengal
CDR202600076013,2025-01-16,05:30:57,+919093947355,+917207300522,VOICE,214,404361031978945,358101665275208,Maharashtra_BTS_005,404-45-891-297,Maharashtra
CDR202600076038,2025-07-31,14:05:02,+917166237222,+919327809757,VOICE,23,404614583295015,351639277873166,Mumbai_BTS_011,404-45-243-433,Mumbai
CDR202600076044,2025-03-05,11:59:03,+918132420926,+919478512899,VOICE,95,404387050182283,354164549934649,UttarPradesh_BTS_005,404-45-261-449,Uttar Pradesh
CDR202600076045,2025-07-05,05:28:19,+916953509233,+919291991454,MISSED,0,404641640069520,357968719284652,Rajasthan_BTS_015,404-45-208-892,Rajasthan
CDR202600076048,2025-12-07,00:00:54,+918694560616,+918680112037,VOICE,163,404264365724508,358640832205102,Delhi_BTS_003,404-45-533-988,Delhi
CDR202600076069,2025-03-09,19:04:45,+916278217913,+918234659344,VOICE,88,404259022656763,355805165909224,Rajasthan_BTS_019,404-45-951-827,Rajasthan
CDR202600076070,2025-10-24,21:01:08,+917793007247,+919129556308,VOICE,30,404844713742414,356313516758362,WestBengal_BTS_001,404-45-230-043,West Bengal
CDR202600076090,2025-01-14,03:20:22,+917127542273,+918199484193,SMS,0,404903843905638,357320334907352,Rajasthan_BTS_019,404-45-471-900,Rajasthan
CDR202600076093,2025-06-05,06:32:12,+917806464417,+918564865564,VOICE,81,404441017823209,356132288893077,Karnataka_BTS_005,404-45-371-949,Karnataka
CDR202600076099,2025-06-07,12:41:04,+919709119181,+919260394257,MISSED,0,404318819199958,357186992431723,Rajasthan_BTS_005,404-45-505-906,Rajasthan
CDR202600076105,2025-04-30,18:53:12,+919220636353,+918310328539,VOICE,325,404242274589798,353623432400067,WestBengal_BTS_003,404-45-342-886,West Bengal
CDR202600076155,2025-10-30,18:45:03,+919429605845,+917151583041,VOICE,42,404012631446390,355358689978302,Maharashtra_BTS_009,404-45-646-747,Maharashtra
CDR202600076173,2025-01-01,03:15:01,+916769659872,+917422326681,SMS,0,404477243766572,357392726908890,UttarPradesh_BTS_003,404-45-650-219,Uttar Pradesh
CDR202600076205,2025-10-05,15:20:16,+917916621634,+917494152766,VOICE,139,404897872118954,352979357894420,Mumbai_BTS_008,404-45-462-434,Mumbai
CDR202600076234,2025-10-09,06:53:37,+918542476320,+918081739247,VOICE,251,404118250933553,354990189489307,Gujarat_BTS_007,404-45-106-778,Gujarat
CDR202600076242,2025-12-24,12:24:20,+919750518334,+917234222626,VOICE,1,404680770705936,356028474473915,UttarPradesh_BTS_006,404-45-726-827,Uttar Pradesh
CDR202600076276,2025-09-14,12:04:23,+919612256907,+917368147847,VOICE,107,404705357806414,355100798822427,Gujarat_BTS_008,404-45-448-285,Gujarat
CDR202600076288,2025-11-09,21:56:44,+916772086432,+919322807894,VOICE,237,404289913572225,356033358162547,Rajasthan_BTS_015,404-45-208-892,Rajasthan
CDR202600076397,2025-09-09,12:41:41,+919566359010,+917983298843,VOICE,211,404567747803805,354622712309207,UttarPradesh_BTS_004,404-45-170-901,Uttar Pradesh
CDR202600076430,2025-01-04,07:28:32,+919745870758,+916980575992,VOICE,91,404788403225823,355046512094803,WestBengal_BTS_003,404-45-258-948,West Bengal
CDR202600076456,2025-09-19,09:26:24,+918130444799,+918699132366,VOICE,200,404626996628807,356707391539797,Gujarat_BTS_008,404-45-448-285,Gujarat
CDR202600076498,2025-02-12,13:07:29,+917544698525,+917895319354,MISSED,0,404344750365601,355556317956762,Mumbai_BTS_001,404-45-446-022,Mumbai
CDR202600076504,2025-10-10,09:29:15,+919961899874,+919539055439,VOICE,377,404895783673973,359789095581450,Mumbai_BTS_008,404-45-520-479,Mumbai
CDR202600076523,2025-10-15,08:39:27,+919208418675,+917102303474,VOICE,579,404590182667932,355512778050371,TamilNadu_BTS_003,404-45-170-610,Tamil Nadu
CDR202600076542,2025-12-08,20:35:21,+918711713470,+918059254461,VOICE,133,404048069735721,359974040850737,Rajasthan_BTS_006,404-45-242-253,Rajasthan
CDR202600076555,2025-05-27,23:36:54,+919795563904,+916911142376,VOICE,21,404096315748533,354503619483012,Maharashtra_BTS_005,404-45-181-876,Maharashtra
CDR202600076566,2025-07-10,03:51:33,+916432715262,+919692520668,VOICE,8,404340808768762,351142579709089,WestBengal_BTS_008,404-45-979-482,West Bengal
CDR202600076570,2025-08-30,19:26:13,+918609595000,+918845391323,VOICE,230,404116631340789,351349596154156,Karnataka_BTS_007,404-45-294-304,Karnataka
CDR202600076578,2025-02-19,16:27:00,+919488917272,+919627533531,VOICE,150,404693993231874,352946727846287,Karnataka_BTS_005,404-45-565-293,Karnataka
CDR202600076636,2025-01-31,03:09:33,+919816773749,+917744360064,SMS,0,404625189013788,357615887816429,WestBengal_BTS_009,404-45-304-837,West Bengal
CDR202600076642,2025-05-14,23:08:14,+919220140096,+919412691680,VOICE,271,404636259142465,353084566135155,WestBengal_BTS_009,404-45-571-359,West Bengal
CDR202600076645,2025-05-29,22:34:34,+917669267123,+919606727982,VOICE,61,404250533405594,354303757411481,Mumbai_BTS_011,404-45-287-286,Mumbai
CDR202600076658,2025-05-29,02:26:39,+916715884607,+917645151872,VOICE,112,404022399369659,353090963465216,Karnataka_BTS_006,404-45-835-499,Karnataka
CDR202600076680,2025-07-28,14:19:41,+918406803408,+919429605845,MISSED,0,404576131316056,350260754091151,Rajasthan_BTS_007,404-45-605-094,Rajasthan
CDR202600076685,2025-09-12,06:40:44,+917568309736,+916758065971,VOICE,65,404571466438985,351807421919841,WestBengal_BTS_003,404-45-735-768,West Bengal
CDR202600076689,2025-04-24,08:46:30,+918297232808,+917455222130,VOICE,126,404930042600511,350679169634900,Delhi_BTS_002,404-45-884-129,Delhi
CDR202600076691,2025-02-13,18:51:21,+918132420926,+919646677603,VOICE,7,404387050182283,354164549934649,Rajasthan_BTS_016,404-45-303-157,Rajasthan
CDR202600076706,2025-02-02,13:11:50,+918741550706,+918672092475,SMS,0,404503668221584,357972942224507,WestBengal_BTS_009,404-45-304-837,West Bengal
CDR202600076707,2025-10-01,22:48:36,+919121384267,+918623699986,VOICE,7,404384839942359,358812685188272,UttarPradesh_BTS_003,404-45-650-219,Uttar Pradesh
CDR202600076738,2025-01-16,09:06:13,+918830243661,+917536834363,VOICE,33,404627369654787,359794126966181,TamilNadu_BTS_002,404-45-620-083,Tamil Nadu
CDR202600076745,2025-12-02,03:42:23,+918705621158,+917730626922,VOICE,96,404824520758983,350623404998400,Mumbai_BTS_012,404-45-553-828,Mumbai
CDR202600076755,2025-10-30,07:14:59,+919287679663,+916265150845,VOICE,58,404507034969555,352268771694615,Maharashtra_BTS_006,404-45-489-285,Maharashtra
CDR202600076776,2025-07-25,10:57:17,+917812150158,+916803693943,VOICE,4,404948829029838,356259804641653,UttarPradesh_BTS_012,404-45-441-790,Uttar Pradesh
CDR202600076786,2025-06-24,20:01:07,+917588993961,+918199401926,SMS,0,404054497426245,351172706892688,UttarPradesh_BTS_013,404-45-265-760,Uttar Pradesh
CDR202600076789,2025-09-10,11:01:54,+919032691994,+919931794175,MISSED,0,404398746640394,355956203540008,Rajasthan_BTS_013,404-45-887-657,Rajasthan
CDR202600076795,2025-03-03,21:04:49,+916045034199,+918132075326,VOICE,60,404492871715840,354615681412460,UttarPradesh_BTS_011,404-45-357-928,Uttar Pradesh
CDR202600076818,2025-09-14,18:47:15,+919878474374,+917005567409,VOICE,44,404662388820053,353638664034174,TamilNadu_BTS_006,404-45-423-958,Tamil Nadu
CDR202600076840,2025-07-21,19:40:38,+918520356001,+916514444241,VOICE,53,404689500632924,358368017866106,Rajasthan_BTS_014,404-45-839-897,Rajasthan
CDR202600076843,2025-11-19,15:31:50,+917771689870,+916269527494,VOICE,169,404575903602863,356919812483818,UttarPradesh_BTS_003,404-45-650-219,Uttar Pradesh
CDR202600076869,2025-01-07,04:39:39,+916182088860,+918335471524,SMS,0,404392068612533,354947118152750,UttarPradesh_BTS_003,404-45-202-076,Uttar Pradesh
CDR202600076872,2025-12-07,01:25:57,+917286120422,+916439825779,VOICE,149,404638322742938,353076339012699,UttarPradesh_BTS_008,404-45-860-567,Uttar Pradesh
CDR202600076881,2025-11-19,11:48:15,+918705621158,+919936066941,VOICE,19,404824520758983,350623404998400,Rajasthan_BTS_002,404-45-334-842,Rajasthan
CDR202600076883,2025-03-24,11:19:56,+916226722085,+917036985685,VOICE,33,404836931057959,355341273638834,Gujarat_BTS_006,404-45-818-559,Gujarat
CDR202600076910,2025-08-09,20:47:38,+918032582611,+918126637290,VOICE,423,404895598940525,356476082315295,Maharashtra_BTS_001,404-45-881-345,Maharashtra
CDR202600076914,2025-03-16,17:02:02,+917791545135,+918728614929,SMS,0,404716994794960,351071965893399,Rajasthan_BTS_017,404-45-652-977,Rajasthan
CDR202600076922,2025-02-19,22:05:22,+918801848568,+918649972048,VOICE,84,404598063668226,355318849925715,WestBengal_BTS_006,404-45-906-719,West Bengal
CDR202600076928,2025-06-11,08:51:28,+916405134888,+916095157409,VOICE,14,404928533489829,357856220782707,TamilNadu_BTS_004,404-45-683-253,Tamil Nadu
CDR202600076929,2025-03-24,05:57:47,+916332495475,+919411439042,SMS,0,404596615987681,357349364495721,Maharashtra_BTS_009,404-45-350-168,Maharashtra
CDR202600076935,2025-02-17,08:45:12,+917794061989,+919119227794,VOICE,12,404011877183584,359578388268623,UttarPradesh_BTS_003,404-45-650-219,Uttar Pradesh
CDR202600076978,2025-08-13,08:54:03,+918023743035,+916426267031,VOICE,111,404215947735480,352280756383248,Maharashtra_BTS_004,404-45-146-678,Maharashtra
CDR202600076981,2025-03-04,23:10:27,+919018841243,+916405134888,VOICE,48,404605438535023,358381376226242,Maharashtra_BTS_003,404-45-665-301,Maharashtra
CDR202600076993,2025-08-18,02:27:21,+916774681896,+919819571871,VOICE,177,404544926126729,354040665862142,Mumbai_BTS_006,404-45-319-553,Mumbai
CDR202600077023,2025-02-12,16:04:31,+918912069515,+918906694404,MISSED,0,404493700527972,353407091769231,UttarPradesh_BTS_010,404-45-370-518,Uttar Pradesh
CDR202600077029,2025-01-08,21:06:12,+919818558830,+919477846389,SMS,0,404861937395853,357084957014998,Delhi_BTS_001,404-45-999-581,Delhi
CDR202600077030,2025-09-10,19:13:31,+916267473352,+918714992750,VOICE,208,404357303853692,358761397758769,WestBengal_BTS_004,404-45-522-026,West Bengal
CDR202600077031,2025-10-22,04:04:17,+918011330675,+916803693943,VOICE,231,404982348831989,352854298669454,UttarPradesh_BTS_004,404-45-170-901,Uttar Pradesh
CDR202600077092,2025-05-03,00:06:27,+919815419391,+916304446754,VOICE,31,404547550038974,355138763069082,Delhi_BTS_006,404-45-548-922,Delhi
CDR202600077102,2025-09-26,15:25:58,+918966735221,+917471231159,MISSED,0,404619157727644,350674698892713,Delhi_BTS_003,404-45-533-988,Delhi
CDR202600077104,2025-08-01,07:32:18,+919019947645,+917345913698,MISSED,0,404222788052384,358844059329938,Rajasthan_BTS_008,404-45-981-113,Rajasthan
CDR202600077112,2025-07-27,12:12:14,+917250328744,+919396985580,VOICE,20,404507586727508,352831804833569,UttarPradesh_BTS_007,404-45-999-138,Uttar Pradesh
CDR202600077122,2025-12-28,20:44:51,+918198745637,+917022566287,VOICE,117,404272196830519,354959000254358,WestBengal_BTS_002,404-45-315-699,West Bengal
CDR202600077128,2025-09-15,13:01:58,+919873013956,+919670105203,VOICE,364,404574152980440,358543162902690,UttarPradesh_BTS_009,404-45-378-289,Uttar Pradesh
CDR202600077140,2025-11-04,21:18:25,+918576484744,+916420902003,VOICE,36,404620146468532,353189496642478,WestBengal_BTS_001,404-45-415-374,West Bengal
CDR202600077154,2025-03-06,10:00:31,+917322937836,+917260525274,VOICE,225,404782560190825,350225400026432,Maharashtra_BTS_008,404-45-799-664,Maharashtra
CDR202600077155,2025-09-20,19:18:47,+917130075658,+919345231893,VOICE,99,404595709004692,358509158913655,Rajasthan_BTS_007,404-45-697-409,Rajasthan
CDR202600077159,2025-12-06,04:51:05,+919226175179,+916198380173,VOICE,65,404956766216404,351928946122970,Karnataka_BTS_003,404-45-270-417,Karnataka
CDR202600077195,2025-04-03,09:51:45,+917345354711,+917323292778,VOICE,152,404276755025871,351701829048452,UttarPradesh_BTS_001,404-45-371-406,Uttar Pradesh
CDR202600077199,2025-10-27,03:18:57,+917459240913,+918591782239,VOICE,37,404238516403650,352583236938253,Maharashtra_BTS_006,404-45-987-104,Maharashtra
CDR202600077205,2025-06-08,16:51:42,+918770264001,+918647604679,VOICE,131,404145778703879,355749993465409,Gujarat_BTS_004,404-45-130-096,Gujarat
CDR202600077215,2025-05-21,17:33:29,+918232469460,+917126365590,VOICE,186,404728495152401,357706345488140,Rajasthan_BTS_017,404-45-652-977,Rajasthan
CDR202600077233,2025-11-16,05:35:45,+917787450196,+919400531736,VOICE,141,404384930981819,353198794743241,Maharashtra_BTS_006,404-45-987-104,Maharashtra
CDR202600077244,2025-11-29,10:07:52,+916253834431,+917283986142,VOICE,4,404453107354535,354119616291913,Rajasthan_BTS_006,404-45-651-270,Rajasthan
CDR202600077254,2025-01-16,12:00:19,+917648840105,+917776631300,VOICE,428,404944918777912,353150796347694,Rajasthan_BTS_010,404-45-641-258,Rajasthan
CDR202600077257,2025-09-18,08:19:13,+918330052354,+916514444241,MISSED,0,404578042767478,352514126974860,Rajasthan_BTS_009,404-45-742-164,Rajasthan
CDR202600077274,2025-11-06,01:03:52,+918041604140,+916938174319,VOICE,22,404913315198772,357245027312598,Maharashtra_BTS_006,404-45-489-285,Maharashtra
CDR202600077278,2025-04-27,12:58:35,+918819734931,+916394606831,VOICE,32,404509722980732,359536402480737,Rajasthan_BTS_012,404-45-798-907,Rajasthan
CDR202600077297,2025-10-10,11:13:49,+917558689619,+918160543442,VOICE,431,404316856737672,353893440416001,WestBengal_BTS_006,404-45-373-164,West Bengal
CDR202600077310,2025-11-19,22:32:29,+918640516477,+917254669580,VOICE,181,404925807903290,352233191318598,Rajasthan_BTS_004,404-45-835-323,Rajasthan
CDR202600077320,2025-06-18,06:48:00,+917125790752,+919847625271,VOICE,6,404508632196489,355923470450321,Delhi_BTS_006,404-45-223-254,Delhi
CDR202600077334,2025-06-12,07:50:14,+918243276973,+917911784856,VOICE,28,404004463771771,359577117287082,Mumbai_BTS_004,404-45-980-339,Mumbai
CDR202600077335,2025-12-29,18:05:14,+918310180472,+918386857947,VOICE,22,404721550838392,354582733434604,Rajasthan_BTS_003,404-45-924-324,Rajasthan
CDR202600077353,2025-06-17,17:33:53,+916213343596,+917891674997,VOICE,43,404281537805585,359075711559117,Mumbai_BTS_002,404-45-702-226,Mumbai
CDR202600077381,2025-04-13,11:51:14,+918164818580,+917568309736,VOICE,129,404254559621270,352234906148060,WestBengal_BTS_009,404-45-571-359,West Bengal
CDR202600077388,2025-01-30,14:47:07,+917860420045,+917981493520,VOICE,79,404832101120341,356300334338127,Delhi_BTS_004,404-45-847-707,Delhi
CDR202600077391,2025-02-20,11:16:18,+918490683673,+917129928470,VOICE,171,404587889859459,355374313723203,Karnataka_BTS_006,404-45-848-803,Karnataka
CDR202600077392,2025-03-16,05:23:19,+918407468479,+919447525526,VOICE,114,404146529918829,355661745230251,TamilNadu_BTS_004,404-45-683-253,Tamil Nadu
CDR202600077426,2025-01-09,18:39:06,+917528972236,+916329228510,VOICE,79,404190189535622,351762548681953,WestBengal_BTS_005,404-45-901-954,West Bengal
CDR202600077447,2025-02-16,02:31:01,+919400214959,+918051123826,VOICE,72,404917512744523,351313884892468,UttarPradesh_BTS_013,404-45-552-565,Uttar Pradesh
CDR202600077448,2025-05-20,05:15:53,+916882713712,+918064175201,VOICE,9,404762801608453,354164606441368,Delhi_BTS_002,404-45-935-071,Delhi
CDR202600077464,2025-10-29,08:36:45,+919330477678,+917291879073,VOICE,42,404706869821593,353082942386266,Mumbai_BTS_011,404-45-995-946,Mumbai
CDR202600077466,2025-11-03,12:37:14,+919429605845,+919059681806,VOICE,36,404012631446390,355358689978302,Mumbai_BTS_007,404-45-584-827,Mumbai
CDR202600077467,2025-04-25,00:53:44,+918534986572,+918993012638,VOICE,186,404149828465217,353356792457235,Maharashtra_BTS_007,404-45-479-364,Maharashtra
CDR202600077528,2025-08-29,04:10:46,+917288130303,+918217236777,MISSED,0,404987525818217,353998943699789,UttarPradesh_BTS_007,404-45-999-138,Uttar Pradesh
CDR202600077551,2025-07-10,15:56:06,+917322998434,+916655642600,SMS,0,404291706239917,357514230692407,Rajasthan_BTS_007,404-45-241-522,Rajasthan
CDR202600077562,2025-04-18,04:21:16,+919208418675,+919583245025,VOICE,740,404590182667932,359525398913002,Rajasthan_BTS_014,404-45-839-897,Rajasthan
CDR202600077577,2025-09-01,18:41:44,+917765785944,+917078936265,VOICE,19,404900824727003,352958580177614,Rajasthan_BTS_009,404-45-742-164,Rajasthan
CDR202600077608,2025-05-11,01:27:27,+918132791964,+916250502536,VOICE,397,404698142864562,350776749703670,Rajasthan_BTS_001,404-45-755-705,Rajasthan
CDR202600077609,2025-04-09,17:18:19,+918478798838,+916994593894,SMS,0,404634316521496,350531773142970,UttarPradesh_BTS_003,404-45-202-076,Uttar Pradesh
CDR202600077622,2025-01-13,20:04:13,+916858960592,+918598612796,VOICE,62,404924243620528,350272287138525,Rajasthan_BTS_019,404-45-414-246,Rajasthan
CDR202600077637,2025-02-20,11:39:59,+918133493776,+917182172610,VOICE,102,404851434879460,357292330025722,Rajasthan_BTS_006,404-45-242-253,Rajasthan
CDR202600077648,2025-12-22,22:13:31,+919208418675,+918022471766,VOICE,35,404590182667932,359525398913002,Rajasthan_BTS_016,404-45-961-655,Rajasthan
CDR202600077661,2025-08-17,12:15:28,+918278086239,+917688512824,VOICE,25,404138288349354,354837781550037,TamilNadu_BTS_006,404-45-367-210,Tamil Nadu
CDR202600077666,2025-10-24,07:27:23,+918894124363,+918878386080,VOICE,38,404636118827293,354032531454873,Delhi_BTS_001,404-45-999-581,Delhi
CDR202600077675,2025-05-20,06:25:14,+919733761679,+916715997264,VOICE,39,404276449169487,355083226581161,WestBengal_BTS_005,404-45-521-822,West Bengal
CDR202600077677,2025-12-11,11:35:21,+916604663553,+918615588643,VOICE,12,404866060494198,350843090361211,TamilNadu_BTS_001,404-45-158-052,Tamil Nadu
CDR202600077684,2025-08-12,04:30:03,+916025749167,+918250075519,SMS,0,404786452926007,351203065630702,Karnataka_BTS_008,404-45-693-754,Karnataka
CDR202600077694,2025-04-13,00:36:40,+918942896065,+919640612532,SMS,0,404156358471538,355894969127860,Maharashtra_BTS_002,404-45-718-271,Maharashtra
CDR202600077706,2025-08-29,20:43:01,+916199810758,+916803693943,VOICE,37,404741874459664,354874024942631,Delhi_BTS_003,404-45-533-988,Delhi
CDR202600077762,2025-01-16,05:43:20,+919316737376,+919919196941,MISSED,0,404029477845975,353027003969706,Rajasthan_BTS_010,404-45-641-258,Rajasthan
CDR202600077771,2025-05-27,15:17:22,+916034872249,+919723251315,VOICE,445,404120744194392,352303184120280,WestBengal_BTS_004,404-45-283-755,West Bengal
CDR202600077780,2025-10-10,16:40:20,+919423224659,+916654574616,VOICE,222,404056057394448,356491647676557,Gujarat_BTS_007,404-45-106-778,Gujarat
CDR202600077785,2025-02-25,07:32:04,+917465825192,+919566359010,SMS,0,404434947759635,351996018529998,UttarPradesh_BTS_011,404-45-966-053,Uttar Pradesh
CDR202600077792,2025-02-01,10:17:28,+917521775926,+917625921832,SMS,0,404751319018637,351328321645635,TamilNadu_BTS_003,404-45-170-610,Tamil Nadu
CDR202600077797,2025-11-27,15:39:43,+919267061702,+918698141236,VOICE,126,404805952061344,356256887652337,WestBengal_BTS_001,404-45-981-041,West Bengal
CDR202600077803,2025-09-25,20:54:52,+917036109640,+917304074911,SMS,0,404778627611614,359320083188004,TamilNadu_BTS_001,404-45-614-942,Tamil Nadu
CDR202600077818,2025-07-07,23:21:11,+917260525274,+916348509114,VOICE,94,404348500968395,357212038753711,WestBengal_BTS_004,404-45-522-026,West Bengal
CDR202600077822,2025-01-28,12:53:08,+917929745821,+917887149781,VOICE,28,404331228625832,350639667929885,Karnataka_BTS_003,404-45-270-417,Karnataka
CDR202600077829,2025-09-21,02:20:41,+916990731677,+917689860059,VOICE,128,404006669616539,350011450433960,Gujarat_BTS_002,404-45-328-143,Gujarat
CDR202600077839,2025-05-06,15:12:50,+917885688649,+916016746411,SMS,0,404131495595429,357698038789435,TamilNadu_BTS_006,404-45-367-210,Tamil Nadu
CDR202600077872,2025-06-27,19:37:59,+917103776964,+919020515312,VOICE,47,404530150497959,353207339910650,Delhi_BTS_002,404-45-878-546,Delhi
CDR202600077874,2025-07-03,17:37:33,+917234895817,+919208418675,VOICE,8,404787254869727,350434034991475,Rajasthan_BTS_007,404-45-470-225,Rajasthan
CDR202600077908,2025-04-29,07:02:58,+917776631300,+916438482536,SMS,0,404198544869698,353663425013585,Gujarat_BTS_003,404-45-704-433,Gujarat
CDR202600077914,2025-05-30,06:38:17,+919423224659,+918665975740,VOICE,51,404056057394448,356491647676557,Rajasthan_BTS_013,404-45-448-115,Rajasthan
CDR202600077916,2025-04-16,05:49:48,+918854666127,+916244500669,VOICE,84,404022925067399,351290751329413,TamilNadu_BTS_006,404-45-678-536,Tamil Nadu
CDR202600077938,2025-08-05,08:01:59,+918660716400,+917880755294,MISSED,0,404657907130115,356745243273433,Rajasthan_BTS_019,404-45-471-900,Rajasthan
CDR202600077954,2025-12-26,17:23:48,+917371519719,+918567443317,VOICE,100,404134004227625,357049269181579,Maharashtra_BTS_001,404-45-204-095,Maharashtra
CDR202600077965,2025-01-04,17:13:42,+919766877459,+919548918958,VOICE,219,404243897845928,357744354633738,Karnataka_BTS_007,404-45-294-304,Karnataka
CDR202600077969,2025-02-11,07:35:45,+917139435997,+917128722244,VOICE,94,404775867779992,353641324305350,Mumbai_BTS_011,404-45-995-946,Mumbai
CDR202600077970,2025-05-23,19:31:21,+918492729535,+919271437076,VOICE,347,404443850308147,351839169424601,Karnataka_BTS_008,404-45-693-754,Karnataka
CDR202600077974,2025-06-01,13:13:31,+918259853474,+916653271645,VOICE,4,404623130524754,352640494628110,UttarPradesh_BTS_013,404-45-265-760,Uttar Pradesh
CDR202600077978,2025-10-26,02:46:16,+917386339515,+918270857685,VOICE,44,404326799839034,359869801111327,WestBengal_BTS_005,404-45-901-954,West Bengal
CDR202600077996,2025-09-23,19:59:13,+916858960592,+919489086183,VOICE,11,404924243620528,350272287138525,Maharashtra_BTS_004,404-45-821-072,Maharashtra
CDR202600078008,2025-12-22,07:49:43,+918839351733,+919372873392,VOICE,64,404434701797103,352822367321741,Rajasthan_BTS_013,404-45-448-115,Rajasthan
CDR202600078015,2025-04-29,22:14:57,+918948299991,+918422904612,VOICE,36,404484800360225,351234402167000,Delhi_BTS_006,404-45-223-254,Delhi
CDR202600078016,2025-01-13,01:22:01,+916022672911,+919189708074,VOICE,161,404446709028296,357511618119320,UttarPradesh_BTS_011,404-45-533-850,Uttar Pradesh
CDR202600078034,2025-08-16,13:09:54,+919900586055,+918023169487,VOICE,496,404082752725351,353892359151229,Maharashtra_BTS_002,404-45-199-368,Maharashtra
CDR202600078064,2025-05-25,15:07:54,+919600671249,+919427637919,VOICE,57,404885622559310,357884132344248,Gujarat_BTS_007,404-45-703-285,Gujarat
CDR202600078067,2025-08-28,00:05:30,+916803693943,+918615303604,SMS,0,404942338437775,354421822762447,TamilNadu_BTS_001,404-45-614-942,Tamil Nadu
CDR202600078074,2025-03-15,08:15:30,+918340010388,+918927834095,VOICE,126,404168561432771,353720327851108,Karnataka_BTS_001,404-45-767-554,Karnataka
CDR202600078097,2025-02-08,17:17:06,+919300467117,+919026337611,SMS,0,404658605433151,350793541627934,WestBengal_BTS_008,404-45-979-482,West Bengal
CDR202600078109,2025-03-14,14:12:02,+917606828823,+918344808965,VOICE,18,404554466920020,351267317822732,Delhi_BTS_004,404-45-652-774,Delhi
CDR202600078120,2025-08-07,21:27:34,+917456823397,+919860882785,VOICE,65,404859610183830,351021810074914,UttarPradesh_BTS_013,404-45-822-438,Uttar Pradesh
CDR202600078162,2025-10-09,13:56:44,+919939243535,+919754632683,VOICE,24,404534470716340,352191846903788,Rajasthan_BTS_013,404-45-448-115,Rajasthan
CDR202600078177,2025-04-17,01:15:47,+918300889572,+916341686359,VOICE,87,404350913519189,356083749036779,Rajasthan_BTS_013,404-45-400-446,Rajasthan
CDR202600078195,2025-03-09,11:24:44,+918132420926,+917264763672,VOICE,140,404387050182283,354164549934649,Rajasthan_BTS_017,404-45-652-977,Rajasthan
CDR202600078201,2025-10-24,07:16:54,+916247648743,+917529071926,SMS,0,404747463278877,357687076617084,WestBengal_BTS_002,404-45-205-363,West Bengal
CDR202600078217,2025-07-05,22:30:39,+918147651676,+918839834189,VOICE,38,404074397792308,356894263910237,WestBengal_BTS_002,404-45-205-363,West Bengal
CDR202600078228,2025-01-06,04:23:47,+918587763348,+916138269495,VOICE,338,404025047462051,354470775099364,WestBengal_BTS_001,404-45-915-996,West Bengal
CDR202600078236,2025-01-19,15:22:30,+918042549570,+918395270269,VOICE,59,404339647529353,351104962673311,UttarPradesh_BTS_004,404-45-457-903,Uttar Pradesh
CDR202600078272,2025-10-17,17:28:23,+919584248047,+918080738604,VOICE,46,404705602949171,354155283729641,TamilNadu_BTS_006,404-45-423-958,Tamil Nadu
CDR202600078305,2025-05-25,20:35:20,+918147651676,+918298564303,VOICE,62,404074397792308,356894263910237,Delhi_BTS_004,404-45-652-774,Delhi
CDR202600078318,2025-01-14,00:18:29,+917676821494,+916510932257,VOICE,116,404073923869377,350350465997957,Delhi_BTS_002,404-45-935-071,Delhi
CDR202600078332,2025-12-25,06:49:40,+919330497908,+917624905405,VOICE,14,404553064994431,354582336348242,UttarPradesh_BTS_001,404-45-371-406,Uttar Pradesh
CDR202600078351,2025-09-17,22:30:07,+917086319695,+919012273494,VOICE,35,404528227440780,358063938950000,WestBengal_BTS_001,404-45-230-043,West Bengal
CDR202600078357,2025-03-03,03:55:14,+916737984678,+918096275220,VOICE,104,404136269907837,352850106912956,TamilNadu_BTS_004,404-45-683-253,Tamil Nadu
CDR202600078360,2025-07-06,17:59:29,+917395495786,+916213343596,VOICE,159,404919648471434,356563235200876,Gujarat_BTS_005,404-45-716-028,Gujarat
CDR202600078367,2025-08-08,10:06:21,+917222410146,+919298342479,VOICE,166,404646798335681,355103669440895,Delhi_BTS_002,404-45-231-676,Delhi
CDR202600078371,2025-08-27,03:55:41,+916721272168,+919487715179,VOICE,55,404225626373671,350072899430410,Karnataka_BTS_004,404-45-985-411,Karnataka
CDR202600078389,2025-02-08,13:21:56,+919718897270,+918333484042,VOICE,17,404801134284088,350389702821913,Mumbai_BTS_008,404-45-984-747,Mumbai
CDR202600078390,2025-11-15,20:24:51,+917885171272,+918733358934,VOICE,16,404250955064612,356429030607783,Rajasthan_BTS_004,404-45-835-323,Rajasthan
CDR202600078431,2025-01-30,04:31:20,+918200569700,+917308953603,VOICE,65,404106210113846,359273533320562,UttarPradesh_BTS_004,404-45-457-903,Uttar Pradesh
CDR202600078445,2025-10-21,07:57:18,+916207044235,+916411140192,VOICE,111,404283815950469,352146998099793,Rajasthan_BTS_009,404-45-911-697,Rajasthan
CDR202600078470,2025-07-27,16:49:23,+918815608115,+917896773158,SMS,0,404043709314492,352592053508103,Maharashtra_BTS_003,404-45-665-301,Maharashtra
CDR202600078495,2025-04-02,17:37:12,+919612549351,+918782469217,VOICE,114,404225730063182,358622642293560,Rajasthan_BTS_015,404-45-612-781,Rajasthan
CDR202600078518,2025-01-09,04:37:51,+917142631652,+919757191856,VOICE,117,404330091829802,352499346440949,Rajasthan_BTS_018,404-45-713-332,Rajasthan
CDR202600078521,2025-05-07,02:28:29,+919595691060,+916075420676,VOICE,10,404395108289506,350833253597209,Maharashtra_BTS_002,404-45-926-045,Maharashtra
CDR202600078543,2025-08-01,06:30:43,+918980177709,+918335058737,VOICE,34,404841676734802,359346566207948,Rajasthan_BTS_010,404-45-641-258,Rajasthan
CDR202600078558,2025-11-26,16:02:30,+919294300491,+918333004805,VOICE,41,404422360804083,354327447163074,WestBengal_BTS_005,404-45-521-822,West Bengal
CDR202600078591,2025-11-14,23:22:50,+918954038504,+918145624087,VOICE,33,404221356291183,359618824659252,Rajasthan_BTS_012,404-45-798-907,Rajasthan
CDR202600078602,2025-06-03,18:13:28,+918954038504,+917398664340,VOICE,132,404221356291183,359618824659252,Rajasthan_BTS_011,404-45-796-739,Rajasthan
CDR202600078606,2025-10-27,16:53:26,+918498410218,+917130811698,SMS,0,404499879634755,358820232422250,Maharashtra_BTS_003,404-45-487-081,Maharashtra
CDR202600078614,2025-02-16,01:09:13,+917610693240,+919771954780,VOICE,198,404917977376303,354249370616912,UttarPradesh_BTS_015,404-45-658-037,Uttar Pradesh
CDR202600078619,2025-10-10,06:54:39,+917677222981,+917368147847,SMS,0,404229090846342,353447342856876,Maharashtra_BTS_009,404-45-350-168,Maharashtra
CDR202600078638,2025-05-04,01:04:53,+917296853927,+918310693017,MISSED,0,404503478910026,351857233195609,Maharashtra_BTS_008,404-45-818-960,Maharashtra
CDR202600078642,2025-12-18,00:39:27,+919429605845,+918685110458,VOICE,209,404012631446390,355358689978302,Mumbai_BTS_005,404-45-626-244,Mumbai
CDR202600078658,2025-11-13,12:11:17,+919833982372,+916971406889,VOICE,51,404162109148871,359810278438829,TamilNadu_BTS_006,404-45-367-210,Tamil Nadu
CDR202600078660,2025-05-11,15:36:51,+919062514153,+917254669580,VOICE,112,404430521336122,352285848915798,Rajasthan_BTS_005,404-45-771-512,Rajasthan
CDR202600078662,2025-05-22,10:34:10,+918639338747,+918708944033,VOICE,31,404442834128049,359991110427423,Maharashtra_BTS_001,404-45-881-345,Maharashtra
CDR202600078665,2025-09-13,10:47:52,+919018461351,+916756772254,SMS,0,404773704391020,350784103760163,Gujarat_BTS_007,404-45-928-891,Gujarat
CDR202600078666,2025-12-02,09:33:18,+916948757738,+918966735221,VOICE,102,404073473792885,359376950159711,UttarPradesh_BTS_010,404-45-308-704,Uttar Pradesh
CDR202600078688,2025-09-22,02:35:44,+919057787504,+919674763384,VOICE,170,404579201745518,358322884906606,Gujarat_BTS_002,404-45-854-105,Gujarat
CDR202600078697,2025-02-16,19:32:04,+916768200913,+917114445865,MISSED,0,404313833588735,353694004035084,WestBengal_BTS_003,404-45-266-820,West Bengal
CDR202600078699,2025-12-22,11:11:23,+917006883423,+919785436959,VOICE,267,404117661731463,359362881080441,Rajasthan_BTS_016,404-45-303-157,Rajasthan
CDR202600078700,2025-01-26,08:15:41,+918948299991,+918245240086,MISSED,0,404484800360225,351234402167000,Mumbai_BTS_006,404-45-319-553,Mumbai
CDR202600078708,2025-12-12,12:22:46,+919571680333,+917994574635,VOICE,33,404205107939618,357846715743627,Rajasthan_BTS_005,404-45-771-512,Rajasthan
CDR202600078710,2025-02-03,15:55:44,+916858960592,+917099277408,VOICE,46,404924243620528,350272287138525,Mumbai_BTS_008,404-45-984-747,Mumbai
CDR202600078717,2025-09-03,04:26:54,+918707498242,+917050846439,VOICE,28,404424071853869,358972338624894,WestBengal_BTS_009,404-45-304-837,West Bengal
CDR202600078727,2025-05-29,15:26:56,+918474679334,+916703033328,VOICE,70,404395881495393,356934049814931,UttarPradesh_BTS_003,404-45-202-076,Uttar Pradesh
CDR202600078733,2025-11-11,23:51:12,+919530476674,+919088114506,VOICE,17,404218645545408,357650585192968,Rajasthan_BTS_010,404-45-710-066,Rajasthan
CDR202600078759,2025-06-20,19:00:25,+918604903352,+918308876815,SMS,0,404726739751663,356338658631236,Maharashtra_BTS_008,404-45-173-624,Maharashtra
CDR202600078780,2025-04-11,19:47:38,+919446497401,+918891279270,VOICE,203,404055651161096,355232438548464,Maharashtra_BTS_004,404-45-691-197,Maharashtra
CDR202600078796,2025-03-14,19:00:01,+916653271645,+917486479313,VOICE,4,404867621011710,356014704827913,Delhi_BTS_001,404-45-999-581,Delhi
CDR202600078805,2025-05-08,15:48:50,+919429605845,+917534716845,VOICE,11,404012631446390,355358689978302,Delhi_BTS_006,404-45-223-254,Delhi
CDR202600078821,2025-01-06,05:38:54,+919038361051,+916351363179,MISSED,0,404115973524821,357820563301934,Rajasthan_BTS_015,404-45-282-520,Rajasthan
CDR202600078848,2025-10-09,04:20:29,+918799376735,+918395886708,VOICE,109,404957154386329,356457613269208,TamilNadu_BTS_006,404-45-678-536,Tamil Nadu
CDR202600078877,2025-01-28,00:58:44,+917011437731,+917529071926,VOICE,44,404683508287547,359833418159000,Karnataka_BTS_004,404-45-985-411,Karnataka
CDR202600078886,2025-09-18,05:52:45,+917246906635,+917024544717,VOICE,47,404606431370072,351660695229083,Rajasthan_BTS_004,404-45-316-936,Rajasthan
CDR202600078887,2025-04-23,15:31:33,+919271437076,+916173624627,VOICE,140,404258355879605,350977320006271,Rajasthan_BTS_004,404-45-680-898,Rajasthan
CDR202600078897,2025-10-12,15:43:58,+919726146663,+918641670885,VOICE,48,404472993768494,351027354312120,Gujarat_BTS_001,404-45-859-282,Gujarat
CDR202600078902,2025-06-14,20:12:41,+916861162202,+918254756017,VOICE,73,404969721934546,351218164653593,UttarPradesh_BTS_008,404-45-860-567,Uttar Pradesh
CDR202600078907,2025-11-09,17:59:24,+919012911135,+916703211022,VOICE,76,404400783774627,350030896895855,Rajasthan_BTS_015,404-45-208-892,Rajasthan
CDR202600078912,2025-03-04,12:59:49,+917871176046,+916653271645,VOICE,88,404006197303605,358854305526147,Karnataka_BTS_001,404-45-767-554,Karnataka
CDR202600078921,2025-11-11,06:46:20,+917938468419,+916423682242,MISSED,0,404836059634419,358977846319596,Maharashtra_BTS_008,404-45-173-624,Maharashtra
CDR202600078941,2025-03-21,12:36:49,+918758540353,+916341686359,VOICE,49,404580093360959,353855235962703,WestBengal_BTS_007,404-45-491-894,West Bengal
CDR202600078944,2025-03-18,21:47:02,+919726146663,+919367651733,SMS,0,404472993768494,351027354312120,Maharashtra_BTS_009,404-45-646-747,Maharashtra
CDR202600078947,2025-05-24,18:55:23,+919012273494,+919884260198,VOICE,64,404235376981388,359329896777630,Delhi_BTS_003,404-45-533-988,Delhi
CDR202600078949,2025-09-26,01:21:04,+918740619546,+917304074911,MISSED,0,404192407478659,353277049622860,Karnataka_BTS_003,404-45-270-417,Karnataka
CDR202600078952,2025-12-17,16:55:19,+917315464969,+917009756673,VOICE,34,404113222793706,356013458731926,Mumbai_BTS_008,404-45-462-434,Mumbai
CDR202600078959,2025-01-28,12:37:36,+919834308956,+918073269811,VOICE,64,404540731562869,353989947788097,Karnataka_BTS_008,404-45-693-754,Karnataka
CDR202600078993,2025-01-19,22:33:39,+919611058482,+916965012778,VOICE,387,404397536453971,356864902196456,UttarPradesh_BTS_011,404-45-966-053,Uttar Pradesh
CDR202600079054,2025-06-26,04:54:35,+918863053932,+919754722140,VOICE,34,404278424051624,357138087008041,Rajasthan_BTS_016,404-45-961-655,Rajasthan
CDR202600079068,2025-03-18,18:51:26,+919585534289,+918937103157,VOICE,56,404205309999637,355930662993807,Rajasthan_BTS_012,404-45-798-907,Rajasthan
CDR202600079074,2025-11-23,01:41:27,+917913219342,+919300467117,VOICE,165,404061470828835,356464115164971,UttarPradesh_BTS_003,404-45-736-577,Uttar Pradesh
CDR202600079104,2025-03-01,13:32:13,+916237834522,+919928879568,SMS,0,404690884726857,359815806300203,Rajasthan_BTS_019,404-45-119-115,Rajasthan
CDR202600079110,2025-06-29,11:55:24,+919897995546,+918677835293,VOICE,66,404095580200858,350220810999696,WestBengal_BTS_001,404-45-915-996,West Bengal
CDR202600079113,2025-10-11,20:12:18,+918696518496,+916664672865,SMS,0,404446955706436,351926192706658,WestBengal_BTS_007,404-45-491-894,West Bengal
CDR202600079142,2025-12-05,16:33:14,+916720582936,+919972876234,MISSED,0,404245556217118,355330221594229,UttarPradesh_BTS_002,404-45-869-959,Uttar Pradesh
CDR202600079163,2025-10-08,10:07:51,+919938718030,+916633502767,VOICE,269,404165699933583,352185314190935,Rajasthan_BTS_001,404-45-755-705,Rajasthan
CDR202600079173,2025-09-17,18:21:31,+917871245964,+918223971267,VOICE,4,404252916854472,356360896116251,Mumbai_BTS_007,404-45-196-100,Mumbai
CDR202600079190,2025-03-09,08:51:51,+919985306500,+916744812150,VOICE,28,404896104187648,359026709068948,Maharashtra_BTS_003,404-45-649-128,Maharashtra
CDR202600079197,2025-12-31,05:44:34,+919390373823,+916968274761,VOICE,149,404644299712659,357932801799654,Delhi_BTS_001,404-45-999-581,Delhi
CDR202600079205,2025-12-28,08:07:21,+916239657954,+917013936970,SMS,0,404116041545243,358836673504034,TamilNadu_BTS_006,404-45-678-536,Tamil Nadu
CDR202600079208,2025-09-03,22:02:00,+917606828823,+916654574616,VOICE,242,404554466920020,351267317822732,WestBengal_BTS_002,404-45-205-363,West Bengal
CDR202600079210,2025-07-12,16:48:13,+918501249628,+917994149650,SMS,0,404770393116704,357001673751864,WestBengal_BTS_005,404-45-901-954,West Bengal
CDR202600079211,2025-04-14,02:23:13,+917637972866,+917405227224,VOICE,45,404315506002925,351255724249898,Gujarat_BTS_005,404-45-338-518,Gujarat
CDR202600079215,2025-09-01,18:34:03,+918466789888,+918978021997,VOICE,110,404292423668825,352469518137421,Gujarat_BTS_007,404-45-703-285,Gujarat
CDR202600079227,2025-11-13,14:03:48,+916287579696,+917922511142,VOICE,20,404757122694855,358184354002053,Rajasthan_BTS_013,404-45-400-446,Rajasthan
CDR202600079241,2025-04-03,20:29:34,+916260635104,+916051333250,VOICE,156,404612283039936,352075813507734,Rajasthan_BTS_013,404-45-887-657,Rajasthan
CDR202600079274,2025-08-13,18:15:26,+916929338098,+919528368254,VOICE,64,404654693489111,351776885282211,TamilNadu_BTS_006,404-45-423-958,Tamil Nadu
CDR202600079277,2025-01-30,08:53:30,+917555664956,+919291541928,VOICE,10,404211548585992,359044354035118,Rajasthan_BTS_007,404-45-697-409,Rajasthan
CDR202600079291,2025-01-06,16:26:48,+917005567409,+919241537290,VOICE,121,404122112273974,358977901127687,Karnataka_BTS_005,404-45-102-400,Karnataka
CDR202600079300,2025-02-10,09:42:16,+919987672814,+918530791721,VOICE,202,404337914103881,358766259201169,Rajasthan_BTS_017,404-45-897-945,Rajasthan
CDR202600079373,2025-09-30,07:35:50,+917371519719,+918233444314,VOICE,81,404134004227625,357049269181579,Rajasthan_BTS_002,404-45-334-842,Rajasthan
CDR202600079375,2025-04-14,01:23:44,+919997519753,+917576351514,VOICE,7,404657347375993,352695658726012,UttarPradesh_BTS_009,404-45-719-216,Uttar Pradesh
CDR202600079394,2025-05-16,06:49:58,+916644086226,+918502703675,SMS,0,404139802471292,351990294831756,Maharashtra_BTS_004,404-45-821-072,Maharashtra
CDR202600079397,2025-06-03,11:38:22,+918858011567,+918868224388,VOICE,106,404931913089431,350083643563593,UttarPradesh_BTS_011,404-45-533-850,Uttar Pradesh
CDR202600079425,2025-10-04,09:07:47,+918845391323,+919635586233,VOICE,137,404127083355935,356904855075656,Maharashtra_BTS_001,404-45-204-095,Maharashtra
CDR202600079448,2025-05-12,17:09:33,+916027901336,+919675839427,VOICE,45,404564941936969,350504391016090,Mumbai_BTS_007,404-45-584-827,Mumbai
CDR202600079454,2025-06-24,19:42:59,+919303227192,+916015450890,VOICE,231,404826979416949,357299789816898,Mumbai_BTS_011,404-45-287-286,Mumbai
CDR202600079461,2025-11-25,11:06:17,+917134046268,+917691728825,SMS,0,404285622908178,359279787289103,Gujarat_BTS_004,404-45-130-096,Gujarat
CDR202600079471,2025-04-25,16:19:23,+919530476674,+919784798490,VOICE,384,404218645545408,357650585192968,Rajasthan_BTS_004,404-45-680-898,Rajasthan
CDR202600079474,2025-07-21,08:26:28,+916999242678,+917254669580,VOICE,96,404378490428559,358895835530259,TamilNadu_BTS_004,404-45-683-253,Tamil Nadu
CDR202600079481,2025-12-20,19:00:39,+918845391323,+918094707963,VOICE,48,404127083355935,355997379384328,Karnataka_BTS_001,404-45-767-554,Karnataka
CDR202600079483,2025-07-18,02:31:46,+918973195156,+919105708614,VOICE,2,404999689122226,351380920003013,WestBengal_BTS_001,404-45-981-041,West Bengal
CDR202600079486,2025-06-09,08:48:42,+916107926886,+919037639763,VOICE,131,404728057974850,358855644717995,Delhi_BTS_002,404-45-878-546,Delhi
CDR202600079488,2025-09-03,18:14:24,+917565222204,+918495193926,VOICE,42,404962567172994,353635983837521,Rajasthan_BTS_006,404-45-651-270,Rajasthan
CDR202600079491,2025-03-19,03:11:11,+917546122102,+919325366085,VOICE,339,404058139670577,359193278886332,TamilNadu_BTS_002,404-45-620-083,Tamil Nadu
CDR202600079497,2025-03-28,13:59:59,+918790996877,+918728614929,VOICE,138,404001524470473,353081719307442,Maharashtra_BTS_009,404-45-646-747,Maharashtra
CDR202600079510,2025-08-28,11:47:02,+917567477331,+917160405940,SMS,0,404200828786207,356323171283206,Mumbai_BTS_007,404-45-584-827,Mumbai
CDR202600079511,2025-01-26,03:11:15,+919459673734,+917887149781,VOICE,148,404806845698111,354151371251525,Maharashtra_BTS_007,404-45-314-687,Maharashtra
CDR202600079543,2025-01-02,11:24:16,+916444035699,+918428693441,VOICE,127,404723257776164,350749287168756,UttarPradesh_BTS_003,404-45-736-577,Uttar Pradesh
CDR202600079550,2025-02-03,11:48:40,+916514444241,+918734545063,VOICE,53,404954341991008,354682315116551,Gujarat_BTS_005,404-45-338-518,Gujarat
CDR202600079563,2025-11-30,12:58:28,+917315838489,+919773629639,VOICE,111,404163085685844,358758839758286,Maharashtra_BTS_008,404-45-799-664,Maharashtra
CDR202600079565,2025-08-26,13:14:38,+917662857947,+918485572124,VOICE,101,404682291653428,355627559250206,Delhi_BTS_006,404-45-548-922,Delhi
CDR202600079572,2025-01-11,07:39:51,+918537038492,+917509460571,MISSED,0,404663224404233,353005724366776,TamilNadu_BTS_006,404-45-423-958,Tamil Nadu
CDR202600079616,2025-09-12,17:34:10,+917041967900,+916304446754,VOICE,112,404763958780425,355153990568215,Karnataka_BTS_003,404-45-270-417,Karnataka
CDR202600079622,2025-08-22,22:51:11,+919283958425,+918905398864,VOICE,15,404304869787999,354844310059009,Mumbai_BTS_007,404-45-196-100,Mumbai
CDR202600079627,2025-07-15,10:10:41,+918605603688,+919902605527,VOICE,24,404270849969984,357970180498165,UttarPradesh_BTS_011,404-45-357-928,Uttar Pradesh
CDR202600079629,2025-01-24,04:59:33,+917312502106,+919648858310,VOICE,12,404745566895118,352613271001974,Rajasthan_BTS_016,404-45-619-624,Rajasthan
CDR202600079635,2025-04-29,18:22:11,+917123640419,+917122941711,VOICE,132,404108331135991,352098794969779,Karnataka_BTS_005,404-45-102-400,Karnataka
CDR202600079654,2025-08-27,04:09:18,+919372873392,+918624740058,VOICE,248,404301993167344,357991519174120,WestBengal_BTS_007,404-45-491-894,West Bengal
CDR202600079680,2025-08-04,22:58:36,+919110875293,+917280030183,VOICE,19,404282323782788,356614350000608,Delhi_BTS_003,404-45-662-170,Delhi
CDR202600079704,2025-06-14,16:00:42,+916780347072,+919901638033,VOICE,25,404609565872425,356530557279231,UttarPradesh_BTS_010,404-45-308-704,Uttar Pradesh
CDR202600079725,2025-02-20,06:59:13,+918620488758,+919548918958,VOICE,284,404369924377106,357229702630720,Gujarat_BTS_007,404-45-106-778,Gujarat
CDR202600079755,2025-07-03,12:09:13,+917234222626,+919828369317,VOICE,14,404006105473784,353500380281381,Rajasthan_BTS_013,404-45-887-657,Rajasthan
CDR202600079761,2025-07-11,11:27:54,+918494092182,+919423224659,VOICE,61,404698833789257,359982494065518,UttarPradesh_BTS_010,404-45-308-704,Uttar Pradesh
CDR202600079779,2025-08-01,12:50:34,+919620852192,+916746134266,VOICE,239,404207076302771,355867756453697,UttarPradesh_BTS_008,404-45-860-567,Uttar Pradesh
CDR202600079781,2025-08-13,16:24:31,+917201298175,+919449284607,VOICE,363,404953649325913,356286468293805,Delhi_BTS_002,404-45-878-546,Delhi
CDR202600079792,2025-08-26,12:10:04,+918341313200,+918279910426,SMS,0,404309636529799,358816292488821,UttarPradesh_BTS_001,404-45-371-406,Uttar Pradesh
CDR202600079796,2025-08-15,09:15:04,+918364099651,+916022087476,MISSED,0,404681598983002,354576886932718,Maharashtra_BTS_002,404-45-926-045,Maharashtra
CDR202600079801,2025-11-04,09:52:48,+917117272909,+917790056636,VOICE,11,404103862663800,356966764936887,Rajasthan_BTS_010,404-45-710-066,Rajasthan
CDR202600079813,2025-06-20,16:02:57,+916950821627,+916006858319,SMS,0,404097626580031,356539038731726,Mumbai_BTS_007,404-45-516-195,Mumbai
CDR202600079816,2025-03-09,10:58:51,+917861626307,+916605441163,SMS,0,404430335603134,356435658683103,Rajasthan_BTS_001,404-45-801-333,Rajasthan
CDR202600079833,2025-02-18,17:18:06,+919343914928,+919855632495,VOICE,20,404950575916425,354543481198247,Maharashtra_BTS_007,404-45-479-364,Maharashtra
CDR202600079856,2025-01-03,12:19:58,+919973999260,+919752934480,VOICE,341,404475614687665,355147498256765,Rajasthan_BTS_016,404-45-619-624,Rajasthan
CDR202600079873,2025-11-27,17:02:19,+918532217290,+919285621806,VOICE,275,404539641333780,352248058814358,Mumbai_BTS_010,404-45-919-883,Mumbai
CDR202600079874,2025-01-01,03:49:07,+919159087837,+919511799653,VOICE,74,404664087661995,358533357520443,Karnataka_BTS_007,404-45-294-304,Karnataka
CDR202600079877,2025-10-15,07:56:21,+916486671202,+917371519719,VOICE,25,404789784610870,354429456254003,Mumbai_BTS_011,404-45-243-433,Mumbai
CDR202600079884,2025-07-17,11:42:02,+919987672814,+918733792876,VOICE,14,404337914103881,358766259201169,UttarPradesh_BTS_002,404-45-568-324,Uttar Pradesh
CDR202600079887,2025-04-23,18:07:23,+916507792328,+917947077688,VOICE,170,404857481908212,352993443271608,Rajasthan_BTS_004,404-45-680-898,Rajasthan
CDR202600079897,2025-06-05,16:30:42,+919956147272,+919340860229,VOICE,156,404750729531744,351991337979179,Mumbai_BTS_004,404-45-980-339,Mumbai
CDR202600079919,2025-05-19,14:10:33,+917379542282,+916190921418,VOICE,65,404743777176457,357442397397677,Maharashtra_BTS_003,404-45-949-644,Maharashtra
CDR202600079964,2025-10-20,12:57:42,+916557348906,+917546122102,VOICE,29,404338249481620,357907868322097,Maharashtra_BTS_003,404-45-649-128,Maharashtra
CDR202600079978,2025-01-21,10:35:05,+918689402013,+918347779013,VOICE,102,404629014586439,355875846340422,WestBengal_BTS_003,404-45-342-886,West Bengal
CDR202600079996,2025-09-07,10:16:13,+917110719742,+919049670765,VOICE,141,404994903532274,354596755188781,UttarPradesh_BTS_011,404-45-194-650,Uttar Pradesh
CDR202600080003,2025-10-14,16:08:29,+919038361051,+917004944754,VOICE,53,404115973524821,357820563301934,Karnataka_BTS_005,404-45-371-949,Karnataka
CDR202600080014,2025-09-29,21:06:55,+919900369433,+917705202761,VOICE,71,404610139299784,359865158482863,Karnataka_BTS_001,404-45-767-554,Karnataka
CDR202600080016,2025-07-08,17:28:47,+919327809757,+916667280391,VOICE,48,404363762750299,358906664995036,UttarPradesh_BTS_012,404-45-233-653,Uttar Pradesh
CDR202600080092,2025-06-14,10:20:03,+919997519753,+918532278173,VOICE,146,404657347375993,352695658726012,Maharashtra_BTS_005,404-45-891-297,Maharashtra
CDR202600080101,2025-07-21,03:28:11,+917940507999,+919429605845,VOICE,195,404639417256630,356780692882905,WestBengal_BTS_009,404-45-571-359,West Bengal
CDR202600080108,2025-02-23,04:03:28,+919441646475,+919397945494,VOICE,48,404922416532507,352403739342622,Karnataka_BTS_007,404-45-294-304,Karnataka
CDR202600080116,2025-07-07,04:19:11,+918128772180,+917581547269,VOICE,84,404441422093667,359068828491239,TamilNadu_BTS_003,404-45-169-692,Tamil Nadu
CDR202600080150,2025-03-26,08:25:35,+918002644875,+918335471524,VOICE,69,404765634651205,353084205363378,Mumbai_BTS_011,404-45-995-946,Mumbai
CDR202600080152,2025-06-29,09:38:29,+919836032657,+919260394257,VOICE,88,404242749678201,356667911132168,Mumbai_BTS_011,404-45-573-256,Mumbai
CDR202600080158,2025-06-22,02:26:54,+919204124085,+918223902580,VOICE,59,404446084536220,354704102314609,UttarPradesh_BTS_004,404-45-457-903,Uttar Pradesh
CDR202600080161,2025-03-20,06:13:07,+917901077252,+917494152766,SMS,0,404422287722908,350930666097576,Mumbai_BTS_004,404-45-980-339,Mumbai
CDR202600080175,2025-11-05,15:10:04,+918761259355,+918172248106,VOICE,42,404185534368252,353132251803029,Mumbai_BTS_006,404-45-319-553,Mumbai
CDR202600080184,2025-04-07,08:20:44,+916736354988,+917913725296,VOICE,334,404951226980712,356681775483909,UttarPradesh_BTS_007,404-45-999-138,Uttar Pradesh
CDR202600080201,2025-01-30,07:16:40,+918223902580,+918619135927,SMS,0,404432903766024,352106779268990,UttarPradesh_BTS_011,404-45-966-053,Uttar Pradesh
CDR202600080204,2025-02-05,16:57:09,+919422177207,+917038470095,VOICE,17,404471571970648,356987971570350,Mumbai_BTS_006,404-45-235-741,Mumbai
CDR202600080210,2025-02-16,13:52:57,+916087611174,+916983480372,VOICE,74,404190220346559,354836916313157,Rajasthan_BTS_015,404-45-208-892,Rajasthan
CDR202600080212,2025-10-24,21:28:39,+917375204266,+918474679334,VOICE,96,404591100185168,352649383236383,Rajasthan_BTS_006,404-45-246-272,Rajasthan
CDR202600080238,2025-02-23,08:22:19,+917486036999,+919099798724,SMS,0,404545077933334,355689145866348,Maharashtra_BTS_001,404-45-204-095,Maharashtra
CDR202600080249,2025-04-05,06:59:02,+917689140715,+917332965169,VOICE,191,404851454830238,358335287148226,TamilNadu_BTS_002,404-45-158-984,Tamil Nadu
CDR202600080257,2025-09-23,14:55:59,+918754776296,+919332010730,VOICE,127,404473114857550,353068446331515,TamilNadu_BTS_006,404-45-367-210,Tamil Nadu
CDR202600080265,2025-03-08,02:36:59,+916722956918,+917367096138,VOICE,62,404048561393084,351060434505336,Gujarat_BTS_003,404-45-704-433,Gujarat
CDR202600080275,2025-03-12,18:00:52,+918171454682,+917360643477,VOICE,33,404166258433843,353022752123876,TamilNadu_BTS_001,404-45-698-489,Tamil Nadu
CDR202600080281,2025-07-01,02:04:00,+917375204266,+919434740166,SMS,0,404591100185168,352649383236383,Rajasthan_BTS_010,404-45-710-480,Rajasthan
CDR202600080290,2025-03-17,01:00:36,+917289804932,+919655649042,VOICE,359,404953599172558,355906271734203,UttarPradesh_BTS_007,404-45-370-119,Uttar Pradesh
CDR202600080301,2025-02-27,15:13:34,+918133493776,+917514011678,VOICE,221,404851434879460,357292330025722,Mumbai_BTS_004,404-45-980-339,Mumbai
CDR202600080306,2025-04-05,05:33:21,+918741550706,+916194968947,VOICE,31,404503668221584,357972942224507,TamilNadu_BTS_004,404-45-513-123,Tamil Nadu
CDR202600080309,2025-07-28,05:00:55,+917964837192,+918270857685,MISSED,0,404746795190620,350005151791985,Mumbai_BTS_003,404-45-334-070,Mumbai
CDR202600080328,2025-03-09,10:36:42,+918270857685,+916852471016,VOICE,2,404717231005437,358524930868103,WestBengal_BTS_005,404-45-901-954,West Bengal
CDR202600080333,2025-08-19,20:50:26,+916746134266,+917399919840,SMS,0,404629531300268,358187325953686,Rajasthan_BTS_007,404-45-697-409,Rajasthan
CDR202600080337,2025-01-23,10:06:04,+918338229837,+918686416106,VOICE,414,404852649995050,357753276223110,Maharashtra_BTS_003,404-45-949-644,Maharashtra
CDR202600080366,2025-09-28,13:51:51,+917349092870,+919285621806,VOICE,185,404441885659405,350126049149119,Maharashtra_BTS_008,404-45-799-664,Maharashtra
CDR202600080373,2025-10-04,13:12:32,+916538903040,+918881188078,VOICE,99,404758393225445,355058061812359,Delhi_BTS_003,404-45-993-622,Delhi
CDR202600080394,2025-11-30,14:44:34,+916324219528,+917685568330,VOICE,92,404204430249930,357233498648717,Karnataka_BTS_003,404-45-597-493,Karnataka
CDR202600080412,2025-11-08,22:54:28,+919840233304,+919531565815,VOICE,15,404462431290242,359591756267705,Rajasthan_BTS_001,404-45-670-225,Rajasthan
CDR202600080418,2025-04-26,10:57:13,+918897020900,+919692520668,VOICE,23,404303915095406,351996116660532,TamilNadu_BTS_006,404-45-678-536,Tamil Nadu
CDR202600080425,2025-05-16,11:23:41,+919597135551,+918819865075,VOICE,22,404163325524460,352158376621402,UttarPradesh_BTS_004,404-45-457-903,Uttar Pradesh
CDR202600080443,2025-03-07,03:49:41,+918442733744,+919624915154,VOICE,62,404254889433328,355903342553114,Delhi_BTS_004,404-45-652-774,Delhi
CDR202600080465,2025-04-19,07:44:11,+919755692262,+919924396323,VOICE,42,404936090337433,352522701914938,UttarPradesh_BTS_003,404-45-650-219,Uttar Pradesh
CDR202600080469,2025-01-16,03:51:23,+919208661356,+918398313847,VOICE,33,404577723549544,356370121582623,UttarPradesh_BTS_003,404-45-202-076,Uttar Pradesh
CDR202600080472,2025-10-30,23:23:50,+916331884664,+917790056636,VOICE,331,404602462843965,351214616046442,Rajasthan_BTS_004,404-45-835-323,Rajasthan
CDR202600080478,2025-03-01,20:47:43,+918578459800,+918514152075,VOICE,663,404309177219882,352355200321595,Maharashtra_BTS_003,404-45-949-644,Maharashtra
CDR202600080480,2025-05-31,00:25:21,+918319347801,+919997519753,MISSED,0,404427612501710,352676222249402,UttarPradesh_BTS_010,404-45-308-704,Uttar Pradesh
CDR202600080484,2025-12-13,18:39:03,+916341686359,+916150642300,VOICE,76,404623667724578,354449803024132,Rajasthan_BTS_005,404-45-505-906,Rajasthan
CDR202600080489,2025-06-25,08:01:39,+919461917192,+919099798724,VOICE,2,404176725448936,356792261100452,Mumbai_BTS_004,404-45-980-339,Mumbai
CDR202600080493,2025-09-12,12:11:14,+916653181892,+917787056169,SMS,0,404609560643333,358623804256644,Rajasthan_BTS_017,404-45-652-977,Rajasthan
CDR202600080494,2025-10-04,19:20:51,+917777856436,+916382761185,VOICE,19,404764395260702,355768309934547,Rajasthan_BTS_013,404-45-400-446,Rajasthan
CDR202600080497,2025-10-08,17:44:40,+919866647096,+919997882294,VOICE,9,404414351089941,352840301991193,UttarPradesh_BTS_012,404-45-233-653,Uttar Pradesh
CDR202600080508,2025-11-24,07:16:29,+919467242699,+917946672758,VOICE,296,404022849891681,352517472914835,Mumbai_BTS_011,404-45-243-433,Mumbai
CDR202600080525,2025-04-24,02:42:21,+916213343596,+917756208496,VOICE,286,404281537805585,359075711559117,Rajasthan_BTS_016,404-45-303-157,Rajasthan
CDR202600080528,2025-04-06,00:56:58,+917283986142,+919396929879,VOICE,337,404404456173393,358691735314663,Delhi_BTS_006,404-45-223-254,Delhi
CDR202600080555,2025-11-21,03:44:56,+916382761185,+918394298318,VOICE,2,404377582452181,355142288190247,UttarPradesh_BTS_006,404-45-108-684,Uttar Pradesh
CDR202600080584,2025-05-31,01:17:41,+919087110378,+917617336262,VOICE,255,404967227939172,351788351604299,Maharashtra_BTS_003,404-45-649-128,Maharashtra
CDR202600080596,2025-09-16,18:21:49,+919345231893,+916284750681,SMS,0,404841123582734,359912610648655,Maharashtra_BTS_009,404-45-350-168,Maharashtra
CDR202600080598,2025-03-05,12:53:21,+918093573879,+916391671682,VOICE,130,404779476469452,354732194558441,Rajasthan_BTS_019,404-45-951-827,Rajasthan
CDR202600080611,2025-04-27,08:11:30,+917982864443,+918784141480,VOICE,22,404564109172450,356208467349561,Mumbai_BTS_011,404-45-573-256,Mumbai
CDR202600080612,2025-08-12,11:11:53,+918548966382,+916198404669,VOICE,278,404249313815334,350278027610604,TamilNadu_BTS_001,404-45-614-942,Tamil Nadu
CDR202600080613,2025-03-20,14:05:15,+917350291447,+919828141827,VOICE,170,404469586669332,356421958300041,Rajasthan_BTS_004,404-45-835-323,Rajasthan
CDR202600080616,2025-12-02,19:10:09,+916138269495,+919679650336,VOICE,60,404066709678054,357073027438579,Maharashtra_BTS_004,404-45-691-197,Maharashtra
CDR202600080643,2025-07-21,17:49:20,+918922224959,+919866647096,VOICE,216,404634467049513,357150744956190,Rajasthan_BTS_006,404-45-651-270,Rajasthan
CDR202600080657,2025-04-11,20:18:02,+918404028992,+917173526045,VOICE,55,404556584592469,357405081656986,Karnataka_BTS_004,404-45-985-411,Karnataka
CDR202600080658,2025-08-19,18:53:14,+918883344957,+918966735221,VOICE,458,404099939728143,358672074793491,Maharashtra_BTS_002,404-45-926-045,Maharashtra
CDR202600080662,2025-07-08,11:41:22,+917166384169,+918841081671,VOICE,86,404545417968466,351679475048240,Mumbai_BTS_002,404-45-107-073,Mumbai
CDR202600080680,2025-08-18,20:42:53,+916756772254,+918959149141,VOICE,227,404576737549070,350875765378923,Gujarat_BTS_007,404-45-928-891,Gujarat
CDR202600080690,2025-09-16,16:45:59,+918457090229,+918639338747,VOICE,496,404200893010910,354120464532186,WestBengal_BTS_001,404-45-230-043,West Bengal
CDR202600080699,2025-05-12,09:23:16,+918831623183,+916639333317,VOICE,12,404689554396349,351917926856992,Mumbai_BTS_001,404-45-446-022,Mumbai
CDR202600080721,2025-06-13,11:46:37,+917500004938,+919181703697,VOICE,34,404684291254398,350136889981406,UttarPradesh_BTS_003,404-45-650-219,Uttar Pradesh
CDR202600080739,2025-05-13,06:21:18,+919063742023,+917057460030,VOICE,184,404875113159013,350896219297089,Karnataka_BTS_002,404-45-195-949,Karnataka
CDR202600080743,2025-09-25,01:36:24,+917063624842,+918437809028,VOICE,94,404895111271405,358009584280034,Rajasthan_BTS_013,404-45-448-115,Rajasthan
CDR202600080747,2025-01-09,11:09:07,+916692588788,+918139618779,VOICE,68,404457406303442,355085103203437,Mumbai_BTS_002,404-45-702-226,Mumbai
CDR202600080751,2025-06-04,06:30:52,+917396706748,+917815456502,VOICE,387,404965044623770,352481650314686,TamilNadu_BTS_001,404-45-158-052,Tamil Nadu
CDR202600080759,2025-07-17,14:34:18,+917176788817,+917038470095,VOICE,224,404643885423590,357868149372221,Rajasthan_BTS_010,404-45-710-066,Rajasthan
CDR202600080765,2025-02-08,15:13:38,+917768078171,+918639191474,VOICE,134,404097304768348,351314202236040,Rajasthan_BTS_019,404-45-119-115,Rajasthan
CDR202600080785,2025-08-05,02:12:57,+918984132297,+917771900057,SMS,0,404120193048594,351266724525504,UttarPradesh_BTS_012,404-45-145-004,Uttar Pradesh
CDR202600080786,2025-05-23,07:51:32,+919833308533,+917050477573,VOICE,109,404217625873931,358093925059718,TamilNadu_BTS_006,404-45-773-598,Tamil Nadu
CDR202600080792,2025-04-23,00:26:56,+916938174319,+916344936147,VOICE,24,404969369185189,352649854359926,Mumbai_BTS_006,404-45-785-498,Mumbai
CDR202600080804,2025-01-14,22:39:58,+918003449028,+919260394257,SMS,0,404456640795112,351564374426692,Rajasthan_BTS_016,404-45-619-624,Rajasthan
CDR202600080815,2025-11-29,23:35:15,+917467333439,+919548918958,VOICE,52,404002327058222,355691353962390,WestBengal_BTS_005,404-45-785-885,West Bengal
CDR202600080827,2025-12-20,07:45:34,+919326665043,+919776155728,SMS,0,404023156221920,350074729682698,Gujarat_BTS_006,404-45-833-666,Gujarat
CDR202600080829,2025-08-05,01:07:27,+918857252425,+917264008921,VOICE,10,404288319913059,358124967396132,WestBengal_BTS_009,404-45-304-837,West Bengal
CDR202600080839,2025-03-03,10:43:30,+918954038504,+919532259327,VOICE,115,404221356291183,359618824659252,Rajasthan_BTS_019,404-45-471-900,Rajasthan
CDR202600080841,2025-08-08,20:54:52,+916187949263,+916931620641,VOICE,43,404547143300286,355413855407668,Maharashtra_BTS_007,404-45-473-167,Maharashtra
CDR202600080843,2025-11-30,18:16:48,+917163892412,+919596572190,VOICE,34,404498940236266,351036820426179,Rajasthan_BTS_010,404-45-494-391,Rajasthan
CDR202600080867,2025-10-13,00:42:07,+918380000509,+919068389967,VOICE,17,404822162848394,359081109911555,UttarPradesh_BTS_006,404-45-769-542,Uttar Pradesh
CDR202600080886,2025-12-18,13:45:01,+919863052526,+918118211392,VOICE,158,404795013461548,351070809863781,Maharashtra_BTS_003,404-45-949-644,Maharashtra
CDR202600080891,2025-01-20,14:01:19,+919057787504,+917294147233,VOICE,9,404579201745518,358322884906606,Delhi_BTS_006,404-45-629-463,Delhi
CDR202600080911,2025-04-22,16:15:49,+916953156153,+917034348207,VOICE,48,404230699059693,358505218091123,UttarPradesh_BTS_012,404-45-233-653,Uttar Pradesh
CDR202600080933,2025-01-22,18:51:25,+917435221137,+919019410928,VOICE,70,404633785476732,351175115607422,Karnataka_BTS_002,404-45-195-949,Karnataka
CDR202600080957,2025-12-21,04:37:10,+918548966382,+918495986210,VOICE,344,404249313815334,350278027610604,UttarPradesh_BTS_006,404-45-108-684,Uttar Pradesh
CDR202600080960,2025-07-20,16:03:02,+919377120878,+917088983646,VOICE,154,404701041975815,359742313395500,UttarPradesh_BTS_011,404-45-533-850,Uttar Pradesh
CDR202600080982,2025-08-17,03:51:40,+919423224659,+918681551924,VOICE,335,404056057394448,356491647676557,Delhi_BTS_006,404-45-629-463,Delhi
CDR202600081012,2025-01-06,22:31:45,+917984486630,+916538903040,VOICE,124,404747401527620,352090246229585,Mumbai_BTS_008,404-45-520-479,Mumbai
CDR202600081025,2025-10-07,23:15:11,+916103136442,+919075161331,VOICE,207,404613944662910,358792174679442,Rajasthan_BTS_010,404-45-710-066,Rajasthan
CDR202600081026,2025-06-27,13:03:34,+918172548486,+917520981557,VOICE,135,404030644263963,354835062021205,Mumbai_BTS_012,404-45-553-828,Mumbai
CDR202600081033,2025-10-25,11:56:37,+917207085533,+917648174690,VOICE,187,404354624915783,355832926792641,Karnataka_BTS_001,404-45-767-554,Karnataka
CDR202600081049,2025-12-22,17:30:34,+919624875422,+917368816693,VOICE,355,404693021700541,359730236632243,Gujarat_BTS_001,404-45-859-282,Gujarat
CDR202600081056,2025-04-05,12:17:19,+918327934734,+919530476674,VOICE,57,404887645421205,353363266797904,Maharashtra_BTS_007,404-45-314-687,Maharashtra
CDR202600081057,2025-05-30,10:12:18,+917346187234,+917521096832,VOICE,131,404863497884735,355174632162189,Delhi_BTS_005,404-45-830-320,Delhi
CDR202600081059,2025-06-13,14:48:38,+919291894778,+916720582936,VOICE,36,404339733384501,354893059964458,Delhi_BTS_006,404-45-629-463,Delhi
CDR202600081069,2025-03-21,16:58:59,+918499196597,+917630898592,VOICE,215,404707342051395,353794519149745,UttarPradesh_BTS_009,404-45-378-289,Uttar Pradesh
CDR202600081084,2025-12-31,14:41:24,+916224202774,+917505974346,VOICE,57,404833252261779,350526690185807,Mumbai_BTS_007,404-45-196-100,Mumbai
CDR202600081099,2025-08-12,06:15:41,+917176788817,+916793257571,VOICE,209,404643885423590,354277502087199,WestBengal_BTS_009,404-45-571-359,West Bengal
CDR202600081106,2025-07-27,10:17:00,+918580479082,919103104965,VOICE,172,404241353546959,351192011970392,Mumbai_BTS_004,404-45-980-339,Mumbai
CDR202600081144,2025-02-04,00:21:09,+917139435997,+919592231966,VOICE,52,404775867779992,353641324305350,Delhi_BTS_003,404-45-533-988,Delhi
CDR202600081149,2025-05-15,02:00:38,+918308876815,+918834875668,VOICE,110,404532777429085,356191787627590,Rajasthan_BTS_001,404-45-755-705,Rajasthan
CDR202600081233,2025-10-03,00:21:51,+919724685428,+919300467117,VOICE,30,404859404674301,353638967136992,UttarPradesh_BTS_001,404-45-234-688,Uttar Pradesh
CDR202600081259,2025-03-19,03:55:37,+916772554499,+917815142697,VOICE,284,404765179251073,352442030848191,UttarPradesh_BTS_005,404-45-478-292,Uttar Pradesh
CDR202600081263,2025-03-17,10:24:51,+918927105210,+917283986142,MISSED,0,404158894509862,351972893210300,UttarPradesh_BTS_011,404-45-194-650,Uttar Pradesh
CDR202600081274,2025-02-05,19:26:56,+917806464417,+917146625588,VOICE,168,404441017823209,358000012030360,Rajasthan_BTS_004,404-45-374-068,Rajasthan
CDR202600081333,2025-09-29,04:47:58,+918160543442,+917578613253,VOICE,171,404943515003843,354513041733219,Mumbai_BTS_010,404-45-211-255,Mumbai
CDR202600081341,2025-07-10,20:25:47,+919478131545,+916791902612,MISSED,0,404287744235609,357812615157483,Karnataka_BTS_006,404-45-813-981,Karnataka
CDR202600081348,2025-08-19,06:42:03,+919612274708,+918511969712,VOICE,18,404553873864700,355080253397672,Delhi_BTS_002,404-45-935-071,Delhi
CDR202600081374,2025-06-18,03:32:42,+919516284268,+918981533864,VOICE,45,404472136346707,350678261929826,Karnataka_BTS_005,404-45-371-949,Karnataka
CDR202600081391,2025-07-21,07:19:26,+916861162202,+919163521709,VOICE,67,404969721934546,351218164653593,Maharashtra_BTS_006,404-45-489-285,Maharashtra
CDR202600081403,2025-10-18,11:08:17,+917890787893,+919390373823,VOICE,104,404585789420989,357640196679357,WestBengal_BTS_004,404-45-522-026,West Bengal
CDR202600081425,2025-06-16,08:19:59,+916424170400,+918128735291,VOICE,168,404813386439365,352733782832859,Rajasthan_BTS_016,404-45-961-655,Rajasthan
CDR202600081434,2025-04-11,07:49:54,+919953001652,+919256264316,VOICE,7,404542105041563,352483143811048,TamilNadu_BTS_001,404-45-158-052,Tamil Nadu
CDR202600081447,2025-01-17,12:11:35,+918864633808,+918563417747,VOICE,18,404048896801437,350702040692597,Mumbai_BTS_005,404-45-626-244,Mumbai
CDR202600081465,2025-09-08,23:11:11,+916498957589,+919554523312,VOICE,131,404897843618962,356603589610748,Mumbai_BTS_008,404-45-155-690,Mumbai
CDR202600081483,2025-06-01,06:35:24,+917960932571,+916711627793,VOICE,7,404653981751087,358324135068701,WestBengal_BTS_006,404-45-906-719,West Bengal
CDR202600081491,2025-06-08,13:11:07,+918297232808,+918536152841,VOICE,331,404930042600511,350679169634900,Gujarat_BTS_005,404-45-338-518,Gujarat
CDR202600081492,2025-02-05,06:12:47,+916491497592,+917478539233,VOICE,104,404604190598025,352139664636796,Delhi_BTS_001,404-45-180-088,Delhi
CDR202600081499,2025-09-09,19:39:44,+918512096483,+918806097928,VOICE,154,404058889749562,355592363953502,Maharashtra_BTS_002,404-45-718-271,Maharashtra
CDR202600081515,2025-01-09,13:06:59,+917642280060,+918845391323,SMS,0,404495263561559,355000033039770,WestBengal_BTS_007,404-45-491-894,West Bengal
CDR202600081519,2025-05-03,23:37:10,+918613427517,+919467390353,VOICE,86,404708864353367,359920839327124,TamilNadu_BTS_006,404-45-678-536,Tamil Nadu
CDR202600081530,2025-05-11,16:44:07,+919084845614,+917893549190,VOICE,385,404273747190122,357016799294163,Rajasthan_BTS_001,404-45-755-705,Rajasthan
CDR202600081551,2025-08-03,00:42:40,+918905398864,+917526451858,VOICE,99,404663690197416,350971565514607,Gujarat_BTS_007,404-45-928-891,Gujarat
CDR202600081552,2025-05-30,09:00:59,+918948299991,+917121989294,VOICE,417,404484800360225,351234402167000,UttarPradesh_BTS_002,404-45-174-010,Uttar Pradesh
CDR202600081566,2025-04-15,17:32:15,+919429605845,+919305330101,VOICE,69,404012631446390,355358689978302,WestBengal_BTS_003,404-45-342-886,West Bengal
CDR202600081620,2025-05-22,17:35:49,+918386857947,+919595004318,VOICE,211,404078416980158,354034089734219,Karnataka_BTS_005,404-45-102-400,Karnataka
CDR202600081627,2025-05-10,06:47:34,+918148557947,+918357334243,VOICE,81,404988529625903,356409564964866,UttarPradesh_BTS_002,404-45-568-324,Uttar Pradesh
CDR202600081635,2025-03-22,10:39:13,+917346187234,+918223720166,VOICE,207,404863497884735,355174632162189,Maharashtra_BTS_006,404-45-987-104,Maharashtra
CDR202600081653,2025-07-17,12:59:08,+917649597283,+918937798900,VOICE,100,404440232092862,357396437330874,WestBengal_BTS_005,404-45-901-954,West Bengal
CDR202600081654,2025-02-10,15:14:19,+917447462965,+918946975346,SMS,0,404408507560579,356797582777084,Maharashtra_BTS_002,404-45-967-353,Maharashtra
CDR202600081685,2025-12-15,01:06:56,+918376141885,+919303389988,VOICE,200,404761722815994,352911479621044,Rajasthan_BTS_005,404-45-505-906,Rajasthan
CDR202600081701,2025-10-12,19:40:13,+917790056636,+917921011784,VOICE,141,404234553874690,359037807415142,Mumbai_BTS_008,404-45-155-690,Mumbai
CDR202600081719,2025-02-03,03:00:34,+917494152766,+918266418635,VOICE,121,404562682523090,352056225827578,Rajasthan_BTS_008,404-45-981-113,Rajasthan
CDR202600081721,2025-02-12,07:58:40,+916990731677,+919249005915,VOICE,130,404006669616539,350011450433960,WestBengal_BTS_001,404-45-230-043,West Bengal
CDR202600081739,2025-01-29,18:52:36,+918125518829,+917371519719,VOICE,206,404438297973711,356793482579684,Rajasthan_BTS_016,404-45-303-157,Rajasthan
CDR202600081764,2025-06-16,11:14:17,+916125151698,+918124605424,VOICE,248,404577669055989,350874703867861,WestBengal_BTS_004,404-45-522-026,West Bengal
CDR202600081773,2025-06-08,01:43:45,+916943966573,+917317019595,SMS,0,404243037123163,354307108603665,Mumbai_BTS_011,404-45-995-946,Mumbai
CDR202600081777,2025-02-17,06:41:59,+917960995282,+916892819698,VOICE,149,404479163627692,356951729992343,Maharashtra_BTS_007,404-45-314-687,Maharashtra
CDR202600081785,2025-02-21,02:19:54,+917752906941,+919828369317,VOICE,121,404618451499622,352613651033441,UttarPradesh_BTS_002,404-45-174-010,Uttar Pradesh
CDR202600081799,2025-01-11,10:46:05,+918347188444,+919654384821,SMS,0,404680329387367,356284060968556,Karnataka_BTS_006,404-45-848-803,Karnataka
CDR202600081811,2025-12-13,14:43:30,+919125073667,+918863265543,VOICE,76,404173694373785,353226738632387,Gujarat_BTS_007,404-45-325-460,Gujarat
CDR202600081825,2025-08-06,16:48:28,+919566267594,+919752934480,SMS,0,404897022382031,356766968942224,Gujarat_BTS_008,404-45-814-433,Gujarat
CDR202600081851,2025-11-18,19:52:05,+916341398104,+918649972048,VOICE,110,404501357958805,353611739897152,Delhi_BTS_004,404-45-652-774,Delhi
CDR202600081860,2025-11-15,17:27:39,+919285621806,+918434558887,VOICE,376,404778581566861,352768920226468,Rajasthan_BTS_001,404-45-670-225,Rajasthan
CDR202600081865,2025-04-05,20:34:25,+919873113389,+919099798724,VOICE,134,404865189988260,359749402734647,UttarPradesh_BTS_015,404-45-658-037,Uttar Pradesh
CDR202600081871,2025-03-09,23:11:56,+918384015457,+919872654484,VOICE,35,404261359142633,351288018317385,Rajasthan_BTS_005,404-45-771-512,Rajasthan
CDR202600081879,2025-05-04,02:49:42,+919206586162,+916107926886,VOICE,35,404332315110508,351588882725382,UttarPradesh_BTS_004,404-45-170-901,Uttar Pradesh
CDR202600081891,2025-01-22,19:50:10,+918736319643,+919833982372,SMS,0,404479859078459,357910948712763,Rajasthan_BTS_003,404-45-924-324,Rajasthan
CDR202600081892,2025-12-11,13:40:46,+916711627793,+918906018753,VOICE,2,404105866751004,351618595040516,Rajasthan_BTS_019,404-45-471-900,Rajasthan
CDR202600081958,2025-04-04,03:44:27,+919613483801,+918549514645,VOICE,6,404857848371050,350617713136120,Mumbai_BTS_011,404-45-573-256,Mumbai
CDR202600081985,2025-03-20,08:55:00,+918763671647,+917542911993,VOICE,247,404021198025630,358553163473110,Rajasthan_BTS_004,404-45-316-936,Rajasthan
CDR202600081988,2025-10-22,11:54:50,+917860420045,+916703033328,VOICE,5,404832101120341,356300334338127,UttarPradesh_BTS_007,404-45-779-107,Uttar Pradesh
CDR202600082009,2025-01-06,17:58:36,+919390373823,+919467390353,VOICE,11,404644299712659,357932801799654,TamilNadu_BTS_005,404-45-734-084,Tamil Nadu
CDR202600082011,2025-12-16,17:37:00,+919012273494,+917399104040,VOICE,76,404235376981388,359329896777630,Delhi_BTS_005,404-45-508-688,Delhi
CDR202600082028,2025-04-30,13:01:21,+919566359010,+916015450890,VOICE,231,404567747803805,350956641016355,Rajasthan_BTS_003,404-45-924-324,Rajasthan
CDR202600082033,2025-01-30,06:33:45,+916015450890,+917694834320,VOICE,62,404750997518237,359822844509046,Maharashtra_BTS_001,404-45-204-095,Maharashtra
CDR202600082039,2025-01-02,04:36:29,+918431994101,+919526850403,VOICE,141,404964852820220,357227074076315,Gujarat_BTS_007,404-45-928-891,Gujarat
CDR202600082050,2025-06-20,23:57:56,+917571365275,+919128985834,VOICE,42,404737410792952,358214016697821,Maharashtra_BTS_006,404-45-489-285,Maharashtra
CDR202600082067,2025-09-29,16:05:47,+918464721830,+916195507250,VOICE,10,404344572436232,355678317408008,Maharashtra_BTS_002,404-45-967-353,Maharashtra
CDR202600082075,2025-12-22,11:19:46,+918680112037,+916321452778,MISSED,0,404931423436384,350022633249291,Rajasthan_BTS_002,404-45-334-842,Rajasthan
CDR202600082082,2025-08-03,05:39:38,+917280030183,+919256264316,VOICE,45,404331547448022,350357150200566,Rajasthan_BTS_007,404-45-605-094,Rajasthan
CDR202600082090,2025-10-24,10:16:58,+919897061220,+918340827490,SMS,0,404924035669096,352413649482941,Rajasthan_BTS_001,404-45-376-948,Rajasthan
CDR202600082094,2025-02-27,09:30:17,+918407468479,+918591116933,VOICE,11,404146529918829,355661745230251,Maharashtra_BTS_006,404-45-489-285,Maharashtra
CDR202600082116,2025-07-11,12:02:34,+919138580614,+917447850192,VOICE,11,404764818062318,357031354708906,Mumbai_BTS_006,404-45-319-553,Mumbai
CDR202600082133,2025-02-13,23:11:39,+918533993196,+917026149618,SMS,0,404906231110945,356546402482028,TamilNadu_BTS_001,404-45-158-052,Tamil Nadu
CDR202600082134,2025-07-04,05:25:34,+918450502877,+918256416185,VOICE,35,404492750586089,355521283081703,UttarPradesh_BTS_013,404-45-552-565,Uttar Pradesh
CDR202600082141,2025-09-16,16:02:02,+919079754315,+918322926428,VOICE,82,404544782930342,352555941724426,Mumbai_BTS_012,404-45-553-828,Mumbai
CDR202600082145,2025-06-26,13:36:50,+919860882785,+918957650457,SMS,0,404314479510459,359925939009870,Mumbai_BTS_011,404-45-243-433,Mumbai
CDR202600082165,2025-07-06,19:08:18,+918226053249,+919394683062,VOICE,8,404824404824299,359840975438604,Rajasthan_BTS_019,404-45-951-827,Rajasthan
CDR202600082189,2025-04-12,18:55:39,+919182023723,+917215930461,MISSED,0,404433448622774,351494757968606,Karnataka_BTS_006,404-45-813-981,Karnataka
CDR202600082192,2025-08-30,06:06:51,+917030536532,+919683965369,VOICE,146,404418545023932,355599499991028,WestBengal_BTS_001,404-45-915-996,West Bengal
CDR202600082193,2025-06-29,07:00:41,+917765785944,+919426605477,VOICE,90,404900824727003,352958580177614,Rajasthan_BTS_001,404-45-376-948,Rajasthan
CDR202600082210,2025-12-10,08:25:14,+919376485855,+918265334014,VOICE,133,404565806038870,350490320845893,Rajasthan_BTS_004,404-45-316-936,Rajasthan
CDR202600082239,2025-05-03,06:10:01,+918885569097,+918978860352,VOICE,92,404513571417539,359948138021836,Gujarat_BTS_007,404-45-703-285,Gujarat
CDR202600082244,2025-01-19,14:18:38,+917123640419,+917893837722,VOICE,19,404108331135991,352098794969779,WestBengal_BTS_002,404-45-355-683,West Bengal
CDR202600082268,2025-10-31,11:44:34,+919886214499,+918322238291,VOICE,135,404448084740171,359017324241386,WestBengal_BTS_001,404-45-981-041,West Bengal
CDR202600082274,2025-10-07,06:58:44,+918761259355,+916115323901,VOICE,26,404185534368252,353132251803029,Rajasthan_BTS_009,404-45-742-164,Rajasthan
CDR202600082287,2025-12-25,22:06:12,+918437170104,+918677835293,VOICE,55,404943400458262,356988877803173,TamilNadu_BTS_003,404-45-169-692,Tamil Nadu
CDR202600082298,2025-06-16,14:18:55,+917655318225,+917062207522,VOICE,181,404119026535085,354724552189333,Maharashtra_BTS_002,404-45-199-368,Maharashtra
CDR202600082317,2025-11-10,02:40:35,+918588277925,+919131835939,MISSED,0,404839371966259,357205059669210,Mumbai_BTS_007,404-45-196-100,Mumbai
CDR202600082336,2025-04-14,04:45:59,+918889572688,+919606727982,VOICE,321,404359806975854,351738757013403,UttarPradesh_BTS_007,404-45-370-119,Uttar Pradesh
CDR202600082355,2025-10-31,06:33:52,+917145904181,+919530476674,SMS,0,404344789717454,350784042724474,Karnataka_BTS_006,404-45-813-981,Karnataka
CDR202600082386,2025-06-25,15:58:24,+918464533076,+916195507250,SMS,0,404707531391639,353614787790290,UttarPradesh_BTS_011,404-45-194-650,Uttar Pradesh
CDR202600082413,2025-09-26,05:31:58,+918479615563,+917657350844,VOICE,121,404644032514332,356244441097454,Rajasthan_BTS_011,404-45-796-739,Rajasthan
CDR202600082436,2025-10-13,00:25:23,+917894740180,+919020342872,VOICE,263,404559026671062,359292718782869,Maharashtra_BTS_002,404-45-967-353,Maharashtra
CDR202600082456,2025-05-23,18:18:14,+916772086432,+919412831668,VOICE,69,404289913572225,356033358162547,UttarPradesh_BTS_004,404-45-170-901,Uttar Pradesh
CDR202600082463,2025-08-05,11:16:01,+919860882785,+918628261717,VOICE,103,404314479510459,359925939009870,Delhi_BTS_003,404-45-993-622,Delhi
CDR202600082464,2025-07-05,12:34:53,+919161724747,+917640376327,VOICE,25,404494506459663,350268784453993,UttarPradesh_BTS_003,404-45-736-577,Uttar Pradesh
CDR202600082476,2025-04-26,19:50:35,+916015450890,+919142172705,SMS,0,404750997518237,359822844509046,Karnataka_BTS_005,404-45-902-804,Karnataka
CDR202600082493,2025-07-12,16:29:27,+918403650127,+917908322327,VOICE,50,404653740619271,351072256066057,Rajasthan_BTS_010,404-45-641-258,Rajasthan
CDR202600082503,2025-07-22,11:59:20,+919063742023,+917413461866,VOICE,165,404875113159013,350896219297089,UttarPradesh_BTS_015,404-45-954-379,Uttar Pradesh
CDR202600082513,2025-03-16,23:00:44,+917970852104,+917313934114,VOICE,42,404700666167352,354372323952875,UttarPradesh_BTS_013,404-45-265-760,Uttar Pradesh
CDR202600082538,2025-01-20,03:42:59,+917930561625,+917555664956,VOICE,16,404741665581546,354470190534495,UttarPradesh_BTS_001,404-45-371-406,Uttar Pradesh
CDR202600082555,2025-05-15,21:50:06,+919774343936,+916975651122,VOICE,90,404951666746468,354407829397723,UttarPradesh_BTS_014,404-45-214-078,Uttar Pradesh
CDR202600082577,2025-07-15,17:37:57,+918380448295,+917345354711,VOICE,150,404104437572223,350470373479538,Delhi_BTS_006,404-45-223-254,Delhi
CDR202600082579,2025-08-25,13:46:40,+917129928470,+919050328481,VOICE,178,404937216720317,355827437320306,Maharashtra_BTS_007,404-45-473-167,Maharashtra
CDR202600082604,2025-06-07,23:59:55,+919326665043,+917166654621,VOICE,202,404023156221920,357316736382837,Maharashtra_BTS_007,404-45-314-687,Maharashtra
CDR202600082605,2025-05-21,17:27:28,+917600606591,917592906846,VOICE,22,404921353457784,359509388730128,Karnataka_BTS_006,404-45-848-803,Karnataka
CDR202600082662,2025-11-16,16:19:56,+918428087391,+916000914011,VOICE,67,404703801497474,350715576484863,Rajasthan_BTS_010,404-45-710-066,Rajasthan
CDR202600082666,2025-11-06,22:33:23,+916807387424,+917081806602,MISSED,0,404249849699191,359677378144163,Gujarat_BTS_008,404-45-448-285,Gujarat
CDR202600082683,2025-11-04,05:08:41,+919271437076,+917471315001,VOICE,31,404258355879605,350977320006271,Rajasthan_BTS_013,404-45-887-657,Rajasthan
CDR202600082695,2025-02-24,19:21:50,+918914544906,+919303389988,VOICE,7,404698102380155,352950224790813,UttarPradesh_BTS_003,404-45-618-272,Uttar Pradesh
CDR202600082698,2025-12-03,09:31:56,+919417393331,+919848723635,VOICE,59,404378825292052,351340013763758,UttarPradesh_BTS_001,404-45-371-406,Uttar Pradesh
CDR202600082737,2025-02-23,09:58:31,+917839001627,+917885171272,SMS,0,404624793455812,351605502958525,WestBengal_BTS_005,404-45-901-954,West Bengal
CDR202600082770,2025-01-16,08:07:05,+916027901336,+917487113707,VOICE,120,404564941936969,359115177325864,WestBengal_BTS_001,404-45-230-043,West Bengal
CDR202600082790,2025-01-20,02:50:55,+916720582936,+918481082809,VOICE,13,404245556217118,351678087372820,Rajasthan_BTS_017,404-45-652-977,Rajasthan
CDR202600082799,2025-06-05,13:11:34,+918277900784,+919075387950,VOICE,37,404603382319056,351869118593677,Mumbai_BTS_001,404-45-446-022,Mumbai
CDR202600082812,2025-10-11,13:30:09,+918160543442,+918763083076,VOICE,45,404943515003843,354513041733219,Rajasthan_BTS_010,404-45-494-391,Rajasthan
CDR202600082817,2025-12-14,05:18:01,+917313453261,+919541078632,SMS,0,404111221862519,353267681511620,Rajasthan_BTS_010,404-45-710-066,Rajasthan
CDR202600082836,2025-03-24,11:12:10,+919285621806,+916323160784,VOICE,1,404778581566861,352768920226468,Rajasthan_BTS_015,404-45-612-781,Rajasthan
CDR202600082839,2025-03-12,11:45:30,+919520134074,+919347467507,VOICE,19,404634145303106,353391215714902,Rajasthan_BTS_016,404-45-303-157,Rajasthan
CDR202600082865,2025-06-28,21:39:45,+916018950497,+919941240635,VOICE,5,404427107605994,358925740673790,Maharashtra_BTS_004,404-45-146-678,Maharashtra
CDR202600082885,2025-10-05,20:06:08,+918510356272,+916803693943,VOICE,6,404577953050422,355415209844299,Rajasthan_BTS_019,404-45-414-246,Rajasthan
CDR202600082910,2025-07-13,15:56:35,+919382206460,+917250328744,VOICE,226,404209552572635,350865452988467,Mumbai_BTS_010,404-45-211-255,Mumbai
CDR202600082927,2025-08-15,06:17:01,+918909446735,+917471315001,VOICE,114,404642870800313,353690469862378,Rajasthan_BTS_017,404-45-897-945,Rajasthan
CDR202600082956,2025-08-19,01:38:50,+918446189106,+918696518496,VOICE,75,404829270298537,358843290807619,Maharashtra_BTS_003,404-45-665-301,Maharashtra
CDR202600082971,2025-11-21,21:14:41,+918677835293,+918942056796,VOICE,40,404914110856479,359942593657521,Karnataka_BTS_002,404-45-195-949,Karnataka
CDR202600082990,2025-12-29,19:27:47,+918649972048,+917035452897,SMS,0,404729167024194,354276436560927,Rajasthan_BTS_007,404-45-241-522,Rajasthan
CDR202600082995,2025-04-23,21:06:23,+917139435997,+919396117793,VOICE,82,404775867779992,353641324305350,Maharashtra_BTS_003,404-45-487-081,Maharashtra
CDR202600082998,2025-01-22,06:05:25,+918796913605,+919326665043,VOICE,305,404709089507140,353125055140913,Mumbai_BTS_010,404-45-919-883,Mumbai
CDR202600083019,2025-06-15,18:31:01,+918988134621,+916983699346,MISSED,0,404232079652874,351361531611291,Maharashtra_BTS_004,404-45-821-072,Maharashtra
CDR202600083025,2025-07-09,01:24:20,+917283986142,+918192421687,SMS,0,404404456173393,358691735314663,TamilNadu_BTS_006,404-45-773-598,Tamil Nadu
CDR202600083034,2025-12-25,18:10:51,+918937701015,+918226053249,VOICE,241,404962427989350,353095178874145,UttarPradesh_BTS_007,404-45-999-138,Uttar Pradesh
CDR202600083054,2025-06-11,15:17:42,+918245371355,+919611058482,VOICE,405,404212926932254,357112700788526,Maharashtra_BTS_006,404-45-987-104,Maharashtra
CDR202600083076,2025-07-11,06:34:56,+918870760760,+917173526045,SMS,0,404862698317495,354927213779046,UttarPradesh_BTS_002,404-45-174-010,Uttar Pradesh
CDR202600083114,2025-11-20,14:16:52,+917367096138,+919860071567,VOICE,20,404893788173918,358491033763340,Rajasthan_BTS_008,404-45-981-113,Rajasthan
CDR202600083115,2025-06-11,00:33:56,+916638057421,+918059254461,SMS,0,404151810647539,357688797334811,UttarPradesh_BTS_009,404-45-378-289,Uttar Pradesh
CDR202600083120,2025-05-08,16:07:34,+918236349159,+917967577356,VOICE,256,404767944169204,359544269880685,UttarPradesh_BTS_013,404-45-265-760,Uttar Pradesh
CDR202600083187,2025-11-07,13:29:14,+917105925045,+916720582936,VOICE,117,404573309674055,350925040163083,UttarPradesh_BTS_014,404-45-214-078,Uttar Pradesh
CDR202600083214,2025-02-11,02:42:15,+917345913698,+917315838489,VOICE,274,404710866105603,355030054609703,WestBengal_BTS_001,404-45-415-374,West Bengal
CDR202600083227,2025-09-05,03:31:28,+919970545693,+918244395134,VOICE,161,404108407886356,358511820657404,Rajasthan_BTS_004,404-45-316-936,Rajasthan
CDR202600083229,2025-03-25,23:51:44,+916274990881,+919795269947,VOICE,35,404755684535020,352391474599118,Delhi_BTS_006,404-45-548-922,Delhi
CDR202600083253,2025-03-30,08:16:26,+917003103175,+917984465285,MISSED,0,404046785510591,356488245004231,Karnataka_BTS_007,404-45-322-992,Karnataka
CDR202600083265,2025-02-26,04:42:20,+918424562082,+917740841180,VOICE,113,404154482215863,354757642707793,UttarPradesh_BTS_006,404-45-769-542,Uttar Pradesh
CDR202600083267,2025-06-01,02:45:39,+919618205051,+916107926886,VOICE,118,404815556411653,351935588501945,UttarPradesh_BTS_013,404-45-822-438,Uttar Pradesh
CDR202600083272,2025-02-10,19:21:13,+917581547269,+919267170825,VOICE,268,404494858458989,355469038469204,Gujarat_BTS_006,404-45-818-559,Gujarat
CDR202600083282,2025-04-23,01:45:21,+917050477573,+917932568415,VOICE,61,404434289472964,358822575952937,Rajasthan_BTS_014,404-45-564-004,Rajasthan
CDR202600083286,2025-08-22,05:36:05,+916015450890,+919157411679,VOICE,129,404750997518237,359822844509046,UttarPradesh_BTS_013,404-45-822-438,Uttar Pradesh
CDR202600083296,2025-08-26,16:09:54,+918656737437,+916426267031,VOICE,5,404807065229661,358280758891286,Rajasthan_BTS_010,404-45-641-258,Rajasthan
CDR202600083310,2025-09-03,08:51:32,+916274990881,+916610357234,VOICE,31,404755684535020,352391474599118,Mumbai_BTS_002,404-45-702-226,Mumbai
CDR202600083338,2025-01-22,01:01:22,+919075161331,+916260635104,VOICE,2,404356067612154,350210830750689,UttarPradesh_BTS_009,404-45-719-216,Uttar Pradesh
CDR202600083376,2025-03-11,15:02:48,+916240459836,+918639338747,SMS,0,404080029827408,357507878193799,Mumbai_BTS_002,404-45-107-073,Mumbai
CDR202600083388,2025-03-31,03:08:06,+918954038504,+918449153025,SMS,0,404221356291183,359618824659252,Mumbai_BTS_008,404-45-984-747,Mumbai
CDR202600083394,2025-11-14,08:11:55,+918328592327,+916226722085,VOICE,74,404933913108264,351658428499023,TamilNadu_BTS_003,404-45-169-692,Tamil Nadu
CDR202600083398,2025-02-05,20:26:04,+919921386123,+918423591580,VOICE,39,404036017873742,357544410433316,Maharashtra_BTS_005,404-45-181-876,Maharashtra
CDR202600083405,2025-06-01,17:48:41,+918184858277,+918270857685,VOICE,266,404046623532097,351856105231595,Gujarat_BTS_008,404-45-814-433,Gujarat
CDR202600083421,2025-02-03,05:03:57,+916269160160,+919039595260,VOICE,263,404900867040106,358487626549601,UttarPradesh_BTS_001,404-45-234-688,Uttar Pradesh
CDR202600083444,2025-11-16,16:18:50,+917849940187,+917385213450,VOICE,189,404287037849789,350483695415063,Karnataka_BTS_005,404-45-102-400,Karnataka
CDR202600083449,2025-03-03,22:58:13,+917537780723,+917504696125,VOICE,104,404377186622816,357799089911817,Maharashtra_BTS_006,404-45-987-104,Maharashtra
CDR202600083474,2025-10-09,02:44:39,+918575532022,+918410989542,VOICE,48,404913439519703,357352472580842,UttarPradesh_BTS_007,404-45-779-107,Uttar Pradesh
CDR202600083478,2025-02-12,05:59:17,+918491157140,+919326665043,SMS,0,404636570741977,358417850907356,Gujarat_BTS_007,404-45-106-778,Gujarat
CDR202600083487,2025-06-01,00:47:57,+917945143783,+918513652338,VOICE,29,404633867550610,355842045340062,Gujarat_BTS_007,404-45-928-891,Gujarat
CDR202600083502,2025-07-14,20:42:36,+919108535855,+919567083885,SMS,0,404601421603553,358128123411296,Karnataka_BTS_005,404-45-565-293,Karnataka
CDR202600083504,2025-01-10,21:40:52,+919126328604,+916971406889,SMS,0,404911824274480,353241396669563,Mumbai_BTS_011,404-45-243-433,Mumbai
CDR202600083506,2025-09-04,09:51:39,+919589447635,+919550986576,VOICE,91,404684502684881,357425788065494,Delhi_BTS_002,404-45-878-546,Delhi
CDR202600083509,2025-11-02,20:28:35,+919449758494,+917259833994,VOICE,196,404752590223333,355538657806845,Maharashtra_BTS_003,404-45-487-081,Maharashtra
CDR202600083511,2025-10-06,05:50:53,+917562756713,+918728614929,VOICE,1,404757937781882,350527981848976,WestBengal_BTS_005,404-45-901-954,West Bengal
CDR202600083514,2025-05-07,04:43:51,+916915144159,+916426267031,VOICE,159,404098125879905,358191816486081,Rajasthan_BTS_009,404-45-911-697,Rajasthan
CDR202600083574,2025-12-04,09:50:39,+917459240913,+918617383979,SMS,0,404238516403650,352583236938253,WestBengal_BTS_009,404-45-571-359,West Bengal
CDR202600083575,2025-07-21,07:13:28,+919637537113,+917970852104,VOICE,165,404730357528642,353551258404387,Maharashtra_BTS_006,404-45-489-285,Maharashtra
CDR202600083593,2025-08-10,15:50:42,+918487256924,+918736631366,VOICE,77,404478352312609,355255156535758,TamilNadu_BTS_001,404-45-698-489,Tamil Nadu
CDR202600083616,2025-10-10,17:28:31,+919282602505,+916830684150,VOICE,10,404232948334772,352339771498908,Rajasthan_BTS_009,404-45-911-697,Rajasthan
CDR202600083622,2025-01-10,18:36:44,+919227766201,+916324284893,VOICE,24,404520525432970,351702134127077,Karnataka_BTS_004,404-45-985-411,Karnataka
CDR202600083626,2025-07-08,09:51:37,+919767553183,+916575518584,VOICE,249,404000197418953,353254422592734,Rajasthan_BTS_009,404-45-911-697,Rajasthan
CDR202600083640,2025-08-06,13:13:56,+919605760738,+917712355536,VOICE,70,404895033827125,356797841651732,Karnataka_BTS_005,404-45-102-400,Karnataka
CDR202600083646,2025-06-10,04:51:56,+919218169293,+916407278134,VOICE,42,404936675805247,357698336089579,Maharashtra_BTS_003,404-45-665-301,Maharashtra
CDR202600083655,2025-07-26,19:50:19,+916828461664,+918232456345,VOICE,310,404691580244669,357307227659605,UttarPradesh_BTS_014,404-45-214-078,Uttar Pradesh
CDR202600083689,2025-11-08,11:03:20,+917367096138,+916472578811,VOICE,4,404893788173918,358491033763340,Gujarat_BTS_007,404-45-106-778,Gujarat
CDR202600083695,2025-04-22,15:51:17,+919452258050,+918335471524,VOICE,33,404986351080138,353140459881620,Karnataka_BTS_006,404-45-835-499,Karnataka
CDR202600083707,2025-08-27,03:00:42,+919390373823,+917109071060,VOICE,95,404644299712659,357932801799654,Gujarat_BTS_002,404-45-328-143,Gujarat
CDR202600083732,2025-04-29,14:10:39,+918764617650,+918338229837,VOICE,433,404878206140610,351395276555190,UttarPradesh_BTS_010,404-45-308-704,Uttar Pradesh
CDR202600083741,2025-10-04,16:24:41,+918015565125,+917487712258,VOICE,41,404710117240481,357951230978516,Maharashtra_BTS_007,404-45-314-687,Maharashtra
CDR202600083749,2025-03-21,10:39:29,+919981174662,+917260525274,SMS,0,404195361183146,356222330576759,Maharashtra_BTS_008,404-45-799-664,Maharashtra
CDR202600083806,2025-10-09,09:04:12,+917933350510,+918905500202,MISSED,0,404676170832880,356890783418201,UttarPradesh_BTS_011,404-45-533-850,Uttar Pradesh
CDR202600083815,2025-07-16,07:17:41,+918632875038,+917310983111,MISSED,0,404633610072762,351478583915296,Karnataka_BTS_002,404-45-195-949,Karnataka
CDR202600083816,2025-09-17,22:14:58,+919670105203,+918650604066,VOICE,265,404457865836487,352714298086549,Gujarat_BTS_007,404-45-928-891,Gujarat
CDR202600083845,2025-01-18,04:30:41,+917970536105,+916715529401,VOICE,199,404548101638072,358800911732786,Karnataka_BTS_008,404-45-693-754,Karnataka
CDR202600083860,2025-02-19,15:29:20,+919279105644,+919352442118,VOICE,64,404406736986514,354884497495185,UttarPradesh_BTS_007,404-45-999-138,Uttar Pradesh
CDR202600083875,2025-12-15,15:56:40,+916922074028,+918951174656,VOICE,354,404284123289725,357388828713211,WestBengal_BTS_002,404-45-315-699,West Bengal
CDR202600083878,2025-06-07,11:13:51,+918755715503,+917250328744,VOICE,135,404588080098557,354103868908255,Gujarat_BTS_007,404-45-703-285,Gujarat
CDR202600083879,2025-12-07,12:42:55,+918973195156,+919851970938,VOICE,107,404999689122226,351380920003013,WestBengal_BTS_007,404-45-491-894,West Bengal
CDR202600083883,2025-10-27,07:41:56,+917260525274,+919086080326,VOICE,42,404348500968395,357212038753711,Rajasthan_BTS_013,404-45-400-446,Rajasthan
CDR202600083907,2025-09-20,00:00:34,+917464040068,+917367096138,VOICE,33,404601670341125,350736464032391,Mumbai_BTS_008,404-45-520-479,Mumbai
CDR202600083923,2025-04-28,04:41:08,+917140885247,+918140650036,VOICE,184,404119276338383,359611911808400,Karnataka_BTS_003,404-45-597-493,Karnataka
CDR202600083961,2025-10-24,12:23:40,+918913006378,+916250502536,VOICE,55,404183710340777,357713040126186,Mumbai_BTS_007,404-45-584-827,Mumbai
CDR202600083965,2025-05-10,12:30:16,+917546122102,+918964803132,VOICE,26,404058139670577,359193278886332,Rajasthan_BTS_004,404-45-680-898,Rajasthan
CDR202600083968,2025-10-18,21:03:07,+916138269495,+918207011543,VOICE,110,404066709678054,357073027438579,UttarPradesh_BTS_014,404-45-214-078,Uttar Pradesh
CDR202600083969,2025-07-17,07:46:12,+917568309736,+918162265542,VOICE,128,404571466438985,351807421919841,UttarPradesh_BTS_012,404-45-233-653,Uttar Pradesh
CDR202600083972,2025-02-01,17:20:28,+918491357224,919115905940,SMS,0,404815788527820,358040877547756,Rajasthan_BTS_007,404-45-605-094,Rajasthan
CDR202600083988,2025-06-19,01:59:50,+919624915154,+919649824597,VOICE,380,404171441749762,353871475821544,Mumbai_BTS_007,404-45-196-100,Mumbai
CDR202600083993,2025-03-24,11:25:53,+918939406609,+917885171272,MISSED,0,404135140516803,354467252281818,Rajasthan_BTS_019,404-45-471-900,Rajasthan
CDR202600083997,2025-07-17,19:31:47,+918877696845,+917691728825,SMS,0,404485733168887,352864591145537,WestBengal_BTS_001,404-45-230-043,West Bengal
CDR202600084001,2025-12-31,21:18:44,+918365467938,+917537661736,VOICE,20,404977390792541,352744075589655,WestBengal_BTS_008,404-45-979-482,West Bengal
CDR202600084012,2025-02-08,04:59:47,+918696518496,+919006495739,VOICE,14,404446955706436,351926192706658,Mumbai_BTS_006,404-45-785-498,Mumbai
CDR202600084039,2025-08-03,08:07:41,+919296124894,+919675395982,VOICE,124,404490459089959,354657608095687,UttarPradesh_BTS_011,404-45-357-928,Uttar Pradesh
CDR202600084043,2025-06-08,06:37:35,+917250328744,+919868604493,VOICE,81,404507586727508,352831804833569,Rajasthan_BTS_010,404-45-641-258,Rajasthan
CDR202600084044,2025-01-18,15:12:32,+919753757178,+917612509357,VOICE,86,404068486702480,350895267593158,Karnataka_BTS_003,404-45-597-493,Karnataka
CDR202600084054,2025-03-05,08:23:22,+919390373823,+919093947355,VOICE,271,404644299712659,357932801799654,Rajasthan_BTS_015,404-45-612-781,Rajasthan
CDR202600084067,2025-07-13,00:00:04,+916441047693,+919987575188,VOICE,129,404403124328809,356044295639635,TamilNadu_BTS_002,404-45-620-083,Tamil Nadu
CDR202600084134,2025-09-02,11:17:04,+919181703697,+918013881810,VOICE,129,404195778210088,353461687222650,Mumbai_BTS_003,404-45-334-070,Mumbai
CDR202600084170,2025-09-11,15:34:36,+916515042423,+919875788247,VOICE,48,404449745286578,351713912111152,Maharashtra_BTS_002,404-45-967-353,Maharashtra
CDR202600084173,2025-12-17,07:02:11,+917947077688,+917786379479,SMS,0,404415194838866,356811740097738,Karnataka_BTS_006,404-45-813-981,Karnataka
CDR202600084182,2025-06-16,07:26:01,+917139435997,+918917058490,VOICE,91,404775867779992,353641324305350,Gujarat_BTS_001,404-45-859-282,Gujarat
CDR202600084190,2025-09-24,03:06:38,+917197638163,+916604663553,VOICE,105,404889822250163,352445633915767,Rajasthan_BTS_010,404-45-641-258,Rajasthan
CDR202600084194,2025-08-13,17:53:49,+919429605845,+919863237640,SMS,0,404012631446390,355358689978302,Karnataka_BTS_006,404-45-669-678,Karnataka
CDR202600084197,2025-10-13,13:02:13,+917016011208,+918832766758,VOICE,109,404961865693570,356760370033953,Rajasthan_BTS_006,404-45-242-253,Rajasthan
CDR202600084202,2025-04-29,05:46:17,+919961244188,+919316737376,VOICE,134,404405627406193,352495172108490,Rajasthan_BTS_011,404-45-796-739,Rajasthan
CDR202600084222,2025-01-07,05:36:29,+917946672758,+918498064898,VOICE,244,404788202702595,358935572790234,TamilNadu_BTS_006,404-45-423-958,Tamil Nadu
CDR202600084233,2025-05-03,04:57:55,+918966735221,+917702040182,VOICE,42,404619157727644,350674698892713,Maharashtra_BTS_009,404-45-646-747,Maharashtra
CDR202600084241,2025-09-12,02:11:17,+919208418675,+916516598176,VOICE,158,404590182667932,359525398913002,Karnataka_BTS_006,404-45-848-803,Karnataka
CDR202600084250,2025-07-09,04:32:14,+919374155628,+917895319354,MISSED,0,404468267693402,355334700208678,UttarPradesh_BTS_005,404-45-478-292,Uttar Pradesh
CDR202600084261,2025-10-17,15:40:10,+917196407916,+917487468674,VOICE,85,404937102756234,356619429087337,Rajasthan_BTS_014,404-45-839-897,Rajasthan
CDR202600084273,2025-06-09,13:16:40,+919346555742,+919215789083,SMS,0,404100635335247,359831867403427,WestBengal_BTS_003,404-45-735-768,West Bengal
CDR202600084276,2025-07-26,15:15:48,+918898072757,+917694064296,VOICE,41,404541466971765,354175718070472,WestBengal_BTS_008,404-45-979-482,West Bengal
CDR202600084280,2025-11-29,23:32:01,+916896279431,+917050477573,VOICE,58,404871554562255,354150404343204,Rajasthan_BTS_005,404-45-771-512,Rajasthan
CDR202600084284,2025-06-06,08:31:28,+917149498278,+919034189040,VOICE,103,404407750473878,355455879652094,WestBengal_BTS_005,404-45-521-822,West Bengal
CDR202600084305,2025-02-15,07:34:46,+919571419902,+919364363345,SMS,0,404277563074388,355989406674507,Mumbai_BTS_004,404-45-980-339,Mumbai
CDR202600084339,2025-11-22,06:47:01,+919463937855,+919256264316,VOICE,438,404806725298895,358980116215830,UttarPradesh_BTS_010,404-45-370-518,Uttar Pradesh
CDR202600084347,2025-03-11,14:03:05,+919490019398,+916000914011,VOICE,503,404274055262260,356541575544508,Rajasthan_BTS_015,404-45-612-781,Rajasthan
CDR202600084358,2025-11-16,08:47:18,+916424170400,+916290799564,VOICE,9,404813386439365,352733782832859,Rajasthan_BTS_010,404-45-641-258,Rajasthan
CDR202600084364,2025-07-04,03:10:15,+917319844499,+917543188464,VOICE,220,404278789020367,351704761931609,Karnataka_BTS_003,404-45-597-493,Karnataka
CDR202600084389,2025-11-12,13:06:23,+919900586055,+919775678907,VOICE,257,404082752725351,353892359151229,Delhi_BTS_005,404-45-508-688,Delhi
CDR202600084399,2025-10-22,08:02:08,+919390373823,+917816533597,VOICE,58,404644299712659,357932801799654,UttarPradesh_BTS_013,404-45-265-760,Uttar Pradesh
CDR202600084407,2025-11-09,04:28:32,+919460076834,+919067451230,SMS,0,404088277015119,351208297539404,Rajasthan_BTS_004,404-45-374-068,Rajasthan
CDR202600084414,2025-03-09,18:58:17,+917361145152,+919039277879,VOICE,3,404795724210697,353934357460817,Delhi_BTS_003,404-45-993-622,Delhi
CDR202600084425,2025-01-12,14:37:15,+916774681896,+917499558200,VOICE,112,404544926126729,354040665862142,Rajasthan_BTS_001,404-45-801-333,Rajasthan
CDR202600084437,2025-01-11,03:30:33,+916351928626,+917789224735,VOICE,33,404051072792631,356666532104504,WestBengal_BTS_008,404-45-979-482,West Bengal
CDR202600084443,2025-01-29,13:37:59,+917423101651,+919038361051,VOICE,104,404397475494230,352841010455181,TamilNadu_BTS_006,404-45-423-958,Tamil Nadu
CDR202600084449,2025-07-19,10:37:42,+918981533864,+919356926982,VOICE,11,404266293801277,358262898690810,Gujarat_BTS_007,404-45-703-285,Gujarat
CDR202600084452,2025-08-22,16:09:11,+919214936542,+919720552224,VOICE,130,404464340707834,351643849350072,Karnataka_BTS_007,404-45-322-992,Karnataka
CDR202600084460,2025-07-26,12:06:24,+919633618543,+917352011739,VOICE,67,404216993240977,359250372947186,UttarPradesh_BTS_010,404-45-749-874,Uttar Pradesh
CDR202600084484,2025-07-05,16:05:27,+918952336036,+917859291461,SMS,0,404081221820708,352786714131524,Maharashtra_BTS_007,404-45-314-687,Maharashtra
CDR202600084491,2025-01-26,17:53:53,+917581547269,+917352137764,VOICE,109,404494858458989,355469038469204,UttarPradesh_BTS_011,404-45-357-928,Uttar Pradesh
CDR202600084492,2025-03-14,13:03:48,+917766765161,+918059254461,VOICE,53,404142935742424,359997679685147,Rajasthan_BTS_015,404-45-208-892,Rajasthan
CDR202600084496,2025-07-28,16:12:18,+919468246927,+919460975109,SMS,0,404084726666170,359263789661399,Rajasthan_BTS_007,404-45-605-094,Rajasthan
CDR202600084520,2025-02-06,19:30:51,+919987544210,+919293839888,MISSED,0,404696451580116,356972438234167,WestBengal_BTS_005,404-45-785-885,West Bengal
CDR202600084529,2025-04-20,10:56:25,+918583630585,+918761259355,VOICE,456,404539759958749,357402683406393,Delhi_BTS_001,404-45-180-088,Delhi
CDR202600084537,2025-12-21,06:13:57,+917103776964,+917571935964,MISSED,0,404530150497959,353207339910650,UttarPradesh_BTS_009,404-45-719-216,Uttar Pradesh
CDR202600084560,2025-06-13,09:13:32,+916983699346,+917826224735,SMS,0,404622798947285,359512766727633,UttarPradesh_BTS_009,404-45-719-216,Uttar Pradesh
CDR202600084574,2025-11-26,22:12:09,+918030112631,+919099798724,VOICE,294,404170200017795,358268605730793,TamilNadu_BTS_001,404-45-698-489,Tamil Nadu
CDR202600084576,2025-04-12,14:47:49,+919259383647,+918807151096,VOICE,73,404764563467756,354962513882361,Mumbai_BTS_003,404-45-334-070,Mumbai
CDR202600084585,2025-06-13,18:29:51,+917221606897,+917399919840,VOICE,130,404148061648631,357336098013521,Mumbai_BTS_006,404-45-235-741,Mumbai
CDR202600084591,2025-02-23,14:31:09,+917962085136,+918270857685,VOICE,137,404131844294062,359170817275275,Delhi_BTS_005,404-45-508-688,Delhi
CDR202600084598,2025-07-29,19:52:37,+918164925897,+916514444241,VOICE,987,404737350801464,358054057132387,Karnataka_BTS_003,404-45-170-610,Karnataka
CDR202600084624,2025-09-20,23:21:41,+918735189652,+919343914928,VOICE,141,404163220139195,353999229296935,Maharashtra_BTS_004,404-45-821-072,Maharashtra
CDR202600084632,2025-03-04,02:02:17,+918710575639,+918308876815,VOICE,72,404291510417964,355582397747828,Delhi_BTS_004,404-45-847-707,Delhi
CDR202600084665,2025-10-16,17:06:54,+918916432132,+917260525274,VOICE,9,404285967178160,358818002139311,Maharashtra_BTS_002,404-45-967-353,Maharashtra
CDR202600084687,2025-01-12,04:35:47,+917724773264,+917712765377,SMS,0,404241819455429,358514663933338,Gujarat_BTS_008,404-45-814-433,Gujarat
CDR202600084691,2025-12-14,16:55:58,+918284025839,+919549061458,VOICE,28,404040067782163,351346183659622,Delhi_BTS_003,404-45-993-622,Delhi
CDR202600084722,2025-10-27,10:07:20,+918335058737,+916376349589,SMS,0,404468687189613,358685348288295,WestBengal_BTS_001,404-45-230-043,West Bengal
CDR202600084736,2025-05-18,05:18:30,+917404251600,+918573319952,VOICE,143,404305135698690,355815218912399,Gujarat_BTS_002,404-45-328-143,Gujarat
CDR202600084755,2025-11-17,16:15:06,+917194014111,+916251744015,VOICE,119,404188477093271,354791354639833,Rajasthan_BTS_019,404-45-471-900,Rajasthan
CDR202600084758,2025-05-19,09:01:24,+916575518584,+916187949263,VOICE,16,404953618138388,357584245381199,UttarPradesh_BTS_007,404-45-370-119,Uttar Pradesh
CDR202600084766,2025-03-16,22:45:41,+916138269495,+919576173776,VOICE,232,404066709678054,357073027438579,Rajasthan_BTS_007,404-45-470-225,Rajasthan
CDR202600084776,2025-01-08,21:42:04,+916613980258,+919382178432,VOICE,49,404402309677687,359127505466109,Rajasthan_BTS_015,404-45-282-520,Rajasthan
CDR202600084794,2025-04-27,21:28:45,+918829923751,+916756772254,VOICE,1,404466929973553,356639719306789,UttarPradesh_BTS_014,404-45-214-078,Uttar Pradesh
CDR202600084795,2025-09-13,00:18:27,+918899034094,+918113023764,VOICE,5,404410394791548,354572144030953,Mumbai_BTS_011,404-45-243-433,Mumbai
CDR202600084812,2025-03-17,18:53:47,+917297878100,+918884692729,SMS,0,404681302014957,354853848231469,Gujarat_BTS_007,404-45-325-460,Gujarat
CDR202600084814,2025-02-09,15:36:13,+919285621806,+918877886500,VOICE,173,404778581566861,352768920226468,UttarPradesh_BTS_010,404-45-308-704,Uttar Pradesh
CDR202600084818,2025-02-12,17:20:59,+918078546016,+917221606897,SMS,0,404314718180244,350736307461475,Rajasthan_BTS_013,404-45-400-446,Rajasthan
CDR202600084821,2025-04-28,11:59:54,+918418646550,+917936178367,VOICE,84,404758167400821,351444384779905,WestBengal_BTS_002,404-45-315-699,West Bengal
CDR202600084843,2025-01-06,00:33:35,+919352442118,+918698888548,VOICE,103,404424953011136,350535989646739,Maharashtra_BTS_006,404-45-987-104,Maharashtra
CDR202600084846,2025-09-15,07:19:15,+919921386123,+919160824864,VOICE,293,404036017873742,357544410433316,Mumbai_BTS_010,404-45-296-195,Mumbai
CDR202600084855,2025-10-27,07:09:38,+919530476674,+917564428969,VOICE,124,404218645545408,357650585192968,Gujarat_BTS_008,404-45-814-433,Gujarat
CDR202600084863,2025-08-15,04:55:05,+918741550706,+919775298040,SMS,0,404503668221584,357972942224507,Rajasthan_BTS_014,404-45-564-004,Rajasthan
CDR202600084886,2025-03-02,17:19:09,+919826632957,+917555664956,VOICE,380,404156556108608,356733986168047,Karnataka_BTS_006,404-45-835-499,Karnataka
CDR202600084907,2025-07-14,08:10:01,+918863921078,+918160543442,VOICE,87,404658918971786,357442647931877,Maharashtra_BTS_004,404-45-821-072,Maharashtra
CDR202600084932,2025-10-26,10:25:40,+919871238719,+919299563879,VOICE,136,404011035911625,354978685112286,Mumbai_BTS_003,404-45-334-070,Mumbai
CDR202600084933,2025-09-05,21:21:16,+916729659670,+918924739712,VOICE,58,404061848365883,351453983372177,WestBengal_BTS_009,404-45-304-837,West Bengal
CDR202600084934,2025-04-21,06:29:25,+918582326746,+918621146749,VOICE,79,404440937588251,357037194214155,Maharashtra_BTS_007,404-45-479-364,Maharashtra
CDR202600084937,2025-07-02,09:19:14,+918110690718,+919343914928,VOICE,108,404862716016916,356948740190192,Gujarat_BTS_002,404-45-328-143,Gujarat
CDR202600084956,2025-03-22,21:24:48,+916605441163,+917086977227,VOICE,178,404207652835216,355094604612376,Rajasthan_BTS_015,404-45-208-892,Rajasthan
CDR202600084961,2025-06-28,01:24:51,+919550986576,+919099798724,VOICE,40,404597306347012,357453757755614,Gujarat_BTS_005,404-45-716-028,Gujarat
CDR202600084989,2025-10-11,16:10:47,+918211475535,+919348838211,VOICE,47,404299345909483,354308249118996,Maharashtra_BTS_004,404-45-691-197,Maharashtra
CDR202600085032,2025-12-25,23:06:04,+919967681876,+917375204266,VOICE,4,404912877488780,355821852144567,TamilNadu_BTS_004,404-45-683-253,Tamil Nadu
CDR202600085048,2025-02-24,03:57:31,+917740841180,+918845157676,VOICE,68,404982658525554,359574687676495,Gujarat_BTS_002,404-45-328-143,Gujarat
CDR202600085050,2025-04-02,16:15:31,+918762723991,+919208418675,VOICE,40,404892214175495,358935720107638,TamilNadu_BTS_003,404-45-169-692,Tamil Nadu
CDR202600085060,2025-01-22,23:18:01,+918386857947,+917989787550,VOICE,30,404078416980158,354034089734219,TamilNadu_BTS_004,404-45-683-253,Tamil Nadu
CDR202600085093,2025-04-23,16:07:31,+918946807760,+919224841471,VOICE,12,404148887353585,356321322028293,UttarPradesh_BTS_011,404-45-533-850,Uttar Pradesh
CDR202600085115,2025-11-20,03:36:11,+918357334243,+918395811284,VOICE,41,404430486556384,353829551928360,UttarPradesh_BTS_003,404-45-618-272,Uttar Pradesh
CDR202600085139,2025-01-18,19:45:35,+918810001509,+918736319643,VOICE,121,404253724430988,359016689762500,Rajasthan_BTS_011,404-45-796-739,Rajasthan
CDR202600085168,2025-04-26,12:03:54,+916793257571,+917634136232,VOICE,11,404854898768103,351264296331890,UttarPradesh_BTS_010,404-45-749-874,Uttar Pradesh
CDR202600085171,2025-01-31,14:58:49,+916000914011,+916304714627,VOICE,65,404219362934400,355106855474818,UttarPradesh_BTS_010,404-45-308-704,Uttar Pradesh
CDR202600085187,2025-11-04,03:56:32,+918681413673,+919730426346,VOICE,16,404652588135097,356324801211716,TamilNadu_BTS_001,404-45-698-489,Tamil Nadu
CDR202600085196,2025-06-15,11:38:02,+918883222397,+919639282585,VOICE,382,404602791659536,359488364481732,TamilNadu_BTS_002,404-45-158-984,Tamil Nadu
CDR202600085204,2025-09-27,09:48:48,+919326665043,+919351100101,SMS,0,404023156221920,350074729682698,WestBengal_BTS_003,404-45-342-886,West Bengal
CDR202600085226,2025-06-02,19:12:16,+919474706279,+918643492393,VOICE,101,404374993732503,358488593881058,Delhi_BTS_001,404-45-180-088,Delhi
CDR202600085233,2025-06-23,14:37:33,+918845391323,+918872364896,VOICE,83,404127083355935,356904855075656,WestBengal_BTS_002,404-45-205-363,West Bengal
CDR202600085235,2025-09-08,08:37:49,+916754654913,+918837578152,VOICE,334,404242924507871,359034901587459,Gujarat_BTS_005,404-45-716-028,Gujarat
CDR202600085238,2025-11-13,21:05:52,+916776375142,+916772086432,VOICE,23,404565880990591,352355906877754,Rajasthan_BTS_013,404-45-448-115,Rajasthan
CDR202600085250,2025-12-01,18:45:30,+918908155482,+917861723190,SMS,0,404459864697777,352798856696852,WestBengal_BTS_001,404-45-415-374,West Bengal
CDR202600085265,2025-06-02,15:59:59,+919213985555,+917026149618,VOICE,4,404379314145101,350992587591138,WestBengal_BTS_003,404-45-266-820,West Bengal
CDR202600085273,2025-10-25,15:28:48,+919793884001,+916514444241,VOICE,23,404118600374814,357904803031132,Rajasthan_BTS_015,404-45-208-892,Rajasthan
CDR202600085282,2025-01-21,21:49:41,+918468417389,+916971406889,VOICE,105,404025902580252,350247014945044,Rajasthan_BTS_006,404-45-246-272,Rajasthan
CDR202600085283,2025-10-03,12:27:38,+916002252699,+916980575992,VOICE,71,404314034281729,354961894521902,Rajasthan_BTS_003,404-45-924-324,Rajasthan
CDR202600085306,2025-08-02,07:09:57,+918291847197,+919372873392,VOICE,27,404156220483490,353539108281662,UttarPradesh_BTS_001,404-45-234-688,Uttar Pradesh
CDR202600085327,2025-08-18,14:50:47,+916138269495,+917904078720,VOICE,37,404066709678054,357073027438579,Rajasthan_BTS_019,404-45-471-900,Rajasthan
CDR202600085335,2025-12-04,14:45:16,+918640766313,+919566359010,VOICE,361,404114225325318,354687508795612,Rajasthan_BTS_012,404-45-798-907,Rajasthan
CDR202600085341,2025-01-22,21:31:25,+918467875688,+919773629639,MISSED,0,404391322138882,350919273749971,TamilNadu_BTS_006,404-45-773-598,Tamil Nadu
CDR202600085358,2025-11-01,02:51:53,+918784250482,+918865378057,VOICE,29,404888109287144,351334223439591,Mumbai_BTS_010,404-45-296-195,Mumbai
CDR202600085373,2025-03-12,14:07:21,+918937701015,+917230760386,VOICE,77,404962427989350,353095178874145,Rajasthan_BTS_019,404-45-951-827,Rajasthan
CDR202600085402,2025-09-26,20:07:11,+917963890054,+919379931513,VOICE,18,404147715345771,350477741092834,Maharashtra_BTS_002,404-45-926-045,Maharashtra
CDR202600085407,2025-02-19,06:30:50,+918025485028,+918996434475,VOICE,301,404451324863950,356679310143015,Rajasthan_BTS_007,404-45-241-522,Rajasthan
CDR202600085424,2025-06-01,01:37:06,+919390432421,+919840250481,VOICE,127,404792652011866,359740584202357,Maharashtra_BTS_001,404-45-881-345,Maharashtra
CDR202600085497,2025-11-26,10:25:18,+917764039799,+918728614929,VOICE,422,404096077085140,358632259158742,TamilNadu_BTS_003,404-45-169-692,Tamil Nadu
CDR202600085514,2025-08-09,14:59:15,+919587776812,+916980575992,VOICE,98,404109968878736,352629955446815,Rajasthan_BTS_016,404-45-303-157,Rajasthan
CDR202600085519,2025-10-19,15:24:36,+918663993663,+918151651129,SMS,0,404643190960952,357993199338748,Delhi_BTS_002,404-45-878-546,Delhi
CDR202600085526,2025-02-15,06:31:52,+919037659104,+917287543977,VOICE,217,404532982688675,350779296281428,Rajasthan_BTS_007,404-45-605-094,Rajasthan
CDR202600085542,2025-05-25,12:46:42,+919382591726,+917946672758,VOICE,12,404992001876756,351221177810929,Karnataka_BTS_004,404-45-160-169,Karnataka
CDR202600085543,2025-12-26,04:40:14,+919530476674,+918579835476,VOICE,31,404218645545408,356094741788248,Gujarat_BTS_008,404-45-814-433,Gujarat
CDR202600085592,2025-12-24,11:53:47,+919495353874,+918736319643,VOICE,3,404427084193845,357133378486630,Mumbai_BTS_011,404-45-995-946,Mumbai
CDR202600085606,2025-02-23,05:42:01,+918976944722,+917885171272,VOICE,22,404776057806830,357185986056918,WestBengal_BTS_001,404-45-981-041,West Bengal
CDR202600085610,2025-08-20,11:27:29,+918845391323,+919289658822,VOICE,12,404127083355935,356904855075656,Mumbai_BTS_010,404-45-211-255,Mumbai
CDR202600085615,2025-09-13,14:10:08,+916710095087,+918875844526,MISSED,0,404269914058997,357068618911508,UttarPradesh_BTS_015,404-45-954-379,Uttar Pradesh
CDR202600085644,2025-11-10,04:53:59,+918022731031,+916817019152,VOICE,3,404839398605771,352777173290326,UttarPradesh_BTS_011,404-45-357-928,Uttar Pradesh
CDR202600085646,2025-01-13,16:40:51,+917022064197,+917568309736,VOICE,17,404539993750879,356204792607347,Mumbai_BTS_011,404-45-995-946,Mumbai
CDR202600085650,2025-08-22,06:10:13,+917390204928,+919526506513,VOICE,27,404734941662620,359491398158715,Karnataka_BTS_003,404-45-597-493,Karnataka
CDR202600085653,2025-11-08,00:29:21,+919292744281,+917194014111,VOICE,314,404228746487191,355684027944136,UttarPradesh_BTS_002,404-45-869-959,Uttar Pradesh
CDR202600085688,2025-04-01,16:15:16,+917194014111,+916782572151,SMS,0,404188477093271,351791227896205,Rajasthan_BTS_013,404-45-400-446,Rajasthan
CDR202600085724,2025-07-22,17:51:29,+917103776964,+918678579997,VOICE,42,404530150497959,353207339910650,UttarPradesh_BTS_010,404-45-308-704,Uttar Pradesh
CDR202600085726,2025-01-04,19:39:24,+918946807760,+917013936970,VOICE,32,404148887353585,356321322028293,Mumbai_BTS_007,404-45-516-195,Mumbai
CDR202600085737,2025-12-01,05:55:58,+916766750163,+916424170400,VOICE,28,404763792314802,353161391765287,Mumbai_BTS_003,404-45-334-070,Mumbai
CDR202600085742,2025-04-02,17:25:15,+916790225592,+917163892412,VOICE,151,404171106069835,355700989120071,Mumbai_BTS_001,404-45-446-022,Mumbai
CDR202600085763,2025-03-29,01:40:49,+917461035404,+919303389988,VOICE,350,404370108043928,357418658432436,TamilNadu_BTS_001,404-45-158-052,Tamil Nadu
CDR202600085767,2025-07-12,12:23:32,+917422788179,+918875844526,VOICE,117,404797933897428,358142123910866,Rajasthan_BTS_004,404-45-835-323,Rajasthan
CDR202600085783,2025-06-08,00:13:58,+916230066459,+916774681896,VOICE,84,404322467785646,351649375300746,Rajasthan_BTS_001,404-45-670-225,Rajasthan
CDR202600085793,2025-01-04,22:40:15,+916239203362,+917911672241,SMS,0,404214255178874,355873222679111,Rajasthan_BTS_016,404-45-619-624,Rajasthan
CDR202600085794,2025-02-11,07:24:11,+918319944674,+916289877077,VOICE,2,404806274449316,353720449121324,Rajasthan_BTS_013,404-45-887-657,Rajasthan
CDR202600085797,2025-08-16,21:14:39,+917559742054,+918118211392,VOICE,36,404734007419507,354869362668823,UttarPradesh_BTS_013,404-45-552-565,Uttar Pradesh
CDR202600085812,2025-08-10,19:11:28,+917408568955,+917103776964,VOICE,19,404064112497545,350950726798659,Maharashtra_BTS_002,404-45-718-271,Maharashtra
CDR202600085819,2025-02-28,08:57:21,+917276561313,+919541078632,VOICE,73,404036252224832,355824553823530,Mumbai_BTS_002,404-45-702-226,Mumbai
CDR202600085825,2025-05-30,11:08:49,+919039277879,+918173797176,VOICE,140,404094860542871,350339586655761,Mumbai_BTS_002,404-45-107-073,Mumbai
CDR202600085829,2025-03-16,05:49:52,+919994525087,+917872645575,SMS,0,404132448982404,353584488650858,UttarPradesh_BTS_006,404-45-108-684,Uttar Pradesh
CDR202600085837,2025-10-25,16:24:56,+916374579962,+919345231893,MISSED,0,404140457619556,351109017167302,UttarPradesh_BTS_015,404-45-954-379,Uttar Pradesh
CDR202600085845,2025-06-27,19:41:46,+918905565843,+916889163629,SMS,0,404398899790877,358624086819606,Rajasthan_BTS_015,404-45-208-892,Rajasthan
CDR202600085851,2025-06-01,03:50:50,+916391671682,+918090350718,VOICE,106,404876135201152,359234506822410,TamilNadu_BTS_004,404-45-683-253,Tamil Nadu
CDR202600085862,2025-03-04,12:17:02,+918868230159,+916015450890,VOICE,44,404541962310924,356997542051386,UttarPradesh_BTS_002,404-45-869-959,Uttar Pradesh
CDR202600085910,2025-09-22,07:28:55,+918395270269,+919594314492,VOICE,31,404077627160213,353357584232191,Rajasthan_BTS_005,404-45-505-906,Rajasthan
CDR202600085914,2025-10-30,18:08:59,+916199842463,+916217222021,VOICE,26,404756238192259,350080024057789,Rajasthan_BTS_019,404-45-414-246,Rajasthan
CDR202600085919,2025-08-27,02:34:37,+919038361051,+918448271640,VOICE,9,404115973524821,357820563301934,Delhi_BTS_004,404-45-652-774,Delhi
CDR202600085945,2025-01-25,23:18:13,+918292034966,+916703033328,SMS,0,404488529994641,354138828010637,Maharashtra_BTS_003,404-45-487-081,Maharashtra
CDR202600085962,2025-06-26,19:25:51,+919921386123,+917865885358,SMS,0,404036017873742,357544410433316,Karnataka_BTS_005,404-45-371-949,Karnataka
CDR202600085970,2025-09-24,09:13:45,+916170086772,+916983699346,VOICE,13,404641127883904,354232839975531,TamilNadu_BTS_002,404-45-620-083,Tamil Nadu
CDR202600085972,2025-05-31,09:23:31,+919045704032,+918842378751,VOICE,161,404140775264126,350984676747784,WestBengal_BTS_007,404-45-491-894,West Bengal
CDR202600086006,2025-11-01,06:10:30,+917838232255,+916604663553,VOICE,37,404883507575221,357472825265829,Maharashtra_BTS_005,404-45-891-297,Maharashtra
CDR202600086019,2025-03-21,05:02:52,+918978249018,+916756772254,VOICE,18,404937280170409,358249534265129,UttarPradesh_BTS_013,404-45-552-565,Uttar Pradesh
CDR202600086038,2025-12-17,05:30:00,+917086977227,+916246155511,VOICE,73,404938549862668,350460394261425,UttarPradesh_BTS_004,404-45-170-901,Uttar Pradesh
CDR202600086040,2025-05-19,13:05:10,+917104682467,+917555664956,VOICE,60,404797867539087,354129351713794,WestBengal_BTS_005,404-45-901-954,West Bengal
CDR202600086047,2025-06-12,01:55:47,+916567351370,+918659067454,SMS,0,404141653523699,358077060854189,UttarPradesh_BTS_001,404-45-234-688,Uttar Pradesh
CDR202600086071,2025-08-03,14:43:50,+916260635104,+919447086435,VOICE,203,404612283039936,352075813507734,UttarPradesh_BTS_002,404-45-174-010,Uttar Pradesh
CDR202600086075,2025-11-09,12:44:22,+918815608115,+917860543707,SMS,0,404043709314492,352592053508103,Mumbai_BTS_007,404-45-584-827,Mumbai
CDR202600086082,2025-05-01,20:38:24,+916807387424,+918852569207,VOICE,63,404249849699191,359677378144163,Delhi_BTS_005,404-45-830-320,Delhi
CDR202600086092,2025-08-29,04:26:32,+917718208437,+918639338747,VOICE,110,404257476224096,352041273432722,WestBengal_BTS_008,404-45-979-482,West Bengal
CDR202600086099,2025-11-01,19:24:04,+918338229837,+916939113008,VOICE,183,404852649995050,357753276223110,TamilNadu_BTS_003,404-45-170-610,Tamil Nadu
CDR202600086103,2025-05-07,04:26:42,+919840233304,+917312502106,VOICE,20,404462431290242,359591756267705,Rajasthan_BTS_011,404-45-796-739,Rajasthan
CDR202600086113,2025-05-23,15:26:14,+917026149618,+918882343052,VOICE,98,404119409185580,355728433651590,UttarPradesh_BTS_012,404-45-233-653,Uttar Pradesh
CDR202600086141,2025-03-13,21:01:34,+918681413673,+918496417077,VOICE,76,404652588135097,356324801211716,WestBengal_BTS_004,404-45-522-026,West Bengal
CDR202600086151,2025-04-09,16:57:21,+919893380955,+916746134266,VOICE,44,404265803179465,352372570002935,Rajasthan_BTS_007,404-45-470-225,Rajasthan
CDR202600086154,2025-08-08,11:01:10,+917537891077,+916255631741,VOICE,58,404714731371397,357923048965532,UttarPradesh_BTS_014,404-45-214-078,Uttar Pradesh
CDR202600086170,2025-02-23,13:39:32,+916026573688,+916439825779,VOICE,256,404934483610783,351794638008881,Karnataka_BTS_001,404-45-767-554,Karnataka
CDR202600086213,2025-08-14,10:05:24,+917109145392,+919315061206,VOICE,54,404281315353933,355359845313534,Gujarat_BTS_001,404-45-859-282,Gujarat
CDR202600086235,2025-11-18,11:32:31,+918357334243,+918084552830,VOICE,16,404430486556384,353829551928360,UttarPradesh_BTS_008,404-45-860-567,Uttar Pradesh
CDR202600086252,2025-03-08,06:12:12,+918485572124,+918804752829,VOICE,188,404289039592310,350896790333888,Rajasthan_BTS_017,404-45-897-945,Rajasthan
CDR202600086271,2025-02-25,02:50:03,+918627903663,+916983480372,VOICE,86,404749420253300,359770169089803,Rajasthan_BTS_015,404-45-612-781,Rajasthan
CDR202600086289,2025-05-10,01:12:08,+917332349279,+918543409847,SMS,0,404279116032571,357975387416216,Rajasthan_BTS_012,404-45-798-907,Rajasthan
CDR202600086293,2025-09-28,02:53:34,+917903072759,+917860543707,VOICE,34,404085818174766,352360035698036,Mumbai_BTS_008,404-45-462-434,Mumbai
CDR202600086296,2025-12-28,14:19:12,+917196407916,+916861464216,SMS,0,404937102756234,356619429087337,Maharashtra_BTS_003,404-45-665-301,Maharashtra
CDR202600086303,2025-12-12,21:34:06,+918771086433,+919772532961,VOICE,25,404774252482180,353934592945486,UttarPradesh_BTS_006,404-45-769-542,Uttar Pradesh
CDR202600086328,2025-10-30,15:52:21,+919423224659,+918720590021,VOICE,54,404056057394448,356491647676557,Rajasthan_BTS_005,404-45-771-512,Rajasthan
CDR202600086356,2025-03-28,05:04:11,+917033369336,+918358899078,VOICE,458,404151031929456,351884530215127,Mumbai_BTS_007,404-45-516-195,Mumbai
CDR202600086370,2025-12-18,19:36:18,+918558970150,+917808951510,VOICE,98,404676387975418,351227723094075,Karnataka_BTS_008,404-45-693-754,Karnataka
CDR202600086378,2025-09-30,05:32:03,+918332746935,+919807554734,SMS,0,404559236900823,355313589809138,WestBengal_BTS_001,404-45-981-041,West Bengal
CDR202600086389,2025-02-21,18:24:13,+918851398775,+917282202555,VOICE,112,404174563236489,358341759262582,Rajasthan_BTS_019,404-45-951-827,Rajasthan
CDR202600086429,2025-08-24,02:37:32,+919429605845,+919493419452,VOICE,48,404012631446390,355358689978302,Rajasthan_BTS_001,404-45-755-705,Rajasthan
CDR202600086451,2025-12-26,19:52:14,+917657350844,+916239203362,VOICE,498,404963470593409,350752353140124,UttarPradesh_BTS_009,404-45-719-216,Uttar Pradesh
CDR202600086452,2025-08-02,03:03:52,+917719978465,+916250502536,VOICE,98,404824089831641,352321437055385,Rajasthan_BTS_005,404-45-505-906,Rajasthan
CDR202600086467,2025-03-15,15:52:07,+918073269811,+917621349571,VOICE,58,404228986043786,356501440284578,Maharashtra_BTS_008,404-45-173-624,Maharashtra
CDR202600086493,2025-07-23,16:06:40,+916662607238,+918310597374,MISSED,0,404142071026873,359439335587165,Mumbai_BTS_005,404-45-626-244,Mumbai
CDR202600086523,2025-10-15,15:31:14,+918837110455,+916749976663,VOICE,23,404947107009372,350818348818934,TamilNadu_BTS_002,404-45-158-984,Tamil Nadu
CDR202600086533,2025-11-26,23:48:12,+918981533864,+918806374147,VOICE,164,404266293801277,358262898690810,Rajasthan_BTS_013,404-45-400-446,Rajasthan
CDR202600086549,2025-09-06,19:41:16,+917802470566,+919345231893,VOICE,83,404779293277671,350400964849664,WestBengal_BTS_003,404-45-258-948,West Bengal
CDR202600086555,2025-12-21,07:31:12,+919140882745,+916027901336,VOICE,116,404330774057443,353489673638141,Gujarat_BTS_007,404-45-325-460,Gujarat
CDR202600086557,2025-02-12,14:01:03,+917765785944,+918764154621,VOICE,155,404900824727003,352958580177614,Rajasthan_BTS_010,404-45-641-258,Rajasthan
CDR202600086561,2025-02-13,06:10:41,+917700762236,+919063742023,VOICE,116,404704463688558,355336945940933,Karnataka_BTS_006,404-45-848-803,Karnataka
CDR202600086563,2025-01-12,13:38:09,+917936178367,+919987672814,VOICE,51,404965395347489,359391787896901,TamilNadu_BTS_003,404-45-170-610,Tamil Nadu
CDR202600086586,2025-12-28,21:20:19,+919541078632,+918729814097,SMS,0,404187617504206,356941933406067,UttarPradesh_BTS_011,404-45-966-053,Uttar Pradesh
CDR202600086606,2025-10-02,17:47:43,+918559087403,+917712268029,VOICE,56,404218116875710,353846399203768,Mumbai_BTS_005,404-45-626-244,Mumbai
CDR202600086676,2025-03-25,23:02:20,+918431994101,+918546691924,VOICE,230,404964852820220,357227074076315,Rajasthan_BTS_009,404-45-911-697,Rajasthan
CDR202600086709,2025-03-06,00:42:11,+919343914928,+919611058482,VOICE,49,404950575916425,354543481198247,Rajasthan_BTS_013,404-45-448-115,Rajasthan
CDR202600086726,2025-11-14,23:29:19,+917922603056,+919866647096,VOICE,313,404840544679045,356693929105852,WestBengal_BTS_001,404-45-415-374,West Bengal
CDR202600086731,2025-09-08,12:24:27,+918148671812,+919637359630,VOICE,37,404521099240542,356408041203467,Rajasthan_BTS_004,404-45-316-936,Rajasthan
CDR202600086732,2025-01-04,10:12:46,+916213343596,+919581832048,SMS,0,404281537805585,359075711559117,UttarPradesh_BTS_010,404-45-370-518,Uttar Pradesh
CDR202600086786,2025-05-30,13:10:42,+917880755294,+919040273803,SMS,0,404391065804089,352332040789068,Gujarat_BTS_001,404-45-859-282,Gujarat
CDR202600086796,2025-04-30,17:55:19,+919530476674,+919439715480,VOICE,11,404218645545408,357650585192968,Gujarat_BTS_008,404-45-448-285,Gujarat
CDR202600086797,2025-02-18,09:23:26,+918447532959,+918449702682,VOICE,64,404943233949797,351434589932178,Rajasthan_BTS_004,404-45-680-898,Rajasthan
CDR202600086811,2025-03-02,01:57:09,+919550912435,+918671402590,VOICE,32,404344844040211,355286384029220,UttarPradesh_BTS_012,404-45-441-790,Uttar Pradesh
CDR202600086814,2025-03-22,19:10:10,+919866647096,+919315061206,VOICE,30,404414351089941,352840301991193,UttarPradesh_BTS_002,404-45-869-959,Uttar Pradesh
CDR202600086848,2025-02-05,20:02:38,+919927499543,+918967742384,VOICE,341,404384217172601,358687307358802,Rajasthan_BTS_014,404-45-839-897,Rajasthan
CDR202600086854,2025-11-03,15:44:14,+916741574721,+919075161331,VOICE,11,404983249338284,359931601571487,Rajasthan_BTS_004,404-45-835-323,Rajasthan
CDR202600086861,2025-08-08,09:35:54,+917529071926,+917410872139,VOICE,94,404700536957454,353764527260375,Rajasthan_BTS_015,404-45-612-781,Rajasthan
CDR202600086878,2025-08-02,12:47:09,+917467444699,+918941845766,VOICE,111,404839170437940,351847207600726,Rajasthan_BTS_015,404-45-612-781,Rajasthan
CDR202600086891,2025-08-13,00:37:15,+916720582936,+919933931816,VOICE,30,404245556217118,353140537561877,Rajasthan_BTS_019,404-45-471-900,Rajasthan
CDR202600086910,2025-01-27,11:24:12,+916193027325,+917805033171,MISSED,0,404246972487636,353069407311725,Mumbai_BTS_006,404-45-785-498,Mumbai
CDR202600086911,2025-02-20,22:39:05,+919327809757,+919223570775,VOICE,73,404363762750299,358906664995036,TamilNadu_BTS_003,404-45-169-692,Tamil Nadu
CDR202600086931,2025-04-02,23:48:51,+918616869646,+918504421107,VOICE,85,404328784923190,356916721810601,Rajasthan_BTS_011,404-45-796-739,Rajasthan
CDR202600086960,2025-04-07,17:04:56,+918785521800,+918428693441,VOICE,18,404241429548749,353006778541807,Rajasthan_BTS_009,404-45-742-164,Rajasthan
CDR202600086962,2025-10-11,16:46:50,+919755692262,+916498957589,VOICE,357,404936090337433,352522701914938,WestBengal_BTS_007,404-45-491-894,West Bengal
CDR202600086964,2025-03-03,10:43:03,+919920243875,+917187868573,VOICE,237,404877248535076,352578102945295,Karnataka_BTS_006,404-45-835-499,Karnataka
CDR202600086999,2025-02-16,23:09:25,+917495757301,+917497388060,VOICE,41,404479863209140,356886910594707,WestBengal_BTS_003,404-45-342-886,West Bengal
CDR202600087016,2025-06-09,12:26:50,+916213343596,+919359991607,MISSED,0,404281537805585,359075711559117,Mumbai_BTS_004,404-45-980-339,Mumbai
CDR202600087051,2025-05-17,22:57:23,+916514444241,+919178210985,SMS,0,404954341991008,354682315116551,Karnataka_BTS_005,404-45-902-804,Karnataka
CDR202600087054,2025-04-21,04:04:31,+918535782598,+917603606189,VOICE,1,404884335828351,353494098535177,Rajasthan_BTS_004,404-45-374-068,Rajasthan
CDR202600087056,2025-06-15,16:50:52,+916669831997,+919303389988,SMS,0,404769709997524,353538357266294,WestBengal_BTS_001,404-45-981-041,West Bengal
CDR202600087059,2025-07-05,05:24:48,+919718897270,+918623133561,SMS,0,404801134284088,350389702821913,UttarPradesh_BTS_012,404-45-233-653,Uttar Pradesh
CDR202600087060,2025-08-09,17:01:00,+917130406708,+919382393873,VOICE,34,404695818926139,353428715868988,Delhi_BTS_005,404-45-830-320,Delhi
CDR202600087065,2025-06-21,03:01:25,+916815801990,+919487970655,VOICE,180,404777315626892,355252407861255,TamilNadu_BTS_005,404-45-734-084,Tamil Nadu
CDR202600087070,2025-04-13,07:05:18,+916168234592,+916441047693,VOICE,98,404227906348913,359130840069147,Maharashtra_BTS_003,404-45-649-128,Maharashtra
CDR202600087071,2025-04-05,15:49:44,+919352442118,+916758605522,VOICE,30,404424953011136,350535989646739,WestBengal_BTS_001,404-45-415-374,West Bengal
CDR202600087072,2025-09-09,16:20:34,+918431994101,+917754117217,VOICE,59,404964852820220,357227074076315,UttarPradesh_BTS_012,404-45-233-653,Uttar Pradesh
CDR202600087084,2025-09-01,22:46:08,+916426267031,+919578978927,VOICE,13,404475978442295,354217692142284,Rajasthan_BTS_019,404-45-951-827,Rajasthan
CDR202600087093,2025-09-24,19:36:04,+918709113102,+916138269495,SMS,0,404977747188913,352094187711919,Rajasthan_BTS_009,404-45-742-164,Rajasthan
CDR202600087097,2025-10-01,14:15:41,+916306053410,+917036985685,VOICE,16,404518670939366,350739963840208,Gujarat_BTS_004,404-45-130-096,Gujarat
CDR202600087113,2025-04-24,10:03:41,+919022465155,+919287244715,VOICE,72,404104725830186,358507697211327,Rajasthan_BTS_003,404-45-924-324,Rajasthan
CDR202600087117,2025-10-17,07:58:37,+917786260884,+918899034094,SMS,0,404504421629006,357896858005251,Mumbai_BTS_011,404-45-995-946,Mumbai
CDR202600087128,2025-04-24,03:03:13,+917310983111,+918954038504,VOICE,78,404773058174668,350742010959527,Karnataka_BTS_006,404-45-848-803,Karnataka
CDR202600087139,2025-05-09,14:52:34,+916413888082,+916919664501,MISSED,0,404053087508063,354035906170731,Gujarat_BTS_005,404-45-338-518,Gujarat
CDR202600087171,2025-10-31,02:31:38,+916226722085,+917765914396,VOICE,302,404836931057959,355341273638834,Rajasthan_BTS_011,404-45-796-739,Rajasthan
CDR202600087180,2025-01-18,22:24:47,+919745870758,+918525511729,VOICE,378,404788403225823,355046512094803,WestBengal_BTS_003,404-45-266-820,West Bengal
CDR202600087212,2025-06-05,08:08:35,+918428954797,+919705635055,VOICE,28,404758237426961,356683447618484,Gujarat_BTS_007,404-45-325-460,Gujarat
CDR202600087213,2025-05-14,22:53:40,+918310693017,+918696518496,VOICE,14,404973359281467,353592246096120,Karnataka_BTS_002,404-45-195-949,Karnataka
CDR202600087219,2025-11-30,00:45:15,+919545365324,+919343914928,VOICE,18,404710833878220,355704368696043,Rajasthan_BTS_006,404-45-242-253,Rajasthan
CDR202600087220,2025-11-26,13:10:15,+919343914928,+917600606591,MISSED,0,404950575916425,354543481198247,Karnataka_BTS_006,404-45-813-981,Karnataka
CDR202600087225,2025-12-14,00:59:32,+919075645573,+917160405940,VOICE,54,404594350897824,355570924259805,Maharashtra_BTS_005,404-45-181-876,Maharashtra
CDR202600087244,2025-01-06,05:45:04,+916207044235,+919304991680,VOICE,20,404283815950469,352146998099793,Gujarat_BTS_002,404-45-854-105,Gujarat
CDR202600087264,2025-08-05,08:46:39,+918543409847,+919469984743,SMS,0,404133684146761,358799185457500,TamilNadu_BTS_006,404-45-367-210,Tamil Nadu
CDR202600087274,2025-02-26,14:19:09,+919723688493,+916195507250,VOICE,113,404774265928524,351073209737819,UttarPradesh_BTS_006,404-45-769-542,Uttar Pradesh
CDR202600087313,2025-10-11,18:35:48,+919477846389,+916111892039,VOICE,39,404007120161986,353204258493266,Karnataka_BTS_006,404-45-813-981,Karnataka
CDR202600087314,2025-11-21,21:45:33,+918550565968,+918579835476,MISSED,0,404901223282756,356673554794263,Gujarat_BTS_004,404-45-130-096,Gujarat
CDR202600087321,2025-03-25,17:38:37,+916803693943,+919128556022,VOICE,226,404942338437775,354421822762447,Delhi_BTS_003,404-45-662-170,Delhi
CDR202600087337,2025-11-29,05:16:07,+918410693085,+917462012268,VOICE,59,404414844819652,356750343425479,WestBengal_BTS_005,404-45-901-954,West Bengal
CDR202600087347,2025-03-13,05:14:42,+919299972725,+916882713712,VOICE,12,404722306940754,351634519141931,UttarPradesh_BTS_003,404-45-736-577,Uttar Pradesh
CDR202600087354,2025-06-09,03:45:34,+917230111839,+919181847107,VOICE,10,404306245852830,358168583573554,Rajasthan_BTS_019,404-45-951-827,Rajasthan
CDR202600087365,2025-02-27,05:31:08,+916034872249,+916364596304,VOICE,13,404120744194392,352303184120280,Karnataka_BTS_003,404-45-597-493,Karnataka
CDR202600087395,2025-03-18,22:53:06,+918502488426,+919327988659,SMS,0,404763406377809,351348069280781,UttarPradesh_BTS_012,404-45-441-790,Uttar Pradesh
CDR202600087408,2025-04-18,15:23:07,+918321548678,+916916934525,VOICE,153,404159822825080,358256919510290,TamilNadu_BTS_006,404-45-423-958,Tamil Nadu
CDR202600087418,2025-06-22,05:51:13,+919939710154,+919429605845,MISSED,0,404595165249756,354507120968038,TamilNadu_BTS_004,404-45-683-253,Tamil Nadu
CDR202600087419,2025-04-24,03:42:47,+918655430144,+917546122102,VOICE,270,404925339548841,358908076590461,Mumbai_BTS_008,404-45-984-747,Mumbai
CDR202600087433,2025-02-12,13:06:56,+918639338747,+919746279673,VOICE,94,404442834128049,359991110427423,TamilNadu_BTS_001,404-45-614-942,Tamil Nadu
CDR202600087442,2025-11-28,17:19:56,+916409475395,+919000131450,SMS,0,404286354487832,359198726234916,UttarPradesh_BTS_007,404-45-779-107,Uttar Pradesh
CDR202600087443,2025-01-01,17:02:34,+917366141379,+918178051521,VOICE,170,404614967346515,357511105761798,Rajasthan_BTS_001,404-45-801-333,Rajasthan
CDR202600087455,2025-07-03,05:15:48,+918438901003,+918487256924,SMS,0,404300837083033,353626590330348,Rajasthan_BTS_004,404-45-835-323,Rajasthan
CDR202600087495,2025-06-27,21:12:40,+919740066246,+918774258277,VOICE,5,404628452849858,359331691849728,Karnataka_BTS_005,404-45-371-949,Karnataka
CDR202600087498,2025-08-06,05:41:41,+917093632889,+916439825779,VOICE,19,404396894594276,354484645673724,Maharashtra_BTS_007,404-45-473-167,Maharashtra
CDR202600087524,2025-03-11,16:05:01,+916591627817,+919569035858,VOICE,116,404424673784024,350982119483365,Mumbai_BTS_008,404-45-462-434,Mumbai
CDR202600087539,2025-01-05,14:52:15,+917525726501,+917194014111,SMS,0,404679178377827,356194094583233,Rajasthan_BTS_005,404-45-505-906,Rajasthan
CDR202600087564,2025-07-20,17:13:38,+917283590499,+917254669580,VOICE,24,404177107860613,353312551134091,Delhi_BTS_005,404-45-830-320,Delhi
CDR202600087581,2025-09-04,11:37:57,+919036425908,+916728226893,VOICE,65,404011947778218,358013743782587,Delhi_BTS_006,404-45-223-254,Delhi
CDR202600087597,2025-07-26,15:59:21,+918854666127,+918925005498,VOICE,33,404022925067399,351290751329413,Gujarat_BTS_003,404-45-704-433,Gujarat
CDR202600087605,2025-06-06,08:10:58,+916950821627,+917256794384,SMS,0,404097626580031,356539038731726,Rajasthan_BTS_004,404-45-374-068,Rajasthan
CDR202600087616,2025-01-19,11:18:16,+917823046342,+916420854132,VOICE,125,404083999673441,356929825461442,UttarPradesh_BTS_012,404-45-233-653,Uttar Pradesh
CDR202600087617,2025-02-18,06:34:19,+917691728825,+917152298323,VOICE,206,404010972084597,357918586892171,UttarPradesh_BTS_014,404-45-214-078,Uttar Pradesh
CDR202600087631,2025-02-04,06:37:11,+916708814674,+919689954668,SMS,0,404214490910137,356017658324402,Maharashtra_BTS_002,404-45-926-045,Maharashtra
CDR202600087633,2025-04-08,23:49:25,+916459441639,+916269160160,VOICE,54,404565046361968,353802504484345,UttarPradesh_BTS_003,404-45-618-272,Uttar Pradesh
CDR202600087634,2025-04-10,03:53:23,+919900725569,+918548966382,VOICE,113,404043208547597,356654622799283,Maharashtra_BTS_002,404-45-199-368,Maharashtra
CDR202600087635,2025-12-26,14:26:40,+919421389179,+918416421339,SMS,0,404586115347819,353095049755065,Karnataka_BTS_001,404-45-767-554,Karnataka
CDR202600087653,2025-05-09,22:40:26,+917050477573,+916485212129,VOICE,23,404434289472964,358822575952937,Maharashtra_BTS_004,404-45-691-197,Maharashtra
CDR202600087678,2025-08-20,05:17:30,+916397337096,+916599023606,VOICE,205,404627648831363,356494198994747,Rajasthan_BTS_007,404-45-241-522,Rajasthan
CDR202600087682,2025-12-20,11:53:43,+919396508569,+916703033328,VOICE,135,404310160200193,358461334613632,UttarPradesh_BTS_003,404-45-736-577,Uttar Pradesh
CDR202600087715,2025-01-06,01:04:11,+918159558655,+919883017276,VOICE,22,404716410438414,354026512552398,Delhi_BTS_003,404-45-371-541,Delhi
CDR202600087718,2025-04-30,23:19:51,+916213343596,+918845072055,VOICE,182,404281537805585,359075711559117,WestBengal_BTS_004,404-45-522-026,West Bengal
CDR202600087722,2025-01-10,17:19:37,+918392463058,+919067451230,VOICE,147,404948698340939,353585973197709,Rajasthan_BTS_009,404-45-742-164,Rajasthan
CDR202600087744,2025-03-07,03:17:57,+917596233237,+916306053410,VOICE,310,404569371690189,351528817034207,Rajasthan_BTS_019,404-45-414-246,Rajasthan
CDR202600087765,2025-08-05,21:33:05,+916027901336,+917865885358,SMS,0,404564941936969,350504391016090,Maharashtra_BTS_007,404-45-479-364,Maharashtra
CDR202600087767,2025-07-02,16:05:49,+917379470369,+919348838579,VOICE,65,404462893781378,358830923996781,UttarPradesh_BTS_001,404-45-234-688,Uttar Pradesh
CDR202600087786,2025-04-07,21:35:13,+919477846389,+917399021760,VOICE,10,404007120161986,353204258493266,Rajasthan_BTS_008,404-45-981-113,Rajasthan
CDR202600087804,2025-12-13,19:31:37,+917748078620,+916635012007,SMS,0,404914861750308,353490366650184,Delhi_BTS_004,404-45-847-707,Delhi
CDR202600087817,2025-12-01,16:16:09,+918696518496,+918316147370,VOICE,26,404446955706436,351926192706658,UttarPradesh_BTS_012,404-45-233-653,Uttar Pradesh
CDR202600087823,2025-01-24,17:26:42,+919406797753,+917103776964,VOICE,306,404847409561646,353419353188078,UttarPradesh_BTS_012,404-45-441-790,Uttar Pradesh
CDR202600087834,2025-10-08,05:04:59,+919425196407,+917139435997,VOICE,38,404430618555028,358104863904378,WestBengal_BTS_005,404-45-785-885,West Bengal
CDR202600087847,2025-10-07,20:47:25,+917008518494,+916805432219,VOICE,91,404850514466796,356068050777483,Delhi_BTS_002,404-45-231-676,Delhi
CDR202600087848,2025-07-19,03:41:43,+917765785944,+917341902120,VOICE,216,404900824727003,352958580177614,Rajasthan_BTS_018,404-45-713-332,Rajasthan
CDR202600087864,2025-05-15,12:59:21,+916018950497,+919154548073,VOICE,74,404427107605994,358925740673790,Rajasthan_BTS_014,404-45-564-004,Rajasthan
CDR202600087880,2025-05-19,16:27:35,+916605441163,+919276911498,VOICE,89,404207652835216,357500970161173,TamilNadu_BTS_005,404-45-734-084,Tamil Nadu
CDR202600087885,2025-05-14,21:28:58,+919892488275,+919795194820,VOICE,333,404418499567392,358623810416938,UttarPradesh_BTS_007,404-45-370-119,Uttar Pradesh
CDR202600087886,2025-01-18,06:04:50,+919740447129,+916250502536,VOICE,84,404405453030137,357204880932781,Rajasthan_BTS_012,404-45-798-907,Rajasthan
CDR202600087904,2025-07-09,01:12:45,+917895319354,+917586364438,VOICE,68,404658658453164,354074775641863,Delhi_BTS_005,404-45-830-320,Delhi
CDR202600087906,2025-01-04,04:09:42,+918308876815,+919285570876,VOICE,181,404532777429085,356191787627590,Delhi_BTS_001,404-45-999-581,Delhi
CDR202600087912,2025-12-28,14:17:11,+917310983111,+919225702356,VOICE,468,404773058174668,350742010959527,Maharashtra_BTS_007,404-45-473-167,Maharashtra
CDR202600087941,2025-11-03,21:42:05,+918254762668,+919828369317,SMS,0,404877588266014,355892838400121,Delhi_BTS_002,404-45-884-129,Delhi
CDR202600087948,2025-02-12,03:12:12,+917154767880,+917683599400,SMS,0,404132159148971,355999292002554,Rajasthan_BTS_011,404-45-796-739,Rajasthan
CDR202600087951,2025-08-05,04:49:35,+916212264124,+917062207522,SMS,0,404753986197445,357991270860158,Mumbai_BTS_006,404-45-319-553,Mumbai
CDR202600087965,2025-03-31,22:51:53,+916655642600,+916945270946,VOICE,7,404527511809286,354054632164844,Maharashtra_BTS_009,404-45-646-747,Maharashtra
CDR202600087976,2025-03-05,06:12:04,+918485572124,+917320873583,VOICE,345,404289039592310,350896790333888,Rajasthan_BTS_015,404-45-208-892,Rajasthan
CDR202600087977,2025-02-21,08:41:52,+916020248860,+916420902003,VOICE,55,404928462128422,353837458083761,TamilNadu_BTS_001,404-45-614-942,Tamil Nadu
CDR202600087995,2025-08-28,21:44:48,+919626714378,+918270857685,VOICE,109,404417118093523,355361781971531,WestBengal_BTS_001,404-45-230-043,West Bengal
CDR202600088044,2025-11-08,05:28:08,+918022471766,+918111670819,VOICE,34,404856472839696,350846420224682,UttarPradesh_BTS_006,404-45-726-827,Uttar Pradesh
CDR202600088058,2025-09-11,06:49:00,+917665309059,+917218014224,VOICE,71,404090923422724,355978265524398,Rajasthan_BTS_015,404-45-282-520,Rajasthan
CDR202600088061,2025-09-06,07:56:49,+919660904190,+918130444799,VOICE,237,404361087113779,358529032776724,Rajasthan_BTS_009,404-45-911-697,Rajasthan
CDR202600088104,2025-02-27,19:32:48,+919603057734,+919843442880,VOICE,143,404772340392912,357034440116085,Mumbai_BTS_010,404-45-211-255,Mumbai
CDR202600088113,2025-06-26,22:15:25,+919445048592,+916616944589,VOICE,52,404850537616081,352710390774188,UttarPradesh_BTS_005,404-45-478-292,Uttar Pradesh
CDR202600088115,2025-09-24,16:55:49,+916658692045,+918905398864,VOICE,213,404234260469728,350272826455031,Maharashtra_BTS_007,404-45-750-855,Maharashtra
CDR202600088147,2025-11-15,21:52:56,+917626526174,+916721272168,VOICE,12,404389859076199,357601285089590,Delhi_BTS_006,404-45-223-254,Delhi
CDR202600088160,2025-06-22,20:05:58,+916027901336,+918388765980,VOICE,6,404564941936969,359115177325864,Rajasthan_BTS_009,404-45-911-697,Rajasthan
CDR202600088183,2025-03-09,09:49:29,+918337282355,+917346187234,MISSED,0,404334347469613,350073700411507,Karnataka_BTS_004,404-45-160-169,Karnataka
CDR202600088198,2025-05-20,08:13:53,+918766178314,+916269133279,VOICE,11,404849815410537,359329445947069,Mumbai_BTS_011,404-45-995-946,Mumbai
CDR202600088201,2025-07-04,18:01:03,+918179229014,+918001599257,VOICE,31,404426577272797,353309923582225,Rajasthan_BTS_005,404-45-771-512,Rajasthan
CDR202600088204,2025-05-17,07:53:19,+916754654913,+916837414370,MISSED,0,404242924507871,359034901587459,Gujarat_BTS_004,404-45-130-096,Gujarat
CDR202600088211,2025-09-16,03:50:56,+917173526045,+917613843116,SMS,0,404260239063110,353966197190675,WestBengal_BTS_001,404-45-230-043,West Bengal
CDR202600088220,2025-03-31,05:50:57,+919335674247,+917114445865,VOICE,23,404545526161610,354824870680210,Rajasthan_BTS_014,404-45-839-897,Rajasthan
CDR202600088237,2025-06-27,15:03:26,+916653271645,+918900745393,VOICE,179,404867621011710,356014704827913,Karnataka_BTS_003,404-45-270-417,Karnataka
CDR202600088258,2025-06-28,18:27:24,+917341662772,+917254669580,VOICE,80,404729524286355,356290843655388,Mumbai_BTS_007,404-45-348-804,Mumbai
CDR202600088268,2025-06-05,12:22:01,+919295723538,+918928231968,VOICE,63,404288622216788,356077232226667,Rajasthan_BTS_019,404-45-471-900,Rajasthan
CDR202600088273,2025-12-31,21:05:50,+919939777816,+917984465285,VOICE,267,404499116035440,354914619221124,UttarPradesh_BTS_011,404-45-533-850,Uttar Pradesh
CDR202600088286,2025-07-03,02:41:00,+918741550706,+918531943344,VOICE,114,404503668221584,357972942224507,TamilNadu_BTS_003,404-45-170-610,Tamil Nadu
CDR202600088332,2025-02-19,17:36:11,+918656312815,+919546824442,VOICE,80,404213764147685,356571111320635,WestBengal_BTS_006,404-45-373-164,West Bengal
CDR202600088372,2025-08-31,12:14:22,+916662607238,+919331197309,VOICE,14,404142071026873,359439335587165,Maharashtra_BTS_004,404-45-691-197,Maharashtra
CDR202600088374,2025-09-17,20:18:32,+919733523957,+919900586055,MISSED,0,404639664021113,354579321464902,Maharashtra_BTS_008,404-45-799-664,Maharashtra
CDR202600088382,2025-07-13,14:19:07,+918897183146,+919611058482,VOICE,177,404171778971064,353846291826095,TamilNadu_BTS_006,404-45-367-210,Tamil Nadu
CDR202600088387,2025-12-25,00:06:21,+919755692262,+918090152731,SMS,0,404936090337433,352522701914938,Delhi_BTS_002,404-45-878-546,Delhi
CDR202600088388,2025-11-30,05:52:43,+919813748497,+917685736858,SMS,0,404177629943878,350650376879046,Rajasthan_BTS_007,404-45-470-225,Rajasthan
CDR202600088443,2025-02-02,21:01:41,+919508106714,+917540273705,VOICE,75,404503522727828,358747815581849,Karnataka_BTS_005,404-45-371-949,Karnataka
CDR202600088456,2025-04-25,17:55:38,+919365110022,+918128772180,VOICE,57,404792523383551,350418379939262,Delhi_BTS_004,404-45-847-707,Delhi
CDR202600088465,2025-01-30,07:48:37,+919019032610,+916489779940,VOICE,109,404829339959359,358068801797683,Rajasthan_BTS_017,404-45-880-166,Rajasthan
CDR202600088476,2025-09-08,16:39:17,+916963444429,+917371519719,VOICE,41,404892032544602,357870465056611,Karnataka_BTS_005,404-45-371-949,Karnataka
CDR202600088497,2025-02-23,20:00:58,+917230420133,+916983480372,SMS,0,404221994992382,357030978002822,Maharashtra_BTS_004,404-45-146-678,Maharashtra
CDR202600088498,2025-10-01,22:31:52,+916226722085,+917215779820,VOICE,187,404836931057959,355341273638834,Rajasthan_BTS_006,404-45-862-575,Rajasthan
CDR202600088519,2025-10-27,18:49:21,+918297232808,+918206314439,VOICE,48,404930042600511,350679169634900,Rajasthan_BTS_006,404-45-242-253,Rajasthan
CDR202600088534,2025-03-27,00:31:41,+917947077688,+918723371913,SMS,0,404415194838866,356811740097738,UttarPradesh_BTS_012,404-45-145-004,Uttar Pradesh
CDR202600088577,2025-12-20,21:41:42,+918072691426,+916938174319,VOICE,23,404447565258635,354180596251704,Rajasthan_BTS_016,404-45-303-157,Rajasthan
CDR202600088578,2025-06-29,00:19:42,+919501198753,+916703033328,VOICE,52,404254063758942,355744868365649,Rajasthan_BTS_004,404-45-316-936,Rajasthan
CDR202600088586,2025-01-08,10:56:32,+916439825779,+919464521257,SMS,0,404588924420590,351845302050548,Gujarat_BTS_008,404-45-814-433,Gujarat
CDR202600088599,2025-08-05,10:33:22,+919802095900,+919580948592,VOICE,156,404728279492215,354868326917467,Rajasthan_BTS_018,404-45-713-332,Rajasthan
CDR202600088620,2025-03-24,11:41:49,+917173526045,+917412435454,VOICE,189,404260239063110,354702425585516,UttarPradesh_BTS_001,404-45-234-688,Uttar Pradesh
CDR202600088627,2025-09-14,17:36:34,+919783627493,+917794181831,VOICE,223,404744086430111,358591540155585,UttarPradesh_BTS_006,404-45-769-542,Uttar Pradesh
CDR202600088629,2025-03-07,16:57:40,+919902605527,+919075161331,VOICE,57,404854004987303,355926329191108,Karnataka_BTS_003,404-45-270-417,Karnataka
CDR202600088646,2025-01-05,07:41:29,+917203907465,+916605441163,VOICE,39,404835134435764,350401771433708,Rajasthan_BTS_019,404-45-119-115,Rajasthan
CDR202600088650,2025-01-03,18:17:56,+919088103678,+918234659344,VOICE,169,404780657164461,355629139596462,Rajasthan_BTS_019,404-45-471-900,Rajasthan
CDR202600088652,2025-02-17,14:58:49,+918308876815,+919468047687,VOICE,380,404532777429085,356191787627590,Delhi_BTS_003,404-45-662-170,Delhi
CDR202600088653,2025-10-04,14:21:19,+918419363668,+919049670765,VOICE,14,404880218378473,352069309566481,UttarPradesh_BTS_004,404-45-170-901,Uttar Pradesh
CDR202600088683,2025-07-13,19:08:36,+919023770633,+916260635104,VOICE,27,404959126217588,354368186110680,TamilNadu_BTS_002,404-45-158-984,Tamil Nadu
CDR202600088684,2025-09-26,16:28:48,+916404607577,+917058020906,VOICE,92,404805259615349,350389520113978,Karnataka_BTS_005,404-45-371-949,Karnataka
CDR202600088716,2025-01-17,16:12:18,+919012273494,+919497246572,VOICE,39,404235376981388,359329896777630,Delhi_BTS_006,404-45-629-463,Delhi
CDR202600088720,2025-05-02,00:21:23,+917162772562,+916703033328,VOICE,4,404848510483651,350213452247244,Mumbai_BTS_002,404-45-702-226,Mumbai
CDR202600088726,2025-07-18,17:12:43,+919558931280,+918286324319,VOICE,109,404259594637040,350712869210801,Rajasthan_BTS_001,404-45-801-333,Rajasthan
CDR202600088728,2025-10-08,09:15:00,+917062048693,+918481132189,VOICE,363,404953360667318,355389913856704,Gujarat_BTS_007,404-45-928-891,Gujarat
CDR202600088729,2025-04-04,16:20:40,+919912667690,+918022731031,SMS,0,404387806089671,358131368201565,TamilNadu_BTS_003,404-45-170-610,Tamil Nadu
CDR202600088733,2025-02-14,15:47:39,+917113930746,+918197677641,VOICE,285,404025362524634,352738211520224,Karnataka_BTS_007,404-45-322-992,Karnataka
CDR202600088736,2025-06-21,20:06:38,+919784562292,+918966735221,VOICE,72,404208383513020,355791348337095,UttarPradesh_BTS_012,404-45-233-653,Uttar Pradesh
CDR202600088747,2025-01-06,12:19:51,+918615136715,+919666356182,VOICE,72,404111114336354,355864390601319,WestBengal_BTS_002,404-45-355-683,West Bengal
CDR202600088762,2025-04-25,06:47:05,+916199842463,+919619980829,VOICE,224,404756238192259,350080024057789,UttarPradesh_BTS_011,404-45-194-650,Uttar Pradesh
CDR202600088804,2025-12-13,21:24:36,+917546122102,+916234011622,VOICE,293,404058139670577,359193278886332,UttarPradesh_BTS_002,404-45-174-010,Uttar Pradesh
CDR202600088812,2025-07-15,22:33:10,+918495071116,+919038859612,VOICE,39,404349215116533,359023935335194,WestBengal_BTS_006,404-45-373-164,West Bengal
CDR202600088819,2025-09-05,16:40:46,+919652588336,+917116094493,VOICE,29,404001735220803,354476585601629,Rajasthan_BTS_001,404-45-376-948,Rajasthan
CDR202600088825,2025-03-31,02:31:39,+917049506463,+916213343596,VOICE,87,404495737435297,358630790788608,Rajasthan_BTS_012,404-45-798-907,Rajasthan
CDR202600088829,2025-08-19,06:09:37,+919376485855,+918763856894,VOICE,241,404565806038870,350490320845893,Gujarat_BTS_003,404-45-704-433,Gujarat
CDR202600088844,2025-04-13,07:17:12,+918271040399,+917232942298,VOICE,80,404947612010081,354276097914412,TamilNadu_BTS_003,404-45-169-692,Tamil Nadu
CDR202600088845,2025-05-27,11:52:52,+919530476674,+918372549538,VOICE,263,404218645545408,357650585192968,TamilNadu_BTS_003,404-45-170-610,Tamil Nadu
CDR202600088876,2025-10-07,11:54:37,+916405134888,+916199343426,VOICE,185,404928533489829,357856220782707,Mumbai_BTS_007,404-45-584-827,Mumbai
CDR202600088880,2025-01-01,01:10:27,+919256264316,+919361107148,VOICE,8,404504327748677,356164543648007,Mumbai_BTS_003,404-45-334-070,Mumbai
CDR202600088884,2025-08-21,23:11:10,+917780325783,+919666007375,VOICE,134,404164446601476,354093762640831,Rajasthan_BTS_006,404-45-862-575,Rajasthan
CDR202600088890,2025-01-05,23:15:57,+916603415616,+916018950497,VOICE,319,404821369634068,354123911662752,UttarPradesh_BTS_007,404-45-779-107,Uttar Pradesh
CDR202600088905,2025-10-04,13:52:29,+918485572124,+918834796903,VOICE,41,404289039592310,353053343558462,Karnataka_BTS_005,404-45-902-804,Karnataka
CDR202600088914,2025-07-18,18:02:53,+917459240913,+918303762118,SMS,0,404238516403650,352583236938253,Maharashtra_BTS_007,404-45-479-364,Maharashtra
CDR202600088915,2025-03-02,14:58:20,+917960434183,+919370587105,VOICE,66,404349744522304,351762556801761,Mumbai_BTS_010,404-45-296-195,Mumbai
CDR202600088942,2025-09-07,12:49:11,+917896773158,+917903729364,MISSED,0,404078308997938,358412934771356,Delhi_BTS_002,404-45-935-071,Delhi
CDR202600088949,2025-09-11,01:58:13,+918073269811,+917014781110,VOICE,6,404228986043786,356501440284578,UttarPradesh_BTS_012,404-45-145-004,Uttar Pradesh
CDR202600088951,2025-01-16,08:00:24,+919067779599,+917984465285,VOICE,179,404697454302893,358073048202654,WestBengal_BTS_003,404-45-258-948,West Bengal
CDR202600088957,2025-05-16,01:47:35,+919306698575,+918649972048,VOICE,47,404408764215537,353364932792650,Maharashtra_BTS_001,404-45-881-345,Maharashtra
CDR202600088974,2025-12-03,22:31:06,+917014276424,+918056805722,VOICE,34,404196948772471,358979290287811,UttarPradesh_BTS_011,404-45-966-053,Uttar Pradesh
CDR202600088978,2025-08-19,19:55:04,+917862209757,+919043151556,VOICE,130,404236396920779,354927311885025,WestBengal_BTS_003,404-45-266-820,West Bengal
CDR202600088981,2025-03-30,03:17:51,+916020248860,+918270857685,VOICE,157,404928462128422,353837458083761,Karnataka_BTS_006,404-45-848-803,Karnataka
CDR202600088985,2025-05-19,01:35:18,+918954038504,+917182172610,VOICE,131,404221356291183,359618824659252,Rajasthan_BTS_007,404-45-470-225,Rajasthan
CDR202600088988,2025-12-20,00:07:40,+917007043830,+917196407916,VOICE,187,404870447448735,357719555393529,WestBengal_BTS_008,404-45-979-482,West Bengal
CDR202600089028,2025-05-12,23:51:10,+918393915934,+917498253198,SMS,0,404184733262061,353752912777783,Rajasthan_BTS_001,404-45-755-705,Rajasthan
CDR202600089061,2025-12-25,07:44:17,+918428693441,+919214351370,VOICE,87,404346110155635,351278579675324,UttarPradesh_BTS_002,404-45-568-324,Uttar Pradesh
CDR202600089068,2025-01-05,06:42:31,+918639338747,+919908008894,VOICE,141,404442834128049,359991110427423,WestBengal_BTS_009,404-45-571-359,West Bengal
CDR202600089074,2025-03-26,21:58:16,+917776631300,+918542124135,VOICE,92,404198544869698,353663425013585,Maharashtra_BTS_009,404-45-350-168,Maharashtra
CDR202600089090,2025-02-22,14:12:50,+917328581484,+919450186751,VOICE,91,404541726580219,353202721788279,Maharashtra_BTS_008,404-45-818-960,Maharashtra
CDR202600089116,2025-12-31,00:30:29,+919349124692,+918172548486,VOICE,8,404929195916365,357142952978753,Mumbai_BTS_007,404-45-196-100,Mumbai
CDR202600089119,2025-07-24,16:09:55,+918627421629,+919916886662,VOICE,273,404745393076991,357185031853844,Rajasthan_BTS_006,404-45-651-270,Rajasthan
CDR202600089135,2025-11-02,10:14:20,+917793619304,+916413888082,SMS,0,404123470771422,352117981841845,Gujarat_BTS_001,404-45-859-282,Gujarat
CDR202600089136,2025-12-18,23:59:06,+918067286045,+918428693441,VOICE,536,404491123824336,359813691725550,UttarPradesh_BTS_010,404-45-308-704,Uttar Pradesh
CDR202600089145,2025-04-14,21:01:02,+917851587176,+916900513165,VOICE,86,404616305210220,355467671986928,UttarPradesh_BTS_015,404-45-954-379,Uttar Pradesh
CDR202600089162,2025-05-30,18:23:32,+919987542852,+919606727982,VOICE,89,404076935951482,353963348706731,Delhi_BTS_006,404-45-548-922,Delhi
CDR202600089175,2025-05-02,22:31:04,+917545090549,+917195063719,VOICE,38,404242951447405,352093124264407,UttarPradesh_BTS_007,404-45-779-107,Uttar Pradesh
CDR202600089207,2025-02-13,10:20:25,+917086887067,+918649972048,VOICE,68,404015828930874,357356801318657,TamilNadu_BTS_001,404-45-614-942,Tamil Nadu
CDR202600089229,2025-12-16,08:06:02,+918061588925,+916703033328,VOICE,105,404118234541364,351517536665007,Gujarat_BTS_008,404-45-448-285,Gujarat
CDR202600089240,2025-10-11,02:20:17,+918131811240,+919364363345,VOICE,119,404945785388873,359335634576678,Karnataka_BTS_005,404-45-102-400,Karnataka
CDR202600089243,2025-01-22,12:43:44,+919319450517,+917371519719,VOICE,257,404276774507539,358523772914424,UttarPradesh_BTS_015,404-45-954-379,Uttar Pradesh
CDR202600089249,2025-02-19,13:57:07,+917187868573,+917853209083,VOICE,177,404627015887651,359742573947384,Mumbai_BTS_002,404-45-702-226,Mumbai
CDR202600089290,2025-08-16,23:51:28,+916728741794,+919491096366,VOICE,173,404745398400976,352089972086517,Gujarat_BTS_008,404-45-814-433,Gujarat
CDR202600089300,2025-03-27,04:42:18,+918371028490,+917195063719,VOICE,267,404392256430971,357209297158580,UttarPradesh_BTS_013,404-45-822-438,Uttar Pradesh
CDR202600089302,2025-09-09,21:59:21,+919627533531,+916352073232,VOICE,178,404811167447859,353608149947869,UttarPradesh_BTS_002,404-45-869-959,Uttar Pradesh
CDR202600089331,2025-12-16,01:34:46,+919997519753,+917591220318,VOICE,67,404657347375993,352695658726012,Rajasthan_BTS_003,404-45-924-324,Rajasthan
CDR202600089342,2025-01-15,14:17:45,+918966735221,+916563778170,VOICE,19,404619157727644,350674698892713,Rajasthan_BTS_015,404-45-612-781,Rajasthan
CDR202600089343,2025-02-20,11:59:37,+919956147272,+918814251333,VOICE,117,404750729531744,351991337979179,WestBengal_BTS_002,404-45-355-683,West Bengal
CDR202600089371,2025-12-10,14:28:29,+917738290593,+917187868573,VOICE,10,404230632140623,351607000124724,Maharashtra_BTS_003,404-45-949-644,Maharashtra
CDR202600089375,2025-03-01,06:22:10,+916341686359,+919909886312,VOICE,263,404623667724578,354449803024132,UttarPradesh_BTS_002,404-45-869-959,Uttar Pradesh
CDR202600089385,2025-05-17,07:56:45,+917675071712,+916882713712,VOICE,48,404928666205041,351541813082646,Mumbai_BTS_008,404-45-520-479,Mumbai
CDR202600089390,2025-09-03,03:00:07,+919551350790,+916756772254,VOICE,130,404112355730826,356970877597372,UttarPradesh_BTS_005,404-45-478-292,Uttar Pradesh
CDR202600089404,2025-11-22,13:57:56,+916460444734,+917218983467,VOICE,15,404166785738023,355542133229391,WestBengal_BTS_006,404-45-906-719,West Bengal
CDR202600089418,2025-04-06,12:46:06,+919972880601,+919236813245,VOICE,71,404209485506141,359865851211506,Mumbai_BTS_011,404-45-243-433,Mumbai
CDR202600089420,2025-10-18,12:25:37,+918073269811,+919321004160,VOICE,226,404228986043786,356016062808826,UttarPradesh_BTS_011,404-45-966-053,Uttar Pradesh
CDR202600089425,2025-09-30,00:07:07,+919726146663,+917341662772,VOICE,19,404472993768494,351027354312120,Delhi_BTS_005,404-45-508-688,Delhi
CDR202600089428,2025-05-31,20:10:55,+918622368495,+916858960592,VOICE,225,404013981121081,358744265308608,Mumbai_BTS_008,404-45-462-434,Mumbai
CDR202600089429,2025-02-01,03:10:05,+918214032577,+917008518494,VOICE,102,404232057979542,352300725288671,UttarPradesh_BTS_007,404-45-370-119,Uttar Pradesh
CDR202600089431,2025-07-20,18:15:23,+919774343936,+918202016528,VOICE,5,404951666746468,354407829397723,Maharashtra_BTS_009,404-45-646-747,Maharashtra
CDR202600089463,2025-10-11,05:21:30,+918198091538,+919477846389,VOICE,388,404469535056839,355337231876838,Maharashtra_BTS_003,404-45-665-301,Maharashtra
CDR202600089464,2025-08-24,21:26:32,+916268821410,+919628735489,VOICE,365,404737652846641,358278249628790,UttarPradesh_BTS_006,404-45-769-542,Uttar Pradesh
CDR202600089465,2025-08-04,00:42:40,+919287679663,+917201965416,VOICE,113,404507034969555,352268771694615,Maharashtra_BTS_005,404-45-181-876,Maharashtra
CDR202600089469,2025-11-27,19:51:13,+917259833994,+917744361998,VOICE,27,404306363934535,353753978039457,Gujarat_BTS_007,404-45-106-778,Gujarat
CDR202600089477,2025-05-19,13:45:31,+917800552999,+919976782155,SMS,0,404222136747667,355059937183508,Maharashtra_BTS_004,404-45-146-678,Maharashtra
CDR202600089532,2025-03-04,15:59:46,+917035056104,+916392963980,VOICE,361,404977554416983,359521720985198,Maharashtra_BTS_007,404-45-750-855,Maharashtra
CDR202600089564,2025-01-14,15:16:32,+918696518496,+919912968741,SMS,0,404446955706436,351926192706658,UttarPradesh_BTS_004,404-45-457-903,Uttar Pradesh
CDR202600089573,2025-06-03,00:01:54,+918994803417,+919946571724,VOICE,6,404649368015064,351560175893296,WestBengal_BTS_001,404-45-415-374,West Bengal
CDR202600089618,2025-05-11,09:42:22,+919819887535,+919040446185,VOICE,166,404961080891895,358969718748233,Karnataka_BTS_006,404-45-813-981,Karnataka
CDR202600089626,2025-09-15,17:56:27,+918014928416,+919521875296,VOICE,27,404667037018704,352071095746546,Delhi_BTS_005,404-45-830-320,Delhi
CDR202600089632,2025-09-21,12:03:01,+919326148942,+917928757125,SMS,0,404765889419263,354498345201822,Gujarat_BTS_002,404-45-328-143,Gujarat
CDR202600089636,2025-02-21,07:52:19,+918991184310,+918431994101,MISSED,0,404806277564089,357517691970651,Rajasthan_BTS_004,404-45-680-898,Rajasthan
CDR202600089641,2025-12-19,07:55:49,+917880755294,+918249003215,SMS,0,404391065804089,352332040789068,WestBengal_BTS_003,404-45-342-886,West Bengal
CDR202600089646,2025-11-06,14:48:36,+917695856850,+919181703697,VOICE,41,404324332920516,352716274997284,UttarPradesh_BTS_010,404-45-370-518,Uttar Pradesh
CDR202600089666,2025-08-27,22:29:03,+918311695933,+919044219545,VOICE,176,404380594081089,353211948387231,Delhi_BTS_001,404-45-999-581,Delhi
CDR202600089669,2025-04-15,01:45:31,+918059254461,+918002685978,SMS,0,404888119550635,356538571947020,Rajasthan_BTS_016,404-45-619-624,Rajasthan
CDR202600089677,2025-06-01,14:54:55,+919689413640,+919180826164,VOICE,21,404892888125501,353533742807516,Rajasthan_BTS_007,404-45-470-225,Rajasthan
CDR202600089714,2025-03-22,10:38:22,+916605441163,+917685568330,VOICE,514,404207652835216,355094604612376,Mumbai_BTS_006,404-45-785-498,Mumbai
CDR202600089715,2025-02-08,00:43:12,+919949914422,+918130444799,VOICE,45,404048514819474,358159420192912,Mumbai_BTS_012,404-45-553-828,Mumbai
CDR202600089730,2025-11-03,14:04:21,+918412495473,+918147651676,VOICE,45,404570224117940,351158672215689,Rajasthan_BTS_012,404-45-798-907,Rajasthan
CDR202600089732,2025-03-20,11:01:28,+918144219156,+918485572124,VOICE,176,404398756416850,354281830462418,Maharashtra_BTS_007,404-45-473-167,Maharashtra
CDR202600089739,2025-10-01,20:28:24,+919959778125,+919646508786,VOICE,228,404968760199393,359631764358164,Mumbai_BTS_007,404-45-196-100,Mumbai
CDR202600089746,2025-04-25,13:41:37,+917705202761,+917645135220,VOICE,52,404776069852307,359631346998878,Rajasthan_BTS_016,404-45-961-655,Rajasthan
CDR202600089763,2025-08-17,03:44:06,+916927161775,+919997519753,VOICE,4,404564489663480,358346037978075,UttarPradesh_BTS_012,404-45-145-004,Uttar Pradesh
CDR202600089772,2025-09-21,11:55:55,+919985306500,+917203476017,VOICE,428,404896104187648,359026709068948,Rajasthan_BTS_014,404-45-564-004,Rajasthan
CDR202600089789,2025-05-19,17:19:05,+917294195696,+918223902580,VOICE,61,404074253359642,358445378365032,WestBengal_BTS_004,404-45-522-026,West Bengal
CDR202600089790,2025-05-22,08:39:48,+919937411321,+917026149618,VOICE,20,404360734657095,353565142968668,Mumbai_BTS_010,404-45-919-883,Mumbai
CDR202600089803,2025-07-17,19:46:17,+919002292890,+918130444799,VOICE,41,404484301003603,359129418634874,Gujarat_BTS_004,404-45-130-096,Gujarat
CDR202600089816,2025-12-05,17:13:45,+919475223660,+919608539310,VOICE,402,404452618919790,352825198807890,Karnataka_BTS_008,404-45-693-754,Karnataka
CDR202600089818,2025-01-04,07:27:17,+916027110236,+919400214959,VOICE,267,404446265852884,357521007555887,Maharashtra_BTS_003,404-45-665-301,Maharashtra
CDR202600089821,2025-03-02,19:38:33,+919345231893,+916695198938,VOICE,23,404841123582734,357477266962404,Mumbai_BTS_007,404-45-348-804,Mumbai
CDR202600089837,2025-07-30,18:49:05,+917293352701,+916249408728,MISSED,0,404028242642807,354772950492264,Rajasthan_BTS_013,404-45-887-657,Rajasthan
CDR202600089842,2025-02-16,08:43:27,+916213343596,+916078436731,VOICE,98,404281537805585,359075711559117,TamilNadu_BTS_006,404-45-367-210,Tamil Nadu
CDR202600089849,2025-04-15,15:42:02,+916095157409,+917816608065,SMS,0,404007975713665,359795511387166,Rajasthan_BTS_005,404-45-505-906,Rajasthan
CDR202600089864,2025-05-24,10:50:32,+919624915154,+918434569311,VOICE,389,404171441749762,353871475821544,TamilNadu_BTS_001,404-45-158-052,Tamil Nadu
CDR202600089869,2025-02-01,23:00:08,+917581547269,+918141591982,VOICE,17,404494858458989,355469038469204,UttarPradesh_BTS_013,404-45-552-565,Uttar Pradesh
CDR202600089917,2025-03-10,16:40:53,+918381531235,+918090336838,VOICE,287,404212108414946,351175182283670,UttarPradesh_BTS_010,404-45-308-704,Uttar Pradesh
CDR202600089925,2025-06-07,13:58:27,+917445857461,+918131817017,VOICE,257,404229144454718,352824586453390,Rajasthan_BTS_016,404-45-619-624,Rajasthan
CDR202600089937,2025-07-10,19:32:02,+919544969039,+918186879810,SMS,0,404871974710158,350091418767415,Rajasthan_BTS_005,404-45-771-512,Rajasthan
CDR202600089938,2025-07-12,12:11:42,+916320978567,+919779974458,VOICE,86,404677225297095,354444271585769,Rajasthan_BTS_009,404-45-742-164,Rajasthan
CDR202600089947,2025-02-11,00:04:27,+916341686359,+917023655467,VOICE,21,404623667724578,354449803024132,UttarPradesh_BTS_012,404-45-233-653,Uttar Pradesh
CDR202600089957,2025-12-23,05:48:23,+917495396379,+919956957986,VOICE,7,404457591249848,353951339239049,Delhi_BTS_002,404-45-878-546,Delhi
CDR202600089973,2025-11-24,02:13:06,+916034872249,+916498031898,MISSED,0,404120744194392,352303184120280,Gujarat_BTS_007,404-45-106-778,Gujarat
CDR202600089987,2025-05-25,19:29:45,+916766871594,+917581547269,VOICE,10,404603205784330,356033496460622,WestBengal_BTS_004,404-45-283-755,West Bengal
CDR202600089988,2025-03-21,13:16:54,+919285621806,+918680388877,VOICE,162,404778581566861,352768920226468,Karnataka_BTS_004,404-45-160-169,Karnataka
CDR202600089996,2025-12-01,06:10:02,+918021949330,+917599862745,VOICE,136,404349535157831,354110093870706,Rajasthan_BTS_009,404-45-911-697,Rajasthan
CDR202600090005,2025-06-24,02:48:18,+916176261632,+919769872218,VOICE,191,404878902477317,358590296675966,TamilNadu_BTS_006,404-45-423-958,Tamil Nadu
CDR202600090009,2025-11-11,22:55:03,+917700778736,+916720582936,VOICE,320,404391890331782,355659397989110,Maharashtra_BTS_002,404-45-199-368,Maharashtra
CDR202600090015,2025-12-03,15:22:36,+917984467377,+917140885247,VOICE,236,404156389676274,355997995421117,Mumbai_BTS_006,404-45-319-553,Mumbai
CDR202600090025,2025-08-20,16:21:10,+917523278946,+917559448875,VOICE,290,404227146871039,351933245297914,Rajasthan_BTS_016,404-45-619-624,Rajasthan
CDR202600090028,2025-06-20,01:08:48,+918836129433,+919063742023,VOICE,76,404110002867955,351405108070394,UttarPradesh_BTS_010,404-45-370-518,Uttar Pradesh
CDR202600090033,2025-02-19,02:14:43,+917144426283,+917933350510,SMS,0,404563164275793,359608312160489,UttarPradesh_BTS_005,404-45-478-292,Uttar Pradesh
CDR202600090083,2025-08-11,02:18:11,+919611058482,+917921011784,VOICE,431,404397536453971,356864902196456,Karnataka_BTS_002,404-45-195-949,Karnataka
CDR202600090094,2025-05-29,02:44:53,+917433422977,+919808207015,VOICE,61,404824972666194,350643031565003,UttarPradesh_BTS_015,404-45-954-379,Uttar Pradesh
CDR202600090118,2025-05-30,10:52:09,+917254669580,+917835301377,VOICE,130,404149895694775,350347430915997,UttarPradesh_BTS_002,404-45-568-324,Uttar Pradesh
CDR202600090137,2025-04-28,09:41:28,+918090487024,+916595991990,MISSED,0,404423168095667,359248069309959,Rajasthan_BTS_007,404-45-697-409,Rajasthan
CDR202600090156,2025-06-17,13:01:39,+916764150642,+917371519719,VOICE,179,404547880560058,355987856346200,TamilNadu_BTS_003,404-45-169-692,Tamil Nadu
CDR202600090210,2025-03-29,09:31:34,+919413021386,+918594326606,VOICE,411,404772133050301,357730421798981,WestBengal_BTS_003,404-45-735-768,West Bengal
CDR202600090216,2025-05-07,14:58:17,+916304446754,+919965388656,VOICE,118,404692512715125,358440478852857,WestBengal_BTS_001,404-45-230-043,West Bengal
CDR202600090220,2025-04-26,01:31:50,+918536141903,+916885643856,VOICE,47,404869852784776,354411372615947,Mumbai_BTS_008,404-45-462-434,Mumbai
CDR202600090224,2025-02-18,05:26:12,+919987672814,+919871681664,VOICE,32,404337914103881,358766259201169,Rajasthan_BTS_014,404-45-839-897,Rajasthan
CDR202600090226,2025-10-18,06:31:54,+919876129591,+917148632171,VOICE,72,404252297724715,357060001235288,Gujarat_BTS_008,404-45-814-433,Gujarat
CDR202600090230,2025-01-17,01:34:55,+918250075519,+916458473620,VOICE,47,404574503330800,357456086029818,Mumbai_BTS_007,404-45-196-100,Mumbai
CDR202600090234,2025-10-19,10:30:48,+918310460462,+917908727288,VOICE,57,404376649331652,354775998622848,Rajasthan_BTS_010,404-45-641-258,Rajasthan
CDR202600090245,2025-01-03,12:13:39,+919658972389,+917310983111,VOICE,95,404815221844937,358153570335985,UttarPradesh_BTS_014,404-45-214-078,Uttar Pradesh
CDR202600090255,2025-02-13,18:57:03,+917905377686,+919447081970,VOICE,5,404857340971371,351734940423920,Delhi_BTS_004,404-45-847-707,Delhi
CDR202600090276,2025-11-20,08:56:43,+918335471524,+919414487225,VOICE,68,404943595860397,350947287373773,Rajasthan_BTS_007,404-45-470-225,Rajasthan
CDR202600090299,2025-07-28,12:26:42,+917682974183,+919300467117,VOICE,169,404841542391224,358308666399771,WestBengal_BTS_001,404-45-981-041,West Bengal
CDR202600090301,2025-12-09,19:40:10,+917060686756,+919298342479,SMS,0,404715813007823,352957727751349,UttarPradesh_BTS_009,404-45-719-216,Uttar Pradesh
CDR202600090322,2025-11-29,03:58:40,+916208722564,+916546258705,VOICE,34,404928364320131,353800289889756,UttarPradesh_BTS_013,404-45-265-760,Uttar Pradesh
CDR202600090347,2025-03-22,17:55:28,+919997265532,+916226722085,VOICE,45,404911794362389,357978580905722,UttarPradesh_BTS_011,404-45-966-053,Uttar Pradesh
CDR202600090364,2025-03-10,01:03:24,+916195507250,+919120997377,VOICE,27,404727745612783,354591002894477,Karnataka_BTS_006,404-45-813-981,Karnataka
CDR202600090374,2025-10-15,17:37:17,+919740447129,+917001831575,VOICE,192,404405453030137,357204880932781,Rajasthan_BTS_009,404-45-742-164,Rajasthan
CDR202600090402,2025-05-06,10:51:15,+919755692262,+916858578040,VOICE,40,404936090337433,352522701914938,Maharashtra_BTS_007,404-45-479-364,Maharashtra
CDR202600090404,2025-06-27,01:57:14,+919005820762,+919545242691,VOICE,75,404620293038633,352760765102000,Mumbai_BTS_010,404-45-919-883,Mumbai
CDR202600090407,2025-08-29,13:25:08,+917159991936,+919477846389,VOICE,24,404889465292968,353256239992989,Rajasthan_BTS_016,404-45-619-624,Rajasthan
CDR202600090408,2025-01-04,16:53:01,+919471759612,+917994924479,SMS,0,404495949429809,358223584864886,Karnataka_BTS_001,404-45-767-554,Karnataka
CDR202600090424,2025-07-30,03:34:20,+919113796021,+917116094493,VOICE,25,404459656752544,355405373732222,Delhi_BTS_003,404-45-662-170,Delhi
CDR202600090446,2025-06-23,09:54:14,+918256152897,+918335471524,VOICE,123,404122722216623,352845274228987,TamilNadu_BTS_006,404-45-678-536,Tamil Nadu
CDR202600090468,2025-09-23,02:48:32,+919541078632,+918032536524,VOICE,67,404187617504206,356941933406067,UttarPradesh_BTS_006,404-45-769-542,Uttar Pradesh
CDR202600090480,2025-07-06,22:53:53,+918223902580,+919358330743,VOICE,48,404432903766024,352106779268990,UttarPradesh_BTS_001,404-45-371-406,Uttar Pradesh
CDR202600090491,2025-11-01,02:25:08,+918626966057,+917589145022,VOICE,398,404958872942606,358999019824608,Maharashtra_BTS_004,404-45-146-678,Maharashtra
CDR202600090511,2025-11-06,01:16:03,+918942896065,+919766317815,VOICE,166,404156358471538,355894969127860,Gujarat_BTS_004,404-45-130-096,Gujarat
CDR202600090513,2025-12-08,06:24:06,+917008518494,+919055082680,VOICE,1,404850514466796,356068050777483,Delhi_BTS_001,404-45-180-088,Delhi
CDR202600090530,2025-11-27,04:43:01,+917821014438,+916560845805,SMS,0,404921334089123,358187832709102,UttarPradesh_BTS_005,404-45-478-292,Uttar Pradesh
CDR202600090535,2025-06-19,20:17:07,+917994574635,+917622168029,VOICE,15,404767400682693,351078955851308,Karnataka_BTS_003,404-45-597-493,Karnataka
CDR202600090551,2025-01-19,19:36:53,+916754654913,+917875995806,VOICE,190,404242924507871,359034901587459,Rajasthan_BTS_005,404-45-771-512,Rajasthan
CDR202600090554,2025-01-13,12:29:30,+919538284410,+919883778616,VOICE,17,404674121644322,353894190539902,WestBengal_BTS_006,404-45-906-719,West Bengal
CDR202600090557,2025-07-17,18:58:11,+916709382155,+916405988974,VOICE,17,404065605012585,357215148064690,WestBengal_BTS_003,404-45-735-768,West Bengal
CDR202600090575,2025-01-03,07:23:13,+916306053410,+918622993834,SMS,0,404518670939366,350739963840208,WestBengal_BTS_009,404-45-304-837,West Bengal
CDR202600090593,2025-05-08,20:48:17,+919507148093,+917635392334,VOICE,47,404124637493816,355404624578269,Delhi_BTS_004,404-45-652-774,Delhi
CDR202600090600,2025-05-27,17:07:27,+916147612315,+919755692262,VOICE,152,404273746480237,357428589407351,Maharashtra_BTS_004,404-45-691-197,Maharashtra
CDR202600090627,2025-05-18,07:16:01,+917004944754,+919689954668,VOICE,458,404762745680299,358214593542233,UttarPradesh_BTS_004,404-45-457-903,Uttar Pradesh
CDR202600090631,2025-10-31,13:44:11,+916326243819,+919287679663,MISSED,0,404101232690789,354980417445130,WestBengal_BTS_001,404-45-981-041,West Bengal
CDR202600090634,2025-09-23,03:36:16,+917573260227,+917926205514,VOICE,46,404367771189160,353696456075511,Delhi_BTS_001,404-45-999-581,Delhi
CDR202600090662,2025-12-22,20:46:53,+918179229014,+918333167512,VOICE,94,404426577272797,353309923582225,Maharashtra_BTS_005,404-45-181-876,Maharashtra
CDR202600090667,2025-11-09,11:13:20,+919770322153,+918295185086,VOICE,158,404703519174170,359905121809168,Rajasthan_BTS_015,404-45-208-892,Rajasthan
CDR202600090679,2025-05-02,10:13:39,+919866647096,+916958719481,VOICE,165,404414351089941,352840301991193,Karnataka_BTS_001,404-45-767-554,Karnataka
CDR202600090680,2025-01-15,10:24:12,+917420023150,+919539055439,VOICE,153,404270171666095,351540301145357,Maharashtra_BTS_005,404-45-891-297,Maharashtra
CDR202600090683,2025-08-08,03:41:21,+916769659872,+916033933059,VOICE,23,404477243766572,357392726908890,Rajasthan_BTS_007,404-45-470-225,Rajasthan
CDR202600090700,2025-02-23,03:30:51,+917507071742,+919905948889,VOICE,167,404425505400629,353294876526425,UttarPradesh_BTS_007,404-45-999-138,Uttar Pradesh
CDR202600090728,2025-02-19,00:54:51,+919207144602,+919531565815,VOICE,10,404304464117178,353328260322157,Maharashtra_BTS_009,404-45-350-168,Maharashtra
CDR202600090729,2025-01-22,23:54:36,+918386857947,+916796251165,VOICE,68,404078416980158,354034089734219,Gujarat_BTS_001,404-45-859-282,Gujarat
CDR202600090746,2025-12-19,09:10:15,+916075420676,+917881301993,SMS,0,404778484530636,356098562078761,Rajasthan_BTS_004,404-45-374-068,Rajasthan
CDR202600090768,2025-08-17,13:41:57,+916441047693,+919643161238,VOICE,529,404403124328809,356044295639635,Karnataka_BTS_005,404-45-371-949,Karnataka
CDR202600090778,2025-02-16,02:09:09,+919496142308,+918132420926,VOICE,285,404383173465345,354282987873750,Mumbai_BTS_007,404-45-348-804,Mumbai
CDR202600090783,2025-10-17,09:11:11,+919670105203,+919941706300,VOICE,63,404457865836487,352714298086549,UttarPradesh_BTS_006,404-45-769-542,Uttar Pradesh
CDR202600090804,2025-06-17,22:25:58,+918290394196,+917781855378,VOICE,230,404181055812685,357411191220762,UttarPradesh_BTS_011,404-45-533-850,Uttar Pradesh
CDR202600090810,2025-04-10,07:26:29,+917795530276,+917299792262,VOICE,12,404388681313721,351611048138259,TamilNadu_BTS_005,404-45-734-084,Tamil Nadu
CDR202600090816,2025-04-22,05:19:49,+916426267031,+918514631865,VOICE,42,404475978442295,354217692142284,TamilNadu_BTS_006,404-45-678-536,Tamil Nadu
CDR202600090818,2025-02-08,13:54:58,+916308738289,+918499271966,SMS,0,404709937393612,351921504599232,Rajasthan_BTS_007,404-45-241-522,Rajasthan
CDR202600090840,2025-11-30,10:54:12,+918645734403,+916341686359,VOICE,65,404439580353423,356466044411906,Mumbai_BTS_007,404-45-516-195,Mumbai
CDR202600090843,2025-09-11,10:45:55,+918133214775,+919774343936,VOICE,112,404331026825484,352677130840143,Rajasthan_BTS_004,404-45-680-898,Rajasthan
CDR202600090845,2025-06-29,09:01:54,+917068785648,+918478798838,VOICE,33,404167511769100,353885554860605,Gujarat_BTS_007,404-45-106-778,Gujarat
CDR202600090868,2025-02-26,08:46:12,+918966735221,+919436032204,VOICE,27,404619157727644,358327383949328,Delhi_BTS_001,404-45-999-581,Delhi
CDR202600090880,2025-11-21,09:46:03,+919168612085,+918495824226,VOICE,244,404975810072801,351883517587492,Rajasthan_BTS_004,404-45-680-898,Rajasthan
CDR202600090884,2025-05-09,03:06:01,+919103002013,+916251776440,VOICE,43,404916408835853,356532300782724,Rajasthan_BTS_016,404-45-961-655,Rajasthan
CDR202600090901,2025-02-23,19:01:09,+917862795714,+916187949263,VOICE,326,404560757312807,357768701760648,Karnataka_BTS_003,404-45-270-417,Karnataka
CDR202600090959,2025-03-30,17:43:45,+919477846389,+919732018031,VOICE,48,404007120161986,353204258493266,Delhi_BTS_003,404-45-662-170,Delhi
CDR202600090960,2025-04-15,12:33:44,+916081604914,+917264377365,SMS,0,404440346520306,356930415824961,Mumbai_BTS_006,404-45-785-498,Mumbai
CDR202600091035,2025-03-13,23:17:55,+919739818765,+918641015504,VOICE,238,404804777214316,350924002738286,Rajasthan_BTS_007,404-45-697-409,Rajasthan
CDR202600091045,2025-01-14,13:52:17,+916271277272,+918580479082,VOICE,332,404851656577582,353962365322017,UttarPradesh_BTS_015,404-45-954-379,Uttar Pradesh
CDR202600091047,2025-01-19,13:25:31,+918966735221,+919194657517,VOICE,95,404619157727644,350674698892713,WestBengal_BTS_006,404-45-373-164,West Bengal
CDR202600091090,2025-06-12,05:26:46,+919729858651,+917312502106,VOICE,30,404913786369582,356446821596700,Rajasthan_BTS_010,404-45-494-391,Rajasthan
CDR202600091107,2025-04-13,11:53:33,+916776130447,+917806464417,VOICE,16,404463021452525,359399996648991,Maharashtra_BTS_004,404-45-146-678,Maharashtra
CDR202600091133,2025-05-06,00:58:00,+919726146663,+916350110397,VOICE,8,404472993768494,351027354312120,Delhi_BTS_004,404-45-652-774,Delhi
CDR202600091143,2025-01-26,22:53:11,+919342949623,+918132420926,VOICE,78,404474560315039,351911656079516,WestBengal_BTS_002,404-45-205-363,West Bengal
CDR202600091147,2025-01-13,15:27:16,+918373800463,+917254669580,VOICE,169,404632408610928,357275687014568,Karnataka_BTS_008,404-45-693-754,Karnataka
